•FILE (60570)

		•FORM (60562)
		
				•VMDL (0)
				
				•VERS (4)
				 1, 0, 0, 0
				
				•PREF (514)
				
						•FORM (506)
						
								•VPRF (0)
								
								•VERS (4)
								 1, 0, 0, 0
								
								•PRND (16)
								 0, 0, 0, 3, 0, 0, 0, 4, 0, 0, 0, 7, 0, 0, 1, 0
								
								•PNAV (16)
								 0, 0, 0, 3, 0, 0, 0, 6, 0, 133, 0, 100, 0, 35, 0, 36
								
								•PDEF (82)
								 0, 16, 0, 5, 0, 0, 0, 0, 0, 0, 0, 0, 0, 66, 0, 0, 0, 0, 0, 0, 0, 0, 0, 0, 0, 0, 0, 0, 0, 0, 0, 0, 0, 0, 0, 0, 0, 0, 0, 0, 0, 96, 0, 0, 0, 96, 0, 0, 0, 96, 0, 0, 0, 255, 255, 255, 7, 85, 110, 110, 97, 109, 101, 100, 0, 0, 7, 85, 110, 110, 97, 109, 101, 100, 0, 0, 0, 1, 0, 255, 255, 255
								
								•PEDT (32)
								 0, 0, 0, 35, 0, 0, 0, 2, 0, 255, 255, 255, 0, 84, 198, 255, 0, 0, 0, 0, 0, 192, 192, 192, 0, 110, 84, 255, 0, 181, 0, 255
								
								•PUNT (44)
								 0, 1, 0, 1, 63, 154, 2, 117, 37, 70, 10, 166, 63, 240, 0, 0, 0, 0, 0, 0, 63, 240, 0, 0, 0, 0, 0, 0, 11, 67, 117, 115, 116, 111, 109, 32, 78, 97, 109, 101, 2, 99, 117, 0
								
								•TRNS (52)
								 0, 15, 0, 0, 0, 0, 0, 0, 0, 0, 0, 1, 0, 0, 0, 1, 0, 1, 0, 2, 0, 2, 0, 2, 0, 1, 0, 10, 0, 5, 0, 0, 0, 0, 2, 128, 1, 224, 0, 32, 1, 1, 0, 0, 0, 1, 0, 2, 0, 0, 0, 10
								
								•PMOD (118)
								 0, 0, 0, 0, 0, 0, 0, 0, 0, 0, 0, 0, 0, 0, 0, 0, 0, 0, 0, 0, 0, 0, 0, 0, 0, 77, 216, 255, 0, 4, 0, 1, 0, 0, 0, 0, 0, 0, 0, 0, 0, 0, 0, 0, 0, 96, 96, 96, 0, 1, 0, 0, 0, 2, 255, 255, 222, 0, 255, 255, 199, 0, 0, 0, 247, 0, 0, 128, 128, 128, 0, 1, 0, 0, 0, 2, 0, 0, 209, 0, 0, 0, 105, 0, 0, 0, 104, 0, 0, 112, 112, 112, 0, 1, 0, 0, 0, 2, 255, 255, 251, 0, 255, 255, 30, 0, 255, 255, 137, 0, 0, 128, 128, 128, 0, 1, 0, 0
								
								•PWIN (66)
								 0, 3, 1, 20, 0, 122, 5, 136, 3, 64, 0, 0, 0, 0, 0, 1, 0, 0, 0, 12, 1, 20, 0, 122, 5, 136, 3, 44, 0, 0, 0, 0, 0, 0, 128, 0, 0, 1, 1, 20, 3, 44, 5, 136, 3, 144, 0, 0, 0, 0, 0, 1, 0, 0, 0, 7, 0, 1, 0, 0, 0, 0, 7, 128, 3, 217
								
				•CPRF (52)
				 0, 2, 0, 0, 0, 0, 0, 0, 0, 0, 0, 0, 0, 0, 0, 96, 0, 0, 0, 96, 0, 0, 0, 96, 0, 0, 0, 255, 255, 255, 0, 0, 0, 0, 0, 84, 198, 255, 0, 16, 0, 5, 0, 7, 0, 3, 0, 1, 0, 255, 255, 255
				
				•VPRF (32)
				 0, 1, 0, 0, 0, 0, 0, 0, 0, 0, 0, 66, 0, 0, 0, 0, 0, 0, 0, 0, 0, 0, 0, 0, 0, 0, 0, 35, 0, 36, 0, 0
				
				•LAYR (16)
				 0, 1, 7, 85, 110, 110, 97, 109, 101, 100, 0, 0, 0, 0, 0, 14
				
				•ROOT (59884)
				
						•UNIT (8)
						 63, 154, 2, 117, 37, 70, 10, 166
						
						•LGHT (90)
						 0, 4, 0, 1, 0, 0, 0, 0, 0, 0, 0, 0, 0, 0, 0, 0, 0, 96, 96, 96, 0, 1, 0, 0, 0, 2, 255, 255, 222, 0, 255, 255, 199, 0, 0, 0, 247, 0, 0, 128, 128, 128, 0, 1, 0, 0, 0, 2, 0, 0, 209, 0, 0, 0, 105, 0, 0, 0, 104, 0, 0, 112, 112, 112, 0, 1, 0, 0, 0, 2, 255, 255, 251, 0, 255, 255, 30, 0, 255, 255, 137, 0, 0, 128, 128, 128, 0, 1, 0, 0
						
						•COLR (8)
						 0, 77, 216, 255, 255, 77, 216, 255
						
						•ELGT (10)
						 0, 4, 0, 1, 0, 1, 0, 1, 0, 1
						
						•PGRP (6538)
						
								•LOCK (2)
								 0, 0
								
								•LNUM (2)
								 0, 0
								
								•POSN (48)
								 254, 235, 0, 0, 0, 207, 0, 0, 0, 169, 0, 0, 0, 0, 0, 0, 0, 0, 0, 0, 0, 0, 0, 0, 0, 0, 0, 0, 0, 0, 0, 0, 0, 0, 0, 0, 0, 1, 0, 0, 0, 1, 0, 0, 0, 1, 0, 0
								
								•PRSM (196)
								
										•LOCK (2)
										 0, 0
										
										•LNUM (2)
										 0, 0
										
										•COLR (8)
										 0, 177, 177, 177, 255, 177, 177, 177
										
										•POLY (96)
										 0, 1, 3, 1, 0, 1, 0, 12, 0, 0, 255, 244, 0, 0, 0, 0, 0, 0, 0, 0, 0, 0, 0, 0, 0, 0, 0, 0, 0, 0, 0, 8, 0, 192, 0, 0, 0, 168, 0, 0, 0, 192, 0, 0, 255, 226, 0, 0, 0, 132, 0, 0, 255, 154, 0, 0, 0, 48, 0, 0, 255, 106, 0, 0, 255, 208, 0, 0, 255, 106, 0, 0, 255, 124, 0, 0, 255, 154, 0, 0, 255, 64, 0, 0, 255, 226, 0, 0, 255, 64, 0, 0, 0, 168, 0, 0
										
										•POSN (48)
										 254, 236, 0, 0, 0, 198, 0, 0, 0, 12, 0, 0, 0, 0, 0, 0, 0, 0, 0, 0, 0, 0, 0, 0, 0, 0, 0, 0, 0, 0, 0, 0, 0, 0, 0, 0, 0, 1, 0, 0, 0, 1, 0, 0, 0, 1, 0, 0
										
								•PRSM (3626)
								
										•LOCK (2)
										 0, 0
										
										•LNUM (2)
										 0, 0
										
										•COLR (8)
										 0, 0, 227, 0, 255, 0, 227, 0
										
										•POLY (96)
										 0, 1, 3, 1, 0, 1, 0, 108, 0, 0, 255, 244, 0, 0, 0, 0, 0, 0, 0, 0, 0, 0, 0, 0, 0, 0, 0, 0, 0, 0, 0, 8, 0, 192, 0, 0, 0, 219, 61, 230, 0, 192, 0, 0, 255, 226, 0, 0, 0, 132, 0, 0, 255, 154, 0, 0, 0, 48, 0, 0, 255, 106, 0, 0, 255, 208, 0, 0, 255, 106, 0, 0, 255, 124, 0, 0, 255, 154, 0, 0, 255, 64, 0, 0, 255, 226, 0, 0, 255, 64, 0, 0, 0, 219, 61, 230
										
										•SURF (198)
										 0, 1
										
												•FEAT (90)
												 0, 1
												
														•COLR (4)
														 255, 255, 255, 255
														
														•POLY (36)
														 0, 2, 0, 4, 255, 208, 4, 125, 255, 211, 0, 180, 255, 208, 4, 125, 0, 44, 255, 76, 0, 37, 85, 1, 0, 44, 255, 76, 0, 37, 85, 1, 255, 211, 0, 180
														
														•POSN (24)
														 1, 26, 168, 47, 0, 44, 255, 76, 0, 0, 0, 0, 0, 0, 0, 0, 0, 1, 0, 0, 0, 1, 0, 0
														
												•FEAT (90)
												 0, 1
												
														•COLR (4)
														 0, 255, 255, 255
														
														•POLY (36)
														 0, 2, 0, 4, 0, 31, 255, 184, 0, 41, 255, 88, 0, 31, 255, 184, 255, 214, 0, 168, 255, 224, 0, 72, 255, 214, 0, 168, 255, 224, 0, 72, 0, 41, 255, 88
														
														•POSN (24)
														 1, 21, 82, 230, 0, 41, 255, 88, 0, 0, 0, 0, 0, 0, 0, 0, 0, 1, 0, 0, 0, 1, 0, 0
														
										•SURF (590)
										 0, 3
										
												•FEAT (90)
												 0, 1
												
														•COLR (4)
														 255, 255, 255, 255
														
														•POLY (36)
														 0, 2, 0, 4, 0, 39, 34, 172, 0, 46, 255, 68, 0, 39, 34, 172, 255, 209, 0, 188, 255, 216, 221, 84, 255, 209, 0, 188, 255, 216, 221, 84, 0, 46, 255, 68
														
														•POSN (24)
														 0, 46, 150, 252, 0, 56, 255, 28, 0, 0, 0, 0, 0, 0, 0, 0, 0, 1, 0, 0, 0, 1, 0, 0
														
												•FEAT (90)
												 0, 1
												
														•COLR (4)
														 255, 255, 255, 255
														
														•POLY (36)
														 0, 2, 0, 4, 0, 37, 42, 181, 0, 35, 255, 112, 0, 37, 42, 181, 255, 220, 0, 144, 255, 222, 116, 147, 255, 220, 0, 144, 255, 222, 116, 147, 0, 35, 255, 112
														
														•POSN (24)
														 0, 44, 185, 231, 0, 65, 254, 248, 0, 0, 0, 0, 0, 0, 0, 0, 0, 1, 0, 0, 0, 1, 0, 0
														
												•FEAT (90)
												 0, 1
												
														•COLR (4)
														 0, 255, 255, 255
														
														•POLY (36)
														 0, 2, 0, 4, 0, 27, 244, 49, 0, 31, 255, 128, 0, 27, 244, 49, 255, 224, 0, 128, 255, 228, 11, 208, 255, 224, 0, 128, 255, 228, 11, 208, 0, 31, 255, 128
														
														•POSN (24)
														 0, 46, 150, 251, 0, 65, 254, 248, 0, 0, 0, 0, 0, 0, 0, 0, 0, 1, 0, 0, 0, 1, 0, 0
														
												•FEAT (90)
												 0, 1
												
														•COLR (4)
														 255, 255, 255, 255
														
														•POLY (36)
														 0, 2, 0, 4, 0, 27, 244, 49, 0, 1, 255, 248, 0, 27, 244, 49, 255, 254, 0, 8, 255, 228, 11, 208, 255, 254, 0, 8, 255, 228, 11, 208, 0, 1, 255, 248
														
														•POSN (24)
														 0, 46, 150, 251, 0, 65, 254, 248, 0, 0, 0, 0, 0, 0, 0, 0, 0, 1, 0, 0, 0, 1, 0, 0
														
												•FEAT (90)
												 0, 1
												
														•COLR (4)
														 255, 255, 255, 255
														
														•POLY (36)
														 0, 2, 0, 4, 0, 1, 221, 22, 0, 13, 255, 200, 0, 1, 221, 22, 255, 240, 2, 112, 255, 254, 34, 235, 255, 240, 2, 112, 255, 254, 34, 235, 0, 13, 255, 200
														
														•POSN (24)
														 0, 46, 151, 1, 0, 83, 254, 176, 0, 0, 0, 0, 0, 0, 0, 0, 0, 1, 0, 0, 0, 1, 0, 0
														
												•FEAT (90)
												 0, 1
												
														•COLR (4)
														 255, 255, 255, 255
														
														•POLY (36)
														 0, 2, 0, 4, 0, 1, 221, 22, 0, 13, 255, 200, 0, 1, 221, 22, 255, 240, 2, 112, 255, 254, 34, 235, 255, 240, 2, 112, 255, 254, 34, 235, 0, 13, 255, 200
														
														•POSN (24)
														 0, 46, 185, 239, 0, 49, 255, 64, 0, 0, 0, 0, 0, 0, 0, 0, 0, 1, 0, 0, 0, 1, 0, 0
														
										•SURF (590)
										 0, 4
										
												•FEAT (90)
												 0, 1
												
														•COLR (4)
														 255, 255, 255, 255
														
														•POLY (36)
														 0, 2, 0, 4, 0, 39, 34, 172, 0, 46, 255, 68, 0, 39, 34, 172, 255, 209, 0, 188, 255, 216, 221, 84, 255, 209, 0, 188, 255, 216, 221, 84, 0, 46, 255, 68
														
														•POSN (24)
														 0, 49, 113, 223, 0, 56, 255, 52, 0, 0, 0, 0, 0, 0, 0, 0, 0, 1, 0, 0, 0, 1, 0, 0
														
												•FEAT (90)
												 0, 1
												
														•COLR (4)
														 255, 255, 255, 255
														
														•POLY (36)
														 0, 2, 0, 4, 0, 37, 42, 181, 0, 35, 255, 112, 0, 37, 42, 181, 255, 220, 0, 144, 255, 222, 116, 147, 255, 220, 0, 144, 255, 222, 116, 147, 0, 35, 255, 112
														
														•POSN (24)
														 0, 47, 148, 202, 0, 65, 255, 16, 0, 0, 0, 0, 0, 0, 0, 0, 0, 1, 0, 0, 0, 1, 0, 0
														
												•FEAT (90)
												 0, 1
												
														•COLR (4)
														 0, 255, 255, 255
														
														•POLY (36)
														 0, 2, 0, 4, 0, 27, 244, 49, 0, 31, 255, 128, 0, 27, 244, 49, 255, 224, 0, 128, 255, 228, 11, 208, 255, 224, 0, 128, 255, 228, 11, 208, 0, 31, 255, 128
														
														•POSN (24)
														 0, 49, 113, 222, 0, 65, 255, 16, 0, 0, 0, 0, 0, 0, 0, 0, 0, 1, 0, 0, 0, 1, 0, 0
														
												•FEAT (90)
												 0, 1
												
														•COLR (4)
														 255, 255, 255, 255
														
														•POLY (36)
														 0, 2, 0, 4, 0, 27, 244, 49, 0, 1, 255, 248, 0, 27, 244, 49, 255, 254, 0, 8, 255, 228, 11, 208, 255, 254, 0, 8, 255, 228, 11, 208, 0, 1, 255, 248
														
														•POSN (24)
														 0, 49, 113, 222, 0, 65, 255, 16, 0, 0, 0, 0, 0, 0, 0, 0, 0, 1, 0, 0, 0, 1, 0, 0
														
												•FEAT (90)
												 0, 1
												
														•COLR (4)
														 255, 255, 255, 255
														
														•POLY (36)
														 0, 2, 0, 4, 0, 1, 221, 22, 0, 13, 255, 200, 0, 1, 221, 22, 255, 240, 2, 112, 255, 254, 34, 235, 255, 240, 2, 112, 255, 254, 34, 235, 0, 13, 255, 200
														
														•POSN (24)
														 0, 49, 113, 228, 0, 83, 254, 200, 0, 0, 0, 0, 0, 0, 0, 0, 0, 1, 0, 0, 0, 1, 0, 0
														
												•FEAT (90)
												 0, 1
												
														•COLR (4)
														 255, 255, 255, 255
														
														•POLY (36)
														 0, 2, 0, 4, 0, 1, 221, 22, 0, 13, 255, 200, 0, 1, 221, 22, 255, 240, 2, 112, 255, 254, 34, 235, 255, 240, 2, 112, 255, 254, 34, 235, 0, 13, 255, 200
														
														•POSN (24)
														 0, 49, 148, 210, 0, 49, 255, 88, 0, 0, 0, 0, 0, 0, 0, 0, 0, 1, 0, 0, 0, 1, 0, 0
														
										•SURF (590)
										 0, 5
										
												•FEAT (90)
												 0, 1
												
														•COLR (4)
														 255, 255, 255, 255
														
														•POLY (36)
														 0, 2, 0, 4, 0, 39, 34, 172, 0, 46, 255, 68, 0, 39, 34, 172, 255, 209, 0, 188, 255, 216, 221, 84, 255, 209, 0, 188, 255, 216, 221, 84, 0, 46, 255, 68
														
														•POSN (24)
														 0, 48, 37, 48, 0, 56, 255, 40, 0, 0, 0, 0, 0, 0, 0, 0, 0, 1, 0, 0, 0, 1, 0, 0
														
												•FEAT (90)
												 0, 1
												
														•COLR (4)
														 255, 255, 255, 255
														
														•POLY (36)
														 0, 2, 0, 4, 0, 37, 42, 181, 0, 35, 255, 112, 0, 37, 42, 181, 255, 220, 0, 144, 255, 222, 116, 147, 255, 220, 0, 144, 255, 222, 116, 147, 0, 35, 255, 112
														
														•POSN (24)
														 0, 46, 72, 27, 0, 65, 255, 4, 0, 0, 0, 0, 0, 0, 0, 0, 0, 1, 0, 0, 0, 1, 0, 0
														
												•FEAT (90)
												 0, 1
												
														•COLR (4)
														 0, 255, 255, 255
														
														•POLY (36)
														 0, 2, 0, 4, 0, 27, 244, 49, 0, 31, 255, 128, 0, 27, 244, 49, 255, 224, 0, 128, 255, 228, 11, 208, 255, 224, 0, 128, 255, 228, 11, 208, 0, 31, 255, 128
														
														•POSN (24)
														 0, 48, 37, 47, 0, 65, 255, 4, 0, 0, 0, 0, 0, 0, 0, 0, 0, 1, 0, 0, 0, 1, 0, 0
														
												•FEAT (90)
												 0, 1
												
														•COLR (4)
														 255, 255, 255, 255
														
														•POLY (36)
														 0, 2, 0, 4, 0, 27, 244, 49, 0, 1, 255, 248, 0, 27, 244, 49, 255, 254, 0, 8, 255, 228, 11, 208, 255, 254, 0, 8, 255, 228, 11, 208, 0, 1, 255, 248
														
														•POSN (24)
														 0, 48, 37, 47, 0, 65, 255, 4, 0, 0, 0, 0, 0, 0, 0, 0, 0, 1, 0, 0, 0, 1, 0, 0
														
												•FEAT (90)
												 0, 1
												
														•COLR (4)
														 255, 255, 255, 255
														
														•POLY (36)
														 0, 2, 0, 4, 0, 1, 221, 22, 0, 13, 255, 200, 0, 1, 221, 22, 255, 240, 2, 112, 255, 254, 34, 235, 255, 240, 2, 112, 255, 254, 34, 235, 0, 13, 255, 200
														
														•POSN (24)
														 0, 48, 37, 53, 0, 83, 254, 188, 0, 0, 0, 0, 0, 0, 0, 0, 0, 1, 0, 0, 0, 1, 0, 0
														
												•FEAT (90)
												 0, 1
												
														•COLR (4)
														 255, 255, 255, 255
														
														•POLY (36)
														 0, 2, 0, 4, 0, 1, 221, 22, 0, 13, 255, 200, 0, 1, 221, 22, 255, 240, 2, 112, 255, 254, 34, 235, 255, 240, 2, 112, 255, 254, 34, 235, 0, 13, 255, 200
														
														•POSN (24)
														 0, 48, 72, 35, 0, 49, 255, 76, 0, 0, 0, 0, 0, 0, 0, 0, 0, 1, 0, 0, 0, 1, 0, 0
														
										•SURF (590)
										 0, 6
										
												•FEAT (90)
												 0, 1
												
														•COLR (4)
														 255, 255, 255, 255
														
														•POLY (36)
														 0, 2, 0, 4, 0, 39, 34, 172, 0, 46, 255, 68, 0, 39, 34, 172, 255, 209, 0, 188, 255, 216, 221, 84, 255, 209, 0, 188, 255, 216, 221, 84, 0, 46, 255, 68
														
														•POSN (24)
														 0, 47, 161, 159, 0, 56, 255, 52, 0, 0, 0, 0, 0, 0, 0, 0, 0, 1, 0, 0, 0, 1, 0, 0
														
												•FEAT (90)
												 0, 1
												
														•COLR (4)
														 255, 255, 255, 255
														
														•POLY (36)
														 0, 2, 0, 4, 0, 37, 42, 181, 0, 35, 255, 112, 0, 37, 42, 181, 255, 220, 0, 144, 255, 222, 116, 147, 255, 220, 0, 144, 255, 222, 116, 147, 0, 35, 255, 112
														
														•POSN (24)
														 0, 45, 196, 138, 0, 65, 255, 16, 0, 0, 0, 0, 0, 0, 0, 0, 0, 1, 0, 0, 0, 1, 0, 0
														
												•FEAT (90)
												 0, 1
												
														•COLR (4)
														 0, 255, 255, 255
														
														•POLY (36)
														 0, 2, 0, 4, 0, 27, 244, 49, 0, 31, 255, 128, 0, 27, 244, 49, 255, 224, 0, 128, 255, 228, 11, 208, 255, 224, 0, 128, 255, 228, 11, 208, 0, 31, 255, 128
														
														•POSN (24)
														 0, 47, 161, 158, 0, 65, 255, 16, 0, 0, 0, 0, 0, 0, 0, 0, 0, 1, 0, 0, 0, 1, 0, 0
														
												•FEAT (90)
												 0, 1
												
														•COLR (4)
														 255, 255, 255, 255
														
														•POLY (36)
														 0, 2, 0, 4, 0, 27, 244, 49, 0, 1, 255, 248, 0, 27, 244, 49, 255, 254, 0, 8, 255, 228, 11, 208, 255, 254, 0, 8, 255, 228, 11, 208, 0, 1, 255, 248
														
														•POSN (24)
														 0, 47, 161, 158, 0, 65, 255, 16, 0, 0, 0, 0, 0, 0, 0, 0, 0, 1, 0, 0, 0, 1, 0, 0
														
												•FEAT (90)
												 0, 1
												
														•COLR (4)
														 255, 255, 255, 255
														
														•POLY (36)
														 0, 2, 0, 4, 0, 1, 221, 22, 0, 13, 255, 200, 0, 1, 221, 22, 255, 240, 2, 112, 255, 254, 34, 235, 255, 240, 2, 112, 255, 254, 34, 235, 0, 13, 255, 200
														
														•POSN (24)
														 0, 47, 161, 164, 0, 83, 254, 200, 0, 0, 0, 0, 0, 0, 0, 0, 0, 1, 0, 0, 0, 1, 0, 0
														
												•FEAT (90)
												 0, 1
												
														•COLR (4)
														 255, 255, 255, 255
														
														•POLY (36)
														 0, 2, 0, 4, 0, 1, 221, 22, 0, 13, 255, 200, 0, 1, 221, 22, 255, 240, 2, 112, 255, 254, 34, 235, 255, 240, 2, 112, 255, 254, 34, 235, 0, 13, 255, 200
														
														•POSN (24)
														 0, 47, 196, 146, 0, 49, 255, 88, 0, 0, 0, 0, 0, 0, 0, 0, 0, 1, 0, 0, 0, 1, 0, 0
														
										•SURF (590)
										 0, 7
										
												•FEAT (90)
												 0, 1
												
														•COLR (4)
														 255, 255, 255, 255
														
														•POLY (36)
														 0, 2, 0, 4, 0, 39, 34, 172, 0, 46, 255, 68, 0, 39, 34, 172, 255, 209, 0, 188, 255, 216, 221, 84, 255, 209, 0, 188, 255, 216, 221, 84, 0, 46, 255, 68
														
														•POSN (24)
														 0, 45, 92, 178, 0, 56, 255, 28, 0, 0, 0, 0, 0, 0, 0, 0, 0, 1, 0, 0, 0, 1, 0, 0
														
												•FEAT (90)
												 0, 1
												
														•COLR (4)
														 255, 255, 255, 255
														
														•POLY (36)
														 0, 2, 0, 4, 0, 37, 42, 181, 0, 35, 255, 112, 0, 37, 42, 181, 255, 220, 0, 144, 255, 222, 116, 147, 255, 220, 0, 144, 255, 222, 116, 147, 0, 35, 255, 112
														
														•POSN (24)
														 0, 43, 127, 157, 0, 65, 254, 248, 0, 0, 0, 0, 0, 0, 0, 0, 0, 1, 0, 0, 0, 1, 0, 0
														
												•FEAT (90)
												 0, 1
												
														•COLR (4)
														 0, 255, 255, 255
														
														•POLY (36)
														 0, 2, 0, 4, 0, 27, 244, 49, 0, 31, 255, 128, 0, 27, 244, 49, 255, 224, 0, 128, 255, 228, 11, 208, 255, 224, 0, 128, 255, 228, 11, 208, 0, 31, 255, 128
														
														•POSN (24)
														 0, 45, 92, 177, 0, 65, 254, 248, 0, 0, 0, 0, 0, 0, 0, 0, 0, 1, 0, 0, 0, 1, 0, 0
														
												•FEAT (90)
												 0, 1
												
														•COLR (4)
														 255, 255, 255, 255
														
														•POLY (36)
														 0, 2, 0, 4, 0, 27, 244, 49, 0, 1, 255, 248, 0, 27, 244, 49, 255, 254, 0, 8, 255, 228, 11, 208, 255, 254, 0, 8, 255, 228, 11, 208, 0, 1, 255, 248
														
														•POSN (24)
														 0, 45, 92, 177, 0, 65, 254, 248, 0, 0, 0, 0, 0, 0, 0, 0, 0, 1, 0, 0, 0, 1, 0, 0
														
												•FEAT (90)
												 0, 1
												
														•COLR (4)
														 255, 255, 255, 255
														
														•POLY (36)
														 0, 2, 0, 4, 0, 1, 221, 22, 0, 13, 255, 200, 0, 1, 221, 22, 255, 240, 2, 112, 255, 254, 34, 235, 255, 240, 2, 112, 255, 254, 34, 235, 0, 13, 255, 200
														
														•POSN (24)
														 0, 45, 92, 183, 0, 83, 254, 176, 0, 0, 0, 0, 0, 0, 0, 0, 0, 1, 0, 0, 0, 1, 0, 0
														
												•FEAT (90)
												 0, 1
												
														•COLR (4)
														 255, 255, 255, 255
														
														•POLY (36)
														 0, 2, 0, 4, 0, 1, 221, 22, 0, 13, 255, 200, 0, 1, 221, 22, 255, 240, 2, 112, 255, 254, 34, 235, 255, 240, 2, 112, 255, 254, 34, 235, 0, 13, 255, 200
														
														•POSN (24)
														 0, 45, 127, 165, 0, 49, 255, 64, 0, 0, 0, 0, 0, 0, 0, 0, 0, 1, 0, 0, 0, 1, 0, 0
														
										•SURF (198)
										 0, 8
										
												•FEAT (90)
												 0, 1
												
														•COLR (4)
														 255, 255, 255, 255
														
														•POLY (36)
														 0, 2, 0, 4, 255, 215, 157, 87, 255, 211, 0, 180, 255, 215, 157, 87, 0, 44, 255, 76, 0, 40, 98, 169, 0, 44, 255, 76, 0, 40, 98, 169, 255, 211, 0, 180
														
														•POSN (24)
														 0, 51, 236, 143, 0, 44, 255, 76, 0, 0, 0, 0, 0, 0, 0, 0, 0, 1, 0, 0, 0, 1, 0, 0
														
												•FEAT (90)
												 0, 1
												
														•COLR (4)
														 0, 255, 255, 255
														
														•POLY (36)
														 0, 2, 0, 4, 0, 28, 216, 193, 0, 41, 255, 88, 0, 28, 216, 193, 255, 214, 0, 168, 255, 227, 39, 63, 255, 214, 0, 168, 255, 227, 39, 63, 0, 41, 255, 88
														
														•POSN (24)
														 0, 51, 236, 143, 0, 41, 255, 88, 0, 0, 0, 0, 0, 0, 0, 0, 0, 1, 0, 0, 0, 1, 0, 0
														
										•SURF (20)
										 0, 9
										
												•COLR (10)
												 0, 2, 0, 127, 127, 0, 255, 127, 127, 0
												
										•POSN (48)
										 254, 236, 0, 0, 0, 198, 0, 0, 0, 36, 0, 0, 0, 0, 0, 0, 0, 0, 0, 0, 0, 0, 0, 0, 0, 0, 0, 0, 0, 0, 0, 0, 0, 0, 0, 0, 0, 0, 144, 0, 0, 0, 133, 29, 0, 1, 0, 0
										
								•PRSM (370)
								
										•LOCK (2)
										 0, 0
										
										•LNUM (2)
										 0, 0
										
										•COLR (8)
										 0, 0, 227, 0, 255, 0, 227, 0
										
										•POLY (64)
										 0, 2, 3, 1, 0, 1, 0, 60, 0, 0, 255, 196, 0, 0, 0, 0, 0, 0, 0, 0, 0, 0, 0, 0, 0, 0, 0, 0, 0, 0, 0, 4, 0, 42, 0, 0, 0, 66, 0, 0, 0, 42, 0, 0, 255, 214, 0, 0, 255, 214, 0, 0, 255, 214, 0, 0, 255, 214, 0, 0, 0, 66, 0, 0
										
										•SURF (198)
										 0, 3
										
												•FEAT (90)
												 0, 1
												
														•COLR (4)
														 255, 255, 255, 255
														
														•POLY (36)
														 0, 2, 0, 4, 0, 30, 0, 0, 0, 32, 255, 190, 0, 30, 0, 0, 255, 223, 0, 66, 255, 226, 0, 0, 255, 223, 0, 66, 255, 226, 0, 0, 0, 32, 255, 190
														
														•POSN (24)
														 0, 42, 0, 0, 0, 68, 255, 118, 0, 0, 0, 0, 0, 0, 0, 0, 0, 1, 0, 0, 0, 1, 0, 0
														
												•FEAT (90)
												 0, 1
												
														•COLR (4)
														 128, 0, 0, 170
														
														•POLY (36)
														 0, 2, 0, 4, 0, 24, 0, 0, 0, 26, 255, 202, 0, 24, 0, 0, 255, 229, 0, 54, 255, 232, 0, 0, 255, 229, 0, 54, 255, 232, 0, 0, 0, 26, 255, 202
														
														•POSN (24)
														 0, 42, 0, 0, 0, 68, 255, 118, 0, 0, 0, 0, 0, 0, 0, 0, 0, 1, 0, 0, 0, 1, 0, 0
														
										•POSN (48)
										 254, 85, 255, 255, 0, 246, 158, 229, 0, 84, 0, 0, 0, 0, 0, 0, 0, 0, 0, 0, 0, 0, 0, 0, 0, 0, 0, 0, 0, 0, 0, 0, 0, 0, 0, 0, 0, 1, 0, 0, 0, 1, 0, 0, 0, 1, 0, 0
										
								•PRSM (196)
								
										•LOCK (2)
										 0, 0
										
										•LNUM (2)
										 0, 0
										
										•COLR (8)
										 0, 92, 92, 92, 255, 92, 92, 92
										
										•POLY (96)
										 0, 1, 3, 2, 0, 1, 0, 182, 162, 73, 255, 244, 0, 0, 0, 0, 0, 0, 0, 112, 111, 164, 0, 0, 0, 0, 0, 0, 0, 0, 0, 8, 0, 192, 0, 0, 0, 114, 0, 0, 0, 192, 0, 0, 255, 226, 0, 0, 0, 132, 0, 0, 255, 154, 0, 0, 0, 48, 0, 0, 255, 106, 0, 0, 255, 208, 0, 0, 255, 106, 0, 0, 255, 124, 0, 0, 255, 154, 0, 0, 255, 64, 0, 0, 255, 226, 0, 0, 255, 64, 0, 0, 0, 114, 0, 0
										
										•POSN (48)
										 254, 236, 0, 0, 0, 198, 0, 0, 0, 156, 0, 0, 0, 0, 0, 0, 0, 0, 0, 0, 0, 0, 0, 0, 0, 0, 0, 0, 0, 0, 0, 0, 0, 0, 0, 0, 0, 1, 0, 0, 0, 1, 0, 0, 0, 1, 0, 0
										
								•PRSM (588)
								
										•LOCK (2)
										 0, 0
										
										•LNUM (2)
										 0, 0
										
										•COLR (8)
										 0, 92, 92, 92, 255, 92, 92, 92
										
										•POLY (56)
										 0, 1, 1, 1, 0, 1, 255, 226, 0, 0, 0, 30, 0, 0, 0, 0, 0, 0, 0, 0, 0, 0, 255, 255, 135, 83, 0, 0, 160, 178, 0, 3, 255, 211, 0, 0, 0, 33, 0, 0, 0, 46, 43, 134, 0, 30, 34, 30, 255, 212, 43, 134, 255, 220, 34, 30
										
										•SLIC (82)
										 0, 5, 0, 32, 0, 0, 0, 0, 0, 0, 255, 232, 0, 0, 3, 192, 0, 0, 255, 224, 0, 0, 0, 0, 0, 0, 255, 232, 0, 0, 3, 192, 0, 0, 255, 224, 0, 0, 0, 0, 0, 0, 255, 246, 0, 0, 2, 248, 0, 0, 0, 32, 0, 0, 0, 0, 0, 0, 255, 246, 0, 0, 2, 248, 0, 0, 0, 0, 0, 0, 0, 79, 195, 130, 255, 247, 101, 186, 12, 171, 179, 222
										
										•SURF (124)
										 0, 9
										
												•FEAT (114)
												 0, 1
												
														•COLR (4)
														 255, 255, 255, 255
														
														•POLY (60)
														 0, 1, 0, 7, 0, 10, 3, 200, 0, 15, 16, 185, 0, 14, 41, 188, 0, 0, 0, 1, 0, 10, 3, 200, 255, 240, 239, 72, 255, 245, 252, 56, 255, 240, 239, 72, 255, 241, 214, 68, 0, 0, 0, 1, 255, 245, 252, 56, 0, 15, 16, 185, 0, 0, 0, 0, 0, 21, 78, 60
														
														•POSN (24)
														 0, 30, 175, 194, 0, 35, 130, 99, 0, 0, 0, 0, 0, 0, 0, 0, 0, 1, 0, 0, 0, 1, 0, 0
														
										•POSN (48)
										 254, 235, 239, 205, 0, 156, 27, 182, 0, 226, 228, 212, 0, 0, 0, 0, 0, 0, 50, 1, 0, 0, 0, 0, 0, 0, 0, 0, 0, 0, 0, 0, 255, 255, 254, 194, 0, 0, 216, 231, 0, 0, 221, 217, 0, 0, 143, 169
										
										•ESLC (202)
										 0, 5, 0, 0, 0, 0, 0, 0, 0, 0, 0, 0, 0, 0, 0, 0, 0, 0, 0, 0, 0, 0, 0, 0, 0, 0, 255, 226, 0, 0, 0, 0, 0, 0, 255, 250, 0, 0, 0, 32, 0, 0, 0, 0, 0, 0, 0, 0, 0, 0, 0, 0, 0, 0, 0, 0, 0, 0, 0, 0, 0, 0, 0, 0, 0, 0, 0, 6, 0, 0, 0, 32, 0, 0, 0, 30, 0, 0, 0, 0, 0, 0, 0, 0, 0, 0, 0, 0, 0, 0, 0, 0, 0, 0, 0, 0, 0, 0, 0, 0, 0, 0, 0, 0, 0, 0, 0, 20, 0, 0, 0, 12, 0, 0, 0, 30, 0, 0, 255, 236, 0, 0, 0, 0, 0, 0, 0, 0, 0, 0, 0, 0, 0, 0, 0, 0, 0, 0, 0, 0, 0, 0, 0, 0, 0, 0, 255, 226, 0, 0, 255, 236, 0, 0, 255, 236, 0, 0, 0, 12, 0, 0, 0, 0, 0, 0, 0, 0, 0, 0, 0, 0, 0, 0, 0, 4, 182, 95, 0, 0, 0, 0, 0, 0, 0, 0, 255, 211, 125, 145, 255, 220, 92, 64, 255, 220, 23, 215, 0, 44, 32, 18
										
								•PRSM (196)
								
										•LOCK (2)
										 0, 0
										
										•LNUM (2)
										 0, 0
										
										•COLR (8)
										 0, 255, 255, 255, 255, 255, 255, 255
										
										•POLY (96)
										 0, 3, 3, 1, 0, 1, 0, 60, 0, 0, 255, 196, 0, 0, 0, 0, 0, 0, 0, 0, 0, 0, 0, 0, 0, 0, 0, 0, 0, 0, 0, 8, 0, 4, 62, 29, 255, 251, 193, 227, 0, 0, 0, 0, 255, 250, 0, 0, 255, 251, 193, 227, 255, 251, 193, 227, 255, 250, 0, 0, 0, 0, 0, 0, 255, 251, 193, 227, 0, 4, 62, 29, 0, 0, 0, 0, 0, 6, 0, 0, 0, 4, 62, 29, 0, 4, 62, 29, 0, 6, 0, 0, 0, 0, 0, 0
										
										•POSN (48)
										 254, 110, 0, 0, 0, 108, 0, 0, 0, 84, 0, 0, 0, 0, 0, 0, 0, 0, 0, 0, 0, 0, 0, 0, 0, 0, 0, 0, 0, 0, 0, 0, 0, 0, 0, 0, 0, 1, 0, 0, 0, 1, 0, 0, 0, 1, 0, 0
										
								•PRSM (196)
								
										•LOCK (2)
										 0, 0
										
										•LNUM (2)
										 0, 0
										
										•COLR (8)
										 0, 255, 255, 255, 255, 255, 255, 255
										
										•POLY (96)
										 0, 3, 3, 1, 0, 1, 0, 60, 0, 0, 255, 196, 0, 0, 0, 0, 0, 0, 0, 0, 0, 0, 0, 0, 0, 0, 0, 0, 0, 0, 0, 8, 0, 4, 62, 29, 255, 251, 193, 227, 0, 0, 0, 0, 255, 250, 0, 0, 255, 251, 193, 227, 255, 251, 193, 227, 255, 250, 0, 0, 0, 0, 0, 0, 255, 251, 193, 227, 0, 4, 62, 29, 0, 0, 0, 0, 0, 6, 0, 0, 0, 4, 62, 29, 0, 4, 62, 29, 0, 6, 0, 0, 0, 0, 0, 0
										
										•POSN (48)
										 254, 191, 0, 0, 0, 59, 0, 0, 0, 84, 0, 0, 0, 0, 0, 0, 0, 0, 0, 0, 0, 0, 0, 0, 0, 0, 0, 0, 0, 0, 0, 0, 0, 0, 0, 0, 0, 1, 0, 0, 0, 1, 0, 0, 0, 1, 0, 0
										
								•PRSM (196)
								
										•LOCK (2)
										 0, 0
										
										•LNUM (2)
										 0, 0
										
										•COLR (8)
										 0, 255, 255, 255, 255, 255, 255, 255
										
										•POLY (96)
										 0, 3, 3, 1, 0, 1, 0, 60, 0, 0, 255, 196, 0, 0, 0, 0, 0, 0, 0, 0, 0, 0, 0, 0, 0, 0, 0, 0, 0, 0, 0, 8, 0, 4, 62, 29, 255, 251, 193, 227, 0, 0, 0, 0, 255, 250, 0, 0, 255, 251, 193, 227, 255, 251, 193, 227, 255, 250, 0, 0, 0, 0, 0, 0, 255, 251, 193, 227, 0, 4, 62, 29, 0, 0, 0, 0, 0, 6, 0, 0, 0, 4, 62, 29, 0, 4, 62, 29, 0, 6, 0, 0, 0, 0, 0, 0
										
										•POSN (48)
										 255, 26, 0, 0, 0, 60, 0, 0, 0, 84, 0, 0, 0, 0, 0, 0, 0, 0, 0, 0, 0, 0, 0, 0, 0, 0, 0, 0, 0, 0, 0, 0, 0, 0, 0, 0, 0, 1, 0, 0, 0, 1, 0, 0, 0, 1, 0, 0
										
								•PRSM (196)
								
										•LOCK (2)
										 0, 0
										
										•LNUM (2)
										 0, 0
										
										•COLR (8)
										 0, 255, 255, 255, 255, 255, 255, 255
										
										•POLY (96)
										 0, 3, 3, 1, 0, 1, 0, 60, 0, 0, 255, 196, 0, 0, 0, 0, 0, 0, 0, 0, 0, 0, 0, 0, 0, 0, 0, 0, 0, 0, 0, 8, 0, 4, 62, 29, 255, 251, 193, 227, 0, 0, 0, 0, 255, 250, 0, 0, 255, 251, 193, 227, 255, 251, 193, 227, 255, 250, 0, 0, 0, 0, 0, 0, 255, 251, 193, 227, 0, 4, 62, 29, 0, 0, 0, 0, 0, 6, 0, 0, 0, 4, 62, 29, 0, 4, 62, 29, 0, 6, 0, 0, 0, 0, 0, 0
										
										•POSN (48)
										 255, 104, 0, 0, 0, 108, 0, 0, 0, 84, 0, 0, 0, 0, 0, 0, 0, 0, 0, 0, 0, 0, 0, 0, 0, 0, 0, 0, 0, 0, 0, 0, 0, 0, 0, 0, 0, 1, 0, 0, 0, 1, 0, 0, 0, 1, 0, 0
										
								•PRSM (196)
								
										•LOCK (2)
										 0, 0
										
										•LNUM (2)
										 0, 0
										
										•COLR (8)
										 0, 255, 255, 255, 255, 255, 255, 255
										
										•POLY (96)
										 0, 3, 3, 1, 0, 1, 0, 60, 0, 0, 255, 196, 0, 0, 0, 0, 0, 0, 0, 0, 0, 0, 0, 0, 0, 0, 0, 0, 0, 0, 0, 8, 0, 4, 62, 29, 255, 251, 193, 227, 0, 0, 0, 0, 255, 250, 0, 0, 255, 251, 193, 227, 255, 251, 193, 227, 255, 250, 0, 0, 0, 0, 0, 0, 255, 251, 193, 227, 0, 4, 62, 29, 0, 0, 0, 0, 0, 6, 0, 0, 0, 4, 62, 29, 0, 4, 62, 29, 0, 6, 0, 0, 0, 0, 0, 0
										
										•POSN (48)
										 255, 160, 0, 0, 0, 168, 0, 0, 0, 84, 0, 0, 0, 0, 0, 0, 0, 0, 0, 0, 0, 0, 0, 0, 0, 0, 0, 0, 0, 0, 0, 0, 0, 0, 0, 0, 0, 1, 0, 0, 0, 1, 0, 0, 0, 1, 0, 0
										
								•PRSM (196)
								
										•LOCK (2)
										 0, 0
										
										•LNUM (2)
										 0, 0
										
										•COLR (8)
										 0, 255, 255, 255, 255, 255, 255, 255
										
										•POLY (96)
										 0, 3, 3, 1, 0, 1, 0, 60, 0, 0, 255, 196, 0, 0, 0, 0, 0, 0, 0, 0, 0, 0, 0, 0, 0, 0, 0, 0, 0, 0, 0, 8, 0, 4, 62, 29, 255, 251, 193, 227, 0, 0, 0, 0, 255, 250, 0, 0, 255, 251, 193, 227, 255, 251, 193, 227, 255, 250, 0, 0, 0, 0, 0, 0, 255, 251, 193, 227, 0, 4, 62, 29, 0, 0, 0, 0, 0, 6, 0, 0, 0, 4, 62, 29, 0, 4, 62, 29, 0, 6, 0, 0, 0, 0, 0, 0
										
										•POSN (48)
										 255, 160, 0, 0, 1, 45, 0, 0, 0, 84, 0, 0, 0, 0, 0, 0, 0, 0, 0, 0, 0, 0, 0, 0, 0, 0, 0, 0, 0, 0, 0, 0, 0, 0, 0, 0, 0, 1, 0, 0, 0, 1, 0, 0, 0, 1, 0, 0
										
								•PRSM (196)
								
										•LOCK (2)
										 0, 0
										
										•LNUM (2)
										 0, 0
										
										•COLR (8)
										 0, 255, 255, 255, 255, 255, 255, 255
										
										•POLY (96)
										 0, 3, 3, 1, 0, 1, 0, 60, 0, 0, 255, 196, 0, 0, 0, 0, 0, 0, 0, 0, 0, 0, 0, 0, 0, 0, 0, 0, 0, 0, 0, 8, 0, 4, 62, 29, 255, 251, 193, 227, 0, 0, 0, 0, 255, 250, 0, 0, 255, 251, 193, 227, 255, 251, 193, 227, 255, 250, 0, 0, 0, 0, 0, 0, 255, 251, 193, 227, 0, 4, 62, 29, 0, 0, 0, 0, 0, 6, 0, 0, 0, 4, 62, 29, 0, 4, 62, 29, 0, 6, 0, 0, 0, 0, 0, 0
										
										•POSN (48)
										 254, 56, 0, 0, 0, 174, 0, 0, 0, 84, 0, 0, 0, 0, 0, 0, 0, 0, 0, 0, 0, 0, 0, 0, 0, 0, 0, 0, 0, 0, 0, 0, 0, 0, 0, 0, 0, 1, 0, 0, 0, 1, 0, 0, 0, 1, 0, 0
										
								•CONN (10)
								 0, 1, 0, 1, 0, 8, 0, 2, 0, 2
								
						•PRSM (10434)
						
								•LOCK (2)
								 0, 0
								
								•LNUM (2)
								 0, 0
								
								•COLR (8)
								 0, 51, 255, 204, 255, 51, 255, 204
								
								•POLY (64)
								 0, 2, 3, 1, 0, 1, 0, 60, 0, 0, 255, 208, 0, 0, 0, 0, 0, 0, 0, 0, 0, 0, 0, 0, 0, 0, 0, 0, 0, 0, 0, 4, 0, 60, 0, 0, 0, 144, 0, 0, 0, 60, 0, 0, 255, 160, 0, 0, 255, 184, 0, 0, 255, 160, 0, 0, 255, 184, 0, 0, 0, 144, 0, 0
								
								•SURF (20)
								 0, 0
								
										•COLR (10)
										 0, 2, 0, 255, 255, 255, 255, 255, 255, 255
										
								•SURF (296)
								 0, 1
								
										•FEAT (90)
										 0, 1
										
												•COLR (4)
												 255, 248, 248, 248
												
												•POLY (36)
												 0, 2, 0, 4, 0, 20, 255, 214, 0, 29, 255, 136, 0, 20, 255, 214, 255, 226, 0, 120, 255, 235, 0, 42, 255, 226, 0, 120, 255, 235, 0, 42, 0, 29, 255, 136
												
												•POSN (24)
												 0, 44, 255, 166, 0, 59, 255, 16, 0, 0, 0, 0, 0, 0, 0, 0, 0, 1, 0, 0, 0, 1, 0, 0
												
										•FEAT (90)
										 0, 1
										
												•COLR (4)
												 0, 248, 248, 248
												
												•POLY (36)
												 0, 2, 0, 4, 0, 16, 255, 222, 0, 25, 255, 152, 0, 16, 255, 222, 255, 230, 0, 104, 255, 239, 0, 34, 255, 230, 0, 104, 255, 239, 0, 34, 0, 25, 255, 152
												
												•POSN (24)
												 0, 44, 255, 166, 0, 59, 255, 16, 0, 0, 0, 0, 0, 0, 0, 0, 0, 1, 0, 0, 0, 1, 0, 0
												
										•FEAT (90)
										 0, 1
										
												•COLR (4)
												 255, 248, 248, 248
												
												•POLY (36)
												 0, 2, 0, 4, 0, 0, 255, 254, 0, 25, 255, 152, 0, 0, 255, 254, 255, 230, 0, 104, 255, 255, 0, 2, 255, 230, 0, 104, 255, 255, 0, 2, 0, 25, 255, 152
												
												•POSN (24)
												 0, 44, 255, 166, 0, 59, 255, 16, 0, 0, 0, 0, 0, 0, 0, 0, 0, 1, 0, 0, 0, 1, 0, 0
												
								•SURF (198)
								 0, 3
								
										•FEAT (90)
										 0, 1
										
												•COLR (4)
												 255, 241, 255, 241
												
												•POLY (36)
												 0, 2, 0, 4, 255, 229, 0, 0, 255, 211, 0, 90, 255, 229, 0, 0, 0, 44, 255, 166, 0, 21, 0, 0, 0, 44, 255, 166, 0, 21, 0, 0, 255, 211, 0, 90
												
												•POSN (24)
												 0, 99, 0, 0, 0, 44, 255, 166, 0, 0, 0, 0, 0, 0, 0, 0, 0, 1, 0, 0, 0, 1, 0, 0
												
										•FEAT (90)
										 0, 1
										
												•COLR (4)
												 0, 241, 255, 241
												
												•POLY (36)
												 0, 2, 0, 4, 0, 15, 0, 0, 0, 41, 255, 172, 0, 15, 0, 0, 255, 214, 0, 84, 255, 235, 0, 0, 255, 214, 0, 84, 255, 235, 0, 0, 0, 41, 255, 172
												
												•POSN (24)
												 0, 99, 0, 0, 0, 41, 255, 172, 0, 0, 0, 0, 0, 0, 0, 0, 0, 1, 0, 0, 0, 1, 0, 0
												
								•SURF (20)
								 0, 5
								
										•COLR (10)
										 0, 2, 0, 255, 255, 255, 255, 255, 255, 255
										
								•POSN (48)
								 253, 204, 0, 0, 0, 216, 0, 0, 0, 48, 0, 0, 0, 0, 0, 0, 0, 0, 0, 0, 0, 0, 0, 0, 0, 0, 0, 0, 0, 0, 0, 0, 0, 0, 0, 0, 0, 1, 0, 0, 0, 1, 0, 0, 0, 1, 0, 0
								
								•PRSM (602)
								
										•LOCK (2)
										 0, 0
										
										•LNUM (2)
										 0, 0
										
										•COLR (8)
										 0, 241, 255, 241, 255, 241, 255, 241
										
										•POLY (64)
										 0, 2, 3, 1, 0, 1, 0, 9, 0, 0, 255, 247, 0, 0, 0, 0, 0, 0, 0, 0, 0, 0, 0, 0, 0, 0, 0, 0, 0, 0, 0, 4, 0, 48, 0, 0, 0, 48, 0, 0, 0, 48, 0, 0, 255, 214, 0, 0, 255, 208, 0, 0, 255, 214, 0, 0, 255, 208, 0, 0, 0, 48, 0, 0
										
										•POSN (48)
										 253, 180, 0, 0, 1, 56, 0, 0, 0, 9, 0, 0, 0, 0, 0, 0, 0, 0, 0, 0, 0, 0, 0, 0, 0, 0, 0, 0, 0, 0, 0, 0, 0, 0, 0, 0, 0, 1, 0, 0, 0, 1, 0, 0, 0, 1, 0, 0
										
										•PRSM (412)
										
												•LOCK (2)
												 0, 0
												
												•LNUM (2)
												 0, 0
												
												•COLR (8)
												 0, 241, 255, 241, 255, 241, 255, 241
												
												•POLY (96)
												 0, 3, 3, 4, 0, 5, 255, 247, 128, 0, 0, 4, 150, 108, 0, 0, 0, 0, 0, 0, 0, 0, 0, 0, 0, 0, 0, 0, 0, 0, 0, 8, 0, 25, 116, 178, 255, 230, 139, 78, 0, 0, 0, 0, 255, 220, 0, 0, 255, 230, 139, 78, 255, 230, 139, 78, 255, 220, 0, 0, 0, 0, 0, 0, 255, 230, 139, 78, 0, 25, 116, 178, 0, 0, 0, 0, 0, 36, 0, 0, 0, 25, 116, 178, 0, 25, 116, 178, 0, 36, 0, 0, 0, 0, 0, 0
												
												•SLIC (50)
												 0, 3, 0, 0, 0, 0, 0, 0, 0, 0, 0, 58, 128, 0, 0, 234, 0, 0, 255, 234, 0, 0, 0, 0, 0, 0, 0, 0, 0, 0, 2, 214, 0, 0, 0, 14, 0, 0, 0, 0, 0, 0, 0, 0, 0, 0, 1, 206, 0, 0
												
												•SURF (20)
												 0, 0
												
														•COLR (10)
														 0, 2, 0, 241, 255, 241, 0, 241, 255, 241
														
												•POSN (48)
												 253, 174, 247, 185, 1, 64, 166, 14, 0, 9, 237, 116, 0, 0, 0, 0, 0, 0, 0, 0, 0, 0, 188, 66, 255, 255, 230, 86, 0, 0, 0, 0, 0, 0, 0, 0, 0, 1, 103, 183, 0, 0, 178, 245, 0, 1, 194, 119
												
												•ESLC (122)
												 0, 3, 0, 0, 0, 0, 0, 0, 0, 0, 0, 0, 0, 0, 0, 0, 0, 0, 0, 0, 0, 0, 0, 0, 0, 0, 0, 28, 128, 0, 255, 252, 0, 0, 255, 226, 0, 0, 255, 252, 0, 0, 0, 0, 0, 0, 0, 0, 0, 0, 0, 0, 0, 0, 0, 0, 0, 0, 0, 0, 0, 0, 0, 0, 0, 0, 0, 33, 0, 0, 0, 14, 0, 0, 0, 33, 0, 0, 255, 248, 0, 0, 0, 0, 0, 0, 0, 0, 0, 0, 0, 0, 0, 0, 0, 0, 0, 0, 0, 0, 0, 0, 0, 0, 0, 0, 255, 223, 0, 0, 255, 252, 0, 0, 255, 223, 0, 0, 0, 10, 0, 0
												
										•CONN (10)
										 0, 1, 255, 255, 0, 0, 0, 0, 0, 0
										
								•PRSM (164)
								
										•LOCK (2)
										 0, 0
										
										•LNUM (2)
										 0, 0
										
										•COLR (8)
										 0, 241, 255, 241, 255, 241, 255, 241
										
										•POLY (64)
										 0, 2, 3, 1, 0, 1, 0, 9, 0, 0, 255, 247, 0, 0, 0, 0, 0, 0, 0, 0, 0, 0, 0, 0, 0, 0, 0, 0, 0, 0, 0, 4, 0, 12, 0, 0, 0, 18, 0, 0, 0, 12, 0, 0, 255, 226, 0, 0, 255, 232, 0, 0, 255, 226, 0, 0, 255, 232, 0, 0, 0, 18, 0, 0
										
										•POSN (48)
										 253, 252, 0, 0, 1, 86, 0, 0, 0, 9, 0, 0, 0, 0, 0, 0, 0, 0, 0, 0, 0, 0, 0, 0, 0, 0, 0, 0, 0, 0, 0, 0, 0, 0, 0, 0, 0, 1, 0, 0, 0, 1, 0, 0, 0, 1, 0, 0
										
								•PRSM (164)
								
										•LOCK (2)
										 0, 0
										
										•LNUM (2)
										 0, 0
										
										•COLR (8)
										 0, 241, 255, 241, 255, 241, 255, 241
										
										•POLY (64)
										 0, 2, 3, 1, 0, 1, 0, 4, 128, 0, 255, 251, 128, 0, 0, 0, 0, 0, 0, 0, 0, 0, 0, 0, 0, 0, 0, 0, 0, 0, 0, 4, 0, 18, 0, 0, 0, 6, 0, 0, 0, 18, 0, 0, 255, 250, 0, 0, 255, 226, 0, 0, 255, 250, 0, 0, 255, 226, 0, 0, 0, 6, 0, 0
										
										•POSN (48)
										 253, 210, 0, 0, 1, 8, 0, 0, 0, 4, 128, 0, 0, 0, 0, 0, 0, 0, 0, 0, 0, 0, 0, 0, 0, 0, 0, 0, 0, 0, 0, 0, 0, 0, 0, 0, 0, 1, 0, 0, 0, 1, 0, 0, 0, 1, 0, 0
										
								•PRSM (2452)
								
										•LOCK (2)
										 0, 0
										
										•LNUM (2)
										 0, 0
										
										•COLR (8)
										 0, 28, 28, 255, 255, 28, 28, 255
										
										•POLY (64)
										 0, 2, 3, 1, 0, 1, 0, 54, 0, 0, 255, 202, 0, 0, 0, 0, 0, 0, 0, 0, 0, 0, 0, 0, 0, 0, 0, 0, 0, 0, 0, 4, 0, 18, 0, 0, 0, 17, 0, 0, 0, 18, 0, 0, 255, 239, 0, 0, 255, 238, 0, 0, 255, 239, 0, 0, 255, 238, 0, 0, 0, 17, 0, 0
										
										•SURF (20)
										 0, 0
										
												•COLR (10)
												 0, 2, 0, 248, 248, 248, 255, 248, 248, 248
												
										•SURF (20)
										 0, 1
										
												•COLR (10)
												 0, 2, 0, 28, 28, 255, 128, 28, 28, 255
												
										•SURF (20)
										 0, 2
										
												•COLR (10)
												 0, 2, 0, 51, 255, 204, 255, 51, 255, 204
												
										•SURF (412)
										 0, 3
										
												•COLR (10)
												 0, 2, 0, 28, 28, 255, 128, 28, 28, 255
												
												•FEAT (90)
												 0, 1
												
														•COLR (4)
														 255, 191, 191, 191
														
														•POLY (36)
														 0, 2, 0, 4, 0, 1, 0, 0, 0, 53, 255, 148, 0, 1, 0, 0, 255, 202, 0, 108, 255, 255, 0, 0, 255, 202, 0, 108, 255, 255, 0, 0, 0, 53, 255, 148
														
														•POSN (24)
														 0, 35, 0, 0, 0, 53, 255, 148, 0, 0, 0, 0, 0, 0, 0, 0, 0, 1, 0, 0, 0, 1, 0, 0
														
												•FEAT (90)
												 0, 1
												
														•COLR (4)
														 255, 113, 113, 113
														
														•POLY (36)
														 0, 2, 0, 4, 0, 1, 64, 0, 0, 0, 255, 254, 0, 1, 64, 0, 255, 255, 0, 2, 255, 254, 192, 0, 255, 255, 0, 2, 255, 254, 192, 0, 0, 0, 255, 254
														
														•POSN (24)
														 0, 33, 192, 0, 0, 53, 255, 148, 0, 0, 0, 0, 0, 0, 0, 0, 0, 1, 0, 0, 0, 1, 0, 0
														
												•FEAT (90)
												 0, 1
												
														•COLR (4)
														 255, 113, 113, 113
														
														•POLY (36)
														 0, 2, 0, 4, 0, 1, 64, 0, 0, 0, 255, 254, 0, 1, 64, 0, 255, 255, 0, 2, 255, 254, 192, 0, 255, 255, 0, 2, 255, 254, 192, 0, 0, 0, 255, 254
														
														•POSN (24)
														 0, 33, 192, 0, 0, 93, 255, 68, 0, 0, 0, 0, 0, 0, 0, 0, 0, 1, 0, 0, 0, 1, 0, 0
														
												•FEAT (90)
												 0, 1
												
														•COLR (4)
														 255, 113, 113, 113
														
														•POLY (36)
														 0, 2, 0, 4, 0, 1, 64, 0, 0, 0, 255, 254, 0, 1, 64, 0, 255, 255, 0, 2, 255, 254, 192, 0, 255, 255, 0, 2, 255, 254, 192, 0, 0, 0, 255, 254
														
														•POSN (24)
														 0, 33, 192, 0, 0, 15, 255, 224, 0, 0, 0, 0, 0, 0, 0, 0, 0, 1, 0, 0, 0, 1, 0, 0
														
										•SURF (20)
										 0, 4
										
												•COLR (10)
												 0, 2, 0, 28, 28, 255, 128, 28, 28, 255
												
										•SURF (150)
										 0, 5
										
												•COLR (10)
												 0, 2, 0, 163, 163, 163, 255, 163, 163, 163
												
												•FEAT (122)
												 0, 1
												
														•COLR (4)
														 255, 63, 63, 63
														
														•POLY (68)
														 0, 3, 0, 8, 0, 1, 106, 7, 255, 254, 149, 247, 0, 0, 0, 0, 255, 254, 0, 0, 255, 254, 149, 249, 255, 254, 149, 247, 255, 254, 0, 4, 0, 0, 0, 0, 255, 254, 149, 249, 0, 1, 106, 9, 0, 0, 0, 0, 0, 2, 0, 0, 0, 1, 106, 7, 0, 1, 106, 9, 0, 1, 255, 252, 0, 0, 0, 0
														
														•POSN (24)
														 0, 11, 255, 232, 0, 18, 0, 0, 0, 0, 0, 0, 0, 0, 0, 0, 0, 1, 0, 0, 0, 1, 0, 0
														
										•POSN (48)
										 253, 246, 0, 0, 1, 39, 0, 0, 0, 54, 0, 0, 0, 0, 0, 0, 0, 0, 0, 0, 0, 0, 0, 0, 0, 0, 0, 0, 0, 0, 0, 0, 0, 0, 0, 0, 0, 1, 0, 0, 0, 1, 0, 0, 0, 1, 0, 0
										
										•PGRP (1418)
										
												•LOCK (2)
												 0, 0
												
												•LNUM (2)
												 0, 0
												
												•POSN (48)
												 254, 2, 0, 0, 1, 39, 0, 0, 0, 47, 0, 0, 0, 0, 0, 0, 0, 0, 0, 0, 0, 0, 0, 0, 0, 0, 0, 0, 0, 0, 0, 0, 0, 0, 0, 0, 0, 1, 0, 0, 0, 1, 0, 0, 0, 1, 0, 0
												
												•PRSM (272)
												
														•LOCK (2)
														 0, 0
														
														•LNUM (2)
														 0, 0
														
														•COLR (8)
														 0, 113, 113, 113, 255, 113, 113, 113
														
														•POLY (64)
														 0, 2, 1, 1, 0, 1, 0, 1, 0, 0, 255, 255, 0, 0, 0, 0, 0, 0, 0, 0, 0, 0, 0, 0, 0, 0, 0, 0, 0, 0, 0, 4, 0, 15, 0, 0, 0, 45, 0, 0, 0, 15, 0, 0, 255, 211, 0, 0, 255, 241, 0, 0, 255, 211, 0, 0, 255, 241, 0, 0, 0, 45, 0, 0
														
														•SURF (100)
														 0, 5
														
																•FEAT (90)
																 0, 1
																
																		•COLR (4)
																		 255, 248, 248, 248
																		
																		•POLY (36)
																		 0, 2, 0, 4, 0, 12, 255, 230, 0, 42, 255, 84, 0, 12, 255, 230, 255, 213, 0, 172, 255, 243, 0, 26, 255, 213, 0, 172, 255, 243, 0, 26, 0, 42, 255, 84
																		
																		•POSN (24)
																		 0, 14, 255, 226, 0, 44, 255, 76, 0, 0, 0, 0, 0, 0, 0, 0, 0, 1, 0, 0, 0, 1, 0, 0
																		
														•POSN (48)
														 254, 7, 0, 0, 1, 39, 0, 0, 0, 47, 0, 0, 0, 0, 0, 0, 0, 0, 0, 0, 0, 0, 0, 0, 0, 0, 0, 0, 0, 0, 0, 0, 0, 0, 0, 0, 0, 1, 0, 0, 0, 1, 0, 0, 0, 1, 0, 0
														
												•PRSM (164)
												
														•LOCK (2)
														 0, 0
														
														•LNUM (2)
														 0, 0
														
														•COLR (8)
														 0, 170, 170, 170, 255, 170, 170, 170
														
														•POLY (64)
														 0, 2, 1, 4, 0, 2, 255, 254, 64, 0, 0, 1, 192, 0, 0, 0, 0, 0, 0, 0, 0, 0, 0, 0, 0, 0, 0, 0, 0, 0, 0, 4, 0, 1, 0, 0, 0, 1, 128, 0, 0, 1, 0, 0, 255, 254, 128, 0, 255, 254, 0, 0, 255, 254, 128, 0, 255, 254, 0, 0, 0, 1, 128, 0
														
														•POSN (48)
														 254, 4, 64, 0, 1, 34, 0, 0, 0, 45, 128, 0, 0, 0, 0, 0, 0, 0, 0, 0, 0, 0, 0, 0, 0, 0, 0, 0, 0, 0, 0, 0, 0, 0, 0, 0, 0, 1, 0, 0, 0, 1, 0, 0, 0, 1, 0, 0
														
												•PRSM (164)
												
														•LOCK (2)
														 0, 0
														
														•LNUM (2)
														 0, 0
														
														•COLR (8)
														 0, 170, 170, 170, 255, 170, 170, 170
														
														•POLY (64)
														 0, 2, 1, 4, 0, 2, 255, 254, 64, 0, 0, 1, 192, 0, 0, 0, 0, 0, 0, 0, 0, 0, 0, 0, 0, 0, 0, 0, 0, 0, 0, 4, 0, 1, 0, 0, 0, 1, 128, 0, 0, 1, 0, 0, 255, 254, 128, 0, 255, 254, 0, 0, 255, 254, 128, 0, 255, 254, 0, 0, 0, 1, 128, 0
														
														•POSN (48)
														 254, 4, 64, 0, 1, 44, 0, 0, 0, 45, 128, 0, 0, 0, 0, 0, 0, 0, 0, 0, 0, 0, 0, 0, 0, 0, 0, 0, 0, 0, 0, 0, 0, 0, 0, 0, 0, 1, 0, 0, 0, 1, 0, 0, 0, 1, 0, 0
														
												•PGRP (710)
												
														•LOCK (2)
														 0, 0
														
														•LNUM (2)
														 0, 0
														
														•POSN (48)
														 254, 1, 0, 0, 1, 38, 0, 0, 0, 84, 0, 0, 0, 0, 0, 0, 0, 0, 0, 0, 0, 0, 0, 0, 0, 0, 0, 0, 0, 0, 0, 0, 0, 0, 0, 0, 0, 1, 0, 0, 0, 1, 0, 0, 0, 1, 0, 0
														
														•PRSM (328)
														
																•LOCK (2)
																 0, 0
																
																•LNUM (2)
																 0, 0
																
																•COLR (8)
																 0, 170, 170, 170, 255, 170, 170, 170
																
																•POLY (96)
																 0, 3, 1, 1, 0, 1, 0, 3, 0, 0, 255, 253, 0, 0, 0, 0, 0, 0, 0, 0, 0, 0, 0, 0, 0, 0, 255, 252, 0, 0, 0, 8, 255, 254, 149, 247, 255, 254, 149, 247, 255, 254, 0, 0, 0, 0, 0, 0, 255, 254, 149, 247, 0, 1, 106, 9, 0, 0, 0, 0, 0, 2, 0, 0, 0, 1, 106, 9, 0, 1, 106, 9, 0, 2, 0, 0, 0, 0, 0, 0, 0, 1, 106, 9, 255, 254, 149, 247, 0, 0, 0, 0, 255, 254, 0, 0
																
																•SLIC (34)
																 0, 2, 0, 0, 0, 0, 0, 0, 0, 0, 0, 3, 128, 0, 0, 14, 0, 0, 0, 5, 0, 0, 0, 0, 0, 0, 255, 250, 128, 0, 255, 251, 192, 0
																
																•POSN (48)
																 254, 3, 0, 0, 1, 38, 0, 0, 0, 88, 0, 0, 0, 0, 0, 0, 0, 0, 0, 0, 0, 0, 0, 0, 0, 0, 0, 0, 0, 0, 0, 0, 0, 0, 0, 0, 0, 1, 0, 0, 0, 1, 0, 0, 0, 1, 0, 0
																
																•ESLC (82)
																 0, 2, 0, 0, 0, 0, 0, 0, 0, 0, 0, 0, 0, 0, 0, 0, 0, 0, 0, 0, 0, 0, 0, 0, 0, 0, 0, 0, 0, 0, 255, 252, 0, 0, 255, 252, 128, 0, 255, 252, 0, 0, 0, 0, 0, 0, 0, 0, 0, 0, 0, 0, 0, 0, 0, 0, 0, 0, 0, 0, 0, 0, 0, 0, 0, 0, 255, 253, 0, 0, 255, 252, 128, 0, 0, 2, 128, 0, 0, 1, 128, 0
																
														•PRSM (272)
														
																•LOCK (2)
																 0, 0
																
																•LNUM (2)
																 0, 0
																
																•COLR (8)
																 0, 170, 170, 170, 255, 170, 170, 170
																
																•POLY (96)
																 0, 3, 3, 2, 0, 1, 0, 4, 0, 0, 255, 250, 0, 0, 0, 0, 0, 0, 0, 0, 0, 0, 0, 0, 0, 0, 0, 0, 0, 0, 0, 8, 0, 1, 106, 9, 255, 254, 149, 247, 0, 0, 0, 0, 255, 254, 0, 0, 255, 254, 149, 247, 255, 254, 149, 247, 255, 254, 0, 0, 0, 0, 0, 0, 255, 254, 149, 247, 0, 1, 106, 9, 0, 0, 0, 0, 0, 2, 0, 0, 0, 1, 106, 9, 0, 1, 106, 9, 0, 2, 0, 0, 0, 0, 0, 0
																
																•SLIC (18)
																 0, 1, 0, 1, 128, 0, 0, 0, 0, 0, 255, 253, 0, 0, 0, 0, 192, 0
																
																•POSN (48)
																 254, 1, 170, 190, 1, 38, 0, 0, 0, 83, 205, 104, 0, 0, 103, 101, 0, 0, 0, 0, 0, 0, 0, 0, 0, 0, 0, 0, 0, 0, 0, 0, 0, 0, 0, 0, 0, 1, 0, 0, 0, 1, 0, 0, 0, 0, 219, 109
																
																•ESLC (42)
																 0, 1, 0, 0, 0, 0, 0, 0, 0, 0, 0, 0, 0, 0, 0, 0, 0, 0, 0, 0, 0, 0, 0, 0, 0, 0, 255, 254, 128, 0, 255, 255, 128, 0, 0, 1, 128, 0, 0, 1, 0, 0
																
														•CONN (10)
														 0, 1, 0, 0, 0, 10, 0, 1, 0, 9
														
										•PRSM (164)
										
												•LOCK (2)
												 0, 0
												
												•LNUM (2)
												 0, 0
												
												•COLR (8)
												 0, 170, 170, 170, 255, 170, 170, 170
												
												•POLY (64)
												 0, 2, 3, 1, 0, 1, 0, 1, 128, 0, 255, 254, 128, 0, 0, 0, 0, 0, 0, 0, 0, 0, 0, 0, 0, 0, 0, 0, 0, 0, 0, 4, 0, 0, 128, 0, 0, 0, 64, 0, 0, 0, 128, 0, 255, 255, 192, 0, 255, 255, 128, 0, 255, 255, 192, 0, 255, 255, 128, 0, 0, 0, 64, 0
												
												•POSN (48)
												 253, 231, 128, 0, 1, 21, 192, 0, 0, 43, 128, 0, 0, 0, 0, 0, 0, 0, 0, 0, 0, 0, 0, 0, 0, 0, 0, 0, 0, 0, 0, 0, 0, 0, 0, 0, 0, 1, 0, 0, 0, 1, 0, 0, 0, 1, 0, 0
												
								•PGRP (592)
								
										•LOCK (2)
										 0, 0
										
										•LNUM (2)
										 0, 0
										
										•POSN (48)
										 253, 255, 0, 0, 1, 86, 0, 0, 0, 63, 0, 0, 0, 0, 0, 0, 0, 0, 0, 0, 0, 0, 0, 0, 0, 0, 0, 0, 0, 0, 0, 0, 0, 0, 0, 0, 0, 1, 0, 0, 0, 1, 0, 0, 0, 1, 0, 0
										
										•PRSM (164)
										
												•LOCK (2)
												 0, 0
												
												•LNUM (2)
												 0, 0
												
												•COLR (8)
												 0, 127, 127, 127, 255, 127, 127, 127
												
												•POLY (64)
												 0, 2, 1, 1, 0, 1, 0, 0, 128, 0, 255, 255, 128, 0, 0, 0, 0, 0, 0, 0, 0, 0, 0, 0, 0, 0, 0, 0, 0, 0, 0, 4, 0, 1, 0, 0, 0, 4, 0, 0, 0, 1, 0, 0, 255, 252, 0, 0, 255, 255, 0, 0, 255, 252, 0, 0, 255, 255, 0, 0, 0, 4, 0, 0
												
												•POSN (48)
												 253, 247, 128, 0, 1, 73, 0, 0, 0, 58, 0, 0, 0, 0, 0, 0, 0, 0, 0, 0, 0, 0, 0, 0, 0, 0, 0, 0, 0, 0, 0, 0, 0, 0, 0, 0, 0, 1, 0, 0, 0, 1, 0, 0, 0, 1, 0, 0
												
										•PRSM (164)
										
												•LOCK (2)
												 0, 0
												
												•LNUM (2)
												 0, 0
												
												•COLR (8)
												 0, 191, 191, 191, 255, 191, 191, 191
												
												•POLY (64)
												 0, 2, 3, 1, 0, 1, 0, 39, 0, 0, 255, 217, 0, 0, 0, 0, 0, 0, 0, 0, 0, 0, 0, 0, 0, 0, 0, 0, 0, 0, 0, 4, 0, 0, 128, 0, 0, 16, 128, 0, 0, 0, 128, 0, 255, 239, 128, 0, 255, 255, 128, 0, 255, 239, 128, 0, 255, 255, 128, 0, 0, 16, 128, 0
												
												•POSN (48)
												 253, 248, 128, 0, 1, 86, 128, 0, 0, 63, 0, 0, 0, 0, 0, 0, 0, 0, 0, 0, 0, 0, 0, 0, 0, 0, 0, 0, 0, 0, 0, 0, 0, 0, 0, 0, 0, 1, 0, 0, 0, 1, 0, 0, 0, 1, 0, 0
												
										•PRSM (164)
										
												•LOCK (2)
												 0, 0
												
												•LNUM (2)
												 0, 0
												
												•COLR (8)
												 0, 241, 255, 241, 255, 241, 255, 241
												
												•POLY (64)
												 0, 2, 3, 1, 0, 1, 0, 45, 0, 0, 255, 211, 0, 0, 0, 0, 0, 0, 0, 0, 0, 0, 0, 0, 0, 0, 0, 0, 0, 0, 0, 4, 0, 9, 0, 0, 0, 18, 0, 0, 0, 9, 0, 0, 255, 238, 0, 0, 255, 250, 0, 0, 255, 238, 0, 0, 255, 250, 0, 0, 0, 18, 0, 0
												
												•POSN (48)
												 253, 255, 0, 0, 1, 86, 0, 0, 0, 63, 0, 0, 0, 0, 0, 0, 0, 0, 0, 0, 0, 0, 0, 0, 0, 0, 0, 0, 0, 0, 0, 0, 0, 0, 0, 0, 0, 1, 0, 0, 0, 1, 0, 0, 0, 1, 0, 0
												
								•PGRP (656)
								
										•LOCK (2)
										 0, 0
										
										•LNUM (2)
										 0, 0
										
										•POSN (48)
										 253, 138, 0, 0, 1, 32, 0, 0, 0, 22, 0, 0, 0, 0, 0, 0, 0, 0, 0, 0, 0, 0, 0, 0, 0, 0, 0, 0, 0, 0, 0, 0, 0, 0, 0, 0, 0, 1, 0, 0, 0, 1, 0, 0, 0, 1, 0, 0
										
										•PRSM (180)
										
												•LOCK (2)
												 0, 0
												
												•LNUM (2)
												 0, 0
												
												•COLR (8)
												 0, 170, 170, 170, 255, 170, 170, 170
												
												•POLY (80)
												 0, 3, 3, 1, 0, 1, 0, 2, 0, 0, 255, 254, 0, 0, 0, 0, 0, 0, 0, 0, 0, 0, 0, 0, 0, 0, 0, 0, 0, 0, 0, 6, 0, 0, 255, 255, 255, 255, 0, 1, 255, 255, 162, 78, 255, 254, 162, 77, 255, 254, 162, 78, 255, 255, 162, 76, 255, 255, 0, 0, 0, 0, 255, 254, 0, 0, 93, 178, 0, 1, 93, 179, 0, 1, 93, 178, 0, 0, 93, 180
												
												•POSN (48)
												 253, 140, 128, 0, 1, 27, 255, 255, 0, 20, 0, 0, 0, 0, 0, 0, 0, 0, 0, 0, 0, 0, 0, 0, 0, 0, 0, 0, 0, 0, 0, 0, 0, 0, 0, 0, 0, 1, 0, 0, 0, 1, 0, 0, 0, 1, 0, 0
												
										•PRSM (196)
										
												•LOCK (2)
												 0, 0
												
												•LNUM (2)
												 0, 0
												
												•COLR (8)
												 0, 170, 170, 170, 255, 170, 170, 170
												
												•POLY (96)
												 0, 3, 3, 1, 0, 1, 0, 5, 0, 0, 255, 253, 0, 0, 0, 6, 0, 0, 0, 0, 0, 0, 0, 0, 0, 0, 0, 0, 0, 0, 0, 8, 255, 255, 255, 255, 255, 254, 149, 248, 255, 254, 255, 255, 255, 255, 0, 2, 255, 254, 149, 246, 0, 0, 0, 1, 255, 254, 255, 255, 0, 1, 0, 0, 255, 255, 255, 255, 0, 1, 106, 10, 0, 0, 255, 254, 0, 1, 0, 1, 0, 1, 106, 8, 0, 0, 0, 1, 0, 0, 255, 254, 255, 255, 0, 1
												
												•POSN (48)
												 253, 138, 37, 127, 1, 31, 165, 126, 0, 21, 0, 0, 0, 0, 0, 0, 0, 0, 0, 0, 0, 0, 201, 15, 0, 0, 0, 0, 0, 0, 0, 0, 0, 0, 0, 0, 0, 1, 0, 0, 0, 1, 0, 0, 0, 1, 0, 0
												
										•PRSM (180)
										
												•LOCK (2)
												 0, 0
												
												•LNUM (2)
												 0, 0
												
												•COLR (8)
												 0, 170, 170, 170, 255, 170, 170, 170
												
												•POLY (80)
												 0, 3, 3, 1, 0, 1, 0, 2, 0, 0, 255, 254, 0, 0, 0, 0, 0, 0, 0, 0, 0, 0, 0, 0, 0, 0, 0, 0, 0, 0, 0, 6, 0, 0, 255, 255, 255, 255, 0, 1, 255, 255, 162, 78, 255, 254, 162, 77, 255, 254, 162, 78, 255, 255, 162, 76, 255, 255, 0, 0, 0, 0, 255, 254, 0, 0, 93, 178, 0, 1, 93, 179, 0, 1, 93, 178, 0, 0, 93, 180
												
												•POSN (48)
												 253, 134, 128, 0, 1, 33, 255, 255, 0, 20, 0, 0, 0, 0, 0, 0, 0, 0, 0, 0, 0, 0, 0, 0, 0, 0, 0, 0, 0, 0, 0, 0, 0, 0, 0, 0, 0, 1, 0, 0, 0, 1, 0, 0, 0, 1, 0, 0
												
								•PGRP (2016)
								
										•LOCK (2)
										 0, 0
										
										•LNUM (2)
										 0, 0
										
										•POSN (48)
										 253, 147, 0, 0, 0, 211, 0, 0, 0, 21, 0, 0, 0, 0, 0, 0, 0, 0, 0, 0, 0, 0, 0, 0, 0, 0, 0, 0, 0, 0, 0, 0, 0, 0, 0, 0, 0, 1, 0, 0, 0, 1, 0, 0, 0, 1, 0, 0
										
										•PRSM (164)
										
												•LOCK (2)
												 0, 0
												
												•LNUM (2)
												 0, 0
												
												•COLR (8)
												 0, 248, 248, 248, 255, 248, 248, 248
												
												•POLY (64)
												 0, 2, 3, 2, 0, 1, 255, 242, 0, 0, 0, 14, 0, 0, 0, 0, 0, 0, 0, 0, 0, 0, 0, 0, 0, 0, 0, 0, 0, 0, 0, 4, 0, 1, 128, 0, 0, 1, 128, 0, 0, 1, 128, 0, 255, 254, 128, 0, 255, 254, 128, 0, 255, 254, 128, 0, 255, 254, 128, 0, 0, 1, 128, 0
												
												•POSN (48)
												 253, 154, 128, 0, 0, 221, 128, 0, 0, 14, 2, 50, 0, 0, 0, 0, 0, 0, 0, 0, 0, 0, 0, 0, 0, 0, 0, 0, 0, 0, 0, 0, 0, 0, 0, 0, 0, 1, 0, 0, 0, 1, 0, 0, 0, 1, 0, 0
												
										•PRSM (164)
										
												•LOCK (2)
												 0, 0
												
												•LNUM (2)
												 0, 0
												
												•COLR (8)
												 0, 248, 248, 248, 255, 248, 248, 248
												
												•POLY (64)
												 0, 2, 3, 2, 0, 1, 255, 242, 0, 0, 0, 14, 0, 0, 0, 0, 0, 0, 0, 0, 0, 0, 0, 0, 0, 0, 0, 0, 0, 0, 0, 4, 0, 1, 128, 0, 0, 1, 128, 0, 0, 1, 128, 0, 255, 254, 128, 0, 255, 254, 128, 0, 255, 254, 128, 0, 255, 254, 128, 0, 0, 1, 128, 0
												
												•POSN (48)
												 253, 154, 128, 0, 0, 200, 128, 0, 0, 14, 2, 50, 0, 0, 0, 0, 0, 0, 0, 0, 0, 0, 0, 0, 0, 0, 0, 0, 0, 0, 0, 0, 0, 0, 0, 0, 0, 1, 0, 0, 0, 1, 0, 0, 0, 1, 0, 0
												
										•PRSM (460)
										
												•LOCK (2)
												 0, 0
												
												•LNUM (2)
												 0, 0
												
												•COLR (8)
												 0, 248, 248, 248, 255, 248, 248, 248
												
												•POLY (64)
												 0, 2, 3, 5, 0, 5, 0, 10, 0, 0, 255, 246, 0, 0, 0, 0, 0, 0, 0, 0, 0, 0, 0, 0, 0, 0, 0, 0, 0, 0, 0, 4, 255, 244, 0, 0, 255, 241, 0, 0, 255, 244, 0, 0, 0, 15, 0, 0, 0, 12, 0, 0, 0, 15, 0, 0, 0, 12, 0, 0, 255, 241, 0, 0
												
												•SLIC (50)
												 0, 3, 0, 0, 0, 0, 0, 0, 0, 0, 255, 231, 0, 0, 0, 100, 0, 0, 0, 0, 0, 0, 0, 0, 0, 0, 0, 23, 0, 0, 0, 138, 0, 0, 0, 13, 0, 0, 0, 0, 0, 0, 0, 0, 0, 0, 0, 117, 0, 0
												
												•SURF (100)
												 0, 40
												
														•FEAT (90)
														 0, 1
														
																•COLR (4)
																 255, 127, 127, 127
																
																•POLY (36)
																 0, 2, 0, 4, 0, 7, 0, 0, 0, 12, 0, 0, 0, 7, 0, 0, 255, 244, 0, 0, 255, 251, 0, 0, 255, 244, 0, 0, 255, 251, 0, 0, 0, 12, 0, 0
																
																•POSN (24)
																 0, 11, 0, 0, 0, 14, 0, 0, 0, 0, 0, 0, 0, 0, 0, 0, 0, 1, 0, 0, 0, 1, 0, 0
																
												•POSN (48)
												 253, 146, 0, 0, 0, 211, 0, 0, 0, 34, 2, 50, 0, 0, 0, 0, 0, 0, 0, 0, 0, 0, 0, 0, 0, 0, 0, 0, 0, 0, 0, 0, 0, 0, 0, 0, 0, 1, 0, 0, 0, 1, 0, 0, 0, 1, 0, 0
												
												•ESLC (122)
												 0, 3, 0, 0, 0, 0, 0, 0, 0, 0, 0, 0, 0, 0, 0, 0, 0, 0, 0, 0, 0, 0, 0, 0, 0, 0, 255, 244, 0, 0, 0, 4, 0, 0, 0, 13, 0, 0, 0, 4, 0, 0, 0, 0, 0, 0, 0, 0, 0, 0, 0, 0, 0, 0, 0, 0, 0, 0, 0, 0, 0, 0, 0, 0, 0, 0, 0, 11, 0, 0, 255, 250, 0, 0, 255, 244, 0, 0, 255, 250, 0, 0, 0, 0, 0, 0, 0, 0, 0, 0, 0, 0, 0, 0, 0, 0, 0, 0, 0, 0, 0, 0, 0, 0, 0, 0, 255, 247, 0, 0, 255, 250, 0, 0, 255, 247, 0, 0, 0, 7, 0, 0
												
										•PRSM (164)
										
												•LOCK (2)
												 0, 0
												
												•LNUM (2)
												 0, 0
												
												•COLR (8)
												 0, 248, 248, 248, 255, 248, 248, 248
												
												•POLY (64)
												 0, 2, 3, 2, 0, 1, 255, 242, 0, 0, 0, 14, 0, 0, 0, 0, 0, 0, 0, 0, 0, 0, 0, 0, 0, 0, 0, 0, 0, 0, 0, 4, 0, 1, 128, 0, 0, 1, 128, 0, 0, 1, 128, 0, 255, 254, 128, 0, 255, 254, 128, 0, 255, 254, 128, 0, 255, 254, 128, 0, 0, 1, 128, 0
												
												•POSN (48)
												 253, 139, 128, 0, 0, 221, 128, 0, 0, 14, 2, 50, 0, 0, 0, 0, 0, 0, 0, 0, 0, 0, 0, 0, 0, 0, 0, 0, 0, 0, 0, 0, 0, 0, 0, 0, 0, 1, 0, 0, 0, 1, 0, 0, 0, 1, 0, 0
												
										•PRSM (164)
										
												•LOCK (2)
												 0, 0
												
												•LNUM (2)
												 0, 0
												
												•COLR (8)
												 0, 248, 248, 248, 255, 248, 248, 248
												
												•POLY (64)
												 0, 2, 3, 2, 0, 1, 255, 242, 0, 0, 0, 14, 0, 0, 0, 0, 0, 0, 0, 0, 0, 0, 0, 0, 0, 0, 0, 0, 0, 0, 0, 4, 0, 1, 128, 0, 0, 1, 128, 0, 0, 1, 128, 0, 255, 254, 128, 0, 255, 254, 128, 0, 255, 254, 128, 0, 255, 254, 128, 0, 0, 1, 128, 0
												
												•POSN (48)
												 253, 139, 128, 0, 0, 200, 86, 250, 0, 14, 0, 0, 0, 0, 0, 0, 0, 0, 0, 0, 0, 0, 0, 0, 0, 0, 0, 0, 0, 0, 0, 0, 0, 0, 0, 0, 0, 1, 0, 0, 0, 1, 0, 0, 0, 1, 0, 0
												
										•PRSM (164)
										
												•LOCK (2)
												 0, 0
												
												•LNUM (2)
												 0, 0
												
												•COLR (8)
												 0, 248, 248, 248, 255, 248, 248, 248
												
												•POLY (64)
												 0, 2, 3, 4, 0, 2, 0, 1, 128, 0, 255, 254, 128, 0, 0, 0, 0, 0, 0, 0, 0, 0, 0, 0, 0, 0, 0, 0, 0, 0, 0, 4, 0, 1, 0, 0, 0, 13, 0, 0, 0, 1, 0, 0, 255, 243, 0, 0, 255, 255, 0, 0, 255, 243, 0, 0, 255, 255, 0, 0, 0, 13, 0, 0
												
												•POSN (48)
												 253, 138, 0, 0, 0, 211, 0, 0, 0, 39, 130, 50, 0, 0, 0, 0, 0, 0, 0, 0, 0, 0, 0, 0, 0, 0, 0, 0, 0, 0, 0, 0, 0, 0, 0, 0, 0, 1, 0, 0, 0, 1, 0, 0, 0, 1, 0, 0
												
										•PRSM (196)
										
												•LOCK (2)
												 0, 0
												
												•LNUM (2)
												 0, 0
												
												•COLR (8)
												 0, 170, 170, 170, 255, 170, 170, 170
												
												•POLY (96)
												 0, 3, 3, 1, 0, 1, 0, 2, 0, 0, 255, 254, 128, 0, 0, 3, 128, 0, 0, 0, 0, 0, 0, 0, 0, 0, 0, 0, 0, 0, 0, 8, 0, 0, 181, 4, 255, 255, 74, 252, 0, 0, 0, 0, 255, 255, 0, 0, 255, 255, 74, 252, 255, 255, 74, 252, 255, 255, 0, 0, 0, 0, 0, 0, 255, 255, 74, 252, 0, 0, 181, 4, 0, 0, 0, 0, 0, 1, 0, 0, 0, 0, 181, 4, 0, 0, 181, 4, 0, 1, 0, 0, 0, 0, 0, 0
												
												•POSN (48)
												 253, 141, 0, 0, 0, 212, 0, 0, 0, 39, 130, 50, 0, 0, 0, 0, 0, 0, 0, 0, 0, 0, 0, 0, 0, 0, 0, 0, 0, 0, 0, 0, 0, 0, 0, 0, 0, 1, 0, 0, 0, 1, 0, 0, 0, 1, 0, 0
												
										•PRSM (196)
										
												•LOCK (2)
												 0, 0
												
												•LNUM (2)
												 0, 0
												
												•COLR (8)
												 0, 170, 170, 170, 255, 170, 170, 170
												
												•POLY (96)
												 0, 3, 3, 1, 0, 1, 0, 0, 64, 0, 255, 254, 128, 0, 0, 0, 0, 0, 0, 0, 0, 0, 0, 0, 0, 0, 0, 0, 0, 0, 0, 8, 0, 0, 181, 4, 255, 255, 74, 252, 0, 0, 0, 0, 255, 255, 0, 0, 255, 255, 74, 252, 255, 255, 74, 252, 255, 255, 0, 0, 0, 0, 0, 0, 255, 255, 74, 252, 0, 0, 181, 4, 0, 0, 0, 0, 0, 1, 0, 0, 0, 0, 181, 4, 0, 0, 181, 4, 0, 1, 0, 0, 0, 0, 0, 0
												
												•POSN (48)
												 253, 141, 128, 0, 0, 215, 0, 0, 0, 39, 130, 50, 0, 0, 0, 0, 0, 0, 0, 0, 0, 0, 0, 0, 0, 0, 0, 0, 0, 0, 0, 0, 0, 0, 0, 0, 0, 1, 0, 0, 0, 1, 0, 0, 0, 1, 0, 0
												
										•PRSM (196)
										
												•LOCK (2)
												 0, 0
												
												•LNUM (2)
												 0, 0
												
												•COLR (8)
												 0, 170, 170, 170, 255, 170, 170, 170
												
												•POLY (96)
												 0, 3, 3, 1, 0, 1, 0, 0, 64, 0, 255, 254, 128, 0, 0, 0, 0, 0, 0, 0, 0, 0, 0, 0, 0, 0, 0, 0, 0, 0, 0, 8, 0, 0, 181, 4, 255, 255, 74, 252, 0, 0, 0, 0, 255, 255, 0, 0, 255, 255, 74, 252, 255, 255, 74, 252, 255, 255, 0, 0, 0, 0, 0, 0, 255, 255, 74, 252, 0, 0, 181, 4, 0, 0, 0, 0, 0, 1, 0, 0, 0, 0, 181, 4, 0, 0, 181, 4, 0, 1, 0, 0, 0, 0, 0, 0
												
												•POSN (48)
												 253, 141, 128, 0, 0, 209, 0, 0, 0, 39, 130, 50, 0, 0, 0, 0, 0, 0, 0, 0, 0, 0, 0, 0, 0, 0, 0, 0, 0, 0, 0, 0, 0, 0, 0, 0, 0, 1, 0, 0, 0, 1, 0, 0, 0, 1, 0, 0
												
								•PRSM (272)
								
										•LOCK (2)
										 0, 0
										
										•LNUM (2)
										 0, 0
										
										•COLR (8)
										 0, 0, 156, 0, 255, 0, 156, 0
										
										•POLY (64)
										 0, 2, 3, 1, 0, 1, 0, 21, 0, 0, 255, 235, 0, 0, 0, 0, 0, 0, 0, 0, 0, 0, 0, 0, 0, 0, 0, 0, 0, 0, 0, 4, 0, 5, 128, 0, 0, 25, 0, 0, 0, 5, 128, 0, 255, 229, 0, 0, 255, 254, 128, 0, 255, 229, 0, 0, 255, 254, 128, 0, 0, 25, 0, 0
										
										•SURF (100)
										 0, 2
										
												•FEAT (90)
												 0, 1
												
														•COLR (4)
														 255, 241, 255, 241
														
														•POLY (36)
														 0, 2, 0, 4, 0, 21, 255, 212, 0, 16, 255, 188, 0, 21, 255, 212, 255, 239, 0, 68, 255, 234, 0, 44, 255, 239, 0, 68, 255, 234, 0, 44, 0, 16, 255, 188
														
														•POSN (24)
														 0, 25, 255, 204, 0, 20, 255, 172, 0, 0, 0, 0, 0, 0, 0, 0, 0, 1, 0, 0, 0, 1, 0, 0
														
										•POSN (48)
										 253, 134, 128, 0, 0, 213, 0, 0, 0, 69, 0, 0, 0, 0, 0, 0, 0, 0, 0, 0, 0, 0, 0, 0, 0, 0, 0, 0, 0, 0, 0, 0, 0, 0, 0, 0, 0, 1, 0, 0, 0, 1, 0, 0, 0, 1, 0, 0
										
								•PGRP (1540)
								
										•LOCK (2)
										 0, 0
										
										•LNUM (2)
										 0, 0
										
										•POSN (48)
										 253, 153, 126, 49, 0, 152, 147, 76, 0, 20, 102, 103, 0, 0, 0, 0, 0, 0, 0, 0, 0, 1, 146, 31, 0, 0, 0, 0, 0, 0, 0, 0, 0, 0, 0, 0, 0, 1, 0, 0, 0, 1, 54, 179, 0, 1, 153, 151
										
										•PRSM (240)
										
												•LOCK (2)
												 0, 0
												
												•LNUM (2)
												 0, 0
												
												•COLR (8)
												 0, 241, 255, 241, 255, 241, 255, 241
												
												•POLY (64)
												 0, 2, 3, 1, 0, 1, 0, 1, 255, 255, 0, 11, 0, 1, 0, 0, 0, 0, 0, 0, 0, 0, 0, 0, 0, 0, 0, 0, 0, 0, 0, 4, 255, 250, 213, 85, 255, 252, 213, 86, 255, 250, 213, 85, 0, 3, 42, 171, 0, 5, 85, 85, 0, 3, 42, 171, 0, 5, 85, 85, 255, 252, 213, 86
												
												•SLIC (18)
												 0, 1, 0, 0, 0, 0, 0, 65, 254, 248, 255, 226, 0, 0, 0, 217, 0, 0
												
												•POSN (48)
												 253, 151, 68, 152, 0, 153, 147, 69, 0, 5, 119, 167, 0, 0, 0, 0, 0, 0, 0, 0, 0, 1, 146, 31, 0, 0, 0, 0, 0, 0, 0, 0, 0, 0, 0, 0, 0, 1, 0, 0, 0, 1, 54, 174, 0, 1, 153, 146
												
												•ESLC (42)
												 0, 1, 0, 0, 0, 0, 0, 0, 0, 0, 0, 0, 0, 0, 0, 4, 182, 95, 0, 0, 0, 0, 0, 0, 0, 0, 255, 252, 170, 170, 0, 1, 170, 167, 0, 1, 170, 170, 0, 12, 170, 167
												
										•PRSM (180)
										
												•LOCK (2)
												 0, 0
												
												•LNUM (2)
												 0, 0
												
												•COLR (8)
												 0, 241, 255, 241, 255, 241, 255, 241
												
												•POLY (80)
												 0, 1, 3, 1, 0, 1, 255, 254, 0, 1, 0, 1, 255, 255, 0, 0, 0, 0, 0, 0, 0, 0, 0, 0, 0, 0, 0, 0, 0, 0, 0, 6, 255, 250, 192, 1, 255, 254, 170, 171, 255, 250, 192, 1, 0, 10, 0, 0, 0, 5, 64, 1, 0, 10, 0, 0, 0, 5, 64, 1, 255, 254, 213, 86, 0, 3, 21, 87, 255, 250, 213, 85, 255, 253, 64, 1, 255, 250, 213, 85
												
												•POSN (48)
												 253, 159, 143, 143, 0, 153, 168, 153, 0, 5, 119, 167, 0, 0, 0, 0, 0, 0, 0, 0, 0, 1, 146, 31, 0, 0, 0, 0, 0, 0, 0, 0, 0, 0, 0, 0, 0, 1, 0, 0, 0, 1, 54, 174, 0, 1, 153, 146
												
										•PRSM (272)
										
												•LOCK (2)
												 0, 0
												
												•LNUM (2)
												 0, 0
												
												•COLR (8)
												 0, 241, 255, 241, 255, 241, 255, 241
												
												•POLY (96)
												 0, 3, 3, 2, 0, 1, 255, 243, 213, 86, 0, 4, 128, 0, 0, 0, 0, 0, 0, 0, 0, 0, 0, 0, 0, 0, 0, 0, 0, 0, 0, 8, 0, 5, 85, 86, 255, 250, 170, 171, 0, 0, 0, 0, 255, 248, 85, 85, 255, 250, 170, 171, 255, 250, 170, 171, 255, 248, 85, 86, 0, 0, 0, 0, 255, 250, 170, 171, 0, 5, 85, 86, 0, 0, 0, 0, 0, 7, 170, 171, 0, 5, 85, 86, 0, 5, 85, 86, 0, 7, 170, 171, 0, 0, 0, 0
												
												•SLIC (18)
												 0, 1, 0, 0, 0, 0, 0, 0, 0, 0, 0, 51, 0, 0, 0, 204, 0, 0
												
												•POSN (48)
												 253, 159, 40, 0, 0, 153, 147, 76, 0, 15, 221, 237, 0, 0, 0, 0, 0, 0, 0, 0, 0, 0, 82, 114, 255, 255, 221, 74, 0, 0, 0, 0, 0, 0, 0, 0, 0, 1, 47, 146, 0, 1, 5, 251, 0, 1, 153, 146
												
												•ESLC (42)
												 0, 1, 0, 0, 0, 0, 0, 0, 0, 0, 0, 0, 0, 0, 0, 0, 0, 0, 0, 0, 0, 0, 0, 0, 0, 0, 0, 3, 213, 85, 255, 252, 170, 167, 255, 251, 85, 85, 255, 252, 170, 167
												
										•PRSM (272)
										
												•LOCK (2)
												 0, 0
												
												•LNUM (2)
												 0, 0
												
												•COLR (8)
												 0, 241, 255, 241, 255, 241, 255, 241
												
												•POLY (96)
												 0, 3, 3, 2, 0, 1, 0, 0, 255, 255, 255, 255, 0, 1, 0, 0, 0, 0, 0, 0, 0, 0, 0, 0, 0, 0, 0, 0, 0, 0, 0, 8, 0, 5, 87, 239, 255, 250, 168, 228, 0, 0, 1, 41, 255, 248, 114, 157, 255, 250, 169, 182, 255, 250, 168, 227, 255, 248, 114, 157, 0, 0, 0, 0, 255, 250, 168, 17, 0, 5, 87, 28, 255, 255, 254, 215, 0, 7, 141, 99, 0, 5, 86, 74, 0, 5, 87, 29, 0, 7, 141, 99, 0, 0, 0, 0
												
												•SLIC (18)
												 0, 1, 0, 0, 148, 8, 255, 255, 193, 72, 255, 154, 158, 0, 0, 9, 170, 171
												
												•POSN (48)
												 253, 159, 39, 255, 0, 153, 147, 77, 0, 27, 221, 196, 0, 0, 0, 0, 0, 0, 0, 0, 0, 0, 80, 126, 255, 255, 221, 239, 0, 0, 0, 0, 0, 0, 0, 0, 0, 1, 47, 225, 0, 1, 5, 182, 0, 1, 153, 146
												
												•ESLC (42)
												 0, 1, 0, 0, 0, 0, 0, 0, 0, 0, 0, 0, 0, 0, 0, 0, 113, 229, 0, 6, 13, 202, 0, 6, 44, 203, 255, 246, 85, 85, 255, 254, 85, 82, 0, 6, 170, 170, 0, 2, 170, 167
												
										•PRSM (272)
										
												•LOCK (2)
												 0, 0
												
												•LNUM (2)
												 0, 0
												
												•COLR (8)
												 0, 241, 255, 241, 255, 241, 255, 241
												
												•POLY (64)
												 0, 2, 2, 1, 0, 1, 0, 4, 42, 171, 255, 249, 170, 170, 0, 0, 0, 0, 0, 0, 0, 0, 0, 0, 0, 0, 0, 0, 0, 0, 0, 4, 0, 6, 42, 171, 255, 247, 0, 0, 255, 249, 213, 85, 255, 247, 0, 0, 255, 249, 213, 85, 0, 9, 0, 0, 0, 6, 42, 171, 0, 9, 0, 0
												
												•SURF (100)
												 0, 2
												
														•FEAT (90)
														 0, 1
														
																•COLR (4)
																 255, 206, 206, 206
																
																•POLY (36)
																 0, 2, 0, 4, 255, 255, 21, 86, 255, 253, 149, 86, 255, 255, 21, 86, 0, 2, 106, 171, 0, 0, 192, 0, 0, 2, 106, 171, 0, 0, 192, 0, 255, 253, 149, 86
																
																•POSN (24)
																 0, 8, 21, 86, 0, 8, 149, 85, 0, 0, 0, 0, 0, 0, 0, 0, 0, 1, 0, 0, 0, 1, 0, 0
																
												•POSN (48)
												 253, 139, 189, 45, 0, 153, 147, 69, 0, 32, 238, 193, 0, 0, 0, 0, 0, 0, 0, 0, 0, 1, 146, 31, 0, 0, 0, 0, 0, 0, 0, 0, 0, 0, 0, 0, 0, 1, 0, 0, 0, 1, 54, 174, 0, 1, 153, 146
												
										•PRSM (180)
										
												•LOCK (2)
												 0, 0
												
												•LNUM (2)
												 0, 0
												
												•COLR (8)
												 0, 241, 255, 241, 255, 241, 255, 241
												
												•POLY (80)
												 0, 1, 3, 1, 0, 1, 0, 1, 0, 0, 255, 255, 0, 0, 0, 0, 0, 0, 0, 0, 0, 0, 0, 0, 0, 0, 0, 0, 0, 0, 0, 6, 255, 247, 21, 86, 255, 247, 149, 86, 255, 247, 21, 87, 0, 4, 191, 255, 0, 9, 21, 87, 0, 4, 191, 255, 0, 9, 21, 87, 255, 247, 149, 86, 0, 3, 21, 86, 255, 240, 192, 0, 255, 253, 21, 86, 255, 240, 192, 0
												
												•POSN (48)
												 253, 153, 48, 127, 0, 153, 125, 239, 0, 24, 170, 157, 0, 0, 0, 0, 0, 0, 0, 0, 0, 1, 146, 31, 0, 0, 0, 0, 0, 0, 0, 0, 0, 0, 0, 0, 0, 1, 0, 0, 0, 1, 54, 174, 0, 1, 153, 146
												
								•PGRP (1108)
								
										•LOCK (2)
										 0, 0
										
										•LNUM (2)
										 0, 0
										
										•POSN (48)
										 253, 251, 0, 1, 0, 174, 255, 255, 0, 16, 0, 0, 0, 0, 0, 0, 0, 0, 0, 0, 255, 254, 109, 225, 0, 0, 0, 0, 0, 0, 0, 0, 0, 0, 0, 0, 0, 1, 118, 39, 0, 1, 0, 0, 0, 1, 0, 0
										
										•PRSM (164)
										
												•LOCK (2)
												 0, 0
												
												•LNUM (2)
												 0, 0
												
												•COLR (8)
												 0, 255, 255, 255, 255, 255, 255, 255
												
												•POLY (64)
												 0, 2, 3, 1, 0, 1, 0, 11, 204, 205, 255, 244, 51, 51, 0, 0, 0, 0, 0, 0, 0, 0, 0, 0, 0, 0, 0, 0, 0, 0, 0, 4, 0, 14, 128, 1, 0, 10, 128, 1, 0, 14, 128, 1, 255, 245, 128, 1, 255, 241, 128, 1, 255, 245, 128, 1, 255, 241, 128, 1, 0, 10, 128, 1
												
												•POSN (48)
												 253, 252, 128, 0, 0, 175, 187, 12, 0, 15, 102, 102, 0, 0, 0, 0, 0, 0, 0, 0, 255, 254, 109, 225, 0, 0, 0, 0, 0, 0, 0, 0, 0, 0, 0, 0, 0, 1, 118, 39, 0, 1, 0, 0, 0, 1, 0, 0
												
										•PRSM (164)
										
												•LOCK (2)
												 0, 0
												
												•LNUM (2)
												 0, 0
												
												•COLR (8)
												 0, 255, 255, 255, 255, 255, 255, 255
												
												•POLY (64)
												 0, 2, 3, 1, 0, 1, 0, 1, 204, 204, 255, 254, 51, 52, 0, 0, 0, 0, 0, 0, 0, 0, 0, 0, 0, 0, 0, 0, 0, 0, 0, 4, 255, 241, 128, 1, 255, 246, 128, 1, 255, 241, 128, 1, 0, 9, 128, 1, 0, 14, 128, 1, 0, 9, 128, 1, 0, 14, 128, 1, 255, 246, 128, 1
												
												•POSN (48)
												 253, 253, 127, 253, 0, 175, 187, 12, 0, 1, 204, 204, 0, 0, 0, 0, 0, 0, 0, 0, 255, 254, 109, 225, 0, 0, 0, 0, 0, 0, 0, 0, 0, 0, 0, 0, 0, 1, 118, 39, 0, 1, 0, 0, 0, 1, 0, 0
												
										•PRSM (164)
										
												•LOCK (2)
												 0, 0
												
												•LNUM (2)
												 0, 0
												
												•COLR (8)
												 0, 255, 255, 255, 255, 255, 255, 255
												
												•POLY (64)
												 0, 2, 3, 1, 0, 1, 0, 0, 73, 36, 255, 255, 36, 147, 0, 0, 0, 0, 0, 0, 0, 0, 0, 0, 0, 0, 0, 0, 0, 0, 0, 4, 255, 241, 128, 1, 255, 244, 21, 242, 255, 241, 128, 1, 0, 11, 51, 52, 0, 14, 128, 1, 0, 11, 51, 52, 0, 14, 128, 1, 255, 244, 21, 242
												
												•POSN (48)
												 253, 251, 204, 207, 0, 175, 187, 12, 0, 28, 0, 7, 0, 0, 0, 0, 0, 0, 0, 0, 255, 254, 109, 225, 0, 0, 0, 0, 0, 0, 0, 0, 0, 0, 0, 0, 0, 1, 118, 39, 0, 1, 0, 0, 0, 1, 0, 0
												
										•PRSM (164)
										
												•LOCK (2)
												 0, 0
												
												•LNUM (2)
												 0, 0
												
												•COLR (8)
												 0, 255, 255, 255, 255, 255, 255, 255
												
												•POLY (64)
												 0, 2, 3, 1, 0, 1, 0, 2, 18, 73, 255, 253, 237, 183, 0, 0, 0, 0, 0, 0, 0, 0, 0, 0, 0, 0, 0, 0, 0, 0, 0, 4, 255, 241, 128, 1, 255, 255, 76, 205, 255, 241, 128, 1, 0, 0, 179, 52, 0, 14, 128, 1, 0, 0, 179, 52, 0, 14, 128, 1, 255, 255, 76, 205
												
												•POSN (48)
												 254, 6, 76, 177, 0, 175, 187, 12, 0, 30, 91, 117, 0, 0, 0, 0, 0, 0, 0, 0, 255, 254, 109, 225, 0, 0, 0, 0, 0, 0, 0, 0, 0, 0, 0, 0, 0, 1, 118, 39, 0, 1, 0, 0, 0, 1, 0, 0
												
										•PRSM (164)
										
												•LOCK (2)
												 0, 0
												
												•LNUM (2)
												 0, 0
												
												•COLR (8)
												 0, 255, 255, 255, 255, 255, 255, 255
												
												•POLY (64)
												 0, 2, 3, 1, 0, 1, 0, 10, 73, 36, 255, 245, 182, 220, 0, 0, 0, 0, 0, 0, 0, 0, 0, 0, 0, 0, 0, 0, 0, 0, 0, 4, 255, 248, 182, 220, 255, 255, 146, 73, 255, 248, 182, 220, 0, 0, 109, 182, 0, 7, 0, 2, 0, 0, 109, 182, 0, 7, 0, 2, 255, 255, 146, 73
												
												•POSN (48)
												 253, 241, 109, 211, 0, 186, 70, 34, 0, 15, 219, 117, 0, 0, 0, 0, 0, 0, 0, 0, 255, 254, 109, 225, 0, 0, 0, 0, 0, 0, 0, 0, 0, 0, 0, 0, 0, 1, 118, 39, 0, 1, 0, 0, 0, 1, 0, 0
												
										•PRSM (164)
										
												•LOCK (2)
												 0, 0
												
												•LNUM (2)
												 0, 0
												
												•COLR (8)
												 0, 255, 255, 255, 255, 255, 255, 255
												
												•POLY (64)
												 0, 2, 3, 1, 0, 1, 0, 10, 73, 36, 255, 245, 182, 220, 0, 0, 0, 0, 0, 0, 0, 0, 0, 0, 0, 0, 0, 0, 0, 0, 0, 4, 255, 248, 182, 220, 255, 255, 146, 73, 255, 248, 182, 220, 0, 0, 109, 182, 0, 7, 73, 38, 0, 0, 109, 182, 0, 7, 73, 38, 255, 255, 146, 73
												
												•POSN (48)
												 253, 241, 109, 210, 0, 165, 74, 176, 0, 15, 219, 117, 0, 0, 0, 0, 0, 0, 0, 0, 255, 254, 109, 225, 0, 0, 0, 0, 0, 0, 0, 0, 0, 0, 0, 0, 0, 1, 118, 39, 0, 1, 0, 0, 0, 1, 0, 0
												
								•CONN (50)
								 0, 6, 255, 255, 0, 1, 0, 0, 0, 1, 255, 255, 0, 4, 0, 0, 0, 4, 255, 255, 0, 1, 0, 1, 0, 1, 255, 255, 0, 2, 0, 1, 0, 2, 255, 255, 0, 2, 0, 3, 0, 2, 255, 255, 0, 4, 0, 7, 0, 4
								
						•PGRP (6742)
						
								•LOCK (2)
								 0, 0
								
								•LNUM (2)
								 0, 0
								
								•POSN (48)
								 253, 69, 0, 0, 255, 178, 0, 0, 0, 60, 0, 0, 0, 0, 0, 0, 0, 0, 0, 0, 0, 0, 0, 0, 0, 0, 0, 0, 0, 0, 0, 0, 0, 0, 0, 0, 0, 1, 0, 0, 0, 1, 0, 0, 0, 1, 0, 0
								
								•PRSM (3078)
								
										•LOCK (2)
										 0, 0
										
										•LNUM (2)
										 0, 0
										
										•COLR (8)
										 0, 56, 56, 255, 255, 56, 56, 255
										
										•POLY (120)
										 0, 1, 3, 1, 0, 1, 0, 60, 0, 0, 255, 196, 0, 0, 0, 0, 0, 0, 0, 0, 0, 0, 0, 0, 0, 0, 0, 0, 0, 0, 0, 11, 0, 32, 37, 57, 0, 77, 155, 26, 0, 59, 101, 159, 0, 59, 101, 159, 0, 77, 155, 26, 0, 32, 37, 57, 0, 84, 0, 0, 0, 0, 0, 0, 0, 84, 0, 0, 254, 248, 0, 0, 255, 172, 0, 0, 254, 248, 0, 0, 255, 172, 0, 0, 0, 0, 0, 0, 255, 178, 100, 230, 0, 32, 37, 57, 255, 196, 154, 97, 0, 59, 101, 159, 255, 223, 218, 199, 0, 77, 155, 26, 0, 0, 0, 0, 0, 84, 0, 0
										
										•SURF (20)
										 0, 0
										
												•COLR (10)
												 0, 2, 0, 56, 56, 255, 255, 56, 56, 255
												
										•SURF (296)
										 0, 1
										
												•FEAT (90)
												 0, 1
												
														•COLR (4)
														 255, 255, 255, 255
														
														•POLY (36)
														 0, 2, 0, 4, 0, 11, 0, 103, 0, 32, 255, 124, 0, 11, 0, 103, 255, 223, 0, 132, 255, 247, 0, 26, 255, 223, 0, 132, 255, 247, 0, 26, 0, 32, 255, 124
														
														•POSN (24)
														 0, 14, 255, 213, 0, 68, 254, 236, 0, 0, 0, 0, 0, 0, 0, 0, 0, 1, 0, 0, 0, 1, 0, 0
														
												•FEAT (90)
												 0, 1
												
														•COLR (4)
														 0, 255, 255, 255
														
														•POLY (36)
														 0, 2, 0, 4, 0, 7, 255, 235, 0, 30, 255, 132, 0, 7, 255, 235, 255, 225, 0, 124, 255, 248, 0, 23, 255, 225, 0, 124, 255, 248, 0, 23, 0, 30, 255, 132
														
														•POSN (24)
														 0, 15, 255, 210, 0, 68, 254, 236, 0, 0, 0, 0, 0, 0, 0, 0, 0, 1, 0, 0, 0, 1, 0, 0
														
												•FEAT (90)
												 0, 1
												
														•COLR (4)
														 255, 255, 255, 255
														
														•POLY (36)
														 0, 2, 0, 4, 0, 7, 255, 235, 0, 0, 255, 252, 0, 7, 255, 235, 255, 255, 0, 4, 255, 248, 0, 23, 255, 255, 0, 4, 255, 248, 0, 23, 0, 0, 255, 252
														
														•POSN (24)
														 0, 15, 255, 210, 0, 70, 254, 228, 0, 0, 0, 0, 0, 0, 0, 0, 0, 1, 0, 0, 0, 1, 0, 0
														
										•SURF (296)
										 0, 2
										
												•FEAT (90)
												 0, 1
												
														•COLR (4)
														 255, 255, 255, 255
														
														•POLY (36)
														 0, 2, 0, 4, 0, 11, 0, 103, 0, 32, 255, 124, 0, 11, 0, 103, 255, 223, 0, 132, 255, 247, 0, 26, 255, 223, 0, 132, 255, 247, 0, 26, 0, 32, 255, 124
														
														•POSN (24)
														 0, 14, 255, 213, 0, 68, 254, 236, 0, 0, 0, 0, 0, 0, 0, 0, 0, 1, 0, 0, 0, 1, 0, 0
														
												•FEAT (90)
												 0, 1
												
														•COLR (4)
														 0, 255, 255, 255
														
														•POLY (36)
														 0, 2, 0, 4, 0, 7, 255, 235, 0, 30, 255, 132, 0, 7, 255, 235, 255, 225, 0, 124, 255, 248, 0, 23, 255, 225, 0, 124, 255, 248, 0, 23, 0, 30, 255, 132
														
														•POSN (24)
														 0, 15, 255, 210, 0, 68, 254, 236, 0, 0, 0, 0, 0, 0, 0, 0, 0, 1, 0, 0, 0, 1, 0, 0
														
												•FEAT (90)
												 0, 1
												
														•COLR (4)
														 255, 255, 255, 255
														
														•POLY (36)
														 0, 2, 0, 4, 0, 7, 255, 235, 0, 0, 255, 252, 0, 7, 255, 235, 255, 255, 0, 4, 255, 248, 0, 23, 255, 255, 0, 4, 255, 248, 0, 23, 0, 0, 255, 252
														
														•POSN (24)
														 0, 15, 255, 210, 0, 70, 254, 228, 0, 0, 0, 0, 0, 0, 0, 0, 0, 1, 0, 0, 0, 1, 0, 0
														
										•SURF (296)
										 0, 3
										
												•FEAT (90)
												 0, 1
												
														•COLR (4)
														 255, 255, 255, 255
														
														•POLY (36)
														 0, 2, 0, 4, 0, 11, 0, 103, 0, 32, 255, 124, 0, 11, 0, 103, 255, 223, 0, 132, 255, 247, 0, 26, 255, 223, 0, 132, 255, 247, 0, 26, 0, 32, 255, 124
														
														•POSN (24)
														 0, 14, 255, 213, 0, 68, 254, 212, 0, 0, 0, 0, 0, 0, 0, 0, 0, 1, 0, 0, 0, 1, 0, 0
														
												•FEAT (90)
												 0, 1
												
														•COLR (4)
														 0, 255, 255, 255
														
														•POLY (36)
														 0, 2, 0, 4, 0, 7, 255, 235, 0, 30, 255, 132, 0, 7, 255, 235, 255, 225, 0, 124, 255, 248, 0, 23, 255, 225, 0, 124, 255, 248, 0, 23, 0, 30, 255, 132
														
														•POSN (24)
														 0, 15, 255, 210, 0, 68, 254, 212, 0, 0, 0, 0, 0, 0, 0, 0, 0, 1, 0, 0, 0, 1, 0, 0
														
												•FEAT (90)
												 0, 1
												
														•COLR (4)
														 255, 255, 255, 255
														
														•POLY (36)
														 0, 2, 0, 4, 0, 7, 255, 235, 0, 0, 255, 252, 0, 7, 255, 235, 255, 255, 0, 4, 255, 248, 0, 23, 255, 255, 0, 4, 255, 248, 0, 23, 0, 0, 255, 252
														
														•POSN (24)
														 0, 15, 255, 210, 0, 70, 254, 204, 0, 0, 0, 0, 0, 0, 0, 0, 0, 1, 0, 0, 0, 1, 0, 0
														
										•SURF (198)
										 0, 6
										
												•FEAT (90)
												 0, 1
												
														•COLR (4)
														 255, 255, 255, 255
														
														•POLY (36)
														 0, 2, 0, 4, 255, 184, 0, 0, 255, 208, 0, 96, 255, 184, 0, 0, 0, 47, 255, 160, 0, 72, 0, 0, 0, 47, 255, 160, 0, 72, 0, 0, 255, 208, 0, 96
														
														•POSN (24)
														 0, 84, 0, 0, 0, 47, 255, 160, 0, 0, 0, 0, 0, 0, 0, 0, 0, 1, 0, 0, 0, 1, 0, 0
														
												•FEAT (90)
												 0, 1
												
														•COLR (4)
														 0, 255, 255, 255
														
														•POLY (36)
														 0, 2, 0, 4, 255, 190, 0, 0, 255, 214, 0, 84, 255, 190, 0, 0, 0, 41, 255, 172, 0, 66, 0, 0, 0, 41, 255, 172, 0, 66, 0, 0, 255, 214, 0, 84
														
														•POSN (24)
														 0, 84, 0, 0, 0, 41, 255, 172, 0, 0, 0, 0, 0, 0, 0, 0, 0, 1, 0, 0, 0, 1, 0, 0
														
										•SURF (296)
										 0, 8
										
												•FEAT (90)
												 0, 1
												
														•COLR (4)
														 255, 255, 255, 255
														
														•POLY (36)
														 0, 2, 0, 4, 0, 11, 0, 103, 0, 32, 255, 124, 0, 11, 0, 103, 255, 223, 0, 132, 255, 247, 0, 26, 255, 223, 0, 132, 255, 247, 0, 26, 0, 32, 255, 124
														
														•POSN (24)
														 0, 14, 255, 213, 0, 68, 254, 236, 0, 0, 0, 0, 0, 0, 0, 0, 0, 1, 0, 0, 0, 1, 0, 0
														
												•FEAT (90)
												 0, 1
												
														•COLR (4)
														 0, 255, 255, 255
														
														•POLY (36)
														 0, 2, 0, 4, 0, 7, 255, 235, 0, 30, 255, 132, 0, 7, 255, 235, 255, 225, 0, 124, 255, 248, 0, 23, 255, 225, 0, 124, 255, 248, 0, 23, 0, 30, 255, 132
														
														•POSN (24)
														 0, 15, 255, 210, 0, 68, 254, 236, 0, 0, 0, 0, 0, 0, 0, 0, 0, 1, 0, 0, 0, 1, 0, 0
														
												•FEAT (90)
												 0, 1
												
														•COLR (4)
														 255, 255, 255, 255
														
														•POLY (36)
														 0, 2, 0, 4, 0, 7, 255, 235, 0, 0, 255, 252, 0, 7, 255, 235, 255, 255, 0, 4, 255, 248, 0, 23, 255, 255, 0, 4, 255, 248, 0, 23, 0, 0, 255, 252
														
														•POSN (24)
														 0, 15, 255, 210, 0, 70, 254, 228, 0, 0, 0, 0, 0, 0, 0, 0, 0, 1, 0, 0, 0, 1, 0, 0
														
										•SURF (296)
										 0, 9
										
												•FEAT (90)
												 0, 1
												
														•COLR (4)
														 255, 255, 255, 255
														
														•POLY (36)
														 0, 2, 0, 4, 0, 11, 0, 103, 0, 32, 255, 124, 0, 11, 0, 103, 255, 223, 0, 132, 255, 247, 0, 26, 255, 223, 0, 132, 255, 247, 0, 26, 0, 32, 255, 124
														
														•POSN (24)
														 0, 14, 255, 213, 0, 68, 254, 236, 0, 0, 0, 0, 0, 0, 0, 0, 0, 1, 0, 0, 0, 1, 0, 0
														
												•FEAT (90)
												 0, 1
												
														•COLR (4)
														 0, 255, 255, 255
														
														•POLY (36)
														 0, 2, 0, 4, 0, 7, 255, 235, 0, 30, 255, 132, 0, 7, 255, 235, 255, 225, 0, 124, 255, 248, 0, 23, 255, 225, 0, 124, 255, 248, 0, 23, 0, 30, 255, 132
														
														•POSN (24)
														 0, 15, 255, 210, 0, 68, 254, 236, 0, 0, 0, 0, 0, 0, 0, 0, 0, 1, 0, 0, 0, 1, 0, 0
														
												•FEAT (90)
												 0, 1
												
														•COLR (4)
														 255, 255, 255, 255
														
														•POLY (36)
														 0, 2, 0, 4, 0, 7, 255, 235, 0, 0, 255, 252, 0, 7, 255, 235, 255, 255, 0, 4, 255, 248, 0, 23, 255, 255, 0, 4, 255, 248, 0, 23, 0, 0, 255, 252
														
														•POSN (24)
														 0, 15, 255, 210, 0, 70, 254, 228, 0, 0, 0, 0, 0, 0, 0, 0, 0, 1, 0, 0, 0, 1, 0, 0
														
										•SURF (296)
										 0, 10
										
												•FEAT (90)
												 0, 1
												
														•COLR (4)
														 255, 255, 255, 255
														
														•POLY (36)
														 0, 2, 0, 4, 0, 11, 0, 103, 0, 32, 255, 124, 0, 11, 0, 103, 255, 223, 0, 132, 255, 247, 0, 26, 255, 223, 0, 132, 255, 247, 0, 26, 0, 32, 255, 124
														
														•POSN (24)
														 0, 14, 255, 213, 0, 68, 254, 212, 0, 0, 0, 0, 0, 0, 0, 0, 0, 1, 0, 0, 0, 1, 0, 0
														
												•FEAT (90)
												 0, 1
												
														•COLR (4)
														 0, 255, 255, 255
														
														•POLY (36)
														 0, 2, 0, 4, 0, 7, 255, 235, 0, 30, 255, 132, 0, 7, 255, 235, 255, 225, 0, 124, 255, 248, 0, 23, 255, 225, 0, 124, 255, 248, 0, 23, 0, 30, 255, 132
														
														•POSN (24)
														 0, 15, 255, 210, 0, 68, 254, 212, 0, 0, 0, 0, 0, 0, 0, 0, 0, 1, 0, 0, 0, 1, 0, 0
														
												•FEAT (90)
												 0, 1
												
														•COLR (4)
														 255, 255, 255, 255
														
														•POLY (36)
														 0, 2, 0, 4, 0, 7, 255, 235, 0, 0, 255, 252, 0, 7, 255, 235, 255, 255, 0, 4, 255, 248, 0, 23, 255, 255, 0, 4, 255, 248, 0, 23, 0, 0, 255, 252
														
														•POSN (24)
														 0, 15, 255, 210, 0, 70, 254, 204, 0, 0, 0, 0, 0, 0, 0, 0, 0, 1, 0, 0, 0, 1, 0, 0
														
										•SURF (296)
										 0, 11
										
												•FEAT (90)
												 0, 1
												
														•COLR (4)
														 255, 255, 255, 255
														
														•POLY (36)
														 0, 2, 0, 4, 0, 11, 0, 103, 0, 32, 255, 124, 0, 11, 0, 103, 255, 223, 0, 132, 255, 247, 0, 26, 255, 223, 0, 132, 255, 247, 0, 26, 0, 32, 255, 124
														
														•POSN (24)
														 0, 14, 255, 213, 0, 68, 254, 212, 0, 0, 0, 0, 0, 0, 0, 0, 0, 1, 0, 0, 0, 1, 0, 0
														
												•FEAT (90)
												 0, 1
												
														•COLR (4)
														 0, 255, 255, 255
														
														•POLY (36)
														 0, 2, 0, 4, 0, 7, 255, 235, 0, 30, 255, 132, 0, 7, 255, 235, 255, 225, 0, 124, 255, 248, 0, 23, 255, 225, 0, 124, 255, 248, 0, 23, 0, 30, 255, 132
														
														•POSN (24)
														 0, 15, 255, 210, 0, 68, 254, 212, 0, 0, 0, 0, 0, 0, 0, 0, 0, 1, 0, 0, 0, 1, 0, 0
														
												•FEAT (90)
												 0, 1
												
														•COLR (4)
														 255, 255, 255, 255
														
														•POLY (36)
														 0, 2, 0, 4, 0, 7, 255, 235, 0, 0, 255, 252, 0, 7, 255, 235, 255, 255, 0, 4, 255, 248, 0, 23, 255, 255, 0, 4, 255, 248, 0, 23, 0, 0, 255, 252
														
														•POSN (24)
														 0, 15, 255, 210, 0, 70, 254, 204, 0, 0, 0, 0, 0, 0, 0, 0, 0, 1, 0, 0, 0, 1, 0, 0
														
										•SURF (20)
										 0, 12
										
												•COLR (10)
												 0, 2, 0, 127, 127, 0, 255, 127, 127, 0
												
										•POSN (48)
										 252, 244, 0, 0, 0, 12, 0, 0, 0, 60, 0, 0, 0, 0, 0, 0, 0, 0, 0, 0, 0, 0, 0, 0, 0, 0, 0, 0, 0, 0, 0, 0, 0, 0, 0, 0, 0, 1, 0, 0, 0, 1, 0, 0, 0, 1, 0, 0
										
										•PRSM (240)
										
												•LOCK (2)
												 0, 0
												
												•LNUM (2)
												 0, 0
												
												•COLR (8)
												 0, 255, 255, 255, 255, 255, 255, 255
												
												•POLY (112)
												 0, 1, 3, 1, 0, 1, 255, 250, 0, 0, 255, 238, 0, 0, 0, 0, 0, 0, 0, 0, 0, 0, 0, 0, 0, 0, 0, 0, 0, 0, 0, 10, 0, 32, 37, 57, 0, 77, 155, 26, 0, 59, 101, 159, 0, 59, 101, 159, 0, 77, 155, 26, 0, 32, 37, 57, 0, 82, 0, 0, 0, 0, 0, 0, 0, 80, 196, 235, 255, 205, 59, 20, 255, 172, 0, 0, 0, 0, 0, 0, 255, 178, 100, 230, 0, 32, 37, 57, 255, 196, 154, 97, 0, 59, 101, 159, 255, 223, 218, 199, 0, 77, 155, 26, 0, 0, 0, 0, 0, 84, 0, 0
												
												•SURF (20)
												 0, 0
												
														•COLR (10)
														 0, 2, 0, 127, 127, 0, 255, 127, 127, 0
														
												•POSN (48)
												 252, 244, 0, 0, 0, 12, 0, 0, 0, 20, 0, 0, 0, 0, 0, 0, 0, 0, 0, 0, 0, 0, 0, 0, 0, 0, 0, 0, 0, 0, 0, 0, 0, 0, 0, 0, 0, 1, 0, 0, 0, 1, 0, 0, 0, 1, 0, 0
												
										•PRSM (212)
										
												•LOCK (2)
												 0, 0
												
												•LNUM (2)
												 0, 0
												
												•COLR (8)
												 0, 255, 255, 255, 255, 255, 255, 255
												
												•POLY (112)
												 0, 1, 3, 1, 0, 1, 0, 15, 0, 0, 255, 241, 0, 0, 0, 0, 0, 0, 0, 0, 0, 0, 0, 0, 0, 0, 0, 0, 0, 0, 0, 10, 255, 225, 169, 73, 0, 126, 74, 82, 255, 238, 61, 238, 0, 122, 107, 91, 255, 245, 4, 32, 0, 112, 189, 239, 0, 6, 111, 123, 0, 73, 189, 239, 0, 19, 4, 32, 0, 18, 99, 24, 0, 27, 185, 205, 255, 223, 24, 198, 0, 26, 194, 15, 255, 182, 115, 156, 0, 19, 4, 32, 255, 161, 189, 239, 0, 1, 152, 197, 255, 145, 49, 140, 255, 224, 227, 25, 255, 129, 181, 173
												
												•POSN (48)
												 252, 191, 28, 231, 255, 140, 66, 17, 0, 15, 0, 0, 0, 0, 0, 0, 0, 0, 0, 0, 0, 0, 0, 0, 0, 0, 0, 0, 0, 0, 0, 0, 0, 0, 0, 0, 0, 1, 0, 0, 0, 1, 0, 0, 0, 1, 0, 0
												
								•PRSM (3554)
								
										•LOCK (2)
										 0, 0
										
										•LNUM (2)
										 0, 0
										
										•COLR (8)
										 0, 56, 56, 255, 255, 56, 56, 255
										
										•POLY (112)
										 0, 1, 3, 1, 0, 1, 0, 60, 0, 0, 255, 196, 0, 0, 0, 0, 0, 0, 0, 0, 0, 0, 0, 0, 0, 0, 0, 0, 0, 0, 0, 10, 0, 32, 37, 57, 0, 77, 155, 26, 0, 59, 101, 159, 0, 59, 101, 159, 0, 77, 155, 26, 0, 32, 37, 57, 0, 84, 0, 0, 0, 0, 0, 0, 0, 84, 0, 0, 255, 21, 53, 41, 255, 179, 0, 0, 255, 21, 53, 41, 255, 178, 100, 230, 0, 32, 37, 57, 255, 196, 154, 97, 0, 59, 101, 159, 255, 223, 218, 199, 0, 77, 155, 26, 0, 0, 0, 0, 0, 84, 0, 0
										
										•SURF (20)
										 0, 0
										
												•COLR (10)
												 0, 2, 0, 56, 56, 255, 255, 56, 56, 255
												
										•SURF (296)
										 0, 1
										
												•FEAT (90)
												 0, 1
												
														•COLR (4)
														 255, 255, 255, 255
														
														•POLY (36)
														 0, 2, 0, 4, 0, 11, 0, 103, 0, 32, 255, 124, 0, 11, 0, 103, 255, 223, 0, 132, 255, 247, 0, 26, 255, 223, 0, 132, 255, 247, 0, 26, 0, 32, 255, 124
														
														•POSN (24)
														 0, 14, 255, 213, 0, 68, 254, 212, 0, 0, 0, 0, 0, 0, 0, 0, 0, 1, 0, 0, 0, 1, 0, 0
														
												•FEAT (90)
												 0, 1
												
														•COLR (4)
														 0, 255, 255, 255
														
														•POLY (36)
														 0, 2, 0, 4, 0, 7, 255, 235, 0, 30, 255, 132, 0, 7, 255, 235, 255, 225, 0, 124, 255, 248, 0, 23, 255, 225, 0, 124, 255, 248, 0, 23, 0, 30, 255, 132
														
														•POSN (24)
														 0, 15, 255, 210, 0, 68, 254, 212, 0, 0, 0, 0, 0, 0, 0, 0, 0, 1, 0, 0, 0, 1, 0, 0
														
												•FEAT (90)
												 0, 1
												
														•COLR (4)
														 255, 255, 255, 255
														
														•POLY (36)
														 0, 2, 0, 4, 0, 7, 255, 235, 0, 0, 255, 252, 0, 7, 255, 235, 255, 255, 0, 4, 255, 248, 0, 23, 255, 255, 0, 4, 255, 248, 0, 23, 0, 0, 255, 252
														
														•POSN (24)
														 0, 15, 255, 210, 0, 70, 254, 204, 0, 0, 0, 0, 0, 0, 0, 0, 0, 1, 0, 0, 0, 1, 0, 0
														
										•SURF (296)
										 0, 2
										
												•FEAT (90)
												 0, 1
												
														•COLR (4)
														 255, 255, 255, 255
														
														•POLY (36)
														 0, 2, 0, 4, 0, 11, 0, 103, 0, 32, 255, 124, 0, 11, 0, 103, 255, 223, 0, 132, 255, 247, 0, 26, 255, 223, 0, 132, 255, 247, 0, 26, 0, 32, 255, 124
														
														•POSN (24)
														 0, 14, 255, 213, 0, 68, 254, 236, 0, 0, 0, 0, 0, 0, 0, 0, 0, 1, 0, 0, 0, 1, 0, 0
														
												•FEAT (90)
												 0, 1
												
														•COLR (4)
														 0, 255, 255, 255
														
														•POLY (36)
														 0, 2, 0, 4, 0, 7, 255, 235, 0, 30, 255, 132, 0, 7, 255, 235, 255, 225, 0, 124, 255, 248, 0, 23, 255, 225, 0, 124, 255, 248, 0, 23, 0, 30, 255, 132
														
														•POSN (24)
														 0, 15, 255, 210, 0, 68, 254, 236, 0, 0, 0, 0, 0, 0, 0, 0, 0, 1, 0, 0, 0, 1, 0, 0
														
												•FEAT (90)
												 0, 1
												
														•COLR (4)
														 255, 255, 255, 255
														
														•POLY (36)
														 0, 2, 0, 4, 0, 7, 255, 235, 0, 0, 255, 252, 0, 7, 255, 235, 255, 255, 0, 4, 255, 248, 0, 23, 255, 255, 0, 4, 255, 248, 0, 23, 0, 0, 255, 252
														
														•POSN (24)
														 0, 15, 255, 210, 0, 70, 254, 228, 0, 0, 0, 0, 0, 0, 0, 0, 0, 1, 0, 0, 0, 1, 0, 0
														
										•SURF (296)
										 0, 3
										
												•FEAT (90)
												 0, 1
												
														•COLR (4)
														 255, 255, 255, 255
														
														•POLY (36)
														 0, 2, 0, 4, 0, 11, 0, 103, 0, 32, 255, 124, 0, 11, 0, 103, 255, 223, 0, 132, 255, 247, 0, 26, 255, 223, 0, 132, 255, 247, 0, 26, 0, 32, 255, 124
														
														•POSN (24)
														 0, 14, 255, 213, 0, 70, 254, 236, 0, 0, 0, 0, 0, 0, 0, 0, 0, 1, 0, 0, 0, 1, 0, 0
														
												•FEAT (90)
												 0, 1
												
														•COLR (4)
														 0, 255, 255, 255
														
														•POLY (36)
														 0, 2, 0, 4, 0, 7, 255, 235, 0, 30, 255, 132, 0, 7, 255, 235, 255, 225, 0, 124, 255, 248, 0, 23, 255, 225, 0, 124, 255, 248, 0, 23, 0, 30, 255, 132
														
														•POSN (24)
														 0, 15, 255, 210, 0, 70, 254, 236, 0, 0, 0, 0, 0, 0, 0, 0, 0, 1, 0, 0, 0, 1, 0, 0
														
												•FEAT (90)
												 0, 1
												
														•COLR (4)
														 255, 255, 255, 255
														
														•POLY (36)
														 0, 2, 0, 4, 0, 7, 255, 235, 0, 0, 255, 252, 0, 7, 255, 235, 255, 255, 0, 4, 255, 248, 0, 23, 255, 255, 0, 4, 255, 248, 0, 23, 0, 0, 255, 252
														
														•POSN (24)
														 0, 15, 255, 210, 0, 72, 254, 228, 0, 0, 0, 0, 0, 0, 0, 0, 0, 1, 0, 0, 0, 1, 0, 0
														
										•SURF (296)
										 0, 4
										
												•FEAT (90)
												 0, 1
												
														•COLR (4)
														 255, 255, 255, 255
														
														•POLY (36)
														 0, 2, 0, 4, 0, 11, 0, 103, 0, 32, 255, 124, 0, 11, 0, 103, 255, 223, 0, 132, 255, 247, 0, 26, 255, 223, 0, 132, 255, 247, 0, 26, 0, 32, 255, 124
														
														•POSN (24)
														 0, 14, 255, 213, 0, 68, 254, 236, 0, 0, 0, 0, 0, 0, 0, 0, 0, 1, 0, 0, 0, 1, 0, 0
														
												•FEAT (90)
												 0, 1
												
														•COLR (4)
														 0, 255, 255, 255
														
														•POLY (36)
														 0, 2, 0, 4, 0, 7, 255, 235, 0, 30, 255, 132, 0, 7, 255, 235, 255, 225, 0, 124, 255, 248, 0, 23, 255, 225, 0, 124, 255, 248, 0, 23, 0, 30, 255, 132
														
														•POSN (24)
														 0, 15, 255, 210, 0, 68, 254, 236, 0, 0, 0, 0, 0, 0, 0, 0, 0, 1, 0, 0, 0, 1, 0, 0
														
												•FEAT (90)
												 0, 1
												
														•COLR (4)
														 255, 255, 255, 255
														
														•POLY (36)
														 0, 2, 0, 4, 0, 7, 255, 235, 0, 0, 255, 252, 0, 7, 255, 235, 255, 255, 0, 4, 255, 248, 0, 23, 255, 255, 0, 4, 255, 248, 0, 23, 0, 0, 255, 252
														
														•POSN (24)
														 0, 15, 255, 210, 0, 70, 254, 228, 0, 0, 0, 0, 0, 0, 0, 0, 0, 1, 0, 0, 0, 1, 0, 0
														
										•SURF (198)
										 0, 6
										
												•FEAT (90)
												 0, 1
												
														•COLR (4)
														 255, 255, 255, 255
														
														•POLY (36)
														 0, 2, 0, 4, 255, 235, 0, 0, 255, 208, 0, 96, 255, 235, 0, 0, 0, 47, 255, 160, 0, 21, 0, 0, 0, 47, 255, 160, 0, 21, 0, 0, 255, 208, 0, 96
														
														•POSN (24)
														 0, 117, 0, 0, 0, 47, 255, 160, 0, 0, 0, 0, 0, 0, 0, 0, 0, 1, 0, 0, 0, 1, 0, 0
														
												•FEAT (90)
												 0, 1
												
														•COLR (4)
														 0, 255, 255, 255
														
														•POLY (36)
														 0, 2, 0, 4, 255, 241, 0, 0, 255, 214, 0, 84, 255, 241, 0, 0, 0, 41, 255, 172, 0, 15, 0, 0, 0, 41, 255, 172, 0, 15, 0, 0, 255, 214, 0, 84
														
														•POSN (24)
														 0, 117, 0, 0, 0, 41, 255, 172, 0, 0, 0, 0, 0, 0, 0, 0, 0, 1, 0, 0, 0, 1, 0, 0
														
										•SURF (20)
										 0, 7
										
												•COLR (10)
												 0, 2, 0, 255, 255, 255, 0, 255, 255, 255
												
										•SURF (296)
										 0, 9
										
												•FEAT (90)
												 0, 1
												
														•COLR (4)
														 255, 255, 255, 255
														
														•POLY (36)
														 0, 2, 0, 4, 0, 11, 0, 103, 0, 32, 255, 124, 0, 11, 0, 103, 255, 223, 0, 132, 255, 247, 0, 26, 255, 223, 0, 132, 255, 247, 0, 26, 0, 32, 255, 124
														
														•POSN (24)
														 0, 14, 255, 213, 0, 68, 254, 236, 0, 0, 0, 0, 0, 0, 0, 0, 0, 1, 0, 0, 0, 1, 0, 0
														
												•FEAT (90)
												 0, 1
												
														•COLR (4)
														 0, 255, 255, 255
														
														•POLY (36)
														 0, 2, 0, 4, 0, 7, 255, 235, 0, 30, 255, 132, 0, 7, 255, 235, 255, 225, 0, 124, 255, 248, 0, 23, 255, 225, 0, 124, 255, 248, 0, 23, 0, 30, 255, 132
														
														•POSN (24)
														 0, 15, 255, 210, 0, 68, 254, 236, 0, 0, 0, 0, 0, 0, 0, 0, 0, 1, 0, 0, 0, 1, 0, 0
														
												•FEAT (90)
												 0, 1
												
														•COLR (4)
														 255, 255, 255, 255
														
														•POLY (36)
														 0, 2, 0, 4, 0, 7, 255, 235, 0, 0, 255, 252, 0, 7, 255, 235, 255, 255, 0, 4, 255, 248, 0, 23, 255, 255, 0, 4, 255, 248, 0, 23, 0, 0, 255, 252
														
														•POSN (24)
														 0, 15, 255, 210, 0, 70, 254, 228, 0, 0, 0, 0, 0, 0, 0, 0, 0, 1, 0, 0, 0, 1, 0, 0
														
										•SURF (296)
										 0, 10
										
												•FEAT (90)
												 0, 1
												
														•COLR (4)
														 255, 255, 255, 255
														
														•POLY (36)
														 0, 2, 0, 4, 0, 11, 0, 103, 0, 32, 255, 124, 0, 11, 0, 103, 255, 223, 0, 132, 255, 247, 0, 26, 255, 223, 0, 132, 255, 247, 0, 26, 0, 32, 255, 124
														
														•POSN (24)
														 0, 14, 255, 213, 0, 68, 254, 236, 0, 0, 0, 0, 0, 0, 0, 0, 0, 1, 0, 0, 0, 1, 0, 0
														
												•FEAT (90)
												 0, 1
												
														•COLR (4)
														 0, 255, 255, 255
														
														•POLY (36)
														 0, 2, 0, 4, 0, 7, 255, 235, 0, 30, 255, 132, 0, 7, 255, 235, 255, 225, 0, 124, 255, 248, 0, 23, 255, 225, 0, 124, 255, 248, 0, 23, 0, 30, 255, 132
														
														•POSN (24)
														 0, 15, 255, 210, 0, 68, 254, 236, 0, 0, 0, 0, 0, 0, 0, 0, 0, 1, 0, 0, 0, 1, 0, 0
														
												•FEAT (90)
												 0, 1
												
														•COLR (4)
														 255, 255, 255, 255
														
														•POLY (36)
														 0, 2, 0, 4, 0, 7, 255, 235, 0, 0, 255, 252, 0, 7, 255, 235, 255, 255, 0, 4, 255, 248, 0, 23, 255, 255, 0, 4, 255, 248, 0, 23, 0, 0, 255, 252
														
														•POSN (24)
														 0, 15, 255, 210, 0, 70, 254, 228, 0, 0, 0, 0, 0, 0, 0, 0, 0, 1, 0, 0, 0, 1, 0, 0
														
										•SURF (20)
										 0, 11
										
												•COLR (10)
												 0, 2, 0, 127, 127, 0, 255, 127, 127, 0
												
										•POSN (48)
										 253, 149, 144, 24, 255, 238, 203, 43, 0, 60, 0, 0, 0, 0, 0, 0, 0, 0, 0, 0, 0, 0, 0, 0, 0, 0, 0, 0, 0, 0, 0, 0, 0, 0, 0, 0, 0, 1, 0, 0, 0, 1, 0, 0, 0, 1, 0, 0
										
										•PRSM (164)
										
												•LOCK (2)
												 0, 0
												
												•LNUM (2)
												 0, 0
												
												•COLR (8)
												 0, 255, 255, 255, 255, 255, 255, 255
												
												•POLY (64)
												 0, 1, 3, 1, 0, 1, 0, 15, 0, 0, 255, 241, 0, 0, 0, 0, 0, 0, 0, 0, 0, 0, 0, 0, 0, 0, 0, 0, 0, 0, 0, 4, 255, 238, 0, 0, 255, 241, 0, 0, 0, 0, 0, 0, 0, 15, 0, 0, 0, 24, 0, 0, 0, 3, 0, 0, 0, 12, 0, 0, 255, 241, 0, 0
												
												•POSN (48)
												 253, 90, 0, 0, 0, 27, 0, 0, 0, 15, 0, 0, 0, 0, 0, 0, 0, 0, 0, 0, 0, 0, 0, 0, 0, 0, 0, 0, 0, 0, 0, 0, 0, 0, 0, 0, 0, 1, 0, 0, 0, 1, 0, 0, 0, 1, 0, 0
												
										•PRSM (172)
										
												•LOCK (2)
												 0, 0
												
												•LNUM (2)
												 0, 0
												
												•COLR (8)
												 0, 255, 255, 255, 255, 255, 255, 255
												
												•POLY (72)
												 0, 1, 3, 1, 0, 1, 0, 15, 0, 0, 255, 241, 0, 0, 0, 0, 0, 0, 0, 0, 0, 0, 0, 0, 0, 0, 0, 0, 0, 0, 0, 5, 255, 226, 0, 0, 255, 244, 0, 0, 0, 0, 0, 0, 0, 6, 0, 0, 0, 30, 0, 0, 0, 12, 0, 0, 0, 30, 0, 0, 255, 244, 0, 0, 255, 250, 0, 0, 255, 232, 0, 0
												
												•POSN (48)
												 253, 120, 0, 0, 0, 54, 0, 0, 0, 15, 0, 0, 0, 0, 0, 0, 0, 0, 0, 0, 0, 0, 0, 0, 0, 0, 0, 0, 0, 0, 0, 0, 0, 0, 0, 0, 0, 1, 0, 0, 0, 1, 0, 0, 0, 1, 0, 0
												
										•PRSM (172)
										
												•LOCK (2)
												 0, 0
												
												•LNUM (2)
												 0, 0
												
												•COLR (8)
												 0, 255, 255, 255, 255, 255, 255, 255
												
												•POLY (72)
												 0, 1, 3, 1, 0, 1, 0, 15, 0, 0, 255, 241, 0, 0, 0, 0, 0, 0, 0, 0, 0, 0, 0, 0, 0, 0, 0, 0, 0, 0, 0, 5, 255, 226, 247, 190, 0, 21, 0, 0, 0, 0, 247, 190, 0, 14, 107, 91, 0, 29, 8, 66, 255, 252, 8, 66, 0, 10, 165, 41, 255, 235, 0, 0, 255, 226, 247, 190, 255, 253, 123, 223
												
												•POSN (48)
												 253, 179, 156, 230, 0, 45, 0, 0, 0, 15, 0, 0, 0, 0, 0, 0, 0, 0, 0, 0, 0, 0, 0, 0, 0, 0, 0, 0, 0, 0, 0, 0, 0, 0, 0, 0, 0, 1, 0, 0, 0, 1, 0, 0, 0, 1, 0, 0
												
										•PRSM (172)
										
												•LOCK (2)
												 0, 0
												
												•LNUM (2)
												 0, 0
												
												•COLR (8)
												 0, 255, 255, 255, 255, 255, 255, 255
												
												•POLY (72)
												 0, 1, 3, 1, 0, 1, 0, 15, 0, 0, 255, 241, 0, 0, 0, 0, 0, 0, 0, 0, 0, 0, 0, 0, 0, 0, 0, 0, 0, 0, 0, 5, 255, 248, 189, 240, 0, 27, 148, 165, 0, 10, 41, 75, 0, 2, 107, 90, 0, 15, 247, 190, 255, 228, 107, 90, 255, 240, 8, 67, 255, 228, 107, 90, 255, 230, 90, 215, 0, 11, 156, 231
												
												•POSN (48)
												 253, 216, 99, 23, 0, 12, 123, 223, 0, 15, 0, 0, 0, 0, 0, 0, 0, 0, 0, 0, 0, 0, 0, 0, 0, 0, 0, 0, 0, 0, 0, 0, 0, 0, 0, 0, 0, 1, 0, 0, 0, 1, 0, 0, 0, 1, 0, 0
												
										•PRSM (164)
										
												•LOCK (2)
												 0, 0
												
												•LNUM (2)
												 0, 0
												
												•COLR (8)
												 0, 255, 255, 255, 255, 255, 255, 255
												
												•POLY (64)
												 0, 1, 3, 1, 0, 1, 0, 15, 0, 0, 255, 241, 0, 0, 0, 0, 0, 0, 0, 0, 0, 0, 0, 0, 0, 0, 0, 0, 0, 0, 0, 4, 0, 16, 177, 141, 0, 18, 99, 24, 0, 16, 177, 141, 255, 237, 33, 8, 255, 240, 194, 18, 255, 237, 33, 8, 255, 240, 194, 18, 0, 18, 222, 247
												
												•POSN (48)
												 253, 215, 169, 72, 255, 221, 140, 99, 0, 15, 0, 0, 0, 0, 0, 0, 0, 0, 0, 0, 0, 0, 0, 0, 0, 0, 0, 0, 0, 0, 0, 0, 0, 0, 0, 0, 0, 1, 0, 0, 0, 1, 0, 0, 0, 1, 0, 0
												
										•PRSM (164)
										
												•LOCK (2)
												 0, 0
												
												•LNUM (2)
												 0, 0
												
												•COLR (8)
												 0, 255, 255, 255, 255, 255, 255, 255
												
												•POLY (64)
												 0, 1, 3, 1, 0, 1, 0, 15, 0, 0, 255, 241, 0, 0, 0, 0, 0, 0, 0, 0, 0, 0, 0, 0, 0, 0, 0, 0, 0, 0, 0, 4, 255, 241, 86, 182, 0, 71, 94, 247, 0, 14, 94, 248, 0, 71, 94, 247, 0, 14, 169, 75, 255, 184, 161, 7, 255, 241, 210, 149, 255, 184, 161, 7
												
												•POSN (48)
												 253, 87, 86, 181, 255, 196, 37, 42, 0, 15, 0, 0, 0, 0, 0, 0, 0, 0, 0, 0, 0, 0, 0, 0, 0, 0, 0, 0, 0, 0, 0, 0, 0, 0, 0, 0, 0, 1, 0, 0, 0, 1, 0, 0, 0, 1, 0, 0
												
										•PRSM (164)
										
												•LOCK (2)
												 0, 0
												
												•LNUM (2)
												 0, 0
												
												•COLR (8)
												 0, 255, 255, 255, 255, 255, 255, 255
												
												•POLY (64)
												 0, 1, 3, 1, 0, 1, 0, 36, 0, 0, 255, 220, 0, 0, 0, 0, 0, 0, 0, 0, 0, 0, 0, 0, 0, 0, 0, 0, 0, 0, 0, 4, 0, 16, 53, 174, 0, 63, 111, 123, 0, 16, 53, 174, 255, 191, 227, 24, 255, 239, 202, 84, 255, 191, 227, 24, 255, 239, 202, 84, 0, 64, 28, 231
												
												•POSN (48)
												 253, 216, 37, 39, 255, 138, 144, 133, 0, 36, 0, 0, 0, 0, 0, 0, 0, 0, 0, 0, 0, 0, 0, 0, 0, 0, 0, 0, 0, 0, 0, 0, 0, 0, 0, 0, 0, 1, 0, 0, 0, 1, 0, 0, 0, 1, 0, 0
												
								•CONN (10)
								 0, 1, 0, 0, 0, 5, 0, 1, 0, 7
								
						•PGRP (3228)
						
								•LOCK (2)
								 0, 0
								
								•LNUM (2)
								 0, 0
								
								•POSN (48)
								 252, 230, 0, 0, 1, 54, 64, 0, 0, 39, 192, 0, 0, 0, 0, 0, 0, 0, 0, 0, 0, 0, 0, 0, 0, 0, 0, 0, 0, 0, 0, 0, 0, 0, 0, 0, 0, 1, 0, 0, 0, 1, 0, 0, 0, 1, 0, 0
								
								•PRSM (164)
								
										•LOCK (2)
										 0, 0
										
										•LNUM (2)
										 0, 0
										
										•COLR (8)
										 0, 255, 102, 51, 255, 255, 102, 51
										
										•POLY (64)
										 0, 2, 3, 1, 0, 1, 0, 39, 0, 0, 255, 223, 0, 0, 0, 0, 0, 0, 0, 0, 0, 0, 0, 0, 0, 0, 0, 0, 0, 0, 0, 4, 0, 5, 0, 0, 0, 2, 0, 0, 0, 5, 0, 0, 255, 232, 0, 0, 255, 217, 0, 0, 255, 232, 0, 0, 255, 217, 0, 0, 0, 2, 0, 0
										
										•POSN (48)
										 252, 247, 0, 0, 1, 68, 0, 0, 0, 39, 0, 0, 0, 0, 0, 0, 0, 0, 0, 0, 0, 0, 0, 0, 0, 0, 0, 0, 0, 0, 0, 0, 0, 0, 0, 0, 0, 1, 0, 0, 0, 1, 0, 0, 0, 1, 0, 0
										
								•PRSM (164)
								
										•LOCK (2)
										 0, 0
										
										•LNUM (2)
										 0, 0
										
										•COLR (8)
										 0, 255, 102, 51, 255, 255, 102, 51
										
										•POLY (64)
										 0, 2, 3, 1, 0, 1, 255, 227, 0, 0, 255, 215, 0, 0, 0, 0, 0, 0, 0, 0, 0, 0, 0, 0, 0, 0, 0, 0, 0, 0, 0, 4, 0, 21, 128, 0, 0, 0, 128, 0, 0, 21, 128, 0, 255, 255, 0, 0, 255, 235, 128, 0, 255, 255, 0, 0, 255, 235, 128, 0, 0, 0, 128, 0
										
										•POSN (48)
										 252, 229, 128, 0, 1, 43, 128, 0, 0, 48, 0, 0, 0, 0, 0, 0, 0, 0, 0, 0, 0, 0, 0, 0, 0, 0, 0, 0, 0, 0, 0, 0, 0, 0, 0, 0, 0, 1, 0, 0, 0, 1, 0, 0, 0, 1, 0, 0
										
								•PRSM (164)
								
										•LOCK (2)
										 0, 0
										
										•LNUM (2)
										 0, 0
										
										•COLR (8)
										 0, 255, 102, 51, 255, 255, 102, 51
										
										•POLY (64)
										 0, 2, 3, 1, 0, 1, 0, 3, 0, 0, 255, 254, 128, 0, 0, 0, 0, 0, 0, 0, 0, 0, 0, 0, 0, 0, 0, 0, 0, 0, 0, 4, 0, 2, 0, 0, 0, 2, 0, 0, 0, 2, 0, 0, 255, 254, 0, 0, 255, 254, 0, 0, 255, 254, 0, 0, 255, 254, 0, 0, 0, 2, 0, 0
										
										•POSN (48)
										 252, 210, 0, 0, 1, 68, 0, 0, 0, 3, 0, 0, 0, 0, 0, 0, 0, 0, 0, 0, 0, 0, 0, 0, 0, 0, 0, 0, 0, 0, 0, 0, 0, 0, 0, 0, 0, 1, 0, 0, 0, 1, 0, 0, 0, 1, 0, 0
										
								•PRSM (164)
								
										•LOCK (2)
										 0, 0
										
										•LNUM (2)
										 0, 0
										
										•COLR (8)
										 0, 255, 102, 51, 255, 255, 102, 51
										
										•POLY (64)
										 0, 2, 3, 1, 0, 1, 0, 3, 0, 0, 255, 254, 128, 0, 0, 0, 0, 0, 0, 0, 0, 0, 0, 0, 0, 0, 0, 0, 0, 0, 0, 4, 0, 2, 0, 0, 0, 2, 0, 0, 0, 2, 0, 0, 255, 254, 0, 0, 255, 254, 0, 0, 255, 254, 0, 0, 255, 254, 0, 0, 0, 2, 0, 0
										
										•POSN (48)
										 252, 250, 0, 0, 1, 68, 0, 0, 0, 3, 0, 0, 0, 0, 0, 0, 0, 0, 0, 0, 0, 0, 0, 0, 0, 0, 0, 0, 0, 0, 0, 0, 0, 0, 0, 0, 0, 1, 0, 0, 0, 1, 0, 0, 0, 1, 0, 0
										
								•PRSM (164)
								
										•LOCK (2)
										 0, 0
										
										•LNUM (2)
										 0, 0
										
										•COLR (8)
										 0, 255, 102, 51, 255, 255, 102, 51
										
										•POLY (64)
										 0, 2, 3, 1, 0, 1, 0, 3, 0, 0, 255, 254, 128, 0, 0, 0, 0, 0, 0, 0, 0, 0, 0, 0, 0, 0, 0, 0, 0, 0, 0, 4, 0, 2, 0, 0, 0, 2, 0, 0, 0, 2, 0, 0, 255, 254, 0, 0, 255, 254, 0, 0, 255, 254, 0, 0, 255, 254, 0, 0, 0, 2, 0, 0
										
										•POSN (48)
										 252, 250, 0, 0, 1, 46, 0, 0, 0, 3, 0, 0, 0, 0, 0, 0, 0, 0, 0, 0, 0, 0, 0, 0, 0, 0, 0, 0, 0, 0, 0, 0, 0, 0, 0, 0, 0, 1, 0, 0, 0, 1, 0, 0, 0, 1, 0, 0
										
								•PRSM (164)
								
										•LOCK (2)
										 0, 0
										
										•LNUM (2)
										 0, 0
										
										•COLR (8)
										 0, 255, 102, 51, 255, 255, 102, 51
										
										•POLY (64)
										 0, 2, 3, 1, 0, 1, 0, 3, 0, 0, 255, 254, 128, 0, 0, 0, 0, 0, 0, 0, 0, 0, 0, 0, 0, 0, 0, 0, 0, 0, 0, 4, 0, 2, 0, 0, 0, 2, 0, 0, 0, 2, 0, 0, 255, 254, 0, 0, 255, 254, 0, 0, 255, 254, 0, 0, 255, 254, 0, 0, 0, 2, 0, 0
										
										•POSN (48)
										 252, 210, 0, 0, 1, 46, 0, 0, 0, 3, 0, 0, 0, 0, 0, 0, 0, 0, 0, 0, 0, 0, 0, 0, 0, 0, 0, 0, 0, 0, 0, 0, 0, 0, 0, 0, 0, 1, 0, 0, 0, 1, 0, 0, 0, 1, 0, 0
										
								•PRSM (164)
								
										•LOCK (2)
										 0, 0
										
										•LNUM (2)
										 0, 0
										
										•COLR (8)
										 0, 255, 102, 51, 255, 255, 102, 51
										
										•POLY (64)
										 0, 2, 3, 1, 0, 1, 0, 0, 192, 0, 255, 255, 64, 0, 0, 0, 0, 0, 0, 0, 0, 0, 0, 0, 0, 0, 0, 0, 0, 0, 0, 4, 0, 2, 128, 0, 0, 2, 128, 0, 0, 2, 128, 0, 255, 253, 128, 0, 255, 253, 128, 0, 255, 253, 128, 0, 255, 253, 128, 0, 0, 2, 128, 0
										
										•POSN (48)
										 252, 250, 0, 0, 1, 68, 0, 0, 0, 0, 192, 0, 0, 0, 0, 0, 0, 0, 0, 0, 0, 0, 0, 0, 0, 0, 0, 0, 0, 0, 0, 0, 0, 0, 0, 0, 0, 1, 0, 0, 0, 1, 0, 0, 0, 1, 0, 0
										
								•PRSM (164)
								
										•LOCK (2)
										 0, 0
										
										•LNUM (2)
										 0, 0
										
										•COLR (8)
										 0, 255, 102, 51, 255, 255, 102, 51
										
										•POLY (64)
										 0, 2, 3, 1, 0, 1, 0, 0, 192, 0, 255, 255, 64, 0, 0, 0, 0, 0, 0, 0, 0, 0, 0, 0, 0, 0, 0, 0, 0, 0, 0, 4, 0, 2, 128, 0, 0, 2, 128, 0, 0, 2, 128, 0, 255, 253, 128, 0, 255, 253, 128, 0, 255, 253, 128, 0, 255, 253, 128, 0, 0, 2, 128, 0
										
										•POSN (48)
										 252, 250, 0, 0, 1, 46, 0, 0, 0, 0, 192, 0, 0, 0, 0, 0, 0, 0, 0, 0, 0, 0, 0, 0, 0, 0, 0, 0, 0, 0, 0, 0, 0, 0, 0, 0, 0, 1, 0, 0, 0, 1, 0, 0, 0, 1, 0, 0
										
								•PRSM (164)
								
										•LOCK (2)
										 0, 0
										
										•LNUM (2)
										 0, 0
										
										•COLR (8)
										 0, 255, 102, 51, 255, 255, 102, 51
										
										•POLY (64)
										 0, 2, 3, 1, 0, 1, 0, 0, 192, 0, 255, 255, 64, 0, 0, 0, 0, 0, 0, 0, 0, 0, 0, 0, 0, 0, 0, 0, 0, 0, 0, 4, 0, 2, 128, 0, 0, 2, 128, 0, 0, 2, 128, 0, 255, 253, 128, 0, 255, 253, 128, 0, 255, 253, 128, 0, 255, 253, 128, 0, 0, 2, 128, 0
										
										•POSN (48)
										 252, 210, 0, 0, 1, 46, 0, 0, 0, 0, 192, 0, 0, 0, 0, 0, 0, 0, 0, 0, 0, 0, 0, 0, 0, 0, 0, 0, 0, 0, 0, 0, 0, 0, 0, 0, 0, 1, 0, 0, 0, 1, 0, 0, 0, 1, 0, 0
										
								•PRSM (164)
								
										•LOCK (2)
										 0, 0
										
										•LNUM (2)
										 0, 0
										
										•COLR (8)
										 0, 255, 102, 51, 255, 255, 102, 51
										
										•POLY (64)
										 0, 2, 3, 1, 0, 1, 0, 0, 192, 0, 255, 255, 64, 0, 0, 0, 0, 0, 0, 0, 0, 0, 0, 0, 0, 0, 0, 0, 0, 0, 0, 4, 0, 2, 128, 0, 0, 2, 128, 0, 0, 2, 128, 0, 255, 253, 128, 0, 255, 253, 128, 0, 255, 253, 128, 0, 255, 253, 128, 0, 0, 2, 128, 0
										
										•POSN (48)
										 252, 210, 0, 0, 1, 68, 0, 0, 0, 0, 192, 0, 0, 0, 0, 0, 0, 0, 0, 0, 0, 0, 0, 0, 0, 0, 0, 0, 0, 0, 0, 0, 0, 0, 0, 0, 0, 1, 0, 0, 0, 1, 0, 0, 0, 1, 0, 0
										
								•PRSM (164)
								
										•LOCK (2)
										 0, 0
										
										•LNUM (2)
										 0, 0
										
										•COLR (8)
										 0, 255, 102, 51, 255, 255, 102, 51
										
										•POLY (64)
										 0, 2, 3, 1, 0, 1, 255, 227, 0, 0, 255, 215, 0, 0, 0, 0, 0, 0, 0, 0, 0, 0, 0, 0, 0, 0, 0, 0, 0, 0, 0, 4, 0, 21, 128, 0, 0, 0, 128, 0, 0, 21, 128, 0, 255, 255, 0, 0, 255, 235, 128, 0, 255, 255, 0, 0, 255, 235, 128, 0, 0, 0, 128, 0
										
										•POSN (48)
										 252, 229, 128, 0, 1, 43, 128, 0, 0, 62, 0, 0, 0, 0, 0, 0, 0, 0, 0, 0, 0, 0, 0, 0, 0, 0, 0, 0, 0, 0, 0, 0, 0, 0, 0, 0, 0, 1, 0, 0, 0, 1, 0, 0, 0, 1, 0, 0
										
								•PRSM (164)
								
										•LOCK (2)
										 0, 0
										
										•LNUM (2)
										 0, 0
										
										•COLR (8)
										 0, 255, 102, 51, 255, 255, 102, 51
										
										•POLY (64)
										 0, 2, 3, 1, 0, 1, 0, 16, 0, 0, 255, 240, 0, 0, 0, 0, 0, 0, 0, 0, 0, 0, 0, 0, 0, 0, 0, 0, 0, 0, 0, 4, 255, 254, 0, 0, 0, 0, 128, 0, 255, 254, 0, 0, 255, 255, 0, 0, 255, 233, 128, 0, 255, 255, 0, 0, 255, 233, 128, 0, 0, 0, 128, 0
										
										•POSN (48)
										 252, 231, 128, 0, 1, 43, 128, 0, 0, 51, 0, 0, 0, 0, 0, 0, 0, 0, 0, 0, 0, 0, 0, 0, 0, 0, 0, 0, 0, 0, 0, 0, 0, 0, 0, 0, 0, 1, 0, 0, 0, 1, 0, 0, 0, 1, 0, 0
										
								•PRSM (164)
								
										•LOCK (2)
										 0, 0
										
										•LNUM (2)
										 0, 0
										
										•COLR (8)
										 0, 255, 102, 51, 255, 255, 102, 51
										
										•POLY (64)
										 0, 2, 3, 1, 0, 1, 0, 16, 0, 0, 255, 240, 0, 0, 0, 0, 0, 0, 0, 0, 0, 0, 0, 0, 0, 0, 0, 0, 0, 0, 0, 4, 255, 250, 128, 0, 0, 0, 128, 0, 255, 250, 128, 0, 255, 255, 0, 0, 255, 230, 0, 0, 255, 255, 0, 0, 255, 230, 0, 0, 0, 0, 128, 0
										
										•POSN (48)
										 253, 0, 128, 0, 1, 43, 128, 0, 0, 51, 0, 0, 0, 0, 0, 0, 0, 0, 0, 0, 0, 0, 0, 0, 0, 0, 0, 0, 0, 0, 0, 0, 0, 0, 0, 0, 0, 1, 0, 0, 0, 1, 0, 0, 0, 1, 0, 0
										
								•PRSM (240)
								
										•LOCK (2)
										 0, 0
										
										•LNUM (2)
										 0, 0
										
										•COLR (8)
										 0, 255, 102, 51, 255, 255, 102, 51
										
										•POLY (64)
										 0, 1, 3, 1, 0, 1, 0, 5, 64, 0, 255, 250, 192, 0, 0, 0, 0, 0, 0, 0, 0, 0, 0, 0, 0, 0, 0, 0, 0, 0, 0, 4, 0, 22, 192, 0, 0, 2, 128, 0, 0, 24, 64, 0, 255, 253, 128, 0, 255, 233, 64, 0, 255, 253, 128, 0, 255, 234, 192, 0, 0, 2, 128, 0
										
										•SLIC (18)
										 0, 1, 0, 0, 0, 0, 0, 10, 127, 246, 0, 4, 127, 248, 0, 1, 128, 2
										
										•POSN (48)
										 252, 229, 64, 0, 1, 41, 128, 0, 0, 72, 192, 0, 0, 0, 0, 0, 0, 0, 0, 0, 0, 0, 0, 0, 0, 0, 0, 0, 0, 0, 0, 0, 0, 0, 0, 0, 0, 1, 0, 0, 0, 1, 0, 0, 0, 1, 0, 0
										
										•ESLC (42)
										 0, 1, 0, 0, 0, 0, 0, 0, 0, 0, 0, 0, 0, 0, 0, 4, 182, 95, 0, 0, 0, 0, 0, 0, 0, 0, 0, 7, 255, 240, 255, 236, 0, 0, 255, 246, 0, 16, 0, 22, 0, 0
										
								•PRSM (240)
								
										•LOCK (2)
										 0, 0
										
										•LNUM (2)
										 0, 0
										
										•COLR (8)
										 0, 255, 102, 51, 255, 255, 102, 51
										
										•POLY (64)
										 0, 1, 3, 1, 0, 1, 0, 5, 64, 0, 255, 250, 192, 0, 0, 0, 0, 0, 0, 0, 0, 0, 0, 0, 0, 0, 0, 0, 0, 0, 0, 4, 0, 0, 128, 0, 0, 13, 0, 0, 0, 0, 128, 0, 255, 243, 0, 0, 255, 255, 0, 0, 255, 238, 32, 0, 255, 255, 0, 0, 0, 13, 0, 0
										
										•SLIC (18)
										 0, 1, 0, 10, 128, 0, 0, 0, 0, 0, 0, 1, 64, 0, 0, 3, 240, 0
										
										•POSN (48)
										 252, 207, 128, 0, 1, 57, 0, 0, 0, 72, 192, 0, 0, 0, 0, 0, 0, 0, 0, 0, 0, 0, 0, 0, 0, 0, 0, 0, 0, 0, 0, 0, 0, 0, 0, 0, 0, 1, 0, 0, 0, 1, 0, 0, 0, 1, 0, 0
										
										•ESLC (42)
										 0, 1, 0, 0, 0, 0, 0, 0, 0, 0, 0, 0, 0, 0, 0, 0, 0, 0, 0, 0, 0, 0, 0, 0, 0, 0, 0, 1, 0, 0, 255, 235, 0, 0, 255, 252, 0, 0, 0, 21, 0, 0
										
								•PRSM (240)
								
										•LOCK (2)
										 0, 0
										
										•LNUM (2)
										 0, 0
										
										•COLR (8)
										 0, 255, 102, 51, 255, 255, 102, 51
										
										•POLY (64)
										 0, 1, 3, 1, 0, 1, 0, 5, 64, 0, 255, 250, 192, 0, 0, 0, 0, 0, 0, 0, 0, 0, 0, 0, 0, 0, 0, 0, 0, 0, 0, 4, 0, 0, 128, 0, 0, 13, 0, 0, 0, 0, 128, 0, 255, 238, 0, 0, 255, 255, 0, 0, 255, 243, 0, 0, 255, 255, 0, 0, 0, 13, 0, 0
										
										•SLIC (18)
										 0, 1, 255, 245, 128, 0, 0, 0, 0, 0, 0, 1, 64, 0, 255, 254, 176, 0
										
										•POSN (48)
										 252, 253, 0, 0, 1, 57, 0, 0, 0, 72, 192, 0, 0, 0, 0, 0, 0, 0, 0, 0, 0, 0, 0, 0, 0, 0, 0, 0, 0, 0, 0, 0, 0, 0, 0, 0, 0, 1, 0, 0, 0, 1, 0, 0, 0, 1, 0, 0
										
										•ESLC (42)
										 0, 1, 0, 0, 0, 0, 0, 0, 0, 0, 0, 0, 0, 0, 0, 0, 0, 0, 0, 0, 0, 0, 0, 0, 0, 0, 0, 2, 0, 0, 0, 21, 0, 0, 255, 253, 0, 0, 255, 235, 0, 0
										
								•PRSM (164)
								
										•LOCK (2)
										 0, 0
										
										•LNUM (2)
										 0, 0
										
										•COLR (8)
										 0, 255, 102, 51, 255, 255, 102, 51
										
										•POLY (64)
										 0, 2, 3, 1, 0, 1, 0, 0, 192, 0, 255, 255, 64, 0, 0, 0, 0, 0, 0, 0, 0, 0, 0, 0, 0, 0, 0, 0, 0, 0, 0, 4, 0, 23, 192, 0, 0, 14, 0, 0, 0, 23, 192, 0, 255, 238, 0, 0, 255, 229, 192, 0, 255, 238, 0, 0, 255, 229, 192, 0, 0, 14, 0, 0
										
										•POSN (48)
										 252, 231, 64, 0, 1, 56, 0, 0, 0, 78, 192, 0, 0, 0, 0, 0, 0, 0, 0, 0, 0, 0, 0, 0, 0, 0, 0, 0, 0, 0, 0, 0, 0, 0, 0, 0, 0, 1, 0, 0, 0, 1, 0, 0, 0, 1, 0, 0
										
						•PGRP (8772)
						
								•LOCK (2)
								 0, 0
								
								•LNUM (2)
								 0, 0
								
								•POSN (48)
								 253, 24, 0, 0, 1, 147, 0, 0, 0, 42, 0, 0, 0, 0, 0, 0, 0, 0, 0, 0, 0, 0, 0, 0, 0, 0, 0, 0, 0, 0, 0, 0, 0, 0, 0, 0, 0, 1, 0, 0, 0, 1, 0, 0, 0, 1, 0, 0
								
								•PGRP (2576)
								
										•LOCK (2)
										 0, 0
										
										•LNUM (2)
										 0, 0
										
										•POSN (48)
										 252, 235, 0, 0, 1, 147, 0, 0, 0, 42, 0, 0, 0, 0, 0, 0, 0, 0, 0, 0, 0, 0, 0, 0, 0, 0, 0, 0, 0, 0, 0, 0, 0, 0, 0, 0, 0, 1, 0, 0, 0, 1, 0, 0, 0, 1, 0, 0
										
										•PRSM (164)
										
												•LOCK (2)
												 0, 0
												
												•LNUM (2)
												 0, 0
												
												•COLR (8)
												 0, 42, 42, 42, 255, 42, 42, 42
												
												•POLY (64)
												 0, 2, 3, 1, 0, 1, 0, 36, 0, 0, 255, 211, 0, 0, 0, 0, 0, 0, 0, 0, 0, 0, 0, 0, 0, 0, 0, 0, 0, 0, 0, 4, 255, 255, 128, 0, 255, 248, 0, 0, 255, 255, 128, 0, 0, 8, 0, 0, 0, 0, 128, 0, 0, 8, 0, 0, 0, 0, 128, 0, 255, 248, 0, 0
												
												•POSN (48)
												 252, 220, 128, 0, 1, 148, 0, 0, 0, 48, 0, 0, 0, 0, 0, 0, 0, 0, 0, 0, 0, 0, 0, 0, 0, 0, 0, 0, 0, 0, 0, 0, 0, 0, 0, 0, 0, 1, 0, 0, 0, 1, 0, 0, 0, 1, 0, 0
												
										•PRSM (164)
										
												•LOCK (2)
												 0, 0
												
												•LNUM (2)
												 0, 0
												
												•COLR (8)
												 0, 42, 42, 42, 255, 42, 42, 42
												
												•POLY (64)
												 0, 2, 3, 1, 0, 1, 0, 36, 0, 0, 255, 211, 0, 0, 0, 0, 0, 0, 0, 0, 0, 0, 0, 0, 0, 0, 0, 0, 0, 0, 0, 4, 255, 255, 128, 0, 255, 248, 0, 0, 255, 255, 128, 0, 0, 8, 0, 0, 0, 0, 128, 0, 0, 8, 0, 0, 0, 0, 128, 0, 255, 248, 0, 0
												
												•POSN (48)
												 252, 249, 128, 0, 1, 148, 0, 0, 0, 48, 0, 0, 0, 0, 0, 0, 0, 0, 0, 0, 0, 0, 0, 0, 0, 0, 0, 0, 0, 0, 0, 0, 0, 0, 0, 0, 0, 1, 0, 0, 0, 1, 0, 0, 0, 1, 0, 0
												
										•PRSM (164)
										
												•LOCK (2)
												 0, 0
												
												•LNUM (2)
												 0, 0
												
												•COLR (8)
												 0, 42, 42, 42, 255, 42, 42, 42
												
												•POLY (64)
												 0, 2, 3, 1, 0, 1, 0, 36, 0, 0, 255, 211, 0, 0, 0, 0, 0, 0, 0, 0, 0, 0, 0, 0, 0, 0, 0, 0, 0, 0, 0, 4, 0, 14, 0, 0, 0, 0, 128, 0, 0, 14, 0, 0, 255, 255, 128, 0, 255, 242, 0, 0, 255, 255, 128, 0, 255, 242, 0, 0, 0, 0, 128, 0
												
												•POSN (48)
												 252, 235, 0, 0, 1, 155, 128, 0, 0, 48, 0, 0, 0, 0, 0, 0, 0, 0, 0, 0, 0, 0, 0, 0, 0, 0, 0, 0, 0, 0, 0, 0, 0, 0, 0, 0, 0, 1, 0, 0, 0, 1, 0, 0, 0, 1, 0, 0
												
										•PRSM (164)
										
												•LOCK (2)
												 0, 0
												
												•LNUM (2)
												 0, 0
												
												•COLR (8)
												 0, 42, 42, 42, 255, 42, 42, 42
												
												•POLY (64)
												 0, 2, 3, 1, 0, 1, 0, 0, 128, 0, 255, 255, 128, 0, 0, 0, 0, 0, 0, 0, 0, 0, 0, 0, 0, 0, 0, 0, 0, 0, 0, 4, 0, 14, 0, 0, 0, 7, 128, 0, 0, 14, 0, 0, 255, 248, 128, 0, 255, 242, 0, 0, 255, 248, 128, 0, 255, 242, 0, 0, 0, 7, 128, 0
												
												•POSN (48)
												 252, 235, 0, 0, 1, 147, 128, 0, 0, 3, 128, 0, 0, 0, 0, 0, 0, 0, 0, 0, 0, 0, 0, 0, 0, 0, 0, 0, 0, 0, 0, 0, 0, 0, 0, 0, 0, 1, 0, 0, 0, 1, 0, 0, 0, 1, 0, 0
												
										•PRSM (164)
										
												•LOCK (2)
												 0, 0
												
												•LNUM (2)
												 0, 0
												
												•COLR (8)
												 0, 42, 42, 42, 255, 42, 42, 42
												
												•POLY (64)
												 0, 2, 3, 1, 0, 1, 0, 0, 128, 0, 255, 253, 128, 0, 0, 0, 0, 0, 0, 0, 0, 0, 0, 0, 0, 0, 0, 0, 0, 0, 0, 4, 0, 15, 0, 0, 0, 8, 0, 0, 0, 15, 0, 0, 255, 251, 0, 0, 255, 241, 0, 0, 255, 251, 0, 0, 255, 241, 0, 0, 0, 8, 0, 0
												
												•POSN (48)
												 252, 235, 0, 0, 1, 148, 0, 0, 0, 2, 128, 0, 0, 0, 0, 0, 0, 0, 0, 0, 0, 0, 0, 0, 0, 0, 0, 0, 0, 0, 0, 0, 0, 0, 0, 0, 0, 1, 0, 0, 0, 1, 0, 0, 0, 1, 0, 0
												
										•PRSM (164)
										
												•LOCK (2)
												 0, 0
												
												•LNUM (2)
												 0, 0
												
												•COLR (8)
												 0, 42, 42, 42, 255, 42, 42, 42
												
												•POLY (64)
												 0, 2, 3, 1, 0, 1, 0, 0, 128, 0, 255, 255, 128, 0, 0, 0, 0, 0, 0, 0, 0, 0, 0, 0, 0, 0, 0, 0, 0, 0, 0, 4, 0, 14, 0, 0, 0, 7, 128, 0, 0, 14, 0, 0, 255, 248, 128, 0, 255, 242, 0, 0, 255, 248, 128, 0, 255, 242, 0, 0, 0, 7, 128, 0
												
												•POSN (48)
												 252, 235, 0, 0, 1, 147, 128, 0, 0, 83, 128, 0, 0, 0, 0, 0, 0, 0, 0, 0, 0, 0, 0, 0, 0, 0, 0, 0, 0, 0, 0, 0, 0, 0, 0, 0, 0, 1, 0, 0, 0, 1, 0, 0, 0, 1, 0, 0
												
										•PRSM (164)
										
												•LOCK (2)
												 0, 0
												
												•LNUM (2)
												 0, 0
												
												•COLR (8)
												 0, 42, 42, 42, 255, 42, 42, 42
												
												•POLY (64)
												 0, 2, 3, 1, 0, 1, 0, 0, 128, 0, 255, 255, 128, 0, 0, 0, 0, 0, 0, 0, 0, 0, 0, 0, 0, 0, 0, 0, 0, 0, 0, 4, 0, 14, 0, 0, 0, 7, 128, 0, 0, 14, 0, 0, 255, 248, 128, 0, 255, 242, 0, 0, 255, 248, 128, 0, 255, 242, 0, 0, 0, 7, 128, 0
												
												•POSN (48)
												 252, 235, 0, 0, 1, 147, 128, 0, 0, 60, 128, 0, 0, 0, 0, 0, 0, 0, 0, 0, 0, 0, 0, 0, 0, 0, 0, 0, 0, 0, 0, 0, 0, 0, 0, 0, 0, 1, 0, 0, 0, 1, 0, 0, 0, 1, 0, 0
												
										•PRSM (164)
										
												•LOCK (2)
												 0, 0
												
												•LNUM (2)
												 0, 0
												
												•COLR (8)
												 0, 42, 42, 42, 255, 42, 42, 42
												
												•POLY (64)
												 0, 2, 3, 1, 0, 1, 0, 0, 128, 0, 255, 255, 128, 0, 0, 0, 0, 0, 0, 0, 0, 0, 0, 0, 0, 0, 0, 0, 0, 0, 0, 4, 0, 14, 0, 0, 0, 7, 128, 0, 0, 14, 0, 0, 255, 248, 128, 0, 255, 242, 0, 0, 255, 248, 128, 0, 255, 242, 0, 0, 0, 7, 128, 0
												
												•POSN (48)
												 252, 235, 0, 0, 1, 147, 128, 0, 0, 50, 128, 0, 0, 0, 0, 0, 0, 0, 0, 0, 0, 0, 0, 0, 0, 0, 0, 0, 0, 0, 0, 0, 0, 0, 0, 0, 0, 1, 0, 0, 0, 1, 0, 0, 0, 1, 0, 0
												
										•PRSM (164)
										
												•LOCK (2)
												 0, 0
												
												•LNUM (2)
												 0, 0
												
												•COLR (8)
												 0, 42, 42, 42, 255, 42, 42, 42
												
												•POLY (64)
												 0, 2, 3, 1, 0, 1, 0, 0, 128, 0, 255, 255, 128, 0, 0, 0, 0, 0, 0, 0, 0, 0, 0, 0, 0, 0, 0, 0, 0, 0, 0, 4, 0, 14, 0, 0, 0, 7, 128, 0, 0, 14, 0, 0, 255, 248, 128, 0, 255, 242, 0, 0, 255, 248, 128, 0, 255, 242, 0, 0, 0, 7, 128, 0
												
												•POSN (48)
												 252, 235, 0, 0, 1, 147, 128, 0, 0, 35, 128, 0, 0, 0, 0, 0, 0, 0, 0, 0, 0, 0, 0, 0, 0, 0, 0, 0, 0, 0, 0, 0, 0, 0, 0, 0, 0, 1, 0, 0, 0, 1, 0, 0, 0, 1, 0, 0
												
										•PRSM (468)
										
												•LOCK (2)
												 0, 0
												
												•LNUM (2)
												 0, 0
												
												•COLR (8)
												 0, 153, 0, 0, 255, 153, 0, 0
												
												•POLY (64)
												 0, 2, 2, 1, 0, 1, 255, 207, 0, 0, 255, 208, 0, 0, 0, 0, 0, 0, 0, 0, 0, 0, 0, 0, 0, 0, 0, 0, 0, 0, 0, 4, 0, 11, 0, 0, 255, 242, 0, 0, 255, 245, 0, 0, 255, 242, 0, 0, 255, 245, 0, 0, 0, 14, 0, 0, 0, 11, 0, 0, 0, 14, 0, 0
												
												•SURF (296)
												 0, 5
												
														•FEAT (90)
														 0, 1
														
																•COLR (4)
																 255, 153, 0, 0
																
																•POLY (36)
																 0, 2, 0, 4, 0, 7, 0, 0, 0, 10, 255, 234, 0, 7, 0, 0, 255, 245, 0, 22, 255, 249, 0, 0, 255, 245, 0, 22, 255, 249, 0, 0, 0, 10, 255, 234
																
																•POSN (24)
																 0, 7, 0, 0, 0, 10, 255, 234, 0, 0, 0, 0, 0, 0, 0, 0, 0, 1, 0, 0, 0, 1, 0, 0
																
														•FEAT (90)
														 0, 1
														
																•COLR (4)
																 255, 204, 51, 0
																
																•POLY (36)
																 0, 2, 0, 4, 0, 0, 0, 0, 0, 4, 255, 246, 0, 0, 0, 0, 255, 241, 0, 74, 255, 244, 0, 0, 255, 241, 0, 74, 255, 244, 0, 0, 0, 4, 255, 246
																
																•POSN (24)
																 0, 13, 0, 0, 0, 15, 255, 224, 0, 0, 0, 0, 0, 0, 0, 0, 0, 1, 0, 0, 0, 1, 0, 0
																
														•FEAT (90)
														 0, 1
														
																•COLR (4)
																 255, 204, 51, 0
																
																•POLY (36)
																 0, 2, 0, 4, 0, 1, 0, 0, 0, 4, 255, 246, 0, 1, 0, 0, 255, 241, 0, 74, 255, 245, 0, 0, 255, 241, 0, 74, 255, 245, 0, 0, 0, 4, 255, 246
																
																•POSN (24)
																 0, 26, 0, 0, 0, 15, 255, 226, 0, 0, 0, 0, 0, 0, 0, 0, 0, 1, 0, 0, 0, 1, 0, 0
																
												•POSN (48)
												 252, 235, 0, 0, 1, 188, 0, 0, 0, 72, 0, 0, 0, 0, 0, 0, 0, 0, 0, 0, 0, 0, 0, 0, 0, 0, 0, 0, 0, 0, 0, 0, 0, 0, 0, 0, 0, 1, 0, 0, 0, 1, 0, 0, 0, 1, 0, 0
												
										•PRSM (468)
										
												•LOCK (2)
												 0, 0
												
												•LNUM (2)
												 0, 0
												
												•COLR (8)
												 0, 153, 0, 0, 255, 153, 0, 0
												
												•POLY (64)
												 0, 2, 2, 1, 0, 1, 255, 207, 0, 0, 255, 208, 0, 0, 0, 0, 0, 0, 0, 0, 0, 0, 0, 0, 0, 0, 0, 0, 0, 0, 0, 4, 0, 15, 128, 0, 255, 242, 0, 0, 255, 240, 128, 0, 255, 242, 0, 0, 255, 240, 128, 0, 0, 14, 0, 0, 0, 15, 128, 0, 0, 14, 0, 0
												
												•SURF (296)
												 0, 5
												
														•FEAT (90)
														 0, 1
														
																•COLR (4)
																 255, 153, 0, 0
																
																•POLY (36)
																 0, 2, 0, 4, 0, 7, 0, 0, 0, 10, 255, 234, 0, 7, 0, 0, 255, 236, 0, 68, 255, 249, 0, 0, 255, 236, 0, 68, 255, 249, 0, 0, 0, 10, 255, 234
																
																•POSN (24)
																 0, 7, 0, 0, 0, 19, 255, 224, 0, 0, 0, 0, 0, 0, 0, 0, 0, 1, 0, 0, 0, 1, 0, 0
																
														•FEAT (90)
														 0, 1
														
																•COLR (4)
																 255, 204, 51, 0
																
																•POLY (36)
																 0, 2, 0, 4, 0, 0, 0, 0, 0, 4, 255, 246, 0, 0, 0, 0, 255, 232, 0, 80, 255, 244, 0, 0, 255, 232, 0, 80, 255, 244, 0, 0, 0, 4, 255, 246
																
																•POSN (24)
																 0, 13, 0, 0, 0, 24, 255, 214, 0, 0, 0, 0, 0, 0, 0, 0, 0, 1, 0, 0, 0, 1, 0, 0
																
														•FEAT (90)
														 0, 1
														
																•COLR (4)
																 255, 204, 51, 0
																
																•POLY (36)
																 0, 2, 0, 4, 0, 1, 0, 0, 0, 4, 255, 246, 0, 1, 0, 0, 255, 232, 0, 78, 255, 245, 0, 0, 255, 232, 0, 78, 255, 245, 0, 0, 0, 4, 255, 246
																
																•POSN (24)
																 0, 26, 0, 0, 0, 24, 255, 216, 0, 0, 0, 0, 0, 0, 0, 0, 0, 1, 0, 0, 0, 1, 0, 0
																
												•POSN (48)
												 252, 235, 0, 0, 1, 188, 0, 0, 0, 19, 128, 0, 0, 0, 0, 0, 0, 0, 0, 0, 0, 0, 0, 0, 0, 0, 0, 0, 0, 0, 0, 0, 0, 0, 0, 0, 0, 1, 0, 0, 0, 1, 0, 0, 0, 1, 0, 0
												
								•PGRP (2576)
								
										•LOCK (2)
										 0, 0
										
										•LNUM (2)
										 0, 0
										
										•POSN (48)
										 253, 69, 0, 0, 1, 147, 0, 0, 0, 42, 0, 0, 0, 0, 0, 0, 0, 0, 0, 0, 0, 0, 0, 0, 0, 0, 0, 0, 0, 0, 0, 0, 0, 0, 0, 0, 0, 1, 0, 0, 0, 1, 0, 0, 0, 1, 0, 0
										
										•PRSM (164)
										
												•LOCK (2)
												 0, 0
												
												•LNUM (2)
												 0, 0
												
												•COLR (8)
												 0, 42, 42, 42, 255, 42, 42, 42
												
												•POLY (64)
												 0, 2, 3, 1, 0, 1, 0, 36, 0, 0, 255, 211, 0, 0, 0, 0, 0, 0, 0, 0, 0, 0, 0, 0, 0, 0, 0, 0, 0, 0, 0, 4, 255, 255, 128, 0, 255, 248, 0, 0, 255, 255, 128, 0, 0, 8, 0, 0, 0, 0, 128, 0, 0, 8, 0, 0, 0, 0, 128, 0, 255, 248, 0, 0
												
												•POSN (48)
												 253, 54, 128, 0, 1, 148, 0, 0, 0, 48, 0, 0, 0, 0, 0, 0, 0, 0, 0, 0, 0, 0, 0, 0, 0, 0, 0, 0, 0, 0, 0, 0, 0, 0, 0, 0, 0, 1, 0, 0, 0, 1, 0, 0, 0, 1, 0, 0
												
										•PRSM (164)
										
												•LOCK (2)
												 0, 0
												
												•LNUM (2)
												 0, 0
												
												•COLR (8)
												 0, 42, 42, 42, 255, 42, 42, 42
												
												•POLY (64)
												 0, 2, 3, 1, 0, 1, 0, 36, 0, 0, 255, 211, 0, 0, 0, 0, 0, 0, 0, 0, 0, 0, 0, 0, 0, 0, 0, 0, 0, 0, 0, 4, 255, 255, 128, 0, 255, 248, 0, 0, 255, 255, 128, 0, 0, 8, 0, 0, 0, 0, 128, 0, 0, 8, 0, 0, 0, 0, 128, 0, 255, 248, 0, 0
												
												•POSN (48)
												 253, 83, 128, 0, 1, 148, 0, 0, 0, 48, 0, 0, 0, 0, 0, 0, 0, 0, 0, 0, 0, 0, 0, 0, 0, 0, 0, 0, 0, 0, 0, 0, 0, 0, 0, 0, 0, 1, 0, 0, 0, 1, 0, 0, 0, 1, 0, 0
												
										•PRSM (164)
										
												•LOCK (2)
												 0, 0
												
												•LNUM (2)
												 0, 0
												
												•COLR (8)
												 0, 42, 42, 42, 255, 42, 42, 42
												
												•POLY (64)
												 0, 2, 3, 1, 0, 1, 0, 36, 0, 0, 255, 211, 0, 0, 0, 0, 0, 0, 0, 0, 0, 0, 0, 0, 0, 0, 0, 0, 0, 0, 0, 4, 0, 14, 0, 0, 0, 0, 128, 0, 0, 14, 0, 0, 255, 255, 128, 0, 255, 242, 0, 0, 255, 255, 128, 0, 255, 242, 0, 0, 0, 0, 128, 0
												
												•POSN (48)
												 253, 69, 0, 0, 1, 155, 128, 0, 0, 48, 0, 0, 0, 0, 0, 0, 0, 0, 0, 0, 0, 0, 0, 0, 0, 0, 0, 0, 0, 0, 0, 0, 0, 0, 0, 0, 0, 1, 0, 0, 0, 1, 0, 0, 0, 1, 0, 0
												
										•PRSM (164)
										
												•LOCK (2)
												 0, 0
												
												•LNUM (2)
												 0, 0
												
												•COLR (8)
												 0, 42, 42, 42, 255, 42, 42, 42
												
												•POLY (64)
												 0, 2, 3, 1, 0, 1, 0, 0, 128, 0, 255, 255, 128, 0, 0, 0, 0, 0, 0, 0, 0, 0, 0, 0, 0, 0, 0, 0, 0, 0, 0, 4, 0, 14, 0, 0, 0, 7, 128, 0, 0, 14, 0, 0, 255, 248, 128, 0, 255, 242, 0, 0, 255, 248, 128, 0, 255, 242, 0, 0, 0, 7, 128, 0
												
												•POSN (48)
												 253, 69, 0, 0, 1, 147, 128, 0, 0, 3, 128, 0, 0, 0, 0, 0, 0, 0, 0, 0, 0, 0, 0, 0, 0, 0, 0, 0, 0, 0, 0, 0, 0, 0, 0, 0, 0, 1, 0, 0, 0, 1, 0, 0, 0, 1, 0, 0
												
										•PRSM (164)
										
												•LOCK (2)
												 0, 0
												
												•LNUM (2)
												 0, 0
												
												•COLR (8)
												 0, 42, 42, 42, 255, 42, 42, 42
												
												•POLY (64)
												 0, 2, 3, 1, 0, 1, 0, 0, 128, 0, 255, 253, 128, 0, 0, 0, 0, 0, 0, 0, 0, 0, 0, 0, 0, 0, 0, 0, 0, 0, 0, 4, 0, 15, 0, 0, 0, 8, 0, 0, 0, 15, 0, 0, 255, 251, 0, 0, 255, 241, 0, 0, 255, 251, 0, 0, 255, 241, 0, 0, 0, 8, 0, 0
												
												•POSN (48)
												 253, 69, 0, 0, 1, 148, 0, 0, 0, 2, 128, 0, 0, 0, 0, 0, 0, 0, 0, 0, 0, 0, 0, 0, 0, 0, 0, 0, 0, 0, 0, 0, 0, 0, 0, 0, 0, 1, 0, 0, 0, 1, 0, 0, 0, 1, 0, 0
												
										•PRSM (164)
										
												•LOCK (2)
												 0, 0
												
												•LNUM (2)
												 0, 0
												
												•COLR (8)
												 0, 42, 42, 42, 255, 42, 42, 42
												
												•POLY (64)
												 0, 2, 3, 1, 0, 1, 0, 0, 128, 0, 255, 255, 128, 0, 0, 0, 0, 0, 0, 0, 0, 0, 0, 0, 0, 0, 0, 0, 0, 0, 0, 4, 0, 14, 0, 0, 0, 7, 128, 0, 0, 14, 0, 0, 255, 248, 128, 0, 255, 242, 0, 0, 255, 248, 128, 0, 255, 242, 0, 0, 0, 7, 128, 0
												
												•POSN (48)
												 253, 69, 0, 0, 1, 147, 128, 0, 0, 83, 128, 0, 0, 0, 0, 0, 0, 0, 0, 0, 0, 0, 0, 0, 0, 0, 0, 0, 0, 0, 0, 0, 0, 0, 0, 0, 0, 1, 0, 0, 0, 1, 0, 0, 0, 1, 0, 0
												
										•PRSM (164)
										
												•LOCK (2)
												 0, 0
												
												•LNUM (2)
												 0, 0
												
												•COLR (8)
												 0, 42, 42, 42, 255, 42, 42, 42
												
												•POLY (64)
												 0, 2, 3, 1, 0, 1, 0, 0, 128, 0, 255, 255, 128, 0, 0, 0, 0, 0, 0, 0, 0, 0, 0, 0, 0, 0, 0, 0, 0, 0, 0, 4, 0, 14, 0, 0, 0, 7, 128, 0, 0, 14, 0, 0, 255, 248, 128, 0, 255, 242, 0, 0, 255, 248, 128, 0, 255, 242, 0, 0, 0, 7, 128, 0
												
												•POSN (48)
												 253, 69, 0, 0, 1, 147, 128, 0, 0, 60, 128, 0, 0, 0, 0, 0, 0, 0, 0, 0, 0, 0, 0, 0, 0, 0, 0, 0, 0, 0, 0, 0, 0, 0, 0, 0, 0, 1, 0, 0, 0, 1, 0, 0, 0, 1, 0, 0
												
										•PRSM (164)
										
												•LOCK (2)
												 0, 0
												
												•LNUM (2)
												 0, 0
												
												•COLR (8)
												 0, 42, 42, 42, 255, 42, 42, 42
												
												•POLY (64)
												 0, 2, 3, 1, 0, 1, 0, 0, 128, 0, 255, 255, 128, 0, 0, 0, 0, 0, 0, 0, 0, 0, 0, 0, 0, 0, 0, 0, 0, 0, 0, 4, 0, 14, 0, 0, 0, 7, 128, 0, 0, 14, 0, 0, 255, 248, 128, 0, 255, 242, 0, 0, 255, 248, 128, 0, 255, 242, 0, 0, 0, 7, 128, 0
												
												•POSN (48)
												 253, 69, 0, 0, 1, 147, 128, 0, 0, 50, 128, 0, 0, 0, 0, 0, 0, 0, 0, 0, 0, 0, 0, 0, 0, 0, 0, 0, 0, 0, 0, 0, 0, 0, 0, 0, 0, 1, 0, 0, 0, 1, 0, 0, 0, 1, 0, 0
												
										•PRSM (164)
										
												•LOCK (2)
												 0, 0
												
												•LNUM (2)
												 0, 0
												
												•COLR (8)
												 0, 42, 42, 42, 255, 42, 42, 42
												
												•POLY (64)
												 0, 2, 3, 1, 0, 1, 0, 0, 128, 0, 255, 255, 128, 0, 0, 0, 0, 0, 0, 0, 0, 0, 0, 0, 0, 0, 0, 0, 0, 0, 0, 4, 0, 14, 0, 0, 0, 7, 128, 0, 0, 14, 0, 0, 255, 248, 128, 0, 255, 242, 0, 0, 255, 248, 128, 0, 255, 242, 0, 0, 0, 7, 128, 0
												
												•POSN (48)
												 253, 69, 0, 0, 1, 147, 128, 0, 0, 35, 128, 0, 0, 0, 0, 0, 0, 0, 0, 0, 0, 0, 0, 0, 0, 0, 0, 0, 0, 0, 0, 0, 0, 0, 0, 0, 0, 1, 0, 0, 0, 1, 0, 0, 0, 1, 0, 0
												
										•PRSM (468)
										
												•LOCK (2)
												 0, 0
												
												•LNUM (2)
												 0, 0
												
												•COLR (8)
												 0, 153, 0, 0, 255, 153, 0, 0
												
												•POLY (64)
												 0, 2, 2, 1, 0, 1, 255, 207, 0, 0, 255, 208, 0, 0, 0, 0, 0, 0, 0, 0, 0, 0, 0, 0, 0, 0, 0, 0, 0, 0, 0, 4, 0, 11, 0, 0, 255, 242, 0, 0, 255, 245, 0, 0, 255, 242, 0, 0, 255, 245, 0, 0, 0, 14, 0, 0, 0, 11, 0, 0, 0, 14, 0, 0
												
												•SURF (296)
												 0, 5
												
														•FEAT (90)
														 0, 1
														
																•COLR (4)
																 255, 153, 0, 0
																
																•POLY (36)
																 0, 2, 0, 4, 0, 7, 0, 0, 0, 10, 255, 234, 0, 7, 0, 0, 255, 245, 0, 22, 255, 249, 0, 0, 255, 245, 0, 22, 255, 249, 0, 0, 0, 10, 255, 234
																
																•POSN (24)
																 0, 7, 0, 0, 0, 10, 255, 234, 0, 0, 0, 0, 0, 0, 0, 0, 0, 1, 0, 0, 0, 1, 0, 0
																
														•FEAT (90)
														 0, 1
														
																•COLR (4)
																 255, 204, 51, 0
																
																•POLY (36)
																 0, 2, 0, 4, 0, 0, 0, 0, 0, 4, 255, 246, 0, 0, 0, 0, 255, 241, 0, 74, 255, 244, 0, 0, 255, 241, 0, 74, 255, 244, 0, 0, 0, 4, 255, 246
																
																•POSN (24)
																 0, 13, 0, 0, 0, 15, 255, 224, 0, 0, 0, 0, 0, 0, 0, 0, 0, 1, 0, 0, 0, 1, 0, 0
																
														•FEAT (90)
														 0, 1
														
																•COLR (4)
																 255, 204, 51, 0
																
																•POLY (36)
																 0, 2, 0, 4, 0, 1, 0, 0, 0, 4, 255, 246, 0, 1, 0, 0, 255, 241, 0, 74, 255, 245, 0, 0, 255, 241, 0, 74, 255, 245, 0, 0, 0, 4, 255, 246
																
																•POSN (24)
																 0, 26, 0, 0, 0, 15, 255, 226, 0, 0, 0, 0, 0, 0, 0, 0, 0, 1, 0, 0, 0, 1, 0, 0
																
												•POSN (48)
												 253, 69, 0, 0, 1, 188, 0, 0, 0, 72, 0, 0, 0, 0, 0, 0, 0, 0, 0, 0, 0, 0, 0, 0, 0, 0, 0, 0, 0, 0, 0, 0, 0, 0, 0, 0, 0, 1, 0, 0, 0, 1, 0, 0, 0, 1, 0, 0
												
										•PRSM (468)
										
												•LOCK (2)
												 0, 0
												
												•LNUM (2)
												 0, 0
												
												•COLR (8)
												 0, 153, 0, 0, 255, 153, 0, 0
												
												•POLY (64)
												 0, 2, 2, 1, 0, 1, 255, 207, 0, 0, 255, 208, 0, 0, 0, 0, 0, 0, 0, 0, 0, 0, 0, 0, 0, 0, 0, 0, 0, 0, 0, 4, 0, 15, 128, 0, 255, 242, 0, 0, 255, 240, 128, 0, 255, 242, 0, 0, 255, 240, 128, 0, 0, 14, 0, 0, 0, 15, 128, 0, 0, 14, 0, 0
												
												•SURF (296)
												 0, 5
												
														•FEAT (90)
														 0, 1
														
																•COLR (4)
																 255, 153, 0, 0
																
																•POLY (36)
																 0, 2, 0, 4, 0, 7, 0, 0, 0, 10, 255, 234, 0, 7, 0, 0, 255, 236, 0, 68, 255, 249, 0, 0, 255, 236, 0, 68, 255, 249, 0, 0, 0, 10, 255, 234
																
																•POSN (24)
																 0, 7, 0, 0, 0, 19, 255, 224, 0, 0, 0, 0, 0, 0, 0, 0, 0, 1, 0, 0, 0, 1, 0, 0
																
														•FEAT (90)
														 0, 1
														
																•COLR (4)
																 255, 204, 51, 0
																
																•POLY (36)
																 0, 2, 0, 4, 0, 0, 0, 0, 0, 4, 255, 246, 0, 0, 0, 0, 255, 232, 0, 80, 255, 244, 0, 0, 255, 232, 0, 80, 255, 244, 0, 0, 0, 4, 255, 246
																
																•POSN (24)
																 0, 13, 0, 0, 0, 24, 255, 214, 0, 0, 0, 0, 0, 0, 0, 0, 0, 1, 0, 0, 0, 1, 0, 0
																
														•FEAT (90)
														 0, 1
														
																•COLR (4)
																 255, 204, 51, 0
																
																•POLY (36)
																 0, 2, 0, 4, 0, 1, 0, 0, 0, 4, 255, 246, 0, 1, 0, 0, 255, 232, 0, 78, 255, 245, 0, 0, 255, 232, 0, 78, 255, 245, 0, 0, 0, 4, 255, 246
																
																•POSN (24)
																 0, 26, 0, 0, 0, 24, 255, 216, 0, 0, 0, 0, 0, 0, 0, 0, 0, 1, 0, 0, 0, 1, 0, 0
																
												•POSN (48)
												 253, 69, 0, 0, 1, 188, 0, 0, 0, 19, 128, 0, 0, 0, 0, 0, 0, 0, 0, 0, 0, 0, 0, 0, 0, 0, 0, 0, 0, 0, 0, 0, 0, 0, 0, 0, 0, 1, 0, 0, 0, 1, 0, 0, 0, 1, 0, 0
												
								•PGRP (1756)
								
										•LOCK (2)
										 0, 0
										
										•LNUM (2)
										 0, 0
										
										•POSN (48)
										 253, 39, 0, 0, 1, 147, 0, 0, 0, 18, 0, 0, 0, 0, 0, 0, 0, 0, 0, 0, 0, 0, 0, 0, 0, 0, 0, 0, 0, 0, 0, 0, 0, 0, 0, 0, 0, 1, 0, 0, 0, 1, 0, 0, 0, 1, 0, 0
										
										•PRSM (164)
										
												•LOCK (2)
												 0, 0
												
												•LNUM (2)
												 0, 0
												
												•COLR (8)
												 0, 42, 42, 42, 255, 42, 42, 42
												
												•POLY (64)
												 0, 2, 3, 1, 0, 1, 0, 1, 128, 0, 255, 254, 128, 0, 0, 0, 0, 0, 0, 0, 0, 0, 0, 0, 0, 0, 0, 0, 0, 0, 0, 4, 0, 15, 0, 0, 0, 6, 128, 0, 0, 15, 0, 0, 255, 249, 128, 0, 255, 241, 0, 0, 255, 249, 128, 0, 255, 241, 0, 0, 0, 6, 128, 0
												
												•POSN (48)
												 253, 39, 0, 0, 1, 149, 128, 0, 0, 1, 128, 0, 0, 0, 0, 0, 0, 0, 0, 0, 0, 0, 0, 0, 0, 0, 0, 0, 0, 0, 0, 0, 0, 0, 0, 0, 0, 1, 0, 0, 0, 1, 0, 0, 0, 1, 0, 0
												
										•PRSM (164)
										
												•LOCK (2)
												 0, 0
												
												•LNUM (2)
												 0, 0
												
												•COLR (8)
												 0, 42, 42, 42, 255, 42, 42, 42
												
												•POLY (64)
												 0, 2, 3, 1, 0, 1, 0, 1, 128, 0, 0, 34, 128, 0, 0, 0, 0, 0, 0, 0, 0, 0, 0, 0, 0, 0, 0, 0, 0, 0, 0, 4, 0, 0, 128, 0, 0, 8, 0, 0, 0, 0, 128, 0, 255, 248, 0, 0, 255, 255, 128, 0, 255, 248, 0, 0, 255, 255, 128, 0, 0, 8, 0, 0
												
												•POSN (48)
												 253, 24, 128, 0, 1, 148, 0, 0, 0, 1, 128, 0, 0, 0, 0, 0, 0, 0, 0, 0, 0, 0, 0, 0, 0, 0, 0, 0, 0, 0, 0, 0, 0, 0, 0, 0, 0, 1, 0, 0, 0, 1, 0, 0, 0, 1, 0, 0
												
										•PRSM (164)
										
												•LOCK (2)
												 0, 0
												
												•LNUM (2)
												 0, 0
												
												•COLR (8)
												 0, 42, 42, 42, 255, 42, 42, 42
												
												•POLY (64)
												 0, 2, 3, 1, 0, 1, 0, 1, 128, 0, 0, 34, 128, 0, 0, 0, 0, 0, 0, 0, 0, 0, 0, 0, 0, 0, 0, 0, 0, 0, 0, 4, 0, 0, 128, 0, 0, 8, 0, 0, 0, 0, 128, 0, 255, 248, 0, 0, 255, 255, 128, 0, 255, 248, 0, 0, 255, 255, 128, 0, 0, 8, 0, 0
												
												•POSN (48)
												 253, 53, 128, 0, 1, 148, 0, 0, 0, 1, 128, 0, 0, 0, 0, 0, 0, 0, 0, 0, 0, 0, 0, 0, 0, 0, 0, 0, 0, 0, 0, 0, 0, 0, 0, 0, 0, 1, 0, 0, 0, 1, 0, 0, 0, 1, 0, 0
												
										•PRSM (164)
										
												•LOCK (2)
												 0, 0
												
												•LNUM (2)
												 0, 0
												
												•COLR (8)
												 0, 42, 42, 42, 255, 42, 42, 42
												
												•POLY (64)
												 0, 2, 2, 1, 0, 1, 255, 223, 0, 0, 255, 208, 0, 0, 0, 0, 0, 0, 0, 0, 0, 0, 0, 0, 0, 0, 0, 0, 0, 0, 0, 4, 0, 0, 128, 0, 255, 242, 0, 0, 255, 255, 128, 0, 255, 242, 0, 0, 255, 255, 128, 0, 0, 14, 0, 0, 0, 0, 128, 0, 0, 14, 0, 0
												
												•POSN (48)
												 253, 39, 0, 0, 1, 188, 0, 0, 0, 35, 128, 0, 0, 0, 0, 0, 0, 0, 0, 0, 0, 0, 0, 0, 0, 0, 0, 0, 0, 0, 0, 0, 0, 0, 0, 0, 0, 1, 0, 0, 0, 1, 0, 0, 0, 1, 0, 0
												
										•PRSM (164)
										
												•LOCK (2)
												 0, 0
												
												•LNUM (2)
												 0, 0
												
												•COLR (8)
												 0, 42, 42, 42, 255, 42, 42, 42
												
												•POLY (64)
												 0, 2, 3, 1, 0, 1, 0, 31, 128, 0, 255, 254, 128, 0, 0, 0, 0, 0, 0, 0, 0, 0, 0, 0, 0, 0, 0, 0, 0, 0, 0, 4, 0, 14, 0, 0, 0, 0, 128, 0, 0, 14, 0, 0, 255, 255, 128, 0, 255, 242, 0, 0, 255, 255, 128, 0, 255, 242, 0, 0, 0, 0, 128, 0
												
												•POSN (48)
												 253, 39, 0, 0, 1, 155, 128, 0, 0, 4, 128, 0, 0, 0, 0, 0, 0, 0, 0, 0, 0, 0, 0, 0, 0, 0, 0, 0, 0, 0, 0, 0, 0, 0, 0, 0, 0, 1, 0, 0, 0, 1, 0, 0, 0, 1, 0, 0
												
										•PRSM (164)
										
												•LOCK (2)
												 0, 0
												
												•LNUM (2)
												 0, 0
												
												•COLR (8)
												 0, 42, 42, 42, 255, 42, 42, 42
												
												•POLY (64)
												 0, 2, 2, 1, 0, 1, 255, 223, 0, 0, 255, 208, 0, 0, 0, 0, 0, 0, 0, 0, 0, 0, 0, 0, 0, 0, 0, 0, 0, 0, 0, 4, 0, 0, 128, 0, 255, 242, 0, 0, 255, 255, 128, 0, 255, 242, 0, 0, 255, 255, 128, 0, 0, 14, 0, 0, 0, 0, 128, 0, 0, 14, 0, 0
												
												•POSN (48)
												 253, 39, 0, 0, 1, 188, 0, 0, 0, 3, 128, 0, 0, 0, 0, 0, 0, 0, 0, 0, 0, 0, 0, 0, 0, 0, 0, 0, 0, 0, 0, 0, 0, 0, 0, 0, 0, 1, 0, 0, 0, 1, 0, 0, 0, 1, 0, 0
												
										•PRSM (164)
										
												•LOCK (2)
												 0, 0
												
												•LNUM (2)
												 0, 0
												
												•COLR (8)
												 0, 42, 42, 42, 255, 42, 42, 42
												
												•POLY (64)
												 0, 2, 2, 1, 0, 1, 255, 223, 0, 0, 255, 208, 0, 0, 0, 0, 0, 0, 0, 0, 0, 0, 0, 0, 0, 0, 0, 0, 0, 0, 0, 4, 0, 0, 128, 0, 255, 242, 0, 0, 255, 255, 128, 0, 255, 242, 0, 0, 255, 255, 128, 0, 0, 14, 0, 0, 0, 0, 128, 0, 0, 14, 0, 0
												
												•POSN (48)
												 253, 39, 0, 0, 1, 188, 0, 0, 0, 25, 128, 0, 0, 0, 0, 0, 0, 0, 0, 0, 0, 0, 0, 0, 0, 0, 0, 0, 0, 0, 0, 0, 0, 0, 0, 0, 0, 1, 0, 0, 0, 1, 0, 0, 0, 1, 0, 0
												
										•PRSM (468)
										
												•LOCK (2)
												 0, 0
												
												•LNUM (2)
												 0, 0
												
												•COLR (8)
												 0, 153, 0, 0, 255, 153, 0, 0
												
												•POLY (64)
												 0, 2, 2, 1, 0, 1, 255, 207, 0, 0, 255, 208, 0, 0, 0, 0, 0, 0, 0, 0, 0, 0, 0, 0, 0, 0, 0, 0, 0, 0, 0, 4, 0, 10, 128, 0, 255, 242, 0, 0, 255, 245, 128, 0, 255, 242, 0, 0, 255, 245, 128, 0, 0, 14, 0, 0, 0, 10, 128, 0, 0, 14, 0, 0
												
												•SURF (296)
												 0, 5
												
														•FEAT (90)
														 0, 1
														
																•COLR (4)
																 255, 153, 0, 0
																
																•POLY (36)
																 0, 2, 0, 4, 0, 20, 128, 0, 0, 10, 127, 235, 0, 20, 128, 0, 0, 0, 128, 39, 255, 248, 128, 0, 0, 0, 128, 39, 255, 248, 128, 0, 0, 10, 127, 235
																
																•POSN (24)
																 0, 7, 128, 0, 0, 10, 127, 235, 0, 0, 0, 0, 0, 0, 0, 0, 0, 1, 0, 0, 0, 1, 0, 0
																
														•FEAT (90)
														 0, 1
														
																•COLR (4)
																 255, 204, 51, 0
																
																•POLY (36)
																 0, 2, 0, 4, 0, 19, 128, 0, 0, 9, 127, 237, 0, 19, 128, 0, 0, 1, 128, 41, 255, 249, 128, 0, 0, 1, 128, 41, 255, 249, 128, 0, 0, 9, 127, 237
																
																•POSN (24)
																 0, 7, 128, 0, 0, 10, 127, 235, 0, 0, 0, 0, 0, 0, 0, 0, 0, 1, 0, 0, 0, 1, 0, 0
																
														•FEAT (90)
														 0, 1
														
																•COLR (4)
																 255, 204, 51, 0
																
																•POLY (36)
																 0, 2, 0, 4, 0, 19, 128, 0, 0, 9, 127, 237, 0, 19, 128, 0, 0, 0, 128, 3, 255, 249, 128, 0, 0, 0, 128, 3, 255, 249, 128, 0, 0, 9, 127, 237
																
																•POSN (24)
																 0, 7, 128, 0, 0, 0, 128, 1, 0, 0, 0, 0, 0, 0, 0, 0, 0, 1, 0, 0, 0, 1, 0, 0
																
												•POSN (48)
												 253, 39, 0, 0, 1, 188, 0, 0, 0, 14, 128, 0, 0, 0, 0, 0, 0, 0, 0, 0, 0, 0, 0, 0, 0, 0, 0, 0, 0, 0, 0, 0, 0, 0, 0, 0, 0, 1, 0, 0, 0, 1, 0, 0, 0, 1, 0, 0
												
								•PGRP (1756)
								
										•LOCK (2)
										 0, 0
										
										•LNUM (2)
										 0, 0
										
										•POSN (48)
										 253, 9, 0, 0, 1, 147, 0, 0, 0, 18, 0, 0, 0, 0, 0, 0, 0, 0, 0, 0, 0, 0, 0, 0, 0, 0, 0, 0, 0, 0, 0, 0, 0, 0, 0, 0, 0, 1, 0, 0, 0, 1, 0, 0, 0, 1, 0, 0
										
										•PRSM (164)
										
												•LOCK (2)
												 0, 0
												
												•LNUM (2)
												 0, 0
												
												•COLR (8)
												 0, 42, 42, 42, 255, 42, 42, 42
												
												•POLY (64)
												 0, 2, 3, 1, 0, 1, 0, 1, 128, 0, 255, 254, 128, 0, 0, 0, 0, 0, 0, 0, 0, 0, 0, 0, 0, 0, 0, 0, 0, 0, 0, 4, 0, 15, 0, 0, 0, 6, 128, 0, 0, 15, 0, 0, 255, 249, 128, 0, 255, 241, 0, 0, 255, 249, 128, 0, 255, 241, 0, 0, 0, 6, 128, 0
												
												•POSN (48)
												 253, 9, 0, 0, 1, 149, 128, 0, 0, 1, 128, 0, 0, 0, 0, 0, 0, 0, 0, 0, 0, 0, 0, 0, 0, 0, 0, 0, 0, 0, 0, 0, 0, 0, 0, 0, 0, 1, 0, 0, 0, 1, 0, 0, 0, 1, 0, 0
												
										•PRSM (164)
										
												•LOCK (2)
												 0, 0
												
												•LNUM (2)
												 0, 0
												
												•COLR (8)
												 0, 42, 42, 42, 255, 42, 42, 42
												
												•POLY (64)
												 0, 2, 3, 1, 0, 1, 0, 1, 128, 0, 0, 34, 128, 0, 0, 0, 0, 0, 0, 0, 0, 0, 0, 0, 0, 0, 0, 0, 0, 0, 0, 4, 0, 0, 128, 0, 0, 8, 0, 0, 0, 0, 128, 0, 255, 248, 0, 0, 255, 255, 128, 0, 255, 248, 0, 0, 255, 255, 128, 0, 0, 8, 0, 0
												
												•POSN (48)
												 252, 250, 128, 0, 1, 148, 0, 0, 0, 1, 128, 0, 0, 0, 0, 0, 0, 0, 0, 0, 0, 0, 0, 0, 0, 0, 0, 0, 0, 0, 0, 0, 0, 0, 0, 0, 0, 1, 0, 0, 0, 1, 0, 0, 0, 1, 0, 0
												
										•PRSM (164)
										
												•LOCK (2)
												 0, 0
												
												•LNUM (2)
												 0, 0
												
												•COLR (8)
												 0, 42, 42, 42, 255, 42, 42, 42
												
												•POLY (64)
												 0, 2, 3, 1, 0, 1, 0, 1, 128, 0, 0, 34, 128, 0, 0, 0, 0, 0, 0, 0, 0, 0, 0, 0, 0, 0, 0, 0, 0, 0, 0, 4, 0, 0, 128, 0, 0, 8, 0, 0, 0, 0, 128, 0, 255, 248, 0, 0, 255, 255, 128, 0, 255, 248, 0, 0, 255, 255, 128, 0, 0, 8, 0, 0
												
												•POSN (48)
												 253, 23, 128, 0, 1, 148, 0, 0, 0, 1, 128, 0, 0, 0, 0, 0, 0, 0, 0, 0, 0, 0, 0, 0, 0, 0, 0, 0, 0, 0, 0, 0, 0, 0, 0, 0, 0, 1, 0, 0, 0, 1, 0, 0, 0, 1, 0, 0
												
										•PRSM (164)
										
												•LOCK (2)
												 0, 0
												
												•LNUM (2)
												 0, 0
												
												•COLR (8)
												 0, 42, 42, 42, 255, 42, 42, 42
												
												•POLY (64)
												 0, 2, 2, 1, 0, 1, 255, 223, 0, 0, 255, 208, 0, 0, 0, 0, 0, 0, 0, 0, 0, 0, 0, 0, 0, 0, 0, 0, 0, 0, 0, 4, 0, 0, 128, 0, 255, 242, 0, 0, 255, 255, 128, 0, 255, 242, 0, 0, 255, 255, 128, 0, 0, 14, 0, 0, 0, 0, 128, 0, 0, 14, 0, 0
												
												•POSN (48)
												 253, 9, 0, 0, 1, 188, 0, 0, 0, 35, 128, 0, 0, 0, 0, 0, 0, 0, 0, 0, 0, 0, 0, 0, 0, 0, 0, 0, 0, 0, 0, 0, 0, 0, 0, 0, 0, 1, 0, 0, 0, 1, 0, 0, 0, 1, 0, 0
												
										•PRSM (164)
										
												•LOCK (2)
												 0, 0
												
												•LNUM (2)
												 0, 0
												
												•COLR (8)
												 0, 42, 42, 42, 255, 42, 42, 42
												
												•POLY (64)
												 0, 2, 3, 1, 0, 1, 0, 31, 128, 0, 255, 254, 128, 0, 0, 0, 0, 0, 0, 0, 0, 0, 0, 0, 0, 0, 0, 0, 0, 0, 0, 4, 0, 14, 0, 0, 0, 0, 128, 0, 0, 14, 0, 0, 255, 255, 128, 0, 255, 242, 0, 0, 255, 255, 128, 0, 255, 242, 0, 0, 0, 0, 128, 0
												
												•POSN (48)
												 253, 9, 0, 0, 1, 155, 128, 0, 0, 4, 128, 0, 0, 0, 0, 0, 0, 0, 0, 0, 0, 0, 0, 0, 0, 0, 0, 0, 0, 0, 0, 0, 0, 0, 0, 0, 0, 1, 0, 0, 0, 1, 0, 0, 0, 1, 0, 0
												
										•PRSM (164)
										
												•LOCK (2)
												 0, 0
												
												•LNUM (2)
												 0, 0
												
												•COLR (8)
												 0, 42, 42, 42, 255, 42, 42, 42
												
												•POLY (64)
												 0, 2, 2, 1, 0, 1, 255, 223, 0, 0, 255, 208, 0, 0, 0, 0, 0, 0, 0, 0, 0, 0, 0, 0, 0, 0, 0, 0, 0, 0, 0, 4, 0, 0, 128, 0, 255, 242, 0, 0, 255, 255, 128, 0, 255, 242, 0, 0, 255, 255, 128, 0, 0, 14, 0, 0, 0, 0, 128, 0, 0, 14, 0, 0
												
												•POSN (48)
												 253, 9, 0, 0, 1, 188, 0, 0, 0, 3, 128, 0, 0, 0, 0, 0, 0, 0, 0, 0, 0, 0, 0, 0, 0, 0, 0, 0, 0, 0, 0, 0, 0, 0, 0, 0, 0, 1, 0, 0, 0, 1, 0, 0, 0, 1, 0, 0
												
										•PRSM (164)
										
												•LOCK (2)
												 0, 0
												
												•LNUM (2)
												 0, 0
												
												•COLR (8)
												 0, 42, 42, 42, 255, 42, 42, 42
												
												•POLY (64)
												 0, 2, 2, 1, 0, 1, 255, 223, 0, 0, 255, 208, 0, 0, 0, 0, 0, 0, 0, 0, 0, 0, 0, 0, 0, 0, 0, 0, 0, 0, 0, 4, 0, 0, 128, 0, 255, 242, 0, 0, 255, 255, 128, 0, 255, 242, 0, 0, 255, 255, 128, 0, 0, 14, 0, 0, 0, 0, 128, 0, 0, 14, 0, 0
												
												•POSN (48)
												 253, 9, 0, 0, 1, 188, 0, 0, 0, 25, 128, 0, 0, 0, 0, 0, 0, 0, 0, 0, 0, 0, 0, 0, 0, 0, 0, 0, 0, 0, 0, 0, 0, 0, 0, 0, 0, 1, 0, 0, 0, 1, 0, 0, 0, 1, 0, 0
												
										•PRSM (468)
										
												•LOCK (2)
												 0, 0
												
												•LNUM (2)
												 0, 0
												
												•COLR (8)
												 0, 153, 0, 0, 255, 153, 0, 0
												
												•POLY (64)
												 0, 2, 2, 1, 0, 1, 255, 207, 0, 0, 255, 208, 0, 0, 0, 0, 0, 0, 0, 0, 0, 0, 0, 0, 0, 0, 0, 0, 0, 0, 0, 4, 0, 10, 128, 0, 255, 242, 0, 0, 255, 245, 128, 0, 255, 242, 0, 0, 255, 245, 128, 0, 0, 14, 0, 0, 0, 10, 128, 0, 0, 14, 0, 0
												
												•SURF (296)
												 0, 5
												
														•FEAT (90)
														 0, 1
														
																•COLR (4)
																 255, 153, 0, 0
																
																•POLY (36)
																 0, 2, 0, 4, 0, 20, 128, 0, 0, 10, 127, 235, 0, 20, 128, 0, 0, 0, 128, 39, 255, 248, 128, 0, 0, 0, 128, 39, 255, 248, 128, 0, 0, 10, 127, 235
																
																•POSN (24)
																 0, 7, 128, 0, 0, 10, 127, 235, 0, 0, 0, 0, 0, 0, 0, 0, 0, 1, 0, 0, 0, 1, 0, 0
																
														•FEAT (90)
														 0, 1
														
																•COLR (4)
																 255, 204, 51, 0
																
																•POLY (36)
																 0, 2, 0, 4, 0, 19, 128, 0, 0, 9, 127, 237, 0, 19, 128, 0, 0, 1, 128, 41, 255, 249, 128, 0, 0, 1, 128, 41, 255, 249, 128, 0, 0, 9, 127, 237
																
																•POSN (24)
																 0, 7, 128, 0, 0, 10, 127, 235, 0, 0, 0, 0, 0, 0, 0, 0, 0, 1, 0, 0, 0, 1, 0, 0
																
														•FEAT (90)
														 0, 1
														
																•COLR (4)
																 255, 204, 51, 0
																
																•POLY (36)
																 0, 2, 0, 4, 0, 19, 128, 0, 0, 9, 127, 237, 0, 19, 128, 0, 0, 0, 128, 3, 255, 249, 128, 0, 0, 0, 128, 3, 255, 249, 128, 0, 0, 9, 127, 237
																
																•POSN (24)
																 0, 7, 128, 0, 0, 0, 128, 1, 0, 0, 0, 0, 0, 0, 0, 0, 0, 1, 0, 0, 0, 1, 0, 0
																
												•POSN (48)
												 253, 9, 0, 0, 1, 188, 0, 0, 0, 14, 128, 0, 0, 0, 0, 0, 0, 0, 0, 0, 0, 0, 0, 0, 0, 0, 0, 0, 0, 0, 0, 0, 0, 0, 0, 0, 0, 1, 0, 0, 0, 1, 0, 0, 0, 1, 0, 0
												
						•PGRP (4636)
						
								•LOCK (2)
								 0, 0
								
								•LNUM (2)
								 0, 0
								
								•POSN (48)
								 254, 124, 216, 220, 255, 205, 235, 173, 0, 27, 0, 0, 0, 0, 0, 0, 0, 0, 0, 0, 255, 254, 87, 138, 0, 0, 0, 0, 0, 0, 0, 0, 0, 0, 0, 0, 0, 1, 0, 0, 0, 1, 0, 0, 0, 1, 0, 0
								
								•PRSM (468)
								
										•LOCK (2)
										 0, 0
										
										•LNUM (2)
										 0, 0
										
										•COLR (8)
										 0, 206, 206, 206, 255, 206, 206, 206
										
										•POLY (64)
										 0, 1, 1, 1, 0, 1, 0, 10, 192, 0, 255, 247, 192, 0, 0, 0, 0, 0, 0, 0, 0, 0, 0, 0, 0, 0, 0, 0, 0, 0, 0, 4, 255, 253, 64, 0, 255, 255, 0, 0, 255, 253, 64, 0, 0, 0, 0, 0, 0, 4, 64, 0, 0, 1, 0, 0, 0, 4, 64, 0, 255, 255, 0, 0
										
										•SURF (296)
										 0, 3
										
												•FEAT (90)
												 0, 1
												
														•COLR (4)
														 255, 142, 142, 142
														
														•POLY (36)
														 0, 2, 0, 4, 255, 250, 42, 171, 255, 253, 234, 171, 255, 250, 42, 171, 0, 0, 234, 172, 0, 5, 213, 85, 0, 0, 234, 172, 0, 5, 213, 85, 255, 253, 234, 171
														
														•POSN (24)
														 0, 6, 213, 85, 0, 3, 21, 81, 0, 0, 0, 0, 0, 0, 0, 0, 0, 1, 0, 0, 0, 1, 0, 0
														
												•FEAT (90)
												 0, 1
												
														•COLR (4)
														 255, 142, 142, 142
														
														•POLY (36)
														 0, 2, 0, 4, 255, 247, 128, 0, 255, 255, 128, 0, 255, 247, 128, 0, 0, 0, 128, 0, 0, 3, 85, 86, 0, 0, 128, 0, 0, 3, 85, 86, 255, 255, 128, 0
														
														•POSN (24)
														 0, 9, 128, 0, 0, 5, 127, 252, 0, 0, 0, 0, 0, 0, 0, 0, 0, 1, 0, 0, 0, 1, 0, 0
														
												•FEAT (90)
												 0, 1
												
														•COLR (4)
														 255, 142, 142, 142
														
														•POLY (36)
														 0, 2, 0, 4, 0, 2, 0, 0, 0, 2, 128, 0, 0, 2, 0, 0, 255, 253, 128, 0, 255, 254, 0, 0, 255, 253, 128, 0, 255, 254, 0, 0, 0, 2, 128, 0
														
														•POSN (24)
														 0, 16, 0, 0, 0, 3, 127, 252, 0, 0, 0, 0, 0, 0, 0, 0, 0, 1, 0, 0, 0, 1, 0, 0
														
										•POSN (48)
										 254, 115, 65, 101, 255, 217, 183, 200, 0, 25, 0, 0, 0, 0, 0, 0, 0, 0, 0, 0, 255, 254, 87, 138, 0, 0, 0, 0, 0, 0, 0, 0, 0, 0, 0, 0, 0, 1, 0, 0, 0, 1, 0, 0, 0, 1, 0, 0
										
								•PGRP (1474)
								
										•LOCK (2)
										 0, 0
										
										•LNUM (2)
										 0, 0
										
										•POSN (48)
										 254, 128, 203, 83, 255, 216, 158, 2, 0, 42, 0, 0, 0, 0, 0, 0, 0, 0, 0, 0, 255, 254, 87, 138, 0, 0, 0, 0, 0, 0, 0, 0, 0, 0, 0, 0, 0, 1, 0, 0, 0, 1, 0, 0, 0, 1, 0, 0
										
										•PRSM (742)
										
												•LOCK (2)
												 0, 0
												
												•LNUM (2)
												 0, 0
												
												•COLR (8)
												 0, 206, 206, 206, 255, 206, 206, 206
												
												•POLY (64)
												 0, 2, 2, 1, 0, 1, 255, 225, 136, 136, 255, 208, 0, 0, 0, 0, 0, 0, 0, 0, 0, 0, 0, 0, 0, 0, 0, 0, 0, 0, 0, 4, 255, 253, 0, 1, 0, 9, 21, 84, 0, 3, 0, 1, 0, 9, 21, 84, 0, 3, 0, 1, 255, 247, 128, 1, 255, 253, 0, 1, 255, 247, 128, 1
												
												•SURF (314)
												 0, 0
												
														•COLR (10)
														 0, 2, 0, 206, 206, 206, 255, 206, 206, 206
														
														•FEAT (90)
														 0, 1
														
																•COLR (4)
																 255, 0, 0, 0
																
																•POLY (36)
																 0, 2, 0, 4, 255, 255, 21, 86, 255, 253, 213, 86, 255, 255, 21, 86, 0, 2, 42, 171, 0, 0, 234, 171, 0, 2, 42, 171, 0, 0, 234, 171, 255, 253, 213, 86
																
																•POSN (24)
																 0, 2, 63, 255, 0, 2, 213, 85, 0, 0, 0, 0, 0, 0, 0, 0, 0, 1, 0, 0, 0, 1, 0, 0
																
														•FEAT (90)
														 0, 1
														
																•COLR (4)
																 255, 0, 0, 0
																
																•POLY (36)
																 0, 2, 0, 4, 255, 255, 42, 171, 255, 253, 234, 171, 255, 255, 42, 171, 0, 2, 21, 86, 0, 0, 213, 86, 0, 2, 21, 86, 0, 0, 213, 86, 255, 253, 234, 171
																
																•POSN (24)
																 0, 5, 97, 134, 0, 2, 228, 146, 0, 0, 0, 0, 0, 0, 0, 0, 0, 1, 0, 0, 0, 1, 0, 0
																
														•FEAT (90)
														 0, 1
														
																•COLR (4)
																 255, 0, 0, 0
																
																•POLY (36)
																 0, 2, 0, 4, 255, 255, 42, 171, 255, 253, 234, 171, 255, 255, 42, 171, 0, 2, 21, 86, 0, 0, 213, 86, 0, 2, 21, 86, 0, 0, 213, 86, 255, 253, 234, 171
																
																•POSN (24)
																 0, 8, 97, 134, 0, 2, 228, 146, 0, 0, 0, 0, 0, 0, 0, 0, 0, 1, 0, 0, 0, 1, 0, 0
																
												•SURF (248)
												 0, 5
												
														•COLR (10)
														 0, 2, 0, 206, 206, 206, 255, 206, 206, 206
														
														•FEAT (90)
														 0, 1
														
																•COLR (4)
																 255, 0, 0, 0
																
																•POLY (36)
																 0, 2, 0, 4, 255, 251, 64, 140, 255, 255, 177, 200, 255, 251, 64, 140, 0, 0, 179, 53, 0, 1, 47, 120, 0, 0, 179, 53, 0, 1, 47, 120, 255, 255, 177, 200
																
																•POSN (24)
																 0, 14, 199, 30, 0, 2, 191, 255, 0, 0, 0, 0, 0, 0, 0, 0, 0, 1, 0, 0, 0, 1, 0, 0
																
														•FEAT (122)
														 0, 1
														
																•COLR (4)
																 255, 255, 51, 51
																
																•POLY (68)
																 0, 3, 0, 8, 0, 0, 88, 0, 255, 255, 168, 0, 0, 0, 0, 0, 255, 255, 136, 0, 255, 255, 168, 0, 255, 255, 168, 0, 255, 255, 136, 0, 0, 0, 0, 0, 255, 255, 168, 0, 0, 0, 88, 0, 0, 0, 0, 0, 0, 0, 120, 0, 0, 0, 88, 0, 0, 0, 88, 0, 0, 0, 120, 0, 0, 0, 0, 0
																
																•POSN (24)
																 0, 1, 160, 4, 0, 1, 160, 0, 0, 5, 91, 232, 0, 0, 0, 0, 0, 1, 0, 0, 0, 1, 0, 0
																
												•POSN (48)
												 254, 169, 146, 241, 255, 212, 80, 82, 0, 34, 0, 7, 0, 0, 0, 0, 0, 0, 0, 0, 255, 254, 87, 138, 0, 0, 0, 0, 0, 0, 0, 0, 0, 0, 0, 0, 0, 1, 0, 0, 0, 1, 0, 0, 0, 1, 0, 0
												
										•PRSM (164)
										
												•LOCK (2)
												 0, 0
												
												•LNUM (2)
												 0, 0
												
												•COLR (8)
												 0, 206, 206, 206, 255, 206, 206, 206
												
												•POLY (64)
												 0, 2, 3, 1, 0, 1, 0, 4, 162, 35, 255, 245, 102, 103, 0, 0, 0, 0, 0, 0, 0, 0, 0, 0, 0, 0, 0, 0, 0, 0, 0, 4, 255, 251, 213, 83, 255, 244, 153, 154, 255, 251, 213, 83, 255, 255, 162, 33, 0, 11, 0, 0, 255, 255, 162, 33, 0, 11, 0, 0, 255, 244, 153, 154
												
												•POSN (48)
												 254, 139, 193, 143, 255, 217, 239, 2, 0, 47, 153, 158, 0, 0, 0, 0, 0, 0, 0, 0, 255, 254, 87, 138, 0, 0, 0, 0, 0, 0, 0, 0, 0, 0, 0, 0, 0, 1, 0, 0, 0, 1, 0, 0, 0, 1, 0, 0
												
										•PRSM (468)
										
												•LOCK (2)
												 0, 0
												
												•LNUM (2)
												 0, 0
												
												•COLR (8)
												 0, 206, 206, 206, 255, 206, 206, 206
												
												•POLY (64)
												 0, 2, 3, 1, 0, 1, 0, 6, 204, 205, 255, 245, 102, 103, 0, 0, 0, 0, 0, 0, 0, 0, 0, 0, 0, 0, 0, 0, 0, 0, 0, 4, 255, 245, 230, 101, 255, 246, 51, 51, 255, 245, 230, 101, 255, 254, 153, 153, 0, 10, 128, 0, 255, 254, 153, 153, 0, 10, 128, 0, 255, 246, 51, 51
												
												•SURF (296)
												 0, 1
												
														•FEAT (90)
														 0, 1
														
																•COLR (4)
																 255, 0, 0, 0
																
																•POLY (36)
																 0, 2, 0, 4, 255, 248, 106, 171, 255, 250, 192, 0, 255, 248, 106, 171, 0, 5, 64, 0, 0, 7, 149, 85, 0, 5, 64, 0, 0, 7, 149, 85, 255, 250, 192, 0
																
																•POSN (24)
																 0, 10, 149, 89, 0, 8, 149, 82, 0, 0, 0, 0, 0, 0, 0, 0, 0, 1, 0, 0, 0, 1, 0, 0
																
														•FEAT (90)
														 0, 1
														
																•COLR (4)
																 255, 102, 102, 255
																
																•POLY (36)
																 0, 2, 0, 4, 255, 249, 192, 0, 255, 251, 213, 86, 255, 249, 192, 0, 0, 4, 42, 171, 0, 6, 64, 0, 0, 4, 42, 171, 0, 6, 64, 0, 255, 251, 213, 86
																
																•POSN (24)
																 0, 10, 155, 114, 0, 8, 164, 142, 0, 0, 0, 0, 0, 0, 0, 0, 0, 1, 0, 0, 0, 1, 0, 0
																
														•FEAT (90)
														 0, 1
														
																•COLR (4)
																 255, 255, 51, 51
																
																•POLY (36)
																 0, 2, 0, 4, 255, 255, 36, 147, 255, 255, 36, 147, 255, 255, 36, 147, 0, 0, 219, 110, 0, 0, 219, 110, 0, 0, 219, 110, 0, 0, 219, 110, 255, 255, 36, 147
																
																•POSN (24)
																 0, 1, 219, 105, 0, 1, 146, 69, 0, 0, 0, 0, 0, 0, 0, 0, 0, 1, 0, 0, 0, 1, 0, 0
																
												•POSN (48)
												 254, 129, 132, 198, 255, 215, 183, 164, 0, 47, 153, 158, 0, 0, 0, 0, 0, 0, 0, 0, 255, 254, 87, 138, 0, 0, 0, 0, 0, 0, 0, 0, 0, 0, 0, 0, 0, 1, 0, 0, 0, 1, 0, 0, 0, 1, 0, 0
												
								•PRSM (958)
								
										•LOCK (2)
										 0, 0
										
										•LNUM (2)
										 0, 0
										
										•COLR (8)
										 0, 186, 57, 12, 255, 186, 57, 12
										
										•POLY (64)
										 0, 2, 3, 1, 0, 1, 0, 13, 0, 0, 255, 243, 0, 0, 0, 0, 0, 0, 0, 0, 0, 0, 0, 0, 0, 0, 0, 0, 0, 0, 0, 4, 255, 250, 0, 0, 255, 246, 0, 0, 255, 250, 0, 0, 0, 12, 0, 0, 0, 13, 0, 0, 0, 12, 0, 0, 0, 13, 0, 0, 255, 246, 0, 0
										
										•SURF (786)
										 0, 1
										
												•FEAT (90)
												 0, 1
												
														•COLR (4)
														 255, 186, 57, 12
														
														•POLY (36)
														 0, 2, 0, 4, 0, 13, 0, 0, 0, 2, 255, 250, 0, 13, 0, 0, 255, 253, 0, 6, 255, 250, 0, 0, 255, 253, 0, 6, 255, 250, 0, 0, 0, 2, 255, 250
														
														•POSN (24)
														 0, 6, 0, 0, 0, 16, 255, 224, 0, 0, 0, 0, 0, 0, 0, 0, 0, 1, 0, 0, 0, 1, 0, 0
														
												•FEAT (90)
												 0, 1
												
														•COLR (4)
														 255, 186, 57, 12
														
														•POLY (36)
														 0, 2, 0, 4, 0, 13, 0, 0, 0, 2, 255, 250, 0, 13, 0, 0, 255, 253, 0, 6, 255, 250, 0, 0, 255, 253, 0, 6, 255, 250, 0, 0, 0, 2, 255, 250
														
														•POSN (24)
														 0, 6, 0, 0, 0, 22, 255, 210, 0, 0, 0, 0, 0, 0, 0, 0, 0, 1, 0, 0, 0, 1, 0, 0
														
												•FEAT (90)
												 0, 1
												
														•COLR (4)
														 255, 255, 153, 0
														
														•POLY (36)
														 0, 1, 0, 4, 255, 254, 0, 0, 0, 0, 0, 0, 0, 0, 0, 0, 0, 0, 255, 254, 0, 2, 0, 0, 0, 0, 0, 0, 0, 0, 0, 0, 255, 255, 0, 2
														
														•POSN (24)
														 0, 9, 0, 0, 0, 22, 255, 228, 0, 0, 0, 0, 0, 0, 0, 0, 0, 1, 0, 0, 0, 1, 0, 0
														
												•FEAT (90)
												 0, 1
												
														•COLR (4)
														 255, 255, 153, 0
														
														•POLY (36)
														 0, 1, 0, 4, 255, 254, 0, 0, 0, 0, 0, 0, 0, 0, 0, 0, 0, 0, 255, 254, 0, 2, 0, 0, 0, 0, 0, 0, 0, 0, 0, 0, 255, 255, 0, 2
														
														•POSN (24)
														 0, 9, 0, 0, 0, 16, 255, 242, 0, 0, 0, 0, 0, 0, 0, 0, 0, 1, 0, 0, 0, 1, 0, 0
														
												•FEAT (90)
												 0, 1
												
														•COLR (4)
														 255, 186, 57, 12
														
														•POLY (36)
														 0, 2, 0, 4, 0, 13, 0, 0, 0, 2, 255, 250, 0, 13, 0, 0, 255, 252, 0, 32, 255, 250, 0, 0, 255, 252, 0, 32, 255, 250, 0, 0, 0, 2, 255, 250
														
														•POSN (24)
														 0, 6, 0, 0, 0, 10, 255, 238, 0, 0, 0, 0, 0, 0, 0, 0, 0, 1, 0, 0, 0, 1, 0, 0
														
												•FEAT (90)
												 0, 1
												
														•COLR (4)
														 255, 186, 57, 12
														
														•POLY (36)
														 0, 2, 0, 4, 0, 13, 0, 0, 0, 2, 255, 250, 0, 13, 0, 0, 255, 252, 0, 6, 255, 250, 0, 0, 255, 252, 0, 6, 255, 250, 0, 0, 0, 2, 255, 250
														
														•POSN (24)
														 0, 6, 0, 0, 0, 3, 255, 254, 0, 0, 0, 0, 0, 0, 0, 0, 0, 1, 0, 0, 0, 1, 0, 0
														
												•FEAT (90)
												 0, 1
												
														•COLR (4)
														 255, 255, 153, 0
														
														•POLY (36)
														 0, 1, 0, 4, 255, 254, 0, 0, 0, 0, 0, 0, 0, 0, 0, 0, 0, 0, 255, 254, 0, 2, 0, 0, 0, 0, 0, 0, 0, 0, 0, 0, 255, 255, 0, 2
														
														•POSN (24)
														 0, 9, 0, 0, 0, 11, 0, 0, 0, 0, 0, 0, 0, 0, 0, 0, 0, 1, 0, 0, 0, 1, 0, 0
														
												•FEAT (90)
												 0, 1
												
														•COLR (4)
														 255, 255, 153, 0
														
														•POLY (36)
														 0, 1, 0, 4, 255, 254, 0, 0, 0, 0, 0, 0, 0, 0, 0, 0, 0, 0, 255, 254, 0, 2, 0, 0, 0, 0, 0, 0, 0, 0, 0, 0, 255, 255, 0, 2
														
														•POSN (24)
														 0, 9, 0, 0, 0, 4, 0, 16, 0, 0, 0, 0, 0, 0, 0, 0, 0, 1, 0, 0, 0, 1, 0, 0
														
										•POSN (48)
										 254, 125, 247, 210, 255, 195, 200, 211, 0, 17, 0, 0, 0, 0, 0, 0, 0, 0, 0, 0, 255, 254, 87, 138, 0, 0, 0, 0, 0, 0, 0, 0, 0, 0, 0, 0, 0, 1, 0, 0, 0, 1, 0, 0, 0, 1, 0, 0
										
								•PRSM (164)
								
										•LOCK (2)
										 0, 0
										
										•LNUM (2)
										 0, 0
										
										•COLR (8)
										 0, 186, 57, 12, 255, 186, 57, 12
										
										•POLY (64)
										 0, 2, 3, 1, 0, 1, 255, 251, 128, 0, 255, 250, 128, 0, 0, 0, 0, 0, 0, 0, 0, 0, 0, 0, 0, 0, 0, 0, 0, 0, 0, 4, 255, 243, 0, 0, 255, 246, 0, 0, 255, 243, 0, 0, 0, 19, 0, 0, 0, 13, 0, 0, 0, 19, 0, 0, 0, 13, 0, 0, 255, 246, 0, 0
										
										•POSN (48)
										 254, 120, 166, 133, 255, 215, 82, 110, 0, 28, 128, 0, 0, 0, 0, 0, 0, 0, 0, 0, 255, 254, 87, 138, 0, 0, 0, 0, 0, 0, 0, 0, 0, 0, 0, 0, 0, 1, 0, 0, 0, 1, 0, 0, 0, 1, 0, 0
										
								•PRSM (408)
								
										•LOCK (2)
										 0, 0
										
										•LNUM (2)
										 0, 0
										
										•COLR (8)
										 0, 186, 57, 12, 255, 186, 57, 12
										
										•POLY (64)
										 0, 2, 3, 1, 0, 1, 0, 1, 128, 0, 255, 253, 128, 0, 0, 0, 0, 0, 0, 0, 0, 0, 0, 0, 0, 0, 0, 0, 0, 0, 0, 4, 0, 7, 0, 0, 0, 11, 0, 0, 0, 7, 0, 0, 255, 243, 0, 0, 255, 242, 0, 0, 255, 243, 0, 0, 255, 242, 0, 0, 0, 11, 0, 0
										
										•SLIC (66)
										 0, 4, 0, 1, 0, 0, 0, 0, 0, 0, 255, 255, 0, 0, 0, 14, 128, 0, 255, 255, 0, 0, 0, 0, 0, 0, 255, 255, 0, 0, 0, 7, 128, 0, 0, 0, 0, 0, 255, 255, 0, 1, 255, 255, 0, 2, 0, 11, 127, 233, 0, 0, 0, 0, 0, 0, 255, 255, 255, 255, 0, 6, 0, 13, 127, 175
										
										•POSN (48)
										 254, 127, 89, 181, 255, 188, 163, 11, 0, 2, 128, 0, 0, 0, 0, 0, 0, 0, 0, 0, 255, 254, 87, 138, 0, 0, 0, 0, 0, 0, 0, 0, 0, 0, 0, 0, 0, 1, 0, 0, 0, 1, 0, 0, 0, 1, 0, 0
										
										•ESLC (162)
										 0, 4, 0, 0, 0, 0, 0, 0, 0, 0, 0, 0, 0, 0, 0, 0, 0, 0, 0, 0, 0, 0, 0, 0, 0, 0, 255, 242, 0, 0, 0, 0, 128, 0, 255, 243, 0, 0, 0, 1, 128, 0, 0, 0, 0, 0, 0, 0, 0, 0, 0, 0, 0, 0, 0, 0, 0, 0, 0, 0, 0, 0, 0, 0, 0, 0, 0, 6, 0, 0, 0, 1, 128, 0, 0, 7, 0, 0, 0, 0, 128, 0, 0, 0, 0, 0, 0, 0, 0, 0, 0, 0, 0, 0, 0, 1, 146, 31, 0, 0, 0, 0, 0, 0, 0, 0, 255, 245, 0, 22, 0, 0, 128, 0, 255, 246, 0, 20, 0, 1, 128, 0, 0, 0, 0, 0, 0, 0, 0, 0, 0, 0, 0, 0, 0, 1, 146, 31, 0, 0, 0, 0, 0, 0, 0, 0, 0, 11, 255, 184, 0, 1, 128, 0, 0, 12, 255, 178, 0, 0, 128, 0
										
								•PRSM (352)
								
										•LOCK (2)
										 0, 0
										
										•LNUM (2)
										 0, 0
										
										•COLR (8)
										 0, 186, 57, 12, 255, 186, 57, 12
										
										•POLY (64)
										 0, 2, 3, 1, 0, 1, 0, 1, 128, 0, 255, 253, 128, 0, 0, 0, 0, 0, 0, 0, 0, 0, 0, 0, 0, 0, 0, 0, 0, 0, 0, 4, 255, 251, 0, 0, 0, 13, 0, 0, 255, 251, 0, 0, 255, 245, 0, 0, 255, 249, 0, 0, 255, 245, 0, 0, 255, 249, 0, 0, 0, 13, 0, 0
										
										•SLIC (50)
										 0, 3, 0, 1, 0, 0, 0, 0, 0, 0, 255, 255, 0, 0, 0, 7, 128, 0, 0, 0, 0, 0, 255, 255, 0, 1, 255, 255, 0, 6, 0, 13, 127, 175, 0, 0, 0, 0, 0, 0, 255, 255, 255, 255, 0, 2, 0, 11, 127, 233
										
										•POSN (48)
										 254, 128, 82, 39, 255, 222, 174, 117, 0, 2, 128, 0, 0, 0, 0, 0, 0, 0, 0, 0, 255, 254, 87, 138, 0, 0, 0, 0, 0, 0, 0, 0, 0, 0, 0, 0, 0, 1, 0, 0, 0, 1, 0, 0, 0, 1, 0, 0
										
										•ESLC (122)
										 0, 3, 0, 0, 0, 0, 0, 0, 0, 0, 0, 0, 0, 0, 0, 0, 0, 0, 0, 0, 0, 0, 0, 0, 0, 0, 255, 249, 0, 0, 0, 0, 128, 0, 255, 250, 0, 0, 0, 1, 128, 0, 0, 0, 0, 0, 0, 0, 0, 0, 0, 0, 0, 0, 0, 1, 146, 31, 0, 0, 0, 0, 0, 0, 0, 0, 255, 243, 0, 78, 0, 0, 128, 0, 255, 244, 0, 72, 0, 1, 128, 0, 0, 0, 0, 0, 0, 0, 0, 0, 0, 0, 0, 0, 0, 1, 146, 31, 0, 0, 0, 0, 0, 0, 0, 0, 0, 9, 255, 236, 0, 1, 128, 0, 0, 10, 255, 234, 0, 0, 128, 0
										
								•PRSM (164)
								
										•LOCK (2)
										 0, 0
										
										•LNUM (2)
										 0, 0
										
										•COLR (8)
										 0, 186, 57, 12, 255, 186, 57, 12
										
										•POLY (64)
										 0, 2, 3, 1, 0, 1, 0, 9, 128, 0, 0, 8, 128, 0, 0, 0, 0, 0, 0, 0, 0, 0, 0, 0, 0, 0, 0, 0, 0, 0, 0, 4, 0, 22, 0, 0, 0, 13, 0, 0, 0, 22, 0, 0, 255, 245, 0, 0, 255, 230, 0, 0, 255, 245, 0, 0, 255, 230, 0, 0, 0, 13, 0, 0
										
										•POSN (48)
										 254, 126, 170, 74, 255, 203, 193, 3, 0, 21, 128, 0, 0, 0, 0, 0, 0, 0, 0, 0, 255, 254, 87, 138, 0, 0, 0, 0, 0, 0, 0, 0, 0, 0, 0, 0, 0, 1, 0, 0, 0, 1, 0, 0, 0, 1, 0, 0
										
								•PRSM (164)
								
										•LOCK (2)
										 0, 0
										
										•LNUM (2)
										 0, 0
										
										•COLR (8)
										 0, 186, 57, 12, 255, 186, 57, 12
										
										•POLY (64)
										 0, 2, 3, 1, 0, 1, 255, 226, 128, 0, 255, 252, 128, 0, 0, 0, 0, 0, 0, 0, 0, 0, 0, 0, 0, 0, 0, 0, 0, 0, 0, 4, 0, 0, 128, 0, 0, 11, 0, 0, 0, 0, 128, 0, 255, 245, 0, 0, 255, 255, 128, 0, 255, 245, 0, 0, 255, 255, 128, 0, 0, 11, 0, 0
										
										•POSN (48)
										 254, 129, 203, 224, 255, 228, 18, 199, 0, 33, 128, 0, 0, 0, 0, 0, 0, 0, 0, 0, 255, 254, 87, 138, 0, 0, 0, 0, 0, 0, 0, 0, 0, 0, 0, 0, 0, 1, 0, 0, 0, 1, 0, 0, 0, 1, 0, 0
										
								•PRSM (164)
								
										•LOCK (2)
										 0, 0
										
										•LNUM (2)
										 0, 0
										
										•COLR (8)
										 0, 186, 57, 12, 255, 186, 57, 12
										
										•POLY (64)
										 0, 2, 3, 1, 0, 1, 0, 13, 128, 0, 255, 243, 128, 0, 0, 0, 0, 0, 0, 0, 0, 0, 0, 0, 0, 0, 0, 0, 0, 0, 0, 4, 0, 23, 0, 0, 0, 0, 128, 0, 0, 23, 0, 0, 255, 255, 128, 0, 255, 234, 0, 0, 255, 255, 128, 0, 255, 234, 0, 0, 0, 0, 128, 0
										
										•POSN (48)
										 254, 139, 74, 179, 255, 204, 168, 51, 0, 16, 128, 0, 0, 0, 0, 0, 0, 0, 0, 0, 255, 254, 87, 138, 0, 0, 0, 0, 0, 0, 0, 0, 0, 0, 0, 0, 0, 1, 0, 0, 0, 1, 0, 0, 0, 1, 0, 0
										
								•PRSM (164)
								
										•LOCK (2)
										 0, 0
										
										•LNUM (2)
										 0, 0
										
										•COLR (8)
										 0, 186, 57, 12, 255, 186, 57, 12
										
										•POLY (64)
										 0, 2, 3, 1, 0, 1, 0, 0, 128, 0, 255, 255, 128, 0, 0, 0, 0, 0, 0, 0, 0, 0, 0, 0, 0, 0, 0, 0, 0, 0, 0, 4, 0, 12, 128, 0, 0, 4, 0, 0, 0, 12, 128, 0, 255, 252, 0, 0, 255, 242, 128, 0, 255, 252, 0, 0, 255, 242, 128, 0, 0, 4, 0, 0
										
										•POSN (48)
										 254, 135, 140, 184, 255, 213, 132, 74, 0, 4, 128, 0, 0, 0, 0, 0, 0, 0, 0, 0, 255, 254, 87, 138, 0, 0, 0, 0, 0, 0, 0, 0, 0, 0, 0, 0, 0, 1, 0, 0, 0, 1, 0, 0, 0, 1, 0, 0
										
						•PGRP (4968)
						
								•LOCK (2)
								 0, 0
								
								•LNUM (2)
								 0, 0
								
								•POSN (48)
								 255, 47, 135, 249, 255, 200, 98, 191, 0, 23, 7, 73, 0, 0, 0, 0, 0, 0, 0, 0, 0, 0, 0, 0, 0, 0, 0, 0, 0, 0, 0, 0, 0, 0, 0, 0, 0, 1, 0, 0, 0, 1, 0, 0, 0, 1, 0, 0
								
								•PRSM (260)
								
										•LOCK (2)
										 0, 0
										
										•LNUM (2)
										 0, 0
										
										•COLR (8)
										 0, 7, 7, 7, 255, 7, 7, 7
										
										•POLY (160)
										 0, 3, 3, 1, 0, 1, 0, 2, 177, 90, 255, 251, 0, 120, 0, 0, 0, 0, 0, 0, 0, 0, 0, 0, 0, 0, 0, 0, 0, 0, 0, 16, 0, 0, 127, 244, 0, 0, 191, 238, 0, 0, 191, 169, 0, 0, 128, 90, 0, 0, 226, 49, 0, 0, 45, 61, 0, 0, 226, 73, 255, 255, 211, 60, 0, 0, 191, 238, 255, 255, 128, 12, 0, 0, 128, 90, 255, 255, 64, 87, 0, 0, 45, 61, 255, 255, 29, 207, 255, 255, 211, 60, 255, 255, 29, 183, 255, 255, 128, 12, 255, 255, 64, 18, 255, 255, 64, 87, 255, 255, 127, 166, 255, 255, 29, 207, 255, 255, 210, 195, 255, 255, 29, 183, 0, 0, 44, 196, 255, 255, 64, 19, 0, 0, 127, 244, 255, 255, 127, 166, 0, 0, 191, 169, 255, 255, 210, 195, 0, 0, 226, 49, 0, 0, 44, 196, 0, 0, 226, 73
										
										•POSN (48)
										 255, 46, 191, 173, 255, 200, 130, 105, 0, 11, 140, 194, 0, 0, 0, 0, 0, 0, 0, 0, 0, 0, 0, 0, 0, 0, 0, 0, 0, 0, 0, 0, 0, 0, 0, 0, 0, 1, 95, 154, 0, 1, 95, 154, 0, 1, 95, 154
										
								•PGRP (480)
								
										•LOCK (2)
										 0, 0
										
										•LNUM (2)
										 0, 0
										
										•POSN (48)
										 255, 55, 59, 246, 255, 200, 53, 196, 0, 3, 81, 230, 0, 0, 0, 0, 0, 0, 0, 0, 0, 0, 0, 0, 0, 0, 0, 0, 0, 0, 0, 0, 0, 0, 0, 0, 0, 1, 95, 154, 0, 1, 95, 154, 0, 1, 95, 154
										
										•PRSM (196)
										
												•LOCK (2)
												 0, 0
												
												•LNUM (2)
												 0, 0
												
												•COLR (8)
												 0, 7, 7, 7, 255, 7, 7, 7
												
												•POLY (96)
												 0, 3, 2, 1, 0, 1, 0, 0, 200, 214, 255, 255, 66, 250, 0, 0, 0, 0, 0, 0, 0, 0, 0, 0, 0, 0, 0, 0, 0, 0, 0, 8, 255, 255, 46, 77, 255, 255, 13, 209, 255, 254, 192, 120, 255, 255, 233, 7, 255, 255, 13, 209, 0, 0, 209, 179, 255, 255, 233, 7, 0, 1, 63, 136, 0, 0, 209, 179, 0, 0, 242, 48, 0, 1, 63, 136, 0, 0, 22, 249, 0, 0, 242, 47, 255, 255, 46, 78, 0, 0, 22, 249, 255, 254, 192, 120
												
												•POSN (48)
												 255, 61, 49, 34, 255, 200, 111, 232, 0, 1, 182, 221, 0, 0, 0, 0, 0, 0, 0, 0, 0, 0, 0, 0, 0, 0, 0, 0, 0, 0, 0, 0, 0, 0, 0, 0, 0, 1, 95, 154, 0, 1, 95, 154, 0, 1, 95, 154
												
										•PRSM (192)
										
												•LOCK (2)
												 0, 0
												
												•LNUM (2)
												 0, 0
												
												•COLR (8)
												 0, 7, 7, 7, 255, 7, 7, 7
												
												•POLY (64)
												 0, 1, 2, 1, 0, 1, 0, 0, 143, 243, 255, 255, 112, 13, 0, 0, 0, 0, 0, 0, 0, 0, 0, 0, 0, 0, 0, 0, 0, 0, 0, 4, 0, 0, 255, 232, 255, 252, 128, 84, 255, 255, 128, 12, 255, 252, 128, 84, 255, 254, 128, 36, 0, 6, 255, 88, 255, 255, 128, 12, 0, 6, 255, 88
												
												•SURF (20)
												 0, 1
												
														•COLR (10)
														 0, 2, 0, 206, 206, 206, 255, 206, 206, 206
														
												•POSN (48)
												 255, 52, 211, 65, 255, 200, 118, 190, 0, 5, 139, 13, 0, 0, 0, 0, 0, 0, 0, 0, 0, 0, 0, 0, 0, 0, 0, 0, 0, 0, 0, 0, 0, 0, 0, 0, 0, 1, 95, 154, 0, 1, 95, 154, 0, 1, 95, 154
												
								•PGRP (480)
								
										•LOCK (2)
										 0, 0
										
										•LNUM (2)
										 0, 0
										
										•POSN (48)
										 255, 49, 174, 72, 255, 208, 121, 215, 0, 3, 81, 230, 0, 0, 0, 0, 0, 0, 0, 0, 0, 1, 65, 186, 0, 0, 0, 4, 0, 0, 0, 0, 0, 0, 0, 0, 0, 1, 95, 138, 0, 1, 95, 139, 0, 1, 95, 154
										
										•PRSM (196)
										
												•LOCK (2)
												 0, 0
												
												•LNUM (2)
												 0, 0
												
												•COLR (8)
												 0, 7, 7, 7, 255, 7, 7, 7
												
												•POLY (96)
												 0, 3, 2, 1, 0, 1, 0, 0, 200, 214, 255, 255, 66, 250, 0, 0, 0, 0, 0, 0, 0, 0, 0, 0, 0, 0, 0, 0, 0, 0, 0, 8, 255, 255, 46, 77, 255, 255, 13, 209, 255, 254, 192, 120, 255, 255, 233, 7, 255, 255, 13, 209, 0, 0, 209, 179, 255, 255, 233, 7, 0, 1, 63, 136, 0, 0, 209, 179, 0, 0, 242, 48, 0, 1, 63, 136, 0, 0, 22, 249, 0, 0, 242, 47, 255, 255, 46, 78, 0, 0, 22, 249, 255, 254, 192, 120
												
												•POSN (48)
												 255, 51, 78, 12, 255, 214, 54, 17, 0, 1, 182, 221, 0, 0, 0, 0, 0, 0, 0, 0, 0, 1, 65, 185, 0, 0, 0, 3, 0, 0, 0, 0, 0, 0, 0, 0, 0, 1, 95, 138, 0, 1, 95, 134, 0, 1, 95, 154
												
										•PRSM (192)
										
												•LOCK (2)
												 0, 0
												
												•LNUM (2)
												 0, 0
												
												•COLR (8)
												 0, 7, 7, 7, 255, 7, 7, 7
												
												•POLY (64)
												 0, 1, 2, 1, 0, 1, 0, 0, 143, 243, 255, 255, 112, 13, 0, 0, 0, 0, 0, 0, 0, 0, 0, 0, 0, 0, 0, 0, 0, 0, 0, 4, 0, 0, 255, 232, 255, 252, 128, 84, 255, 255, 128, 12, 255, 252, 128, 84, 255, 254, 128, 36, 0, 6, 255, 88, 255, 255, 128, 12, 0, 6, 255, 88
												
												•SURF (20)
												 0, 1
												
														•COLR (10)
														 0, 2, 0, 206, 206, 206, 255, 206, 206, 206
														
												•POSN (48)
												 255, 48, 178, 9, 255, 206, 67, 126, 0, 5, 139, 13, 0, 0, 0, 0, 0, 0, 0, 0, 0, 1, 65, 185, 0, 0, 0, 3, 0, 0, 0, 0, 0, 0, 0, 0, 0, 1, 95, 138, 0, 1, 95, 134, 0, 1, 95, 154
												
								•PGRP (480)
								
										•LOCK (2)
										 0, 0
										
										•LNUM (2)
										 0, 0
										
										•POSN (48)
										 255, 40, 8, 105, 255, 205, 169, 31, 0, 3, 81, 230, 0, 0, 0, 0, 0, 0, 0, 0, 0, 2, 131, 99, 0, 0, 0, 0, 0, 0, 0, 0, 0, 0, 0, 0, 0, 1, 95, 138, 0, 1, 95, 138, 0, 1, 95, 154
										
										•PRSM (196)
										
												•LOCK (2)
												 0, 0
												
												•LNUM (2)
												 0, 0
												
												•COLR (8)
												 0, 7, 7, 7, 255, 7, 7, 7
												
												•POLY (96)
												 0, 3, 2, 1, 0, 1, 0, 0, 200, 214, 255, 255, 66, 250, 0, 0, 0, 0, 0, 0, 0, 0, 0, 0, 0, 0, 0, 0, 0, 0, 0, 8, 255, 255, 46, 77, 255, 255, 13, 209, 255, 254, 192, 120, 255, 255, 233, 7, 255, 255, 13, 209, 0, 0, 209, 179, 255, 255, 233, 7, 0, 1, 63, 136, 0, 0, 209, 179, 0, 0, 242, 48, 0, 1, 63, 136, 0, 0, 22, 249, 0, 0, 242, 47, 255, 255, 46, 78, 0, 0, 22, 249, 255, 254, 192, 120
												
												•POSN (48)
												 255, 35, 20, 156, 255, 208, 250, 116, 0, 1, 182, 221, 0, 0, 0, 0, 0, 0, 0, 0, 0, 2, 131, 99, 0, 0, 0, 0, 0, 0, 0, 0, 0, 0, 0, 0, 0, 1, 95, 138, 0, 1, 95, 138, 0, 1, 95, 154
												
										•PRSM (192)
										
												•LOCK (2)
												 0, 0
												
												•LNUM (2)
												 0, 0
												
												•COLR (8)
												 0, 7, 7, 7, 255, 7, 7, 7
												
												•POLY (64)
												 0, 1, 2, 1, 0, 1, 0, 0, 143, 243, 255, 255, 112, 13, 0, 0, 0, 0, 0, 0, 0, 0, 0, 0, 0, 0, 0, 0, 0, 0, 0, 4, 0, 0, 255, 232, 255, 252, 128, 84, 255, 255, 128, 12, 255, 252, 128, 84, 255, 254, 128, 36, 0, 6, 255, 88, 255, 255, 128, 12, 0, 6, 255, 88
												
												•SURF (20)
												 0, 1
												
														•COLR (10)
														 0, 2, 0, 206, 206, 206, 255, 206, 206, 206
														
												•POSN (48)
												 255, 41, 213, 14, 255, 204, 10, 31, 0, 5, 139, 13, 0, 0, 0, 0, 0, 0, 0, 0, 0, 2, 131, 99, 0, 0, 0, 0, 0, 0, 0, 0, 0, 0, 0, 0, 0, 1, 95, 138, 0, 1, 95, 138, 0, 1, 95, 154
												
								•PGRP (480)
								
										•LOCK (2)
										 0, 0
										
										•LNUM (2)
										 0, 0
										
										•POSN (48)
										 255, 49, 51, 181, 255, 192, 103, 93, 0, 3, 81, 230, 0, 0, 0, 0, 0, 0, 0, 0, 255, 254, 190, 70, 255, 255, 255, 252, 0, 0, 0, 0, 0, 0, 0, 0, 0, 1, 95, 138, 0, 1, 95, 139, 0, 1, 95, 154
										
										•PRSM (196)
										
												•LOCK (2)
												 0, 0
												
												•LNUM (2)
												 0, 0
												
												•COLR (8)
												 0, 7, 7, 7, 255, 7, 7, 7
												
												•POLY (96)
												 0, 3, 2, 1, 0, 1, 0, 0, 200, 214, 255, 255, 66, 250, 0, 0, 0, 0, 0, 0, 0, 0, 0, 0, 0, 0, 0, 0, 0, 0, 0, 8, 255, 255, 46, 77, 255, 255, 13, 209, 255, 254, 192, 120, 255, 255, 233, 7, 255, 255, 13, 209, 0, 0, 209, 179, 255, 255, 233, 7, 0, 1, 63, 136, 0, 0, 209, 179, 0, 0, 242, 48, 0, 1, 63, 136, 0, 0, 22, 249, 0, 0, 242, 47, 255, 255, 46, 78, 0, 0, 22, 249, 255, 254, 192, 120
												
												•POSN (48)
												 255, 51, 66, 10, 255, 186, 207, 14, 0, 1, 182, 221, 0, 0, 0, 0, 0, 0, 0, 0, 255, 254, 190, 71, 255, 255, 255, 253, 0, 0, 0, 0, 0, 0, 0, 0, 0, 1, 95, 138, 0, 1, 95, 134, 0, 1, 95, 154
												
										•PRSM (192)
										
												•LOCK (2)
												 0, 0
												
												•LNUM (2)
												 0, 0
												
												•COLR (8)
												 0, 7, 7, 7, 255, 7, 7, 7
												
												•POLY (64)
												 0, 1, 2, 1, 0, 1, 0, 0, 143, 243, 255, 255, 112, 13, 0, 0, 0, 0, 0, 0, 0, 0, 0, 0, 0, 0, 0, 0, 0, 0, 0, 4, 0, 0, 255, 232, 255, 252, 128, 84, 255, 255, 128, 12, 255, 252, 128, 84, 255, 254, 128, 36, 0, 6, 255, 88, 255, 255, 128, 12, 0, 6, 255, 88
												
												•SURF (20)
												 0, 1
												
														•COLR (10)
														 0, 2, 0, 206, 206, 206, 255, 206, 206, 206
														
												•POSN (48)
												 255, 48, 179, 5, 255, 194, 197, 221, 0, 5, 139, 13, 0, 0, 0, 0, 0, 0, 0, 0, 255, 254, 190, 71, 255, 255, 255, 253, 0, 0, 0, 0, 0, 0, 0, 0, 0, 1, 95, 138, 0, 1, 95, 134, 0, 1, 95, 154
												
								•PGRP (480)
								
										•LOCK (2)
										 0, 0
										
										•LNUM (2)
										 0, 0
										
										•POSN (48)
										 255, 39, 204, 93, 255, 195, 163, 178, 0, 3, 81, 230, 0, 0, 0, 0, 0, 0, 0, 0, 255, 253, 124, 157, 0, 0, 0, 0, 0, 0, 0, 0, 0, 0, 0, 0, 0, 1, 95, 138, 0, 1, 95, 138, 0, 1, 95, 154
										
										•PRSM (196)
										
												•LOCK (2)
												 0, 0
												
												•LNUM (2)
												 0, 0
												
												•COLR (8)
												 0, 7, 7, 7, 255, 7, 7, 7
												
												•POLY (96)
												 0, 3, 2, 1, 0, 1, 0, 0, 200, 214, 255, 255, 66, 250, 0, 0, 0, 0, 0, 0, 0, 0, 0, 0, 0, 0, 0, 0, 0, 0, 0, 8, 255, 255, 46, 77, 255, 255, 13, 209, 255, 254, 192, 120, 255, 255, 233, 7, 255, 255, 13, 209, 0, 0, 209, 179, 255, 255, 233, 7, 0, 1, 63, 136, 0, 0, 209, 179, 0, 0, 242, 48, 0, 1, 63, 136, 0, 0, 22, 249, 0, 0, 242, 47, 255, 255, 46, 78, 0, 0, 22, 249, 255, 254, 192, 120
												
												•POSN (48)
												 255, 35, 28, 229, 255, 191, 244, 78, 0, 1, 182, 221, 0, 0, 0, 0, 0, 0, 0, 0, 255, 253, 124, 157, 0, 0, 0, 0, 0, 0, 0, 0, 0, 0, 0, 0, 0, 1, 95, 138, 0, 1, 95, 138, 0, 1, 95, 154
												
										•PRSM (192)
										
												•LOCK (2)
												 0, 0
												
												•LNUM (2)
												 0, 0
												
												•COLR (8)
												 0, 7, 7, 7, 255, 7, 7, 7
												
												•POLY (64)
												 0, 1, 2, 1, 0, 1, 0, 0, 143, 243, 255, 255, 112, 13, 0, 0, 0, 0, 0, 0, 0, 0, 0, 0, 0, 0, 0, 0, 0, 0, 0, 4, 0, 0, 255, 232, 255, 252, 128, 84, 255, 255, 128, 12, 255, 252, 128, 84, 255, 254, 128, 36, 0, 6, 255, 88, 255, 255, 128, 12, 0, 6, 255, 88
												
												•SURF (20)
												 0, 1
												
														•COLR (10)
														 0, 2, 0, 206, 206, 206, 255, 206, 206, 206
														
												•POSN (48)
												 255, 41, 229, 98, 255, 196, 217, 150, 0, 5, 139, 13, 0, 0, 0, 0, 0, 0, 0, 0, 255, 253, 124, 157, 0, 0, 0, 0, 0, 0, 0, 0, 0, 0, 0, 0, 0, 1, 95, 138, 0, 1, 95, 138, 0, 1, 95, 154
												
								•PRSM (408)
								
										•LOCK (2)
										 0, 0
										
										•LNUM (2)
										 0, 0
										
										•COLR (8)
										 0, 153, 0, 51, 255, 153, 0, 51
										
										•POLY (64)
										 0, 2, 3, 1, 0, 1, 0, 0, 191, 250, 255, 250, 160, 43, 0, 0, 0, 0, 0, 0, 0, 0, 0, 0, 0, 0, 0, 0, 0, 0, 0, 4, 255, 246, 64, 78, 255, 249, 64, 54, 255, 246, 64, 78, 0, 17, 63, 118, 0, 11, 63, 166, 0, 17, 63, 118, 0, 11, 63, 166, 255, 249, 64, 54
										
										•SLIC (66)
										 0, 4, 0, 0, 0, 0, 0, 23, 255, 232, 255, 220, 0, 72, 0, 125, 251, 20, 0, 0, 0, 0, 0, 11, 255, 244, 0, 23, 254, 56, 0, 179, 239, 32, 0, 17, 255, 220, 0, 11, 255, 244, 0, 0, 0, 0, 0, 224, 247, 54, 255, 238, 0, 108, 0, 11, 255, 244, 0, 0, 0, 0, 0, 251, 242, 56
										
										•POSN (48)
										 255, 46, 88, 59, 255, 192, 238, 70, 0, 20, 170, 186, 0, 0, 0, 0, 0, 0, 0, 0, 0, 0, 0, 0, 0, 0, 0, 0, 0, 0, 0, 0, 0, 0, 0, 0, 0, 1, 0, 0, 0, 1, 0, 0, 0, 1, 0, 0
										
										•ESLC (162)
										 0, 4, 0, 0, 0, 0, 0, 0, 0, 0, 0, 0, 0, 0, 0, 4, 182, 95, 0, 0, 0, 0, 0, 0, 0, 0, 255, 248, 128, 75, 255, 254, 128, 12, 0, 1, 127, 241, 0, 4, 127, 220, 0, 0, 0, 0, 0, 0, 0, 0, 0, 0, 0, 0, 0, 4, 182, 95, 0, 0, 0, 0, 0, 0, 0, 0, 255, 253, 0, 36, 255, 250, 0, 48, 255, 247, 0, 198, 255, 253, 0, 24, 0, 0, 0, 0, 0, 0, 0, 0, 0, 0, 0, 0, 0, 0, 0, 0, 0, 0, 0, 0, 0, 1, 146, 31, 255, 248, 128, 60, 255, 248, 128, 75, 255, 245, 128, 84, 255, 253, 0, 30, 0, 0, 0, 0, 0, 0, 0, 0, 0, 0, 0, 0, 0, 0, 0, 0, 0, 0, 0, 0, 0, 1, 146, 31, 0, 11, 255, 160, 255, 253, 0, 42, 0, 8, 255, 184, 255, 248, 128, 105
										
								•PRSM (196)
								
										•LOCK (2)
										 0, 0
										
										•LNUM (2)
										 0, 0
										
										•COLR (8)
										 0, 153, 0, 51, 255, 153, 0, 51
										
										•POLY (96)
										 0, 1, 2, 1, 0, 1, 0, 10, 127, 172, 255, 245, 128, 84, 0, 0, 0, 0, 0, 0, 0, 0, 0, 0, 0, 0, 0, 0, 0, 0, 0, 8, 255, 253, 0, 24, 255, 254, 192, 10, 255, 252, 64, 30, 0, 0, 191, 250, 255, 252, 192, 26, 0, 2, 255, 232, 0, 2, 255, 232, 0, 2, 255, 232, 0, 3, 255, 224, 0, 2, 63, 238, 0, 4, 127, 220, 0, 0, 191, 250, 0, 3, 255, 224, 255, 255, 128, 4, 0, 2, 255, 232, 255, 254, 192, 10
										
										•POSN (48)
										 255, 33, 152, 161, 255, 199, 174, 16, 0, 22, 202, 169, 0, 0, 0, 0, 0, 0, 0, 0, 0, 0, 0, 0, 0, 0, 0, 0, 0, 0, 0, 0, 0, 0, 0, 0, 0, 1, 0, 0, 0, 1, 0, 0, 0, 1, 0, 0
										
								•PRSM (196)
								
										•LOCK (2)
										 0, 0
										
										•LNUM (2)
										 0, 0
										
										•COLR (8)
										 0, 153, 0, 51, 255, 153, 0, 51
										
										•POLY (96)
										 0, 1, 2, 1, 0, 1, 0, 10, 127, 172, 255, 245, 128, 84, 0, 0, 0, 0, 0, 0, 0, 0, 0, 0, 0, 0, 0, 0, 0, 0, 0, 8, 255, 253, 0, 24, 255, 254, 192, 10, 255, 252, 64, 30, 0, 0, 191, 250, 255, 252, 192, 26, 0, 2, 255, 232, 0, 2, 255, 232, 0, 2, 255, 232, 0, 3, 255, 224, 0, 2, 63, 238, 0, 4, 127, 220, 0, 0, 191, 250, 0, 3, 255, 224, 255, 255, 128, 4, 0, 2, 255, 232, 255, 254, 192, 10
										
										•POSN (48)
										 255, 58, 215, 215, 255, 199, 174, 16, 0, 22, 202, 169, 0, 0, 0, 0, 0, 0, 0, 0, 0, 0, 0, 0, 0, 0, 0, 0, 0, 0, 0, 0, 0, 0, 0, 0, 0, 1, 0, 0, 0, 1, 0, 0, 0, 1, 0, 0
										
								•PRSM (296)
								
										•LOCK (2)
										 0, 0
										
										•LNUM (2)
										 0, 0
										
										•COLR (8)
										 0, 153, 0, 51, 255, 153, 0, 51
										
										•POLY (64)
										 0, 1, 3, 1, 0, 1, 0, 3, 124, 134, 255, 252, 0, 32, 0, 0, 0, 0, 0, 0, 0, 0, 0, 0, 0, 0, 0, 0, 0, 0, 0, 4, 0, 14, 255, 136, 255, 253, 192, 18, 255, 241, 0, 120, 255, 253, 192, 18, 255, 245, 128, 84, 0, 2, 63, 238, 0, 9, 255, 176, 0, 2, 63, 238
										
										•SLIC (34)
										 0, 2, 0, 10, 0, 0, 0, 0, 0, 0, 255, 242, 0, 0, 0, 187, 250, 32, 255, 248, 0, 0, 0, 0, 0, 0, 255, 246, 0, 0, 0, 148, 251, 88
										
										•POSN (48)
										 255, 47, 24, 53, 255, 212, 109, 170, 0, 23, 138, 163, 0, 0, 0, 0, 0, 0, 0, 0, 0, 0, 0, 0, 0, 0, 0, 0, 0, 0, 0, 0, 0, 0, 0, 0, 0, 1, 0, 0, 0, 1, 0, 0, 0, 1, 0, 0
										
										•ESLC (82)
										 0, 2, 0, 0, 0, 0, 0, 0, 0, 0, 0, 0, 0, 0, 0, 0, 0, 0, 0, 0, 0, 0, 0, 0, 0, 0, 255, 240, 0, 128, 0, 1, 255, 240, 255, 243, 128, 100, 0, 4, 127, 220, 0, 0, 0, 0, 0, 0, 0, 0, 0, 0, 0, 0, 0, 0, 0, 0, 0, 0, 0, 0, 0, 0, 0, 0, 0, 12, 255, 152, 0, 4, 127, 220, 0, 15, 127, 132, 0, 2, 127, 236
										
								•PRSM (520)
								
										•LOCK (2)
										 0, 0
										
										•LNUM (2)
										 0, 0
										
										•COLR (8)
										 0, 153, 0, 51, 255, 153, 0, 51
										
										•POLY (64)
										 0, 1, 3, 1, 0, 1, 0, 3, 124, 134, 255, 252, 0, 32, 0, 0, 0, 0, 0, 0, 0, 0, 0, 0, 0, 0, 0, 0, 0, 0, 0, 4, 0, 14, 255, 136, 255, 253, 192, 18, 255, 241, 0, 120, 255, 253, 192, 18, 255, 245, 128, 84, 0, 2, 63, 238, 0, 9, 255, 176, 0, 2, 63, 238
										
										•SLIC (98)
										 0, 6, 0, 75, 0, 0, 0, 0, 0, 0, 255, 244, 0, 0, 4, 56, 158, 58, 255, 210, 128, 0, 0, 0, 0, 0, 255, 244, 128, 0, 2, 151, 43, 70, 255, 248, 0, 0, 0, 0, 0, 0, 0, 12, 0, 0, 0, 157, 251, 16, 0, 8, 0, 0, 0, 0, 0, 0, 0, 8, 0, 0, 0, 143, 251, 128, 255, 240, 0, 0, 0, 0, 0, 0, 255, 236, 128, 0, 1, 15, 7, 136, 0, 15, 0, 0, 0, 0, 0, 0, 255, 237, 128, 0, 0, 254, 104, 13
										
										•POSN (48)
										 255, 47, 35, 215, 255, 212, 109, 170, 0, 31, 20, 26, 0, 0, 0, 0, 0, 0, 0, 0, 0, 0, 0, 0, 0, 0, 0, 0, 0, 0, 0, 0, 0, 0, 0, 0, 0, 1, 0, 0, 0, 1, 0, 0, 0, 1, 0, 0
										
										•ESLC (242)
										 0, 6, 0, 0, 0, 0, 0, 0, 0, 0, 0, 0, 0, 0, 0, 0, 0, 0, 0, 0, 0, 0, 0, 0, 0, 0, 255, 240, 64, 126, 255, 247, 160, 67, 255, 243, 64, 102, 0, 10, 95, 173, 0, 0, 0, 0, 0, 0, 0, 0, 0, 0, 0, 0, 0, 0, 0, 0, 0, 0, 0, 0, 0, 0, 0, 0, 0, 13, 63, 150, 0, 5, 63, 214, 0, 16, 31, 127, 255, 249, 224, 49, 0, 0, 0, 0, 0, 0, 0, 0, 0, 0, 0, 0, 0, 0, 0, 0, 0, 0, 0, 0, 0, 0, 0, 0, 0, 15, 255, 128, 255, 253, 128, 20, 0, 12, 255, 152, 255, 251, 128, 36, 0, 0, 0, 0, 0, 0, 0, 0, 0, 0, 0, 0, 0, 0, 0, 0, 0, 0, 0, 0, 0, 0, 0, 0, 255, 242, 128, 108, 255, 251, 128, 36, 255, 240, 128, 124, 255, 253, 128, 20, 0, 0, 0, 0, 0, 0, 0, 0, 0, 0, 0, 0, 0, 0, 0, 0, 0, 0, 0, 0, 0, 0, 0, 0, 0, 10, 255, 168, 0, 4, 223, 217, 0, 15, 223, 129, 0, 0, 223, 249, 0, 0, 0, 0, 0, 0, 0, 0, 0, 0, 0, 0, 0, 0, 0, 0, 0, 0, 0, 0, 0, 0, 0, 0, 255, 239, 128, 132, 0, 0, 95, 253, 255, 244, 32, 95, 0, 4, 31, 223
										
								•PRSM (520)
								
										•LOCK (2)
										 0, 0
										
										•LNUM (2)
										 0, 0
										
										•COLR (8)
										 0, 153, 0, 51, 255, 153, 0, 51
										
										•POLY (64)
										 0, 1, 3, 1, 0, 1, 0, 7, 204, 74, 255, 252, 0, 32, 0, 0, 0, 0, 0, 0, 0, 0, 0, 0, 0, 0, 0, 0, 0, 0, 0, 4, 0, 14, 255, 136, 255, 253, 192, 18, 255, 241, 0, 120, 255, 253, 192, 18, 255, 245, 128, 84, 0, 2, 63, 238, 0, 9, 255, 176, 0, 2, 63, 238
										
										•SLIC (98)
										 0, 6, 0, 76, 209, 116, 0, 0, 0, 0, 255, 247, 162, 233, 4, 14, 36, 210, 255, 198, 34, 233, 0, 0, 0, 0, 255, 251, 197, 209, 3, 12, 110, 140, 255, 246, 139, 163, 0, 0, 0, 0, 0, 9, 116, 93, 0, 157, 69, 31, 0, 10, 46, 140, 0, 0, 0, 0, 0, 7, 23, 69, 0, 161, 3, 107, 255, 214, 46, 140, 0, 0, 0, 0, 255, 232, 34, 234, 2, 172, 169, 31, 0, 35, 46, 141, 0, 0, 0, 0, 255, 230, 244, 95, 2, 91, 220, 33
										
										•POSN (48)
										 255, 47, 87, 9, 255, 212, 109, 170, 0, 38, 122, 69, 0, 0, 0, 0, 0, 0, 0, 0, 0, 0, 0, 0, 0, 0, 0, 0, 0, 0, 0, 0, 0, 0, 0, 0, 0, 1, 0, 0, 0, 1, 0, 0, 0, 1, 0, 0
										
										•ESLC (242)
										 0, 6, 0, 0, 0, 0, 0, 0, 0, 0, 0, 0, 0, 0, 0, 0, 0, 0, 0, 0, 0, 0, 0, 0, 0, 0, 255, 241, 134, 69, 255, 247, 43, 234, 255, 243, 157, 122, 0, 10, 95, 173, 0, 0, 0, 0, 0, 0, 0, 0, 0, 0, 0, 0, 0, 0, 0, 0, 0, 0, 0, 0, 0, 0, 0, 0, 0, 12, 226, 130, 0, 8, 63, 190, 0, 13, 241, 5, 255, 249, 200, 236, 0, 0, 0, 0, 0, 0, 0, 0, 0, 0, 0, 0, 0, 0, 0, 0, 0, 0, 0, 0, 0, 0, 0, 0, 0, 14, 127, 140, 255, 253, 221, 40, 0, 12, 34, 135, 255, 251, 128, 36, 0, 0, 0, 0, 0, 0, 0, 0, 0, 0, 0, 0, 0, 0, 0, 0, 0, 0, 0, 0, 0, 0, 0, 0, 255, 243, 81, 218, 255, 251, 128, 36, 255, 241, 140, 23, 255, 254, 11, 179, 0, 0, 0, 0, 0, 0, 0, 0, 0, 0, 0, 0, 0, 0, 0, 0, 0, 0, 0, 0, 0, 0, 0, 0, 0, 9, 232, 107, 0, 11, 84, 2, 0, 15, 223, 129, 0, 0, 223, 249, 0, 0, 0, 0, 0, 0, 0, 0, 0, 0, 0, 0, 0, 0, 0, 0, 0, 0, 0, 0, 0, 0, 0, 0, 255, 240, 35, 104, 0, 1, 212, 78, 255, 246, 102, 30, 0, 10, 159, 171
										
						•PGRP (14354)
						
								•LOCK (2)
								 0, 0
								
								•LNUM (2)
								 0, 0
								
								•POSN (48)
								 254, 221, 0, 0, 1, 213, 0, 0, 0, 22, 0, 0, 0, 0, 0, 0, 0, 0, 0, 0, 0, 0, 0, 0, 0, 0, 0, 0, 0, 0, 0, 0, 0, 0, 0, 0, 0, 1, 0, 0, 0, 1, 0, 0, 0, 1, 0, 0
								
								•PGRP (1560)
								
										•LOCK (2)
										 0, 0
										
										•LNUM (2)
										 0, 0
										
										•POSN (48)
										 255, 13, 0, 0, 1, 228, 0, 0, 0, 18, 0, 0, 0, 0, 0, 0, 0, 0, 0, 0, 0, 0, 0, 0, 0, 0, 0, 0, 0, 0, 0, 0, 0, 0, 0, 0, 0, 1, 0, 0, 0, 1, 0, 0, 0, 1, 0, 0
										
										•PGRP (420)
										
												•LOCK (2)
												 0, 0
												
												•LNUM (2)
												 0, 0
												
												•POSN (48)
												 255, 12, 141, 135, 1, 229, 62, 11, 0, 18, 0, 0, 0, 0, 0, 0, 0, 0, 0, 0, 255, 254, 132, 55, 0, 0, 0, 0, 0, 0, 0, 0, 0, 0, 0, 0, 0, 1, 0, 0, 0, 1, 0, 0, 0, 1, 0, 0
												
												•PRSM (164)
												
														•LOCK (2)
														 0, 0
														
														•LNUM (2)
														 0, 0
														
														•COLR (8)
														 0, 99, 99, 99, 255, 99, 99, 99
														
														•POLY (64)
														 0, 2, 3, 1, 0, 1, 0, 8, 41, 65, 255, 248, 233, 65, 0, 0, 0, 0, 0, 5, 128, 0, 0, 0, 0, 0, 0, 0, 0, 0, 0, 4, 0, 17, 128, 0, 0, 0, 128, 0, 0, 17, 128, 0, 255, 255, 128, 0, 255, 255, 128, 0, 255, 255, 128, 0, 255, 255, 128, 0, 0, 0, 128, 0
														
														•POSN (48)
														 255, 3, 72, 136, 1, 237, 119, 34, 0, 8, 22, 191, 0, 0, 0, 0, 0, 0, 0, 0, 255, 254, 132, 55, 0, 0, 0, 0, 0, 0, 0, 0, 0, 0, 0, 0, 0, 1, 0, 0, 0, 1, 0, 0, 0, 1, 0, 0
														
												•PRSM (164)
												
														•LOCK (2)
														 0, 0
														
														•LNUM (2)
														 0, 0
														
														•COLR (8)
														 0, 99, 99, 99, 255, 99, 99, 99
														
														•POLY (64)
														 0, 2, 3, 1, 0, 1, 0, 0, 128, 0, 255, 255, 128, 0, 0, 0, 0, 0, 0, 0, 0, 0, 0, 0, 0, 0, 0, 0, 0, 0, 0, 4, 255, 247, 0, 0, 255, 247, 128, 0, 255, 247, 0, 0, 0, 8, 128, 0, 0, 9, 0, 0, 0, 8, 128, 0, 0, 9, 0, 0, 255, 247, 128, 0
														
														•POSN (48)
														 255, 12, 2, 222, 1, 229, 178, 99, 0, 0, 128, 0, 0, 0, 0, 0, 0, 0, 0, 0, 255, 254, 132, 55, 0, 0, 0, 0, 0, 0, 0, 0, 0, 0, 0, 0, 0, 1, 0, 0, 0, 1, 0, 0, 0, 1, 0, 0
														
										•PRSM (408)
										
												•LOCK (2)
												 0, 0
												
												•LNUM (2)
												 0, 0
												
												•COLR (8)
												 0, 0, 0, 170, 255, 0, 0, 170
												
												•POLY (64)
												 0, 2, 3, 1, 0, 1, 0, 1, 93, 172, 255, 255, 29, 172, 0, 0, 0, 0, 0, 0, 0, 0, 0, 0, 0, 0, 0, 0, 0, 0, 0, 4, 0, 10, 178, 197, 0, 8, 204, 236, 0, 10, 178, 197, 255, 243, 134, 186, 255, 244, 168, 170, 255, 243, 134, 186, 255, 244, 168, 170, 0, 8, 204, 236
												
												•SLIC (66)
												 0, 4, 0, 15, 234, 186, 255, 233, 245, 163, 0, 0, 0, 0, 1, 80, 181, 75, 255, 244, 157, 136, 255, 244, 250, 209, 0, 0, 0, 0, 0, 194, 78, 97, 255, 239, 120, 144, 0, 17, 255, 239, 0, 0, 0, 0, 1, 105, 80, 19, 0, 14, 20, 202, 0, 11, 5, 46, 0, 0, 0, 0, 1, 20, 132, 3
												
												•POSN (48)
												 255, 13, 204, 194, 1, 229, 44, 97, 0, 17, 34, 84, 0, 0, 0, 0, 0, 0, 0, 0, 255, 254, 132, 55, 0, 0, 0, 0, 0, 0, 0, 0, 0, 0, 0, 0, 0, 1, 0, 0, 0, 1, 0, 0, 0, 1, 0, 0
												
												•ESLC (162)
												 0, 4, 0, 0, 0, 0, 0, 0, 0, 0, 0, 0, 0, 0, 0, 0, 0, 0, 0, 0, 0, 0, 0, 1, 146, 31, 255, 242, 230, 21, 0, 5, 208, 192, 255, 248, 104, 156, 0, 9, 203, 95, 0, 0, 0, 0, 0, 0, 0, 0, 0, 0, 0, 0, 0, 0, 0, 0, 0, 0, 0, 0, 0, 1, 146, 31, 0, 8, 106, 248, 0, 8, 239, 119, 0, 11, 44, 60, 0, 6, 22, 229, 0, 0, 0, 0, 0, 0, 0, 0, 0, 0, 0, 0, 0, 0, 0, 0, 0, 0, 0, 0, 0, 1, 146, 31, 0, 11, 177, 115, 255, 246, 170, 41, 0, 7, 49, 133, 255, 242, 136, 93, 0, 0, 0, 0, 0, 0, 0, 0, 0, 0, 0, 0, 0, 0, 0, 0, 0, 0, 0, 0, 0, 1, 146, 31, 255, 246, 169, 241, 255, 242, 214, 131, 255, 243, 232, 174, 255, 246, 91, 168
												
										•PRSM (172)
										
												•LOCK (2)
												 0, 0
												
												•LNUM (2)
												 0, 0
												
												•COLR (8)
												 0, 0, 0, 170, 255, 0, 0, 170
												
												•POLY (72)
												 0, 1, 1, 1, 0, 1, 0, 0, 212, 143, 255, 255, 43, 113, 0, 0, 0, 0, 0, 0, 0, 0, 0, 0, 0, 0, 0, 0, 0, 0, 0, 5, 255, 247, 96, 35, 255, 251, 114, 91, 255, 246, 251, 146, 0, 3, 77, 170, 255, 248, 169, 66, 0, 4, 141, 165, 0, 8, 77, 150, 0, 4, 141, 165, 0, 4, 223, 237, 255, 251, 114, 91
												
												•POSN (48)
												 255, 13, 23, 45, 1, 217, 133, 255, 0, 20, 192, 42, 0, 0, 0, 0, 0, 0, 0, 0, 255, 254, 132, 55, 0, 0, 0, 0, 0, 0, 0, 0, 0, 0, 0, 0, 0, 1, 0, 0, 0, 1, 0, 0, 0, 1, 0, 0
												
										•PRSM (272)
										
												•LOCK (2)
												 0, 0
												
												•LNUM (2)
												 0, 0
												
												•COLR (8)
												 0, 0, 0, 170, 255, 0, 0, 170
												
												•POLY (96)
												 0, 1, 2, 1, 0, 1, 0, 1, 22, 155, 255, 254, 233, 101, 0, 0, 0, 0, 0, 0, 0, 0, 0, 0, 0, 0, 0, 0, 0, 0, 0, 8, 0, 8, 103, 80, 0, 9, 110, 130, 0, 11, 254, 59, 0, 3, 136, 219, 0, 11, 254, 59, 255, 252, 123, 214, 0, 8, 201, 197, 255, 246, 84, 140, 0, 4, 44, 77, 255, 242, 183, 17, 255, 245, 175, 208, 255, 242, 183, 17, 255, 245, 175, 208, 0, 12, 54, 171, 0, 4, 109, 241, 0, 12, 54, 171
												
												•SLIC (18)
												 0, 1, 0, 0, 0, 0, 0, 0, 0, 0, 0, 122, 248, 101, 2, 145, 108, 192
												
												•POSN (48)
												 255, 21, 47, 205, 1, 229, 131, 95, 0, 24, 89, 231, 0, 0, 92, 43, 255, 255, 248, 29, 255, 254, 130, 199, 0, 0, 0, 0, 0, 0, 0, 0, 0, 0, 0, 0, 0, 1, 0, 0, 0, 1, 0, 0, 0, 1, 0, 0
												
												•ESLC (42)
												 0, 1, 0, 0, 0, 0, 0, 0, 0, 0, 0, 0, 0, 0, 0, 0, 0, 0, 0, 0, 0, 0, 0, 0, 0, 0, 0, 14, 103, 178, 255, 250, 167, 95, 255, 239, 170, 19, 255, 250, 167, 95
												
										•PRSM (172)
										
												•LOCK (2)
												 0, 0
												
												•LNUM (2)
												 0, 0
												
												•COLR (8)
												 0, 0, 0, 170, 255, 0, 0, 170
												
												•POLY (72)
												 0, 1, 1, 1, 0, 1, 0, 0, 212, 143, 255, 255, 43, 113, 0, 0, 0, 0, 0, 0, 0, 0, 0, 0, 0, 0, 0, 0, 0, 0, 0, 5, 255, 247, 96, 35, 255, 251, 114, 91, 255, 246, 251, 146, 0, 3, 77, 170, 255, 248, 169, 66, 0, 4, 141, 165, 0, 8, 77, 150, 0, 4, 141, 165, 0, 4, 223, 237, 255, 251, 114, 91
												
												•POSN (48)
												 255, 11, 5, 67, 1, 241, 37, 63, 0, 20, 192, 42, 0, 0, 0, 0, 0, 0, 0, 0, 255, 254, 132, 55, 0, 0, 0, 0, 0, 0, 0, 0, 0, 0, 0, 0, 0, 1, 0, 0, 0, 1, 0, 0, 0, 1, 0, 0
												
								•PGRP (1560)
								
										•LOCK (2)
										 0, 0
										
										•LNUM (2)
										 0, 0
										
										•POSN (48)
										 255, 13, 231, 224, 1, 192, 191, 3, 0, 18, 0, 0, 0, 0, 0, 0, 0, 0, 0, 0, 255, 255, 233, 170, 0, 0, 0, 0, 0, 0, 0, 0, 0, 0, 0, 0, 0, 1, 0, 0, 0, 1, 0, 0, 0, 1, 0, 0
										
										•PGRP (420)
										
												•LOCK (2)
												 0, 0
												
												•LNUM (2)
												 0, 0
												
												•POSN (48)
												 255, 13, 145, 143, 1, 194, 5, 204, 0, 18, 0, 0, 0, 0, 0, 0, 0, 0, 0, 0, 255, 254, 109, 225, 0, 0, 0, 0, 0, 0, 0, 0, 0, 0, 0, 0, 0, 1, 0, 0, 0, 1, 0, 0, 0, 1, 0, 0
												
												•PRSM (164)
												
														•LOCK (2)
														 0, 0
														
														•LNUM (2)
														 0, 0
														
														•COLR (8)
														 0, 99, 99, 99, 255, 99, 99, 99
														
														•POLY (64)
														 0, 2, 3, 1, 0, 1, 0, 8, 41, 65, 255, 248, 233, 65, 0, 0, 0, 0, 0, 5, 128, 0, 0, 0, 0, 0, 0, 0, 0, 0, 0, 4, 0, 17, 128, 0, 0, 0, 128, 0, 0, 17, 128, 0, 255, 255, 128, 0, 255, 255, 128, 0, 255, 255, 128, 0, 255, 255, 128, 0, 0, 0, 128, 0
														
														•POSN (48)
														 255, 5, 13, 38, 1, 203, 5, 146, 0, 8, 22, 191, 0, 0, 0, 0, 0, 0, 0, 0, 255, 254, 109, 225, 0, 0, 0, 0, 0, 0, 0, 0, 0, 0, 0, 0, 0, 1, 0, 0, 0, 1, 0, 0, 0, 1, 0, 0
														
												•PRSM (164)
												
														•LOCK (2)
														 0, 0
														
														•LNUM (2)
														 0, 0
														
														•COLR (8)
														 0, 99, 99, 99, 255, 99, 99, 99
														
														•POLY (64)
														 0, 2, 3, 1, 0, 1, 0, 0, 128, 0, 255, 255, 128, 0, 0, 0, 0, 0, 0, 0, 0, 0, 0, 0, 0, 0, 0, 0, 0, 0, 0, 4, 255, 247, 0, 0, 255, 247, 128, 0, 255, 247, 0, 0, 0, 8, 128, 0, 0, 9, 0, 0, 0, 8, 128, 0, 0, 9, 0, 0, 255, 247, 128, 0
														
														•POSN (48)
														 255, 13, 17, 143, 1, 194, 133, 202, 0, 0, 128, 0, 0, 0, 0, 0, 0, 0, 0, 0, 255, 254, 109, 225, 0, 0, 0, 0, 0, 0, 0, 0, 0, 0, 0, 0, 0, 1, 0, 0, 0, 1, 0, 0, 0, 1, 0, 0
														
										•PRSM (408)
										
												•LOCK (2)
												 0, 0
												
												•LNUM (2)
												 0, 0
												
												•COLR (8)
												 0, 0, 0, 170, 255, 0, 0, 170
												
												•POLY (64)
												 0, 2, 3, 1, 0, 1, 0, 1, 93, 172, 255, 255, 29, 172, 0, 0, 0, 0, 0, 0, 0, 0, 0, 0, 0, 0, 0, 0, 0, 0, 0, 4, 0, 10, 178, 197, 0, 8, 204, 236, 0, 10, 178, 197, 255, 243, 134, 186, 255, 244, 168, 170, 255, 243, 134, 186, 255, 244, 168, 170, 0, 8, 204, 236
												
												•SLIC (66)
												 0, 4, 0, 15, 234, 186, 255, 233, 245, 163, 0, 0, 0, 0, 1, 80, 181, 75, 255, 244, 157, 136, 255, 244, 250, 209, 0, 0, 0, 0, 0, 194, 78, 97, 255, 239, 120, 144, 0, 17, 255, 239, 0, 0, 0, 0, 1, 105, 80, 19, 0, 14, 20, 202, 0, 11, 5, 46, 0, 0, 0, 0, 1, 20, 132, 3
												
												•POSN (48)
												 255, 14, 206, 4, 1, 193, 216, 100, 0, 17, 34, 84, 0, 0, 0, 0, 0, 0, 0, 0, 255, 254, 109, 225, 0, 0, 0, 0, 0, 0, 0, 0, 0, 0, 0, 0, 0, 1, 0, 0, 0, 1, 0, 0, 0, 1, 0, 0
												
												•ESLC (162)
												 0, 4, 0, 0, 0, 0, 0, 0, 0, 0, 0, 0, 0, 0, 0, 0, 0, 0, 0, 0, 0, 0, 0, 1, 146, 31, 255, 242, 230, 21, 0, 5, 208, 192, 255, 248, 104, 156, 0, 9, 203, 95, 0, 0, 0, 0, 0, 0, 0, 0, 0, 0, 0, 0, 0, 0, 0, 0, 0, 0, 0, 0, 0, 1, 146, 31, 0, 8, 106, 248, 0, 8, 239, 119, 0, 11, 44, 60, 0, 6, 22, 229, 0, 0, 0, 0, 0, 0, 0, 0, 0, 0, 0, 0, 0, 0, 0, 0, 0, 0, 0, 0, 0, 1, 146, 31, 0, 11, 177, 115, 255, 246, 170, 41, 0, 7, 49, 133, 255, 242, 136, 93, 0, 0, 0, 0, 0, 0, 0, 0, 0, 0, 0, 0, 0, 0, 0, 0, 0, 0, 0, 0, 0, 1, 146, 31, 255, 246, 169, 241, 255, 242, 214, 131, 255, 243, 232, 174, 255, 246, 91, 168
												
										•PRSM (172)
										
												•LOCK (2)
												 0, 0
												
												•LNUM (2)
												 0, 0
												
												•COLR (8)
												 0, 0, 0, 170, 255, 0, 0, 170
												
												•POLY (72)
												 0, 1, 1, 1, 0, 1, 0, 0, 212, 143, 255, 255, 43, 113, 0, 0, 0, 0, 0, 0, 0, 0, 0, 0, 0, 0, 0, 0, 0, 0, 0, 5, 255, 247, 96, 35, 255, 251, 114, 91, 255, 246, 251, 146, 0, 3, 77, 170, 255, 248, 169, 66, 0, 4, 141, 165, 0, 8, 77, 150, 0, 4, 141, 165, 0, 4, 223, 237, 255, 251, 114, 91
												
												•POSN (48)
												 255, 13, 21, 76, 1, 182, 77, 88, 0, 20, 192, 42, 0, 0, 0, 0, 0, 0, 0, 0, 255, 254, 109, 225, 0, 0, 0, 0, 0, 0, 0, 0, 0, 0, 0, 0, 0, 1, 0, 0, 0, 1, 0, 0, 0, 1, 0, 0
												
										•PRSM (272)
										
												•LOCK (2)
												 0, 0
												
												•LNUM (2)
												 0, 0
												
												•COLR (8)
												 0, 0, 0, 170, 255, 0, 0, 170
												
												•POLY (96)
												 0, 1, 2, 1, 0, 1, 0, 1, 22, 155, 255, 254, 233, 101, 0, 0, 0, 0, 0, 0, 0, 0, 0, 0, 0, 0, 0, 0, 0, 0, 0, 8, 0, 8, 103, 80, 0, 9, 110, 130, 0, 11, 254, 59, 0, 3, 136, 219, 0, 11, 254, 59, 255, 252, 123, 214, 0, 8, 201, 197, 255, 246, 84, 140, 0, 4, 44, 77, 255, 242, 183, 17, 255, 245, 175, 208, 255, 242, 183, 17, 255, 245, 175, 208, 0, 12, 54, 171, 0, 4, 109, 241, 0, 12, 54, 171
												
												•SLIC (18)
												 0, 1, 0, 0, 0, 0, 0, 0, 0, 0, 0, 122, 248, 101, 2, 145, 108, 192
												
												•POSN (48)
												 255, 22, 49, 84, 1, 193, 138, 75, 0, 24, 89, 231, 0, 0, 92, 123, 0, 0, 0, 0, 255, 254, 109, 225, 0, 0, 0, 0, 0, 0, 0, 0, 0, 0, 0, 0, 0, 1, 0, 0, 0, 1, 0, 0, 0, 1, 0, 0
												
												•ESLC (42)
												 0, 1, 0, 0, 0, 0, 0, 0, 0, 0, 0, 0, 0, 0, 0, 0, 0, 0, 0, 0, 0, 0, 0, 0, 0, 0, 0, 14, 103, 178, 255, 250, 167, 95, 255, 239, 170, 19, 255, 250, 167, 95
												
										•PRSM (172)
										
												•LOCK (2)
												 0, 0
												
												•LNUM (2)
												 0, 0
												
												•COLR (8)
												 0, 0, 0, 170, 255, 0, 0, 170
												
												•POLY (72)
												 0, 1, 1, 1, 0, 1, 0, 0, 212, 143, 255, 255, 43, 113, 0, 0, 0, 0, 0, 0, 0, 0, 0, 0, 0, 0, 0, 0, 0, 0, 0, 5, 255, 247, 96, 35, 255, 251, 114, 91, 255, 246, 251, 146, 0, 3, 77, 170, 255, 248, 169, 66, 0, 4, 141, 165, 0, 8, 77, 150, 0, 4, 141, 165, 0, 4, 223, 237, 255, 251, 114, 91
												
												•POSN (48)
												 255, 13, 20, 75, 1, 206, 3, 106, 0, 20, 192, 42, 0, 0, 0, 0, 0, 0, 0, 0, 255, 254, 109, 225, 0, 0, 0, 0, 0, 0, 0, 0, 0, 0, 0, 0, 0, 1, 0, 0, 0, 1, 0, 0, 0, 1, 0, 0
												
								•PGRP (1560)
								
										•LOCK (2)
										 0, 0
										
										•LNUM (2)
										 0, 0
										
										•POSN (48)
										 255, 11, 188, 138, 1, 157, 140, 63, 0, 18, 0, 0, 0, 0, 0, 0, 0, 0, 0, 0, 255, 255, 211, 86, 0, 0, 0, 0, 0, 0, 0, 0, 0, 0, 0, 0, 0, 1, 0, 0, 0, 1, 0, 0, 0, 1, 0, 0
										
										•PGRP (420)
										
												•LOCK (2)
												 0, 0
												
												•LNUM (2)
												 0, 0
												
												•POSN (48)
												 255, 11, 131, 6, 1, 158, 217, 82, 0, 18, 0, 0, 0, 0, 0, 0, 0, 0, 0, 0, 255, 254, 87, 139, 0, 0, 0, 0, 0, 0, 0, 0, 0, 0, 0, 0, 0, 1, 0, 0, 0, 1, 0, 0, 0, 1, 0, 0
												
												•PRSM (164)
												
														•LOCK (2)
														 0, 0
														
														•LNUM (2)
														 0, 0
														
														•COLR (8)
														 0, 99, 99, 99, 255, 99, 99, 99
														
														•POLY (64)
														 0, 2, 3, 1, 0, 1, 0, 8, 41, 65, 255, 248, 233, 65, 0, 0, 0, 0, 0, 5, 128, 0, 0, 0, 0, 0, 0, 0, 0, 0, 0, 4, 0, 17, 128, 0, 0, 0, 128, 0, 0, 17, 128, 0, 255, 255, 128, 0, 255, 255, 128, 0, 255, 255, 128, 0, 255, 255, 128, 0, 0, 0, 128, 0
														
														•POSN (48)
														 255, 3, 207, 165, 1, 168, 142, 71, 0, 8, 22, 191, 0, 0, 0, 0, 0, 0, 0, 0, 255, 254, 87, 139, 0, 0, 0, 0, 0, 0, 0, 0, 0, 0, 0, 0, 0, 1, 0, 0, 0, 1, 0, 0, 0, 1, 0, 0
														
												•PRSM (164)
												
														•LOCK (2)
														 0, 0
														
														•LNUM (2)
														 0, 0
														
														•COLR (8)
														 0, 99, 99, 99, 255, 99, 99, 99
														
														•POLY (64)
														 0, 2, 3, 1, 0, 1, 0, 0, 128, 0, 255, 255, 128, 0, 0, 0, 0, 0, 0, 0, 0, 0, 0, 0, 0, 0, 0, 0, 0, 0, 0, 4, 255, 247, 0, 0, 255, 247, 128, 0, 255, 247, 0, 0, 0, 8, 128, 0, 0, 9, 0, 0, 0, 8, 128, 0, 0, 9, 0, 0, 255, 247, 128, 0
														
														•POSN (48)
														 255, 11, 14, 172, 1, 159, 99, 250, 0, 0, 128, 0, 0, 0, 0, 0, 0, 0, 0, 0, 255, 254, 87, 139, 0, 0, 0, 0, 0, 0, 0, 0, 0, 0, 0, 0, 0, 1, 0, 0, 0, 1, 0, 0, 0, 1, 0, 0
														
										•PRSM (408)
										
												•LOCK (2)
												 0, 0
												
												•LNUM (2)
												 0, 0
												
												•COLR (8)
												 0, 0, 0, 170, 255, 0, 0, 170
												
												•POLY (64)
												 0, 2, 3, 1, 0, 1, 0, 1, 93, 172, 255, 255, 29, 172, 0, 0, 0, 0, 0, 0, 0, 0, 0, 0, 0, 0, 0, 0, 0, 0, 0, 4, 0, 10, 178, 197, 0, 8, 204, 236, 0, 10, 178, 197, 255, 243, 134, 186, 255, 244, 168, 170, 255, 243, 134, 186, 255, 244, 168, 170, 0, 8, 204, 236
												
												•SLIC (66)
												 0, 4, 0, 15, 234, 186, 255, 233, 245, 163, 0, 0, 0, 0, 1, 80, 181, 75, 255, 244, 157, 136, 255, 244, 250, 209, 0, 0, 0, 0, 0, 194, 78, 97, 255, 239, 120, 144, 0, 17, 255, 239, 0, 0, 0, 0, 1, 105, 80, 19, 0, 14, 20, 202, 0, 11, 5, 46, 0, 0, 0, 0, 1, 20, 132, 3
												
												•POSN (48)
												 255, 12, 186, 83, 1, 158, 144, 132, 0, 17, 34, 84, 0, 0, 0, 0, 0, 0, 0, 0, 255, 254, 87, 139, 0, 0, 0, 0, 0, 0, 0, 0, 0, 0, 0, 0, 0, 1, 0, 0, 0, 1, 0, 0, 0, 1, 0, 0
												
												•ESLC (162)
												 0, 4, 0, 0, 0, 0, 0, 0, 0, 0, 0, 0, 0, 0, 0, 0, 0, 0, 0, 0, 0, 0, 0, 1, 146, 31, 255, 242, 230, 21, 0, 5, 208, 192, 255, 248, 104, 156, 0, 9, 203, 95, 0, 0, 0, 0, 0, 0, 0, 0, 0, 0, 0, 0, 0, 0, 0, 0, 0, 0, 0, 0, 0, 1, 146, 31, 0, 8, 106, 248, 0, 8, 239, 119, 0, 11, 44, 60, 0, 6, 22, 229, 0, 0, 0, 0, 0, 0, 0, 0, 0, 0, 0, 0, 0, 0, 0, 0, 0, 0, 0, 0, 0, 1, 146, 31, 0, 11, 177, 115, 255, 246, 170, 41, 0, 7, 49, 133, 255, 242, 136, 93, 0, 0, 0, 0, 0, 0, 0, 0, 0, 0, 0, 0, 0, 0, 0, 0, 0, 0, 0, 0, 0, 1, 146, 31, 255, 246, 169, 241, 255, 242, 214, 131, 255, 243, 232, 174, 255, 246, 91, 168
												
										•PRSM (172)
										
												•LOCK (2)
												 0, 0
												
												•LNUM (2)
												 0, 0
												
												•COLR (8)
												 0, 0, 0, 170, 255, 0, 0, 170
												
												•POLY (72)
												 0, 1, 1, 1, 0, 1, 0, 0, 212, 143, 255, 255, 43, 113, 0, 0, 0, 0, 0, 0, 0, 0, 0, 0, 0, 0, 0, 0, 0, 0, 0, 5, 255, 247, 96, 35, 255, 251, 114, 91, 255, 246, 251, 146, 0, 3, 77, 170, 255, 248, 169, 66, 0, 4, 141, 165, 0, 8, 77, 150, 0, 4, 141, 165, 0, 4, 223, 237, 255, 251, 114, 91
												
												•POSN (48)
												 255, 10, 1, 212, 1, 147, 55, 4, 0, 20, 192, 42, 0, 0, 0, 0, 0, 0, 0, 0, 255, 254, 87, 139, 0, 0, 0, 0, 0, 0, 0, 0, 0, 0, 0, 0, 0, 1, 0, 0, 0, 1, 0, 0, 0, 1, 0, 0
												
										•PRSM (272)
										
												•LOCK (2)
												 0, 0
												
												•LNUM (2)
												 0, 0
												
												•COLR (8)
												 0, 0, 0, 170, 255, 0, 0, 170
												
												•POLY (96)
												 0, 1, 2, 1, 0, 1, 0, 1, 22, 155, 255, 254, 233, 101, 0, 0, 0, 0, 0, 0, 0, 0, 0, 0, 0, 0, 0, 0, 0, 0, 0, 8, 0, 8, 103, 80, 0, 9, 110, 130, 0, 11, 254, 59, 0, 3, 136, 219, 0, 11, 254, 59, 255, 252, 123, 214, 0, 8, 201, 197, 255, 246, 84, 140, 0, 4, 44, 77, 255, 242, 183, 17, 255, 245, 175, 208, 255, 242, 183, 17, 255, 245, 175, 208, 0, 12, 54, 171, 0, 4, 109, 241, 0, 12, 54, 171
												
												•SLIC (18)
												 0, 1, 0, 0, 0, 0, 0, 0, 0, 0, 0, 122, 248, 101, 2, 145, 108, 192
												
												•POSN (48)
												 255, 20, 15, 177, 1, 157, 157, 238, 0, 24, 89, 231, 0, 0, 92, 37, 0, 0, 7, 228, 255, 254, 88, 250, 0, 0, 0, 0, 0, 0, 0, 0, 0, 0, 0, 0, 0, 1, 0, 0, 0, 1, 0, 0, 0, 1, 0, 0
												
												•ESLC (42)
												 0, 1, 0, 0, 0, 0, 0, 0, 0, 0, 0, 0, 0, 0, 0, 0, 0, 0, 0, 0, 0, 0, 0, 0, 0, 0, 0, 14, 103, 178, 255, 250, 167, 95, 255, 239, 170, 19, 255, 250, 167, 95
												
										•PRSM (172)
										
												•LOCK (2)
												 0, 0
												
												•LNUM (2)
												 0, 0
												
												•COLR (8)
												 0, 0, 0, 170, 255, 0, 0, 170
												
												•POLY (72)
												 0, 1, 1, 1, 0, 1, 0, 0, 212, 143, 255, 255, 43, 113, 0, 0, 0, 0, 0, 0, 0, 0, 0, 0, 0, 0, 0, 0, 0, 0, 0, 5, 255, 247, 96, 35, 255, 251, 114, 91, 255, 246, 251, 146, 0, 3, 77, 170, 255, 248, 169, 66, 0, 4, 141, 165, 0, 8, 77, 150, 0, 4, 141, 165, 0, 4, 223, 237, 255, 251, 114, 91
												
												•POSN (48)
												 255, 12, 17, 165, 1, 170, 214, 66, 0, 20, 192, 42, 0, 0, 0, 0, 0, 0, 0, 0, 255, 254, 87, 139, 0, 0, 0, 0, 0, 0, 0, 0, 0, 0, 0, 0, 0, 1, 0, 0, 0, 1, 0, 0, 0, 1, 0, 0
												
								•PGRP (1560)
								
										•LOCK (2)
										 0, 0
										
										•LNUM (2)
										 0, 0
										
										•POSN (48)
										 254, 173, 0, 3, 1, 159, 255, 254, 0, 18, 0, 0, 0, 0, 0, 0, 0, 0, 0, 0, 0, 3, 36, 63, 0, 0, 0, 0, 0, 0, 0, 0, 0, 0, 0, 0, 0, 1, 0, 0, 0, 1, 0, 0, 0, 1, 0, 0
										
										•PGRP (420)
										
												•LOCK (2)
												 0, 0
												
												•LNUM (2)
												 0, 0
												
												•POSN (48)
												 254, 173, 114, 124, 1, 158, 193, 248, 0, 18, 0, 0, 0, 0, 0, 0, 0, 0, 0, 0, 0, 1, 168, 118, 0, 0, 0, 0, 0, 0, 0, 0, 0, 0, 0, 0, 0, 1, 0, 0, 0, 1, 0, 0, 0, 1, 0, 0
												
												•PRSM (164)
												
														•LOCK (2)
														 0, 0
														
														•LNUM (2)
														 0, 0
														
														•COLR (8)
														 0, 99, 99, 99, 255, 99, 99, 99
														
														•POLY (64)
														 0, 2, 3, 1, 0, 1, 0, 8, 41, 65, 255, 248, 233, 65, 0, 0, 0, 0, 0, 5, 128, 0, 0, 0, 0, 0, 0, 0, 0, 0, 0, 4, 0, 17, 128, 0, 0, 0, 128, 0, 0, 17, 128, 0, 255, 255, 128, 0, 255, 255, 128, 0, 255, 255, 128, 0, 255, 255, 128, 0, 0, 0, 128, 0
														
														•POSN (48)
														 254, 182, 183, 111, 1, 150, 136, 237, 0, 8, 22, 191, 0, 0, 0, 0, 0, 0, 0, 0, 0, 1, 168, 118, 0, 0, 0, 0, 0, 0, 0, 0, 0, 0, 0, 0, 0, 1, 0, 0, 0, 1, 0, 0, 0, 1, 0, 0
														
												•PRSM (164)
												
														•LOCK (2)
														 0, 0
														
														•LNUM (2)
														 0, 0
														
														•COLR (8)
														 0, 99, 99, 99, 255, 99, 99, 99
														
														•POLY (64)
														 0, 2, 3, 1, 0, 1, 0, 0, 128, 0, 255, 255, 128, 0, 0, 0, 0, 0, 0, 0, 0, 0, 0, 0, 0, 0, 0, 0, 0, 0, 0, 4, 255, 247, 0, 0, 255, 247, 128, 0, 255, 247, 0, 0, 0, 8, 128, 0, 0, 9, 0, 0, 0, 8, 128, 0, 0, 9, 0, 0, 255, 247, 128, 0
														
														•POSN (48)
														 254, 173, 253, 37, 1, 158, 77, 161, 0, 0, 128, 0, 0, 0, 0, 0, 0, 0, 0, 0, 0, 1, 168, 118, 0, 0, 0, 0, 0, 0, 0, 0, 0, 0, 0, 0, 0, 1, 0, 0, 0, 1, 0, 0, 0, 1, 0, 0
														
										•PRSM (408)
										
												•LOCK (2)
												 0, 0
												
												•LNUM (2)
												 0, 0
												
												•COLR (8)
												 0, 0, 0, 170, 255, 0, 0, 170
												
												•POLY (64)
												 0, 2, 3, 1, 0, 1, 0, 1, 93, 172, 255, 255, 29, 172, 0, 0, 0, 0, 0, 0, 0, 0, 0, 0, 0, 0, 0, 0, 0, 0, 0, 4, 0, 10, 178, 197, 0, 8, 204, 236, 0, 10, 178, 197, 255, 243, 134, 186, 255, 244, 168, 170, 255, 243, 134, 186, 255, 244, 168, 170, 0, 8, 204, 236
												
												•SLIC (66)
												 0, 4, 0, 15, 234, 186, 255, 233, 245, 163, 0, 0, 0, 0, 1, 80, 181, 75, 255, 244, 157, 136, 255, 244, 250, 209, 0, 0, 0, 0, 0, 194, 78, 97, 255, 239, 120, 144, 0, 17, 255, 239, 0, 0, 0, 0, 1, 105, 80, 19, 0, 14, 20, 202, 0, 11, 5, 46, 0, 0, 0, 0, 1, 20, 132, 3
												
												•POSN (48)
												 254, 172, 51, 70, 1, 158, 211, 162, 0, 17, 34, 84, 0, 0, 0, 0, 0, 0, 0, 0, 0, 1, 168, 118, 0, 0, 0, 0, 0, 0, 0, 0, 0, 0, 0, 0, 0, 1, 0, 0, 0, 1, 0, 0, 0, 1, 0, 0
												
												•ESLC (162)
												 0, 4, 0, 0, 0, 0, 0, 0, 0, 0, 0, 0, 0, 0, 0, 0, 0, 0, 0, 0, 0, 0, 0, 1, 146, 31, 255, 242, 230, 21, 0, 5, 208, 192, 255, 248, 104, 156, 0, 9, 203, 95, 0, 0, 0, 0, 0, 0, 0, 0, 0, 0, 0, 0, 0, 0, 0, 0, 0, 0, 0, 0, 0, 1, 146, 31, 0, 8, 106, 248, 0, 8, 239, 119, 0, 11, 44, 60, 0, 6, 22, 229, 0, 0, 0, 0, 0, 0, 0, 0, 0, 0, 0, 0, 0, 0, 0, 0, 0, 0, 0, 0, 0, 1, 146, 31, 0, 11, 177, 115, 255, 246, 170, 41, 0, 7, 49, 133, 255, 242, 136, 93, 0, 0, 0, 0, 0, 0, 0, 0, 0, 0, 0, 0, 0, 0, 0, 0, 0, 0, 0, 0, 0, 1, 146, 31, 255, 246, 169, 241, 255, 242, 214, 131, 255, 243, 232, 174, 255, 246, 91, 168
												
										•PRSM (172)
										
												•LOCK (2)
												 0, 0
												
												•LNUM (2)
												 0, 0
												
												•COLR (8)
												 0, 0, 0, 170, 255, 0, 0, 170
												
												•POLY (72)
												 0, 1, 1, 1, 0, 1, 0, 0, 212, 143, 255, 255, 43, 113, 0, 0, 0, 0, 0, 0, 0, 0, 0, 0, 0, 0, 0, 0, 0, 0, 0, 5, 255, 247, 96, 35, 255, 251, 114, 91, 255, 246, 251, 146, 0, 3, 77, 170, 255, 248, 169, 66, 0, 4, 141, 165, 0, 8, 77, 150, 0, 4, 141, 165, 0, 4, 223, 237, 255, 251, 114, 91
												
												•POSN (48)
												 254, 172, 232, 214, 1, 170, 121, 205, 0, 20, 192, 42, 0, 0, 0, 0, 0, 0, 0, 0, 0, 1, 168, 118, 0, 0, 0, 0, 0, 0, 0, 0, 0, 0, 0, 0, 0, 1, 0, 0, 0, 1, 0, 0, 0, 1, 0, 0
												
										•PRSM (272)
										
												•LOCK (2)
												 0, 0
												
												•LNUM (2)
												 0, 0
												
												•COLR (8)
												 0, 0, 0, 170, 255, 0, 0, 170
												
												•POLY (96)
												 0, 1, 2, 1, 0, 1, 0, 1, 22, 155, 255, 254, 233, 101, 0, 0, 0, 0, 0, 0, 0, 0, 0, 0, 0, 0, 0, 0, 0, 0, 0, 8, 0, 8, 103, 80, 0, 9, 110, 130, 0, 11, 254, 59, 0, 3, 136, 219, 0, 11, 254, 59, 255, 252, 123, 214, 0, 8, 201, 197, 255, 246, 84, 140, 0, 4, 44, 77, 255, 242, 183, 17, 255, 245, 175, 208, 255, 242, 183, 17, 255, 245, 175, 208, 0, 12, 54, 171, 0, 4, 109, 241, 0, 12, 54, 171
												
												•SLIC (18)
												 0, 1, 0, 0, 0, 0, 0, 0, 0, 0, 0, 122, 248, 101, 2, 145, 108, 192
												
												•POSN (48)
												 254, 164, 208, 94, 1, 158, 124, 169, 0, 24, 89, 231, 255, 255, 163, 218, 0, 0, 7, 222, 0, 1, 167, 2, 0, 0, 0, 0, 0, 0, 0, 0, 0, 0, 0, 0, 0, 1, 0, 0, 0, 1, 0, 0, 0, 1, 0, 0
												
												•ESLC (42)
												 0, 1, 0, 0, 0, 0, 0, 0, 0, 0, 0, 0, 0, 0, 0, 0, 0, 0, 0, 0, 0, 0, 0, 0, 0, 0, 0, 14, 103, 178, 255, 250, 167, 95, 255, 239, 170, 19, 255, 250, 167, 95
												
										•PRSM (172)
										
												•LOCK (2)
												 0, 0
												
												•LNUM (2)
												 0, 0
												
												•COLR (8)
												 0, 0, 0, 170, 255, 0, 0, 170
												
												•POLY (72)
												 0, 1, 1, 1, 0, 1, 0, 0, 212, 143, 255, 255, 43, 113, 0, 0, 0, 0, 0, 0, 0, 0, 0, 0, 0, 0, 0, 0, 0, 0, 0, 5, 255, 247, 96, 35, 255, 251, 114, 91, 255, 246, 251, 146, 0, 3, 77, 170, 255, 248, 169, 66, 0, 4, 141, 165, 0, 8, 77, 150, 0, 4, 141, 165, 0, 4, 223, 237, 255, 251, 114, 91
												
												•POSN (48)
												 254, 174, 250, 182, 1, 146, 219, 0, 0, 20, 192, 42, 0, 0, 0, 0, 0, 0, 0, 0, 0, 1, 168, 118, 0, 0, 0, 0, 0, 0, 0, 0, 0, 0, 0, 0, 0, 1, 0, 0, 0, 1, 0, 0, 0, 1, 0, 0
												
								•PGRP (1560)
								
										•LOCK (2)
										 0, 0
										
										•LNUM (2)
										 0, 0
										
										•POSN (48)
										 254, 172, 24, 36, 1, 195, 64, 216, 0, 18, 0, 0, 0, 0, 0, 0, 0, 0, 0, 0, 0, 3, 13, 234, 0, 0, 0, 0, 0, 0, 0, 0, 0, 0, 0, 0, 0, 1, 0, 0, 0, 1, 0, 0, 0, 1, 0, 0
										
										•PGRP (420)
										
												•LOCK (2)
												 0, 0
												
												•LNUM (2)
												 0, 0
												
												•POSN (48)
												 254, 172, 110, 117, 1, 193, 250, 17, 0, 18, 0, 0, 0, 0, 0, 0, 0, 0, 0, 0, 0, 1, 146, 31, 0, 0, 0, 0, 0, 0, 0, 0, 0, 0, 0, 0, 0, 1, 0, 0, 0, 1, 0, 0, 0, 1, 0, 0
												
												•PRSM (164)
												
														•LOCK (2)
														 0, 0
														
														•LNUM (2)
														 0, 0
														
														•COLR (8)
														 0, 99, 99, 99, 255, 99, 99, 99
														
														•POLY (64)
														 0, 2, 3, 1, 0, 1, 0, 8, 41, 65, 255, 248, 233, 65, 0, 0, 0, 0, 0, 5, 128, 0, 0, 0, 0, 0, 0, 0, 0, 0, 0, 4, 0, 17, 128, 0, 0, 0, 128, 0, 0, 17, 128, 0, 255, 255, 128, 0, 255, 255, 128, 0, 255, 255, 128, 0, 255, 255, 128, 0, 0, 0, 128, 0
														
														•POSN (48)
														 254, 180, 242, 204, 1, 184, 250, 93, 0, 8, 22, 191, 0, 0, 0, 0, 0, 0, 0, 0, 0, 1, 146, 31, 0, 0, 0, 0, 0, 0, 0, 0, 0, 0, 0, 0, 0, 1, 0, 0, 0, 1, 0, 0, 0, 1, 0, 0
														
												•PRSM (164)
												
														•LOCK (2)
														 0, 0
														
														•LNUM (2)
														 0, 0
														
														•COLR (8)
														 0, 99, 99, 99, 255, 99, 99, 99
														
														•POLY (64)
														 0, 2, 3, 1, 0, 1, 0, 0, 128, 0, 255, 255, 128, 0, 0, 0, 0, 0, 0, 0, 0, 0, 0, 0, 0, 0, 0, 0, 0, 0, 0, 4, 255, 247, 0, 0, 255, 247, 128, 0, 255, 247, 0, 0, 0, 8, 128, 0, 0, 9, 0, 0, 0, 8, 128, 0, 0, 9, 0, 0, 255, 247, 128, 0
														
														•POSN (48)
														 254, 172, 238, 117, 1, 193, 122, 19, 0, 0, 128, 0, 0, 0, 0, 0, 0, 0, 0, 0, 0, 1, 146, 31, 0, 0, 0, 0, 0, 0, 0, 0, 0, 0, 0, 0, 0, 1, 0, 0, 0, 1, 0, 0, 0, 1, 0, 0
														
										•PRSM (408)
										
												•LOCK (2)
												 0, 0
												
												•LNUM (2)
												 0, 0
												
												•COLR (8)
												 0, 0, 0, 170, 255, 0, 0, 170
												
												•POLY (64)
												 0, 2, 3, 1, 0, 1, 0, 1, 93, 172, 255, 255, 29, 172, 0, 0, 0, 0, 0, 0, 0, 0, 0, 0, 0, 0, 0, 0, 0, 0, 0, 4, 0, 10, 178, 197, 0, 8, 204, 236, 0, 10, 178, 197, 255, 243, 134, 186, 255, 244, 168, 170, 255, 243, 134, 186, 255, 244, 168, 170, 0, 8, 204, 236
												
												•SLIC (66)
												 0, 4, 0, 15, 234, 186, 255, 233, 245, 163, 0, 0, 0, 0, 1, 80, 181, 75, 255, 244, 157, 136, 255, 244, 250, 209, 0, 0, 0, 0, 0, 194, 78, 97, 255, 239, 120, 144, 0, 17, 255, 239, 0, 0, 0, 0, 1, 105, 80, 19, 0, 14, 20, 202, 0, 11, 5, 46, 0, 0, 0, 0, 1, 20, 132, 3
												
												•POSN (48)
												 254, 171, 50, 2, 1, 194, 39, 121, 0, 17, 34, 84, 0, 0, 0, 0, 0, 0, 0, 0, 0, 1, 146, 31, 0, 0, 0, 0, 0, 0, 0, 0, 0, 0, 0, 0, 0, 1, 0, 0, 0, 1, 0, 0, 0, 1, 0, 0
												
												•ESLC (162)
												 0, 4, 0, 0, 0, 0, 0, 0, 0, 0, 0, 0, 0, 0, 0, 0, 0, 0, 0, 0, 0, 0, 0, 1, 146, 31, 255, 242, 230, 21, 0, 5, 208, 192, 255, 248, 104, 156, 0, 9, 203, 95, 0, 0, 0, 0, 0, 0, 0, 0, 0, 0, 0, 0, 0, 0, 0, 0, 0, 0, 0, 0, 0, 1, 146, 31, 0, 8, 106, 248, 0, 8, 239, 119, 0, 11, 44, 60, 0, 6, 22, 229, 0, 0, 0, 0, 0, 0, 0, 0, 0, 0, 0, 0, 0, 0, 0, 0, 0, 0, 0, 0, 0, 1, 146, 31, 0, 11, 177, 115, 255, 246, 170, 41, 0, 7, 49, 133, 255, 242, 136, 93, 0, 0, 0, 0, 0, 0, 0, 0, 0, 0, 0, 0, 0, 0, 0, 0, 0, 0, 0, 0, 0, 1, 146, 31, 255, 246, 169, 241, 255, 242, 214, 131, 255, 243, 232, 174, 255, 246, 91, 168
												
										•PRSM (172)
										
												•LOCK (2)
												 0, 0
												
												•LNUM (2)
												 0, 0
												
												•COLR (8)
												 0, 0, 0, 170, 255, 0, 0, 170
												
												•POLY (72)
												 0, 1, 1, 1, 0, 1, 0, 0, 212, 143, 255, 255, 43, 113, 0, 0, 0, 0, 0, 0, 0, 0, 0, 0, 0, 0, 0, 0, 0, 0, 0, 5, 255, 247, 96, 35, 255, 251, 114, 91, 255, 246, 251, 146, 0, 3, 77, 170, 255, 248, 169, 66, 0, 4, 141, 165, 0, 8, 77, 150, 0, 4, 141, 165, 0, 4, 223, 237, 255, 251, 114, 91
												
												•POSN (48)
												 254, 172, 234, 183, 1, 205, 178, 115, 0, 20, 192, 42, 0, 0, 0, 0, 0, 0, 0, 0, 0, 1, 146, 31, 0, 0, 0, 0, 0, 0, 0, 0, 0, 0, 0, 0, 0, 1, 0, 0, 0, 1, 0, 0, 0, 1, 0, 0
												
										•PRSM (272)
										
												•LOCK (2)
												 0, 0
												
												•LNUM (2)
												 0, 0
												
												•COLR (8)
												 0, 0, 0, 170, 255, 0, 0, 170
												
												•POLY (96)
												 0, 1, 2, 1, 0, 1, 0, 1, 22, 155, 255, 254, 233, 101, 0, 0, 0, 0, 0, 0, 0, 0, 0, 0, 0, 0, 0, 0, 0, 0, 0, 8, 0, 8, 103, 80, 0, 9, 110, 130, 0, 11, 254, 59, 0, 3, 136, 219, 0, 11, 254, 59, 255, 252, 123, 214, 0, 8, 201, 197, 255, 246, 84, 140, 0, 4, 44, 77, 255, 242, 183, 17, 255, 245, 175, 208, 255, 242, 183, 17, 255, 245, 175, 208, 0, 12, 54, 171, 0, 4, 109, 241, 0, 12, 54, 171
												
												•SLIC (18)
												 0, 1, 0, 0, 0, 0, 0, 0, 0, 0, 0, 122, 248, 101, 2, 145, 108, 192
												
												•POSN (48)
												 254, 163, 206, 190, 1, 194, 117, 146, 0, 24, 89, 231, 255, 255, 163, 134, 0, 0, 0, 0, 0, 1, 146, 31, 0, 0, 0, 0, 0, 0, 0, 0, 0, 0, 0, 0, 0, 1, 0, 0, 0, 1, 0, 0, 0, 1, 0, 0
												
												•ESLC (42)
												 0, 1, 0, 0, 0, 0, 0, 0, 0, 0, 0, 0, 0, 0, 0, 0, 0, 0, 0, 0, 0, 0, 0, 0, 0, 0, 0, 14, 103, 178, 255, 250, 167, 95, 255, 239, 170, 19, 255, 250, 167, 95
												
										•PRSM (172)
										
												•LOCK (2)
												 0, 0
												
												•LNUM (2)
												 0, 0
												
												•COLR (8)
												 0, 0, 0, 170, 255, 0, 0, 170
												
												•POLY (72)
												 0, 1, 1, 1, 0, 1, 0, 0, 212, 143, 255, 255, 43, 113, 0, 0, 0, 0, 0, 0, 0, 0, 0, 0, 0, 0, 0, 0, 0, 0, 0, 5, 255, 247, 96, 35, 255, 251, 114, 91, 255, 246, 251, 146, 0, 3, 77, 170, 255, 248, 169, 66, 0, 4, 141, 165, 0, 8, 77, 150, 0, 4, 141, 165, 0, 4, 223, 237, 255, 251, 114, 91
												
												•POSN (48)
												 254, 172, 235, 183, 1, 181, 252, 133, 0, 20, 192, 42, 0, 0, 0, 0, 0, 0, 0, 0, 0, 1, 146, 31, 0, 0, 0, 0, 0, 0, 0, 0, 0, 0, 0, 0, 0, 1, 0, 0, 0, 1, 0, 0, 0, 1, 0, 0
												
								•PGRP (1560)
								
										•LOCK (2)
										 0, 0
										
										•LNUM (2)
										 0, 0
										
										•POSN (48)
										 254, 174, 67, 120, 1, 230, 115, 121, 0, 18, 0, 0, 0, 0, 0, 0, 0, 0, 0, 0, 0, 2, 247, 149, 0, 0, 0, 0, 0, 0, 0, 0, 0, 0, 0, 0, 0, 1, 0, 0, 0, 1, 0, 0, 0, 1, 0, 0
										
										•PGRP (420)
										
												•LOCK (2)
												 0, 0
												
												•LNUM (2)
												 0, 0
												
												•POSN (48)
												 254, 174, 124, 251, 1, 229, 38, 103, 0, 18, 0, 0, 0, 0, 0, 0, 0, 0, 0, 0, 0, 1, 123, 202, 0, 0, 0, 0, 0, 0, 0, 0, 0, 0, 0, 0, 0, 1, 0, 0, 0, 1, 0, 0, 0, 1, 0, 0
												
												•PRSM (164)
												
														•LOCK (2)
														 0, 0
														
														•LNUM (2)
														 0, 0
														
														•COLR (8)
														 0, 99, 99, 99, 255, 99, 99, 99
														
														•POLY (64)
														 0, 2, 3, 1, 0, 1, 0, 8, 41, 65, 255, 248, 233, 65, 0, 0, 0, 0, 0, 5, 128, 0, 0, 0, 0, 0, 0, 0, 0, 0, 0, 4, 0, 17, 128, 0, 0, 0, 128, 0, 0, 17, 128, 0, 255, 255, 128, 0, 255, 255, 128, 0, 255, 255, 128, 0, 255, 255, 128, 0, 0, 0, 128, 0
														
														•POSN (48)
														 254, 182, 48, 80, 1, 219, 113, 130, 0, 8, 22, 191, 0, 0, 0, 0, 0, 0, 0, 0, 0, 1, 123, 202, 0, 0, 0, 0, 0, 0, 0, 0, 0, 0, 0, 0, 0, 1, 0, 0, 0, 1, 0, 0, 0, 1, 0, 0
														
												•PRSM (164)
												
														•LOCK (2)
														 0, 0
														
														•LNUM (2)
														 0, 0
														
														•COLR (8)
														 0, 99, 99, 99, 255, 99, 99, 99
														
														•POLY (64)
														 0, 2, 3, 1, 0, 1, 0, 0, 128, 0, 255, 255, 128, 0, 0, 0, 0, 0, 0, 0, 0, 0, 0, 0, 0, 0, 0, 0, 0, 0, 0, 4, 255, 247, 0, 0, 255, 247, 128, 0, 255, 247, 0, 0, 0, 8, 128, 0, 0, 9, 0, 0, 0, 8, 128, 0, 0, 9, 0, 0, 255, 247, 128, 0
														
														•POSN (48)
														 254, 174, 241, 84, 1, 228, 155, 191, 0, 0, 128, 0, 0, 0, 0, 0, 0, 0, 0, 0, 0, 1, 123, 202, 0, 0, 0, 0, 0, 0, 0, 0, 0, 0, 0, 0, 0, 1, 0, 0, 0, 1, 0, 0, 0, 1, 0, 0
														
										•PRSM (408)
										
												•LOCK (2)
												 0, 0
												
												•LNUM (2)
												 0, 0
												
												•COLR (8)
												 0, 0, 0, 170, 255, 0, 0, 170
												
												•POLY (64)
												 0, 2, 3, 1, 0, 1, 0, 1, 93, 172, 255, 255, 29, 172, 0, 0, 0, 0, 0, 0, 0, 0, 0, 0, 0, 0, 0, 0, 0, 0, 0, 4, 0, 10, 178, 197, 0, 8, 204, 236, 0, 10, 178, 197, 255, 243, 134, 186, 255, 244, 168, 170, 255, 243, 134, 186, 255, 244, 168, 170, 0, 8, 204, 236
												
												•SLIC (66)
												 0, 4, 0, 15, 234, 186, 255, 233, 245, 163, 0, 0, 0, 0, 1, 80, 181, 75, 255, 244, 157, 136, 255, 244, 250, 209, 0, 0, 0, 0, 0, 194, 78, 97, 255, 239, 120, 144, 0, 17, 255, 239, 0, 0, 0, 0, 1, 105, 80, 19, 0, 14, 20, 202, 0, 11, 5, 46, 0, 0, 0, 0, 1, 20, 132, 3
												
												•POSN (48)
												 254, 173, 69, 175, 1, 229, 111, 52, 0, 17, 34, 84, 0, 0, 0, 0, 0, 0, 0, 0, 0, 1, 123, 202, 0, 0, 0, 0, 0, 0, 0, 0, 0, 0, 0, 0, 0, 1, 0, 0, 0, 1, 0, 0, 0, 1, 0, 0
												
												•ESLC (162)
												 0, 4, 0, 0, 0, 0, 0, 0, 0, 0, 0, 0, 0, 0, 0, 0, 0, 0, 0, 0, 0, 0, 0, 1, 146, 31, 255, 242, 230, 21, 0, 5, 208, 192, 255, 248, 104, 156, 0, 9, 203, 95, 0, 0, 0, 0, 0, 0, 0, 0, 0, 0, 0, 0, 0, 0, 0, 0, 0, 0, 0, 0, 0, 1, 146, 31, 0, 8, 106, 248, 0, 8, 239, 119, 0, 11, 44, 60, 0, 6, 22, 229, 0, 0, 0, 0, 0, 0, 0, 0, 0, 0, 0, 0, 0, 0, 0, 0, 0, 0, 0, 0, 0, 1, 146, 31, 0, 11, 177, 115, 255, 246, 170, 41, 0, 7, 49, 133, 255, 242, 136, 93, 0, 0, 0, 0, 0, 0, 0, 0, 0, 0, 0, 0, 0, 0, 0, 0, 0, 0, 0, 0, 0, 1, 146, 31, 255, 246, 169, 241, 255, 242, 214, 131, 255, 243, 232, 174, 255, 246, 91, 168
												
										•PRSM (172)
										
												•LOCK (2)
												 0, 0
												
												•LNUM (2)
												 0, 0
												
												•COLR (8)
												 0, 0, 0, 170, 255, 0, 0, 170
												
												•POLY (72)
												 0, 1, 1, 1, 0, 1, 0, 0, 212, 143, 255, 255, 43, 113, 0, 0, 0, 0, 0, 0, 0, 0, 0, 0, 0, 0, 0, 0, 0, 0, 0, 5, 255, 247, 96, 35, 255, 251, 114, 91, 255, 246, 251, 146, 0, 3, 77, 170, 255, 248, 169, 66, 0, 4, 141, 165, 0, 8, 77, 150, 0, 4, 141, 165, 0, 4, 223, 237, 255, 251, 114, 91
												
												•POSN (48)
												 254, 175, 254, 46, 1, 240, 200, 178, 0, 20, 192, 42, 0, 0, 0, 0, 0, 0, 0, 0, 0, 1, 123, 202, 0, 0, 0, 0, 0, 0, 0, 0, 0, 0, 0, 0, 0, 1, 0, 0, 0, 1, 0, 0, 0, 1, 0, 0
												
										•PRSM (272)
										
												•LOCK (2)
												 0, 0
												
												•LNUM (2)
												 0, 0
												
												•COLR (8)
												 0, 0, 0, 170, 255, 0, 0, 170
												
												•POLY (96)
												 0, 1, 2, 1, 0, 1, 0, 1, 22, 155, 255, 254, 233, 101, 0, 0, 0, 0, 0, 0, 0, 0, 0, 0, 0, 0, 0, 0, 0, 0, 0, 8, 0, 8, 103, 80, 0, 9, 110, 130, 0, 11, 254, 59, 0, 3, 136, 219, 0, 11, 254, 59, 255, 252, 123, 214, 0, 8, 201, 197, 255, 246, 84, 140, 0, 4, 44, 77, 255, 242, 183, 17, 255, 245, 175, 208, 255, 242, 183, 17, 255, 245, 175, 208, 0, 12, 54, 171, 0, 4, 109, 241, 0, 12, 54, 171
												
												•SLIC (18)
												 0, 1, 0, 0, 0, 0, 0, 0, 0, 0, 0, 122, 248, 101, 2, 145, 108, 192
												
												•POSN (48)
												 254, 165, 240, 82, 1, 230, 97, 203, 0, 24, 89, 231, 255, 255, 163, 220, 255, 255, 248, 28, 0, 1, 125, 57, 0, 0, 0, 0, 0, 0, 0, 0, 0, 0, 0, 0, 0, 1, 0, 0, 0, 1, 0, 0, 0, 1, 0, 0
												
												•ESLC (42)
												 0, 1, 0, 0, 0, 0, 0, 0, 0, 0, 0, 0, 0, 0, 0, 0, 0, 0, 0, 0, 0, 0, 0, 0, 0, 0, 0, 14, 103, 178, 255, 250, 167, 95, 255, 239, 170, 19, 255, 250, 167, 95
												
										•PRSM (172)
										
												•LOCK (2)
												 0, 0
												
												•LNUM (2)
												 0, 0
												
												•COLR (8)
												 0, 0, 0, 170, 255, 0, 0, 170
												
												•POLY (72)
												 0, 1, 1, 1, 0, 1, 0, 0, 212, 143, 255, 255, 43, 113, 0, 0, 0, 0, 0, 0, 0, 0, 0, 0, 0, 0, 0, 0, 0, 0, 0, 5, 255, 247, 96, 35, 255, 251, 114, 91, 255, 246, 251, 146, 0, 3, 77, 170, 255, 248, 169, 66, 0, 4, 141, 165, 0, 8, 77, 150, 0, 4, 141, 165, 0, 4, 223, 237, 255, 251, 114, 91
												
												•POSN (48)
												 254, 173, 238, 94, 1, 217, 41, 121, 0, 20, 192, 42, 0, 0, 0, 0, 0, 0, 0, 0, 0, 1, 123, 202, 0, 0, 0, 0, 0, 0, 0, 0, 0, 0, 0, 0, 0, 1, 0, 0, 0, 1, 0, 0, 0, 1, 0, 0
												
								•PGRP (1422)
								
										•LOCK (2)
										 0, 0
										
										•LNUM (2)
										 0, 0
										
										•POSN (48)
										 254, 219, 109, 180, 1, 194, 0, 10, 0, 14, 0, 0, 0, 3, 36, 63, 0, 0, 0, 0, 255, 254, 109, 225, 0, 0, 0, 0, 0, 0, 0, 0, 0, 0, 0, 0, 255, 254, 102, 104, 255, 254, 109, 184, 255, 255, 0, 0
										
										•PRSM (386)
										
												•LOCK (2)
												 0, 0
												
												•LNUM (2)
												 0, 0
												
												•COLR (8)
												 0, 99, 99, 99, 255, 99, 99, 99
												
												•POLY (112)
												 0, 1, 3, 1, 0, 1, 0, 1, 128, 0, 0, 0, 128, 0, 0, 0, 0, 0, 0, 0, 0, 0, 0, 0, 0, 0, 0, 0, 0, 0, 0, 10, 255, 222, 15, 19, 255, 222, 15, 19, 255, 211, 167, 95, 255, 237, 161, 151, 255, 208, 0, 0, 0, 0, 0, 0, 255, 211, 167, 95, 0, 18, 94, 105, 255, 222, 15, 19, 0, 33, 240, 237, 0, 33, 240, 237, 0, 33, 240, 237, 0, 44, 88, 161, 0, 18, 94, 105, 0, 48, 0, 0, 0, 0, 0, 0, 0, 44, 88, 161, 255, 237, 161, 151, 0, 32, 128, 104, 255, 222, 0, 0
												
												•SURF (166)
												 0, 0
												
														•COLR (10)
														 0, 2, 0, 0, 0, 170, 255, 0, 0, 170
														
														•FEAT (138)
														 0, 1
														
																•COLR (4)
																 255, 191, 191, 191
																
																•POLY (84)
																 0, 1, 0, 10, 0, 27, 128, 88, 0, 32, 0, 0, 0, 37, 128, 120, 0, 16, 0, 0, 0, 42, 128, 136, 255, 254, 0, 0, 0, 37, 128, 120, 255, 238, 0, 0, 0, 27, 128, 88, 255, 224, 0, 0, 255, 228, 127, 168, 255, 224, 0, 0, 255, 218, 127, 136, 255, 240, 0, 0, 255, 213, 127, 120, 0, 0, 0, 0, 255, 218, 127, 136, 0, 16, 0, 0, 255, 228, 127, 168, 0, 32, 0, 0
																
																•POSN (24)
																 0, 47, 128, 152, 0, 34, 0, 0, 0, 0, 0, 0, 0, 0, 0, 0, 0, 1, 0, 0, 0, 1, 0, 0
																
												•POSN (48)
												 254, 220, 255, 221, 1, 194, 0, 39, 0, 26, 127, 196, 0, 3, 36, 63, 0, 0, 0, 0, 0, 3, 36, 63, 0, 0, 0, 0, 0, 0, 0, 0, 0, 0, 0, 0, 255, 255, 95, 29, 255, 254, 102, 120, 255, 255, 0, 0
												
										•PRSM (164)
										
												•LOCK (2)
												 0, 0
												
												•LNUM (2)
												 0, 0
												
												•COLR (8)
												 0, 99, 99, 99, 255, 99, 99, 99
												
												•POLY (64)
												 0, 2, 3, 1, 0, 1, 0, 7, 128, 0, 255, 248, 128, 0, 0, 0, 0, 0, 0, 0, 0, 0, 0, 0, 0, 0, 0, 0, 0, 0, 0, 4, 255, 247, 0, 0, 255, 255, 128, 0, 255, 247, 0, 0, 0, 0, 128, 0, 0, 8, 128, 0, 0, 0, 128, 0, 0, 8, 128, 0, 255, 255, 128, 0
												
												•POSN (48)
												 254, 220, 255, 221, 1, 160, 104, 1, 0, 19, 127, 231, 0, 3, 36, 63, 0, 0, 0, 0, 0, 3, 36, 63, 0, 0, 0, 0, 0, 0, 0, 0, 0, 0, 0, 0, 255, 254, 109, 198, 255, 254, 102, 120, 255, 255, 0, 0
												
										•PRSM (296)
										
												•LOCK (2)
												 0, 0
												
												•LNUM (2)
												 0, 0
												
												•COLR (8)
												 0, 99, 99, 99, 255, 99, 99, 99
												
												•POLY (64)
												 0, 2, 3, 1, 0, 1, 0, 6, 0, 0, 255, 250, 0, 0, 0, 0, 0, 0, 0, 0, 0, 0, 0, 0, 0, 0, 0, 0, 0, 0, 0, 4, 0, 13, 0, 0, 0, 1, 0, 0, 0, 13, 0, 0, 0, 0, 0, 0, 255, 242, 128, 0, 0, 0, 0, 0, 255, 242, 128, 0, 0, 1, 0, 0
												
												•SLIC (34)
												 0, 2, 0, 12, 0, 0, 0, 0, 0, 0, 255, 251, 128, 0, 0, 135, 0, 0, 255, 244, 0, 0, 0, 0, 0, 0, 255, 251, 128, 0, 0, 129, 0, 0
												
												•POSN (48)
												 254, 220, 255, 221, 1, 159, 155, 54, 0, 6, 0, 40, 0, 3, 36, 63, 0, 0, 0, 0, 0, 3, 36, 63, 0, 0, 0, 0, 0, 0, 0, 0, 0, 0, 0, 0, 255, 254, 109, 198, 255, 254, 102, 120, 255, 255, 0, 0
												
												•ESLC (82)
												 0, 2, 0, 0, 0, 0, 0, 0, 0, 0, 0, 0, 0, 0, 0, 0, 0, 0, 0, 0, 0, 0, 0, 0, 0, 0, 255, 242, 128, 0, 255, 250, 0, 0, 255, 247, 0, 0, 0, 6, 0, 0, 0, 0, 0, 0, 0, 0, 0, 0, 0, 0, 0, 0, 0, 0, 0, 0, 0, 0, 0, 0, 0, 0, 0, 0, 0, 8, 128, 0, 0, 6, 0, 0, 0, 13, 0, 0, 255, 250, 0, 0
												
										•PRSM (164)
										
												•LOCK (2)
												 0, 0
												
												•LNUM (2)
												 0, 0
												
												•COLR (8)
												 0, 99, 99, 99, 255, 99, 99, 99
												
												•POLY (64)
												 0, 2, 3, 1, 0, 1, 0, 7, 128, 0, 255, 248, 128, 0, 0, 0, 0, 0, 0, 0, 0, 0, 0, 0, 0, 0, 0, 0, 0, 0, 0, 4, 255, 247, 0, 0, 255, 255, 128, 0, 255, 247, 0, 0, 0, 0, 128, 0, 0, 8, 128, 0, 0, 0, 128, 0, 0, 8, 128, 0, 255, 255, 128, 0
												
												•POSN (48)
												 254, 220, 255, 221, 1, 227, 152, 77, 0, 19, 127, 231, 0, 3, 36, 63, 0, 0, 0, 0, 0, 3, 36, 63, 0, 0, 0, 0, 0, 0, 0, 0, 0, 0, 0, 0, 255, 254, 109, 198, 255, 254, 102, 120, 255, 255, 0, 0
												
										•PRSM (296)
										
												•LOCK (2)
												 0, 0
												
												•LNUM (2)
												 0, 0
												
												•COLR (8)
												 0, 99, 99, 99, 255, 99, 99, 99
												
												•POLY (64)
												 0, 2, 3, 1, 0, 1, 0, 6, 0, 0, 255, 250, 0, 0, 0, 0, 0, 0, 0, 0, 0, 0, 0, 0, 0, 0, 0, 0, 0, 0, 0, 4, 0, 13, 0, 0, 0, 1, 0, 0, 0, 13, 0, 0, 0, 0, 0, 0, 255, 242, 128, 0, 0, 0, 0, 0, 255, 242, 128, 0, 0, 1, 0, 0
												
												•SLIC (34)
												 0, 2, 0, 12, 0, 0, 0, 0, 0, 0, 255, 251, 128, 0, 0, 135, 0, 0, 255, 244, 0, 0, 0, 0, 0, 0, 255, 251, 128, 0, 0, 129, 0, 0
												
												•POSN (48)
												 254, 220, 255, 221, 1, 226, 203, 141, 0, 6, 0, 40, 0, 3, 36, 63, 0, 0, 0, 0, 0, 3, 36, 63, 0, 0, 0, 0, 0, 0, 0, 0, 0, 0, 0, 0, 255, 254, 109, 198, 255, 254, 102, 120, 255, 255, 0, 0
												
												•ESLC (82)
												 0, 2, 0, 0, 0, 0, 0, 0, 0, 0, 0, 0, 0, 0, 0, 0, 0, 0, 0, 0, 0, 0, 0, 0, 0, 0, 255, 242, 128, 0, 255, 250, 0, 0, 255, 247, 0, 0, 0, 6, 0, 0, 0, 0, 0, 0, 0, 0, 0, 0, 0, 0, 0, 0, 0, 0, 0, 0, 0, 0, 0, 0, 0, 0, 0, 0, 0, 8, 128, 0, 0, 6, 0, 0, 0, 13, 0, 0, 255, 250, 0, 0
												
								•PGRP (2908)
								
										•LOCK (2)
										 0, 0
										
										•LNUM (2)
										 0, 0
										
										•POSN (48)
										 254, 212, 0, 0, 1, 254, 0, 0, 0, 3, 255, 255, 0, 0, 0, 0, 0, 0, 0, 0, 0, 0, 0, 0, 0, 0, 0, 0, 0, 0, 0, 0, 0, 0, 0, 0, 0, 1, 0, 0, 0, 1, 0, 0, 0, 1, 0, 0
										
										•PRSM (164)
										
												•LOCK (2)
												 0, 0
												
												•LNUM (2)
												 0, 0
												
												•COLR (8)
												 0, 35, 35, 35, 255, 35, 35, 35
												
												•POLY (64)
												 0, 2, 1, 1, 0, 1, 0, 13, 153, 153, 255, 242, 102, 103, 0, 0, 0, 0, 0, 0, 0, 0, 0, 0, 0, 0, 0, 0, 0, 0, 0, 4, 255, 242, 128, 0, 255, 253, 115, 99, 255, 242, 128, 0, 255, 254, 128, 1, 0, 13, 128, 0, 255, 254, 128, 1, 0, 13, 128, 0, 255, 253, 115, 99
												
												•POSN (48)
												 254, 223, 255, 253, 2, 11, 104, 249, 0, 16, 226, 81, 0, 0, 0, 0, 255, 255, 229, 48, 0, 0, 0, 0, 0, 0, 0, 0, 0, 0, 0, 0, 0, 0, 0, 0, 0, 1, 0, 0, 0, 1, 0, 0, 0, 1, 0, 0
												
										•PRSM (164)
										
												•LOCK (2)
												 0, 0
												
												•LNUM (2)
												 0, 0
												
												•COLR (8)
												 0, 35, 35, 35, 255, 35, 35, 35
												
												•POLY (64)
												 0, 2, 1, 1, 0, 1, 0, 13, 153, 153, 255, 242, 102, 103, 0, 0, 0, 0, 0, 0, 0, 0, 0, 0, 0, 0, 0, 0, 0, 0, 0, 4, 0, 1, 47, 100, 255, 244, 143, 230, 0, 1, 47, 100, 0, 11, 238, 89, 0, 2, 101, 210, 0, 11, 238, 89, 0, 2, 101, 210, 255, 244, 143, 230
												
												•POSN (48)
												 254, 223, 255, 253, 2, 26, 68, 74, 0, 24, 86, 65, 0, 0, 0, 0, 255, 255, 197, 232, 0, 0, 0, 0, 0, 0, 0, 0, 0, 0, 0, 0, 0, 0, 0, 0, 0, 1, 0, 0, 0, 1, 0, 0, 0, 1, 0, 0
												
										•PRSM (164)
										
												•LOCK (2)
												 0, 0
												
												•LNUM (2)
												 0, 0
												
												•COLR (8)
												 0, 35, 35, 35, 255, 35, 35, 35
												
												•POLY (64)
												 0, 1, 1, 1, 0, 1, 0, 12, 0, 0, 255, 244, 0, 0, 0, 0, 0, 0, 0, 0, 0, 0, 0, 0, 0, 0, 0, 0, 0, 0, 0, 4, 255, 244, 0, 0, 0, 2, 128, 0, 0, 13, 192, 0, 255, 255, 192, 0, 0, 13, 0, 0, 255, 253, 0, 0, 255, 248, 0, 0, 0, 0, 0, 0
												
												•POSN (48)
												 254, 223, 255, 252, 2, 12, 0, 0, 0, 12, 128, 3, 0, 0, 0, 0, 0, 0, 0, 0, 0, 0, 0, 0, 0, 0, 0, 0, 0, 0, 0, 0, 0, 0, 0, 0, 0, 1, 0, 0, 0, 1, 0, 0, 0, 1, 0, 0
												
										•PRSM (164)
										
												•LOCK (2)
												 0, 0
												
												•LNUM (2)
												 0, 0
												
												•COLR (8)
												 0, 35, 35, 35, 255, 35, 35, 35
												
												•POLY (64)
												 0, 1, 1, 1, 0, 1, 0, 13, 153, 153, 255, 242, 102, 103, 0, 0, 0, 0, 0, 0, 0, 0, 0, 0, 0, 0, 0, 0, 0, 0, 0, 4, 0, 0, 192, 1, 0, 2, 10, 171, 0, 0, 69, 86, 255, 251, 144, 1, 255, 255, 69, 87, 255, 251, 202, 172, 0, 0, 0, 1, 0, 4, 74, 172
												
												•POSN (48)
												 254, 223, 255, 253, 2, 31, 63, 254, 0, 39, 240, 3, 0, 0, 0, 0, 0, 0, 0, 0, 0, 0, 0, 0, 0, 0, 0, 0, 0, 0, 0, 0, 0, 0, 0, 0, 0, 1, 0, 0, 0, 1, 0, 0, 0, 1, 0, 0
												
										•PRSM (180)
										
												•LOCK (2)
												 0, 0
												
												•LNUM (2)
												 0, 0
												
												•COLR (8)
												 0, 35, 35, 35, 255, 35, 35, 35
												
												•POLY (80)
												 0, 1, 1, 1, 0, 1, 0, 6, 128, 0, 255, 249, 128, 0, 0, 0, 0, 0, 0, 0, 0, 0, 0, 0, 0, 0, 0, 0, 0, 0, 0, 6, 255, 252, 192, 0, 255, 243, 128, 0, 0, 2, 64, 0, 0, 10, 128, 0, 0, 2, 192, 0, 0, 15, 128, 0, 0, 3, 192, 0, 0, 14, 0, 0, 255, 254, 64, 0, 255, 243, 128, 0, 255, 251, 192, 0, 255, 240, 128, 0
												
												•POSN (48)
												 254, 223, 127, 252, 2, 29, 63, 252, 0, 24, 255, 251, 0, 0, 0, 0, 0, 0, 0, 0, 0, 0, 0, 0, 0, 0, 0, 0, 0, 0, 0, 0, 0, 0, 0, 0, 0, 1, 0, 0, 0, 1, 0, 0, 0, 1, 0, 0
												
										•PRSM (196)
										
												•LOCK (2)
												 0, 0
												
												•LNUM (2)
												 0, 0
												
												•COLR (8)
												 0, 35, 35, 35, 255, 35, 35, 35
												
												•POLY (96)
												 0, 3, 3, 1, 0, 1, 0, 0, 128, 1, 255, 250, 128, 0, 0, 0, 0, 0, 0, 0, 0, 0, 0, 0, 0, 0, 0, 0, 0, 0, 0, 8, 0, 1, 128, 1, 255, 254, 128, 0, 0, 0, 0, 1, 255, 253, 213, 86, 255, 254, 128, 1, 255, 254, 128, 0, 255, 253, 213, 86, 0, 0, 0, 0, 255, 254, 128, 1, 0, 1, 128, 0, 0, 0, 0, 1, 0, 2, 42, 171, 0, 1, 128, 1, 0, 1, 128, 0, 0, 2, 42, 171, 0, 0, 0, 0
												
												•POSN (48)
												 254, 223, 255, 251, 2, 14, 0, 0, 0, 6, 128, 0, 0, 0, 0, 0, 0, 0, 0, 0, 0, 5, 212, 144, 0, 0, 0, 0, 0, 0, 0, 0, 0, 0, 0, 0, 0, 1, 0, 0, 0, 1, 0, 0, 0, 1, 0, 0
												
										•PRSM (196)
										
												•LOCK (2)
												 0, 0
												
												•LNUM (2)
												 0, 0
												
												•COLR (8)
												 0, 35, 35, 35, 255, 35, 35, 35
												
												•POLY (96)
												 0, 3, 3, 1, 0, 1, 0, 4, 128, 1, 0, 0, 127, 255, 0, 0, 0, 0, 0, 0, 0, 0, 0, 0, 0, 0, 0, 0, 0, 0, 0, 8, 0, 1, 0, 1, 255, 255, 0, 0, 0, 0, 0, 1, 255, 254, 170, 171, 255, 255, 0, 1, 255, 255, 0, 0, 255, 254, 170, 171, 0, 0, 0, 0, 255, 255, 0, 1, 0, 1, 0, 0, 0, 0, 0, 1, 0, 1, 85, 86, 0, 1, 0, 1, 0, 1, 0, 0, 0, 1, 85, 86, 0, 0, 0, 0
												
												•POSN (48)
												 254, 223, 255, 251, 2, 14, 0, 0, 0, 6, 128, 0, 0, 0, 0, 0, 0, 0, 0, 0, 0, 5, 127, 168, 0, 0, 0, 0, 0, 0, 0, 0, 0, 0, 0, 0, 0, 1, 0, 0, 0, 1, 0, 0, 0, 1, 0, 0
												
										•PRSM (164)
										
												•LOCK (2)
												 0, 0
												
												•LNUM (2)
												 0, 0
												
												•COLR (8)
												 0, 35, 35, 35, 255, 35, 35, 35
												
												•POLY (64)
												 0, 2, 3, 1, 0, 1, 0, 0, 128, 0, 255, 255, 128, 0, 0, 0, 0, 0, 0, 0, 0, 0, 0, 0, 0, 0, 0, 0, 0, 0, 0, 4, 255, 247, 0, 0, 255, 254, 212, 246, 255, 247, 0, 0, 0, 1, 0, 0, 0, 9, 0, 0, 0, 1, 0, 0, 0, 9, 0, 0, 255, 254, 212, 246
												
												•POSN (48)
												 254, 228, 177, 135, 2, 23, 121, 57, 0, 0, 128, 0, 0, 0, 0, 0, 0, 0, 0, 0, 0, 1, 25, 136, 0, 0, 0, 0, 0, 0, 0, 0, 0, 0, 0, 0, 0, 1, 0, 0, 0, 1, 0, 0, 0, 1, 0, 0
												
										•PRSM (164)
										
												•LOCK (2)
												 0, 0
												
												•LNUM (2)
												 0, 0
												
												•COLR (8)
												 0, 35, 35, 35, 255, 35, 35, 35
												
												•POLY (64)
												 0, 2, 3, 1, 0, 1, 0, 0, 128, 0, 255, 255, 128, 0, 0, 0, 0, 0, 0, 0, 0, 0, 0, 0, 0, 0, 0, 0, 0, 0, 0, 4, 255, 247, 0, 0, 255, 254, 167, 52, 255, 247, 0, 0, 0, 1, 0, 0, 0, 9, 0, 0, 0, 1, 0, 0, 0, 9, 0, 0, 255, 254, 167, 52
												
												•POSN (48)
												 254, 226, 57, 49, 2, 3, 198, 119, 0, 0, 128, 0, 0, 0, 0, 0, 0, 0, 0, 0, 255, 254, 163, 112, 0, 0, 0, 0, 0, 0, 0, 0, 0, 0, 0, 0, 0, 1, 0, 0, 0, 1, 0, 0, 0, 1, 0, 0
												
										•PRSM (164)
										
												•LOCK (2)
												 0, 0
												
												•LNUM (2)
												 0, 0
												
												•COLR (8)
												 0, 35, 35, 35, 255, 35, 35, 35
												
												•POLY (64)
												 0, 2, 3, 1, 0, 1, 0, 0, 128, 0, 255, 255, 128, 0, 0, 0, 0, 0, 0, 0, 0, 0, 0, 0, 0, 0, 0, 0, 0, 0, 0, 4, 255, 247, 0, 0, 255, 255, 0, 0, 255, 247, 0, 0, 0, 1, 0, 0, 0, 9, 0, 0, 0, 1, 0, 0, 0, 9, 0, 0, 255, 255, 0, 0
												
												•POSN (48)
												 254, 234, 125, 216, 2, 12, 177, 146, 0, 0, 128, 0, 0, 0, 0, 0, 0, 0, 0, 0, 255, 255, 224, 184, 0, 0, 0, 0, 0, 0, 0, 0, 0, 0, 0, 0, 0, 1, 0, 0, 0, 1, 0, 0, 0, 1, 0, 0
												
										•PRSM (164)
										
												•LOCK (2)
												 0, 0
												
												•LNUM (2)
												 0, 0
												
												•COLR (8)
												 0, 35, 35, 35, 255, 35, 35, 35
												
												•POLY (64)
												 0, 2, 3, 1, 0, 1, 0, 0, 128, 0, 255, 255, 128, 0, 0, 0, 0, 0, 0, 0, 0, 0, 0, 0, 0, 0, 0, 0, 0, 0, 0, 4, 255, 247, 0, 0, 255, 254, 164, 107, 255, 247, 0, 0, 0, 1, 0, 0, 0, 9, 0, 0, 0, 1, 0, 0, 0, 9, 0, 0, 255, 254, 164, 107
												
												•POSN (48)
												 254, 214, 121, 250, 2, 9, 65, 91, 0, 0, 128, 0, 0, 0, 0, 0, 0, 0, 0, 0, 0, 0, 125, 32, 0, 0, 0, 0, 0, 0, 0, 0, 0, 0, 0, 0, 0, 1, 0, 0, 0, 1, 0, 0, 0, 1, 0, 0
												
										•PRSM (164)
										
												•LOCK (2)
												 0, 0
												
												•LNUM (2)
												 0, 0
												
												•COLR (8)
												 0, 35, 35, 35, 255, 35, 35, 35
												
												•POLY (64)
												 0, 2, 3, 1, 0, 1, 0, 0, 128, 0, 255, 255, 128, 0, 0, 0, 0, 0, 0, 0, 0, 0, 0, 0, 0, 0, 0, 0, 0, 0, 0, 4, 255, 247, 0, 0, 255, 254, 233, 197, 255, 247, 0, 0, 0, 1, 0, 0, 0, 9, 0, 0, 0, 1, 0, 0, 0, 9, 0, 0, 255, 254, 233, 197
												
												•POSN (48)
												 254, 217, 95, 133, 2, 22, 85, 95, 0, 0, 128, 0, 0, 0, 0, 0, 0, 0, 0, 0, 255, 255, 23, 160, 0, 0, 0, 0, 0, 0, 0, 0, 0, 0, 0, 0, 0, 1, 0, 0, 0, 1, 0, 0, 0, 1, 0, 0
												
										•PRSM (164)
										
												•LOCK (2)
												 0, 0
												
												•LNUM (2)
												 0, 0
												
												•COLR (8)
												 0, 35, 35, 35, 255, 35, 35, 35
												
												•POLY (64)
												 0, 2, 1, 1, 0, 1, 0, 2, 0, 0, 255, 254, 0, 0, 0, 0, 0, 0, 0, 0, 0, 0, 0, 0, 0, 0, 0, 0, 0, 0, 0, 4, 0, 13, 0, 0, 0, 0, 128, 0, 0, 13, 0, 0, 255, 255, 128, 0, 255, 245, 0, 2, 255, 255, 128, 0, 255, 245, 0, 2, 0, 0, 128, 0
												
												•POSN (48)
												 254, 209, 255, 251, 2, 14, 255, 250, 0, 23, 128, 0, 0, 0, 0, 0, 0, 0, 0, 0, 0, 0, 0, 0, 0, 0, 0, 0, 0, 0, 0, 0, 0, 0, 0, 0, 0, 1, 0, 0, 0, 1, 0, 0, 0, 1, 0, 0
												
										•PRSM (164)
										
												•LOCK (2)
												 0, 0
												
												•LNUM (2)
												 0, 0
												
												•COLR (8)
												 0, 35, 35, 35, 255, 35, 35, 35
												
												•POLY (64)
												 0, 2, 1, 1, 0, 1, 0, 2, 0, 0, 255, 254, 0, 0, 0, 0, 0, 0, 0, 0, 0, 0, 0, 0, 0, 0, 0, 0, 0, 0, 0, 4, 255, 244, 0, 0, 255, 255, 128, 0, 255, 244, 0, 0, 0, 0, 128, 0, 0, 12, 0, 0, 0, 0, 128, 0, 0, 12, 0, 0, 255, 255, 128, 0
												
												•POSN (48)
												 254, 237, 255, 251, 2, 16, 0, 0, 0, 23, 128, 3, 0, 0, 0, 0, 0, 0, 0, 0, 0, 0, 0, 0, 0, 0, 0, 0, 0, 0, 0, 0, 0, 0, 0, 0, 0, 1, 0, 0, 0, 1, 0, 0, 0, 1, 0, 0
												
										•PRSM (164)
										
												•LOCK (2)
												 0, 0
												
												•LNUM (2)
												 0, 0
												
												•COLR (8)
												 0, 35, 35, 35, 255, 35, 35, 35
												
												•POLY (64)
												 0, 1, 1, 1, 0, 1, 0, 2, 0, 0, 255, 254, 0, 0, 0, 0, 0, 0, 0, 0, 0, 0, 0, 0, 0, 0, 0, 0, 0, 0, 0, 4, 255, 253, 0, 0, 0, 4, 64, 0, 255, 254, 0, 0, 0, 4, 64, 0, 0, 3, 0, 0, 255, 251, 192, 0, 0, 2, 0, 0, 255, 251, 192, 0
												
												•POSN (48)
												 254, 237, 255, 251, 2, 7, 0, 4, 0, 18, 191, 251, 0, 0, 0, 0, 0, 0, 0, 0, 0, 0, 0, 0, 0, 0, 0, 0, 0, 0, 0, 0, 0, 0, 0, 0, 0, 1, 0, 0, 0, 1, 0, 0, 0, 1, 0, 0
												
										•PRSM (164)
										
												•LOCK (2)
												 0, 0
												
												•LNUM (2)
												 0, 0
												
												•COLR (8)
												 0, 35, 35, 35, 255, 35, 35, 35
												
												•POLY (64)
												 0, 1, 1, 1, 0, 1, 0, 2, 0, 0, 255, 254, 0, 0, 0, 0, 0, 0, 0, 0, 0, 0, 0, 0, 0, 0, 0, 0, 0, 0, 0, 4, 255, 253, 0, 0, 0, 4, 64, 0, 255, 254, 0, 0, 0, 4, 64, 0, 0, 3, 0, 0, 255, 251, 192, 0, 0, 2, 0, 0, 255, 251, 192, 0
												
												•POSN (48)
												 254, 209, 255, 251, 2, 7, 0, 4, 0, 18, 191, 251, 0, 0, 0, 0, 0, 0, 0, 0, 0, 0, 0, 0, 0, 0, 0, 0, 0, 0, 0, 0, 0, 0, 0, 0, 0, 1, 0, 0, 0, 1, 0, 0, 0, 1, 0, 0
												
								•PRSM (172)
								
										•LOCK (2)
										 0, 0
										
										•LNUM (2)
										 0, 0
										
										•COLR (8)
										 0, 0, 0, 170, 255, 0, 0, 170
										
										•POLY (72)
										 0, 1, 1, 1, 0, 1, 0, 11, 255, 255, 255, 244, 0, 1, 0, 0, 0, 0, 0, 0, 0, 0, 0, 0, 0, 0, 0, 0, 0, 0, 0, 5, 255, 250, 196, 204, 255, 246, 18, 34, 255, 251, 102, 102, 255, 255, 51, 53, 0, 0, 204, 205, 0, 11, 51, 52, 0, 2, 102, 105, 0, 11, 51, 50, 255, 253, 44, 208, 255, 245, 218, 34
										
										•POSN (48)
										 254, 223, 255, 255, 2, 27, 153, 154, 0, 24, 204, 203, 0, 0, 0, 0, 0, 0, 0, 0, 0, 0, 0, 0, 0, 0, 0, 0, 0, 0, 0, 0, 0, 0, 0, 0, 0, 1, 0, 0, 0, 1, 0, 0, 0, 1, 0, 0
										
								•PRSM (164)
								
										•LOCK (2)
										 0, 0
										
										•LNUM (2)
										 0, 0
										
										•COLR (8)
										 0, 0, 0, 170, 255, 0, 0, 170
										
										•POLY (64)
										 0, 1, 1, 1, 0, 1, 0, 11, 255, 255, 255, 244, 0, 1, 0, 0, 0, 0, 0, 0, 0, 0, 0, 0, 0, 0, 0, 0, 0, 0, 0, 4, 255, 254, 0, 1, 0, 4, 128, 1, 255, 255, 241, 98, 0, 4, 40, 60, 255, 253, 241, 98, 255, 252, 40, 60, 255, 252, 0, 1, 255, 252, 128, 1
										
										•POSN (48)
										 254, 223, 255, 255, 2, 31, 180, 65, 0, 40, 142, 49, 0, 0, 0, 0, 0, 0, 40, 56, 0, 0, 0, 0, 0, 0, 0, 0, 0, 0, 0, 0, 0, 0, 0, 0, 0, 1, 0, 0, 0, 1, 0, 0, 0, 1, 0, 0
										
								•PRSM (164)
								
										•LOCK (2)
										 0, 0
										
										•LNUM (2)
										 0, 0
										
										•COLR (8)
										 0, 0, 0, 170, 255, 0, 0, 170
										
										•POLY (64)
										 0, 2, 1, 1, 0, 1, 0, 11, 255, 255, 255, 244, 0, 1, 0, 0, 0, 0, 0, 0, 0, 0, 0, 0, 0, 0, 0, 0, 0, 0, 0, 4, 255, 244, 0, 0, 255, 254, 178, 245, 255, 244, 0, 0, 0, 1, 154, 186, 0, 12, 0, 0, 0, 1, 154, 186, 0, 12, 0, 0, 255, 254, 178, 245
										
										•POSN (48)
										 254, 223, 255, 255, 2, 10, 47, 102, 0, 17, 33, 226, 0, 0, 0, 0, 255, 255, 229, 48, 0, 0, 0, 0, 0, 0, 0, 0, 0, 0, 0, 0, 0, 0, 0, 0, 0, 1, 0, 0, 0, 1, 0, 0, 0, 1, 0, 0
										
				•TXTB (0)
				
