•FILE (63438)

		•FORM (63430)
		
				•VMDL (0)
				
				•VERS (4)
				 1, 0, 0, 0
				
				•PREF (638)
				
						•FORM (630)
						
								•VPRF (0)
								
								•VERS (4)
								 1, 0, 0, 0
								
								•PRND (16)
								 0, 0, 0, 3, 0, 0, 0, 4, 0, 0, 0, 7, 0, 1, 1, 0
								
								•PNAV (16)
								 0, 0, 0, 3, 0, 0, 0, 6, 0, 133, 0, 100, 0, 35, 0, 36
								
								•PDEF (208)
								 0, 16, 0, 5, 0, 0, 0, 0, 0, 0, 0, 0, 0, 66, 0, 0, 254, 32, 0, 0, 21, 251, 218, 130, 255, 146, 0, 0, 246, 20, 0, 0, 255, 243, 218, 130, 255, 74, 0, 0, 246, 22, 0, 0, 28, 123, 218, 130, 10, 162, 0, 0, 0, 255, 255, 255, 7, 85, 110, 110, 97, 109, 101, 100, 0, 0, 7, 85, 110, 110, 97, 109, 101, 100, 0, 1, 252, 102, 218, 138, 0, 2, 0, 181, 0, 255, 0, 30, 0, 57, 116, 253, 0, 56, 56, 255, 0, 113, 113, 255, 0, 170, 170, 0, 0, 213, 213, 0, 0, 82, 165, 165, 0, 106, 187, 218, 0, 124, 217, 255, 0, 56, 172, 218, 0, 43, 114, 97, 0, 34, 89, 76, 0, 36, 117, 75, 0, 26, 159, 119, 0, 19, 119, 89, 0, 17, 106, 79, 0, 167, 211, 255, 0, 19, 114, 85, 0, 70, 110, 144, 0, 58, 131, 161, 0, 216, 157, 255, 0, 201, 176, 255, 0, 199, 199, 255, 0, 255, 51, 204, 0, 215, 214, 62, 0, 204, 204, 153, 0, 55, 97, 146, 0, 70, 125, 188, 0, 23, 114, 62, 0, 19, 134, 45, 0, 128, 163, 165
								
								•PEDT (32)
								 0, 0, 0, 35, 0, 0, 0, 2, 0, 255, 255, 255, 0, 84, 198, 255, 0, 0, 0, 0, 0, 192, 192, 192, 0, 110, 84, 255, 0, 181, 0, 255
								
								•PUNT (44)
								 0, 1, 0, 1, 63, 122, 2, 117, 37, 70, 10, 166, 63, 208, 0, 0, 0, 0, 0, 0, 63, 240, 0, 0, 0, 0, 0, 0, 11, 67, 117, 115, 116, 111, 109, 32, 78, 97, 109, 101, 2, 99, 117, 0
								
								•TRNS (54)
								 0, 15, 0, 0, 0, 0, 0, 0, 0, 0, 0, 1, 0, 0, 0, 1, 0, 1, 0, 2, 0, 1, 0, 2, 0, 1, 0, 3, 0, 5, 0, 0, 0, 0, 2, 128, 1, 224, 0, 8, 0, 1, 0, 0, 0, 1, 0, 1, 0, 1, 0, 10, 0, 0
								
								•PMOD (96)
								 0, 0, 0, 0, 0, 0, 0, 0, 0, 0, 0, 0, 0, 0, 0, 0, 0, 0, 0, 0, 0, 0, 0, 0, 0, 77, 216, 255, 0, 3, 0, 1, 0, 0, 0, 0, 0, 0, 0, 0, 0, 0, 0, 0, 0, 96, 96, 96, 0, 1, 0, 0, 0, 2, 255, 255, 223, 0, 0, 0, 57, 0, 0, 0, 247, 0, 0, 128, 128, 128, 0, 1, 0, 0, 0, 2, 0, 0, 209, 0, 255, 255, 152, 0, 0, 0, 104, 0, 0, 112, 112, 112, 0, 1, 0, 0
								
								•PWIN (84)
								 0, 4, 2, 130, 2, 96, 3, 61, 2, 246, 0, 0, 0, 0, 0, 1, 0, 0, 0, 13, 0, 7, 0, 45, 2, 121, 1, 217, 0, 0, 0, 0, 0, 1, 0, 0, 0, 12, 0, 7, 0, 45, 2, 119, 1, 195, 0, 0, 0, 0, 0, 1, 0, 0, 0, 7, 0, 7, 0, 45, 2, 119, 1, 195, 0, 0, 0, 0, 0, 0, 16, 54, 0, 5, 0, 1, 0, 0, 0, 0, 4, 0, 3, 0
								
				•CPRF (168)
				 0, 2, 246, 20, 0, 0, 255, 243, 218, 130, 255, 74, 0, 0, 246, 22, 0, 0, 28, 123, 218, 130, 10, 162, 0, 0, 0, 255, 255, 255, 0, 0, 0, 0, 0, 84, 198, 255, 0, 16, 0, 5, 0, 7, 0, 3, 0, 30, 0, 57, 116, 253, 0, 56, 56, 255, 0, 113, 113, 255, 0, 170, 170, 0, 0, 213, 213, 0, 0, 82, 165, 165, 0, 106, 187, 218, 0, 124, 217, 255, 0, 56, 172, 218, 0, 43, 114, 97, 0, 34, 89, 76, 0, 36, 117, 75, 0, 26, 159, 119, 0, 19, 119, 89, 0, 17, 106, 79, 0, 167, 211, 255, 0, 19, 114, 85, 0, 70, 110, 144, 0, 58, 131, 161, 0, 216, 157, 255, 0, 201, 176, 255, 0, 199, 199, 255, 0, 255, 51, 204, 0, 215, 214, 62, 0, 204, 204, 153, 0, 55, 97, 146, 0, 70, 125, 188, 0, 23, 114, 62, 0, 19, 134, 45, 0, 128, 163, 165
				
				•VPRF (1136)
				 0, 1, 252, 243, 0, 0, 10, 182, 0, 0, 1, 4, 0, 0, 0, 0, 0, 0, 0, 0, 0, 0, 0, 6, 34, 203, 0, 35, 0, 36, 0, 46, 252, 241, 0, 0, 10, 162, 0, 0, 1, 4, 0, 0, 0, 0, 0, 0, 0, 0, 0, 0, 0, 6, 34, 201, 252, 242, 0, 0, 10, 170, 0, 0, 1, 4, 0, 0, 0, 0, 0, 0, 0, 0, 0, 0, 0, 6, 34, 201, 252, 244, 0, 0, 10, 186, 0, 0, 1, 4, 0, 0, 0, 0, 0, 0, 0, 0, 0, 0, 0, 6, 34, 201, 252, 249, 0, 0, 10, 218, 0, 0, 1, 4, 0, 0, 0, 0, 0, 0, 0, 0, 0, 0, 0, 6, 34, 201, 252, 254, 0, 0, 10, 250, 0, 0, 1, 4, 0, 0, 0, 0, 0, 0, 0, 0, 0, 0, 0, 6, 34, 201, 253, 3, 0, 0, 11, 26, 0, 0, 1, 4, 0, 0, 0, 0, 0, 0, 0, 0, 0, 0, 0, 6, 34, 201, 253, 8, 0, 0, 11, 58, 0, 0, 1, 4, 0, 0, 0, 0, 0, 0, 0, 0, 0, 0, 0, 6, 34, 201, 253, 18, 0, 0, 11, 122, 0, 0, 1, 4, 0, 0, 0, 0, 0, 0, 0, 0, 0, 0, 0, 6, 34, 201, 253, 28, 0, 0, 11, 186, 0, 0, 1, 4, 0, 0, 0, 0, 0, 0, 0, 0, 0, 0, 0, 6, 34, 201, 253, 38, 0, 0, 11, 250, 0, 0, 1, 4, 0, 0, 0, 0, 0, 0, 0, 0, 0, 0, 0, 6, 34, 201, 253, 48, 0, 0, 12, 58, 0, 0, 1, 4, 0, 0, 0, 0, 0, 0, 0, 0, 0, 0, 0, 6, 34, 201, 253, 58, 0, 0, 12, 122, 0, 0, 1, 4, 0, 0, 0, 0, 0, 0, 0, 0, 0, 0, 0, 6, 34, 201, 253, 68, 0, 0, 12, 186, 0, 0, 1, 4, 0, 0, 0, 0, 0, 0, 0, 0, 0, 0, 0, 6, 34, 201, 253, 78, 0, 0, 12, 250, 0, 0, 1, 4, 0, 0, 0, 0, 0, 0, 0, 0, 0, 0, 0, 6, 34, 201, 253, 88, 0, 0, 13, 58, 0, 0, 1, 4, 0, 0, 0, 0, 0, 0, 0, 0, 0, 0, 0, 6, 34, 201, 253, 98, 0, 0, 13, 122, 0, 0, 1, 4, 0, 0, 0, 0, 0, 0, 0, 0, 0, 0, 0, 6, 34, 201, 253, 108, 0, 0, 13, 186, 0, 0, 1, 4, 0, 0, 0, 0, 0, 0, 0, 0, 0, 0, 0, 6, 34, 201, 253, 118, 0, 0, 13, 250, 0, 0, 1, 4, 0, 0, 0, 0, 0, 0, 0, 0, 0, 0, 0, 6, 34, 201, 253, 128, 0, 0, 14, 58, 0, 0, 1, 4, 0, 0, 0, 0, 0, 0, 0, 0, 0, 0, 0, 6, 41, 17, 253, 132, 0, 0, 14, 90, 0, 0, 1, 4, 0, 0, 0, 0, 0, 0, 0, 0, 0, 0, 0, 6, 47, 90, 253, 133, 0, 0, 14, 98, 0, 0, 1, 4, 0, 0, 0, 0, 0, 0, 0, 0, 0, 0, 0, 6, 59, 235, 253, 133, 0, 0, 14, 102, 0, 0, 1, 4, 0, 0, 0, 0, 0, 0, 0, 0, 0, 0, 0, 0, 0, 0, 253, 133, 0, 0, 14, 102, 0, 0, 1, 4, 0, 0, 0, 0, 0, 0, 0, 0, 0, 0, 0, 0, 12, 142, 253, 133, 0, 0, 14, 102, 0, 0, 1, 4, 0, 0, 0, 0, 0, 0, 0, 0, 0, 0, 0, 0, 25, 31, 253, 133, 0, 0, 14, 102, 0, 0, 1, 4, 0, 0, 0, 0, 0, 0, 0, 0, 0, 0, 0, 0, 37, 176, 253, 133, 0, 0, 14, 102, 0, 0, 1, 4, 0, 0, 0, 0, 0, 0, 0, 0, 0, 0, 0, 0, 50, 65, 253, 133, 0, 0, 14, 102, 0, 0, 1, 4, 0, 0, 0, 0, 0, 0, 0, 0, 0, 0, 0, 0, 62, 210, 253, 133, 0, 0, 14, 102, 0, 0, 1, 4, 0, 0, 0, 0, 0, 0, 0, 0, 0, 0, 0, 0, 75, 99, 253, 133, 0, 0, 14, 102, 0, 0, 1, 4, 0, 0, 0, 0, 0, 0, 0, 0, 0, 0, 0, 0, 87, 244, 253, 133, 0, 0, 14, 102, 0, 0, 1, 4, 0, 0, 0, 0, 0, 0, 0, 0, 0, 0, 0, 0, 100, 133, 253, 133, 0, 0, 14, 102, 0, 0, 1, 4, 0, 0, 0, 0, 0, 0, 0, 6, 66, 51, 0, 0, 100, 133, 253, 133, 0, 0, 14, 102, 0, 0, 1, 4, 0, 0, 0, 0, 0, 0, 0, 6, 59, 235, 0, 0, 100, 133, 253, 133, 0, 0, 14, 102, 0, 0, 1, 4, 0, 0, 0, 0, 0, 0, 0, 6, 53, 162, 0, 0, 100, 133, 253, 133, 0, 0, 14, 102, 0, 0, 1, 4, 0, 0, 0, 0, 0, 0, 0, 6, 47, 90, 0, 0, 100, 133, 253, 133, 0, 0, 14, 102, 0, 0, 1, 4, 0, 0, 0, 0, 0, 0, 0, 6, 41, 17, 0, 0, 100, 133, 253, 133, 0, 0, 14, 102, 0, 0, 1, 4, 0, 0, 0, 0, 0, 0, 0, 6, 34, 201, 0, 0, 100, 133, 253, 133, 0, 0, 14, 102, 0, 0, 1, 4, 0, 0, 0, 0, 0, 0, 0, 6, 28, 128, 0, 0, 100, 133, 253, 131, 0, 0, 14, 106, 0, 0, 1, 4, 0, 0, 0, 0, 0, 0, 0, 6, 28, 128, 0, 0, 100, 133, 253, 128, 0, 0, 14, 113, 0, 0, 1, 4, 0, 0, 0, 0, 0, 0, 0, 6, 28, 128, 0, 0, 100, 133, 253, 122, 0, 0, 14, 128, 0, 0, 1, 4, 0, 0, 0, 0, 0, 0, 0, 6, 28, 128, 0, 0, 100, 133, 253, 110, 0, 0, 14, 158, 0, 0, 1, 4, 0, 0, 0, 0, 0, 0, 0, 6, 28, 128, 0, 0, 100, 133, 253, 98, 0, 0, 14, 188, 0, 0, 1, 4, 0, 0, 0, 0, 0, 0, 0, 6, 28, 128, 0, 0, 106, 206, 253, 85, 0, 0, 14, 217, 0, 0, 1, 4, 0, 0, 0, 0, 0, 0, 0, 6, 28, 128, 0, 0, 113, 22, 253, 71, 0, 0, 14, 246, 0, 0, 1, 4, 0, 0, 0, 0, 0, 0, 0, 6, 28, 128, 0, 0, 119, 95, 253, 71, 0, 0, 14, 246, 0, 0, 1, 4, 0, 0, 0, 0, 0, 0, 0, 6, 28, 128, 0, 0, 119, 95, 253, 71, 0, 0, 14, 246, 0, 0, 1, 4, 0, 0, 0, 0, 0, 0, 0, 6, 28, 128, 0, 0, 119, 95
				
				•LAYR (16)
				 0, 1, 7, 85, 110, 110, 97, 109, 101, 100, 0, 0, 0, 0, 0, 14
				
				•ROOT (61408)
				
						•UNIT (8)
						 63, 122, 2, 117, 37, 70, 10, 166
						
						•LGHT (68)
						 0, 3, 0, 1, 0, 0, 0, 0, 0, 0, 0, 0, 0, 0, 0, 0, 0, 117, 117, 117, 0, 1, 0, 0, 0, 2, 255, 255, 147, 0, 0, 0, 92, 0, 0, 0, 212, 0, 0, 143, 143, 143, 0, 1, 0, 0, 0, 2, 0, 0, 195, 0, 255, 255, 158, 0, 0, 0, 134, 0, 0, 117, 117, 117, 0, 1, 0, 0
						
						•COLR (8)
						 0, 167, 211, 255, 255, 167, 211, 255
						
						•ELGT (8)
						 0, 3, 0, 1, 0, 1, 0, 1
						
						•PRSM (282)
						
								•LOCK (2)
								 0, 0
								
								•LNUM (2)
								 0, 0
								
								•COLR (8)
								 0, 58, 131, 161, 255, 58, 131, 161
								
								•PLGR (2)
								 0, 0
								
								•POLY (64)
								 0, 2, 3, 1, 0, 1, 255, 255, 127, 168, 255, 172, 3, 240, 0, 0, 0, 0, 0, 0, 0, 0, 0, 0, 0, 0, 0, 0, 0, 0, 0, 4, 3, 71, 216, 160, 3, 191, 211, 0, 3, 71, 216, 160, 252, 64, 45, 0, 252, 184, 39, 96, 252, 64, 45, 0, 252, 184, 39, 96, 3, 191, 211, 0
								
								•SURF (100)
								 0, 0
								
										•FEAT (90)
										 0, 1
										
												•COLR (4)
												 255, 55, 97, 146
												
												•POLY (36)
												 0, 1, 0, 4, 255, 214, 0, 0, 0, 66, 0, 0, 0, 72, 0, 0, 255, 208, 0, 0, 0, 60, 0, 0, 255, 184, 0, 0, 255, 190, 0, 0, 0, 54, 0, 0
												
												•POSN (24)
												 3, 108, 0, 0, 0, 132, 0, 0, 0, 0, 0, 0, 0, 0, 0, 0, 0, 1, 0, 0, 0, 1, 0, 0
												
								•POSN (48)
								 255, 136, 5, 160, 21, 237, 54, 252, 255, 232, 1, 32, 0, 0, 0, 0, 0, 0, 0, 0, 0, 0, 0, 0, 0, 0, 0, 0, 0, 0, 0, 0, 0, 0, 0, 0, 0, 1, 0, 0, 0, 1, 0, 0, 0, 1, 0, 0
								
						•PRSM (174)
						
								•LOCK (2)
								 0, 0
								
								•LNUM (2)
								 0, 0
								
								•COLR (8)
								 0, 58, 131, 161, 255, 58, 131, 161
								
								•PLGR (2)
								 0, 0
								
								•POLY (64)
								 0, 2, 3, 1, 0, 1, 0, 11, 255, 16, 255, 184, 3, 96, 0, 0, 0, 0, 0, 0, 0, 0, 0, 0, 0, 0, 0, 0, 0, 0, 0, 4, 2, 87, 227, 224, 0, 116, 112, 230, 2, 87, 227, 224, 255, 136, 5, 160, 253, 168, 28, 32, 255, 136, 5, 160, 253, 168, 28, 32, 0, 116, 112, 230
								
								•POSN (48)
								 0, 119, 250, 96, 17, 181, 105, 156, 255, 220, 1, 80, 0, 0, 0, 0, 0, 0, 0, 0, 0, 0, 0, 0, 0, 0, 0, 0, 0, 0, 0, 0, 0, 0, 0, 0, 0, 1, 0, 0, 0, 1, 0, 0, 0, 1, 0, 0
								
						•PRSM (174)
						
								•LOCK (2)
								 0, 0
								
								•LNUM (2)
								 0, 0
								
								•COLR (8)
								 0, 255, 255, 255, 255, 255, 255, 255
								
								•PLGR (2)
								 0, 0
								
								•POLY (64)
								 0, 2, 3, 1, 0, 1, 255, 255, 255, 64, 255, 172, 3, 240, 0, 0, 0, 0, 0, 0, 0, 0, 0, 0, 0, 0, 0, 0, 0, 0, 0, 4, 254, 152, 16, 224, 255, 136, 5, 160, 254, 152, 16, 224, 0, 119, 250, 96, 1, 103, 239, 32, 0, 119, 250, 96, 1, 103, 239, 32, 255, 136, 5, 160
								
								•POSN (48)
								 254, 152, 16, 224, 26, 37, 4, 92, 255, 232, 1, 32, 0, 0, 0, 0, 0, 0, 0, 0, 0, 0, 0, 0, 0, 0, 0, 0, 0, 0, 0, 0, 0, 0, 0, 0, 0, 1, 0, 0, 0, 1, 0, 0, 0, 1, 0, 0
								
						•PRSM (174)
						
								•LOCK (2)
								 0, 0
								
								•LNUM (2)
								 0, 0
								
								•COLR (8)
								 0, 255, 255, 255, 255, 255, 255, 255
								
								•PLGR (2)
								 0, 0
								
								•POLY (64)
								 0, 2, 3, 1, 0, 1, 255, 214, 1, 248, 255, 202, 2, 136, 0, 0, 0, 0, 0, 0, 0, 0, 0, 0, 0, 0, 0, 0, 0, 0, 0, 4, 0, 5, 255, 184, 6, 65, 180, 232, 0, 5, 255, 184, 251, 242, 48, 168, 255, 250, 0, 72, 251, 242, 48, 168, 255, 250, 0, 72, 6, 65, 180, 232
								
								•POSN (48)
								 252, 58, 45, 72, 22, 59, 51, 84, 255, 214, 1, 248, 0, 0, 0, 0, 0, 0, 0, 0, 0, 0, 0, 0, 0, 0, 0, 0, 0, 0, 0, 0, 0, 0, 0, 0, 0, 1, 0, 0, 0, 1, 0, 0, 0, 1, 0, 0
								
						•PRSM (174)
						
								•LOCK (2)
								 0, 0
								
								•LNUM (2)
								 0, 0
								
								•COLR (8)
								 0, 58, 131, 161, 255, 58, 131, 161
								
								•PLGR (2)
								 0, 0
								
								•POLY (64)
								 0, 2, 3, 1, 0, 1, 255, 252, 253, 96, 255, 229, 1, 32, 0, 0, 0, 0, 0, 0, 0, 0, 0, 0, 0, 0, 0, 0, 0, 0, 0, 4, 0, 23, 254, 224, 0, 119, 250, 96, 0, 23, 254, 224, 255, 136, 5, 160, 255, 232, 1, 32, 255, 136, 5, 160, 255, 232, 1, 32, 0, 119, 250, 96
								
								•POSN (48)
								 253, 216, 25, 224, 17, 181, 105, 156, 255, 175, 3, 240, 0, 0, 0, 0, 0, 0, 0, 0, 0, 0, 0, 0, 0, 0, 0, 0, 0, 0, 0, 0, 0, 0, 0, 0, 0, 1, 0, 0, 0, 1, 0, 0, 0, 1, 0, 0
								
						•PRSM (174)
						
								•LOCK (2)
								 0, 0
								
								•LNUM (2)
								 0, 0
								
								•COLR (8)
								 0, 255, 255, 255, 255, 255, 255, 255
								
								•PLGR (2)
								 0, 0
								
								•POLY (64)
								 0, 2, 3, 1, 0, 1, 0, 8, 253, 48, 255, 229, 1, 32, 0, 0, 0, 0, 0, 0, 0, 0, 0, 0, 0, 0, 0, 0, 0, 0, 0, 4, 0, 23, 254, 224, 0, 119, 250, 96, 0, 23, 254, 224, 255, 136, 5, 160, 255, 232, 1, 32, 255, 136, 5, 160, 255, 232, 1, 32, 0, 119, 250, 96
								
								•POSN (48)
								 252, 232, 37, 32, 26, 37, 4, 92, 255, 175, 3, 240, 0, 0, 0, 0, 0, 0, 0, 0, 0, 0, 0, 0, 0, 0, 0, 0, 0, 0, 0, 0, 0, 0, 0, 0, 0, 1, 0, 0, 0, 1, 0, 0, 0, 1, 0, 0
								
						•PRSM (174)
						
								•LOCK (2)
								 0, 0
								
								•LNUM (2)
								 0, 0
								
								•COLR (8)
								 0, 58, 131, 161, 255, 58, 131, 161
								
								•PLGR (2)
								 0, 0
								
								•POLY (64)
								 0, 2, 3, 1, 0, 1, 0, 32, 252, 208, 255, 229, 1, 32, 0, 0, 0, 0, 0, 0, 0, 0, 0, 0, 0, 0, 0, 0, 0, 0, 0, 4, 0, 23, 254, 224, 0, 119, 250, 96, 0, 23, 254, 224, 255, 136, 5, 160, 255, 232, 1, 32, 255, 136, 5, 160, 255, 232, 1, 32, 0, 119, 250, 96
								
								•POSN (48)
								 254, 8, 23, 160, 17, 181, 105, 156, 255, 175, 3, 240, 0, 0, 0, 0, 0, 0, 0, 0, 0, 0, 0, 0, 0, 0, 0, 0, 0, 0, 0, 0, 0, 0, 0, 0, 0, 1, 0, 0, 0, 1, 0, 0, 0, 1, 0, 0
								
						•PRSM (174)
						
								•LOCK (2)
								 0, 0
								
								•LNUM (2)
								 0, 0
								
								•COLR (8)
								 0, 255, 255, 255, 255, 255, 255, 255
								
								•PLGR (2)
								 0, 0
								
								•POLY (64)
								 0, 2, 3, 1, 0, 1, 0, 32, 252, 208, 255, 229, 1, 32, 0, 0, 0, 0, 0, 0, 0, 0, 0, 0, 0, 0, 0, 0, 0, 0, 0, 4, 0, 23, 254, 224, 0, 119, 250, 96, 0, 23, 254, 224, 255, 136, 5, 160, 255, 232, 1, 32, 255, 136, 5, 160, 255, 232, 1, 32, 0, 119, 250, 96
								
								•POSN (48)
								 253, 24, 34, 224, 26, 37, 4, 92, 255, 175, 3, 240, 0, 0, 0, 0, 0, 0, 0, 0, 0, 0, 0, 0, 0, 0, 0, 0, 0, 0, 0, 0, 0, 0, 0, 0, 0, 1, 0, 0, 0, 1, 0, 0, 0, 1, 0, 0
								
						•PRSM (174)
						
								•LOCK (2)
								 0, 0
								
								•LNUM (2)
								 0, 0
								
								•COLR (8)
								 0, 255, 255, 255, 255, 255, 255, 255
								
								•PLGR (2)
								 0, 0
								
								•POLY (64)
								 0, 2, 3, 1, 0, 1, 0, 5, 255, 184, 255, 238, 0, 216, 0, 0, 0, 0, 0, 0, 0, 0, 0, 0, 0, 0, 0, 0, 0, 0, 0, 4, 254, 230, 13, 56, 6, 5, 183, 184, 254, 230, 13, 56, 249, 214, 73, 248, 254, 218, 13, 200, 249, 214, 73, 248, 254, 218, 13, 200, 6, 5, 183, 184
								
								•POSN (48)
								 250, 150, 64, 248, 22, 119, 48, 132, 255, 166, 4, 56, 0, 0, 0, 0, 0, 0, 0, 0, 0, 0, 0, 0, 0, 0, 0, 0, 0, 0, 0, 0, 0, 0, 0, 0, 0, 1, 0, 0, 0, 1, 0, 0, 0, 1, 0, 0
								
						•PRSM (174)
						
								•LOCK (2)
								 0, 0
								
								•LNUM (2)
								 0, 0
								
								•COLR (8)
								 0, 255, 255, 255, 255, 255, 255, 255
								
								•PLGR (2)
								 0, 0
								
								•POLY (64)
								 0, 2, 3, 1, 0, 1, 0, 5, 255, 184, 255, 250, 0, 72, 0, 0, 0, 0, 0, 0, 0, 0, 0, 0, 0, 0, 0, 0, 0, 0, 0, 4, 0, 53, 253, 120, 0, 119, 250, 96, 0, 53, 253, 120, 255, 136, 5, 160, 255, 166, 4, 56, 255, 136, 5, 160, 255, 166, 4, 56, 0, 119, 250, 96
								
								•POSN (48)
								 252, 154, 40, 200, 26, 37, 4, 92, 255, 154, 4, 200, 0, 0, 0, 0, 0, 0, 0, 0, 0, 0, 0, 0, 0, 0, 0, 0, 0, 0, 0, 0, 0, 0, 0, 0, 0, 1, 0, 0, 0, 1, 0, 0, 0, 1, 0, 0
								
						•PRSM (174)
						
								•LOCK (2)
								 0, 0
								
								•LNUM (2)
								 0, 0
								
								•COLR (8)
								 0, 255, 255, 255, 255, 255, 255, 255
								
								•PLGR (2)
								 0, 0
								
								•POLY (64)
								 0, 2, 3, 1, 0, 1, 0, 5, 255, 184, 255, 250, 0, 72, 0, 0, 0, 0, 0, 0, 0, 0, 0, 0, 0, 0, 0, 0, 0, 0, 0, 4, 0, 197, 246, 184, 0, 119, 250, 96, 0, 197, 246, 184, 255, 136, 5, 160, 255, 58, 9, 72, 255, 136, 5, 160, 255, 58, 9, 72, 0, 119, 250, 96
								
								•POSN (48)
								 252, 250, 36, 72, 17, 181, 105, 156, 255, 154, 4, 200, 0, 0, 0, 0, 0, 0, 0, 0, 0, 0, 0, 0, 0, 0, 0, 0, 0, 0, 0, 0, 0, 0, 0, 0, 0, 1, 0, 0, 0, 1, 0, 0, 0, 1, 0, 0
								
						•PRSM (330)
						
								•LOCK (2)
								 0, 0
								
								•LNUM (2)
								 0, 0
								
								•COLR (8)
								 0, 255, 255, 255, 255, 255, 255, 255
								
								•PLGR (2)
								 0, 0
								
								•POLY (64)
								 0, 2, 3, 1, 0, 1, 0, 5, 255, 184, 255, 250, 0, 72, 0, 0, 0, 0, 0, 0, 0, 0, 0, 0, 0, 0, 0, 0, 0, 0, 0, 4, 254, 164, 16, 80, 249, 232, 73, 32, 254, 164, 16, 80, 6, 23, 182, 224, 1, 91, 239, 176, 6, 23, 182, 224, 1, 91, 239, 176, 249, 232, 73, 32
								
								•SURF (148)
								 0, 0
								
										•FEAT (138)
										 0, 1
										
												•COLR (4)
												 255, 65, 65, 65
												
												•POLY (84)
												 0, 1, 0, 10, 255, 131, 3, 236, 1, 69, 245, 204, 255, 153, 3, 52, 1, 107, 244, 164, 0, 128, 251, 248, 1, 107, 244, 164, 0, 142, 251, 132, 1, 73, 245, 176, 0, 142, 251, 132, 254, 214, 9, 76, 0, 116, 252, 88, 254, 178, 10, 108, 0, 44, 254, 152, 254, 168, 10, 196, 255, 235, 0, 168, 254, 168, 10, 196, 255, 159, 3, 4, 254, 178, 10, 108, 255, 131, 3, 236, 254, 214, 9, 76
												
												•POSN (24)
												 1, 80, 245, 124, 2, 247, 232, 68, 0, 0, 0, 0, 0, 0, 0, 0, 0, 1, 0, 0, 0, 1, 0, 0
												
								•POSN (48)
								 250, 216, 61, 224, 22, 101, 49, 92, 255, 154, 4, 200, 0, 0, 0, 0, 0, 0, 0, 0, 0, 0, 0, 0, 0, 0, 0, 0, 0, 0, 0, 0, 0, 0, 0, 0, 0, 1, 0, 0, 0, 1, 0, 0, 0, 1, 0, 0
								
						•PGRP (33038)
						
								•LOCK (2)
								 0, 0
								
								•LNUM (2)
								 0, 0
								
								•POSN (48)
								 250, 216, 169, 56, 19, 82, 101, 104, 0, 11, 255, 160, 0, 0, 0, 0, 0, 0, 0, 0, 0, 0, 0, 0, 0, 0, 0, 0, 0, 0, 0, 0, 0, 0, 0, 0, 0, 1, 0, 0, 0, 1, 0, 0, 0, 1, 0, 0
								
								•PRSM (12622)
								
										•LOCK (2)
										 0, 0
										
										•LNUM (2)
										 0, 0
										
										•COLR (8)
										 0, 11, 63, 92, 255, 11, 63, 92
										
										•PLGR (2)
										 0, 0
										
										•POLY (96)
										 0, 1, 2, 1, 0, 1, 2, 15, 235, 156, 255, 136, 5, 160, 0, 0, 0, 0, 0, 0, 0, 0, 0, 0, 0, 0, 0, 0, 0, 0, 0, 8, 255, 196, 2, 208, 0, 119, 250, 144, 255, 252, 0, 100, 0, 131, 249, 208, 0, 35, 254, 80, 0, 131, 249, 208, 0, 59, 253, 48, 0, 119, 250, 144, 0, 59, 253, 48, 255, 136, 5, 208, 0, 35, 254, 80, 255, 124, 6, 48, 255, 252, 0, 100, 255, 124, 6, 48, 255, 196, 2, 208, 255, 136, 5, 208
										
										•SLIC (114)
										 0, 7, 0, 0, 0, 0, 0, 0, 255, 255, 255, 240, 0, 96, 3, 119, 193, 144, 255, 253, 195, 159, 0, 0, 128, 0, 255, 251, 135, 44, 2, 27, 222, 124, 0, 2, 60, 92, 0, 0, 128, 0, 255, 251, 135, 39, 2, 27, 223, 228, 255, 241, 128, 30, 0, 0, 255, 255, 0, 0, 0, 0, 7, 187, 147, 64, 0, 14, 127, 226, 0, 0, 255, 255, 0, 0, 0, 0, 7, 187, 147, 64, 0, 0, 0, 0, 0, 0, 128, 5, 255, 254, 213, 100, 0, 111, 79, 224, 0, 0, 0, 0, 0, 0, 255, 255, 0, 54, 255, 148, 10, 217, 147, 232
										
										•SURF (720)
										 0, 0
										
												•FEAT (90)
												 0, 1
												
														•COLR (4)
														 255, 255, 0, 0
														
														•POLY (36)
														 0, 1, 0, 4, 255, 236, 132, 20, 255, 243, 162, 88, 255, 248, 227, 204, 0, 14, 226, 72, 0, 28, 226, 196, 0, 14, 159, 64, 0, 28, 226, 196, 255, 243, 160, 120
														
														•POSN (24)
														 0, 235, 214, 196, 0, 79, 28, 88, 0, 0, 0, 0, 0, 0, 0, 0, 0, 1, 0, 0, 0, 1, 0, 0
														
												•FEAT (90)
												 0, 1
												
														•COLR (4)
														 255, 255, 0, 0
														
														•POLY (36)
														 0, 1, 0, 4, 255, 243, 110, 32, 255, 244, 0, 240, 255, 243, 145, 216, 0, 14, 224, 104, 0, 19, 127, 160, 0, 14, 255, 64, 0, 27, 255, 132, 255, 244, 2, 208
														
														•POSN (24)
														 0, 12, 127, 140, 0, 79, 252, 56, 0, 0, 0, 0, 0, 0, 0, 0, 0, 1, 0, 0, 0, 1, 0, 0
														
												•FEAT (90)
												 0, 1
												
														•COLR (4)
														 255, 255, 153, 0
														
														•POLY (36)
														 0, 1, 0, 4, 0, 4, 115, 40, 255, 242, 226, 208, 255, 239, 211, 136, 255, 242, 226, 208, 255, 252, 115, 84, 0, 13, 178, 88, 0, 16, 239, 156, 0, 13, 195, 248
														
														•POSN (24)
														 0, 211, 215, 180, 0, 79, 220, 40, 0, 0, 0, 0, 0, 0, 0, 0, 0, 1, 0, 0, 0, 1, 0, 0
														
												•FEAT (90)
												 0, 1
												
														•COLR (4)
														 255, 255, 153, 0
														
														•POLY (36)
														 0, 1, 0, 4, 255, 241, 64, 164, 0, 13, 66, 116, 0, 5, 31, 228, 0, 13, 66, 116, 0, 14, 159, 112, 255, 242, 130, 208, 255, 250, 96, 72, 255, 242, 130, 208
														
														•POSN (24)
														 0, 46, 30, 56, 0, 81, 188, 40, 0, 0, 0, 0, 0, 0, 0, 0, 0, 1, 0, 0, 0, 1, 0, 0
														
												•FEAT (90)
												 0, 1
												
														•COLR (4)
														 255, 255, 255, 255
														
														•POLY (36)
														 0, 1, 0, 4, 255, 254, 83, 36, 255, 243, 66, 208, 255, 245, 176, 84, 255, 243, 64, 144, 0, 1, 80, 12, 0, 13, 130, 88, 0, 11, 15, 148, 0, 13, 130, 88
														
														•POSN (24)
														 0, 197, 104, 68, 0, 79, 172, 40, 0, 0, 0, 0, 0, 0, 0, 0, 0, 1, 0, 0, 0, 1, 0, 0
														
												•FEAT (90)
												 0, 1
												
														•COLR (4)
														 255, 255, 255, 255
														
														•POLY (36)
														 0, 1, 0, 4, 255, 246, 160, 96, 0, 12, 242, 124, 255, 255, 64, 0, 0, 12, 242, 124, 0, 8, 79, 96, 255, 242, 162, 224, 0, 0, 15, 192, 255, 242, 162, 224
														
														•POSN (24)
														 0, 59, 173, 140, 0, 81, 188, 28, 0, 0, 0, 0, 0, 0, 0, 0, 0, 1, 0, 0, 0, 1, 0, 0
														
												•FEAT (122)
												 0, 1
												
														•COLR (4)
														 255, 255, 255, 255
														
														•POLY (68)
														 0, 3, 0, 8, 0, 2, 98, 224, 255, 250, 110, 196, 255, 253, 192, 48, 255, 250, 96, 72, 255, 250, 110, 184, 255, 253, 157, 68, 255, 250, 96, 60, 0, 2, 63, 244, 255, 253, 157, 56, 0, 5, 145, 60, 0, 2, 63, 232, 0, 5, 159, 184, 0, 5, 145, 72, 0, 2, 98, 236, 0, 5, 159, 196, 255, 253, 192, 48
														
														•POSN (24)
														 0, 129, 90, 228, 0, 93, 91, 128, 0, 0, 0, 0, 0, 0, 0, 0, 0, 1, 0, 0, 0, 1, 0, 0
														
										•SURF (556)
										 0, 2
										
												•FEAT (90)
												 0, 1
												
														•COLR (4)
														 255, 0, 0, 0
														
														•POLY (36)
														 0, 2, 0, 4, 0, 52, 125, 252, 0, 5, 255, 196, 0, 52, 125, 252, 255, 250, 0, 72, 255, 203, 130, 4, 255, 250, 0, 72, 255, 203, 130, 4, 0, 5, 255, 196
														
														•POSN (24)
														 2, 83, 110, 72, 0, 39, 190, 68, 0, 0, 0, 0, 0, 0, 0, 0, 0, 1, 0, 0, 0, 1, 0, 0
														
												•FEAT (106)
												 0, 1
												
														•COLR (4)
														 255, 0, 173, 217
														
														•POLY (52)
														 0, 1, 0, 6, 255, 201, 2, 20, 255, 247, 0, 96, 255, 215, 135, 152, 0, 14, 96, 136, 255, 241, 6, 228, 0, 25, 96, 92, 0, 11, 134, 104, 0, 25, 224, 72, 0, 41, 133, 144, 0, 12, 96, 156, 0, 52, 133, 88, 255, 245, 225, 8
														
														•POSN (24)
														 1, 249, 237, 128, 0, 37, 158, 84, 0, 0, 0, 0, 0, 0, 0, 0, 0, 1, 0, 0, 0, 1, 0, 0
														
												•FEAT (114)
												 0, 1
												
														•COLR (4)
														 255, 0, 0, 0
														
														•POLY (60)
														 0, 1, 0, 7, 255, 175, 128, 40, 255, 235, 83, 64, 255, 184, 10, 56, 0, 8, 0, 148, 255, 204, 104, 236, 0, 25, 91, 172, 255, 234, 169, 108, 0, 32, 234, 196, 0, 8, 226, 132, 0, 26, 247, 240, 0, 31, 131, 180, 0, 9, 63, 168, 0, 36, 253, 8, 255, 237, 108, 184
														
														•POSN (24)
														 2, 12, 161, 128, 0, 21, 90, 168, 255, 255, 247, 17, 0, 0, 0, 0, 0, 1, 0, 0, 0, 1, 0, 0
														
												•FEAT (90)
												 0, 1
												
														•COLR (4)
														 255, 0, 173, 217
														
														•POLY (36)
														 0, 1, 0, 4, 255, 205, 129, 132, 255, 246, 1, 96, 255, 219, 97, 60, 0, 10, 128, 228, 0, 47, 88, 132, 0, 9, 164, 232, 0, 60, 126, 252, 255, 243, 1, 108
														
														•POSN (24)
														 0, 93, 253, 116, 0, 47, 253, 228, 0, 0, 0, 0, 0, 0, 0, 0, 0, 1, 0, 0, 0, 1, 0, 0
														
												•FEAT (114)
												 0, 1
												
														•COLR (4)
														 255, 0, 0, 0
														
														•POLY (60)
														 0, 1, 0, 7, 255, 180, 161, 236, 255, 236, 32, 240, 255, 187, 161, 184, 0, 9, 32, 88, 255, 205, 162, 180, 0, 25, 18, 56, 255, 241, 32, 136, 0, 31, 32, 0, 0, 21, 65, 196, 0, 23, 163, 36, 0, 39, 31, 80, 0, 5, 160, 108, 0, 41, 159, 88, 255, 234, 32, 248
														
														•POSN (24)
														 0, 113, 93, 40, 0, 30, 94, 224, 0, 0, 0, 0, 0, 0, 0, 0, 0, 1, 0, 0, 0, 1, 0, 0
														
										•SURF (394)
										 0, 3
										
												•FEAT (90)
												 0, 1
												
														•COLR (4)
														 255, 0, 173, 217
														
														•POLY (36)
														 0, 1, 0, 4, 255, 210, 161, 188, 255, 252, 160, 48, 255, 238, 97, 8, 0, 9, 55, 236, 0, 12, 96, 108, 0, 8, 160, 0, 0, 40, 31, 196, 255, 252, 160, 48
														
														•POSN (24)
														 0, 44, 158, 68, 0, 3, 95, 208, 0, 0, 0, 0, 0, 0, 0, 0, 0, 1, 0, 0, 0, 1, 0, 0
														
												•FEAT (90)
												 0, 1
												
														•COLR (4)
														 255, 255, 0, 0
														
														•POLY (36)
														 0, 1, 0, 4, 0, 7, 41, 24, 255, 246, 16, 216, 255, 248, 128, 72, 255, 245, 224, 216, 0, 0, 0, 0, 0, 21, 192, 24, 0, 7, 31, 208, 0, 21, 192, 24
														
														•POSN (24)
														 2, 74, 201, 8, 0, 21, 190, 248, 0, 0, 0, 0, 0, 0, 0, 0, 0, 1, 0, 0, 0, 1, 0, 0
														
												•FEAT (90)
												 0, 1
												
														•COLR (4)
														 255, 0, 0, 0
														
														•POLY (36)
														 0, 1, 0, 4, 255, 227, 1, 88, 255, 253, 192, 36, 255, 248, 0, 224, 0, 3, 192, 0, 0, 9, 127, 164, 0, 3, 191, 220, 0, 26, 127, 240, 255, 254, 192, 8
														
														•POSN (24)
														 0, 41, 254, 92, 0, 1, 63, 248, 0, 0, 0, 0, 0, 0, 0, 0, 0, 1, 0, 0, 0, 1, 0, 0
														
												•FEAT (90)
												 0, 1
												
														•COLR (4)
														 255, 14, 129, 151
														
														•POLY (36)
														 0, 1, 0, 4, 255, 236, 7, 76, 255, 252, 0, 40, 0, 2, 255, 232, 0, 3, 0, 12, 0, 27, 22, 128, 0, 2, 227, 32, 0, 47, 133, 180, 255, 252, 0, 40
														
														•POSN (24)
														 1, 178, 239, 8, 0, 2, 127, 228, 0, 0, 0, 0, 0, 0, 0, 0, 0, 1, 0, 0, 0, 1, 0, 0
														
										•SURF (100)
										 0, 4
										
												•FEAT (90)
												 0, 1
												
														•COLR (4)
														 255, 0, 0, 0
														
														•POLY (36)
														 0, 2, 0, 4, 0, 17, 159, 76, 0, 4, 127, 232, 0, 17, 159, 76, 255, 251, 128, 36, 255, 238, 96, 180, 255, 251, 128, 36, 255, 238, 96, 180, 0, 4, 127, 232
														
														•POSN (24)
														 1, 156, 15, 236, 0, 11, 255, 112, 0, 0, 0, 0, 0, 0, 0, 0, 0, 1, 0, 0, 0, 1, 0, 0
														
										•SURF (132)
										 0, 5
										
												•FEAT (122)
												 0, 1
												
														•COLR (4)
														 0, 255, 255, 255
														
														•POLY (68)
														 0, 1, 0, 8, 255, 157, 3, 24, 0, 114, 252, 108, 255, 192, 1, 252, 0, 125, 252, 16, 0, 68, 253, 216, 0, 125, 252, 16, 0, 104, 252, 160, 0, 111, 252, 192, 0, 104, 252, 184, 255, 141, 3, 148, 0, 94, 125, 24, 255, 129, 131, 236, 255, 223, 1, 8, 255, 130, 3, 240, 255, 157, 3, 24, 255, 148, 3, 96
														
														•POSN (24)
														 0, 116, 252, 88, 0, 137, 251, 176, 0, 0, 0, 0, 0, 0, 0, 0, 0, 1, 0, 0, 0, 1, 0, 0
														
										•SURF (100)
										 0, 6
										
												•FEAT (90)
												 0, 1
												
														•COLR (4)
														 255, 0, 0, 0
														
														•POLY (36)
														 0, 2, 0, 4, 0, 17, 159, 76, 0, 4, 127, 232, 0, 17, 159, 76, 255, 251, 128, 36, 255, 238, 96, 180, 255, 251, 128, 36, 255, 238, 96, 180, 0, 4, 127, 232
														
														•POSN (24)
														 0, 236, 150, 28, 0, 13, 127, 100, 0, 0, 0, 0, 0, 0, 0, 0, 0, 1, 0, 0, 0, 1, 0, 0
														
										•SURF (198)
										 0, 7
										
												•FEAT (90)
												 0, 1
												
														•COLR (4)
														 255, 0, 173, 217
														
														•POLY (36)
														 0, 1, 0, 4, 255, 199, 202, 8, 255, 252, 64, 24, 255, 229, 9, 84, 0, 7, 127, 232, 0, 4, 136, 148, 0, 7, 127, 232, 0, 35, 72, 4, 255, 253, 0, 24
														
														•POSN (24)
														 2, 48, 42, 28, 0, 2, 255, 232, 0, 0, 0, 0, 0, 0, 0, 0, 0, 1, 0, 0, 0, 1, 0, 0
														
												•FEAT (90)
												 0, 1
												
														•COLR (4)
														 255, 255, 0, 0
														
														•POLY (36)
														 0, 1, 0, 4, 255, 248, 32, 84, 0, 16, 56, 192, 255, 255, 159, 244, 0, 16, 56, 192, 0, 7, 223, 172, 255, 239, 176, 228, 255, 248, 32, 84, 255, 239, 177, 68
														
														•POSN (24)
														 0, 7, 223, 172, 0, 27, 94, 176, 0, 0, 0, 0, 0, 0, 0, 0, 0, 1, 0, 0, 0, 1, 0, 0
														
										•SURF (556)
										 0, 8
										
												•FEAT (90)
												 0, 1
												
														•COLR (4)
														 255, 0, 0, 0
														
														•POLY (36)
														 0, 2, 0, 4, 0, 52, 125, 252, 0, 5, 255, 196, 0, 52, 125, 252, 255, 250, 0, 72, 255, 203, 130, 4, 255, 250, 0, 72, 255, 203, 130, 4, 0, 5, 255, 196
														
														•POSN (24)
														 0, 51, 189, 252, 0, 39, 190, 68, 0, 0, 0, 0, 0, 0, 0, 0, 0, 1, 0, 0, 0, 1, 0, 0
														
												•FEAT (90)
												 0, 1
												
														•COLR (4)
														 255, 0, 173, 217
														
														•POLY (36)
														 0, 1, 0, 4, 255, 198, 10, 36, 255, 243, 129, 52, 255, 212, 74, 12, 0, 11, 128, 164, 0, 38, 254, 116, 0, 10, 255, 140, 0, 55, 7, 148, 255, 242, 129, 56
														
														•POSN (24)
														 2, 40, 234, 60, 0, 46, 254, 36, 0, 0, 0, 0, 0, 0, 0, 0, 0, 1, 0, 0, 0, 1, 0, 0
														
												•FEAT (106)
												 0, 1
												
														•COLR (4)
														 255, 0, 173, 217
														
														•POLY (52)
														 0, 1, 0, 6, 255, 203, 3, 164, 255, 245, 129, 32, 255, 219, 3, 76, 0, 14, 0, 136, 255, 245, 2, 144, 0, 23, 0, 88, 0, 17, 130, 12, 0, 24, 0, 108, 0, 44, 129, 76, 0, 13, 128, 144, 0, 61, 0, 236, 255, 246, 1, 12
														
														•POSN (24)
														 0, 141, 250, 68, 0, 38, 254, 80, 0, 0, 0, 0, 0, 0, 0, 0, 0, 1, 0, 0, 0, 1, 0, 0
														
												•FEAT (114)
												 0, 1
												
														•COLR (4)
														 255, 0, 0, 0
														
														•POLY (60)
														 0, 1, 0, 7, 255, 178, 4, 92, 255, 236, 128, 168, 255, 184, 10, 56, 0, 8, 0, 148, 255, 207, 131, 152, 0, 26, 255, 184, 255, 237, 196, 0, 0, 30, 165, 228, 0, 15, 130, 44, 0, 27, 127, 188, 0, 40, 180, 176, 0, 7, 55, 208, 0, 50, 7, 96, 255, 238, 1, 44
														
														•POSN (24)
														 0, 160, 249, 176, 0, 21, 255, 72, 0, 0, 0, 0, 0, 0, 0, 0, 0, 1, 0, 0, 0, 1, 0, 0
														
												•FEAT (114)
												 0, 1
												
														•COLR (4)
														 255, 0, 0, 0
														
														•POLY (60)
														 0, 1, 0, 7, 255, 174, 138, 172, 255, 235, 1, 20, 255, 182, 138, 140, 0, 6, 128, 136, 255, 202, 10, 32, 0, 25, 127, 220, 255, 240, 9, 52, 0, 32, 255, 244, 0, 16, 8, 120, 0, 24, 0, 36, 0, 36, 119, 220, 0, 5, 182, 56, 0, 42, 7, 224, 255, 237, 1, 0
														
														•POSN (24)
														 2, 57, 233, 200, 0, 29, 254, 200, 0, 0, 0, 0, 0, 0, 0, 0, 0, 1, 0, 0, 0, 1, 0, 0
														
										•SURF (2494)
										 0, 9
										
												•FEAT (106)
												 0, 1
												
														•COLR (4)
														 255, 0, 0, 0
														
														•POLY (52)
														 0, 1, 0, 6, 255, 134, 3, 224, 0, 5, 255, 172, 255, 144, 3, 88, 0, 16, 1, 16, 0, 119, 252, 64, 0, 15, 255, 144, 0, 127, 251, 216, 0, 4, 1, 40, 0, 127, 251, 216, 255, 240, 1, 144, 255, 134, 3, 224, 255, 240, 1, 144
														
														•POSN (24)
														 0, 125, 251, 248, 0, 71, 253, 96, 0, 0, 0, 0, 0, 0, 0, 0, 0, 1, 0, 0, 0, 1, 0, 0
														
												•FEAT (162)
												 0, 1
												
														•COLR (4)
														 255, 255, 255, 255
														
														•POLY (108)
														 0, 1, 0, 13, 0, 0, 0, 0, 255, 244, 1, 200, 255, 252, 0, 124, 255, 245, 0, 92, 255, 247, 133, 20, 255, 247, 133, 20, 255, 245, 0, 188, 255, 251, 0, 32, 255, 244, 1, 200, 0, 0, 0, 0, 255, 245, 0, 188, 0, 4, 255, 176, 255, 247, 133, 20, 0, 8, 122, 236, 0, 8, 122, 236, 0, 8, 122, 236, 0, 11, 0, 4, 0, 4, 255, 176, 0, 11, 254, 56, 0, 0, 0, 0, 0, 11, 0, 4, 255, 251, 0, 32, 0, 8, 122, 236, 255, 247, 133, 20, 0, 5, 0, 52, 255, 245, 0, 92
														
														•POSN (24)
														 0, 23, 254, 224, 0, 77, 253, 12, 0, 0, 0, 0, 0, 0, 0, 0, 0, 1, 0, 0, 0, 1, 0, 0
														
												•FEAT (90)
												 0, 1
												
														•COLR (4)
														 255, 0, 0, 0
														
														•POLY (36)
														 0, 2, 0, 4, 0, 56, 254, 20, 0, 4, 255, 176, 0, 56, 254, 20, 255, 251, 0, 80, 255, 199, 1, 236, 255, 251, 0, 80, 255, 199, 1, 236, 0, 4, 255, 176
														
														•POSN (24)
														 0, 132, 251, 172, 0, 12, 255, 144, 0, 0, 0, 0, 0, 0, 0, 0, 0, 1, 0, 0, 0, 1, 0, 0
														
												•FEAT (98)
												 0, 1
												
														•COLR (4)
														 255, 183, 227, 255
														
														•POLY (44)
														 0, 1, 0, 5, 0, 0, 0, 0, 255, 246, 65, 116, 255, 249, 0, 52, 255, 249, 65, 92, 255, 247, 0, 72, 255, 253, 65, 76, 0, 8, 255, 184, 255, 253, 65, 76, 0, 6, 255, 204, 255, 249, 65, 92
														
														•POSN (24)
														 0, 23, 255, 64, 0, 77, 188, 248, 0, 0, 0, 0, 0, 0, 0, 0, 0, 1, 0, 0, 0, 1, 0, 0
														
												•FEAT (98)
												 0, 1
												
														•COLR (4)
														 255, 190, 190, 190
														
														•POLY (44)
														 0, 1, 0, 5, 0, 13, 127, 160, 0, 7, 129, 8, 0, 2, 127, 240, 255, 252, 129, 100, 255, 253, 128, 16, 255, 252, 129, 76, 255, 252, 128, 20, 255, 255, 129, 64, 255, 255, 127, 252, 0, 7, 129, 8
														
														•POSN (24)
														 0, 17, 127, 120, 0, 78, 124, 236, 0, 0, 0, 0, 0, 0, 0, 0, 0, 1, 0, 0, 0, 1, 0, 0
														
												•FEAT (82)
												 0, 1
												
														•COLR (4)
														 255, 6, 56, 65
														
														•POLY (28)
														 0, 1, 0, 3, 0, 0, 255, 252, 0, 1, 129, 32, 0, 0, 255, 252, 255, 254, 129, 68, 255, 250, 0, 48, 255, 255, 129, 64
														
														•POSN (24)
														 0, 19, 255, 92, 0, 78, 124, 236, 0, 0, 0, 0, 0, 0, 0, 0, 0, 1, 0, 0, 0, 1, 0, 0
														
												•FEAT (90)
												 0, 1
												
														•COLR (4)
														 255, 255, 255, 0
														
														•POLY (36)
														 0, 2, 0, 4, 0, 1, 128, 0, 0, 0, 255, 252, 0, 1, 128, 0, 0, 0, 1, 44, 255, 253, 128, 16, 0, 0, 1, 44, 255, 253, 128, 16, 0, 0, 255, 252
														
														•POSN (24)
														 0, 24, 127, 68, 0, 77, 252, 244, 0, 0, 0, 0, 0, 0, 0, 0, 0, 1, 0, 0, 0, 1, 0, 0
														
												•FEAT (162)
												 0, 1
												
														•COLR (4)
														 255, 255, 255, 255
														
														•POLY (108)
														 0, 1, 0, 13, 0, 0, 0, 0, 255, 244, 1, 200, 255, 252, 0, 124, 255, 245, 0, 92, 255, 247, 133, 20, 255, 247, 133, 20, 255, 245, 0, 188, 255, 251, 0, 32, 255, 244, 1, 200, 0, 0, 0, 0, 255, 245, 0, 188, 0, 4, 255, 176, 255, 247, 133, 20, 0, 8, 122, 236, 0, 8, 122, 236, 0, 8, 122, 236, 0, 11, 0, 4, 0, 4, 255, 176, 0, 11, 254, 56, 0, 0, 0, 0, 0, 11, 0, 4, 255, 251, 0, 32, 0, 8, 122, 236, 255, 247, 133, 20, 0, 5, 0, 52, 255, 245, 0, 92
														
														•POSN (24)
														 0, 50, 254, 8, 0, 77, 253, 12, 0, 0, 0, 0, 0, 0, 0, 0, 0, 1, 0, 0, 0, 1, 0, 0
														
												•FEAT (98)
												 0, 1
												
														•COLR (4)
														 255, 183, 227, 255
														
														•POLY (44)
														 0, 1, 0, 5, 0, 0, 0, 0, 255, 246, 65, 116, 255, 249, 0, 52, 255, 249, 65, 92, 255, 247, 0, 72, 255, 253, 65, 76, 0, 8, 255, 184, 255, 253, 65, 76, 0, 6, 255, 204, 255, 249, 65, 92
														
														•POSN (24)
														 0, 50, 254, 104, 0, 77, 188, 248, 0, 0, 0, 0, 0, 0, 0, 0, 0, 1, 0, 0, 0, 1, 0, 0
														
												•FEAT (98)
												 0, 1
												
														•COLR (4)
														 255, 190, 190, 190
														
														•POLY (44)
														 0, 1, 0, 5, 0, 13, 127, 160, 0, 7, 129, 8, 0, 2, 127, 240, 255, 252, 129, 100, 255, 253, 128, 16, 255, 252, 129, 76, 255, 252, 128, 20, 255, 255, 129, 64, 255, 255, 127, 252, 0, 7, 129, 8
														
														•POSN (24)
														 0, 44, 126, 160, 0, 78, 124, 248, 0, 0, 0, 0, 0, 0, 0, 0, 0, 1, 0, 0, 0, 1, 0, 0
														
												•FEAT (82)
												 0, 1
												
														•COLR (4)
														 255, 6, 56, 65
														
														•POLY (28)
														 0, 1, 0, 3, 0, 0, 255, 252, 0, 1, 129, 32, 0, 0, 255, 252, 255, 254, 129, 68, 255, 250, 0, 48, 255, 255, 129, 64
														
														•POSN (24)
														 0, 46, 254, 132, 0, 78, 124, 248, 0, 0, 0, 0, 0, 0, 0, 0, 0, 1, 0, 0, 0, 1, 0, 0
														
												•FEAT (90)
												 0, 1
												
														•COLR (4)
														 255, 255, 255, 0
														
														•POLY (36)
														 0, 2, 0, 4, 0, 1, 128, 0, 0, 0, 255, 252, 0, 1, 128, 0, 0, 0, 1, 44, 255, 253, 128, 16, 0, 0, 1, 44, 255, 253, 128, 16, 0, 0, 255, 252
														
														•POSN (24)
														 0, 51, 126, 108, 0, 77, 252, 244, 0, 0, 0, 0, 0, 0, 0, 0, 0, 1, 0, 0, 0, 1, 0, 0
														
												•FEAT (162)
												 0, 1
												
														•COLR (4)
														 255, 255, 255, 255
														
														•POLY (108)
														 0, 1, 0, 13, 0, 0, 0, 0, 255, 244, 1, 200, 255, 252, 0, 124, 255, 245, 0, 92, 255, 247, 133, 20, 255, 247, 133, 20, 255, 245, 0, 188, 255, 251, 0, 32, 255, 244, 1, 200, 0, 0, 0, 0, 255, 245, 0, 188, 0, 4, 255, 176, 255, 247, 133, 20, 0, 8, 122, 236, 0, 8, 122, 236, 0, 8, 122, 236, 0, 11, 0, 4, 0, 4, 255, 176, 0, 11, 254, 56, 0, 0, 0, 0, 0, 11, 0, 4, 255, 251, 0, 32, 0, 8, 122, 236, 255, 247, 133, 20, 0, 5, 0, 52, 255, 245, 0, 92
														
														•POSN (24)
														 0, 207, 249, 36, 0, 77, 253, 12, 0, 0, 0, 0, 0, 0, 0, 0, 0, 1, 0, 0, 0, 1, 0, 0
														
												•FEAT (98)
												 0, 1
												
														•COLR (4)
														 255, 183, 227, 255
														
														•POLY (44)
														 0, 1, 0, 5, 0, 0, 0, 0, 255, 246, 65, 116, 255, 249, 0, 52, 255, 249, 65, 92, 255, 247, 0, 72, 255, 253, 65, 76, 0, 8, 255, 184, 255, 253, 65, 76, 0, 6, 255, 204, 255, 249, 65, 92
														
														•POSN (24)
														 0, 207, 249, 132, 0, 77, 188, 248, 0, 0, 0, 0, 0, 0, 0, 0, 0, 1, 0, 0, 0, 1, 0, 0
														
												•FEAT (98)
												 0, 1
												
														•COLR (4)
														 255, 190, 190, 190
														
														•POLY (44)
														 0, 1, 0, 5, 0, 13, 127, 160, 0, 7, 129, 8, 0, 2, 127, 240, 255, 252, 129, 100, 255, 253, 128, 16, 255, 252, 129, 76, 255, 252, 128, 20, 255, 255, 129, 64, 255, 255, 127, 252, 0, 7, 129, 8
														
														•POSN (24)
														 0, 201, 121, 188, 0, 78, 124, 248, 0, 0, 0, 0, 0, 0, 0, 0, 0, 1, 0, 0, 0, 1, 0, 0
														
												•FEAT (82)
												 0, 1
												
														•COLR (4)
														 255, 6, 56, 65
														
														•POLY (28)
														 0, 1, 0, 3, 0, 0, 255, 252, 0, 1, 129, 32, 0, 0, 255, 252, 255, 254, 129, 68, 255, 250, 0, 48, 255, 255, 129, 64
														
														•POSN (24)
														 0, 203, 249, 160, 0, 78, 124, 248, 0, 0, 0, 0, 0, 0, 0, 0, 0, 1, 0, 0, 0, 1, 0, 0
														
												•FEAT (90)
												 0, 1
												
														•COLR (4)
														 255, 255, 255, 0
														
														•POLY (36)
														 0, 2, 0, 4, 0, 1, 128, 0, 0, 0, 255, 252, 0, 1, 128, 0, 0, 0, 1, 44, 255, 253, 128, 16, 0, 0, 1, 44, 255, 253, 128, 16, 0, 0, 255, 252
														
														•POSN (24)
														 0, 208, 121, 136, 0, 77, 252, 244, 0, 0, 0, 0, 0, 0, 0, 0, 0, 1, 0, 0, 0, 1, 0, 0
														
												•FEAT (162)
												 0, 1
												
														•COLR (4)
														 255, 255, 255, 255
														
														•POLY (108)
														 0, 1, 0, 13, 0, 0, 0, 0, 255, 244, 1, 200, 255, 252, 0, 124, 255, 245, 0, 92, 255, 247, 133, 20, 255, 247, 133, 20, 255, 245, 0, 188, 255, 251, 0, 32, 255, 244, 1, 200, 0, 0, 0, 0, 255, 245, 0, 188, 0, 4, 255, 176, 255, 247, 133, 20, 0, 8, 122, 236, 0, 8, 122, 236, 0, 8, 122, 236, 0, 11, 0, 4, 0, 4, 255, 176, 0, 11, 254, 56, 0, 0, 0, 0, 0, 11, 0, 4, 255, 251, 0, 32, 0, 8, 122, 236, 255, 247, 133, 20, 0, 5, 0, 52, 255, 245, 0, 92
														
														•POSN (24)
														 0, 234, 248, 76, 0, 77, 253, 24, 0, 0, 0, 0, 0, 0, 0, 0, 0, 1, 0, 0, 0, 1, 0, 0
														
												•FEAT (98)
												 0, 1
												
														•COLR (4)
														 255, 183, 227, 255
														
														•POLY (44)
														 0, 1, 0, 5, 0, 0, 0, 0, 255, 246, 65, 116, 255, 249, 0, 52, 255, 249, 65, 92, 255, 247, 0, 72, 255, 253, 65, 76, 0, 8, 255, 184, 255, 253, 65, 76, 0, 6, 255, 204, 255, 249, 65, 92
														
														•POSN (24)
														 0, 234, 248, 172, 0, 77, 188, 248, 0, 0, 0, 0, 0, 0, 0, 0, 0, 1, 0, 0, 0, 1, 0, 0
														
												•FEAT (98)
												 0, 1
												
														•COLR (4)
														 255, 190, 190, 190
														
														•POLY (44)
														 0, 1, 0, 5, 0, 13, 127, 160, 0, 7, 129, 8, 0, 2, 127, 240, 255, 252, 129, 100, 255, 253, 128, 16, 255, 252, 129, 76, 255, 252, 128, 20, 255, 255, 129, 64, 255, 255, 127, 252, 0, 7, 129, 8
														
														•POSN (24)
														 0, 228, 120, 228, 0, 78, 124, 248, 0, 0, 0, 0, 0, 0, 0, 0, 0, 1, 0, 0, 0, 1, 0, 0
														
												•FEAT (82)
												 0, 1
												
														•COLR (4)
														 255, 6, 56, 65
														
														•POLY (28)
														 0, 1, 0, 3, 0, 0, 255, 252, 0, 1, 129, 32, 0, 0, 255, 252, 255, 254, 129, 68, 255, 250, 0, 48, 255, 255, 129, 64
														
														•POSN (24)
														 0, 230, 248, 200, 0, 78, 124, 248, 0, 0, 0, 0, 0, 0, 0, 0, 0, 1, 0, 0, 0, 1, 0, 0
														
												•FEAT (90)
												 0, 1
												
														•COLR (4)
														 255, 255, 255, 0
														
														•POLY (36)
														 0, 2, 0, 4, 0, 1, 128, 0, 0, 0, 255, 252, 0, 1, 128, 0, 0, 0, 1, 44, 255, 253, 128, 16, 0, 0, 1, 44, 255, 253, 128, 16, 0, 0, 255, 252
														
														•POSN (24)
														 0, 235, 120, 176, 0, 77, 253, 0, 0, 0, 0, 0, 0, 0, 0, 0, 0, 1, 0, 0, 0, 1, 0, 0
														
										•SURF (296)
										 0, 13
										
												•FEAT (90)
												 0, 1
												
														•COLR (4)
														 255, 0, 0, 0
														
														•POLY (36)
														 0, 1, 0, 4, 0, 27, 84, 156, 255, 253, 143, 172, 0, 27, 58, 236, 255, 250, 150, 204, 255, 228, 198, 40, 255, 252, 71, 104, 255, 228, 223, 216, 255, 255, 65, 104
														
														•POSN (24)
														 0, 26, 254, 176, 0, 36, 190, 80, 0, 0, 0, 0, 0, 0, 0, 0, 0, 1, 0, 0, 0, 1, 0, 0
														
												•FEAT (90)
												 0, 1
												
														•COLR (4)
														 255, 0, 0, 0
														
														•POLY (36)
														 0, 1, 0, 4, 0, 21, 48, 180, 255, 241, 241, 104, 0, 21, 72, 180, 255, 235, 33, 216, 255, 223, 37, 176, 255, 236, 123, 104, 255, 223, 6, 192, 255, 243, 60, 136
														
														•POSN (24)
														 0, 32, 254, 128, 0, 40, 222, 32, 0, 0, 0, 0, 0, 0, 0, 0, 0, 1, 0, 0, 0, 1, 0, 0
														
												•FEAT (90)
												 0, 1
												
														•COLR (4)
														 255, 255, 153, 0
														
														•POLY (36)
														 0, 1, 0, 4, 255, 229, 33, 144, 0, 3, 96, 240, 0, 27, 32, 184, 0, 1, 200, 240, 0, 27, 94, 200, 255, 253, 0, 48, 255, 228, 241, 156, 255, 254, 176, 216
														
														•POSN (24)
														 0, 26, 222, 88, 0, 29, 134, 152, 0, 0, 0, 0, 0, 0, 0, 0, 0, 1, 0, 0, 0, 1, 0, 0
														
										•SURF (296)
										 0, 14
										
												•FEAT (90)
												 0, 1
												
														•COLR (4)
														 255, 0, 0, 0
														
														•POLY (36)
														 0, 1, 0, 4, 0, 27, 99, 204, 0, 14, 30, 184, 255, 229, 97, 68, 0, 12, 168, 120, 255, 229, 25, 56, 0, 13, 224, 168, 0, 27, 99, 216, 0, 15, 99, 36
														
														•POSN (24)
														 0, 26, 158, 188, 0, 17, 159, 40, 0, 0, 0, 0, 0, 0, 0, 0, 0, 1, 0, 0, 0, 1, 0, 0
														
												•FEAT (90)
												 0, 1
												
														•COLR (4)
														 255, 0, 0, 0
														
														•POLY (36)
														 0, 1, 0, 4, 255, 229, 49, 56, 0, 3, 0, 144, 0, 27, 94, 188, 0, 4, 127, 208, 0, 27, 105, 60, 255, 253, 198, 0, 255, 229, 107, 196, 255, 252, 70, 48
														
														•POSN (24)
														 0, 26, 158, 188, 0, 21, 191, 16, 0, 0, 0, 0, 0, 0, 0, 0, 0, 1, 0, 0, 0, 1, 0, 0
														
												•FEAT (90)
												 0, 1
												
														•COLR (4)
														 255, 255, 153, 0
														
														•POLY (36)
														 0, 1, 0, 4, 255, 228, 161, 248, 0, 2, 158, 152, 0, 26, 176, 200, 0, 4, 54, 152, 0, 26, 208, 84, 255, 254, 200, 168, 255, 228, 209, 8, 255, 253, 96, 192
														
														•POSN (24)
														 0, 27, 70, 224, 0, 27, 118, 224, 0, 0, 0, 0, 0, 0, 0, 0, 0, 1, 0, 0, 0, 1, 0, 0
														
										•POSN (48)
										 250, 216, 169, 8, 18, 136, 37, 148, 255, 253, 167, 160, 0, 0, 0, 0, 0, 0, 4, 48, 0, 0, 0, 0, 0, 0, 0, 0, 0, 0, 0, 0, 255, 255, 255, 119, 0, 1, 0, 0, 0, 1, 0, 185, 0, 0, 241, 166
										
										•ESLC (282)
										 0, 7, 0, 0, 0, 0, 0, 0, 0, 0, 0, 0, 0, 0, 0, 4, 182, 95, 0, 0, 0, 0, 0, 0, 0, 0, 255, 136, 8, 112, 0, 47, 253, 192, 0, 71, 250, 240, 0, 59, 253, 48, 0, 0, 0, 0, 0, 0, 0, 0, 0, 0, 0, 0, 0, 1, 146, 31, 0, 5, 209, 205, 0, 0, 0, 0, 0, 59, 252, 184, 0, 101, 250, 108, 0, 119, 249, 112, 0, 95, 250, 180, 0, 0, 0, 0, 0, 0, 0, 0, 0, 0, 0, 0, 0, 4, 182, 95, 0, 0, 118, 176, 0, 0, 0, 0, 255, 136, 6, 144, 0, 95, 250, 252, 255, 196, 3, 72, 0, 101, 250, 180, 0, 0, 0, 0, 0, 0, 0, 0, 0, 0, 0, 0, 0, 0, 0, 0, 0, 0, 0, 0, 0, 1, 146, 31, 0, 131, 249, 208, 255, 190, 3, 144, 0, 119, 250, 96, 255, 16, 13, 32, 0, 0, 0, 0, 0, 0, 0, 0, 0, 0, 0, 0, 0, 0, 0, 0, 0, 0, 0, 0, 0, 1, 146, 31, 255, 136, 5, 160, 255, 16, 13, 32, 255, 124, 6, 48, 255, 190, 3, 144, 0, 0, 0, 0, 0, 0, 0, 0, 0, 0, 0, 0, 0, 4, 182, 95, 0, 0, 0, 0, 0, 0, 0, 0, 255, 136, 8, 112, 0, 43, 254, 168, 255, 150, 7, 72, 0, 49, 254, 192, 0, 0, 0, 0, 0, 0, 0, 0, 0, 0, 0, 0, 0, 4, 182, 95, 0, 0, 0, 0, 0, 0, 0, 0, 2, 9, 235, 168, 255, 196, 1, 224, 255, 118, 5, 88, 255, 208, 1, 128
										
										•PRSM (182)
										
												•LOCK (2)
												 0, 0
												
												•LNUM (2)
												 0, 0
												
												•COLR (8)
												 0, 247, 185, 108, 255, 247, 185, 108
												
												•PLGR (2)
												 0, 0
												
												•POLY (72)
												 0, 1, 1, 1, 0, 1, 0, 107, 252, 160, 255, 148, 3, 96, 0, 0, 0, 0, 0, 0, 0, 0, 0, 0, 0, 0, 0, 0, 0, 0, 0, 5, 255, 234, 0, 160, 255, 212, 1, 88, 255, 240, 0, 88, 0, 7, 255, 152, 255, 248, 0, 104, 0, 31, 254, 216, 0, 5, 255, 184, 0, 57, 254, 16, 0, 21, 255, 96, 0, 57, 254, 16
												
												•POSN (48)
												 250, 216, 169, 8, 19, 196, 241, 55, 0, 2, 214, 145, 0, 0, 0, 0, 0, 0, 4, 47, 0, 0, 0, 0, 0, 0, 0, 0, 0, 0, 0, 0, 255, 255, 255, 120, 0, 1, 0, 0, 0, 1, 0, 185, 0, 0, 241, 166
												
										•PRSM (190)
										
												•LOCK (2)
												 0, 0
												
												•LNUM (2)
												 0, 0
												
												•COLR (8)
												 0, 247, 185, 108, 255, 247, 185, 108
												
												•PLGR (2)
												 0, 0
												
												•POLY (80)
												 0, 1, 1, 1, 0, 1, 0, 107, 252, 160, 255, 148, 3, 96, 0, 0, 0, 0, 0, 0, 0, 0, 0, 0, 0, 0, 0, 0, 0, 0, 0, 6, 0, 24, 255, 60, 255, 246, 0, 112, 255, 231, 0, 196, 255, 246, 0, 112, 255, 231, 0, 196, 0, 3, 255, 216, 255, 241, 0, 84, 0, 9, 255, 144, 255, 255, 0, 4, 0, 7, 255, 152, 0, 24, 255, 60, 0, 0, 0, 0
												
												•POSN (48)
												 250, 216, 169, 8, 19, 150, 105, 184, 255, 225, 252, 39, 0, 0, 0, 0, 0, 0, 4, 47, 0, 0, 0, 0, 0, 0, 0, 0, 0, 0, 0, 0, 255, 255, 255, 120, 0, 1, 0, 0, 0, 1, 0, 185, 0, 0, 241, 166
												
										•PRSM (198)
										
												•LOCK (2)
												 0, 0
												
												•LNUM (2)
												 0, 0
												
												•COLR (8)
												 0, 247, 185, 108, 255, 247, 185, 108
												
												•PLGR (2)
												 0, 0
												
												•POLY (88)
												 0, 1, 1, 1, 0, 1, 255, 244, 0, 96, 255, 148, 3, 96, 0, 0, 0, 0, 0, 0, 0, 0, 0, 0, 0, 0, 0, 0, 0, 0, 0, 7, 255, 235, 0, 156, 255, 215, 1, 100, 255, 245, 144, 20, 0, 8, 117, 88, 0, 7, 143, 156, 0, 60, 115, 176, 0, 12, 26, 112, 0, 63, 185, 52, 0, 19, 48, 68, 0, 64, 119, 216, 0, 25, 104, 120, 0, 59, 22, 192, 0, 25, 147, 200, 0, 50, 79, 108
												
												•POSN (48)
												 250, 216, 169, 8, 19, 83, 30, 241, 0, 5, 89, 167, 0, 0, 0, 0, 255, 255, 235, 23, 0, 0, 0, 0, 0, 0, 0, 0, 0, 0, 0, 0, 0, 0, 2, 177, 0, 1, 0, 0, 0, 1, 0, 140, 0, 0, 241, 181
												
										•PRSM (182)
										
												•LOCK (2)
												 0, 0
												
												•LNUM (2)
												 0, 0
												
												•COLR (8)
												 0, 247, 185, 108, 255, 247, 185, 108
												
												•PLGR (2)
												 0, 0
												
												•POLY (72)
												 0, 1, 1, 1, 0, 1, 255, 244, 0, 96, 255, 148, 3, 96, 0, 0, 0, 0, 0, 0, 0, 0, 0, 0, 0, 0, 0, 0, 0, 0, 0, 5, 0, 35, 254, 224, 255, 243, 0, 4, 255, 218, 1, 64, 0, 2, 255, 172, 255, 232, 0, 144, 0, 12, 255, 156, 255, 242, 0, 128, 0, 12, 255, 156, 0, 35, 254, 224, 0, 4, 255, 140
												
												•POSN (48)
												 250, 216, 169, 8, 19, 20, 237, 13, 255, 232, 93, 53, 0, 0, 0, 0, 0, 0, 4, 47, 0, 0, 0, 0, 0, 0, 0, 0, 0, 0, 0, 0, 255, 255, 255, 120, 0, 1, 0, 0, 0, 1, 0, 185, 0, 0, 241, 166
												
										•PRSM (198)
										
												•LOCK (2)
												 0, 0
												
												•LNUM (2)
												 0, 0
												
												•COLR (8)
												 0, 247, 185, 108, 255, 247, 185, 108
												
												•PLGR (2)
												 0, 0
												
												•POLY (88)
												 0, 1, 1, 1, 0, 1, 0, 103, 252, 200, 0, 9, 255, 192, 0, 0, 0, 0, 0, 0, 0, 0, 0, 0, 0, 0, 0, 0, 0, 0, 0, 7, 255, 231, 84, 136, 255, 214, 228, 168, 255, 241, 0, 84, 0, 8, 255, 196, 0, 2, 255, 220, 0, 60, 254, 28, 0, 8, 255, 148, 0, 64, 253, 220, 0, 16, 255, 44, 0, 64, 253, 220, 0, 22, 255, 68, 0, 58, 254, 36, 0, 22, 255, 68, 0, 50, 254, 44
												
												•POSN (48)
												 250, 218, 168, 232, 19, 87, 107, 67, 0, 5, 29, 169, 0, 0, 0, 0, 255, 255, 235, 23, 0, 0, 0, 0, 0, 0, 0, 0, 0, 0, 0, 0, 0, 0, 2, 175, 0, 1, 0, 0, 0, 1, 0, 140, 0, 0, 241, 181
												
										•PRSM (182)
										
												•LOCK (2)
												 0, 0
												
												•LNUM (2)
												 0, 0
												
												•COLR (8)
												 0, 247, 185, 108, 255, 247, 185, 108
												
												•PLGR (2)
												 0, 0
												
												•POLY (72)
												 0, 1, 1, 1, 0, 1, 0, 103, 252, 200, 0, 9, 255, 192, 0, 0, 0, 0, 0, 0, 0, 0, 0, 0, 0, 0, 0, 0, 0, 0, 0, 5, 0, 35, 254, 224, 255, 243, 0, 4, 255, 218, 1, 64, 0, 2, 255, 172, 255, 232, 0, 144, 0, 12, 255, 156, 255, 242, 0, 128, 0, 12, 255, 156, 0, 35, 254, 224, 0, 4, 255, 140
												
												•POSN (48)
												 250, 218, 168, 232, 19, 20, 237, 13, 255, 232, 93, 53, 0, 0, 0, 0, 0, 0, 4, 47, 0, 0, 0, 0, 0, 0, 0, 0, 0, 0, 0, 0, 255, 255, 255, 120, 0, 1, 0, 0, 0, 1, 0, 185, 0, 0, 241, 166
												
										•PRSM (174)
										
												•LOCK (2)
												 0, 0
												
												•LNUM (2)
												 0, 0
												
												•COLR (8)
												 0, 0, 0, 0, 255, 0, 0, 0
												
												•PLGR (2)
												 0, 0
												
												•POLY (64)
												 0, 2, 3, 1, 0, 1, 0, 8, 255, 148, 255, 241, 0, 84, 0, 0, 0, 0, 0, 0, 0, 0, 0, 0, 0, 0, 0, 0, 0, 0, 0, 4, 0, 11, 255, 160, 0, 110, 252, 136, 0, 11, 255, 160, 255, 145, 3, 120, 255, 244, 0, 96, 255, 145, 3, 120, 255, 244, 0, 96, 0, 110, 252, 136
												
												•POSN (48)
												 250, 216, 169, 56, 19, 16, 90, 205, 255, 235, 146, 103, 0, 0, 0, 0, 255, 255, 239, 67, 0, 0, 0, 0, 0, 0, 0, 0, 0, 0, 0, 0, 0, 0, 2, 43, 0, 1, 0, 0, 0, 1, 0, 149, 0, 0, 241, 165
												
										•PRSM (2930)
										
												•LOCK (2)
												 0, 0
												
												•LNUM (2)
												 0, 0
												
												•COLR (8)
												 0, 247, 185, 108, 255, 247, 185, 108
												
												•PLGR (2)
												 0, 0
												
												•POLY (64)
												 0, 1, 1, 1, 0, 1, 0, 107, 252, 160, 255, 148, 3, 96, 0, 0, 0, 0, 0, 0, 0, 0, 0, 0, 0, 0, 0, 0, 0, 0, 0, 4, 255, 250, 0, 48, 0, 17, 255, 112, 0, 11, 255, 160, 255, 244, 0, 96, 0, 3, 21, 24, 255, 239, 30, 224, 255, 241, 21, 168, 0, 19, 29, 192
												
												•SURF (2748)
												 0, 2
												
														•COLR (10)
														 0, 2, 0, 40, 40, 40, 255, 40, 40, 40
														
														•FEAT (122)
														 0, 1
														
																•COLR (4)
																 255, 6, 56, 65
																
																•POLY (68)
																 0, 3, 0, 8, 0, 1, 106, 16, 255, 248, 238, 76, 255, 252, 0, 64, 255, 250, 0, 120, 255, 248, 238, 64, 255, 254, 149, 252, 255, 250, 0, 96, 0, 3, 255, 204, 255, 254, 150, 8, 0, 7, 17, 204, 0, 3, 255, 216, 0, 5, 255, 184, 0, 7, 17, 216, 0, 1, 106, 4, 0, 5, 255, 196, 255, 252, 0, 52
																
																•POSN (24)
																 0, 23, 255, 4, 0, 23, 254, 224, 0, 0, 0, 0, 0, 0, 0, 0, 0, 1, 0, 0, 0, 1, 0, 0
																
														•FEAT (122)
														 0, 1
														
																•COLR (4)
																 255, 6, 56, 65
																
																•POLY (68)
																 0, 3, 0, 8, 255, 254, 149, 204, 255, 248, 238, 4, 255, 249, 255, 244, 255, 252, 0, 52, 255, 248, 237, 236, 0, 1, 106, 76, 255, 252, 0, 52, 0, 6, 0, 0, 0, 1, 106, 52, 0, 7, 18, 8, 0, 6, 0, 12, 0, 3, 255, 192, 0, 7, 18, 20, 255, 254, 149, 204, 0, 3, 255, 192, 255, 250, 0, 0
																
																•POSN (24)
																 0, 54, 253, 176, 0, 23, 255, 64, 0, 0, 0, 0, 0, 0, 0, 0, 0, 1, 0, 0, 0, 1, 0, 0
																
														•FEAT (122)
														 0, 1
														
																•COLR (4)
																 255, 6, 56, 65
																
																•POLY (68)
																 0, 3, 0, 8, 0, 0, 1, 140, 0, 5, 0, 16, 0, 3, 138, 72, 0, 3, 136, 8, 0, 5, 0, 16, 255, 255, 254, 116, 0, 3, 136, 8, 255, 252, 117, 184, 255, 255, 254, 116, 255, 250, 255, 240, 255, 252, 117, 184, 255, 252, 119, 248, 255, 250, 255, 240, 0, 0, 1, 140, 255, 252, 119, 248, 0, 3, 138, 72
																
																•POSN (24)
																 0, 101, 251, 248, 0, 17, 255, 124, 0, 0, 0, 0, 0, 0, 0, 0, 0, 1, 0, 0, 0, 1, 0, 0
																
														•FEAT (122)
														 0, 1
														
																•COLR (4)
																 255, 6, 56, 65
																
																•POLY (68)
																 0, 3, 0, 8, 255, 254, 149, 252, 255, 251, 194, 24, 255, 252, 0, 64, 255, 254, 0, 56, 255, 251, 194, 36, 0, 1, 106, 4, 255, 254, 0, 32, 0, 3, 255, 216, 0, 1, 106, 4, 0, 4, 61, 244, 0, 3, 255, 216, 0, 1, 255, 236, 0, 4, 61, 244, 255, 254, 149, 252, 0, 1, 255, 224, 255, 252, 0, 52
																
																•POSN (24)
																 0, 117, 251, 16, 0, 17, 255, 88, 0, 0, 0, 0, 0, 0, 0, 0, 0, 1, 0, 0, 0, 1, 0, 0
																
														•FEAT (122)
														 0, 1
														
																•COLR (4)
																 255, 6, 56, 65
																
																•POLY (68)
																 0, 3, 0, 8, 255, 254, 150, 56, 255, 251, 193, 232, 255, 252, 0, 52, 255, 253, 255, 204, 255, 251, 193, 220, 0, 1, 105, 164, 255, 253, 255, 192, 0, 3, 255, 204, 0, 1, 105, 176, 0, 4, 62, 24, 0, 3, 255, 204, 0, 2, 0, 28, 0, 4, 62, 36, 255, 254, 150, 68, 0, 2, 0, 40, 255, 252, 0, 64
																
																•POSN (24)
																 0, 131, 250, 180, 0, 17, 255, 100, 0, 0, 0, 0, 0, 0, 0, 0, 0, 1, 0, 0, 0, 1, 0, 0
																
														•FEAT (106)
														 0, 1
														
																•COLR (4)
																 255, 65, 65, 65
																
																•POLY (52)
																 0, 1, 0, 6, 255, 237, 64, 180, 0, 16, 63, 68, 0, 68, 61, 84, 0, 14, 191, 80, 0, 107, 187, 204, 0, 8, 63, 160, 0, 107, 59, 200, 255, 240, 64, 180, 255, 148, 68, 52, 255, 239, 192, 188, 255, 148, 68, 52, 0, 3, 191, 220
																
																•POSN (24)
																 0, 108, 187, 200, 0, 25, 190, 208, 0, 0, 0, 0, 0, 0, 0, 0, 0, 1, 0, 0, 0, 1, 0, 0
																
														•FEAT (114)
														 0, 1
														
																•COLR (4)
																 255, 65, 65, 65
																
																•POLY (60)
																 0, 1, 0, 7, 255, 210, 193, 192, 255, 255, 0, 4, 255, 229, 193, 8, 0, 6, 255, 180, 255, 252, 192, 28, 0, 10, 255, 128, 0, 17, 63, 76, 0, 10, 255, 128, 0, 44, 62, 68, 0, 6, 127, 188, 0, 45, 62, 64, 255, 246, 0, 112, 255, 211, 65, 196, 255, 245, 0, 128
																
																•POSN (24)
																 0, 46, 62, 60, 0, 36, 126, 84, 0, 0, 0, 0, 0, 0, 0, 0, 0, 1, 0, 0, 0, 1, 0, 0
																
														•FEAT (122)
														 0, 1
														
																•COLR (4)
																 255, 163, 163, 163
																
																•POLY (68)
																 0, 3, 0, 8, 255, 254, 0, 152, 0, 6, 129, 0, 0, 3, 47, 184, 0, 6, 2, 244, 0, 6, 129, 0, 0, 1, 255, 104, 0, 6, 2, 244, 255, 252, 208, 72, 0, 1, 255, 104, 255, 249, 127, 0, 255, 252, 208, 72, 255, 249, 253, 12, 255, 249, 127, 0, 255, 254, 0, 152, 255, 249, 253, 12, 0, 3, 47, 184
																
																•POSN (24)
																 0, 34, 126, 176, 0, 35, 254, 92, 0, 0, 0, 0, 0, 0, 0, 0, 0, 1, 0, 0, 0, 1, 0, 0
																
														•FEAT (122)
														 0, 1
														
																•COLR (4)
																 255, 163, 163, 163
																
																•POLY (68)
																 0, 3, 0, 8, 255, 254, 0, 152, 0, 6, 129, 0, 0, 3, 47, 184, 0, 6, 2, 244, 0, 6, 129, 0, 0, 1, 255, 104, 0, 6, 2, 244, 255, 252, 208, 72, 0, 1, 255, 104, 255, 249, 127, 0, 255, 252, 208, 72, 255, 249, 253, 12, 255, 249, 127, 0, 255, 254, 0, 152, 255, 249, 253, 12, 0, 3, 47, 184
																
																•POSN (24)
																 0, 55, 253, 220, 0, 35, 254, 116, 0, 0, 0, 0, 0, 0, 0, 0, 0, 1, 0, 0, 0, 1, 0, 0
																
														•FEAT (122)
														 0, 1
														
																•COLR (4)
																 255, 163, 163, 163
																
																•POLY (68)
																 0, 3, 0, 8, 0, 0, 90, 132, 255, 252, 28, 144, 255, 253, 128, 28, 255, 253, 0, 36, 255, 252, 28, 132, 255, 255, 165, 136, 255, 253, 0, 36, 0, 2, 127, 228, 255, 255, 165, 124, 0, 3, 227, 112, 0, 2, 127, 228, 0, 2, 255, 220, 0, 3, 227, 124, 0, 0, 90, 132, 0, 2, 255, 232, 255, 253, 128, 28
																
																•POSN (24)
																 0, 17, 127, 84, 0, 32, 126, 124, 0, 0, 0, 0, 0, 0, 0, 0, 0, 1, 0, 0, 0, 1, 0, 0
																
														•FEAT (122)
														 0, 1
														
																•COLR (4)
																 255, 163, 163, 163
																
																•POLY (68)
																 0, 3, 0, 8, 0, 1, 15, 128, 255, 252, 28, 144, 255, 254, 0, 20, 255, 252, 128, 44, 255, 252, 28, 132, 255, 254, 240, 128, 255, 252, 128, 32, 0, 1, 255, 224, 255, 254, 240, 128, 0, 3, 227, 112, 0, 1, 255, 236, 0, 3, 127, 224, 0, 3, 227, 124, 0, 1, 15, 128, 0, 3, 127, 224, 255, 254, 0, 32
																
																•POSN (24)
																 0, 74, 125, 20, 0, 32, 254, 128, 0, 0, 0, 0, 0, 0, 0, 0, 0, 1, 0, 0, 0, 1, 0, 0
																
														•FEAT (90)
														 0, 1
														
																•COLR (4)
																 255, 40, 40, 40
																
																•POLY (36)
																 0, 2, 0, 4, 0, 22, 127, 40, 0, 4, 127, 208, 0, 22, 127, 40, 255, 251, 128, 48, 255, 233, 128, 216, 255, 251, 128, 48, 255, 233, 128, 216, 0, 4, 127, 208
																
																•POSN (24)
																 0, 111, 123, 168, 0, 34, 126, 116, 0, 0, 0, 0, 0, 0, 0, 0, 0, 1, 0, 0, 0, 1, 0, 0
																
														•FEAT (106)
														 0, 1
														
																•COLR (4)
																 255, 65, 65, 65
																
																•POLY (52)
																 0, 1, 0, 6, 255, 228, 129, 16, 0, 39, 254, 52, 0, 27, 126, 240, 0, 39, 254, 52, 0, 27, 126, 240, 255, 242, 0, 164, 0, 14, 255, 112, 255, 216, 129, 208, 255, 242, 0, 140, 255, 216, 1, 204, 255, 230, 1, 4, 255, 240, 0, 184
																
																•POSN (24)
																 0, 110, 123, 172, 255, 244, 0, 144, 0, 0, 0, 0, 0, 0, 0, 0, 0, 1, 0, 0, 0, 1, 0, 0
																
														•FEAT (90)
														 0, 1
														
																•COLR (4)
																 255, 40, 40, 40
																
																•POLY (36)
																 0, 2, 0, 4, 0, 31, 128, 204, 0, 7, 0, 80, 0, 31, 128, 204, 255, 229, 1, 152, 255, 240, 1, 252, 255, 229, 1, 152, 255, 240, 1, 252, 0, 7, 0, 80
																
																•POSN (24)
																 0, 102, 252, 0, 0, 16, 255, 56, 0, 0, 0, 0, 0, 0, 0, 0, 0, 1, 0, 0, 0, 1, 0, 0
																
														•FEAT (90)
														 0, 1
														
																•COLR (4)
																 255, 40, 40, 40
																
																•POLY (36)
																 0, 2, 0, 4, 0, 15, 63, 108, 0, 1, 255, 224, 0, 15, 63, 108, 255, 254, 0, 32, 255, 240, 192, 148, 255, 254, 0, 32, 255, 240, 192, 148, 0, 1, 255, 224
																
																•POSN (24)
																 0, 17, 191, 80, 0, 20, 255, 16, 0, 0, 0, 0, 0, 0, 0, 0, 0, 1, 0, 0, 0, 1, 0, 0
																
														•FEAT (90)
														 0, 1
														
																•COLR (4)
																 255, 40, 40, 40
																
																•POLY (36)
																 0, 2, 0, 4, 0, 13, 191, 108, 0, 3, 0, 132, 0, 13, 191, 108, 255, 255, 128, 140, 255, 242, 64, 148, 255, 255, 128, 140, 255, 242, 64, 148, 0, 3, 0, 132
																
																•POSN (24)
																 0, 69, 61, 80, 0, 19, 255, 20, 0, 0, 0, 0, 0, 0, 0, 0, 0, 1, 0, 0, 0, 1, 0, 0
																
														•FEAT (90)
														 0, 1
														
																•COLR (4)
																 255, 65, 65, 65
																
																•POLY (36)
																 0, 2, 0, 4, 0, 12, 63, 132, 0, 4, 63, 212, 0, 12, 63, 132, 255, 251, 192, 44, 255, 243, 192, 124, 255, 251, 192, 44, 255, 243, 192, 124, 0, 4, 63, 212
																
																•POSN (24)
																 0, 104, 187, 228, 0, 12, 191, 112, 0, 0, 0, 0, 0, 0, 0, 0, 0, 1, 0, 0, 0, 1, 0, 0
																
														•FEAT (90)
														 0, 1
														
																•COLR (4)
																 255, 65, 65, 65
																
																•POLY (36)
																 0, 2, 0, 4, 0, 4, 127, 220, 0, 11, 191, 116, 0, 4, 127, 220, 255, 244, 64, 140, 255, 251, 128, 36, 255, 244, 64, 140, 255, 251, 128, 36, 0, 11, 191, 116
																
																•POSN (24)
																 0, 125, 251, 20, 0, 6, 191, 184, 0, 0, 0, 0, 0, 0, 0, 0, 0, 1, 0, 0, 0, 1, 0, 0
																
														•FEAT (90)
														 0, 1
														
																•COLR (4)
																 255, 65, 65, 65
																
																•POLY (36)
																 0, 2, 0, 4, 0, 1, 191, 240, 0, 4, 255, 200, 0, 1, 191, 240, 255, 251, 0, 56, 255, 254, 64, 16, 255, 251, 0, 56, 255, 254, 64, 16, 0, 4, 255, 200
																
																•POSN (24)
																 0, 112, 187, 148, 0, 0, 0, 0, 0, 0, 0, 0, 0, 0, 0, 0, 0, 1, 0, 0, 0, 1, 0, 0
																
														•FEAT (90)
														 0, 1
														
																•COLR (4)
																 255, 65, 65, 65
																
																•POLY (36)
																 0, 2, 0, 4, 0, 1, 191, 240, 0, 5, 63, 196, 0, 1, 191, 240, 255, 250, 192, 60, 255, 254, 64, 16, 255, 250, 192, 60, 255, 254, 64, 16, 0, 5, 63, 196
																
																•POSN (24)
																 0, 104, 187, 228, 255, 255, 64, 0, 0, 0, 0, 0, 0, 0, 0, 0, 0, 1, 0, 0, 0, 1, 0, 0
																
														•FEAT (122)
														 0, 1
														
																•COLR (4)
																 255, 65, 65, 65
																
																•POLY (68)
																 0, 3, 0, 8, 0, 0, 0, 0, 255, 251, 13, 28, 255, 252, 128, 32, 255, 252, 128, 44, 255, 251, 13, 16, 0, 0, 0, 0, 255, 252, 128, 32, 0, 3, 127, 212, 0, 0, 0, 0, 0, 4, 242, 228, 0, 3, 127, 224, 0, 3, 127, 212, 0, 4, 242, 240, 0, 0, 0, 0, 0, 3, 127, 224, 255, 252, 128, 44
																
																•POSN (24)
																 0, 93, 252, 84, 255, 255, 128, 8, 0, 0, 0, 0, 0, 0, 0, 0, 0, 1, 0, 0, 0, 1, 0, 0
																
														•FEAT (90)
														 0, 1
														
																•COLR (4)
																 255, 40, 40, 40
																
																•POLY (36)
																 0, 2, 0, 4, 0, 21, 127, 44, 0, 8, 63, 160, 0, 21, 127, 44, 255, 247, 192, 96, 255, 234, 128, 212, 255, 247, 192, 96, 255, 234, 128, 212, 0, 8, 63, 160
																
																•POSN (24)
																 0, 110, 123, 172, 255, 233, 193, 4, 0, 0, 0, 0, 0, 0, 0, 0, 0, 1, 0, 0, 0, 1, 0, 0
																
														•FEAT (90)
														 0, 1
														
																•COLR (4)
																 255, 40, 40, 40
																
																•POLY (36)
																 0, 2, 0, 4, 0, 1, 191, 240, 0, 13, 63, 104, 0, 1, 191, 240, 255, 242, 192, 152, 255, 254, 64, 16, 255, 242, 192, 152, 255, 254, 64, 16, 0, 13, 63, 104
																
																•POSN (24)
																 0, 146, 186, 64, 0, 23, 190, 228, 0, 0, 0, 0, 0, 0, 0, 0, 0, 1, 0, 0, 0, 1, 0, 0
																
														•FEAT (90)
														 0, 1
														
																•COLR (4)
																 255, 65, 65, 65
																
																•POLY (36)
																 0, 2, 0, 4, 0, 30, 126, 204, 0, 6, 255, 180, 0, 30, 126, 204, 255, 249, 0, 76, 255, 225, 129, 52, 255, 249, 0, 76, 255, 225, 129, 52, 0, 6, 255, 180
																
																•POSN (24)
																 0, 182, 120, 220, 0, 19, 255, 20, 0, 0, 0, 0, 0, 0, 0, 0, 0, 1, 0, 0, 0, 1, 0, 0
																
												•POSN (48)
												 250, 216, 169, 8, 18, 233, 176, 177, 0, 33, 49, 237, 0, 0, 0, 0, 255, 255, 213, 253, 0, 0, 0, 0, 0, 0, 0, 0, 0, 0, 0, 0, 0, 0, 5, 75, 0, 1, 0, 0, 0, 1, 0, 54, 0, 0, 241, 255
												
										•PRSM (1766)
										
												•LOCK (2)
												 0, 0
												
												•LNUM (2)
												 0, 0
												
												•COLR (8)
												 0, 65, 65, 65, 255, 65, 65, 65
												
												•PLGR (2)
												 0, 0
												
												•POLY (96)
												 0, 3, 1, 2, 0, 1, 0, 85, 12, 116, 255, 208, 1, 128, 0, 0, 0, 0, 0, 0, 0, 0, 0, 0, 0, 0, 0, 0, 0, 0, 0, 8, 255, 251, 13, 4, 255, 244, 176, 16, 255, 244, 128, 88, 255, 251, 128, 24, 255, 244, 176, 16, 0, 4, 242, 252, 255, 251, 128, 24, 0, 11, 127, 168, 0, 4, 242, 252, 0, 11, 79, 240, 0, 11, 127, 168, 0, 4, 127, 232, 0, 11, 79, 240, 255, 251, 13, 4, 0, 4, 127, 232, 255, 244, 128, 88
												
												•SLIC (18)
												 0, 1, 255, 200, 0, 0, 0, 0, 0, 0, 255, 243, 0, 0, 255, 151, 131, 64
												
												•SURF (1476)
												 0, 8
												
														•FEAT (106)
														 0, 1
														
																•COLR (4)
																 255, 0, 0, 0
																
																•POLY (52)
																 0, 1, 0, 6, 255, 235, 128, 208, 0, 2, 95, 224, 0, 0, 63, 252, 0, 4, 95, 216, 0, 20, 191, 44, 0, 1, 159, 224, 0, 20, 191, 44, 255, 253, 96, 36, 0, 0, 192, 0, 255, 251, 160, 40, 255, 235, 64, 212, 255, 254, 96, 32
																
																•POSN (24)
																 0, 10, 191, 144, 0, 14, 159, 76, 0, 0, 0, 0, 0, 0, 0, 0, 0, 1, 0, 0, 0, 1, 0, 0
																
														•FEAT (90)
														 0, 1
														
																•COLR (4)
																 255, 0, 0, 0
																
																•POLY (36)
																 0, 1, 0, 4, 255, 252, 0, 40, 0, 9, 223, 140, 0, 3, 255, 216, 0, 9, 159, 144, 0, 1, 191, 228, 255, 246, 32, 116, 255, 254, 128, 12, 255, 246, 32, 116
																
																•POSN (24)
																 0, 11, 127, 144, 255, 254, 224, 12, 0, 0, 0, 0, 0, 0, 0, 0, 0, 1, 0, 0, 0, 1, 0, 0
																
														•FEAT (186)
														 0, 1
														
																•COLR (4)
																 255, 0, 0, 0
																
																•POLY (132)
																 0, 3, 0, 16, 0, 0, 15, 96, 255, 245, 177, 188, 255, 252, 28, 132, 255, 246, 116, 176, 255, 248, 193, 64, 255, 248, 171, 152, 255, 246, 128, 92, 255, 252, 0, 40, 255, 245, 177, 164, 255, 255, 240, 160, 255, 246, 116, 152, 0, 3, 227, 112, 255, 248, 171, 140, 0, 7, 62, 180, 255, 252, 0, 40, 0, 9, 127, 152, 255, 255, 240, 160, 0, 10, 78, 68, 0, 3, 227, 124, 0, 9, 139, 80, 0, 7, 62, 192, 0, 7, 84, 104, 0, 9, 127, 164, 0, 3, 255, 216, 0, 10, 78, 92, 0, 0, 15, 96, 0, 9, 139, 104, 255, 252, 28, 144, 0, 7, 84, 116, 255, 248, 193, 76, 0, 3, 255, 216, 255, 246, 128, 116
																
																•POSN (24)
																 0, 11, 127, 144, 0, 10, 255, 116, 0, 0, 0, 0, 0, 0, 0, 0, 0, 1, 0, 0, 0, 1, 0, 0
																
														•FEAT (106)
														 0, 1
														
																•COLR (4)
																 255, 11, 63, 92
																
																•POLY (52)
																 0, 3, 0, 6, 255, 254, 71, 0, 255, 252, 252, 40, 255, 252, 135, 4, 255, 255, 252, 4, 255, 254, 64, 28, 0, 2, 255, 220, 0, 1, 185, 12, 0, 3, 3, 216, 0, 3, 120, 252, 0, 0, 3, 252, 0, 1, 191, 240, 255, 253, 0, 36
																
																•POSN (24)
																 0, 11, 127, 144, 0, 10, 255, 116, 0, 0, 0, 0, 0, 0, 0, 0, 0, 1, 0, 0, 0, 1, 0, 0
																
														•FEAT (98)
														 0, 1
														
																•COLR (4)
																 255, 0, 0, 0
																
																•POLY (44)
																 0, 1, 0, 5, 255, 248, 32, 96, 0, 1, 128, 228, 0, 0, 0, 48, 0, 2, 96, 232, 0, 7, 32, 12, 0, 1, 0, 248, 0, 5, 223, 192, 255, 254, 224, 12, 255, 249, 96, 64, 255, 254, 224, 12
																
																•POSN (24)
																 0, 12, 31, 140, 0, 31, 30, 140, 0, 0, 0, 0, 0, 0, 0, 0, 0, 1, 0, 0, 0, 1, 0, 0
																
														•FEAT (98)
														 0, 1
														
																•COLR (4)
																 255, 0, 0, 0
																
																•POLY (44)
																 0, 1, 0, 5, 255, 248, 111, 44, 0, 1, 78, 32, 0, 0, 81, 144, 0, 2, 63, 124, 0, 7, 96, 8, 0, 0, 225, 24, 0, 6, 39, 228, 255, 254, 180, 176, 255, 248, 239, 192, 255, 255, 15, 244
																
																•POSN (24)
																 0, 24, 114, 132, 0, 26, 214, 228, 255, 255, 99, 158, 0, 0, 0, 0, 0, 1, 0, 0, 0, 1, 0, 0
																
														•FEAT (98)
														 0, 1
														
																•COLR (4)
																 255, 0, 0, 0
																
																•POLY (44)
																 0, 1, 0, 5, 255, 248, 96, 80, 0, 1, 31, 244, 0, 1, 30, 116, 0, 1, 57, 44, 0, 8, 121, 168, 255, 254, 244, 112, 0, 7, 68, 144, 255, 252, 187, 240, 255, 247, 181, 224, 255, 254, 101, 120
																
																•POSN (24)
																 0, 32, 118, 240, 0, 15, 225, 228, 255, 254, 199, 60, 0, 0, 0, 0, 0, 1, 0, 0, 0, 1, 0, 0
																
														•FEAT (98)
														 0, 1
														
																•COLR (4)
																 255, 0, 0, 0
																
																•POLY (44)
																 0, 1, 0, 5, 255, 248, 96, 80, 0, 1, 31, 244, 0, 1, 30, 116, 0, 1, 57, 44, 0, 8, 121, 168, 255, 254, 244, 112, 0, 7, 68, 144, 255, 252, 187, 240, 255, 247, 181, 224, 255, 254, 101, 120
																
																•POSN (24)
																 0, 30, 237, 144, 0, 0, 105, 132, 255, 254, 24, 253, 0, 0, 0, 0, 0, 1, 0, 0, 0, 1, 0, 0
																
														•FEAT (98)
														 0, 1
														
																•COLR (4)
																 255, 0, 0, 0
																
																•POLY (44)
																 0, 1, 0, 5, 255, 248, 96, 80, 0, 1, 31, 244, 255, 255, 12, 196, 0, 0, 33, 36, 0, 7, 195, 176, 255, 252, 192, 64, 0, 6, 142, 152, 255, 250, 135, 192, 255, 247, 181, 224, 255, 254, 101, 120
																
																•POSN (24)
																 0, 19, 255, 164, 255, 245, 91, 76, 255, 253, 106, 191, 0, 0, 0, 0, 0, 1, 0, 0, 0, 1, 0, 0
																
														•FEAT (98)
														 0, 1
														
																•COLR (4)
																 255, 0, 0, 0
																
																•POLY (44)
																 0, 1, 0, 5, 255, 248, 69, 152, 0, 1, 215, 192, 0, 1, 30, 116, 0, 1, 57, 44, 0, 8, 70, 96, 255, 254, 163, 124, 0, 7, 68, 144, 255, 252, 187, 240, 255, 247, 155, 40, 255, 255, 29, 68
																
																•POSN (24)
																 0, 4, 12, 80, 255, 246, 228, 64, 0, 3, 4, 255, 0, 0, 0, 0, 0, 1, 0, 0, 0, 1, 0, 0
																
														•FEAT (98)
														 0, 1
														
																•COLR (4)
																 255, 0, 0, 0
																
																•POLY (44)
																 0, 1, 0, 5, 255, 249, 97, 144, 0, 2, 116, 8, 0, 1, 196, 76, 0, 2, 60, 40, 0, 8, 121, 168, 255, 254, 244, 112, 0, 7, 68, 144, 255, 252, 187, 240, 255, 248, 183, 32, 255, 255, 185, 140
																
																•POSN (24)
																 255, 248, 246, 8, 255, 255, 200, 56, 0, 2, 86, 194, 0, 0, 0, 0, 0, 1, 0, 0, 0, 1, 0, 0
																
														•FEAT (98)
														 0, 1
														
																•COLR (4)
																 255, 0, 0, 0
																
																•POLY (44)
																 0, 1, 0, 5, 255, 248, 73, 112, 0, 2, 160, 192, 0, 0, 97, 104, 0, 1, 235, 16, 0, 8, 150, 16, 255, 254, 91, 28, 0, 7, 96, 248, 255, 252, 34, 144, 255, 248, 107, 144, 255, 255, 219, 40
																
																•POSN (24)
																 255, 245, 242, 0, 0, 14, 105, 172, 0, 1, 168, 132, 0, 0, 0, 0, 0, 1, 0, 0, 0, 1, 0, 0
																
														•FEAT (98)
														 0, 1
														
																•COLR (4)
																 255, 0, 0, 0
																
																•POLY (44)
																 0, 1, 0, 5, 255, 248, 214, 16, 0, 4, 226, 52, 0, 1, 175, 100, 0, 3, 41, 88, 0, 8, 121, 168, 255, 254, 244, 112, 0, 7, 68, 144, 255, 252, 187, 240, 255, 249, 49, 216, 0, 2, 144, 16
																
																•POSN (24)
																 255, 254, 173, 252, 0, 26, 21, 88, 0, 0, 250, 68, 0, 0, 0, 0, 0, 1, 0, 0, 0, 1, 0, 0
																
												•POSN (48)
												 251, 27, 16, 148, 18, 237, 204, 151, 0, 34, 121, 51, 0, 0, 14, 190, 0, 0, 135, 200, 255, 254, 117, 107, 255, 255, 255, 73, 0, 0, 13, 237, 0, 0, 1, 20, 0, 0, 120, 35, 0, 0, 255, 222, 0, 0, 245, 145
												
												•ESLC (42)
												 0, 1, 0, 0, 0, 0, 0, 0, 0, 0, 0, 0, 0, 0, 0, 0, 0, 0, 0, 0, 0, 0, 0, 0, 0, 0, 255, 251, 0, 44, 0, 13, 127, 160, 0, 7, 255, 188, 255, 213, 129, 76
												
								•PRSM (728)
								
										•LOCK (2)
										 0, 0
										
										•LNUM (2)
										 0, 0
										
										•COLR (8)
										 0, 11, 63, 92, 255, 11, 63, 92
										
										•PLGR (2)
										 0, 0
										
										•POLY (64)
										 0, 1, 2, 1, 0, 1, 255, 218, 63, 80, 255, 194, 64, 16, 0, 0, 0, 0, 0, 0, 0, 0, 0, 0, 0, 0, 0, 0, 0, 0, 0, 4, 0, 17, 255, 112, 0, 131, 251, 224, 0, 17, 255, 112, 255, 124, 4, 32, 255, 238, 0, 144, 255, 130, 3, 240, 255, 238, 0, 144, 0, 125, 252, 16
										
										•SLIC (34)
										 0, 2, 255, 254, 0, 4, 255, 255, 0, 5, 0, 0, 0, 0, 0, 201, 248, 232, 0, 1, 255, 252, 255, 254, 255, 253, 0, 0, 0, 0, 0, 201, 247, 188
										
										•SURF (198)
										 0, 0
										
												•FEAT (90)
												 0, 1
												
														•COLR (4)
														 255, 0, 0, 0
														
														•POLY (36)
														 0, 2, 0, 4, 0, 119, 251, 80, 0, 4, 127, 208, 0, 119, 251, 80, 255, 251, 128, 48, 255, 136, 4, 176, 255, 251, 128, 48, 255, 136, 4, 176, 0, 4, 127, 208
														
														•POSN (24)
														 0, 119, 251, 80, 0, 20, 255, 16, 0, 0, 0, 0, 0, 0, 0, 0, 0, 1, 0, 0, 0, 1, 0, 0
														
												•FEAT (90)
												 0, 1
												
														•COLR (4)
														 255, 255, 255, 255
														
														•POLY (36)
														 0, 2, 0, 4, 0, 25, 31, 16, 0, 13, 31, 112, 0, 25, 31, 16, 255, 243, 160, 144, 255, 228, 162, 136, 255, 243, 160, 144, 255, 228, 162, 136, 0, 13, 31, 112
														
														•POSN (24)
														 0, 121, 27, 80, 0, 14, 159, 88, 0, 0, 0, 0, 0, 0, 0, 0, 0, 1, 0, 0, 0, 1, 0, 0
														
										•SURF (100)
										 0, 6
										
												•FEAT (90)
												 0, 1
												
														•COLR (4)
														 255, 0, 0, 0
														
														•POLY (36)
														 0, 2, 0, 4, 0, 15, 95, 88, 0, 4, 223, 208, 0, 15, 95, 88, 255, 248, 225, 32, 255, 240, 160, 156, 255, 248, 225, 32, 255, 240, 160, 156, 0, 4, 223, 208
														
														•POSN (24)
														 0, 11, 159, 136, 0, 22, 30, 248, 0, 0, 0, 0, 0, 0, 0, 0, 0, 1, 0, 0, 0, 1, 0, 0
														
										•SURF (100)
										 0, 7
										
												•FEAT (90)
												 0, 1
												
														•COLR (4)
														 255, 0, 0, 0
														
														•POLY (36)
														 0, 2, 0, 4, 0, 16, 31, 88, 0, 5, 63, 184, 0, 16, 31, 88, 255, 249, 64, 168, 255, 239, 224, 180, 255, 249, 64, 168, 255, 239, 224, 180, 0, 5, 63, 184
														
														•POSN (24)
														 0, 15, 95, 76, 0, 21, 191, 16, 0, 0, 0, 0, 0, 0, 0, 0, 0, 1, 0, 0, 0, 1, 0, 0
														
										•POSN (48)
										 250, 216, 169, 56, 20, 215, 209, 132, 255, 240, 175, 48, 0, 0, 0, 0, 0, 0, 4, 48, 0, 0, 0, 0, 0, 0, 0, 0, 0, 0, 0, 0, 255, 255, 255, 119, 0, 1, 0, 0, 0, 1, 0, 185, 0, 0, 241, 166
										
										•ESLC (82)
										 0, 2, 0, 0, 0, 0, 0, 0, 0, 0, 0, 0, 0, 0, 0, 0, 0, 0, 0, 0, 0, 0, 0, 1, 146, 31, 0, 119, 252, 64, 255, 218, 1, 184, 0, 131, 251, 176, 255, 194, 2, 168, 0, 0, 0, 0, 0, 0, 0, 0, 0, 0, 0, 0, 0, 0, 0, 0, 0, 0, 0, 0, 0, 1, 146, 31, 255, 124, 3, 240, 255, 194, 2, 168, 255, 136, 3, 192, 255, 218, 1, 184
										
								•PRSM (182)
								
										•LOCK (2)
										 0, 0
										
										•LNUM (2)
										 0, 0
										
										•COLR (8)
										 0, 247, 185, 108, 255, 247, 185, 108
										
										•PLGR (2)
										 0, 0
										
										•POLY (72)
										 0, 1, 3, 1, 0, 1, 0, 41, 254, 248, 0, 35, 254, 224, 0, 0, 0, 0, 0, 0, 0, 0, 0, 0, 0, 0, 0, 0, 0, 0, 0, 5, 255, 244, 0, 48, 255, 216, 1, 24, 255, 230, 0, 224, 255, 226, 1, 8, 255, 234, 0, 160, 0, 19, 255, 104, 0, 25, 255, 32, 0, 39, 254, 232, 0, 25, 255, 32, 255, 234, 0, 160
										
										•POSN (48)
										 250, 124, 172, 16, 19, 245, 173, 208, 0, 31, 24, 56, 0, 0, 0, 0, 0, 0, 25, 52, 0, 0, 0, 0, 0, 0, 0, 0, 0, 0, 0, 0, 255, 255, 252, 199, 0, 1, 0, 0, 0, 1, 0, 143, 0, 0, 241, 201
										
								•PRSM (182)
								
										•LOCK (2)
										 0, 0
										
										•LNUM (2)
										 0, 0
										
										•COLR (8)
										 0, 247, 185, 108, 255, 247, 185, 108
										
										•PLGR (2)
										 0, 0
										
										•POLY (72)
										 0, 1, 3, 1, 0, 1, 0, 3, 0, 12, 255, 252, 255, 244, 0, 0, 0, 0, 0, 0, 0, 0, 0, 0, 0, 0, 0, 0, 0, 0, 0, 5, 255, 230, 0, 224, 0, 39, 254, 232, 0, 21, 255, 96, 0, 19, 255, 104, 0, 25, 255, 32, 255, 224, 1, 40, 0, 9, 255, 240, 255, 216, 1, 24, 255, 230, 0, 224, 255, 234, 0, 160
										
										•POSN (48)
										 251, 52, 166, 0, 19, 241, 208, 84, 0, 67, 87, 212, 0, 0, 0, 0, 0, 0, 25, 52, 0, 0, 0, 0, 0, 0, 0, 0, 0, 0, 0, 0, 255, 255, 252, 199, 0, 1, 0, 0, 0, 1, 0, 143, 0, 0, 241, 201
										
								•PRSM (174)
								
										•LOCK (2)
										 0, 0
										
										•LNUM (2)
										 0, 0
										
										•COLR (8)
										 0, 247, 185, 108, 255, 247, 185, 108
										
										•PLGR (2)
										 0, 0
										
										•POLY (64)
										 0, 2, 3, 1, 0, 1, 0, 3, 0, 12, 255, 252, 255, 244, 0, 0, 0, 0, 0, 0, 0, 0, 0, 0, 0, 0, 0, 0, 0, 0, 0, 4, 0, 65, 253, 216, 0, 30, 255, 36, 0, 65, 253, 216, 255, 225, 0, 220, 255, 190, 2, 40, 255, 225, 0, 220, 255, 190, 2, 40, 0, 30, 255, 36
										
										•POSN (48)
										 250, 216, 169, 8, 19, 250, 168, 112, 0, 68, 166, 132, 0, 0, 0, 0, 0, 0, 29, 103, 0, 0, 0, 0, 0, 0, 0, 0, 0, 0, 0, 0, 255, 255, 252, 64, 0, 1, 0, 0, 0, 1, 0, 128, 0, 0, 241, 216
										
								•PGRP (1018)
								
										•LOCK (2)
										 0, 0
										
										•LNUM (2)
										 0, 0
										
										•POSN (48)
										 250, 216, 169, 56, 18, 232, 100, 112, 0, 93, 163, 140, 0, 0, 0, 0, 0, 0, 5, 103, 0, 0, 0, 0, 0, 0, 0, 0, 0, 0, 0, 0, 0, 0, 1, 191, 0, 1, 0, 0, 0, 1, 1, 103, 0, 1, 138, 254
										
										•PRSM (306)
										
												•LOCK (2)
												 0, 0
												
												•LNUM (2)
												 0, 0
												
												•COLR (8)
												 0, 11, 63, 92, 255, 11, 63, 92
												
												•PLGR (2)
												 0, 0
												
												•POLY (64)
												 0, 1, 1, 1, 0, 1, 0, 41, 254, 152, 255, 96, 4, 168, 0, 0, 0, 0, 0, 0, 0, 0, 0, 0, 0, 0, 0, 0, 0, 0, 0, 4, 0, 2, 255, 232, 255, 255, 0, 64, 255, 247, 0, 72, 255, 255, 0, 64, 255, 253, 0, 24, 0, 2, 255, 232, 0, 8, 255, 184, 0, 2, 255, 232
												
												•SLIC (34)
												 0, 2, 255, 254, 213, 82, 0, 0, 0, 0, 255, 253, 128, 2, 0, 44, 170, 92, 0, 0, 213, 90, 0, 0, 0, 0, 255, 254, 128, 14, 0, 130, 255, 20
												
												•POSN (48)
												 251, 19, 167, 92, 19, 19, 145, 209, 0, 114, 155, 169, 0, 0, 0, 0, 0, 0, 5, 102, 0, 0, 0, 0, 0, 0, 0, 0, 0, 0, 0, 0, 0, 0, 1, 191, 0, 1, 0, 0, 0, 1, 1, 103, 0, 1, 138, 254
												
												•ESLC (82)
												 0, 2, 0, 0, 0, 0, 0, 0, 0, 0, 0, 0, 0, 0, 0, 0, 0, 0, 0, 0, 0, 0, 0, 0, 0, 0, 0, 33, 254, 208, 0, 2, 0, 64, 0, 63, 253, 200, 255, 244, 0, 144, 0, 0, 0, 0, 0, 0, 0, 0, 0, 0, 0, 0, 0, 0, 0, 0, 0, 0, 0, 0, 0, 0, 0, 0, 255, 88, 5, 160, 255, 250, 0, 72, 255, 106, 4, 104, 0, 4, 0, 56
												
										•PRSM (306)
										
												•LOCK (2)
												 0, 0
												
												•LNUM (2)
												 0, 0
												
												•COLR (8)
												 0, 11, 63, 92, 255, 11, 63, 92
												
												•PLGR (2)
												 0, 0
												
												•POLY (64)
												 0, 1, 1, 1, 0, 1, 0, 59, 254, 32, 0, 35, 254, 224, 0, 0, 0, 0, 0, 0, 0, 0, 0, 0, 0, 0, 0, 0, 0, 0, 0, 4, 255, 220, 1, 32, 255, 238, 0, 144, 0, 23, 255, 64, 0, 17, 255, 112, 0, 35, 254, 224, 0, 17, 255, 112, 255, 244, 0, 96, 255, 238, 0, 144
												
												•SLIC (34)
												 0, 2, 0, 2, 255, 252, 0, 0, 0, 0, 0, 1, 128, 2, 255, 121, 5, 16, 255, 253, 0, 4, 0, 0, 0, 0, 255, 254, 85, 84, 0, 149, 250, 48
												
												•POSN (48)
												 251, 20, 167, 88, 18, 242, 209, 160, 0, 84, 153, 228, 0, 0, 0, 0, 0, 0, 5, 102, 0, 0, 0, 0, 0, 0, 0, 0, 0, 0, 0, 0, 0, 0, 1, 191, 0, 1, 0, 0, 0, 1, 1, 103, 0, 1, 138, 254
												
												•ESLC (82)
												 0, 2, 0, 0, 0, 0, 0, 0, 0, 0, 0, 0, 0, 0, 0, 0, 0, 0, 0, 0, 0, 0, 0, 0, 0, 0, 0, 53, 254, 56, 255, 238, 0, 216, 0, 35, 254, 176, 0, 17, 255, 136, 0, 0, 0, 0, 0, 0, 0, 0, 0, 0, 0, 0, 0, 0, 0, 0, 0, 0, 0, 0, 0, 0, 0, 0, 0, 39, 254, 136, 0, 17, 255, 136, 0, 59, 253, 240, 255, 238, 0, 216
												
										•PRSM (306)
										
												•LOCK (2)
												 0, 0
												
												•LNUM (2)
												 0, 0
												
												•COLR (8)
												 0, 11, 63, 92, 255, 11, 63, 92
												
												•PLGR (2)
												 0, 0
												
												•POLY (64)
												 0, 1, 1, 1, 0, 1, 0, 59, 254, 32, 0, 35, 254, 224, 0, 0, 0, 0, 0, 0, 0, 0, 0, 0, 0, 0, 0, 0, 0, 0, 0, 4, 255, 220, 1, 32, 255, 238, 0, 144, 0, 23, 255, 64, 0, 17, 255, 112, 0, 35, 254, 224, 0, 17, 255, 112, 255, 244, 0, 96, 255, 238, 0, 144
												
												•SLIC (34)
												 0, 2, 255, 253, 0, 4, 0, 0, 0, 0, 0, 1, 128, 2, 0, 152, 249, 112, 0, 2, 255, 252, 0, 0, 0, 0, 255, 254, 85, 84, 255, 118, 5, 208
												
												•POSN (48)
												 250, 60, 174, 24, 18, 242, 209, 160, 0, 84, 153, 228, 0, 0, 0, 0, 0, 0, 5, 102, 0, 0, 0, 0, 0, 0, 0, 0, 0, 0, 0, 0, 0, 0, 1, 191, 0, 1, 0, 0, 0, 1, 1, 103, 0, 1, 138, 254
												
												•ESLC (82)
												 0, 2, 0, 0, 0, 0, 0, 0, 0, 0, 0, 0, 0, 0, 0, 0, 0, 0, 0, 0, 0, 0, 0, 0, 0, 0, 0, 59, 253, 240, 0, 17, 255, 136, 0, 41, 254, 104, 255, 238, 0, 216, 0, 0, 0, 0, 0, 0, 0, 0, 0, 0, 0, 0, 0, 0, 0, 0, 0, 0, 0, 0, 0, 0, 0, 0, 0, 35, 254, 176, 255, 238, 0, 216, 0, 55, 254, 24, 0, 17, 255, 136
												
								•PRSM (1456)
								
										•LOCK (2)
										 0, 0
										
										•LNUM (2)
										 0, 0
										
										•COLR (8)
										 0, 255, 255, 255, 255, 255, 255, 255
										
										•PLGR (2)
										 0, 0
										
										•POLY (96)
										 0, 1, 2, 1, 0, 1, 0, 53, 216, 208, 0, 51, 248, 232, 0, 0, 0, 0, 0, 0, 0, 0, 0, 0, 0, 0, 0, 0, 0, 0, 0, 8, 255, 242, 64, 112, 0, 14, 255, 136, 255, 245, 32, 96, 0, 17, 255, 112, 0, 11, 63, 160, 0, 17, 255, 112, 0, 14, 63, 136, 0, 14, 159, 136, 0, 14, 63, 136, 255, 241, 48, 120, 0, 11, 63, 160, 255, 238, 0, 144, 255, 245, 80, 96, 255, 238, 0, 144, 255, 242, 80, 120, 255, 240, 208, 120
										
										•SURF (1242)
										 0, 9
										
												•FEAT (122)
												 0, 1
												
														•COLR (4)
														 255, 0, 0, 0
														
														•POLY (68)
														 0, 1, 0, 8, 255, 247, 128, 64, 0, 10, 127, 184, 255, 250, 127, 248, 0, 12, 255, 216, 0, 4, 255, 176, 0, 12, 255, 216, 0, 7, 255, 104, 0, 10, 127, 184, 0, 7, 255, 104, 255, 245, 128, 72, 0, 5, 127, 168, 255, 243, 0, 136, 255, 250, 127, 248, 255, 243, 0, 136, 255, 247, 128, 76, 255, 245, 144, 44
														
														•POSN (24)
														 0, 9, 123, 180, 0, 13, 211, 184, 0, 0, 0, 0, 0, 0, 0, 0, 0, 1, 0, 0, 0, 1, 0, 0
														
												•FEAT (122)
												 0, 1
												
														•COLR (4)
														 255, 0, 0, 0
														
														•POLY (68)
														 0, 1, 0, 8, 255, 248, 44, 60, 0, 10, 127, 184, 255, 250, 255, 240, 0, 12, 255, 120, 0, 5, 127, 168, 0, 12, 255, 120, 0, 8, 127, 192, 0, 10, 127, 184, 0, 8, 127, 192, 255, 245, 128, 72, 0, 5, 255, 160, 255, 243, 0, 136, 255, 250, 127, 248, 255, 243, 0, 136, 255, 248, 44, 60, 255, 245, 128, 72
														
														•POSN (24)
														 0, 26, 123, 52, 0, 13, 211, 184, 0, 0, 0, 0, 0, 0, 0, 0, 0, 1, 0, 0, 0, 1, 0, 0
														
												•FEAT (90)
												 0, 1
												
														•COLR (4)
														 255, 65, 65, 65
														
														•POLY (36)
														 0, 2, 0, 4, 0, 0, 168, 48, 0, 11, 211, 168, 0, 0, 168, 48, 255, 244, 0, 120, 255, 255, 112, 48, 255, 244, 0, 120, 255, 255, 112, 48, 0, 11, 211, 168
														
														•POSN (24)
														 0, 2, 251, 188, 0, 13, 211, 184, 0, 0, 0, 0, 0, 0, 0, 0, 0, 1, 0, 0, 0, 1, 0, 0
														
												•FEAT (90)
												 0, 1
												
														•COLR (4)
														 255, 65, 65, 65
														
														•POLY (36)
														 0, 2, 0, 4, 0, 0, 168, 48, 0, 12, 255, 120, 0, 0, 168, 48, 255, 243, 0, 136, 255, 255, 88, 48, 255, 243, 0, 136, 255, 255, 88, 48, 0, 12, 255, 120
														
														•POSN (24)
														 0, 5, 251, 164, 0, 13, 211, 184, 0, 0, 0, 0, 0, 0, 0, 0, 0, 1, 0, 0, 0, 1, 0, 0
														
												•FEAT (90)
												 0, 1
												
														•COLR (4)
														 255, 65, 65, 65
														
														•POLY (36)
														 0, 2, 0, 4, 0, 0, 127, 248, 0, 12, 255, 120, 0, 0, 127, 248, 255, 243, 0, 136, 255, 255, 56, 56, 255, 243, 0, 136, 255, 255, 56, 56, 0, 12, 255, 120
														
														•POSN (24)
														 0, 9, 123, 132, 0, 13, 211, 184, 0, 0, 0, 0, 0, 0, 0, 0, 0, 1, 0, 0, 0, 1, 0, 0
														
												•FEAT (90)
												 0, 1
												
														•COLR (4)
														 255, 65, 65, 65
														
														•POLY (36)
														 0, 2, 0, 4, 0, 0, 184, 8, 0, 12, 255, 120, 0, 0, 184, 8, 255, 243, 0, 136, 255, 255, 128, 8, 255, 243, 0, 136, 255, 255, 128, 8, 0, 12, 255, 120
														
														•POSN (24)
														 0, 12, 123, 156, 0, 13, 211, 184, 0, 0, 0, 0, 0, 0, 0, 0, 0, 1, 0, 0, 0, 1, 0, 0
														
												•FEAT (90)
												 0, 1
												
														•COLR (4)
														 255, 65, 65, 65
														
														•POLY (36)
														 0, 2, 0, 4, 0, 0, 208, 56, 0, 11, 175, 168, 0, 0, 208, 56, 255, 243, 224, 56, 255, 255, 188, 56, 255, 243, 224, 56, 255, 255, 188, 56, 0, 11, 175, 168
														
														•POSN (24)
														 0, 15, 99, 84, 0, 13, 211, 184, 0, 0, 0, 0, 0, 0, 0, 0, 0, 1, 0, 0, 0, 1, 0, 0
														
												•FEAT (90)
												 0, 1
												
														•COLR (4)
														 255, 65, 65, 65
														
														•POLY (36)
														 0, 2, 0, 4, 0, 0, 164, 40, 0, 11, 211, 168, 0, 0, 164, 40, 255, 243, 192, 124, 255, 255, 128, 44, 255, 243, 192, 124, 255, 255, 128, 44, 0, 11, 211, 168
														
														•POSN (24)
														 0, 20, 123, 52, 0, 13, 255, 176, 0, 0, 0, 0, 0, 0, 0, 0, 0, 1, 0, 0, 0, 1, 0, 0
														
												•FEAT (90)
												 0, 1
												
														•COLR (4)
														 255, 65, 65, 65
														
														•POLY (36)
														 0, 2, 0, 4, 0, 0, 176, 40, 0, 12, 255, 120, 0, 0, 176, 40, 255, 243, 0, 136, 255, 255, 120, 40, 255, 243, 0, 136, 255, 255, 120, 40, 0, 12, 255, 120
														
														•POSN (24)
														 0, 23, 123, 28, 0, 13, 211, 184, 0, 0, 0, 0, 0, 0, 0, 0, 0, 1, 0, 0, 0, 1, 0, 0
														
												•FEAT (90)
												 0, 1
												
														•COLR (4)
														 255, 65, 65, 65
														
														•POLY (36)
														 0, 2, 0, 4, 0, 0, 127, 248, 0, 12, 255, 120, 0, 0, 127, 248, 255, 243, 0, 136, 255, 255, 88, 48, 255, 243, 0, 136, 255, 255, 88, 48, 0, 12, 255, 120
														
														•POSN (24)
														 0, 26, 250, 252, 0, 13, 211, 184, 0, 0, 0, 0, 0, 0, 0, 0, 0, 1, 0, 0, 0, 1, 0, 0
														
												•FEAT (90)
												 0, 1
												
														•COLR (4)
														 255, 65, 65, 65
														
														•POLY (36)
														 0, 2, 0, 4, 0, 0, 127, 248, 0, 12, 255, 120, 0, 0, 127, 248, 255, 243, 0, 136, 255, 255, 80, 8, 255, 243, 0, 136, 255, 255, 80, 8, 0, 12, 255, 120
														
														•POSN (24)
														 0, 30, 123, 12, 0, 13, 211, 184, 0, 0, 0, 0, 0, 0, 0, 0, 0, 1, 0, 0, 0, 1, 0, 0
														
												•FEAT (90)
												 0, 1
												
														•COLR (4)
														 255, 65, 65, 65
														
														•POLY (36)
														 0, 2, 0, 4, 0, 0, 156, 48, 0, 11, 187, 168, 0, 0, 156, 48, 255, 244, 0, 120, 255, 255, 128, 8, 255, 244, 0, 120, 255, 255, 128, 8, 0, 11, 187, 168
														
														•POSN (24)
														 0, 33, 42, 204, 0, 13, 211, 184, 0, 0, 0, 0, 0, 0, 0, 0, 0, 1, 0, 0, 0, 1, 0, 0
														
										•POSN (48)
										 250, 216, 169, 56, 17, 215, 56, 168, 0, 15, 235, 32, 0, 0, 0, 0, 0, 0, 25, 52, 0, 0, 0, 0, 0, 0, 0, 0, 0, 0, 0, 0, 255, 255, 252, 199, 0, 1, 0, 0, 0, 1, 0, 143, 0, 0, 241, 201
										
								•PRSM (398)
								
										•LOCK (2)
										 0, 0
										
										•LNUM (2)
										 0, 0
										
										•COLR (8)
										 0, 11, 63, 92, 255, 11, 63, 92
										
										•PLGR (2)
										 0, 0
										
										•POLY (72)
										 0, 1, 3, 1, 0, 1, 0, 100, 252, 212, 0, 81, 125, 124, 0, 0, 0, 0, 0, 0, 0, 0, 0, 0, 0, 0, 0, 0, 0, 0, 0, 5, 255, 238, 0, 144, 255, 232, 128, 184, 255, 238, 0, 144, 0, 1, 128, 0, 0, 18, 94, 32, 0, 20, 27, 160, 0, 20, 35, 92, 0, 14, 45, 112, 0, 17, 255, 112, 0, 8, 255, 184
										
										•SLIC (50)
										 0, 3, 0, 19, 128, 0, 0, 0, 0, 0, 0, 10, 0, 0, 253, 153, 83, 52, 255, 246, 128, 0, 0, 0, 0, 0, 0, 31, 0, 0, 246, 50, 206, 96, 255, 249, 128, 0, 0, 0, 0, 0, 255, 248, 0, 0, 3, 151, 227, 60
										
										•SURF (20)
										 0, 3
										
												•COLR (10)
												 0, 2, 0, 255, 255, 255, 255, 255, 255, 255
												
										•POSN (48)
										 251, 98, 164, 232, 18, 232, 20, 36, 255, 223, 34, 128, 0, 0, 0, 0, 0, 0, 4, 48, 0, 0, 0, 0, 0, 0, 0, 0, 0, 0, 0, 0, 255, 255, 255, 119, 0, 1, 0, 0, 0, 1, 0, 185, 0, 0, 241, 166
										
										•ESLC (122)
										 0, 3, 0, 0, 0, 0, 0, 0, 0, 0, 0, 0, 0, 0, 0, 0, 0, 0, 0, 0, 0, 0, 0, 0, 0, 0, 255, 246, 128, 68, 0, 79, 253, 124, 255, 236, 128, 144, 0, 99, 124, 236, 0, 0, 0, 0, 0, 0, 0, 0, 0, 0, 0, 0, 0, 0, 0, 0, 0, 0, 0, 0, 0, 0, 0, 0, 0, 22, 255, 68, 0, 87, 253, 68, 255, 248, 0, 68, 0, 78, 125, 148, 0, 0, 0, 0, 0, 0, 0, 0, 0, 0, 0, 0, 0, 0, 0, 0, 0, 0, 0, 0, 0, 0, 0, 0, 0, 15, 255, 132, 0, 101, 252, 208, 0, 23, 255, 64, 0, 95, 125, 8
										
								•PRSM (398)
								
										•LOCK (2)
										 0, 0
										
										•LNUM (2)
										 0, 0
										
										•COLR (8)
										 0, 17, 157, 183, 255, 17, 157, 183
										
										•PLGR (2)
										 0, 0
										
										•POLY (72)
										 0, 1, 3, 1, 0, 1, 0, 102, 124, 212, 0, 83, 253, 96, 0, 0, 0, 0, 0, 0, 0, 0, 0, 0, 0, 0, 0, 0, 0, 0, 0, 5, 0, 19, 191, 96, 255, 236, 192, 152, 255, 240, 64, 120, 0, 11, 63, 160, 255, 238, 118, 212, 0, 15, 72, 36, 255, 239, 26, 168, 0, 20, 194, 212, 0, 19, 191, 96, 0, 5, 191, 212
										
										•SLIC (50)
										 0, 3, 255, 229, 0, 0, 0, 0, 0, 0, 0, 13, 0, 0, 253, 22, 23, 84, 0, 8, 128, 0, 0, 0, 0, 0, 0, 30, 0, 0, 246, 49, 78, 120, 0, 14, 128, 0, 0, 0, 0, 0, 255, 240, 128, 0, 7, 1, 199, 240
										
										•SURF (20)
										 0, 5
										
												•COLR (10)
												 0, 2, 0, 255, 255, 255, 255, 255, 255, 255
												
										•POSN (48)
										 250, 76, 237, 152, 18, 227, 89, 248, 255, 221, 43, 112, 0, 0, 0, 0, 0, 0, 4, 48, 0, 0, 0, 0, 0, 0, 0, 0, 0, 0, 0, 0, 255, 255, 255, 119, 0, 1, 0, 0, 0, 1, 0, 185, 0, 0, 241, 166
										
										•ESLC (122)
										 0, 3, 0, 0, 0, 0, 0, 0, 0, 0, 0, 0, 0, 0, 0, 0, 0, 0, 0, 0, 0, 0, 0, 0, 0, 0, 0, 20, 255, 88, 0, 100, 252, 212, 0, 7, 255, 188, 0, 73, 253, 172, 0, 0, 0, 0, 0, 0, 0, 0, 0, 0, 0, 0, 0, 0, 0, 0, 0, 0, 0, 0, 0, 0, 0, 0, 0, 5, 255, 208, 0, 81, 253, 116, 255, 232, 0, 192, 0, 90, 125, 52, 0, 0, 0, 0, 0, 0, 0, 0, 0, 0, 0, 0, 0, 0, 0, 0, 0, 0, 0, 0, 0, 0, 0, 0, 255, 236, 128, 144, 0, 97, 125, 0, 255, 252, 0, 28, 0, 111, 252, 132
										
								•PGRP (440)
								
										•LOCK (2)
										 0, 0
										
										•LNUM (2)
										 0, 0
										
										•POSN (48)
										 250, 255, 119, 52, 18, 210, 78, 180, 0, 61, 218, 12, 0, 0, 0, 0, 0, 0, 4, 48, 0, 0, 8, 240, 0, 0, 0, 9, 255, 255, 255, 251, 255, 255, 255, 118, 0, 1, 31, 162, 0, 1, 0, 182, 0, 0, 199, 163
										
										•PRSM (174)
										
												•LOCK (2)
												 0, 0
												
												•LNUM (2)
												 0, 0
												
												•COLR (8)
												 0, 0, 0, 0, 255, 0, 0, 0
												
												•PLGR (2)
												 0, 0
												
												•POLY (64)
												 0, 1, 2, 1, 0, 1, 22, 134, 38, 76, 22, 132, 166, 88, 0, 0, 0, 0, 0, 0, 0, 0, 0, 0, 0, 0, 0, 0, 0, 0, 0, 4, 255, 249, 64, 48, 0, 28, 255, 20, 255, 252, 0, 28, 0, 30, 63, 12, 0, 4, 191, 216, 255, 227, 128, 216, 0, 3, 127, 236, 255, 226, 192, 240
												
												•POSN (48)
												 251, 217, 209, 52, 252, 66, 54, 17, 255, 223, 113, 227, 0, 0, 0, 0, 0, 0, 4, 47, 0, 0, 8, 239, 0, 0, 0, 8, 255, 255, 255, 251, 255, 255, 255, 118, 0, 1, 31, 162, 0, 1, 0, 182, 0, 0, 199, 163
												
										•PRSM (174)
										
												•LOCK (2)
												 0, 0
												
												•LNUM (2)
												 0, 0
												
												•COLR (8)
												 0, 0, 0, 0, 255, 0, 0, 0
												
												•PLGR (2)
												 0, 0
												
												•POLY (64)
												 0, 1, 2, 1, 0, 1, 22, 136, 38, 56, 22, 134, 166, 80, 0, 0, 0, 0, 0, 0, 0, 0, 0, 0, 0, 0, 0, 0, 0, 0, 0, 4, 0, 2, 191, 236, 255, 194, 1, 244, 0, 1, 4, 28, 255, 193, 96, 96, 255, 254, 217, 136, 0, 2, 15, 16, 0, 0, 192, 0, 0, 1, 128, 0
												
												•POSN (48)
												 251, 220, 87, 236, 252, 66, 62, 225, 255, 226, 94, 168, 0, 0, 0, 0, 0, 0, 4, 47, 0, 0, 8, 239, 0, 0, 0, 8, 255, 255, 255, 251, 255, 255, 255, 118, 0, 1, 31, 162, 0, 1, 0, 182, 0, 0, 199, 163
												
								•PGRP (440)
								
										•LOCK (2)
										 0, 0
										
										•LNUM (2)
										 0, 0
										
										•POSN (48)
										 250, 165, 191, 64, 18, 211, 64, 76, 0, 61, 169, 28, 0, 0, 0, 0, 0, 0, 4, 48, 255, 255, 242, 147, 255, 255, 255, 240, 0, 0, 0, 7, 255, 255, 255, 118, 0, 1, 32, 14, 0, 1, 0, 183, 0, 0, 207, 32
										
										•PRSM (174)
										
												•LOCK (2)
												 0, 0
												
												•LNUM (2)
												 0, 0
												
												•COLR (8)
												 0, 0, 0, 0, 255, 0, 0, 0
												
												•PLGR (2)
												 0, 0
												
												•POLY (64)
												 0, 1, 2, 1, 0, 1, 22, 134, 38, 76, 22, 132, 166, 88, 0, 0, 0, 0, 0, 0, 0, 0, 0, 0, 0, 0, 0, 0, 0, 0, 0, 4, 255, 249, 64, 48, 0, 28, 255, 20, 255, 252, 0, 28, 0, 30, 63, 12, 0, 4, 191, 216, 255, 227, 128, 216, 0, 3, 127, 236, 255, 226, 192, 240
												
												•POSN (48)
												 249, 137, 143, 235, 252, 70, 44, 150, 255, 223, 77, 159, 0, 0, 0, 0, 0, 0, 4, 47, 255, 255, 242, 147, 255, 255, 255, 241, 0, 0, 0, 7, 255, 255, 255, 118, 0, 1, 32, 14, 0, 1, 0, 183, 0, 0, 207, 32
												
										•PRSM (174)
										
												•LOCK (2)
												 0, 0
												
												•LNUM (2)
												 0, 0
												
												•COLR (8)
												 0, 0, 0, 0, 255, 0, 0, 0
												
												•PLGR (2)
												 0, 0
												
												•POLY (64)
												 0, 1, 2, 1, 0, 1, 22, 136, 38, 56, 22, 134, 166, 80, 0, 0, 0, 0, 0, 0, 0, 0, 0, 0, 0, 0, 0, 0, 0, 0, 0, 4, 0, 2, 191, 236, 255, 194, 1, 244, 0, 1, 4, 28, 255, 193, 96, 96, 255, 254, 217, 136, 0, 2, 15, 16, 0, 0, 192, 0, 0, 1, 128, 0
												
												•POSN (48)
												 249, 140, 23, 9, 252, 69, 252, 75, 255, 226, 85, 118, 0, 0, 0, 0, 0, 0, 4, 47, 255, 255, 242, 147, 255, 255, 255, 241, 0, 0, 0, 7, 255, 255, 255, 118, 0, 1, 32, 14, 0, 1, 0, 183, 0, 0, 207, 32
												
								•PRSM (218)
								
										•LOCK (2)
										 0, 0
										
										•LNUM (2)
										 0, 0
										
										•COLR (8)
										 0, 11, 63, 92, 255, 11, 63, 92
										
										•PLGR (2)
										 0, 0
										
										•POLY (80)
										 0, 1, 3, 1, 0, 1, 0, 141, 59, 148, 0, 131, 59, 224, 0, 0, 0, 0, 0, 0, 0, 0, 0, 0, 0, 0, 0, 0, 0, 0, 0, 6, 255, 237, 227, 8, 0, 3, 44, 52, 0, 18, 196, 236, 0, 3, 29, 184, 0, 18, 223, 104, 0, 0, 159, 252, 0, 2, 95, 236, 255, 252, 224, 20, 255, 254, 96, 20, 255, 252, 224, 20, 255, 237, 99, 4, 0, 0, 172, 80
										
										•SURF (20)
										 0, 2
										
												•COLR (10)
												 0, 2, 0, 255, 255, 255, 255, 255, 255, 255
												
										•POSN (48)
										 250, 216, 209, 136, 19, 10, 64, 240, 255, 221, 145, 232, 0, 0, 0, 0, 0, 0, 4, 48, 255, 255, 197, 197, 255, 255, 255, 176, 0, 0, 0, 30, 255, 255, 255, 123, 0, 1, 0, 7, 0, 1, 0, 173, 0, 0, 241, 166
										
								•PRSM (338)
								
										•LOCK (2)
										 0, 0
										
										•LNUM (2)
										 0, 0
										
										•COLR (8)
										 0, 11, 63, 92, 255, 11, 63, 92
										
										•PLGR (2)
										 0, 0
										
										•POLY (96)
										 0, 3, 2, 1, 0, 1, 0, 17, 255, 112, 0, 10, 191, 168, 0, 0, 0, 0, 0, 0, 0, 0, 0, 0, 0, 0, 0, 0, 0, 0, 0, 8, 255, 254, 64, 16, 0, 0, 255, 252, 255, 255, 120, 64, 0, 1, 241, 184, 0, 0, 255, 252, 0, 1, 191, 240, 0, 1, 241, 184, 0, 0, 135, 192, 0, 1, 191, 240, 255, 255, 0, 4, 0, 0, 135, 192, 255, 254, 14, 72, 255, 255, 0, 4, 255, 254, 64, 16, 255, 254, 14, 72, 255, 255, 120, 64
										
										•SLIC (34)
										 0, 2, 255, 253, 64, 4, 255, 249, 0, 7, 0, 0, 0, 0, 0, 123, 251, 52, 0, 0, 0, 0, 0, 7, 127, 249, 255, 246, 64, 60, 255, 159, 165, 64
										
										•POSN (48)
										 250, 216, 169, 56, 18, 243, 77, 172, 0, 92, 113, 152, 0, 0, 0, 0, 0, 0, 4, 48, 0, 0, 0, 0, 0, 0, 0, 0, 0, 0, 0, 0, 255, 255, 255, 119, 0, 1, 0, 0, 0, 1, 0, 185, 0, 0, 241, 166
										
										•ESLC (82)
										 0, 2, 0, 0, 0, 0, 0, 0, 0, 0, 0, 0, 0, 0, 0, 0, 0, 0, 0, 0, 0, 0, 0, 1, 146, 31, 255, 254, 0, 20, 0, 18, 127, 80, 0, 4, 255, 212, 0, 15, 191, 100, 0, 0, 0, 0, 0, 0, 0, 0, 0, 0, 0, 0, 0, 4, 182, 95, 0, 0, 0, 0, 0, 0, 0, 0, 0, 10, 63, 116, 255, 254, 0, 20, 0, 19, 254, 228, 0, 5, 127, 216
										
								•PRSM (1024)
								
										•LOCK (2)
										 0, 0
										
										•LNUM (2)
										 0, 0
										
										•COLR (8)
										 0, 11, 63, 92, 255, 11, 63, 92
										
										•PLGR (2)
										 0, 0
										
										•POLY (80)
										 0, 1, 3, 1, 0, 1, 0, 46, 254, 132, 0, 15, 255, 132, 0, 0, 0, 0, 0, 0, 0, 0, 0, 0, 0, 0, 0, 0, 0, 0, 0, 6, 0, 127, 188, 0, 0, 13, 127, 160, 0, 112, 60, 128, 255, 249, 128, 44, 0, 36, 62, 220, 255, 242, 0, 116, 255, 224, 192, 248, 255, 242, 0, 116, 255, 144, 195, 124, 255, 249, 128, 44, 255, 128, 68, 0, 0, 13, 255, 140
										
										•SURF (100)
										 0, 2
										
												•FEAT (90)
												 0, 1
												
														•COLR (4)
														 255, 0, 0, 0
														
														•POLY (36)
														 0, 2, 0, 4, 0, 12, 191, 112, 0, 3, 255, 216, 0, 12, 191, 112, 255, 253, 0, 168, 255, 243, 64, 144, 255, 253, 0, 168, 255, 243, 64, 144, 0, 3, 255, 216
														
														•POSN (24)
														 0, 12, 191, 112, 0, 21, 127, 8, 0, 0, 0, 0, 0, 0, 0, 0, 0, 1, 0, 0, 0, 1, 0, 0
														
										•SURF (198)
										 0, 3
										
												•FEAT (90)
												 0, 1
												
														•COLR (4)
														 255, 0, 0, 0
														
														•POLY (36)
														 0, 2, 0, 4, 0, 36, 193, 200, 0, 3, 0, 180, 0, 36, 193, 200, 255, 252, 128, 188, 255, 215, 66, 56, 255, 252, 128, 188, 255, 215, 66, 56, 0, 3, 0, 180
														
														•POSN (24)
														 0, 40, 61, 208, 0, 23, 254, 200, 0, 0, 0, 0, 0, 0, 0, 0, 0, 1, 0, 0, 0, 1, 0, 0
														
												•FEAT (90)
												 0, 1
												
														•COLR (4)
														 255, 255, 153, 0
														
														•POLY (36)
														 0, 2, 0, 4, 0, 17, 191, 8, 0, 2, 192, 124, 0, 17, 191, 8, 255, 251, 64, 172, 255, 238, 64, 248, 255, 251, 64, 172, 255, 238, 64, 248, 0, 2, 192, 124
														
														•POSN (24)
														 0, 46, 61, 136, 0, 21, 190, 224, 0, 0, 0, 0, 0, 0, 0, 0, 0, 1, 0, 0, 0, 1, 0, 0
														
										•SURF (198)
										 0, 4
										
												•FEAT (90)
												 0, 1
												
														•COLR (4)
														 255, 0, 0, 0
														
														•POLY (36)
														 0, 2, 0, 4, 0, 34, 62, 240, 0, 6, 64, 32, 0, 34, 62, 240, 255, 255, 64, 84, 255, 221, 193, 16, 255, 255, 64, 84, 255, 221, 193, 16, 0, 6, 64, 32
														
														•POSN (24)
														 0, 33, 190, 248, 0, 20, 63, 52, 0, 0, 0, 0, 0, 0, 0, 0, 0, 1, 0, 0, 0, 1, 0, 0
														
												•FEAT (90)
												 0, 1
												
														•COLR (4)
														 255, 255, 255, 255
														
														•POLY (36)
														 0, 2, 0, 4, 0, 22, 63, 80, 0, 11, 191, 140, 0, 22, 63, 80, 255, 246, 64, 96, 255, 233, 192, 176, 255, 246, 64, 96, 255, 233, 192, 176, 0, 11, 191, 140
														
														•POSN (24)
														 0, 34, 190, 232, 0, 13, 191, 120, 0, 0, 0, 0, 0, 0, 0, 0, 0, 1, 0, 0, 0, 1, 0, 0
														
										•SURF (198)
										 0, 5
										
												•FEAT (90)
												 0, 1
												
														•COLR (4)
														 255, 0, 0, 0
														
														•POLY (36)
														 0, 2, 0, 4, 0, 40, 189, 200, 0, 1, 128, 168, 0, 40, 189, 200, 255, 251, 0, 212, 255, 215, 66, 56, 255, 251, 0, 212, 255, 215, 66, 56, 0, 1, 128, 168
														
														•POSN (24)
														 0, 40, 61, 208, 0, 23, 126, 232, 0, 0, 0, 0, 0, 0, 0, 0, 0, 1, 0, 0, 0, 1, 0, 0
														
												•FEAT (90)
												 0, 1
												
														•COLR (4)
														 255, 255, 153, 0
														
														•POLY (36)
														 0, 2, 0, 4, 0, 17, 191, 8, 0, 2, 192, 124, 0, 17, 191, 8, 255, 251, 64, 172, 255, 238, 64, 248, 255, 251, 64, 172, 255, 238, 64, 248, 0, 2, 192, 124
														
														•POSN (24)
														 0, 27, 190, 128, 0, 18, 63, 36, 0, 0, 0, 0, 0, 0, 0, 0, 0, 1, 0, 0, 0, 1, 0, 0
														
										•SURF (100)
										 0, 6
										
												•FEAT (90)
												 0, 1
												
														•COLR (4)
														 255, 0, 0, 0
														
														•POLY (36)
														 0, 2, 0, 4, 0, 13, 127, 112, 0, 4, 127, 208, 0, 13, 127, 112, 255, 253, 0, 156, 255, 242, 128, 144, 255, 253, 0, 156, 255, 242, 128, 144, 0, 4, 127, 208
														
														•POSN (24)
														 0, 12, 255, 108, 0, 20, 255, 4, 0, 0, 0, 0, 0, 0, 0, 0, 0, 1, 0, 0, 0, 1, 0, 0
														
										•POSN (48)
										 250, 215, 233, 56, 18, 2, 134, 212, 255, 217, 125, 208, 0, 0, 0, 0, 0, 0, 4, 48, 0, 0, 0, 0, 0, 0, 0, 0, 0, 0, 0, 0, 255, 255, 255, 119, 0, 1, 0, 0, 0, 1, 0, 185, 0, 0, 241, 166
										
								•PRSM (2898)
								
										•LOCK (2)
										 0, 0
										
										•LNUM (2)
										 0, 0
										
										•COLR (8)
										 0, 26, 26, 26, 255, 26, 26, 26
										
										•PLGR (2)
										 0, 0
										
										•POLY (152)
										 0, 1, 1, 1, 0, 1, 0, 47, 254, 128, 0, 12, 127, 164, 0, 0, 148, 104, 255, 255, 203, 164, 0, 0, 0, 0, 0, 0, 0, 0, 0, 15, 255, 234, 47, 32, 255, 208, 78, 0, 255, 216, 197, 32, 255, 219, 64, 48, 255, 205, 1, 152, 255, 236, 0, 164, 255, 201, 60, 52, 0, 1, 10, 4, 255, 205, 205, 56, 0, 21, 234, 240, 255, 218, 2, 156, 0, 39, 117, 156, 255, 236, 0, 164, 0, 50, 254, 104, 0, 0, 128, 4, 0, 54, 254, 76, 0, 21, 234, 240, 0, 50, 50, 200, 0, 39, 117, 156, 0, 37, 253, 100, 0, 50, 254, 104, 0, 19, 255, 92, 0, 54, 254, 76, 255, 255, 0, 4, 0, 50, 50, 200, 255, 234, 21, 16, 0, 37, 253, 100, 255, 216, 138, 100, 0, 20, 127, 96, 255, 208, 1, 128
										
										•SLIC (18)
										 0, 1, 0, 132, 128, 0, 0, 0, 0, 0, 255, 234, 0, 0, 236, 80, 29, 124
										
										•SURF (2552)
										 0, 0
										
												•FEAT (186)
												 0, 1
												
														•COLR (4)
														 255, 0, 0, 0
														
														•POLY (132)
														 0, 3, 0, 16, 0, 14, 152, 128, 255, 222, 20, 44, 0, 0, 147, 192, 255, 219, 11, 32, 255, 242, 120, 140, 255, 221, 162, 104, 255, 230, 108, 152, 255, 229, 117, 24, 255, 222, 69, 100, 255, 241, 82, 56, 255, 219, 64, 204, 255, 255, 107, 104, 255, 221, 212, 84, 0, 13, 155, 48, 255, 229, 155, 160, 0, 25, 184, 196, 255, 241, 103, 128, 0, 33, 235, 212, 255, 255, 108, 64, 0, 36, 244, 224, 0, 13, 135, 116, 0, 34, 93, 152, 0, 25, 147, 104, 0, 26, 138, 232, 0, 33, 186, 156, 0, 14, 173, 200, 0, 36, 191, 52, 0, 0, 148, 152, 0, 34, 43, 172, 255, 242, 100, 208, 0, 26, 100, 96, 255, 230, 71, 72
														
														•POSN (24)
														 0, 54, 176, 88, 0, 48, 40, 236, 0, 0, 0, 0, 0, 0, 0, 0, 0, 1, 0, 0, 0, 1, 0, 0
														
												•FEAT (186)
												 0, 1
												
														•COLR (4)
														 255, 255, 255, 255
														
														•POLY (132)
														 0, 3, 0, 16, 255, 224, 182, 60, 0, 14, 60, 184, 255, 232, 138, 192, 0, 25, 32, 120, 255, 243, 241, 120, 0, 32, 48, 244, 0, 1, 46, 28, 0, 34, 90, 212, 0, 14, 60, 184, 0, 31, 73, 196, 0, 25, 32, 120, 0, 23, 117, 64, 0, 32, 48, 244, 0, 12, 14, 136, 0, 34, 90, 212, 255, 254, 209, 228, 0, 31, 73, 196, 255, 241, 195, 72, 0, 23, 117, 64, 255, 230, 223, 136, 0, 12, 14, 136, 255, 223, 207, 12, 255, 254, 209, 228, 255, 221, 165, 44, 255, 241, 195, 72, 255, 224, 182, 60, 255, 230, 223, 136, 255, 232, 138, 192, 255, 223, 207, 12, 255, 243, 241, 120, 255, 221, 165, 44, 0, 1, 46, 28
														
														•POSN (24)
														 0, 54, 106, 176, 0, 47, 226, 216, 0, 0, 0, 0, 0, 0, 0, 0, 0, 1, 0, 0, 0, 1, 0, 0
														
												•FEAT (186)
												 0, 1
												
														•COLR (4)
														 255, 190, 190, 190
														
														•POLY (132)
														 0, 3, 0, 16, 0, 28, 53, 48, 255, 243, 15, 40, 0, 21, 27, 180, 255, 233, 63, 236, 0, 10, 203, 144, 255, 226, 231, 96, 255, 254, 214, 184, 255, 224, 252, 188, 255, 243, 15, 40, 255, 227, 202, 208, 255, 233, 63, 236, 255, 234, 228, 76, 255, 226, 231, 96, 255, 245, 52, 112, 255, 224, 252, 188, 0, 1, 41, 72, 255, 227, 202, 208, 0, 12, 240, 216, 255, 234, 228, 76, 0, 22, 192, 20, 255, 245, 52, 112, 0, 29, 24, 160, 0, 1, 41, 72, 0, 31, 3, 68, 0, 12, 240, 216, 0, 28, 53, 48, 0, 22, 192, 20, 0, 21, 27, 180, 0, 29, 24, 160, 0, 10, 203, 144, 0, 31, 3, 68, 255, 254, 214, 184
														
														•POSN (24)
														 0, 54, 131, 16, 0, 47, 248, 116, 0, 0, 0, 0, 0, 0, 0, 0, 0, 1, 0, 0, 0, 1, 0, 0
														
												•FEAT (186)
												 0, 1
												
														•COLR (4)
														 255, 255, 255, 255
														
														•POLY (132)
														 0, 3, 0, 16, 0, 19, 103, 184, 255, 234, 125, 176, 0, 9, 178, 104, 255, 228, 179, 200, 255, 254, 131, 36, 255, 227, 17, 204, 255, 243, 141, 232, 255, 229, 215, 76, 255, 234, 125, 176, 255, 236, 152, 72, 255, 228, 179, 200, 255, 246, 77, 152, 255, 227, 17, 204, 0, 1, 124, 220, 255, 229, 215, 76, 0, 12, 114, 24, 255, 236, 152, 72, 0, 21, 130, 80, 255, 246, 77, 152, 0, 27, 76, 56, 0, 1, 124, 220, 0, 28, 238, 52, 0, 12, 114, 24, 0, 26, 40, 180, 0, 21, 130, 80, 0, 19, 103, 184, 0, 27, 76, 56, 0, 9, 178, 104, 0, 28, 238, 52, 255, 254, 131, 36, 0, 26, 40, 180, 255, 243, 141, 232
														
														•POSN (24)
														 0, 54, 155, 112, 0, 48, 14, 4, 0, 0, 0, 0, 0, 0, 0, 0, 0, 1, 0, 0, 0, 1, 0, 0
														
												•FEAT (130)
												 0, 1
												
														•COLR (4)
														 255, 183, 227, 255
														
														•POLY (76)
														 0, 1, 0, 9, 255, 228, 63, 196, 255, 244, 96, 156, 255, 230, 39, 104, 255, 250, 242, 16, 255, 237, 58, 120, 0, 3, 109, 236, 255, 246, 53, 68, 0, 9, 115, 44, 0, 0, 0, 252, 0, 10, 209, 144, 0, 11, 180, 76, 0, 8, 231, 16, 0, 20, 105, 100, 0, 2, 85, 180, 0, 24, 195, 252, 255, 250, 242, 4, 0, 26, 241, 60, 255, 244, 96, 144
														
														•POSN (24)
														 0, 54, 176, 88, 0, 66, 21, 60, 0, 0, 0, 0, 0, 0, 0, 0, 0, 1, 0, 0, 0, 1, 0, 0
														
												•FEAT (114)
												 0, 1
												
														•COLR (4)
														 255, 190, 190, 190
														
														•POLY (60)
														 0, 1, 0, 7, 0, 22, 185, 108, 0, 6, 216, 72, 0, 18, 164, 148, 0, 1, 235, 40, 0, 10, 122, 228, 255, 252, 254, 44, 255, 255, 152, 128, 255, 251, 89, 204, 255, 244, 251, 208, 255, 253, 138, 48, 255, 237, 232, 156, 0, 2, 119, 68, 255, 233, 211, 184, 0, 7, 100, 100
														
														•POSN (24)
														 0, 54, 2, 52, 0, 23, 206, 104, 0, 0, 0, 0, 0, 0, 0, 0, 0, 1, 0, 0, 0, 1, 0, 0
														
												•FEAT (186)
												 0, 1
												
														•COLR (4)
														 255, 190, 190, 190
														
														•POLY (132)
														 0, 3, 0, 16, 0, 8, 134, 152, 255, 242, 96, 212, 0, 2, 177, 136, 255, 240, 34, 60, 255, 252, 115, 132, 255, 240, 78, 16, 255, 246, 191, 200, 255, 242, 221, 144, 255, 242, 116, 156, 255, 247, 108, 252, 255, 240, 57, 76, 255, 253, 74, 136, 255, 240, 100, 216, 0, 3, 145, 176, 255, 242, 240, 164, 0, 9, 77, 184, 255, 247, 121, 104, 0, 13, 159, 32, 255, 253, 78, 120, 0, 15, 221, 196, 0, 3, 140, 124, 0, 15, 177, 240, 0, 9, 64, 56, 0, 13, 34, 112, 0, 13, 139, 100, 0, 8, 147, 4, 0, 15, 198, 180, 0, 2, 181, 120, 0, 15, 155, 40, 255, 252, 110, 80, 0, 13, 15, 104, 255, 246, 178, 72
														
														•POSN (24)
														 0, 54, 106, 176, 0, 48, 40, 236, 0, 0, 0, 0, 0, 0, 0, 0, 0, 1, 0, 0, 0, 1, 0, 0
														
												•FEAT (186)
												 0, 1
												
														•COLR (4)
														 255, 255, 255, 255
														
														•POLY (132)
														 0, 3, 0, 16, 0, 6, 142, 212, 255, 242, 155, 12, 0, 0, 246, 72, 255, 241, 25, 236, 255, 251, 56, 60, 255, 241, 221, 124, 255, 246, 52, 120, 255, 244, 199, 236, 255, 242, 174, 116, 255, 249, 103, 156, 255, 241, 47, 148, 255, 255, 8, 80, 255, 241, 242, 4, 0, 4, 206, 192, 255, 244, 216, 60, 0, 9, 217, 212, 255, 249, 113, 44, 0, 13, 101, 0, 255, 255, 9, 184, 0, 14, 230, 20, 0, 4, 199, 196, 0, 14, 34, 132, 0, 9, 203, 136, 0, 11, 56, 20, 0, 13, 81, 140, 0, 6, 152, 100, 0, 14, 208, 108, 0, 0, 247, 176, 0, 14, 13, 252, 255, 251, 49, 64, 0, 11, 39, 196, 255, 246, 38, 44
														
														•POSN (24)
														 0, 54, 176, 88, 0, 47, 226, 216, 0, 0, 0, 0, 0, 0, 0, 0, 0, 1, 0, 0, 0, 1, 0, 0
														
												•FEAT (106)
												 0, 1
												
														•COLR (4)
														 255, 183, 227, 255
														
														•POLY (52)
														 0, 1, 0, 6, 255, 243, 89, 32, 255, 252, 113, 92, 255, 245, 134, 84, 255, 255, 115, 228, 255, 250, 177, 192, 0, 2, 188, 128, 0, 1, 127, 28, 0, 3, 142, 176, 0, 7, 123, 128, 0, 1, 164, 72, 0, 12, 166, 224, 255, 252, 183, 100
														
														•POSN (24)
														 0, 54, 141, 132, 0, 58, 142, 208, 0, 0, 0, 0, 0, 0, 0, 0, 0, 1, 0, 0, 0, 1, 0, 0
														
												•FEAT (122)
												 0, 1
												
														•COLR (4)
														 255, 11, 63, 92
														
														•POLY (68)
														 0, 3, 0, 8, 0, 0, 147, 192, 255, 250, 99, 144, 255, 252, 118, 132, 255, 251, 159, 44, 255, 250, 107, 172, 255, 255, 107, 104, 255, 251, 165, 140, 0, 3, 142, 176, 255, 255, 108, 64, 0, 5, 156, 112, 0, 3, 137, 124, 0, 4, 96, 212, 0, 5, 148, 84, 0, 0, 148, 152, 0, 4, 90, 128, 255, 252, 113, 80
														
														•POSN (24)
														 0, 54, 37, 8, 0, 48, 40, 236, 0, 0, 0, 0, 0, 0, 0, 0, 0, 1, 0, 0, 0, 1, 0, 0
														
												•FEAT (90)
												 0, 1
												
														•COLR (4)
														 255, 65, 65, 65
														
														•POLY (36)
														 0, 1, 0, 4, 255, 251, 61, 28, 0, 3, 142, 176, 0, 4, 194, 228, 0, 5, 50, 248, 0, 3, 102, 168, 255, 251, 89, 36, 255, 254, 198, 140, 255, 250, 205, 8
														
														•POSN (24)
														 0, 50, 120, 184, 0, 70, 12, 248, 0, 0, 0, 0, 0, 0, 0, 0, 0, 1, 0, 0, 0, 1, 0, 0
														
												•FEAT (90)
												 0, 1
												
														•COLR (4)
														 255, 65, 65, 65
														
														•POLY (36)
														 0, 1, 0, 4, 255, 251, 61, 28, 0, 3, 142, 176, 0, 4, 194, 228, 0, 5, 50, 248, 0, 3, 102, 168, 255, 251, 89, 36, 255, 254, 198, 140, 255, 250, 205, 8
														
														•POSN (24)
														 0, 65, 183, 232, 0, 67, 95, 180, 255, 255, 81, 14, 255, 255, 254, 152, 0, 1, 0, 125, 0, 0, 255, 86
														
												•FEAT (90)
												 0, 1
												
														•COLR (4)
														 255, 65, 65, 65
														
														•POLY (36)
														 0, 1, 0, 4, 255, 251, 61, 28, 0, 3, 142, 176, 0, 4, 194, 228, 0, 5, 50, 248, 0, 3, 102, 168, 255, 251, 89, 36, 255, 254, 198, 140, 255, 250, 205, 8
														
														•POSN (24)
														 0, 75, 34, 128, 0, 56, 57, 136, 255, 254, 163, 63, 255, 255, 255, 112, 0, 1, 1, 51, 0, 0, 254, 112
														
												•FEAT (90)
												 0, 1
												
														•COLR (4)
														 255, 65, 65, 65
														
														•POLY (36)
														 0, 1, 0, 4, 255, 251, 61, 28, 0, 3, 142, 176, 0, 4, 194, 228, 0, 5, 50, 248, 0, 3, 102, 168, 255, 251, 89, 36, 255, 254, 198, 140, 255, 250, 205, 8
														
														•POSN (24)
														 0, 75, 227, 196, 0, 41, 232, 252, 255, 253, 245, 227, 0, 0, 1, 49, 0, 1, 0, 215, 0, 0, 254, 143
														
												•FEAT (90)
												 0, 1
												
														•COLR (4)
														 255, 65, 65, 65
														
														•POLY (36)
														 0, 1, 0, 4, 255, 251, 61, 28, 0, 3, 142, 176, 0, 4, 194, 228, 0, 5, 50, 248, 0, 3, 102, 168, 255, 251, 89, 36, 255, 254, 198, 140, 255, 250, 205, 8
														
														•POSN (24)
														 0, 67, 66, 212, 0, 29, 190, 192, 255, 253, 71, 160, 0, 0, 1, 23, 0, 0, 255, 204, 0, 0, 255, 81
														
												•FEAT (90)
												 0, 1
												
														•COLR (4)
														 255, 65, 65, 65
														
														•POLY (36)
														 0, 1, 0, 4, 255, 251, 61, 28, 0, 3, 142, 176, 0, 4, 194, 228, 0, 5, 50, 248, 0, 3, 102, 168, 255, 251, 89, 36, 255, 254, 198, 140, 255, 250, 205, 8
														
														•POSN (24)
														 0, 53, 72, 52, 0, 26, 37, 168, 0, 2, 225, 5, 255, 255, 255, 81, 0, 0, 255, 127, 0, 0, 255, 78
														
												•FEAT (90)
												 0, 1
												
														•COLR (4)
														 255, 65, 65, 65
														
														•POLY (36)
														 0, 1, 0, 4, 255, 251, 61, 28, 0, 3, 142, 176, 0, 4, 194, 228, 0, 5, 50, 248, 0, 3, 102, 168, 255, 251, 89, 36, 255, 254, 198, 140, 255, 250, 205, 8
														
														•POSN (24)
														 0, 38, 187, 108, 0, 32, 72, 148, 0, 2, 50, 125, 255, 255, 254, 170, 0, 1, 0, 38, 0, 0, 254, 77
														
												•FEAT (90)
												 0, 1
												
														•COLR (4)
														 255, 65, 65, 65
														
														•POLY (36)
														 0, 1, 0, 4, 255, 251, 128, 60, 0, 3, 221, 232, 0, 5, 125, 212, 0, 4, 140, 156, 0, 4, 68, 60, 255, 251, 98, 96, 255, 254, 198, 140, 255, 250, 205, 8
														
														•POSN (24)
														 0, 32, 129, 172, 0, 46, 82, 148, 0, 1, 133, 11, 0, 0, 0, 38, 0, 1, 0, 113, 0, 0, 253, 158
														
												•FEAT (90)
												 0, 1
												
														•COLR (4)
														 255, 65, 65, 65
														
														•POLY (36)
														 0, 1, 0, 4, 255, 251, 61, 28, 0, 3, 142, 176, 0, 4, 194, 228, 0, 5, 50, 248, 0, 3, 102, 168, 255, 251, 89, 36, 255, 254, 198, 140, 255, 250, 205, 8
														
														•POSN (24)
														 0, 36, 171, 228, 0, 60, 240, 204, 0, 0, 215, 129, 0, 0, 1, 107, 0, 0, 255, 152, 0, 0, 254, 3
														
										•POSN (48)
										 251, 46, 166, 132, 18, 112, 154, 40, 255, 203, 246, 80, 0, 0, 0, 0, 0, 0, 4, 48, 0, 0, 0, 0, 0, 0, 0, 0, 0, 0, 0, 0, 255, 255, 255, 118, 0, 1, 0, 0, 0, 0, 235, 215, 0, 0, 220, 188
										
										•ESLC (42)
										 0, 1, 0, 0, 0, 0, 0, 0, 0, 0, 0, 0, 0, 0, 0, 0, 0, 0, 0, 0, 0, 0, 0, 0, 0, 0, 0, 26, 255, 40, 255, 189, 130, 12, 0, 48, 254, 124, 0, 65, 253, 240
										
								•PRSM (394)
								
										•LOCK (2)
										 0, 0
										
										•LNUM (2)
										 0, 0
										
										•COLR (8)
										 0, 26, 26, 26, 255, 26, 26, 26
										
										•PLGR (2)
										 0, 0
										
										•POLY (152)
										 0, 1, 1, 1, 0, 1, 0, 47, 254, 128, 0, 12, 127, 164, 0, 0, 148, 104, 255, 255, 203, 164, 0, 0, 0, 0, 0, 0, 0, 0, 0, 15, 255, 234, 47, 32, 255, 208, 78, 0, 255, 216, 197, 32, 255, 219, 64, 48, 255, 205, 1, 152, 255, 236, 0, 164, 255, 201, 60, 52, 0, 1, 10, 4, 255, 205, 205, 56, 0, 21, 234, 240, 255, 218, 2, 156, 0, 39, 117, 156, 255, 236, 0, 164, 0, 50, 254, 104, 0, 0, 128, 4, 0, 54, 254, 76, 0, 21, 234, 240, 0, 50, 50, 200, 0, 39, 117, 156, 0, 37, 253, 100, 0, 50, 254, 104, 0, 19, 255, 92, 0, 54, 254, 76, 255, 255, 0, 4, 0, 50, 50, 200, 255, 234, 21, 16, 0, 37, 253, 100, 255, 216, 138, 100, 0, 20, 127, 96, 255, 208, 1, 128
										
										•SLIC (34)
										 0, 2, 0, 0, 9, 44, 0, 0, 0, 0, 255, 202, 0, 0, 255, 211, 191, 244, 255, 184, 75, 178, 0, 0, 0, 0, 0, 11, 128, 0, 11, 115, 79, 20
										
										•POSN (48)
										 251, 43, 166, 156, 18, 112, 154, 40, 255, 203, 246, 80, 0, 0, 0, 0, 0, 0, 4, 48, 0, 0, 0, 0, 0, 0, 0, 0, 0, 0, 0, 0, 255, 255, 255, 118, 0, 1, 0, 0, 0, 0, 235, 214, 0, 0, 220, 188
										
										•ESLC (82)
										 0, 2, 0, 0, 0, 0, 0, 0, 0, 0, 0, 0, 0, 0, 0, 0, 0, 0, 0, 0, 0, 0, 0, 0, 0, 0, 0, 5, 255, 208, 255, 255, 47, 56, 0, 59, 254, 32, 255, 255, 56, 104, 0, 0, 0, 0, 0, 0, 0, 0, 0, 0, 0, 0, 0, 0, 0, 0, 0, 0, 0, 0, 0, 0, 0, 0, 0, 41, 126, 184, 0, 3, 212, 196, 0, 29, 255, 16, 255, 188, 34, 184
										
								•PRSM (394)
								
										•LOCK (2)
										 0, 0
										
										•LNUM (2)
										 0, 0
										
										•COLR (8)
										 0, 26, 26, 26, 255, 26, 26, 26
										
										•PLGR (2)
										 0, 0
										
										•POLY (152)
										 0, 1, 1, 1, 0, 1, 0, 47, 254, 128, 0, 12, 127, 164, 0, 0, 148, 104, 255, 255, 203, 164, 0, 0, 0, 0, 0, 0, 0, 0, 0, 15, 255, 234, 47, 32, 255, 208, 78, 0, 255, 216, 197, 32, 255, 219, 64, 48, 255, 205, 1, 152, 255, 236, 0, 164, 255, 201, 60, 52, 0, 1, 10, 4, 255, 205, 205, 56, 0, 21, 234, 240, 255, 218, 2, 156, 0, 39, 117, 156, 255, 236, 0, 164, 0, 50, 254, 104, 0, 0, 128, 4, 0, 54, 254, 76, 0, 21, 234, 240, 0, 50, 50, 200, 0, 39, 117, 156, 0, 37, 253, 100, 0, 50, 254, 104, 0, 19, 255, 92, 0, 54, 254, 76, 255, 255, 0, 4, 0, 50, 50, 200, 255, 234, 21, 16, 0, 37, 253, 100, 255, 216, 138, 100, 0, 20, 127, 96, 255, 208, 1, 128
										
										•SLIC (34)
										 0, 2, 0, 0, 9, 44, 0, 0, 0, 0, 255, 202, 0, 0, 255, 211, 191, 244, 255, 184, 75, 178, 0, 0, 0, 0, 0, 11, 128, 0, 11, 115, 79, 20
										
										•POSN (48)
										 251, 43, 166, 156, 20, 8, 203, 24, 255, 202, 157, 224, 0, 0, 0, 0, 0, 0, 4, 48, 0, 0, 0, 0, 0, 0, 0, 0, 0, 0, 0, 0, 255, 255, 255, 118, 0, 1, 0, 0, 0, 0, 235, 214, 0, 0, 220, 188
										
										•ESLC (82)
										 0, 2, 0, 0, 0, 0, 0, 0, 0, 0, 0, 0, 0, 0, 0, 0, 0, 0, 0, 0, 0, 0, 0, 0, 0, 0, 0, 5, 255, 208, 255, 255, 47, 56, 0, 59, 254, 32, 255, 255, 56, 104, 0, 0, 0, 0, 0, 0, 0, 0, 0, 0, 0, 0, 0, 0, 0, 0, 0, 0, 0, 0, 0, 0, 0, 0, 0, 41, 126, 184, 0, 3, 212, 196, 0, 29, 255, 16, 255, 188, 34, 184
										
								•PRSM (2898)
								
										•LOCK (2)
										 0, 0
										
										•LNUM (2)
										 0, 0
										
										•COLR (8)
										 0, 26, 26, 26, 255, 26, 26, 26
										
										•PLGR (2)
										 0, 0
										
										•POLY (152)
										 0, 1, 1, 1, 0, 1, 0, 47, 254, 128, 0, 12, 127, 164, 0, 0, 148, 104, 255, 255, 203, 164, 0, 0, 0, 0, 0, 0, 0, 0, 0, 15, 255, 234, 47, 32, 255, 208, 78, 0, 255, 216, 197, 32, 255, 219, 64, 48, 255, 205, 1, 152, 255, 236, 0, 164, 255, 201, 60, 52, 0, 1, 10, 4, 255, 205, 205, 56, 0, 21, 234, 240, 255, 218, 2, 156, 0, 39, 117, 156, 255, 236, 0, 164, 0, 50, 254, 104, 0, 0, 128, 4, 0, 54, 254, 76, 0, 21, 234, 240, 0, 50, 50, 200, 0, 39, 117, 156, 0, 37, 253, 100, 0, 50, 254, 104, 0, 19, 255, 92, 0, 54, 254, 76, 255, 255, 0, 4, 0, 50, 50, 200, 255, 234, 21, 16, 0, 37, 253, 100, 255, 216, 138, 100, 0, 20, 127, 96, 255, 208, 1, 128
										
										•SLIC (18)
										 0, 1, 0, 132, 128, 0, 0, 0, 0, 0, 255, 234, 0, 0, 236, 80, 29, 124
										
										•SURF (2552)
										 0, 0
										
												•FEAT (186)
												 0, 1
												
														•COLR (4)
														 255, 0, 0, 0
														
														•POLY (132)
														 0, 3, 0, 16, 0, 14, 152, 128, 255, 222, 20, 44, 0, 0, 147, 192, 255, 219, 11, 32, 255, 242, 120, 140, 255, 221, 162, 104, 255, 230, 108, 152, 255, 229, 117, 24, 255, 222, 69, 100, 255, 241, 82, 56, 255, 219, 64, 204, 255, 255, 107, 104, 255, 221, 212, 84, 0, 13, 155, 48, 255, 229, 155, 160, 0, 25, 184, 196, 255, 241, 103, 128, 0, 33, 235, 212, 255, 255, 108, 64, 0, 36, 244, 224, 0, 13, 135, 116, 0, 34, 93, 152, 0, 25, 147, 104, 0, 26, 138, 232, 0, 33, 186, 156, 0, 14, 173, 200, 0, 36, 191, 52, 0, 0, 148, 152, 0, 34, 43, 172, 255, 242, 100, 208, 0, 26, 100, 96, 255, 230, 71, 72
														
														•POSN (24)
														 0, 54, 176, 88, 0, 48, 40, 236, 0, 0, 0, 0, 0, 0, 0, 0, 0, 1, 0, 0, 0, 1, 0, 0
														
												•FEAT (186)
												 0, 1
												
														•COLR (4)
														 255, 255, 255, 255
														
														•POLY (132)
														 0, 3, 0, 16, 255, 224, 182, 60, 0, 14, 60, 184, 255, 232, 138, 192, 0, 25, 32, 120, 255, 243, 241, 120, 0, 32, 48, 244, 0, 1, 46, 28, 0, 34, 90, 212, 0, 14, 60, 184, 0, 31, 73, 196, 0, 25, 32, 120, 0, 23, 117, 64, 0, 32, 48, 244, 0, 12, 14, 136, 0, 34, 90, 212, 255, 254, 209, 228, 0, 31, 73, 196, 255, 241, 195, 72, 0, 23, 117, 64, 255, 230, 223, 136, 0, 12, 14, 136, 255, 223, 207, 12, 255, 254, 209, 228, 255, 221, 165, 44, 255, 241, 195, 72, 255, 224, 182, 60, 255, 230, 223, 136, 255, 232, 138, 192, 255, 223, 207, 12, 255, 243, 241, 120, 255, 221, 165, 44, 0, 1, 46, 28
														
														•POSN (24)
														 0, 54, 106, 176, 0, 47, 226, 216, 0, 0, 0, 0, 0, 0, 0, 0, 0, 1, 0, 0, 0, 1, 0, 0
														
												•FEAT (186)
												 0, 1
												
														•COLR (4)
														 255, 190, 190, 190
														
														•POLY (132)
														 0, 3, 0, 16, 0, 28, 53, 48, 255, 243, 15, 40, 0, 21, 27, 180, 255, 233, 63, 236, 0, 10, 203, 144, 255, 226, 231, 96, 255, 254, 214, 184, 255, 224, 252, 188, 255, 243, 15, 40, 255, 227, 202, 208, 255, 233, 63, 236, 255, 234, 228, 76, 255, 226, 231, 96, 255, 245, 52, 112, 255, 224, 252, 188, 0, 1, 41, 72, 255, 227, 202, 208, 0, 12, 240, 216, 255, 234, 228, 76, 0, 22, 192, 20, 255, 245, 52, 112, 0, 29, 24, 160, 0, 1, 41, 72, 0, 31, 3, 68, 0, 12, 240, 216, 0, 28, 53, 48, 0, 22, 192, 20, 0, 21, 27, 180, 0, 29, 24, 160, 0, 10, 203, 144, 0, 31, 3, 68, 255, 254, 214, 184
														
														•POSN (24)
														 0, 54, 131, 16, 0, 47, 248, 116, 0, 0, 0, 0, 0, 0, 0, 0, 0, 1, 0, 0, 0, 1, 0, 0
														
												•FEAT (186)
												 0, 1
												
														•COLR (4)
														 255, 255, 255, 255
														
														•POLY (132)
														 0, 3, 0, 16, 0, 19, 103, 184, 255, 234, 125, 176, 0, 9, 178, 104, 255, 228, 179, 200, 255, 254, 131, 36, 255, 227, 17, 204, 255, 243, 141, 232, 255, 229, 215, 76, 255, 234, 125, 176, 255, 236, 152, 72, 255, 228, 179, 200, 255, 246, 77, 152, 255, 227, 17, 204, 0, 1, 124, 220, 255, 229, 215, 76, 0, 12, 114, 24, 255, 236, 152, 72, 0, 21, 130, 80, 255, 246, 77, 152, 0, 27, 76, 56, 0, 1, 124, 220, 0, 28, 238, 52, 0, 12, 114, 24, 0, 26, 40, 180, 0, 21, 130, 80, 0, 19, 103, 184, 0, 27, 76, 56, 0, 9, 178, 104, 0, 28, 238, 52, 255, 254, 131, 36, 0, 26, 40, 180, 255, 243, 141, 232
														
														•POSN (24)
														 0, 54, 155, 112, 0, 48, 14, 4, 0, 0, 0, 0, 0, 0, 0, 0, 0, 1, 0, 0, 0, 1, 0, 0
														
												•FEAT (130)
												 0, 1
												
														•COLR (4)
														 255, 183, 227, 255
														
														•POLY (76)
														 0, 1, 0, 9, 255, 228, 63, 196, 255, 244, 96, 156, 255, 230, 39, 104, 255, 250, 242, 16, 255, 237, 58, 120, 0, 3, 109, 236, 255, 246, 53, 68, 0, 9, 115, 44, 0, 0, 0, 252, 0, 10, 209, 144, 0, 11, 180, 76, 0, 8, 231, 16, 0, 20, 105, 100, 0, 2, 85, 180, 0, 24, 195, 252, 255, 250, 242, 4, 0, 26, 241, 60, 255, 244, 96, 144
														
														•POSN (24)
														 0, 54, 176, 88, 0, 66, 21, 60, 0, 0, 0, 0, 0, 0, 0, 0, 0, 1, 0, 0, 0, 1, 0, 0
														
												•FEAT (114)
												 0, 1
												
														•COLR (4)
														 255, 190, 190, 190
														
														•POLY (60)
														 0, 1, 0, 7, 0, 22, 185, 108, 0, 6, 216, 72, 0, 18, 164, 148, 0, 1, 235, 40, 0, 10, 122, 228, 255, 252, 254, 44, 255, 255, 152, 128, 255, 251, 89, 204, 255, 244, 251, 208, 255, 253, 138, 48, 255, 237, 232, 156, 0, 2, 119, 68, 255, 233, 211, 184, 0, 7, 100, 100
														
														•POSN (24)
														 0, 54, 2, 52, 0, 23, 206, 104, 0, 0, 0, 0, 0, 0, 0, 0, 0, 1, 0, 0, 0, 1, 0, 0
														
												•FEAT (186)
												 0, 1
												
														•COLR (4)
														 255, 190, 190, 190
														
														•POLY (132)
														 0, 3, 0, 16, 0, 8, 134, 152, 255, 242, 96, 212, 0, 2, 177, 136, 255, 240, 34, 60, 255, 252, 115, 132, 255, 240, 78, 16, 255, 246, 191, 200, 255, 242, 221, 144, 255, 242, 116, 156, 255, 247, 108, 252, 255, 240, 57, 76, 255, 253, 74, 136, 255, 240, 100, 216, 0, 3, 145, 176, 255, 242, 240, 164, 0, 9, 77, 184, 255, 247, 121, 104, 0, 13, 159, 32, 255, 253, 78, 120, 0, 15, 221, 196, 0, 3, 140, 124, 0, 15, 177, 240, 0, 9, 64, 56, 0, 13, 34, 112, 0, 13, 139, 100, 0, 8, 147, 4, 0, 15, 198, 180, 0, 2, 181, 120, 0, 15, 155, 40, 255, 252, 110, 80, 0, 13, 15, 104, 255, 246, 178, 72
														
														•POSN (24)
														 0, 54, 106, 176, 0, 48, 40, 236, 0, 0, 0, 0, 0, 0, 0, 0, 0, 1, 0, 0, 0, 1, 0, 0
														
												•FEAT (186)
												 0, 1
												
														•COLR (4)
														 255, 255, 255, 255
														
														•POLY (132)
														 0, 3, 0, 16, 0, 6, 142, 212, 255, 242, 155, 12, 0, 0, 246, 72, 255, 241, 25, 236, 255, 251, 56, 60, 255, 241, 221, 124, 255, 246, 52, 120, 255, 244, 199, 236, 255, 242, 174, 116, 255, 249, 103, 156, 255, 241, 47, 148, 255, 255, 8, 80, 255, 241, 242, 4, 0, 4, 206, 192, 255, 244, 216, 60, 0, 9, 217, 212, 255, 249, 113, 44, 0, 13, 101, 0, 255, 255, 9, 184, 0, 14, 230, 20, 0, 4, 199, 196, 0, 14, 34, 132, 0, 9, 203, 136, 0, 11, 56, 20, 0, 13, 81, 140, 0, 6, 152, 100, 0, 14, 208, 108, 0, 0, 247, 176, 0, 14, 13, 252, 255, 251, 49, 64, 0, 11, 39, 196, 255, 246, 38, 44
														
														•POSN (24)
														 0, 54, 176, 88, 0, 47, 226, 216, 0, 0, 0, 0, 0, 0, 0, 0, 0, 1, 0, 0, 0, 1, 0, 0
														
												•FEAT (106)
												 0, 1
												
														•COLR (4)
														 255, 183, 227, 255
														
														•POLY (52)
														 0, 1, 0, 6, 255, 243, 89, 32, 255, 252, 113, 92, 255, 245, 134, 84, 255, 255, 115, 228, 255, 250, 177, 192, 0, 2, 188, 128, 0, 1, 127, 28, 0, 3, 142, 176, 0, 7, 123, 128, 0, 1, 164, 72, 0, 12, 166, 224, 255, 252, 183, 100
														
														•POSN (24)
														 0, 54, 141, 132, 0, 58, 142, 208, 0, 0, 0, 0, 0, 0, 0, 0, 0, 1, 0, 0, 0, 1, 0, 0
														
												•FEAT (122)
												 0, 1
												
														•COLR (4)
														 255, 11, 63, 92
														
														•POLY (68)
														 0, 3, 0, 8, 0, 0, 147, 192, 255, 250, 99, 144, 255, 252, 118, 132, 255, 251, 159, 44, 255, 250, 107, 172, 255, 255, 107, 104, 255, 251, 165, 140, 0, 3, 142, 176, 255, 255, 108, 64, 0, 5, 156, 112, 0, 3, 137, 124, 0, 4, 96, 212, 0, 5, 148, 84, 0, 0, 148, 152, 0, 4, 90, 128, 255, 252, 113, 80
														
														•POSN (24)
														 0, 54, 37, 8, 0, 48, 40, 236, 0, 0, 0, 0, 0, 0, 0, 0, 0, 1, 0, 0, 0, 1, 0, 0
														
												•FEAT (90)
												 0, 1
												
														•COLR (4)
														 255, 65, 65, 65
														
														•POLY (36)
														 0, 1, 0, 4, 255, 251, 61, 28, 0, 3, 142, 176, 0, 4, 194, 228, 0, 5, 50, 248, 0, 3, 102, 168, 255, 251, 89, 36, 255, 254, 198, 140, 255, 250, 205, 8
														
														•POSN (24)
														 0, 50, 120, 184, 0, 70, 12, 248, 0, 0, 0, 0, 0, 0, 0, 0, 0, 1, 0, 0, 0, 1, 0, 0
														
												•FEAT (90)
												 0, 1
												
														•COLR (4)
														 255, 65, 65, 65
														
														•POLY (36)
														 0, 1, 0, 4, 255, 251, 61, 28, 0, 3, 142, 176, 0, 4, 194, 228, 0, 5, 50, 248, 0, 3, 102, 168, 255, 251, 89, 36, 255, 254, 198, 140, 255, 250, 205, 8
														
														•POSN (24)
														 0, 65, 183, 232, 0, 67, 95, 180, 255, 255, 81, 14, 255, 255, 254, 152, 0, 1, 0, 125, 0, 0, 255, 86
														
												•FEAT (90)
												 0, 1
												
														•COLR (4)
														 255, 65, 65, 65
														
														•POLY (36)
														 0, 1, 0, 4, 255, 251, 61, 28, 0, 3, 142, 176, 0, 4, 194, 228, 0, 5, 50, 248, 0, 3, 102, 168, 255, 251, 89, 36, 255, 254, 198, 140, 255, 250, 205, 8
														
														•POSN (24)
														 0, 75, 34, 128, 0, 56, 57, 136, 255, 254, 163, 63, 255, 255, 255, 112, 0, 1, 1, 51, 0, 0, 254, 112
														
												•FEAT (90)
												 0, 1
												
														•COLR (4)
														 255, 65, 65, 65
														
														•POLY (36)
														 0, 1, 0, 4, 255, 251, 61, 28, 0, 3, 142, 176, 0, 4, 194, 228, 0, 5, 50, 248, 0, 3, 102, 168, 255, 251, 89, 36, 255, 254, 198, 140, 255, 250, 205, 8
														
														•POSN (24)
														 0, 75, 227, 196, 0, 41, 232, 252, 255, 253, 245, 227, 0, 0, 1, 49, 0, 1, 0, 215, 0, 0, 254, 143
														
												•FEAT (90)
												 0, 1
												
														•COLR (4)
														 255, 65, 65, 65
														
														•POLY (36)
														 0, 1, 0, 4, 255, 251, 61, 28, 0, 3, 142, 176, 0, 4, 194, 228, 0, 5, 50, 248, 0, 3, 102, 168, 255, 251, 89, 36, 255, 254, 198, 140, 255, 250, 205, 8
														
														•POSN (24)
														 0, 67, 66, 212, 0, 29, 190, 192, 255, 253, 71, 160, 0, 0, 1, 23, 0, 0, 255, 204, 0, 0, 255, 81
														
												•FEAT (90)
												 0, 1
												
														•COLR (4)
														 255, 65, 65, 65
														
														•POLY (36)
														 0, 1, 0, 4, 255, 251, 61, 28, 0, 3, 142, 176, 0, 4, 194, 228, 0, 5, 50, 248, 0, 3, 102, 168, 255, 251, 89, 36, 255, 254, 198, 140, 255, 250, 205, 8
														
														•POSN (24)
														 0, 53, 72, 52, 0, 26, 37, 168, 0, 2, 225, 5, 255, 255, 255, 81, 0, 0, 255, 127, 0, 0, 255, 78
														
												•FEAT (90)
												 0, 1
												
														•COLR (4)
														 255, 65, 65, 65
														
														•POLY (36)
														 0, 1, 0, 4, 255, 251, 61, 28, 0, 3, 142, 176, 0, 4, 194, 228, 0, 5, 50, 248, 0, 3, 102, 168, 255, 251, 89, 36, 255, 254, 198, 140, 255, 250, 205, 8
														
														•POSN (24)
														 0, 38, 187, 108, 0, 32, 72, 148, 0, 2, 50, 125, 255, 255, 254, 170, 0, 1, 0, 38, 0, 0, 254, 77
														
												•FEAT (90)
												 0, 1
												
														•COLR (4)
														 255, 65, 65, 65
														
														•POLY (36)
														 0, 1, 0, 4, 255, 251, 128, 60, 0, 3, 221, 232, 0, 5, 125, 212, 0, 4, 140, 156, 0, 4, 68, 60, 255, 251, 98, 96, 255, 254, 198, 140, 255, 250, 205, 8
														
														•POSN (24)
														 0, 32, 129, 172, 0, 46, 82, 148, 0, 1, 133, 11, 0, 0, 0, 38, 0, 1, 0, 113, 0, 0, 253, 158
														
												•FEAT (90)
												 0, 1
												
														•COLR (4)
														 255, 65, 65, 65
														
														•POLY (36)
														 0, 1, 0, 4, 255, 251, 61, 28, 0, 3, 142, 176, 0, 4, 194, 228, 0, 5, 50, 248, 0, 3, 102, 168, 255, 251, 89, 36, 255, 254, 198, 140, 255, 250, 205, 8
														
														•POSN (24)
														 0, 36, 171, 228, 0, 60, 240, 204, 0, 0, 215, 129, 0, 0, 1, 107, 0, 0, 255, 152, 0, 0, 254, 3
														
										•POSN (48)
										 251, 46, 166, 132, 20, 8, 203, 24, 255, 202, 157, 224, 0, 0, 0, 0, 0, 0, 4, 48, 0, 0, 0, 0, 0, 0, 0, 0, 0, 0, 0, 0, 255, 255, 255, 118, 0, 1, 0, 0, 0, 0, 235, 208, 0, 0, 220, 188
										
										•ESLC (42)
										 0, 1, 0, 0, 0, 0, 0, 0, 0, 0, 0, 0, 0, 0, 0, 0, 0, 0, 0, 0, 0, 0, 0, 0, 0, 0, 0, 26, 255, 40, 255, 189, 130, 12, 0, 48, 254, 124, 0, 65, 253, 240
										
								•PRSM (2898)
								
										•LOCK (2)
										 0, 0
										
										•LNUM (2)
										 0, 0
										
										•COLR (8)
										 0, 26, 26, 26, 255, 26, 26, 26
										
										•PLGR (2)
										 0, 0
										
										•POLY (152)
										 0, 1, 1, 1, 0, 1, 0, 47, 254, 128, 0, 12, 127, 164, 0, 0, 148, 104, 255, 255, 203, 164, 0, 0, 0, 0, 0, 0, 0, 0, 0, 15, 255, 234, 47, 32, 255, 208, 78, 0, 255, 216, 197, 32, 255, 219, 64, 48, 255, 205, 1, 152, 255, 236, 0, 164, 255, 201, 60, 52, 0, 1, 10, 4, 255, 205, 205, 56, 0, 21, 234, 240, 255, 218, 2, 156, 0, 39, 117, 156, 255, 236, 0, 164, 0, 50, 254, 104, 0, 0, 128, 4, 0, 54, 254, 76, 0, 21, 234, 240, 0, 50, 50, 200, 0, 39, 117, 156, 0, 37, 253, 100, 0, 50, 254, 104, 0, 19, 255, 92, 0, 54, 254, 76, 255, 255, 0, 4, 0, 50, 50, 200, 255, 234, 21, 16, 0, 37, 253, 100, 255, 216, 138, 100, 0, 20, 127, 96, 255, 208, 1, 128
										
										•SLIC (18)
										 0, 1, 0, 132, 128, 0, 0, 0, 0, 0, 255, 234, 0, 0, 236, 80, 29, 124
										
										•SURF (2552)
										 0, 0
										
												•FEAT (186)
												 0, 1
												
														•COLR (4)
														 255, 0, 0, 0
														
														•POLY (132)
														 0, 3, 0, 16, 0, 14, 152, 128, 255, 222, 20, 44, 0, 0, 147, 192, 255, 219, 11, 32, 255, 242, 120, 140, 255, 221, 162, 104, 255, 230, 108, 152, 255, 229, 117, 24, 255, 222, 69, 100, 255, 241, 82, 56, 255, 219, 64, 204, 255, 255, 107, 104, 255, 221, 212, 84, 0, 13, 155, 48, 255, 229, 155, 160, 0, 25, 184, 196, 255, 241, 103, 128, 0, 33, 235, 212, 255, 255, 108, 64, 0, 36, 244, 224, 0, 13, 135, 116, 0, 34, 93, 152, 0, 25, 147, 104, 0, 26, 138, 232, 0, 33, 186, 156, 0, 14, 173, 200, 0, 36, 191, 52, 0, 0, 148, 152, 0, 34, 43, 172, 255, 242, 100, 208, 0, 26, 100, 96, 255, 230, 71, 72
														
														•POSN (24)
														 0, 54, 176, 88, 0, 48, 40, 236, 0, 0, 0, 0, 0, 0, 0, 0, 0, 1, 0, 0, 0, 1, 0, 0
														
												•FEAT (186)
												 0, 1
												
														•COLR (4)
														 255, 255, 255, 255
														
														•POLY (132)
														 0, 3, 0, 16, 255, 224, 182, 60, 0, 14, 60, 184, 255, 232, 138, 192, 0, 25, 32, 120, 255, 243, 241, 120, 0, 32, 48, 244, 0, 1, 46, 28, 0, 34, 90, 212, 0, 14, 60, 184, 0, 31, 73, 196, 0, 25, 32, 120, 0, 23, 117, 64, 0, 32, 48, 244, 0, 12, 14, 136, 0, 34, 90, 212, 255, 254, 209, 228, 0, 31, 73, 196, 255, 241, 195, 72, 0, 23, 117, 64, 255, 230, 223, 136, 0, 12, 14, 136, 255, 223, 207, 12, 255, 254, 209, 228, 255, 221, 165, 44, 255, 241, 195, 72, 255, 224, 182, 60, 255, 230, 223, 136, 255, 232, 138, 192, 255, 223, 207, 12, 255, 243, 241, 120, 255, 221, 165, 44, 0, 1, 46, 28
														
														•POSN (24)
														 0, 54, 106, 176, 0, 47, 226, 216, 0, 0, 0, 0, 0, 0, 0, 0, 0, 1, 0, 0, 0, 1, 0, 0
														
												•FEAT (186)
												 0, 1
												
														•COLR (4)
														 255, 190, 190, 190
														
														•POLY (132)
														 0, 3, 0, 16, 0, 28, 53, 48, 255, 243, 15, 40, 0, 21, 27, 180, 255, 233, 63, 236, 0, 10, 203, 144, 255, 226, 231, 96, 255, 254, 214, 184, 255, 224, 252, 188, 255, 243, 15, 40, 255, 227, 202, 208, 255, 233, 63, 236, 255, 234, 228, 76, 255, 226, 231, 96, 255, 245, 52, 112, 255, 224, 252, 188, 0, 1, 41, 72, 255, 227, 202, 208, 0, 12, 240, 216, 255, 234, 228, 76, 0, 22, 192, 20, 255, 245, 52, 112, 0, 29, 24, 160, 0, 1, 41, 72, 0, 31, 3, 68, 0, 12, 240, 216, 0, 28, 53, 48, 0, 22, 192, 20, 0, 21, 27, 180, 0, 29, 24, 160, 0, 10, 203, 144, 0, 31, 3, 68, 255, 254, 214, 184
														
														•POSN (24)
														 0, 54, 131, 16, 0, 47, 248, 116, 0, 0, 0, 0, 0, 0, 0, 0, 0, 1, 0, 0, 0, 1, 0, 0
														
												•FEAT (186)
												 0, 1
												
														•COLR (4)
														 255, 255, 255, 255
														
														•POLY (132)
														 0, 3, 0, 16, 0, 19, 103, 184, 255, 234, 125, 176, 0, 9, 178, 104, 255, 228, 179, 200, 255, 254, 131, 36, 255, 227, 17, 204, 255, 243, 141, 232, 255, 229, 215, 76, 255, 234, 125, 176, 255, 236, 152, 72, 255, 228, 179, 200, 255, 246, 77, 152, 255, 227, 17, 204, 0, 1, 124, 220, 255, 229, 215, 76, 0, 12, 114, 24, 255, 236, 152, 72, 0, 21, 130, 80, 255, 246, 77, 152, 0, 27, 76, 56, 0, 1, 124, 220, 0, 28, 238, 52, 0, 12, 114, 24, 0, 26, 40, 180, 0, 21, 130, 80, 0, 19, 103, 184, 0, 27, 76, 56, 0, 9, 178, 104, 0, 28, 238, 52, 255, 254, 131, 36, 0, 26, 40, 180, 255, 243, 141, 232
														
														•POSN (24)
														 0, 54, 155, 112, 0, 48, 14, 4, 0, 0, 0, 0, 0, 0, 0, 0, 0, 1, 0, 0, 0, 1, 0, 0
														
												•FEAT (130)
												 0, 1
												
														•COLR (4)
														 255, 183, 227, 255
														
														•POLY (76)
														 0, 1, 0, 9, 255, 228, 63, 196, 255, 244, 96, 156, 255, 230, 39, 104, 255, 250, 242, 16, 255, 237, 58, 120, 0, 3, 109, 236, 255, 246, 53, 68, 0, 9, 115, 44, 0, 0, 0, 252, 0, 10, 209, 144, 0, 11, 180, 76, 0, 8, 231, 16, 0, 20, 105, 100, 0, 2, 85, 180, 0, 24, 195, 252, 255, 250, 242, 4, 0, 26, 241, 60, 255, 244, 96, 144
														
														•POSN (24)
														 0, 54, 176, 88, 0, 66, 21, 60, 0, 0, 0, 0, 0, 0, 0, 0, 0, 1, 0, 0, 0, 1, 0, 0
														
												•FEAT (114)
												 0, 1
												
														•COLR (4)
														 255, 190, 190, 190
														
														•POLY (60)
														 0, 1, 0, 7, 0, 22, 185, 108, 0, 6, 216, 72, 0, 18, 164, 148, 0, 1, 235, 40, 0, 10, 122, 228, 255, 252, 254, 44, 255, 255, 152, 128, 255, 251, 89, 204, 255, 244, 251, 208, 255, 253, 138, 48, 255, 237, 232, 156, 0, 2, 119, 68, 255, 233, 211, 184, 0, 7, 100, 100
														
														•POSN (24)
														 0, 54, 2, 52, 0, 23, 206, 104, 0, 0, 0, 0, 0, 0, 0, 0, 0, 1, 0, 0, 0, 1, 0, 0
														
												•FEAT (186)
												 0, 1
												
														•COLR (4)
														 255, 190, 190, 190
														
														•POLY (132)
														 0, 3, 0, 16, 0, 8, 134, 152, 255, 242, 96, 212, 0, 2, 177, 136, 255, 240, 34, 60, 255, 252, 115, 132, 255, 240, 78, 16, 255, 246, 191, 200, 255, 242, 221, 144, 255, 242, 116, 156, 255, 247, 108, 252, 255, 240, 57, 76, 255, 253, 74, 136, 255, 240, 100, 216, 0, 3, 145, 176, 255, 242, 240, 164, 0, 9, 77, 184, 255, 247, 121, 104, 0, 13, 159, 32, 255, 253, 78, 120, 0, 15, 221, 196, 0, 3, 140, 124, 0, 15, 177, 240, 0, 9, 64, 56, 0, 13, 34, 112, 0, 13, 139, 100, 0, 8, 147, 4, 0, 15, 198, 180, 0, 2, 181, 120, 0, 15, 155, 40, 255, 252, 110, 80, 0, 13, 15, 104, 255, 246, 178, 72
														
														•POSN (24)
														 0, 54, 106, 176, 0, 48, 40, 236, 0, 0, 0, 0, 0, 0, 0, 0, 0, 1, 0, 0, 0, 1, 0, 0
														
												•FEAT (186)
												 0, 1
												
														•COLR (4)
														 255, 255, 255, 255
														
														•POLY (132)
														 0, 3, 0, 16, 0, 6, 142, 212, 255, 242, 155, 12, 0, 0, 246, 72, 255, 241, 25, 236, 255, 251, 56, 60, 255, 241, 221, 124, 255, 246, 52, 120, 255, 244, 199, 236, 255, 242, 174, 116, 255, 249, 103, 156, 255, 241, 47, 148, 255, 255, 8, 80, 255, 241, 242, 4, 0, 4, 206, 192, 255, 244, 216, 60, 0, 9, 217, 212, 255, 249, 113, 44, 0, 13, 101, 0, 255, 255, 9, 184, 0, 14, 230, 20, 0, 4, 199, 196, 0, 14, 34, 132, 0, 9, 203, 136, 0, 11, 56, 20, 0, 13, 81, 140, 0, 6, 152, 100, 0, 14, 208, 108, 0, 0, 247, 176, 0, 14, 13, 252, 255, 251, 49, 64, 0, 11, 39, 196, 255, 246, 38, 44
														
														•POSN (24)
														 0, 54, 176, 88, 0, 47, 226, 216, 0, 0, 0, 0, 0, 0, 0, 0, 0, 1, 0, 0, 0, 1, 0, 0
														
												•FEAT (106)
												 0, 1
												
														•COLR (4)
														 255, 183, 227, 255
														
														•POLY (52)
														 0, 1, 0, 6, 255, 243, 89, 32, 255, 252, 113, 92, 255, 245, 134, 84, 255, 255, 115, 228, 255, 250, 177, 192, 0, 2, 188, 128, 0, 1, 127, 28, 0, 3, 142, 176, 0, 7, 123, 128, 0, 1, 164, 72, 0, 12, 166, 224, 255, 252, 183, 100
														
														•POSN (24)
														 0, 54, 141, 132, 0, 58, 142, 208, 0, 0, 0, 0, 0, 0, 0, 0, 0, 1, 0, 0, 0, 1, 0, 0
														
												•FEAT (122)
												 0, 1
												
														•COLR (4)
														 255, 11, 63, 92
														
														•POLY (68)
														 0, 3, 0, 8, 0, 0, 147, 192, 255, 250, 99, 144, 255, 252, 118, 132, 255, 251, 159, 44, 255, 250, 107, 172, 255, 255, 107, 104, 255, 251, 165, 140, 0, 3, 142, 176, 255, 255, 108, 64, 0, 5, 156, 112, 0, 3, 137, 124, 0, 4, 96, 212, 0, 5, 148, 84, 0, 0, 148, 152, 0, 4, 90, 128, 255, 252, 113, 80
														
														•POSN (24)
														 0, 54, 37, 8, 0, 48, 40, 236, 0, 0, 0, 0, 0, 0, 0, 0, 0, 1, 0, 0, 0, 1, 0, 0
														
												•FEAT (90)
												 0, 1
												
														•COLR (4)
														 255, 65, 65, 65
														
														•POLY (36)
														 0, 1, 0, 4, 255, 251, 61, 28, 0, 3, 142, 176, 0, 4, 194, 228, 0, 5, 50, 248, 0, 3, 102, 168, 255, 251, 89, 36, 255, 254, 198, 140, 255, 250, 205, 8
														
														•POSN (24)
														 0, 50, 120, 184, 0, 70, 12, 248, 0, 0, 0, 0, 0, 0, 0, 0, 0, 1, 0, 0, 0, 1, 0, 0
														
												•FEAT (90)
												 0, 1
												
														•COLR (4)
														 255, 65, 65, 65
														
														•POLY (36)
														 0, 1, 0, 4, 255, 251, 61, 28, 0, 3, 142, 176, 0, 4, 194, 228, 0, 5, 50, 248, 0, 3, 102, 168, 255, 251, 89, 36, 255, 254, 198, 140, 255, 250, 205, 8
														
														•POSN (24)
														 0, 65, 183, 232, 0, 67, 95, 180, 255, 255, 81, 14, 255, 255, 254, 152, 0, 1, 0, 125, 0, 0, 255, 86
														
												•FEAT (90)
												 0, 1
												
														•COLR (4)
														 255, 65, 65, 65
														
														•POLY (36)
														 0, 1, 0, 4, 255, 251, 61, 28, 0, 3, 142, 176, 0, 4, 194, 228, 0, 5, 50, 248, 0, 3, 102, 168, 255, 251, 89, 36, 255, 254, 198, 140, 255, 250, 205, 8
														
														•POSN (24)
														 0, 75, 34, 128, 0, 56, 57, 136, 255, 254, 163, 63, 255, 255, 255, 112, 0, 1, 1, 51, 0, 0, 254, 112
														
												•FEAT (90)
												 0, 1
												
														•COLR (4)
														 255, 65, 65, 65
														
														•POLY (36)
														 0, 1, 0, 4, 255, 251, 61, 28, 0, 3, 142, 176, 0, 4, 194, 228, 0, 5, 50, 248, 0, 3, 102, 168, 255, 251, 89, 36, 255, 254, 198, 140, 255, 250, 205, 8
														
														•POSN (24)
														 0, 75, 227, 196, 0, 41, 232, 252, 255, 253, 245, 227, 0, 0, 1, 49, 0, 1, 0, 215, 0, 0, 254, 143
														
												•FEAT (90)
												 0, 1
												
														•COLR (4)
														 255, 65, 65, 65
														
														•POLY (36)
														 0, 1, 0, 4, 255, 251, 61, 28, 0, 3, 142, 176, 0, 4, 194, 228, 0, 5, 50, 248, 0, 3, 102, 168, 255, 251, 89, 36, 255, 254, 198, 140, 255, 250, 205, 8
														
														•POSN (24)
														 0, 67, 66, 212, 0, 29, 190, 192, 255, 253, 71, 160, 0, 0, 1, 23, 0, 0, 255, 204, 0, 0, 255, 81
														
												•FEAT (90)
												 0, 1
												
														•COLR (4)
														 255, 65, 65, 65
														
														•POLY (36)
														 0, 1, 0, 4, 255, 251, 61, 28, 0, 3, 142, 176, 0, 4, 194, 228, 0, 5, 50, 248, 0, 3, 102, 168, 255, 251, 89, 36, 255, 254, 198, 140, 255, 250, 205, 8
														
														•POSN (24)
														 0, 53, 72, 52, 0, 26, 37, 168, 0, 2, 225, 5, 255, 255, 255, 81, 0, 0, 255, 127, 0, 0, 255, 78
														
												•FEAT (90)
												 0, 1
												
														•COLR (4)
														 255, 65, 65, 65
														
														•POLY (36)
														 0, 1, 0, 4, 255, 251, 61, 28, 0, 3, 142, 176, 0, 4, 194, 228, 0, 5, 50, 248, 0, 3, 102, 168, 255, 251, 89, 36, 255, 254, 198, 140, 255, 250, 205, 8
														
														•POSN (24)
														 0, 38, 187, 108, 0, 32, 72, 148, 0, 2, 50, 125, 255, 255, 254, 170, 0, 1, 0, 38, 0, 0, 254, 77
														
												•FEAT (90)
												 0, 1
												
														•COLR (4)
														 255, 65, 65, 65
														
														•POLY (36)
														 0, 1, 0, 4, 255, 251, 128, 60, 0, 3, 221, 232, 0, 5, 125, 212, 0, 4, 140, 156, 0, 4, 68, 60, 255, 251, 98, 96, 255, 254, 198, 140, 255, 250, 205, 8
														
														•POSN (24)
														 0, 32, 129, 172, 0, 46, 82, 148, 0, 1, 133, 11, 0, 0, 0, 38, 0, 1, 0, 113, 0, 0, 253, 158
														
												•FEAT (90)
												 0, 1
												
														•COLR (4)
														 255, 65, 65, 65
														
														•POLY (36)
														 0, 1, 0, 4, 255, 251, 61, 28, 0, 3, 142, 176, 0, 4, 194, 228, 0, 5, 50, 248, 0, 3, 102, 168, 255, 251, 89, 36, 255, 254, 198, 140, 255, 250, 205, 8
														
														•POSN (24)
														 0, 36, 171, 228, 0, 60, 240, 204, 0, 0, 215, 129, 0, 0, 1, 107, 0, 0, 255, 152, 0, 0, 254, 3
														
										•POSN (48)
										 250, 130, 171, 212, 20, 9, 68, 20, 255, 202, 225, 204, 0, 0, 0, 0, 0, 0, 4, 48, 0, 3, 36, 63, 0, 0, 0, 0, 0, 0, 0, 0, 0, 0, 0, 138, 0, 1, 0, 0, 0, 0, 235, 210, 0, 0, 220, 188
										
										•ESLC (42)
										 0, 1, 0, 0, 0, 0, 0, 0, 0, 0, 0, 0, 0, 0, 0, 0, 0, 0, 0, 0, 0, 0, 0, 0, 0, 0, 0, 26, 255, 40, 255, 189, 130, 12, 0, 48, 254, 124, 0, 65, 253, 240
										
								•PRSM (394)
								
										•LOCK (2)
										 0, 0
										
										•LNUM (2)
										 0, 0
										
										•COLR (8)
										 0, 26, 26, 26, 255, 26, 26, 26
										
										•PLGR (2)
										 0, 0
										
										•POLY (152)
										 0, 1, 1, 1, 0, 1, 0, 47, 254, 128, 0, 12, 127, 164, 0, 0, 148, 104, 255, 255, 203, 164, 0, 0, 0, 0, 0, 0, 0, 0, 0, 15, 255, 234, 47, 32, 255, 208, 78, 0, 255, 216, 197, 32, 255, 219, 64, 48, 255, 205, 1, 152, 255, 236, 0, 164, 255, 201, 60, 52, 0, 1, 10, 4, 255, 205, 205, 56, 0, 21, 234, 240, 255, 218, 2, 156, 0, 39, 117, 156, 255, 236, 0, 164, 0, 50, 254, 104, 0, 0, 128, 4, 0, 54, 254, 76, 0, 21, 234, 240, 0, 50, 50, 200, 0, 39, 117, 156, 0, 37, 253, 100, 0, 50, 254, 104, 0, 19, 255, 92, 0, 54, 254, 76, 255, 255, 0, 4, 0, 50, 50, 200, 255, 234, 21, 16, 0, 37, 253, 100, 255, 216, 138, 100, 0, 20, 127, 96, 255, 208, 1, 128
										
										•SLIC (34)
										 0, 2, 0, 0, 9, 44, 0, 0, 0, 0, 255, 202, 0, 0, 255, 211, 191, 244, 255, 184, 75, 178, 0, 0, 0, 0, 0, 11, 128, 0, 11, 115, 79, 20
										
										•POSN (48)
										 250, 133, 171, 188, 20, 9, 68, 20, 255, 202, 225, 204, 0, 0, 0, 0, 0, 0, 4, 48, 0, 3, 36, 63, 0, 0, 0, 0, 0, 0, 0, 0, 0, 0, 0, 138, 0, 1, 0, 0, 0, 0, 235, 213, 0, 0, 220, 188
										
										•ESLC (82)
										 0, 2, 0, 0, 0, 0, 0, 0, 0, 0, 0, 0, 0, 0, 0, 0, 0, 0, 0, 0, 0, 0, 0, 0, 0, 0, 0, 5, 255, 208, 255, 255, 47, 56, 0, 59, 254, 32, 255, 255, 56, 104, 0, 0, 0, 0, 0, 0, 0, 0, 0, 0, 0, 0, 0, 0, 0, 0, 0, 0, 0, 0, 0, 0, 0, 0, 0, 41, 126, 184, 0, 3, 212, 196, 0, 29, 255, 16, 255, 188, 34, 184
										
								•PRSM (394)
								
										•LOCK (2)
										 0, 0
										
										•LNUM (2)
										 0, 0
										
										•COLR (8)
										 0, 26, 26, 26, 255, 26, 26, 26
										
										•PLGR (2)
										 0, 0
										
										•POLY (152)
										 0, 1, 1, 1, 0, 1, 0, 47, 254, 128, 0, 12, 127, 164, 0, 0, 148, 104, 255, 255, 203, 164, 0, 0, 0, 0, 0, 0, 0, 0, 0, 15, 255, 234, 47, 32, 255, 208, 78, 0, 255, 216, 197, 32, 255, 219, 64, 48, 255, 205, 1, 152, 255, 236, 0, 164, 255, 201, 60, 52, 0, 1, 10, 4, 255, 205, 205, 56, 0, 21, 234, 240, 255, 218, 2, 156, 0, 39, 117, 156, 255, 236, 0, 164, 0, 50, 254, 104, 0, 0, 128, 4, 0, 54, 254, 76, 0, 21, 234, 240, 0, 50, 50, 200, 0, 39, 117, 156, 0, 37, 253, 100, 0, 50, 254, 104, 0, 19, 255, 92, 0, 54, 254, 76, 255, 255, 0, 4, 0, 50, 50, 200, 255, 234, 21, 16, 0, 37, 253, 100, 255, 216, 138, 100, 0, 20, 127, 96, 255, 208, 1, 128
										
										•SLIC (34)
										 0, 2, 0, 0, 9, 44, 0, 0, 0, 0, 255, 202, 0, 0, 255, 211, 191, 244, 255, 184, 75, 178, 0, 0, 0, 0, 0, 11, 128, 0, 11, 115, 79, 20
										
										•POSN (48)
										 250, 133, 171, 188, 18, 114, 19, 212, 255, 204, 62, 116, 0, 0, 0, 0, 0, 0, 4, 48, 0, 3, 36, 63, 0, 0, 0, 0, 0, 0, 0, 0, 0, 0, 0, 138, 0, 1, 0, 0, 0, 0, 235, 213, 0, 0, 220, 188
										
										•ESLC (82)
										 0, 2, 0, 0, 0, 0, 0, 0, 0, 0, 0, 0, 0, 0, 0, 0, 0, 0, 0, 0, 0, 0, 0, 0, 0, 0, 0, 5, 255, 208, 255, 255, 47, 56, 0, 59, 254, 32, 255, 255, 56, 104, 0, 0, 0, 0, 0, 0, 0, 0, 0, 0, 0, 0, 0, 0, 0, 0, 0, 0, 0, 0, 0, 0, 0, 0, 0, 41, 126, 184, 0, 3, 212, 196, 0, 29, 255, 16, 255, 188, 34, 184
										
								•PRSM (2898)
								
										•LOCK (2)
										 0, 0
										
										•LNUM (2)
										 0, 0
										
										•COLR (8)
										 0, 26, 26, 26, 255, 26, 26, 26
										
										•PLGR (2)
										 0, 0
										
										•POLY (152)
										 0, 1, 1, 1, 0, 1, 0, 47, 254, 128, 0, 12, 127, 164, 0, 0, 148, 104, 255, 255, 203, 164, 0, 0, 0, 0, 0, 0, 0, 0, 0, 15, 255, 234, 47, 32, 255, 208, 78, 0, 255, 216, 197, 32, 255, 219, 64, 48, 255, 205, 1, 152, 255, 236, 0, 164, 255, 201, 60, 52, 0, 1, 10, 4, 255, 205, 205, 56, 0, 21, 234, 240, 255, 218, 2, 156, 0, 39, 117, 156, 255, 236, 0, 164, 0, 50, 254, 104, 0, 0, 128, 4, 0, 54, 254, 76, 0, 21, 234, 240, 0, 50, 50, 200, 0, 39, 117, 156, 0, 37, 253, 100, 0, 50, 254, 104, 0, 19, 255, 92, 0, 54, 254, 76, 255, 255, 0, 4, 0, 50, 50, 200, 255, 234, 21, 16, 0, 37, 253, 100, 255, 216, 138, 100, 0, 20, 127, 96, 255, 208, 1, 128
										
										•SLIC (18)
										 0, 1, 0, 132, 128, 0, 0, 0, 0, 0, 255, 234, 0, 0, 236, 80, 29, 124
										
										•SURF (2552)
										 0, 0
										
												•FEAT (186)
												 0, 1
												
														•COLR (4)
														 255, 0, 0, 0
														
														•POLY (132)
														 0, 3, 0, 16, 0, 14, 152, 128, 255, 222, 20, 44, 0, 0, 147, 192, 255, 219, 11, 32, 255, 242, 120, 140, 255, 221, 162, 104, 255, 230, 108, 152, 255, 229, 117, 24, 255, 222, 69, 100, 255, 241, 82, 56, 255, 219, 64, 204, 255, 255, 107, 104, 255, 221, 212, 84, 0, 13, 155, 48, 255, 229, 155, 160, 0, 25, 184, 196, 255, 241, 103, 128, 0, 33, 235, 212, 255, 255, 108, 64, 0, 36, 244, 224, 0, 13, 135, 116, 0, 34, 93, 152, 0, 25, 147, 104, 0, 26, 138, 232, 0, 33, 186, 156, 0, 14, 173, 200, 0, 36, 191, 52, 0, 0, 148, 152, 0, 34, 43, 172, 255, 242, 100, 208, 0, 26, 100, 96, 255, 230, 71, 72
														
														•POSN (24)
														 0, 54, 176, 88, 0, 48, 40, 236, 0, 0, 0, 0, 0, 0, 0, 0, 0, 1, 0, 0, 0, 1, 0, 0
														
												•FEAT (186)
												 0, 1
												
														•COLR (4)
														 255, 255, 255, 255
														
														•POLY (132)
														 0, 3, 0, 16, 255, 224, 182, 60, 0, 14, 60, 184, 255, 232, 138, 192, 0, 25, 32, 120, 255, 243, 241, 120, 0, 32, 48, 244, 0, 1, 46, 28, 0, 34, 90, 212, 0, 14, 60, 184, 0, 31, 73, 196, 0, 25, 32, 120, 0, 23, 117, 64, 0, 32, 48, 244, 0, 12, 14, 136, 0, 34, 90, 212, 255, 254, 209, 228, 0, 31, 73, 196, 255, 241, 195, 72, 0, 23, 117, 64, 255, 230, 223, 136, 0, 12, 14, 136, 255, 223, 207, 12, 255, 254, 209, 228, 255, 221, 165, 44, 255, 241, 195, 72, 255, 224, 182, 60, 255, 230, 223, 136, 255, 232, 138, 192, 255, 223, 207, 12, 255, 243, 241, 120, 255, 221, 165, 44, 0, 1, 46, 28
														
														•POSN (24)
														 0, 54, 106, 176, 0, 47, 226, 216, 0, 0, 0, 0, 0, 0, 0, 0, 0, 1, 0, 0, 0, 1, 0, 0
														
												•FEAT (186)
												 0, 1
												
														•COLR (4)
														 255, 190, 190, 190
														
														•POLY (132)
														 0, 3, 0, 16, 0, 28, 53, 48, 255, 243, 15, 40, 0, 21, 27, 180, 255, 233, 63, 236, 0, 10, 203, 144, 255, 226, 231, 96, 255, 254, 214, 184, 255, 224, 252, 188, 255, 243, 15, 40, 255, 227, 202, 208, 255, 233, 63, 236, 255, 234, 228, 76, 255, 226, 231, 96, 255, 245, 52, 112, 255, 224, 252, 188, 0, 1, 41, 72, 255, 227, 202, 208, 0, 12, 240, 216, 255, 234, 228, 76, 0, 22, 192, 20, 255, 245, 52, 112, 0, 29, 24, 160, 0, 1, 41, 72, 0, 31, 3, 68, 0, 12, 240, 216, 0, 28, 53, 48, 0, 22, 192, 20, 0, 21, 27, 180, 0, 29, 24, 160, 0, 10, 203, 144, 0, 31, 3, 68, 255, 254, 214, 184
														
														•POSN (24)
														 0, 54, 131, 16, 0, 47, 248, 116, 0, 0, 0, 0, 0, 0, 0, 0, 0, 1, 0, 0, 0, 1, 0, 0
														
												•FEAT (186)
												 0, 1
												
														•COLR (4)
														 255, 255, 255, 255
														
														•POLY (132)
														 0, 3, 0, 16, 0, 19, 103, 184, 255, 234, 125, 176, 0, 9, 178, 104, 255, 228, 179, 200, 255, 254, 131, 36, 255, 227, 17, 204, 255, 243, 141, 232, 255, 229, 215, 76, 255, 234, 125, 176, 255, 236, 152, 72, 255, 228, 179, 200, 255, 246, 77, 152, 255, 227, 17, 204, 0, 1, 124, 220, 255, 229, 215, 76, 0, 12, 114, 24, 255, 236, 152, 72, 0, 21, 130, 80, 255, 246, 77, 152, 0, 27, 76, 56, 0, 1, 124, 220, 0, 28, 238, 52, 0, 12, 114, 24, 0, 26, 40, 180, 0, 21, 130, 80, 0, 19, 103, 184, 0, 27, 76, 56, 0, 9, 178, 104, 0, 28, 238, 52, 255, 254, 131, 36, 0, 26, 40, 180, 255, 243, 141, 232
														
														•POSN (24)
														 0, 54, 155, 112, 0, 48, 14, 4, 0, 0, 0, 0, 0, 0, 0, 0, 0, 1, 0, 0, 0, 1, 0, 0
														
												•FEAT (130)
												 0, 1
												
														•COLR (4)
														 255, 183, 227, 255
														
														•POLY (76)
														 0, 1, 0, 9, 255, 228, 63, 196, 255, 244, 96, 156, 255, 230, 39, 104, 255, 250, 242, 16, 255, 237, 58, 120, 0, 3, 109, 236, 255, 246, 53, 68, 0, 9, 115, 44, 0, 0, 0, 252, 0, 10, 209, 144, 0, 11, 180, 76, 0, 8, 231, 16, 0, 20, 105, 100, 0, 2, 85, 180, 0, 24, 195, 252, 255, 250, 242, 4, 0, 26, 241, 60, 255, 244, 96, 144
														
														•POSN (24)
														 0, 54, 176, 88, 0, 66, 21, 60, 0, 0, 0, 0, 0, 0, 0, 0, 0, 1, 0, 0, 0, 1, 0, 0
														
												•FEAT (114)
												 0, 1
												
														•COLR (4)
														 255, 190, 190, 190
														
														•POLY (60)
														 0, 1, 0, 7, 0, 22, 185, 108, 0, 6, 216, 72, 0, 18, 164, 148, 0, 1, 235, 40, 0, 10, 122, 228, 255, 252, 254, 44, 255, 255, 152, 128, 255, 251, 89, 204, 255, 244, 251, 208, 255, 253, 138, 48, 255, 237, 232, 156, 0, 2, 119, 68, 255, 233, 211, 184, 0, 7, 100, 100
														
														•POSN (24)
														 0, 54, 2, 52, 0, 23, 206, 104, 0, 0, 0, 0, 0, 0, 0, 0, 0, 1, 0, 0, 0, 1, 0, 0
														
												•FEAT (186)
												 0, 1
												
														•COLR (4)
														 255, 190, 190, 190
														
														•POLY (132)
														 0, 3, 0, 16, 0, 8, 134, 152, 255, 242, 96, 212, 0, 2, 177, 136, 255, 240, 34, 60, 255, 252, 115, 132, 255, 240, 78, 16, 255, 246, 191, 200, 255, 242, 221, 144, 255, 242, 116, 156, 255, 247, 108, 252, 255, 240, 57, 76, 255, 253, 74, 136, 255, 240, 100, 216, 0, 3, 145, 176, 255, 242, 240, 164, 0, 9, 77, 184, 255, 247, 121, 104, 0, 13, 159, 32, 255, 253, 78, 120, 0, 15, 221, 196, 0, 3, 140, 124, 0, 15, 177, 240, 0, 9, 64, 56, 0, 13, 34, 112, 0, 13, 139, 100, 0, 8, 147, 4, 0, 15, 198, 180, 0, 2, 181, 120, 0, 15, 155, 40, 255, 252, 110, 80, 0, 13, 15, 104, 255, 246, 178, 72
														
														•POSN (24)
														 0, 54, 106, 176, 0, 48, 40, 236, 0, 0, 0, 0, 0, 0, 0, 0, 0, 1, 0, 0, 0, 1, 0, 0
														
												•FEAT (186)
												 0, 1
												
														•COLR (4)
														 255, 255, 255, 255
														
														•POLY (132)
														 0, 3, 0, 16, 0, 6, 142, 212, 255, 242, 155, 12, 0, 0, 246, 72, 255, 241, 25, 236, 255, 251, 56, 60, 255, 241, 221, 124, 255, 246, 52, 120, 255, 244, 199, 236, 255, 242, 174, 116, 255, 249, 103, 156, 255, 241, 47, 148, 255, 255, 8, 80, 255, 241, 242, 4, 0, 4, 206, 192, 255, 244, 216, 60, 0, 9, 217, 212, 255, 249, 113, 44, 0, 13, 101, 0, 255, 255, 9, 184, 0, 14, 230, 20, 0, 4, 199, 196, 0, 14, 34, 132, 0, 9, 203, 136, 0, 11, 56, 20, 0, 13, 81, 140, 0, 6, 152, 100, 0, 14, 208, 108, 0, 0, 247, 176, 0, 14, 13, 252, 255, 251, 49, 64, 0, 11, 39, 196, 255, 246, 38, 44
														
														•POSN (24)
														 0, 54, 176, 88, 0, 47, 226, 216, 0, 0, 0, 0, 0, 0, 0, 0, 0, 1, 0, 0, 0, 1, 0, 0
														
												•FEAT (106)
												 0, 1
												
														•COLR (4)
														 255, 183, 227, 255
														
														•POLY (52)
														 0, 1, 0, 6, 255, 243, 89, 32, 255, 252, 113, 92, 255, 245, 134, 84, 255, 255, 115, 228, 255, 250, 177, 192, 0, 2, 188, 128, 0, 1, 127, 28, 0, 3, 142, 176, 0, 7, 123, 128, 0, 1, 164, 72, 0, 12, 166, 224, 255, 252, 183, 100
														
														•POSN (24)
														 0, 54, 141, 132, 0, 58, 142, 208, 0, 0, 0, 0, 0, 0, 0, 0, 0, 1, 0, 0, 0, 1, 0, 0
														
												•FEAT (122)
												 0, 1
												
														•COLR (4)
														 255, 11, 63, 92
														
														•POLY (68)
														 0, 3, 0, 8, 0, 0, 147, 192, 255, 250, 99, 144, 255, 252, 118, 132, 255, 251, 159, 44, 255, 250, 107, 172, 255, 255, 107, 104, 255, 251, 165, 140, 0, 3, 142, 176, 255, 255, 108, 64, 0, 5, 156, 112, 0, 3, 137, 124, 0, 4, 96, 212, 0, 5, 148, 84, 0, 0, 148, 152, 0, 4, 90, 128, 255, 252, 113, 80
														
														•POSN (24)
														 0, 54, 37, 8, 0, 48, 40, 236, 0, 0, 0, 0, 0, 0, 0, 0, 0, 1, 0, 0, 0, 1, 0, 0
														
												•FEAT (90)
												 0, 1
												
														•COLR (4)
														 255, 65, 65, 65
														
														•POLY (36)
														 0, 1, 0, 4, 255, 251, 61, 28, 0, 3, 142, 176, 0, 4, 194, 228, 0, 5, 50, 248, 0, 3, 102, 168, 255, 251, 89, 36, 255, 254, 198, 140, 255, 250, 205, 8
														
														•POSN (24)
														 0, 50, 120, 184, 0, 70, 12, 248, 0, 0, 0, 0, 0, 0, 0, 0, 0, 1, 0, 0, 0, 1, 0, 0
														
												•FEAT (90)
												 0, 1
												
														•COLR (4)
														 255, 65, 65, 65
														
														•POLY (36)
														 0, 1, 0, 4, 255, 251, 61, 28, 0, 3, 142, 176, 0, 4, 194, 228, 0, 5, 50, 248, 0, 3, 102, 168, 255, 251, 89, 36, 255, 254, 198, 140, 255, 250, 205, 8
														
														•POSN (24)
														 0, 65, 183, 232, 0, 67, 95, 180, 255, 255, 81, 14, 255, 255, 254, 152, 0, 1, 0, 125, 0, 0, 255, 86
														
												•FEAT (90)
												 0, 1
												
														•COLR (4)
														 255, 65, 65, 65
														
														•POLY (36)
														 0, 1, 0, 4, 255, 251, 61, 28, 0, 3, 142, 176, 0, 4, 194, 228, 0, 5, 50, 248, 0, 3, 102, 168, 255, 251, 89, 36, 255, 254, 198, 140, 255, 250, 205, 8
														
														•POSN (24)
														 0, 75, 34, 128, 0, 56, 57, 136, 255, 254, 163, 63, 255, 255, 255, 112, 0, 1, 1, 51, 0, 0, 254, 112
														
												•FEAT (90)
												 0, 1
												
														•COLR (4)
														 255, 65, 65, 65
														
														•POLY (36)
														 0, 1, 0, 4, 255, 251, 61, 28, 0, 3, 142, 176, 0, 4, 194, 228, 0, 5, 50, 248, 0, 3, 102, 168, 255, 251, 89, 36, 255, 254, 198, 140, 255, 250, 205, 8
														
														•POSN (24)
														 0, 75, 227, 196, 0, 41, 232, 252, 255, 253, 245, 227, 0, 0, 1, 49, 0, 1, 0, 215, 0, 0, 254, 143
														
												•FEAT (90)
												 0, 1
												
														•COLR (4)
														 255, 65, 65, 65
														
														•POLY (36)
														 0, 1, 0, 4, 255, 251, 61, 28, 0, 3, 142, 176, 0, 4, 194, 228, 0, 5, 50, 248, 0, 3, 102, 168, 255, 251, 89, 36, 255, 254, 198, 140, 255, 250, 205, 8
														
														•POSN (24)
														 0, 67, 66, 212, 0, 29, 190, 192, 255, 253, 71, 160, 0, 0, 1, 23, 0, 0, 255, 204, 0, 0, 255, 81
														
												•FEAT (90)
												 0, 1
												
														•COLR (4)
														 255, 65, 65, 65
														
														•POLY (36)
														 0, 1, 0, 4, 255, 251, 61, 28, 0, 3, 142, 176, 0, 4, 194, 228, 0, 5, 50, 248, 0, 3, 102, 168, 255, 251, 89, 36, 255, 254, 198, 140, 255, 250, 205, 8
														
														•POSN (24)
														 0, 53, 72, 52, 0, 26, 37, 168, 0, 2, 225, 5, 255, 255, 255, 81, 0, 0, 255, 127, 0, 0, 255, 78
														
												•FEAT (90)
												 0, 1
												
														•COLR (4)
														 255, 65, 65, 65
														
														•POLY (36)
														 0, 1, 0, 4, 255, 251, 61, 28, 0, 3, 142, 176, 0, 4, 194, 228, 0, 5, 50, 248, 0, 3, 102, 168, 255, 251, 89, 36, 255, 254, 198, 140, 255, 250, 205, 8
														
														•POSN (24)
														 0, 38, 187, 108, 0, 32, 72, 148, 0, 2, 50, 125, 255, 255, 254, 170, 0, 1, 0, 38, 0, 0, 254, 77
														
												•FEAT (90)
												 0, 1
												
														•COLR (4)
														 255, 65, 65, 65
														
														•POLY (36)
														 0, 1, 0, 4, 255, 251, 128, 60, 0, 3, 221, 232, 0, 5, 125, 212, 0, 4, 140, 156, 0, 4, 68, 60, 255, 251, 98, 96, 255, 254, 198, 140, 255, 250, 205, 8
														
														•POSN (24)
														 0, 32, 129, 172, 0, 46, 82, 148, 0, 1, 133, 11, 0, 0, 0, 38, 0, 1, 0, 113, 0, 0, 253, 158
														
												•FEAT (90)
												 0, 1
												
														•COLR (4)
														 255, 65, 65, 65
														
														•POLY (36)
														 0, 1, 0, 4, 255, 251, 61, 28, 0, 3, 142, 176, 0, 4, 194, 228, 0, 5, 50, 248, 0, 3, 102, 168, 255, 251, 89, 36, 255, 254, 198, 140, 255, 250, 205, 8
														
														•POSN (24)
														 0, 36, 171, 228, 0, 60, 240, 204, 0, 0, 215, 129, 0, 0, 1, 107, 0, 0, 255, 152, 0, 0, 254, 3
														
										•POSN (48)
										 250, 130, 171, 212, 18, 114, 19, 212, 255, 204, 62, 116, 0, 0, 0, 0, 0, 0, 4, 48, 0, 3, 36, 63, 0, 0, 0, 0, 0, 0, 0, 0, 0, 0, 0, 138, 0, 1, 0, 0, 0, 0, 235, 210, 0, 0, 220, 188
										
										•ESLC (42)
										 0, 1, 0, 0, 0, 0, 0, 0, 0, 0, 0, 0, 0, 0, 0, 0, 0, 0, 0, 0, 0, 0, 0, 0, 0, 0, 0, 26, 255, 40, 255, 189, 130, 12, 0, 48, 254, 124, 0, 65, 253, 240
										
						•PRSM (7918)
						
								•LOCK (2)
								 0, 0
								
								•LNUM (2)
								 0, 0
								
								•COLR (8)
								 0, 124, 217, 255, 255, 124, 217, 255
								
								•PLGR (2)
								 0, 0
								
								•POLY (72)
								 0, 1, 2, 1, 0, 1, 7, 68, 33, 0, 3, 132, 48, 0, 0, 0, 0, 0, 0, 0, 0, 0, 0, 0, 0, 0, 0, 0, 0, 0, 0, 5, 254, 152, 5, 160, 3, 71, 242, 224, 0, 35, 255, 112, 3, 71, 242, 224, 2, 63, 247, 0, 0, 0, 0, 0, 0, 35, 255, 112, 252, 184, 13, 32, 254, 152, 5, 160, 252, 184, 13, 32
								
								•SURF (2720)
								 0, 0
								
										•FEAT (98)
										 0, 1
										
												•COLR (4)
												 255, 0, 173, 217
												
												•POLY (44)
												 0, 1, 0, 5, 0, 14, 255, 160, 0, 38, 254, 212, 0, 26, 255, 88, 0, 26, 255, 52, 0, 26, 255, 88, 255, 217, 1, 44, 255, 241, 0, 96, 255, 217, 1, 44, 255, 229, 0, 168, 255, 235, 0, 180
												
												•POSN (24)
												 4, 124, 229, 24, 0, 218, 249, 52, 0, 0, 0, 0, 0, 0, 0, 0, 0, 1, 0, 0, 0, 1, 0, 0
												
										•FEAT (90)
										 0, 1
										
												•COLR (4)
												 255, 51, 153, 255
												
												•POLY (36)
												 0, 2, 0, 4, 0, 90, 15, 96, 0, 179, 250, 96, 0, 90, 15, 96, 255, 76, 5, 160, 0, 84, 12, 120, 255, 76, 5, 160, 0, 84, 12, 120, 0, 179, 250, 96
												
												•POSN (24)
												 3, 251, 232, 24, 0, 179, 250, 96, 0, 0, 0, 0, 0, 0, 0, 0, 0, 1, 0, 0, 0, 1, 0, 0
												
										•FEAT (90)
										 0, 1
										
												•COLR (4)
												 255, 255, 255, 255
												
												•POLY (36)
												 0, 2, 0, 4, 0, 77, 254, 44, 0, 192, 5, 64, 0, 77, 254, 44, 255, 76, 5, 160, 255, 130, 17, 52, 255, 76, 5, 160, 255, 130, 17, 52, 0, 192, 5, 64
												
												•POSN (24)
												 4, 1, 231, 244, 0, 179, 250, 96, 0, 0, 0, 0, 0, 0, 0, 0, 0, 1, 0, 0, 0, 1, 0, 0
												
										•FEAT (90)
										 0, 1
										
												•COLR (4)
												 255, 51, 153, 255
												
												•POLY (36)
												 0, 2, 0, 4, 0, 71, 254, 80, 0, 186, 4, 200, 0, 71, 254, 80, 255, 88, 5, 64, 255, 172, 16, 152, 255, 88, 5, 64, 255, 172, 16, 152, 0, 186, 4, 200
												
												•POSN (24)
												 3, 239, 232, 96, 0, 167, 250, 192, 0, 0, 0, 0, 0, 0, 0, 0, 0, 1, 0, 0, 0, 1, 0, 0
												
										•FEAT (90)
										 0, 1
										
												•COLR (4)
												 255, 173, 130, 60
												
												•POLY (36)
												 0, 2, 0, 4, 0, 74, 254, 56, 0, 173, 250, 144, 0, 74, 254, 56, 255, 82, 5, 112, 255, 181, 1, 200, 255, 82, 5, 112, 255, 181, 1, 200, 0, 173, 250, 144
												
												•POSN (24)
												 3, 236, 232, 120, 0, 173, 250, 144, 0, 0, 0, 0, 0, 0, 0, 0, 0, 1, 0, 0, 0, 1, 0, 0
												
										•FEAT (90)
										 0, 1
										
												•COLR (4)
												 255, 65, 65, 65
												
												•POLY (36)
												 0, 2, 0, 4, 0, 47, 254, 224, 0, 57, 7, 164, 0, 47, 254, 224, 255, 211, 1, 92, 255, 196, 16, 104, 255, 211, 1, 92, 255, 196, 16, 104, 0, 57, 7, 164
												
												•POSN (24)
												 3, 239, 232, 96, 1, 4, 247, 228, 0, 0, 0, 0, 0, 0, 0, 0, 0, 1, 0, 0, 0, 1, 0, 0
												
										•FEAT (90)
										 0, 1
										
												•COLR (4)
												 255, 0, 173, 217
												
												•POLY (36)
												 0, 2, 0, 4, 0, 50, 254, 200, 0, 47, 254, 128, 0, 50, 254, 200, 255, 208, 1, 128, 255, 205, 1, 56, 255, 208, 1, 128, 255, 205, 1, 56, 0, 47, 254, 128
												
												•POSN (24)
												 3, 236, 232, 120, 1, 7, 247, 192, 0, 0, 0, 0, 0, 0, 0, 0, 0, 1, 0, 0, 0, 1, 0, 0
												
										•FEAT (122)
										 0, 1
										
												•COLR (4)
												 255, 65, 65, 65
												
												•POLY (68)
												 0, 3, 0, 8, 0, 0, 0, 0, 255, 247, 132, 12, 255, 250, 0, 48, 255, 250, 0, 48, 255, 247, 132, 12, 0, 0, 0, 24, 255, 250, 0, 48, 0, 5, 255, 196, 0, 0, 0, 0, 0, 8, 123, 244, 0, 5, 255, 220, 0, 5, 255, 208, 0, 8, 123, 244, 0, 0, 0, 24, 0, 5, 255, 220, 255, 250, 0, 48
												
												•POSN (24)
												 4, 31, 231, 64, 0, 161, 250, 240, 0, 0, 0, 0, 0, 0, 0, 0, 0, 1, 0, 0, 0, 1, 0, 0
												
										•FEAT (122)
										 0, 1
										
												•COLR (4)
												 255, 163, 163, 163
												
												•POLY (68)
												 0, 3, 0, 8, 0, 0, 0, 0, 255, 247, 132, 12, 255, 250, 0, 48, 255, 250, 0, 48, 255, 247, 132, 12, 0, 0, 0, 24, 255, 250, 0, 48, 0, 5, 255, 196, 0, 0, 0, 0, 0, 8, 123, 244, 0, 5, 255, 220, 0, 5, 255, 208, 0, 8, 123, 244, 0, 0, 0, 24, 0, 5, 255, 220, 255, 250, 0, 48
												
												•POSN (24)
												 4, 25, 231, 112, 0, 167, 250, 216, 0, 0, 0, 0, 0, 0, 0, 0, 0, 1, 0, 0, 0, 1, 0, 0
												
										•FEAT (90)
										 0, 1
										
												•COLR (4)
												 255, 6, 56, 65
												
												•POLY (36)
												 0, 2, 0, 4, 0, 20, 255, 124, 0, 29, 255, 16, 0, 20, 255, 124, 255, 226, 0, 240, 255, 235, 0, 132, 255, 226, 0, 240, 255, 235, 0, 132, 0, 29, 255, 16
												
												•POSN (24)
												 4, 118, 229, 60, 0, 227, 248, 248, 0, 0, 0, 0, 0, 0, 0, 0, 0, 1, 0, 0, 0, 1, 0, 0
												
										•FEAT (90)
										 0, 1
										
												•COLR (4)
												 255, 255, 204, 153
												
												•POLY (36)
												 0, 2, 0, 4, 0, 20, 255, 124, 0, 2, 255, 244, 0, 20, 255, 124, 255, 253, 0, 12, 255, 235, 0, 132, 255, 253, 0, 12, 255, 235, 0, 132, 0, 2, 255, 244
												
												•POSN (24)
												 4, 118, 229, 60, 0, 242, 248, 116, 0, 0, 0, 0, 0, 0, 0, 0, 0, 1, 0, 0, 0, 1, 0, 0
												
										•FEAT (90)
										 0, 1
										
												•COLR (4)
												 255, 0, 173, 217
												
												•POLY (36)
												 0, 2, 0, 4, 0, 162, 5, 184, 0, 83, 253, 96, 0, 162, 5, 184, 255, 166, 8, 232, 255, 100, 3, 168, 255, 166, 8, 232, 255, 100, 3, 168, 0, 83, 253, 96
												
												•POSN (24)
												 1, 193, 245, 128, 1, 19, 247, 96, 0, 0, 0, 0, 0, 0, 0, 0, 0, 1, 0, 0, 0, 1, 0, 0
												
										•FEAT (90)
										 0, 1
										
												•COLR (4)
												 255, 255, 255, 255
												
												•POLY (36)
												 0, 2, 0, 4, 0, 152, 252, 100, 0, 80, 253, 108, 0, 152, 252, 100, 255, 175, 2, 148, 255, 103, 3, 156, 255, 175, 2, 148, 255, 103, 3, 156, 0, 80, 253, 108
												
												•POSN (24)
												 1, 190, 245, 140, 1, 22, 247, 84, 0, 0, 0, 0, 0, 0, 0, 0, 0, 1, 0, 0, 0, 1, 0, 0
												
										•FEAT (90)
										 0, 1
										
												•COLR (4)
												 255, 0, 173, 217
												
												•POLY (36)
												 0, 2, 0, 4, 0, 65, 254, 116, 0, 62, 254, 20, 0, 65, 254, 116, 255, 193, 1, 236, 255, 190, 1, 140, 255, 193, 1, 236, 255, 190, 1, 140, 0, 62, 254, 20
												
												•POSN (24)
												 1, 121, 247, 36, 1, 22, 247, 84, 0, 0, 0, 0, 0, 0, 0, 0, 0, 1, 0, 0, 0, 1, 0, 0
												
										•FEAT (90)
										 0, 1
										
												•COLR (4)
												 255, 0, 173, 217
												
												•POLY (36)
												 0, 2, 0, 4, 0, 56, 254, 176, 0, 62, 254, 20, 0, 56, 254, 176, 255, 193, 1, 236, 255, 187, 8, 220, 255, 193, 1, 236, 255, 187, 8, 220, 0, 62, 254, 20
												
												•POSN (24)
												 2, 12, 243, 184, 1, 22, 247, 84, 0, 0, 0, 0, 0, 0, 0, 0, 0, 1, 0, 0, 0, 1, 0, 0
												
										•FEAT (90)
										 0, 1
										
												•COLR (4)
												 255, 65, 65, 65
												
												•POLY (36)
												 0, 2, 0, 4, 0, 62, 254, 128, 255, 238, 11, 40, 0, 62, 254, 128, 255, 196, 1, 224, 255, 193, 1, 128, 255, 196, 1, 224, 255, 193, 1, 128, 255, 238, 11, 40
												
												•POSN (24)
												 1, 124, 247, 24, 1, 19, 247, 96, 0, 0, 0, 0, 0, 0, 0, 0, 0, 1, 0, 0, 0, 1, 0, 0
												
										•FEAT (90)
										 0, 1
										
												•COLR (4)
												 255, 236, 239, 171
												
												•POLY (36)
												 0, 2, 0, 4, 0, 56, 254, 176, 0, 59, 254, 32, 0, 56, 254, 176, 255, 196, 1, 224, 255, 193, 8, 208, 255, 196, 1, 224, 255, 193, 8, 208, 0, 59, 254, 32
												
												•POSN (24)
												 2, 12, 243, 184, 1, 19, 247, 96, 0, 0, 0, 0, 0, 0, 0, 0, 0, 1, 0, 0, 0, 1, 0, 0
												
										•FEAT (90)
										 0, 1
										
												•COLR (4)
												 255, 236, 239, 171
												
												•POLY (36)
												 0, 2, 0, 4, 0, 62, 254, 128, 0, 38, 254, 188, 0, 62, 254, 128, 255, 217, 1, 68, 255, 193, 1, 128, 255, 217, 1, 68, 255, 193, 1, 128, 0, 38, 254, 188
												
												•POSN (24)
												 1, 124, 247, 24, 1, 40, 246, 196, 0, 0, 0, 0, 0, 0, 0, 0, 0, 1, 0, 0, 0, 1, 0, 0
												
										•FEAT (90)
										 0, 1
										
												•COLR (4)
												 255, 255, 204, 153
												
												•POLY (36)
												 0, 2, 0, 4, 0, 2, 255, 232, 0, 14, 255, 148, 0, 2, 255, 232, 255, 241, 0, 108, 255, 253, 0, 24, 255, 241, 0, 108, 255, 253, 0, 24, 0, 14, 255, 148
												
												•POSN (24)
												 1, 124, 247, 24, 0, 242, 248, 116, 0, 0, 0, 0, 0, 0, 0, 0, 0, 1, 0, 0, 0, 1, 0, 0
												
										•FEAT (90)
										 0, 1
										
												•COLR (4)
												 255, 0, 173, 217
												
												•POLY (36)
												 0, 2, 0, 4, 0, 162, 5, 184, 0, 83, 253, 96, 0, 162, 5, 184, 255, 166, 8, 232, 255, 100, 3, 168, 255, 166, 8, 232, 255, 100, 3, 168, 0, 83, 253, 96
												
												•POSN (24)
												 5, 147, 230, 56, 1, 19, 247, 96, 0, 0, 0, 0, 0, 0, 0, 0, 0, 1, 0, 0, 0, 1, 0, 0
												
										•FEAT (90)
										 0, 1
										
												•COLR (4)
												 255, 255, 255, 255
												
												•POLY (36)
												 0, 2, 0, 4, 0, 152, 252, 100, 0, 80, 253, 108, 0, 152, 252, 100, 255, 175, 2, 148, 255, 103, 3, 156, 255, 175, 2, 148, 255, 103, 3, 156, 0, 80, 253, 108
												
												•POSN (24)
												 5, 144, 230, 68, 1, 22, 247, 84, 0, 0, 0, 0, 0, 0, 0, 0, 0, 1, 0, 0, 0, 1, 0, 0
												
										•FEAT (90)
										 0, 1
										
												•COLR (4)
												 255, 0, 173, 217
												
												•POLY (36)
												 0, 2, 0, 4, 0, 65, 254, 116, 0, 62, 254, 20, 0, 65, 254, 116, 255, 193, 1, 236, 255, 190, 1, 140, 255, 193, 1, 236, 255, 190, 1, 140, 0, 62, 254, 20
												
												•POSN (24)
												 5, 75, 231, 220, 1, 22, 247, 84, 0, 0, 0, 0, 0, 0, 0, 0, 0, 1, 0, 0, 0, 1, 0, 0
												
										•FEAT (90)
										 0, 1
										
												•COLR (4)
												 255, 0, 173, 217
												
												•POLY (36)
												 0, 2, 0, 4, 0, 56, 254, 176, 0, 62, 254, 20, 0, 56, 254, 176, 255, 193, 1, 236, 255, 187, 8, 220, 255, 193, 1, 236, 255, 187, 8, 220, 0, 62, 254, 20
												
												•POSN (24)
												 5, 222, 228, 112, 1, 22, 247, 84, 0, 0, 0, 0, 0, 0, 0, 0, 0, 1, 0, 0, 0, 1, 0, 0
												
										•FEAT (90)
										 0, 1
										
												•COLR (4)
												 255, 65, 65, 65
												
												•POLY (36)
												 0, 2, 0, 4, 0, 62, 254, 128, 0, 36, 7, 20, 0, 62, 254, 128, 255, 196, 1, 224, 255, 193, 1, 128, 255, 196, 1, 224, 255, 193, 1, 128, 0, 36, 7, 20
												
												•POSN (24)
												 5, 78, 231, 208, 1, 19, 247, 96, 0, 0, 0, 0, 0, 0, 0, 0, 0, 1, 0, 0, 0, 1, 0, 0
												
										•FEAT (90)
										 0, 1
										
												•COLR (4)
												 255, 236, 239, 171
												
												•POLY (36)
												 0, 2, 0, 4, 0, 56, 254, 176, 0, 59, 254, 32, 0, 56, 254, 176, 255, 196, 1, 224, 255, 193, 8, 208, 255, 196, 1, 224, 255, 193, 8, 208, 0, 59, 254, 32
												
												•POSN (24)
												 5, 222, 228, 112, 1, 19, 247, 96, 0, 0, 0, 0, 0, 0, 0, 0, 0, 1, 0, 0, 0, 1, 0, 0
												
										•FEAT (90)
										 0, 1
										
												•COLR (4)
												 255, 236, 239, 171
												
												•POLY (36)
												 0, 2, 0, 4, 0, 62, 254, 128, 0, 38, 254, 188, 0, 62, 254, 128, 0, 15, 7, 92, 255, 193, 1, 128, 0, 15, 7, 92, 255, 193, 1, 128, 0, 38, 254, 188
												
												•POSN (24)
												 5, 78, 231, 208, 1, 40, 246, 196, 0, 0, 0, 0, 0, 0, 0, 0, 0, 1, 0, 0, 0, 1, 0, 0
												
										•FEAT (90)
										 0, 1
										
												•COLR (4)
												 255, 255, 204, 153
												
												•POLY (36)
												 0, 2, 0, 4, 0, 3, 13, 248, 0, 14, 255, 148, 0, 3, 13, 248, 255, 241, 0, 108, 255, 253, 0, 24, 255, 241, 0, 108, 255, 253, 0, 24, 0, 14, 255, 148
												
												•POSN (24)
												 5, 78, 231, 208, 1, 40, 246, 172, 0, 0, 0, 0, 0, 0, 0, 0, 0, 1, 0, 0, 0, 1, 0, 0
												
								•SURF (20)
								 0, 1
								
										•COLR (10)
										 0, 2, 0, 102, 71, 44, 255, 102, 71, 44
										
								•SURF (20)
								 0, 3
								
										•COLR (10)
										 0, 2, 0, 175, 231, 255, 255, 175, 231, 255
										
								•SURF (982)
								 0, 5
								
										•FEAT (90)
										 0, 1
										
												•COLR (4)
												 255, 255, 255, 255
												
												•POLY (36)
												 0, 2, 0, 4, 0, 72, 13, 44, 0, 131, 251, 224, 0, 72, 13, 44, 255, 118, 6, 168, 255, 190, 1, 140, 255, 118, 6, 168, 255, 190, 1, 140, 0, 131, 251, 224
												
												•POSN (24)
												 3, 113, 235, 84, 0, 203, 249, 160, 0, 0, 0, 0, 0, 0, 0, 0, 0, 1, 0, 0, 0, 1, 0, 0
												
										•FEAT (90)
										 0, 1
										
												•COLR (4)
												 255, 0, 173, 217
												
												•POLY (36)
												 0, 2, 0, 4, 0, 23, 255, 112, 0, 57, 8, 40, 0, 23, 255, 112, 255, 199, 1, 212, 255, 232, 13, 152, 255, 199, 1, 212, 255, 232, 13, 152, 0, 57, 8, 40
												
												•POSN (24)
												 3, 89, 235, 216, 1, 4, 247, 204, 0, 0, 0, 0, 0, 0, 0, 0, 0, 1, 0, 0, 0, 1, 0, 0
												
										•FEAT (90)
										 0, 1
										
												•COLR (4)
												 255, 0, 173, 217
												
												•POLY (36)
												 0, 2, 0, 4, 0, 23, 255, 112, 0, 57, 8, 40, 0, 23, 255, 112, 255, 199, 1, 212, 255, 232, 13, 152, 255, 199, 1, 212, 255, 232, 13, 152, 0, 57, 8, 40
												
												•POSN (24)
												 3, 143, 234, 160, 1, 4, 247, 204, 0, 0, 0, 0, 0, 0, 0, 0, 0, 1, 0, 0, 0, 1, 0, 0
												
										•FEAT (90)
										 0, 1
										
												•COLR (4)
												 255, 0, 173, 217
												
												•POLY (36)
												 0, 2, 0, 4, 0, 23, 255, 112, 0, 57, 8, 40, 0, 23, 255, 112, 255, 199, 1, 212, 255, 232, 13, 152, 255, 199, 1, 212, 255, 232, 13, 152, 0, 57, 8, 40
												
												•POSN (24)
												 3, 89, 235, 216, 0, 140, 251, 140, 0, 0, 0, 0, 0, 0, 0, 0, 0, 1, 0, 0, 0, 1, 0, 0
												
										•FEAT (90)
										 0, 1
										
												•COLR (4)
												 255, 0, 173, 217
												
												•POLY (36)
												 0, 2, 0, 4, 0, 23, 255, 112, 0, 57, 8, 40, 0, 23, 255, 112, 255, 199, 1, 212, 255, 232, 13, 152, 255, 199, 1, 212, 255, 232, 13, 152, 0, 57, 8, 40
												
												•POSN (24)
												 3, 143, 234, 160, 0, 140, 251, 140, 0, 0, 0, 0, 0, 0, 0, 0, 0, 1, 0, 0, 0, 1, 0, 0
												
										•FEAT (90)
										 0, 1
										
												•COLR (4)
												 255, 255, 255, 255
												
												•POLY (36)
												 0, 2, 0, 4, 0, 72, 13, 44, 0, 131, 251, 224, 0, 72, 13, 44, 255, 118, 6, 168, 255, 190, 1, 140, 255, 118, 6, 168, 255, 190, 1, 140, 0, 131, 251, 224
												
												•POSN (24)
												 2, 213, 239, 20, 0, 203, 249, 208, 0, 0, 0, 0, 0, 0, 0, 0, 0, 1, 0, 0, 0, 1, 0, 0
												
										•FEAT (90)
										 0, 1
										
												•COLR (4)
												 255, 0, 173, 217
												
												•POLY (36)
												 0, 2, 0, 4, 0, 23, 255, 112, 0, 57, 8, 40, 0, 23, 255, 112, 255, 199, 1, 212, 255, 232, 13, 152, 255, 199, 1, 212, 255, 232, 13, 152, 0, 57, 8, 40
												
												•POSN (24)
												 2, 189, 239, 152, 1, 4, 247, 252, 0, 0, 0, 0, 0, 0, 0, 0, 0, 1, 0, 0, 0, 1, 0, 0
												
										•FEAT (90)
										 0, 1
										
												•COLR (4)
												 255, 0, 173, 217
												
												•POLY (36)
												 0, 2, 0, 4, 0, 23, 255, 112, 0, 57, 8, 40, 0, 23, 255, 112, 255, 199, 1, 212, 255, 232, 13, 152, 255, 199, 1, 212, 255, 232, 13, 152, 0, 57, 8, 40
												
												•POSN (24)
												 2, 243, 238, 96, 1, 4, 247, 252, 0, 0, 0, 0, 0, 0, 0, 0, 0, 1, 0, 0, 0, 1, 0, 0
												
										•FEAT (90)
										 0, 1
										
												•COLR (4)
												 255, 0, 173, 217
												
												•POLY (36)
												 0, 2, 0, 4, 0, 23, 255, 112, 0, 57, 8, 40, 0, 23, 255, 112, 255, 199, 1, 212, 255, 232, 13, 152, 255, 199, 1, 212, 255, 232, 13, 152, 0, 57, 8, 40
												
												•POSN (24)
												 2, 189, 239, 152, 0, 140, 251, 188, 0, 0, 0, 0, 0, 0, 0, 0, 0, 1, 0, 0, 0, 1, 0, 0
												
										•FEAT (90)
										 0, 1
										
												•COLR (4)
												 255, 0, 173, 217
												
												•POLY (36)
												 0, 2, 0, 4, 0, 23, 255, 112, 0, 57, 8, 40, 0, 23, 255, 112, 255, 199, 1, 212, 255, 232, 13, 152, 255, 199, 1, 212, 255, 232, 13, 152, 0, 57, 8, 40
												
												•POSN (24)
												 2, 243, 238, 96, 0, 140, 251, 188, 0, 0, 0, 0, 0, 0, 0, 0, 0, 1, 0, 0, 0, 1, 0, 0
												
								•SURF (3954)
								 0, 6
								
										•FEAT (90)
										 0, 1
										
												•COLR (4)
												 255, 106, 187, 218
												
												•POLY (36)
												 0, 1, 0, 4, 1, 163, 249, 112, 255, 28, 5, 88, 1, 163, 249, 112, 254, 200, 7, 80, 254, 68, 6, 240, 0, 252, 7, 104, 254, 92, 6, 144, 1, 55, 248, 176
												
												•POSN (24)
												 4, 235, 236, 80, 2, 111, 241, 96, 0, 0, 0, 0, 0, 0, 0, 0, 0, 1, 0, 0, 0, 1, 0, 0
												
										•FEAT (90)
										 0, 1
										
												•COLR (4)
												 255, 106, 187, 218
												
												•POLY (36)
												 0, 1, 0, 4, 0, 179, 253, 48, 0, 137, 252, 196, 0, 161, 253, 120, 0, 78, 11, 220, 255, 106, 2, 88, 255, 136, 13, 92, 255, 66, 109, 144, 255, 158, 215, 144
												
												•POSN (24)
												 2, 147, 245, 176, 3, 29, 237, 76, 0, 0, 0, 0, 0, 0, 0, 0, 0, 1, 0, 0, 0, 1, 0, 0
												
										•FEAT (90)
										 0, 1
										
												•COLR (4)
												 255, 65, 65, 65
												
												•POLY (36)
												 0, 1, 0, 4, 0, 143, 253, 192, 0, 45, 11, 100, 0, 11, 255, 208, 255, 193, 12, 60, 255, 124, 2, 16, 0, 45, 11, 88, 0, 5, 255, 232, 0, 147, 9, 168
												
												•POSN (24)
												 3, 65, 242, 248, 2, 192, 239, 152, 0, 0, 0, 0, 0, 0, 0, 0, 0, 1, 0, 0, 0, 1, 0, 0
												
										•FEAT (90)
										 0, 1
										
												•COLR (4)
												 255, 65, 65, 65
												
												•POLY (36)
												 0, 2, 0, 4, 0, 41, 255, 88, 0, 35, 255, 40, 0, 41, 255, 88, 255, 220, 0, 216, 255, 214, 0, 168, 255, 220, 0, 216, 255, 214, 0, 168, 0, 35, 255, 40
												
												•POSN (24)
												 5, 237, 232, 72, 0, 239, 250, 96, 0, 0, 0, 0, 0, 0, 0, 0, 0, 1, 0, 0, 0, 1, 0, 0
												
										•FEAT (90)
										 0, 1
										
												•COLR (4)
												 255, 65, 65, 65
												
												•POLY (36)
												 0, 2, 0, 4, 0, 221, 252, 136, 0, 101, 253, 156, 0, 221, 252, 136, 255, 154, 2, 100, 255, 58, 3, 24, 255, 154, 2, 100, 255, 58, 3, 24, 0, 101, 253, 156
												
												•POSN (24)
												 5, 69, 234, 232, 1, 13, 249, 172, 0, 0, 0, 0, 0, 0, 0, 0, 0, 1, 0, 0, 0, 1, 0, 0
												
										•FEAT (90)
										 0, 1
										
												•COLR (4)
												 255, 255, 255, 255
												
												•POLY (36)
												 0, 2, 0, 4, 0, 197, 252, 232, 0, 101, 253, 156, 0, 197, 252, 232, 255, 154, 2, 100, 255, 34, 3, 120, 255, 154, 2, 100, 255, 34, 3, 120, 0, 101, 253, 156
												
												•POSN (24)
												 5, 105, 234, 88, 1, 25, 249, 100, 0, 0, 0, 0, 0, 0, 0, 0, 0, 1, 0, 0, 0, 1, 0, 0
												
										•FEAT (90)
										 0, 1
										
												•COLR (4)
												 255, 163, 163, 163
												
												•POLY (36)
												 0, 2, 0, 4, 0, 32, 255, 124, 0, 33, 4, 212, 0, 32, 255, 124, 255, 217, 0, 228, 255, 211, 0, 180, 255, 217, 0, 228, 255, 211, 0, 180, 0, 33, 4, 212
												
												•POSN (24)
												 5, 240, 232, 60, 1, 70, 248, 92, 0, 0, 0, 0, 0, 0, 0, 0, 0, 1, 0, 0, 0, 1, 0, 0
												
										•FEAT (98)
										 0, 1
										
												•COLR (4)
												 0, 186, 237, 255
												
												•POLY (44)
												 0, 1, 0, 5, 254, 44, 7, 80, 0, 119, 253, 48, 255, 238, 0, 72, 1, 157, 255, 88, 1, 211, 248, 176, 0, 108, 3, 216, 1, 211, 248, 176, 254, 224, 6, 192, 254, 44, 7, 80, 254, 224, 6, 192
												
												•POSN (24)
												 1, 235, 248, 80, 1, 31, 249, 64, 0, 0, 0, 0, 0, 0, 0, 0, 0, 1, 0, 0, 0, 1, 0, 0
												
										•FEAT (90)
										 0, 1
										
												•COLR (4)
												 255, 70, 125, 188
												
												•POLY (36)
												 0, 2, 0, 4, 0, 41, 255, 88, 0, 35, 255, 40, 0, 41, 255, 88, 255, 220, 0, 216, 255, 214, 0, 168, 255, 220, 0, 216, 255, 214, 0, 168, 0, 35, 255, 40
												
												•POSN (24)
												 4, 205, 236, 200, 1, 67, 248, 104, 0, 0, 0, 0, 0, 0, 0, 0, 0, 1, 0, 0, 0, 1, 0, 0
												
										•FEAT (90)
										 0, 1
										
												•COLR (4)
												 255, 70, 125, 188
												
												•POLY (36)
												 0, 2, 0, 4, 0, 41, 255, 88, 0, 12, 5, 64, 0, 41, 255, 88, 255, 220, 0, 216, 255, 214, 0, 168, 255, 220, 0, 216, 255, 214, 0, 168, 0, 12, 5, 64
												
												•POSN (24)
												 5, 45, 235, 72, 1, 67, 248, 128, 0, 0, 0, 0, 0, 0, 0, 0, 0, 1, 0, 0, 0, 1, 0, 0
												
										•FEAT (90)
										 0, 1
										
												•COLR (4)
												 255, 70, 125, 188
												
												•POLY (36)
												 0, 2, 0, 4, 0, 41, 255, 88, 0, 12, 5, 40, 0, 41, 255, 88, 255, 220, 0, 216, 255, 214, 0, 168, 255, 220, 0, 216, 255, 214, 0, 168, 0, 12, 5, 40
												
												•POSN (24)
												 5, 141, 233, 200, 1, 67, 248, 152, 0, 0, 0, 0, 0, 0, 0, 0, 0, 1, 0, 0, 0, 1, 0, 0
												
										•FEAT (90)
										 0, 1
										
												•COLR (4)
												 255, 70, 125, 188
												
												•POLY (36)
												 0, 2, 0, 4, 0, 23, 255, 160, 0, 24, 4, 200, 0, 23, 255, 160, 255, 220, 0, 216, 255, 214, 0, 168, 255, 220, 0, 216, 255, 214, 0, 168, 0, 24, 4, 200
												
												•POSN (24)
												 5, 237, 232, 72, 1, 67, 248, 176, 0, 0, 0, 0, 0, 0, 0, 0, 0, 1, 0, 0, 0, 1, 0, 0
												
										•FEAT (90)
										 0, 1
										
												•COLR (4)
												 255, 70, 125, 188
												
												•POLY (36)
												 0, 2, 0, 4, 0, 41, 255, 88, 0, 35, 255, 40, 0, 41, 255, 88, 255, 220, 3, 240, 255, 214, 0, 168, 255, 220, 3, 240, 255, 214, 0, 168, 0, 35, 255, 40
												
												•POSN (24)
												 4, 205, 236, 200, 0, 239, 250, 120, 0, 0, 0, 0, 0, 0, 0, 0, 0, 1, 0, 0, 0, 1, 0, 0
												
										•FEAT (90)
										 0, 1
										
												•COLR (4)
												 255, 70, 125, 188
												
												•POLY (36)
												 0, 2, 0, 4, 0, 41, 255, 88, 0, 35, 255, 40, 0, 41, 255, 88, 255, 220, 3, 216, 255, 214, 0, 168, 255, 220, 3, 216, 255, 214, 0, 168, 0, 35, 255, 40
												
												•POSN (24)
												 5, 45, 235, 72, 0, 239, 250, 144, 0, 0, 0, 0, 0, 0, 0, 0, 0, 1, 0, 0, 0, 1, 0, 0
												
										•FEAT (90)
										 0, 1
										
												•COLR (4)
												 255, 70, 125, 188
												
												•POLY (36)
												 0, 2, 0, 4, 0, 41, 255, 88, 0, 35, 255, 40, 0, 41, 255, 88, 255, 220, 3, 192, 255, 214, 0, 168, 255, 220, 3, 192, 255, 214, 0, 168, 0, 35, 255, 40
												
												•POSN (24)
												 5, 141, 233, 200, 0, 239, 250, 168, 0, 0, 0, 0, 0, 0, 0, 0, 0, 1, 0, 0, 0, 1, 0, 0
												
										•FEAT (90)
										 0, 1
										
												•COLR (4)
												 255, 70, 125, 188
												
												•POLY (36)
												 0, 2, 0, 4, 0, 35, 255, 112, 0, 35, 255, 40, 0, 35, 255, 112, 255, 220, 3, 168, 255, 214, 0, 168, 255, 220, 3, 168, 255, 214, 0, 168, 0, 35, 255, 40
												
												•POSN (24)
												 5, 237, 232, 72, 0, 239, 250, 192, 0, 0, 0, 0, 0, 0, 0, 0, 0, 1, 0, 0, 0, 1, 0, 0
												
										•FEAT (106)
										 0, 1
										
												•COLR (4)
												 255, 255, 204, 153
												
												•POLY (52)
												 0, 1, 0, 6, 255, 214, 0, 168, 0, 35, 255, 40, 0, 41, 255, 88, 0, 35, 255, 40, 0, 41, 255, 88, 0, 11, 255, 184, 0, 17, 255, 184, 255, 238, 0, 120, 255, 244, 0, 48, 255, 220, 0, 216, 255, 214, 0, 168, 255, 220, 0, 216
												
												•POSN (24)
												 4, 205, 236, 200, 1, 67, 248, 104, 0, 0, 0, 0, 0, 0, 0, 0, 0, 1, 0, 0, 0, 1, 0, 0
												
										•FEAT (90)
										 0, 1
										
												•COLR (4)
												 255, 255, 204, 153
												
												•POLY (36)
												 0, 1, 0, 4, 0, 11, 255, 208, 0, 35, 255, 40, 0, 17, 255, 184, 255, 220, 0, 216, 255, 238, 0, 72, 255, 220, 0, 216, 255, 238, 0, 72, 0, 35, 255, 40
												
												•POSN (24)
												 4, 181, 237, 40, 0, 239, 250, 96, 0, 0, 0, 0, 0, 0, 0, 0, 0, 1, 0, 0, 0, 1, 0, 0
												
										•FEAT (98)
										 0, 1
										
												•COLR (4)
												 255, 255, 204, 153
												
												•POLY (44)
												 0, 1, 0, 5, 0, 23, 255, 160, 0, 24, 5, 16, 0, 23, 255, 160, 255, 220, 0, 216, 255, 238, 0, 72, 255, 220, 0, 216, 255, 214, 0, 168, 0, 0, 0, 0, 255, 214, 0, 168, 0, 24, 5, 16
												
												•POSN (24)
												 5, 237, 232, 72, 1, 67, 248, 104, 0, 0, 0, 0, 0, 0, 0, 0, 0, 1, 0, 0, 0, 1, 0, 0
												
										•FEAT (90)
										 0, 1
										
												•COLR (4)
												 255, 163, 163, 163
												
												•POLY (36)
												 0, 1, 0, 4, 0, 8, 255, 220, 0, 5, 255, 220, 0, 8, 255, 220, 255, 250, 0, 36, 255, 235, 0, 84, 255, 250, 0, 36, 255, 229, 0, 108, 0, 5, 255, 220
												
												•POSN (24)
												 5, 252, 232, 12, 1, 13, 249, 172, 0, 0, 0, 0, 0, 0, 0, 0, 0, 1, 0, 0, 0, 1, 0, 0
												
										•FEAT (90)
										 0, 1
										
												•COLR (4)
												 255, 255, 204, 153
												
												•POLY (36)
												 0, 1, 0, 4, 0, 8, 255, 220, 0, 29, 255, 76, 0, 8, 255, 220, 255, 226, 0, 180, 255, 229, 0, 108, 255, 226, 0, 180, 255, 241, 0, 60, 0, 29, 255, 76
												
												•POSN (24)
												 5, 252, 232, 12, 0, 233, 250, 132, 0, 0, 0, 0, 0, 0, 0, 0, 0, 1, 0, 0, 0, 1, 0, 0
												
										•FEAT (90)
										 0, 1
										
												•COLR (4)
												 255, 163, 163, 163
												
												•POLY (36)
												 0, 2, 0, 4, 0, 41, 255, 88, 0, 3, 5, 148, 0, 41, 255, 88, 255, 247, 5, 4, 255, 214, 0, 168, 255, 247, 5, 4, 255, 214, 0, 168, 0, 3, 5, 148
												
												•POSN (24)
												 4, 205, 236, 200, 1, 100, 247, 180, 0, 0, 0, 0, 0, 0, 0, 0, 0, 1, 0, 0, 0, 1, 0, 0
												
										•FEAT (90)
										 0, 1
										
												•COLR (4)
												 255, 163, 163, 163
												
												•POLY (36)
												 0, 2, 0, 4, 0, 5, 255, 232, 0, 35, 255, 40, 0, 5, 255, 232, 255, 220, 0, 216, 255, 250, 0, 24, 255, 220, 0, 216, 255, 250, 0, 24, 0, 35, 255, 40
												
												•POSN (24)
												 6, 11, 231, 208, 0, 239, 250, 96, 0, 0, 0, 0, 0, 0, 0, 0, 0, 1, 0, 0, 0, 1, 0, 0
												
										•FEAT (90)
										 0, 1
										
												•COLR (4)
												 255, 163, 163, 163
												
												•POLY (36)
												 0, 2, 0, 4, 0, 14, 255, 196, 0, 5, 255, 220, 0, 14, 255, 196, 255, 250, 0, 36, 255, 241, 0, 60, 255, 250, 0, 36, 255, 241, 0, 60, 0, 5, 255, 220
												
												•POSN (24)
												 4, 178, 237, 52, 1, 13, 249, 172, 0, 0, 0, 0, 0, 0, 0, 0, 0, 1, 0, 0, 0, 1, 0, 0
												
										•FEAT (90)
										 0, 1
										
												•COLR (4)
												 255, 255, 204, 153
												
												•POLY (36)
												 0, 2, 0, 4, 255, 166, 1, 104, 255, 250, 0, 36, 255, 166, 1, 104, 0, 5, 255, 220, 255, 250, 0, 24, 0, 5, 255, 220, 255, 250, 0, 24, 255, 250, 0, 36
												
												•POSN (24)
												 5, 93, 234, 136, 1, 85, 248, 20, 0, 0, 0, 0, 0, 0, 0, 0, 0, 1, 0, 0, 0, 1, 0, 0
												
										•FEAT (90)
										 0, 1
										
												•COLR (4)
												 255, 163, 163, 163
												
												•POLY (36)
												 0, 1, 0, 4, 0, 2, 255, 244, 0, 11, 255, 184, 0, 2, 255, 244, 0, 0, 0, 0, 255, 247, 0, 36, 255, 244, 0, 72, 255, 247, 0, 36, 0, 11, 255, 184
												
												•POSN (24)
												 4, 244, 236, 44, 1, 79, 248, 32, 0, 0, 0, 0, 0, 0, 0, 0, 0, 1, 0, 0, 0, 1, 0, 0
												
										•FEAT (90)
										 0, 1
										
												•COLR (4)
												 255, 163, 163, 163
												
												•POLY (36)
												 0, 2, 0, 4, 255, 166, 1, 104, 255, 250, 0, 36, 255, 166, 1, 104, 0, 5, 255, 220, 255, 250, 0, 24, 0, 5, 255, 220, 255, 250, 0, 24, 255, 250, 0, 36
												
												•POSN (24)
												 5, 93, 234, 136, 1, 97, 247, 180, 0, 0, 0, 0, 0, 0, 0, 0, 0, 1, 0, 0, 0, 1, 0, 0
												
										•FEAT (90)
										 0, 1
										
												•COLR (4)
												 255, 163, 163, 163
												
												•POLY (36)
												 0, 2, 0, 4, 255, 166, 1, 104, 255, 250, 0, 36, 255, 166, 1, 104, 0, 5, 255, 220, 255, 250, 0, 24, 0, 5, 255, 220, 255, 250, 0, 24, 255, 250, 0, 36
												
												•POSN (24)
												 5, 189, 233, 8, 1, 97, 247, 204, 0, 0, 0, 0, 0, 0, 0, 0, 0, 1, 0, 0, 0, 1, 0, 0
												
										•FEAT (90)
										 0, 1
										
												•COLR (4)
												 255, 255, 204, 153
												
												•POLY (36)
												 0, 2, 0, 4, 255, 166, 1, 104, 255, 250, 0, 36, 255, 166, 1, 104, 0, 5, 255, 220, 255, 250, 0, 24, 0, 5, 255, 220, 255, 250, 0, 24, 255, 250, 0, 36
												
												•POSN (24)
												 5, 189, 233, 8, 1, 85, 248, 44, 0, 0, 0, 0, 0, 0, 0, 0, 0, 1, 0, 0, 0, 1, 0, 0
												
										•FEAT (90)
										 0, 1
										
												•COLR (4)
												 255, 163, 163, 163
												
												•POLY (36)
												 0, 2, 0, 4, 255, 238, 0, 72, 255, 250, 0, 36, 255, 238, 0, 72, 0, 5, 255, 220, 255, 250, 0, 24, 0, 5, 255, 220, 255, 250, 0, 24, 255, 250, 0, 36
												
												•POSN (24)
												 5, 93, 234, 136, 1, 85, 248, 20, 0, 0, 0, 0, 0, 0, 0, 0, 0, 1, 0, 0, 0, 1, 0, 0
												
										•FEAT (90)
										 0, 1
										
												•COLR (4)
												 255, 163, 163, 163
												
												•POLY (36)
												 0, 2, 0, 4, 255, 238, 0, 72, 255, 250, 0, 36, 255, 238, 0, 72, 0, 5, 255, 220, 255, 250, 0, 24, 0, 5, 255, 220, 255, 250, 0, 24, 255, 250, 0, 36
												
												•POSN (24)
												 5, 189, 233, 8, 1, 85, 248, 44, 0, 0, 0, 0, 0, 0, 0, 0, 0, 1, 0, 0, 0, 1, 0, 0
												
										•FEAT (90)
										 0, 1
										
												•COLR (4)
												 255, 255, 255, 255
												
												•POLY (36)
												 0, 1, 0, 4, 0, 143, 253, 192, 0, 45, 11, 112, 0, 11, 255, 208, 255, 193, 12, 72, 255, 124, 2, 16, 0, 45, 11, 112, 0, 5, 255, 232, 0, 147, 9, 168
												
												•POSN (24)
												 3, 65, 242, 248, 2, 198, 239, 104, 0, 0, 0, 0, 0, 0, 0, 0, 0, 1, 0, 0, 0, 1, 0, 0
												
										•FEAT (90)
										 0, 1
										
												•COLR (4)
												 255, 65, 65, 65
												
												•POLY (36)
												 0, 1, 0, 4, 0, 51, 254, 220, 0, 113, 10, 156, 0, 9, 255, 204, 0, 77, 11, 20, 255, 220, 0, 120, 0, 115, 10, 148, 0, 5, 255, 232, 0, 147, 9, 168
												
												•POSN (24)
												 3, 65, 242, 248, 2, 180, 239, 248, 0, 0, 0, 0, 0, 0, 0, 0, 0, 1, 0, 0, 0, 1, 0, 0
												
										•FEAT (90)
										 0, 1
										
												•COLR (4)
												 255, 65, 65, 65
												
												•POLY (36)
												 0, 1, 0, 4, 0, 59, 255, 16, 0, 111, 9, 240, 0, 11, 255, 208, 0, 69, 10, 80, 255, 216, 0, 100, 0, 107, 9, 244, 0, 11, 255, 208, 0, 147, 9, 120
												
												•POSN (24)
												 3, 5, 243, 232, 2, 138, 241, 0, 0, 0, 0, 0, 0, 0, 0, 0, 0, 1, 0, 0, 0, 1, 0, 0
												
										•FEAT (90)
										 0, 1
										
												•COLR (4)
												 255, 65, 65, 65
												
												•POLY (36)
												 0, 1, 0, 4, 0, 47, 255, 64, 0, 111, 9, 192, 0, 3, 255, 180, 0, 73, 10, 136, 255, 212, 0, 116, 0, 109, 10, 16, 0, 0, 0, 0, 0, 147, 9, 120
												
												•POSN (24)
												 3, 131, 241, 240, 2, 138, 241, 0, 0, 0, 0, 0, 0, 0, 0, 0, 0, 1, 0, 0, 0, 1, 0, 0
												
										•FEAT (90)
										 0, 1
										
												•COLR (4)
												 255, 65, 65, 65
												
												•POLY (36)
												 0, 1, 0, 4, 0, 55, 254, 252, 0, 107, 9, 76, 0, 9, 255, 180, 0, 67, 10, 4, 255, 214, 0, 144, 0, 103, 9, 140, 0, 5, 255, 208, 0, 145, 9, 44
												
												•POSN (24)
												 3, 71, 242, 224, 2, 96, 241, 240, 0, 0, 0, 0, 0, 0, 0, 0, 0, 1, 0, 0, 0, 1, 0, 0
												
										•FEAT (90)
										 0, 1
										
												•COLR (4)
												 255, 70, 125, 188
												
												•POLY (36)
												 0, 1, 0, 4, 0, 49, 255, 44, 0, 113, 9, 4, 0, 9, 255, 180, 0, 79, 9, 152, 255, 220, 0, 144, 0, 111, 8, 232, 0, 5, 255, 232, 0, 147, 9, 168
												
												•POSN (24)
												 3, 71, 242, 224, 2, 84, 242, 80, 0, 0, 0, 0, 0, 0, 0, 0, 0, 1, 0, 0, 0, 1, 0, 0
												
										•FEAT (90)
										 0, 1
										
												•COLR (4)
												 255, 70, 125, 188
												
												•POLY (36)
												 0, 1, 0, 4, 0, 53, 255, 40, 0, 117, 9, 144, 0, 11, 255, 208, 0, 81, 9, 240, 255, 222, 0, 52, 0, 113, 9, 196, 0, 11, 255, 136, 0, 149, 9, 64
												
												•POSN (24)
												 3, 5, 243, 232, 2, 126, 241, 96, 0, 0, 0, 0, 0, 0, 0, 0, 0, 1, 0, 0, 0, 1, 0, 0
												
										•FEAT (90)
										 0, 1
										
												•COLR (4)
												 255, 70, 125, 188
												
												•POLY (36)
												 0, 1, 0, 4, 0, 45, 255, 12, 0, 119, 10, 84, 0, 9, 255, 204, 0, 89, 10, 180, 255, 225, 32, 56, 0, 121, 195, 224, 0, 5, 255, 232, 0, 149, 10, 12
												
												•POSN (24)
												 3, 65, 242, 248, 2, 168, 240, 88, 0, 0, 0, 0, 0, 0, 0, 0, 0, 1, 0, 0, 0, 1, 0, 0
												
										•FEAT (90)
										 0, 1
										
												•COLR (4)
												 255, 70, 125, 188
												
												•POLY (36)
												 0, 1, 0, 4, 0, 41, 255, 64, 0, 117, 9, 168, 0, 3, 255, 180, 0, 85, 10, 28, 255, 218, 0, 68, 0, 117, 9, 168, 255, 255, 255, 208, 0, 149, 9, 64
												
												•POSN (24)
												 3, 131, 241, 240, 2, 126, 241, 96, 0, 0, 0, 0, 0, 0, 0, 0, 0, 1, 0, 0, 0, 1, 0, 0
												
								•POSN (48)
								 255, 136, 1, 224, 18, 105, 182, 100, 1, 79, 250, 192, 0, 0, 0, 0, 0, 0, 0, 0, 0, 0, 0, 0, 0, 0, 0, 0, 0, 0, 0, 0, 0, 0, 0, 0, 0, 1, 0, 0, 0, 1, 0, 0, 0, 1, 0, 0
								
						•PRSM (202)
						
								•LOCK (2)
								 0, 0
								
								•LNUM (2)
								 0, 0
								
								•COLR (8)
								 0, 255, 255, 255, 255, 255, 255, 255
								
								•PLGR (2)
								 0, 0
								
								•POLY (64)
								 0, 1, 2, 1, 0, 1, 2, 27, 247, 144, 253, 228, 8, 112, 0, 0, 0, 0, 0, 0, 0, 0, 0, 0, 0, 0, 0, 0, 0, 0, 0, 4, 1, 151, 249, 160, 1, 217, 248, 152, 255, 66, 105, 88, 254, 42, 212, 24, 255, 42, 105, 184, 254, 54, 211, 232, 1, 127, 250, 0, 1, 217, 248, 152
								
								•SURF (20)
								 0, 2
								
										•COLR (10)
										 0, 2, 0, 65, 65, 65, 255, 65, 65, 65
										
								•POSN (48)
								 253, 174, 9, 72, 23, 205, 222, 228, 2, 15, 247, 192, 0, 0, 0, 0, 0, 0, 0, 0, 0, 0, 0, 0, 0, 0, 0, 0, 0, 0, 0, 0, 0, 0, 0, 0, 0, 1, 0, 0, 0, 1, 0, 0, 0, 1, 0, 0
								
						•PRSM (202)
						
								•LOCK (2)
								 0, 0
								
								•LNUM (2)
								 0, 0
								
								•COLR (8)
								 0, 255, 255, 255, 255, 255, 255, 255
								
								•PLGR (2)
								 0, 0
								
								•POLY (64)
								 0, 1, 2, 1, 0, 1, 2, 27, 247, 144, 253, 228, 8, 112, 0, 0, 0, 0, 0, 0, 0, 0, 0, 0, 0, 0, 0, 0, 0, 0, 0, 4, 1, 121, 250, 24, 254, 62, 7, 8, 255, 31, 157, 32, 1, 234, 197, 24, 255, 55, 156, 192, 1, 246, 196, 232, 1, 145, 249, 184, 254, 62, 7, 8
								
								•SURF (20)
								 0, 4
								
										•COLR (10)
										 0, 2, 0, 65, 65, 65, 255, 65, 65, 65
										
								•POSN (48)
								 1, 73, 250, 216, 23, 205, 222, 228, 2, 21, 247, 168, 0, 0, 0, 0, 0, 0, 0, 0, 0, 0, 0, 0, 0, 0, 0, 0, 0, 0, 0, 0, 0, 0, 0, 0, 0, 1, 0, 0, 0, 1, 0, 0, 0, 1, 0, 0
								
						•PRSM (3220)
						
								•LOCK (2)
								 0, 0
								
								•LNUM (2)
								 0, 0
								
								•COLR (8)
								 0, 175, 231, 255, 255, 175, 231, 255
								
								•PLGR (2)
								 0, 0
								
								•POLY (56)
								 0, 1, 2, 1, 0, 1, 250, 180, 21, 48, 250, 156, 21, 144, 0, 0, 0, 0, 0, 0, 0, 0, 0, 0, 0, 0, 0, 0, 0, 0, 0, 3, 255, 166, 1, 104, 1, 223, 248, 128, 0, 216, 252, 180, 255, 253, 255, 228, 255, 166, 1, 104, 254, 32, 7, 128
								
								•SURF (3046)
								 0, 4
								
										•FEAT (90)
										 0, 1
										
												•COLR (4)
												 255, 56, 172, 218
												
												•POLY (36)
												 0, 1, 0, 4, 1, 10, 251, 212, 255, 103, 3, 192, 0, 128, 253, 252, 255, 103, 3, 144, 255, 13, 3, 180, 0, 82, 1, 172, 255, 41, 3, 56, 0, 154, 1, 28
												
												•POSN (24)
												 2, 180, 245, 44, 0, 152, 252, 112, 0, 0, 0, 0, 0, 0, 0, 0, 0, 1, 0, 0, 0, 1, 0, 0
												
										•FEAT (90)
										 0, 1
										
												•COLR (4)
												 255, 56, 172, 218
												
												•POLY (36)
												 0, 1, 0, 4, 0, 237, 252, 36, 0, 154, 1, 76, 0, 209, 252, 160, 0, 81, 1, 188, 255, 88, 2, 160, 255, 103, 3, 144, 255, 16, 3, 192, 255, 103, 3, 144
												
												•POSN (24)
												 0, 239, 252, 64, 0, 152, 252, 112, 0, 0, 0, 0, 0, 0, 0, 0, 0, 1, 0, 0, 0, 1, 0, 0
												
										•FEAT (90)
										 0, 1
										
												•COLR (4)
												 255, 255, 255, 255
												
												•POLY (36)
												 0, 1, 0, 4, 254, 44, 7, 80, 255, 247, 0, 48, 254, 86, 6, 168, 0, 15, 0, 0, 1, 199, 248, 224, 0, 14, 255, 208, 1, 235, 248, 80, 255, 247, 0, 48
												
												•POSN (24)
												 1, 211, 248, 176, 0, 8, 255, 208, 0, 0, 0, 0, 0, 0, 0, 0, 0, 1, 0, 0, 0, 1, 0, 0
												
										•FEAT (90)
										 0, 1
										
												•COLR (4)
												 255, 154, 207, 215
												
												•POLY (36)
												 0, 1, 0, 4, 0, 35, 255, 112, 0, 15, 0, 0, 0, 71, 254, 224, 255, 247, 0, 48, 255, 214, 0, 168, 255, 247, 0, 48, 255, 178, 1, 56, 0, 14, 255, 208
												
												•POSN (24)
												 3, 119, 242, 32, 0, 8, 255, 208, 0, 0, 0, 0, 0, 0, 0, 0, 0, 1, 0, 0, 0, 1, 0, 0
												
										•FEAT (90)
										 0, 1
										
												•COLR (4)
												 255, 154, 207, 215
												
												•POLY (36)
												 0, 1, 0, 4, 255, 247, 0, 36, 0, 11, 255, 184, 0, 44, 255, 76, 0, 11, 255, 184, 0, 8, 255, 220, 255, 244, 0, 72, 255, 211, 0, 180, 255, 244, 0, 72
												
												•POSN (24)
												 0, 44, 255, 76, 0, 11, 255, 184, 0, 0, 0, 0, 0, 0, 0, 0, 0, 1, 0, 0, 0, 1, 0, 0
												
										•FEAT (90)
										 0, 1
										
												•COLR (4)
												 255, 41, 124, 207
												
												•POLY (36)
												 0, 1, 0, 4, 255, 181, 1, 44, 255, 255, 4, 24, 0, 80, 254, 188, 255, 255, 4, 24, 0, 86, 254, 164, 255, 253, 0, 12, 255, 169, 1, 92, 255, 253, 0, 12
												
												•POSN (24)
												 1, 220, 248, 140, 0, 254, 250, 12, 0, 0, 0, 0, 0, 0, 0, 0, 0, 1, 0, 0, 0, 1, 0, 0
												
										•FEAT (90)
										 0, 1
										
												•COLR (4)
												 255, 41, 124, 207
												
												•POLY (36)
												 0, 1, 0, 4, 255, 97, 2, 124, 255, 255, 3, 100, 0, 158, 253, 132, 255, 255, 3, 100, 0, 170, 253, 84, 255, 253, 0, 24, 255, 91, 7, 116, 255, 253, 6, 92
												
												•POSN (24)
												 1, 220, 248, 140, 0, 204, 251, 40, 0, 0, 0, 0, 0, 0, 0, 0, 0, 1, 0, 0, 0, 1, 0, 0
												
										•FEAT (90)
										 0, 1
										
												•COLR (4)
												 255, 41, 124, 207
												
												•POLY (36)
												 0, 1, 0, 4, 255, 25, 3, 156, 255, 255, 2, 164, 0, 236, 252, 76, 255, 255, 2, 164, 0, 242, 252, 52, 255, 253, 0, 24, 255, 13, 3, 204, 255, 253, 0, 24
												
												•POSN (24)
												 1, 220, 248, 140, 0, 154, 252, 80, 0, 0, 0, 0, 0, 0, 0, 0, 0, 1, 0, 0, 0, 1, 0, 0
												
										•FEAT (90)
										 0, 1
										
												•COLR (4)
												 255, 41, 124, 207
												
												•POLY (36)
												 0, 1, 0, 4, 254, 212, 4, 176, 255, 255, 1, 216, 1, 43, 251, 80, 255, 255, 1, 216, 1, 49, 251, 56, 255, 253, 0, 12, 254, 206, 4, 200, 255, 253, 0, 12
												
												•POSN (24)
												 1, 223, 248, 128, 0, 106, 253, 136, 0, 0, 0, 0, 0, 0, 0, 0, 0, 1, 0, 0, 0, 1, 0, 0
												
										•FEAT (90)
										 0, 1
										
												•COLR (4)
												 255, 41, 124, 207
												
												•POLY (36)
												 0, 1, 0, 4, 254, 152, 5, 160, 0, 5, 1, 120, 1, 115, 250, 48, 0, 5, 1, 120, 1, 121, 250, 24, 0, 3, 1, 200, 254, 134, 5, 232, 0, 3, 1, 200
												
												•POSN (24)
												 1, 227, 248, 148, 0, 52, 254, 216, 0, 0, 0, 0, 0, 0, 0, 0, 0, 1, 0, 0, 0, 1, 0, 0
												
										•FEAT (106)
										 0, 1
										
												•COLR (4)
												 255, 56, 172, 218
												
												•POLY (52)
												 0, 1, 0, 6, 255, 118, 1, 20, 255, 232, 0, 96, 255, 202, 0, 108, 0, 11, 255, 208, 0, 17, 255, 220, 0, 23, 255, 160, 0, 107, 255, 40, 0, 23, 255, 160, 0, 137, 254, 236, 0, 5, 255, 232, 0, 89, 255, 76, 255, 250, 0, 24
												
												•POSN (24)
												 1, 193, 253, 228, 0, 119, 253, 120, 0, 0, 0, 0, 0, 0, 0, 0, 0, 1, 0, 0, 0, 1, 0, 0
												
										•FEAT (82)
										 0, 1
										
												•COLR (4)
												 255, 56, 172, 218
												
												•POLY (28)
												 0, 1, 0, 3, 255, 229, 0, 54, 0, 2, 255, 244, 0, 74, 255, 106, 255, 253, 0, 12, 255, 181, 6, 54, 255, 247, 5, 196
												
												•POSN (24)
												 2, 102, 252, 154, 0, 122, 253, 108, 0, 0, 0, 0, 0, 0, 0, 0, 0, 1, 0, 0, 0, 1, 0, 0
												
										•FEAT (98)
										 0, 1
										
												•COLR (4)
												 255, 56, 172, 218
												
												•POLY (44)
												 0, 1, 0, 5, 0, 108, 5, 40, 0, 13, 133, 60, 0, 140, 254, 230, 0, 5, 255, 232, 0, 104, 255, 46, 255, 250, 0, 24, 0, 9, 4, 158, 255, 232, 4, 224, 255, 115, 1, 26, 255, 250, 0, 24
												
												•POSN (24)
												 1, 196, 253, 222, 0, 101, 253, 192, 0, 0, 0, 0, 0, 0, 0, 0, 0, 1, 0, 0, 0, 1, 0, 0
												
										•FEAT (90)
										 0, 1
										
												•COLR (4)
												 255, 56, 172, 218
												
												•POLY (36)
												 0, 1, 0, 4, 255, 207, 233, 153, 255, 250, 244, 21, 255, 238, 0, 36, 0, 8, 255, 220, 0, 23, 3, 6, 0, 3, 132, 145, 255, 205, 235, 69, 255, 233, 120, 145
												
												•POSN (24)
												 1, 73, 254, 212, 0, 86, 253, 252, 0, 0, 0, 0, 0, 0, 0, 0, 0, 1, 0, 0, 0, 1, 0, 0
												
										•FEAT (106)
										 0, 1
										
												•COLR (4)
												 255, 56, 172, 218
												
												•POLY (52)
												 0, 1, 0, 6, 255, 196, 131, 179, 255, 212, 134, 152, 255, 173, 3, 142, 255, 226, 7, 8, 255, 241, 129, 62, 0, 31, 90, 184, 0, 52, 129, 74, 0, 33, 218, 232, 0, 74, 132, 124, 255, 252, 135, 96, 0, 68, 255, 118, 255, 232, 0, 96
												
												•POSN (24)
												 1, 178, 254, 2, 0, 167, 252, 184, 0, 0, 0, 0, 0, 0, 0, 0, 0, 1, 0, 0, 0, 1, 0, 0
												
										•FEAT (90)
										 0, 1
										
												•COLR (4)
												 255, 56, 172, 218
												
												•POLY (36)
												 0, 1, 0, 4, 0, 23, 1, 130, 255, 229, 132, 92, 255, 218, 128, 254, 0, 20, 133, 65, 255, 246, 1, 48, 0, 15, 132, 232, 0, 23, 255, 208, 0, 0, 0, 0
												
												•POSN (24)
												 1, 1, 127, 102, 0, 81, 126, 20, 0, 0, 0, 0, 0, 0, 0, 0, 0, 1, 0, 0, 0, 1, 0, 0
												
										•FEAT (82)
										 0, 1
										
												•COLR (4)
												 255, 56, 172, 218
												
												•POLY (28)
												 0, 1, 0, 3, 0, 9, 1, 172, 0, 34, 131, 65, 0, 2, 1, 72, 255, 220, 130, 115, 255, 247, 129, 140, 0, 29, 2, 226
												
												•POSN (24)
												 1, 23, 127, 58, 0, 32, 126, 216, 0, 0, 0, 0, 0, 0, 0, 0, 0, 1, 0, 0, 0, 1, 0, 0
												
										•FEAT (90)
										 0, 1
										
												•COLR (4)
												 255, 56, 172, 218
												
												•POLY (36)
												 0, 1, 0, 4, 0, 24, 191, 207, 0, 8, 63, 222, 255, 251, 195, 137, 255, 235, 196, 34, 255, 205, 223, 193, 0, 3, 38, 75, 255, 211, 195, 13, 0, 16, 68, 78
												
												•POSN (24)
												 1, 137, 190, 85, 0, 74, 190, 46, 0, 0, 0, 0, 0, 0, 0, 0, 0, 1, 0, 0, 0, 1, 0, 0
												
										•FEAT (106)
										 0, 1
										
												•COLR (4)
												 255, 70, 125, 188
												
												•POLY (52)
												 0, 1, 0, 6, 255, 118, 1, 20, 255, 232, 0, 96, 255, 202, 0, 108, 0, 11, 255, 208, 0, 17, 255, 220, 0, 23, 255, 160, 0, 107, 255, 40, 0, 23, 255, 160, 0, 137, 254, 236, 0, 5, 255, 232, 0, 89, 255, 76, 255, 250, 0, 24
												
												•POSN (24)
												 1, 200, 253, 226, 0, 131, 253, 96, 0, 0, 0, 0, 0, 0, 0, 0, 0, 1, 0, 0, 0, 1, 0, 0
												
										•FEAT (82)
										 0, 1
										
												•COLR (4)
												 255, 70, 125, 188
												
												•POLY (28)
												 0, 1, 0, 3, 255, 229, 0, 54, 0, 2, 255, 244, 0, 74, 255, 106, 255, 253, 0, 12, 255, 181, 6, 54, 255, 247, 5, 196
												
												•POSN (24)
												 2, 109, 252, 152, 0, 134, 253, 84, 0, 0, 0, 0, 0, 0, 0, 0, 0, 1, 0, 0, 0, 1, 0, 0
												
										•FEAT (98)
										 0, 1
										
												•COLR (4)
												 255, 82, 165, 165
												
												•POLY (44)
												 0, 1, 0, 5, 0, 108, 5, 40, 0, 13, 133, 60, 0, 140, 254, 230, 0, 5, 255, 232, 0, 104, 255, 46, 255, 250, 0, 24, 0, 9, 4, 158, 255, 232, 4, 224, 255, 115, 1, 26, 255, 250, 0, 24
												
												•POSN (24)
												 1, 204, 253, 218, 0, 113, 253, 168, 0, 0, 0, 0, 0, 0, 0, 0, 0, 1, 0, 0, 0, 1, 0, 0
												
										•FEAT (90)
										 0, 1
										
												•COLR (4)
												 255, 82, 165, 165
												
												•POLY (36)
												 0, 1, 0, 4, 255, 207, 233, 153, 255, 250, 244, 21, 255, 238, 0, 36, 0, 8, 255, 220, 0, 23, 3, 6, 0, 3, 132, 145, 255, 205, 235, 69, 255, 233, 120, 145
												
												•POSN (24)
												 1, 80, 254, 210, 0, 98, 253, 228, 0, 0, 0, 0, 0, 0, 0, 0, 0, 1, 0, 0, 0, 1, 0, 0
												
										•FEAT (106)
										 0, 1
										
												•COLR (4)
												 255, 55, 97, 146
												
												•POLY (52)
												 0, 1, 0, 6, 255, 196, 131, 179, 255, 212, 134, 152, 255, 173, 3, 142, 255, 226, 7, 8, 255, 241, 129, 62, 0, 31, 90, 184, 0, 52, 129, 74, 0, 33, 218, 232, 0, 74, 132, 124, 255, 252, 135, 96, 0, 68, 255, 118, 255, 232, 0, 96
												
												•POSN (24)
												 1, 185, 254, 0, 0, 179, 252, 160, 0, 0, 0, 0, 0, 0, 0, 0, 0, 1, 0, 0, 0, 1, 0, 0
												
										•FEAT (90)
										 0, 1
										
												•COLR (4)
												 255, 70, 125, 188
												
												•POLY (36)
												 0, 1, 0, 4, 0, 23, 1, 130, 255, 229, 132, 92, 255, 218, 128, 254, 0, 20, 133, 65, 255, 246, 1, 48, 0, 15, 132, 232, 0, 23, 255, 208, 0, 0, 0, 0
												
												•POSN (24)
												 1, 8, 127, 100, 0, 93, 125, 252, 0, 0, 0, 0, 0, 0, 0, 0, 0, 1, 0, 0, 0, 1, 0, 0
												
										•FEAT (82)
										 0, 1
										
												•COLR (4)
												 255, 70, 125, 188
												
												•POLY (28)
												 0, 1, 0, 3, 0, 9, 1, 172, 0, 34, 131, 65, 0, 2, 1, 72, 255, 220, 130, 115, 255, 247, 129, 140, 0, 29, 2, 226
												
												•POSN (24)
												 1, 30, 127, 56, 0, 44, 126, 192, 0, 0, 0, 0, 0, 0, 0, 0, 0, 1, 0, 0, 0, 1, 0, 0
												
										•FEAT (90)
										 0, 1
										
												•COLR (4)
												 255, 55, 97, 146
												
												•POLY (36)
												 0, 1, 0, 4, 0, 24, 191, 207, 0, 8, 63, 222, 255, 251, 195, 137, 255, 235, 196, 34, 255, 205, 223, 193, 0, 3, 38, 75, 255, 211, 195, 13, 0, 16, 68, 78
												
												•POSN (24)
												 1, 144, 190, 83, 0, 86, 190, 22, 0, 0, 0, 0, 0, 0, 0, 0, 0, 1, 0, 0, 0, 1, 0, 0
												
										•FEAT (122)
										 0, 1
										
												•COLR (4)
												 255, 55, 97, 146
												
												•POLY (68)
												 0, 3, 0, 8, 0, 1, 15, 132, 255, 249, 253, 112, 255, 252, 128, 7, 255, 251, 0, 22, 255, 249, 253, 99, 255, 254, 240, 127, 255, 251, 0, 11, 0, 3, 127, 242, 255, 254, 240, 124, 0, 6, 2, 144, 0, 3, 127, 248, 0, 4, 255, 238, 0, 6, 2, 157, 0, 1, 15, 129, 0, 4, 255, 247, 255, 252, 128, 14
												
												•POSN (24)
												 2, 53, 60, 253, 0, 137, 189, 46, 0, 0, 0, 0, 0, 0, 0, 0, 0, 1, 0, 0, 0, 1, 0, 0
												
										•FEAT (122)
										 0, 1
										
												•COLR (4)
												 255, 204, 204, 153
												
												•POLY (68)
												 0, 3, 0, 8, 255, 255, 165, 127, 255, 253, 43, 250, 255, 253, 192, 5, 255, 254, 64, 10, 255, 253, 43, 244, 0, 0, 90, 131, 255, 254, 64, 5, 0, 2, 63, 249, 0, 0, 90, 129, 0, 2, 212, 8, 0, 2, 63, 253, 0, 1, 191, 253, 0, 2, 212, 14, 255, 255, 165, 131, 0, 1, 191, 252, 255, 253, 192, 13
												
												•POSN (24)
												 2, 53, 60, 253, 0, 137, 189, 47, 0, 0, 0, 0, 0, 0, 0, 0, 0, 1, 0, 0, 0, 1, 0, 0
												
										•FEAT (82)
										 0, 1
										
												•COLR (4)
												 255, 70, 125, 188
												
												•POLY (28)
												 0, 1, 0, 3, 255, 172, 198, 38, 255, 244, 134, 72, 255, 203, 198, 104, 255, 228, 197, 148, 255, 177, 6, 46, 255, 235, 133, 220
												
												•POSN (24)
												 2, 111, 252, 152, 0, 136, 253, 84, 0, 0, 0, 0, 0, 0, 0, 0, 0, 1, 0, 0, 0, 1, 0, 0
												
										•FEAT (90)
										 0, 1
										
												•COLR (4)
												 255, 55, 97, 146
												
												•POLY (36)
												 0, 1, 0, 4, 0, 10, 133, 155, 255, 254, 134, 50, 0, 5, 133, 49, 255, 245, 5, 190, 255, 194, 4, 255, 255, 253, 70, 18, 255, 225, 196, 215, 0, 3, 134, 96
												
												•POSN (24)
												 2, 4, 189, 111, 0, 133, 125, 102, 0, 0, 0, 0, 0, 0, 0, 0, 0, 1, 0, 0, 0, 1, 0, 0
												
								•POSN (48)
								 254, 32, 7, 128, 23, 205, 222, 228, 1, 205, 248, 200, 0, 0, 0, 0, 0, 0, 0, 0, 0, 0, 0, 0, 0, 0, 0, 0, 0, 0, 0, 0, 0, 0, 0, 0, 0, 1, 0, 0, 0, 1, 0, 0, 0, 1, 0, 0
								
						•PRSM (258)
						
								•LOCK (2)
								 0, 0
								
								•LNUM (2)
								 0, 0
								
								•COLR (8)
								 0, 255, 255, 255, 255, 255, 255, 255
								
								•PLGR (2)
								 0, 0
								
								•POLY (64)
								 0, 1, 2, 1, 0, 1, 253, 228, 8, 112, 250, 96, 22, 128, 0, 0, 0, 0, 0, 0, 0, 0, 0, 0, 0, 0, 0, 0, 0, 0, 0, 4, 255, 132, 104, 80, 254, 222, 209, 72, 255, 108, 104, 176, 254, 234, 209, 24, 0, 233, 252, 88, 1, 61, 251, 8, 0, 245, 252, 40, 1, 37, 251, 104
								
								•SURF (20)
								 0, 1
								
										•COLR (10)
										 0, 2, 0, 65, 65, 65, 255, 65, 65, 65
										
								•SURF (20)
								 0, 3
								
										•COLR (10)
										 0, 2, 0, 255, 255, 255, 255, 255, 255, 255
										
								•SURF (20)
								 0, 4
								
										•COLR (10)
										 0, 2, 0, 65, 65, 65, 255, 65, 65, 65
										
								•POSN (48)
								 252, 250, 12, 24, 23, 205, 222, 228, 1, 205, 248, 200, 0, 0, 0, 0, 0, 0, 0, 0, 0, 0, 0, 0, 0, 0, 0, 0, 0, 0, 0, 0, 0, 0, 0, 0, 0, 1, 0, 0, 0, 1, 0, 0, 0, 1, 0, 0
								
						•PRSM (230)
						
								•LOCK (2)
								 0, 0
								
								•LNUM (2)
								 0, 0
								
								•COLR (8)
								 0, 255, 255, 255, 255, 255, 255, 255
								
								•PLGR (2)
								 0, 0
								
								•POLY (64)
								 0, 1, 2, 1, 0, 1, 254, 32, 7, 128, 250, 96, 22, 128, 0, 0, 0, 0, 0, 0, 0, 0, 0, 0, 0, 0, 0, 0, 0, 0, 0, 4, 0, 222, 252, 156, 254, 210, 4, 148, 255, 118, 2, 40, 1, 13, 251, 200, 255, 142, 1, 200, 1, 25, 251, 152, 0, 239, 252, 64, 254, 236, 4, 80
								
								•SURF (20)
								 0, 2
								
										•COLR (10)
										 0, 2, 0, 255, 255, 255, 255, 255, 255, 255
										
								•SURF (20)
								 0, 4
								
										•COLR (10)
										 0, 2, 0, 65, 65, 65, 255, 65, 65, 65
										
								•POSN (48)
								 255, 76, 2, 208, 23, 205, 222, 228, 1, 199, 248, 224, 0, 0, 0, 0, 0, 0, 0, 0, 0, 0, 0, 0, 0, 0, 0, 0, 0, 0, 0, 0, 0, 0, 0, 0, 0, 1, 0, 0, 0, 1, 0, 0, 0, 1, 0, 0
								
						•PRSM (174)
						
								•LOCK (2)
								 0, 0
								
								•LNUM (2)
								 0, 0
								
								•COLR (8)
								 0, 151, 236, 255, 255, 151, 236, 255
								
								•PLGR (2)
								 0, 0
								
								•POLY (64)
								 0, 2, 3, 1, 0, 1, 0, 197, 252, 232, 255, 58, 3, 24, 0, 0, 0, 0, 0, 0, 0, 0, 0, 0, 0, 0, 0, 0, 0, 0, 0, 4, 0, 11, 255, 208, 0, 11, 255, 208, 0, 11, 255, 208, 255, 244, 0, 48, 255, 244, 0, 48, 255, 244, 0, 48, 255, 244, 0, 48, 0, 11, 255, 208
								
								•POSN (48)
								 252, 76, 14, 208, 18, 117, 244, 68, 0, 173, 253, 72, 0, 0, 0, 0, 0, 0, 0, 0, 0, 0, 0, 0, 0, 0, 0, 0, 0, 0, 0, 0, 0, 0, 0, 0, 0, 1, 0, 0, 0, 1, 0, 0, 0, 1, 0, 0
								
						•PRSM (174)
						
								•LOCK (2)
								 0, 0
								
								•LNUM (2)
								 0, 0
								
								•COLR (8)
								 0, 151, 236, 255, 255, 151, 236, 255
								
								•PLGR (2)
								 0, 0
								
								•POLY (64)
								 0, 2, 3, 1, 0, 1, 0, 197, 252, 232, 255, 58, 3, 24, 0, 0, 0, 0, 0, 0, 0, 0, 0, 0, 0, 0, 0, 0, 0, 0, 0, 4, 0, 11, 255, 208, 0, 11, 255, 208, 0, 11, 255, 208, 255, 244, 0, 48, 255, 244, 0, 48, 255, 244, 0, 48, 255, 244, 0, 48, 0, 11, 255, 208
								
								•POSN (48)
								 255, 244, 0, 48, 18, 117, 244, 68, 0, 173, 253, 72, 0, 0, 0, 0, 0, 0, 0, 0, 0, 0, 0, 0, 0, 0, 0, 0, 0, 0, 0, 0, 0, 0, 0, 0, 0, 1, 0, 0, 0, 1, 0, 0, 0, 1, 0, 0
								
						•PRSM (174)
						
								•LOCK (2)
								 0, 0
								
								•LNUM (2)
								 0, 0
								
								•COLR (8)
								 0, 151, 236, 255, 255, 151, 236, 255
								
								•PLGR (2)
								 0, 0
								
								•POLY (64)
								 0, 2, 3, 1, 0, 1, 0, 197, 252, 232, 255, 58, 3, 24, 0, 0, 0, 0, 0, 0, 0, 0, 0, 0, 0, 0, 0, 0, 0, 0, 0, 4, 0, 11, 255, 208, 0, 11, 255, 208, 0, 11, 255, 208, 255, 244, 0, 48, 255, 244, 0, 48, 255, 244, 0, 48, 255, 244, 0, 48, 0, 11, 255, 208
								
								•POSN (48)
								 253, 156, 9, 144, 18, 117, 244, 68, 0, 173, 253, 72, 0, 0, 0, 0, 0, 0, 0, 0, 0, 0, 0, 0, 0, 0, 0, 0, 0, 0, 0, 0, 0, 0, 0, 0, 0, 1, 0, 0, 0, 1, 0, 0, 0, 1, 0, 0
								
						•PRSM (174)
						
								•LOCK (2)
								 0, 0
								
								•LNUM (2)
								 0, 0
								
								•COLR (8)
								 0, 151, 236, 255, 255, 151, 236, 255
								
								•PLGR (2)
								 0, 0
								
								•POLY (64)
								 0, 2, 3, 1, 0, 1, 0, 197, 252, 232, 255, 58, 3, 24, 0, 0, 0, 0, 0, 0, 0, 0, 0, 0, 0, 0, 0, 0, 0, 0, 0, 4, 0, 11, 255, 208, 0, 11, 255, 208, 0, 11, 255, 208, 255, 244, 0, 48, 255, 244, 0, 48, 255, 244, 0, 48, 255, 244, 0, 48, 0, 11, 255, 208
								
								•POSN (48)
								 254, 164, 5, 112, 18, 117, 244, 68, 0, 173, 253, 72, 0, 0, 0, 0, 0, 0, 0, 0, 0, 0, 0, 0, 0, 0, 0, 0, 0, 0, 0, 0, 0, 0, 0, 0, 0, 1, 0, 0, 0, 1, 0, 0, 0, 1, 0, 0
								
						•PRSM (174)
						
								•LOCK (2)
								 0, 0
								
								•LNUM (2)
								 0, 0
								
								•COLR (8)
								 0, 151, 236, 255, 255, 151, 236, 255
								
								•PLGR (2)
								 0, 0
								
								•POLY (64)
								 0, 2, 3, 1, 0, 1, 0, 197, 252, 232, 255, 58, 3, 24, 0, 0, 0, 0, 0, 0, 0, 0, 0, 0, 0, 0, 0, 0, 0, 0, 0, 4, 0, 11, 255, 208, 0, 95, 254, 128, 0, 11, 255, 208, 255, 220, 0, 144, 255, 244, 0, 48, 255, 220, 0, 144, 255, 244, 0, 48, 0, 95, 254, 128
								
								•POSN (48)
								 255, 244, 0, 48, 21, 141, 231, 228, 0, 173, 253, 72, 0, 0, 0, 0, 0, 0, 0, 0, 0, 0, 0, 0, 0, 0, 0, 0, 0, 0, 0, 0, 0, 0, 0, 0, 0, 1, 0, 0, 0, 1, 0, 0, 0, 1, 0, 0
								
						•PRSM (1780)
						
								•LOCK (2)
								 0, 0
								
								•LNUM (2)
								 0, 0
								
								•COLR (8)
								 0, 151, 236, 255, 255, 151, 236, 255
								
								•PLGR (2)
								 0, 0
								
								•POLY (64)
								 0, 2, 3, 1, 0, 1, 0, 197, 252, 232, 255, 58, 3, 24, 0, 0, 0, 0, 0, 0, 0, 0, 0, 0, 0, 0, 0, 0, 0, 0, 0, 4, 0, 11, 255, 208, 0, 83, 254, 176, 0, 11, 255, 208, 255, 172, 1, 80, 255, 244, 0, 48, 255, 172, 1, 80, 255, 244, 0, 48, 0, 83, 254, 176
								
								•SURF (1570)
								 0, 2
								
										•COLR (10)
										 0, 2, 0, 204, 207, 148, 255, 204, 207, 148
										
										•FEAT (90)
										 0, 1
										
												•COLR (4)
												 255, 255, 255, 255
												
												•POLY (36)
												 0, 2, 0, 4, 0, 66, 5, 196, 0, 131, 251, 224, 0, 66, 5, 196, 255, 118, 6, 168, 255, 196, 6, 228, 255, 118, 6, 168, 255, 196, 6, 228, 0, 131, 251, 224
												
												•POSN (24)
												 0, 85, 121, 50, 0, 221, 249, 40, 0, 0, 0, 0, 0, 0, 0, 0, 0, 1, 0, 0, 0, 1, 0, 0
												
										•FEAT (90)
										 0, 1
										
												•COLR (4)
												 255, 65, 65, 65
												
												•POLY (36)
												 0, 2, 0, 4, 0, 23, 255, 112, 0, 63, 8, 148, 0, 23, 255, 112, 255, 199, 1, 212, 255, 232, 6, 240, 255, 199, 1, 212, 255, 232, 6, 240, 0, 63, 8, 148
												
												•POSN (24)
												 0, 113, 248, 140, 1, 22, 247, 84, 0, 0, 0, 0, 0, 0, 0, 0, 0, 1, 0, 0, 0, 1, 0, 0
												
										•FEAT (90)
										 0, 1
										
												•COLR (4)
												 255, 0, 173, 217
												
												•POLY (36)
												 0, 2, 0, 4, 0, 18, 5, 208, 0, 57, 8, 40, 0, 18, 5, 208, 255, 199, 1, 212, 255, 232, 13, 152, 255, 199, 1, 212, 255, 232, 13, 152, 0, 57, 8, 40
												
												•POSN (24)
												 0, 119, 248, 92, 1, 22, 247, 84, 0, 0, 0, 0, 0, 0, 0, 0, 0, 1, 0, 0, 0, 1, 0, 0
												
										•FEAT (90)
										 0, 1
										
												•COLR (4)
												 255, 65, 65, 65
												
												•POLY (36)
												 0, 2, 0, 4, 0, 23, 255, 112, 0, 63, 8, 148, 0, 23, 255, 112, 255, 199, 1, 212, 255, 232, 6, 240, 255, 199, 1, 212, 255, 232, 6, 240, 0, 63, 8, 148
												
												•POSN (24)
												 0, 59, 249, 244, 1, 22, 247, 132, 0, 0, 0, 0, 0, 0, 0, 0, 0, 1, 0, 0, 0, 1, 0, 0
												
										•FEAT (90)
										 0, 1
										
												•COLR (4)
												 255, 0, 173, 217
												
												•POLY (36)
												 0, 2, 0, 4, 0, 18, 5, 208, 0, 57, 8, 40, 0, 18, 5, 208, 255, 199, 1, 212, 255, 232, 13, 152, 255, 199, 1, 212, 255, 232, 13, 152, 0, 57, 8, 40
												
												•POSN (24)
												 0, 65, 249, 196, 1, 22, 247, 132, 0, 0, 0, 0, 0, 0, 0, 0, 0, 1, 0, 0, 0, 1, 0, 0
												
										•FEAT (90)
										 0, 1
										
												•COLR (4)
												 255, 65, 65, 65
												
												•POLY (36)
												 0, 2, 0, 4, 0, 23, 255, 112, 0, 63, 8, 148, 0, 23, 255, 112, 255, 199, 1, 212, 255, 232, 6, 240, 255, 199, 1, 212, 255, 232, 6, 240, 0, 63, 8, 148
												
												•POSN (24)
												 0, 59, 250, 12, 0, 152, 251, 140, 0, 0, 0, 0, 0, 0, 0, 0, 0, 1, 0, 0, 0, 1, 0, 0
												
										•FEAT (90)
										 0, 1
										
												•COLR (4)
												 255, 0, 173, 217
												
												•POLY (36)
												 0, 2, 0, 4, 0, 18, 5, 208, 0, 57, 8, 40, 0, 18, 5, 208, 255, 199, 1, 212, 255, 232, 13, 152, 255, 199, 1, 212, 255, 232, 13, 152, 0, 57, 8, 40
												
												•POSN (24)
												 0, 65, 249, 220, 0, 152, 251, 140, 0, 0, 0, 0, 0, 0, 0, 0, 0, 1, 0, 0, 0, 1, 0, 0
												
										•FEAT (90)
										 0, 1
										
												•COLR (4)
												 255, 65, 65, 65
												
												•POLY (36)
												 0, 2, 0, 4, 0, 23, 255, 112, 0, 63, 8, 148, 0, 23, 255, 112, 255, 199, 1, 212, 255, 232, 6, 240, 255, 199, 1, 212, 255, 232, 6, 240, 0, 63, 8, 148
												
												•POSN (24)
												 0, 113, 248, 236, 0, 152, 251, 140, 0, 0, 0, 0, 0, 0, 0, 0, 0, 1, 0, 0, 0, 1, 0, 0
												
										•FEAT (90)
										 0, 1
										
												•COLR (4)
												 255, 0, 173, 217
												
												•POLY (36)
												 0, 2, 0, 4, 0, 18, 5, 208, 0, 57, 8, 40, 0, 18, 5, 208, 255, 199, 1, 212, 255, 232, 13, 152, 255, 199, 1, 212, 255, 232, 13, 152, 0, 57, 8, 40
												
												•POSN (24)
												 0, 119, 248, 188, 0, 152, 251, 140, 0, 0, 0, 0, 0, 0, 0, 0, 0, 1, 0, 0, 0, 1, 0, 0
												
										•FEAT (90)
										 0, 1
										
												•COLR (4)
												 255, 215, 214, 62
												
												•POLY (36)
												 0, 1, 0, 4, 255, 251, 0, 54, 0, 18, 6, 128, 0, 2, 255, 250, 0, 17, 255, 184, 0, 0, 255, 254, 255, 238, 0, 72, 255, 253, 128, 6, 255, 238, 0, 72
												
												•POSN (24)
												 0, 13, 255, 228, 0, 198, 252, 228, 0, 0, 0, 0, 0, 0, 0, 0, 0, 1, 0, 0, 0, 1, 0, 0
												
										•FEAT (122)
										 0, 1
										
												•COLR (4)
												 255, 215, 214, 62
												
												•POLY (68)
												 0, 3, 0, 8, 255, 252, 118, 240, 255, 248, 237, 234, 255, 248, 128, 16, 255, 253, 128, 11, 255, 248, 237, 223, 0, 3, 137, 7, 255, 253, 128, 6, 0, 7, 127, 226, 0, 3, 137, 18, 0, 7, 18, 20, 0, 7, 127, 241, 0, 2, 127, 247, 0, 7, 18, 35, 255, 252, 118, 247, 0, 2, 127, 252, 255, 248, 128, 31
												
												•POSN (24)
												 0, 12, 127, 230, 0, 223, 252, 129, 0, 0, 0, 0, 0, 0, 0, 0, 0, 1, 0, 0, 0, 1, 0, 0
												
										•FEAT (106)
										 0, 1
										
												•COLR (4)
												 255, 71, 71, 71
												
												•POLY (52)
												 0, 1, 0, 6, 255, 251, 216, 141, 0, 6, 53, 167, 0, 2, 128, 102, 0, 5, 6, 244, 0, 7, 191, 240, 0, 0, 0, 0, 0, 6, 63, 244, 255, 249, 128, 28, 255, 253, 0, 94, 255, 248, 198, 148, 255, 248, 24, 133, 0, 0, 245, 99
												
												•POSN (24)
												 0, 24, 63, 208, 0, 215, 252, 160, 0, 0, 0, 0, 0, 0, 0, 0, 0, 1, 0, 0, 0, 1, 0, 0
												
										•FEAT (90)
										 0, 1
										
												•COLR (4)
												 255, 71, 71, 71
												
												•POLY (36)
												 0, 1, 0, 4, 255, 252, 64, 62, 255, 251, 197, 216, 0, 3, 255, 248, 0, 7, 191, 224, 0, 3, 255, 248, 0, 2, 63, 248, 255, 252, 128, 6, 255, 248, 64, 32
												
												•POSN (24)
												 0, 18, 127, 220, 0, 189, 61, 12, 0, 0, 0, 0, 0, 0, 0, 0, 0, 1, 0, 0, 0, 1, 0, 0
												
										•FEAT (90)
										 0, 1
										
												•COLR (4)
												 255, 71, 71, 71
												
												•POLY (36)
												 0, 1, 0, 4, 0, 2, 31, 252, 0, 2, 31, 248, 255, 255, 96, 92, 255, 248, 102, 24, 255, 253, 224, 4, 0, 9, 31, 220, 0, 0, 96, 94, 0, 8, 230, 76
												
												•POSN (24)
												 0, 23, 95, 210, 0, 199, 220, 224, 0, 0, 0, 0, 0, 0, 0, 0, 0, 1, 0, 0, 0, 1, 0, 0
												
										•FEAT (122)
										 0, 1
										
												•COLR (4)
												 255, 71, 71, 71
												
												•POLY (68)
												 0, 3, 0, 8, 255, 255, 29, 189, 255, 252, 254, 185, 255, 253, 64, 7, 255, 254, 128, 7, 255, 252, 254, 178, 0, 0, 226, 68, 255, 254, 128, 4, 0, 2, 191, 246, 0, 0, 226, 69, 0, 3, 1, 73, 0, 2, 191, 251, 0, 1, 127, 250, 0, 3, 1, 80, 255, 255, 29, 188, 0, 1, 127, 253, 255, 253, 64, 10
												
												•POSN (24)
												 0, 12, 127, 229, 0, 223, 124, 130, 0, 0, 0, 0, 0, 0, 0, 0, 0, 1, 0, 0, 0, 1, 0, 0
												
								•SURF (20)
								 0, 4
								
										•COLR (10)
										 0, 2, 0, 151, 236, 255, 0, 151, 236, 255
										
								•POSN (48)
								 255, 244, 0, 48, 21, 21, 233, 196, 0, 173, 253, 72, 0, 0, 0, 0, 0, 0, 0, 0, 0, 0, 0, 0, 0, 0, 0, 0, 0, 0, 0, 0, 0, 0, 0, 0, 0, 1, 0, 0, 0, 1, 0, 0, 0, 1, 0, 0
								
						•PRSM (174)
						
								•LOCK (2)
								 0, 0
								
								•LNUM (2)
								 0, 0
								
								•COLR (8)
								 0, 151, 236, 255, 255, 151, 236, 255
								
								•PLGR (2)
								 0, 0
								
								•POLY (64)
								 0, 2, 3, 1, 0, 1, 0, 197, 252, 232, 255, 58, 3, 24, 0, 0, 0, 0, 0, 0, 0, 0, 0, 0, 0, 0, 0, 0, 0, 0, 0, 4, 0, 11, 255, 208, 0, 101, 254, 104, 0, 11, 255, 208, 255, 130, 1, 248, 255, 244, 0, 48, 255, 130, 1, 248, 255, 244, 0, 48, 0, 101, 254, 104
								
								•POSN (48)
								 255, 244, 0, 48, 20, 91, 236, 172, 0, 173, 253, 72, 0, 0, 0, 0, 0, 0, 0, 0, 0, 0, 0, 0, 0, 0, 0, 0, 0, 0, 0, 0, 0, 0, 0, 0, 0, 1, 0, 0, 0, 1, 0, 0, 0, 1, 0, 0
								
						•PRSM (174)
						
								•LOCK (2)
								 0, 0
								
								•LNUM (2)
								 0, 0
								
								•COLR (8)
								 0, 151, 236, 255, 255, 151, 236, 255
								
								•PLGR (2)
								 0, 0
								
								•POLY (64)
								 0, 2, 3, 1, 0, 1, 0, 197, 252, 232, 255, 58, 3, 24, 0, 0, 0, 0, 0, 0, 0, 0, 0, 0, 0, 0, 0, 0, 0, 0, 0, 4, 0, 11, 255, 208, 1, 79, 250, 192, 0, 11, 255, 208, 255, 64, 3, 0, 255, 244, 0, 48, 255, 64, 3, 0, 255, 244, 0, 48, 1, 79, 250, 192
								
								•POSN (48)
								 252, 76, 14, 208, 20, 157, 235, 164, 0, 173, 253, 72, 0, 0, 0, 0, 0, 0, 0, 0, 0, 0, 0, 0, 0, 0, 0, 0, 0, 0, 0, 0, 0, 0, 0, 0, 0, 1, 0, 0, 0, 1, 0, 0, 0, 1, 0, 0
								
						•PRSM (870)
						
								•LOCK (2)
								 0, 0
								
								•LNUM (2)
								 0, 0
								
								•COLR (8)
								 0, 151, 236, 255, 255, 151, 236, 255
								
								•PLGR (2)
								 0, 0
								
								•POLY (64)
								 0, 1, 3, 1, 0, 1, 255, 148, 1, 176, 255, 58, 3, 24, 0, 0, 0, 0, 0, 0, 0, 0, 0, 0, 0, 0, 0, 0, 0, 0, 0, 4, 255, 220, 0, 144, 0, 113, 254, 56, 0, 59, 255, 16, 255, 142, 1, 200, 0, 35, 255, 112, 255, 142, 1, 200, 255, 196, 0, 240, 0, 113, 254, 56
								
								•SURF (688)
								 0, 4
								
										•FEAT (90)
										 0, 1
										
												•COLR (4)
												 255, 255, 255, 255
												
												•POLY (36)
												 0, 2, 0, 4, 255, 250, 0, 48, 255, 127, 4, 8, 255, 250, 0, 48, 0, 141, 6, 120, 0, 5, 255, 208, 0, 141, 6, 120, 0, 5, 255, 208, 255, 127, 4, 8
												
												•POSN (24)
												 0, 6, 1, 32, 0, 218, 246, 136, 0, 0, 0, 0, 0, 0, 0, 0, 0, 1, 0, 0, 0, 1, 0, 0
												
										•FEAT (90)
										 0, 1
										
												•COLR (4)
												 255, 255, 255, 255
												
												•POLY (36)
												 0, 2, 0, 4, 255, 250, 0, 48, 255, 127, 4, 8, 255, 250, 0, 48, 0, 141, 6, 120, 0, 5, 255, 208, 0, 141, 6, 120, 0, 5, 255, 208, 255, 127, 4, 8
												
												•POSN (24)
												 0, 239, 249, 52, 0, 218, 246, 160, 0, 0, 0, 0, 0, 0, 0, 0, 0, 1, 0, 0, 0, 1, 0, 0
												
										•FEAT (90)
										 0, 1
										
												•COLR (4)
												 255, 255, 255, 255
												
												•POLY (36)
												 0, 2, 0, 4, 0, 0, 0, 24, 255, 127, 4, 8, 0, 0, 0, 24, 0, 141, 6, 120, 0, 5, 255, 208, 0, 141, 6, 120, 0, 5, 255, 208, 255, 127, 4, 8
												
												•POSN (24)
												 0, 77, 254, 200, 0, 218, 246, 160, 0, 0, 0, 0, 0, 0, 0, 0, 0, 1, 0, 0, 0, 1, 0, 0
												
										•FEAT (90)
										 0, 1
										
												•COLR (4)
												 255, 255, 255, 255
												
												•POLY (36)
												 0, 2, 0, 4, 0, 0, 0, 24, 255, 127, 4, 8, 0, 0, 0, 24, 0, 141, 6, 120, 0, 5, 255, 208, 0, 141, 6, 120, 0, 5, 255, 208, 255, 127, 4, 8
												
												•POSN (24)
												 0, 155, 252, 52, 0, 218, 246, 184, 0, 0, 0, 0, 0, 0, 0, 0, 0, 1, 0, 0, 0, 1, 0, 0
												
										•FEAT (90)
										 0, 1
										
												•COLR (4)
												 255, 255, 255, 255
												
												•POLY (36)
												 0, 2, 0, 4, 0, 120, 1, 80, 0, 2, 255, 232, 0, 120, 1, 80, 255, 253, 0, 24, 255, 154, 3, 144, 255, 253, 0, 24, 255, 154, 3, 144, 0, 2, 255, 232
												
												•POSN (24)
												 0, 113, 253, 96, 1, 100, 242, 56, 0, 0, 0, 0, 0, 0, 0, 0, 0, 1, 0, 0, 0, 1, 0, 0
												
										•FEAT (90)
										 0, 1
										
												•COLR (4)
												 255, 255, 255, 255
												
												•POLY (36)
												 0, 2, 0, 4, 0, 120, 1, 80, 0, 2, 255, 232, 0, 120, 1, 80, 255, 253, 0, 24, 255, 154, 3, 144, 255, 253, 0, 24, 255, 154, 3, 144, 0, 2, 255, 232
												
												•POSN (24)
												 0, 113, 253, 96, 0, 92, 250, 120, 0, 0, 0, 0, 0, 0, 0, 0, 0, 1, 0, 0, 0, 1, 0, 0
												
										•FEAT (90)
										 0, 1
										
												•COLR (4)
												 255, 255, 255, 255
												
												•POLY (36)
												 0, 2, 0, 4, 0, 120, 1, 80, 0, 0, 7, 80, 0, 120, 1, 80, 255, 250, 0, 48, 255, 154, 3, 144, 255, 250, 0, 48, 255, 154, 3, 144, 0, 0, 7, 80
												
												•POSN (24)
												 0, 113, 253, 96, 0, 227, 246, 64, 0, 0, 0, 0, 0, 0, 0, 0, 0, 1, 0, 0, 0, 1, 0, 0
												
								•POSN (48)
								 252, 124, 14, 16, 19, 107, 240, 108, 0, 173, 253, 72, 0, 0, 0, 0, 0, 0, 0, 0, 0, 0, 0, 0, 0, 0, 0, 0, 0, 0, 0, 0, 0, 0, 0, 0, 0, 1, 0, 0, 0, 1, 0, 0, 0, 1, 0, 0
								
						•PRSM (870)
						
								•LOCK (2)
								 0, 0
								
								•LNUM (2)
								 0, 0
								
								•COLR (8)
								 0, 151, 236, 255, 255, 151, 236, 255
								
								•PLGR (2)
								 0, 0
								
								•POLY (64)
								 0, 1, 3, 1, 0, 1, 255, 148, 1, 176, 255, 58, 3, 24, 0, 0, 0, 0, 0, 0, 0, 0, 0, 0, 0, 0, 0, 0, 0, 0, 0, 4, 255, 136, 1, 224, 0, 11, 255, 208, 0, 119, 254, 32, 0, 11, 255, 208, 0, 119, 254, 32, 255, 244, 0, 48, 255, 136, 1, 224, 255, 244, 0, 48
								
								•SURF (688)
								 0, 4
								
										•FEAT (90)
										 0, 1
										
												•COLR (4)
												 255, 255, 255, 255
												
												•POLY (36)
												 0, 2, 0, 4, 255, 250, 0, 48, 255, 127, 4, 8, 255, 250, 0, 48, 0, 141, 6, 120, 0, 5, 255, 208, 0, 141, 6, 120, 0, 5, 255, 208, 255, 127, 4, 8
												
												•POSN (24)
												 0, 5, 255, 208, 0, 218, 249, 76, 0, 0, 0, 0, 0, 0, 0, 0, 0, 1, 0, 0, 0, 1, 0, 0
												
										•FEAT (90)
										 0, 1
										
												•COLR (4)
												 255, 255, 255, 255
												
												•POLY (36)
												 0, 2, 0, 4, 255, 250, 0, 48, 255, 127, 4, 8, 255, 250, 0, 48, 0, 141, 6, 120, 0, 5, 255, 208, 0, 141, 6, 120, 0, 5, 255, 208, 255, 127, 4, 8
												
												•POSN (24)
												 0, 233, 248, 44, 0, 218, 249, 100, 0, 0, 0, 0, 0, 0, 0, 0, 0, 1, 0, 0, 0, 1, 0, 0
												
										•FEAT (90)
										 0, 1
										
												•COLR (4)
												 255, 255, 255, 255
												
												•POLY (36)
												 0, 2, 0, 4, 0, 0, 0, 24, 255, 127, 4, 8, 0, 0, 0, 24, 0, 141, 6, 120, 0, 5, 255, 208, 0, 141, 6, 120, 0, 5, 255, 208, 255, 127, 4, 8
												
												•POSN (24)
												 0, 77, 253, 132, 0, 218, 249, 100, 0, 0, 0, 0, 0, 0, 0, 0, 0, 1, 0, 0, 0, 1, 0, 0
												
										•FEAT (90)
										 0, 1
										
												•COLR (4)
												 255, 255, 255, 255
												
												•POLY (36)
												 0, 2, 0, 4, 0, 0, 0, 24, 255, 127, 4, 8, 0, 0, 0, 24, 0, 141, 6, 120, 0, 5, 255, 208, 0, 141, 6, 120, 0, 5, 255, 208, 255, 127, 4, 8
												
												•POSN (24)
												 0, 149, 251, 20, 0, 218, 249, 124, 0, 0, 0, 0, 0, 0, 0, 0, 0, 1, 0, 0, 0, 1, 0, 0
												
										•FEAT (90)
										 0, 1
										
												•COLR (4)
												 255, 255, 255, 255
												
												•POLY (36)
												 0, 2, 0, 4, 0, 108, 0, 132, 0, 2, 255, 232, 0, 108, 0, 132, 255, 253, 0, 24, 255, 148, 3, 228, 255, 253, 0, 24, 255, 148, 3, 228, 0, 2, 255, 232
												
												•POSN (24)
												 0, 119, 251, 236, 1, 100, 244, 252, 0, 0, 0, 0, 0, 0, 0, 0, 0, 1, 0, 0, 0, 1, 0, 0
												
										•FEAT (90)
										 0, 1
										
												•COLR (4)
												 255, 255, 255, 255
												
												•POLY (36)
												 0, 1, 0, 4, 0, 108, 0, 132, 0, 2, 255, 232, 0, 108, 0, 132, 255, 253, 0, 24, 255, 148, 3, 228, 255, 253, 0, 24, 255, 148, 3, 228, 0, 2, 255, 232
												
												•POSN (24)
												 0, 119, 251, 236, 0, 92, 253, 60, 0, 0, 0, 0, 0, 0, 0, 0, 0, 1, 0, 0, 0, 1, 0, 0
												
										•FEAT (90)
										 0, 1
										
												•COLR (4)
												 255, 255, 255, 255
												
												•POLY (36)
												 0, 2, 0, 4, 0, 108, 0, 132, 0, 0, 7, 80, 0, 108, 0, 132, 255, 250, 0, 48, 255, 148, 3, 228, 255, 250, 0, 48, 255, 148, 3, 228, 0, 0, 7, 80
												
												•POSN (24)
												 0, 119, 251, 236, 0, 227, 249, 4, 0, 0, 0, 0, 0, 0, 0, 0, 0, 1, 0, 0, 0, 1, 0, 0
												
								•POSN (48)
								 254, 32, 7, 128, 18, 117, 244, 68, 0, 173, 253, 72, 0, 0, 0, 0, 0, 0, 0, 0, 0, 0, 0, 0, 0, 0, 0, 0, 0, 0, 0, 0, 0, 0, 0, 0, 0, 1, 0, 0, 0, 1, 0, 0, 0, 1, 0, 0
								
						•PRSM (870)
						
								•LOCK (2)
								 0, 0
								
								•LNUM (2)
								 0, 0
								
								•COLR (8)
								 0, 151, 236, 255, 255, 151, 236, 255
								
								•PLGR (2)
								 0, 0
								
								•POLY (64)
								 0, 1, 3, 1, 0, 1, 255, 148, 1, 176, 255, 58, 3, 24, 0, 0, 0, 0, 0, 0, 0, 0, 0, 0, 0, 0, 0, 0, 0, 0, 0, 4, 255, 160, 1, 128, 255, 208, 0, 192, 0, 95, 254, 128, 0, 71, 254, 224, 0, 95, 254, 128, 0, 47, 255, 64, 255, 160, 1, 128, 255, 184, 1, 32
								
								•SURF (688)
								 0, 4
								
										•FEAT (90)
										 0, 1
										
												•COLR (4)
												 255, 255, 255, 255
												
												•POLY (36)
												 0, 2, 0, 4, 255, 250, 0, 48, 255, 127, 4, 8, 255, 250, 0, 48, 0, 141, 6, 120, 0, 5, 255, 208, 0, 141, 6, 120, 0, 5, 255, 208, 255, 127, 4, 8
												
												•POSN (24)
												 0, 5, 255, 208, 0, 218, 249, 40, 0, 0, 0, 0, 0, 0, 0, 0, 0, 1, 0, 0, 0, 1, 0, 0
												
										•FEAT (90)
										 0, 1
										
												•COLR (4)
												 255, 255, 255, 255
												
												•POLY (36)
												 0, 2, 0, 4, 255, 250, 0, 48, 255, 127, 4, 8, 255, 250, 0, 48, 0, 141, 6, 120, 0, 5, 255, 208, 0, 141, 6, 120, 0, 5, 255, 208, 255, 127, 4, 8
												
												•POSN (24)
												 0, 221, 248, 92, 0, 218, 249, 64, 0, 0, 0, 0, 0, 0, 0, 0, 0, 1, 0, 0, 0, 1, 0, 0
												
										•FEAT (90)
										 0, 1
										
												•COLR (4)
												 255, 255, 255, 255
												
												•POLY (36)
												 0, 2, 0, 4, 0, 0, 0, 24, 255, 127, 4, 8, 0, 0, 0, 24, 0, 141, 6, 120, 0, 5, 255, 208, 0, 141, 6, 120, 0, 5, 255, 208, 255, 127, 4, 8
												
												•POSN (24)
												 0, 71, 253, 156, 0, 218, 249, 64, 0, 0, 0, 0, 0, 0, 0, 0, 0, 1, 0, 0, 0, 1, 0, 0
												
										•FEAT (90)
										 0, 1
										
												•COLR (4)
												 255, 255, 255, 255
												
												•POLY (36)
												 0, 2, 0, 4, 0, 0, 0, 24, 255, 127, 4, 8, 0, 0, 0, 24, 0, 141, 6, 120, 0, 5, 255, 208, 0, 141, 6, 120, 0, 5, 255, 208, 255, 127, 4, 8
												
												•POSN (24)
												 0, 143, 251, 44, 0, 218, 249, 88, 0, 0, 0, 0, 0, 0, 0, 0, 0, 1, 0, 0, 0, 1, 0, 0
												
										•FEAT (90)
										 0, 1
										
												•COLR (4)
												 255, 255, 255, 255
												
												•POLY (36)
												 0, 2, 0, 4, 0, 101, 252, 112, 0, 2, 255, 232, 0, 101, 252, 112, 255, 253, 0, 24, 255, 154, 3, 144, 255, 253, 0, 24, 255, 154, 3, 144, 0, 2, 255, 232
												
												•POSN (24)
												 0, 113, 252, 4, 1, 100, 244, 216, 0, 0, 0, 0, 0, 0, 0, 0, 0, 1, 0, 0, 0, 1, 0, 0
												
										•FEAT (90)
										 0, 1
										
												•COLR (4)
												 255, 255, 255, 255
												
												•POLY (36)
												 0, 2, 0, 4, 0, 101, 252, 112, 0, 2, 255, 232, 0, 101, 252, 112, 255, 253, 0, 24, 255, 154, 3, 144, 255, 253, 0, 24, 255, 154, 3, 144, 0, 2, 255, 232
												
												•POSN (24)
												 0, 113, 252, 4, 0, 92, 253, 24, 0, 0, 0, 0, 0, 0, 0, 0, 0, 1, 0, 0, 0, 1, 0, 0
												
										•FEAT (90)
										 0, 1
										
												•COLR (4)
												 255, 255, 255, 255
												
												•POLY (36)
												 0, 2, 0, 4, 0, 101, 252, 112, 0, 0, 7, 80, 0, 101, 252, 112, 255, 250, 0, 48, 255, 154, 3, 144, 255, 250, 0, 48, 255, 154, 3, 144, 0, 0, 7, 80
												
												•POSN (24)
												 0, 113, 252, 4, 0, 227, 248, 224, 0, 0, 0, 0, 0, 0, 0, 0, 0, 1, 0, 0, 0, 1, 0, 0
												
								•POSN (48)
								 255, 16, 3, 192, 18, 177, 243, 84, 0, 173, 253, 72, 0, 0, 0, 0, 0, 0, 0, 0, 0, 0, 0, 0, 0, 0, 0, 0, 0, 0, 0, 0, 0, 0, 0, 0, 0, 1, 0, 0, 0, 1, 0, 0, 0, 1, 0, 0
								
						•PRSM (870)
						
								•LOCK (2)
								 0, 0
								
								•LNUM (2)
								 0, 0
								
								•COLR (8)
								 0, 151, 236, 255, 255, 151, 236, 255
								
								•PLGR (2)
								 0, 0
								
								•POLY (64)
								 0, 1, 3, 1, 0, 1, 255, 148, 1, 176, 255, 58, 3, 24, 0, 0, 0, 0, 0, 0, 0, 0, 0, 0, 0, 0, 0, 0, 0, 0, 0, 4, 255, 184, 1, 32, 255, 142, 1, 200, 0, 47, 255, 64, 0, 113, 254, 56, 0, 71, 254, 224, 0, 113, 254, 56, 255, 208, 0, 192, 255, 142, 1, 200
								
								•SURF (688)
								 0, 4
								
										•FEAT (90)
										 0, 1
										
												•COLR (4)
												 255, 255, 255, 255
												
												•POLY (36)
												 0, 2, 0, 4, 255, 250, 0, 48, 255, 127, 4, 8, 255, 250, 0, 48, 0, 141, 6, 120, 0, 5, 255, 208, 0, 141, 6, 120, 0, 5, 255, 208, 255, 127, 4, 8
												
												•POSN (24)
												 0, 6, 1, 164, 0, 218, 246, 136, 0, 0, 0, 0, 0, 0, 0, 0, 0, 1, 0, 0, 0, 1, 0, 0
												
										•FEAT (90)
										 0, 1
										
												•COLR (4)
												 255, 255, 255, 255
												
												•POLY (36)
												 0, 2, 0, 4, 255, 250, 0, 48, 255, 127, 4, 8, 255, 250, 0, 48, 0, 141, 6, 120, 0, 5, 255, 208, 0, 141, 6, 120, 0, 5, 255, 208, 255, 127, 4, 8
												
												•POSN (24)
												 0, 251, 249, 76, 0, 218, 246, 160, 0, 0, 0, 0, 0, 0, 0, 0, 0, 1, 0, 0, 0, 1, 0, 0
												
										•FEAT (90)
										 0, 1
										
												•COLR (4)
												 255, 255, 255, 255
												
												•POLY (36)
												 0, 2, 0, 4, 0, 0, 0, 24, 255, 127, 4, 8, 0, 0, 0, 24, 0, 141, 6, 120, 0, 5, 255, 208, 0, 141, 6, 120, 0, 5, 255, 208, 255, 127, 4, 8
												
												•POSN (24)
												 0, 83, 255, 16, 0, 218, 246, 160, 0, 0, 0, 0, 0, 0, 0, 0, 0, 1, 0, 0, 0, 1, 0, 0
												
										•FEAT (90)
										 0, 1
										
												•COLR (4)
												 255, 255, 255, 255
												
												•POLY (36)
												 0, 2, 0, 4, 0, 0, 0, 24, 255, 127, 4, 8, 0, 0, 0, 24, 0, 141, 6, 120, 0, 5, 255, 208, 0, 141, 6, 120, 0, 5, 255, 208, 255, 127, 4, 8
												
												•POSN (24)
												 0, 167, 252, 76, 0, 218, 246, 184, 0, 0, 0, 0, 0, 0, 0, 0, 0, 1, 0, 0, 0, 1, 0, 0
												
										•FEAT (90)
										 0, 1
										
												•COLR (4)
												 255, 255, 255, 255
												
												•POLY (36)
												 0, 2, 0, 4, 0, 132, 1, 44, 0, 2, 255, 232, 0, 132, 1, 44, 255, 253, 0, 24, 255, 154, 3, 144, 255, 253, 0, 24, 255, 154, 3, 144, 0, 2, 255, 232
												
												•POSN (24)
												 0, 113, 253, 228, 1, 100, 242, 56, 0, 0, 0, 0, 0, 0, 0, 0, 0, 1, 0, 0, 0, 1, 0, 0
												
										•FEAT (90)
										 0, 1
										
												•COLR (4)
												 255, 255, 255, 255
												
												•POLY (36)
												 0, 2, 0, 4, 0, 132, 1, 44, 0, 2, 255, 232, 0, 132, 1, 44, 255, 253, 0, 24, 255, 154, 3, 144, 255, 253, 0, 24, 255, 154, 3, 144, 0, 2, 255, 232
												
												•POSN (24)
												 0, 113, 253, 228, 0, 92, 250, 120, 0, 0, 0, 0, 0, 0, 0, 0, 0, 1, 0, 0, 0, 1, 0, 0
												
										•FEAT (90)
										 0, 1
										
												•COLR (4)
												 255, 255, 255, 255
												
												•POLY (36)
												 0, 2, 0, 4, 0, 132, 1, 44, 0, 0, 7, 80, 0, 132, 1, 44, 255, 250, 0, 48, 255, 154, 3, 144, 255, 250, 0, 48, 255, 154, 3, 144, 0, 0, 7, 80
												
												•POSN (24)
												 0, 113, 253, 228, 0, 227, 246, 64, 0, 0, 0, 0, 0, 0, 0, 0, 0, 1, 0, 0, 0, 1, 0, 0
												
								•POSN (48)
								 255, 184, 1, 32, 19, 107, 240, 108, 0, 173, 253, 72, 0, 0, 0, 0, 0, 0, 0, 0, 0, 0, 0, 0, 0, 0, 0, 0, 0, 0, 0, 0, 0, 0, 0, 0, 0, 1, 0, 0, 0, 1, 0, 0, 0, 1, 0, 0
								
						•PRSM (174)
						
								•LOCK (2)
								 0, 0
								
								•LNUM (2)
								 0, 0
								
								•COLR (8)
								 0, 151, 236, 255, 255, 151, 236, 255
								
								•PLGR (2)
								 0, 0
								
								•POLY (64)
								 0, 1, 3, 1, 0, 1, 255, 148, 1, 176, 255, 112, 2, 64, 0, 0, 0, 0, 0, 0, 0, 0, 0, 0, 0, 0, 0, 0, 0, 0, 0, 4, 255, 220, 0, 144, 0, 113, 254, 56, 0, 59, 255, 16, 255, 142, 1, 200, 0, 35, 255, 112, 255, 142, 1, 200, 255, 196, 0, 240, 0, 113, 254, 56
								
								•POSN (48)
								 252, 124, 14, 16, 19, 107, 240, 108, 1, 223, 248, 128, 0, 0, 0, 0, 0, 0, 0, 0, 0, 0, 0, 0, 0, 0, 0, 0, 0, 0, 0, 0, 0, 0, 0, 0, 0, 1, 0, 0, 0, 1, 0, 0, 0, 1, 0, 0
								
						•PRSM (174)
						
								•LOCK (2)
								 0, 0
								
								•LNUM (2)
								 0, 0
								
								•COLR (8)
								 0, 151, 236, 255, 255, 151, 236, 255
								
								•PLGR (2)
								 0, 0
								
								•POLY (64)
								 0, 1, 3, 1, 0, 1, 255, 148, 1, 176, 255, 112, 2, 64, 0, 0, 0, 0, 0, 0, 0, 0, 0, 0, 0, 0, 0, 0, 0, 0, 0, 4, 255, 136, 1, 224, 0, 11, 255, 208, 0, 119, 254, 32, 0, 11, 255, 208, 0, 119, 254, 32, 255, 244, 0, 48, 255, 136, 1, 224, 255, 244, 0, 48
								
								•POSN (48)
								 254, 32, 7, 128, 18, 117, 244, 68, 1, 223, 248, 128, 0, 0, 0, 0, 0, 0, 0, 0, 0, 0, 0, 0, 0, 0, 0, 0, 0, 0, 0, 0, 0, 0, 0, 0, 0, 1, 0, 0, 0, 1, 0, 0, 0, 1, 0, 0
								
						•PRSM (174)
						
								•LOCK (2)
								 0, 0
								
								•LNUM (2)
								 0, 0
								
								•COLR (8)
								 0, 151, 236, 255, 255, 151, 236, 255
								
								•PLGR (2)
								 0, 0
								
								•POLY (64)
								 0, 1, 3, 1, 0, 1, 255, 148, 1, 176, 255, 112, 2, 64, 0, 0, 0, 0, 0, 0, 0, 0, 0, 0, 0, 0, 0, 0, 0, 0, 0, 4, 255, 160, 1, 128, 255, 208, 0, 192, 0, 95, 254, 128, 0, 71, 254, 224, 0, 95, 254, 128, 0, 47, 255, 64, 255, 160, 1, 128, 255, 184, 1, 32
								
								•POSN (48)
								 255, 16, 3, 192, 18, 177, 243, 84, 1, 223, 248, 128, 0, 0, 0, 0, 0, 0, 0, 0, 0, 0, 0, 0, 0, 0, 0, 0, 0, 0, 0, 0, 0, 0, 0, 0, 0, 1, 0, 0, 0, 1, 0, 0, 0, 1, 0, 0
								
						•PRSM (174)
						
								•LOCK (2)
								 0, 0
								
								•LNUM (2)
								 0, 0
								
								•COLR (8)
								 0, 151, 236, 255, 255, 151, 236, 255
								
								•PLGR (2)
								 0, 0
								
								•POLY (64)
								 0, 1, 3, 1, 0, 1, 255, 148, 1, 176, 255, 112, 2, 64, 0, 0, 0, 0, 0, 0, 0, 0, 0, 0, 0, 0, 0, 0, 0, 0, 0, 4, 255, 184, 1, 32, 255, 142, 1, 200, 0, 47, 255, 64, 0, 113, 254, 56, 0, 71, 254, 224, 0, 113, 254, 56, 255, 208, 0, 192, 255, 142, 1, 200
								
								•POSN (48)
								 255, 184, 1, 32, 19, 107, 240, 108, 1, 223, 248, 128, 0, 0, 0, 0, 0, 0, 0, 0, 0, 0, 0, 0, 0, 0, 0, 0, 0, 0, 0, 0, 0, 0, 0, 0, 0, 1, 0, 0, 0, 1, 0, 0, 0, 1, 0, 0
								
						•PRSM (166)
						
								•LOCK (2)
								 0, 0
								
								•LNUM (2)
								 0, 0
								
								•COLR (8)
								 0, 151, 236, 255, 255, 151, 236, 255
								
								•PLGR (2)
								 0, 0
								
								•POLY (56)
								 0, 1, 3, 1, 0, 1, 0, 209, 252, 184, 0, 197, 252, 232, 0, 0, 0, 0, 0, 0, 0, 0, 0, 0, 0, 0, 0, 0, 0, 0, 0, 3, 0, 167, 253, 96, 255, 94, 2, 136, 255, 88, 2, 160, 255, 94, 2, 136, 255, 88, 2, 160, 0, 185, 253, 24
								
								•POSN (48)
								 253, 0, 12, 0, 19, 35, 241, 140, 0, 173, 253, 72, 0, 0, 0, 0, 0, 0, 0, 0, 0, 0, 0, 0, 0, 0, 0, 0, 0, 0, 0, 0, 0, 0, 0, 0, 0, 1, 0, 0, 0, 1, 0, 0, 0, 1, 0, 0
								
						•PRSM (166)
						
								•LOCK (2)
								 0, 0
								
								•LNUM (2)
								 0, 0
								
								•COLR (8)
								 0, 151, 236, 255, 255, 151, 236, 255
								
								•PLGR (2)
								 0, 0
								
								•POLY (56)
								 0, 1, 3, 1, 0, 1, 0, 209, 252, 184, 0, 197, 252, 232, 0, 0, 0, 0, 0, 0, 0, 0, 0, 0, 0, 0, 0, 0, 0, 0, 0, 3, 0, 167, 253, 96, 0, 173, 253, 72, 0, 167, 253, 96, 255, 82, 2, 184, 255, 88, 2, 160, 255, 82, 2, 184
								
								•POSN (48)
								 255, 64, 3, 0, 19, 47, 241, 92, 0, 173, 253, 72, 0, 0, 0, 0, 0, 0, 0, 0, 0, 0, 0, 0, 0, 0, 0, 0, 0, 0, 0, 0, 0, 0, 0, 0, 0, 1, 0, 0, 0, 1, 0, 0, 0, 1, 0, 0
								
						•PRSM (174)
						
								•LOCK (2)
								 0, 0
								
								•LNUM (2)
								 0, 0
								
								•COLR (8)
								 0, 151, 236, 255, 255, 151, 236, 255
								
								•PLGR (2)
								 0, 0
								
								•POLY (64)
								 0, 2, 3, 1, 0, 1, 0, 197, 252, 232, 255, 58, 3, 24, 0, 0, 0, 0, 0, 0, 0, 0, 0, 0, 0, 0, 0, 0, 0, 0, 0, 4, 0, 11, 255, 208, 0, 11, 255, 208, 0, 11, 255, 208, 255, 244, 0, 48, 255, 244, 0, 48, 255, 244, 0, 48, 255, 244, 0, 48, 0, 11, 255, 208
								
								•POSN (48)
								 255, 124, 2, 16, 18, 237, 242, 100, 0, 173, 253, 72, 0, 0, 0, 0, 0, 0, 0, 0, 0, 0, 0, 0, 0, 0, 0, 0, 0, 0, 0, 0, 0, 0, 0, 0, 0, 1, 0, 0, 0, 1, 0, 0, 0, 1, 0, 0
								
						•PRSM (174)
						
								•LOCK (2)
								 0, 0
								
								•LNUM (2)
								 0, 0
								
								•COLR (8)
								 0, 151, 236, 255, 255, 151, 236, 255
								
								•PLGR (2)
								 0, 0
								
								•POLY (64)
								 0, 2, 3, 1, 0, 1, 0, 197, 252, 232, 255, 58, 3, 24, 0, 0, 0, 0, 0, 0, 0, 0, 0, 0, 0, 0, 0, 0, 0, 0, 0, 4, 0, 11, 255, 208, 0, 11, 255, 208, 0, 11, 255, 208, 255, 244, 0, 48, 255, 244, 0, 48, 255, 244, 0, 48, 255, 244, 0, 48, 0, 11, 255, 208
								
								•POSN (48)
								 252, 172, 13, 80, 18, 237, 242, 100, 0, 173, 253, 72, 0, 0, 0, 0, 0, 0, 0, 0, 0, 0, 0, 0, 0, 0, 0, 0, 0, 0, 0, 0, 0, 0, 0, 0, 0, 1, 0, 0, 0, 1, 0, 0, 0, 1, 0, 0
								
						•PRSM (870)
						
								•LOCK (2)
								 0, 0
								
								•LNUM (2)
								 0, 0
								
								•COLR (8)
								 0, 151, 236, 255, 255, 151, 236, 255
								
								•PLGR (2)
								 0, 0
								
								•POLY (64)
								 0, 1, 3, 1, 0, 1, 255, 148, 1, 176, 255, 58, 3, 24, 0, 0, 0, 0, 0, 0, 0, 0, 0, 0, 0, 0, 0, 0, 0, 0, 0, 4, 255, 148, 1, 176, 0, 71, 254, 224, 0, 107, 254, 80, 255, 208, 0, 192, 0, 107, 254, 80, 255, 184, 1, 32, 255, 148, 1, 176, 0, 47, 255, 64
								
								•SURF (688)
								 0, 4
								
										•FEAT (90)
										 0, 1
										
												•COLR (4)
												 255, 255, 255, 255
												
												•POLY (36)
												 0, 2, 0, 4, 255, 250, 0, 48, 255, 127, 4, 8, 255, 250, 0, 48, 0, 141, 6, 120, 0, 5, 255, 208, 0, 141, 6, 120, 0, 5, 255, 208, 255, 127, 4, 8
												
												•POSN (24)
												 0, 6, 2, 16, 0, 218, 246, 136, 0, 0, 0, 0, 0, 0, 0, 0, 0, 1, 0, 0, 0, 1, 0, 0
												
										•FEAT (90)
										 0, 1
										
												•COLR (4)
												 255, 255, 255, 255
												
												•POLY (36)
												 0, 2, 0, 4, 255, 250, 0, 48, 255, 127, 4, 8, 255, 250, 0, 48, 0, 141, 6, 120, 0, 5, 255, 208, 0, 141, 6, 120, 0, 5, 255, 208, 255, 127, 4, 8
												
												•POSN (24)
												 0, 239, 250, 0, 0, 218, 246, 160, 0, 0, 0, 0, 0, 0, 0, 0, 0, 1, 0, 0, 0, 1, 0, 0
												
										•FEAT (90)
										 0, 1
										
												•COLR (4)
												 255, 255, 255, 255
												
												•POLY (36)
												 0, 2, 0, 4, 0, 0, 0, 24, 255, 127, 4, 8, 0, 0, 0, 24, 0, 141, 6, 120, 0, 5, 255, 208, 0, 141, 6, 120, 0, 5, 255, 208, 255, 127, 4, 8
												
												•POSN (24)
												 0, 83, 255, 124, 0, 218, 246, 160, 0, 0, 0, 0, 0, 0, 0, 0, 0, 1, 0, 0, 0, 1, 0, 0
												
										•FEAT (90)
										 0, 1
										
												•COLR (4)
												 255, 255, 255, 255
												
												•POLY (36)
												 0, 2, 0, 4, 0, 0, 0, 24, 255, 127, 4, 8, 0, 0, 0, 24, 0, 141, 6, 120, 0, 5, 255, 208, 0, 141, 6, 120, 0, 5, 255, 208, 255, 127, 4, 8
												
												•POSN (24)
												 0, 155, 253, 12, 0, 218, 246, 184, 0, 0, 0, 0, 0, 0, 0, 0, 0, 1, 0, 0, 0, 1, 0, 0
												
										•FEAT (90)
										 0, 1
										
												•COLR (4)
												 255, 255, 255, 255
												
												•POLY (36)
												 0, 2, 0, 4, 0, 120, 2, 4, 0, 2, 255, 232, 0, 120, 2, 4, 255, 253, 0, 24, 255, 154, 3, 144, 255, 253, 0, 24, 255, 154, 3, 144, 0, 2, 255, 232
												
												•POSN (24)
												 0, 113, 254, 80, 1, 100, 242, 56, 0, 0, 0, 0, 0, 0, 0, 0, 0, 1, 0, 0, 0, 1, 0, 0
												
										•FEAT (90)
										 0, 1
										
												•COLR (4)
												 255, 255, 255, 255
												
												•POLY (36)
												 0, 2, 0, 4, 0, 120, 2, 4, 0, 2, 255, 232, 0, 120, 2, 4, 255, 253, 0, 24, 255, 154, 3, 144, 255, 253, 0, 24, 255, 154, 3, 144, 0, 2, 255, 232
												
												•POSN (24)
												 0, 113, 254, 80, 0, 92, 250, 120, 0, 0, 0, 0, 0, 0, 0, 0, 0, 1, 0, 0, 0, 1, 0, 0
												
										•FEAT (90)
										 0, 1
										
												•COLR (4)
												 255, 255, 255, 255
												
												•POLY (36)
												 0, 2, 0, 4, 0, 120, 2, 4, 0, 0, 7, 80, 0, 120, 2, 4, 255, 250, 0, 48, 255, 154, 3, 144, 255, 250, 0, 48, 255, 154, 3, 144, 0, 0, 7, 80
												
												•POSN (24)
												 0, 113, 254, 80, 0, 227, 246, 64, 0, 0, 0, 0, 0, 0, 0, 0, 0, 1, 0, 0, 0, 1, 0, 0
												
								•POSN (48)
								 253, 36, 11, 112, 18, 177, 243, 84, 0, 173, 253, 72, 0, 0, 0, 0, 0, 0, 0, 0, 0, 0, 0, 0, 0, 0, 0, 0, 0, 0, 0, 0, 0, 0, 0, 0, 0, 1, 0, 0, 0, 1, 0, 0, 0, 1, 0, 0
								
						•PRSM (174)
						
								•LOCK (2)
								 0, 0
								
								•LNUM (2)
								 0, 0
								
								•COLR (8)
								 0, 151, 236, 255, 255, 151, 236, 255
								
								•PLGR (2)
								 0, 0
								
								•POLY (64)
								 0, 1, 3, 1, 0, 1, 255, 148, 1, 176, 255, 112, 2, 64, 0, 0, 0, 0, 0, 0, 0, 0, 0, 0, 0, 0, 0, 0, 0, 0, 0, 4, 255, 148, 1, 176, 0, 71, 254, 224, 0, 107, 254, 80, 255, 208, 0, 192, 0, 107, 254, 80, 255, 184, 1, 32, 255, 148, 1, 176, 0, 47, 255, 64
								
								•POSN (48)
								 253, 36, 11, 112, 18, 177, 243, 84, 1, 223, 248, 128, 0, 0, 0, 0, 0, 0, 0, 0, 0, 0, 0, 0, 0, 0, 0, 0, 0, 0, 0, 0, 0, 0, 0, 0, 0, 1, 0, 0, 0, 1, 0, 0, 0, 1, 0, 0
								
						•PRSM (202)
						
								•LOCK (2)
								 0, 0
								
								•LNUM (2)
								 0, 0
								
								•COLR (8)
								 0, 255, 255, 255, 255, 255, 255, 255
								
								•PLGR (2)
								 0, 0
								
								•POLY (64)
								 0, 1, 2, 1, 0, 1, 2, 207, 244, 192, 1, 223, 248, 128, 0, 0, 0, 0, 0, 0, 0, 0, 0, 0, 0, 0, 0, 0, 0, 0, 0, 4, 0, 89, 254, 152, 0, 119, 254, 32, 255, 178, 1, 56, 255, 112, 2, 64, 255, 154, 1, 152, 255, 124, 2, 16, 0, 59, 255, 16, 0, 119, 254, 32
								
								•SURF (20)
								 0, 2
								
										•COLR (10)
										 0, 2, 0, 65, 65, 65, 255, 65, 65, 65
										
								•POSN (48)
								 254, 104, 6, 96, 23, 205, 222, 228, 1, 181, 249, 40, 0, 0, 0, 0, 0, 0, 0, 0, 0, 0, 0, 0, 0, 0, 0, 0, 0, 0, 0, 0, 0, 0, 0, 0, 0, 1, 0, 0, 0, 1, 0, 0, 0, 1, 0, 0
								
						•PRSM (174)
						
								•LOCK (2)
								 0, 0
								
								•LNUM (2)
								 0, 0
								
								•COLR (8)
								 0, 0, 173, 217, 255, 0, 173, 217
								
								•PLGR (2)
								 0, 0
								
								•POLY (64)
								 0, 2, 3, 1, 0, 1, 0, 173, 253, 72, 255, 58, 3, 24, 0, 0, 0, 0, 0, 0, 0, 0, 0, 0, 0, 0, 0, 0, 0, 0, 0, 4, 0, 11, 255, 208, 0, 11, 255, 208, 0, 11, 255, 208, 255, 244, 0, 48, 255, 244, 0, 48, 255, 244, 0, 48, 255, 244, 0, 48, 0, 11, 255, 208
								
								•POSN (48)
								 254, 32, 7, 128, 26, 121, 212, 52, 0, 173, 253, 72, 0, 0, 0, 0, 0, 0, 0, 0, 0, 0, 0, 0, 0, 0, 0, 0, 0, 0, 0, 0, 0, 0, 0, 0, 0, 1, 0, 0, 0, 1, 0, 0, 0, 1, 0, 0
								
						•PRSM (174)
						
								•LOCK (2)
								 0, 0
								
								•LNUM (2)
								 0, 0
								
								•COLR (8)
								 0, 0, 173, 217, 255, 0, 173, 217
								
								•PLGR (2)
								 0, 0
								
								•POLY (64)
								 0, 1, 2, 1, 0, 1, 2, 207, 244, 192, 2, 27, 247, 144, 0, 0, 0, 0, 0, 0, 0, 0, 0, 0, 0, 0, 0, 0, 0, 0, 0, 4, 255, 253, 0, 12, 255, 244, 0, 48, 255, 241, 0, 60, 255, 244, 0, 48, 255, 241, 0, 60, 0, 11, 255, 208, 0, 14, 255, 196, 0, 11, 255, 208
								
								•POSN (48)
								 254, 32, 7, 128, 23, 205, 222, 228, 1, 106, 250, 84, 0, 0, 0, 0, 0, 0, 0, 0, 0, 0, 0, 0, 0, 0, 0, 0, 0, 0, 0, 0, 0, 0, 0, 0, 0, 1, 0, 0, 0, 1, 0, 0, 0, 1, 0, 0
								
						•PRSM (174)
						
								•LOCK (2)
								 0, 0
								
								•LNUM (2)
								 0, 0
								
								•COLR (8)
								 0, 0, 173, 217, 255, 0, 173, 217
								
								•PLGR (2)
								 0, 0
								
								•POLY (64)
								 0, 2, 3, 1, 0, 1, 0, 173, 253, 72, 255, 58, 3, 24, 0, 0, 0, 0, 0, 0, 0, 0, 0, 0, 0, 0, 0, 0, 0, 0, 0, 4, 0, 11, 255, 208, 0, 11, 255, 208, 0, 11, 255, 208, 255, 244, 0, 48, 255, 244, 0, 48, 255, 244, 0, 48, 255, 244, 0, 48, 0, 11, 255, 208
								
								•POSN (48)
								 255, 160, 1, 128, 26, 121, 212, 52, 0, 173, 253, 72, 0, 0, 0, 0, 0, 0, 0, 0, 0, 0, 0, 0, 0, 0, 0, 0, 0, 0, 0, 0, 0, 0, 0, 0, 0, 1, 0, 0, 0, 1, 0, 0, 0, 1, 0, 0
								
						•PRSM (174)
						
								•LOCK (2)
								 0, 0
								
								•LNUM (2)
								 0, 0
								
								•COLR (8)
								 0, 0, 173, 217, 255, 0, 173, 217
								
								•PLGR (2)
								 0, 0
								
								•POLY (64)
								 0, 1, 2, 1, 0, 1, 2, 195, 244, 240, 2, 15, 247, 192, 0, 0, 0, 0, 0, 0, 0, 0, 0, 0, 0, 0, 0, 0, 0, 0, 0, 4, 0, 14, 255, 196, 255, 244, 0, 48, 255, 241, 0, 60, 255, 244, 0, 48, 255, 241, 0, 60, 0, 11, 255, 208, 255, 253, 0, 12, 0, 11, 255, 208
								
								•POSN (48)
								 255, 160, 1, 128, 23, 217, 222, 180, 1, 106, 250, 84, 0, 0, 0, 0, 0, 0, 0, 0, 0, 0, 0, 0, 0, 0, 0, 0, 0, 0, 0, 0, 0, 0, 0, 0, 0, 1, 0, 0, 0, 1, 0, 0, 0, 1, 0, 0
								
						•PRSM (202)
						
								•LOCK (2)
								 0, 0
								
								•LNUM (2)
								 0, 0
								
								•COLR (8)
								 0, 255, 255, 255, 255, 255, 255, 255
								
								•PLGR (2)
								 0, 0
								
								•POLY (64)
								 0, 1, 2, 1, 0, 1, 2, 207, 244, 192, 1, 223, 248, 128, 0, 0, 0, 0, 0, 0, 0, 0, 0, 0, 0, 0, 0, 0, 0, 0, 0, 4, 0, 71, 254, 224, 255, 115, 2, 52, 255, 166, 1, 104, 0, 104, 254, 92, 255, 190, 1, 8, 0, 116, 254, 44, 0, 101, 254, 104, 255, 115, 2, 52
								
								•SURF (20)
								 0, 4
								
										•COLR (10)
										 0, 2, 0, 65, 65, 65, 255, 65, 65, 65
										
								•POSN (48)
								 255, 109, 2, 76, 23, 205, 222, 228, 1, 169, 249, 88, 0, 0, 0, 0, 0, 0, 0, 0, 0, 0, 0, 0, 0, 0, 0, 0, 0, 0, 0, 0, 0, 0, 0, 0, 0, 1, 0, 0, 0, 1, 0, 0, 0, 1, 0, 0
								
						•PRSM (174)
						
								•LOCK (2)
								 0, 0
								
								•LNUM (2)
								 0, 0
								
								•COLR (8)
								 0, 14, 129, 151, 255, 14, 129, 151
								
								•PLGR (2)
								 0, 0
								
								•POLY (64)
								 0, 2, 3, 1, 0, 1, 0, 57, 254, 88, 255, 184, 3, 96, 0, 0, 0, 0, 0, 0, 0, 0, 0, 0, 0, 0, 0, 0, 0, 0, 0, 4, 253, 204, 27, 144, 4, 58, 25, 36, 253, 204, 27, 144, 0, 122, 112, 230, 253, 168, 28, 32, 0, 122, 112, 230, 253, 168, 28, 32, 4, 58, 25, 36
								
								•POSN (48)
								 5, 3, 217, 48, 17, 181, 105, 156, 0, 48, 0, 0, 0, 0, 0, 0, 0, 0, 0, 0, 0, 0, 0, 0, 0, 0, 0, 0, 0, 0, 0, 0, 0, 0, 0, 0, 0, 1, 0, 0, 0, 1, 0, 0, 0, 1, 0, 0
								
						•PRSM (174)
						
								•LOCK (2)
								 0, 0
								
								•LNUM (2)
								 0, 0
								
								•COLR (8)
								 0, 14, 129, 151, 255, 14, 129, 151
								
								•PLGR (2)
								 0, 0
								
								•POLY (64)
								 0, 2, 3, 1, 0, 1, 0, 33, 254, 184, 255, 184, 3, 96, 0, 0, 0, 0, 0, 0, 0, 0, 0, 0, 0, 0, 0, 0, 0, 0, 0, 4, 253, 174, 28, 8, 255, 144, 43, 204, 253, 174, 28, 8, 255, 136, 5, 160, 253, 168, 28, 32, 255, 136, 5, 160, 253, 168, 28, 32, 255, 144, 43, 204
								
								•POSN (48)
								 3, 47, 224, 128, 17, 181, 105, 156, 0, 48, 0, 0, 0, 0, 0, 0, 0, 0, 0, 0, 0, 0, 0, 0, 0, 0, 0, 0, 0, 0, 0, 0, 0, 0, 0, 0, 0, 1, 0, 0, 0, 1, 0, 0, 0, 1, 0, 0
								
						•PRSM (174)
						
								•LOCK (2)
								 0, 0
								
								•LNUM (2)
								 0, 0
								
								•COLR (8)
								 0, 14, 129, 151, 255, 14, 129, 151
								
								•PLGR (2)
								 0, 0
								
								•POLY (64)
								 0, 2, 3, 1, 0, 1, 0, 33, 254, 184, 255, 184, 3, 96, 0, 0, 0, 0, 0, 0, 0, 0, 0, 0, 0, 0, 0, 0, 0, 0, 0, 4, 253, 174, 28, 8, 255, 144, 43, 204, 253, 174, 28, 8, 255, 136, 5, 160, 253, 168, 28, 32, 255, 136, 5, 160, 253, 168, 28, 32, 255, 144, 43, 204
								
								•POSN (48)
								 2, 225, 225, 184, 17, 181, 105, 156, 0, 48, 0, 0, 0, 0, 0, 0, 0, 0, 0, 0, 0, 0, 0, 0, 0, 0, 0, 0, 0, 0, 0, 0, 0, 0, 0, 0, 0, 1, 0, 0, 0, 1, 0, 0, 0, 1, 0, 0
								
						•PRSM (174)
						
								•LOCK (2)
								 0, 0
								
								•LNUM (2)
								 0, 0
								
								•COLR (8)
								 0, 14, 129, 151, 255, 14, 129, 151
								
								•PLGR (2)
								 0, 0
								
								•POLY (64)
								 0, 2, 3, 1, 0, 1, 0, 33, 254, 184, 255, 184, 3, 96, 0, 0, 0, 0, 0, 0, 0, 0, 0, 0, 0, 0, 0, 0, 0, 0, 0, 4, 253, 174, 28, 8, 255, 144, 43, 204, 253, 174, 28, 8, 255, 136, 5, 160, 253, 168, 28, 32, 255, 136, 5, 160, 253, 168, 28, 32, 255, 144, 43, 204
								
								•POSN (48)
								 2, 147, 226, 240, 17, 181, 105, 156, 0, 48, 0, 0, 0, 0, 0, 0, 0, 0, 0, 0, 0, 0, 0, 0, 0, 0, 0, 0, 0, 0, 0, 0, 0, 0, 0, 0, 0, 1, 0, 0, 0, 1, 0, 0, 0, 1, 0, 0
								
						•PRSM (174)
						
								•LOCK (2)
								 0, 0
								
								•LNUM (2)
								 0, 0
								
								•COLR (8)
								 0, 14, 129, 151, 255, 14, 129, 151
								
								•PLGR (2)
								 0, 0
								
								•POLY (64)
								 0, 2, 3, 1, 0, 1, 0, 33, 254, 184, 255, 184, 3, 96, 0, 0, 0, 0, 0, 0, 0, 0, 0, 0, 0, 0, 0, 0, 0, 0, 0, 4, 253, 174, 28, 8, 255, 144, 43, 204, 253, 174, 28, 8, 255, 136, 5, 160, 253, 168, 28, 32, 255, 136, 5, 160, 253, 168, 28, 32, 255, 144, 43, 204
								
								•POSN (48)
								 2, 69, 228, 40, 17, 181, 105, 156, 0, 48, 0, 0, 0, 0, 0, 0, 0, 0, 0, 0, 0, 0, 0, 0, 0, 0, 0, 0, 0, 0, 0, 0, 0, 0, 0, 0, 0, 1, 0, 0, 0, 1, 0, 0, 0, 1, 0, 0
								
						•PRSM (174)
						
								•LOCK (2)
								 0, 0
								
								•LNUM (2)
								 0, 0
								
								•COLR (8)
								 0, 14, 129, 151, 255, 14, 129, 151
								
								•PLGR (2)
								 0, 0
								
								•POLY (64)
								 0, 2, 3, 1, 0, 1, 0, 33, 254, 184, 255, 184, 3, 96, 0, 0, 0, 0, 0, 0, 0, 0, 0, 0, 0, 0, 0, 0, 0, 0, 0, 4, 253, 174, 28, 8, 255, 144, 43, 204, 253, 174, 28, 8, 255, 136, 5, 160, 253, 168, 28, 32, 255, 136, 5, 160, 253, 168, 28, 32, 255, 144, 43, 204
								
								•POSN (48)
								 1, 247, 229, 96, 17, 181, 105, 156, 0, 48, 0, 0, 0, 0, 0, 0, 0, 0, 0, 0, 0, 0, 0, 0, 0, 0, 0, 0, 0, 0, 0, 0, 0, 0, 0, 0, 0, 1, 0, 0, 0, 1, 0, 0, 0, 1, 0, 0
								
						•PRSM (174)
						
								•LOCK (2)
								 0, 0
								
								•LNUM (2)
								 0, 0
								
								•COLR (8)
								 0, 14, 129, 151, 255, 14, 129, 151
								
								•PLGR (2)
								 0, 0
								
								•POLY (64)
								 0, 2, 3, 1, 0, 1, 0, 33, 254, 184, 255, 184, 3, 96, 0, 0, 0, 0, 0, 0, 0, 0, 0, 0, 0, 0, 0, 0, 0, 0, 0, 4, 253, 174, 28, 8, 255, 144, 43, 204, 253, 174, 28, 8, 255, 136, 5, 160, 253, 168, 28, 32, 255, 136, 5, 160, 253, 168, 28, 32, 255, 144, 43, 204
								
								•POSN (48)
								 1, 169, 230, 152, 17, 181, 105, 156, 0, 48, 0, 0, 0, 0, 0, 0, 0, 0, 0, 0, 0, 0, 0, 0, 0, 0, 0, 0, 0, 0, 0, 0, 0, 0, 0, 0, 0, 1, 0, 0, 0, 1, 0, 0, 0, 1, 0, 0
								
						•PRSM (174)
						
								•LOCK (2)
								 0, 0
								
								•LNUM (2)
								 0, 0
								
								•COLR (8)
								 0, 14, 129, 151, 255, 14, 129, 151
								
								•PLGR (2)
								 0, 0
								
								•POLY (64)
								 0, 2, 3, 1, 0, 1, 0, 33, 254, 184, 255, 184, 3, 96, 0, 0, 0, 0, 0, 0, 0, 0, 0, 0, 0, 0, 0, 0, 0, 0, 0, 4, 253, 174, 28, 8, 255, 144, 43, 204, 253, 174, 28, 8, 255, 136, 5, 160, 253, 168, 28, 32, 255, 136, 5, 160, 253, 168, 28, 32, 255, 144, 43, 204
								
								•POSN (48)
								 1, 91, 231, 208, 17, 181, 105, 156, 0, 48, 0, 0, 0, 0, 0, 0, 0, 0, 0, 0, 0, 0, 0, 0, 0, 0, 0, 0, 0, 0, 0, 0, 0, 0, 0, 0, 0, 1, 0, 0, 0, 1, 0, 0, 0, 1, 0, 0
								
						•PRSM (174)
						
								•LOCK (2)
								 0, 0
								
								•LNUM (2)
								 0, 0
								
								•COLR (8)
								 0, 14, 129, 151, 255, 14, 129, 151
								
								•PLGR (2)
								 0, 0
								
								•POLY (64)
								 0, 2, 3, 1, 0, 1, 0, 33, 254, 184, 255, 184, 3, 96, 0, 0, 0, 0, 0, 0, 0, 0, 0, 0, 0, 0, 0, 0, 0, 0, 0, 4, 253, 174, 28, 8, 255, 144, 43, 204, 253, 174, 28, 8, 255, 136, 5, 160, 253, 168, 28, 32, 255, 136, 5, 160, 253, 168, 28, 32, 255, 144, 43, 204
								
								•POSN (48)
								 1, 13, 233, 8, 17, 181, 105, 156, 0, 48, 0, 0, 0, 0, 0, 0, 0, 0, 0, 0, 0, 0, 0, 0, 0, 0, 0, 0, 0, 0, 0, 0, 0, 0, 0, 0, 0, 1, 0, 0, 0, 1, 0, 0, 0, 1, 0, 0
								
						•PRSM (174)
						
								•LOCK (2)
								 0, 0
								
								•LNUM (2)
								 0, 0
								
								•COLR (8)
								 0, 14, 129, 151, 255, 14, 129, 151
								
								•PLGR (2)
								 0, 0
								
								•POLY (64)
								 0, 2, 3, 1, 0, 1, 0, 33, 254, 184, 255, 184, 3, 96, 0, 0, 0, 0, 0, 0, 0, 0, 0, 0, 0, 0, 0, 0, 0, 0, 0, 4, 253, 174, 28, 8, 255, 144, 43, 204, 253, 174, 28, 8, 255, 136, 5, 160, 253, 168, 28, 32, 255, 136, 5, 160, 253, 168, 28, 32, 255, 144, 43, 204
								
								•POSN (48)
								 0, 191, 234, 64, 17, 181, 105, 156, 0, 48, 0, 0, 0, 0, 0, 0, 0, 0, 0, 0, 0, 0, 0, 0, 0, 0, 0, 0, 0, 0, 0, 0, 0, 0, 0, 0, 0, 1, 0, 0, 0, 1, 0, 0, 0, 1, 0, 0
								
						•PRSM (174)
						
								•LOCK (2)
								 0, 0
								
								•LNUM (2)
								 0, 0
								
								•COLR (8)
								 0, 14, 129, 151, 255, 14, 129, 151
								
								•PLGR (2)
								 0, 0
								
								•POLY (64)
								 0, 2, 3, 1, 0, 1, 0, 33, 254, 184, 255, 184, 3, 96, 0, 0, 0, 0, 0, 0, 0, 0, 0, 0, 0, 0, 0, 0, 0, 0, 0, 4, 253, 174, 28, 8, 255, 144, 43, 204, 253, 174, 28, 8, 255, 136, 5, 160, 253, 168, 28, 32, 255, 136, 5, 160, 253, 168, 28, 32, 255, 144, 43, 204
								
								•POSN (48)
								 0, 119, 235, 96, 17, 181, 105, 156, 0, 48, 0, 0, 0, 0, 0, 0, 0, 0, 0, 0, 0, 0, 0, 0, 0, 0, 0, 0, 0, 0, 0, 0, 0, 0, 0, 0, 0, 1, 0, 0, 0, 1, 0, 0, 0, 1, 0, 0
								
						•PRSM (174)
						
								•LOCK (2)
								 0, 0
								
								•LNUM (2)
								 0, 0
								
								•COLR (8)
								 0, 14, 129, 151, 255, 14, 129, 151
								
								•PLGR (2)
								 0, 0
								
								•POLY (64)
								 0, 2, 3, 1, 0, 1, 0, 33, 254, 184, 0, 27, 254, 208, 0, 0, 0, 0, 0, 0, 0, 0, 0, 0, 0, 0, 0, 0, 0, 0, 0, 4, 253, 240, 27, 0, 255, 144, 43, 204, 253, 240, 27, 0, 255, 136, 5, 160, 249, 94, 45, 72, 255, 136, 5, 160, 249, 94, 45, 72, 255, 144, 43, 204
								
								•POSN (48)
								 4, 187, 218, 80, 17, 181, 105, 156, 0, 53, 255, 232, 0, 0, 0, 0, 0, 0, 0, 0, 0, 0, 0, 0, 0, 0, 0, 0, 0, 0, 0, 0, 0, 0, 0, 0, 0, 1, 0, 0, 0, 1, 0, 0, 0, 1, 0, 0
								
						•PRSM (174)
						
								•LOCK (2)
								 0, 0
								
								•LNUM (2)
								 0, 0
								
								•COLR (8)
								 0, 14, 129, 151, 255, 14, 129, 151
								
								•PLGR (2)
								 0, 0
								
								•POLY (64)
								 0, 2, 3, 1, 0, 1, 0, 57, 254, 88, 255, 184, 3, 96, 0, 0, 0, 0, 0, 0, 0, 0, 0, 0, 0, 0, 0, 0, 0, 0, 0, 4, 253, 204, 27, 144, 1, 108, 112, 230, 253, 204, 27, 144, 0, 122, 112, 230, 253, 168, 28, 32, 0, 122, 112, 230, 253, 168, 28, 32, 1, 108, 112, 230
								
								•POSN (48)
								 5, 3, 217, 48, 16, 195, 105, 156, 0, 48, 0, 0, 0, 0, 0, 0, 0, 0, 0, 0, 0, 0, 0, 0, 0, 0, 0, 0, 0, 0, 0, 0, 0, 0, 0, 0, 0, 1, 0, 0, 0, 1, 0, 0, 0, 1, 0, 0
								
						•PRSM (174)
						
								•LOCK (2)
								 0, 0
								
								•LNUM (2)
								 0, 0
								
								•COLR (8)
								 0, 14, 129, 151, 255, 14, 129, 151
								
								•PLGR (2)
								 0, 0
								
								•POLY (64)
								 0, 2, 3, 1, 0, 1, 0, 33, 254, 184, 255, 184, 3, 96, 0, 0, 0, 0, 0, 0, 0, 0, 0, 0, 0, 0, 0, 0, 0, 0, 0, 4, 253, 174, 28, 8, 255, 144, 43, 204, 253, 174, 28, 8, 255, 136, 5, 160, 253, 168, 28, 32, 255, 136, 5, 160, 253, 168, 28, 32, 255, 144, 43, 204
								
								•POSN (48)
								 4, 181, 226, 192, 17, 181, 105, 156, 0, 48, 0, 0, 0, 0, 0, 0, 0, 0, 0, 0, 0, 0, 0, 0, 0, 0, 0, 0, 0, 0, 0, 0, 0, 0, 0, 0, 0, 1, 0, 0, 0, 1, 0, 0, 0, 1, 0, 0
								
						•PRSM (174)
						
								•LOCK (2)
								 0, 0
								
								•LNUM (2)
								 0, 0
								
								•COLR (8)
								 0, 14, 129, 151, 255, 14, 129, 151
								
								•PLGR (2)
								 0, 0
								
								•POLY (64)
								 0, 2, 3, 1, 0, 1, 0, 33, 254, 184, 255, 184, 3, 96, 0, 0, 0, 0, 0, 0, 0, 0, 0, 0, 0, 0, 0, 0, 0, 0, 0, 4, 253, 174, 28, 8, 255, 144, 43, 204, 253, 174, 28, 8, 255, 136, 5, 160, 253, 168, 28, 32, 255, 136, 5, 160, 253, 168, 28, 32, 255, 144, 43, 204
								
								•POSN (48)
								 4, 103, 227, 248, 17, 181, 105, 156, 0, 48, 0, 0, 0, 0, 0, 0, 0, 0, 0, 0, 0, 0, 0, 0, 0, 0, 0, 0, 0, 0, 0, 0, 0, 0, 0, 0, 0, 1, 0, 0, 0, 1, 0, 0, 0, 1, 0, 0
								
						•PRSM (174)
						
								•LOCK (2)
								 0, 0
								
								•LNUM (2)
								 0, 0
								
								•COLR (8)
								 0, 14, 129, 151, 255, 14, 129, 151
								
								•PLGR (2)
								 0, 0
								
								•POLY (64)
								 0, 2, 3, 1, 0, 1, 0, 33, 254, 184, 255, 184, 3, 96, 0, 0, 0, 0, 0, 0, 0, 0, 0, 0, 0, 0, 0, 0, 0, 0, 0, 4, 253, 174, 28, 8, 255, 144, 43, 204, 253, 174, 28, 8, 255, 136, 5, 160, 253, 168, 28, 32, 255, 136, 5, 160, 253, 168, 28, 32, 255, 144, 43, 204
								
								•POSN (48)
								 4, 25, 229, 48, 17, 181, 105, 156, 0, 48, 0, 0, 0, 0, 0, 0, 0, 0, 0, 0, 0, 0, 0, 0, 0, 0, 0, 0, 0, 0, 0, 0, 0, 0, 0, 0, 0, 1, 0, 0, 0, 1, 0, 0, 0, 1, 0, 0
								
						•PRSM (174)
						
								•LOCK (2)
								 0, 0
								
								•LNUM (2)
								 0, 0
								
								•COLR (8)
								 0, 14, 129, 151, 255, 14, 129, 151
								
								•PLGR (2)
								 0, 0
								
								•POLY (64)
								 0, 2, 3, 1, 0, 1, 0, 33, 254, 184, 255, 184, 3, 96, 0, 0, 0, 0, 0, 0, 0, 0, 0, 0, 0, 0, 0, 0, 0, 0, 0, 4, 253, 174, 28, 8, 255, 144, 43, 204, 253, 174, 28, 8, 255, 136, 5, 160, 253, 168, 28, 32, 255, 136, 5, 160, 253, 168, 28, 32, 255, 144, 43, 204
								
								•POSN (48)
								 3, 203, 230, 104, 17, 181, 105, 156, 0, 48, 0, 0, 0, 0, 0, 0, 0, 0, 0, 0, 0, 0, 0, 0, 0, 0, 0, 0, 0, 0, 0, 0, 0, 0, 0, 0, 0, 1, 0, 0, 0, 1, 0, 0, 0, 1, 0, 0
								
						•PRSM (174)
						
								•LOCK (2)
								 0, 0
								
								•LNUM (2)
								 0, 0
								
								•COLR (8)
								 0, 14, 129, 151, 255, 14, 129, 151
								
								•PLGR (2)
								 0, 0
								
								•POLY (64)
								 0, 2, 3, 1, 0, 1, 0, 33, 254, 184, 255, 184, 3, 96, 0, 0, 0, 0, 0, 0, 0, 0, 0, 0, 0, 0, 0, 0, 0, 0, 0, 4, 253, 174, 28, 8, 255, 144, 43, 204, 253, 174, 28, 8, 255, 136, 5, 160, 253, 168, 28, 32, 255, 136, 5, 160, 253, 168, 28, 32, 255, 144, 43, 204
								
								•POSN (48)
								 3, 125, 231, 160, 17, 181, 105, 156, 0, 48, 0, 0, 0, 0, 0, 0, 0, 0, 0, 0, 0, 0, 0, 0, 0, 0, 0, 0, 0, 0, 0, 0, 0, 0, 0, 0, 0, 1, 0, 0, 0, 1, 0, 0, 0, 1, 0, 0
								
						•PRSM (206)
						
								•LOCK (2)
								 0, 0
								
								•LNUM (2)
								 0, 0
								
								•COLR (8)
								 0, 170, 170, 0, 255, 170, 170, 0
								
								•PLGR (2)
								 0, 0
								
								•POLY (96)
								 0, 1, 3, 1, 0, 1, 0, 30, 0, 0, 255, 226, 0, 0, 0, 0, 0, 0, 0, 0, 0, 0, 0, 0, 0, 0, 0, 0, 0, 0, 0, 8, 24, 216, 0, 0, 24, 216, 0, 0, 22, 128, 0, 0, 0, 0, 0, 0, 15, 232, 239, 96, 240, 23, 16, 160, 0, 0, 0, 0, 233, 128, 0, 0, 240, 23, 16, 160, 240, 23, 16, 160, 233, 128, 0, 0, 0, 0, 0, 0, 231, 40, 0, 0, 24, 216, 0, 0, 0, 0, 0, 0, 35, 40, 0, 0
								
								•POSN (48)
								 254, 32, 0, 0, 21, 251, 218, 130, 255, 116, 0, 0, 0, 0, 0, 0, 0, 0, 0, 0, 0, 0, 0, 0, 0, 0, 0, 0, 0, 0, 0, 0, 0, 0, 0, 0, 0, 1, 0, 0, 0, 1, 0, 0, 0, 1, 0, 0
								
				•TXTB (0)
				
