#VRML V1.0 ascii

Separator {
	Info { string "Virtus VRML 1.0.1
	VRML Export Filter
	Virtus Corporation
	114 MacKenan Drive, Suite 100
	Cary, NC 27511
	919-467-9700"}

	DEF BackgroundColor Info{  # Sky color
		string " 0.3 0.8 1.0 "
	}

	DirectionalLight {
		on         TRUE          # SFBool
		intensity  1.0           # SFFloat
		color      0.4 0.4 0.4   # SFColor
		direction  0 0 0   # SFVec3f
	}

	DirectionalLight {
		on         TRUE          # SFBool
		intensity  1.0           # SFFloat
		color      0.5 0.5 0.5   # SFColor
		direction  34 -247 -57   # SFVec3f
	}

	DirectionalLight {
		on         TRUE          # SFBool
		intensity  1.0           # SFFloat
		color      0.4 0.4 0.4   # SFColor
		direction  -209 -104 105   # SFVec3f
	}

	DirectionalLight {
		on         TRUE          # SFBool
		intensity  1.0           # SFFloat
		color      0.5 0.5 0.5   # SFColor
		direction  5 119 -226   # SFVec3f
	}

	PerspectiveCamera {
		position -22.7076 6.6040 -50.1143          #SFVec3f 
		orientation 0 1 0  6.1378     #SFRotation 
		focalDistance  5            #SFFloat 
		heightAngle 1.9201 
	}

	ShapeHints {
		vertexOrdering	CLOCKWISE
		shapeType	SOLID
	}

	Transform {
		translation 0 0 0
		scaleFactor 1.0 1.0 1.0
	}

Separator { #Polyhedron
	DEF COORD0 Coordinate3 {
		point [
		 18.2847 -0.6222 -166.9555,
		 18.2847 -0.6222 -118.1964,
		 -24.3796 -0.6222 -118.1964,
		 -24.3796 -0.6222 -166.9555,
		 18.2847 -2.7427 -166.9555,
		 18.2847 -2.7427 -118.1964,
		 -24.3796 -2.7427 -118.1964,
		 -24.3796 -2.7427 -166.9555,
		 18.2847 -0.6222 -119.7204,
		 -24.3796 -0.6222 -119.7204,
		 -3.8055 -0.6222 -122.9208,
		 -0.6051 -0.6222 -119.7204,
		 -24.3796 -0.6222 -122.9208,
		 -3.1959 -0.6222 -123.2256,
		 -24.3796 -0.6222 -123.2256,
		 -24.3796 -0.6222 -123.2256,
		 18.2847 -0.6222 -123.2256,
		 -0.3003 -0.6222 -120.3300,
		 18.2847 -0.6222 -120.3300,
		 18.2847 -0.6222 -119.7204,
		 -24.3796 -0.6222 -119.7204,
		 18.2847 -0.6222 -119.7204,
		 -24.3796 -0.6222 -122.9208,
		 -24.3796 -0.6222 -123.2256,
		 18.2847 -0.6222 -123.2256,
		 -24.3796 -0.6222 -123.2256,
		 18.2847 -0.6222 -120.3300,
		 18.2847 -0.6222 -119.7204
		]
	} #Coordinate3
	Material {
		ambientColor      0.0569 0.1284 0.1578  #ambientColor
		diffuseColor      0.2275 0.5137 0.6314  #diffuseColor
		transparency      0.0000                #transparency
	} #Material

	IndexedFaceSet {
		coordIndex [ 
		 8, 1, 2, 9,-1,
		 10, 11, 9, 12,-1,
		 13, 10, 12, 14,-1,
		 15, 3, 0, 16,-1,
		 17, 13, 16, 18,-1,
		 11, 17, 18, 19,-1,
		]
	} #IndexedFaceSet
	Material {
		ambientColor      0.0539 0.0951 0.1431  #ambientColor
		diffuseColor      0.2157 0.3804 0.5725  #diffuseColor
		transparency      0.0000                #transparency
	} #Material

	IndexedFaceSet {
		coordIndex [ 
		 13, 17, 11, 10,-1,
		]
	} #IndexedFaceSet
	Material {
		ambientColor      0.0569 0.1284 0.1578  #ambientColor
		diffuseColor      0.2275 0.5137 0.6314  #diffuseColor
		transparency      0.0000                #transparency
	} #Material

	IndexedFaceSet {
		coordIndex [ 
		 20, 2, 1, 21,-1,
		 22, 20, 11, 10,-1,
		 23, 22, 10, 13,-1,
		 24, 0, 3, 25,-1,
		 26, 24, 13, 17,-1,
		 27, 26, 17, 11,-1,
		]
	} #IndexedFaceSet
	Material {
		ambientColor      0.0539 0.0951 0.1431  #ambientColor
		diffuseColor      0.2157 0.3804 0.5725  #diffuseColor
		transparency      0.0000                #transparency
	} #Material

	IndexedFaceSet {
		coordIndex [ 
		 10, 11, 17, 13,-1,
		]
	} #IndexedFaceSet
	Material {
		ambientColor      0.0569 0.1284 0.1578  #ambientColor
		diffuseColor      0.2275 0.5137 0.6314  #diffuseColor
		transparency      0.0000                #transparency
	} #Material

	IndexedFaceSet {
		coordIndex [ 
		 0, 3, 7, 4,-1,
		 4, 7, 3, 0,-1,
		 1, 0, 4, 5,-1,
		 5, 4, 0, 1,-1,
		 2, 1, 5, 6,-1,
		 6, 5, 1, 2,-1,
		 3, 2, 6, 7,-1,
		 7, 6, 2, 3,-1,
		 7, 6, 5, 4,-1,
		 4, 5, 6, 7,-1,
		]
	} #IndexedFaceSet
} #Polyhedron
Separator { #Polyhedron
	DEF COORD1 Coordinate3 {
		point [
		 18.2847 -0.6096 -118.1065,
		 18.2847 -0.6096 -112.1015,
		 -12.1898 -0.6096 -112.1015,
		 -12.1898 -0.6096 -118.1065,
		 18.2847 -2.7427 -118.1065,
		 18.2847 -2.7427 -112.1015,
		 -12.1898 -2.7427 -112.1015,
		 -12.1898 -2.7427 -118.1065
		]
	} #Coordinate3
	Material {
		ambientColor      0.0569 0.1284 0.1578  #ambientColor
		diffuseColor      0.2275 0.5137 0.6314  #diffuseColor
		transparency      0.0000                #transparency
	} #Material

	IndexedFaceSet {
		coordIndex [ 
		 0, 1, 2, 3,-1,
		 3, 2, 1, 0,-1,
		 0, 3, 7, 4,-1,
		 4, 7, 3, 0,-1,
		 1, 0, 4, 5,-1,
		 5, 4, 0, 1,-1,
		 2, 1, 5, 6,-1,
		 6, 5, 1, 2,-1,
		 3, 2, 6, 7,-1,
		 7, 6, 2, 3,-1,
		 7, 6, 5, 4,-1,
		 4, 5, 6, 7,-1,
		]
	} #IndexedFaceSet
} #Polyhedron
Separator { #Polyhedron
	DEF COORD2 Coordinate3 {
		point [
		 -18.2847 -0.6096 -166.9555,
		 -18.2847 -0.6096 -173.0504,
		 0.0000 -0.6096 -173.0504,
		 0.0000 -0.6096 -166.9555,
		 -18.2847 -2.7427 -166.9555,
		 -18.2847 -2.7427 -173.0504,
		 0.0000 -2.7427 -173.0504,
		 0.0000 -2.7427 -166.9555
		]
	} #Coordinate3
	Material {
		ambientColor      0.2500 0.2500 0.2500  #ambientColor
		diffuseColor      1.0000 1.0000 1.0000  #diffuseColor
		transparency      0.0000                #transparency
	} #Material

	IndexedFaceSet {
		coordIndex [ 
		 0, 1, 2, 3,-1,
		 3, 2, 1, 0,-1,
		 0, 3, 7, 4,-1,
		 4, 7, 3, 0,-1,
		 1, 0, 4, 5,-1,
		 5, 4, 0, 1,-1,
		 2, 1, 5, 6,-1,
		 6, 5, 1, 2,-1,
		 3, 2, 6, 7,-1,
		 7, 6, 2, 3,-1,
		 7, 6, 5, 4,-1,
		 4, 5, 6, 7,-1,
		]
	} #IndexedFaceSet
} #Polyhedron
Separator { #Polyhedron
	DEF COORD3 Coordinate3 {
		point [
		 -24.3796 -2.1332 -185.2402,
		 -24.3796 -2.1332 -118.1964,
		 -24.6843 -2.1332 -118.1964,
		 -24.6843 -2.1332 -185.2402,
		 -24.3796 -2.4380 -185.2402,
		 -24.3796 -2.4380 -118.1964,
		 -24.6843 -2.4380 -118.1964,
		 -24.6843 -2.4380 -185.2402
		]
	} #Coordinate3
	Material {
		ambientColor      0.2500 0.2500 0.2500  #ambientColor
		diffuseColor      1.0000 1.0000 1.0000  #diffuseColor
		transparency      0.0000                #transparency
	} #Material

	IndexedFaceSet {
		coordIndex [ 
		 0, 1, 2, 3,-1,
		 3, 2, 1, 0,-1,
		 0, 3, 7, 4,-1,
		 4, 7, 3, 0,-1,
		 1, 0, 4, 5,-1,
		 5, 4, 0, 1,-1,
		 2, 1, 5, 6,-1,
		 6, 5, 1, 2,-1,
		 3, 2, 6, 7,-1,
		 7, 6, 2, 3,-1,
		 7, 6, 5, 4,-1,
		 4, 5, 6, 7,-1,
		]
	} #IndexedFaceSet
} #Polyhedron
Separator { #Polyhedron
	DEF COORD4 Coordinate3 {
		point [
		 -13.4088 -2.1335 -118.1964,
		 -13.4088 -2.1335 -112.1015,
		 -14.6278 -2.1335 -112.1015,
		 -14.6278 -2.1335 -118.1964,
		 -13.4088 -2.7427 -118.1964,
		 -13.4088 -2.7427 -112.1015,
		 -14.6278 -2.7427 -112.1015,
		 -14.6278 -2.7427 -118.1964
		]
	} #Coordinate3
	Material {
		ambientColor      0.0569 0.1284 0.1578  #ambientColor
		diffuseColor      0.2275 0.5137 0.6314  #diffuseColor
		transparency      0.0000                #transparency
	} #Material

	IndexedFaceSet {
		coordIndex [ 
		 0, 1, 2, 3,-1,
		 3, 2, 1, 0,-1,
		 0, 3, 7, 4,-1,
		 4, 7, 3, 0,-1,
		 1, 0, 4, 5,-1,
		 5, 4, 0, 1,-1,
		 2, 1, 5, 6,-1,
		 6, 5, 1, 2,-1,
		 3, 2, 6, 7,-1,
		 7, 6, 2, 3,-1,
		 7, 6, 5, 4,-1,
		 4, 5, 6, 7,-1,
		]
	} #IndexedFaceSet
} #Polyhedron
Separator { #Polyhedron
	DEF COORD5 Coordinate3 {
		point [
		 -19.5037 -1.8287 -173.0504,
		 -19.5037 -1.8287 -166.9555,
		 -20.7226 -1.8287 -166.9555,
		 -20.7226 -1.8287 -173.0504,
		 -19.5037 -2.7427 -173.0504,
		 -19.5037 -2.7427 -166.9555,
		 -20.7226 -2.7427 -166.9555,
		 -20.7226 -2.7427 -173.0504
		]
	} #Coordinate3
	Material {
		ambientColor      0.2500 0.2500 0.2500  #ambientColor
		diffuseColor      1.0000 1.0000 1.0000  #diffuseColor
		transparency      0.0000                #transparency
	} #Material

	IndexedFaceSet {
		coordIndex [ 
		 0, 1, 2, 3,-1,
		 3, 2, 1, 0,-1,
		 0, 3, 7, 4,-1,
		 4, 7, 3, 0,-1,
		 1, 0, 4, 5,-1,
		 5, 4, 0, 1,-1,
		 2, 1, 5, 6,-1,
		 6, 5, 1, 2,-1,
		 3, 2, 6, 7,-1,
		 7, 6, 2, 3,-1,
		 7, 6, 5, 4,-1,
		 4, 5, 6, 7,-1,
		]
	} #IndexedFaceSet
} #Polyhedron
Separator { #Polyhedron
	DEF COORD6 Coordinate3 {
		point [
		 -12.1898 -1.2191 -118.1964,
		 -12.1898 -1.2191 -112.1015,
		 -13.4088 -1.2191 -112.1015,
		 -13.4088 -1.2191 -118.1964,
		 -12.1898 -2.7427 -118.1964,
		 -12.1898 -2.7427 -112.1015,
		 -13.4088 -2.7427 -112.1015,
		 -13.4088 -2.7427 -118.1964
		]
	} #Coordinate3
	Material {
		ambientColor      0.0569 0.1284 0.1578  #ambientColor
		diffuseColor      0.2275 0.5137 0.6314  #diffuseColor
		transparency      0.0000                #transparency
	} #Material

	IndexedFaceSet {
		coordIndex [ 
		 0, 1, 2, 3,-1,
		 3, 2, 1, 0,-1,
		 0, 3, 7, 4,-1,
		 4, 7, 3, 0,-1,
		 1, 0, 4, 5,-1,
		 5, 4, 0, 1,-1,
		 2, 1, 5, 6,-1,
		 6, 5, 1, 2,-1,
		 3, 2, 6, 7,-1,
		 7, 6, 2, 3,-1,
		 7, 6, 5, 4,-1,
		 4, 5, 6, 7,-1,
		]
	} #IndexedFaceSet
} #Polyhedron
Separator { #Polyhedron
	DEF COORD7 Coordinate3 {
		point [
		 -18.2847 -1.2191 -173.0504,
		 -18.2847 -1.2191 -166.9555,
		 -19.5037 -1.2191 -166.9555,
		 -19.5037 -1.2191 -173.0504,
		 -18.2847 -2.7427 -173.0504,
		 -18.2847 -2.7427 -166.9555,
		 -19.5037 -2.7427 -166.9555,
		 -19.5037 -2.7427 -173.0504
		]
	} #Coordinate3
	Material {
		ambientColor      0.2500 0.2500 0.2500  #ambientColor
		diffuseColor      1.0000 1.0000 1.0000  #diffuseColor
		transparency      0.0000                #transparency
	} #Material

	IndexedFaceSet {
		coordIndex [ 
		 0, 1, 2, 3,-1,
		 3, 2, 1, 0,-1,
		 0, 3, 7, 4,-1,
		 4, 7, 3, 0,-1,
		 1, 0, 4, 5,-1,
		 5, 4, 0, 1,-1,
		 2, 1, 5, 6,-1,
		 6, 5, 1, 2,-1,
		 3, 2, 6, 7,-1,
		 7, 6, 2, 3,-1,
		 7, 6, 5, 4,-1,
		 4, 5, 6, 7,-1,
		]
	} #IndexedFaceSet
} #Polyhedron
Separator { #Polyhedron
	DEF COORD8 Coordinate3 {
		point [
		 -42.3595 -2.1332 -185.2402,
		 -42.3595 -2.1332 -106.0066,
		 -42.6643 -2.1332 -106.0066,
		 -42.6643 -2.1332 -185.2402,
		 -42.3595 -2.7427 -185.2402,
		 -42.3595 -2.7427 -106.0066,
		 -42.6643 -2.7427 -106.0066,
		 -42.6643 -2.7427 -185.2402
		]
	} #Coordinate3
	Material {
		ambientColor      0.2500 0.2500 0.2500  #ambientColor
		diffuseColor      1.0000 1.0000 1.0000  #diffuseColor
		transparency      0.0000                #transparency
	} #Material

	IndexedFaceSet {
		coordIndex [ 
		 0, 1, 2, 3,-1,
		 3, 2, 1, 0,-1,
		 0, 3, 7, 4,-1,
		 4, 7, 3, 0,-1,
		 1, 0, 4, 5,-1,
		 5, 4, 0, 1,-1,
		 2, 1, 5, 6,-1,
		 6, 5, 1, 2,-1,
		 3, 2, 6, 7,-1,
		 7, 6, 2, 3,-1,
		 7, 6, 5, 4,-1,
		 4, 5, 6, 7,-1,
		]
	} #IndexedFaceSet
} #Polyhedron
Separator { #Polyhedron
	DEF COORD9 Coordinate3 {
		point [
		 -20.7226 -2.4380 -173.0504,
		 -20.7226 -2.4380 -166.9555,
		 -24.3796 -2.4380 -166.9555,
		 -24.3796 -2.4380 -173.0504,
		 -20.7226 -2.7427 -173.0504,
		 -20.7226 -2.7427 -166.9555,
		 -24.3796 -2.7427 -166.9555,
		 -24.3796 -2.7427 -173.0504
		]
	} #Coordinate3
	Material {
		ambientColor      0.2500 0.2500 0.2500  #ambientColor
		diffuseColor      1.0000 1.0000 1.0000  #diffuseColor
		transparency      0.0000                #transparency
	} #Material

	IndexedFaceSet {
		coordIndex [ 
		 0, 1, 2, 3,-1,
		 3, 2, 1, 0,-1,
		 0, 3, 7, 4,-1,
		 4, 7, 3, 0,-1,
		 1, 0, 4, 5,-1,
		 5, 4, 0, 1,-1,
		 2, 1, 5, 6,-1,
		 6, 5, 1, 2,-1,
		 3, 2, 6, 7,-1,
		 7, 6, 2, 3,-1,
		 7, 6, 5, 4,-1,
		 4, 5, 6, 7,-1,
		]
	} #IndexedFaceSet
} #Polyhedron
Separator { #Polyhedron
	DEF COORD10 Coordinate3 {
		point [
		 -14.6278 -2.4380 -118.1964,
		 -14.6278 -2.4380 -112.1015,
		 -24.6843 -2.4380 -112.1015,
		 -24.6843 -2.4380 -118.1964,
		 -14.6278 -2.7427 -118.1964,
		 -14.6278 -2.7427 -112.1015,
		 -24.6843 -2.7427 -112.1015,
		 -24.6843 -2.7427 -118.1964
		]
	} #Coordinate3
	Material {
		ambientColor      0.2500 0.2500 0.2500  #ambientColor
		diffuseColor      1.0000 1.0000 1.0000  #diffuseColor
		transparency      0.0000                #transparency
	} #Material

	IndexedFaceSet {
		coordIndex [ 
		 0, 1, 2, 3,-1,
		 3, 2, 1, 0,-1,
		 0, 3, 7, 4,-1,
		 4, 7, 3, 0,-1,
		 1, 0, 4, 5,-1,
		 5, 4, 0, 1,-1,
		 2, 1, 5, 6,-1,
		 6, 5, 1, 2,-1,
		 3, 2, 6, 7,-1,
		 7, 6, 2, 3,-1,
		 7, 6, 5, 4,-1,
		 4, 5, 6, 7,-1,
		]
	} #IndexedFaceSet
} #Polyhedron
Separator { #Polyhedron
	DEF COORD11 Coordinate3 {
		point [
		 -42.3595 -2.4380 -106.0066,
		 -42.3595 -2.4380 -185.2402,
		 -24.6843 -2.4380 -185.2402,
		 -24.6843 -2.4380 -106.0066,
		 -42.3595 -2.7427 -106.0066,
		 -42.3595 -2.7427 -185.2402,
		 -24.6843 -2.7427 -185.2402,
		 -24.6843 -2.7427 -106.0066,
		 -24.6843 -2.4380 -116.5717,
		 -42.3595 -2.4380 -116.5717,
		 -36.2643 -2.4380 -116.8257,
		 -34.3341 -2.4380 -116.5717,
		 -42.3595 -2.4380 -116.5717,
		 -42.3595 -2.4380 -116.8257,
		 -36.9754 -2.4380 -117.7400,
		 -42.3595 -2.4380 -117.7400,
		 -36.9754 -2.4380 -133.5877,
		 -42.3595 -2.4380 -133.5877,
		 -36.4166 -2.4380 -134.5527,
		 -42.3595 -2.4380 -134.5527,
		 -42.3595 -2.4380 -134.5527,
		 -24.6843 -2.4380 -134.5527,
		 -30.1690 -2.4380 -133.6892,
		 -30.5245 -2.4380 -134.5527,
		 -24.6843 -2.4380 -134.5527,
		 -24.6843 -2.4380 -133.6892,
		 -30.1690 -2.4380 -117.7400,
		 -24.6843 -2.4380 -117.7400,
		 -30.8293 -2.4380 -116.8257,
		 -24.6843 -2.4380 -116.8257,
		 -32.6579 -2.4380 -116.5717,
		 -24.6843 -2.4380 -116.5717,
		 -42.3595 -2.4380 -116.5717,
		 -24.6843 -2.4380 -116.5717,
		 -42.3595 -2.4380 -116.8257,
		 -42.3595 -2.4380 -116.5717,
		 -42.3595 -2.4380 -117.7400,
		 -42.3595 -2.4380 -133.5877,
		 -42.3595 -2.4380 -134.5527,
		 -24.6843 -2.4380 -134.5527,
		 -42.3595 -2.4380 -134.5527,
		 -24.6843 -2.4380 -133.6892,
		 -24.6843 -2.4380 -134.5527,
		 -24.6843 -2.4380 -117.7400,
		 -24.6843 -2.4380 -116.8257,
		 -24.6843 -2.4380 -116.5717
		]
	} #Coordinate3
	Material {
		ambientColor      0.2500 0.2500 0.2500  #ambientColor
		diffuseColor      1.0000 1.0000 1.0000  #diffuseColor
		transparency      0.0000                #transparency
	} #Material

	IndexedFaceSet {
		coordIndex [ 
		 8, 3, 0, 9,-1,
		 10, 11, 12, 13,-1,
		 14, 10, 13, 15,-1,
		 16, 14, 15, 17,-1,
		 18, 16, 17, 19,-1,
		 20, 1, 2, 21,-1,
		 22, 23, 24, 25,-1,
		 26, 22, 25, 27,-1,
		 28, 26, 27, 29,-1,
		 30, 28, 29, 31,-1,
		]
	} #IndexedFaceSet
	Material {
		ambientColor      0.0637 0.0637 0.0637  #ambientColor
		diffuseColor      0.2549 0.2549 0.2549  #diffuseColor
		transparency      0.0000                #transparency
	} #Material

	IndexedFaceSet {
		coordIndex [ 
		 16, 18, 23, 22, 26, 28, 30, 11, 10, 14,-1,
		]
	} #IndexedFaceSet
	Material {
		ambientColor      0.2500 0.2500 0.2500  #ambientColor
		diffuseColor      1.0000 1.0000 1.0000  #diffuseColor
		transparency      0.0000                #transparency
	} #Material

	IndexedFaceSet {
		coordIndex [ 
		 32, 0, 3, 33,-1,
		 34, 35, 11, 10,-1,
		 36, 34, 10, 14,-1,
		 37, 36, 14, 16,-1,
		 38, 37, 16, 18,-1,
		 39, 2, 1, 40,-1,
		 41, 42, 23, 22,-1,
		 43, 41, 22, 26,-1,
		 44, 43, 26, 28,-1,
		 45, 44, 28, 30,-1,
		]
	} #IndexedFaceSet
	Material {
		ambientColor      0.0637 0.0637 0.0637  #ambientColor
		diffuseColor      0.2549 0.2549 0.2549  #diffuseColor
		transparency      0.0000                #transparency
	} #Material

	IndexedFaceSet {
		coordIndex [ 
		 14, 10, 11, 30, 28, 26, 22, 23, 18, 16,-1,
		]
	} #IndexedFaceSet
	Material {
		ambientColor      0.2500 0.2500 0.2500  #ambientColor
		diffuseColor      1.0000 1.0000 1.0000  #diffuseColor
		transparency      0.0000                #transparency
	} #Material

	IndexedFaceSet {
		coordIndex [ 
		 0, 3, 7, 4,-1,
		 4, 7, 3, 0,-1,
		 1, 0, 4, 5,-1,
		 5, 4, 0, 1,-1,
		 2, 1, 5, 6,-1,
		 6, 5, 1, 2,-1,
		 3, 2, 6, 7,-1,
		 7, 6, 2, 3,-1,
		 7, 6, 5, 4,-1,
		 4, 5, 6, 7,-1,
		]
	} #IndexedFaceSet
} #Polyhedron
Separator { #Polyhedron
	DEF COORD12 Coordinate3 {
		point [
		 -30.4638 -1.2779 -133.9733,
		 -30.1591 0.0643 -133.9485,
		 -30.1591 1.0230 -133.9309,
		 -30.4638 1.5982 -133.9203,
		 -36.5587 1.5982 -133.9203,
		 -36.8635 1.0230 -133.9309,
		 -36.8635 0.0643 -133.9485,
		 -36.5587 -1.2779 -133.9733,
		 -30.4638 -1.5476 -117.4724,
		 -30.1591 -0.2054 -117.4477,
		 -30.1591 0.7533 -117.4300,
		 -30.4638 1.3285 -117.4194,
		 -36.5587 1.3285 -117.4194,
		 -36.8635 0.7533 -117.4300,
		 -36.8635 -0.2054 -117.4477,
		 -36.5587 -1.5476 -117.4724,
		 -30.3115 1.0409 -117.4247,
		 -30.4638 1.4085 -122.3083,
		 -36.5587 1.4085 -122.3083,
		 -36.7111 1.0409 -117.4247,
		 -30.2494 0.9237 -117.4269,
		 -30.3563 1.1491 -118.8618,
		 -30.4978 1.0409 -117.4247,
		 -36.6663 1.1490 -118.8606,
		 -36.7732 0.9238 -117.4269,
		 -36.5249 1.0409 -117.4247,
		 -30.2537 -0.6219 -117.4554,
		 -30.1591 -0.1829 -118.8228,
		 -30.1591 0.7758 -118.8051,
		 -30.2516 0.9284 -117.4570,
		 -30.2537 0.9257 -117.4269,
		 -36.7710 0.9285 -117.4566,
		 -36.8635 0.7758 -118.8051,
		 -36.8635 -0.1829 -118.8228,
		 -36.7689 -0.6219 -117.4554,
		 -36.7689 0.9258 -117.4269,
		 -36.7281 0.9451 -117.4265,
		 -30.2946 0.9451 -117.4265,
		 -30.4704 1.0618 -117.7025,
		 -36.5523 1.0618 -117.7025,
		 -36.5587 -1.2804 -133.8156,
		 -30.4638 -1.2804 -133.8156,
		 -30.4003 -1.2679 -117.4673,
		 -36.6222 -1.2679 -117.4673,
		 -36.8635 0.3219 -133.9438,
		 -30.1591 0.3219 -133.9438,
		 -35.6545 0.3221 -133.9438,
		 -36.8635 0.3219 -133.9438,
		 -30.1591 0.3221 -133.9438,
		 -35.6545 0.3221 -133.9438,
		 -30.1591 0.3221 -133.9438,
		 -35.1312 0.3264 -133.9437,
		 -35.1290 0.3221 -133.9438,
		 -30.1591 0.3221 -133.9438,
		 -30.1591 0.3264 -133.9437,
		 -34.9233 0.3519 -133.9432,
		 -34.9113 0.3264 -133.9437,
		 -30.1591 0.3519 -133.9432,
		 -35.1306 0.3266 -133.9437,
		 -35.1436 0.3519 -133.9432,
		 -35.1439 0.3519 -133.9432,
		 -35.1313 0.3266 -133.9437,
		 -35.1312 0.3264 -133.9437,
		 -35.6529 0.3221 -133.9438,
		 -35.6675 0.3519 -133.9432,
		 -35.6688 0.3519 -133.9432,
		 -35.6545 0.3221 -133.9438,
		 -30.1607 0.9753 -133.9318,
		 -30.1591 0.6808 -133.9372,
		 -30.1591 0.9753 -133.9318,
		 -34.9261 0.3581 -133.9431,
		 -34.9233 0.3521 -133.9432,
		 -31.1877 0.3521 -133.9432,
		 -31.1857 0.3581 -133.9431,
		 -35.1437 0.3521 -133.9432,
		 -35.1468 0.3581 -133.9431,
		 -35.1470 0.3581 -133.9431,
		 -35.1440 0.3521 -133.9432,
		 -31.1623 0.4282 -133.9418,
		 -31.1877 0.3581 -133.9431,
		 -31.1857 0.3581 -133.9431,
		 -34.9276 0.3611 -133.9431,
		 -34.9261 0.3581 -133.9431,
		 -31.7019 0.3581 -133.9431,
		 -31.7008 0.3611 -133.9431,
		 -35.1453 0.8252 -133.9345,
		 -34.9276 0.3611 -133.9431,
		 -31.8860 0.3611 -133.9431,
		 -31.7166 0.8252 -133.9345,
		 -33.3033 0.9028 -133.9331,
		 -33.3876 0.8252 -133.9345,
		 -31.6883 0.9028 -133.9331,
		 -33.3026 0.9558 -133.9321,
		 -31.6690 0.9558 -133.9321,
		 -33.5875 0.9061 -133.9330,
		 -33.5869 0.9558 -133.9321,
		 -35.2065 0.9558 -133.9321,
		 -35.1832 0.9061 -133.9330,
		 -33.5053 0.8266 -133.9345,
		 -35.1459 0.8266 -133.9345,
		 -35.1453 0.8252 -133.9345,
		 -33.3025 0.9648 -133.9319,
		 -33.3026 0.9558 -133.9321,
		 -31.6690 0.9558 -133.9321,
		 -31.6657 0.9648 -133.9319,
		 -33.5869 0.9558 -133.9321,
		 -33.5868 0.9648 -133.9319,
		 -35.4497 0.9648 -133.9319,
		 -35.4452 0.9558 -133.9321,
		 -35.1468 0.3581 -133.9431,
		 -35.1522 0.3686 -133.9429,
		 -35.1470 0.3581 -133.9431,
		 -33.3025 0.9664 -133.9319,
		 -33.3025 0.9648 -133.9319,
		 -31.6657 0.9648 -133.9319,
		 -31.6651 0.9664 -133.9319,
		 -33.5868 0.9648 -133.9319,
		 -33.5868 0.9664 -133.9319,
		 -35.9645 0.9664 -133.9319,
		 -35.4497 0.9648 -133.9319,
		 -33.3023 0.9753 -133.9318,
		 -33.3025 0.9664 -133.9319,
		 -31.6651 0.9664 -133.9319,
		 -31.6619 0.9753 -133.9318,
		 -33.5868 0.9664 -133.9319,
		 -33.5866 0.9753 -133.9318,
		 -35.9687 0.9753 -133.9318,
		 -35.9645 0.9664 -133.9319,
		 -35.6676 0.3521 -133.9432,
		 -35.7241 0.4668 -133.9411,
		 -35.6689 0.3521 -133.9432,
		 -34.9233 0.3521 -133.9432,
		 -34.9233 0.3519 -133.9432,
		 -30.1591 0.3519 -133.9432,
		 -30.1608 0.9961 -133.9314,
		 -30.1607 0.9753 -133.9318,
		 -30.1591 0.9753 -133.9318,
		 -30.1591 0.9961 -133.9314,
		 -30.9560 0.9989 -133.9313,
		 -30.1591 0.9989 -133.9313,
		 -30.9560 0.9990 -133.9313,
		 -30.9560 0.9989 -133.9313,
		 -30.1591 0.9990 -133.9313,
		 -30.9559 0.9993 -133.9313,
		 -30.9560 0.9990 -133.9313,
		 -30.1591 0.9990 -133.9313,
		 -30.1591 0.9993 -133.9313,
		 -33.3018 1.0140 -133.9310,
		 -33.3020 0.9993 -133.9313,
		 -30.1591 0.9993 -133.9313,
		 -30.1591 1.0140 -133.9310,
		 -33.3841 1.0935 -133.9296,
		 -30.1964 1.0935 -133.9296,
		 -33.5018 1.0948 -133.9295,
		 -30.1971 1.0948 -133.9295,
		 -30.1971 1.0948 -133.9295,
		 -36.8254 1.0948 -133.9295,
		 -33.5861 1.0172 -133.9310,
		 -36.8635 1.0172 -133.9310,
		 -33.5863 0.9993 -133.9313,
		 -36.8635 0.9993 -133.9313,
		 -33.3020 0.9993 -133.9313,
		 -33.3020 0.9990 -133.9313,
		 -31.4608 0.9990 -133.9313,
		 -31.4607 0.9993 -133.9313,
		 -33.5863 0.9990 -133.9313,
		 -33.5863 0.9993 -133.9313,
		 -36.8635 0.9993 -133.9313,
		 -36.8635 0.9990 -133.9313,
		 -33.3020 0.9990 -133.9313,
		 -33.3021 0.9918 -133.9314,
		 -31.4635 0.9918 -133.9314,
		 -31.4608 0.9990 -133.9313,
		 -33.5864 0.9918 -133.9314,
		 -33.5863 0.9990 -133.9313,
		 -36.8635 0.9990 -133.9313,
		 -36.8635 0.9918 -133.9314,
		 -33.3021 0.9918 -133.9314,
		 -33.3023 0.9753 -133.9318,
		 -31.6619 0.9753 -133.9318,
		 -31.6559 0.9918 -133.9314,
		 -33.5866 0.9753 -133.9318,
		 -33.5864 0.9918 -133.9314,
		 -36.8635 0.9918 -133.9314,
		 -36.8635 0.9753 -133.9318,
		 -36.8635 0.9692 -133.9319,
		 -35.9687 0.9753 -133.9318,
		 -36.8830 0.4668 -133.9411,
		 -36.8830 0.3219 -133.9438,
		 -35.7241 0.4668 -133.9411,
		 -35.9645 0.9664 -133.9319,
		 -36.8830 0.9690 -133.9319,
		 -36.8830 0.9664 -133.9319,
		 -35.7241 0.4668 -133.9411,
		 -35.9700 0.9664 -133.9319,
		 -36.8830 0.9664 -133.9319,
		 -36.8830 0.4668 -133.9411,
		 -31.1623 0.4282 -133.9418,
		 -30.1573 0.3519 -133.9432,
		 -30.1577 0.4282 -133.9418,
		 -30.9560 0.9989 -133.9313,
		 -31.1623 0.4282 -133.9418,
		 -35.6757 0.3686 -133.9429,
		 -35.1522 0.3686 -133.9429,
		 -35.4452 0.9558 -133.9321,
		 -35.9648 0.9558 -133.9321,
		 -35.1522 0.3686 -133.9429,
		 -35.4541 0.9558 -133.9321,
		 -35.9648 0.9558 -133.9321,
		 -35.6757 0.3686 -133.9429,
		 -31.7008 0.3611 -133.9431,
		 -31.1866 0.3611 -133.9431,
		 -31.4368 0.9918 -133.9314,
		 -31.6765 0.3611 -133.9431,
		 -31.1866 0.3611 -133.9431,
		 -30.9586 0.9918 -133.9314,
		 -30.9586 0.9918 -133.9314,
		 -31.4635 0.9918 -133.9314,
		 -35.2065 0.9558 -133.9321,
		 -30.1591 0.3219 -133.9438,
		 -36.8635 0.3219 -133.9438,
		 -30.1591 0.3221 -133.9438,
		 -36.8635 0.3219 -133.9438,
		 -30.1591 0.3221 -133.9438,
		 -35.6545 0.3221 -133.9438,
		 -30.1591 0.3264 -133.9437,
		 -30.1591 0.3221 -133.9438,
		 -35.1312 0.3264 -133.9437,
		 -30.1591 0.3519 -133.9432,
		 -34.9233 0.3519 -133.9432,
		 -35.1313 0.3266 -133.9437,
		 -35.1439 0.3519 -133.9432,
		 -35.1436 0.3519 -133.9432,
		 -35.1312 0.3264 -133.9437,
		 -35.6545 0.3221 -133.9438,
		 -35.6688 0.3519 -133.9432,
		 -35.6675 0.3519 -133.9432,
		 -30.1591 0.9753 -133.9318,
		 -30.1591 0.6808 -133.9372,
		 -30.1607 0.9753 -133.9318,
		 -31.1857 0.3581 -133.9431,
		 -34.9233 0.3521 -133.9432,
		 -34.9261 0.3581 -133.9431,
		 -35.1440 0.3521 -133.9432,
		 -35.1470 0.3581 -133.9431,
		 -35.1468 0.3581 -133.9431,
		 -35.1437 0.3521 -133.9432,
		 -31.1857 0.3581 -133.9431,
		 -31.1623 0.4282 -133.9418,
		 -31.7008 0.3611 -133.9431,
		 -34.9261 0.3581 -133.9431,
		 -34.9276 0.3611 -133.9431,
		 -31.7166 0.8252 -133.9345,
		 -34.9276 0.3611 -133.9431,
		 -35.1453 0.8252 -133.9345,
		 -31.6883 0.9028 -133.9331,
		 -31.6690 0.9558 -133.9321,
		 -33.3026 0.9558 -133.9321,
		 -35.1832 0.9061 -133.9330,
		 -35.2065 0.9558 -133.9321,
		 -33.5869 0.9558 -133.9321,
		 -35.1459 0.8266 -133.9345,
		 -35.1453 0.8252 -133.9345,
		 -31.6657 0.9648 -133.9319,
		 -31.6690 0.9558 -133.9321,
		 -33.3026 0.9558 -133.9321,
		 -33.3025 0.9648 -133.9319,
		 -35.4452 0.9558 -133.9321,
		 -35.4497 0.9648 -133.9319,
		 -33.5868 0.9648 -133.9319,
		 -33.5869 0.9558 -133.9321,
		 -35.1470 0.3581 -133.9431,
		 -35.1522 0.3686 -133.9429,
		 -35.1468 0.3581 -133.9431,
		 -31.6651 0.9664 -133.9319,
		 -31.6657 0.9648 -133.9319,
		 -33.3025 0.9648 -133.9319,
		 -33.3025 0.9664 -133.9319,
		 -35.9645 0.9664 -133.9319,
		 -33.5868 0.9664 -133.9319,
		 -33.5868 0.9648 -133.9319,
		 -31.6619 0.9753 -133.9318,
		 -31.6651 0.9664 -133.9319,
		 -33.3025 0.9664 -133.9319,
		 -33.3023 0.9753 -133.9318,
		 -35.9645 0.9664 -133.9319,
		 -35.9687 0.9753 -133.9318,
		 -33.5866 0.9753 -133.9318,
		 -33.5868 0.9664 -133.9319,
		 -35.6689 0.3521 -133.9432,
		 -35.7241 0.4668 -133.9411,
		 -35.6676 0.3521 -133.9432,
		 -30.1591 0.3519 -133.9432,
		 -34.9233 0.3519 -133.9432,
		 -34.9233 0.3521 -133.9432,
		 -30.1591 0.9961 -133.9314,
		 -30.1591 0.9753 -133.9318,
		 -30.1607 0.9753 -133.9318,
		 -30.1591 0.9989 -133.9313,
		 -30.9560 0.9989 -133.9313,
		 -30.1591 0.9990 -133.9313,
		 -30.9560 0.9989 -133.9313,
		 -30.9560 0.9990 -133.9313,
		 -30.1591 0.9993 -133.9313,
		 -30.1591 0.9990 -133.9313,
		 -30.9560 0.9990 -133.9313,
		 -30.1591 1.0140 -133.9310,
		 -30.1591 0.9993 -133.9313,
		 -33.3020 0.9993 -133.9313,
		 -30.1964 1.0935 -133.9296,
		 -30.1971 1.0948 -133.9295,
		 -36.8254 1.0948 -133.9295,
		 -30.1971 1.0948 -133.9295,
		 -36.8635 1.0172 -133.9310,
		 -36.8635 0.9993 -133.9313,
		 -33.5863 0.9993 -133.9313,
		 -31.4608 0.9990 -133.9313,
		 -33.3020 0.9990 -133.9313,
		 -33.3020 0.9993 -133.9313,
		 -36.8635 0.9990 -133.9313,
		 -36.8635 0.9993 -133.9313,
		 -33.5863 0.9993 -133.9313,
		 -33.5863 0.9990 -133.9313,
		 -31.4608 0.9990 -133.9313,
		 -31.4635 0.9918 -133.9314,
		 -33.3021 0.9918 -133.9314,
		 -33.3020 0.9990 -133.9313,
		 -36.8635 0.9918 -133.9314,
		 -36.8635 0.9990 -133.9313,
		 -33.5863 0.9990 -133.9313,
		 -33.5864 0.9918 -133.9314,
		 -31.6619 0.9753 -133.9318,
		 -33.3023 0.9753 -133.9318,
		 -33.3021 0.9918 -133.9314,
		 -36.8635 0.9753 -133.9318,
		 -36.8635 0.9918 -133.9314,
		 -33.5864 0.9918 -133.9314,
		 -33.5866 0.9753 -133.9318,
		 -36.8635 0.9692 -133.9319,
		 -35.7241 0.4668 -133.9411,
		 -36.8830 0.4668 -133.9411,
		 -36.8830 0.9664 -133.9319,
		 -35.9645 0.9664 -133.9319,
		 -36.8830 0.4668 -133.9411,
		 -36.8830 0.9664 -133.9319,
		 -35.7241 0.4668 -133.9411,
		 -30.1577 0.4282 -133.9418,
		 -31.1623 0.4282 -133.9418,
		 -31.1623 0.4282 -133.9418,
		 -30.9560 0.9989 -133.9313,
		 -35.1522 0.3686 -133.9429,
		 -35.6757 0.3686 -133.9429,
		 -35.9648 0.9558 -133.9321,
		 -35.4452 0.9558 -133.9321,
		 -35.6757 0.3686 -133.9429,
		 -35.9648 0.9558 -133.9321,
		 -35.1522 0.3686 -133.9429,
		 -31.1866 0.3611 -133.9431,
		 -31.7008 0.3611 -133.9431,
		 -30.9586 0.9918 -133.9314,
		 -31.1866 0.3611 -133.9431,
		 -31.4635 0.9918 -133.9314,
		 -30.9586 0.9918 -133.9314,
		 -30.4638 -1.2789 -133.9124,
		 -30.4558 -1.2789 -131.7584,
		 -30.4429 -1.2709 -128.7691,
		 -30.4442 -1.2766 -128.7671,
		 -30.4157 -1.2709 -121.4149,
		 -30.2719 -0.6893 -118.5809,
		 -30.4041 -1.2686 -118.4404,
		 -30.2690 -0.6893 -117.4566,
		 -30.4129 -1.2709 -121.4149,
		 -30.2821 -0.6893 -121.3466,
		 -30.3101 -0.6893 -128.9695,
		 -30.4429 -1.2709 -128.7691,
		 -30.4527 -1.2789 -131.7584,
		 -30.3199 -0.6893 -131.6443,
		 -30.3302 -0.6893 -133.9624,
		 -30.4638 -1.2789 -133.9124,
		 -30.2661 -0.6631 -118.5873,
		 -30.2719 -0.6893 -118.5809,
		 -30.2630 -0.6631 -117.4561,
		 -30.2821 -0.6893 -121.3466,
		 -30.2762 -0.6631 -121.3436,
		 -30.3042 -0.6631 -128.9619,
		 -30.3100 -0.6893 -128.9450,
		 -30.2607 -0.6392 -118.5931,
		 -30.2661 -0.6631 -118.5873,
		 -30.2576 -0.6392 -117.4557,
		 -30.2576 -0.6392 -117.4557,
		 -30.2575 -0.6390 -117.4557,
		 -30.2606 -0.6390 -118.5643,
		 -30.2607 -0.6392 -118.5931,
		 -30.2762 -0.6631 -121.3436,
		 -30.2761 -0.6627 -121.3435,
		 -30.2764 -0.6631 -121.3923,
		 -30.2366 -0.5308 -118.6409,
		 -30.2341 -0.5308 -117.7392,
		 -30.2464 -0.5308 -121.3055,
		 -30.2748 -0.5308 -129.0478,
		 -30.3042 -0.6631 -128.9619,
		 -30.3159 -0.6708 -131.6836,
		 -30.2842 -0.5308 -131.6060,
		 -30.2942 -0.5308 -133.9595,
		 -30.3260 -0.6708 -133.9621,
		 -30.3100 -0.6891 -128.9695,
		 -30.3101 -0.6893 -128.9695,
		 -30.3158 -0.6711 -131.6407,
		 -30.3261 -0.6711 -133.9621,
		 -30.3199 -0.6893 -131.6443,
		 -30.3158 -0.6711 -131.6407,
		 -30.3302 -0.6893 -133.9624,
		 -30.1741 -0.2495 -118.8401,
		 -30.2366 -0.5308 -118.6409,
		 -30.1734 -0.2495 -118.6155,
		 -30.2464 -0.5308 -121.3055,
		 -30.1825 -0.2495 -121.1209,
		 -30.2123 -0.2495 -129.2304,
		 -30.2748 -0.5308 -129.0478,
		 -30.1644 -0.2058 -118.8711,
		 -30.1741 -0.2495 -118.8401,
		 -30.1640 -0.2058 -118.7515,
		 -30.1825 -0.2495 -121.1209,
		 -30.1726 -0.2058 -121.0922,
		 -30.2026 -0.2058 -129.2588,
		 -30.2123 -0.2495 -129.2304,
		 -30.2198 -0.2467 -131.4485,
		 -30.2105 -0.2058 -131.4258,
		 -30.2198 -0.2058 -133.9535,
		 -30.1591 -0.1818 -118.8880,
		 -30.1644 -0.2058 -118.8711,
		 -30.1640 -0.2058 -118.7515,
		 -30.1591 -0.1464 -121.0533,
		 -30.1591 -0.1351 -121.7489,
		 -30.1869 -0.1351 -129.3047,
		 -30.1894 -0.1464 -129.2973,
		 -30.1726 -0.2058 -121.0922,
		 -30.1591 -0.1464 -121.0533,
		 -30.2026 -0.2058 -129.2588,
		 -30.1591 -0.0065 -129.6132,
		 -30.1591 0.0158 -130.9795,
		 -30.1701 0.0158 -133.9494,
		 -30.1974 -0.1478 -131.3937,
		 -30.1591 0.0158 -130.9795,
		 -30.2073 -0.1478 -133.9525,
		 -30.2105 -0.2058 -131.4258,
		 -30.2204 -0.2058 -133.9535,
		 -30.2830 -0.5256 -131.6031,
		 -30.2830 -0.4871 -133.9587,
		 -30.2929 -0.5256 -133.9594,
		 -30.2842 -0.5308 -131.6060,
		 -30.2830 -0.5256 -131.6031,
		 -30.2942 -0.5308 -133.9595,
		 -30.2198 -0.2467 -131.4485,
		 -30.2198 -0.2058 -133.9544,
		 -30.2290 -0.2467 -133.9552,
		 -30.2830 -0.5256 -131.6031,
		 -30.2198 -0.2467 -131.4485,
		 -30.2830 -0.4871 -133.9596,
		 -30.3100 -0.6891 -128.9695,
		 -30.3099 -0.6891 -128.9451,
		 -30.2929 -0.6124 -128.9960,
		 -30.3100 -0.6891 -128.9695,
		 -30.2929 -0.6124 -128.9949,
		 -30.2053 -0.2136 -129.5227,
		 -30.2043 -0.2136 -129.2537,
		 -30.1711 -0.0485 -130.2966,
		 -30.1682 -0.0485 -129.5125,
		 -30.1682 -0.0485 -129.5125,
		 -30.1289 0.1335 -129.9493,
		 -30.1263 0.1562 -130.6239,
		 -30.1742 -0.0485 -131.1422,
		 -30.2079 -0.2001 -131.0635,
		 -30.2092 -0.2001 -131.4227,
		 -30.3054 -0.6248 -131.6318,
		 -30.3054 -0.6248 -131.6580,
		 -30.3158 -0.6711 -131.6407,
		 -30.4423 -1.2815 -128.7654,
		 -30.4528 -1.2795 -131.7585,
		 -30.2763 -0.6627 -121.3920,
		 -30.2761 -0.6627 -121.3435,
		 -30.2527 -0.6032 -118.6018,
		 -30.2607 -0.6392 -118.5931,
		 -30.2526 -0.6032 -118.5896,
		 -30.1687 -0.2218 -119.0535,
		 -30.1680 -0.2218 -118.8597,
		 -30.1538 -0.1486 -119.4742,
		 -30.1526 -0.1525 -118.9088,
		 -30.1558 -0.1422 -120.3986,
		 -30.1571 -0.1377 -121.0476,
		 -30.1582 -0.1422 -121.0505,
		 -30.1763 -0.2256 -120.8781,
		 -30.1558 -0.1422 -120.3986,
		 -30.1771 -0.2256 -121.1052,
		 -30.2711 -0.6405 -121.3409,
		 -30.2713 -0.6405 -121.3774,
		 -30.2761 -0.6627 -121.3435,
		 -30.2763 -0.6627 -121.3920,
		 -30.4054 -1.2861 -118.4361,
		 -30.1368 -0.0650 -119.9547,
		 -30.4160 -1.2843 -121.4165,
		 -30.4558 -1.2789 -131.7584,
		 -30.4638 -1.2789 -133.9124,
		 -30.4157 -1.2709 -121.4149,
		 -30.4442 -1.2766 -128.7671,
		 -30.4429 -1.2709 -128.7691,
		 -30.2690 -0.6893 -117.4566,
		 -30.4041 -1.2686 -118.4404,
		 -30.2719 -0.6893 -118.5809,
		 -30.4429 -1.2709 -128.7691,
		 -30.3101 -0.6893 -128.9695,
		 -30.2821 -0.6893 -121.3466,
		 -30.4129 -1.2709 -121.4149,
		 -30.4638 -1.2789 -133.9124,
		 -30.3302 -0.6893 -133.9624,
		 -30.3199 -0.6893 -131.6443,
		 -30.4527 -1.2789 -131.7584,
		 -30.2630 -0.6631 -117.4561,
		 -30.2719 -0.6893 -118.5809,
		 -30.2661 -0.6631 -118.5873,
		 -30.3042 -0.6631 -128.9619,
		 -30.2762 -0.6631 -121.3436,
		 -30.2821 -0.6893 -121.3466,
		 -30.2576 -0.6392 -117.4557,
		 -30.2661 -0.6631 -118.5873,
		 -30.2607 -0.6392 -118.5931,
		 -30.2607 -0.6392 -118.5931,
		 -30.2575 -0.6390 -117.4557,
		 -30.2576 -0.6392 -117.4557,
		 -30.2761 -0.6627 -121.3435,
		 -30.2762 -0.6631 -121.3436,
		 -30.2341 -0.5308 -117.7392,
		 -30.2366 -0.5308 -118.6409,
		 -30.3042 -0.6631 -128.9619,
		 -30.2748 -0.5308 -129.0478,
		 -30.2464 -0.5308 -121.3055,
		 -30.3260 -0.6708 -133.9621,
		 -30.2942 -0.5308 -133.9595,
		 -30.2842 -0.5308 -131.6060,
		 -30.3101 -0.6893 -128.9695,
		 -30.3100 -0.6891 -128.9695,
		 -30.3261 -0.6711 -133.9621,
		 -30.3158 -0.6711 -131.6407,
		 -30.3302 -0.6893 -133.9624,
		 -30.3158 -0.6711 -131.6407,
		 -30.3199 -0.6893 -131.6443,
		 -30.1734 -0.2495 -118.6155,
		 -30.2366 -0.5308 -118.6409,
		 -30.1741 -0.2495 -118.8401,
		 -30.2748 -0.5308 -129.0478,
		 -30.2123 -0.2495 -129.2304,
		 -30.1825 -0.2495 -121.1209,
		 -30.2464 -0.5308 -121.3055,
		 -30.1640 -0.2058 -118.7515,
		 -30.1741 -0.2495 -118.8401,
		 -30.1644 -0.2058 -118.8711,
		 -30.2123 -0.2495 -129.2304,
		 -30.2026 -0.2058 -129.2588,
		 -30.1726 -0.2058 -121.0922,
		 -30.1825 -0.2495 -121.1209,
		 -30.2198 -0.2058 -133.9535,
		 -30.2105 -0.2058 -131.4258,
		 -30.2198 -0.2467 -131.4485,
		 -30.1640 -0.2058 -118.7515,
		 -30.1644 -0.2058 -118.8711,
		 -30.1591 -0.1818 -118.8880,
		 -30.1894 -0.1464 -129.2973,
		 -30.1591 -0.1351 -121.7489,
		 -30.1591 -0.1464 -121.0533,
		 -30.2026 -0.2058 -129.2588,
		 -30.1591 -0.1464 -121.0533,
		 -30.1726 -0.2058 -121.0922,
		 -30.1591 -0.0065 -129.6132,
		 -30.1701 0.0158 -133.9494,
		 -30.1591 0.0158 -130.9795,
		 -30.2073 -0.1478 -133.9525,
		 -30.1591 0.0158 -130.9795,
		 -30.2204 -0.2058 -133.9535,
		 -30.2105 -0.2058 -131.4258,
		 -30.2929 -0.5256 -133.9594,
		 -30.2830 -0.4871 -133.9587,
		 -30.2830 -0.5256 -131.6031,
		 -30.2942 -0.5308 -133.9595,
		 -30.2830 -0.5256 -131.6031,
		 -30.2842 -0.5308 -131.6060,
		 -30.2290 -0.2467 -133.9552,
		 -30.2198 -0.2467 -131.4485,
		 -30.2198 -0.2467 -131.4485,
		 -30.2830 -0.5256 -131.6031,
		 -30.3099 -0.6891 -128.9451,
		 -30.3100 -0.6891 -128.9695,
		 -30.2929 -0.6124 -128.9949,
		 -30.3100 -0.6891 -128.9695,
		 -30.2043 -0.2136 -129.2537,
		 -30.1682 -0.0485 -129.5125,
		 -30.1742 -0.0485 -131.1422,
		 -30.1682 -0.0485 -129.5125,
		 -30.2092 -0.2001 -131.4227,
		 -30.3054 -0.6248 -131.6580,
		 -30.3158 -0.6711 -131.6407,
		 -30.2761 -0.6627 -121.3435,
		 -30.2763 -0.6627 -121.3920,
		 -30.2526 -0.6032 -118.5896,
		 -30.2607 -0.6392 -118.5931,
		 -30.1680 -0.2218 -118.8597,
		 -30.1538 -0.1486 -119.4742,
		 -30.1582 -0.1422 -121.0505,
		 -30.1558 -0.1422 -120.3986,
		 -30.1771 -0.2256 -121.1052,
		 -30.1558 -0.1422 -120.3986,
		 -30.2713 -0.6405 -121.3774,
		 -30.2763 -0.6627 -121.3920,
		 -30.2761 -0.6627 -121.3435,
		 -30.1591 0.1303 -119.5052,
		 -30.1591 -0.1749 -118.8226,
		 -30.1591 0.1303 -118.8170,
		 -30.1591 0.1313 -129.9740,
		 -30.1591 0.1303 -129.9706,
		 -30.1591 0.1303 -118.8170,
		 -30.1591 0.1313 -118.8170,
		 -30.1591 0.1386 -130.5875,
		 -30.1591 0.1386 -118.8168,
		 -30.1591 0.1386 -118.8168,
		 -30.1591 0.3370 -118.8132,
		 -30.1591 0.3370 -133.9435,
		 -30.1591 0.1386 -133.9472,
		 -30.1591 0.1303 -130.6155,
		 -30.1591 0.1303 -133.9473,
		 -30.1591 1.0197 -133.7287,
		 -30.1591 0.3370 -133.5713,
		 -30.1591 0.3475 -133.9433,
		 -30.1591 0.3370 -133.9435,
		 -30.1591 0.1303 -129.9706,
		 -30.1591 0.1285 -129.9649,
		 -30.1591 0.1285 -120.2695,
		 -30.1591 0.1285 -130.6213,
		 -30.1591 0.1303 -130.6155,
		 -30.1591 0.1303 -133.9473,
		 -30.1591 0.1285 -133.9474,
		 -30.1591 -0.0081 -129.5166,
		 -30.1591 -0.1475 -120.9850,
		 -30.1591 -0.1475 -120.9814,
		 -30.1591 -0.0081 -120.6218,
		 -30.1591 0.1285 -129.9649,
		 -30.1591 -0.0081 -129.5166,
		 -30.1591 0.0161 -130.9972,
		 -30.1591 0.1285 -130.6213,
		 -30.1591 0.1285 -133.9474,
		 -30.1591 -0.1760 -119.2432,
		 -30.1591 -0.1828 -118.8263,
		 -30.1591 -0.1828 -118.8228,
		 -30.1591 -0.1760 -119.2396,
		 -30.1591 -0.1543 -120.5676,
		 -30.1591 -0.1543 -120.5712,
		 -30.1591 -0.1760 -119.2434,
		 -30.1591 -0.1831 -118.8041,
		 -30.1591 -0.1760 -118.8202,
		 -30.1591 -0.0488 -119.6868,
		 -30.1591 -0.1760 -119.2434,
		 -30.1591 -0.0488 -119.1046,
		 -30.1591 -0.0415 -120.1324,
		 -30.1591 -0.0415 -119.1208,
		 -30.1591 -0.0415 -119.1208,
		 -30.1591 -0.0415 -120.7081,
		 -30.1591 -0.1543 -120.5676,
		 -30.1591 -0.1543 -120.5676,
		 -30.1591 0.3476 -133.9445,
		 -30.1591 1.1041 -133.7482,
		 -30.1591 1.1071 -133.9296,
		 -30.1591 -0.2014 -119.1547,
		 -30.1591 -0.0460 -129.3921,
		 -30.1591 -0.0179 -131.1110,
		 -30.1591 0.1303 -118.8170,
		 -30.1591 -0.1749 -118.8226,
		 -30.1591 0.1313 -118.8170,
		 -30.1591 0.1303 -118.8170,
		 -30.1591 0.1303 -129.9706,
		 -30.1591 0.1386 -118.8168,
		 -30.1591 0.1386 -133.9472,
		 -30.1591 0.3370 -133.9435,
		 -30.1591 0.3370 -118.8132,
		 -30.1591 0.1386 -118.8168,
		 -30.1591 0.1303 -133.9473,
		 -30.1591 0.1303 -130.6155,
		 -30.1591 1.0197 -133.7287,
		 -30.1591 0.3370 -133.9435,
		 -30.1591 0.3475 -133.9433,
		 -30.1591 0.1285 -129.9649,
		 -30.1591 0.1303 -129.9706,
		 -30.1591 0.1285 -133.9474,
		 -30.1591 0.1303 -133.9473,
		 -30.1591 0.1303 -130.6155,
		 -30.1591 0.1285 -130.6213,
		 -30.1591 -0.0081 -120.6218,
		 -30.1591 -0.1475 -120.9850,
		 -30.1591 -0.0081 -129.5166,
		 -30.1591 -0.0081 -129.5166,
		 -30.1591 0.1285 -129.9649,
		 -30.1591 0.1285 -133.9474,
		 -30.1591 0.1285 -130.6213,
		 -30.1591 0.0161 -130.9972,
		 -30.1591 -0.1760 -119.2396,
		 -30.1591 -0.1828 -118.8228,
		 -30.1591 -0.1828 -118.8263,
		 -30.1591 -0.1760 -119.2432,
		 -30.1591 -0.1543 -120.5712,
		 -30.1591 -0.1543 -120.5676,
		 -30.1591 -0.1760 -118.8202,
		 -30.1591 -0.1760 -119.2434,
		 -30.1591 -0.0488 -119.1046,
		 -30.1591 -0.1760 -119.2434,
		 -30.1591 -0.0415 -119.1208,
		 -30.1591 -0.0415 -120.7081,
		 -30.1591 -0.0415 -119.1208,
		 -30.1591 -0.1543 -120.5676,
		 -30.1887 1.0788 -133.9298,
		 -30.3230 1.0788 -118.4145,
		 -30.3465 1.2718 -127.4997,
		 -30.2443 1.0788 -127.5033,
		 -30.4072 1.2718 -120.4921,
		 -30.3465 1.2864 -128.3973,
		 -30.4132 1.2864 -120.6870,
		 -30.4132 1.2864 -120.6870,
		 -30.2986 1.2864 -133.9260,
		 -30.2443 1.0935 -128.4009,
		 -30.1964 1.0935 -133.9296,
		 -30.1887 1.0788 -133.9298,
		 -30.3230 1.0788 -118.4145,
		 -30.1887 1.0788 -133.9298,
		 -30.4072 1.2718 -120.4921,
		 -30.4132 1.2864 -120.6870,
		 -30.2986 1.2864 -133.9260,
		 -30.4132 1.2864 -120.6870,
		 -30.1964 1.0935 -133.9296,
		 -30.1887 1.0788 -133.9298,
		 -30.4638 1.4132 -122.6011,
		 -36.5587 1.4132 -122.6011,
		 -34.4254 1.4134 -122.6139,
		 -31.1873 1.4132 -122.6011,
		 -36.5587 1.4134 -122.6139,
		 -36.1016 1.4209 -123.0723,
		 -36.5587 1.4209 -123.0723,
		 -36.1016 1.5138 -128.7510,
		 -36.5587 1.5138 -128.7510,
		 -35.2127 1.5183 -129.0311,
		 -36.5587 1.5183 -129.0311,
		 -36.5587 1.5183 -129.0311,
		 -30.4638 1.5183 -129.0311,
		 -30.9206 1.5125 -128.6746,
		 -31.8349 1.5183 -129.0311,
		 -30.4638 1.5183 -129.0311,
		 -30.4638 1.5125 -128.6746,
		 -30.9206 1.4180 -122.8940,
		 -30.4638 1.4180 -122.8940,
		 -30.4638 1.4132 -122.6011,
		 -36.5587 1.4132 -122.6011,
		 -30.4638 1.4132 -122.6011,
		 -36.5587 1.4134 -122.6139,
		 -36.5587 1.4209 -123.0723,
		 -36.5587 1.5138 -128.7510,
		 -36.5587 1.5183 -129.0311,
		 -30.4638 1.5183 -129.0311,
		 -36.5587 1.5183 -129.0311,
		 -30.4638 1.5125 -128.6746,
		 -30.4638 1.5183 -129.0311,
		 -30.4638 1.4180 -122.8940,
		 -30.4638 1.4132 -122.6011,
		 -36.7073 1.3177 -133.9254,
		 -36.5963 1.3177 -121.1030,
		 -36.8096 1.1248 -133.9290,
		 -36.6590 1.3177 -128.3472,
		 -36.7613 1.1248 -128.3508,
		 -36.8173 1.1101 -133.9293,
		 -36.7613 1.1101 -127.4532,
		 -36.6847 1.1101 -118.6132,
		 -36.8173 1.1101 -133.9293,
		 -36.6024 1.3031 -120.9081,
		 -36.6590 1.3031 -127.4496,
		 -36.5963 1.3177 -121.1030,
		 -36.5963 1.3177 -121.1030,
		 -36.7073 1.3177 -133.9254,
		 -36.8096 1.1248 -133.9290,
		 -36.8173 1.1101 -133.9293,
		 -36.8173 1.1101 -133.9293,
		 -36.6847 1.1101 -118.6132,
		 -36.6024 1.3031 -120.9081,
		 -36.5963 1.3177 -121.1030,
		 -36.8635 0.3229 -133.9438,
		 -36.8635 0.3295 -133.9437,
		 -36.8635 0.3229 -133.5426,
		 -36.8635 0.3229 -118.8134,
		 -36.8635 0.0941 -118.8177,
		 -36.8635 0.0941 -133.9480,
		 -36.8635 0.3229 -133.9438,
		 -36.8635 1.0195 -133.7167,
		 -36.8635 -0.1463 -121.0643,
		 -36.8635 0.0941 -120.3644,
		 -36.8635 0.0810 -118.8179,
		 -36.8635 -0.1704 -118.8225,
		 -36.8635 0.0810 -119.5623,
		 -36.8635 0.0941 -118.8177,
		 -36.8635 -0.1634 -121.1143,
		 -36.8635 -0.1835 -118.7838,
		 -36.8635 1.1093 -133.9293,
		 -36.8635 1.1062 -133.7383,
		 -36.8635 0.3295 -133.9437,
		 -36.8635 0.3295 -133.9437,
		 -36.8635 0.3229 -133.9438,
		 -36.8635 0.3229 -133.9438,
		 -36.8635 0.0941 -133.9480,
		 -36.8635 0.0941 -118.8177,
		 -36.8635 0.3229 -118.8134,
		 -36.8635 1.0195 -133.7167,
		 -36.8635 -0.1463 -121.0643,
		 -36.8635 -0.1704 -118.8225,
		 -36.8635 0.0810 -118.8179,
		 -36.8635 0.0941 -118.8177,
		 -36.8524 0.0155 -133.9494,
		 -36.8635 0.0155 -130.9627,
		 -36.8310 -0.0788 -133.9512,
		 -36.8602 0.0155 -130.9627,
		 -36.8379 -0.0788 -131.2765,
		 -36.8154 -0.1473 -133.9524,
		 -36.8223 -0.1473 -131.3269,
		 -36.8635 -0.1245 -122.3980,
		 -36.8635 -0.1473 -120.9992,
		 -36.8302 -0.1473 -129.1845,
		 -36.8352 -0.1245 -129.2013,
		 -36.8635 -0.0082 -129.5097,
		 -36.8023 -0.2052 -133.9535,
		 -36.8223 -0.1473 -131.3269,
		 -36.8091 -0.2052 -131.3695,
		 -36.8602 -0.1473 -120.9992,
		 -36.8471 -0.2052 -121.0380,
		 -36.8173 -0.2052 -129.1419,
		 -36.8302 -0.1473 -129.1845,
		 -36.8635 -0.1823 -118.8613,
		 -36.8587 -0.2052 -118.7533,
		 -36.8551 -0.2052 -118.8456,
		 -36.7297 -0.5250 -133.9594,
		 -36.7384 -0.4866 -133.9587,
		 -36.7367 -0.5250 -131.6050,
		 -36.7286 -0.5299 -133.9595,
		 -36.7365 -0.5250 -131.6050,
		 -36.7353 -0.5299 -131.6086,
		 -36.7186 -0.5737 -133.9603,
		 -36.7286 -0.5299 -133.9595,
		 -36.7353 -0.5299 -131.6086,
		 -36.7254 -0.5737 -131.6409,
		 -36.7100 -0.6114 -133.9610,
		 -36.7254 -0.5737 -131.6409,
		 -36.7167 -0.6114 -131.6933,
		 -36.7021 -0.6466 -133.9617,
		 -36.7088 -0.6466 -131.7024,
		 -36.6956 -0.6749 -133.9622,
		 -36.7088 -0.6466 -131.7024,
		 -36.7024 -0.6749 -131.7096,
		 -36.7733 -0.5299 -121.2557,
		 -36.7404 -0.6749 -121.3529,
		 -36.7131 -0.6749 -128.7967,
		 -36.7453 -0.5299 -128.9033,
		 -36.6939 -0.6824 -133.9623,
		 -36.6956 -0.6749 -133.9622,
		 -36.7024 -0.6749 -131.7096,
		 -36.7007 -0.6824 -131.7115,
		 -36.7114 -0.6820 -128.8223,
		 -36.7115 -0.6824 -128.7913,
		 -36.7113 -0.6824 -128.8221,
		 -36.6796 -0.7454 -133.9635,
		 -36.6939 -0.6824 -133.9623,
		 -36.7007 -0.6824 -131.7115,
		 -36.6865 -0.7454 -131.7278,
		 -36.6973 -0.7454 -128.7981,
		 -36.7113 -0.6824 -128.8221,
		 -36.7388 -0.6824 -121.3319,
		 -36.7246 -0.7454 -121.3531,
		 -36.7352 -0.7447 -118.5030,
		 -36.7352 -0.7454 -118.4758,
		 -36.7351 -0.7454 -118.5028,
		 -36.7130 -0.6755 -128.7963,
		 -36.7131 -0.6749 -128.7967,
		 -36.7404 -0.6755 -121.3296,
		 -36.7115 -0.6824 -128.7913,
		 -36.7404 -0.6755 -121.3296,
		 -36.7388 -0.6824 -121.3319,
		 -36.5642 -1.2538 -133.9728,
		 -36.6796 -0.7454 -133.9635,
		 -36.6865 -0.7454 -131.7278,
		 -36.5719 -1.2538 -131.8586,
		 -36.5601 -1.2719 -133.9732,
		 -36.5798 -1.2719 -128.5977,
		 -36.6021 -1.2719 -122.6503,
		 -36.5601 -1.2719 -133.9732,
		 -36.5802 -1.2702 -128.5984,
		 -36.6973 -0.7454 -128.7981,
		 -36.7246 -0.7454 -121.3531,
		 -36.6061 -1.2702 -121.5295,
		 -36.5801 -1.2707 -128.5982,
		 -36.6074 -1.2707 -121.1460,
		 -36.6079 -1.2707 -121.1460,
		 -36.5801 -1.2707 -128.5982,
		 -36.7409 -0.7454 -117.4577,
		 -36.6187 -1.2686 -118.3850,
		 -36.7351 -0.7454 -118.5028,
		 -36.7887 -0.5299 -117.7418,
		 -36.7352 -0.7454 -118.4758,
		 -36.7830 -0.5299 -118.6233,
		 -36.8372 -0.2486 -121.0671,
		 -36.7733 -0.5299 -121.2557,
		 -36.7453 -0.5299 -128.9033,
		 -36.8077 -0.2486 -129.1101,
		 -36.8493 -0.2486 -118.6181,
		 -36.7887 -0.5299 -117.7418,
		 -36.7830 -0.5299 -118.6233,
		 -36.8455 -0.2486 -118.8159,
		 -36.7997 -0.2469 -131.4003,
		 -36.7997 -0.2052 -133.9535,
		 -36.8091 -0.2052 -131.3695,
		 -36.8471 -0.2052 -121.0380,
		 -36.8372 -0.2486 -121.0671,
		 -36.8077 -0.2486 -129.1101,
		 -36.8173 -0.2052 -129.1419,
		 -36.8587 -0.2052 -118.7533,
		 -36.8493 -0.2486 -118.6181,
		 -36.8455 -0.2486 -118.8159,
		 -36.8551 -0.2052 -118.8456,
		 -36.7902 -0.2469 -133.9734,
		 -36.7997 -0.2049 -133.9726,
		 -36.7997 -0.2469 -131.4003,
		 -36.7365 -0.5250 -131.6050,
		 -36.7365 -0.4862 -133.9778,
		 -36.7997 -0.2469 -131.4003,
		 -36.8641 -0.1300 -120.9876,
		 -36.8668 -0.1181 -120.9797,
		 -36.8661 -0.1300 -120.4375,
		 -36.8502 -0.1913 -121.0287,
		 -36.8661 -0.1300 -120.4375,
		 -36.8510 -0.1913 -120.8091,
		 -36.7509 -0.6286 -121.3219,
		 -36.7510 -0.6286 -121.3139,
		 -36.7404 -0.6755 -121.3296,
		 -36.7353 -0.7447 -118.4762,
		 -36.7352 -0.7447 -118.5030,
		 -36.7468 -0.6929 -118.5117,
		 -36.7352 -0.7447 -118.5030,
		 -36.7468 -0.6929 -118.5146,
		 -36.8439 -0.2556 -118.8111,
		 -36.8431 -0.2556 -119.0271,
		 -36.8648 -0.1528 -119.3985,
		 -36.8642 -0.1643 -118.8736,
		 -36.8324 -0.1027 -131.2941,
		 -36.8853 0.1214 -130.6105,
		 -36.8905 0.1330 -129.8843,
		 -36.8399 -0.1027 -129.2589,
		 -36.8158 -0.1757 -131.3478,
		 -36.8360 -0.1027 -130.3152,
		 -36.8168 -0.1757 -131.0872,
		 -36.7254 -0.5737 -131.6409,
		 -36.7115 -0.6820 -128.7915,
		 -36.7114 -0.6820 -128.8223,
		 -36.7127 -0.6767 -128.7954,
		 -36.7114 -0.6820 -128.8223,
		 -36.7126 -0.6767 -128.8243,
		 -36.8205 -0.1906 -129.1526,
		 -36.8194 -0.1906 -129.4572,
		 -36.8399 -0.1027 -129.2589,
		 -36.8905 -0.0312 -119.8382,
		 -36.6167 -1.2747 -118.3836,
		 -36.8635 0.0155 -130.9627,
		 -36.8524 0.0155 -133.9494,
		 -36.8602 0.0155 -130.9627,
		 -36.8310 -0.0788 -133.9512,
		 -36.8223 -0.1473 -131.3269,
		 -36.8154 -0.1473 -133.9524,
		 -36.8302 -0.1473 -129.1845,
		 -36.8635 -0.1473 -120.9992,
		 -36.8635 -0.1245 -122.3980,
		 -36.8635 -0.0082 -129.5097,
		 -36.8091 -0.2052 -131.3695,
		 -36.8223 -0.1473 -131.3269,
		 -36.8023 -0.2052 -133.9535,
		 -36.8302 -0.1473 -129.1845,
		 -36.8173 -0.2052 -129.1419,
		 -36.8471 -0.2052 -121.0380,
		 -36.8602 -0.1473 -120.9992,
		 -36.8551 -0.2052 -118.8456,
		 -36.8587 -0.2052 -118.7533,
		 -36.8635 -0.1823 -118.8613,
		 -36.7367 -0.5250 -131.6050,
		 -36.7384 -0.4866 -133.9587,
		 -36.7297 -0.5250 -133.9594,
		 -36.7353 -0.5299 -131.6086,
		 -36.7365 -0.5250 -131.6050,
		 -36.7286 -0.5299 -133.9595,
		 -36.7254 -0.5737 -131.6409,
		 -36.7353 -0.5299 -131.6086,
		 -36.7286 -0.5299 -133.9595,
		 -36.7186 -0.5737 -133.9603,
		 -36.7254 -0.5737 -131.6409,
		 -36.7100 -0.6114 -133.9610,
		 -36.7088 -0.6466 -131.7024,
		 -36.7021 -0.6466 -133.9617,
		 -36.7024 -0.6749 -131.7096,
		 -36.7088 -0.6466 -131.7024,
		 -36.6956 -0.6749 -133.9622,
		 -36.7453 -0.5299 -128.9033,
		 -36.7131 -0.6749 -128.7967,
		 -36.7733 -0.5299 -121.2557,
		 -36.7007 -0.6824 -131.7115,
		 -36.7024 -0.6749 -131.7096,
		 -36.6956 -0.6749 -133.9622,
		 -36.6939 -0.6824 -133.9623,
		 -36.7113 -0.6824 -128.8221,
		 -36.7115 -0.6824 -128.7913,
		 -36.7114 -0.6820 -128.8223,
		 -36.6865 -0.7454 -131.7278,
		 -36.7007 -0.6824 -131.7115,
		 -36.6939 -0.6824 -133.9623,
		 -36.6796 -0.7454 -133.9635,
		 -36.7246 -0.7454 -121.3531,
		 -36.7388 -0.6824 -121.3319,
		 -36.7113 -0.6824 -128.8221,
		 -36.6973 -0.7454 -128.7981,
		 -36.7351 -0.7454 -118.5028,
		 -36.7352 -0.7454 -118.4758,
		 -36.7352 -0.7447 -118.5030,
		 -36.7404 -0.6755 -121.3296,
		 -36.7131 -0.6749 -128.7967,
		 -36.7130 -0.6755 -128.7963,
		 -36.7388 -0.6824 -121.3319,
		 -36.7404 -0.6755 -121.3296,
		 -36.6865 -0.7454 -131.7278,
		 -36.6796 -0.7454 -133.9635,
		 -36.5642 -1.2538 -133.9728,
		 -36.5601 -1.2719 -133.9732,
		 -36.5601 -1.2719 -133.9732,
		 -36.6021 -1.2719 -122.6503,
		 -36.7246 -0.7454 -121.3531,
		 -36.6973 -0.7454 -128.7981,
		 -36.5802 -1.2702 -128.5984,
		 -36.6074 -1.2707 -121.1460,
		 -36.5801 -1.2707 -128.5982,
		 -36.5801 -1.2707 -128.5982,
		 -36.6079 -1.2707 -121.1460,
		 -36.7351 -0.7454 -118.5028,
		 -36.6187 -1.2686 -118.3850,
		 -36.7409 -0.7454 -117.4577,
		 -36.7830 -0.5299 -118.6233,
		 -36.7887 -0.5299 -117.7418,
		 -36.8077 -0.2486 -129.1101,
		 -36.7453 -0.5299 -128.9033,
		 -36.7733 -0.5299 -121.2557,
		 -36.8372 -0.2486 -121.0671,
		 -36.8455 -0.2486 -118.8159,
		 -36.7830 -0.5299 -118.6233,
		 -36.7887 -0.5299 -117.7418,
		 -36.8493 -0.2486 -118.6181,
		 -36.8091 -0.2052 -131.3695,
		 -36.7997 -0.2052 -133.9535,
		 -36.7997 -0.2469 -131.4003,
		 -36.8173 -0.2052 -129.1419,
		 -36.8077 -0.2486 -129.1101,
		 -36.8372 -0.2486 -121.0671,
		 -36.8471 -0.2052 -121.0380,
		 -36.8551 -0.2052 -118.8456,
		 -36.8455 -0.2486 -118.8159,
		 -36.8493 -0.2486 -118.6181,
		 -36.8587 -0.2052 -118.7533,
		 -36.7997 -0.2469 -131.4003,
		 -36.7902 -0.2469 -133.9734,
		 -36.7997 -0.2469 -131.4003,
		 -36.7365 -0.5250 -131.6050,
		 -36.8661 -0.1300 -120.4375,
		 -36.8641 -0.1300 -120.9876,
		 -36.8661 -0.1300 -120.4375,
		 -36.8502 -0.1913 -121.0287,
		 -36.7509 -0.6286 -121.3219,
		 -36.7404 -0.6755 -121.3296,
		 -36.7352 -0.7447 -118.5030,
		 -36.7353 -0.7447 -118.4762,
		 -36.7352 -0.7447 -118.5030,
		 -36.7468 -0.6929 -118.5117,
		 -36.8439 -0.2556 -118.8111,
		 -36.8648 -0.1528 -119.3985,
		 -36.8399 -0.1027 -129.2589,
		 -36.8324 -0.1027 -131.2941,
		 -36.8158 -0.1757 -131.3478,
		 -36.7254 -0.5737 -131.6409,
		 -36.7114 -0.6820 -128.8223,
		 -36.7115 -0.6820 -128.7915,
		 -36.7114 -0.6820 -128.8223,
		 -36.7127 -0.6767 -128.7954,
		 -36.8205 -0.1906 -129.1526,
		 -36.8399 -0.1027 -129.2589,
		 -36.7689 0.8415 -117.4284,
		 -30.2537 0.8415 -117.4284,
		 -36.7689 0.6016 -117.4328,
		 -36.4134 0.8415 -117.4284,
		 -36.6673 0.6016 -117.4328,
		 -36.7689 0.0744 -117.4425,
		 -36.6673 0.0744 -117.4425,
		 -36.7202 -0.8365 -117.4593,
		 -36.7689 0.0744 -117.4425,
		 -30.2537 0.0744 -117.4425,
		 -30.3024 -0.8365 -117.4593,
		 -36.6658 -1.0761 -117.4638,
		 -36.7202 -0.8365 -117.4593,
		 -34.8387 -0.8365 -117.4593,
		 -34.8387 -1.0761 -117.4638,
		 -30.3568 -1.0761 -117.4638,
		 -36.6658 -1.0761 -117.4638,
		 -30.3024 -0.8365 -117.4593,
		 -31.9435 -1.0761 -117.4638,
		 -31.9435 -0.8365 -117.4593,
		 -30.2537 0.5538 -117.4337,
		 -30.3181 0.0744 -117.4425,
		 -30.3181 0.5538 -117.4337,
		 -30.2537 0.8413 -117.4284,
		 -30.5213 0.8413 -117.4284,
		 -30.2537 0.8415 -117.4284,
		 -36.4521 0.8049 -117.4291,
		 -30.4955 0.8049 -117.4291,
		 -36.5405 0.7215 -117.4306,
		 -36.3748 0.8049 -117.4291,
		 -36.4387 0.7215 -117.4306,
		 -36.4640 0.6016 -117.4328,
		 -36.6673 0.4818 -117.4350,
		 -36.4387 0.4818 -117.4350,
		 -36.6673 0.3984 -117.4366,
		 -36.3748 0.3984 -117.4366,
		 -36.6673 0.3380 -117.4377,
		 -36.2610 0.3380 -117.4377,
		 -36.6673 0.3141 -117.4381,
		 -36.1594 0.3141 -117.4381,
		 -30.3181 0.3141 -117.4381,
		 -36.6673 0.3141 -117.4381,
		 -36.0324 0.3380 -117.4377,
		 -35.5753 0.3380 -117.4377,
		 -35.4737 0.3141 -117.4381,
		 -35.3467 0.3380 -117.4377,
		 -31.5879 0.3380 -117.4377,
		 -31.4864 0.3141 -117.4381,
		 -31.3594 0.3380 -117.4377,
		 -30.9022 0.3380 -117.4377,
		 -30.8007 0.3141 -117.4381,
		 -30.3181 0.3380 -117.4377,
		 -30.6737 0.3380 -117.4377,
		 -35.9440 0.3984 -117.4366,
		 -35.6891 0.3984 -117.4366,
		 -35.5753 0.3380 -117.4377,
		 -35.3467 0.3380 -117.4377,
		 -35.2583 0.3984 -117.4366,
		 -31.7018 0.3984 -117.4366,
		 -31.5879 0.3380 -117.4377,
		 -31.3594 0.3380 -117.4377,
		 -31.2710 0.3984 -117.4366,
		 -31.0161 0.3984 -117.4366,
		 -30.9022 0.3380 -117.4377,
		 -30.3181 0.3380 -117.4377,
		 -30.3181 0.3380 -117.4377,
		 -30.6736 0.3380 -117.4377,
		 -30.3181 0.3984 -117.4366,
		 -30.5853 0.3984 -117.4366,
		 -35.8800 0.4818 -117.4350,
		 -35.7530 0.4818 -117.4350,
		 -35.6891 0.3984 -117.4366,
		 -35.2583 0.3984 -117.4366,
		 -35.1943 0.4818 -117.4350,
		 -31.7657 0.4818 -117.4350,
		 -31.7018 0.3984 -117.4366,
		 -31.2710 0.3984 -117.4366,
		 -31.2070 0.4818 -117.4350,
		 -31.0800 0.4818 -117.4350,
		 -31.0161 0.3984 -117.4366,
		 -30.3181 0.3984 -117.4366,
		 -30.3181 0.3984 -117.4366,
		 -30.5853 0.3984 -117.4366,
		 -30.3181 0.4818 -117.4350,
		 -30.5213 0.4818 -117.4350,
		 -35.8548 0.6016 -117.4328,
		 -35.7783 0.6016 -117.4328,
		 -35.7530 0.4818 -117.4350,
		 -35.1943 0.4818 -117.4350,
		 -35.1691 0.6016 -117.4328,
		 -31.7910 0.6016 -117.4328,
		 -31.7657 0.4818 -117.4350,
		 -31.2070 0.4818 -117.4350,
		 -31.1818 0.6016 -117.4328,
		 -31.1053 0.6016 -117.4328,
		 -31.0800 0.4818 -117.4350,
		 -30.3181 0.4818 -117.4350,
		 -30.3181 0.4818 -117.4350,
		 -30.5213 0.4818 -117.4350,
		 -30.3519 0.6016 -117.4328,
		 -30.4960 0.6016 -117.4328,
		 -35.8800 0.7215 -117.4306,
		 -35.7530 0.7215 -117.4306,
		 -35.7783 0.6016 -117.4328,
		 -35.1691 0.6016 -117.4328,
		 -35.1943 0.7215 -117.4306,
		 -31.7657 0.7215 -117.4306,
		 -31.7910 0.6016 -117.4328,
		 -31.1818 0.6016 -117.4328,
		 -31.2070 0.7215 -117.4306,
		 -31.0800 0.7215 -117.4306,
		 -31.1053 0.6016 -117.4328,
		 -30.3519 0.6016 -117.4328,
		 -30.3519 0.6016 -117.4328,
		 -30.4960 0.6016 -117.4328,
		 -30.4366 0.7215 -117.4306,
		 -30.5213 0.7215 -117.4306,
		 -35.9440 0.8049 -117.4291,
		 -35.6891 0.8049 -117.4291,
		 -35.7530 0.7215 -117.4306,
		 -35.1943 0.7215 -117.4306,
		 -35.2583 0.8049 -117.4291,
		 -31.7018 0.8049 -117.4291,
		 -31.7657 0.7215 -117.4306,
		 -31.2070 0.7215 -117.4306,
		 -31.2710 0.8049 -117.4291,
		 -31.0161 0.8049 -117.4291,
		 -31.0800 0.7215 -117.4306,
		 -30.4366 0.7215 -117.4306,
		 -30.4366 0.7215 -117.4306,
		 -30.5213 0.7215 -117.4306,
		 -30.4955 0.8049 -117.4291,
		 -30.5853 0.8049 -117.4291,
		 -36.3836 0.7935 -117.4293,
		 -35.9353 0.7935 -117.4293,
		 -36.4640 0.6017 -117.4328,
		 -36.3836 0.7935 -117.4293,
		 -36.3372 0.7935 -117.4293,
		 -36.4134 0.6017 -117.4328,
		 -36.4489 0.5298 -117.4342,
		 -36.3880 0.5298 -117.4342,
		 -36.1595 0.6256 -117.4324,
		 -35.9816 0.7935 -117.4293,
		 -35.9353 0.7935 -117.4293,
		 -35.8598 0.6256 -117.4324,
		 -35.8548 0.6017 -117.4328,
		 -35.8699 0.5298 -117.4342,
		 -36.2610 0.5298 -117.4342,
		 -36.1848 0.6017 -117.4328,
		 -35.8598 0.6256 -117.4324,
		 -36.1086 0.6017 -117.4328,
		 -36.1086 0.6256 -117.4324,
		 -36.4021 0.4340 -117.4359,
		 -36.3880 0.5298 -117.4342,
		 -36.3372 0.4340 -117.4359,
		 -36.3064 0.3620 -117.4372,
		 -36.1594 0.3620 -117.4372,
		 -35.9972 0.3620 -117.4372,
		 -36.3064 0.3620 -117.4372,
		 -35.9167 0.4340 -117.4359,
		 -35.9816 0.4340 -117.4359,
		 -35.8699 0.5298 -117.4342,
		 -35.9308 0.5298 -117.4342,
		 -36.3943 0.6497 -117.4319,
		 -36.1340 0.6497 -117.4319,
		 -36.2356 0.6497 -117.4319,
		 -36.4049 0.5778 -117.4333,
		 -36.2356 0.5778 -117.4333,
		 -36.2102 0.5778 -117.4333,
		 -36.3880 0.5298 -117.4342,
		 -36.4049 0.5778 -117.4333,
		 -36.2356 0.6256 -117.4324,
		 -36.1340 0.6497 -117.4319,
		 -36.1595 0.6256 -117.4324,
		 -36.2356 0.6017 -117.4328,
		 -36.2102 0.6256 -117.4324,
		 -36.2102 0.6017 -117.4328,
		 -36.1848 0.6017 -117.4328,
		 -36.2356 0.6017 -117.4328,
		 -36.4134 0.6017 -117.4328,
		 -35.6978 0.7935 -117.4293,
		 -35.2495 0.7935 -117.4293,
		 -35.7783 0.6017 -117.4328,
		 -35.6978 0.7935 -117.4293,
		 -35.6514 0.7935 -117.4293,
		 -35.7276 0.6017 -117.4328,
		 -35.7632 0.5298 -117.4342,
		 -35.7022 0.5298 -117.4342,
		 -35.4738 0.6256 -117.4324,
		 -35.2959 0.7935 -117.4293,
		 -35.2495 0.7935 -117.4293,
		 -35.1741 0.6256 -117.4324,
		 -35.1691 0.6017 -117.4328,
		 -35.1842 0.5298 -117.4342,
		 -35.5752 0.5298 -117.4342,
		 -35.4991 0.6017 -117.4328,
		 -35.1741 0.6256 -117.4324,
		 -35.4229 0.6017 -117.4328,
		 -35.4229 0.6256 -117.4324,
		 -35.7164 0.4340 -117.4359,
		 -35.7022 0.5298 -117.4342,
		 -35.6514 0.4340 -117.4359,
		 -35.6206 0.3620 -117.4372,
		 -35.4737 0.3620 -117.4372,
		 -35.3115 0.3620 -117.4372,
		 -35.6206 0.3620 -117.4372,
		 -35.2310 0.4340 -117.4359,
		 -35.2959 0.4340 -117.4359,
		 -35.1842 0.5298 -117.4342,
		 -35.2451 0.5298 -117.4342,
		 -35.7086 0.6497 -117.4319,
		 -35.4483 0.6497 -117.4319,
		 -35.5499 0.6497 -117.4319,
		 -35.7192 0.5778 -117.4333,
		 -35.5499 0.5778 -117.4333,
		 -35.5245 0.5778 -117.4333,
		 -35.7192 0.5778 -117.4333,
		 -35.5499 0.6256 -117.4324,
		 -35.4483 0.6497 -117.4319,
		 -35.4738 0.6256 -117.4324,
		 -35.5499 0.6017 -117.4328,
		 -35.5245 0.6256 -117.4324,
		 -35.5245 0.6017 -117.4328,
		 -35.4991 0.6017 -117.4328,
		 -35.5499 0.6017 -117.4328,
		 -35.7276 0.6017 -117.4328,
		 -31.7105 0.7935 -117.4293,
		 -31.2622 0.7935 -117.4293,
		 -31.7910 0.6017 -117.4328,
		 -31.7105 0.7935 -117.4293,
		 -31.6641 0.7935 -117.4293,
		 -31.7403 0.6017 -117.4328,
		 -31.7758 0.5298 -117.4342,
		 -31.7149 0.5298 -117.4342,
		 -31.4865 0.6256 -117.4324,
		 -31.3086 0.7935 -117.4293,
		 -31.2622 0.7935 -117.4293,
		 -31.1868 0.6256 -117.4324,
		 -31.1818 0.6017 -117.4328,
		 -31.1969 0.5298 -117.4342,
		 -31.5879 0.5298 -117.4342,
		 -31.5117 0.6017 -117.4328,
		 -31.1868 0.6256 -117.4324,
		 -31.4355 0.6017 -117.4328,
		 -31.4355 0.6256 -117.4324,
		 -31.7291 0.4340 -117.4359,
		 -31.7149 0.5298 -117.4342,
		 -31.6641 0.4340 -117.4359,
		 -31.6333 0.3620 -117.4372,
		 -31.4863 0.3620 -117.4372,
		 -31.3241 0.3620 -117.4372,
		 -31.6333 0.3620 -117.4372,
		 -31.2437 0.4340 -117.4359,
		 -31.3086 0.4340 -117.4359,
		 -31.1969 0.5298 -117.4342,
		 -31.2578 0.5298 -117.4342,
		 -31.7213 0.6497 -117.4319,
		 -31.4610 0.6497 -117.4319,
		 -31.5625 0.6497 -117.4319,
		 -31.7318 0.5778 -117.4333,
		 -31.5625 0.5778 -117.4333,
		 -31.5371 0.5778 -117.4333,
		 -31.7318 0.5778 -117.4333,
		 -31.5625 0.6256 -117.4324,
		 -31.4610 0.6497 -117.4319,
		 -31.4865 0.6256 -117.4324,
		 -31.5625 0.6017 -117.4328,
		 -31.5371 0.6256 -117.4324,
		 -31.5371 0.6017 -117.4328,
		 -31.5117 0.6017 -117.4328,
		 -31.5625 0.6017 -117.4328,
		 -31.7403 0.6017 -117.4328,
		 -31.0248 0.7935 -117.4293,
		 -31.0161 0.8049 -117.4291,
		 -30.5853 0.8049 -117.4291,
		 -30.5765 0.7935 -117.4293,
		 -31.1053 0.6017 -117.4328,
		 -31.0800 0.7215 -117.4306,
		 -31.0248 0.7935 -117.4293,
		 -30.9784 0.7935 -117.4293,
		 -31.0546 0.6017 -117.4328,
		 -31.0901 0.5298 -117.4342,
		 -31.1053 0.6016 -117.4328,
		 -31.0292 0.5298 -117.4342,
		 -30.8007 0.6256 -117.4324,
		 -30.6228 0.7935 -117.4293,
		 -30.5765 0.7935 -117.4293,
		 -30.5011 0.6256 -117.4324,
		 -30.4961 0.6017 -117.4328,
		 -30.5111 0.5298 -117.4342,
		 -30.9022 0.5298 -117.4342,
		 -30.8260 0.6017 -117.4328,
		 -30.5011 0.6256 -117.4324,
		 -30.7498 0.6017 -117.4328,
		 -30.7498 0.6256 -117.4324,
		 -31.0433 0.4340 -117.4359,
		 -31.0800 0.4818 -117.4350,
		 -31.0292 0.5298 -117.4342,
		 -30.9784 0.4340 -117.4359,
		 -30.9476 0.3620 -117.4372,
		 -31.0161 0.3984 -117.4366,
		 -30.8006 0.3620 -117.4372,
		 -30.6384 0.3620 -117.4372,
		 -30.9022 0.3380 -117.4377,
		 -30.9476 0.3620 -117.4372,
		 -30.5580 0.4340 -117.4359,
		 -30.6228 0.4340 -117.4359,
		 -30.5111 0.5298 -117.4342,
		 -30.5721 0.5298 -117.4342,
		 -31.0356 0.6497 -117.4319,
		 -30.7752 0.6497 -117.4319,
		 -30.8768 0.6497 -117.4319,
		 -31.0461 0.5778 -117.4333,
		 -30.8768 0.5778 -117.4333,
		 -30.8514 0.5778 -117.4333,
		 -31.0461 0.5778 -117.4333,
		 -30.8768 0.6256 -117.4324,
		 -30.7752 0.6497 -117.4319,
		 -30.8007 0.6256 -117.4324,
		 -30.8768 0.6017 -117.4328,
		 -30.8514 0.6256 -117.4324,
		 -30.8514 0.6017 -117.4328,
		 -30.8260 0.6017 -117.4328,
		 -30.8768 0.6017 -117.4328,
		 -31.0546 0.6017 -117.4328,
		 -30.2537 0.8415 -117.4284,
		 -36.7689 0.8415 -117.4284,
		 -36.7689 0.6016 -117.4328,
		 -36.7689 0.0744 -117.4425,
		 -30.3024 -0.8365 -117.4593,
		 -30.2537 0.0744 -117.4425,
		 -36.7689 0.0744 -117.4425,
		 -36.7202 -0.8365 -117.4593,
		 -36.7202 -0.8365 -117.4593,
		 -36.6658 -1.0761 -117.4638,
		 -36.6658 -1.0761 -117.4638,
		 -30.3568 -1.0761 -117.4638,
		 -30.3024 -0.8365 -117.4593,
		 -30.2537 0.5538 -117.4337,
		 -30.2537 0.8413 -117.4284,
		 -30.2537 0.8415 -117.4284,
		 -30.4955 0.8049 -117.4291,
		 -36.4521 0.8049 -117.4291,
		 -36.5405 0.7215 -117.4306,
		 -36.6673 0.4818 -117.4350,
		 -36.6673 0.3984 -117.4366,
		 -36.6673 0.3380 -117.4377,
		 -36.6673 0.3141 -117.4381,
		 -36.6673 0.3141 -117.4381,
		 -30.3181 0.3141 -117.4381,
		 -35.3467 0.3380 -117.4377,
		 -30.9022 0.3380 -117.4377,
		 -31.3594 0.3380 -117.4377,
		 -30.6737 0.3380 -117.4377,
		 -30.3181 0.3380 -117.4377,
		 -35.5753 0.3380 -117.4377,
		 -31.5879 0.3380 -117.4377,
		 -35.2583 0.3984 -117.4366,
		 -30.9022 0.3380 -117.4377,
		 -31.0161 0.3984 -117.4366,
		 -31.2710 0.3984 -117.4366,
		 -30.3181 0.3380 -117.4377,
		 -30.3181 0.3380 -117.4377,
		 -30.5853 0.3984 -117.4366,
		 -30.3181 0.3984 -117.4366,
		 -35.6891 0.3984 -117.4366,
		 -31.7018 0.3984 -117.4366,
		 -35.1943 0.4818 -117.4350,
		 -31.0161 0.3984 -117.4366,
		 -31.0800 0.4818 -117.4350,
		 -31.2070 0.4818 -117.4350,
		 -30.3181 0.3984 -117.4366,
		 -30.3181 0.3984 -117.4366,
		 -30.5213 0.4818 -117.4350,
		 -30.3181 0.4818 -117.4350,
		 -35.7530 0.4818 -117.4350,
		 -31.7657 0.4818 -117.4350,
		 -35.1691 0.6016 -117.4328,
		 -31.0800 0.4818 -117.4350,
		 -31.1053 0.6016 -117.4328,
		 -31.1818 0.6016 -117.4328,
		 -30.3181 0.4818 -117.4350,
		 -30.3181 0.4818 -117.4350,
		 -30.4960 0.6016 -117.4328,
		 -30.3519 0.6016 -117.4328,
		 -35.7783 0.6016 -117.4328,
		 -31.7910 0.6016 -117.4328,
		 -35.1943 0.7215 -117.4306,
		 -31.1053 0.6016 -117.4328,
		 -31.0800 0.7215 -117.4306,
		 -31.2070 0.7215 -117.4306,
		 -30.3519 0.6016 -117.4328,
		 -30.3519 0.6016 -117.4328,
		 -30.5213 0.7215 -117.4306,
		 -30.4366 0.7215 -117.4306,
		 -35.7530 0.7215 -117.4306,
		 -31.7657 0.7215 -117.4306,
		 -31.0800 0.7215 -117.4306,
		 -31.0161 0.8049 -117.4291,
		 -30.4366 0.7215 -117.4306,
		 -30.4366 0.7215 -117.4306,
		 -30.5853 0.8049 -117.4291,
		 -30.4955 0.8049 -117.4291,
		 -35.9353 0.7935 -117.4293,
		 -36.3836 0.7935 -117.4293,
		 -36.3836 0.7935 -117.4293,
		 -36.4640 0.6017 -117.4328,
		 -36.3880 0.5298 -117.4342,
		 -36.4489 0.5298 -117.4342,
		 -35.8598 0.6256 -117.4324,
		 -35.9353 0.7935 -117.4293,
		 -36.1595 0.6256 -117.4324,
		 -36.1848 0.6017 -117.4328,
		 -35.8699 0.5298 -117.4342,
		 -35.8548 0.6017 -117.4328,
		 -35.8598 0.6256 -117.4324,
		 -36.4021 0.4340 -117.4359,
		 -36.3064 0.3620 -117.4372,
		 -36.3064 0.3620 -117.4372,
		 -35.9972 0.3620 -117.4372,
		 -35.9167 0.4340 -117.4359,
		 -35.8699 0.5298 -117.4342,
		 -36.1340 0.6497 -117.4319,
		 -36.3943 0.6497 -117.4319,
		 -36.4049 0.5778 -117.4333,
		 -36.4049 0.5778 -117.4333,
		 -36.2102 0.5778 -117.4333,
		 -36.1595 0.6256 -117.4324,
		 -36.1340 0.6497 -117.4319,
		 -36.2356 0.6256 -117.4324,
		 -36.2356 0.6017 -117.4328,
		 -36.2356 0.6017 -117.4328,
		 -36.1848 0.6017 -117.4328,
		 -35.2495 0.7935 -117.4293,
		 -35.6978 0.7935 -117.4293,
		 -35.6978 0.7935 -117.4293,
		 -35.7783 0.6017 -117.4328,
		 -35.7632 0.5298 -117.4342,
		 -35.1741 0.6256 -117.4324,
		 -35.2495 0.7935 -117.4293,
		 -35.4738 0.6256 -117.4324,
		 -35.4991 0.6017 -117.4328,
		 -35.1842 0.5298 -117.4342,
		 -35.1691 0.6017 -117.4328,
		 -35.1741 0.6256 -117.4324,
		 -35.7164 0.4340 -117.4359,
		 -35.6206 0.3620 -117.4372,
		 -35.6206 0.3620 -117.4372,
		 -35.3115 0.3620 -117.4372,
		 -35.2310 0.4340 -117.4359,
		 -35.1842 0.5298 -117.4342,
		 -35.4483 0.6497 -117.4319,
		 -35.7086 0.6497 -117.4319,
		 -35.7192 0.5778 -117.4333,
		 -35.7192 0.5778 -117.4333,
		 -35.5245 0.5778 -117.4333,
		 -35.4738 0.6256 -117.4324,
		 -35.4483 0.6497 -117.4319,
		 -35.5499 0.6256 -117.4324,
		 -35.5499 0.6017 -117.4328,
		 -35.5499 0.6017 -117.4328,
		 -35.4991 0.6017 -117.4328,
		 -31.2622 0.7935 -117.4293,
		 -31.7105 0.7935 -117.4293,
		 -31.7105 0.7935 -117.4293,
		 -31.7910 0.6017 -117.4328,
		 -31.7758 0.5298 -117.4342,
		 -31.1868 0.6256 -117.4324,
		 -31.2622 0.7935 -117.4293,
		 -31.4865 0.6256 -117.4324,
		 -31.5117 0.6017 -117.4328,
		 -31.1969 0.5298 -117.4342,
		 -31.1818 0.6017 -117.4328,
		 -31.1868 0.6256 -117.4324,
		 -31.7291 0.4340 -117.4359,
		 -31.6333 0.3620 -117.4372,
		 -31.6333 0.3620 -117.4372,
		 -31.3241 0.3620 -117.4372,
		 -31.2437 0.4340 -117.4359,
		 -31.1969 0.5298 -117.4342,
		 -31.4610 0.6497 -117.4319,
		 -31.7213 0.6497 -117.4319,
		 -31.7318 0.5778 -117.4333,
		 -31.7318 0.5778 -117.4333,
		 -31.5371 0.5778 -117.4333,
		 -31.4865 0.6256 -117.4324,
		 -31.4610 0.6497 -117.4319,
		 -31.5625 0.6256 -117.4324,
		 -31.5625 0.6017 -117.4328,
		 -31.5625 0.6017 -117.4328,
		 -31.5117 0.6017 -117.4328,
		 -30.5765 0.7935 -117.4293,
		 -31.0248 0.7935 -117.4293,
		 -31.0248 0.7935 -117.4293,
		 -31.1053 0.6017 -117.4328,
		 -31.0901 0.5298 -117.4342,
		 -30.5011 0.6256 -117.4324,
		 -30.5765 0.7935 -117.4293,
		 -30.8007 0.6256 -117.4324,
		 -30.8260 0.6017 -117.4328,
		 -30.5111 0.5298 -117.4342,
		 -30.4961 0.6017 -117.4328,
		 -30.5011 0.6256 -117.4324,
		 -31.0433 0.4340 -117.4359,
		 -30.9476 0.3620 -117.4372,
		 -30.9476 0.3620 -117.4372,
		 -30.6384 0.3620 -117.4372,
		 -30.5580 0.4340 -117.4359,
		 -30.5111 0.5298 -117.4342,
		 -30.7752 0.6497 -117.4319,
		 -31.0356 0.6497 -117.4319,
		 -31.0461 0.5778 -117.4333,
		 -31.0461 0.5778 -117.4333,
		 -30.8514 0.5778 -117.4333,
		 -30.8007 0.6256 -117.4324,
		 -30.7752 0.6497 -117.4319,
		 -30.8768 0.6256 -117.4324,
		 -30.8768 0.6017 -117.4328,
		 -30.8768 0.6017 -117.4328,
		 -30.8260 0.6017 -117.4328,
		 -30.1591 -0.1199 -118.8216,
		 -30.2537 -0.1199 -117.4461,
		 -30.2503 -0.1101 -117.4494,
		 -30.1591 -0.1199 -118.8216,
		 -30.2537 -0.1101 -117.4459,
		 -30.2505 0.0518 -117.4434,
		 -30.2537 0.0518 -117.4430,
		 -30.2505 0.0543 -117.4429,
		 -30.2374 0.0518 -117.6396,
		 -30.2537 0.0518 -117.4430,
		 -30.1593 0.1511 -118.8135,
		 -30.1631 0.1517 -118.7568,
		 -30.1591 0.1517 -118.8166,
		 -30.1591 0.1511 -118.8166,
		 -30.1591 0.0938 -118.8177,
		 -30.2374 0.0518 -117.6396,
		 -30.2255 0.0495 -117.8189,
		 -30.2510 0.1668 -117.4408,
		 -30.2505 0.1695 -117.4408,
		 -30.2369 0.1668 -117.6462,
		 -30.1631 0.1517 -118.7568,
		 -30.2505 0.1668 -117.4408,
		 -30.1591 0.1517 -118.8166,
		 -30.2537 0.2409 -117.4395,
		 -30.1591 0.2409 -118.8149,
		 -30.1591 0.2230 -118.8153,
		 -30.2505 0.2409 -117.4395,
		 -30.1588 0.2230 -118.8206,
		 -30.1589 0.1517 -118.8193,
		 -30.2509 0.1696 -117.4348,
		 -30.2507 0.2410 -117.4360,
		 -30.1590 0.0365 -118.8205,
		 -30.1589 -0.1200 -118.8257,
		 -30.2505 0.0365 -117.4439,
		 -30.2255 0.0495 -117.8189,
		 -30.1590 0.0365 -118.8205,
		 -30.2505 0.0495 -117.4434,
		 -30.2505 0.0495 -117.4434,
		 -30.2255 0.0495 -117.8189,
		 -30.2505 0.1668 -117.4407,
		 -30.1589 0.0365 -118.8218,
		 -30.2508 0.0544 -117.4380,
		 -30.2537 -0.1199 -117.4461,
		 -30.1591 -0.1199 -118.8216,
		 -30.2537 -0.1101 -117.4459,
		 -30.1591 -0.1199 -118.8216,
		 -30.2537 0.0518 -117.4430,
		 -30.2537 0.0518 -117.4430,
		 -30.2374 0.0518 -117.6396,
		 -30.2505 0.0543 -117.4429,
		 -30.1591 0.1511 -118.8166,
		 -30.1591 0.1517 -118.8166,
		 -30.1631 0.1517 -118.7568,
		 -30.1591 0.0938 -118.8177,
		 -30.2255 0.0495 -117.8189,
		 -30.2374 0.0518 -117.6396,
		 -30.2369 0.1668 -117.6462,
		 -30.2505 0.1695 -117.4408,
		 -30.2510 0.1668 -117.4408,
		 -30.1591 0.1517 -118.8166,
		 -30.2505 0.1668 -117.4408,
		 -30.1631 0.1517 -118.7568,
		 -30.1591 0.2409 -118.8149,
		 -30.2537 0.2409 -117.4395,
		 -30.2505 0.2409 -117.4395,
		 -30.1591 0.2230 -118.8153,
		 -30.2505 0.0365 -117.4439,
		 -30.1590 0.0365 -118.8205,
		 -30.2505 0.0495 -117.4434,
		 -30.1590 0.0365 -118.8205,
		 -30.2255 0.0495 -117.8189,
		 -30.2255 0.0495 -117.8189,
		 -30.2505 0.0495 -117.4434,
		 -36.8635 0.1695 -118.8163,
		 -36.7689 0.1695 -117.4408,
		 -36.8635 0.1559 -118.8165,
		 -36.7723 0.1695 -117.4434,
		 -36.8635 0.1219 -118.8171,
		 -36.8635 0.1265 -118.8171,
		 -36.8366 0.1265 -118.4129,
		 -36.8635 0.0074 -118.8193,
		 -36.8635 0.0600 -118.8183,
		 -36.8634 0.0074 -118.8173,
		 -36.7689 0.1265 -117.4416,
		 -36.7689 0.0074 -117.4438,
		 -36.7722 0.0074 -117.4443,
		 -36.7723 0.1265 -117.4450,
		 -36.8635 -0.0039 -118.8195,
		 -36.8635 0.0074 -118.8193,
		 -36.8634 0.0074 -118.8173,
		 -36.8633 -0.0039 -118.8171,
		 -36.8492 -0.0039 -118.6050,
		 -36.8635 -0.0060 -118.8195,
		 -36.8635 -0.0039 -118.8195,
		 -36.7723 0.0074 -117.4469,
		 -36.8635 -0.1674 -118.8225,
		 -36.8635 -0.1385 -118.8219,
		 -36.8634 -0.1674 -118.8214,
		 -36.7689 -0.1674 -117.4470,
		 -36.8635 -0.1674 -118.8225,
		 -36.7689 -0.1539 -117.4468,
		 -36.7723 -0.1539 -117.4488,
		 -36.7689 0.0074 -117.4438,
		 -36.7833 0.1376 -117.6093,
		 -36.7723 0.1391 -117.4440,
		 -36.7689 0.1391 -117.4414,
		 -36.7689 0.1376 -117.4414,
		 -36.8635 0.1265 -118.8171,
		 -36.7724 0.1376 -117.4451,
		 -36.8366 0.1265 -118.4129,
		 -36.7689 0.1376 -117.4414,
		 -36.7689 0.1265 -117.4416,
		 -36.7723 0.1265 -117.4450,
		 -36.7689 0.1695 -117.4408,
		 -36.8635 0.1265 -118.8171,
		 -36.8640 0.1559 -118.8237,
		 -36.8638 -0.0060 -118.8243,
		 -36.8636 0.1218 -118.8194,
		 -36.7689 0.1695 -117.4408,
		 -36.8635 0.1695 -118.8163,
		 -36.8635 0.1559 -118.8165,
		 -36.8366 0.1265 -118.4129,
		 -36.8635 0.1265 -118.8171,
		 -36.8635 0.1219 -118.8171,
		 -36.8634 0.0074 -118.8173,
		 -36.8635 0.0600 -118.8183,
		 -36.8635 0.0074 -118.8193,
		 -36.7723 0.1265 -117.4450,
		 -36.7689 0.0074 -117.4438,
		 -36.7689 0.1265 -117.4416,
		 -36.8634 0.0074 -118.8173,
		 -36.8635 0.0074 -118.8193,
		 -36.8635 -0.0039 -118.8195,
		 -36.8635 -0.0039 -118.8195,
		 -36.8635 -0.0060 -118.8195,
		 -36.8492 -0.0039 -118.6050,
		 -36.8635 -0.1385 -118.8219,
		 -36.8635 -0.1674 -118.8225,
		 -36.8635 -0.1674 -118.8225,
		 -36.7689 -0.1674 -117.4470,
		 -36.7689 -0.1539 -117.4468,
		 -36.7689 0.0074 -117.4438,
		 -36.7689 0.1376 -117.4414,
		 -36.7689 0.1391 -117.4414,
		 -36.7833 0.1376 -117.6093,
		 -36.8366 0.1265 -118.4129,
		 -36.8635 0.1265 -118.8171,
		 -36.7723 0.1265 -117.4450,
		 -36.7689 0.1265 -117.4416,
		 -36.7689 0.1376 -117.4414,
		 -36.7689 0.1695 -117.4408
		]
	} #Coordinate3
	Material {
		ambientColor      0.0108 0.0618 0.0902  #ambientColor
		diffuseColor      0.0431 0.2471 0.3608  #diffuseColor
		transparency      0.0000                #transparency
	} #Material

	IndexedFaceSet {
		coordIndex [ 
		 44, 6, 7, 0, 1, 45,-1,
		 46, 47, 45, 48,-1,
		 49, 46, 48, 50,-1,
		 51, 52, 53, 54,-1,
		 55, 56, 54, 57,-1,
		 58, 59, 60, 61,-1,
		 56, 58, 61, 62,-1,
		 63, 64, 65, 66,-1,
		 67, 68, 69,-1,
		 70, 71, 72, 73,-1,
		 74, 75, 76, 77,-1,
		 78, 79, 80,-1,
		 81, 82, 83, 84,-1,
		 85, 86, 87, 88,-1,
		 89, 90, 88, 91,-1,
		 92, 89, 91, 93,-1,
		 94, 95, 96, 97,-1,
		 98, 94, 97, 99,-1,
		 90, 98, 99, 100,-1,
		 101, 102, 103, 104,-1,
		 105, 106, 107, 108,-1,
		 109, 110, 111,-1,
		 112, 113, 114, 115,-1,
		 116, 117, 118, 119,-1,
		 120, 121, 122, 123,-1,
		 124, 125, 126, 127,-1,
		 128, 129, 130,-1,
		 131, 132, 133, 72,-1,
		 134, 135, 136, 137,-1,
		 138, 134, 137, 139,-1,
		 140, 141, 139, 142,-1,
		 143, 144, 145, 146,-1,
		 147, 148, 149, 150,-1,
		 151, 147, 150, 2, 152,-1,
		 153, 151, 152, 154,-1,
		 155, 3, 4, 156,-1,
		 157, 153, 156, 5, 158,-1,
		 159, 157, 158, 160,-1,
		 161, 162, 163, 164,-1,
		 165, 166, 167, 168,-1,
		 169, 170, 171, 172,-1,
		 173, 174, 175, 176,-1,
		 177, 178, 179, 180,-1,
		 181, 182, 183, 184,-1,
		 185, 186, 184,-1,
		]
	} #IndexedFaceSet
	Material {
		ambientColor      0.2500 0.0000 0.0000  #ambientColor
		diffuseColor      1.0000 0.0000 0.0000  #diffuseColor
		transparency      0.0000                #transparency
	} #Material

	IndexedFaceSet {
		coordIndex [ 
		 187, 188, 46, 189,-1,
		 190, 186, 191, 192,-1,
		 193, 194, 195, 196,-1,
		 197, 72, 198, 199,-1,
		 200, 201, 199, 134,-1,
		]
	} #IndexedFaceSet
	Material {
		ambientColor      0.2500 0.1500 0.0000  #ambientColor
		diffuseColor      1.0000 0.6000 0.0000  #diffuseColor
		transparency      0.0000                #transparency
	} #Material

	IndexedFaceSet {
		coordIndex [ 
		 202, 63, 52, 203,-1,
		 204, 119, 194, 205,-1,
		 206, 207, 208, 209,-1,
		 210, 83, 79, 211,-1,
		 212, 213, 214, 215,-1,
		 216, 143, 164, 217,-1,
		]
	} #IndexedFaceSet
	Material {
		ambientColor      0.2500 0.2500 0.2500  #ambientColor
		diffuseColor      1.0000 1.0000 1.0000  #diffuseColor
		transparency      0.0000                #transparency
	} #Material

	IndexedFaceSet {
		coordIndex [ 
		 58, 56, 218, 207,-1,
		 212, 180, 87, 213,-1,
		 98, 90, 89, 147, 151, 153, 157, 94,-1,
		]
	} #IndexedFaceSet
	Material {
		ambientColor      0.0108 0.0618 0.0902  #ambientColor
		diffuseColor      0.0431 0.2471 0.3608  #diffuseColor
		transparency      0.0000                #transparency
	} #Material

	IndexedFaceSet {
		coordIndex [ 
		 219, 1, 0, 7, 6, 220,-1,
		 221, 219, 222, 46,-1,
		 223, 221, 46, 224,-1,
		 225, 226, 52, 227,-1,
		 228, 225, 56, 229,-1,
		 230, 231, 232, 58,-1,
		 233, 230, 58, 56,-1,
		 234, 235, 236, 63,-1,
		 237, 238, 239,-1,
		 240, 72, 241, 242,-1,
		 243, 244, 245, 246,-1,
		 247, 79, 248,-1,
		 249, 83, 250, 251,-1,
		 252, 87, 253, 254,-1,
		 255, 252, 90, 89,-1,
		 256, 255, 89, 257,-1,
		 258, 259, 260, 94,-1,
		 261, 258, 94, 98,-1,
		 262, 261, 98, 90,-1,
		 263, 264, 265, 266,-1,
		 267, 268, 269, 270,-1,
		 271, 272, 273,-1,
		 274, 275, 276, 277,-1,
		 119, 278, 279, 280,-1,
		 281, 282, 283, 284,-1,
		 285, 286, 287, 288,-1,
		 289, 290, 291,-1,
		 72, 292, 293, 294,-1,
		 295, 296, 297, 134,-1,
		 298, 295, 134, 299,-1,
		 300, 298, 301, 302,-1,
		 303, 304, 305, 143,-1,
		 306, 307, 308, 147,-1,
		 309, 2, 306, 147, 151,-1,
		 310, 309, 151, 153,-1,
		 311, 4, 3, 312,-1,
		 313, 5, 311, 153, 157,-1,
		 314, 313, 157, 315,-1,
		 164, 316, 317, 318,-1,
		 319, 320, 321, 322,-1,
		 323, 324, 325, 326,-1,
		 327, 328, 329, 330,-1,
		 180, 331, 332, 333,-1,
		 334, 335, 336, 337,-1,
		 334, 186, 338,-1,
		]
	} #IndexedFaceSet
	Material {
		ambientColor      0.2500 0.0000 0.0000  #ambientColor
		diffuseColor      1.0000 0.0000 0.0000  #diffuseColor
		transparency      0.0000                #transparency
	} #Material

	IndexedFaceSet {
		coordIndex [ 
		 339, 46, 188, 340,-1,
		 341, 191, 186, 342,-1,
		 343, 344, 194, 345,-1,
		 346, 198, 72, 347,-1,
		 134, 346, 348, 349,-1,
		]
	} #IndexedFaceSet
	Material {
		ambientColor      0.2500 0.1500 0.0000  #ambientColor
		diffuseColor      1.0000 0.6000 0.0000  #diffuseColor
		transparency      0.0000                #transparency
	} #Material

	IndexedFaceSet {
		coordIndex [ 
		 350, 52, 63, 351,-1,
		 352, 194, 119, 353,-1,
		 354, 355, 207, 356,-1,
		 357, 79, 83, 358,-1,
		 359, 360, 213, 212,-1,
		 361, 164, 143, 362,-1,
		]
	} #IndexedFaceSet
	Material {
		ambientColor      0.2500 0.2500 0.2500  #ambientColor
		diffuseColor      1.0000 1.0000 1.0000  #diffuseColor
		transparency      0.0000                #transparency
	} #Material

	IndexedFaceSet {
		coordIndex [ 
		 207, 218, 56, 58,-1,
		 213, 87, 180, 212,-1,
		 94, 157, 153, 151, 147, 89, 90, 98,-1,
		]
	} #IndexedFaceSet
	Material {
		ambientColor      0.0108 0.0618 0.0902  #ambientColor
		diffuseColor      0.0431 0.2471 0.3608  #diffuseColor
		transparency      0.0000                #transparency
	} #Material

	IndexedFaceSet {
		coordIndex [ 
		 0, 7, 40, 41,-1,
		 41, 40, 7, 0,-1,
		 363, 41, 364,-1,
		 365, 366, 367,-1,
		 368, 369, 42, 370,-1,
		 371, 372, 373, 374,-1,
		 375, 376, 377, 0, 378,-1,
		 379, 380, 370, 381,-1,
		 382, 383, 384, 385,-1,
		 386, 387, 381, 388,-1,
		 389, 390, 391, 392,-1,
		 393, 394, 395,-1,
		 396, 391, 390, 26, 397,-1,
		 395, 398, 399, 400,-1,
		 401, 402, 403, 404,-1,
		 405, 406, 385,-1,
		 407, 401, 404, 408,-1,
		 409, 410, 408, 411,-1,
		 412, 413, 397, 414,-1,
		 415, 416, 417, 418,-1,
		 419, 420, 414, 421,-1,
		 422, 423, 424, 425,-1,
		 426, 427, 428,-1,
		 429, 430, 431, 27,-1,
		 432, 433, 434, 435,-1,
		 436, 437, 435, 438,-1,
		 439, 434, 433,-1,
		 440, 1, 441,-1,
		 442, 443, 441, 444,-1,
		 445, 442, 444, 446,-1,
		 447, 448, 449,-1,
		 450, 451, 449, 452,-1,
		]
	} #IndexedFaceSet
	Material {
		ambientColor      0.0000 0.0000 0.0000  #ambientColor
		diffuseColor      0.0000 0.0000 0.0000  #diffuseColor
		transparency      0.0000                #transparency
	} #Material

	IndexedFaceSet {
		coordIndex [ 
		 453, 454, 455,-1,
		 456, 457, 455, 458,-1,
		]
	} #IndexedFaceSet
	Material {
		ambientColor      0.0000 0.1696 0.2127  #ambientColor
		diffuseColor      0.0000 0.6784 0.8510  #diffuseColor
		transparency      0.0000                #transparency
	} #Material

	IndexedFaceSet {
		coordIndex [ 
		 459, 385, 460,-1,
		 461, 462, 460, 463,-1,
		 464, 461, 463, 465,-1,
		 466, 464, 465, 434, 467,-1,
		 468, 469, 470, 471,-1,
		 472, 466, 471, 442, 473,-1,
		 474, 472, 473, 475,-1,
		 476, 474, 475, 401,-1,
		]
	} #IndexedFaceSet
	Material {
		ambientColor      0.0000 0.0000 0.0000  #ambientColor
		diffuseColor      0.0000 0.0000 0.0000  #diffuseColor
		transparency      0.0000                #transparency
	} #Material

	IndexedFaceSet {
		coordIndex [ 
		 477, 461, 464, 466, 472, 474, 478,-1,
		]
	} #IndexedFaceSet
	Material {
		ambientColor      0.0000 0.1696 0.2127  #ambientColor
		diffuseColor      0.0000 0.6784 0.8510  #diffuseColor
		transparency      0.0000                #transparency
	} #Material

	IndexedFaceSet {
		coordIndex [ 
		 479, 395, 480,-1,
		 481, 482, 391, 483,-1,
		 484, 481, 483, 485,-1,
		 486, 484, 485, 487,-1,
		 488, 489, 490,-1,
		 491, 492, 490, 493,-1,
		 494, 491, 493, 495,-1,
		 496, 494, 495, 497,-1,
		]
	} #IndexedFaceSet
	Material {
		ambientColor      0.0000 0.0000 0.0000  #ambientColor
		diffuseColor      0.0000 0.0000 0.0000  #diffuseColor
		transparency      0.0000                #transparency
	} #Material

	IndexedFaceSet {
		coordIndex [ 
		 498, 481, 484, 499, 491, 494, 500,-1,
		]
	} #IndexedFaceSet
	Material {
		ambientColor      0.0108 0.0618 0.0902  #ambientColor
		diffuseColor      0.0431 0.2471 0.3608  #diffuseColor
		transparency      0.0000                #transparency
	} #Material

	IndexedFaceSet {
		coordIndex [ 
		 501, 41, 502,-1,
		 503, 504, 505,-1,
		 506, 42, 507, 508,-1,
		 509, 510, 511, 512,-1,
		 513, 0, 514, 515, 516,-1,
		 517, 506, 518, 519,-1,
		 385, 520, 521, 522,-1,
		 523, 517, 524, 525,-1,
		 526, 391, 527, 528,-1,
		 395, 529, 530,-1,
		 531, 26, 527, 391, 532,-1,
		 533, 534, 535, 395,-1,
		 536, 537, 538, 401,-1,
		 385, 539, 540,-1,
		 541, 536, 401, 542,-1,
		 543, 541, 544, 545,-1,
		 546, 531, 547, 548,-1,
		 549, 550, 551, 552,-1,
		 553, 546, 554, 555,-1,
		 556, 557, 558, 559,-1,
		 560, 561, 562,-1,
		 27, 563, 564, 565,-1,
		 566, 434, 567, 568,-1,
		 569, 566, 570, 571,-1,
		 567, 434, 572,-1,
		 573, 1, 574,-1,
		 575, 573, 576, 442,-1,
		 577, 575, 442, 578,-1,
		 579, 580, 581,-1,
		 582, 579, 583, 584,-1,
		]
	} #IndexedFaceSet
	Material {
		ambientColor      0.0000 0.0000 0.0000  #ambientColor
		diffuseColor      0.0000 0.0000 0.0000  #diffuseColor
		transparency      0.0000                #transparency
	} #Material

	IndexedFaceSet {
		coordIndex [ 
		 585, 454, 586,-1,
		 458, 585, 587, 588,-1,
		]
	} #IndexedFaceSet
	Material {
		ambientColor      0.0000 0.1696 0.2127  #ambientColor
		diffuseColor      0.0000 0.6784 0.8510  #diffuseColor
		transparency      0.0000                #transparency
	} #Material

	IndexedFaceSet {
		coordIndex [ 
		 589, 385, 590,-1,
		 591, 589, 592, 461,-1,
		 593, 591, 461, 464,-1,
		 594, 434, 593, 464, 466,-1,
		 595, 470, 469, 596,-1,
		 597, 442, 595, 466, 472,-1,
		 598, 597, 472, 474,-1,
		 401, 598, 474, 599,-1,
		]
	} #IndexedFaceSet
	Material {
		ambientColor      0.0000 0.0000 0.0000  #ambientColor
		diffuseColor      0.0000 0.0000 0.0000  #diffuseColor
		transparency      0.0000                #transparency
	} #Material

	IndexedFaceSet {
		coordIndex [ 
		 478, 474, 472, 466, 464, 461, 477,-1,
		]
	} #IndexedFaceSet
	Material {
		ambientColor      0.0000 0.1696 0.2127  #ambientColor
		diffuseColor      0.0000 0.6784 0.8510  #diffuseColor
		transparency      0.0000                #transparency
	} #Material

	IndexedFaceSet {
		coordIndex [ 
		 600, 395, 601,-1,
		 602, 391, 603, 481,-1,
		 604, 602, 481, 484,-1,
		 487, 604, 484, 605,-1,
		 606, 489, 607,-1,
		 608, 606, 609, 491,-1,
		 610, 608, 491, 494,-1,
		 611, 610, 494, 612,-1,
		]
	} #IndexedFaceSet
	Material {
		ambientColor      0.0000 0.0000 0.0000  #ambientColor
		diffuseColor      0.0000 0.0000 0.0000  #diffuseColor
		transparency      0.0000                #transparency
	} #Material

	IndexedFaceSet {
		coordIndex [ 
		 500, 494, 491, 499, 484, 481, 498,-1,
		]
	} #IndexedFaceSet
	Material {
		ambientColor      0.0108 0.0618 0.0902  #ambientColor
		diffuseColor      0.0431 0.2471 0.3608  #diffuseColor
		transparency      0.0000                #transparency
	} #Material

	IndexedFaceSet {
		coordIndex [ 
		 613, 614, 615,-1,
		 616, 617, 618, 619,-1,
		 620, 616, 619, 621,-1,
		 622, 623, 624, 625,-1,
		 626, 620, 625, 627,-1,
		 628, 629, 623, 28,-1,
		 629, 630, 631,-1,
		 632, 633, 634, 613,-1,
		 635, 636, 637, 638,-1,
		 639, 640, 641, 642,-1,
		 643, 644, 642, 634,-1,
		 645, 646, 647, 1,-1,
		 648, 649, 650, 651,-1,
		 652, 641, 640, 653,-1,
		]
	} #IndexedFaceSet
	Material {
		ambientColor      0.0000 0.1696 0.2127  #ambientColor
		diffuseColor      0.0000 0.6784 0.8510  #diffuseColor
		transparency      0.0000                #transparency
	} #Material

	IndexedFaceSet {
		coordIndex [ 
		 654, 655, 656,-1,
		 657, 658, 656, 659,-1,
		 660, 657, 659, 661,-1,
		 662, 613, 634, 663,-1,
		 664, 660, 663, 641, 665,-1,
		]
	} #IndexedFaceSet
	Material {
		ambientColor      0.2500 0.0000 0.0000  #ambientColor
		diffuseColor      1.0000 0.0000 0.0000  #diffuseColor
		transparency      0.0000                #transparency
	} #Material

	IndexedFaceSet {
		coordIndex [ 
		 666, 629, 667, 668,-1,
		]
	} #IndexedFaceSet
	Material {
		ambientColor      0.0000 0.0000 0.0000  #ambientColor
		diffuseColor      0.0000 0.0000 0.0000  #diffuseColor
		transparency      0.0000                #transparency
	} #Material

	IndexedFaceSet {
		coordIndex [ 
		 669, 657, 660, 664,-1,
		]
	} #IndexedFaceSet
	Material {
		ambientColor      0.0137 0.1265 0.1480  #ambientColor
		diffuseColor      0.0549 0.5059 0.5922  #diffuseColor
		transparency      0.0000                #transparency
	} #Material

	IndexedFaceSet {
		coordIndex [ 
		 670, 616, 620, 671,-1,
		]
	} #IndexedFaceSet
	Material {
		ambientColor      0.0108 0.0618 0.0902  #ambientColor
		diffuseColor      0.0431 0.2471 0.3608  #diffuseColor
		transparency      0.0000                #transparency
	} #Material

	IndexedFaceSet {
		coordIndex [ 
		 672, 673, 613,-1,
		 674, 675, 676, 616,-1,
		 677, 674, 616, 620,-1,
		 678, 679, 680, 681,-1,
		 682, 678, 620, 683,-1,
		 28, 680, 629, 684,-1,
		 685, 686, 629,-1,
		 613, 634, 687, 688,-1,
		 689, 690, 691, 692,-1,
		 693, 641, 694, 695,-1,
		 634, 693, 696, 697,-1,
		 1, 698, 699, 700,-1,
		 701, 702, 703, 704,-1,
		 705, 694, 641, 706,-1,
		]
	} #IndexedFaceSet
	Material {
		ambientColor      0.0000 0.1696 0.2127  #ambientColor
		diffuseColor      0.0000 0.6784 0.8510  #diffuseColor
		transparency      0.0000                #transparency
	} #Material

	IndexedFaceSet {
		coordIndex [ 
		 707, 655, 708,-1,
		 709, 707, 710, 657,-1,
		 711, 709, 657, 660,-1,
		 712, 634, 613, 713,-1,
		 714, 641, 712, 660, 664,-1,
		]
	} #IndexedFaceSet
	Material {
		ambientColor      0.2500 0.0000 0.0000  #ambientColor
		diffuseColor      1.0000 0.0000 0.0000  #diffuseColor
		transparency      0.0000                #transparency
	} #Material

	IndexedFaceSet {
		coordIndex [ 
		 668, 667, 629, 666,-1,
		]
	} #IndexedFaceSet
	Material {
		ambientColor      0.0000 0.0000 0.0000  #ambientColor
		diffuseColor      0.0000 0.0000 0.0000  #diffuseColor
		transparency      0.0000                #transparency
	} #Material

	IndexedFaceSet {
		coordIndex [ 
		 664, 660, 657, 669,-1,
		]
	} #IndexedFaceSet
	Material {
		ambientColor      0.0137 0.1265 0.1480  #ambientColor
		diffuseColor      0.0549 0.5059 0.5922  #diffuseColor
		transparency      0.0000                #transparency
	} #Material

	IndexedFaceSet {
		coordIndex [ 
		 671, 620, 616, 670,-1,
		]
	} #IndexedFaceSet
	Material {
		ambientColor      0.0108 0.0618 0.0902  #ambientColor
		diffuseColor      0.0431 0.2471 0.3608  #diffuseColor
		transparency      0.0000                #transparency
	} #Material

	IndexedFaceSet {
		coordIndex [ 
		 715, 2, 28, 29, 716,-1,
		 717, 718, 716, 21, 719,-1,
		 720, 717, 719, 721,-1,
		 722, 17, 3, 723,-1,
		 724, 720, 723, 725,-1,
		 718, 724, 725, 726,-1,
		]
	} #IndexedFaceSet
	Material {
		ambientColor      0.0000 0.0000 0.0000  #ambientColor
		diffuseColor      0.0000 0.0000 0.0000  #diffuseColor
		transparency      0.0000                #transparency
	} #Material

	IndexedFaceSet {
		coordIndex [ 
		 720, 724, 718, 717,-1,
		]
	} #IndexedFaceSet
	Material {
		ambientColor      0.0108 0.0618 0.0902  #ambientColor
		diffuseColor      0.0431 0.2471 0.3608  #diffuseColor
		transparency      0.0000                #transparency
	} #Material

	IndexedFaceSet {
		coordIndex [ 
		 727, 29, 28, 2, 728,-1,
		 729, 21, 727, 718, 717,-1,
		 730, 729, 717, 720,-1,
		 731, 3, 17, 732,-1,
		 733, 731, 720, 724,-1,
		 734, 733, 724, 718,-1,
		]
	} #IndexedFaceSet
	Material {
		ambientColor      0.0000 0.0000 0.0000  #ambientColor
		diffuseColor      0.0000 0.0000 0.0000  #diffuseColor
		transparency      0.0000                #transparency
	} #Material

	IndexedFaceSet {
		coordIndex [ 
		 717, 718, 724, 720,-1,
		]
	} #IndexedFaceSet
	Material {
		ambientColor      0.0108 0.0618 0.0902  #ambientColor
		diffuseColor      0.0431 0.2471 0.3608  #diffuseColor
		transparency      0.0000                #transparency
	} #Material

	IndexedFaceSet {
		coordIndex [ 
		 735, 17, 18, 736,-1,
		 737, 738, 736, 739,-1,
		 740, 737, 739, 741,-1,
		 742, 740, 741, 743,-1,
		 744, 742, 743, 745,-1,
		 746, 4, 3, 747,-1,
		 748, 749, 750, 751,-1,
		 752, 748, 751, 753,-1,
		 738, 752, 753, 754,-1,
		 755, 18, 17, 756,-1,
		 757, 755, 738, 737,-1,
		 758, 757, 737, 740,-1,
		 759, 758, 740, 742,-1,
		 760, 759, 742, 744,-1,
		 761, 3, 4, 762,-1,
		 763, 764, 749, 748,-1,
		 765, 763, 748, 752,-1,
		 766, 765, 752, 738,-1,
		 767, 4, 18, 768,-1,
		 769, 767, 770, 771,-1,
		 772, 769, 771, 773,-1,
		 774, 31, 32, 5, 775,-1,
		 776, 23, 774, 773, 777,-1,
		 778, 776, 777, 770,-1,
		]
	} #IndexedFaceSet
	Material {
		ambientColor      0.0000 0.0000 0.0000  #ambientColor
		diffuseColor      0.0000 0.0000 0.0000  #diffuseColor
		transparency      0.0000                #transparency
	} #Material

	IndexedFaceSet {
		coordIndex [ 
		 777, 773, 771, 770,-1,
		]
	} #IndexedFaceSet
	Material {
		ambientColor      0.0108 0.0618 0.0902  #ambientColor
		diffuseColor      0.0431 0.2471 0.3608  #diffuseColor
		transparency      0.0000                #transparency
	} #Material

	IndexedFaceSet {
		coordIndex [ 
		 779, 18, 4, 780,-1,
		 771, 770, 780, 781,-1,
		 773, 771, 781, 782,-1,
		 783, 5, 32, 31, 784,-1,
		 777, 773, 784, 23, 785,-1,
		 770, 777, 785, 786,-1,
		]
	} #IndexedFaceSet
	Material {
		ambientColor      0.0000 0.0000 0.0000  #ambientColor
		diffuseColor      0.0000 0.0000 0.0000  #diffuseColor
		transparency      0.0000                #transparency
	} #Material

	IndexedFaceSet {
		coordIndex [ 
		 770, 771, 773, 777,-1,
		]
	} #IndexedFaceSet
	Material {
		ambientColor      0.0108 0.0618 0.0902  #ambientColor
		diffuseColor      0.0431 0.2471 0.3608  #diffuseColor
		transparency      0.0000                #transparency
	} #Material

	IndexedFaceSet {
		coordIndex [ 
		 787, 788, 789,-1,
		 790, 791, 792, 793,-1,
		 794, 32, 790, 789,-1,
		 795, 6, 792, 796,-1,
		 797, 798, 799,-1,
		 800, 797, 799, 796,-1,
		]
	} #IndexedFaceSet
	Material {
		ambientColor      0.0000 0.1696 0.2127  #ambientColor
		diffuseColor      0.0000 0.6784 0.8510  #diffuseColor
		transparency      0.0000                #transparency
	} #Material

	IndexedFaceSet {
		coordIndex [ 
		 801, 796, 799, 802,-1,
		]
	} #IndexedFaceSet
	Material {
		ambientColor      0.2500 0.0000 0.0000  #ambientColor
		diffuseColor      1.0000 0.0000 0.0000  #diffuseColor
		transparency      0.0000                #transparency
	} #Material

	IndexedFaceSet {
		coordIndex [ 
		 803, 804, 789, 805,-1,
		]
	} #IndexedFaceSet
	Material {
		ambientColor      0.0108 0.0618 0.0902  #ambientColor
		diffuseColor      0.0431 0.2471 0.3608  #diffuseColor
		transparency      0.0000                #transparency
	} #Material

	IndexedFaceSet {
		coordIndex [ 
		 789, 806, 807,-1,
		 808, 809, 810, 811,-1,
		 789, 811, 32, 812,-1,
		 796, 809, 6, 813,-1,
		 799, 814, 815,-1,
		 796, 799, 815, 816,-1,
		]
	} #IndexedFaceSet
	Material {
		ambientColor      0.0000 0.1696 0.2127  #ambientColor
		diffuseColor      0.0000 0.6784 0.8510  #diffuseColor
		transparency      0.0000                #transparency
	} #Material

	IndexedFaceSet {
		coordIndex [ 
		 802, 799, 796, 801,-1,
		]
	} #IndexedFaceSet
	Material {
		ambientColor      0.2500 0.0000 0.0000  #ambientColor
		diffuseColor      1.0000 0.0000 0.0000  #diffuseColor
		transparency      0.0000                #transparency
	} #Material

	IndexedFaceSet {
		coordIndex [ 
		 805, 789, 804, 803,-1,
		]
	} #IndexedFaceSet
	Material {
		ambientColor      0.0108 0.0618 0.0902  #ambientColor
		diffuseColor      0.0431 0.2471 0.3608  #diffuseColor
		transparency      0.0000                #transparency
	} #Material

	IndexedFaceSet {
		coordIndex [ 
		 817, 6, 818,-1,
		 819, 817, 820, 821,-1,
		 822, 819, 821, 823,-1,
		 824, 825, 826, 827,-1,
		 828, 824, 827,-1,
		 829, 822, 830, 831,-1,
		 832, 833, 834, 835,-1,
		 836, 33, 837, 838,-1,
		 839, 840, 841,-1,
		 842, 839, 843, 844,-1,
		 845, 846, 847, 848,-1,
		 849, 845, 850, 851,-1,
		 852, 849, 851, 853,-1,
		 854, 852, 855, 856,-1,
		 857, 858, 859, 860,-1,
		 861, 862, 863, 864,-1,
		 865, 866, 867,-1,
		 868, 869, 870, 871,-1,
		 872, 873, 874, 875,-1,
		 876, 877, 878,-1,
		 879, 880, 858, 881,-1,
		 882, 879, 883, 884,-1,
		 885, 886, 887, 888,-1,
		 889, 885, 888, 890,-1,
		 891, 40, 7, 892,-1,
		 893, 894, 895, 896,-1,
		 897, 893, 896, 898,-1,
		 899, 891, 890, 900,-1,
		 901, 43, 902, 903,-1,
		 904, 34, 901, 905, 906,-1,
		 907, 908, 909, 910,-1,
		 911, 912, 913, 914,-1,
		 915, 916, 917,-1,
		 918, 919, 920, 921,-1,
		 922, 923, 924, 925,-1,
		]
	} #IndexedFaceSet
	Material {
		ambientColor      0.0000 0.0000 0.0000  #ambientColor
		diffuseColor      0.0000 0.0000 0.0000  #diffuseColor
		transparency      0.0000                #transparency
	} #Material

	IndexedFaceSet {
		coordIndex [ 
		 926, 927, 928,-1,
		 929, 930, 926, 931,-1,
		]
	} #IndexedFaceSet
	Material {
		ambientColor      0.0000 0.1696 0.2127  #ambientColor
		diffuseColor      0.0000 0.6784 0.8510  #diffuseColor
		transparency      0.0000                #transparency
	} #Material

	IndexedFaceSet {
		coordIndex [ 
		 932, 933, 934,-1,
		 935, 932, 936, 937,-1,
		 938, 935, 937, 939,-1,
		 940, 858, 938, 939,-1,
		 941, 905, 942,-1,
		 943, 941, 944, 945,-1,
		 946, 943, 945, 947,-1,
		 948, 949, 946, 947,-1,
		 950, 821, 951, 952, 953,-1,
		 954, 950, 955, 956,-1,
		 957, 954, 956,-1,
		 958, 882, 959,-1,
		 960, 958, 961, 962,-1,
		 963, 960, 962, 964,-1,
		 965, 827, 963, 964, 955,-1,
		]
	} #IndexedFaceSet
	Material {
		ambientColor      0.0000 0.0000 0.0000  #ambientColor
		diffuseColor      0.0000 0.0000 0.0000  #diffuseColor
		transparency      0.0000                #transparency
	} #Material

	IndexedFaceSet {
		coordIndex [ 
		 888, 851, 956, 955, 964, 962, 890,-1,
		 896, 939, 937, 966, 947, 945, 967,-1,
		]
	} #IndexedFaceSet
	Material {
		ambientColor      0.0108 0.0618 0.0902  #ambientColor
		diffuseColor      0.0431 0.2471 0.3608  #diffuseColor
		transparency      0.0000                #transparency
	} #Material

	IndexedFaceSet {
		coordIndex [ 
		 968, 6, 969,-1,
		 821, 970, 969, 971,-1,
		 972, 821, 971, 973,-1,
		 827, 974, 975, 976,-1,
		 827, 976, 977,-1,
		 978, 979, 973, 980,-1,
		 981, 982, 983, 984,-1,
		 985, 986, 33, 987,-1,
		 988, 989, 990,-1,
		 991, 992, 990, 993,-1,
		 994, 995, 996, 997,-1,
		 851, 998, 997, 999,-1,
		 1000, 851, 999, 1001,-1,
		 1002, 1003, 1001, 1004,-1,
		 1005, 1006, 858, 1007,-1,
		 1008, 1009, 1010, 1011,-1,
		 1012, 1013, 1014,-1,
		 1015, 1016, 1017, 1018,-1,
		 1019, 1020, 1021, 1022,-1,
		 1023, 1024, 1025,-1,
		 1026, 858, 1027, 1028,-1,
		 1029, 1030, 1028, 882,-1,
		 888, 1031, 1032, 1033,-1,
		 890, 888, 1033, 1034,-1,
		 1035, 7, 40, 1036,-1,
		 896, 1037, 1038, 1039,-1,
		 1040, 896, 1039, 1041,-1,
		 1042, 890, 1036, 1043,-1,
		 1044, 1045, 43, 1046,-1,
		 1047, 905, 1046, 34, 1048,-1,
		 1049, 1050, 1051, 1052,-1,
		 1053, 1054, 1055, 1056,-1,
		 1057, 1058, 1059,-1,
		 1060, 1061, 1062, 1063,-1,
		 1064, 1065, 1066, 1067,-1,
		]
	} #IndexedFaceSet
	Material {
		ambientColor      0.0000 0.0000 0.0000  #ambientColor
		diffuseColor      0.0000 0.0000 0.0000  #diffuseColor
		transparency      0.0000                #transparency
	} #Material

	IndexedFaceSet {
		coordIndex [ 
		 1068, 927, 1069,-1,
		 1070, 1069, 930, 1071,-1,
		]
	} #IndexedFaceSet
	Material {
		ambientColor      0.0000 0.1696 0.2127  #ambientColor
		diffuseColor      0.0000 0.6784 0.8510  #diffuseColor
		transparency      0.0000                #transparency
	} #Material

	IndexedFaceSet {
		coordIndex [ 
		 1072, 933, 1073,-1,
		 937, 1074, 1073, 1075,-1,
		 939, 937, 1075, 1076,-1,
		 939, 1076, 858, 1077,-1,
		 1078, 905, 1079,-1,
		 945, 1080, 1079, 1081,-1,
		 947, 945, 1081, 1082,-1,
		 947, 1082, 949, 1083,-1,
		 1084, 952, 951, 821, 1085,-1,
		 956, 955, 1085, 1086,-1,
		 956, 1086, 1087,-1,
		 1088, 882, 1089,-1,
		 962, 1090, 1089, 1091,-1,
		 964, 962, 1091, 1092,-1,
		 955, 964, 1092, 827, 1093,-1,
		]
	} #IndexedFaceSet
	Material {
		ambientColor      0.0000 0.0000 0.0000  #ambientColor
		diffuseColor      0.0000 0.0000 0.0000  #diffuseColor
		transparency      0.0000                #transparency
	} #Material

	IndexedFaceSet {
		coordIndex [ 
		 890, 962, 964, 955, 956, 851, 888,-1,
		 967, 945, 947, 966, 937, 939, 896,-1,
		]
	} #IndexedFaceSet
	Material {
		ambientColor      0.0108 0.0618 0.0902  #ambientColor
		diffuseColor      0.0431 0.2471 0.3608  #diffuseColor
		transparency      0.0000                #transparency
	} #Material

	IndexedFaceSet {
		coordIndex [ 
		 1094, 35, 36, 37, 30, 1095,-1,
		 1096, 1094, 1097, 1098,-1,
		 1099, 1096, 1098, 1100,-1,
		 1101, 34, 1102, 1103, 26, 1104,-1,
		 1105, 1106, 1107, 1108,-1,
		 1109, 42, 43, 1110,-1,
		 1111, 1109, 1112, 1113,-1,
		 1114, 1103, 1115, 1116,-1,
		 1117, 1114, 1116, 1118,-1,
		 1119, 1117, 1118, 1097,-1,
		]
	} #IndexedFaceSet
	Material {
		ambientColor      0.0000 0.0000 0.0000  #ambientColor
		diffuseColor      0.0000 0.0000 0.0000  #diffuseColor
		transparency      0.0000                #transparency
	} #Material

	IndexedFaceSet {
		coordIndex [ 
		 1120, 1097, 1118, 1121,-1,
		 1122, 1120, 1123, 1124,-1,
		 1098, 1122, 1124, 1125,-1,
		 1126, 1098, 1125, 1127,-1,
		 1128, 1126, 1127, 1129,-1,
		 1130, 1128, 1129, 1131,-1,
		 1132, 1130, 1131, 1133,-1,
		 1134, 1115, 1100, 1135,-1,
		 1133, 1136, 1137, 1138,-1,
		 1138, 1139, 1140, 1141,-1,
		 1141, 1142, 1143, 1144,-1,
		 1145, 1134, 1144, 1146,-1,
		 1136, 1147, 1148, 1149,-1,
		 1150, 1151, 1152, 1153,-1,
		 1154, 1155, 1156, 1157,-1,
		 1158, 1159, 1157, 1160,-1,
		 1161, 1158, 1160, 1162,-1,
		 1147, 1163, 1164, 1165,-1,
		 1166, 1167, 1168, 1169,-1,
		 1170, 1171, 1172, 1173,-1,
		 1174, 1175, 1173, 1176,-1,
		 1177, 1174, 1176, 1178,-1,
		 1163, 1179, 1180, 1181,-1,
		 1182, 1183, 1184, 1185,-1,
		 1186, 1187, 1188, 1189,-1,
		 1190, 1191, 1189, 1192,-1,
		 1193, 1116, 1190, 1192, 1194,-1,
		 1179, 1195, 1196, 1197,-1,
		 1198, 1199, 1200, 1201,-1,
		 1202, 1203, 1204, 1205,-1,
		 1206, 1207, 1205, 1208,-1,
		 1209, 1206, 1208, 1210,-1,
		 1195, 1211, 1212, 1213,-1,
		 1214, 1215, 1216, 1217,-1,
		 1218, 1219, 1220, 1221,-1,
		 1222, 1223, 1221, 1224,-1,
		 1225, 1222, 1224, 1226,-1,
		]
	} #IndexedFaceSet
	Material {
		ambientColor      0.2500 0.2500 0.2500  #ambientColor
		diffuseColor      1.0000 1.0000 1.0000  #diffuseColor
		transparency      0.0000                #transparency
	} #Material

	IndexedFaceSet {
		coordIndex [ 
		 1227, 1123, 1211, 1228,-1,
		 1229, 1124, 1230, 1231, 1232,-1,
		 1233, 1125, 1229, 1232, 1234,-1,
		 1235, 1236, 1237, 1195, 1238,-1,
		 1239, 1179, 1240, 1241, 1242,-1,
		 1243, 1239, 1244, 1245,-1,
		 1246, 1127, 1233, 1247, 1248,-1,
		 1249, 1129, 1246, 1248, 1250,-1,
		 1251, 1136, 1133, 1131, 1252,-1,
		 1253, 1147, 1251, 1250, 1254,-1,
		 1255, 1163, 1253, 1254, 1256,-1,
		]
	} #IndexedFaceSet
	Material {
		ambientColor      0.0000 0.0000 0.0000  #ambientColor
		diffuseColor      0.0000 0.0000 0.0000  #diffuseColor
		transparency      0.0000                #transparency
	} #Material

	IndexedFaceSet {
		coordIndex [ 
		 1113, 1112, 1108, 1107,-1,
		]
	} #IndexedFaceSet
	Material {
		ambientColor      0.1794 0.2225 0.2500  #ambientColor
		diffuseColor      0.7176 0.8902 1.0000  #diffuseColor
		transparency      0.0000                #transparency
	} #Material

	IndexedFaceSet {
		coordIndex [ 
		 1250, 1248, 1247, 1256, 1254,-1,
		]
	} #IndexedFaceSet
	Material {
		ambientColor      0.1863 0.1863 0.1863  #ambientColor
		diffuseColor      0.7451 0.7451 0.7451  #diffuseColor
		transparency      0.0000                #transparency
	} #Material

	IndexedFaceSet {
		coordIndex [ 
		 1257, 1231, 1236, 1258,-1,
		 1232, 1257, 1259,-1,
		 1260, 1232, 1261,-1,
		 1262, 1241, 1263, 1264,-1,
		 1265, 1259, 1266, 1267,-1,
		 1268, 1265, 1269, 1270,-1,
		 1271, 1262, 1261, 1272,-1,
		]
	} #IndexedFaceSet
	Material {
		ambientColor      0.0059 0.0549 0.0637  #ambientColor
		diffuseColor      0.0235 0.2196 0.2549  #diffuseColor
		transparency      0.0000                #transparency
	} #Material

	IndexedFaceSet {
		coordIndex [ 
		 1259, 1261, 1273,-1,
		]
	} #IndexedFaceSet
	Material {
		ambientColor      0.2500 0.2500 0.0000  #ambientColor
		diffuseColor      1.0000 1.0000 0.0000  #diffuseColor
		transparency      0.0000                #transparency
	} #Material

	IndexedFaceSet {
		coordIndex [ 
		 1245, 1244, 1270, 1269,-1,
		]
	} #IndexedFaceSet
	Material {
		ambientColor      0.2500 0.2500 0.2500  #ambientColor
		diffuseColor      1.0000 1.0000 1.0000  #diffuseColor
		transparency      0.0000                #transparency
	} #Material

	IndexedFaceSet {
		coordIndex [ 
		 1274, 1212, 1215, 1275,-1,
		 1276, 1196, 1277, 1278, 1279,-1,
		 1280, 1180, 1276, 1279, 1281,-1,
		 1282, 1283, 1284, 1214, 1285,-1,
		 1286, 1198, 1287, 1288, 1289,-1,
		 1290, 1286, 1291, 1292,-1,
		 1293, 1164, 1280, 1294, 1295,-1,
		 1296, 1148, 1293, 1295, 1297,-1,
		 1298, 1150, 1138, 1137, 1299,-1,
		 1300, 1166, 1298, 1297, 1301,-1,
		 1302, 1182, 1300, 1301, 1303,-1,
		]
	} #IndexedFaceSet
	Material {
		ambientColor      0.1794 0.2225 0.2500  #ambientColor
		diffuseColor      0.7176 0.8902 1.0000  #diffuseColor
		transparency      0.0000                #transparency
	} #Material

	IndexedFaceSet {
		coordIndex [ 
		 1297, 1295, 1294, 1303, 1301,-1,
		]
	} #IndexedFaceSet
	Material {
		ambientColor      0.1863 0.1863 0.1863  #ambientColor
		diffuseColor      0.7451 0.7451 0.7451  #diffuseColor
		transparency      0.0000                #transparency
	} #Material

	IndexedFaceSet {
		coordIndex [ 
		 1304, 1278, 1283, 1305,-1,
		 1279, 1304, 1306,-1,
		 1307, 1279, 1308,-1,
		 1309, 1288, 1281, 1310,-1,
		 1311, 1306, 1312, 1313,-1,
		 1314, 1311, 1315, 1316,-1,
		 1317, 1309, 1308, 1318,-1,
		]
	} #IndexedFaceSet
	Material {
		ambientColor      0.0059 0.0549 0.0637  #ambientColor
		diffuseColor      0.0235 0.2196 0.2549  #diffuseColor
		transparency      0.0000                #transparency
	} #Material

	IndexedFaceSet {
		coordIndex [ 
		 1306, 1308, 1319,-1,
		]
	} #IndexedFaceSet
	Material {
		ambientColor      0.2500 0.2500 0.0000  #ambientColor
		diffuseColor      1.0000 1.0000 0.0000  #diffuseColor
		transparency      0.0000                #transparency
	} #Material

	IndexedFaceSet {
		coordIndex [ 
		 1292, 1291, 1316, 1315,-1,
		]
	} #IndexedFaceSet
	Material {
		ambientColor      0.2500 0.2500 0.2500  #ambientColor
		diffuseColor      1.0000 1.0000 1.0000  #diffuseColor
		transparency      0.0000                #transparency
	} #Material

	IndexedFaceSet {
		coordIndex [ 
		 1320, 1216, 1219, 1321,-1,
		 1322, 1200, 1323, 1324, 1325,-1,
		 1326, 1184, 1322, 1325, 1327,-1,
		 1328, 1329, 1330, 1218, 1331,-1,
		 1332, 1202, 1333, 1334, 1335,-1,
		 1336, 1332, 1337, 1338,-1,
		 1339, 1168, 1326, 1340, 1341,-1,
		 1342, 1152, 1339, 1341, 1343,-1,
		 1344, 1154, 1141, 1140, 1345,-1,
		 1346, 1170, 1344, 1343, 1347,-1,
		 1348, 1186, 1346, 1347, 1349,-1,
		]
	} #IndexedFaceSet
	Material {
		ambientColor      0.1794 0.2225 0.2500  #ambientColor
		diffuseColor      0.7176 0.8902 1.0000  #diffuseColor
		transparency      0.0000                #transparency
	} #Material

	IndexedFaceSet {
		coordIndex [ 
		 1343, 1341, 1340, 1349, 1347,-1,
		]
	} #IndexedFaceSet
	Material {
		ambientColor      0.1863 0.1863 0.1863  #ambientColor
		diffuseColor      0.7451 0.7451 0.7451  #diffuseColor
		transparency      0.0000                #transparency
	} #Material

	IndexedFaceSet {
		coordIndex [ 
		 1350, 1324, 1329, 1351,-1,
		 1325, 1350, 1352,-1,
		 1353, 1325, 1354,-1,
		 1355, 1334, 1327, 1356,-1,
		 1357, 1352, 1358, 1359,-1,
		 1360, 1357, 1361, 1362,-1,
		 1363, 1355, 1354, 1364,-1,
		]
	} #IndexedFaceSet
	Material {
		ambientColor      0.0059 0.0549 0.0637  #ambientColor
		diffuseColor      0.0235 0.2196 0.2549  #diffuseColor
		transparency      0.0000                #transparency
	} #Material

	IndexedFaceSet {
		coordIndex [ 
		 1352, 1354, 1365,-1,
		]
	} #IndexedFaceSet
	Material {
		ambientColor      0.2500 0.2500 0.0000  #ambientColor
		diffuseColor      1.0000 1.0000 0.0000  #diffuseColor
		transparency      0.0000                #transparency
	} #Material

	IndexedFaceSet {
		coordIndex [ 
		 1338, 1337, 1362, 1361,-1,
		]
	} #IndexedFaceSet
	Material {
		ambientColor      0.2500 0.2500 0.2500  #ambientColor
		diffuseColor      1.0000 1.0000 1.0000  #diffuseColor
		transparency      0.0000                #transparency
	} #Material

	IndexedFaceSet {
		coordIndex [ 
		 1366, 1367, 1368, 1369,-1,
		 1370, 1371, 1372, 1373, 1374,-1,
		 1375, 1376, 1370, 1374, 1377,-1,
		 1378, 1379, 1380, 1224, 1381,-1,
		 1382, 1208, 1383, 1384, 1385,-1,
		 1386, 1382, 1387, 1388,-1,
		 1389, 1390, 1375, 1391, 1392,-1,
		 1393, 1394, 1389, 1392, 1395,-1,
		 1396, 1160, 1144, 1397, 1398,-1,
		 1399, 1176, 1396, 1395, 1400,-1,
		 1401, 1192, 1399, 1400, 1402,-1,
		]
	} #IndexedFaceSet
	Material {
		ambientColor      0.1794 0.2225 0.2500  #ambientColor
		diffuseColor      0.7176 0.8902 1.0000  #diffuseColor
		transparency      0.0000                #transparency
	} #Material

	IndexedFaceSet {
		coordIndex [ 
		 1395, 1392, 1391, 1402, 1400,-1,
		]
	} #IndexedFaceSet
	Material {
		ambientColor      0.1863 0.1863 0.1863  #ambientColor
		diffuseColor      0.7451 0.7451 0.7451  #diffuseColor
		transparency      0.0000                #transparency
	} #Material

	IndexedFaceSet {
		coordIndex [ 
		 1403, 1373, 1379, 1404,-1,
		 1374, 1403, 1405,-1,
		 1406, 1374, 1407,-1,
		 1408, 1384, 1377, 1409,-1,
		 1410, 1405, 1411, 1412,-1,
		 1413, 1410, 1414, 1415,-1,
		 1416, 1408, 1407, 1417,-1,
		]
	} #IndexedFaceSet
	Material {
		ambientColor      0.0059 0.0549 0.0637  #ambientColor
		diffuseColor      0.0235 0.2196 0.2549  #diffuseColor
		transparency      0.0000                #transparency
	} #Material

	IndexedFaceSet {
		coordIndex [ 
		 1405, 1407, 1418,-1,
		]
	} #IndexedFaceSet
	Material {
		ambientColor      0.2500 0.2500 0.0000  #ambientColor
		diffuseColor      1.0000 1.0000 0.0000  #diffuseColor
		transparency      0.0000                #transparency
	} #Material

	IndexedFaceSet {
		coordIndex [ 
		 1388, 1387, 1415, 1414,-1,
		]
	} #IndexedFaceSet
	Material {
		ambientColor      0.0108 0.0618 0.0902  #ambientColor
		diffuseColor      0.0431 0.2471 0.3608  #diffuseColor
		transparency      0.0000                #transparency
	} #Material

	IndexedFaceSet {
		coordIndex [ 
		 1419, 30, 37, 36, 35, 1420,-1,
		 1098, 1097, 1420, 1421,-1,
		 1100, 1098, 1421, 1422,-1,
		 1423, 26, 1424, 1425, 34, 1426,-1,
		 1108, 1107, 1427, 1428,-1,
		 1429, 43, 42, 1430,-1,
		 1113, 1112, 1430, 1431,-1,
		 1116, 1115, 1424, 1432,-1,
		 1118, 1116, 1432, 1433,-1,
		 1097, 1118, 1433, 1434,-1,
		]
	} #IndexedFaceSet
	Material {
		ambientColor      0.0000 0.0000 0.0000  #ambientColor
		diffuseColor      0.0000 0.0000 0.0000  #diffuseColor
		transparency      0.0000                #transparency
	} #Material

	IndexedFaceSet {
		coordIndex [ 
		 1435, 1118, 1097, 1436,-1,
		 1124, 1123, 1436, 1437,-1,
		 1125, 1124, 1437, 1098,-1,
		 1127, 1125, 1098, 1438,-1,
		 1129, 1127, 1438, 1439,-1,
		 1131, 1129, 1439, 1440,-1,
		 1133, 1131, 1440, 1441,-1,
		 1442, 1100, 1115, 1443,-1,
		 1138, 1137, 1136, 1133,-1,
		 1141, 1140, 1444, 1138,-1,
		 1144, 1445, 1446, 1141,-1,
		 1447, 1144, 1443, 1448,-1,
		 1449, 1148, 1147, 1136,-1,
		 1450, 1152, 1451, 1150,-1,
		 1452, 1453, 1454, 1154,-1,
		 1160, 1452, 1455, 1456,-1,
		 1457, 1160, 1456, 1458,-1,
		 1459, 1164, 1163, 1147,-1,
		 1460, 1168, 1461, 1166,-1,
		 1462, 1463, 1464, 1170,-1,
		 1176, 1462, 1465, 1466,-1,
		 1467, 1176, 1466, 1468,-1,
		 1469, 1180, 1179, 1163,-1,
		 1470, 1184, 1471, 1182,-1,
		 1472, 1473, 1474, 1186,-1,
		 1192, 1472, 1475, 1476,-1,
		 1477, 1192, 1476, 1116, 1478,-1,
		 1479, 1196, 1195, 1179,-1,
		 1480, 1200, 1481, 1198,-1,
		 1482, 1483, 1484, 1202,-1,
		 1208, 1482, 1485, 1486,-1,
		 1487, 1208, 1486, 1488,-1,
		 1489, 1212, 1211, 1195,-1,
		 1490, 1216, 1215, 1214,-1,
		 1491, 1492, 1219, 1218,-1,
		 1224, 1491, 1493, 1494,-1,
		 1495, 1224, 1494, 1496,-1,
		]
	} #IndexedFaceSet
	Material {
		ambientColor      0.2500 0.2500 0.2500  #ambientColor
		diffuseColor      1.0000 1.0000 1.0000  #diffuseColor
		transparency      0.0000                #transparency
	} #Material

	IndexedFaceSet {
		coordIndex [ 
		 1497, 1211, 1123, 1498,-1,
		 1232, 1231, 1499, 1124, 1500,-1,
		 1501, 1232, 1500, 1125, 1502,-1,
		 1503, 1195, 1504, 1236, 1505,-1,
		 1506, 1241, 1507, 1179, 1508,-1,
		 1245, 1244, 1508, 1509,-1,
		 1248, 1247, 1502, 1127, 1510,-1,
		 1250, 1248, 1510, 1129, 1511,-1,
		 1512, 1131, 1133, 1136, 1513,-1,
		 1254, 1250, 1513, 1147, 1514,-1,
		 1256, 1254, 1514, 1163, 1515,-1,
		]
	} #IndexedFaceSet
	Material {
		ambientColor      0.0000 0.0000 0.0000  #ambientColor
		diffuseColor      0.0000 0.0000 0.0000  #diffuseColor
		transparency      0.0000                #transparency
	} #Material

	IndexedFaceSet {
		coordIndex [ 
		 1107, 1108, 1112, 1113,-1,
		]
	} #IndexedFaceSet
	Material {
		ambientColor      0.1794 0.2225 0.2500  #ambientColor
		diffuseColor      0.7176 0.8902 1.0000  #diffuseColor
		transparency      0.0000                #transparency
	} #Material

	IndexedFaceSet {
		coordIndex [ 
		 1254, 1256, 1247, 1248, 1250,-1,
		]
	} #IndexedFaceSet
	Material {
		ambientColor      0.1863 0.1863 0.1863  #ambientColor
		diffuseColor      0.7451 0.7451 0.7451  #diffuseColor
		transparency      0.0000                #transparency
	} #Material

	IndexedFaceSet {
		coordIndex [ 
		 1516, 1236, 1231, 1517,-1,
		 1259, 1517, 1232,-1,
		 1261, 1232, 1518,-1,
		 1519, 1263, 1241, 1520,-1,
		 1521, 1522, 1259, 1523,-1,
		 1270, 1269, 1523, 1524,-1,
		 1525, 1261, 1520, 1526,-1,
		]
	} #IndexedFaceSet
	Material {
		ambientColor      0.0059 0.0549 0.0637  #ambientColor
		diffuseColor      0.0235 0.2196 0.2549  #diffuseColor
		transparency      0.0000                #transparency
	} #Material

	IndexedFaceSet {
		coordIndex [ 
		 1273, 1261, 1259,-1,
		]
	} #IndexedFaceSet
	Material {
		ambientColor      0.2500 0.2500 0.0000  #ambientColor
		diffuseColor      1.0000 1.0000 0.0000  #diffuseColor
		transparency      0.0000                #transparency
	} #Material

	IndexedFaceSet {
		coordIndex [ 
		 1269, 1270, 1244, 1245,-1,
		]
	} #IndexedFaceSet
	Material {
		ambientColor      0.2500 0.2500 0.2500  #ambientColor
		diffuseColor      1.0000 1.0000 1.0000  #diffuseColor
		transparency      0.0000                #transparency
	} #Material

	IndexedFaceSet {
		coordIndex [ 
		 1527, 1215, 1212, 1528,-1,
		 1279, 1278, 1529, 1196, 1530,-1,
		 1281, 1279, 1530, 1180, 1531,-1,
		 1532, 1214, 1533, 1283, 1534,-1,
		 1535, 1288, 1536, 1198, 1537,-1,
		 1292, 1291, 1537, 1538,-1,
		 1295, 1294, 1531, 1164, 1539,-1,
		 1297, 1295, 1539, 1148, 1540,-1,
		 1541, 1137, 1138, 1150, 1542,-1,
		 1301, 1297, 1542, 1166, 1543,-1,
		 1303, 1301, 1543, 1182, 1544,-1,
		]
	} #IndexedFaceSet
	Material {
		ambientColor      0.1794 0.2225 0.2500  #ambientColor
		diffuseColor      0.7176 0.8902 1.0000  #diffuseColor
		transparency      0.0000                #transparency
	} #Material

	IndexedFaceSet {
		coordIndex [ 
		 1301, 1303, 1294, 1295, 1297,-1,
		]
	} #IndexedFaceSet
	Material {
		ambientColor      0.1863 0.1863 0.1863  #ambientColor
		diffuseColor      0.7451 0.7451 0.7451  #diffuseColor
		transparency      0.0000                #transparency
	} #Material

	IndexedFaceSet {
		coordIndex [ 
		 1545, 1283, 1278, 1546,-1,
		 1306, 1546, 1279,-1,
		 1308, 1279, 1547,-1,
		 1548, 1281, 1288, 1549,-1,
		 1550, 1551, 1306, 1552,-1,
		 1316, 1315, 1552, 1553,-1,
		 1554, 1308, 1549, 1555,-1,
		]
	} #IndexedFaceSet
	Material {
		ambientColor      0.0059 0.0549 0.0637  #ambientColor
		diffuseColor      0.0235 0.2196 0.2549  #diffuseColor
		transparency      0.0000                #transparency
	} #Material

	IndexedFaceSet {
		coordIndex [ 
		 1319, 1308, 1306,-1,
		]
	} #IndexedFaceSet
	Material {
		ambientColor      0.2500 0.2500 0.0000  #ambientColor
		diffuseColor      1.0000 1.0000 0.0000  #diffuseColor
		transparency      0.0000                #transparency
	} #Material

	IndexedFaceSet {
		coordIndex [ 
		 1315, 1316, 1291, 1292,-1,
		]
	} #IndexedFaceSet
	Material {
		ambientColor      0.2500 0.2500 0.2500  #ambientColor
		diffuseColor      1.0000 1.0000 1.0000  #diffuseColor
		transparency      0.0000                #transparency
	} #Material

	IndexedFaceSet {
		coordIndex [ 
		 1556, 1219, 1216, 1557,-1,
		 1325, 1324, 1558, 1200, 1559,-1,
		 1327, 1325, 1559, 1184, 1560,-1,
		 1561, 1218, 1562, 1329, 1563,-1,
		 1564, 1334, 1565, 1202, 1566,-1,
		 1338, 1337, 1566, 1567,-1,
		 1341, 1340, 1560, 1168, 1568,-1,
		 1343, 1341, 1568, 1152, 1569,-1,
		 1570, 1140, 1141, 1154, 1571,-1,
		 1347, 1343, 1571, 1170, 1572,-1,
		 1349, 1347, 1572, 1186, 1573,-1,
		]
	} #IndexedFaceSet
	Material {
		ambientColor      0.1794 0.2225 0.2500  #ambientColor
		diffuseColor      0.7176 0.8902 1.0000  #diffuseColor
		transparency      0.0000                #transparency
	} #Material

	IndexedFaceSet {
		coordIndex [ 
		 1347, 1349, 1340, 1341, 1343,-1,
		]
	} #IndexedFaceSet
	Material {
		ambientColor      0.1863 0.1863 0.1863  #ambientColor
		diffuseColor      0.7451 0.7451 0.7451  #diffuseColor
		transparency      0.0000                #transparency
	} #Material

	IndexedFaceSet {
		coordIndex [ 
		 1574, 1329, 1324, 1575,-1,
		 1352, 1575, 1325,-1,
		 1354, 1325, 1576,-1,
		 1577, 1327, 1334, 1578,-1,
		 1579, 1580, 1352, 1581,-1,
		 1362, 1361, 1581, 1582,-1,
		 1583, 1354, 1578, 1584,-1,
		]
	} #IndexedFaceSet
	Material {
		ambientColor      0.0059 0.0549 0.0637  #ambientColor
		diffuseColor      0.0235 0.2196 0.2549  #diffuseColor
		transparency      0.0000                #transparency
	} #Material

	IndexedFaceSet {
		coordIndex [ 
		 1365, 1354, 1352,-1,
		]
	} #IndexedFaceSet
	Material {
		ambientColor      0.2500 0.2500 0.0000  #ambientColor
		diffuseColor      1.0000 1.0000 0.0000  #diffuseColor
		transparency      0.0000                #transparency
	} #Material

	IndexedFaceSet {
		coordIndex [ 
		 1361, 1362, 1337, 1338,-1,
		]
	} #IndexedFaceSet
	Material {
		ambientColor      0.2500 0.2500 0.2500  #ambientColor
		diffuseColor      1.0000 1.0000 1.0000  #diffuseColor
		transparency      0.0000                #transparency
	} #Material

	IndexedFaceSet {
		coordIndex [ 
		 1585, 1368, 1367, 1586,-1,
		 1374, 1373, 1587, 1371, 1588,-1,
		 1377, 1374, 1588, 1376, 1589,-1,
		 1590, 1224, 1591, 1379, 1592,-1,
		 1593, 1384, 1594, 1208, 1595,-1,
		 1388, 1387, 1595, 1596,-1,
		 1392, 1391, 1589, 1390, 1597,-1,
		 1395, 1392, 1597, 1394, 1598,-1,
		 1599, 1397, 1144, 1160, 1600,-1,
		 1400, 1395, 1600, 1176, 1601,-1,
		 1402, 1400, 1601, 1192, 1602,-1,
		]
	} #IndexedFaceSet
	Material {
		ambientColor      0.1794 0.2225 0.2500  #ambientColor
		diffuseColor      0.7176 0.8902 1.0000  #diffuseColor
		transparency      0.0000                #transparency
	} #Material

	IndexedFaceSet {
		coordIndex [ 
		 1400, 1402, 1391, 1392, 1395,-1,
		]
	} #IndexedFaceSet
	Material {
		ambientColor      0.1863 0.1863 0.1863  #ambientColor
		diffuseColor      0.7451 0.7451 0.7451  #diffuseColor
		transparency      0.0000                #transparency
	} #Material

	IndexedFaceSet {
		coordIndex [ 
		 1603, 1379, 1373, 1604,-1,
		 1405, 1604, 1374,-1,
		 1407, 1374, 1605,-1,
		 1606, 1377, 1384, 1607,-1,
		 1608, 1609, 1405, 1610,-1,
		 1415, 1414, 1610, 1611,-1,
		 1612, 1407, 1607, 1613,-1,
		]
	} #IndexedFaceSet
	Material {
		ambientColor      0.0059 0.0549 0.0637  #ambientColor
		diffuseColor      0.0235 0.2196 0.2549  #diffuseColor
		transparency      0.0000                #transparency
	} #Material

	IndexedFaceSet {
		coordIndex [ 
		 1418, 1407, 1405,-1,
		]
	} #IndexedFaceSet
	Material {
		ambientColor      0.2500 0.2500 0.0000  #ambientColor
		diffuseColor      1.0000 1.0000 0.0000  #diffuseColor
		transparency      0.0000                #transparency
	} #Material

	IndexedFaceSet {
		coordIndex [ 
		 1414, 1415, 1387, 1388,-1,
		]
	} #IndexedFaceSet
	Material {
		ambientColor      0.0108 0.0618 0.0902  #ambientColor
		diffuseColor      0.0431 0.2471 0.3608  #diffuseColor
		transparency      0.0000                #transparency
	} #Material

	IndexedFaceSet {
		coordIndex [ 
		 17, 21, 38, 39, 23, 18,-1,
		 18, 23, 39, 38, 21, 17,-1,
		 21, 29, 30, 37, 38,-1,
		 38, 37, 30, 29, 21,-1,
		 31, 23, 39, 36, 35,-1,
		 35, 36, 39, 23, 31,-1,
		 1614, 27, 26, 1615,-1,
		 1616, 1617, 1615, 1618,-1,
		 1619, 1616, 1618, 1620,-1,
		 1621, 1622, 1623,-1,
		 1624, 1625, 1626, 1627,-1,
		 1628, 1624, 1627,-1,
		 1629, 1630, 1619,-1,
		 1631, 1632, 1633,-1,
		 1634, 1635, 1633, 1636,-1,
		 1637, 30, 29, 28, 1638,-1,
		 1639, 1640, 1638,-1,
		]
	} #IndexedFaceSet
	Material {
		ambientColor      0.0000 0.0000 0.0000  #ambientColor
		diffuseColor      0.0000 0.0000 0.0000  #diffuseColor
		transparency      0.0000                #transparency
	} #Material

	IndexedFaceSet {
		coordIndex [ 
		 1641, 1642, 1643, 1644,-1,
		 1645, 1646, 1616, 1647,-1,
		 1648, 1649, 1647, 1650,-1,
		 1651, 1619, 1652,-1,
		]
	} #IndexedFaceSet
	Material {
		ambientColor      0.2500 0.1500 0.0000  #ambientColor
		diffuseColor      1.0000 0.6000 0.0000  #diffuseColor
		transparency      0.0000                #transparency
	} #Material

	IndexedFaceSet {
		coordIndex [ 
		 1653, 1624, 1654, 1655,-1,
		]
	} #IndexedFaceSet
	Material {
		ambientColor      0.0108 0.0618 0.0902  #ambientColor
		diffuseColor      0.0431 0.2471 0.3608  #diffuseColor
		transparency      0.0000                #transparency
	} #Material

	IndexedFaceSet {
		coordIndex [ 
		 1656, 26, 27, 1657,-1,
		 1658, 1656, 1659, 1616,-1,
		 1660, 1658, 1616, 1619,-1,
		 1661, 1662, 1663,-1,
		 1664, 1665, 1666, 1624,-1,
		 1664, 1624, 1667,-1,
		 1619, 1668, 1669,-1,
		 1670, 1671, 1672,-1,
		 1673, 1670, 1674, 1675,-1,
		 1676, 28, 29, 30, 1677,-1,
		 1676, 1678, 1679,-1,
		]
	} #IndexedFaceSet
	Material {
		ambientColor      0.0000 0.0000 0.0000  #ambientColor
		diffuseColor      0.0000 0.0000 0.0000  #diffuseColor
		transparency      0.0000                #transparency
	} #Material

	IndexedFaceSet {
		coordIndex [ 
		 1644, 1643, 1642, 1641,-1,
		 1680, 1616, 1646, 1681,-1,
		 1682, 1680, 1683, 1684,-1,
		 1685, 1619, 1686,-1,
		]
	} #IndexedFaceSet
	Material {
		ambientColor      0.2500 0.1500 0.0000  #ambientColor
		diffuseColor      1.0000 0.6000 0.0000  #diffuseColor
		transparency      0.0000                #transparency
	} #Material

	IndexedFaceSet {
		coordIndex [ 
		 1655, 1654, 1624, 1653,-1,
		]
	} #IndexedFaceSet
	Material {
		ambientColor      0.0108 0.0618 0.0902  #ambientColor
		diffuseColor      0.0431 0.2471 0.3608  #diffuseColor
		transparency      0.0000                #transparency
	} #Material

	IndexedFaceSet {
		coordIndex [ 
		 1687, 32, 31, 35, 1688,-1,
		 1689, 1687, 1690,-1,
		 1691, 1692, 1693,-1,
		 1694, 1695, 1696,-1,
		 1697, 1698, 1699, 1700,-1,
		 1701, 1702, 1703, 1704,-1,
		 1705, 1706, 1707,-1,
		 1708, 1705, 1704,-1,
		 1709, 1710, 1711,-1,
		 1712, 34, 33, 1713,-1,
		 1714, 1712, 1711, 1715,-1,
		 1716, 1714, 1715, 1708,-1,
		 1717, 1718, 1719, 1720,-1,
		 1721, 1717, 1722, 1723,-1,
		 1724, 1725, 1726, 1722,-1,
		 1727, 1719, 1718, 1690,-1,
		]
	} #IndexedFaceSet
	Material {
		ambientColor      0.0000 0.0000 0.0000  #ambientColor
		diffuseColor      0.0000 0.0000 0.0000  #diffuseColor
		transparency      0.0000                #transparency
	} #Material

	IndexedFaceSet {
		coordIndex [ 
		 1718, 1728, 1729, 1690,-1,
		 1730, 1708, 1715, 1711,-1,
		]
	} #IndexedFaceSet
	Material {
		ambientColor      0.2500 0.1500 0.0000  #ambientColor
		diffuseColor      1.0000 0.6000 0.0000  #diffuseColor
		transparency      0.0000                #transparency
	} #Material

	IndexedFaceSet {
		coordIndex [ 
		 1731, 1722, 1699, 1704,-1,
		]
	} #IndexedFaceSet
	Material {
		ambientColor      0.0108 0.0618 0.0902  #ambientColor
		diffuseColor      0.0431 0.2471 0.3608  #diffuseColor
		transparency      0.0000                #transparency
	} #Material

	IndexedFaceSet {
		coordIndex [ 
		 1732, 35, 31, 32, 1733,-1,
		 1690, 1733, 1734,-1,
		 1735, 1736, 1737,-1,
		 1738, 1739, 1740,-1,
		 1741, 1699, 1742, 1743,-1,
		 1704, 1744, 1745, 1746,-1,
		 1747, 1748, 1749,-1,
		 1704, 1749, 1708,-1,
		 1711, 1750, 1751,-1,
		 1752, 33, 34, 1753,-1,
		 1715, 1711, 1753, 1754,-1,
		 1708, 1715, 1754, 1755,-1,
		 1756, 1757, 1718, 1758,-1,
		 1759, 1722, 1758, 1760,-1,
		 1722, 1761, 1762, 1763,-1,
		 1690, 1718, 1757, 1764,-1,
		]
	} #IndexedFaceSet
	Material {
		ambientColor      0.0000 0.0000 0.0000  #ambientColor
		diffuseColor      0.0000 0.0000 0.0000  #diffuseColor
		transparency      0.0000                #transparency
	} #Material

	IndexedFaceSet {
		coordIndex [ 
		 1690, 1729, 1728, 1718,-1,
		 1711, 1715, 1708, 1730,-1,
		]
	} #IndexedFaceSet
	Material {
		ambientColor      0.2500 0.1500 0.0000  #ambientColor
		diffuseColor      1.0000 0.6000 0.0000  #diffuseColor
		transparency      0.0000                #transparency
	} #Material

	IndexedFaceSet {
		coordIndex [ 
		 1704, 1699, 1722, 1731,-1,
		]
	} #IndexedFaceSet
	Material {
		ambientColor      0.0108 0.0618 0.0902  #ambientColor
		diffuseColor      0.0431 0.2471 0.3608  #diffuseColor
		transparency      0.0000                #transparency
	} #Material

	IndexedFaceSet {
		coordIndex [ 
		 37, 36, 39, 38,-1,
		 38, 39, 36, 37,-1,
		 41, 40, 43, 42,-1,
		 42, 43, 40, 41,-1,
		]
	} #IndexedFaceSet
} #Polyhedron
Separator { #Polyhedron
	DEF COORD13 Coordinate3 {
		point [
		 -30.7684 -0.9917 -128.0074,
		 -30.7684 0.2572 -128.1372,
		 -30.7684 0.8358 -128.3304,
		 -30.7684 1.4648 -128.6754,
		 -30.7684 1.4714 -129.0828,
		 -36.2542 -0.9917 -128.0074,
		 -36.2542 0.2572 -128.1372,
		 -36.2542 0.8358 -128.3304,
		 -36.2542 1.4648 -128.6754,
		 -36.2542 1.4714 -129.0828
		]
	} #Coordinate3
	Material {
		ambientColor      0.2422 0.1814 0.1059  #ambientColor
		diffuseColor      0.9686 0.7255 0.4235  #diffuseColor
		transparency      0.0000                #transparency
	} #Material

	IndexedFaceSet {
		coordIndex [ 
		 0, 1, 2, 3, 4,-1,
		 4, 3, 2, 1, 0,-1,
		 0, 4, 9, 5,-1,
		 5, 9, 4, 0,-1,
		 1, 0, 5, 6,-1,
		 6, 5, 0, 1,-1,
		 2, 1, 6, 7,-1,
		 7, 6, 1, 2,-1,
		 3, 2, 7, 8,-1,
		 8, 7, 2, 3,-1,
		 4, 3, 8, 9,-1,
		 9, 8, 3, 4,-1,
		 9, 8, 7, 6, 5,-1,
		 5, 6, 7, 8, 9,-1,
		]
	} #IndexedFaceSet
} #Polyhedron
Separator { #Polyhedron
	DEF COORD14 Coordinate3 {
		point [
		 -30.7684 -0.9917 -128.0074,
		 -30.7684 -1.0125 -126.7341,
		 -30.7684 -0.6769 -126.7279,
		 -30.7684 -0.5289 -126.9799,
		 -30.7684 -0.5711 -127.3373,
		 -30.7684 -0.7520 -128.0030,
		 -36.2542 -0.9917 -128.0074,
		 -36.2542 -1.0125 -126.7341,
		 -36.2542 -0.6769 -126.7279,
		 -36.2542 -0.5289 -126.9799,
		 -36.2542 -0.5711 -127.3373,
		 -36.2542 -0.7520 -128.0030
		]
	} #Coordinate3
	Material {
		ambientColor      0.2422 0.1814 0.1059  #ambientColor
		diffuseColor      0.9686 0.7255 0.4235  #diffuseColor
		transparency      0.0000                #transparency
	} #Material

	IndexedFaceSet {
		coordIndex [ 
		 0, 1, 2, 3, 4, 5,-1,
		 5, 4, 3, 2, 1, 0,-1,
		 0, 5, 11, 6,-1,
		 6, 11, 5, 0,-1,
		 1, 0, 6, 7,-1,
		 7, 6, 0, 1,-1,
		 2, 1, 7, 8,-1,
		 8, 7, 1, 2,-1,
		 3, 2, 8, 9,-1,
		 9, 8, 2, 3,-1,
		 4, 3, 9, 10,-1,
		 10, 9, 3, 4,-1,
		 5, 4, 10, 11,-1,
		 11, 10, 4, 5,-1,
		 11, 10, 9, 8, 7, 6,-1,
		 6, 7, 8, 9, 10, 11,-1,
		]
	} #IndexedFaceSet
} #Polyhedron
Separator { #Polyhedron
	DEF COORD15 Coordinate3 {
		point [
		 -33.8161 -0.7995 -125.0339,
		 -33.8161 0.3596 -125.4110,
		 -33.8161 1.5639 -125.9824,
		 -33.8161 1.6326 -126.1049,
		 -33.8161 1.6356 -126.2863,
		 -33.8161 1.4942 -126.4322,
		 -33.8161 1.2842 -126.4171,
		 -36.2542 -0.7995 -125.0339,
		 -36.2542 0.3596 -125.4110,
		 -36.2542 1.5639 -125.9824,
		 -36.2542 1.6326 -126.1049,
		 -36.2542 1.6356 -126.2863,
		 -36.2542 1.4942 -126.4322,
		 -36.2542 1.2842 -126.4171
		]
	} #Coordinate3
	Material {
		ambientColor      0.2422 0.1814 0.1059  #ambientColor
		diffuseColor      0.9686 0.7255 0.4235  #diffuseColor
		transparency      0.0000                #transparency
	} #Material

	IndexedFaceSet {
		coordIndex [ 
		 0, 1, 2, 3, 4, 5, 6,-1,
		 6, 5, 4, 3, 2, 1, 0,-1,
		 0, 6, 13, 7,-1,
		 7, 13, 6, 0,-1,
		 1, 0, 7, 8,-1,
		 8, 7, 0, 1,-1,
		 2, 1, 8, 9,-1,
		 9, 8, 1, 2,-1,
		 3, 2, 9, 10,-1,
		 10, 9, 2, 3,-1,
		 4, 3, 10, 11,-1,
		 11, 10, 3, 4,-1,
		 5, 4, 11, 12,-1,
		 12, 11, 4, 5,-1,
		 6, 5, 12, 13,-1,
		 13, 12, 5, 6,-1,
		 13, 12, 11, 10, 9, 8, 7,-1,
		 7, 8, 9, 10, 11, 12, 13,-1,
		]
	} #IndexedFaceSet
} #Polyhedron
Separator { #Polyhedron
	DEF COORD16 Coordinate3 {
		point [
		 -33.8161 -0.8970 -124.9998,
		 -33.8161 -0.5443 -123.1084,
		 -33.8161 -0.2987 -123.4605,
		 -33.8161 -0.2946 -123.7151,
		 -33.8161 -0.4656 -124.9919,
		 -36.2542 -0.8970 -124.9998,
		 -36.2542 -0.5443 -123.1084,
		 -36.2542 -0.2987 -123.4605,
		 -36.2542 -0.2946 -123.7151,
		 -36.2542 -0.4656 -124.9919
		]
	} #Coordinate3
	Material {
		ambientColor      0.2422 0.1814 0.1059  #ambientColor
		diffuseColor      0.9686 0.7255 0.4235  #diffuseColor
		transparency      0.0000                #transparency
	} #Material

	IndexedFaceSet {
		coordIndex [ 
		 0, 1, 2, 3, 4,-1,
		 4, 3, 2, 1, 0,-1,
		 0, 4, 9, 5,-1,
		 5, 9, 4, 0,-1,
		 1, 0, 5, 6,-1,
		 6, 5, 0, 1,-1,
		 2, 1, 6, 7,-1,
		 7, 6, 1, 2,-1,
		 3, 2, 7, 8,-1,
		 8, 7, 2, 3,-1,
		 4, 3, 8, 9,-1,
		 9, 8, 3, 4,-1,
		 9, 8, 7, 6, 5,-1,
		 5, 6, 7, 8, 9,-1,
		]
	} #IndexedFaceSet
} #Polyhedron
Separator { #Polyhedron
	DEF COORD17 Coordinate3 {
		point [
		 -30.8192 -0.8005 -125.0497,
		 -30.8192 0.3760 -125.4057,
		 -30.8192 1.5803 -125.9770,
		 -30.8192 1.6633 -126.1380,
		 -30.8192 1.6467 -126.3409,
		 -30.8192 1.4910 -126.4799,
		 -30.8192 1.3000 -126.4623,
		 -33.2065 -0.8005 -125.0497,
		 -33.2065 0.3760 -125.4057,
		 -33.2065 1.5803 -125.9770,
		 -33.2065 1.6633 -126.1380,
		 -33.2065 1.6467 -126.3409,
		 -33.2065 1.4910 -126.4799,
		 -33.2065 1.3000 -126.4623
		]
	} #Coordinate3
	Material {
		ambientColor      0.2422 0.1814 0.1059  #ambientColor
		diffuseColor      0.9686 0.7255 0.4235  #diffuseColor
		transparency      0.0000                #transparency
	} #Material

	IndexedFaceSet {
		coordIndex [ 
		 0, 1, 2, 3, 4, 5, 6,-1,
		 6, 5, 4, 3, 2, 1, 0,-1,
		 0, 6, 13, 7,-1,
		 7, 13, 6, 0,-1,
		 1, 0, 7, 8,-1,
		 8, 7, 0, 1,-1,
		 2, 1, 8, 9,-1,
		 9, 8, 1, 2,-1,
		 3, 2, 9, 10,-1,
		 10, 9, 2, 3,-1,
		 4, 3, 10, 11,-1,
		 11, 10, 3, 4,-1,
		 5, 4, 11, 12,-1,
		 12, 11, 4, 5,-1,
		 6, 5, 12, 13,-1,
		 13, 12, 5, 6,-1,
		 13, 12, 11, 10, 9, 8, 7,-1,
		 7, 8, 9, 10, 11, 12, 13,-1,
		]
	} #IndexedFaceSet
} #Polyhedron
Separator { #Polyhedron
	DEF COORD18 Coordinate3 {
		point [
		 -30.8192 -0.8970 -124.9998,
		 -30.8192 -0.5443 -123.1084,
		 -30.8192 -0.2987 -123.4605,
		 -30.8192 -0.2946 -123.7151,
		 -30.8192 -0.4656 -124.9919,
		 -33.2065 -0.8970 -124.9998,
		 -33.2065 -0.5443 -123.1084,
		 -33.2065 -0.2987 -123.4605,
		 -33.2065 -0.2946 -123.7151,
		 -33.2065 -0.4656 -124.9919
		]
	} #Coordinate3
	Material {
		ambientColor      0.2422 0.1814 0.1059  #ambientColor
		diffuseColor      0.9686 0.7255 0.4235  #diffuseColor
		transparency      0.0000                #transparency
	} #Material

	IndexedFaceSet {
		coordIndex [ 
		 0, 1, 2, 3, 4,-1,
		 4, 3, 2, 1, 0,-1,
		 0, 4, 9, 5,-1,
		 5, 9, 4, 0,-1,
		 1, 0, 5, 6,-1,
		 6, 5, 0, 1,-1,
		 2, 1, 6, 7,-1,
		 7, 6, 1, 2,-1,
		 3, 2, 7, 8,-1,
		 8, 7, 2, 3,-1,
		 4, 3, 8, 9,-1,
		 9, 8, 3, 4,-1,
		 9, 8, 7, 6, 5,-1,
		 5, 6, 7, 8, 9,-1,
		]
	} #IndexedFaceSet
} #Polyhedron
Separator { #Polyhedron
	DEF COORD19 Coordinate3 {
		point [
		 -33.2065 -0.4883 -126.7966,
		 -33.2065 -0.1191 -121.1578,
		 -33.8160 -0.1191 -121.1578,
		 -33.8160 -0.4883 -126.7966,
		 -33.2065 -1.0621 -126.7541,
		 -33.2065 -0.6929 -121.1153,
		 -33.8160 -0.6929 -121.1153,
		 -33.8160 -1.0621 -126.7541
		]
	} #Coordinate3
	Material {
		ambientColor      0.0000 0.0000 0.0000  #ambientColor
		diffuseColor      0.0000 0.0000 0.0000  #diffuseColor
		transparency      0.0000                #transparency
	} #Material

	IndexedFaceSet {
		coordIndex [ 
		 0, 1, 2, 3,-1,
		 3, 2, 1, 0,-1,
		 0, 3, 7, 4,-1,
		 4, 7, 3, 0,-1,
		 1, 0, 4, 5,-1,
		 5, 4, 0, 1,-1,
		 2, 1, 5, 6,-1,
		 6, 5, 1, 2,-1,
		 3, 2, 6, 7,-1,
		 7, 6, 2, 3,-1,
		 7, 6, 5, 4,-1,
		 4, 5, 6, 7,-1,
		]
	} #IndexedFaceSet
} #Polyhedron
Separator { #Polyhedron
	DEF COORD20 Coordinate3 {
		point [
		 -30.7684 1.2929 -122.9081,
		 -30.7684 0.5101 -123.2272,
		 -30.7684 0.4319 -122.9820,
		 -30.7684 1.3564 -122.6895,
		 -36.2542 1.2929 -122.9081,
		 -36.2542 0.5101 -123.2272,
		 -36.2542 0.4319 -122.9820,
		 -36.2542 1.3564 -122.6895,
		 -32.8889 0.7227 -123.1408,
		 -32.8953 0.5101 -123.2272,
		 -30.7684 0.5101 -123.2272,
		 -30.7684 0.7227 -123.1405,
		 -34.2730 0.5101 -123.2272,
		 -34.2730 0.7227 -123.1408,
		 -36.2542 0.7227 -123.1405,
		 -30.7938 0.8011 -123.1090,
		 -30.7938 0.7227 -123.1408,
		 -30.7684 0.8011 -123.1086,
		 -36.2539 0.7339 -123.1363,
		 -36.2542 0.7446 -123.1320,
		 -36.2542 0.7339 -123.1359,
		 -32.8887 0.7270 -123.1391,
		 -32.8889 0.7227 -123.1408,
		 -30.7938 0.7227 -123.1408,
		 -34.2730 0.7299 -123.1379,
		 -36.2542 0.7299 -123.1376,
		 -34.2730 0.7227 -123.1408,
		 -34.2730 0.7299 -123.1379,
		 -36.2542 0.7227 -123.1405,
		 -30.7938 0.8340 -123.0956,
		 -30.7938 0.8011 -123.1090,
		 -30.7684 0.8340 -123.0952,
		 -30.7938 0.8890 -123.0733,
		 -30.7938 0.8340 -123.0956,
		 -30.7684 0.8890 -123.0727,
		 -30.7938 0.9130 -123.0635,
		 -30.7938 0.8890 -123.0733,
		 -30.7684 0.9130 -123.0629,
		 -30.7938 1.0157 -123.0219,
		 -30.7938 0.9130 -123.0635,
		 -30.7684 1.0157 -123.0211,
		 -30.7938 1.1369 -122.9727,
		 -30.7938 1.0157 -123.0219,
		 -30.7684 1.1369 -122.9717,
		 -30.7938 1.1704 -122.9590,
		 -30.7938 1.1369 -122.9727,
		 -30.7684 1.1704 -122.9580,
		 -30.8014 1.1714 -122.9586,
		 -30.7684 1.1714 -122.9577,
		 -30.7994 1.2056 -122.9448,
		 -30.8014 1.1714 -122.9586,
		 -30.7684 1.2056 -122.9437,
		 -30.7945 1.2929 -122.9093,
		 -30.7994 1.2056 -122.9448,
		 -30.7684 1.2056 -122.9437,
		 -36.2542 1.2730 -122.9174,
		 -36.1166 1.2929 -122.9093,
		 -32.8887 0.7270 -123.1391,
		 -30.7938 0.7270 -123.1391,
		 -32.8824 0.9354 -123.0545,
		 -32.8887 0.7270 -123.1391,
		 -30.7938 0.9354 -123.0545,
		 -30.8319 1.0249 -123.0181,
		 -30.8319 0.9354 -123.0545,
		 -30.7938 0.9354 -123.0545,
		 -30.7938 1.0249 -123.0181,
		 -32.1779 1.0250 -123.0181,
		 -32.1779 1.0249 -123.0181,
		 -30.7938 1.0249 -123.0181,
		 -30.7938 1.0250 -123.0181,
		 -30.7938 1.0250 -123.0181,
		 -30.7938 1.0809 -122.9954,
		 -32.8780 1.0809 -122.9954,
		 -32.8797 1.0250 -123.0181,
		 -32.8821 0.9466 -123.0499,
		 -32.8824 0.9354 -123.0545,
		 -31.6065 0.9354 -123.0545,
		 -31.6065 0.9466 -123.0499,
		 -32.1779 1.0249 -123.0181,
		 -32.1779 0.9466 -123.0499,
		 -31.6065 0.9466 -123.0499,
		 -31.6065 1.0249 -123.0181,
		 -32.8763 0.9466 -123.0499,
		 -32.8763 1.0249 -123.0181,
		 -32.8797 1.0249 -123.0181,
		 -32.8821 0.9466 -123.0499,
		 -36.2542 0.7451 -123.1317,
		 -34.2730 0.7299 -123.1379,
		 -34.2730 0.7451 -123.1317,
		 -34.4508 1.0809 -122.9954,
		 -34.4508 0.7451 -123.1317,
		 -34.2730 0.7451 -123.1317,
		 -34.2730 1.0809 -122.9954,
		 -36.2555 0.8011 -123.1090,
		 -36.2542 0.7451 -123.1317,
		 -34.5397 0.7451 -123.1317,
		 -34.5397 0.8011 -123.1090,
		 -34.6286 1.0809 -122.9954,
		 -34.6286 0.8011 -123.1090,
		 -34.5397 0.8011 -123.1090,
		 -34.5397 1.0809 -122.9954,
		 -36.1777 0.8011 -123.1090,
		 -36.1777 1.0809 -122.9954,
		 -36.2621 1.0809 -122.9954,
		 -36.2555 0.8011 -123.1090,
		 -30.8014 1.1714 -122.9586,
		 -30.8065 1.0809 -122.9954,
		 -34.4508 1.1816 -122.9545,
		 -34.4508 1.1369 -122.9727,
		 -33.0898 1.1369 -122.9727,
		 -33.0868 1.1816 -122.9545,
		 -34.5397 1.1369 -122.9727,
		 -34.5397 1.1816 -122.9545,
		 -36.2645 1.1816 -122.9545,
		 -36.2634 1.1369 -122.9727,
		 -34.4508 1.1369 -122.9727,
		 -34.4508 1.1033 -122.9863,
		 -34.2730 1.1033 -122.9863,
		 -34.2730 1.1369 -122.9727,
		 -34.6286 1.1145 -122.9818,
		 -34.6286 1.1033 -122.9863,
		 -34.5397 1.1033 -122.9863,
		 -34.5397 1.1145 -122.9818,
		 -34.5397 1.1145 -122.9818,
		 -34.5397 1.1369 -122.9727,
		 -36.2634 1.1369 -122.9727,
		 -36.2629 1.1145 -122.9818,
		 -36.1777 1.1033 -122.9863,
		 -36.1777 1.1145 -122.9818,
		 -36.2626 1.1033 -122.9863,
		 -33.0729 1.3831 -122.8727,
		 -33.0683 1.4500 -122.8455,
		 -35.2635 1.4167 -122.8591,
		 -35.4949 1.3831 -122.8727,
		 -34.4508 1.3383 -122.8909,
		 -34.4508 1.1816 -122.9545,
		 -34.1715 1.1816 -122.9545,
		 -34.1715 1.3383 -122.8909,
		 -34.1715 1.3383 -122.8909,
		 -34.1715 1.3831 -122.8727,
		 -35.8036 1.3383 -122.8909,
		 -34.5397 1.1816 -122.9545,
		 -34.5397 1.3383 -122.8909,
		 -36.2666 1.2712 -122.9181,
		 -36.2645 1.1816 -122.9545,
		 -32.8774 1.1012 -122.9872,
		 -32.8780 1.0809 -122.9954,
		 -30.8065 1.0809 -122.9954,
		 -34.4508 1.1033 -122.9863,
		 -34.4508 1.0809 -122.9954,
		 -34.2730 1.0809 -122.9954,
		 -34.2730 1.1033 -122.9863,
		 -34.6286 1.1033 -122.9863,
		 -34.6286 1.0809 -122.9954,
		 -34.5397 1.0809 -122.9954,
		 -34.5397 1.1033 -122.9863,
		 -36.1777 1.0809 -122.9954,
		 -36.1777 1.1033 -122.9863,
		 -36.2621 1.0809 -122.9954,
		 -32.8774 1.1012 -122.9872,
		 -30.8054 1.1012 -122.9872,
		 -32.8763 1.1369 -122.9727,
		 -32.8774 1.1012 -122.9872,
		 -30.8033 1.1369 -122.9727,
		 -30.8033 1.1369 -122.9727,
		 -30.8026 1.1505 -122.9671,
		 -33.0889 1.1505 -122.9671,
		 -33.0898 1.1369 -122.9727,
		 -31.1498 1.1703 -122.9591,
		 -31.2218 1.1505 -122.9671,
		 -30.8015 1.1703 -122.9591,
		 -33.0881 1.1617 -122.9626,
		 -33.0889 1.1505 -122.9671,
		 -31.2460 1.1617 -122.9626,
		 -32.6106 1.1703 -122.9591,
		 -32.6873 1.1617 -122.9626,
		 -31.2646 1.1703 -122.9591,
		 -32.6999 1.1703 -122.9591,
		 -33.0875 1.1703 -122.9591,
		 -33.0881 1.1617 -122.9626,
		 -31.1494 1.1704 -122.9590,
		 -31.1498 1.1703 -122.9591,
		 -30.8014 1.1704 -122.9590,
		 -31.1429 1.1814 -122.9546,
		 -30.8008 1.1814 -122.9546,
		 -31.2646 1.1703 -122.9591,
		 -31.2884 1.1814 -122.9546,
		 -31.5637 1.1814 -122.9546,
		 -31.6953 1.1703 -122.9591,
		 -31.1141 1.2297 -122.9350,
		 -31.1429 1.1814 -122.9546,
		 -30.7981 1.2297 -122.9350,
		 -31.1288 1.2712 -122.9181,
		 -30.7957 1.2712 -122.9181,
		 -31.3116 1.2455 -122.9285,
		 -31.2963 1.2712 -122.9181,
		 -31.4794 1.2712 -122.9181,
		 -31.5035 1.2455 -122.9285,
		 -31.2890 1.1816 -122.9545,
		 -31.5634 1.1816 -122.9545,
		 -31.2884 1.1814 -122.9546,
		 -31.5637 1.1814 -122.9546,
		 -31.1367 1.2936 -122.9090,
		 -31.1288 1.2712 -122.9181,
		 -30.7945 1.2936 -122.9090,
		 -31.2039 1.3247 -122.8964,
		 -30.7938 1.3047 -122.9045,
		 -30.8475 1.3247 -122.8964,
		 -30.8475 1.3247 -122.8964,
		 -31.0162 1.3873 -122.8710,
		 -31.4919 1.3873 -122.8710,
		 -31.4851 1.3247 -122.8964,
		 -31.2763 1.3047 -122.9045,
		 -31.4830 1.3047 -122.9045,
		 -31.2963 1.2712 -122.9181,
		 -31.4794 1.2712 -122.9181,
		 -31.5938 1.4616 -122.8408,
		 -31.2163 1.4616 -122.8408,
		 -31.2163 1.4616 -122.8408,
		 -31.2763 1.4838 -122.8318,
		 -31.8604 1.5734 -122.7954,
		 -32.3811 1.5734 -122.7954,
		 -33.0667 1.4726 -122.8363,
		 -33.0675 1.4616 -122.8408,
		 -32.1398 1.4616 -122.8408,
		 -32.1247 1.4505 -122.8453,
		 -31.7255 1.4505 -122.8453,
		 -32.2715 1.4505 -122.8453,
		 -32.1399 1.4616 -122.8408,
		 -33.0683 1.4505 -122.8453,
		 -32.0379 1.3873 -122.8710,
		 -32.0350 1.3607 -122.8818,
		 -31.8098 1.3607 -122.8818,
		 -31.7848 1.3873 -122.8710,
		 -32.1247 1.4505 -122.8453,
		 -31.7255 1.4505 -122.8453,
		 -33.0286 1.3831 -122.8727,
		 -33.0286 1.3607 -122.8818,
		 -32.3558 1.3607 -122.8818,
		 -32.3348 1.3831 -122.8727,
		 -32.3348 1.3831 -122.8727,
		 -32.2715 1.4505 -122.8453,
		 -33.0729 1.3831 -122.8727,
		 -32.0254 1.2712 -122.9181,
		 -32.0504 1.2446 -122.9289,
		 -31.7973 1.2446 -122.9289,
		 -31.8001 1.2712 -122.9181,
		 -32.0350 1.3607 -122.8818,
		 -31.8098 1.3607 -122.8818,
		 -32.5715 1.2936 -122.9090,
		 -32.5645 1.2446 -122.9289,
		 -32.3433 1.2446 -122.9289,
		 -32.3486 1.2936 -122.9090,
		 -32.6335 1.3358 -122.8919,
		 -32.3531 1.3358 -122.8919,
		 -33.0286 1.3607 -122.8818,
		 -33.0286 1.3358 -122.8919,
		 -32.3531 1.3358 -122.8919,
		 -32.3558 1.3607 -122.8818,
		 -33.0286 1.3358 -122.8919,
		 -33.0286 1.3271 -122.8954,
		 -32.7112 1.3271 -122.8954,
		 -33.0286 1.3271 -122.8954,
		 -33.0286 1.2725 -122.9176,
		 -32.7592 1.2725 -122.9176,
		 -33.0286 1.2725 -122.9176,
		 -33.0286 1.2446 -122.9289,
		 -32.7552 1.2446 -122.9289,
		 -32.1097 1.1814 -122.9546,
		 -32.2413 1.1703 -122.9591,
		 -31.7105 1.1814 -122.9546,
		 -32.0504 1.2446 -122.9289,
		 -31.7973 1.2446 -122.9289,
		 -32.6096 1.1704 -122.9590,
		 -32.6106 1.1703 -122.9591,
		 -32.2415 1.1704 -122.9590,
		 -32.5616 1.2250 -122.9369,
		 -32.3164 1.2250 -122.9369,
		 -32.5645 1.2446 -122.9289,
		 -32.3433 1.2446 -122.9289,
		 -33.0286 1.2446 -122.9289,
		 -33.0286 1.2040 -122.9454,
		 -32.7493 1.2040 -122.9454,
		 -32.7552 1.2446 -122.9289,
		 -33.0868 1.1816 -122.9545,
		 -33.0875 1.1703 -122.9591,
		 -32.6999 1.1703 -122.9591,
		 -32.7165 1.1816 -122.9545,
		 -33.0286 1.2040 -122.9454,
		 -33.0286 1.1816 -122.9545,
		 -32.7165 1.1816 -122.9545,
		 -32.1399 1.4616 -122.8408,
		 -34.1715 1.1816 -122.9545,
		 -34.2170 -0.1727 -123.5044,
		 -33.9556 -0.6427 -123.6952,
		 -33.2191 -0.6539 -123.6998,
		 -32.9461 -0.1727 -123.5044,
		 -33.0286 0.1967 -123.3544,
		 -33.0286 -0.1727 -123.5044,
		 -32.9461 -0.1727 -123.5044,
		 -32.9144 -0.1167 -123.4816,
		 -32.9048 0.1967 -123.3544,
		 -32.9048 0.1967 -123.3544,
		 -32.9021 0.2863 -123.3180,
		 -34.2730 0.2863 -123.3180,
		 -34.2730 0.1967 -123.3544,
		 -34.1207 -0.1727 -123.5044,
		 -34.1207 0.1967 -123.3544,
		 -34.2730 -0.0719 -123.4635,
		 -34.2170 -0.1727 -123.5044,
		 -32.9780 1.0474 -123.0090,
		 -32.9780 0.2863 -123.3180,
		 -32.9021 0.2863 -123.3180,
		 -32.8790 1.0474 -123.0090,
		 -32.8790 1.0474 -123.0090,
		 -34.2730 1.0474 -123.0090,
		 -34.1844 0.2863 -123.3180,
		 -34.1844 1.0474 -123.0090,
		 -34.2730 0.2863 -123.3180,
		 -34.1844 0.3758 -123.2817,
		 -32.9780 0.3758 -123.2817,
		 -33.3842 0.3881 -123.2767,
		 -33.3842 0.3758 -123.2817,
		 -32.9780 0.3758 -123.2817,
		 -32.9780 0.3881 -123.2767,
		 -33.1280 0.3982 -123.2726,
		 -33.1556 0.3881 -123.2767,
		 -32.9780 0.3982 -123.2726,
		 -33.1832 0.3982 -123.2726,
		 -33.3842 0.3982 -123.2726,
		 -33.3842 0.3881 -123.2767,
		 -33.4731 0.3758 -123.2817,
		 -33.4731 0.3982 -123.2726,
		 -34.1844 0.3982 -123.2726,
		 -34.1844 0.3758 -123.2817,
		 -33.0667 0.4205 -123.2635,
		 -33.1280 0.3982 -123.2726,
		 -32.9780 0.3982 -123.2726,
		 -32.9780 0.4205 -123.2635,
		 -33.0299 0.4989 -123.2317,
		 -32.9780 0.4989 -123.2317,
		 -33.0667 0.5772 -123.1999,
		 -32.9780 0.5772 -123.1999,
		 -33.1556 0.6097 -123.1867,
		 -32.9780 0.6097 -123.1867,
		 -32.9780 0.6097 -123.1867,
		 -32.9780 0.6108 -123.1863,
		 -33.3842 0.6108 -123.1863,
		 -33.3842 0.6097 -123.1867,
		 -33.2445 0.5772 -123.1999,
		 -33.3842 0.5772 -123.1999,
		 -33.2813 0.4989 -123.2317,
		 -33.3842 0.4989 -123.2317,
		 -33.2445 0.4205 -123.2635,
		 -33.3842 0.4205 -123.2635,
		 -33.1832 0.3982 -123.2726,
		 -33.3842 0.3982 -123.2726,
		 -32.9780 0.6108 -123.1863,
		 -32.9780 0.6220 -123.1817,
		 -33.5874 0.6220 -123.1817,
		 -33.5874 0.6108 -123.1863,
		 -33.4731 0.3982 -123.2726,
		 -33.4731 0.6108 -123.1863,
		 -33.5874 0.3982 -123.2726,
		 -32.9780 0.6220 -123.1817,
		 -32.9780 0.7004 -123.1499,
		 -33.8540 0.7004 -123.1499,
		 -33.8540 0.6220 -123.1817,
		 -33.6762 0.3982 -123.2726,
		 -33.6762 0.6220 -123.1817,
		 -33.8540 0.3982 -123.2726,
		 -34.0826 0.3982 -123.2726,
		 -34.0826 0.7004 -123.1499,
		 -34.1844 0.7004 -123.1499,
		 -34.1844 0.3982 -123.2726,
		 -33.1175 0.8906 -123.0726,
		 -33.1175 0.7004 -123.1499,
		 -32.9780 0.7004 -123.1499,
		 -32.9780 0.8906 -123.0726,
		 -33.8540 0.9242 -123.0590,
		 -33.8540 0.8906 -123.0726,
		 -32.9780 0.8906 -123.0726,
		 -32.9780 0.9242 -123.0590,
		 -32.9780 0.9242 -123.0590,
		 -34.1844 0.9242 -123.0590,
		 -34.0826 0.8906 -123.0726,
		 -34.0826 0.9242 -123.0590,
		 -34.1844 0.8906 -123.0726,
		 -33.8540 0.8906 -123.0726,
		 -33.8540 0.7004 -123.1499,
		 -33.7397 0.7004 -123.1499,
		 -33.7397 0.8906 -123.0726,
		 -34.0826 0.7004 -123.1499,
		 -34.0826 0.8906 -123.0726,
		 -34.1844 0.7004 -123.1499,
		 -32.8763 1.0250 -123.0181,
		 -33.7397 0.7004 -123.1499,
		 -33.6762 0.3982 -123.2726,
		 -33.5874 0.3982 -123.2726,
		 -30.7684 0.7227 -123.1405,
		 -30.7684 0.5101 -123.2272,
		 -32.8953 0.5101 -123.2272,
		 -32.8889 0.7227 -123.1408,
		 -36.2542 0.7227 -123.1405,
		 -34.2730 0.7227 -123.1408,
		 -34.2730 0.5101 -123.2272,
		 -30.7684 0.8011 -123.1086,
		 -30.7938 0.8011 -123.1090,
		 -36.2542 0.7339 -123.1359,
		 -36.2542 0.7446 -123.1320,
		 -30.7938 0.7227 -123.1408,
		 -32.8889 0.7227 -123.1408,
		 -32.8887 0.7270 -123.1391,
		 -36.2542 0.7299 -123.1376,
		 -34.2730 0.7299 -123.1379,
		 -36.2542 0.7227 -123.1405,
		 -34.2730 0.7299 -123.1379,
		 -34.2730 0.7227 -123.1408,
		 -30.7684 0.8340 -123.0952,
		 -30.7938 0.8011 -123.1090,
		 -30.7938 0.8340 -123.0956,
		 -30.7684 0.8890 -123.0727,
		 -30.7938 0.8340 -123.0956,
		 -30.7938 0.8890 -123.0733,
		 -30.7684 0.9130 -123.0629,
		 -30.7938 0.8890 -123.0733,
		 -30.7938 0.9130 -123.0635,
		 -30.7684 1.0157 -123.0211,
		 -30.7938 0.9130 -123.0635,
		 -30.7938 1.0157 -123.0219,
		 -30.7684 1.1369 -122.9717,
		 -30.7938 1.0157 -123.0219,
		 -30.7938 1.1369 -122.9727,
		 -30.7684 1.1704 -122.9580,
		 -30.7938 1.1369 -122.9727,
		 -30.7684 1.1714 -122.9577,
		 -30.8014 1.1714 -122.9586,
		 -30.7684 1.2056 -122.9437,
		 -30.8014 1.1714 -122.9586,
		 -30.7994 1.2056 -122.9448,
		 -30.7684 1.2056 -122.9437,
		 -30.7994 1.2056 -122.9448,
		 -30.7945 1.2929 -122.9093,
		 -36.1166 1.2929 -122.9093,
		 -36.2542 1.2730 -122.9174,
		 -30.7938 0.7270 -123.1391,
		 -32.8887 0.7270 -123.1391,
		 -30.7938 0.9354 -123.0545,
		 -32.8887 0.7270 -123.1391,
		 -32.8824 0.9354 -123.0545,
		 -30.7938 1.0249 -123.0181,
		 -30.7938 0.9354 -123.0545,
		 -30.7938 1.0250 -123.0181,
		 -30.7938 1.0249 -123.0181,
		 -32.1779 1.0249 -123.0181,
		 -32.8797 1.0250 -123.0181,
		 -32.8780 1.0809 -122.9954,
		 -30.7938 1.0809 -122.9954,
		 -30.7938 1.0250 -123.0181,
		 -31.6065 0.9466 -123.0499,
		 -32.8824 0.9354 -123.0545,
		 -32.8821 0.9466 -123.0499,
		 -31.6065 0.9466 -123.0499,
		 -32.1779 1.0249 -123.0181,
		 -32.8821 0.9466 -123.0499,
		 -32.8797 1.0249 -123.0181,
		 -32.8763 1.0249 -123.0181,
		 -34.2730 0.7451 -123.1317,
		 -34.2730 0.7299 -123.1379,
		 -36.2542 0.7451 -123.1317,
		 -34.2730 1.0809 -122.9954,
		 -34.2730 0.7451 -123.1317,
		 -34.4508 1.0809 -122.9954,
		 -34.5397 0.8011 -123.1090,
		 -36.2542 0.7451 -123.1317,
		 -36.2555 0.8011 -123.1090,
		 -34.5397 1.0809 -122.9954,
		 -34.5397 0.8011 -123.1090,
		 -34.6286 1.0809 -122.9954,
		 -36.2555 0.8011 -123.1090,
		 -36.2621 1.0809 -122.9954,
		 -36.1777 1.0809 -122.9954,
		 -30.8014 1.1714 -122.9586,
		 -33.0868 1.1816 -122.9545,
		 -33.0898 1.1369 -122.9727,
		 -34.4508 1.1369 -122.9727,
		 -34.4508 1.1816 -122.9545,
		 -36.2634 1.1369 -122.9727,
		 -36.2645 1.1816 -122.9545,
		 -34.5397 1.1816 -122.9545,
		 -34.5397 1.1369 -122.9727,
		 -34.2730 1.1033 -122.9863,
		 -34.4508 1.1033 -122.9863,
		 -34.4508 1.1369 -122.9727,
		 -34.5397 1.1145 -122.9818,
		 -34.5397 1.1033 -122.9863,
		 -34.6286 1.1033 -122.9863,
		 -36.2629 1.1145 -122.9818,
		 -36.2634 1.1369 -122.9727,
		 -34.5397 1.1369 -122.9727,
		 -34.5397 1.1145 -122.9818,
		 -36.2626 1.1033 -122.9863,
		 -36.1777 1.1033 -122.9863,
		 -35.4949 1.3831 -122.8727,
		 -33.0683 1.4500 -122.8455,
		 -33.0729 1.3831 -122.8727,
		 -34.1715 1.3383 -122.8909,
		 -34.1715 1.1816 -122.9545,
		 -34.4508 1.1816 -122.9545,
		 -35.8036 1.3383 -122.8909,
		 -34.1715 1.3383 -122.8909,
		 -36.2645 1.1816 -122.9545,
		 -34.5397 1.1816 -122.9545,
		 -30.8065 1.0809 -122.9954,
		 -32.8780 1.0809 -122.9954,
		 -32.8774 1.1012 -122.9872,
		 -34.2730 1.1033 -122.9863,
		 -34.2730 1.0809 -122.9954,
		 -34.4508 1.0809 -122.9954,
		 -34.4508 1.1033 -122.9863,
		 -34.5397 1.1033 -122.9863,
		 -34.5397 1.0809 -122.9954,
		 -34.6286 1.0809 -122.9954,
		 -34.6286 1.1033 -122.9863,
		 -36.2621 1.0809 -122.9954,
		 -36.1777 1.1033 -122.9863,
		 -36.1777 1.0809 -122.9954,
		 -30.8054 1.1012 -122.9872,
		 -32.8774 1.1012 -122.9872,
		 -30.8033 1.1369 -122.9727,
		 -32.8774 1.1012 -122.9872,
		 -33.0898 1.1369 -122.9727,
		 -33.0889 1.1505 -122.9671,
		 -30.8026 1.1505 -122.9671,
		 -30.8033 1.1369 -122.9727,
		 -30.8015 1.1703 -122.9591,
		 -31.1498 1.1703 -122.9591,
		 -31.2460 1.1617 -122.9626,
		 -33.0889 1.1505 -122.9671,
		 -33.0881 1.1617 -122.9626,
		 -31.2646 1.1703 -122.9591,
		 -32.6106 1.1703 -122.9591,
		 -33.0881 1.1617 -122.9626,
		 -33.0875 1.1703 -122.9591,
		 -32.6999 1.1703 -122.9591,
		 -30.8014 1.1704 -122.9590,
		 -31.1498 1.1703 -122.9591,
		 -30.8008 1.1814 -122.9546,
		 -31.1429 1.1814 -122.9546,
		 -31.5637 1.1814 -122.9546,
		 -31.2884 1.1814 -122.9546,
		 -31.2646 1.1703 -122.9591,
		 -30.7981 1.2297 -122.9350,
		 -31.1429 1.1814 -122.9546,
		 -30.7957 1.2712 -122.9181,
		 -31.1288 1.2712 -122.9181,
		 -31.5035 1.2455 -122.9285,
		 -31.4794 1.2712 -122.9181,
		 -31.2963 1.2712 -122.9181,
		 -31.5634 1.1816 -122.9545,
		 -31.2884 1.1814 -122.9546,
		 -30.7945 1.2936 -122.9090,
		 -31.1288 1.2712 -122.9181,
		 -30.8475 1.3247 -122.8964,
		 -31.4851 1.3247 -122.8964,
		 -31.0162 1.3873 -122.8710,
		 -30.8475 1.3247 -122.8964,
		 -31.4830 1.3047 -122.9045,
		 -31.2963 1.2712 -122.9181,
		 -31.2163 1.4616 -122.8408,
		 -33.0675 1.4616 -122.8408,
		 -31.2163 1.4616 -122.8408,
		 -31.7255 1.4505 -122.8453,
		 -32.1247 1.4505 -122.8453,
		 -32.1398 1.4616 -122.8408,
		 -33.0683 1.4505 -122.8453,
		 -32.1399 1.4616 -122.8408,
		 -31.7848 1.3873 -122.8710,
		 -31.8098 1.3607 -122.8818,
		 -32.0350 1.3607 -122.8818,
		 -32.1247 1.4505 -122.8453,
		 -32.3348 1.3831 -122.8727,
		 -33.0286 1.3607 -122.8818,
		 -33.0729 1.3831 -122.8727,
		 -32.2715 1.4505 -122.8453,
		 -32.3348 1.3831 -122.8727,
		 -31.8001 1.2712 -122.9181,
		 -31.7973 1.2446 -122.9289,
		 -32.0504 1.2446 -122.9289,
		 -32.0350 1.3607 -122.8818,
		 -32.3486 1.2936 -122.9090,
		 -32.5645 1.2446 -122.9289,
		 -32.3531 1.3358 -122.8919,
		 -32.3558 1.3607 -122.8818,
		 -32.3531 1.3358 -122.8919,
		 -33.0286 1.3358 -122.8919,
		 -33.0286 1.3607 -122.8818,
		 -33.0286 1.3271 -122.8954,
		 -33.0286 1.3358 -122.8919,
		 -33.0286 1.2725 -122.9176,
		 -33.0286 1.3271 -122.8954,
		 -32.7552 1.2446 -122.9289,
		 -33.0286 1.2446 -122.9289,
		 -33.0286 1.2725 -122.9176,
		 -31.7105 1.1814 -122.9546,
		 -32.0504 1.2446 -122.9289,
		 -32.2415 1.1704 -122.9590,
		 -32.6106 1.1703 -122.9591,
		 -32.3164 1.2250 -122.9369,
		 -32.3433 1.2446 -122.9289,
		 -32.5645 1.2446 -122.9289,
		 -32.7552 1.2446 -122.9289,
		 -33.0286 1.2040 -122.9454,
		 -33.0286 1.2446 -122.9289,
		 -32.7165 1.1816 -122.9545,
		 -32.6999 1.1703 -122.9591,
		 -33.0875 1.1703 -122.9591,
		 -33.0868 1.1816 -122.9545,
		 -32.7165 1.1816 -122.9545,
		 -33.0286 1.2040 -122.9454,
		 -32.9461 -0.1727 -123.5044,
		 -34.2170 -0.1727 -123.5044,
		 -32.9048 0.1967 -123.3544,
		 -32.9461 -0.1727 -123.5044,
		 -34.2730 0.1967 -123.3544,
		 -34.2730 0.2863 -123.3180,
		 -32.9021 0.2863 -123.3180,
		 -32.9048 0.1967 -123.3544,
		 -34.2170 -0.1727 -123.5044,
		 -32.8790 1.0474 -123.0090,
		 -32.9021 0.2863 -123.3180,
		 -34.2730 1.0474 -123.0090,
		 -32.8790 1.0474 -123.0090,
		 -34.2730 0.2863 -123.3180,
		 -32.9780 0.3758 -123.2817,
		 -34.1844 0.3758 -123.2817,
		 -32.9780 0.3881 -123.2767,
		 -32.9780 0.3758 -123.2817,
		 -33.3842 0.3881 -123.2767,
		 -32.9780 0.3982 -123.2726,
		 -33.1280 0.3982 -123.2726,
		 -33.3842 0.3881 -123.2767,
		 -33.3842 0.3982 -123.2726,
		 -33.1832 0.3982 -123.2726,
		 -34.1844 0.3758 -123.2817,
		 -34.1844 0.3982 -123.2726,
		 -33.4731 0.3982 -123.2726,
		 -32.9780 0.4205 -123.2635,
		 -32.9780 0.3982 -123.2726,
		 -33.1280 0.3982 -123.2726,
		 -32.9780 0.4989 -123.2317,
		 -32.9780 0.5772 -123.1999,
		 -32.9780 0.6097 -123.1867,
		 -33.3842 0.6097 -123.1867,
		 -32.9780 0.6108 -123.1863,
		 -32.9780 0.6097 -123.1867,
		 -33.3842 0.5772 -123.1999,
		 -33.3842 0.4989 -123.2317,
		 -33.3842 0.4205 -123.2635,
		 -33.3842 0.3982 -123.2726,
		 -33.1832 0.3982 -123.2726,
		 -33.5874 0.6108 -123.1863,
		 -32.9780 0.6220 -123.1817,
		 -32.9780 0.6108 -123.1863,
		 -33.5874 0.3982 -123.2726,
		 -33.4731 0.3982 -123.2726,
		 -33.8540 0.6220 -123.1817,
		 -33.8540 0.7004 -123.1499,
		 -32.9780 0.7004 -123.1499,
		 -32.9780 0.6220 -123.1817,
		 -33.6762 0.3982 -123.2726,
		 -34.1844 0.3982 -123.2726,
		 -34.1844 0.7004 -123.1499,
		 -34.0826 0.7004 -123.1499,
		 -32.9780 0.8906 -123.0726,
		 -32.9780 0.7004 -123.1499,
		 -32.9780 0.9242 -123.0590,
		 -32.9780 0.8906 -123.0726,
		 -33.8540 0.8906 -123.0726,
		 -34.1844 0.9242 -123.0590,
		 -32.9780 0.9242 -123.0590,
		 -34.1844 0.8906 -123.0726,
		 -34.0826 0.8906 -123.0726,
		 -33.7397 0.7004 -123.1499,
		 -33.8540 0.7004 -123.1499,
		 -33.8540 0.8906 -123.0726,
		 -34.1844 0.7004 -123.1499,
		 -34.0826 0.8906 -123.0726,
		 -34.0826 0.7004 -123.1499
		]
	} #Coordinate3
	Material {
		ambientColor      0.2422 0.1814 0.1059  #ambientColor
		diffuseColor      0.9686 0.7255 0.4235  #diffuseColor
		transparency      0.0000                #transparency
	} #Material

	IndexedFaceSet {
		coordIndex [ 
		 0, 1, 2, 3,-1,
		 3, 2, 1, 0,-1,
		 0, 3, 7, 4,-1,
		 4, 7, 3, 0,-1,
		]
	} #IndexedFaceSet
	Material {
		ambientColor      0.0392 0.0392 0.0392  #ambientColor
		diffuseColor      0.1569 0.1569 0.1569  #diffuseColor
		transparency      0.0000                #transparency
	} #Material

	IndexedFaceSet {
		coordIndex [ 
		 8, 9, 10, 11,-1,
		 12, 13, 14, 5,-1,
		 15, 16, 11, 17,-1,
		 18, 19, 20,-1,
		 21, 22, 23,-1,
		 24, 18, 20, 25,-1,
		 26, 27, 25, 28,-1,
		 29, 30, 17, 31,-1,
		 32, 33, 31, 34,-1,
		 35, 36, 34, 37,-1,
		 38, 39, 37, 40,-1,
		 41, 42, 40, 43,-1,
		 44, 45, 43, 46,-1,
		 47, 44, 46, 48,-1,
		 49, 50, 48, 51,-1,
		 52, 53, 54, 0,-1,
		 55, 56, 4,-1,
		]
	} #IndexedFaceSet
	Material {
		ambientColor      0.0637 0.0637 0.0637  #ambientColor
		diffuseColor      0.2549 0.2549 0.2549  #diffuseColor
		transparency      0.0000                #transparency
	} #Material

	IndexedFaceSet {
		coordIndex [ 
		 57, 16, 58,-1,
		 59, 60, 58, 61,-1,
		 62, 63, 64, 65,-1,
		 66, 67, 68, 69,-1,
		 70, 71, 72, 73,-1,
		 74, 75, 76, 77,-1,
		 78, 79, 80, 81,-1,
		 82, 83, 84, 85,-1,
		 86, 18, 87, 88,-1,
		 89, 90, 91, 92,-1,
		 93, 94, 95, 96,-1,
		 97, 98, 99, 100,-1,
		 101, 102, 103, 104,-1,
		 105, 106, 71, 44,-1,
		 107, 108, 109, 110,-1,
		 111, 112, 113, 114,-1,
		 115, 116, 117, 118,-1,
		 119, 120, 121, 122,-1,
		 123, 124, 125, 126,-1,
		 127, 128, 126, 129,-1,
		 130, 131, 132, 133,-1,
		 134, 135, 136, 137,-1,
		 138, 139, 133, 140,-1,
		 141, 142, 140, 143, 144,-1,
		 145, 146, 147,-1,
		 148, 149, 150, 151,-1,
		 152, 153, 154, 155,-1,
		 156, 157, 129, 158,-1,
		 159, 106, 160,-1,
		 161, 162, 160, 163,-1,
		 164, 165, 166, 167,-1,
		 168, 169, 165, 170,-1,
		 171, 172, 169, 173,-1,
		 174, 175, 173, 176,-1,
		 175, 177, 178, 179,-1,
		 180, 181, 170, 182,-1,
		 183, 180, 182, 184,-1,
		 185, 186, 187, 188,-1,
		 189, 190, 184, 191,-1,
		 192, 189, 191, 193,-1,
		 194, 195, 196, 197,-1,
		 198, 194, 197, 199,-1,
		 200, 198, 199, 201,-1,
		 202, 203, 193, 204,-1,
		 205, 202, 204, 206, 207,-1,
		 208, 209, 210, 211,-1,
		 212, 205, 211, 213,-1,
		 214, 212, 213, 215,-1,
		 216, 210, 209, 217,-1,
		 218, 219, 220, 221, 222, 223,-1,
		 224, 225, 226, 216,-1,
		 227, 228, 223, 229,-1,
		 230, 231, 232, 233,-1,
		 234, 230, 233, 235,-1,
		 236, 237, 238, 239,-1,
		 240, 241, 229, 242,-1,
		 243, 244, 245, 246,-1,
		 247, 243, 246, 248,-1,
		 249, 250, 251, 252,-1,
		 253, 249, 252, 254,-1,
		 255, 256, 257, 258,-1,
		 259, 260, 261, 253,-1,
		 262, 263, 264, 261,-1,
		 265, 266, 267, 264,-1,
		 268, 269, 188, 270,-1,
		 271, 268, 270, 272,-1,
		 273, 274, 269, 275,-1,
		 276, 273, 275, 277,-1,
		 278, 276, 277, 279,-1,
		 280, 281, 282, 283,-1,
		 284, 285, 286, 287,-1,
		 288, 289, 290, 282,-1,
		]
	} #IndexedFaceSet
	Material {
		ambientColor      0.1598 0.1598 0.1598  #ambientColor
		diffuseColor      0.6392 0.6392 0.6392  #diffuseColor
		transparency      0.0000                #transparency
	} #Material

	IndexedFaceSet {
		coordIndex [ 
		 216, 235, 248, 272, 188, 201, 215, 210,-1,
		 291, 227, 238, 251, 269, 268, 243, 230,-1,
		 169, 180, 189, 202, 205, 212, 194, 198,-1,
		 175, 273, 276, 249, 253, 261, 264, 282,-1,
		]
	} #IndexedFaceSet
	Material {
		ambientColor      0.0392 0.0392 0.0392  #ambientColor
		diffuseColor      0.1569 0.1569 0.1569  #diffuseColor
		transparency      0.0000                #transparency
	} #Material

	IndexedFaceSet {
		coordIndex [ 
		 139, 292, 289, 236,-1,
		]
	} #IndexedFaceSet
	Material {
		ambientColor      0.0637 0.0637 0.0637  #ambientColor
		diffuseColor      0.2549 0.2549 0.2549  #diffuseColor
		transparency      0.0000                #transparency
	} #Material

	IndexedFaceSet {
		coordIndex [ 
		 293, 294, 295, 296,-1,
		 297, 298, 299, 300, 301,-1,
		 302, 303, 304, 305,-1,
		 306, 307, 305, 308, 309,-1,
		 310, 311, 312, 313,-1,
		 314, 161, 118, 315,-1,
		 316, 317, 315, 318,-1,
		]
	} #IndexedFaceSet
	Material {
		ambientColor      0.0392 0.0392 0.0392  #ambientColor
		diffuseColor      0.1569 0.1569 0.1569  #diffuseColor
		transparency      0.0000                #transparency
	} #Material

	IndexedFaceSet {
		coordIndex [ 
		 319, 316, 311, 320,-1,
		 321, 322, 323, 324,-1,
		 325, 326, 324, 327,-1,
		 326, 328, 329, 330,-1,
		 331, 332, 333, 334,-1,
		 335, 336, 337, 338,-1,
		 339, 335, 338, 340,-1,
		 341, 339, 340, 342,-1,
		 343, 341, 342, 344,-1,
		 345, 346, 347, 348,-1,
		 349, 343, 348, 350,-1,
		 351, 349, 350, 352,-1,
		 353, 351, 352, 354,-1,
		 355, 353, 354, 356,-1,
		 357, 358, 359, 360,-1,
		 361, 362, 360, 363,-1,
		 364, 365, 366, 367,-1,
		 368, 369, 367, 370,-1,
		 371, 372, 373, 374,-1,
		 375, 376, 377, 378,-1,
		 379, 380, 381, 382,-1,
		 383, 310, 317, 384,-1,
		 385, 386, 384, 387,-1,
		 388, 389, 390, 391,-1,
		 392, 393, 387, 394,-1,
		 81, 76, 63, 62,-1,
		 395, 82, 79, 66,-1,
		]
	} #IndexedFaceSet
	Material {
		ambientColor      0.0637 0.0637 0.0637  #ambientColor
		diffuseColor      0.2549 0.2549 0.2549  #diffuseColor
		transparency      0.0000                #transparency
	} #Material

	IndexedFaceSet {
		coordIndex [ 
		 391, 396, 376, 375,-1,
		 386, 371, 370, 379,-1,
		 369, 397, 398, 359,-1,
		 362, 331, 322, 347,-1,
		 326, 335, 339, 341, 343, 349, 351, 353,-1,
		]
	} #IndexedFaceSet
	Material {
		ambientColor      0.0392 0.0392 0.0392  #ambientColor
		diffuseColor      0.1569 0.1569 0.1569  #diffuseColor
		transparency      0.0000                #transparency
	} #Material

	IndexedFaceSet {
		coordIndex [ 
		 307, 306, 298, 297,-1,
		 142, 95, 90, 134,-1,
		]
	} #IndexedFaceSet
	Material {
		ambientColor      0.0637 0.0637 0.0637  #ambientColor
		diffuseColor      0.2549 0.2549 0.2549  #diffuseColor
		transparency      0.0000                #transparency
	} #Material

	IndexedFaceSet {
		coordIndex [ 
		 128, 101, 98, 119,-1,
		]
	} #IndexedFaceSet
	Material {
		ambientColor      0.0392 0.0392 0.0392  #ambientColor
		diffuseColor      0.1569 0.1569 0.1569  #diffuseColor
		transparency      0.0000                #transparency
	} #Material

	IndexedFaceSet {
		coordIndex [ 
		 399, 400, 401, 402,-1,
		 5, 403, 404, 405,-1,
		 406, 399, 16, 407,-1,
		 408, 409, 18,-1,
		 410, 411, 412,-1,
		 413, 408, 18, 414,-1,
		 415, 413, 416, 417,-1,
		 418, 406, 419, 420,-1,
		 421, 418, 422, 423,-1,
		 424, 421, 425, 426,-1,
		 427, 424, 428, 429,-1,
		 430, 427, 431, 432,-1,
		 433, 430, 434, 44,-1,
		 435, 433, 44, 436,-1,
		 437, 435, 438, 439,-1,
		 0, 440, 441, 442,-1,
		 4, 443, 444,-1,
		]
	} #IndexedFaceSet
	Material {
		ambientColor      0.0637 0.0637 0.0637  #ambientColor
		diffuseColor      0.2549 0.2549 0.2549  #diffuseColor
		transparency      0.0000                #transparency
	} #Material

	IndexedFaceSet {
		coordIndex [ 
		 445, 16, 446,-1,
		 447, 445, 448, 449,-1,
		 450, 451, 63, 62,-1,
		 452, 453, 454, 66,-1,
		 455, 456, 457, 458,-1,
		 459, 76, 460, 461,-1,
		 81, 462, 79, 463,-1,
		 464, 465, 466, 82,-1,
		 467, 468, 18, 469,-1,
		 470, 471, 90, 472,-1,
		 473, 95, 474, 475,-1,
		 476, 477, 98, 478,-1,
		 479, 480, 481, 101,-1,
		 44, 457, 106, 482,-1,
		 483, 484, 485, 486,-1,
		 487, 488, 489, 490,-1,
		 118, 491, 492, 493,-1,
		 494, 495, 496, 119,-1,
		 497, 498, 499, 500,-1,
		 501, 497, 128, 502,-1,
		 503, 132, 504, 505,-1,
		 506, 507, 508, 134,-1,
		 509, 503, 139, 510,-1,
		 511, 143, 509, 142, 512,-1,
		 513, 514, 515,-1,
		 516, 517, 518, 519,-1,
		 520, 521, 522, 523,-1,
		 524, 501, 525, 526,-1,
		 527, 106, 528,-1,
		 529, 527, 530, 161,-1,
		 531, 532, 533, 534,-1,
		 535, 533, 169, 536,-1,
		 537, 169, 538, 539,-1,
		 540, 537, 175, 541,-1,
		 542, 543, 544, 175,-1,
		 545, 535, 546, 180,-1,
		 547, 545, 180, 548,-1,
		 188, 549, 550, 551,-1,
		 552, 547, 553, 189,-1,
		 554, 552, 189, 555,-1,
		 556, 557, 558, 194,-1,
		 559, 556, 194, 198,-1,
		 201, 559, 198, 560,-1,
		 561, 554, 562, 202,-1,
		 563, 206, 561, 202, 205,-1,
		 564, 210, 565, 566,-1,
		 567, 564, 205, 212,-1,
		 215, 567, 212, 568,-1,
		 569, 565, 210, 216,-1,
		 570, 222, 221, 220, 219, 571,-1,
		 216, 572, 573, 574,-1,
		 575, 570, 576, 227,-1,
		 577, 578, 579, 230,-1,
		 235, 577, 230, 580,-1,
		 581, 238, 582, 236,-1,
		 583, 575, 584, 585,-1,
		 586, 587, 588, 243,-1,
		 248, 586, 243, 589,-1,
		 590, 251, 591, 249,-1,
		 592, 590, 249, 253,-1,
		 593, 594, 595, 596,-1,
		 253, 261, 597, 598,-1,
		 261, 264, 599, 600,-1,
		 264, 601, 602, 603,-1,
		 604, 188, 269, 268,-1,
		 272, 604, 268, 605,-1,
		 606, 269, 607, 273,-1,
		 608, 606, 273, 276,-1,
		 609, 608, 276, 610,-1,
		 611, 282, 612, 613,-1,
		 614, 615, 616, 617,-1,
		 282, 618, 289, 619,-1,
		]
	} #IndexedFaceSet
	Material {
		ambientColor      0.1598 0.1598 0.1598  #ambientColor
		diffuseColor      0.6392 0.6392 0.6392  #diffuseColor
		transparency      0.0000                #transparency
	} #Material

	IndexedFaceSet {
		coordIndex [ 
		 210, 215, 201, 188, 272, 248, 235, 216,-1,
		 230, 243, 268, 269, 251, 238, 227, 291,-1,
		 198, 194, 212, 205, 202, 189, 180, 169,-1,
		 282, 264, 261, 253, 249, 276, 273, 175,-1,
		]
	} #IndexedFaceSet
	Material {
		ambientColor      0.0392 0.0392 0.0392  #ambientColor
		diffuseColor      0.1569 0.1569 0.1569  #diffuseColor
		transparency      0.0000                #transparency
	} #Material

	IndexedFaceSet {
		coordIndex [ 
		 236, 289, 292, 139,-1,
		]
	} #IndexedFaceSet
	Material {
		ambientColor      0.0637 0.0637 0.0637  #ambientColor
		diffuseColor      0.2549 0.2549 0.2549  #diffuseColor
		transparency      0.0000                #transparency
	} #Material

	IndexedFaceSet {
		coordIndex [ 
		 620, 295, 294, 621,-1,
		 622, 300, 623, 298, 297,-1,
		 624, 625, 626, 627,-1,
		 628, 308, 624, 307, 306,-1,
		 629, 630, 311, 310,-1,
		 631, 118, 161, 632,-1,
		 633, 631, 317, 316,-1,
		]
	} #IndexedFaceSet
	Material {
		ambientColor      0.0392 0.0392 0.0392  #ambientColor
		diffuseColor      0.1569 0.1569 0.1569  #diffuseColor
		transparency      0.0000                #transparency
	} #Material

	IndexedFaceSet {
		coordIndex [ 
		 634, 311, 316, 635,-1,
		 636, 637, 322, 638,-1,
		 639, 636, 326, 640,-1,
		 641, 642, 643, 326,-1,
		 644, 645, 646, 331,-1,
		 647, 648, 649, 335,-1,
		 650, 647, 335, 339,-1,
		 651, 650, 339, 341,-1,
		 652, 651, 341, 343,-1,
		 653, 347, 654, 655,-1,
		 656, 653, 343, 349,-1,
		 657, 656, 349, 351,-1,
		 658, 657, 351, 353,-1,
		 659, 658, 353, 660,-1,
		 661, 359, 662, 663,-1,
		 664, 661, 362, 665,-1,
		 666, 667, 668, 669,-1,
		 370, 666, 369, 670,-1,
		 671, 672, 673, 371,-1,
		 674, 675, 376, 375,-1,
		 676, 677, 678, 379,-1,
		 679, 317, 310, 680,-1,
		 681, 679, 386, 682,-1,
		 391, 683, 684, 685,-1,
		 686, 681, 687, 688,-1,
		 62, 63, 76, 81,-1,
		 66, 79, 82, 395,-1,
		]
	} #IndexedFaceSet
	Material {
		ambientColor      0.0637 0.0637 0.0637  #ambientColor
		diffuseColor      0.2549 0.2549 0.2549  #diffuseColor
		transparency      0.0000                #transparency
	} #Material

	IndexedFaceSet {
		coordIndex [ 
		 375, 376, 396, 391,-1,
		 379, 370, 371, 386,-1,
		 359, 398, 397, 369,-1,
		 347, 322, 331, 362,-1,
		 353, 351, 349, 343, 341, 339, 335, 326,-1,
		]
	} #IndexedFaceSet
	Material {
		ambientColor      0.0392 0.0392 0.0392  #ambientColor
		diffuseColor      0.1569 0.1569 0.1569  #diffuseColor
		transparency      0.0000                #transparency
	} #Material

	IndexedFaceSet {
		coordIndex [ 
		 297, 298, 306, 307,-1,
		 134, 90, 95, 142,-1,
		]
	} #IndexedFaceSet
	Material {
		ambientColor      0.0637 0.0637 0.0637  #ambientColor
		diffuseColor      0.2549 0.2549 0.2549  #diffuseColor
		transparency      0.0000                #transparency
	} #Material

	IndexedFaceSet {
		coordIndex [ 
		 119, 98, 101, 128,-1,
		]
	} #IndexedFaceSet
	Material {
		ambientColor      0.2422 0.1814 0.1059  #ambientColor
		diffuseColor      0.9686 0.7255 0.4235  #diffuseColor
		transparency      0.0000                #transparency
	} #Material

	IndexedFaceSet {
		coordIndex [ 
		 2, 1, 5, 6,-1,
		 6, 5, 1, 2,-1,
		 3, 2, 6, 7,-1,
		 7, 6, 2, 3,-1,
		 7, 6, 5, 4,-1,
		 4, 5, 6, 7,-1,
		]
	} #IndexedFaceSet
} #Polyhedron
Separator { #Polyhedron
	DEF COORD21 Coordinate3 {
		point [
		 -31.8243 0.3622 -122.2095,
		 -31.9651 0.9408 -123.7256,
		 -32.1222 1.0860 -123.6293,
		 -32.1051 1.2777 -123.5022,
		 -31.9238 1.4036 -123.4188,
		 -31.6845 1.3899 -123.4280,
		 -31.5273 1.2447 -123.5243,
		 -31.5445 1.0530 -123.6514,
		 -31.7258 0.9272 -123.7348,
		 -31.7612 0.7240 -123.1863,
		 -31.9145 0.7329 -123.1808,
		 -32.0174 0.8314 -123.1298,
		 -32.0094 0.9655 -123.0613,
		 -31.8906 1.0564 -123.0157,
		 -31.7311 1.0471 -123.0215,
		 -31.6288 0.9433 -123.0752,
		 -31.6431 0.8096 -123.1434,
		 -31.7664 0.9295 -123.7333,
		 -31.7225 0.9295 -123.7333,
		 -31.7607 0.9549 -123.7164,
		 -31.7664 0.9295 -123.7333,
		 -31.6858 0.9549 -123.7164,
		 -31.7394 0.9573 -123.7148,
		 -31.7607 0.9549 -123.7164,
		 -31.6823 0.9573 -123.7148,
		 -31.6514 0.9988 -123.6874,
		 -31.6226 0.9988 -123.6874,
		 -31.5899 1.0641 -123.6441,
		 -31.5435 1.0641 -123.6441,
		 -31.5765 1.1053 -123.6167,
		 -31.5398 1.1053 -123.6168,
		 -31.5754 1.1086 -123.6145,
		 -31.5765 1.1053 -123.6167,
		 -31.5395 1.1086 -123.6146,
		 -31.5653 1.1400 -123.5938,
		 -31.5754 1.1086 -123.6145,
		 -31.5395 1.1086 -123.6146,
		 -31.5367 1.1400 -123.5938,
		 -32.0765 1.1086 -123.6143,
		 -32.0819 1.1400 -123.5935,
		 -32.1174 1.1400 -123.5935,
		 -32.1202 1.1086 -123.6143,
		 -31.9882 0.9622 -123.7115,
		 -31.9167 0.9381 -123.7275,
		 -31.9186 0.9622 -123.7115,
		 -32.0725 1.0862 -123.6292,
		 -32.0765 1.1086 -123.6143,
		 -32.1222 1.0862 -123.6291,
		 -32.0208 1.0158 -123.6759,
		 -32.0462 1.0158 -123.6759,
		 -31.9393 0.9665 -123.7086,
		 -31.9929 0.9665 -123.7086,
		 -31.9186 0.9622 -123.7115,
		 -31.9882 0.9622 -123.7115,
		 -31.5642 1.1432 -123.5916,
		 -31.5653 1.1400 -123.5938,
		 -31.5364 1.1432 -123.5916,
		 -31.5664 1.1558 -123.5833,
		 -31.5353 1.1558 -123.5833,
		 -31.5353 1.1558 -123.5833,
		 -31.5351 1.1577 -123.5820,
		 -31.5664 1.1558 -123.5833,
		 -31.6341 1.2971 -123.4896,
		 -31.5766 1.2902 -123.4941,
		 -31.5840 1.2971 -123.4896,
		 -31.6672 1.3171 -123.4763,
		 -31.6341 1.2971 -123.4896,
		 -31.6057 1.3171 -123.4763,
		 -31.7116 1.3439 -123.4585,
		 -31.6672 1.3171 -123.4763,
		 -31.6057 1.3171 -123.4763,
		 -31.6347 1.3439 -123.4585,
		 -31.8104 1.3644 -123.4448,
		 -31.6569 1.3644 -123.4449,
		 -31.6569 1.3644 -123.4449,
		 -31.9802 1.3644 -123.4447,
		 -31.9115 1.3531 -123.4523,
		 -31.9966 1.3531 -123.4523,
		 -31.9879 1.3171 -123.4761,
		 -32.0484 1.3171 -123.4761,
		 -32.0678 1.3036 -123.4850,
		 -32.0741 1.2992 -123.4879,
		 -32.0070 1.3036 -123.4850,
		 -31.9995 1.3116 -123.4797,
		 -31.9879 1.3171 -123.4761,
		 -32.0563 1.3116 -123.4797,
		 -32.0070 1.3036 -123.4850,
		 -32.0678 1.3036 -123.4850,
		 -32.0861 1.1690 -123.5743,
		 -32.1146 1.1722 -123.5721,
		 -32.1148 1.1690 -123.5742,
		 -32.0867 1.1672 -123.5755,
		 -32.0861 1.1690 -123.5743,
		 -32.1150 1.1672 -123.5755,
		 -32.0819 1.1400 -123.5935,
		 -32.1174 1.1400 -123.5935,
		 -31.5690 1.1707 -123.5734,
		 -31.5664 1.1558 -123.5833,
		 -31.3207 1.1707 -123.5735,
		 -31.3207 1.1707 -123.5735,
		 -31.3277 1.2242 -123.5380,
		 -31.5783 1.2242 -123.5379,
		 -31.5690 1.1707 -123.5734,
		 -31.3325 1.2612 -123.5135,
		 -31.6137 1.2946 -123.4912,
		 -31.6301 1.2946 -123.4912,
		 -31.6055 1.2612 -123.5134,
		 -31.3277 1.2242 -123.5380,
		 -31.3325 1.2612 -123.5135,
		 -31.6341 1.2971 -123.4896,
		 -32.2815 1.2856 -123.4969,
		 -32.2963 1.2464 -123.5229,
		 -32.0610 1.2464 -123.5230,
		 -32.0240 1.2856 -123.4970,
		 -32.0240 1.2856 -123.4970,
		 -32.0070 1.3036 -123.4850,
		 -32.2815 1.2856 -123.4969,
		 -32.3159 1.1947 -123.5571,
		 -32.0861 1.1690 -123.5743,
		 -32.0778 1.1947 -123.5572,
		 -32.2963 1.2464 -123.5229,
		 -32.3159 1.1947 -123.5571,
		 -31.8741 0.7456 -123.8552,
		 -31.8280 0.7539 -123.8497,
		 -31.9021 0.7539 -123.8496,
		 -31.8048 0.7581 -123.8469,
		 -31.7627 0.9460 -123.7223,
		 -31.9173 0.9460 -123.7222,
		 -31.9024 0.7581 -123.8469,
		 -31.8280 0.7539 -123.8497,
		 -31.8048 0.7581 -123.8469,
		 -31.9021 0.7539 -123.8496,
		 -31.7607 0.9549 -123.7164,
		 -31.8405 0.9460 -123.7223,
		 -31.9186 0.9622 -123.7115,
		 -31.9173 0.9460 -123.7222,
		 -32.0736 1.0922 -123.6252,
		 -31.5807 1.0922 -123.6255,
		 -31.7374 1.1513 -123.5862,
		 -31.7857 1.0922 -123.6254,
		 -31.5656 1.1513 -123.5863,
		 -31.7771 1.2143 -123.5444,
		 -31.5766 1.2143 -123.5445,
		 -31.8652 1.2182 -123.5417,
		 -31.5773 1.2182 -123.5419,
		 -31.5773 1.2182 -123.5419,
		 -32.0701 1.2182 -123.5416,
		 -31.9135 1.1592 -123.5809,
		 -32.0853 1.1592 -123.5808,
		 -31.8737 1.0961 -123.6227,
		 -32.0743 1.0961 -123.6226,
		 -32.0736 1.0922 -123.6252,
		 -31.7658 1.5395 -123.3287,
		 -31.6484 1.5347 -123.3320,
		 -31.6451 1.5395 -123.3288,
		 -31.6468 1.5405 -123.3281,
		 -31.6351 1.5565 -123.3175,
		 -31.9710 1.5565 -123.3174,
		 -31.9653 1.5477 -123.3232,
		 -31.7895 1.5405 -123.3281,
		 -31.6451 1.5395 -123.3288,
		 -31.7658 1.5395 -123.3287,
		 -31.6181 1.5797 -123.3022,
		 -31.6133 1.5867 -123.2975,
		 -31.6618 1.5931 -123.2933,
		 -31.9871 1.5931 -123.2931,
		 -31.9812 1.5797 -123.3020,
		 -31.6351 1.5565 -123.3175,
		 -31.6181 1.5797 -123.3022,
		 -31.9710 1.5565 -123.3174,
		 -31.6618 1.5931 -123.2933,
		 -31.8118 1.6127 -123.2801,
		 -31.9871 1.5931 -123.2931,
		 -32.2310 1.4188 -123.4085,
		 -32.2349 1.4087 -123.4152,
		 -32.2159 1.4188 -123.4085,
		 -32.3010 1.4279 -123.4025,
		 -32.1987 1.4279 -123.4025,
		 -32.1987 1.4279 -123.4025,
		 -31.9683 1.5505 -123.3214,
		 -31.9877 1.5946 -123.2921,
		 -32.1701 1.5257 -123.3377,
		 -32.3010 1.4279 -123.4025,
		 -32.3027 1.4256 -123.4040,
		 -32.3018 1.4273 -123.4029,
		 -32.3035 1.4260 -123.4037,
		 -32.4100 1.1104 -123.6130,
		 -32.4101 1.1094 -123.6137,
		 -32.3973 1.1104 -123.6130,
		 -32.3510 1.1316 -123.5990,
		 -32.3445 1.1189 -123.6074,
		 -32.3398 1.1316 -123.5990,
		 -32.3398 1.1316 -123.5990,
		 -32.3014 1.4280 -123.4024,
		 -32.3903 1.2651 -123.5104,
		 -32.4073 1.1316 -123.5989,
		 -32.3973 1.1104 -123.6130,
		 -32.4100 1.1104 -123.6130,
		 -32.2529 0.8081 -123.8135,
		 -32.2470 0.8009 -123.8183,
		 -32.2379 0.8081 -123.8135,
		 -32.2185 0.8479 -123.7871,
		 -32.2048 0.8439 -123.7898,
		 -32.2069 0.8479 -123.7871,
		 -32.2069 0.8479 -123.7871,
		 -32.4129 1.1032 -123.6177,
		 -32.3540 0.9318 -123.7314,
		 -32.2855 0.8479 -123.7871,
		 -32.2379 0.8081 -123.8135,
		 -32.2529 0.8081 -123.8135,
		 -31.9182 0.6997 -123.8856,
		 -31.8605 0.6884 -123.8931,
		 -31.8590 0.6997 -123.8856,
		 -31.8741 0.7456 -123.8552,
		 -32.2443 0.7947 -123.8224,
		 -32.1212 0.7456 -123.8550,
		 -31.8771 0.7451 -123.8555,
		 -31.8741 0.7456 -123.8552,
		 -32.1198 0.7451 -123.8554,
		 -31.8590 0.6997 -123.8856,
		 -32.0910 0.7336 -123.8630,
		 -31.9182 0.6997 -123.8856,
		 -31.6542 0.7852 -123.8290,
		 -31.8554 0.6907 -123.8916,
		 -31.6324 0.7159 -123.8749,
		 -31.4558 0.7786 -123.8335,
		 -31.4609 0.7852 -123.8291,
		 -31.4609 0.7852 -123.8291,
		 -31.5101 0.8111 -123.8119,
		 -31.5110 0.8111 -123.8119,
		 -31.6542 0.7852 -123.8290,
		 -31.3079 1.0393 -123.6607,
		 -31.4505 0.7798 -123.8327,
		 -31.2986 0.8994 -123.7535,
		 -31.2319 1.0393 -123.6607,
		 -31.2354 1.0424 -123.6586,
		 -31.2356 1.0393 -123.6607,
		 -31.2310 1.0412 -123.6594,
		 -31.2994 1.0489 -123.6543,
		 -31.3079 1.0393 -123.6607,
		 -31.3450 1.3564 -123.4503,
		 -31.3048 1.0498 -123.6537,
		 -31.2249 1.2042 -123.5513,
		 -31.2776 1.3564 -123.4504,
		 -31.2835 1.3736 -123.4390,
		 -31.3358 1.3564 -123.4503,
		 -31.3448 1.3617 -123.4468,
		 -31.3457 1.3615 -123.4470,
		 -31.3450 1.3564 -123.4503,
		 -31.2806 1.3745 -123.4384,
		 -31.4339 1.5106 -123.3481,
		 -31.6143 1.5848 -123.2988,
		 -31.7225 0.9295 -123.7333,
		 -31.7664 0.9295 -123.7333,
		 -31.6858 0.9549 -123.7164,
		 -31.7664 0.9295 -123.7333,
		 -31.7607 0.9549 -123.7164,
		 -31.6823 0.9573 -123.7148,
		 -31.7607 0.9549 -123.7164,
		 -31.6226 0.9988 -123.6874,
		 -31.5435 1.0641 -123.6441,
		 -31.5398 1.1053 -123.6168,
		 -31.5765 1.1053 -123.6167,
		 -31.5395 1.1086 -123.6146,
		 -31.5765 1.1053 -123.6167,
		 -31.5754 1.1086 -123.6145,
		 -31.5367 1.1400 -123.5938,
		 -31.5395 1.1086 -123.6146,
		 -31.5754 1.1086 -123.6145,
		 -31.5653 1.1400 -123.5938,
		 -32.1202 1.1086 -123.6143,
		 -32.1174 1.1400 -123.5935,
		 -32.0819 1.1400 -123.5935,
		 -32.0765 1.1086 -123.6143,
		 -31.9186 0.9622 -123.7115,
		 -31.9167 0.9381 -123.7275,
		 -31.9882 0.9622 -123.7115,
		 -32.1222 1.0862 -123.6291,
		 -32.0765 1.1086 -123.6143,
		 -32.0462 1.0158 -123.6759,
		 -31.9929 0.9665 -123.7086,
		 -31.9882 0.9622 -123.7115,
		 -31.9186 0.9622 -123.7115,
		 -31.5364 1.1432 -123.5916,
		 -31.5653 1.1400 -123.5938,
		 -31.5353 1.1558 -123.5833,
		 -31.5664 1.1558 -123.5833,
		 -31.5664 1.1558 -123.5833,
		 -31.5351 1.1577 -123.5820,
		 -31.5353 1.1558 -123.5833,
		 -31.5840 1.2971 -123.4896,
		 -31.5766 1.2902 -123.4941,
		 -31.6341 1.2971 -123.4896,
		 -31.6057 1.3171 -123.4763,
		 -31.6341 1.2971 -123.4896,
		 -31.6672 1.3171 -123.4763,
		 -31.6347 1.3439 -123.4585,
		 -31.6057 1.3171 -123.4763,
		 -31.6672 1.3171 -123.4763,
		 -31.6569 1.3644 -123.4449,
		 -31.9802 1.3644 -123.4447,
		 -31.6569 1.3644 -123.4449,
		 -31.9966 1.3531 -123.4523,
		 -32.0484 1.3171 -123.4761,
		 -31.9879 1.3171 -123.4761,
		 -32.0070 1.3036 -123.4850,
		 -32.0741 1.2992 -123.4879,
		 -32.0678 1.3036 -123.4850,
		 -32.0563 1.3116 -123.4797,
		 -31.9879 1.3171 -123.4761,
		 -32.0678 1.3036 -123.4850,
		 -32.0070 1.3036 -123.4850,
		 -32.1148 1.1690 -123.5742,
		 -32.1146 1.1722 -123.5721,
		 -32.0861 1.1690 -123.5743,
		 -32.1150 1.1672 -123.5755,
		 -32.0861 1.1690 -123.5743,
		 -32.1174 1.1400 -123.5935,
		 -32.0819 1.1400 -123.5935,
		 -31.3207 1.1707 -123.5735,
		 -31.5664 1.1558 -123.5833,
		 -31.5690 1.1707 -123.5734,
		 -31.5690 1.1707 -123.5734,
		 -31.3277 1.2242 -123.5380,
		 -31.3207 1.1707 -123.5735,
		 -31.6055 1.2612 -123.5134,
		 -31.6137 1.2946 -123.4912,
		 -31.3325 1.2612 -123.5135,
		 -31.3325 1.2612 -123.5135,
		 -31.3277 1.2242 -123.5380,
		 -31.6341 1.2971 -123.4896,
		 -32.0240 1.2856 -123.4970,
		 -32.2963 1.2464 -123.5229,
		 -32.2815 1.2856 -123.4969,
		 -32.2815 1.2856 -123.4969,
		 -32.0070 1.3036 -123.4850,
		 -32.0240 1.2856 -123.4970,
		 -32.0778 1.1947 -123.5572,
		 -32.0861 1.1690 -123.5743,
		 -32.3159 1.1947 -123.5571,
		 -32.3159 1.1947 -123.5571,
		 -32.2963 1.2464 -123.5229,
		 -31.9021 0.7539 -123.8496,
		 -31.8280 0.7539 -123.8497,
		 -31.8741 0.7456 -123.8552,
		 -31.9024 0.7581 -123.8469,
		 -31.9173 0.9460 -123.7222,
		 -31.7627 0.9460 -123.7223,
		 -31.8048 0.7581 -123.8469,
		 -31.9021 0.7539 -123.8496,
		 -31.8048 0.7581 -123.8469,
		 -31.8280 0.7539 -123.8497,
		 -31.7607 0.9549 -123.7164,
		 -31.9173 0.9460 -123.7222,
		 -31.9186 0.9622 -123.7115,
		 -31.5807 1.0922 -123.6255,
		 -32.0736 1.0922 -123.6252,
		 -31.5656 1.1513 -123.5863,
		 -31.5766 1.2143 -123.5445,
		 -31.5773 1.2182 -123.5419,
		 -32.0701 1.2182 -123.5416,
		 -31.5773 1.2182 -123.5419,
		 -32.0853 1.1592 -123.5808,
		 -32.0743 1.0961 -123.6226,
		 -32.0736 1.0922 -123.6252,
		 -31.6451 1.5395 -123.3288,
		 -31.7658 1.5395 -123.3287,
		 -31.7895 1.5405 -123.3281,
		 -31.9710 1.5565 -123.3174,
		 -31.6351 1.5565 -123.3175,
		 -31.7658 1.5395 -123.3287,
		 -31.6451 1.5395 -123.3288,
		 -31.9812 1.5797 -123.3020,
		 -31.9871 1.5931 -123.2931,
		 -31.6618 1.5931 -123.2933,
		 -31.6181 1.5797 -123.3022,
		 -31.9710 1.5565 -123.3174,
		 -31.6181 1.5797 -123.3022,
		 -31.6351 1.5565 -123.3175,
		 -31.9871 1.5931 -123.2931,
		 -31.6618 1.5931 -123.2933,
		 -32.2159 1.4188 -123.4085,
		 -32.2349 1.4087 -123.4152,
		 -32.1987 1.4279 -123.4025,
		 -32.3010 1.4279 -123.4025,
		 -32.3010 1.4279 -123.4025,
		 -32.1987 1.4279 -123.4025,
		 -32.3018 1.4273 -123.4029,
		 -32.3027 1.4256 -123.4040,
		 -32.3973 1.1104 -123.6130,
		 -32.4100 1.1104 -123.6130,
		 -32.3398 1.1316 -123.5990,
		 -32.3445 1.1189 -123.6074,
		 -32.4073 1.1316 -123.5989,
		 -32.3398 1.1316 -123.5990,
		 -32.4100 1.1104 -123.6130,
		 -32.3973 1.1104 -123.6130,
		 -32.2379 0.8081 -123.8135,
		 -32.2529 0.8081 -123.8135,
		 -32.2069 0.8479 -123.7871,
		 -32.2048 0.8439 -123.7898,
		 -32.2855 0.8479 -123.7871,
		 -32.2069 0.8479 -123.7871,
		 -32.2529 0.8081 -123.8135,
		 -32.2379 0.8081 -123.8135,
		 -31.8590 0.6997 -123.8856,
		 -31.9182 0.6997 -123.8856,
		 -32.1212 0.7456 -123.8550,
		 -31.8741 0.7456 -123.8552,
		 -32.1198 0.7451 -123.8554,
		 -31.8741 0.7456 -123.8552,
		 -31.9182 0.6997 -123.8856,
		 -31.8590 0.6997 -123.8856,
		 -31.4609 0.7852 -123.8291,
		 -31.6542 0.7852 -123.8290,
		 -31.6542 0.7852 -123.8290,
		 -31.5110 0.8111 -123.8119,
		 -31.4609 0.7852 -123.8291,
		 -31.2319 1.0393 -123.6607,
		 -31.3079 1.0393 -123.6607,
		 -31.2354 1.0424 -123.6586,
		 -31.3079 1.0393 -123.6607,
		 -31.2994 1.0489 -123.6543,
		 -31.2776 1.3564 -123.4504,
		 -31.3450 1.3564 -123.4503,
		 -31.2835 1.3736 -123.4390,
		 -31.3450 1.3564 -123.4503,
		 -31.3448 1.3617 -123.4468
		]
	} #Coordinate3
	Material {
		ambientColor      0.0637 0.0637 0.0637  #ambientColor
		diffuseColor      0.2549 0.2549 0.2549  #diffuseColor
		transparency      0.0000                #transparency
	} #Material

	IndexedFaceSet {
		coordIndex [ 
		 9, 8, 1, 10,-1,
		 10, 1, 8, 9,-1,
		 10, 1, 2, 11,-1,
		 11, 2, 1, 10,-1,
		 11, 2, 3, 12,-1,
		 12, 3, 2, 11,-1,
		 12, 3, 4, 13,-1,
		 13, 4, 3, 12,-1,
		 13, 4, 5, 14,-1,
		 14, 5, 4, 13,-1,
		 14, 5, 6, 15,-1,
		 15, 6, 5, 14,-1,
		 15, 6, 7, 16,-1,
		 16, 7, 6, 15,-1,
		 16, 7, 8, 9,-1,
		 9, 8, 7, 16,-1,
		 17, 8, 18,-1,
		 19, 20, 18, 21,-1,
		 22, 23, 21, 24,-1,
		 25, 22, 24, 26,-1,
		 27, 25, 26, 7, 28,-1,
		 29, 27, 28, 30,-1,
		 31, 32, 30, 33,-1,
		 34, 35, 36, 37,-1,
		 38, 39, 40, 41,-1,
		 42, 1, 43, 44,-1,
		 45, 46, 41, 47,-1,
		 48, 45, 47, 2, 49,-1,
		 50, 48, 49, 51,-1,
		 52, 50, 51, 53,-1,
		 54, 55, 37, 56,-1,
		 57, 54, 56, 58,-1,
		 59, 60, 61,-1,
		 62, 63, 64,-1,
		 65, 66, 64, 67,-1,
		 68, 69, 70, 71,-1,
		 72, 68, 71, 73,-1,
		 74, 5, 4, 75,-1,
		 76, 72, 75, 77,-1,
		 78, 76, 77, 79,-1,
		 80, 81, 82,-1,
		 83, 84, 79, 85,-1,
		 86, 83, 85, 87,-1,
		 88, 89, 90,-1,
		 91, 92, 90, 93,-1,
		 94, 91, 93, 95,-1,
		]
	} #IndexedFaceSet
	Material {
		ambientColor      0.0000 0.0000 0.0000  #ambientColor
		diffuseColor      0.0000 0.0000 0.0000  #diffuseColor
		transparency      0.0000                #transparency
	} #Material

	IndexedFaceSet {
		coordIndex [ 
		 96, 97, 98,-1,
		 99, 100, 101, 102,-1,
		 103, 104, 105, 106,-1,
		 107, 108, 106, 101,-1,
		 109, 105, 104,-1,
		 110, 111, 112, 113,-1,
		 114, 115, 116,-1,
		 117, 118, 119,-1,
		 120, 121, 119, 112,-1,
		 122, 123, 124,-1,
		 125, 126, 127, 128,-1,
		 129, 130, 128, 131,-1,
		 132, 133, 126,-1,
		 133, 134, 135,-1,
		 136, 45, 48, 50, 133, 22, 25, 27, 137,-1,
		 138, 139, 137, 54, 140,-1,
		 141, 138, 140, 142,-1,
		 143, 141, 142, 144,-1,
		 145, 101, 105, 68, 72, 76, 83, 112, 146,-1,
		 147, 143, 146, 91, 148,-1,
		 149, 147, 148, 150,-1,
		 139, 149, 150, 151,-1,
		]
	} #IndexedFaceSet
	Material {
		ambientColor      0.0108 0.0618 0.0902  #ambientColor
		diffuseColor      0.0431 0.2471 0.3608  #diffuseColor
		transparency      0.0000                #transparency
	} #Material

	IndexedFaceSet {
		coordIndex [ 
		 139, 138, 141, 143, 147, 149,-1,
		]
	} #IndexedFaceSet
	Material {
		ambientColor      0.0000 0.0000 0.0000  #ambientColor
		diffuseColor      0.0000 0.0000 0.0000  #diffuseColor
		transparency      0.0000                #transparency
	} #Material

	IndexedFaceSet {
		coordIndex [ 
		 152, 153, 154,-1,
		 155, 156, 157, 158, 159,-1,
		 160, 155, 159, 161,-1,
		 162, 163, 164, 165, 166,-1,
		 167, 168, 166, 169,-1,
		 170, 171, 172,-1,
		 173, 174, 175,-1,
		 176, 173, 175, 177,-1,
		 178, 179, 180, 181, 182,-1,
		 183, 184, 185,-1,
		 186, 187, 188,-1,
		 189, 190, 191,-1,
		 192, 173, 193, 194, 195,-1,
		 196, 189, 195, 197,-1,
		 198, 199, 200,-1,
		 201, 202, 203,-1,
		 204, 189, 205, 206, 207,-1,
		 208, 201, 207, 209,-1,
		 210, 211, 212,-1,
		 213, 201, 214, 215,-1,
		 216, 217, 215, 218,-1,
		 219, 216, 218, 220, 221,-1,
		 222, 216, 223, 224, 225, 226,-1,
		 227, 228, 229, 230,-1,
		 231, 228, 232, 233, 234,-1,
		 235, 236, 234, 237,-1,
		 236, 238, 239,-1,
		 240, 241, 236, 242, 243,-1,
		 244, 245, 243,-1,
		 245, 246, 247, 248,-1,
		 249, 250, 251, 155, 245,-1,
		]
	} #IndexedFaceSet
	Material {
		ambientColor      0.0637 0.0637 0.0637  #ambientColor
		diffuseColor      0.2549 0.2549 0.2549  #diffuseColor
		transparency      0.0000                #transparency
	} #Material

	IndexedFaceSet {
		coordIndex [ 
		 252, 8, 253,-1,
		 254, 252, 255, 256,-1,
		 257, 254, 258, 22,-1,
		 259, 257, 22, 25,-1,
		 260, 7, 259, 25, 27,-1,
		 261, 260, 27, 262,-1,
		 263, 261, 264, 265,-1,
		 266, 267, 268, 269,-1,
		 270, 271, 272, 273,-1,
		 274, 275, 1, 276,-1,
		 277, 270, 278, 45,-1,
		 279, 2, 277, 45, 48,-1,
		 280, 279, 48, 50,-1,
		 281, 280, 50, 282,-1,
		 283, 266, 284, 54,-1,
		 285, 283, 54, 286,-1,
		 287, 288, 289,-1,
		 290, 291, 292,-1,
		 293, 290, 294, 295,-1,
		 296, 297, 298, 68,-1,
		 299, 296, 68, 72,-1,
		 300, 4, 5, 301,-1,
		 302, 300, 72, 76,-1,
		 303, 302, 76, 304,-1,
		 305, 306, 307,-1,
		 308, 303, 309, 83,-1,
		 310, 308, 83, 311,-1,
		 312, 313, 314,-1,
		 315, 312, 316, 91,-1,
		 317, 315, 91, 318,-1,
		]
	} #IndexedFaceSet
	Material {
		ambientColor      0.0000 0.0000 0.0000  #ambientColor
		diffuseColor      0.0000 0.0000 0.0000  #diffuseColor
		transparency      0.0000                #transparency
	} #Material

	IndexedFaceSet {
		coordIndex [ 
		 319, 320, 321,-1,
		 322, 101, 323, 324,-1,
		 325, 105, 326, 327,-1,
		 101, 325, 328, 329,-1,
		 326, 105, 330,-1,
		 331, 112, 332, 333,-1,
		 334, 335, 336,-1,
		 337, 338, 339,-1,
		 112, 337, 340, 341,-1,
		 342, 343, 344,-1,
		 345, 346, 347, 348,-1,
		 349, 345, 350, 351,-1,
		 347, 133, 352,-1,
		 353, 354, 133,-1,
		 355, 27, 25, 22, 133, 50, 48, 45, 356,-1,
		 357, 54, 355, 139, 138,-1,
		 358, 357, 138, 141,-1,
		 359, 358, 141, 143,-1,
		 360, 112, 83, 76, 72, 68, 105, 101, 361,-1,
		 362, 91, 360, 143, 147,-1,
		 363, 362, 147, 149,-1,
		 364, 363, 149, 139,-1,
		]
	} #IndexedFaceSet
	Material {
		ambientColor      0.0108 0.0618 0.0902  #ambientColor
		diffuseColor      0.0431 0.2471 0.3608  #diffuseColor
		transparency      0.0000                #transparency
	} #Material

	IndexedFaceSet {
		coordIndex [ 
		 149, 147, 143, 141, 138, 139,-1,
		]
	} #IndexedFaceSet
	Material {
		ambientColor      0.0000 0.0000 0.0000  #ambientColor
		diffuseColor      0.0000 0.0000 0.0000  #diffuseColor
		transparency      0.0000                #transparency
	} #Material

	IndexedFaceSet {
		coordIndex [ 
		 365, 153, 366,-1,
		 367, 158, 368, 369, 155,-1,
		 370, 367, 155, 371,-1,
		 372, 373, 374, 163, 375,-1,
		 376, 372, 377, 378,-1,
		 379, 171, 380,-1,
		 381, 382, 173,-1,
		 383, 381, 173, 384,-1,
		 385, 181, 180, 179, 386,-1,
		 185, 387, 388,-1,
		 389, 187, 390,-1,
		 391, 392, 189,-1,
		 393, 194, 193, 173, 394,-1,
		 395, 393, 189, 396,-1,
		 397, 199, 398,-1,
		 399, 400, 201,-1,
		 401, 206, 205, 189, 402,-1,
		 403, 401, 201, 404,-1,
		 405, 211, 406,-1,
		 407, 214, 201, 408,-1,
		 409, 407, 410, 216,-1,
		 411, 220, 409, 216, 412,-1,
		 413, 225, 224, 223, 216, 414,-1,
		 415, 416, 228, 417,-1,
		 418, 233, 232, 228, 419,-1,
		 237, 418, 236, 420,-1,
		 421, 422, 236,-1,
		 423, 242, 236, 241, 424,-1,
		 423, 245, 425,-1,
		 426, 247, 427, 245,-1,
		 245, 155, 251, 250, 249,-1,
		]
	} #IndexedFaceSet
	Material {
		ambientColor      0.0637 0.0637 0.0637  #ambientColor
		diffuseColor      0.2549 0.2549 0.2549  #diffuseColor
		transparency      0.0000                #transparency
	} #Material

	IndexedFaceSet {
		coordIndex [ 
		 9, 10, 11, 12, 13, 14, 15, 16,-1,
		 16, 15, 14, 13, 12, 11, 10, 9,-1,
		]
	} #IndexedFaceSet
} #Polyhedron
Separator { #Polyhedron
	DEF COORD22 Coordinate3 {
		point [
		 -30.1589 0.0267 -134.5606,
		 -36.8637 0.0267 -134.5606,
		 -36.7113 -0.8362 -134.5765,
		 -30.3113 -0.8362 -134.5765,
		 -30.1589 0.0167 -133.9494,
		 -36.8637 0.0167 -133.9494,
		 -36.7113 -0.8462 -133.9654,
		 -30.3113 -0.8462 -133.9654,
		 -30.4667 0.0267 -134.5606,
		 -30.4667 -0.8362 -134.5765,
		 -30.3113 -0.8413 -134.2648,
		 -30.1620 -0.0007 -133.9498,
		 -30.1620 0.0167 -133.9494,
		 -36.5558 0.0267 -134.5606,
		 -36.5558 -0.8362 -134.5765,
		 -36.8606 0.0167 -133.9494,
		 -36.8606 -0.0005 -133.9498,
		 -36.7113 -0.8413 -134.2648,
		 -36.5558 -0.7822 -134.5755,
		 -30.4667 -0.7822 -134.5755,
		 -32.8477 -0.4407 -134.5692,
		 -32.8477 -0.7822 -134.5755,
		 -30.4667 -0.7822 -134.5755,
		 -30.4667 -0.4407 -134.5692,
		 -34.1809 -0.7822 -134.5755,
		 -34.1809 -0.4407 -134.5692,
		 -36.5558 -0.4407 -134.5692,
		 -36.5558 -0.7822 -134.5755,
		 -32.8477 -0.1710 -134.5643,
		 -32.8477 -0.2250 -134.5652,
		 -30.4667 -0.2250 -134.5652,
		 -30.4667 -0.1710 -134.5643,
		 -30.4667 -0.1710 -134.5643,
		 -36.5558 -0.1710 -134.5643,
		 -34.1809 -0.2250 -134.5652,
		 -34.1809 -0.1710 -134.5643,
		 -36.5558 -0.2250 -134.5652,
		 -32.8477 -0.2250 -134.5652,
		 -32.8477 -0.4407 -134.5692,
		 -30.4667 -0.4407 -134.5692,
		 -30.4667 -0.2250 -134.5653,
		 -34.1809 -0.4407 -134.5692,
		 -34.1809 -0.2250 -134.5652,
		 -36.5617 -0.2250 -134.5653,
		 -36.5617 -0.4407 -134.5692,
		 -30.4667 -0.7822 -134.5755,
		 -36.5558 -0.7822 -134.5755,
		 -30.4667 -0.4407 -134.5692,
		 -30.4667 -0.7822 -134.5755,
		 -32.8477 -0.4407 -134.5692,
		 -36.5558 -0.7822 -134.5755,
		 -36.5558 -0.4407 -134.5692,
		 -34.1809 -0.4407 -134.5692,
		 -30.4667 -0.1710 -134.5643,
		 -30.4667 -0.2250 -134.5652,
		 -32.8477 -0.2250 -134.5652,
		 -36.5558 -0.1710 -134.5643,
		 -30.4667 -0.1710 -134.5643,
		 -36.5558 -0.2250 -134.5652,
		 -34.1809 -0.2250 -134.5652,
		 -30.4667 -0.4407 -134.5692,
		 -32.8477 -0.4407 -134.5692,
		 -32.8477 -0.2250 -134.5652,
		 -34.1809 -0.2250 -134.5652,
		 -34.1809 -0.4407 -134.5692,
		 -30.4667 -0.4837 -134.5700,
		 -30.2478 -0.4837 -134.1308,
		 -30.4667 -0.1890 -134.5646,
		 -30.1970 -0.1979 -134.0236,
		 -30.1954 -0.1890 -134.0203,
		 -30.1954 -0.1890 -134.0203,
		 -30.4667 -0.1890 -134.5646,
		 -30.2478 -0.4837 -134.1308,
		 -30.4667 -0.4765 -134.5699,
		 -30.4667 -0.4837 -134.5700,
		 -30.4686 -0.1890 -134.5684,
		 -30.4686 -0.4765 -134.5737,
		 -30.1194 -0.4879 -133.8734,
		 -30.1194 -0.2004 -133.8680,
		 -30.2478 -0.4837 -134.1308,
		 -30.4667 -0.4837 -134.5700,
		 -30.1954 -0.1890 -134.0203,
		 -30.1970 -0.1979 -134.0236,
		 -30.4667 -0.1890 -134.5646,
		 -30.4667 -0.1890 -134.5646,
		 -30.1954 -0.1890 -134.0203,
		 -30.4667 -0.4837 -134.5700,
		 -30.4667 -0.4765 -134.5699,
		 -30.2478 -0.4837 -134.1308,
		 -36.5558 -0.1891 -134.5646,
		 -36.8271 -0.1891 -134.0204,
		 -36.5558 -0.4838 -134.5700,
		 -36.5558 -0.4766 -134.5699,
		 -36.7747 -0.4838 -134.1309,
		 -36.7748 -0.4838 -134.1309,
		 -36.5558 -0.4838 -134.5700,
		 -36.8271 -0.1891 -134.0204,
		 -36.8256 -0.1979 -134.0237,
		 -36.5558 -0.1891 -134.5646,
		 -36.9136 -0.2008 -133.8472,
		 -36.9136 -0.4884 -133.8525,
		 -36.5473 -0.4764 -134.5870,
		 -36.5473 -0.1888 -134.5817,
		 -36.8271 -0.1891 -134.0204,
		 -36.5558 -0.1891 -134.5646,
		 -36.7747 -0.4838 -134.1309,
		 -36.5558 -0.4766 -134.5699,
		 -36.5558 -0.4838 -134.5700,
		 -36.5558 -0.4838 -134.5700,
		 -36.7748 -0.4838 -134.1309,
		 -36.5558 -0.1891 -134.5646,
		 -36.8256 -0.1979 -134.0237,
		 -36.8271 -0.1891 -134.0204
		]
	} #Coordinate3
	Material {
		ambientColor      0.0108 0.0618 0.0902  #ambientColor
		diffuseColor      0.0431 0.2471 0.3608  #diffuseColor
		transparency      0.0000                #transparency
	} #Material

	IndexedFaceSet {
		coordIndex [ 
		 18, 14, 9, 19,-1,
		 20, 21, 22, 23,-1,
		 24, 25, 26, 27,-1,
		 28, 29, 30, 31,-1,
		 32, 8, 13, 33,-1,
		 34, 35, 33, 36,-1,
		]
	} #IndexedFaceSet
	Material {
		ambientColor      0.0000 0.0000 0.0000  #ambientColor
		diffuseColor      0.0000 0.0000 0.0000  #diffuseColor
		transparency      0.0000                #transparency
	} #Material

	IndexedFaceSet {
		coordIndex [ 
		 37, 38, 39, 40,-1,
		 41, 42, 43, 44,-1,
		]
	} #IndexedFaceSet
	Material {
		ambientColor      0.2500 0.2500 0.2500  #ambientColor
		diffuseColor      1.0000 1.0000 1.0000  #diffuseColor
		transparency      0.0000                #transparency
	} #Material

	IndexedFaceSet {
		coordIndex [ 
		 35, 24, 21, 28,-1,
		]
	} #IndexedFaceSet
	Material {
		ambientColor      0.0108 0.0618 0.0902  #ambientColor
		diffuseColor      0.0431 0.2471 0.3608  #diffuseColor
		transparency      0.0000                #transparency
	} #Material

	IndexedFaceSet {
		coordIndex [ 
		 45, 9, 14, 46,-1,
		 47, 48, 21, 49,-1,
		 50, 51, 52, 24,-1,
		 53, 54, 55, 28,-1,
		 56, 13, 8, 57,-1,
		 58, 56, 35, 59,-1,
		]
	} #IndexedFaceSet
	Material {
		ambientColor      0.0000 0.0000 0.0000  #ambientColor
		diffuseColor      0.0000 0.0000 0.0000  #diffuseColor
		transparency      0.0000                #transparency
	} #Material

	IndexedFaceSet {
		coordIndex [ 
		 40, 60, 61, 62,-1,
		 44, 43, 63, 64,-1,
		]
	} #IndexedFaceSet
	Material {
		ambientColor      0.2500 0.2500 0.2500  #ambientColor
		diffuseColor      1.0000 1.0000 1.0000  #diffuseColor
		transparency      0.0000                #transparency
	} #Material

	IndexedFaceSet {
		coordIndex [ 
		 28, 21, 24, 35,-1,
		]
	} #IndexedFaceSet
	Material {
		ambientColor      0.0108 0.0618 0.0902  #ambientColor
		diffuseColor      0.0431 0.2471 0.3608  #diffuseColor
		transparency      0.0000                #transparency
	} #Material

	IndexedFaceSet {
		coordIndex [ 
		 10, 7, 11,-1,
		 11, 7, 10,-1,
		 13, 8, 12, 15,-1,
		 15, 12, 8, 13,-1,
		 16, 6, 17,-1,
		 17, 6, 16,-1,
		 9, 14, 17, 6, 7, 10,-1,
		 10, 7, 6, 17, 14, 9,-1,
		 7, 6, 16, 15, 12, 11,-1,
		 11, 12, 15, 16, 6, 7,-1,
		 65, 9, 10, 66,-1,
		 67, 68, 69,-1,
		 70, 11, 12, 8, 71,-1,
		 72, 73, 74,-1,
		]
	} #IndexedFaceSet
	Material {
		ambientColor      0.0000 0.0000 0.0000  #ambientColor
		diffuseColor      0.0000 0.0000 0.0000  #diffuseColor
		transparency      0.0000                #transparency
	} #Material

	IndexedFaceSet {
		coordIndex [ 
		 75, 76, 77, 78,-1,
		]
	} #IndexedFaceSet
	Material {
		ambientColor      0.0108 0.0618 0.0902  #ambientColor
		diffuseColor      0.0431 0.2471 0.3608  #diffuseColor
		transparency      0.0000                #transparency
	} #Material

	IndexedFaceSet {
		coordIndex [ 
		 79, 10, 9, 80,-1,
		 81, 82, 83,-1,
		 84, 8, 12, 11, 85,-1,
		 86, 87, 88,-1,
		]
	} #IndexedFaceSet
	Material {
		ambientColor      0.0000 0.0000 0.0000  #ambientColor
		diffuseColor      0.0000 0.0000 0.0000  #diffuseColor
		transparency      0.0000                #transparency
	} #Material

	IndexedFaceSet {
		coordIndex [ 
		 78, 77, 76, 75,-1,
		]
	} #IndexedFaceSet
	Material {
		ambientColor      0.0108 0.0618 0.0902  #ambientColor
		diffuseColor      0.0431 0.2471 0.3608  #diffuseColor
		transparency      0.0000                #transparency
	} #Material

	IndexedFaceSet {
		coordIndex [ 
		 89, 13, 15, 16, 90,-1,
		 91, 92, 93,-1,
		 94, 17, 14, 95,-1,
		 96, 97, 98,-1,
		]
	} #IndexedFaceSet
	Material {
		ambientColor      0.0000 0.0000 0.0000  #ambientColor
		diffuseColor      0.0000 0.0000 0.0000  #diffuseColor
		transparency      0.0000                #transparency
	} #Material

	IndexedFaceSet {
		coordIndex [ 
		 99, 100, 101, 102,-1,
		]
	} #IndexedFaceSet
	Material {
		ambientColor      0.0108 0.0618 0.0902  #ambientColor
		diffuseColor      0.0431 0.2471 0.3608  #diffuseColor
		transparency      0.0000                #transparency
	} #Material

	IndexedFaceSet {
		coordIndex [ 
		 103, 16, 15, 13, 104,-1,
		 105, 106, 107,-1,
		 108, 14, 17, 109,-1,
		 110, 111, 112,-1,
		]
	} #IndexedFaceSet
	Material {
		ambientColor      0.0000 0.0000 0.0000  #ambientColor
		diffuseColor      0.0000 0.0000 0.0000  #diffuseColor
		transparency      0.0000                #transparency
	} #Material

	IndexedFaceSet {
		coordIndex [ 
		 102, 101, 100, 99,-1,
		]
	} #IndexedFaceSet
} #Polyhedron
Separator { #Polyhedron
	DEF COORD23 Coordinate3 {
		point [
		 -36.1526 1.6911 -128.6613,
		 -36.5081 1.7161 -128.9146,
		 -36.4065 1.8412 -130.1810,
		 -35.1875 1.8912 -130.6876,
		 -35.1875 1.7361 -129.1172,
		 -36.1526 1.5480 -128.6772,
		 -36.5081 1.5730 -128.9306,
		 -36.4065 1.6981 -130.1970,
		 -35.1875 1.7481 -130.7036,
		 -35.1875 1.5930 -129.1332
		]
	} #Coordinate3
	Material {
		ambientColor      0.2422 0.1814 0.1059  #ambientColor
		diffuseColor      0.9686 0.7255 0.4235  #diffuseColor
		transparency      0.0000                #transparency
	} #Material

	IndexedFaceSet {
		coordIndex [ 
		 0, 1, 2, 3, 4,-1,
		 4, 3, 2, 1, 0,-1,
		 0, 4, 9, 5,-1,
		 5, 9, 4, 0,-1,
		 1, 0, 5, 6,-1,
		 6, 5, 0, 1,-1,
		 2, 1, 6, 7,-1,
		 7, 6, 1, 2,-1,
		 3, 2, 7, 8,-1,
		 8, 7, 2, 3,-1,
		 4, 3, 8, 9,-1,
		 9, 8, 3, 4,-1,
		 9, 8, 7, 6, 5,-1,
		 5, 6, 7, 8, 9,-1,
		]
	} #IndexedFaceSet
} #Polyhedron
Separator { #Polyhedron
	DEF COORD24 Coordinate3 {
		point [
		 -31.8351 1.8821 -130.6931,
		 -30.6161 1.8321 -130.1865,
		 -30.5145 1.7020 -128.8694,
		 -30.9208 1.6820 -128.6668,
		 -31.8351 1.7270 -129.1227,
		 -31.8351 1.7390 -130.7091,
		 -30.6161 1.6890 -130.2025,
		 -30.5145 1.5589 -128.8854,
		 -30.9208 1.5389 -128.6827,
		 -31.8351 1.5839 -129.1387
		]
	} #Coordinate3
	Material {
		ambientColor      0.2422 0.1814 0.1059  #ambientColor
		diffuseColor      0.9686 0.7255 0.4235  #diffuseColor
		transparency      0.0000                #transparency
	} #Material

	IndexedFaceSet {
		coordIndex [ 
		 0, 1, 2, 3, 4,-1,
		 4, 3, 2, 1, 0,-1,
		 0, 4, 9, 5,-1,
		 5, 9, 4, 0,-1,
		 1, 0, 5, 6,-1,
		 6, 5, 0, 1,-1,
		 2, 1, 6, 7,-1,
		 7, 6, 1, 2,-1,
		 3, 2, 7, 8,-1,
		 8, 7, 2, 3,-1,
		 4, 3, 8, 9,-1,
		 9, 8, 3, 4,-1,
		 9, 8, 7, 6, 5,-1,
		 5, 6, 7, 8, 9,-1,
		]
	} #IndexedFaceSet
} #Polyhedron
Separator { #Polyhedron
	DEF COORD25 Coordinate3 {
		point [
		 -31.8351 1.9055 -130.6869,
		 -31.8351 1.7247 -129.1196,
		 -35.1875 1.7247 -129.1196,
		 -35.1875 1.9055 -130.6869,
		 -31.8351 1.7627 -130.7055,
		 -31.8351 1.5819 -129.1382,
		 -35.1875 1.5819 -129.1382,
		 -35.1875 1.7627 -130.7055
		]
	} #Coordinate3
	Material {
		ambientColor      0.2422 0.1814 0.1059  #ambientColor
		diffuseColor      0.9686 0.7255 0.4235  #diffuseColor
		transparency      0.0000                #transparency
	} #Material

	IndexedFaceSet {
		coordIndex [ 
		 0, 1, 2, 3,-1,
		 3, 2, 1, 0,-1,
		 0, 3, 7, 4,-1,
		 4, 7, 3, 0,-1,
		 1, 0, 4, 5,-1,
		 5, 4, 0, 1,-1,
		 2, 1, 5, 6,-1,
		 6, 5, 1, 2,-1,
		 3, 2, 6, 7,-1,
		 7, 6, 2, 3,-1,
		 7, 6, 5, 4,-1,
		 4, 5, 6, 7,-1,
		]
	} #IndexedFaceSet
} #Polyhedron
Separator { #Polyhedron
	DEF COORD26 Coordinate3 {
		point [
		 -30.9462 2.8735 -124.1201,
		 -30.9462 2.8671 -123.8137,
		 -30.9462 3.0270 -123.9646,
		 -30.9462 3.0334 -124.2710,
		 -36.0764 2.8735 -124.1201,
		 -36.0764 2.8671 -123.8137,
		 -36.0764 3.0270 -123.9646,
		 -36.0764 3.0334 -124.2710,
		 -31.2037 3.0334 -124.2710,
		 -30.9861 2.8735 -124.1201,
		 -30.9861 2.8671 -123.8137,
		 -31.2037 3.0270 -123.9646,
		 -35.8682 3.0334 -124.2710,
		 -36.0510 2.8735 -124.1201,
		 -36.0510 2.8671 -123.8137,
		 -35.8682 3.0270 -123.9646
		]
	} #Coordinate3
	Material {
		ambientColor      0.0108 0.0618 0.0902  #ambientColor
		diffuseColor      0.0431 0.2471 0.3608  #diffuseColor
		transparency      0.0000                #transparency
	} #Material

	IndexedFaceSet {
		coordIndex [ 
		 8, 12, 13, 9,-1,
		 9, 13, 12, 8,-1,
		 9, 13, 14, 10,-1,
		 10, 14, 13, 9,-1,
		 10, 14, 15, 11,-1,
		 11, 15, 14, 10,-1,
		 11, 15, 12, 8,-1,
		 8, 12, 15, 11,-1,
		 8, 9, 10, 11,-1,
		 11, 10, 9, 8,-1,
		 13, 12, 15, 14,-1,
		 14, 15, 12, 13,-1,
		]
	} #IndexedFaceSet
} #Polyhedron
Separator { #Polyhedron
	DEF COORD27 Coordinate3 {
		point [
		 -30.4636 1.4242 -122.3020,
		 -30.4636 2.8671 -123.8137,
		 -30.4636 2.8735 -124.1201,
		 -30.4636 1.4371 -122.9147,
		 -31.0732 1.4242 -122.3020,
		 -31.0732 2.8671 -123.8137,
		 -31.0732 2.8735 -124.1201,
		 -31.0732 1.4371 -122.9147,
		 -30.6160 1.4371 -122.9147,
		 -30.6160 1.4242 -122.3020,
		 -31.0732 2.8670 -123.8137,
		 -31.0732 2.8735 -124.1200,
		 -30.4636 1.4371 -122.9147,
		 -30.4636 1.4242 -122.3020,
		 -30.9716 2.8671 -123.8137,
		 -30.9716 2.8735 -124.1201
		]
	} #Coordinate3
	Material {
		ambientColor      0.0108 0.0618 0.0902  #ambientColor
		diffuseColor      0.0431 0.2471 0.3608  #diffuseColor
		transparency      0.0000                #transparency
	} #Material

	IndexedFaceSet {
		coordIndex [ 
		 12, 8, 9, 13,-1,
		 13, 9, 8, 12,-1,
		 13, 9, 10, 5, 14,-1,
		 14, 5, 10, 9, 13,-1,
		 14, 5, 6, 15,-1,
		 15, 6, 5, 14,-1,
		 15, 6, 11, 8, 12,-1,
		 12, 8, 11, 6, 15,-1,
		 11, 6, 5, 10,-1,
		 10, 5, 6, 11,-1,
		 9, 8, 11, 10,-1,
		 10, 11, 8, 9,-1,
		 12, 13, 14, 15,-1,
		 15, 14, 13, 12,-1,
		]
	} #IndexedFaceSet
} #Polyhedron
Separator { #Polyhedron
	DEF COORD28 Coordinate3 {
		point [
		 -35.9494 1.4242 -122.3020,
		 -35.9494 2.8671 -123.8137,
		 -35.9494 2.8735 -124.1201,
		 -35.9494 1.4371 -122.9147,
		 -36.5589 1.4242 -122.3020,
		 -36.5589 2.8671 -123.8137,
		 -36.5589 2.8735 -124.1201,
		 -36.5589 1.4371 -122.9147,
		 -36.4066 1.4371 -122.9147,
		 -36.4066 1.4242 -122.3020,
		 -35.9494 2.8671 -123.8137,
		 -35.9494 2.8735 -124.1201,
		 -36.5589 1.4243 -122.3021,
		 -36.0510 2.8671 -123.8137,
		 -36.0510 2.8735 -124.1201,
		 -36.5589 1.4372 -122.9148
		]
	} #Coordinate3
	Material {
		ambientColor      0.0108 0.0618 0.0902  #ambientColor
		diffuseColor      0.0431 0.2471 0.3608  #diffuseColor
		transparency      0.0000                #transparency
	} #Material

	IndexedFaceSet {
		coordIndex [ 
		 8, 7, 4, 9,-1,
		 9, 4, 7, 8,-1,
		 9, 4, 12, 13, 10,-1,
		 10, 13, 12, 4, 9,-1,
		 10, 13, 14, 11,-1,
		 11, 14, 13, 10,-1,
		 11, 14, 15, 7, 8,-1,
		 8, 7, 15, 14, 11,-1,
		 7, 15, 12, 4,-1,
		 4, 12, 15, 7,-1,
		 8, 9, 10, 11,-1,
		 11, 10, 9, 8,-1,
		 13, 12, 15, 14,-1,
		 14, 15, 12, 13,-1,
		]
	} #IndexedFaceSet
} #Polyhedron
Separator { #Polyhedron
	DEF COORD29 Coordinate3 {
		point [
		 -33.1303 0.2112 -117.4082,
		 -33.0541 0.2798 -117.4006,
		 -33.0541 0.8073 -117.3418,
		 -33.1398 0.8788 -117.3338,
		 -33.8875 0.8788 -117.3338,
		 -33.9684 0.8073 -117.3418,
		 -33.9684 0.2843 -117.4001,
		 -33.8970 0.2127 -117.4081,
		 -33.1303 0.2065 -117.3608,
		 -33.0541 0.2751 -117.3531,
		 -33.0541 0.8026 -117.2943,
		 -33.1398 0.8741 -117.2863,
		 -33.8875 0.8741 -117.2863,
		 -33.9684 0.8026 -117.2943,
		 -33.9684 0.2796 -117.3526,
		 -33.8970 0.2080 -117.3606,
		 -33.9191 0.8462 -117.2894,
		 -33.1064 0.8462 -117.2894,
		 -33.9507 0.8182 -117.2926,
		 -33.8673 0.8462 -117.2894,
		 -33.9030 0.8182 -117.2926,
		 -33.9542 0.8151 -117.2929,
		 -33.9069 0.8182 -117.2926,
		 -33.9069 0.8151 -117.2929,
		 -33.9069 0.8151 -117.2929,
		 -33.9434 0.7866 -117.2961,
		 -33.9684 0.7866 -117.2961,
		 -33.9542 0.8151 -117.2929,
		 -33.9684 0.2874 -117.3517,
		 -33.9434 0.2874 -117.3517,
		 -33.9470 0.2581 -117.3550,
		 -33.9069 0.2581 -117.3550,
		 -33.9391 0.2502 -117.3559,
		 -33.9069 0.2581 -117.3550,
		 -33.9069 0.2502 -117.3559,
		 -33.8970 0.2502 -117.3559,
		 -33.8673 0.2263 -117.3586,
		 -33.9152 0.2263 -117.3586,
		 -33.9391 0.2502 -117.3559,
		 -33.1083 0.2263 -117.3586,
		 -33.9152 0.2263 -117.3586,
		 -33.5569 0.2554 -117.3553,
		 -33.5244 0.2859 -117.3519,
		 -33.4946 0.2859 -117.3519,
		 -33.4643 0.2554 -117.3553,
		 -33.4562 0.2471 -117.3562,
		 -33.4355 0.2263 -117.3586,
		 -33.5879 0.2263 -117.3586,
		 -33.5657 0.2471 -117.3562,
		 -33.5569 0.2519 -117.3557,
		 -33.5569 0.2554 -117.3553,
		 -33.4643 0.2554 -117.3553,
		 -33.4609 0.2519 -117.3557,
		 -33.5569 0.2483 -117.3561,
		 -33.4609 0.2519 -117.3557,
		 -33.4609 0.2483 -117.3561,
		 -33.4573 0.2483 -117.3561,
		 -33.5569 0.2471 -117.3562,
		 -33.5569 0.2483 -117.3561,
		 -33.1105 0.2572 -117.3551,
		 -33.0799 0.2859 -117.3519,
		 -33.0541 0.2859 -117.3519,
		 -33.0740 0.2572 -117.3551,
		 -33.0819 0.2502 -117.3559,
		 -33.1434 0.2263 -117.3586,
		 -33.1180 0.2502 -117.3559,
		 -33.0740 0.2572 -117.3551,
		 -33.1105 0.2502 -117.3559,
		 -33.1105 0.2572 -117.3551,
		 -33.5244 0.2859 -117.3519,
		 -33.5244 0.7866 -117.2961,
		 -33.4946 0.7866 -117.2961,
		 -33.4946 0.2859 -117.3519,
		 -33.0541 0.7866 -117.2961,
		 -33.0799 0.2859 -117.3519,
		 -33.0799 0.7866 -117.2961,
		 -33.6005 0.8461 -117.2895,
		 -33.6006 0.8462 -117.2894,
		 -33.1064 0.8462 -117.2894,
		 -33.1064 0.8461 -117.2895,
		 -33.5701 0.8223 -117.2921,
		 -33.4228 0.8461 -117.2895,
		 -33.4515 0.8223 -117.2921,
		 -33.5606 0.8149 -117.2929,
		 -33.4609 0.8223 -117.2921,
		 -33.4609 0.8149 -117.2929,
		 -33.4640 0.8120 -117.2933,
		 -33.5569 0.8120 -117.2933,
		 -33.4605 0.8149 -117.2929,
		 -33.5569 0.8120 -117.2933,
		 -33.5569 0.8149 -117.2929,
		 -33.1176 0.8160 -117.2928,
		 -33.1561 0.8461 -117.2895,
		 -33.1064 0.8461 -117.2895,
		 -33.0702 0.8160 -117.2928,
		 -33.0636 0.8104 -117.2934,
		 -33.0541 0.7866 -117.2961,
		 -33.0799 0.7866 -117.2961,
		 -33.1105 0.8104 -117.2934,
		 -33.0702 0.8160 -117.2928,
		 -33.1105 0.8104 -117.2934,
		 -33.1105 0.8160 -117.2928,
		 -33.8673 0.8461 -117.2895,
		 -33.6005 0.8461 -117.2895,
		 -33.9030 0.8182 -117.2926,
		 -33.8673 0.8461 -117.2895,
		 -33.8331 0.8461 -117.2895,
		 -33.8331 0.8182 -117.2926,
		 -33.7998 0.8182 -117.2926,
		 -33.7998 0.8461 -117.2895,
		 -33.7474 0.8461 -117.2895,
		 -33.7474 0.8182 -117.2926,
		 -33.7149 0.8182 -117.2926,
		 -33.7149 0.8461 -117.2895,
		 -33.6641 0.8461 -117.2895,
		 -33.6641 0.8182 -117.2926,
		 -33.6005 0.8461 -117.2895,
		 -33.5649 0.8182 -117.2926,
		 -33.6331 0.8182 -117.2926,
		 -33.6331 0.8461 -117.2895,
		 -33.9069 0.2581 -117.3550,
		 -33.9069 0.8151 -117.2929,
		 -33.8970 0.2502 -117.3559,
		 -33.8331 0.2502 -117.3559,
		 -33.8331 0.2263 -117.3586,
		 -33.7998 0.2263 -117.3586,
		 -33.7998 0.2502 -117.3559,
		 -33.7474 0.2502 -117.3559,
		 -33.7474 0.2263 -117.3586,
		 -33.7149 0.2263 -117.3586,
		 -33.7149 0.2502 -117.3559,
		 -33.6641 0.2502 -117.3559,
		 -33.6641 0.2263 -117.3586,
		 -33.6331 0.2471 -117.3562,
		 -33.6331 0.2502 -117.3559,
		 -33.5843 0.2502 -117.3559,
		 -33.5843 0.2471 -117.3562,
		 -33.5657 0.2471 -117.3562,
		 -33.6331 0.2263 -117.3586,
		 -33.6331 0.2471 -117.3562,
		 -33.8760 0.2502 -117.3559,
		 -33.8760 0.8182 -117.2926,
		 -33.8331 0.8182 -117.2926,
		 -33.8331 0.2502 -117.3559,
		 -33.7998 0.2502 -117.3559,
		 -33.7998 0.8182 -117.2926,
		 -33.7474 0.8182 -117.2926,
		 -33.7474 0.2502 -117.3559,
		 -33.7149 0.2502 -117.3559,
		 -33.7149 0.8182 -117.2926,
		 -33.6641 0.8182 -117.2926,
		 -33.6641 0.2502 -117.3559,
		 -33.6331 0.8149 -117.2929,
		 -33.6331 0.8182 -117.2926,
		 -33.5649 0.8182 -117.2926,
		 -33.5606 0.8149 -117.2929,
		 -33.6331 0.2502 -117.3559,
		 -33.5843 0.8149 -117.2929,
		 -33.5843 0.2502 -117.3559,
		 -33.5569 0.8120 -117.2933,
		 -33.5569 0.2554 -117.3553,
		 -33.4515 0.8223 -117.2921,
		 -33.4228 0.8461 -117.2895,
		 -33.3855 0.8461 -117.2895,
		 -33.3855 0.8223 -117.2921,
		 -33.3545 0.8223 -117.2921,
		 -33.3545 0.8461 -117.2895,
		 -33.2998 0.8461 -117.2895,
		 -33.2998 0.8223 -117.2921,
		 -33.2704 0.8223 -117.2921,
		 -33.2704 0.8461 -117.2895,
		 -33.2117 0.8461 -117.2895,
		 -33.2117 0.8223 -117.2921,
		 -33.1257 0.8223 -117.2921,
		 -33.1815 0.8223 -117.2921,
		 -33.1815 0.8461 -117.2895,
		 -33.4609 0.2519 -117.3557,
		 -33.4609 0.8145 -117.2930,
		 -33.4573 0.2483 -117.3561,
		 -33.3855 0.2483 -117.3561,
		 -33.3855 0.2263 -117.3586,
		 -33.3545 0.2263 -117.3586,
		 -33.3545 0.2483 -117.3561,
		 -33.2998 0.2483 -117.3561,
		 -33.2998 0.2263 -117.3586,
		 -33.2704 0.2263 -117.3586,
		 -33.2704 0.2483 -117.3561,
		 -33.2117 0.2483 -117.3561,
		 -33.2117 0.2263 -117.3586,
		 -33.1200 0.2483 -117.3561,
		 -33.1815 0.2263 -117.3586,
		 -33.1815 0.2483 -117.3561,
		 -33.4319 0.2483 -117.3561,
		 -33.4319 0.8223 -117.2921,
		 -33.3855 0.8223 -117.2921,
		 -33.3855 0.2483 -117.3561,
		 -33.3545 0.2483 -117.3561,
		 -33.3545 0.8223 -117.2921,
		 -33.2998 0.8223 -117.2921,
		 -33.2998 0.2483 -117.3561,
		 -33.2704 0.2483 -117.3561,
		 -33.2704 0.8223 -117.2921,
		 -33.2117 0.8223 -117.2921,
		 -33.2117 0.2483 -117.3561,
		 -33.1815 0.8160 -117.2928,
		 -33.1815 0.8223 -117.2921,
		 -33.1257 0.8223 -117.2921,
		 -33.1176 0.8160 -117.2928,
		 -33.1815 0.2502 -117.3559,
		 -33.1387 0.8160 -117.2928,
		 -33.1387 0.2502 -117.3559,
		 -33.1180 0.2502 -117.3559,
		 -33.1815 0.2483 -117.3561,
		 -33.1815 0.2502 -117.3559,
		 -33.1105 0.8104 -117.2934,
		 -33.1105 0.2572 -117.3551,
		 -33.8760 0.8182 -117.2926,
		 -33.7998 0.8461 -117.2895,
		 -33.7149 0.8461 -117.2895,
		 -33.4319 0.8223 -117.2921,
		 -33.3545 0.8461 -117.2895,
		 -33.2704 0.8461 -117.2895,
		 -33.1064 0.8462 -117.2894,
		 -33.9191 0.8462 -117.2894,
		 -33.9030 0.8182 -117.2926,
		 -33.9507 0.8182 -117.2926,
		 -33.9069 0.8151 -117.2929,
		 -33.9542 0.8151 -117.2929,
		 -33.9542 0.8151 -117.2929,
		 -33.9684 0.7866 -117.2961,
		 -33.9069 0.8151 -117.2929,
		 -33.9684 0.2874 -117.3517,
		 -33.9069 0.2581 -117.3550,
		 -33.9470 0.2581 -117.3550,
		 -33.9069 0.2581 -117.3550,
		 -33.9391 0.2502 -117.3559,
		 -33.9391 0.2502 -117.3559,
		 -33.9152 0.2263 -117.3586,
		 -33.8970 0.2502 -117.3559,
		 -33.9152 0.2263 -117.3586,
		 -33.1083 0.2263 -117.3586,
		 -33.4643 0.2554 -117.3553,
		 -33.5244 0.2859 -117.3519,
		 -33.5569 0.2554 -117.3553,
		 -33.5657 0.2471 -117.3562,
		 -33.4562 0.2471 -117.3562,
		 -33.4609 0.2519 -117.3557,
		 -33.4643 0.2554 -117.3553,
		 -33.5569 0.2554 -117.3553,
		 -33.5569 0.2519 -117.3557,
		 -33.4609 0.2519 -117.3557,
		 -33.5569 0.2483 -117.3561,
		 -33.5569 0.2483 -117.3561,
		 -33.4573 0.2483 -117.3561,
		 -33.0740 0.2572 -117.3551,
		 -33.0541 0.2859 -117.3519,
		 -33.0799 0.2859 -117.3519,
		 -33.1105 0.2572 -117.3551,
		 -33.1180 0.2502 -117.3559,
		 -33.0819 0.2502 -117.3559,
		 -33.1105 0.2572 -117.3551,
		 -33.0740 0.2572 -117.3551,
		 -33.4946 0.2859 -117.3519,
		 -33.0799 0.7866 -117.2961,
		 -33.0541 0.7866 -117.2961,
		 -33.1064 0.8461 -117.2895,
		 -33.1064 0.8462 -117.2894,
		 -33.6005 0.8461 -117.2895,
		 -33.4515 0.8223 -117.2921,
		 -33.5701 0.8223 -117.2921,
		 -33.4609 0.8149 -117.2929,
		 -33.5606 0.8149 -117.2929,
		 -33.5569 0.8120 -117.2933,
		 -33.4640 0.8120 -117.2933,
		 -33.5569 0.8120 -117.2933,
		 -33.4605 0.8149 -117.2929,
		 -33.0702 0.8160 -117.2928,
		 -33.1064 0.8461 -117.2895,
		 -33.1176 0.8160 -117.2928,
		 -33.1105 0.8104 -117.2934,
		 -33.0541 0.7866 -117.2961,
		 -33.0636 0.8104 -117.2934,
		 -33.1105 0.8104 -117.2934,
		 -33.0702 0.8160 -117.2928,
		 -33.6005 0.8461 -117.2895,
		 -33.8673 0.8461 -117.2895,
		 -33.8331 0.8182 -117.2926,
		 -33.8673 0.8461 -117.2895,
		 -33.9030 0.8182 -117.2926,
		 -33.7474 0.8182 -117.2926,
		 -33.7998 0.8461 -117.2895,
		 -33.7998 0.8182 -117.2926,
		 -33.6641 0.8182 -117.2926,
		 -33.7149 0.8461 -117.2895,
		 -33.7149 0.8182 -117.2926,
		 -33.6331 0.8182 -117.2926,
		 -33.5649 0.8182 -117.2926,
		 -33.6005 0.8461 -117.2895,
		 -33.9069 0.8151 -117.2929,
		 -33.9069 0.2581 -117.3550,
		 -33.8331 0.2502 -117.3559,
		 -33.8970 0.2502 -117.3559,
		 -33.7474 0.2502 -117.3559,
		 -33.7998 0.2502 -117.3559,
		 -33.6641 0.2502 -117.3559,
		 -33.7149 0.2502 -117.3559,
		 -33.5843 0.2502 -117.3559,
		 -33.6331 0.2502 -117.3559,
		 -33.6331 0.2471 -117.3562,
		 -33.6331 0.2471 -117.3562,
		 -33.5657 0.2471 -117.3562,
		 -33.8331 0.2502 -117.3559,
		 -33.8331 0.8182 -117.2926,
		 -33.8760 0.8182 -117.2926,
		 -33.7474 0.2502 -117.3559,
		 -33.7474 0.8182 -117.2926,
		 -33.7998 0.8182 -117.2926,
		 -33.7998 0.2502 -117.3559,
		 -33.6641 0.2502 -117.3559,
		 -33.6641 0.8182 -117.2926,
		 -33.7149 0.8182 -117.2926,
		 -33.7149 0.2502 -117.3559,
		 -33.5606 0.8149 -117.2929,
		 -33.5649 0.8182 -117.2926,
		 -33.6331 0.8182 -117.2926,
		 -33.6331 0.8149 -117.2929,
		 -33.5843 0.2502 -117.3559,
		 -33.6331 0.2502 -117.3559,
		 -33.5569 0.2554 -117.3553,
		 -33.5569 0.8120 -117.2933,
		 -33.3855 0.8223 -117.2921,
		 -33.4228 0.8461 -117.2895,
		 -33.4515 0.8223 -117.2921,
		 -33.2998 0.8223 -117.2921,
		 -33.3545 0.8461 -117.2895,
		 -33.3545 0.8223 -117.2921,
		 -33.2117 0.8223 -117.2921,
		 -33.2704 0.8461 -117.2895,
		 -33.2704 0.8223 -117.2921,
		 -33.1815 0.8223 -117.2921,
		 -33.1257 0.8223 -117.2921,
		 -33.4609 0.8145 -117.2930,
		 -33.4609 0.2519 -117.3557,
		 -33.3855 0.2483 -117.3561,
		 -33.4573 0.2483 -117.3561,
		 -33.2998 0.2483 -117.3561,
		 -33.3545 0.2483 -117.3561,
		 -33.2117 0.2483 -117.3561,
		 -33.2704 0.2483 -117.3561,
		 -33.1815 0.2483 -117.3561,
		 -33.1200 0.2483 -117.3561,
		 -33.3855 0.2483 -117.3561,
		 -33.3855 0.8223 -117.2921,
		 -33.4319 0.8223 -117.2921,
		 -33.2998 0.2483 -117.3561,
		 -33.2998 0.8223 -117.2921,
		 -33.3545 0.8223 -117.2921,
		 -33.3545 0.2483 -117.3561,
		 -33.2117 0.2483 -117.3561,
		 -33.2117 0.8223 -117.2921,
		 -33.2704 0.8223 -117.2921,
		 -33.2704 0.2483 -117.3561,
		 -33.1176 0.8160 -117.2928,
		 -33.1257 0.8223 -117.2921,
		 -33.1815 0.8223 -117.2921,
		 -33.1815 0.8160 -117.2928,
		 -33.1815 0.2502 -117.3559,
		 -33.1815 0.2502 -117.3559,
		 -33.1815 0.2483 -117.3561,
		 -33.1180 0.2502 -117.3559,
		 -33.1105 0.2572 -117.3551,
		 -33.1105 0.8104 -117.2934
		]
	} #Coordinate3
	Material {
		ambientColor      0.2500 0.2500 0.2500  #ambientColor
		diffuseColor      1.0000 1.0000 1.0000  #diffuseColor
		transparency      0.0000                #transparency
	} #Material

	IndexedFaceSet {
		coordIndex [ 
		 0, 1, 2, 3, 4, 5, 6, 7,-1,
		 7, 6, 5, 4, 3, 2, 1, 0,-1,
		 0, 7, 15, 8,-1,
		 8, 15, 7, 0,-1,
		 1, 0, 8, 9,-1,
		 9, 8, 0, 1,-1,
		 2, 1, 9, 10,-1,
		 10, 9, 1, 2,-1,
		 3, 2, 10, 11,-1,
		 11, 10, 2, 3,-1,
		 4, 3, 11, 12,-1,
		 12, 11, 3, 4,-1,
		 5, 4, 12, 13,-1,
		 13, 12, 4, 5,-1,
		 6, 5, 13, 14,-1,
		 14, 13, 5, 6,-1,
		 7, 6, 14, 15,-1,
		 15, 14, 6, 7,-1,
		 16, 12, 11, 17,-1,
		 18, 16, 19, 20,-1,
		 21, 18, 22, 23,-1,
		 24, 25, 26, 13, 27,-1,
		 28, 26, 25, 29,-1,
		 30, 14, 28, 29, 31,-1,
		 32, 30, 33, 34,-1,
		 35, 36, 37, 38,-1,
		 39, 8, 15, 40,-1,
		 41, 42, 43, 44,-1,
		 45, 46, 47, 48,-1,
		 49, 50, 51, 52,-1,
		 53, 49, 54, 55,-1,
		 56, 45, 57, 58,-1,
		 59, 60, 61, 9, 62,-1,
		 63, 39, 64, 65,-1,
		 66, 63, 67, 68,-1,
		 69, 70, 71, 72,-1,
		 73, 61, 74, 75,-1,
		 76, 77, 78, 79,-1,
		 80, 76, 81, 82,-1,
		 83, 80, 84, 85,-1,
		 86, 71, 70, 87,-1,
		 88, 86, 89, 90,-1,
		 91, 92, 93, 94,-1,
		 95, 10, 96, 97, 98,-1,
		 99, 95, 100, 101,-1,
		]
	} #IndexedFaceSet
	Material {
		ambientColor      0.0000 0.0000 0.0000  #ambientColor
		diffuseColor      0.0000 0.0000 0.0000  #diffuseColor
		transparency      0.0000                #transparency
	} #Material

	IndexedFaceSet {
		coordIndex [ 
		 102, 19, 77, 103,-1,
		 104, 105, 106, 107,-1,
		 108, 109, 110, 111,-1,
		 112, 113, 114, 115,-1,
		 116, 117, 118, 119,-1,
		 120, 29, 25, 121,-1,
		 36, 122, 123, 124,-1,
		 125, 126, 127, 128,-1,
		 129, 130, 131, 132,-1,
		 133, 134, 135, 136,-1,
		 137, 47, 138, 139,-1,
		 140, 141, 142, 143,-1,
		 144, 145, 146, 147,-1,
		 148, 149, 150, 151,-1,
		 152, 153, 154, 155,-1,
		 156, 152, 157, 158,-1,
		 159, 70, 69, 160,-1,
		 161, 162, 163, 164,-1,
		 165, 166, 167, 168,-1,
		 169, 170, 171, 172,-1,
		 92, 173, 174, 175,-1,
		 176, 43, 71, 177,-1,
		 46, 178, 179, 180,-1,
		 181, 182, 183, 184,-1,
		 185, 186, 187, 188,-1,
		 189, 64, 190, 191,-1,
		 192, 193, 194, 195,-1,
		 196, 197, 198, 199,-1,
		 200, 201, 202, 203,-1,
		 204, 205, 206, 207,-1,
		 208, 204, 209, 210,-1,
		 211, 189, 212, 213,-1,
		 214, 97, 74, 215,-1,
		]
	} #IndexedFaceSet
	Material {
		ambientColor      0.0637 0.0637 0.0637  #ambientColor
		diffuseColor      0.2549 0.2549 0.2549  #diffuseColor
		transparency      0.0000                #transparency
	} #Material

	IndexedFaceSet {
		coordIndex [ 
		 216, 140, 34, 22,-1,
		 217, 125, 124, 106,-1,
		 218, 129, 128, 110,-1,
		 119, 138, 132, 114,-1,
		 90, 57, 136, 157,-1,
		 219, 192, 55, 84,-1,
		 220, 181, 180, 163,-1,
		 221, 185, 184, 167,-1,
		 175, 190, 188, 171,-1,
		 101, 67, 210, 209,-1,
		]
	} #IndexedFaceSet
	Material {
		ambientColor      0.2500 0.2500 0.2500  #ambientColor
		diffuseColor      1.0000 1.0000 1.0000  #diffuseColor
		transparency      0.0000                #transparency
	} #Material

	IndexedFaceSet {
		coordIndex [ 
		 222, 11, 12, 223,-1,
		 224, 19, 223, 225,-1,
		 226, 22, 225, 227,-1,
		 228, 13, 229, 25, 230,-1,
		 29, 25, 229, 231,-1,
		 232, 29, 231, 14, 233,-1,
		 34, 234, 233, 235,-1,
		 236, 237, 36, 238,-1,
		 239, 15, 8, 240,-1,
		 241, 43, 242, 243,-1,
		 244, 47, 46, 245,-1,
		 246, 247, 248, 249,-1,
		 55, 250, 249, 251,-1,
		 252, 57, 245, 253,-1,
		 254, 9, 255, 256, 257,-1,
		 258, 64, 240, 259,-1,
		 260, 67, 259, 261,-1,
		 262, 71, 70, 69,-1,
		 263, 74, 255, 264,-1,
		 265, 266, 77, 267,-1,
		 268, 81, 267, 269,-1,
		 270, 84, 269, 271,-1,
		 272, 70, 71, 273,-1,
		 90, 274, 273, 275,-1,
		 276, 277, 92, 278,-1,
		 279, 97, 280, 10, 281,-1,
		 101, 282, 281, 283,-1,
		]
	} #IndexedFaceSet
	Material {
		ambientColor      0.0000 0.0000 0.0000  #ambientColor
		diffuseColor      0.0000 0.0000 0.0000  #diffuseColor
		transparency      0.0000                #transparency
	} #Material

	IndexedFaceSet {
		coordIndex [ 
		 284, 77, 19, 285,-1,
		 286, 106, 287, 288,-1,
		 289, 110, 290, 291,-1,
		 292, 114, 293, 294,-1,
		 119, 295, 296, 297,-1,
		 298, 25, 29, 299,-1,
		 124, 300, 301, 36,-1,
		 128, 302, 303, 125,-1,
		 132, 304, 305, 129,-1,
		 136, 306, 307, 308,-1,
		 309, 138, 47, 310,-1,
		 311, 312, 313, 140,-1,
		 314, 315, 316, 317,-1,
		 318, 319, 320, 321,-1,
		 322, 323, 324, 325,-1,
		 326, 157, 325, 327,-1,
		 328, 69, 70, 329,-1,
		 330, 163, 331, 332,-1,
		 333, 167, 334, 335,-1,
		 336, 171, 337, 338,-1,
		 175, 339, 340, 92,-1,
		 341, 71, 43, 342,-1,
		 180, 343, 344, 46,-1,
		 184, 345, 346, 181,-1,
		 188, 347, 348, 185,-1,
		 349, 190, 64, 350,-1,
		 351, 352, 353, 192,-1,
		 354, 355, 356, 357,-1,
		 358, 359, 360, 361,-1,
		 362, 363, 364, 365,-1,
		 210, 209, 365, 366,-1,
		 367, 368, 350, 369,-1,
		 370, 74, 97, 371,-1,
		]
	} #IndexedFaceSet
	Material {
		ambientColor      0.0637 0.0637 0.0637  #ambientColor
		diffuseColor      0.2549 0.2549 0.2549  #diffuseColor
		transparency      0.0000                #transparency
	} #Material

	IndexedFaceSet {
		coordIndex [ 
		 22, 34, 140, 216,-1,
		 106, 124, 125, 217,-1,
		 110, 128, 129, 218,-1,
		 114, 132, 138, 119,-1,
		 157, 136, 57, 90,-1,
		 84, 55, 192, 219,-1,
		 163, 180, 181, 220,-1,
		 167, 184, 185, 221,-1,
		 171, 188, 190, 175,-1,
		 209, 210, 67, 101,-1,
		]
	} #IndexedFaceSet
} #Polyhedron
Separator { #Polyhedron
	DEF COORD30 Coordinate3 {
		point [
		 -30.4636 1.5763 -122.2952,
		 -30.4636 1.5867 -122.9318,
		 -29.5400 1.5945 -123.4057,
		 -29.4950 1.5920 -123.2547,
		 -29.5494 1.5898 -123.1228,
		 -30.4636 1.1089 -122.3038,
		 -30.4636 1.1193 -122.9404,
		 -29.5400 1.1271 -123.4143,
		 -29.4950 1.1246 -123.2633,
		 -29.5494 1.1224 -123.1314,
		 -30.2673 1.1118 -122.4815,
		 -30.4636 1.4703 -122.2971,
		 -30.4636 1.4807 -122.9338,
		 -30.2673 1.1210 -123.0412,
		 -29.5494 1.2415 -123.1292,
		 -29.9610 1.1164 -122.7588,
		 -29.9610 1.1235 -123.1983,
		 -29.5400 1.2489 -123.4121,
		 -29.4950 1.2594 -123.2608,
		 -29.5689 1.5942 -123.3909,
		 -29.5689 1.5896 -123.1051,
		 -29.5494 1.5749 -123.1231,
		 -29.5400 1.5723 -123.4061,
		 -29.4950 1.5353 -123.2557
		]
	} #Coordinate3
	Material {
		ambientColor      0.0108 0.0618 0.0902  #ambientColor
		diffuseColor      0.0431 0.2471 0.3608  #diffuseColor
		transparency      0.0000                #transparency
	} #Material

	IndexedFaceSet {
		coordIndex [ 
		 0, 1, 19, 20,-1,
		 20, 19, 1, 0,-1,
		 0, 20, 21, 14, 15, 10, 11,-1,
		 11, 10, 15, 14, 21, 20, 0,-1,
		 1, 0, 11, 12,-1,
		 12, 11, 0, 1,-1,
		]
	} #IndexedFaceSet
	Material {
		ambientColor      0.2500 0.2500 0.2500  #ambientColor
		diffuseColor      1.0000 1.0000 1.0000  #diffuseColor
		transparency      0.0000                #transparency
	} #Material

	IndexedFaceSet {
		coordIndex [ 
		 19, 1, 12, 13, 16, 17, 22,-1,
		 22, 17, 16, 13, 12, 1, 19,-1,
		]
	} #IndexedFaceSet
	Material {
		ambientColor      0.0108 0.0618 0.0902  #ambientColor
		diffuseColor      0.0431 0.2471 0.3608  #diffuseColor
		transparency      0.0000                #transparency
	} #Material

	IndexedFaceSet {
		coordIndex [ 
		 22, 17, 18, 23,-1,
		 23, 18, 17, 22,-1,
		 23, 18, 14, 21,-1,
		 21, 14, 18, 23,-1,
		 16, 13, 10, 15,-1,
		 15, 10, 13, 16,-1,
		 11, 10, 13, 12,-1,
		 12, 13, 10, 11,-1,
		 15, 14, 18, 17, 16,-1,
		 16, 17, 18, 14, 15,-1,
		 20, 19, 22, 23, 21,-1,
		 21, 23, 22, 19, 20,-1,
		]
	} #IndexedFaceSet
} #Polyhedron
Separator { #Polyhedron
	DEF COORD31 Coordinate3 {
		point [
		 -36.5589 1.5641 -122.2827,
		 -37.4605 1.5768 -123.0594,
		 -37.5059 1.5785 -123.1621,
		 -37.4897 1.5808 -123.3016,
		 -36.5589 1.5745 -122.9193,
		 -36.5589 1.1207 -122.2908,
		 -37.4605 1.1334 -123.0675,
		 -37.5059 1.1351 -123.1703,
		 -37.4897 1.1374 -123.3098,
		 -36.5589 1.1311 -122.9275,
		 -36.5589 1.4763 -122.9211,
		 -36.5589 1.4659 -122.2845,
		 -36.7350 1.1232 -122.4426,
		 -36.7350 1.1323 -122.9998,
		 -37.0874 1.1281 -122.7461,
		 -37.4605 1.2332 -123.0657,
		 -37.5059 1.2470 -123.1682,
		 -37.4897 1.2449 -123.3078,
		 -37.0874 1.1347 -123.1446,
		 -37.4200 1.5763 -123.0245,
		 -37.4200 1.5803 -123.2730,
		 -37.4605 1.5411 -123.0600,
		 -37.5059 1.5026 -123.1635,
		 -37.4897 1.5193 -123.3028
		]
	} #Coordinate3
	Material {
		ambientColor      0.0167 0.1539 0.1794  #ambientColor
		diffuseColor      0.0667 0.6157 0.7176  #diffuseColor
		transparency      0.0000                #transparency
	} #Material

	IndexedFaceSet {
		coordIndex [ 
		 0, 19, 20, 4,-1,
		 4, 20, 19, 0,-1,
		 0, 4, 10, 11,-1,
		 11, 10, 4, 0,-1,
		 19, 0, 11, 12, 14, 15, 21,-1,
		 21, 15, 14, 12, 11, 0, 19,-1,
		 21, 15, 16, 22,-1,
		 22, 16, 15, 21,-1,
		 22, 16, 17, 23,-1,
		 23, 17, 16, 22,-1,
		]
	} #IndexedFaceSet
	Material {
		ambientColor      0.2500 0.2500 0.2500  #ambientColor
		diffuseColor      1.0000 1.0000 1.0000  #diffuseColor
		transparency      0.0000                #transparency
	} #Material

	IndexedFaceSet {
		coordIndex [ 
		 4, 20, 23, 17, 18, 13, 10,-1,
		 10, 13, 18, 17, 23, 20, 4,-1,
		]
	} #IndexedFaceSet
	Material {
		ambientColor      0.0167 0.1539 0.1794  #ambientColor
		diffuseColor      0.0667 0.6157 0.7176  #diffuseColor
		transparency      0.0000                #transparency
	} #Material

	IndexedFaceSet {
		coordIndex [ 
		 13, 18, 14, 12,-1,
		 12, 14, 18, 13,-1,
		 11, 10, 13, 12,-1,
		 12, 13, 10, 11,-1,
		 15, 14, 18, 17, 16,-1,
		 16, 17, 18, 14, 15,-1,
		 20, 19, 21, 22, 23,-1,
		 23, 22, 21, 19, 20,-1,
		]
	} #IndexedFaceSet
} #Polyhedron
Separator { #Polyhedron
	DEF COORD32 Coordinate3 {
		point [
		 -31.2575 1.4363 -122.4615,
		 -31.2219 1.4908 -122.4617,
		 -32.8973 1.6631 -122.4001,
		 -32.9187 1.6384 -122.3998,
		 -31.2562 1.4357 -122.4233,
		 -31.2206 1.4902 -122.4236,
		 -32.8960 1.6625 -122.3619,
		 -32.9174 1.6377 -122.3616
		]
	} #Coordinate3
	Material {
		ambientColor      0.0000 0.0000 0.0000  #ambientColor
		diffuseColor      0.0000 0.0000 0.0000  #diffuseColor
		transparency      0.0000                #transparency
	} #Material

	IndexedFaceSet {
		coordIndex [ 
		 0, 1, 2, 3,-1,
		 3, 2, 1, 0,-1,
		 0, 3, 7, 4,-1,
		 4, 7, 3, 0,-1,
		 1, 0, 4, 5,-1,
		 5, 4, 0, 1,-1,
		 2, 1, 5, 6,-1,
		 6, 5, 1, 2,-1,
		 3, 2, 6, 7,-1,
		 7, 6, 2, 3,-1,
		 7, 6, 5, 4,-1,
		 4, 5, 6, 7,-1,
		]
	} #IndexedFaceSet
} #Polyhedron
Separator { #Polyhedron
	DEF COORD33 Coordinate3 {
		point [
		 -33.7902 1.6981 -122.4192,
		 -33.8082 1.6638 -122.4192,
		 -31.9634 1.6219 -122.4844,
		 -31.9794 1.6595 -122.4832,
		 -33.7889 1.6975 -122.3811,
		 -33.8069 1.6631 -122.3811,
		 -31.9621 1.6213 -122.4462,
		 -31.9780 1.6589 -122.4450
		]
	} #Coordinate3
	Material {
		ambientColor      0.0000 0.0000 0.0000  #ambientColor
		diffuseColor      0.0000 0.0000 0.0000  #diffuseColor
		transparency      0.0000                #transparency
	} #Material

	IndexedFaceSet {
		coordIndex [ 
		 0, 1, 2, 3,-1,
		 3, 2, 1, 0,-1,
		 0, 3, 7, 4,-1,
		 4, 7, 3, 0,-1,
		 1, 0, 4, 5,-1,
		 5, 4, 0, 1,-1,
		 2, 1, 5, 6,-1,
		 6, 5, 1, 2,-1,
		 3, 2, 6, 7,-1,
		 7, 6, 2, 3,-1,
		 7, 6, 5, 4,-1,
		 4, 5, 6, 7,-1,
		]
	} #IndexedFaceSet
} #Polyhedron
Separator { #Polyhedron
	DEF COORD34 Coordinate3 {
		point [
		 -33.5308 1.4247 -122.3790,
		 -33.4951 1.4812 -122.3761,
		 -35.1717 1.6624 -122.4608,
		 -35.1931 1.6367 -122.4624,
		 -33.5328 1.4241 -122.3409,
		 -33.4971 1.4806 -122.3380,
		 -35.1737 1.6618 -122.4227,
		 -35.1951 1.6361 -122.4243
		]
	} #Coordinate3
	Material {
		ambientColor      0.0000 0.0000 0.0000  #ambientColor
		diffuseColor      0.0000 0.0000 0.0000  #diffuseColor
		transparency      0.0000                #transparency
	} #Material

	IndexedFaceSet {
		coordIndex [ 
		 0, 1, 2, 3,-1,
		 3, 2, 1, 0,-1,
		 0, 3, 7, 4,-1,
		 4, 7, 3, 0,-1,
		 1, 0, 4, 5,-1,
		 5, 4, 0, 1,-1,
		 2, 1, 5, 6,-1,
		 6, 5, 1, 2,-1,
		 3, 2, 6, 7,-1,
		 7, 6, 2, 3,-1,
		 7, 6, 5, 4,-1,
		 4, 5, 6, 7,-1,
		]
	} #IndexedFaceSet
} #Polyhedron
Separator { #Polyhedron
	DEF COORD35 Coordinate3 {
		point [
		 -36.0608 1.6999 -122.5578,
		 -36.0788 1.6643 -122.5594,
		 -34.2327 1.6182 -122.4633,
		 -34.2487 1.6573 -122.4635,
		 -36.0628 1.6993 -122.5197,
		 -36.0808 1.6637 -122.5213,
		 -34.2347 1.6176 -122.4252,
		 -34.2507 1.6567 -122.4253
		]
	} #Coordinate3
	Material {
		ambientColor      0.0000 0.0000 0.0000  #ambientColor
		diffuseColor      0.0000 0.0000 0.0000  #diffuseColor
		transparency      0.0000                #transparency
	} #Material

	IndexedFaceSet {
		coordIndex [ 
		 0, 1, 2, 3,-1,
		 3, 2, 1, 0,-1,
		 0, 3, 7, 4,-1,
		 4, 7, 3, 0,-1,
		 1, 0, 4, 5,-1,
		 5, 4, 0, 1,-1,
		 2, 1, 5, 6,-1,
		 6, 5, 1, 2,-1,
		 3, 2, 6, 7,-1,
		 7, 6, 2, 3,-1,
		 7, 6, 5, 4,-1,
		 4, 5, 6, 7,-1,
		]
	} #IndexedFaceSet
} #Polyhedron
Separator { #Polyhedron
	DEF COORD36 Coordinate3 {
		point [
		 -33.9375 2.5141 -123.9264,
		 -33.0250 2.5106 -123.7137,
		 -33.0367 2.5096 -123.6513,
		 -33.4664 2.5096 -123.6528,
		 -33.5654 2.5100 -123.6757,
		 -33.9641 2.5131 -123.8672,
		 -33.9375 2.2744 -123.9308,
		 -33.0250 2.2709 -123.7182,
		 -33.0367 2.2699 -123.6557,
		 -33.4664 2.2699 -123.6572,
		 -33.5654 2.2703 -123.6801,
		 -33.9641 2.2734 -123.8716
		]
	} #Coordinate3
	Material {
		ambientColor      0.0108 0.0618 0.0902  #ambientColor
		diffuseColor      0.0431 0.2471 0.3608  #diffuseColor
		transparency      0.0000                #transparency
	} #Material

	IndexedFaceSet {
		coordIndex [ 
		 0, 1, 2, 3, 4, 5,-1,
		 5, 4, 3, 2, 1, 0,-1,
		 0, 5, 11, 6,-1,
		 6, 11, 5, 0,-1,
		]
	} #IndexedFaceSet
	Material {
		ambientColor      0.2500 0.2500 0.2500  #ambientColor
		diffuseColor      1.0000 1.0000 1.0000  #diffuseColor
		transparency      0.0000                #transparency
	} #Material

	IndexedFaceSet {
		coordIndex [ 
		 1, 0, 6, 7,-1,
		 7, 6, 0, 1,-1,
		]
	} #IndexedFaceSet
	Material {
		ambientColor      0.0108 0.0618 0.0902  #ambientColor
		diffuseColor      0.0431 0.2471 0.3608  #diffuseColor
		transparency      0.0000                #transparency
	} #Material

	IndexedFaceSet {
		coordIndex [ 
		 2, 1, 7, 8,-1,
		 8, 7, 1, 2,-1,
		 3, 2, 8, 9,-1,
		 9, 8, 2, 3,-1,
		 4, 3, 9, 10,-1,
		 10, 9, 3, 4,-1,
		 5, 4, 10, 11,-1,
		 11, 10, 4, 5,-1,
		 11, 10, 9, 8, 7, 6,-1,
		 6, 7, 8, 9, 10, 11,-1,
		]
	} #IndexedFaceSet
} #Polyhedron
Separator { #Polyhedron
	DEF COORD37 Coordinate3 {
		point [
		 -33.4859 2.3136 -123.6825,
		 -33.4619 2.3429 -123.6820,
		 -33.4668 2.3795 -123.6813,
		 -33.4978 2.4022 -123.6809,
		 -33.5367 2.3975 -123.6810,
		 -33.5607 2.3683 -123.6815,
		 -33.5557 2.3316 -123.6822,
		 -33.5247 2.3090 -123.6826,
		 -33.4859 2.3106 -123.4979,
		 -33.4619 2.3398 -123.4973,
		 -33.4668 2.3765 -123.4967,
		 -33.4978 2.3992 -123.4962,
		 -33.5367 2.3945 -123.4963,
		 -33.5607 2.3653 -123.4969,
		 -33.5557 2.3286 -123.4975,
		 -33.5247 2.3059 -123.4980,
		 -33.5298 2.3983 -123.6809,
		 -33.5298 2.3126 -123.6825,
		 -33.5247 2.3089 -123.6806,
		 -33.4859 2.3133 -123.6652,
		 -33.4619 2.3424 -123.6552,
		 -33.4668 2.3791 -123.6565,
		 -33.4978 2.4020 -123.6683,
		 -33.4832 2.3138 -123.4978,
		 -33.4619 2.3404 -123.5332,
		 -33.4668 2.3779 -123.5832,
		 -33.4978 2.4011 -123.6141,
		 -33.5367 2.3963 -123.6077,
		 -33.5607 2.3664 -123.5679,
		 -33.5557 2.3289 -123.5179,
		 -33.5356 2.3138 -123.4978
		]
	} #Coordinate3
	Material {
		ambientColor      0.0108 0.0618 0.0902  #ambientColor
		diffuseColor      0.0431 0.2471 0.3608  #diffuseColor
		transparency      0.0000                #transparency
	} #Material

	IndexedFaceSet {
		coordIndex [ 
		 16, 4, 5, 6, 17,-1,
		 17, 6, 5, 4, 16,-1,
		 18, 15, 8, 19,-1,
		 19, 8, 15, 18,-1,
		 19, 8, 23, 24, 20,-1,
		 20, 24, 23, 8, 19,-1,
		 20, 24, 25, 21,-1,
		 21, 25, 24, 20,-1,
		 21, 25, 26, 22,-1,
		 22, 26, 25, 21,-1,
		 4, 16, 22, 26, 27,-1,
		 27, 26, 22, 16, 4,-1,
		 5, 4, 27, 28,-1,
		 28, 27, 4, 5,-1,
		 6, 5, 28, 29,-1,
		 29, 28, 5, 6,-1,
		 17, 6, 29, 30, 15, 18,-1,
		 18, 15, 30, 29, 6, 17,-1,
		 15, 30, 23, 8,-1,
		 8, 23, 30, 15,-1,
		 16, 17, 18, 19, 20, 21, 22,-1,
		 22, 21, 20, 19, 18, 17, 16,-1,
		 24, 23, 30, 29, 28, 27, 26, 25,-1,
		 25, 26, 27, 28, 29, 30, 23, 24,-1,
		]
	} #IndexedFaceSet
} #Polyhedron
Separator { #Polyhedron
	DEF COORD38 Coordinate3 {
		point [
		 -30.2859 0.1540 -117.4306,
		 -30.6795 0.1457 -116.9213,
		 -32.6097 0.1426 -116.7303,
		 -34.3240 0.1426 -116.7303,
		 -36.3557 0.1457 -116.9213,
		 -36.7748 0.1543 -117.4434,
		 -30.2859 -0.5890 -117.4443,
		 -30.6795 -0.5973 -116.9350,
		 -32.6097 -0.6004 -116.7440,
		 -34.3240 -0.6004 -116.7440,
		 -36.3557 -0.5973 -116.9350,
		 -36.7748 -0.5888 -117.4571,
		 -30.2859 -0.1538 -117.4363,
		 -30.6795 -0.1538 -116.9268,
		 -30.2873 0.0222 -117.4331,
		 -30.6795 0.0139 -116.9237,
		 -30.6795 0.0222 -116.9236,
		 -30.6795 0.0222 -116.9236,
		 -30.2859 0.0222 -117.4331,
		 -30.6795 -0.1538 -116.9268,
		 -30.2873 -0.1455 -117.4361,
		 -30.2859 -0.1538 -117.4363,
		 -30.2837 0.0223 -117.4377,
		 -30.2837 -0.1454 -117.4408,
		 -30.6795 0.0139 -116.9237,
		 -30.6795 -0.1538 -116.9268,
		 -30.2859 -0.1538 -117.4363,
		 -30.6795 0.0222 -116.9236,
		 -30.6795 0.0139 -116.9237,
		 -30.2873 0.0222 -117.4331,
		 -30.2859 0.0222 -117.4331,
		 -30.6795 0.0222 -116.9236,
		 -30.2859 -0.1538 -117.4363,
		 -30.2873 -0.1455 -117.4361,
		 -32.6097 0.0499 -116.7320,
		 -30.6795 0.0499 -116.9231,
		 -32.6097 0.0468 -116.7321,
		 -30.6795 0.0499 -116.9232,
		 -32.6097 -0.1918 -116.7365,
		 -32.6097 -0.1090 -116.7350,
		 -31.8895 -0.1090 -116.8063,
		 -31.8895 -0.1918 -116.8078,
		 -30.6795 -0.1918 -116.9275,
		 -32.6097 -0.1918 -116.7365,
		 -30.6795 -0.1903 -116.9275,
		 -30.9924 -0.1903 -116.8966,
		 -30.6795 -0.1090 -116.9260,
		 -30.9924 -0.1090 -116.8951,
		 -30.9924 -0.1064 -116.8950,
		 -30.6795 -0.1059 -116.9260,
		 -30.6795 -0.1064 -116.9260,
		 -32.6097 -0.1090 -116.7350,
		 -31.8895 -0.1079 -116.8062,
		 -31.8895 -0.1090 -116.8063,
		 -30.6795 -0.1064 -116.9260,
		 -30.9924 -0.1090 -116.8951,
		 -30.9924 -0.1064 -116.8951,
		 -32.6223 -0.0105 -116.7319,
		 -32.6223 0.0468 -116.7308,
		 -30.6635 0.0499 -116.9247,
		 -30.6635 -0.0105 -116.9259,
		 -32.6223 -0.0120 -116.7319,
		 -30.9924 -0.0105 -116.8933,
		 -31.8895 -0.0120 -116.8045,
		 -32.6223 -0.1079 -116.7337,
		 -31.8895 -0.1079 -116.8063,
		 -31.8895 -0.1079 -116.8063,
		 -32.6223 -0.1090 -116.7337,
		 -32.6223 -0.1079 -116.7337,
		 -30.6635 -0.0105 -116.9259,
		 -30.6635 -0.1059 -116.9276,
		 -30.9924 -0.1064 -116.8951,
		 -30.6795 0.0499 -116.9231,
		 -32.6097 0.0499 -116.7320,
		 -30.6795 0.0499 -116.9232,
		 -32.6097 0.0468 -116.7321,
		 -31.8895 -0.1090 -116.8063,
		 -32.6097 -0.1090 -116.7350,
		 -32.6097 -0.1918 -116.7365,
		 -32.6097 -0.1918 -116.7365,
		 -30.6795 -0.1918 -116.9275,
		 -30.6795 -0.1903 -116.9275,
		 -30.9924 -0.1090 -116.8951,
		 -30.6795 -0.1090 -116.9260,
		 -30.6795 -0.1064 -116.9260,
		 -30.6795 -0.1059 -116.9260,
		 -30.9924 -0.1064 -116.8950,
		 -31.8895 -0.1090 -116.8063,
		 -31.8895 -0.1079 -116.8062,
		 -32.6097 -0.1090 -116.7350,
		 -30.9924 -0.1064 -116.8951,
		 -30.9924 -0.1090 -116.8951,
		 -30.6795 -0.1064 -116.9260,
		 -30.6635 -0.0105 -116.9259,
		 -32.6223 -0.0105 -116.7319,
		 -32.6223 -0.0120 -116.7319,
		 -31.8895 -0.1079 -116.8063,
		 -32.6223 -0.1079 -116.7337,
		 -32.6223 -0.1079 -116.7337,
		 -31.8895 -0.1079 -116.8063,
		 -30.9924 -0.1064 -116.8951,
		 -30.6635 -0.0105 -116.9259,
		 -34.3240 0.0348 -116.7323,
		 -32.6097 0.0348 -116.7323,
		 -34.3240 -0.5045 -116.7423,
		 -34.3240 -0.1330 -116.7354,
		 -34.0065 -0.1330 -116.7354,
		 -34.0065 -0.5045 -116.7423,
		 -32.6097 -0.5045 -116.7423,
		 -34.3240 -0.5045 -116.7423,
		 -32.6097 -0.1330 -116.7354,
		 -32.8764 -0.5045 -116.7423,
		 -32.8764 -0.1330 -116.7354,
		 -34.3367 0.0108 -116.7328,
		 -34.3367 0.0348 -116.7323,
		 -32.5970 0.0348 -116.7323,
		 -32.5970 0.0108 -116.7328,
		 -34.3367 -0.1330 -116.7354,
		 -34.3367 0.0108 -116.7328,
		 -34.0065 0.0108 -116.7328,
		 -34.0065 -0.1330 -116.7354,
		 -32.5970 0.0108 -116.7328,
		 -32.5970 -0.1330 -116.7354,
		 -32.8764 -0.1330 -116.7354,
		 -32.8764 0.0108 -116.7328,
		 -32.6097 0.0348 -116.7323,
		 -34.3240 0.0348 -116.7323,
		 -34.0065 -0.1330 -116.7354,
		 -34.3240 -0.1330 -116.7354,
		 -34.3240 -0.5045 -116.7423,
		 -34.3240 -0.5045 -116.7423,
		 -32.6097 -0.5045 -116.7423,
		 -32.8764 -0.1330 -116.7354,
		 -32.6097 -0.1330 -116.7354,
		 -32.5970 0.0108 -116.7328,
		 -34.3367 0.0108 -116.7328,
		 -34.0065 -0.1330 -116.7354,
		 -34.3367 0.0108 -116.7328,
		 -32.8764 -0.1330 -116.7354,
		 -32.5970 0.0108 -116.7328,
		 -36.3557 0.0020 -116.9240,
		 -34.3240 0.0020 -116.7329,
		 -36.3557 -0.1542 -116.9268,
		 -36.3557 -0.1538 -116.9268,
		 -36.1028 -0.1542 -116.9038,
		 -36.3557 -0.1569 -116.9269,
		 -36.1028 -0.1542 -116.9038,
		 -36.1028 -0.1569 -116.9038,
		 -35.2051 -0.1555 -116.8220,
		 -34.3240 -0.1569 -116.7417,
		 -35.2051 -0.1569 -116.8220,
		 -36.3557 -0.2741 -116.9291,
		 -36.3557 -0.1569 -116.9269,
		 -36.1028 -0.1569 -116.9038,
		 -36.1028 -0.2741 -116.9060,
		 -36.3557 -0.2754 -116.9291,
		 -35.2051 -0.2754 -116.8242,
		 -34.3240 -0.2754 -116.7380,
		 -36.3557 -0.2754 -116.9291,
		 -34.3240 -0.1569 -116.7359,
		 -35.2051 -0.1569 -116.8220,
		 -34.3240 0.0020 -116.7329,
		 -34.3240 -0.0011 -116.7330,
		 -36.3557 0.0020 -116.9240,
		 -36.3684 -0.0943 -116.9269,
		 -36.3684 0.0020 -116.9251,
		 -34.3073 -0.0011 -116.7373,
		 -34.3073 -0.0943 -116.7390,
		 -36.1028 -0.1542 -116.9038,
		 -36.3684 -0.1538 -116.9280,
		 -36.1028 -0.0943 -116.9027,
		 -34.3073 -0.1555 -116.7401,
		 -34.3073 -0.1569 -116.7402,
		 -35.2051 -0.1555 -116.8220,
		 -34.3073 -0.0956 -116.7390,
		 -35.2051 -0.1555 -116.8220,
		 -35.2051 -0.0956 -116.8209,
		 -34.3073 -0.0943 -116.7390,
		 -34.3240 0.0020 -116.7329,
		 -36.3557 0.0020 -116.9240,
		 -36.1028 -0.1542 -116.9038,
		 -36.3557 -0.1538 -116.9268,
		 -36.3557 -0.1542 -116.9268,
		 -36.1028 -0.1569 -116.9038,
		 -36.1028 -0.1542 -116.9038,
		 -36.3557 -0.1569 -116.9269,
		 -35.2051 -0.1569 -116.8220,
		 -34.3240 -0.1569 -116.7417,
		 -35.2051 -0.1555 -116.8220,
		 -36.1028 -0.1569 -116.9038,
		 -36.3557 -0.1569 -116.9269,
		 -36.3557 -0.2741 -116.9291,
		 -36.3557 -0.2754 -116.9291,
		 -36.3557 -0.2754 -116.9291,
		 -34.3240 -0.2754 -116.7380,
		 -35.2051 -0.1569 -116.8220,
		 -34.3240 -0.1569 -116.7359,
		 -36.3557 0.0020 -116.9240,
		 -34.3240 -0.0011 -116.7330,
		 -34.3240 0.0020 -116.7329,
		 -34.3073 -0.0943 -116.7390,
		 -36.3684 -0.0943 -116.9269,
		 -36.1028 -0.1542 -116.9038,
		 -35.2051 -0.1555 -116.8220,
		 -34.3073 -0.1555 -116.7401,
		 -35.2051 -0.1555 -116.8220,
		 -34.3073 -0.0956 -116.7390,
		 -34.3073 -0.0943 -116.7390,
		 -36.7748 0.0224 -117.4458,
		 -36.3557 0.0224 -116.9236,
		 -36.7748 -0.1658 -117.4493,
		 -36.7748 -0.1573 -117.4491,
		 -36.3562 -0.1658 -116.9271,
		 -36.3557 -0.1658 -116.9271,
		 -36.7748 -0.1658 -117.4493,
		 -36.3557 0.0224 -116.9236,
		 -36.3557 0.0139 -116.9237,
		 -36.7748 0.0224 -117.4458,
		 -36.3531 0.0138 -116.9199,
		 -36.3531 -0.1659 -116.9232,
		 -36.7827 -0.1571 -117.4590,
		 -36.7827 0.0226 -117.4557,
		 -36.3557 0.0224 -116.9236,
		 -36.7748 0.0224 -117.4458,
		 -36.3562 -0.1658 -116.9271,
		 -36.7748 -0.1573 -117.4491,
		 -36.7748 -0.1658 -117.4493,
		 -36.7748 -0.1658 -117.4493,
		 -36.3557 -0.1658 -116.9271,
		 -36.7748 0.0224 -117.4458,
		 -36.3557 0.0139 -116.9237,
		 -36.3557 0.0224 -116.9236
		]
	} #Coordinate3
	Material {
		ambientColor      0.0108 0.0618 0.0902  #ambientColor
		diffuseColor      0.0431 0.2471 0.3608  #diffuseColor
		transparency      0.0000                #transparency
	} #Material

	IndexedFaceSet {
		coordIndex [ 
		 0, 1, 2, 3, 4, 5,-1,
		 5, 4, 3, 2, 1, 0,-1,
		 0, 5, 11, 6,-1,
		 6, 11, 5, 0,-1,
		 12, 6, 7, 13,-1,
		 14, 15, 16,-1,
		 17, 1, 0, 18,-1,
		 19, 20, 21,-1,
		]
	} #IndexedFaceSet
	Material {
		ambientColor      0.0000 0.0000 0.0000  #ambientColor
		diffuseColor      0.0000 0.0000 0.0000  #diffuseColor
		transparency      0.0000                #transparency
	} #Material

	IndexedFaceSet {
		coordIndex [ 
		 22, 23, 19, 24,-1,
		]
	} #IndexedFaceSet
	Material {
		ambientColor      0.0108 0.0618 0.0902  #ambientColor
		diffuseColor      0.0431 0.2471 0.3608  #diffuseColor
		transparency      0.0000                #transparency
	} #Material

	IndexedFaceSet {
		coordIndex [ 
		 25, 7, 6, 26,-1,
		 27, 28, 29,-1,
		 30, 0, 1, 31,-1,
		 32, 33, 19,-1,
		]
	} #IndexedFaceSet
	Material {
		ambientColor      0.0000 0.0000 0.0000  #ambientColor
		diffuseColor      0.0000 0.0000 0.0000  #diffuseColor
		transparency      0.0000                #transparency
	} #Material

	IndexedFaceSet {
		coordIndex [ 
		 24, 19, 23, 22,-1,
		]
	} #IndexedFaceSet
	Material {
		ambientColor      0.0108 0.0618 0.0902  #ambientColor
		diffuseColor      0.0431 0.2471 0.3608  #diffuseColor
		transparency      0.0000                #transparency
	} #Material

	IndexedFaceSet {
		coordIndex [ 
		 34, 2, 1, 35,-1,
		 36, 34, 37,-1,
		 38, 39, 40, 41,-1,
		 42, 7, 8, 43,-1,
		 44, 42, 41, 45,-1,
		 46, 44, 45, 47,-1,
		 48, 49, 50,-1,
		 51, 52, 53,-1,
		 54, 46, 55, 56,-1,
		]
	} #IndexedFaceSet
	Material {
		ambientColor      0.0000 0.0000 0.0000  #ambientColor
		diffuseColor      0.0000 0.0000 0.0000  #diffuseColor
		transparency      0.0000                #transparency
	} #Material

	IndexedFaceSet {
		coordIndex [ 
		 57, 58, 59, 60,-1,
		 61, 57, 62, 63,-1,
		 64, 61, 63, 65,-1,
		 66, 67, 68,-1,
		 69, 70, 71, 62,-1,
		]
	} #IndexedFaceSet
	Material {
		ambientColor      0.2500 0.1500 0.0000  #ambientColor
		diffuseColor      1.0000 0.6000 0.0000  #diffuseColor
		transparency      0.0000                #transparency
	} #Material

	IndexedFaceSet {
		coordIndex [ 
		 62, 45, 41, 63,-1,
		]
	} #IndexedFaceSet
	Material {
		ambientColor      0.0108 0.0618 0.0902  #ambientColor
		diffuseColor      0.0431 0.2471 0.3608  #diffuseColor
		transparency      0.0000                #transparency
	} #Material

	IndexedFaceSet {
		coordIndex [ 
		 72, 1, 2, 73,-1,
		 74, 73, 75,-1,
		 41, 76, 77, 78,-1,
		 79, 8, 7, 80,-1,
		 45, 41, 80, 81,-1,
		 82, 45, 81, 83,-1,
		 84, 85, 86,-1,
		 87, 88, 89,-1,
		 90, 91, 83, 92,-1,
		]
	} #IndexedFaceSet
	Material {
		ambientColor      0.0000 0.0000 0.0000  #ambientColor
		diffuseColor      0.0000 0.0000 0.0000  #diffuseColor
		transparency      0.0000                #transparency
	} #Material

	IndexedFaceSet {
		coordIndex [ 
		 93, 59, 58, 94,-1,
		 63, 62, 94, 95,-1,
		 96, 63, 95, 97,-1,
		 98, 67, 99,-1,
		 62, 100, 70, 101,-1,
		]
	} #IndexedFaceSet
	Material {
		ambientColor      0.2500 0.1500 0.0000  #ambientColor
		diffuseColor      1.0000 0.6000 0.0000  #diffuseColor
		transparency      0.0000                #transparency
	} #Material

	IndexedFaceSet {
		coordIndex [ 
		 63, 41, 45, 62,-1,
		]
	} #IndexedFaceSet
	Material {
		ambientColor      0.0108 0.0618 0.0902  #ambientColor
		diffuseColor      0.0431 0.2471 0.3608  #diffuseColor
		transparency      0.0000                #transparency
	} #Material

	IndexedFaceSet {
		coordIndex [ 
		 102, 3, 2, 103,-1,
		 104, 105, 106, 107,-1,
		 108, 8, 9, 109,-1,
		 110, 108, 111, 112,-1,
		]
	} #IndexedFaceSet
	Material {
		ambientColor      0.0000 0.0000 0.0000  #ambientColor
		diffuseColor      0.0000 0.0000 0.0000  #diffuseColor
		transparency      0.0000                #transparency
	} #Material

	IndexedFaceSet {
		coordIndex [ 
		 113, 114, 115, 116,-1,
		 117, 118, 119, 120,-1,
		 121, 122, 123, 124,-1,
		]
	} #IndexedFaceSet
	Material {
		ambientColor      0.2500 0.2500 0.2500  #ambientColor
		diffuseColor      1.0000 1.0000 1.0000  #diffuseColor
		transparency      0.0000                #transparency
	} #Material

	IndexedFaceSet {
		coordIndex [ 
		 124, 111, 107, 119,-1,
		]
	} #IndexedFaceSet
	Material {
		ambientColor      0.0108 0.0618 0.0902  #ambientColor
		diffuseColor      0.0431 0.2471 0.3608  #diffuseColor
		transparency      0.0000                #transparency
	} #Material

	IndexedFaceSet {
		coordIndex [ 
		 125, 2, 3, 126,-1,
		 107, 127, 128, 129,-1,
		 130, 9, 8, 131,-1,
		 132, 111, 131, 133,-1,
		]
	} #IndexedFaceSet
	Material {
		ambientColor      0.0000 0.0000 0.0000  #ambientColor
		diffuseColor      0.0000 0.0000 0.0000  #diffuseColor
		transparency      0.0000                #transparency
	} #Material

	IndexedFaceSet {
		coordIndex [ 
		 134, 115, 114, 135,-1,
		 136, 119, 137, 117,-1,
		 124, 138, 122, 139,-1,
		]
	} #IndexedFaceSet
	Material {
		ambientColor      0.2500 0.2500 0.2500  #ambientColor
		diffuseColor      1.0000 1.0000 1.0000  #diffuseColor
		transparency      0.0000                #transparency
	} #Material

	IndexedFaceSet {
		coordIndex [ 
		 119, 107, 111, 124,-1,
		]
	} #IndexedFaceSet
	Material {
		ambientColor      0.0108 0.0618 0.0902  #ambientColor
		diffuseColor      0.0431 0.2471 0.3608  #diffuseColor
		transparency      0.0000                #transparency
	} #Material

	IndexedFaceSet {
		coordIndex [ 
		 140, 4, 3, 141,-1,
		 142, 143, 144,-1,
		 145, 142, 146, 147,-1,
		 148, 149, 150,-1,
		 151, 152, 153, 154,-1,
		 155, 151, 154, 156,-1,
		 157, 9, 10, 158,-1,
		 159, 157, 156, 160,-1,
		 161, 162, 163,-1,
		]
	} #IndexedFaceSet
	Material {
		ambientColor      0.0000 0.0000 0.0000  #ambientColor
		diffuseColor      0.0000 0.0000 0.0000  #diffuseColor
		transparency      0.0000                #transparency
	} #Material

	IndexedFaceSet {
		coordIndex [ 
		 164, 165, 166, 167,-1,
		 168, 169, 164, 170,-1,
		 171, 172, 173,-1,
		 174, 171, 175, 176,-1,
		 177, 174, 176, 170,-1,
		]
	} #IndexedFaceSet
	Material {
		ambientColor      0.2500 0.1500 0.0000  #ambientColor
		diffuseColor      1.0000 0.6000 0.0000  #diffuseColor
		transparency      0.0000                #transparency
	} #Material

	IndexedFaceSet {
		coordIndex [ 
		 176, 156, 154, 170,-1,
		]
	} #IndexedFaceSet
	Material {
		ambientColor      0.0108 0.0618 0.0902  #ambientColor
		diffuseColor      0.0431 0.2471 0.3608  #diffuseColor
		transparency      0.0000                #transparency
	} #Material

	IndexedFaceSet {
		coordIndex [ 
		 178, 3, 4, 179,-1,
		 180, 181, 182,-1,
		 183, 184, 182, 185,-1,
		 186, 187, 188,-1,
		 154, 189, 190, 191,-1,
		 156, 154, 191, 192,-1,
		 193, 10, 9, 194,-1,
		 195, 156, 194, 196,-1,
		 197, 198, 199,-1,
		]
	} #IndexedFaceSet
	Material {
		ambientColor      0.0000 0.0000 0.0000  #ambientColor
		diffuseColor      0.0000 0.0000 0.0000  #diffuseColor
		transparency      0.0000                #transparency
	} #Material

	IndexedFaceSet {
		coordIndex [ 
		 200, 166, 165, 201,-1,
		 170, 201, 169, 202,-1,
		 203, 172, 204,-1,
		 176, 205, 204, 206,-1,
		 170, 176, 206, 207,-1,
		]
	} #IndexedFaceSet
	Material {
		ambientColor      0.2500 0.1500 0.0000  #ambientColor
		diffuseColor      1.0000 0.6000 0.0000  #diffuseColor
		transparency      0.0000                #transparency
	} #Material

	IndexedFaceSet {
		coordIndex [ 
		 170, 154, 156, 176,-1,
		]
	} #IndexedFaceSet
	Material {
		ambientColor      0.0108 0.0618 0.0902  #ambientColor
		diffuseColor      0.0431 0.2471 0.3608  #diffuseColor
		transparency      0.0000                #transparency
	} #Material

	IndexedFaceSet {
		coordIndex [ 
		 208, 5, 4, 209,-1,
		 210, 211, 212,-1,
		 213, 10, 11, 214,-1,
		 215, 216, 217,-1,
		]
	} #IndexedFaceSet
	Material {
		ambientColor      0.0000 0.0000 0.0000  #ambientColor
		diffuseColor      0.0000 0.0000 0.0000  #diffuseColor
		transparency      0.0000                #transparency
	} #Material

	IndexedFaceSet {
		coordIndex [ 
		 218, 219, 220, 221,-1,
		]
	} #IndexedFaceSet
	Material {
		ambientColor      0.0108 0.0618 0.0902  #ambientColor
		diffuseColor      0.0431 0.2471 0.3608  #diffuseColor
		transparency      0.0000                #transparency
	} #Material

	IndexedFaceSet {
		coordIndex [ 
		 222, 4, 5, 223,-1,
		 224, 225, 226,-1,
		 227, 11, 10, 228,-1,
		 229, 230, 231,-1,
		]
	} #IndexedFaceSet
	Material {
		ambientColor      0.0000 0.0000 0.0000  #ambientColor
		diffuseColor      0.0000 0.0000 0.0000  #diffuseColor
		transparency      0.0000                #transparency
	} #Material

	IndexedFaceSet {
		coordIndex [ 
		 221, 220, 219, 218,-1,
		]
	} #IndexedFaceSet
	Material {
		ambientColor      0.0108 0.0618 0.0902  #ambientColor
		diffuseColor      0.0431 0.2471 0.3608  #diffuseColor
		transparency      0.0000                #transparency
	} #Material

	IndexedFaceSet {
		coordIndex [ 
		 11, 10, 9, 8, 7, 6,-1,
		 6, 7, 8, 9, 10, 11,-1,
		]
	} #IndexedFaceSet
} #Polyhedron
Separator { #Polyhedron
	DEF COORD39 Coordinate3 {
		point [
		 -30.1081 -2.3788 -119.4260,
		 -30.1081 -2.1457 -119.0142,
		 -30.1081 -1.7834 -118.7322,
		 -30.1081 -1.3242 -118.6355,
		 -30.1081 -0.8653 -118.7339,
		 -30.1081 -0.4765 -119.0124,
		 -30.1081 -0.2170 -119.4287,
		 -30.1081 -0.1216 -119.9067,
		 -30.1081 -0.2184 -120.4097,
		 -30.1081 -0.4791 -120.8250,
		 -30.1081 -0.8686 -121.1022,
		 -30.1081 -1.3269 -121.2042,
		 -30.1081 -1.7868 -121.1005,
		 -30.1081 -2.1755 -120.8220,
		 -30.1081 -2.3691 -120.4161,
		 -31.0097 -2.3745 -119.4124,
		 -31.0097 -2.1415 -119.0005,
		 -31.0097 -1.7792 -118.7185,
		 -31.0097 -1.3200 -118.6218,
		 -31.0097 -0.8610 -118.7202,
		 -31.0097 -0.4722 -118.9988,
		 -31.0097 -0.2128 -119.4151,
		 -31.0097 -0.1174 -119.8930,
		 -31.0097 -0.2142 -120.3961,
		 -31.0097 -0.4748 -120.8114,
		 -31.0097 -0.8644 -121.0885,
		 -31.0097 -1.3226 -121.1906,
		 -31.0097 -1.7825 -121.0869,
		 -31.0097 -2.1713 -120.8083,
		 -31.0097 -2.3649 -120.4025,
		 -30.5638 -2.3670 -120.4092,
		 -30.5626 -2.3766 -119.4192,
		 -30.5165 -2.1438 -119.0080,
		 -30.4459 -1.7818 -118.7271,
		 -30.3572 -1.3230 -118.6317,
		 -30.2693 -0.8645 -118.7314,
		 -30.1954 -0.4761 -119.0111,
		 -30.1468 -0.2169 -119.4281,
		 -30.1299 -0.1215 -119.9063,
		 -30.1501 -0.2182 -120.4091,
		 -30.2016 -0.4786 -120.8236,
		 -30.2774 -0.8678 -121.0996,
		 -30.3658 -1.3257 -121.2003,
		 -30.4540 -1.7851 -121.0953,
		 -30.5279 -2.1736 -120.8156,
		 -30.1081 -2.1315 -120.8535,
		 -30.1081 -2.1315 -119.0031,
		 -30.1081 -2.0801 -119.6127,
		 -30.1081 -2.1315 -119.9438,
		 -30.1081 -2.0801 -118.9631,
		 -30.1081 -1.9134 -119.3277,
		 -30.1081 -1.9134 -118.8334,
		 -30.1081 -1.6568 -119.1321,
		 -30.1081 -1.6568 -118.7055,
		 -30.1081 -1.3492 -119.0558,
		 -30.1081 -1.3492 -118.6407,
		 -30.1081 -1.0376 -119.1104,
		 -30.1081 -1.0376 -118.6969,
		 -30.1081 -0.7693 -119.2875,
		 -30.1081 -0.7693 -118.8026,
		 -30.1081 -0.5853 -119.5602,
		 -30.1081 -0.5853 -118.9345,
		 -30.1081 -0.5135 -119.8869,
		 -30.1081 -0.5135 -118.9859,
		 -30.1081 -0.5135 -118.9859,
		 -30.1081 -0.5135 -120.8495,
		 -30.1081 -0.5648 -120.2180,
		 -30.1081 -0.5648 -120.8860,
		 -30.1081 -0.7315 -120.5030,
		 -30.1081 -0.7315 -121.0046,
		 -30.1081 -0.9881 -120.6985,
		 -30.1081 -0.9881 -121.1288,
		 -30.1081 -1.2957 -120.7748,
		 -30.1081 -1.2957 -121.1973,
		 -30.1081 -1.6073 -120.7203,
		 -30.1081 -1.6073 -121.1410,
		 -30.1081 -1.8756 -120.5432,
		 -30.1081 -1.8756 -121.0369,
		 -30.1081 -2.0596 -120.2705,
		 -30.1081 -2.0596 -120.9050,
		 -30.1081 -2.1315 -120.8535,
		 -30.1081 -2.0813 -120.1721,
		 -30.1081 -2.0813 -119.6200,
		 -30.1081 -2.0191 -119.5886,
		 -30.1081 -2.0813 -119.8954,
		 -30.1081 -2.0191 -119.5084,
		 -30.1081 -1.8518 -119.3307,
		 -30.1081 -1.8518 -119.2807,
		 -30.1081 -1.6049 -119.1608,
		 -30.1081 -1.6049 -119.1193,
		 -30.1081 -1.3158 -119.1048,
		 -30.1081 -1.3158 -119.0617,
		 -30.1081 -1.0288 -119.1713,
		 -30.1081 -1.0288 -119.1162,
		 -30.1081 -0.7873 -119.3501,
		 -30.1081 -0.7873 -119.2756,
		 -30.1081 -0.6283 -119.6140,
		 -30.1081 -0.6283 -119.4964,
		 -30.1081 -0.5758 -119.9228,
		 -30.1081 -0.5758 -119.6030,
		 -30.1081 -0.5758 -119.6030,
		 -30.1081 -0.5758 -120.2369,
		 -30.1081 -0.6380 -120.2295,
		 -30.1081 -0.6380 -120.3432,
		 -30.1081 -0.8053 -120.4875,
		 -30.1081 -0.8053 -120.5592,
		 -30.1081 -1.0522 -120.6574,
		 -30.1081 -1.0522 -120.7144,
		 -30.1081 -1.3413 -120.7133,
		 -30.1081 -1.3413 -120.7669,
		 -30.1081 -1.6283 -120.6469,
		 -30.1081 -1.6283 -120.7064,
		 -30.1081 -1.8698 -120.4681,
		 -30.1081 -1.8698 -120.5470,
		 -30.1081 -2.0288 -120.2042,
		 -30.1081 -2.0288 -120.3162,
		 -30.1081 -2.0813 -120.1721,
		 -30.1081 -2.0062 -120.2417,
		 -30.1081 -2.0062 -119.5687,
		 -30.1081 -1.9493 -119.6199,
		 -30.1081 -2.0062 -119.8966,
		 -30.1081 -1.9493 -119.4810,
		 -30.1081 -1.7976 -119.3875,
		 -30.1081 -1.7976 -119.2934,
		 -30.1081 -1.5742 -119.2349,
		 -30.1081 -1.5742 -119.1549,
		 -30.1081 -1.3131 -119.1852,
		 -30.1081 -1.3131 -119.1055,
		 -30.1081 -1.0541 -119.2461,
		 -30.1081 -1.0541 -119.1654,
		 -30.1081 -0.8366 -119.4082,
		 -30.1081 -0.8366 -119.3136,
		 -30.1081 -0.6937 -119.6470,
		 -30.1081 -0.6937 -119.5055,
		 -30.1081 -0.6471 -119.9259,
		 -30.1081 -0.6471 -119.5827,
		 -30.1081 -0.6471 -119.5827,
		 -30.1081 -0.6471 -120.2436,
		 -30.1081 -0.7041 -120.2026,
		 -30.1081 -0.7041 -120.3314,
		 -30.1081 -0.8558 -120.4350,
		 -30.1081 -0.8558 -120.5222,
		 -30.1081 -1.0792 -120.5877,
		 -30.1081 -1.0792 -120.6626,
		 -30.1081 -1.3402 -120.6373,
		 -30.1081 -1.3402 -120.7131,
		 -30.1081 -1.5992 -120.5765,
		 -30.1081 -1.5992 -120.6536,
		 -30.1081 -1.8167 -120.4143,
		 -30.1081 -1.8167 -120.5073,
		 -30.1081 -1.9596 -120.1756,
		 -30.1081 -1.9596 -120.3189,
		 -30.1081 -2.0062 -120.2417,
		 -30.1081 -1.9588 -120.1770,
		 -30.1081 -1.9588 -119.6664,
		 -30.1081 -1.9442 -119.8235,
		 -30.1081 -1.9588 -119.8904,
		 -30.1081 -1.9442 -119.6121,
		 -30.1081 -1.9141 -119.6525,
		 -30.1081 -1.9442 -119.8235,
		 -30.1081 -1.9141 -119.5660,
		 -30.1081 -1.9027 -119.6344,
		 -30.1081 -1.9027 -119.5485,
		 -30.1081 -1.9027 -119.5485,
		 -30.1081 -1.9023 -119.5480,
		 -30.1081 -1.9023 -119.6329,
		 -30.1081 -1.9027 -119.6344,
		 -30.1081 -1.8930 -119.6189,
		 -30.1081 -1.8930 -119.5337,
		 -30.1081 -1.8089 -119.4850,
		 -30.1081 -1.8930 -119.6189,
		 -30.1081 -1.8089 -119.4049,
		 -30.1081 -1.7933 -119.4707,
		 -30.1081 -1.7933 -119.3846,
		 -30.1081 -1.7933 -119.3846,
		 -30.1081 -1.7579 -119.3604,
		 -30.1081 -1.7579 -119.4181,
		 -30.1081 -1.7933 -119.4707,
		 -30.1081 -1.5476 -119.2787,
		 -30.1081 -1.5476 -119.2298,
		 -30.1081 -1.3033 -119.2360,
		 -30.1081 -1.3033 -119.1875,
		 -30.1081 -1.0623 -119.2964,
		 -30.1081 -1.0623 -119.2442,
		 -30.1081 -0.8612 -119.4508,
		 -30.1081 -0.8612 -119.3899,
		 -30.1081 -0.7651 -119.6165,
		 -30.1081 -0.7651 -119.5277,
		 -30.1081 -0.7308 -119.6691,
		 -30.1081 -0.7651 -119.6165,
		 -30.1081 -0.7308 -119.5850,
		 -30.1081 -0.7268 -119.6752,
		 -30.1081 -0.7308 -119.6691,
		 -30.1081 -0.7268 -119.5916,
		 -30.1081 -0.6931 -119.9038,
		 -30.1081 -0.6931 -119.6504,
		 -30.1081 -0.6931 -119.6504,
		 -30.1081 -0.6907 -119.6646,
		 -30.1081 -0.6907 -119.9366,
		 -30.1081 -0.6931 -119.9211,
		 -30.1081 -0.6944 -119.9130,
		 -30.1081 -0.6907 -119.6646,
		 -30.1081 -0.6907 -120.1379,
		 -30.1081 -0.7089 -120.0192,
		 -30.1081 -0.7089 -120.2100,
		 -30.1081 -0.7306 -120.1783,
		 -30.1081 -0.7089 -120.0192,
		 -30.1081 -0.7306 -120.2433,
		 -30.1081 -0.7472 -120.2028,
		 -30.1081 -0.7472 -120.2688,
		 -30.1081 -0.8788 -120.4508,
		 -30.1081 -0.8917 -120.4595,
		 -30.1081 -0.8917 -120.4089,
		 -30.1081 -0.8788 -120.3898,
		 -30.1081 -0.8711 -120.3847,
		 -30.1081 -0.7472 -120.2028,
		 -30.1081 -0.8711 -120.4455,
		 -30.1081 -0.8788 -120.3898,
		 -30.1081 -0.8788 -120.4508,
		 -30.1081 -1.1020 -120.5482,
		 -30.1081 -1.1020 -120.5920,
		 -30.1081 -1.3463 -120.5909,
		 -30.1081 -1.3463 -120.6359,
		 -30.1081 -1.5873 -120.5305,
		 -30.1081 -1.5873 -120.5793,
		 -30.1081 -1.7883 -120.3762,
		 -30.1081 -1.7883 -120.4355,
		 -30.1081 -1.9184 -120.2445,
		 -30.1081 -1.9188 -120.2438,
		 -30.1081 -1.9188 -120.1514,
		 -30.1081 -1.9184 -120.1521,
		 -30.1081 -1.8064 -120.3450,
		 -30.1081 -1.8064 -120.4220,
		 -30.1081 -1.8068 -120.3447,
		 -30.1081 -1.8064 -120.3450,
		 -30.1081 -1.8068 -120.4217,
		 -30.1081 -1.9178 -120.1557,
		 -30.1081 -1.9178 -120.2455,
		 -30.1081 -1.9184 -120.1521,
		 -30.1081 -1.9184 -120.2445,
		 -30.1081 -1.9579 -120.1785,
		 -30.1081 -1.9588 -120.1770,
		 -30.1081 -1.9579 -119.8962,
		 -30.1081 -1.9575 -119.8992,
		 -30.1081 -1.9579 -119.9017,
		 -30.1081 -1.9293 -120.0832,
		 -30.1081 -1.9293 -120.2264,
		 -30.1081 -1.9293 -120.0832,
		 -30.1081 -1.9579 -120.1785,
		 -30.1081 -1.9575 -119.8992,
		 -30.1081 -1.9575 -119.8842,
		 -30.1081 -1.9442 -119.8235,
		 -30.1081 -1.9575 -119.8992,
		 -30.1081 -1.8930 -119.6189,
		 -30.1081 -1.9027 -119.6344,
		 -30.1081 -1.7026 -119.3875,
		 -30.1081 -1.7933 -119.4707,
		 -30.1081 -1.7026 -119.3814,
		 -30.1081 -1.7024 -119.4319,
		 -30.1081 -1.7024 -119.3813,
		 -30.1081 -1.7004 -119.4296,
		 -30.1081 -1.7024 -119.4319,
		 -30.1081 -1.7004 -119.3800,
		 -30.1081 -1.7015 -119.6161,
		 -30.1081 -1.7004 -119.6168,
		 -30.1081 -1.7004 -119.8352,
		 -30.1081 -1.6990 -119.4281,
		 -30.1081 -1.7004 -119.4296,
		 -30.1081 -1.6990 -119.3791,
		 -30.1081 -1.7004 -119.6168,
		 -30.1081 -1.6990 -119.6176,
		 -30.1081 -1.6990 -119.8358,
		 -30.1081 -1.7004 -119.8352,
		 -30.1081 -1.6999 -119.9367,
		 -30.1081 -1.6990 -119.9295,
		 -30.1081 -1.6990 -120.1119,
		 -30.1081 -1.6974 -119.4262,
		 -30.1081 -1.6990 -119.4281,
		 -30.1081 -1.6974 -119.3780,
		 -30.1081 -1.6990 -119.6176,
		 -30.1081 -1.6974 -119.6187,
		 -30.1081 -1.6974 -119.8365,
		 -30.1081 -1.6990 -119.8358,
		 -30.1081 -1.6990 -119.9295,
		 -30.1081 -1.6974 -119.9161,
		 -30.1081 -1.6974 -120.1114,
		 -30.1081 -1.6990 -120.1119,
		 -30.1081 -1.6981 -120.2966,
		 -30.1081 -1.6974 -120.2958,
		 -30.1081 -1.6974 -120.4382,
		 -30.1081 -1.6883 -119.4160,
		 -30.1081 -1.6974 -119.4262,
		 -30.1081 -1.6974 -119.3780,
		 -30.1081 -1.6883 -119.3720,
		 -30.1081 -1.6974 -119.6187,
		 -30.1081 -1.6883 -119.6244,
		 -30.1081 -1.6883 -119.8404,
		 -30.1081 -1.6974 -119.8365,
		 -30.1081 -1.6689 -119.3941,
		 -30.1081 -1.6883 -119.4160,
		 -30.1081 -1.6883 -119.3720,
		 -30.1081 -1.6689 -119.3591,
		 -30.1081 -1.6883 -119.6244,
		 -30.1081 -1.6689 -119.6367,
		 -30.1081 -1.6689 -120.1021,
		 -30.1081 -1.6883 -120.1084,
		 -30.1081 -1.6974 -119.9161,
		 -30.1081 -1.6883 -119.8404,
		 -30.1081 -1.6974 -120.1114,
		 -30.1081 -1.6974 -120.2958,
		 -30.1081 -1.6689 -120.2632,
		 -30.1081 -1.6689 -120.4678,
		 -30.1081 -1.6974 -120.4460,
		 -30.1081 -1.6676 -119.3925,
		 -30.1081 -1.6689 -119.3941,
		 -30.1081 -1.6676 -119.3582,
		 -30.1081 -1.6689 -119.6367,
		 -30.1081 -1.6676 -119.6376,
		 -30.1081 -1.6676 -119.8323,
		 -30.1081 -1.6689 -119.9784,
		 -30.1081 -1.6611 -119.3852,
		 -30.1081 -1.6676 -119.3925,
		 -30.1081 -1.6611 -119.3540,
		 -30.1081 -1.6137 -119.4757,
		 -30.1081 -1.6137 -119.3225,
		 -30.1081 -1.6293 -119.6619,
		 -30.1081 -1.6137 -119.6461,
		 -30.1081 -1.6137 -119.6978,
		 -30.1081 -1.6293 -119.7367,
		 -30.1081 -1.6676 -119.6376,
		 -30.1081 -1.6676 -119.8323,
		 -30.1081 -1.5554 -119.5868,
		 -30.1081 -1.6137 -119.4757,
		 -30.1081 -1.5554 -119.2839,
		 -30.1081 -1.5554 -119.2839,
		 -30.1081 -1.5155 -119.2731,
		 -30.1081 -1.5155 -119.5955,
		 -30.1081 -1.5554 -119.6371,
		 -30.1081 -1.6137 -119.6461,
		 -30.1081 -1.6137 -119.6978,
		 -30.1081 -1.4669 -119.5748,
		 -30.1081 -1.4669 -119.2646,
		 -30.1081 -1.3879 -119.3011,
		 -30.1081 -1.4669 -119.3039,
		 -30.1081 -1.3879 -119.2508,
		 -30.1081 -1.4019 -119.5166,
		 -30.1081 -1.3879 -119.5155,
		 -30.1081 -1.3879 -119.5410,
		 -30.1081 -1.4019 -119.5469,
		 -30.1081 -1.4669 -119.5748,
		 -30.1081 -1.2504 -119.2962,
		 -30.1081 -1.3879 -119.3011,
		 -30.1081 -1.2504 -119.2493,
		 -30.1081 -1.2810 -119.5074,
		 -30.1081 -1.2504 -119.3148,
		 -30.1081 -1.2504 -119.5424,
		 -30.1081 -1.2810 -119.5421,
		 -30.1081 -1.3879 -119.5155,
		 -30.1081 -1.3879 -119.5410,
		 -30.1081 -1.2474 -119.2961,
		 -30.1081 -1.2504 -119.2962,
		 -30.1081 -1.2474 -119.2500,
		 -30.1081 -1.2474 -119.2500,
		 -30.1081 -1.1951 -119.2631,
		 -30.1081 -1.1951 -119.5674,
		 -30.1081 -1.2474 -119.5438,
		 -30.1081 -1.2504 -119.3148,
		 -30.1081 -1.2504 -119.5424,
		 -30.1081 -1.2339 -120.5713,
		 -30.1081 -1.2572 -120.5754,
		 -30.1081 -1.2572 -120.2770,
		 -30.1081 -1.2339 -120.2670,
		 -30.1081 -1.1951 -120.2882,
		 -30.1081 -1.2339 -120.3029,
		 -30.1081 -1.1951 -120.2504,
		 -30.1081 -1.2145 -120.5333,
		 -30.1081 -1.1951 -120.5246,
		 -30.1081 -1.1951 -120.5645,
		 -30.1081 -1.2145 -120.5679,
		 -30.1081 -1.2339 -120.5713,
		 -30.1081 -1.3771 -120.3178,
		 -30.1081 -1.3947 -120.3113,
		 -30.1081 -1.3947 -120.2755,
		 -30.1081 -1.3771 -120.2757,
		 -30.1081 -1.3771 -120.2757,
		 -30.1081 -1.3771 -120.5832,
		 -30.1081 -1.3912 -120.5370,
		 -30.1081 -1.3912 -120.5797,
		 -30.1081 -1.3947 -120.5359,
		 -30.1081 -1.3947 -120.5788,
		 -30.1081 -1.4738 -120.2819,
		 -30.1081 -1.5213 -120.3569,
		 -30.1081 -1.5213 -120.2183,
		 -30.1081 -1.4738 -120.2398,
		 -30.1081 -1.3947 -120.3113,
		 -30.1081 -1.3947 -120.2755,
		 -30.1081 -1.5213 -120.4966,
		 -30.1081 -1.3947 -120.5359,
		 -30.1081 -1.5213 -120.5471,
		 -30.1081 -1.6065 -120.1918,
		 -30.1081 -1.6176 -120.1727,
		 -30.1081 -1.6176 -120.1139,
		 -30.1081 -1.6065 -120.1260,
		 -30.1081 -1.6065 -120.1260,
		 -30.1081 -1.5952 -120.1382,
		 -30.1081 -1.5952 -120.5245,
		 -30.1081 -1.6065 -120.5158,
		 -30.1081 -1.6176 -120.2045,
		 -30.1081 -1.6176 -120.5073,
		 -30.1081 -1.5213 -120.3569,
		 -30.1081 -1.5952 -120.4737,
		 -30.1081 -1.5213 -120.2183,
		 -30.1081 -1.5213 -120.4966,
		 -30.1081 -1.5952 -120.5245,
		 -30.1081 -1.6603 -120.0992,
		 -30.1081 -1.6689 -120.1021,
		 -30.1081 -1.6603 -120.0011,
		 -30.1081 -1.6176 -120.1727,
		 -30.1081 -1.6689 -120.2632,
		 -30.1081 -1.6176 -120.2045,
		 -30.1081 -1.6176 -120.5073,
		 -30.1081 -1.6689 -120.4678,
		 -30.1081 -1.8064 -120.3450,
		 -30.1081 -1.6974 -120.4382,
		 -30.1081 -1.9293 -120.0832,
		 -30.1081 -1.9184 -120.1521,
		 -30.1081 -1.0506 -119.3054,
		 -30.1081 -1.1951 -119.2635,
		 -30.1081 -1.0506 -119.3054,
		 -30.1081 -0.8621 -119.4675,
		 -30.1081 -0.8621 -119.4501,
		 -30.1081 -0.7651 -119.6165,
		 -30.1081 -0.6944 -119.9130,
		 -30.1081 -0.6944 -119.9531,
		 -30.1081 -0.7089 -120.0192,
		 -30.1081 -0.6944 -119.9130,
		 -30.1081 -1.0312 -120.4896,
		 -30.1081 -0.8788 -120.3898,
		 -30.1081 -1.0312 -120.5013,
		 -30.1081 -1.1742 -120.5431,
		 -30.1081 -1.1742 -120.5608,
		 -30.1081 -1.1901 -119.5697,
		 -30.1081 -1.1951 -119.5674,
		 -30.1081 -1.1785 -120.2819,
		 -30.1081 -1.1791 -120.2821,
		 -30.1081 -1.1791 -120.2436,
		 -30.1081 -1.1746 -120.5155,
		 -30.1081 -1.1746 -120.5609,
		 -30.1081 -1.1791 -120.5175,
		 -30.1081 -1.1746 -120.5155,
		 -30.1081 -1.1791 -120.5617,
		 -30.1081 -1.1791 -120.2821,
		 -30.1081 -1.1951 -120.2882,
		 -30.1081 -1.1951 -120.2504,
		 -30.1081 -1.1791 -120.2436,
		 -30.1081 -1.1951 -120.5246,
		 -30.1081 -1.1791 -120.5175,
		 -30.1081 -1.1951 -120.5645,
		 -30.1081 -1.1901 -119.5697,
		 -30.1081 -1.1901 -119.2650,
		 -30.1081 -1.1440 -119.5905,
		 -30.1081 -1.1901 -119.5697,
		 -30.1081 -1.1440 -119.2783,
		 -30.1081 -1.1238 -119.4980,
		 -30.1081 -1.1440 -119.5609,
		 -30.1081 -1.1238 -119.2842,
		 -30.1081 -1.1238 -119.5755,
		 -30.1081 -1.1238 -119.5997,
		 -30.1081 -1.1440 -119.5905,
		 -30.1081 -1.0775 -119.3537,
		 -30.1081 -1.1238 -119.4980,
		 -30.1081 -1.1238 -119.2842,
		 -30.1081 -1.0775 -119.2976,
		 -30.1081 -1.0276 -119.3859,
		 -30.1081 -1.0276 -119.3252,
		 -30.1081 -1.0596 -119.6219,
		 -30.1081 -1.0276 -119.5922,
		 -30.1081 -1.0276 -119.7040,
		 -30.1081 -1.0596 -119.6693,
		 -30.1081 -1.1238 -119.5755,
		 -30.1081 -0.9762 -119.4190,
		 -30.1081 -1.0276 -119.3859,
		 -30.1081 -0.9762 -119.3694,
		 -30.1081 -1.0276 -119.5922,
		 -30.1081 -0.9762 -119.5444,
		 -30.1081 -0.9762 -119.8395,
		 -30.1081 -1.0276 -119.7040,
		 -30.1081 -0.9706 -119.4226,
		 -30.1081 -0.9762 -119.4190,
		 -30.1081 -0.9762 -119.3694,
		 -30.1081 -0.9706 -119.3742,
		 -30.1081 -0.9762 -119.5444,
		 -30.1081 -0.9706 -119.5393,
		 -30.1081 -0.9706 -120.0686,
		 -30.1081 -0.9762 -120.0783,
		 -30.1081 -0.9590 -119.4300,
		 -30.1081 -0.9706 -119.4226,
		 -30.1081 -0.9590 -119.3841,
		 -30.1081 -0.9706 -119.5393,
		 -30.1081 -0.9590 -119.5285,
		 -30.1081 -0.9590 -120.0721,
		 -30.1081 -0.9706 -120.0686,
		 -30.1081 -0.9762 -120.2140,
		 -30.1081 -0.9590 -120.2328,
		 -30.1081 -0.9590 -120.4423,
		 -30.1081 -0.9762 -120.4535,
		 -30.1081 -0.8964 -119.4703,
		 -30.1081 -0.9590 -119.4300,
		 -30.1081 -0.8964 -119.4380,
		 -30.1081 -0.8964 -119.4380,
		 -30.1081 -0.7687 -119.6110,
		 -30.1081 -0.7687 -119.6950,
		 -30.1081 -0.8964 -119.7529,
		 -30.1081 -0.9590 -119.5285,
		 -30.1081 -0.9590 -119.7813,
		 -30.1081 -0.7291 -119.9171,
		 -30.1081 -0.7291 -119.6717,
		 -30.1081 -0.7291 -119.6717,
		 -30.1081 -0.7291 -120.1672,
		 -30.1081 -0.7716 -120.1288,
		 -30.1081 -0.9453 -120.0763,
		 -30.1081 -0.9453 -119.8893,
		 -30.1081 -0.7716 -119.9116,
		 -30.1081 -0.7716 -119.9116,
		 -30.1081 -0.7716 -120.2386,
		 -30.1081 -0.8724 -120.3278,
		 -30.1081 -0.8724 -120.3856,
		 -30.1081 -0.9453 -120.2479,
		 -30.1081 -0.9453 -120.4333,
		 -30.1081 -0.9453 -120.0763,
		 -30.1081 -0.9590 -120.0721,
		 -30.1081 -0.9590 -119.7813,
		 -30.1081 -0.9453 -119.8893,
		 -30.1081 -0.9590 -120.2328,
		 -30.1081 -0.9453 -120.2479,
		 -30.1081 -0.9590 -120.4423,
		 -30.1081 -0.9762 -120.0783,
		 -30.1081 -0.9775 -120.0807,
		 -30.1081 -0.9775 -119.9857,
		 -30.1081 -0.9762 -119.8395,
		 -30.1081 -0.9775 -120.2125,
		 -30.1081 -0.9762 -120.2140,
		 -30.1081 -0.9775 -120.4544,
		 -30.1081 -1.0239 -120.4378,
		 -30.1081 -1.0314 -120.4264,
		 -30.1081 -1.0314 -120.1201,
		 -30.1081 -1.0239 -120.1012,
		 -30.1081 -1.0314 -120.4518,
		 -30.1081 -1.0239 -120.4484,
		 -30.1081 -1.0239 -120.4848,
		 -30.1081 -1.0314 -120.4896,
		 -30.1081 -0.9775 -120.0807,
		 -30.1081 -1.0239 -120.1617,
		 -30.1081 -0.9775 -119.9857,
		 -30.1081 -1.0184 -120.4460,
		 -30.1081 -1.0239 -120.4378,
		 -30.1081 -1.0239 -120.1617,
		 -30.1081 -1.0184 -120.1676,
		 -30.1081 -1.0184 -120.1676,
		 -30.1081 -0.9775 -120.2125,
		 -30.1081 -1.0184 -120.4812,
		 -30.1081 -1.0239 -120.4484,
		 -30.1081 -1.0239 -120.4848,
		 -30.1081 -1.0314 -120.4264,
		 -30.1081 -1.1296 -120.2779,
		 -30.1081 -1.1296 -120.2224,
		 -30.1081 -1.0314 -120.1201,
		 -30.1081 -1.1296 -120.4955,
		 -30.1081 -1.0314 -120.4518,
		 -30.1081 -1.1296 -120.5264,
		 -30.1081 -1.1785 -120.2819,
		 -30.1081 -1.1791 -120.2436,
		 -30.1081 -1.1785 -120.2433,
		 -30.1081 -1.1374 -120.2662,
		 -30.1081 -1.1785 -120.2819,
		 -30.1081 -1.1374 -120.2257,
		 -30.1081 -1.1296 -120.2779,
		 -30.1081 -1.1296 -120.2224,
		 -30.1081 -1.1746 -120.5155,
		 -30.1081 -1.1296 -120.4955,
		 -30.1081 -1.9057 -120.1763,
		 -30.1081 -1.9057 -119.6392,
		 -30.1081 -1.8900 -119.7543,
		 -30.1081 -1.9057 -119.9792,
		 -30.1081 -1.8900 -119.6141,
		 -30.1081 -1.8681 -119.7636,
		 -30.1081 -1.8681 -119.5794,
		 -30.1081 -1.8681 -119.9735,
		 -30.1081 -1.8681 -120.2403,
		 -30.1081 -1.9057 -120.1763,
		 -30.1081 -1.8064 -119.7900,
		 -30.1081 -1.8681 -119.7636,
		 -30.1081 -1.8064 -119.4827,
		 -30.1081 -1.7024 -119.4319,
		 -30.1081 -1.8064 -119.5494,
		 -30.1081 -1.7015 -119.6161,
		 -30.1081 -1.7004 -119.8352,
		 -30.1081 -1.7015 -119.8348,
		 -30.1081 -1.7015 -119.6161,
		 -30.1081 -1.8064 -119.7900,
		 -30.1081 -1.6999 -119.9367,
		 -30.1081 -1.6990 -120.1119,
		 -30.1081 -1.6999 -120.1122,
		 -30.1081 -1.7013 -119.9482,
		 -30.1081 -1.6999 -119.9367,
		 -30.1081 -1.7013 -120.1126,
		 -30.1081 -1.8681 -119.9735,
		 -30.1081 -1.8681 -120.1672,
		 -30.1081 -1.6981 -120.2966,
		 -30.1081 -1.6981 -120.4376,
		 -30.1081 -1.7471 -120.3526,
		 -30.1081 -1.6981 -120.2966,
		 -30.1081 -1.7471 -120.3957,
		 -30.1081 -1.8681 -120.2403,
		 -30.1081 -1.6543 -120.0170,
		 -30.1081 -1.6543 -119.7992,
		 -30.1081 -1.6398 -119.8093,
		 -30.1081 -1.6543 -119.9440,
		 -30.1081 -1.6398 -119.7629,
		 -30.1081 -1.5779 -119.6908,
		 -30.1081 -1.5779 -119.6605,
		 -30.1081 -1.4780 -119.6065,
		 -30.1081 -1.4780 -119.5795,
		 -30.1081 -1.3553 -119.5692,
		 -30.1081 -1.3553 -119.5413,
		 -30.1081 -1.2286 -119.5847,
		 -30.1081 -1.2286 -119.5523,
		 -30.1081 -1.1776 -119.6148,
		 -30.1081 -1.1776 -119.5754,
		 -30.1081 -1.1687 -119.6200,
		 -30.1081 -1.1776 -119.6134,
		 -30.1081 -1.1687 -119.5794,
		 -30.1081 -1.1687 -119.5794,
		 -30.1081 -1.1170 -119.6071,
		 -30.1081 -1.1170 -119.6505,
		 -30.1081 -1.1687 -119.6200,
		 -30.1081 -1.0377 -119.7566,
		 -30.1081 -1.0377 -119.6930,
		 -30.1081 -1.0026 -119.8869,
		 -30.1081 -1.0026 -119.7699,
		 -30.1081 -1.0026 -119.7699,
		 -30.1081 -1.0026 -120.0482,
		 -30.1081 -1.0171 -120.0216,
		 -30.1081 -1.0171 -120.0844,
		 -30.1081 -1.0790 -120.1401,
		 -30.1081 -1.0790 -120.1697,
		 -30.1081 -1.1789 -120.2244,
		 -30.1081 -1.1789 -120.2435,
		 -30.1081 -1.3016 -120.2617,
		 -30.1081 -1.3016 -120.2765,
		 -30.1081 -1.4283 -120.2462,
		 -30.1081 -1.4283 -120.2603,
		 -30.1081 -1.5399 -120.1804,
		 -30.1081 -1.5399 -120.1981,
		 -30.1081 -1.6192 -120.0743,
		 -30.1081 -1.6192 -120.1096,
		 -30.1081 -1.6543 -120.0170,
		 -30.1081 -1.4453 -120.2362,
		 -30.1081 -1.4453 -119.5966,
		 -30.1081 -1.4199 -119.8216,
		 -30.1081 -1.4453 -119.9184,
		 -30.1081 -1.4199 -119.5889,
		 -30.1081 -1.3375 -119.7723,
		 -30.1081 -1.3375 -119.5714,
		 -30.1081 -1.2464 -119.7993,
		 -30.1081 -1.2464 -119.5825,
		 -30.1081 -1.2000 -119.8868,
		 -30.1081 -1.2000 -119.6015,
		 -30.1081 -1.2000 -119.6015,
		 -30.1081 -1.1775 -119.6148,
		 -30.1081 -1.1775 -120.2232,
		 -30.1081 -1.2000 -120.2308,
		 -30.1081 -1.2254 -119.9836,
		 -30.1081 -1.2254 -120.2385,
		 -30.1081 -1.3078 -120.0329,
		 -30.1081 -1.3078 -120.2609,
		 -30.1081 -1.3989 -120.0059,
		 -30.1081 -1.3989 -120.2498,
		 -30.1081 -1.4453 -120.2362,
		 -30.1081 -1.1108 -119.6631,
		 -30.1081 -1.1687 -119.6200,
		 -30.1081 -1.1108 -119.6588,
		 -30.1081 -1.0369 -119.7827,
		 -30.1081 -1.0369 -119.7593,
		 -30.1081 -1.0164 -119.9415,
		 -30.1081 -1.0164 -119.8358,
		 -30.1081 -1.0164 -119.8358,
		 -30.1081 -1.0164 -120.0146,
		 -30.1081 -1.0560 -120.0824,
		 -30.1081 -1.0560 -120.0960,
		 -30.1081 -1.1619 -120.2053,
		 -30.1081 -1.1619 -120.2100,
		 -30.1081 -1.1775 -119.6148,
		 -30.1081 -1.1775 -120.2232,
		 -30.1081 -2.1315 -119.0031,
		 -30.1081 -2.1315 -120.8535,
		 -30.1081 -2.0801 -118.9631,
		 -30.1081 -1.9134 -118.8334,
		 -30.1081 -1.6568 -118.7055,
		 -30.1081 -1.3492 -118.6407,
		 -30.1081 -1.0376 -118.6969,
		 -30.1081 -0.7693 -118.8026,
		 -30.1081 -0.5853 -118.9345,
		 -30.1081 -0.5135 -118.9859,
		 -30.1081 -0.5135 -120.8495,
		 -30.1081 -0.5135 -118.9859,
		 -30.1081 -0.5648 -120.8860,
		 -30.1081 -0.7315 -121.0046,
		 -30.1081 -0.9881 -121.1288,
		 -30.1081 -1.2957 -121.1973,
		 -30.1081 -1.6073 -121.1410,
		 -30.1081 -1.8756 -121.0369,
		 -30.1081 -2.0596 -120.9050,
		 -30.1081 -2.1315 -120.8535,
		 -30.1081 -2.0813 -119.6200,
		 -30.1081 -2.0813 -120.1721,
		 -30.1081 -2.0191 -119.5084,
		 -30.1081 -1.8518 -119.2807,
		 -30.1081 -1.6049 -119.1193,
		 -30.1081 -1.3158 -119.0617,
		 -30.1081 -1.0288 -119.1162,
		 -30.1081 -0.7873 -119.2756,
		 -30.1081 -0.6283 -119.4964,
		 -30.1081 -0.5758 -119.6030,
		 -30.1081 -0.5758 -120.2369,
		 -30.1081 -0.5758 -119.6030,
		 -30.1081 -0.6380 -120.3432,
		 -30.1081 -0.8053 -120.5592,
		 -30.1081 -1.0522 -120.7144,
		 -30.1081 -1.3413 -120.7669,
		 -30.1081 -1.6283 -120.7064,
		 -30.1081 -1.8698 -120.5470,
		 -30.1081 -2.0288 -120.3162,
		 -30.1081 -2.0813 -120.1721,
		 -30.1081 -2.0062 -119.5687,
		 -30.1081 -2.0062 -120.2417,
		 -30.1081 -1.9493 -119.4810,
		 -30.1081 -1.7976 -119.2934,
		 -30.1081 -1.5742 -119.1549,
		 -30.1081 -1.3131 -119.1055,
		 -30.1081 -1.0541 -119.1654,
		 -30.1081 -0.8366 -119.3136,
		 -30.1081 -0.6937 -119.5055,
		 -30.1081 -0.6471 -119.5827,
		 -30.1081 -0.6471 -120.2436,
		 -30.1081 -0.6471 -119.5827,
		 -30.1081 -0.7041 -120.3314,
		 -30.1081 -0.8558 -120.5222,
		 -30.1081 -1.0792 -120.6626,
		 -30.1081 -1.3402 -120.7131,
		 -30.1081 -1.5992 -120.6536,
		 -30.1081 -1.8167 -120.5073,
		 -30.1081 -1.9596 -120.3189,
		 -30.1081 -2.0062 -120.2417,
		 -30.1081 -1.9588 -119.6664,
		 -30.1081 -1.9588 -120.1770,
		 -30.1081 -1.9442 -119.6121,
		 -30.1081 -1.9442 -119.8235,
		 -30.1081 -1.9141 -119.5660,
		 -30.1081 -1.9442 -119.8235,
		 -30.1081 -1.9027 -119.5485,
		 -30.1081 -1.9027 -119.6344,
		 -30.1081 -1.9027 -119.6344,
		 -30.1081 -1.9023 -119.5480,
		 -30.1081 -1.9027 -119.5485,
		 -30.1081 -1.8930 -119.5337,
		 -30.1081 -1.8930 -119.6189,
		 -30.1081 -1.8089 -119.4049,
		 -30.1081 -1.8930 -119.6189,
		 -30.1081 -1.7933 -119.3846,
		 -30.1081 -1.7933 -119.4707,
		 -30.1081 -1.7933 -119.4707,
		 -30.1081 -1.7579 -119.3604,
		 -30.1081 -1.7933 -119.3846,
		 -30.1081 -1.5476 -119.2298,
		 -30.1081 -1.3033 -119.1875,
		 -30.1081 -1.0623 -119.2442,
		 -30.1081 -0.8612 -119.3899,
		 -30.1081 -0.7651 -119.5277,
		 -30.1081 -0.7651 -119.6165,
		 -30.1081 -0.7308 -119.5850,
		 -30.1081 -0.7651 -119.6165,
		 -30.1081 -0.7308 -119.6691,
		 -30.1081 -0.7268 -119.5916,
		 -30.1081 -0.7308 -119.6691,
		 -30.1081 -0.6931 -119.6504,
		 -30.1081 -0.6931 -119.9211,
		 -30.1081 -0.6907 -119.6646,
		 -30.1081 -0.6931 -119.6504,
		 -30.1081 -0.6944 -119.9130,
		 -30.1081 -0.6907 -120.1379,
		 -30.1081 -0.6907 -119.6646,
		 -30.1081 -0.7089 -120.2100,
		 -30.1081 -0.7089 -120.0192,
		 -30.1081 -0.7306 -120.2433,
		 -30.1081 -0.7089 -120.0192,
		 -30.1081 -0.7472 -120.2688,
		 -30.1081 -0.7472 -120.2028,
		 -30.1081 -0.8788 -120.3898,
		 -30.1081 -0.8917 -120.4595,
		 -30.1081 -0.8788 -120.4508,
		 -30.1081 -0.8711 -120.4455,
		 -30.1081 -0.7472 -120.2028,
		 -30.1081 -0.8788 -120.4508,
		 -30.1081 -0.8788 -120.3898,
		 -30.1081 -1.1020 -120.5920,
		 -30.1081 -1.3463 -120.6359,
		 -30.1081 -1.5873 -120.5793,
		 -30.1081 -1.7883 -120.4355,
		 -30.1081 -1.9184 -120.1521,
		 -30.1081 -1.9188 -120.2438,
		 -30.1081 -1.9184 -120.2445,
		 -30.1081 -1.8064 -120.4220,
		 -30.1081 -1.8064 -120.3450,
		 -30.1081 -1.8068 -120.4217,
		 -30.1081 -1.8064 -120.3450,
		 -30.1081 -1.9178 -120.2455,
		 -30.1081 -1.9184 -120.2445,
		 -30.1081 -1.9184 -120.1521,
		 -30.1081 -1.9579 -119.8962,
		 -30.1081 -1.9588 -120.1770,
		 -30.1081 -1.9579 -120.1785,
		 -30.1081 -1.9575 -119.8992,
		 -30.1081 -1.9293 -120.2264,
		 -30.1081 -1.9293 -120.0832,
		 -30.1081 -1.9579 -120.1785,
		 -30.1081 -1.9293 -120.0832,
		 -30.1081 -1.9575 -119.8842,
		 -30.1081 -1.9575 -119.8992,
		 -30.1081 -1.9575 -119.8992,
		 -30.1081 -1.9442 -119.8235,
		 -30.1081 -1.9027 -119.6344,
		 -30.1081 -1.8930 -119.6189,
		 -30.1081 -1.7026 -119.3814,
		 -30.1081 -1.7933 -119.4707,
		 -30.1081 -1.7024 -119.3813,
		 -30.1081 -1.7024 -119.4319,
		 -30.1081 -1.7004 -119.3800,
		 -30.1081 -1.7024 -119.4319,
		 -30.1081 -1.7004 -119.4296,
		 -30.1081 -1.7004 -119.8352,
		 -30.1081 -1.7004 -119.6168,
		 -30.1081 -1.7015 -119.6161,
		 -30.1081 -1.6990 -119.3791,
		 -30.1081 -1.7004 -119.4296,
		 -30.1081 -1.6990 -119.4281,
		 -30.1081 -1.7004 -119.8352,
		 -30.1081 -1.6990 -119.8358,
		 -30.1081 -1.6990 -119.6176,
		 -30.1081 -1.7004 -119.6168,
		 -30.1081 -1.6990 -120.1119,
		 -30.1081 -1.6990 -119.9295,
		 -30.1081 -1.6999 -119.9367,
		 -30.1081 -1.6974 -119.3780,
		 -30.1081 -1.6990 -119.4281,
		 -30.1081 -1.6974 -119.4262,
		 -30.1081 -1.6990 -119.8358,
		 -30.1081 -1.6974 -119.8365,
		 -30.1081 -1.6974 -119.6187,
		 -30.1081 -1.6990 -119.6176,
		 -30.1081 -1.6990 -120.1119,
		 -30.1081 -1.6974 -120.1114,
		 -30.1081 -1.6974 -119.9161,
		 -30.1081 -1.6990 -119.9295,
		 -30.1081 -1.6974 -120.4382,
		 -30.1081 -1.6974 -120.2958,
		 -30.1081 -1.6981 -120.2966,
		 -30.1081 -1.6883 -119.3720,
		 -30.1081 -1.6974 -119.3780,
		 -30.1081 -1.6974 -119.4262,
		 -30.1081 -1.6883 -119.4160,
		 -30.1081 -1.6974 -119.8365,
		 -30.1081 -1.6883 -119.8404,
		 -30.1081 -1.6883 -119.6244,
		 -30.1081 -1.6974 -119.6187,
		 -30.1081 -1.6689 -119.3591,
		 -30.1081 -1.6883 -119.3720,
		 -30.1081 -1.6883 -119.4160,
		 -30.1081 -1.6689 -119.3941,
		 -30.1081 -1.6883 -120.1084,
		 -30.1081 -1.6689 -120.1021,
		 -30.1081 -1.6689 -119.6367,
		 -30.1081 -1.6883 -119.6244,
		 -30.1081 -1.6974 -120.1114,
		 -30.1081 -1.6974 -119.9161,
		 -30.1081 -1.6974 -120.4460,
		 -30.1081 -1.6689 -120.4678,
		 -30.1081 -1.6689 -120.2632,
		 -30.1081 -1.6974 -120.2958,
		 -30.1081 -1.6676 -119.3582,
		 -30.1081 -1.6689 -119.3941,
		 -30.1081 -1.6676 -119.3925,
		 -30.1081 -1.6676 -119.8323,
		 -30.1081 -1.6676 -119.6376,
		 -30.1081 -1.6689 -119.6367,
		 -30.1081 -1.6611 -119.3540,
		 -30.1081 -1.6676 -119.3925,
		 -30.1081 -1.6137 -119.3225,
		 -30.1081 -1.6137 -119.4757,
		 -30.1081 -1.6293 -119.7367,
		 -30.1081 -1.6137 -119.6978,
		 -30.1081 -1.6137 -119.6461,
		 -30.1081 -1.6676 -119.6376,
		 -30.1081 -1.5554 -119.2839,
		 -30.1081 -1.6137 -119.4757,
		 -30.1081 -1.5554 -119.6371,
		 -30.1081 -1.5155 -119.2731,
		 -30.1081 -1.5554 -119.2839,
		 -30.1081 -1.6137 -119.6461,
		 -30.1081 -1.4669 -119.2646,
		 -30.1081 -1.4669 -119.5748,
		 -30.1081 -1.3879 -119.2508,
		 -30.1081 -1.3879 -119.3011,
		 -30.1081 -1.4019 -119.5469,
		 -30.1081 -1.3879 -119.5410,
		 -30.1081 -1.3879 -119.5155,
		 -30.1081 -1.4669 -119.5748,
		 -30.1081 -1.2504 -119.2493,
		 -30.1081 -1.3879 -119.3011,
		 -30.1081 -1.2504 -119.2962,
		 -30.1081 -1.2810 -119.5421,
		 -30.1081 -1.2504 -119.5424,
		 -30.1081 -1.2504 -119.3148,
		 -30.1081 -1.3879 -119.5155,
		 -30.1081 -1.2474 -119.2500,
		 -30.1081 -1.2504 -119.2962,
		 -30.1081 -1.2474 -119.5438,
		 -30.1081 -1.1951 -119.5674,
		 -30.1081 -1.1951 -119.2631,
		 -30.1081 -1.2474 -119.2500,
		 -30.1081 -1.2504 -119.3148,
		 -30.1081 -1.2339 -120.2670,
		 -30.1081 -1.2572 -120.5754,
		 -30.1081 -1.2339 -120.5713,
		 -30.1081 -1.1951 -120.2504,
		 -30.1081 -1.1951 -120.2882,
		 -30.1081 -1.2145 -120.5679,
		 -30.1081 -1.1951 -120.5645,
		 -30.1081 -1.1951 -120.5246,
		 -30.1081 -1.2339 -120.5713,
		 -30.1081 -1.3771 -120.2757,
		 -30.1081 -1.3947 -120.2755,
		 -30.1081 -1.3947 -120.3113,
		 -30.1081 -1.3771 -120.5832,
		 -30.1081 -1.3771 -120.2757,
		 -30.1081 -1.3912 -120.5797,
		 -30.1081 -1.3947 -120.5788,
		 -30.1081 -1.3947 -120.5359,
		 -30.1081 -1.4738 -120.2398,
		 -30.1081 -1.5213 -120.2183,
		 -30.1081 -1.5213 -120.3569,
		 -30.1081 -1.3947 -120.3113,
		 -30.1081 -1.5213 -120.5471,
		 -30.1081 -1.3947 -120.5359,
		 -30.1081 -1.5213 -120.4966,
		 -30.1081 -1.6065 -120.1260,
		 -30.1081 -1.6176 -120.1727,
		 -30.1081 -1.6065 -120.5158,
		 -30.1081 -1.5952 -120.5245,
		 -30.1081 -1.5952 -120.1382,
		 -30.1081 -1.6065 -120.1260,
		 -30.1081 -1.6176 -120.5073,
		 -30.1081 -1.6176 -120.2045,
		 -30.1081 -1.5213 -120.3569,
		 -30.1081 -1.5952 -120.5245,
		 -30.1081 -1.5213 -120.4966,
		 -30.1081 -1.6603 -120.0011,
		 -30.1081 -1.6689 -120.1021,
		 -30.1081 -1.6176 -120.1727,
		 -30.1081 -1.6689 -120.4678,
		 -30.1081 -1.6176 -120.5073,
		 -30.1081 -1.6176 -120.2045,
		 -30.1081 -1.6689 -120.2632,
		 -30.1081 -1.8064 -120.3450,
		 -30.1081 -1.9184 -120.1521,
		 -30.1081 -1.9293 -120.0832,
		 -30.1081 -1.0506 -119.3054,
		 -30.1081 -0.8621 -119.4501,
		 -30.1081 -0.7651 -119.6165,
		 -30.1081 -0.6944 -119.9531,
		 -30.1081 -0.6944 -119.9130,
		 -30.1081 -0.6944 -119.9130,
		 -30.1081 -0.7089 -120.0192,
		 -30.1081 -1.0312 -120.5013,
		 -30.1081 -0.8788 -120.3898,
		 -30.1081 -1.1742 -120.5608,
		 -30.1081 -1.1951 -119.5674,
		 -30.1081 -1.1901 -119.5697,
		 -30.1081 -1.1791 -120.2436,
		 -30.1081 -1.1791 -120.2821,
		 -30.1081 -1.1785 -120.2819,
		 -30.1081 -1.1746 -120.5609,
		 -30.1081 -1.1746 -120.5155,
		 -30.1081 -1.1791 -120.5617,
		 -30.1081 -1.1746 -120.5155,
		 -30.1081 -1.1791 -120.5175,
		 -30.1081 -1.1791 -120.2436,
		 -30.1081 -1.1951 -120.2504,
		 -30.1081 -1.1951 -120.2882,
		 -30.1081 -1.1791 -120.2821,
		 -30.1081 -1.1951 -120.5645,
		 -30.1081 -1.1791 -120.5175,
		 -30.1081 -1.1951 -120.5246,
		 -30.1081 -1.1901 -119.2650,
		 -30.1081 -1.1901 -119.5697,
		 -30.1081 -1.1440 -119.2783,
		 -30.1081 -1.1901 -119.5697,
		 -30.1081 -1.1440 -119.5905,
		 -30.1081 -1.1238 -119.2842,
		 -30.1081 -1.1238 -119.4980,
		 -30.1081 -1.1440 -119.5905,
		 -30.1081 -1.1238 -119.5755,
		 -30.1081 -1.0775 -119.2976,
		 -30.1081 -1.1238 -119.2842,
		 -30.1081 -1.1238 -119.4980,
		 -30.1081 -1.0276 -119.3252,
		 -30.1081 -1.0276 -119.3859,
		 -30.1081 -1.0596 -119.6693,
		 -30.1081 -1.0276 -119.7040,
		 -30.1081 -1.0276 -119.5922,
		 -30.1081 -1.1238 -119.5755,
		 -30.1081 -0.9762 -119.3694,
		 -30.1081 -1.0276 -119.3859,
		 -30.1081 -0.9762 -119.4190,
		 -30.1081 -0.9762 -119.8395,
		 -30.1081 -0.9762 -119.5444,
		 -30.1081 -1.0276 -119.5922,
		 -30.1081 -0.9706 -119.3742,
		 -30.1081 -0.9762 -119.3694,
		 -30.1081 -0.9762 -119.4190,
		 -30.1081 -0.9706 -119.4226,
		 -30.1081 -0.9762 -120.0783,
		 -30.1081 -0.9706 -120.0686,
		 -30.1081 -0.9706 -119.5393,
		 -30.1081 -0.9762 -119.5444,
		 -30.1081 -0.9590 -119.3841,
		 -30.1081 -0.9706 -119.4226,
		 -30.1081 -0.9590 -119.4300,
		 -30.1081 -0.9590 -120.0721,
		 -30.1081 -0.9590 -119.5285,
		 -30.1081 -0.9706 -119.5393,
		 -30.1081 -0.9762 -120.4535,
		 -30.1081 -0.9590 -120.4423,
		 -30.1081 -0.9590 -120.2328,
		 -30.1081 -0.9762 -120.2140,
		 -30.1081 -0.8964 -119.4380,
		 -30.1081 -0.9590 -119.4300,
		 -30.1081 -0.8964 -119.7529,
		 -30.1081 -0.7687 -119.6110,
		 -30.1081 -0.8964 -119.4380,
		 -30.1081 -0.9590 -119.5285,
		 -30.1081 -0.7291 -119.6717,
		 -30.1081 -0.7291 -120.1672,
		 -30.1081 -0.7291 -119.6717,
		 -30.1081 -0.7716 -119.9116,
		 -30.1081 -0.9453 -119.8893,
		 -30.1081 -0.9453 -120.0763,
		 -30.1081 -0.7716 -120.2386,
		 -30.1081 -0.7716 -119.9116,
		 -30.1081 -0.8724 -120.3856,
		 -30.1081 -0.9453 -120.4333,
		 -30.1081 -0.9453 -120.2479,
		 -30.1081 -0.9590 -119.7813,
		 -30.1081 -0.9590 -120.0721,
		 -30.1081 -0.9453 -120.0763,
		 -30.1081 -0.9590 -120.4423,
		 -30.1081 -0.9453 -120.2479,
		 -30.1081 -0.9590 -120.2328,
		 -30.1081 -0.9775 -119.9857,
		 -30.1081 -0.9775 -120.0807,
		 -30.1081 -0.9762 -120.0783,
		 -30.1081 -0.9775 -120.4544,
		 -30.1081 -0.9762 -120.2140,
		 -30.1081 -0.9775 -120.2125,
		 -30.1081 -1.0239 -120.1012,
		 -30.1081 -1.0314 -120.1201,
		 -30.1081 -1.0314 -120.4264,
		 -30.1081 -1.0239 -120.4378,
		 -30.1081 -1.0314 -120.4896,
		 -30.1081 -1.0239 -120.4848,
		 -30.1081 -1.0239 -120.4484,
		 -30.1081 -1.0314 -120.4518,
		 -30.1081 -0.9775 -120.0807,
		 -30.1081 -1.0184 -120.1676,
		 -30.1081 -1.0239 -120.1617,
		 -30.1081 -1.0239 -120.4378,
		 -30.1081 -1.0184 -120.4812,
		 -30.1081 -0.9775 -120.2125,
		 -30.1081 -1.0184 -120.1676,
		 -30.1081 -1.0239 -120.4848,
		 -30.1081 -1.0239 -120.4484,
		 -30.1081 -1.1296 -120.2224,
		 -30.1081 -1.1296 -120.2779,
		 -30.1081 -1.0314 -120.4264,
		 -30.1081 -1.1296 -120.5264,
		 -30.1081 -1.0314 -120.4518,
		 -30.1081 -1.1296 -120.4955,
		 -30.1081 -1.1785 -120.2433,
		 -30.1081 -1.1791 -120.2436,
		 -30.1081 -1.1785 -120.2819,
		 -30.1081 -1.1374 -120.2257,
		 -30.1081 -1.1785 -120.2819,
		 -30.1081 -1.1296 -120.2779,
		 -30.1081 -1.1296 -120.4955,
		 -30.1081 -1.1746 -120.5155,
		 -30.1081 -1.9057 -119.6392,
		 -30.1081 -1.9057 -120.1763,
		 -30.1081 -1.8900 -119.6141,
		 -30.1081 -1.8681 -119.5794,
		 -30.1081 -1.8681 -119.7636,
		 -30.1081 -1.9057 -120.1763,
		 -30.1081 -1.8681 -120.2403,
		 -30.1081 -1.8681 -119.9735,
		 -30.1081 -1.8064 -119.4827,
		 -30.1081 -1.8681 -119.7636,
		 -30.1081 -1.8064 -119.7900,
		 -30.1081 -1.7024 -119.4319,
		 -30.1081 -1.7015 -119.8348,
		 -30.1081 -1.7004 -119.8352,
		 -30.1081 -1.7015 -119.6161,
		 -30.1081 -1.8064 -119.7900,
		 -30.1081 -1.7015 -119.6161,
		 -30.1081 -1.6999 -120.1122,
		 -30.1081 -1.6990 -120.1119,
		 -30.1081 -1.6999 -119.9367,
		 -30.1081 -1.7013 -120.1126,
		 -30.1081 -1.6999 -119.9367,
		 -30.1081 -1.8681 -119.9735,
		 -30.1081 -1.6981 -120.4376,
		 -30.1081 -1.6981 -120.2966,
		 -30.1081 -1.7471 -120.3957,
		 -30.1081 -1.6981 -120.2966,
		 -30.1081 -1.8681 -120.2403,
		 -30.1081 -1.6543 -119.7992,
		 -30.1081 -1.6543 -120.0170,
		 -30.1081 -1.6398 -119.7629,
		 -30.1081 -1.5779 -119.6605,
		 -30.1081 -1.4780 -119.5795,
		 -30.1081 -1.3553 -119.5413,
		 -30.1081 -1.2286 -119.5523,
		 -30.1081 -1.1776 -119.5754,
		 -30.1081 -1.1776 -119.6148,
		 -30.1081 -1.1687 -119.5794,
		 -30.1081 -1.1687 -119.6200,
		 -30.1081 -1.1687 -119.6200,
		 -30.1081 -1.1170 -119.6071,
		 -30.1081 -1.1687 -119.5794,
		 -30.1081 -1.0377 -119.6930,
		 -30.1081 -1.0026 -119.7699,
		 -30.1081 -1.0026 -120.0482,
		 -30.1081 -1.0026 -119.7699,
		 -30.1081 -1.0171 -120.0844,
		 -30.1081 -1.0790 -120.1697,
		 -30.1081 -1.1789 -120.2435,
		 -30.1081 -1.3016 -120.2765,
		 -30.1081 -1.4283 -120.2603,
		 -30.1081 -1.5399 -120.1981,
		 -30.1081 -1.6192 -120.1096,
		 -30.1081 -1.6543 -120.0170,
		 -30.1081 -1.4453 -119.5966,
		 -30.1081 -1.4453 -120.2362,
		 -30.1081 -1.4199 -119.5889,
		 -30.1081 -1.3375 -119.5714,
		 -30.1081 -1.2464 -119.5825,
		 -30.1081 -1.2000 -119.6015,
		 -30.1081 -1.2000 -120.2308,
		 -30.1081 -1.1775 -120.2232,
		 -30.1081 -1.1775 -119.6148,
		 -30.1081 -1.2000 -119.6015,
		 -30.1081 -1.2254 -120.2385,
		 -30.1081 -1.3078 -120.2609,
		 -30.1081 -1.3989 -120.2498,
		 -30.1081 -1.4453 -120.2362,
		 -30.1081 -1.1108 -119.6588,
		 -30.1081 -1.1687 -119.6200,
		 -30.1081 -1.0369 -119.7593,
		 -30.1081 -1.0164 -119.8358,
		 -30.1081 -1.0164 -120.0146,
		 -30.1081 -1.0164 -119.8358,
		 -30.1081 -1.0560 -120.0960,
		 -30.1081 -1.1619 -120.2100,
		 -30.1081 -1.1775 -120.2232,
		 -30.1081 -1.1775 -119.6148
		]
	} #Coordinate3
	Material {
		ambientColor      0.0255 0.0255 0.0255  #ambientColor
		diffuseColor      0.1020 0.1020 0.1020  #diffuseColor
		transparency      0.0000                #transparency
	} #Material

	IndexedFaceSet {
		coordIndex [ 
		 45, 13, 14, 0, 1, 46,-1,
		 47, 48, 46, 49,-1,
		 50, 47, 49, 51,-1,
		 52, 50, 51, 2, 53,-1,
		 54, 52, 53, 55,-1,
		 56, 54, 55, 3, 57,-1,
		 58, 56, 57, 4, 59,-1,
		 60, 58, 59, 61,-1,
		 62, 60, 61, 63,-1,
		 64, 5, 6, 7, 8, 9, 65,-1,
		 66, 62, 65, 67,-1,
		 68, 66, 67, 69,-1,
		 70, 68, 69, 10, 71,-1,
		 72, 70, 71, 73,-1,
		 74, 72, 73, 11, 75,-1,
		 76, 74, 75, 12, 77,-1,
		 78, 76, 77, 79,-1,
		 48, 78, 79, 80,-1,
		]
	} #IndexedFaceSet
	Material {
		ambientColor      0.0000 0.0000 0.0000  #ambientColor
		diffuseColor      0.0000 0.0000 0.0000  #diffuseColor
		transparency      0.0000                #transparency
	} #Material

	IndexedFaceSet {
		coordIndex [ 
		 81, 48, 82,-1,
		 83, 84, 82, 47, 85,-1,
		 86, 83, 85, 50, 87,-1,
		 88, 86, 87, 52, 89,-1,
		 90, 88, 89, 54, 91,-1,
		 92, 90, 91, 56, 93,-1,
		 94, 92, 93, 95,-1,
		 96, 94, 95, 58, 97,-1,
		 98, 96, 97, 60, 99,-1,
		 100, 62, 66, 101,-1,
		 102, 98, 101, 103,-1,
		 104, 102, 103, 68, 105,-1,
		 106, 104, 105, 70, 107,-1,
		 108, 106, 107, 72, 109,-1,
		 110, 108, 109, 74, 111,-1,
		 112, 110, 111, 113,-1,
		 114, 112, 113, 76, 115,-1,
		 84, 114, 115, 78, 116,-1,
		]
	} #IndexedFaceSet
	Material {
		ambientColor      0.2500 0.2500 0.2500  #ambientColor
		diffuseColor      1.0000 1.0000 1.0000  #diffuseColor
		transparency      0.0000                #transparency
	} #Material

	IndexedFaceSet {
		coordIndex [ 
		 117, 114, 84, 83, 118,-1,
		 119, 120, 118, 121,-1,
		 122, 119, 121, 86, 123,-1,
		 124, 122, 123, 88, 125,-1,
		 126, 124, 125, 90, 127,-1,
		 128, 126, 127, 129,-1,
		 130, 128, 129, 92, 131,-1,
		 132, 130, 131, 94, 133,-1,
		 134, 132, 133, 135,-1,
		 136, 96, 98, 102, 137,-1,
		 138, 134, 137, 139,-1,
		 140, 138, 139, 104, 141,-1,
		 142, 140, 141, 106, 143,-1,
		 144, 142, 143, 145,-1,
		 146, 144, 145, 108, 147,-1,
		 148, 146, 147, 110, 149,-1,
		 150, 148, 149, 112, 151,-1,
		 120, 150, 151, 152,-1,
		]
	} #IndexedFaceSet
	Material {
		ambientColor      0.1863 0.1863 0.1863  #ambientColor
		diffuseColor      0.7451 0.7451 0.7451  #diffuseColor
		transparency      0.0000                #transparency
	} #Material

	IndexedFaceSet {
		coordIndex [ 
		 153, 150, 120, 154,-1,
		 155, 156, 154, 119, 157,-1,
		 158, 159, 157, 160,-1,
		 161, 158, 160, 162,-1,
		 163, 164, 165, 166,-1,
		 167, 165, 164, 168,-1,
		 169, 170, 168, 171,-1,
		 172, 169, 171, 122, 173,-1,
		 174, 175, 176, 177,-1,
		 178, 176, 175, 124, 179,-1,
		 180, 178, 179, 126, 181,-1,
		 182, 180, 181, 183,-1,
		 184, 182, 183, 128, 185,-1,
		 186, 184, 185, 130, 187,-1,
		 188, 189, 187, 190,-1,
		 191, 192, 190, 193,-1,
		 194, 191, 193, 132, 195,-1,
		 196, 197, 198, 199,-1,
		 200, 194, 199,-1,
		 201, 134, 202,-1,
		 203, 198, 202, 138, 204,-1,
		 205, 206, 204, 207,-1,
		 208, 205, 207, 209,-1,
		 210, 211, 212, 213,-1,
		 214, 215, 209, 140, 216,-1,
		 217, 214, 216, 218,-1,
		 219, 212, 211, 142, 220,-1,
		 221, 219, 220, 144, 222,-1,
		 223, 221, 222, 224,-1,
		 225, 223, 224, 146, 226,-1,
		 227, 228, 229, 230,-1,
		 231, 225, 226, 232,-1,
		 233, 234, 232, 235,-1,
		 236, 233, 235, 148, 237,-1,
		 238, 236, 237, 239,-1,
		 240, 241, 156, 242,-1,
		 243, 244, 242,-1,
		 245, 229, 228, 246,-1,
		 244, 247, 246, 248,-1,
		]
	} #IndexedFaceSet
	Material {
		ambientColor      0.2500 0.2500 0.2500  #ambientColor
		diffuseColor      1.0000 1.0000 1.0000  #diffuseColor
		transparency      0.0000                #transparency
	} #Material

	IndexedFaceSet {
		coordIndex [ 
		 249, 156, 250,-1,
		 251, 252, 250,-1,
		 253, 254, 165,-1,
		 255, 256, 176, 257,-1,
		 258, 255, 257, 259,-1,
		 260, 261, 259, 262,-1,
		 263, 264, 265,-1,
		 266, 267, 262, 268,-1,
		 269, 270, 271, 272,-1,
		 273, 274, 275,-1,
		 276, 277, 268, 278,-1,
		 279, 280, 281, 282,-1,
		 283, 284, 285, 286,-1,
		 287, 288, 289,-1,
		 290, 291, 292, 293,-1,
		 294, 295, 296, 297,-1,
		 298, 299, 300, 301,-1,
		 302, 303, 304, 305,-1,
		 306, 307, 305, 308,-1,
		 309, 310, 311, 312,-1,
		 313, 314, 301, 315,-1,
		 316, 317, 318, 319,-1,
		 320, 321, 315, 322,-1,
		 323, 320, 322, 324,-1,
		 325, 326, 327, 328,-1,
		 329, 325, 328, 330,-1,
		 331, 332, 324, 333,-1,
		 334, 178, 335, 336, 337,-1,
		 338, 331, 337, 339,-1,
		 340, 336, 335, 341,-1,
		 342, 343, 341, 344,-1,
		 345, 346, 347, 348,-1,
		 343, 345, 348, 349,-1,
		 350, 351, 344, 180, 352,-1,
		 353, 354, 355, 356,-1,
		 357, 353, 356, 358,-1,
		 359, 360, 352, 361,-1,
		 362, 363, 364, 365,-1,
		 366, 359, 365, 367,-1,
		 368, 369, 370, 371,-1,
		 372, 373, 371, 374,-1,
		 375, 376, 377, 378,-1,
		 373, 375, 378, 379,-1,
		 380, 381, 382, 383,-1,
		 384, 370, 369, 221, 385,-1,
		 386, 380, 385, 387,-1,
		 388, 386, 387, 389,-1,
		 390, 391, 392, 393,-1,
		 394, 390, 393, 395,-1,
		 396, 397, 389, 398,-1,
		 399, 400, 401, 402,-1,
		 403, 404, 405, 406,-1,
		 407, 399, 406, 408,-1,
		 409, 410, 404, 411,-1,
		 410, 412, 398, 223, 413,-1,
		 414, 415, 319, 416,-1,
		 417, 414, 416, 401,-1,
		 418, 419, 420, 421,-1,
		 422, 423, 312, 225,-1,
		 424, 425, 229,-1,
		 426, 427, 363, 182, 428,-1,
		 429, 426, 428, 430,-1,
		 431, 429, 430, 184,-1,
		 432, 198, 433,-1,
		 434, 435, 433,-1,
		 436, 437, 212, 438,-1,
		 439, 436, 438, 219, 440,-1,
		 441, 442, 427,-1,
		 443, 444, 445,-1,
		 446, 439, 440, 447,-1,
		 448, 449, 447, 450,-1,
		 451, 452, 453, 454,-1,
		 455, 456, 450, 457,-1,
		]
	} #IndexedFaceSet
	Material {
		ambientColor      0.1794 0.2225 0.2500  #ambientColor
		diffuseColor      0.7176 0.8902 1.0000  #diffuseColor
		transparency      0.0000                #transparency
	} #Material

	IndexedFaceSet {
		coordIndex [ 
		 458, 427, 459,-1,
		 460, 461, 459, 462,-1,
		 463, 464, 462, 465,-1,
		 464, 466, 467, 468,-1,
		 469, 470, 471, 472,-1,
		 473, 469, 472, 426, 474,-1,
		 475, 476, 477, 478,-1,
		 479, 475, 478, 467,-1,
		 480, 481, 474, 482,-1,
		 483, 484, 485, 486,-1,
		 487, 488, 489, 490,-1,
		 491, 492, 493, 494,-1,
		 495, 496, 490, 497,-1,
		 498, 499, 500, 501,-1,
		 502, 503, 504, 505,-1,
		 506, 507, 497, 508,-1,
		 509, 429, 510, 511, 512,-1,
		 513, 506, 512, 514,-1,
		 515, 511, 510, 516,-1,
		 517, 191, 194, 518,-1,
		 519, 520, 521, 522,-1,
		 523, 515, 518, 205, 524,-1,
		 525, 519, 524, 214, 526,-1,
		 527, 525, 526, 528,-1,
		 529, 530, 531, 532,-1,
		 533, 534, 528, 535,-1,
		 536, 537, 538, 539,-1,
		 540, 541, 505, 542,-1,
		 543, 544, 545, 546,-1,
		 547, 548, 549, 436, 550,-1,
		 551, 552, 546, 553,-1,
		 554, 555, 556, 557,-1,
		 558, 559, 542, 560,-1,
		 561, 554, 560, 562,-1,
		 563, 564, 565, 566,-1,
		 567, 568, 550, 569,-1,
		 570, 571, 572,-1,
		 573, 574, 572, 575,-1,
		 576, 573, 575, 577,-1,
		 578, 579, 569, 439,-1,
		]
	} #IndexedFaceSet
	Material {
		ambientColor      0.1863 0.1863 0.1863  #ambientColor
		diffuseColor      0.7451 0.7451 0.7451  #diffuseColor
		transparency      0.0000                #transparency
	} #Material

	IndexedFaceSet {
		coordIndex [ 
		 580, 236, 244, 158, 581,-1,
		 582, 583, 581, 584,-1,
		 585, 582, 584, 586,-1,
		 583, 587, 588, 589,-1,
		 590, 591, 586, 169, 592,-1,
		 593, 594, 592, 255,-1,
		 595, 596, 597,-1,
		 594, 598, 597, 599,-1,
		 600, 601, 602,-1,
		 603, 604, 602, 605,-1,
		 606, 603, 605, 607,-1,
		 608, 423, 609,-1,
		 610, 611, 609, 612,-1,
		 607, 610, 612, 233, 613,-1,
		 614, 319, 330, 615,-1,
		 616, 617, 615, 618,-1,
		 619, 616, 618, 339, 620,-1,
		 621, 619, 620, 336, 622,-1,
		 623, 621, 622, 358, 624,-1,
		 625, 623, 624, 367, 626,-1,
		 627, 625, 626, 628,-1,
		 629, 630, 628, 631,-1,
		 632, 467, 633, 634, 635,-1,
		 636, 634, 633, 637,-1,
		 638, 636, 637, 486, 639,-1,
		 640, 539, 553, 641,-1,
		 642, 638, 641, 643,-1,
		 644, 642, 643, 566, 645,-1,
		 646, 644, 645, 577, 647,-1,
		 648, 646, 647, 370, 649,-1,
		 650, 648, 649, 395, 651,-1,
		 652, 650, 651, 411, 653,-1,
		 654, 652, 653, 401, 655,-1,
		 617, 654, 655, 656,-1,
		]
	} #IndexedFaceSet
	Material {
		ambientColor      0.2500 0.2500 0.2500  #ambientColor
		diffuseColor      1.0000 1.0000 1.0000  #diffuseColor
		transparency      0.0000                #transparency
	} #Material

	IndexedFaceSet {
		coordIndex [ 
		 657, 652, 654, 617, 616, 619, 621, 658,-1,
		 659, 660, 658, 661,-1,
		 662, 659, 661, 623, 663,-1,
		 664, 662, 663, 665,-1,
		 666, 664, 665, 625, 667,-1,
		 668, 669, 670, 646, 671,-1,
		 672, 666, 671, 673,-1,
		 674, 672, 673, 648, 675,-1,
		 676, 674, 675, 677,-1,
		 660, 676, 677, 650, 678,-1,
		 679, 680, 634, 681,-1,
		 682, 679, 681, 636, 683,-1,
		 684, 682, 683, 685,-1,
		 686, 638, 687,-1,
		 688, 684, 687, 642, 689,-1,
		 690, 688, 689, 644, 691,-1,
		 692, 690, 691, 693,-1,
		]
	} #IndexedFaceSet
	Material {
		ambientColor      0.1794 0.2225 0.2500  #ambientColor
		diffuseColor      0.7176 0.8902 1.0000  #diffuseColor
		transparency      0.0000                #transparency
	} #Material

	IndexedFaceSet {
		coordIndex [ 
		 630, 679, 682, 684, 688, 690,-1,
		]
	} #IndexedFaceSet
	Material {
		ambientColor      0.0108 0.0618 0.0902  #ambientColor
		diffuseColor      0.0431 0.2471 0.3608  #diffuseColor
		transparency      0.0000                #transparency
	} #Material

	IndexedFaceSet {
		coordIndex [ 
		 660, 659, 662, 664, 666, 672, 674, 676,-1,
		]
	} #IndexedFaceSet
	Material {
		ambientColor      0.0637 0.0637 0.0637  #ambientColor
		diffuseColor      0.2549 0.2549 0.2549  #diffuseColor
		transparency      0.0000                #transparency
	} #Material

	IndexedFaceSet {
		coordIndex [ 
		 511, 515, 532, 514,-1,
		 519, 525, 552, 501,-1,
		 554, 375, 373, 573,-1,
		 386, 410, 390, 380,-1,
		 610, 607, 414, 399,-1,
		 583, 582, 307, 603,-1,
		 594, 320, 331, 325,-1,
		 343, 359, 353, 345,-1,
		 469, 506, 475, 464,-1,
		]
	} #IndexedFaceSet
	Material {
		ambientColor      0.0255 0.0255 0.0255  #ambientColor
		diffuseColor      0.1020 0.1020 0.1020  #diffuseColor
		transparency      0.0000                #transparency
	} #Material

	IndexedFaceSet {
		coordIndex [ 
		 694, 1, 0, 14, 13, 695,-1,
		 696, 694, 48, 47,-1,
		 697, 696, 47, 50,-1,
		 698, 2, 697, 50, 52,-1,
		 699, 698, 52, 54,-1,
		 700, 3, 699, 54, 56,-1,
		 701, 4, 700, 56, 58,-1,
		 702, 701, 58, 60,-1,
		 703, 702, 60, 62,-1,
		 704, 9, 8, 7, 6, 5, 705,-1,
		 706, 704, 62, 66,-1,
		 707, 706, 66, 68,-1,
		 708, 10, 707, 68, 70,-1,
		 709, 708, 70, 72,-1,
		 710, 11, 709, 72, 74,-1,
		 711, 12, 710, 74, 76,-1,
		 712, 711, 76, 78,-1,
		 713, 712, 78, 48,-1,
		]
	} #IndexedFaceSet
	Material {
		ambientColor      0.0000 0.0000 0.0000  #ambientColor
		diffuseColor      0.0000 0.0000 0.0000  #diffuseColor
		transparency      0.0000                #transparency
	} #Material

	IndexedFaceSet {
		coordIndex [ 
		 714, 48, 715,-1,
		 716, 47, 714, 84, 83,-1,
		 717, 50, 716, 83, 86,-1,
		 718, 52, 717, 86, 88,-1,
		 719, 54, 718, 88, 90,-1,
		 720, 56, 719, 90, 92,-1,
		 721, 720, 92, 94,-1,
		 722, 58, 721, 94, 96,-1,
		 723, 60, 722, 96, 98,-1,
		 724, 66, 62, 725,-1,
		 726, 724, 98, 102,-1,
		 727, 68, 726, 102, 104,-1,
		 728, 70, 727, 104, 106,-1,
		 729, 72, 728, 106, 108,-1,
		 730, 74, 729, 108, 110,-1,
		 731, 730, 110, 112,-1,
		 732, 76, 731, 112, 114,-1,
		 733, 78, 732, 114, 84,-1,
		]
	} #IndexedFaceSet
	Material {
		ambientColor      0.2500 0.2500 0.2500  #ambientColor
		diffuseColor      1.0000 1.0000 1.0000  #diffuseColor
		transparency      0.0000                #transparency
	} #Material

	IndexedFaceSet {
		coordIndex [ 
		 734, 83, 84, 114, 735,-1,
		 736, 734, 120, 119,-1,
		 737, 86, 736, 119, 122,-1,
		 738, 88, 737, 122, 124,-1,
		 739, 90, 738, 124, 126,-1,
		 740, 739, 126, 128,-1,
		 741, 92, 740, 128, 130,-1,
		 742, 94, 741, 130, 132,-1,
		 743, 742, 132, 134,-1,
		 744, 102, 98, 96, 745,-1,
		 746, 744, 134, 138,-1,
		 747, 104, 746, 138, 140,-1,
		 748, 106, 747, 140, 142,-1,
		 749, 748, 142, 144,-1,
		 750, 108, 749, 144, 146,-1,
		 751, 110, 750, 146, 148,-1,
		 752, 112, 751, 148, 150,-1,
		 753, 752, 150, 120,-1,
		]
	} #IndexedFaceSet
	Material {
		ambientColor      0.1863 0.1863 0.1863  #ambientColor
		diffuseColor      0.7451 0.7451 0.7451  #diffuseColor
		transparency      0.0000                #transparency
	} #Material

	IndexedFaceSet {
		coordIndex [ 
		 754, 120, 150, 755,-1,
		 756, 119, 754, 156, 757,-1,
		 758, 756, 759, 158,-1,
		 760, 758, 158, 761,-1,
		 762, 165, 763, 764,-1,
		 765, 763, 165, 766,-1,
		 767, 765, 768, 169,-1,
		 769, 122, 767, 169, 770,-1,
		 771, 176, 772, 773,-1,
		 774, 124, 772, 176, 178,-1,
		 775, 126, 774, 178, 180,-1,
		 776, 775, 180, 182,-1,
		 777, 128, 776, 182, 184,-1,
		 778, 130, 777, 184, 779,-1,
		 780, 778, 781, 782,-1,
		 783, 780, 784, 191,-1,
		 785, 132, 783, 191, 194,-1,
		 786, 198, 787, 788,-1,
		 786, 194, 789,-1,
		 790, 134, 791,-1,
		 792, 138, 790, 198, 793,-1,
		 794, 792, 795, 205,-1,
		 796, 794, 205, 797,-1,
		 798, 212, 799, 800,-1,
		 801, 140, 796, 802, 214,-1,
		 803, 801, 214, 804,-1,
		 805, 142, 799, 212, 219,-1,
		 806, 144, 805, 219, 221,-1,
		 807, 806, 221, 223,-1,
		 808, 146, 807, 223, 225,-1,
		 809, 229, 810, 811,-1,
		 812, 808, 225, 813,-1,
		 814, 812, 815, 233,-1,
		 816, 148, 814, 233, 236,-1,
		 817, 816, 236, 818,-1,
		 819, 156, 820, 821,-1,
		 819, 244, 822,-1,
		 823, 810, 229, 824,-1,
		 825, 823, 826, 244,-1,
		]
	} #IndexedFaceSet
	Material {
		ambientColor      0.2500 0.2500 0.2500  #ambientColor
		diffuseColor      1.0000 1.0000 1.0000  #diffuseColor
		transparency      0.0000                #transparency
	} #Material

	IndexedFaceSet {
		coordIndex [ 
		 827, 156, 828,-1,
		 827, 829, 830,-1,
		 165, 831, 832,-1,
		 833, 176, 834, 255,-1,
		 835, 833, 255, 836,-1,
		 837, 835, 838, 839,-1,
		 840, 841, 842,-1,
		 843, 837, 844, 845,-1,
		 846, 847, 848, 849,-1,
		 850, 851, 852,-1,
		 853, 843, 854, 855,-1,
		 856, 857, 858, 859,-1,
		 860, 861, 862, 863,-1,
		 864, 865, 866,-1,
		 867, 868, 869, 870,-1,
		 871, 872, 873, 874,-1,
		 875, 876, 877, 878,-1,
		 879, 880, 881, 882,-1,
		 883, 879, 307, 884,-1,
		 885, 886, 887, 888,-1,
		 889, 875, 890, 891,-1,
		 319, 892, 893, 894,-1,
		 895, 889, 896, 320,-1,
		 897, 895, 320, 898,-1,
		 899, 900, 901, 325,-1,
		 330, 899, 325, 902,-1,
		 903, 897, 904, 331,-1,
		 905, 336, 906, 178, 907,-1,
		 339, 905, 331, 908,-1,
		 909, 906, 336, 910,-1,
		 911, 909, 343, 912,-1,
		 913, 914, 915, 345,-1,
		 916, 913, 345, 343,-1,
		 917, 180, 911, 918, 919,-1,
		 920, 921, 922, 353,-1,
		 358, 920, 353, 923,-1,
		 924, 917, 925, 359,-1,
		 926, 927, 928, 929,-1,
		 367, 926, 359, 930,-1,
		 931, 370, 932, 933,-1,
		 934, 931, 373, 935,-1,
		 936, 937, 938, 375,-1,
		 939, 936, 375, 373,-1,
		 940, 941, 942, 380,-1,
		 943, 221, 932, 370, 944,-1,
		 945, 943, 380, 386,-1,
		 946, 945, 386, 947,-1,
		 948, 949, 950, 390,-1,
		 395, 948, 390, 951,-1,
		 952, 946, 953, 954,-1,
		 955, 401, 956, 399,-1,
		 957, 958, 959, 960,-1,
		 961, 957, 399, 962,-1,
		 411, 959, 410, 963,-1,
		 964, 223, 952, 965, 410,-1,
		 966, 319, 967, 414,-1,
		 401, 966, 414, 968,-1,
		 969, 970, 971, 972,-1,
		 225, 885, 423, 973,-1,
		 229, 974, 975,-1,
		 976, 182, 928, 427, 426,-1,
		 977, 976, 426, 429,-1,
		 184, 977, 429, 978,-1,
		 979, 198, 980,-1,
		 979, 981, 982,-1,
		 983, 212, 984, 436,-1,
		 985, 219, 983, 436, 439,-1,
		 427, 986, 987,-1,
		 988, 989, 990,-1,
		 991, 985, 439, 992,-1,
		 993, 991, 994, 995,-1,
		 996, 997, 998, 999,-1,
		 1000, 993, 1001, 1002,-1,
		]
	} #IndexedFaceSet
	Material {
		ambientColor      0.1794 0.2225 0.2500  #ambientColor
		diffuseColor      0.7176 0.8902 1.0000  #diffuseColor
		transparency      0.0000                #transparency
	} #Material

	IndexedFaceSet {
		coordIndex [ 
		 1003, 427, 1004,-1,
		 1005, 1003, 1006, 1007,-1,
		 1008, 1005, 464, 1009,-1,
		 1010, 467, 1011, 464,-1,
		 1012, 1013, 1014, 469,-1,
		 1015, 426, 1012, 469, 1016,-1,
		 1017, 1018, 1019, 475,-1,
		 467, 1017, 475, 1020,-1,
		 1021, 1015, 1022, 1023,-1,
		 486, 1024, 1025, 1026,-1,
		 1027, 1028, 1029, 1030,-1,
		 1031, 1032, 1033, 1034,-1,
		 1035, 1027, 1036, 1037,-1,
		 501, 1038, 1039, 1040,-1,
		 1041, 1042, 1043, 1044,-1,
		 1045, 1035, 1046, 506,-1,
		 1047, 511, 1048, 429, 1049,-1,
		 514, 1047, 506, 1050,-1,
		 1051, 1048, 511, 515,-1,
		 1052, 194, 191, 1053,-1,
		 1054, 1055, 1056, 519,-1,
		 1057, 205, 1052, 515, 1058,-1,
		 1059, 214, 1057, 519, 525,-1,
		 1060, 1059, 525, 1061,-1,
		 532, 1062, 1063, 1064,-1,
		 1065, 1060, 1066, 1067,-1,
		 539, 1068, 1069, 1070,-1,
		 1071, 1041, 1072, 1073,-1,
		 1074, 1075, 1076, 1077,-1,
		 1078, 436, 1079, 1080, 1081,-1,
		 553, 1074, 552, 1082,-1,
		 1083, 1084, 1085, 554,-1,
		 1086, 1071, 1087, 1088,-1,
		 1089, 1086, 554, 1090,-1,
		 566, 1091, 1092, 1093,-1,
		 1094, 1078, 1095, 1096,-1,
		 1097, 1098, 1099,-1,
		 1100, 1097, 1101, 573,-1,
		 577, 1100, 573, 1102,-1,
		 439, 1094, 1103, 1104,-1,
		]
	} #IndexedFaceSet
	Material {
		ambientColor      0.1863 0.1863 0.1863  #ambientColor
		diffuseColor      0.7451 0.7451 0.7451  #diffuseColor
		transparency      0.0000                #transparency
	} #Material

	IndexedFaceSet {
		coordIndex [ 
		 1105, 158, 244, 236, 1106,-1,
		 1107, 1105, 583, 582,-1,
		 1108, 1107, 582, 1109,-1,
		 1110, 1111, 1112, 583,-1,
		 1113, 169, 1108, 1114, 1115,-1,
		 255, 1113, 594, 1116,-1,
		 1117, 1118, 1119,-1,
		 1120, 1117, 1121, 594,-1,
		 1122, 1123, 1124,-1,
		 1125, 1122, 1126, 603,-1,
		 607, 1125, 603, 1127,-1,
		 1128, 423, 1129,-1,
		 1130, 1128, 1131, 610,-1,
		 1132, 233, 1130, 610, 607,-1,
		 1133, 330, 319, 1134,-1,
		 1135, 1133, 617, 616,-1,
		 1136, 339, 1135, 616, 619,-1,
		 1137, 336, 1136, 619, 621,-1,
		 1138, 358, 1137, 621, 623,-1,
		 1139, 367, 1138, 623, 625,-1,
		 1140, 1139, 625, 1141,-1,
		 1142, 1140, 630, 1143,-1,
		 1144, 634, 1145, 467, 1146,-1,
		 1147, 1145, 634, 636,-1,
		 1148, 486, 1147, 636, 638,-1,
		 1149, 553, 539, 1150,-1,
		 1151, 1149, 638, 642,-1,
		 1152, 566, 1151, 642, 644,-1,
		 1153, 577, 1152, 644, 646,-1,
		 1154, 370, 1153, 646, 648,-1,
		 1155, 395, 1154, 648, 650,-1,
		 1156, 411, 1155, 650, 652,-1,
		 1157, 401, 1156, 652, 654,-1,
		 1158, 1157, 654, 617,-1,
		]
	} #IndexedFaceSet
	Material {
		ambientColor      0.2500 0.2500 0.2500  #ambientColor
		diffuseColor      1.0000 1.0000 1.0000  #diffuseColor
		transparency      0.0000                #transparency
	} #Material

	IndexedFaceSet {
		coordIndex [ 
		 1159, 621, 619, 616, 617, 654, 652, 1160,-1,
		 1161, 1159, 660, 659,-1,
		 1162, 623, 1161, 659, 662,-1,
		 1163, 1162, 662, 664,-1,
		 1164, 625, 1163, 664, 666,-1,
		 1165, 646, 1166, 1167, 1168,-1,
		 1169, 1165, 666, 672,-1,
		 1170, 648, 1169, 672, 674,-1,
		 1171, 1170, 674, 676,-1,
		 1172, 650, 1171, 676, 660,-1,
		 1173, 634, 1174, 679,-1,
		 1175, 636, 1173, 679, 682,-1,
		 1176, 1175, 682, 684,-1,
		 1177, 638, 1178,-1,
		 1179, 642, 1177, 684, 688,-1,
		 1180, 644, 1179, 688, 690,-1,
		 1181, 1180, 690, 1182,-1,
		]
	} #IndexedFaceSet
	Material {
		ambientColor      0.1794 0.2225 0.2500  #ambientColor
		diffuseColor      0.7176 0.8902 1.0000  #diffuseColor
		transparency      0.0000                #transparency
	} #Material

	IndexedFaceSet {
		coordIndex [ 
		 690, 688, 684, 682, 679, 630,-1,
		]
	} #IndexedFaceSet
	Material {
		ambientColor      0.0108 0.0618 0.0902  #ambientColor
		diffuseColor      0.0431 0.2471 0.3608  #diffuseColor
		transparency      0.0000                #transparency
	} #Material

	IndexedFaceSet {
		coordIndex [ 
		 676, 674, 672, 666, 664, 662, 659, 660,-1,
		]
	} #IndexedFaceSet
	Material {
		ambientColor      0.0637 0.0637 0.0637  #ambientColor
		diffuseColor      0.2549 0.2549 0.2549  #diffuseColor
		transparency      0.0000                #transparency
	} #Material

	IndexedFaceSet {
		coordIndex [ 
		 514, 532, 515, 511,-1,
		 501, 552, 525, 519,-1,
		 573, 373, 375, 554,-1,
		 380, 390, 410, 386,-1,
		 399, 414, 607, 610,-1,
		 603, 307, 582, 583,-1,
		 325, 331, 320, 594,-1,
		 345, 353, 359, 343,-1,
		 464, 475, 506, 469,-1,
		]
	} #IndexedFaceSet
	Material {
		ambientColor      0.0255 0.0255 0.0255  #ambientColor
		diffuseColor      0.1020 0.1020 0.1020  #diffuseColor
		transparency      0.0000                #transparency
	} #Material

	IndexedFaceSet {
		coordIndex [ 
		 0, 14, 30, 31,-1,
		 31, 30, 14, 0,-1,
		 1, 0, 31, 32,-1,
		 32, 31, 0, 1,-1,
		 2, 1, 32, 33,-1,
		 33, 32, 1, 2,-1,
		 3, 2, 33, 34,-1,
		 34, 33, 2, 3,-1,
		 4, 3, 34, 35,-1,
		 35, 34, 3, 4,-1,
		 5, 4, 35, 36,-1,
		 36, 35, 4, 5,-1,
		 6, 5, 36, 37,-1,
		 37, 36, 5, 6,-1,
		 7, 6, 37, 38,-1,
		 38, 37, 6, 7,-1,
		 8, 7, 38, 39,-1,
		 39, 38, 7, 8,-1,
		 9, 8, 39, 40,-1,
		 40, 39, 8, 9,-1,
		 10, 9, 40, 41,-1,
		 41, 40, 9, 10,-1,
		 11, 10, 41, 42,-1,
		 42, 41, 10, 11,-1,
		 12, 11, 42, 43,-1,
		 43, 42, 11, 12,-1,
		 13, 12, 43, 44,-1,
		 44, 43, 12, 13,-1,
		 14, 13, 44, 30,-1,
		 30, 44, 13, 14,-1,
		 31, 30, 44, 43, 42, 41, 40, 39, 38, 37, 36, 35, 34, 33, 32,-1,
		 32, 33, 34, 35, 36, 37, 38, 39, 40, 41, 42, 43, 44, 30, 31,-1,
		]
	} #IndexedFaceSet
} #Polyhedron
Separator { #Polyhedron
	DEF COORD40 Coordinate3 {
		point [
		 -30.1843 -2.3788 -119.4260,
		 -30.1843 -2.1457 -119.0142,
		 -30.1843 -1.7834 -118.7322,
		 -30.1843 -1.3242 -118.6355,
		 -30.1843 -0.8653 -118.7339,
		 -30.1843 -0.4765 -119.0124,
		 -30.1843 -0.2170 -119.4287,
		 -30.1843 -0.1216 -119.9067,
		 -30.1843 -0.2184 -120.4097,
		 -30.1843 -0.4791 -120.8250,
		 -30.1843 -0.8686 -121.1022,
		 -30.1843 -1.3269 -121.2042,
		 -30.1843 -1.7868 -121.1005,
		 -30.1843 -2.1755 -120.8219,
		 -30.1843 -2.3691 -120.4161,
		 -31.0859 -2.3745 -119.4124,
		 -31.0859 -2.1415 -119.0006,
		 -31.0859 -1.7792 -118.7186,
		 -31.0859 -1.3200 -118.6218,
		 -31.0859 -0.8610 -118.7202,
		 -31.0859 -0.4722 -118.9988,
		 -31.0859 -0.2128 -119.4151,
		 -31.0859 -0.1174 -119.8930,
		 -31.0859 -0.2142 -120.3960,
		 -31.0859 -0.4748 -120.8114,
		 -31.0859 -0.8644 -121.0885,
		 -31.0859 -1.3226 -121.1906,
		 -31.0859 -1.7825 -121.0868,
		 -31.0859 -2.1713 -120.8083,
		 -31.0859 -2.3649 -120.4025,
		 -30.1843 -1.3596 -118.6429,
		 -30.1843 -1.3178 -121.2022,
		 -31.0859 -1.3603 -118.6303,
		 -31.0859 -1.3185 -121.1897,
		 -30.5610 -2.3673 -120.4104,
		 -30.5597 -2.3770 -119.4204,
		 -30.5152 -2.1442 -119.0092,
		 -30.4470 -1.7822 -118.7282,
		 -30.3682 -1.3598 -118.6404,
		 -30.3682 -1.3179 -121.1996,
		 -30.3697 -1.3260 -121.2014,
		 -30.4548 -1.7855 -121.0964,
		 -30.5262 -2.1739 -120.8168
		]
	} #Coordinate3
	Material {
		ambientColor      0.0255 0.0255 0.0255  #ambientColor
		diffuseColor      0.1020 0.1020 0.1020  #diffuseColor
		transparency      0.0000                #transparency
	} #Material

	IndexedFaceSet {
		coordIndex [ 
		 34, 29, 15, 35,-1,
		 35, 15, 29, 34,-1,
		 35, 15, 16, 36,-1,
		 36, 16, 15, 35,-1,
		 36, 16, 17, 37,-1,
		 37, 17, 16, 36,-1,
		 37, 17, 32, 38,-1,
		 38, 32, 17, 37,-1,
		 39, 33, 26, 40,-1,
		 40, 26, 33, 39,-1,
		 40, 26, 27, 41,-1,
		 41, 27, 26, 40,-1,
		 41, 27, 28, 42,-1,
		 42, 28, 27, 41,-1,
		 42, 28, 29, 34,-1,
		 34, 29, 28, 42,-1,
		 29, 28, 27, 26, 33, 32, 17, 16, 15,-1,
		 15, 16, 17, 32, 33, 26, 27, 28, 29,-1,
		 38, 32, 33, 39,-1,
		 39, 33, 32, 38,-1,
		 34, 35, 36, 37, 38, 39, 40, 41, 42,-1,
		 42, 41, 40, 39, 38, 37, 36, 35, 34,-1,
		]
	} #IndexedFaceSet
} #Polyhedron
Separator { #Polyhedron
	DEF COORD41 Coordinate3 {
		point [
		 -30.1843 -2.4129 -129.7941,
		 -30.1843 -2.1799 -129.3823,
		 -30.1843 -1.8176 -129.1003,
		 -30.1843 -1.3584 -129.0035,
		 -30.1843 -0.8995 -129.1020,
		 -30.1843 -0.5107 -129.3805,
		 -30.1843 -0.2512 -129.7968,
		 -30.1843 -0.1558 -130.2747,
		 -30.1843 -0.2526 -130.7778,
		 -30.1843 -0.5132 -131.1931,
		 -30.1843 -0.9028 -131.4702,
		 -30.1843 -1.3611 -131.5723,
		 -30.1843 -1.8209 -131.4686,
		 -30.1843 -2.2097 -131.1900,
		 -30.1843 -2.4033 -130.7842,
		 -31.0859 -2.4087 -129.7805,
		 -31.0859 -2.1756 -129.3686,
		 -31.0859 -1.8133 -129.0866,
		 -31.0859 -1.3541 -128.9899,
		 -31.0859 -0.8952 -129.0883,
		 -31.0859 -0.5064 -129.3669,
		 -31.0859 -0.2470 -129.7831,
		 -31.0859 -0.1515 -130.2611,
		 -31.0859 -0.2484 -130.7641,
		 -31.0859 -0.5090 -131.1795,
		 -31.0859 -0.8985 -131.4566,
		 -31.0859 -1.3568 -131.5586,
		 -31.0859 -1.8167 -131.4549,
		 -31.0859 -2.2055 -131.1764,
		 -31.0859 -2.3990 -130.7706,
		 -30.1843 -1.3938 -129.0110,
		 -30.1843 -1.3520 -131.5703,
		 -31.0859 -1.3945 -128.9984,
		 -31.0859 -1.3527 -131.5577,
		 -30.5610 -2.4015 -130.7785,
		 -30.5597 -2.4112 -129.7884,
		 -30.5152 -2.1783 -129.3773,
		 -30.4470 -1.8163 -129.0963,
		 -30.3682 -1.3939 -129.0084,
		 -30.3682 -1.3521 -131.5677,
		 -30.3697 -1.3602 -131.5695,
		 -30.4548 -1.8197 -131.4645,
		 -30.5262 -2.2081 -131.1848
		]
	} #Coordinate3
	Material {
		ambientColor      0.0255 0.0255 0.0255  #ambientColor
		diffuseColor      0.1020 0.1020 0.1020  #diffuseColor
		transparency      0.0000                #transparency
	} #Material

	IndexedFaceSet {
		coordIndex [ 
		 34, 29, 15, 35,-1,
		 35, 15, 29, 34,-1,
		 35, 15, 16, 36,-1,
		 36, 16, 15, 35,-1,
		 36, 16, 17, 37,-1,
		 37, 17, 16, 36,-1,
		 37, 17, 32, 38,-1,
		 38, 32, 17, 37,-1,
		 39, 33, 26, 40,-1,
		 40, 26, 33, 39,-1,
		 40, 26, 27, 41,-1,
		 41, 27, 26, 40,-1,
		 41, 27, 28, 42,-1,
		 42, 28, 27, 41,-1,
		 42, 28, 29, 34,-1,
		 34, 29, 28, 42,-1,
		 29, 28, 27, 26, 33, 32, 17, 16, 15,-1,
		 15, 16, 17, 32, 33, 26, 27, 28, 29,-1,
		 38, 32, 33, 39,-1,
		 39, 33, 32, 38,-1,
		 34, 35, 36, 37, 38, 39, 40, 41, 42,-1,
		 42, 41, 40, 39, 38, 37, 36, 35, 34,-1,
		]
	} #IndexedFaceSet
} #Polyhedron
Separator { #Polyhedron
	DEF COORD42 Coordinate3 {
		point [
		 -30.1081 -2.4129 -129.7942,
		 -30.1081 -2.1799 -129.3824,
		 -30.1081 -1.8176 -129.1004,
		 -30.1081 -1.3584 -129.0037,
		 -30.1081 -0.8995 -129.1021,
		 -30.1081 -0.5107 -129.3806,
		 -30.1081 -0.2512 -129.7968,
		 -30.1081 -0.1558 -130.2747,
		 -30.1081 -0.2526 -130.7777,
		 -30.1081 -0.5132 -131.1930,
		 -30.1081 -0.9028 -131.4701,
		 -30.1081 -1.3611 -131.5722,
		 -30.1081 -1.8209 -131.4684,
		 -30.1081 -2.2097 -131.1899,
		 -30.1081 -2.4033 -130.7842,
		 -31.0097 -2.4087 -129.7805,
		 -31.0097 -2.1756 -129.3687,
		 -31.0097 -1.8133 -129.0867,
		 -31.0097 -1.3541 -128.9900,
		 -31.0097 -0.8952 -129.0884,
		 -31.0097 -0.5064 -129.3669,
		 -31.0097 -0.2470 -129.7832,
		 -31.0097 -0.1515 -130.2611,
		 -31.0097 -0.2484 -130.7641,
		 -31.0097 -0.5090 -131.1794,
		 -31.0097 -0.8985 -131.4565,
		 -31.0097 -1.3568 -131.5585,
		 -31.0097 -1.8167 -131.4548,
		 -31.0097 -2.2055 -131.1763,
		 -31.0097 -2.3990 -130.7705,
		 -30.5638 -2.4011 -130.7773,
		 -30.5626 -2.4108 -129.7873,
		 -30.5165 -2.1780 -129.3762,
		 -30.4459 -1.8160 -129.0953,
		 -30.3572 -1.3572 -128.9999,
		 -30.2693 -0.8987 -129.0996,
		 -30.1954 -0.5103 -129.3793,
		 -30.1468 -0.2510 -129.7962,
		 -30.1299 -0.1557 -130.2744,
		 -30.1501 -0.2524 -130.7771,
		 -30.2016 -0.5128 -131.1916,
		 -30.2774 -0.9020 -131.4676,
		 -30.3658 -1.3598 -131.5683,
		 -30.4540 -1.8193 -131.4632,
		 -30.5279 -2.2077 -131.1836,
		 -30.1081 -2.1656 -131.2215,
		 -30.1081 -2.1656 -129.3713,
		 -30.1081 -2.1143 -129.9808,
		 -30.1081 -2.1656 -130.3118,
		 -30.1081 -2.1143 -129.3313,
		 -30.1081 -1.9476 -129.6958,
		 -30.1081 -1.9476 -129.2016,
		 -30.1081 -1.6909 -129.5003,
		 -30.1081 -1.6909 -129.0737,
		 -30.1081 -1.3834 -129.4240,
		 -30.1081 -1.3834 -129.0089,
		 -30.1081 -1.0718 -129.4785,
		 -30.1081 -1.0718 -129.0651,
		 -30.1081 -0.8035 -129.6556,
		 -30.1081 -0.8035 -129.1708,
		 -30.1081 -0.6194 -129.9283,
		 -30.1081 -0.6194 -129.3027,
		 -30.1081 -0.5476 -130.2550,
		 -30.1081 -0.5476 -129.3541,
		 -30.1081 -0.5476 -129.3541,
		 -30.1081 -0.5476 -131.2175,
		 -30.1081 -0.5990 -130.5860,
		 -30.1081 -0.5990 -131.2540,
		 -30.1081 -0.7657 -130.8710,
		 -30.1081 -0.7657 -131.3726,
		 -30.1081 -1.0223 -131.0665,
		 -30.1081 -1.0223 -131.4967,
		 -30.1081 -1.3299 -131.1428,
		 -30.1081 -1.3299 -131.5652,
		 -30.1081 -1.6415 -131.0883,
		 -30.1081 -1.6415 -131.5089,
		 -30.1081 -1.9098 -130.9112,
		 -30.1081 -1.9098 -131.4048,
		 -30.1081 -2.0938 -130.6386,
		 -30.1081 -2.0938 -131.2730,
		 -30.1081 -2.1656 -131.2215,
		 -30.1081 -2.1154 -130.5402,
		 -30.1081 -2.1154 -129.9882,
		 -30.1081 -2.0533 -129.9567,
		 -30.1081 -2.1154 -130.2634,
		 -30.1081 -2.0533 -129.8765,
		 -30.1081 -1.8860 -129.6988,
		 -30.1081 -1.8860 -129.6489,
		 -30.1081 -1.6390 -129.5290,
		 -30.1081 -1.6390 -129.4874,
		 -30.1081 -1.3500 -129.4730,
		 -30.1081 -1.3500 -129.4299,
		 -30.1081 -1.0629 -129.5395,
		 -30.1081 -1.0629 -129.4844,
		 -30.1081 -0.8215 -129.7182,
		 -30.1081 -0.8215 -129.6437,
		 -30.1081 -0.6625 -129.9821,
		 -30.1081 -0.6625 -129.8646,
		 -30.1081 -0.6100 -130.2909,
		 -30.1081 -0.6100 -129.9712,
		 -30.1081 -0.6100 -129.9712,
		 -30.1081 -0.6100 -130.6049,
		 -30.1081 -0.6722 -130.5976,
		 -30.1081 -0.6722 -130.7112,
		 -30.1081 -0.8395 -130.8555,
		 -30.1081 -0.8395 -130.9272,
		 -30.1081 -1.0864 -131.0254,
		 -30.1081 -1.0864 -131.0824,
		 -30.1081 -1.3754 -131.0813,
		 -30.1081 -1.3754 -131.1348,
		 -30.1081 -1.6625 -131.0149,
		 -30.1081 -1.6625 -131.0744,
		 -30.1081 -1.9039 -130.8361,
		 -30.1081 -1.9039 -130.9150,
		 -30.1081 -2.0630 -130.5722,
		 -30.1081 -2.0630 -130.6842,
		 -30.1081 -2.1154 -130.5402,
		 -30.1081 -2.0404 -130.6098,
		 -30.1081 -2.0404 -129.9368,
		 -30.1081 -1.9834 -129.9880,
		 -30.1081 -2.0404 -130.2647,
		 -30.1081 -1.9834 -129.8491,
		 -30.1081 -1.8317 -129.7557,
		 -30.1081 -1.8317 -129.6615,
		 -30.1081 -1.6083 -129.6031,
		 -30.1081 -1.6083 -129.5230,
		 -30.1081 -1.3473 -129.5534,
		 -30.1081 -1.3473 -129.4736,
		 -30.1081 -1.0883 -129.6142,
		 -30.1081 -1.0883 -129.5336,
		 -30.1081 -0.8708 -129.7764,
		 -30.1081 -0.8708 -129.6818,
		 -30.1081 -0.7279 -130.0151,
		 -30.1081 -0.7279 -129.8736,
		 -30.1081 -0.6813 -130.2940,
		 -30.1081 -0.6813 -129.9508,
		 -30.1081 -0.6813 -129.9508,
		 -30.1081 -0.6813 -130.6117,
		 -30.1081 -0.7382 -130.5707,
		 -30.1081 -0.7382 -130.6994,
		 -30.1081 -0.8899 -130.8030,
		 -30.1081 -0.8899 -130.8902,
		 -30.1081 -1.1133 -130.9557,
		 -30.1081 -1.1133 -131.0306,
		 -30.1081 -1.3744 -131.0053,
		 -30.1081 -1.3744 -131.0811,
		 -30.1081 -1.6334 -130.9445,
		 -30.1081 -1.6334 -131.0216,
		 -30.1081 -1.8509 -130.7823,
		 -30.1081 -1.8509 -130.8753,
		 -30.1081 -1.9938 -130.5436,
		 -30.1081 -1.9938 -130.6870,
		 -30.1081 -2.0404 -130.6098,
		 -30.1081 -1.9930 -130.5450,
		 -30.1081 -1.9930 -130.0345,
		 -30.1081 -1.9783 -130.1915,
		 -30.1081 -1.9930 -130.2584,
		 -30.1081 -1.9783 -129.9802,
		 -30.1081 -1.9482 -130.0206,
		 -30.1081 -1.9783 -130.1915,
		 -30.1081 -1.9482 -129.9341,
		 -30.1081 -1.9368 -130.0025,
		 -30.1081 -1.9368 -129.9167,
		 -30.1081 -1.9368 -129.9167,
		 -30.1081 -1.9365 -129.9161,
		 -30.1081 -1.9365 -130.0010,
		 -30.1081 -1.9368 -130.0025,
		 -30.1081 -1.9272 -129.9870,
		 -30.1081 -1.9272 -129.9018,
		 -30.1081 -1.8431 -129.8531,
		 -30.1081 -1.9272 -129.9870,
		 -30.1081 -1.8431 -129.7730,
		 -30.1081 -1.8275 -129.8388,
		 -30.1081 -1.8275 -129.7528,
		 -30.1081 -1.8275 -129.7528,
		 -30.1081 -1.7921 -129.7286,
		 -30.1081 -1.7921 -129.7862,
		 -30.1081 -1.8275 -129.8388,
		 -30.1081 -1.5817 -129.6469,
		 -30.1081 -1.5817 -129.5980,
		 -30.1081 -1.3374 -129.6042,
		 -30.1081 -1.3374 -129.5557,
		 -30.1081 -1.0964 -129.6646,
		 -30.1081 -1.0964 -129.6123,
		 -30.1081 -0.8954 -129.8189,
		 -30.1081 -0.8954 -129.7580,
		 -30.1081 -0.7992 -129.9846,
		 -30.1081 -0.7992 -129.8958,
		 -30.1081 -0.7649 -130.0372,
		 -30.1081 -0.7992 -129.9846,
		 -30.1081 -0.7649 -129.9531,
		 -30.1081 -0.7610 -130.0433,
		 -30.1081 -0.7649 -130.0372,
		 -30.1081 -0.7610 -129.9597,
		 -30.1081 -0.7273 -130.2719,
		 -30.1081 -0.7273 -130.0185,
		 -30.1081 -0.7273 -130.0185,
		 -30.1081 -0.7249 -130.0327,
		 -30.1081 -0.7249 -130.3047,
		 -30.1081 -0.7273 -130.2892,
		 -30.1081 -0.7285 -130.2811,
		 -30.1081 -0.7249 -130.0327,
		 -30.1081 -0.7249 -130.5059,
		 -30.1081 -0.7430 -130.3872,
		 -30.1081 -0.7430 -130.5780,
		 -30.1081 -0.7648 -130.5464,
		 -30.1081 -0.7430 -130.3872,
		 -30.1081 -0.7648 -130.6113,
		 -30.1081 -0.7814 -130.5708,
		 -30.1081 -0.7814 -130.6368,
		 -30.1081 -0.9130 -130.8188,
		 -30.1081 -0.9258 -130.8276,
		 -30.1081 -0.9258 -130.7769,
		 -30.1081 -0.9130 -130.7578,
		 -30.1081 -0.9052 -130.7527,
		 -30.1081 -0.7814 -130.5708,
		 -30.1081 -0.9052 -130.8135,
		 -30.1081 -0.9130 -130.7578,
		 -30.1081 -0.9130 -130.8188,
		 -30.1081 -1.1362 -130.9162,
		 -30.1081 -1.1362 -130.9600,
		 -30.1081 -1.3805 -130.9589,
		 -30.1081 -1.3805 -131.0039,
		 -30.1081 -1.6215 -130.8985,
		 -30.1081 -1.6215 -130.9473,
		 -30.1081 -1.8225 -130.7442,
		 -30.1081 -1.8225 -130.8035,
		 -30.1081 -1.9525 -130.6126,
		 -30.1081 -1.9530 -130.6119,
		 -30.1081 -1.9530 -130.5194,
		 -30.1081 -1.9525 -130.5202,
		 -30.1081 -1.8406 -130.7130,
		 -30.1081 -1.8406 -130.7900,
		 -30.1081 -1.8410 -130.7127,
		 -30.1081 -1.8406 -130.7130,
		 -30.1081 -1.8410 -130.7897,
		 -30.1081 -1.9520 -130.5237,
		 -30.1081 -1.9520 -130.6135,
		 -30.1081 -1.9525 -130.5202,
		 -30.1081 -1.9525 -130.6126,
		 -30.1081 -1.9921 -130.5465,
		 -30.1081 -1.9930 -130.5450,
		 -30.1081 -1.9921 -130.2643,
		 -30.1081 -1.9917 -130.2672,
		 -30.1081 -1.9921 -130.2698,
		 -30.1081 -1.9634 -130.4512,
		 -30.1081 -1.9634 -130.5944,
		 -30.1081 -1.9634 -130.4512,
		 -30.1081 -1.9921 -130.5465,
		 -30.1081 -1.9917 -130.2672,
		 -30.1081 -1.9917 -130.2523,
		 -30.1081 -1.9783 -130.1915,
		 -30.1081 -1.9917 -130.2672,
		 -30.1081 -1.9272 -129.9870,
		 -30.1081 -1.9368 -130.0025,
		 -30.1081 -1.7368 -129.7557,
		 -30.1081 -1.8275 -129.8388,
		 -30.1081 -1.7368 -129.7496,
		 -30.1081 -1.7365 -129.8000,
		 -30.1081 -1.7365 -129.7494,
		 -30.1081 -1.7346 -129.7977,
		 -30.1081 -1.7365 -129.8000,
		 -30.1081 -1.7346 -129.7481,
		 -30.1081 -1.7356 -129.9842,
		 -30.1081 -1.7346 -129.9849,
		 -30.1081 -1.7346 -130.2033,
		 -30.1081 -1.7332 -129.7962,
		 -30.1081 -1.7346 -129.7977,
		 -30.1081 -1.7332 -129.7472,
		 -30.1081 -1.7346 -129.9849,
		 -30.1081 -1.7332 -129.9858,
		 -30.1081 -1.7332 -130.2039,
		 -30.1081 -1.7346 -130.2033,
		 -30.1081 -1.7341 -130.3048,
		 -30.1081 -1.7332 -130.2976,
		 -30.1081 -1.7332 -130.4799,
		 -30.1081 -1.7316 -129.7944,
		 -30.1081 -1.7332 -129.7962,
		 -30.1081 -1.7316 -129.7461,
		 -30.1081 -1.7332 -129.9858,
		 -30.1081 -1.7316 -129.9868,
		 -30.1081 -1.7316 -130.2046,
		 -30.1081 -1.7332 -130.2039,
		 -30.1081 -1.7332 -130.2976,
		 -30.1081 -1.7316 -130.2841,
		 -30.1081 -1.7316 -130.4794,
		 -30.1081 -1.7332 -130.4799,
		 -30.1081 -1.7323 -130.6646,
		 -30.1081 -1.7316 -130.6638,
		 -30.1081 -1.7316 -130.8062,
		 -30.1081 -1.7225 -129.7841,
		 -30.1081 -1.7316 -129.7944,
		 -30.1081 -1.7316 -129.7461,
		 -30.1081 -1.7225 -129.7401,
		 -30.1081 -1.7316 -129.9868,
		 -30.1081 -1.7225 -129.9925,
		 -30.1081 -1.7225 -130.2084,
		 -30.1081 -1.7316 -130.2046,
		 -30.1081 -1.7031 -129.7622,
		 -30.1081 -1.7225 -129.7841,
		 -30.1081 -1.7225 -129.7401,
		 -30.1081 -1.7031 -129.7273,
		 -30.1081 -1.7225 -129.9925,
		 -30.1081 -1.7031 -130.0048,
		 -30.1081 -1.7031 -130.4701,
		 -30.1081 -1.7225 -130.4765,
		 -30.1081 -1.7316 -130.2841,
		 -30.1081 -1.7225 -130.2084,
		 -30.1081 -1.7316 -130.4794,
		 -30.1081 -1.7316 -130.6638,
		 -30.1081 -1.7031 -130.6313,
		 -30.1081 -1.7031 -130.8359,
		 -30.1081 -1.7316 -130.8140,
		 -30.1081 -1.7018 -129.7607,
		 -30.1081 -1.7031 -129.7622,
		 -30.1081 -1.7018 -129.7264,
		 -30.1081 -1.7031 -130.0048,
		 -30.1081 -1.7018 -130.0057,
		 -30.1081 -1.7018 -130.2004,
		 -30.1081 -1.7031 -130.3465,
		 -30.1081 -1.6953 -129.7534,
		 -30.1081 -1.7018 -129.7607,
		 -30.1081 -1.6953 -129.7221,
		 -30.1081 -1.6479 -129.8438,
		 -30.1081 -1.6479 -129.6907,
		 -30.1081 -1.6635 -130.0300,
		 -30.1081 -1.6479 -130.0142,
		 -30.1081 -1.6479 -130.0659,
		 -30.1081 -1.6635 -130.1048,
		 -30.1081 -1.7018 -130.0057,
		 -30.1081 -1.7018 -130.2004,
		 -30.1081 -1.5896 -129.9549,
		 -30.1081 -1.6479 -129.8438,
		 -30.1081 -1.5896 -129.6521,
		 -30.1081 -1.5896 -129.6521,
		 -30.1081 -1.5497 -129.6413,
		 -30.1081 -1.5497 -129.9637,
		 -30.1081 -1.5896 -130.0053,
		 -30.1081 -1.6479 -130.0142,
		 -30.1081 -1.6479 -130.0659,
		 -30.1081 -1.5011 -129.9429,
		 -30.1081 -1.5011 -129.6328,
		 -30.1081 -1.4221 -129.6693,
		 -30.1081 -1.5011 -129.6721,
		 -30.1081 -1.4221 -129.6190,
		 -30.1081 -1.4360 -129.8847,
		 -30.1081 -1.4221 -129.8836,
		 -30.1081 -1.4221 -129.9091,
		 -30.1081 -1.4360 -129.9151,
		 -30.1081 -1.5011 -129.9429,
		 -30.1081 -1.2845 -129.6643,
		 -30.1081 -1.4221 -129.6693,
		 -30.1081 -1.2845 -129.6174,
		 -30.1081 -1.3152 -129.8755,
		 -30.1081 -1.2845 -129.6830,
		 -30.1081 -1.2845 -129.9105,
		 -30.1081 -1.3152 -129.9102,
		 -30.1081 -1.4221 -129.8836,
		 -30.1081 -1.4221 -129.9091,
		 -30.1081 -1.2816 -129.6642,
		 -30.1081 -1.2845 -129.6643,
		 -30.1081 -1.2816 -129.6182,
		 -30.1081 -1.2816 -129.6182,
		 -30.1081 -1.2293 -129.6313,
		 -30.1081 -1.2293 -129.9355,
		 -30.1081 -1.2816 -129.9119,
		 -30.1081 -1.2845 -129.6830,
		 -30.1081 -1.2845 -129.9105,
		 -30.1081 -1.2680 -130.9393,
		 -30.1081 -1.2914 -130.9434,
		 -30.1081 -1.2914 -130.6450,
		 -30.1081 -1.2680 -130.6350,
		 -30.1081 -1.2293 -130.6562,
		 -30.1081 -1.2680 -130.6710,
		 -30.1081 -1.2293 -130.6184,
		 -30.1081 -1.2487 -130.9013,
		 -30.1081 -1.2293 -130.8926,
		 -30.1081 -1.2293 -130.9325,
		 -30.1081 -1.2487 -130.9359,
		 -30.1081 -1.2680 -130.9393,
		 -30.1081 -1.4113 -130.6858,
		 -30.1081 -1.4289 -130.6793,
		 -30.1081 -1.4289 -130.6436,
		 -30.1081 -1.4113 -130.6438,
		 -30.1081 -1.4113 -130.6438,
		 -30.1081 -1.4113 -130.9512,
		 -30.1081 -1.4253 -130.9050,
		 -30.1081 -1.4253 -130.9477,
		 -30.1081 -1.4289 -130.9039,
		 -30.1081 -1.4289 -130.9468,
		 -30.1081 -1.5080 -130.6499,
		 -30.1081 -1.5555 -130.7249,
		 -30.1081 -1.5555 -130.5863,
		 -30.1081 -1.5080 -130.6078,
		 -30.1081 -1.4289 -130.6793,
		 -30.1081 -1.4289 -130.6436,
		 -30.1081 -1.5555 -130.8646,
		 -30.1081 -1.4289 -130.9039,
		 -30.1081 -1.5555 -130.9151,
		 -30.1081 -1.6407 -130.5598,
		 -30.1081 -1.6517 -130.5408,
		 -30.1081 -1.6517 -130.4820,
		 -30.1081 -1.6407 -130.4940,
		 -30.1081 -1.6407 -130.4940,
		 -30.1081 -1.6294 -130.5063,
		 -30.1081 -1.6294 -130.8925,
		 -30.1081 -1.6407 -130.8838,
		 -30.1081 -1.6517 -130.5725,
		 -30.1081 -1.6517 -130.8753,
		 -30.1081 -1.5555 -130.7249,
		 -30.1081 -1.6294 -130.8417,
		 -30.1081 -1.5555 -130.5863,
		 -30.1081 -1.5555 -130.8646,
		 -30.1081 -1.6294 -130.8925,
		 -30.1081 -1.6945 -130.4673,
		 -30.1081 -1.7031 -130.4701,
		 -30.1081 -1.6945 -130.3692,
		 -30.1081 -1.6517 -130.5408,
		 -30.1081 -1.7031 -130.6313,
		 -30.1081 -1.6517 -130.5725,
		 -30.1081 -1.6517 -130.8753,
		 -30.1081 -1.7031 -130.8359,
		 -30.1081 -1.8406 -130.7130,
		 -30.1081 -1.7316 -130.8062,
		 -30.1081 -1.9634 -130.4512,
		 -30.1081 -1.9525 -130.5202,
		 -30.1081 -1.0847 -129.6736,
		 -30.1081 -1.2293 -129.6317,
		 -30.1081 -1.0847 -129.6736,
		 -30.1081 -0.8963 -129.8357,
		 -30.1081 -0.8963 -129.8182,
		 -30.1081 -0.7992 -129.9846,
		 -30.1081 -0.7285 -130.2811,
		 -30.1081 -0.7285 -130.3212,
		 -30.1081 -0.7430 -130.3872,
		 -30.1081 -0.7285 -130.2811,
		 -30.1081 -1.0654 -130.8576,
		 -30.1081 -0.9130 -130.7578,
		 -30.1081 -1.0654 -130.8693,
		 -30.1081 -1.2084 -130.9111,
		 -30.1081 -1.2084 -130.9288,
		 -30.1081 -1.2243 -129.9378,
		 -30.1081 -1.2293 -129.9355,
		 -30.1081 -1.2126 -130.6499,
		 -30.1081 -1.2133 -130.6501,
		 -30.1081 -1.2133 -130.6116,
		 -30.1081 -1.2088 -130.8835,
		 -30.1081 -1.2088 -130.9289,
		 -30.1081 -1.2133 -130.8855,
		 -30.1081 -1.2088 -130.8835,
		 -30.1081 -1.2133 -130.9297,
		 -30.1081 -1.2133 -130.6501,
		 -30.1081 -1.2293 -130.6562,
		 -30.1081 -1.2293 -130.6184,
		 -30.1081 -1.2133 -130.6116,
		 -30.1081 -1.2293 -130.8926,
		 -30.1081 -1.2133 -130.8855,
		 -30.1081 -1.2293 -130.9325,
		 -30.1081 -1.2243 -129.9378,
		 -30.1081 -1.2243 -129.6331,
		 -30.1081 -1.1782 -129.9586,
		 -30.1081 -1.2243 -129.9378,
		 -30.1081 -1.1782 -129.6465,
		 -30.1081 -1.1580 -129.8662,
		 -30.1081 -1.1782 -129.9290,
		 -30.1081 -1.1580 -129.6523,
		 -30.1081 -1.1580 -129.9436,
		 -30.1081 -1.1580 -129.9678,
		 -30.1081 -1.1782 -129.9586,
		 -30.1081 -1.1117 -129.7219,
		 -30.1081 -1.1580 -129.8662,
		 -30.1081 -1.1580 -129.6523,
		 -30.1081 -1.1117 -129.6658,
		 -30.1081 -1.0617 -129.7540,
		 -30.1081 -1.0617 -129.6934,
		 -30.1081 -1.0938 -129.9900,
		 -30.1081 -1.0617 -129.9603,
		 -30.1081 -1.0617 -130.0721,
		 -30.1081 -1.0938 -130.0374,
		 -30.1081 -1.1580 -129.9436,
		 -30.1081 -1.0103 -129.7871,
		 -30.1081 -1.0617 -129.7540,
		 -30.1081 -1.0103 -129.7376,
		 -30.1081 -1.0617 -129.9603,
		 -30.1081 -1.0103 -129.9125,
		 -30.1081 -1.0103 -130.2076,
		 -30.1081 -1.0617 -130.0721,
		 -30.1081 -1.0048 -129.7907,
		 -30.1081 -1.0103 -129.7871,
		 -30.1081 -1.0103 -129.7376,
		 -30.1081 -1.0048 -129.7423,
		 -30.1081 -1.0103 -129.9125,
		 -30.1081 -1.0048 -129.9074,
		 -30.1081 -1.0048 -130.4367,
		 -30.1081 -1.0103 -130.4464,
		 -30.1081 -0.9932 -129.7981,
		 -30.1081 -1.0048 -129.7907,
		 -30.1081 -0.9932 -129.7523,
		 -30.1081 -1.0048 -129.9074,
		 -30.1081 -0.9932 -129.8966,
		 -30.1081 -0.9932 -130.4402,
		 -30.1081 -1.0048 -130.4367,
		 -30.1081 -1.0103 -130.5820,
		 -30.1081 -0.9932 -130.6008,
		 -30.1081 -0.9932 -130.8103,
		 -30.1081 -1.0103 -130.8215,
		 -30.1081 -0.9306 -129.8384,
		 -30.1081 -0.9932 -129.7981,
		 -30.1081 -0.9306 -129.8062,
		 -30.1081 -0.9306 -129.8062,
		 -30.1081 -0.8028 -129.9791,
		 -30.1081 -0.8028 -130.0631,
		 -30.1081 -0.9306 -130.1210,
		 -30.1081 -0.9932 -129.8966,
		 -30.1081 -0.9932 -130.1494,
		 -30.1081 -0.7632 -130.2852,
		 -30.1081 -0.7632 -130.0398,
		 -30.1081 -0.7632 -130.0398,
		 -30.1081 -0.7632 -130.5353,
		 -30.1081 -0.8058 -130.4969,
		 -30.1081 -0.9795 -130.4443,
		 -30.1081 -0.9795 -130.2574,
		 -30.1081 -0.8058 -130.2797,
		 -30.1081 -0.8058 -130.2797,
		 -30.1081 -0.8058 -130.6066,
		 -30.1081 -0.9065 -130.6959,
		 -30.1081 -0.9065 -130.7536,
		 -30.1081 -0.9795 -130.6159,
		 -30.1081 -0.9795 -130.8013,
		 -30.1081 -0.9795 -130.4443,
		 -30.1081 -0.9932 -130.4402,
		 -30.1081 -0.9932 -130.1494,
		 -30.1081 -0.9795 -130.2574,
		 -30.1081 -0.9932 -130.6008,
		 -30.1081 -0.9795 -130.6159,
		 -30.1081 -0.9932 -130.8103,
		 -30.1081 -1.0103 -130.4464,
		 -30.1081 -1.0117 -130.4488,
		 -30.1081 -1.0117 -130.3537,
		 -30.1081 -1.0103 -130.2076,
		 -30.1081 -1.0117 -130.5805,
		 -30.1081 -1.0103 -130.5820,
		 -30.1081 -1.0117 -130.8224,
		 -30.1081 -1.0580 -130.8058,
		 -30.1081 -1.0656 -130.7944,
		 -30.1081 -1.0656 -130.4882,
		 -30.1081 -1.0580 -130.4693,
		 -30.1081 -1.0656 -130.8198,
		 -30.1081 -1.0580 -130.8164,
		 -30.1081 -1.0580 -130.8528,
		 -30.1081 -1.0656 -130.8576,
		 -30.1081 -1.0117 -130.4488,
		 -30.1081 -1.0580 -130.5297,
		 -30.1081 -1.0117 -130.3537,
		 -30.1081 -1.0526 -130.8140,
		 -30.1081 -1.0580 -130.8058,
		 -30.1081 -1.0580 -130.5297,
		 -30.1081 -1.0526 -130.5357,
		 -30.1081 -1.0526 -130.5357,
		 -30.1081 -1.0117 -130.5805,
		 -30.1081 -1.0526 -130.8492,
		 -30.1081 -1.0580 -130.8164,
		 -30.1081 -1.0580 -130.8528,
		 -30.1081 -1.0656 -130.7944,
		 -30.1081 -1.1638 -130.6460,
		 -30.1081 -1.1638 -130.5904,
		 -30.1081 -1.0656 -130.4882,
		 -30.1081 -1.1638 -130.8635,
		 -30.1081 -1.0656 -130.8198,
		 -30.1081 -1.1638 -130.8944,
		 -30.1081 -1.2126 -130.6499,
		 -30.1081 -1.2133 -130.6116,
		 -30.1081 -1.2126 -130.6113,
		 -30.1081 -1.1716 -130.6342,
		 -30.1081 -1.2126 -130.6499,
		 -30.1081 -1.1716 -130.5938,
		 -30.1081 -1.1638 -130.6460,
		 -30.1081 -1.1638 -130.5904,
		 -30.1081 -1.2088 -130.8835,
		 -30.1081 -1.1638 -130.8635,
		 -30.1081 -1.9398 -130.5444,
		 -30.1081 -1.9398 -130.0073,
		 -30.1081 -1.9241 -130.1224,
		 -30.1081 -1.9398 -130.3473,
		 -30.1081 -1.9241 -129.9823,
		 -30.1081 -1.9023 -130.1317,
		 -30.1081 -1.9023 -129.9475,
		 -30.1081 -1.9023 -130.3416,
		 -30.1081 -1.9023 -130.6083,
		 -30.1081 -1.9398 -130.5444,
		 -30.1081 -1.8406 -130.1581,
		 -30.1081 -1.9023 -130.1317,
		 -30.1081 -1.8406 -129.8508,
		 -30.1081 -1.7365 -129.8000,
		 -30.1081 -1.8406 -129.9176,
		 -30.1081 -1.7356 -129.9842,
		 -30.1081 -1.7346 -130.2033,
		 -30.1081 -1.7356 -130.2028,
		 -30.1081 -1.7356 -129.9842,
		 -30.1081 -1.8406 -130.1581,
		 -30.1081 -1.7341 -130.3048,
		 -30.1081 -1.7332 -130.4799,
		 -30.1081 -1.7341 -130.4802,
		 -30.1081 -1.7354 -130.3163,
		 -30.1081 -1.7341 -130.3048,
		 -30.1081 -1.7354 -130.4807,
		 -30.1081 -1.9023 -130.3416,
		 -30.1081 -1.9023 -130.5352,
		 -30.1081 -1.7323 -130.6646,
		 -30.1081 -1.7323 -130.8056,
		 -30.1081 -1.7812 -130.7207,
		 -30.1081 -1.7323 -130.6646,
		 -30.1081 -1.7812 -130.7637,
		 -30.1081 -1.9023 -130.6083,
		 -30.1081 -1.6885 -130.3851,
		 -30.1081 -1.6885 -130.1673,
		 -30.1081 -1.6740 -130.1774,
		 -30.1081 -1.6885 -130.3121,
		 -30.1081 -1.6740 -130.1310,
		 -30.1081 -1.6120 -130.0589,
		 -30.1081 -1.6120 -130.0286,
		 -30.1081 -1.5121 -129.9746,
		 -30.1081 -1.5121 -129.9476,
		 -30.1081 -1.3895 -129.9374,
		 -30.1081 -1.3895 -129.9094,
		 -30.1081 -1.2627 -129.9528,
		 -30.1081 -1.2627 -129.9204,
		 -30.1081 -1.2117 -129.9829,
		 -30.1081 -1.2117 -129.9435,
		 -30.1081 -1.2028 -129.9881,
		 -30.1081 -1.2117 -129.9815,
		 -30.1081 -1.2028 -129.9475,
		 -30.1081 -1.2028 -129.9475,
		 -30.1081 -1.1512 -129.9752,
		 -30.1081 -1.1512 -130.0186,
		 -30.1081 -1.2028 -129.9881,
		 -30.1081 -1.0718 -130.1247,
		 -30.1081 -1.0718 -130.0611,
		 -30.1081 -1.0368 -130.2550,
		 -30.1081 -1.0368 -130.1380,
		 -30.1081 -1.0368 -130.1380,
		 -30.1081 -1.0368 -130.4162,
		 -30.1081 -1.0513 -130.3896,
		 -30.1081 -1.0513 -130.4525,
		 -30.1081 -1.1132 -130.5081,
		 -30.1081 -1.1132 -130.5378,
		 -30.1081 -1.2131 -130.5924,
		 -30.1081 -1.2131 -130.6115,
		 -30.1081 -1.3358 -130.6297,
		 -30.1081 -1.3358 -130.6446,
		 -30.1081 -1.4625 -130.6143,
		 -30.1081 -1.4625 -130.6284,
		 -30.1081 -1.5741 -130.5485,
		 -30.1081 -1.5741 -130.5662,
		 -30.1081 -1.6534 -130.4424,
		 -30.1081 -1.6534 -130.4776,
		 -30.1081 -1.6885 -130.3851,
		 -30.1081 -1.4795 -130.6043,
		 -30.1081 -1.4795 -129.9647,
		 -30.1081 -1.4541 -130.1897,
		 -30.1081 -1.4795 -130.2865,
		 -30.1081 -1.4541 -129.9570,
		 -30.1081 -1.3717 -130.1404,
		 -30.1081 -1.3717 -129.9395,
		 -30.1081 -1.2806 -130.1674,
		 -30.1081 -1.2806 -129.9506,
		 -30.1081 -1.2342 -130.2549,
		 -30.1081 -1.2342 -129.9696,
		 -30.1081 -1.2342 -129.9696,
		 -30.1081 -1.2117 -129.9829,
		 -30.1081 -1.2117 -130.5912,
		 -30.1081 -1.2342 -130.5988,
		 -30.1081 -1.2596 -130.3517,
		 -30.1081 -1.2596 -130.6066,
		 -30.1081 -1.3420 -130.4010,
		 -30.1081 -1.3420 -130.6289,
		 -30.1081 -1.4331 -130.3740,
		 -30.1081 -1.4331 -130.6178,
		 -30.1081 -1.4795 -130.6043,
		 -30.1081 -1.1450 -130.0312,
		 -30.1081 -1.2028 -129.9881,
		 -30.1081 -1.1450 -130.0269,
		 -30.1081 -1.0711 -130.1508,
		 -30.1081 -1.0711 -130.1274,
		 -30.1081 -1.0505 -130.3096,
		 -30.1081 -1.0505 -130.2038,
		 -30.1081 -1.0505 -130.2038,
		 -30.1081 -1.0505 -130.3826,
		 -30.1081 -1.0902 -130.4504,
		 -30.1081 -1.0902 -130.4641,
		 -30.1081 -1.1961 -130.5733,
		 -30.1081 -1.1961 -130.5780,
		 -30.1081 -1.2117 -129.9829,
		 -30.1081 -1.2117 -130.5912,
		 -30.1081 -2.1656 -129.3713,
		 -30.1081 -2.1656 -131.2215,
		 -30.1081 -2.1143 -129.3313,
		 -30.1081 -1.9476 -129.2016,
		 -30.1081 -1.6909 -129.0737,
		 -30.1081 -1.3834 -129.0089,
		 -30.1081 -1.0718 -129.0651,
		 -30.1081 -0.8035 -129.1708,
		 -30.1081 -0.6194 -129.3027,
		 -30.1081 -0.5476 -129.3541,
		 -30.1081 -0.5476 -131.2175,
		 -30.1081 -0.5476 -129.3541,
		 -30.1081 -0.5990 -131.2540,
		 -30.1081 -0.7657 -131.3726,
		 -30.1081 -1.0223 -131.4967,
		 -30.1081 -1.3299 -131.5652,
		 -30.1081 -1.6415 -131.5089,
		 -30.1081 -1.9098 -131.4048,
		 -30.1081 -2.0938 -131.2730,
		 -30.1081 -2.1656 -131.2215,
		 -30.1081 -2.1154 -129.9882,
		 -30.1081 -2.1154 -130.5402,
		 -30.1081 -2.0533 -129.8765,
		 -30.1081 -1.8860 -129.6489,
		 -30.1081 -1.6390 -129.4874,
		 -30.1081 -1.3500 -129.4299,
		 -30.1081 -1.0629 -129.4844,
		 -30.1081 -0.8215 -129.6437,
		 -30.1081 -0.6625 -129.8646,
		 -30.1081 -0.6100 -129.9712,
		 -30.1081 -0.6100 -130.6049,
		 -30.1081 -0.6100 -129.9712,
		 -30.1081 -0.6722 -130.7112,
		 -30.1081 -0.8395 -130.9272,
		 -30.1081 -1.0864 -131.0824,
		 -30.1081 -1.3754 -131.1348,
		 -30.1081 -1.6625 -131.0744,
		 -30.1081 -1.9039 -130.9150,
		 -30.1081 -2.0630 -130.6842,
		 -30.1081 -2.1154 -130.5402,
		 -30.1081 -2.0404 -129.9368,
		 -30.1081 -2.0404 -130.6098,
		 -30.1081 -1.9834 -129.8491,
		 -30.1081 -1.8317 -129.6615,
		 -30.1081 -1.6083 -129.5230,
		 -30.1081 -1.3473 -129.4736,
		 -30.1081 -1.0883 -129.5336,
		 -30.1081 -0.8708 -129.6818,
		 -30.1081 -0.7279 -129.8736,
		 -30.1081 -0.6813 -129.9508,
		 -30.1081 -0.6813 -130.6117,
		 -30.1081 -0.6813 -129.9508,
		 -30.1081 -0.7382 -130.6994,
		 -30.1081 -0.8899 -130.8902,
		 -30.1081 -1.1133 -131.0306,
		 -30.1081 -1.3744 -131.0811,
		 -30.1081 -1.6334 -131.0216,
		 -30.1081 -1.8509 -130.8753,
		 -30.1081 -1.9938 -130.6870,
		 -30.1081 -2.0404 -130.6098,
		 -30.1081 -1.9930 -130.0345,
		 -30.1081 -1.9930 -130.5450,
		 -30.1081 -1.9783 -129.9802,
		 -30.1081 -1.9783 -130.1915,
		 -30.1081 -1.9482 -129.9341,
		 -30.1081 -1.9783 -130.1915,
		 -30.1081 -1.9368 -129.9167,
		 -30.1081 -1.9368 -130.0025,
		 -30.1081 -1.9368 -130.0025,
		 -30.1081 -1.9365 -129.9161,
		 -30.1081 -1.9368 -129.9167,
		 -30.1081 -1.9272 -129.9018,
		 -30.1081 -1.9272 -129.9870,
		 -30.1081 -1.8431 -129.7730,
		 -30.1081 -1.9272 -129.9870,
		 -30.1081 -1.8275 -129.7528,
		 -30.1081 -1.8275 -129.8388,
		 -30.1081 -1.8275 -129.8388,
		 -30.1081 -1.7921 -129.7286,
		 -30.1081 -1.8275 -129.7528,
		 -30.1081 -1.5817 -129.5980,
		 -30.1081 -1.3374 -129.5557,
		 -30.1081 -1.0964 -129.6123,
		 -30.1081 -0.8954 -129.7580,
		 -30.1081 -0.7992 -129.8958,
		 -30.1081 -0.7992 -129.9846,
		 -30.1081 -0.7649 -129.9531,
		 -30.1081 -0.7992 -129.9846,
		 -30.1081 -0.7649 -130.0372,
		 -30.1081 -0.7610 -129.9597,
		 -30.1081 -0.7649 -130.0372,
		 -30.1081 -0.7273 -130.0185,
		 -30.1081 -0.7273 -130.2892,
		 -30.1081 -0.7249 -130.0327,
		 -30.1081 -0.7273 -130.0185,
		 -30.1081 -0.7285 -130.2811,
		 -30.1081 -0.7249 -130.5059,
		 -30.1081 -0.7249 -130.0327,
		 -30.1081 -0.7430 -130.5780,
		 -30.1081 -0.7430 -130.3872,
		 -30.1081 -0.7648 -130.6113,
		 -30.1081 -0.7430 -130.3872,
		 -30.1081 -0.7814 -130.6368,
		 -30.1081 -0.7814 -130.5708,
		 -30.1081 -0.9130 -130.7578,
		 -30.1081 -0.9258 -130.8276,
		 -30.1081 -0.9130 -130.8188,
		 -30.1081 -0.9052 -130.8135,
		 -30.1081 -0.7814 -130.5708,
		 -30.1081 -0.9130 -130.8188,
		 -30.1081 -0.9130 -130.7578,
		 -30.1081 -1.1362 -130.9600,
		 -30.1081 -1.3805 -131.0039,
		 -30.1081 -1.6215 -130.9473,
		 -30.1081 -1.8225 -130.8035,
		 -30.1081 -1.9525 -130.5202,
		 -30.1081 -1.9530 -130.6119,
		 -30.1081 -1.9525 -130.6126,
		 -30.1081 -1.8406 -130.7900,
		 -30.1081 -1.8406 -130.7130,
		 -30.1081 -1.8410 -130.7897,
		 -30.1081 -1.8406 -130.7130,
		 -30.1081 -1.9520 -130.6135,
		 -30.1081 -1.9525 -130.6126,
		 -30.1081 -1.9525 -130.5202,
		 -30.1081 -1.9921 -130.2643,
		 -30.1081 -1.9930 -130.5450,
		 -30.1081 -1.9921 -130.5465,
		 -30.1081 -1.9917 -130.2672,
		 -30.1081 -1.9634 -130.5944,
		 -30.1081 -1.9634 -130.4512,
		 -30.1081 -1.9921 -130.5465,
		 -30.1081 -1.9634 -130.4512,
		 -30.1081 -1.9917 -130.2523,
		 -30.1081 -1.9917 -130.2672,
		 -30.1081 -1.9917 -130.2672,
		 -30.1081 -1.9783 -130.1915,
		 -30.1081 -1.9368 -130.0025,
		 -30.1081 -1.9272 -129.9870,
		 -30.1081 -1.7368 -129.7496,
		 -30.1081 -1.8275 -129.8388,
		 -30.1081 -1.7365 -129.7494,
		 -30.1081 -1.7365 -129.8000,
		 -30.1081 -1.7346 -129.7481,
		 -30.1081 -1.7365 -129.8000,
		 -30.1081 -1.7346 -129.7977,
		 -30.1081 -1.7346 -130.2033,
		 -30.1081 -1.7346 -129.9849,
		 -30.1081 -1.7356 -129.9842,
		 -30.1081 -1.7332 -129.7472,
		 -30.1081 -1.7346 -129.7977,
		 -30.1081 -1.7332 -129.7962,
		 -30.1081 -1.7346 -130.2033,
		 -30.1081 -1.7332 -130.2039,
		 -30.1081 -1.7332 -129.9858,
		 -30.1081 -1.7346 -129.9849,
		 -30.1081 -1.7332 -130.4799,
		 -30.1081 -1.7332 -130.2976,
		 -30.1081 -1.7341 -130.3048,
		 -30.1081 -1.7316 -129.7461,
		 -30.1081 -1.7332 -129.7962,
		 -30.1081 -1.7316 -129.7944,
		 -30.1081 -1.7332 -130.2039,
		 -30.1081 -1.7316 -130.2046,
		 -30.1081 -1.7316 -129.9868,
		 -30.1081 -1.7332 -129.9858,
		 -30.1081 -1.7332 -130.4799,
		 -30.1081 -1.7316 -130.4794,
		 -30.1081 -1.7316 -130.2841,
		 -30.1081 -1.7332 -130.2976,
		 -30.1081 -1.7316 -130.8062,
		 -30.1081 -1.7316 -130.6638,
		 -30.1081 -1.7323 -130.6646,
		 -30.1081 -1.7225 -129.7401,
		 -30.1081 -1.7316 -129.7461,
		 -30.1081 -1.7316 -129.7944,
		 -30.1081 -1.7225 -129.7841,
		 -30.1081 -1.7316 -130.2046,
		 -30.1081 -1.7225 -130.2084,
		 -30.1081 -1.7225 -129.9925,
		 -30.1081 -1.7316 -129.9868,
		 -30.1081 -1.7031 -129.7273,
		 -30.1081 -1.7225 -129.7401,
		 -30.1081 -1.7225 -129.7841,
		 -30.1081 -1.7031 -129.7622,
		 -30.1081 -1.7225 -130.4765,
		 -30.1081 -1.7031 -130.4701,
		 -30.1081 -1.7031 -130.0048,
		 -30.1081 -1.7225 -129.9925,
		 -30.1081 -1.7316 -130.4794,
		 -30.1081 -1.7316 -130.2841,
		 -30.1081 -1.7316 -130.8140,
		 -30.1081 -1.7031 -130.8359,
		 -30.1081 -1.7031 -130.6313,
		 -30.1081 -1.7316 -130.6638,
		 -30.1081 -1.7018 -129.7264,
		 -30.1081 -1.7031 -129.7622,
		 -30.1081 -1.7018 -129.7607,
		 -30.1081 -1.7018 -130.2004,
		 -30.1081 -1.7018 -130.0057,
		 -30.1081 -1.7031 -130.0048,
		 -30.1081 -1.6953 -129.7221,
		 -30.1081 -1.7018 -129.7607,
		 -30.1081 -1.6479 -129.6907,
		 -30.1081 -1.6479 -129.8438,
		 -30.1081 -1.6635 -130.1048,
		 -30.1081 -1.6479 -130.0659,
		 -30.1081 -1.6479 -130.0142,
		 -30.1081 -1.7018 -130.0057,
		 -30.1081 -1.5896 -129.6521,
		 -30.1081 -1.6479 -129.8438,
		 -30.1081 -1.5896 -130.0053,
		 -30.1081 -1.5497 -129.6413,
		 -30.1081 -1.5896 -129.6521,
		 -30.1081 -1.6479 -130.0142,
		 -30.1081 -1.5011 -129.6328,
		 -30.1081 -1.5011 -129.9429,
		 -30.1081 -1.4221 -129.6190,
		 -30.1081 -1.4221 -129.6693,
		 -30.1081 -1.4360 -129.9151,
		 -30.1081 -1.4221 -129.9091,
		 -30.1081 -1.4221 -129.8836,
		 -30.1081 -1.5011 -129.9429,
		 -30.1081 -1.2845 -129.6174,
		 -30.1081 -1.4221 -129.6693,
		 -30.1081 -1.2845 -129.6643,
		 -30.1081 -1.3152 -129.9102,
		 -30.1081 -1.2845 -129.9105,
		 -30.1081 -1.2845 -129.6830,
		 -30.1081 -1.4221 -129.8836,
		 -30.1081 -1.2816 -129.6182,
		 -30.1081 -1.2845 -129.6643,
		 -30.1081 -1.2816 -129.9119,
		 -30.1081 -1.2293 -129.9355,
		 -30.1081 -1.2293 -129.6313,
		 -30.1081 -1.2816 -129.6182,
		 -30.1081 -1.2845 -129.6830,
		 -30.1081 -1.2680 -130.6350,
		 -30.1081 -1.2914 -130.9434,
		 -30.1081 -1.2680 -130.9393,
		 -30.1081 -1.2293 -130.6184,
		 -30.1081 -1.2293 -130.6562,
		 -30.1081 -1.2487 -130.9359,
		 -30.1081 -1.2293 -130.9325,
		 -30.1081 -1.2293 -130.8926,
		 -30.1081 -1.2680 -130.9393,
		 -30.1081 -1.4113 -130.6438,
		 -30.1081 -1.4289 -130.6436,
		 -30.1081 -1.4289 -130.6793,
		 -30.1081 -1.4113 -130.9512,
		 -30.1081 -1.4113 -130.6438,
		 -30.1081 -1.4253 -130.9477,
		 -30.1081 -1.4289 -130.9468,
		 -30.1081 -1.4289 -130.9039,
		 -30.1081 -1.5080 -130.6078,
		 -30.1081 -1.5555 -130.5863,
		 -30.1081 -1.5555 -130.7249,
		 -30.1081 -1.4289 -130.6793,
		 -30.1081 -1.5555 -130.9151,
		 -30.1081 -1.4289 -130.9039,
		 -30.1081 -1.5555 -130.8646,
		 -30.1081 -1.6407 -130.4940,
		 -30.1081 -1.6517 -130.5408,
		 -30.1081 -1.6407 -130.8838,
		 -30.1081 -1.6294 -130.8925,
		 -30.1081 -1.6294 -130.5063,
		 -30.1081 -1.6407 -130.4940,
		 -30.1081 -1.6517 -130.8753,
		 -30.1081 -1.6517 -130.5725,
		 -30.1081 -1.5555 -130.7249,
		 -30.1081 -1.6294 -130.8925,
		 -30.1081 -1.5555 -130.8646,
		 -30.1081 -1.6945 -130.3692,
		 -30.1081 -1.7031 -130.4701,
		 -30.1081 -1.6517 -130.5408,
		 -30.1081 -1.7031 -130.8359,
		 -30.1081 -1.6517 -130.8753,
		 -30.1081 -1.6517 -130.5725,
		 -30.1081 -1.7031 -130.6313,
		 -30.1081 -1.8406 -130.7130,
		 -30.1081 -1.9525 -130.5202,
		 -30.1081 -1.9634 -130.4512,
		 -30.1081 -1.0847 -129.6736,
		 -30.1081 -0.8963 -129.8182,
		 -30.1081 -0.7992 -129.9846,
		 -30.1081 -0.7285 -130.3212,
		 -30.1081 -0.7285 -130.2811,
		 -30.1081 -0.7285 -130.2811,
		 -30.1081 -0.7430 -130.3872,
		 -30.1081 -1.0654 -130.8693,
		 -30.1081 -0.9130 -130.7578,
		 -30.1081 -1.2084 -130.9288,
		 -30.1081 -1.2293 -129.9355,
		 -30.1081 -1.2243 -129.9378,
		 -30.1081 -1.2133 -130.6116,
		 -30.1081 -1.2133 -130.6501,
		 -30.1081 -1.2126 -130.6499,
		 -30.1081 -1.2088 -130.9289,
		 -30.1081 -1.2088 -130.8835,
		 -30.1081 -1.2133 -130.9297,
		 -30.1081 -1.2088 -130.8835,
		 -30.1081 -1.2133 -130.8855,
		 -30.1081 -1.2133 -130.6116,
		 -30.1081 -1.2293 -130.6184,
		 -30.1081 -1.2293 -130.6562,
		 -30.1081 -1.2133 -130.6501,
		 -30.1081 -1.2293 -130.9325,
		 -30.1081 -1.2133 -130.8855,
		 -30.1081 -1.2293 -130.8926,
		 -30.1081 -1.2243 -129.6331,
		 -30.1081 -1.2243 -129.9378,
		 -30.1081 -1.1782 -129.6465,
		 -30.1081 -1.2243 -129.9378,
		 -30.1081 -1.1782 -129.9586,
		 -30.1081 -1.1580 -129.6523,
		 -30.1081 -1.1580 -129.8662,
		 -30.1081 -1.1782 -129.9586,
		 -30.1081 -1.1580 -129.9436,
		 -30.1081 -1.1117 -129.6658,
		 -30.1081 -1.1580 -129.6523,
		 -30.1081 -1.1580 -129.8662,
		 -30.1081 -1.0617 -129.6934,
		 -30.1081 -1.0617 -129.7540,
		 -30.1081 -1.0938 -130.0374,
		 -30.1081 -1.0617 -130.0721,
		 -30.1081 -1.0617 -129.9603,
		 -30.1081 -1.1580 -129.9436,
		 -30.1081 -1.0103 -129.7376,
		 -30.1081 -1.0617 -129.7540,
		 -30.1081 -1.0103 -129.7871,
		 -30.1081 -1.0103 -130.2076,
		 -30.1081 -1.0103 -129.9125,
		 -30.1081 -1.0617 -129.9603,
		 -30.1081 -1.0048 -129.7423,
		 -30.1081 -1.0103 -129.7376,
		 -30.1081 -1.0103 -129.7871,
		 -30.1081 -1.0048 -129.7907,
		 -30.1081 -1.0103 -130.4464,
		 -30.1081 -1.0048 -130.4367,
		 -30.1081 -1.0048 -129.9074,
		 -30.1081 -1.0103 -129.9125,
		 -30.1081 -0.9932 -129.7523,
		 -30.1081 -1.0048 -129.7907,
		 -30.1081 -0.9932 -129.7981,
		 -30.1081 -0.9932 -130.4402,
		 -30.1081 -0.9932 -129.8966,
		 -30.1081 -1.0048 -129.9074,
		 -30.1081 -1.0103 -130.8215,
		 -30.1081 -0.9932 -130.8103,
		 -30.1081 -0.9932 -130.6008,
		 -30.1081 -1.0103 -130.5820,
		 -30.1081 -0.9306 -129.8062,
		 -30.1081 -0.9932 -129.7981,
		 -30.1081 -0.9306 -130.1210,
		 -30.1081 -0.8028 -129.9791,
		 -30.1081 -0.9306 -129.8062,
		 -30.1081 -0.9932 -129.8966,
		 -30.1081 -0.7632 -130.0398,
		 -30.1081 -0.7632 -130.5353,
		 -30.1081 -0.7632 -130.0398,
		 -30.1081 -0.8058 -130.2797,
		 -30.1081 -0.9795 -130.2574,
		 -30.1081 -0.9795 -130.4443,
		 -30.1081 -0.8058 -130.6066,
		 -30.1081 -0.8058 -130.2797,
		 -30.1081 -0.9065 -130.7536,
		 -30.1081 -0.9795 -130.8013,
		 -30.1081 -0.9795 -130.6159,
		 -30.1081 -0.9932 -130.1494,
		 -30.1081 -0.9932 -130.4402,
		 -30.1081 -0.9795 -130.4443,
		 -30.1081 -0.9932 -130.8103,
		 -30.1081 -0.9795 -130.6159,
		 -30.1081 -0.9932 -130.6008,
		 -30.1081 -1.0117 -130.3537,
		 -30.1081 -1.0117 -130.4488,
		 -30.1081 -1.0103 -130.4464,
		 -30.1081 -1.0117 -130.8224,
		 -30.1081 -1.0103 -130.5820,
		 -30.1081 -1.0117 -130.5805,
		 -30.1081 -1.0580 -130.4693,
		 -30.1081 -1.0656 -130.4882,
		 -30.1081 -1.0656 -130.7944,
		 -30.1081 -1.0580 -130.8058,
		 -30.1081 -1.0656 -130.8576,
		 -30.1081 -1.0580 -130.8528,
		 -30.1081 -1.0580 -130.8164,
		 -30.1081 -1.0656 -130.8198,
		 -30.1081 -1.0117 -130.4488,
		 -30.1081 -1.0526 -130.5357,
		 -30.1081 -1.0580 -130.5297,
		 -30.1081 -1.0580 -130.8058,
		 -30.1081 -1.0526 -130.8492,
		 -30.1081 -1.0117 -130.5805,
		 -30.1081 -1.0526 -130.5357,
		 -30.1081 -1.0580 -130.8528,
		 -30.1081 -1.0580 -130.8164,
		 -30.1081 -1.1638 -130.5904,
		 -30.1081 -1.1638 -130.6460,
		 -30.1081 -1.0656 -130.7944,
		 -30.1081 -1.1638 -130.8944,
		 -30.1081 -1.0656 -130.8198,
		 -30.1081 -1.1638 -130.8635,
		 -30.1081 -1.2126 -130.6113,
		 -30.1081 -1.2133 -130.6116,
		 -30.1081 -1.2126 -130.6499,
		 -30.1081 -1.1716 -130.5938,
		 -30.1081 -1.2126 -130.6499,
		 -30.1081 -1.1638 -130.6460,
		 -30.1081 -1.1638 -130.8635,
		 -30.1081 -1.2088 -130.8835,
		 -30.1081 -1.9398 -130.0073,
		 -30.1081 -1.9398 -130.5444,
		 -30.1081 -1.9241 -129.9823,
		 -30.1081 -1.9023 -129.9475,
		 -30.1081 -1.9023 -130.1317,
		 -30.1081 -1.9398 -130.5444,
		 -30.1081 -1.9023 -130.6083,
		 -30.1081 -1.9023 -130.3416,
		 -30.1081 -1.8406 -129.8508,
		 -30.1081 -1.9023 -130.1317,
		 -30.1081 -1.8406 -130.1581,
		 -30.1081 -1.7365 -129.8000,
		 -30.1081 -1.7356 -130.2028,
		 -30.1081 -1.7346 -130.2033,
		 -30.1081 -1.7356 -129.9842,
		 -30.1081 -1.8406 -130.1581,
		 -30.1081 -1.7356 -129.9842,
		 -30.1081 -1.7341 -130.4802,
		 -30.1081 -1.7332 -130.4799,
		 -30.1081 -1.7341 -130.3048,
		 -30.1081 -1.7354 -130.4807,
		 -30.1081 -1.7341 -130.3048,
		 -30.1081 -1.9023 -130.3416,
		 -30.1081 -1.7323 -130.8056,
		 -30.1081 -1.7323 -130.6646,
		 -30.1081 -1.7812 -130.7637,
		 -30.1081 -1.7323 -130.6646,
		 -30.1081 -1.9023 -130.6083,
		 -30.1081 -1.6885 -130.1673,
		 -30.1081 -1.6885 -130.3851,
		 -30.1081 -1.6740 -130.1310,
		 -30.1081 -1.6120 -130.0286,
		 -30.1081 -1.5121 -129.9476,
		 -30.1081 -1.3895 -129.9094,
		 -30.1081 -1.2627 -129.9204,
		 -30.1081 -1.2117 -129.9435,
		 -30.1081 -1.2117 -129.9829,
		 -30.1081 -1.2028 -129.9475,
		 -30.1081 -1.2028 -129.9881,
		 -30.1081 -1.2028 -129.9881,
		 -30.1081 -1.1512 -129.9752,
		 -30.1081 -1.2028 -129.9475,
		 -30.1081 -1.0718 -130.0611,
		 -30.1081 -1.0368 -130.1380,
		 -30.1081 -1.0368 -130.4162,
		 -30.1081 -1.0368 -130.1380,
		 -30.1081 -1.0513 -130.4525,
		 -30.1081 -1.1132 -130.5378,
		 -30.1081 -1.2131 -130.6115,
		 -30.1081 -1.3358 -130.6446,
		 -30.1081 -1.4625 -130.6284,
		 -30.1081 -1.5741 -130.5662,
		 -30.1081 -1.6534 -130.4776,
		 -30.1081 -1.6885 -130.3851,
		 -30.1081 -1.4795 -129.9647,
		 -30.1081 -1.4795 -130.6043,
		 -30.1081 -1.4541 -129.9570,
		 -30.1081 -1.3717 -129.9395,
		 -30.1081 -1.2806 -129.9506,
		 -30.1081 -1.2342 -129.9696,
		 -30.1081 -1.2342 -130.5988,
		 -30.1081 -1.2117 -130.5912,
		 -30.1081 -1.2117 -129.9829,
		 -30.1081 -1.2342 -129.9696,
		 -30.1081 -1.2596 -130.6066,
		 -30.1081 -1.3420 -130.6289,
		 -30.1081 -1.4331 -130.6178,
		 -30.1081 -1.4795 -130.6043,
		 -30.1081 -1.1450 -130.0269,
		 -30.1081 -1.2028 -129.9881,
		 -30.1081 -1.0711 -130.1274,
		 -30.1081 -1.0505 -130.2038,
		 -30.1081 -1.0505 -130.3826,
		 -30.1081 -1.0505 -130.2038,
		 -30.1081 -1.0902 -130.4641,
		 -30.1081 -1.1961 -130.5780,
		 -30.1081 -1.2117 -130.5912,
		 -30.1081 -1.2117 -129.9829
		]
	} #Coordinate3
	Material {
		ambientColor      0.0255 0.0255 0.0255  #ambientColor
		diffuseColor      0.1020 0.1020 0.1020  #diffuseColor
		transparency      0.0000                #transparency
	} #Material

	IndexedFaceSet {
		coordIndex [ 
		 45, 13, 14, 0, 1, 46,-1,
		 47, 48, 46, 49,-1,
		 50, 47, 49, 51,-1,
		 52, 50, 51, 2, 53,-1,
		 54, 52, 53, 55,-1,
		 56, 54, 55, 3, 57,-1,
		 58, 56, 57, 4, 59,-1,
		 60, 58, 59, 61,-1,
		 62, 60, 61, 63,-1,
		 64, 5, 6, 7, 8, 9, 65,-1,
		 66, 62, 65, 67,-1,
		 68, 66, 67, 69,-1,
		 70, 68, 69, 10, 71,-1,
		 72, 70, 71, 73,-1,
		 74, 72, 73, 11, 75,-1,
		 76, 74, 75, 12, 77,-1,
		 78, 76, 77, 79,-1,
		 48, 78, 79, 80,-1,
		]
	} #IndexedFaceSet
	Material {
		ambientColor      0.0000 0.0000 0.0000  #ambientColor
		diffuseColor      0.0000 0.0000 0.0000  #diffuseColor
		transparency      0.0000                #transparency
	} #Material

	IndexedFaceSet {
		coordIndex [ 
		 81, 48, 82,-1,
		 83, 84, 82, 47, 85,-1,
		 86, 83, 85, 50, 87,-1,
		 88, 86, 87, 52, 89,-1,
		 90, 88, 89, 54, 91,-1,
		 92, 90, 91, 56, 93,-1,
		 94, 92, 93, 95,-1,
		 96, 94, 95, 58, 97,-1,
		 98, 96, 97, 60, 99,-1,
		 100, 62, 66, 101,-1,
		 102, 98, 101, 103,-1,
		 104, 102, 103, 68, 105,-1,
		 106, 104, 105, 70, 107,-1,
		 108, 106, 107, 72, 109,-1,
		 110, 108, 109, 74, 111,-1,
		 112, 110, 111, 113,-1,
		 114, 112, 113, 76, 115,-1,
		 84, 114, 115, 78, 116,-1,
		]
	} #IndexedFaceSet
	Material {
		ambientColor      0.2500 0.2500 0.2500  #ambientColor
		diffuseColor      1.0000 1.0000 1.0000  #diffuseColor
		transparency      0.0000                #transparency
	} #Material

	IndexedFaceSet {
		coordIndex [ 
		 117, 114, 84, 83, 118,-1,
		 119, 120, 118, 121,-1,
		 122, 119, 121, 86, 123,-1,
		 124, 122, 123, 88, 125,-1,
		 126, 124, 125, 90, 127,-1,
		 128, 126, 127, 129,-1,
		 130, 128, 129, 92, 131,-1,
		 132, 130, 131, 94, 133,-1,
		 134, 132, 133, 135,-1,
		 136, 96, 98, 102, 137,-1,
		 138, 134, 137, 139,-1,
		 140, 138, 139, 104, 141,-1,
		 142, 140, 141, 106, 143,-1,
		 144, 142, 143, 145,-1,
		 146, 144, 145, 108, 147,-1,
		 148, 146, 147, 110, 149,-1,
		 150, 148, 149, 112, 151,-1,
		 120, 150, 151, 152,-1,
		]
	} #IndexedFaceSet
	Material {
		ambientColor      0.1863 0.1863 0.1863  #ambientColor
		diffuseColor      0.7451 0.7451 0.7451  #diffuseColor
		transparency      0.0000                #transparency
	} #Material

	IndexedFaceSet {
		coordIndex [ 
		 153, 150, 120, 154,-1,
		 155, 156, 154, 119, 157,-1,
		 158, 159, 157, 160,-1,
		 161, 158, 160, 162,-1,
		 163, 164, 165, 166,-1,
		 167, 165, 164, 168,-1,
		 169, 170, 168, 171,-1,
		 172, 169, 171, 122, 173,-1,
		 174, 175, 176, 177,-1,
		 178, 176, 175, 124, 179,-1,
		 180, 178, 179, 126, 181,-1,
		 182, 180, 181, 183,-1,
		 184, 182, 183, 128, 185,-1,
		 186, 184, 185, 130, 187,-1,
		 188, 189, 187, 190,-1,
		 191, 192, 190, 193,-1,
		 194, 191, 193, 132, 195,-1,
		 196, 197, 198, 199,-1,
		 200, 194, 199,-1,
		 201, 134, 202,-1,
		 203, 198, 202, 138, 204,-1,
		 205, 206, 204, 207,-1,
		 208, 205, 207, 209,-1,
		 210, 211, 212, 213,-1,
		 214, 215, 209, 140, 216,-1,
		 217, 214, 216, 218,-1,
		 219, 212, 211, 142, 220,-1,
		 221, 219, 220, 144, 222,-1,
		 223, 221, 222, 224,-1,
		 225, 223, 224, 146, 226,-1,
		 227, 228, 229, 230,-1,
		 231, 225, 226, 232,-1,
		 233, 234, 232, 235,-1,
		 236, 233, 235, 148, 237,-1,
		 238, 236, 237, 239,-1,
		 240, 241, 156, 242,-1,
		 243, 244, 242,-1,
		 245, 229, 228, 246,-1,
		 244, 247, 246, 248,-1,
		]
	} #IndexedFaceSet
	Material {
		ambientColor      0.2500 0.2500 0.2500  #ambientColor
		diffuseColor      1.0000 1.0000 1.0000  #diffuseColor
		transparency      0.0000                #transparency
	} #Material

	IndexedFaceSet {
		coordIndex [ 
		 249, 156, 250,-1,
		 251, 252, 250,-1,
		 253, 254, 165,-1,
		 255, 256, 176, 257,-1,
		 258, 255, 257, 259,-1,
		 260, 261, 259, 262,-1,
		 263, 264, 265,-1,
		 266, 267, 262, 268,-1,
		 269, 270, 271, 272,-1,
		 273, 274, 275,-1,
		 276, 277, 268, 278,-1,
		 279, 280, 281, 282,-1,
		 283, 284, 285, 286,-1,
		 287, 288, 289,-1,
		 290, 291, 292, 293,-1,
		 294, 295, 296, 297,-1,
		 298, 299, 300, 301,-1,
		 302, 303, 304, 305,-1,
		 306, 307, 305, 308,-1,
		 309, 310, 311, 312,-1,
		 313, 314, 301, 315,-1,
		 316, 317, 318, 319,-1,
		 320, 321, 315, 322,-1,
		 323, 320, 322, 324,-1,
		 325, 326, 327, 328,-1,
		 329, 325, 328, 330,-1,
		 331, 332, 324, 333,-1,
		 334, 178, 335, 336, 337,-1,
		 338, 331, 337, 339,-1,
		 340, 336, 335, 341,-1,
		 342, 343, 341, 344,-1,
		 345, 346, 347, 348,-1,
		 343, 345, 348, 349,-1,
		 350, 351, 344, 180, 352,-1,
		 353, 354, 355, 356,-1,
		 357, 353, 356, 358,-1,
		 359, 360, 352, 361,-1,
		 362, 363, 364, 365,-1,
		 366, 359, 365, 367,-1,
		 368, 369, 370, 371,-1,
		 372, 373, 371, 374,-1,
		 375, 376, 377, 378,-1,
		 373, 375, 378, 379,-1,
		 380, 381, 382, 383,-1,
		 384, 370, 369, 221, 385,-1,
		 386, 380, 385, 387,-1,
		 388, 386, 387, 389,-1,
		 390, 391, 392, 393,-1,
		 394, 390, 393, 395,-1,
		 396, 397, 389, 398,-1,
		 399, 400, 401, 402,-1,
		 403, 404, 405, 406,-1,
		 407, 399, 406, 408,-1,
		 409, 410, 404, 411,-1,
		 410, 412, 398, 223, 413,-1,
		 414, 415, 319, 416,-1,
		 417, 414, 416, 401,-1,
		 418, 419, 420, 421,-1,
		 422, 423, 312, 225,-1,
		 424, 425, 229,-1,
		 426, 427, 363, 182, 428,-1,
		 429, 426, 428, 430,-1,
		 431, 429, 430, 184,-1,
		 432, 198, 433,-1,
		 434, 435, 433,-1,
		 436, 437, 212, 438,-1,
		 439, 436, 438, 219, 440,-1,
		 441, 442, 427,-1,
		 443, 444, 445,-1,
		 446, 439, 440, 447,-1,
		 448, 449, 447, 450,-1,
		 451, 452, 453, 454,-1,
		 455, 456, 450, 457,-1,
		]
	} #IndexedFaceSet
	Material {
		ambientColor      0.1794 0.2225 0.2500  #ambientColor
		diffuseColor      0.7176 0.8902 1.0000  #diffuseColor
		transparency      0.0000                #transparency
	} #Material

	IndexedFaceSet {
		coordIndex [ 
		 458, 427, 459,-1,
		 460, 461, 459, 462,-1,
		 463, 464, 462, 465,-1,
		 464, 466, 467, 468,-1,
		 469, 470, 471, 472,-1,
		 473, 469, 472, 426, 474,-1,
		 475, 476, 477, 478,-1,
		 479, 475, 478, 467,-1,
		 480, 481, 474, 482,-1,
		 483, 484, 485, 486,-1,
		 487, 488, 489, 490,-1,
		 491, 492, 493, 494,-1,
		 495, 496, 490, 497,-1,
		 498, 499, 500, 501,-1,
		 502, 503, 504, 505,-1,
		 506, 507, 497, 508,-1,
		 509, 429, 510, 511, 512,-1,
		 513, 506, 512, 514,-1,
		 515, 511, 510, 516,-1,
		 517, 191, 194, 518,-1,
		 519, 520, 521, 522,-1,
		 523, 515, 518, 205, 524,-1,
		 525, 519, 524, 214, 526,-1,
		 527, 525, 526, 528,-1,
		 529, 530, 531, 532,-1,
		 533, 534, 528, 535,-1,
		 536, 537, 538, 539,-1,
		 540, 541, 505, 542,-1,
		 543, 544, 545, 546,-1,
		 547, 548, 549, 436, 550,-1,
		 551, 552, 546, 553,-1,
		 554, 555, 556, 557,-1,
		 558, 559, 542, 560,-1,
		 561, 554, 560, 562,-1,
		 563, 564, 565, 566,-1,
		 567, 568, 550, 569,-1,
		 570, 571, 572,-1,
		 573, 574, 572, 575,-1,
		 576, 573, 575, 577,-1,
		 578, 579, 569, 439,-1,
		]
	} #IndexedFaceSet
	Material {
		ambientColor      0.1863 0.1863 0.1863  #ambientColor
		diffuseColor      0.7451 0.7451 0.7451  #diffuseColor
		transparency      0.0000                #transparency
	} #Material

	IndexedFaceSet {
		coordIndex [ 
		 580, 236, 244, 158, 581,-1,
		 582, 583, 581, 584,-1,
		 585, 582, 584, 586,-1,
		 583, 587, 588, 589,-1,
		 590, 591, 586, 169, 592,-1,
		 593, 594, 592, 255,-1,
		 595, 596, 597,-1,
		 594, 598, 597, 599,-1,
		 600, 601, 602,-1,
		 603, 604, 602, 605,-1,
		 606, 603, 605, 607,-1,
		 608, 423, 609,-1,
		 610, 611, 609, 612,-1,
		 607, 610, 612, 233, 613,-1,
		 614, 319, 330, 615,-1,
		 616, 617, 615, 618,-1,
		 619, 616, 618, 339, 620,-1,
		 621, 619, 620, 336, 622,-1,
		 623, 621, 622, 358, 624,-1,
		 625, 623, 624, 367, 626,-1,
		 627, 625, 626, 628,-1,
		 629, 630, 628, 631,-1,
		 632, 467, 633, 634, 635,-1,
		 636, 634, 633, 637,-1,
		 638, 636, 637, 486, 639,-1,
		 640, 539, 553, 641,-1,
		 642, 638, 641, 643,-1,
		 644, 642, 643, 566, 645,-1,
		 646, 644, 645, 577, 647,-1,
		 648, 646, 647, 370, 649,-1,
		 650, 648, 649, 395, 651,-1,
		 652, 650, 651, 411, 653,-1,
		 654, 652, 653, 401, 655,-1,
		 617, 654, 655, 656,-1,
		]
	} #IndexedFaceSet
	Material {
		ambientColor      0.2500 0.2500 0.2500  #ambientColor
		diffuseColor      1.0000 1.0000 1.0000  #diffuseColor
		transparency      0.0000                #transparency
	} #Material

	IndexedFaceSet {
		coordIndex [ 
		 657, 652, 654, 617, 616, 619, 621, 658,-1,
		 659, 660, 658, 661,-1,
		 662, 659, 661, 623, 663,-1,
		 664, 662, 663, 665,-1,
		 666, 664, 665, 625, 667,-1,
		 668, 669, 670, 646, 671,-1,
		 672, 666, 671, 673,-1,
		 674, 672, 673, 648, 675,-1,
		 676, 674, 675, 677,-1,
		 660, 676, 677, 650, 678,-1,
		 679, 680, 634, 681,-1,
		 682, 679, 681, 636, 683,-1,
		 684, 682, 683, 685,-1,
		 686, 638, 687,-1,
		 688, 684, 687, 642, 689,-1,
		 690, 688, 689, 644, 691,-1,
		 692, 690, 691, 693,-1,
		]
	} #IndexedFaceSet
	Material {
		ambientColor      0.1794 0.2225 0.2500  #ambientColor
		diffuseColor      0.7176 0.8902 1.0000  #diffuseColor
		transparency      0.0000                #transparency
	} #Material

	IndexedFaceSet {
		coordIndex [ 
		 630, 679, 682, 684, 688, 690,-1,
		]
	} #IndexedFaceSet
	Material {
		ambientColor      0.0108 0.0618 0.0902  #ambientColor
		diffuseColor      0.0431 0.2471 0.3608  #diffuseColor
		transparency      0.0000                #transparency
	} #Material

	IndexedFaceSet {
		coordIndex [ 
		 660, 659, 662, 664, 666, 672, 674, 676,-1,
		]
	} #IndexedFaceSet
	Material {
		ambientColor      0.0637 0.0637 0.0637  #ambientColor
		diffuseColor      0.2549 0.2549 0.2549  #diffuseColor
		transparency      0.0000                #transparency
	} #Material

	IndexedFaceSet {
		coordIndex [ 
		 511, 515, 532, 514,-1,
		 519, 525, 552, 501,-1,
		 554, 375, 373, 573,-1,
		 386, 410, 390, 380,-1,
		 610, 607, 414, 399,-1,
		 583, 582, 307, 603,-1,
		 594, 320, 331, 325,-1,
		 343, 359, 353, 345,-1,
		 469, 506, 475, 464,-1,
		]
	} #IndexedFaceSet
	Material {
		ambientColor      0.0255 0.0255 0.0255  #ambientColor
		diffuseColor      0.1020 0.1020 0.1020  #diffuseColor
		transparency      0.0000                #transparency
	} #Material

	IndexedFaceSet {
		coordIndex [ 
		 694, 1, 0, 14, 13, 695,-1,
		 696, 694, 48, 47,-1,
		 697, 696, 47, 50,-1,
		 698, 2, 697, 50, 52,-1,
		 699, 698, 52, 54,-1,
		 700, 3, 699, 54, 56,-1,
		 701, 4, 700, 56, 58,-1,
		 702, 701, 58, 60,-1,
		 703, 702, 60, 62,-1,
		 704, 9, 8, 7, 6, 5, 705,-1,
		 706, 704, 62, 66,-1,
		 707, 706, 66, 68,-1,
		 708, 10, 707, 68, 70,-1,
		 709, 708, 70, 72,-1,
		 710, 11, 709, 72, 74,-1,
		 711, 12, 710, 74, 76,-1,
		 712, 711, 76, 78,-1,
		 713, 712, 78, 48,-1,
		]
	} #IndexedFaceSet
	Material {
		ambientColor      0.0000 0.0000 0.0000  #ambientColor
		diffuseColor      0.0000 0.0000 0.0000  #diffuseColor
		transparency      0.0000                #transparency
	} #Material

	IndexedFaceSet {
		coordIndex [ 
		 714, 48, 715,-1,
		 716, 47, 714, 84, 83,-1,
		 717, 50, 716, 83, 86,-1,
		 718, 52, 717, 86, 88,-1,
		 719, 54, 718, 88, 90,-1,
		 720, 56, 719, 90, 92,-1,
		 721, 720, 92, 94,-1,
		 722, 58, 721, 94, 96,-1,
		 723, 60, 722, 96, 98,-1,
		 724, 66, 62, 725,-1,
		 726, 724, 98, 102,-1,
		 727, 68, 726, 102, 104,-1,
		 728, 70, 727, 104, 106,-1,
		 729, 72, 728, 106, 108,-1,
		 730, 74, 729, 108, 110,-1,
		 731, 730, 110, 112,-1,
		 732, 76, 731, 112, 114,-1,
		 733, 78, 732, 114, 84,-1,
		]
	} #IndexedFaceSet
	Material {
		ambientColor      0.2500 0.2500 0.2500  #ambientColor
		diffuseColor      1.0000 1.0000 1.0000  #diffuseColor
		transparency      0.0000                #transparency
	} #Material

	IndexedFaceSet {
		coordIndex [ 
		 734, 83, 84, 114, 735,-1,
		 736, 734, 120, 119,-1,
		 737, 86, 736, 119, 122,-1,
		 738, 88, 737, 122, 124,-1,
		 739, 90, 738, 124, 126,-1,
		 740, 739, 126, 128,-1,
		 741, 92, 740, 128, 130,-1,
		 742, 94, 741, 130, 132,-1,
		 743, 742, 132, 134,-1,
		 744, 102, 98, 96, 745,-1,
		 746, 744, 134, 138,-1,
		 747, 104, 746, 138, 140,-1,
		 748, 106, 747, 140, 142,-1,
		 749, 748, 142, 144,-1,
		 750, 108, 749, 144, 146,-1,
		 751, 110, 750, 146, 148,-1,
		 752, 112, 751, 148, 150,-1,
		 753, 752, 150, 120,-1,
		]
	} #IndexedFaceSet
	Material {
		ambientColor      0.1863 0.1863 0.1863  #ambientColor
		diffuseColor      0.7451 0.7451 0.7451  #diffuseColor
		transparency      0.0000                #transparency
	} #Material

	IndexedFaceSet {
		coordIndex [ 
		 754, 120, 150, 755,-1,
		 756, 119, 754, 156, 757,-1,
		 758, 756, 759, 158,-1,
		 760, 758, 158, 761,-1,
		 762, 165, 763, 764,-1,
		 765, 763, 165, 766,-1,
		 767, 765, 768, 169,-1,
		 769, 122, 767, 169, 770,-1,
		 771, 176, 772, 773,-1,
		 774, 124, 772, 176, 178,-1,
		 775, 126, 774, 178, 180,-1,
		 776, 775, 180, 182,-1,
		 777, 128, 776, 182, 184,-1,
		 778, 130, 777, 184, 779,-1,
		 780, 778, 781, 782,-1,
		 783, 780, 784, 191,-1,
		 785, 132, 783, 191, 194,-1,
		 786, 198, 787, 788,-1,
		 786, 194, 789,-1,
		 790, 134, 791,-1,
		 792, 138, 790, 198, 793,-1,
		 794, 792, 795, 205,-1,
		 796, 794, 205, 797,-1,
		 798, 212, 799, 800,-1,
		 801, 140, 796, 802, 214,-1,
		 803, 801, 214, 804,-1,
		 805, 142, 799, 212, 219,-1,
		 806, 144, 805, 219, 221,-1,
		 807, 806, 221, 223,-1,
		 808, 146, 807, 223, 225,-1,
		 809, 229, 810, 811,-1,
		 812, 808, 225, 813,-1,
		 814, 812, 815, 233,-1,
		 816, 148, 814, 233, 236,-1,
		 817, 816, 236, 818,-1,
		 819, 156, 820, 821,-1,
		 819, 244, 822,-1,
		 823, 810, 229, 824,-1,
		 825, 823, 826, 244,-1,
		]
	} #IndexedFaceSet
	Material {
		ambientColor      0.2500 0.2500 0.2500  #ambientColor
		diffuseColor      1.0000 1.0000 1.0000  #diffuseColor
		transparency      0.0000                #transparency
	} #Material

	IndexedFaceSet {
		coordIndex [ 
		 827, 156, 828,-1,
		 827, 829, 830,-1,
		 165, 831, 832,-1,
		 833, 176, 834, 255,-1,
		 835, 833, 255, 836,-1,
		 837, 835, 838, 839,-1,
		 840, 841, 842,-1,
		 843, 837, 844, 845,-1,
		 846, 847, 848, 849,-1,
		 850, 851, 852,-1,
		 853, 843, 854, 855,-1,
		 856, 857, 858, 859,-1,
		 860, 861, 862, 863,-1,
		 864, 865, 866,-1,
		 867, 868, 869, 870,-1,
		 871, 872, 873, 874,-1,
		 875, 876, 877, 878,-1,
		 879, 880, 881, 882,-1,
		 883, 879, 307, 884,-1,
		 885, 886, 887, 888,-1,
		 889, 875, 890, 891,-1,
		 319, 892, 893, 894,-1,
		 895, 889, 896, 320,-1,
		 897, 895, 320, 898,-1,
		 899, 900, 901, 325,-1,
		 330, 899, 325, 902,-1,
		 903, 897, 904, 331,-1,
		 905, 336, 906, 178, 907,-1,
		 339, 905, 331, 908,-1,
		 909, 906, 336, 910,-1,
		 911, 909, 343, 912,-1,
		 913, 914, 915, 345,-1,
		 916, 913, 345, 343,-1,
		 917, 180, 911, 918, 919,-1,
		 920, 921, 922, 353,-1,
		 358, 920, 353, 923,-1,
		 924, 917, 925, 359,-1,
		 926, 927, 928, 929,-1,
		 367, 926, 359, 930,-1,
		 931, 370, 932, 933,-1,
		 934, 931, 373, 935,-1,
		 936, 937, 938, 375,-1,
		 939, 936, 375, 373,-1,
		 940, 941, 942, 380,-1,
		 943, 221, 932, 370, 944,-1,
		 945, 943, 380, 386,-1,
		 946, 945, 386, 947,-1,
		 948, 949, 950, 390,-1,
		 395, 948, 390, 951,-1,
		 952, 946, 953, 954,-1,
		 955, 401, 956, 399,-1,
		 957, 958, 959, 960,-1,
		 961, 957, 399, 962,-1,
		 411, 959, 410, 963,-1,
		 964, 223, 952, 965, 410,-1,
		 966, 319, 967, 414,-1,
		 401, 966, 414, 968,-1,
		 969, 970, 971, 972,-1,
		 225, 885, 423, 973,-1,
		 229, 974, 975,-1,
		 976, 182, 928, 427, 426,-1,
		 977, 976, 426, 429,-1,
		 184, 977, 429, 978,-1,
		 979, 198, 980,-1,
		 979, 981, 982,-1,
		 983, 212, 984, 436,-1,
		 985, 219, 983, 436, 439,-1,
		 427, 986, 987,-1,
		 988, 989, 990,-1,
		 991, 985, 439, 992,-1,
		 993, 991, 994, 995,-1,
		 996, 997, 998, 999,-1,
		 1000, 993, 1001, 1002,-1,
		]
	} #IndexedFaceSet
	Material {
		ambientColor      0.1794 0.2225 0.2500  #ambientColor
		diffuseColor      0.7176 0.8902 1.0000  #diffuseColor
		transparency      0.0000                #transparency
	} #Material

	IndexedFaceSet {
		coordIndex [ 
		 1003, 427, 1004,-1,
		 1005, 1003, 1006, 1007,-1,
		 1008, 1005, 464, 1009,-1,
		 1010, 467, 1011, 464,-1,
		 1012, 1013, 1014, 469,-1,
		 1015, 426, 1012, 469, 1016,-1,
		 1017, 1018, 1019, 475,-1,
		 467, 1017, 475, 1020,-1,
		 1021, 1015, 1022, 1023,-1,
		 486, 1024, 1025, 1026,-1,
		 1027, 1028, 1029, 1030,-1,
		 1031, 1032, 1033, 1034,-1,
		 1035, 1027, 1036, 1037,-1,
		 501, 1038, 1039, 1040,-1,
		 1041, 1042, 1043, 1044,-1,
		 1045, 1035, 1046, 506,-1,
		 1047, 511, 1048, 429, 1049,-1,
		 514, 1047, 506, 1050,-1,
		 1051, 1048, 511, 515,-1,
		 1052, 194, 191, 1053,-1,
		 1054, 1055, 1056, 519,-1,
		 1057, 205, 1052, 515, 1058,-1,
		 1059, 214, 1057, 519, 525,-1,
		 1060, 1059, 525, 1061,-1,
		 532, 1062, 1063, 1064,-1,
		 1065, 1060, 1066, 1067,-1,
		 539, 1068, 1069, 1070,-1,
		 1071, 1041, 1072, 1073,-1,
		 1074, 1075, 1076, 1077,-1,
		 1078, 436, 1079, 1080, 1081,-1,
		 553, 1074, 552, 1082,-1,
		 1083, 1084, 1085, 554,-1,
		 1086, 1071, 1087, 1088,-1,
		 1089, 1086, 554, 1090,-1,
		 566, 1091, 1092, 1093,-1,
		 1094, 1078, 1095, 1096,-1,
		 1097, 1098, 1099,-1,
		 1100, 1097, 1101, 573,-1,
		 577, 1100, 573, 1102,-1,
		 439, 1094, 1103, 1104,-1,
		]
	} #IndexedFaceSet
	Material {
		ambientColor      0.1863 0.1863 0.1863  #ambientColor
		diffuseColor      0.7451 0.7451 0.7451  #diffuseColor
		transparency      0.0000                #transparency
	} #Material

	IndexedFaceSet {
		coordIndex [ 
		 1105, 158, 244, 236, 1106,-1,
		 1107, 1105, 583, 582,-1,
		 1108, 1107, 582, 1109,-1,
		 1110, 1111, 1112, 583,-1,
		 1113, 169, 1108, 1114, 1115,-1,
		 255, 1113, 594, 1116,-1,
		 1117, 1118, 1119,-1,
		 1120, 1117, 1121, 594,-1,
		 1122, 1123, 1124,-1,
		 1125, 1122, 1126, 603,-1,
		 607, 1125, 603, 1127,-1,
		 1128, 423, 1129,-1,
		 1130, 1128, 1131, 610,-1,
		 1132, 233, 1130, 610, 607,-1,
		 1133, 330, 319, 1134,-1,
		 1135, 1133, 617, 616,-1,
		 1136, 339, 1135, 616, 619,-1,
		 1137, 336, 1136, 619, 621,-1,
		 1138, 358, 1137, 621, 623,-1,
		 1139, 367, 1138, 623, 625,-1,
		 1140, 1139, 625, 1141,-1,
		 1142, 1140, 630, 1143,-1,
		 1144, 634, 1145, 467, 1146,-1,
		 1147, 1145, 634, 636,-1,
		 1148, 486, 1147, 636, 638,-1,
		 1149, 553, 539, 1150,-1,
		 1151, 1149, 638, 642,-1,
		 1152, 566, 1151, 642, 644,-1,
		 1153, 577, 1152, 644, 646,-1,
		 1154, 370, 1153, 646, 648,-1,
		 1155, 395, 1154, 648, 650,-1,
		 1156, 411, 1155, 650, 652,-1,
		 1157, 401, 1156, 652, 654,-1,
		 1158, 1157, 654, 617,-1,
		]
	} #IndexedFaceSet
	Material {
		ambientColor      0.2500 0.2500 0.2500  #ambientColor
		diffuseColor      1.0000 1.0000 1.0000  #diffuseColor
		transparency      0.0000                #transparency
	} #Material

	IndexedFaceSet {
		coordIndex [ 
		 1159, 621, 619, 616, 617, 654, 652, 1160,-1,
		 1161, 1159, 660, 659,-1,
		 1162, 623, 1161, 659, 662,-1,
		 1163, 1162, 662, 664,-1,
		 1164, 625, 1163, 664, 666,-1,
		 1165, 646, 1166, 1167, 1168,-1,
		 1169, 1165, 666, 672,-1,
		 1170, 648, 1169, 672, 674,-1,
		 1171, 1170, 674, 676,-1,
		 1172, 650, 1171, 676, 660,-1,
		 1173, 634, 1174, 679,-1,
		 1175, 636, 1173, 679, 682,-1,
		 1176, 1175, 682, 684,-1,
		 1177, 638, 1178,-1,
		 1179, 642, 1177, 684, 688,-1,
		 1180, 644, 1179, 688, 690,-1,
		 1181, 1180, 690, 1182,-1,
		]
	} #IndexedFaceSet
	Material {
		ambientColor      0.1794 0.2225 0.2500  #ambientColor
		diffuseColor      0.7176 0.8902 1.0000  #diffuseColor
		transparency      0.0000                #transparency
	} #Material

	IndexedFaceSet {
		coordIndex [ 
		 690, 688, 684, 682, 679, 630,-1,
		]
	} #IndexedFaceSet
	Material {
		ambientColor      0.0108 0.0618 0.0902  #ambientColor
		diffuseColor      0.0431 0.2471 0.3608  #diffuseColor
		transparency      0.0000                #transparency
	} #Material

	IndexedFaceSet {
		coordIndex [ 
		 676, 674, 672, 666, 664, 662, 659, 660,-1,
		]
	} #IndexedFaceSet
	Material {
		ambientColor      0.0637 0.0637 0.0637  #ambientColor
		diffuseColor      0.2549 0.2549 0.2549  #diffuseColor
		transparency      0.0000                #transparency
	} #Material

	IndexedFaceSet {
		coordIndex [ 
		 514, 532, 515, 511,-1,
		 501, 552, 525, 519,-1,
		 573, 373, 375, 554,-1,
		 380, 390, 410, 386,-1,
		 399, 414, 607, 610,-1,
		 603, 307, 582, 583,-1,
		 325, 331, 320, 594,-1,
		 345, 353, 359, 343,-1,
		 464, 475, 506, 469,-1,
		]
	} #IndexedFaceSet
	Material {
		ambientColor      0.0255 0.0255 0.0255  #ambientColor
		diffuseColor      0.1020 0.1020 0.1020  #diffuseColor
		transparency      0.0000                #transparency
	} #Material

	IndexedFaceSet {
		coordIndex [ 
		 0, 14, 30, 31,-1,
		 31, 30, 14, 0,-1,
		 1, 0, 31, 32,-1,
		 32, 31, 0, 1,-1,
		 2, 1, 32, 33,-1,
		 33, 32, 1, 2,-1,
		 3, 2, 33, 34,-1,
		 34, 33, 2, 3,-1,
		 4, 3, 34, 35,-1,
		 35, 34, 3, 4,-1,
		 5, 4, 35, 36,-1,
		 36, 35, 4, 5,-1,
		 6, 5, 36, 37,-1,
		 37, 36, 5, 6,-1,
		 7, 6, 37, 38,-1,
		 38, 37, 6, 7,-1,
		 8, 7, 38, 39,-1,
		 39, 38, 7, 8,-1,
		 9, 8, 39, 40,-1,
		 40, 39, 8, 9,-1,
		 10, 9, 40, 41,-1,
		 41, 40, 9, 10,-1,
		 11, 10, 41, 42,-1,
		 42, 41, 10, 11,-1,
		 12, 11, 42, 43,-1,
		 43, 42, 11, 12,-1,
		 13, 12, 43, 44,-1,
		 44, 43, 12, 13,-1,
		 14, 13, 44, 30,-1,
		 30, 44, 13, 14,-1,
		 31, 30, 44, 43, 42, 41, 40, 39, 38, 37, 36, 35, 34, 33, 32,-1,
		 32, 33, 34, 35, 36, 37, 38, 39, 40, 41, 42, 43, 44, 30, 31,-1,
		]
	} #IndexedFaceSet
} #Polyhedron
Separator { #Polyhedron
	DEF COORD43 Coordinate3 {
		point [
		 -36.9145 -2.3900 -130.7998,
		 -36.9145 -2.1436 -131.2027,
		 -36.9145 -1.7723 -131.4712,
		 -36.9145 -1.3102 -131.5509,
		 -36.9145 -0.8548 -131.4356,
		 -36.9145 -0.4753 -131.1429,
		 -36.9145 -0.2296 -130.7174,
		 -36.9145 -0.1499 -130.2362,
		 -36.9145 -0.2631 -129.7371,
		 -36.9145 -0.5371 -129.3317,
		 -36.9145 -0.9355 -129.0691,
		 -36.9145 -1.3968 -128.9840,
		 -36.9145 -1.8530 -129.1046,
		 -36.9145 -2.2325 -129.3973,
		 -36.9145 -2.4127 -129.8100,
		 -36.0129 -2.3853 -130.8133,
		 -36.0129 -2.1389 -131.2162,
		 -36.0129 -1.7676 -131.4847,
		 -36.0129 -1.3055 -131.5644,
		 -36.0129 -0.8501 -131.4491,
		 -36.0129 -0.4706 -131.1564,
		 -36.0129 -0.2249 -130.7308,
		 -36.0129 -0.1452 -130.2497,
		 -36.0129 -0.2584 -129.7506,
		 -36.0129 -0.5324 -129.3451,
		 -36.0129 -0.9308 -129.0826,
		 -36.0129 -1.3921 -128.9975,
		 -36.0129 -1.8483 -129.1181,
		 -36.0129 -2.2278 -129.4108,
		 -36.0129 -2.4080 -129.8235,
		 -36.4587 -2.4103 -129.8168,
		 -36.4600 -2.3876 -130.8066,
		 -36.5061 -2.1415 -131.2088,
		 -36.5767 -1.7705 -131.4762,
		 -36.6653 -1.3089 -131.5546,
		 -36.7533 -0.8539 -131.4380,
		 -36.8272 -0.4749 -131.1442,
		 -36.8758 -0.2294 -130.7179,
		 -36.8926 -0.1498 -130.2365,
		 -36.8724 -0.2629 -129.7377,
		 -36.8210 -0.5366 -129.3331,
		 -36.7452 -0.9346 -129.0716,
		 -36.6567 -1.3955 -128.9879,
		 -36.5686 -1.8512 -129.1098,
		 -36.4947 -2.2303 -129.4036,
		 -36.9145 -0.5408 -131.1935,
		 -36.9145 -0.5408 -129.3292,
		 -36.9145 -0.6019 -131.2406,
		 -36.9145 -0.5408 -130.2704,
		 -36.9145 -0.6019 -130.5996,
		 -36.9145 -0.7770 -131.3756,
		 -36.9145 -0.7770 -130.8789,
		 -36.9145 -1.0393 -131.4823,
		 -36.9145 -1.0393 -131.0657,
		 -36.9145 -1.3489 -131.5442,
		 -36.9145 -1.3489 -131.1317,
		 -36.9145 -1.6588 -131.4908,
		 -36.9145 -1.6588 -131.0668,
		 -36.9145 -1.9217 -131.3632,
		 -36.9145 -1.9217 -130.8809,
		 -36.9145 -2.0976 -131.2360,
		 -36.9145 -2.0976 -130.6022,
		 -36.9145 -2.1597 -131.1764,
		 -36.9145 -2.1597 -130.2733,
		 -36.9145 -2.1597 -129.3412,
		 -36.9145 -2.1597 -131.1764,
		 -36.9145 -2.0986 -129.2941,
		 -36.9145 -2.0986 -129.9441,
		 -36.9145 -1.9236 -129.1591,
		 -36.9145 -1.9236 -129.6648,
		 -36.9145 -1.6613 -129.0539,
		 -36.9145 -1.6613 -129.4780,
		 -36.9145 -1.3516 -128.9923,
		 -36.9145 -1.3516 -129.4120,
		 -36.9145 -1.0418 -129.0495,
		 -36.9145 -1.0418 -129.4769,
		 -36.9145 -0.7789 -129.1723,
		 -36.9145 -0.7789 -129.6628,
		 -36.9145 -0.6030 -129.2883,
		 -36.9145 -0.6030 -129.9415,
		 -36.9145 -0.5408 -129.3292,
		 -36.9145 -0.6044 -130.6035,
		 -36.9145 -0.6044 -129.9392,
		 -36.9145 -0.6467 -130.6710,
		 -36.9145 -0.6044 -130.2368,
		 -36.9145 -0.6467 -130.5474,
		 -36.9145 -0.7970 -130.8931,
		 -36.9145 -0.7970 -130.8169,
		 -36.9145 -1.0325 -131.0609,
		 -36.9145 -1.0325 -131.0045,
		 -36.9145 -1.3172 -131.1250,
		 -36.9145 -1.3172 -131.0815,
		 -36.9145 -1.6079 -131.0775,
		 -36.9145 -1.6079 -131.0363,
		 -36.9145 -1.8602 -130.9244,
		 -36.9145 -1.8602 -130.8756,
		 -36.9145 -2.0358 -130.7001,
		 -36.9145 -2.0358 -130.6240,
		 -36.9145 -2.1080 -130.5473,
		 -36.9145 -2.1080 -130.3198,
		 -36.9145 -2.1080 -129.9945,
		 -36.9145 -2.1080 -130.5473,
		 -36.9145 -2.0657 -129.8915,
		 -36.9145 -2.0657 -130.0093,
		 -36.9145 -1.9153 -129.6589,
		 -36.9145 -1.9153 -129.7397,
		 -36.9145 -1.6799 -129.4912,
		 -36.9145 -1.6799 -129.5521,
		 -36.9145 -1.3951 -129.4212,
		 -36.9145 -1.3951 -129.4751,
		 -36.9145 -1.1045 -129.4637,
		 -36.9145 -1.1045 -129.5204,
		 -36.9145 -0.8521 -129.6110,
		 -36.9145 -0.8521 -129.6810,
		 -36.9145 -0.6765 -129.8250,
		 -36.9145 -0.6765 -129.9326,
		 -36.9145 -0.6044 -129.9392,
		 -36.9145 -0.6757 -130.5995,
		 -36.9145 -0.6757 -129.9359,
		 -36.9145 -0.7131 -130.6665,
		 -36.9145 -0.6757 -130.2364,
		 -36.9145 -0.7131 -130.5168,
		 -36.9145 -0.8481 -130.8577,
		 -36.9145 -0.8481 -130.7607,
		 -36.9145 -1.0602 -131.0120,
		 -36.9145 -1.0602 -130.9307,
		 -36.9145 -1.3171 -131.0815,
		 -36.9145 -1.3171 -131.0011,
		 -36.9145 -1.5796 -131.0407,
		 -36.9145 -1.5796 -130.9611,
		 -36.9145 -1.8079 -130.9089,
		 -36.9145 -1.8079 -130.8168,
		 -36.9145 -1.9671 -130.7225,
		 -36.9145 -1.9671 -130.5902,
		 -36.9145 -2.0330 -130.6281,
		 -36.9145 -2.0330 -130.3158,
		 -36.9145 -2.0330 -129.9507,
		 -36.9145 -2.0330 -130.6281,
		 -36.9145 -1.9956 -129.8836,
		 -36.9145 -1.9956 -130.0353,
		 -36.9145 -1.8606 -129.6961,
		 -36.9145 -1.8606 -129.7914,
		 -36.9145 -1.6485 -129.5436,
		 -36.9145 -1.6485 -129.6214,
		 -36.9145 -1.3916 -129.4756,
		 -36.9145 -1.3916 -129.5510,
		 -36.9145 -1.1291 -129.5165,
		 -36.9145 -1.1291 -129.5910,
		 -36.9145 -0.9009 -129.6500,
		 -36.9145 -0.9009 -129.7353,
		 -36.9145 -0.7416 -129.8393,
		 -36.9145 -0.7416 -129.9619,
		 -36.9145 -0.6757 -129.9359,
		 -36.9145 -0.7196 -130.5286,
		 -36.9145 -0.7196 -130.0536,
		 -36.9145 -0.7209 -130.5310,
		 -36.9145 -0.7196 -130.2273,
		 -36.9145 -0.7209 -130.2381,
		 -36.9145 -0.7472 -130.5783,
		 -36.9145 -0.7209 -130.2601,
		 -36.9145 -0.7472 -130.4899,
		 -36.9145 -0.7511 -130.5855,
		 -36.9145 -0.7511 -130.4964,
		 -36.9145 -0.7209 -130.2381,
		 -36.9145 -0.7225 -130.2510,
		 -36.9145 -0.7834 -130.6439,
		 -36.9145 -0.7511 -130.4964,
		 -36.9145 -0.7834 -130.5499,
		 -36.9145 -0.7834 -130.5499,
		 -36.9145 -0.8742 -130.7191,
		 -36.9145 -0.8742 -130.7815,
		 -36.9145 -0.7834 -130.6439,
		 -36.9145 -1.0700 -130.9334,
		 -36.9145 -1.0700 -130.8807,
		 -36.9145 -1.3089 -130.9989,
		 -36.9145 -1.3089 -130.9500,
		 -36.9145 -1.5544 -130.9649,
		 -36.9145 -1.5544 -130.9163,
		 -36.9145 -1.7692 -130.8412,
		 -36.9145 -1.7692 -130.7848,
		 -36.9145 -1.8063 -130.8178,
		 -36.9145 -1.8063 -130.7336,
		 -36.9145 -1.8224 -130.7961,
		 -36.9145 -1.8063 -130.7336,
		 -36.9145 -1.8224 -130.7198,
		 -36.9145 -1.9108 -130.6703,
		 -36.9145 -1.9108 -130.5891,
		 -36.9145 -1.9108 -130.5891,
		 -36.9145 -1.9206 -130.5755,
		 -36.9145 -1.9206 -130.6563,
		 -36.9145 -1.9108 -130.6703,
		 -36.9145 -1.9210 -130.6558,
		 -36.9145 -1.9210 -130.5740,
		 -36.9145 -1.9329 -130.6388,
		 -36.9145 -1.9210 -130.5740,
		 -36.9145 -1.9329 -130.5563,
		 -36.9145 -1.9686 -130.5838,
		 -36.9145 -1.9686 -130.3866,
		 -36.9145 -1.9686 -130.3866,
		 -36.9145 -1.9855 -130.3203,
		 -36.9145 -1.9855 -130.5136,
		 -36.9145 -1.9686 -130.5838,
		 -36.9145 -1.9855 -130.0170,
		 -36.9145 -1.9855 -130.5136,
		 -36.9145 -1.9622 -130.1265,
		 -36.9145 -1.9540 -130.0580,
		 -36.9145 -1.9540 -129.9601,
		 -36.9145 -1.9622 -129.9750,
		 -36.9145 -1.9849 -130.3159,
		 -36.9145 -1.9844 -130.3114,
		 -36.9145 -1.9849 -130.3089,
		 -36.9145 -1.9849 -130.0160,
		 -36.9145 -1.9849 -130.3159,
		 -36.9145 -1.9622 -129.9750,
		 -36.9145 -1.9622 -130.1265,
		 -36.9145 -1.8480 -129.8603,
		 -36.9145 -1.8309 -129.8285,
		 -36.9145 -1.8309 -129.7677,
		 -36.9145 -1.8480 -129.7814,
		 -36.9145 -1.9536 -129.9594,
		 -36.9145 -1.9536 -130.0572,
		 -36.9145 -1.9531 -129.9586,
		 -36.9145 -1.9536 -130.0572,
		 -36.9145 -1.9531 -130.0536,
		 -36.9145 -1.8484 -129.7817,
		 -36.9145 -1.8484 -129.8607,
		 -36.9145 -1.8480 -129.7814,
		 -36.9145 -1.8480 -129.8603,
		 -36.9145 -1.6351 -129.6177,
		 -36.9145 -1.6351 -129.6669,
		 -36.9145 -1.3962 -129.5523,
		 -36.9145 -1.3962 -129.5976,
		 -36.9145 -1.1507 -129.5877,
		 -36.9145 -1.1507 -129.6313,
		 -36.9145 -0.9359 -129.7132,
		 -36.9145 -0.9359 -129.7628,
		 -36.9145 -0.9224 -129.7217,
		 -36.9145 -0.9224 -129.7814,
		 -36.9145 -0.9145 -129.7267,
		 -36.9145 -0.9224 -129.7814,
		 -36.9145 -0.9145 -129.7861,
		 -36.9145 -0.7845 -129.9009,
		 -36.9145 -0.7845 -129.9638,
		 -36.9145 -0.7404 -130.1455,
		 -36.9145 -0.7196 -130.0536,
		 -36.9145 -0.7404 -129.9670,
		 -36.9145 -0.7674 -129.9253,
		 -36.9145 -0.7845 -129.9638,
		 -36.9145 -0.7674 -129.9872,
		 -36.9145 -0.7404 -129.9670,
		 -36.9145 -0.7404 -130.1455,
		 -36.9145 -0.7225 -130.2510,
		 -36.9145 -0.7225 -130.2161,
		 -36.9145 -0.8756 -130.7202,
		 -36.9145 -0.7834 -130.5499,
		 -36.9145 -0.8756 -130.7024,
		 -36.9145 -1.0586 -130.8713,
		 -36.9145 -1.0586 -130.8713,
		 -36.9145 -1.2017 -130.9189,
		 -36.9145 -1.2017 -130.9185,
		 -36.9145 -1.2067 -130.9204,
		 -36.9145 -1.2067 -130.6124,
		 -36.9145 -1.2226 -130.9250,
		 -36.9145 -1.2067 -130.6124,
		 -36.9145 -1.2226 -130.6203,
		 -36.9145 -1.2183 -129.9383,
		 -36.9145 -1.2177 -129.9386,
		 -36.9145 -1.2183 -129.9003,
		 -36.9145 -1.2226 -129.9367,
		 -36.9145 -1.2183 -129.9003,
		 -36.9145 -1.2226 -129.8988,
		 -36.9145 -1.2222 -129.6666,
		 -36.9145 -1.2226 -129.6390,
		 -36.9145 -1.2226 -129.6665,
		 -36.9145 -1.2550 -130.9344,
		 -36.9145 -1.2226 -130.9250,
		 -36.9145 -1.2226 -130.6203,
		 -36.9145 -1.2550 -130.6364,
		 -36.9145 -1.2661 -130.9376,
		 -36.9145 -1.2550 -130.8879,
		 -36.9145 -1.2661 -130.8879,
		 -36.9145 -1.2550 -130.6364,
		 -36.9145 -1.2661 -130.6419,
		 -36.9145 -1.2661 -130.8308,
		 -36.9145 -1.4035 -130.9370,
		 -36.9145 -1.2661 -130.8879,
		 -36.9145 -1.4035 -130.8881,
		 -36.9145 -1.2956 -130.6433,
		 -36.9145 -1.4035 -130.6484,
		 -36.9145 -1.4035 -130.6738,
		 -36.9145 -1.2956 -130.6779,
		 -36.9145 -1.2661 -130.6419,
		 -36.9145 -1.2661 -130.8308,
		 -36.9145 -1.4747 -130.9273,
		 -36.9145 -1.4035 -130.8881,
		 -36.9145 -1.4747 -130.8881,
		 -36.9145 -1.4747 -130.6209,
		 -36.9145 -1.5327 -130.5985,
		 -36.9145 -1.5327 -130.9193,
		 -36.9145 -1.4747 -130.9273,
		 -36.9145 -1.4166 -130.6433,
		 -36.9145 -1.4166 -130.6733,
		 -36.9145 -1.4035 -130.6484,
		 -36.9145 -1.4035 -130.6738,
		 -36.9145 -1.5724 -130.9053,
		 -36.9145 -1.5724 -130.5600,
		 -36.9145 -1.6342 -130.8675,
		 -36.9145 -1.5724 -130.6088,
		 -36.9145 -1.6342 -130.7370,
		 -36.9145 -1.5724 -130.5600,
		 -36.9145 -1.6342 -130.4999,
		 -36.9145 -1.6342 -130.5501,
		 -36.9145 -1.6714 -130.8447,
		 -36.9145 -1.6342 -130.7370,
		 -36.9145 -1.6714 -130.8141,
		 -36.9145 -1.6925 -130.8318,
		 -36.9145 -1.6925 -130.7919,
		 -36.9145 -1.6486 -130.4672,
		 -36.9145 -1.6925 -130.3676,
		 -36.9145 -1.6925 -130.5665,
		 -36.9145 -1.6486 -130.5364,
		 -36.9145 -1.6342 -130.4999,
		 -36.9145 -1.6342 -130.5501,
		 -36.9145 -1.6986 -130.8280,
		 -36.9145 -1.6925 -130.7919,
		 -36.9145 -1.6986 -130.7854,
		 -36.9145 -1.6925 -130.3676,
		 -36.9145 -1.6986 -130.2216,
		 -36.9145 -1.6986 -130.5707,
		 -36.9145 -1.6925 -130.5665,
		 -36.9145 -1.7129 -130.8193,
		 -36.9145 -1.6986 -130.8280,
		 -36.9145 -1.6986 -130.7854,
		 -36.9145 -1.7129 -130.7703,
		 -36.9145 -1.6986 -130.0992,
		 -36.9145 -1.7129 -130.0951,
		 -36.9145 -1.7129 -130.5805,
		 -36.9145 -1.6986 -130.5707,
		 -36.9145 -1.6986 -129.7193,
		 -36.9145 -1.7129 -129.7311,
		 -36.9145 -1.7129 -129.9316,
		 -36.9145 -1.6986 -129.9469,
		 -36.9145 -1.6940 -130.2080,
		 -36.9145 -1.6517 -130.0843,
		 -36.9145 -1.6517 -130.0220,
		 -36.9145 -1.6940 -130.1005,
		 -36.9145 -1.6986 -130.2216,
		 -36.9145 -1.6986 -130.0992,
		 -36.9145 -1.6517 -129.6806,
		 -36.9145 -1.6986 -129.7193,
		 -36.9145 -1.6986 -129.9469,
		 -36.9145 -1.6517 -129.9970,
		 -36.9145 -1.6411 -130.0719,
		 -36.9145 -1.5589 -129.9764,
		 -36.9145 -1.5589 -129.8446,
		 -36.9145 -1.6411 -129.7239,
		 -36.9145 -1.6432 -130.0743,
		 -36.9145 -1.6411 -130.0719,
		 -36.9145 -1.6411 -129.6718,
		 -36.9145 -1.6432 -129.6735,
		 -36.9145 -1.6432 -130.0061,
		 -36.9145 -1.6517 -130.0220,
		 -36.9145 -1.6432 -129.6735,
		 -36.9145 -1.6517 -129.6806,
		 -36.9145 -1.6517 -129.9970,
		 -36.9145 -1.5589 -129.6448,
		 -36.9145 -1.5589 -129.6951,
		 -36.9145 -1.5135 -129.9539,
		 -36.9145 -1.4343 -129.9146,
		 -36.9145 -1.4343 -129.8784,
		 -36.9145 -1.5135 -129.9111,
		 -36.9145 -1.5589 -129.9764,
		 -36.9145 -1.5589 -129.8446,
		 -36.9145 -1.4393 -129.6101,
		 -36.9145 -1.5589 -129.6951,
		 -36.9145 -1.4393 -129.6532,
		 -36.9145 -1.4343 -129.6086,
		 -36.9145 -1.4343 -129.7044,
		 -36.9145 -1.4181 -129.9138,
		 -36.9145 -1.2969 -129.9080,
		 -36.9145 -1.2969 -129.6112,
		 -36.9145 -1.4181 -129.6039,
		 -36.9145 -1.4181 -129.8717,
		 -36.9145 -1.4343 -129.8784,
		 -36.9145 -1.4181 -129.6039,
		 -36.9145 -1.4343 -129.6086,
		 -36.9145 -1.4343 -129.7044,
		 -36.9145 -1.2744 -129.9167,
		 -36.9145 -1.2226 -129.9367,
		 -36.9145 -1.2226 -129.8988,
		 -36.9145 -1.2744 -129.8812,
		 -36.9145 -1.2744 -129.6143,
		 -36.9145 -1.2744 -129.9167,
		 -36.9145 -1.2626 -129.6159,
		 -36.9145 -1.2626 -129.6504,
		 -36.9145 -1.2226 -129.6214,
		 -36.9145 -1.2226 -129.6665,
		 -36.9145 -1.8063 -130.7336,
		 -36.9145 -1.7129 -130.8133,
		 -36.9145 -1.9210 -130.5740,
		 -36.9145 -1.9108 -130.5891,
		 -36.9145 -1.9844 -130.3245,
		 -36.9145 -1.9686 -130.3866,
		 -36.9145 -1.9844 -130.3114,
		 -36.9145 -1.9844 -130.3114,
		 -36.9145 -1.9844 -130.3245,
		 -36.9145 -1.9536 -130.0572,
		 -36.9145 -1.9622 -130.1265,
		 -36.9145 -1.7421 -129.7552,
		 -36.9145 -1.8480 -129.8603,
		 -36.9145 -1.7421 -129.7632,
		 -36.9145 -1.7135 -130.7936,
		 -36.9145 -1.7129 -130.7703,
		 -36.9145 -1.7135 -130.7697,
		 -36.9145 -1.7129 -130.0951,
		 -36.9145 -1.7135 -130.0949,
		 -36.9145 -1.7135 -130.5809,
		 -36.9145 -1.7129 -130.5805,
		 -36.9145 -1.7142 -130.7690,
		 -36.9145 -1.7135 -130.7697,
		 -36.9145 -1.7193 -130.3630,
		 -36.9145 -1.7254 -130.3659,
		 -36.9145 -1.7193 -130.5849,
		 -36.9145 -1.7135 -130.3603,
		 -36.9145 -1.7193 -130.5849,
		 -36.9145 -1.7135 -130.5809,
		 -36.9145 -1.7282 -130.0907,
		 -36.9145 -1.7330 -130.0893,
		 -36.9145 -1.7282 -130.2644,
		 -36.9145 -1.7135 -130.0949,
		 -36.9145 -1.7282 -130.2644,
		 -36.9145 -1.7382 -129.7519,
		 -36.9145 -1.7382 -129.9047,
		 -36.9145 -1.7129 -129.7311,
		 -36.9145 -1.7382 -129.9047,
		 -36.9145 -1.7129 -129.9316,
		 -36.9145 -1.0780 -129.6758,
		 -36.9145 -1.2226 -129.6390,
		 -36.9145 -1.0780 -129.6873,
		 -36.9145 -0.9224 -129.7814,
		 -36.9145 -0.7225 -130.2161,
		 -36.9145 -0.7404 -130.1455,
		 -36.9145 -0.7225 -130.2510,
		 -36.9145 -0.7573 -130.5067,
		 -36.9145 -0.7573 -130.0463,
		 -36.9145 -0.7896 -130.5601,
		 -36.9145 -0.7573 -130.2482,
		 -36.9145 -0.7896 -130.4716,
		 -36.9145 -0.9099 -130.7341,
		 -36.9145 -0.9099 -130.4223,
		 -36.9145 -0.9827 -130.8012,
		 -36.9145 -0.9099 -130.7008,
		 -36.9145 -0.9827 -130.7514,
		 -36.9145 -0.9099 -130.4223,
		 -36.9145 -0.9827 -130.3924,
		 -36.9145 -0.9827 -130.6378,
		 -36.9145 -1.0017 -130.8188,
		 -36.9145 -0.9827 -130.8012,
		 -36.9145 -0.9827 -130.7514,
		 -36.9145 -1.0017 -130.7646,
		 -36.9145 -0.9827 -130.0985,
		 -36.9145 -1.0017 -130.1051,
		 -36.9145 -1.0017 -130.6214,
		 -36.9145 -0.9827 -130.6378,
		 -36.9145 -0.9827 -129.7449,
		 -36.9145 -1.0017 -129.7334,
		 -36.9145 -1.0017 -129.9462,
		 -36.9145 -0.9827 -129.9239,
		 -36.9145 -0.9827 -130.3924,
		 -36.9145 -0.9725 -130.2840,
		 -36.9145 -0.9725 -130.0950,
		 -36.9145 -0.9827 -130.0985,
		 -36.9145 -0.9725 -129.7511,
		 -36.9145 -0.9827 -129.9239,
		 -36.9145 -0.9725 -129.9119,
		 -36.9145 -0.8067 -130.2564,
		 -36.9145 -0.7573 -130.0463,
		 -36.9145 -0.8067 -129.9334,
		 -36.9145 -0.9725 -130.2840,
		 -36.9145 -0.8067 -130.0382,
		 -36.9145 -0.9725 -130.0950,
		 -36.9145 -0.9139 -129.7869,
		 -36.9145 -0.9725 -129.9119,
		 -36.9145 -0.9139 -129.8430,
		 -36.9145 -0.8067 -129.9334,
		 -36.9145 -1.0486 -130.8621,
		 -36.9145 -1.0017 -130.7646,
		 -36.9145 -1.0486 -130.7972,
		 -36.9145 -1.0017 -130.3348,
		 -36.9145 -1.0486 -130.4722,
		 -36.9145 -1.0486 -130.5808,
		 -36.9145 -1.0017 -130.6214,
		 -36.9145 -1.0872 -130.8807,
		 -36.9145 -1.0486 -130.7972,
		 -36.9145 -1.0872 -130.8240,
		 -36.9145 -1.1415 -130.8986,
		 -36.9145 -1.1415 -130.6722,
		 -36.9145 -1.0780 -130.5062,
		 -36.9145 -1.1415 -130.5800,
		 -36.9145 -1.1415 -130.6047,
		 -36.9145 -1.0780 -130.5554,
		 -36.9145 -1.0486 -130.4722,
		 -36.9145 -1.0486 -130.5808,
		 -36.9145 -1.1604 -130.9049,
		 -36.9145 -1.1415 -130.8986,
		 -36.9145 -1.1415 -130.6722,
		 -36.9145 -1.1604 -130.6194,
		 -36.9145 -1.1604 -130.5894,
		 -36.9145 -1.2067 -130.6124,
		 -36.9145 -1.1604 -130.9049,
		 -36.9145 -1.1415 -130.6047,
		 -36.9145 -1.2183 -129.9003,
		 -36.9145 -1.2177 -129.9386,
		 -36.9145 -1.2177 -129.9005,
		 -36.9145 -1.2222 -129.6392,
		 -36.9145 -1.2222 -129.6666,
		 -36.9145 -1.2177 -129.6406,
		 -36.9145 -1.2222 -129.6666,
		 -36.9145 -1.2177 -129.6684,
		 -36.9145 -1.1768 -129.9543,
		 -36.9145 -1.1676 -129.9579,
		 -36.9145 -1.1676 -129.8994,
		 -36.9145 -1.1768 -129.9144,
		 -36.9145 -1.2177 -129.9386,
		 -36.9145 -1.2177 -129.9005,
		 -36.9145 -1.1676 -129.6574,
		 -36.9145 -1.2177 -129.6684,
		 -36.9145 -1.1676 -129.6886,
		 -36.9145 -1.1676 -129.9579,
		 -36.9145 -1.0661 -130.0565,
		 -36.9145 -1.0661 -129.7342,
		 -36.9145 -1.1676 -129.8994,
		 -36.9145 -1.0661 -129.6945,
		 -36.9145 -1.1676 -129.6886,
		 -36.9145 -1.0661 -129.7294,
		 -36.9145 -1.0599 -130.0706,
		 -36.9145 -1.0079 -130.1888,
		 -36.9145 -1.0079 -130.0989,
		 -36.9145 -1.0599 -130.0146,
		 -36.9145 -1.0638 -130.0618,
		 -36.9145 -1.0599 -130.0706,
		 -36.9145 -1.0599 -129.6982,
		 -36.9145 -1.0638 -129.6959,
		 -36.9145 -1.0661 -130.0565,
		 -36.9145 -1.0638 -129.7304,
		 -36.9145 -1.0661 -129.7342,
		 -36.9145 -1.0638 -129.6959,
		 -36.9145 -1.0661 -129.7294,
		 -36.9145 -1.0079 -129.7297,
		 -36.9145 -1.0079 -129.9534,
		 -36.9145 -1.0036 -130.2891,
		 -36.9145 -1.0017 -130.3348,
		 -36.9145 -1.0017 -130.1051,
		 -36.9145 -1.0036 -130.1057,
		 -36.9145 -1.0079 -130.1888,
		 -36.9145 -1.0079 -130.0989,
		 -36.9145 -1.0017 -129.7334,
		 -36.9145 -1.0079 -129.9534,
		 -36.9145 -1.0017 -129.9462,
		 -36.9145 -1.7142 -130.8123,
		 -36.9145 -1.7142 -130.7690,
		 -36.9145 -1.7254 -130.8027,
		 -36.9145 -1.7142 -130.7690,
		 -36.9145 -1.7254 -130.7572,
		 -36.9145 -1.7193 -130.5849,
		 -36.9145 -1.7254 -130.3659,
		 -36.9145 -1.7254 -130.5890,
		 -36.9145 -1.7330 -130.7961,
		 -36.9145 -1.7254 -130.7572,
		 -36.9145 -1.7330 -130.7491,
		 -36.9145 -1.7254 -130.3659,
		 -36.9145 -1.7330 -130.3695,
		 -36.9145 -1.7330 -130.5943,
		 -36.9145 -1.7254 -130.5890,
		 -36.9145 -1.7299 -130.2011,
		 -36.9145 -1.7330 -130.0893,
		 -36.9145 -1.7330 -130.2526,
		 -36.9145 -1.7299 -130.2530,
		 -36.9145 -1.7282 -130.2644,
		 -36.9145 -1.8220 -130.7201,
		 -36.9145 -1.7330 -130.7491,
		 -36.9145 -1.8220 -130.6553,
		 -36.9145 -1.8220 -130.4113,
		 -36.9145 -1.9039 -130.4498,
		 -36.9145 -1.9039 -130.5993,
		 -36.9145 -1.8220 -130.7201,
		 -36.9145 -1.7330 -130.3695,
		 -36.9145 -1.7330 -130.5943,
		 -36.9145 -1.7330 -130.0893,
		 -36.9145 -1.9039 -130.0403,
		 -36.9145 -1.9039 -130.2331,
		 -36.9145 -1.7330 -130.2526,
		 -36.9145 -1.9122 -130.5870,
		 -36.9145 -1.9039 -130.5993,
		 -36.9145 -1.9039 -130.4498,
		 -36.9145 -1.9122 -130.4537,
		 -36.9145 -1.9352 -130.5454,
		 -36.9145 -1.9352 -130.2295,
		 -36.9145 -1.9352 -130.0207,
		 -36.9145 -1.9352 -130.5454,
		 -36.9145 -1.9039 -129.9629,
		 -36.9145 -1.9039 -130.2331,
		 -36.9145 -1.7889 -129.8062,
		 -36.9145 -1.9039 -130.0403,
		 -36.9145 -1.7889 -129.8505,
		 -36.9145 -1.7382 -129.9047,
		 -36.9145 -1.0297 -130.4166,
		 -36.9145 -1.0297 -130.1393,
		 -36.9145 -1.0605 -130.4859,
		 -36.9145 -1.0297 -130.2884,
		 -36.9145 -1.0605 -130.4200,
		 -36.9145 -1.1363 -130.5740,
		 -36.9145 -1.1363 -130.5289,
		 -36.9145 -1.1869 -130.6026,
		 -36.9145 -1.1869 -130.5613,
		 -36.9145 -1.1956 -130.6069,
		 -36.9145 -1.1869 -130.5613,
		 -36.9145 -1.1956 -130.5682,
		 -36.9145 -1.1956 -130.5668,
		 -36.9145 -1.2456 -130.5988,
		 -36.9145 -1.2456 -130.6317,
		 -36.9145 -1.1956 -130.6069,
		 -36.9145 -1.3718 -130.6469,
		 -36.9145 -1.3718 -130.6189,
		 -36.9145 -1.4956 -130.6129,
		 -36.9145 -1.4956 -130.5862,
		 -36.9145 -1.5982 -130.5350,
		 -36.9145 -1.5982 -130.5056,
		 -36.9145 -1.6639 -130.4324,
		 -36.9145 -1.6639 -130.3895,
		 -36.9145 -1.6829 -130.3894,
		 -36.9145 -1.6829 -130.2555,
		 -36.9145 -1.6829 -130.1755,
		 -36.9145 -1.6829 -130.3894,
		 -36.9145 -1.6521 -130.0853,
		 -36.9145 -1.6521 -130.1239,
		 -36.9145 -1.5762 -129.9966,
		 -36.9145 -1.5762 -130.0150,
		 -36.9145 -1.4669 -129.9308,
		 -36.9145 -1.4669 -129.9451,
		 -36.9145 -1.3407 -129.9101,
		 -36.9145 -1.3407 -129.9250,
		 -36.9145 -1.2169 -129.9389,
		 -36.9145 -1.2169 -129.9577,
		 -36.9145 -1.1144 -130.0096,
		 -36.9145 -1.1144 -130.0383,
		 -36.9145 -1.0486 -130.0963,
		 -36.9145 -1.0486 -130.1544,
		 -36.9145 -1.0297 -130.1393,
		 -36.9145 -1.0452 -130.3548,
		 -36.9145 -1.0452 -130.1783,
		 -36.9145 -1.0606 -130.4201,
		 -36.9145 -1.0452 -130.2344,
		 -36.9145 -1.0606 -130.3938,
		 -36.9145 -1.1305 -130.5206,
		 -36.9145 -1.1305 -130.5161,
		 -36.9145 -1.1869 -130.5613,
		 -36.9145 -1.1993 -130.5692,
		 -36.9145 -1.1956 -130.5668,
		 -36.9145 -1.1993 -129.9762,
		 -36.9145 -1.2270 -130.5869,
		 -36.9145 -1.1993 -130.5692,
		 -36.9145 -1.1993 -129.9716,
		 -36.9145 -1.2270 -129.9551,
		 -36.9145 -1.2705 -130.6028,
		 -36.9145 -1.2270 -130.2958,
		 -36.9145 -1.2705 -130.3850,
		 -36.9145 -1.3606 -130.6171,
		 -36.9145 -1.3606 -130.4153,
		 -36.9145 -1.4446 -130.5997,
		 -36.9145 -1.4446 -130.3691,
		 -36.9145 -1.4732 -130.5921,
		 -36.9145 -1.4732 -130.2733,
		 -36.9145 -1.4732 -129.9491,
		 -36.9145 -1.4732 -130.5921,
		 -36.9145 -1.4296 -129.9392,
		 -36.9145 -1.4296 -130.1842,
		 -36.9145 -1.3395 -129.9253,
		 -36.9145 -1.3395 -130.1538,
		 -36.9145 -1.2556 -129.9475,
		 -36.9145 -1.2556 -130.2001,
		 -36.9145 -1.2270 -129.9551,
		 -36.9145 -1.0895 -130.0823,
		 -36.9145 -1.0895 -130.0951,
		 -36.9145 -1.0452 -130.1783,
		 -36.9145 -0.5408 -129.3292,
		 -36.9145 -0.5408 -131.1935,
		 -36.9145 -0.6019 -131.2406,
		 -36.9145 -0.7770 -131.3756,
		 -36.9145 -1.0393 -131.4823,
		 -36.9145 -1.3489 -131.5442,
		 -36.9145 -1.6588 -131.4908,
		 -36.9145 -1.9217 -131.3632,
		 -36.9145 -2.0976 -131.2360,
		 -36.9145 -2.1597 -131.1764,
		 -36.9145 -2.1597 -131.1764,
		 -36.9145 -2.1597 -129.3412,
		 -36.9145 -2.0986 -129.2941,
		 -36.9145 -1.9236 -129.1591,
		 -36.9145 -1.6613 -129.0539,
		 -36.9145 -1.3516 -128.9923,
		 -36.9145 -1.0418 -129.0495,
		 -36.9145 -0.7789 -129.1723,
		 -36.9145 -0.6030 -129.2883,
		 -36.9145 -0.5408 -129.3292,
		 -36.9145 -0.6044 -129.9392,
		 -36.9145 -0.6044 -130.6035,
		 -36.9145 -0.6467 -130.6710,
		 -36.9145 -0.7970 -130.8931,
		 -36.9145 -1.0325 -131.0609,
		 -36.9145 -1.3172 -131.1250,
		 -36.9145 -1.6079 -131.0775,
		 -36.9145 -1.8602 -130.9244,
		 -36.9145 -2.0358 -130.7001,
		 -36.9145 -2.1080 -130.5473,
		 -36.9145 -2.1080 -130.5473,
		 -36.9145 -2.1080 -129.9945,
		 -36.9145 -2.0657 -129.8915,
		 -36.9145 -1.9153 -129.6589,
		 -36.9145 -1.6799 -129.4912,
		 -36.9145 -1.3951 -129.4212,
		 -36.9145 -1.1045 -129.4637,
		 -36.9145 -0.8521 -129.6110,
		 -36.9145 -0.6765 -129.8250,
		 -36.9145 -0.6044 -129.9392,
		 -36.9145 -0.6757 -129.9359,
		 -36.9145 -0.6757 -130.5995,
		 -36.9145 -0.7131 -130.6665,
		 -36.9145 -0.8481 -130.8577,
		 -36.9145 -1.0602 -131.0120,
		 -36.9145 -1.3171 -131.0815,
		 -36.9145 -1.5796 -131.0407,
		 -36.9145 -1.8079 -130.9089,
		 -36.9145 -1.9671 -130.7225,
		 -36.9145 -2.0330 -130.6281,
		 -36.9145 -2.0330 -130.6281,
		 -36.9145 -2.0330 -129.9507,
		 -36.9145 -1.9956 -129.8836,
		 -36.9145 -1.8606 -129.6961,
		 -36.9145 -1.6485 -129.5436,
		 -36.9145 -1.3916 -129.4756,
		 -36.9145 -1.1291 -129.5165,
		 -36.9145 -0.9009 -129.6500,
		 -36.9145 -0.7416 -129.8393,
		 -36.9145 -0.6757 -129.9359,
		 -36.9145 -0.7196 -130.0536,
		 -36.9145 -0.7196 -130.5286,
		 -36.9145 -0.7209 -130.2381,
		 -36.9145 -0.7209 -130.5310,
		 -36.9145 -0.7472 -130.5783,
		 -36.9145 -0.7511 -130.4964,
		 -36.9145 -0.7511 -130.5855,
		 -36.9145 -0.7225 -130.2510,
		 -36.9145 -0.7209 -130.2381,
		 -36.9145 -0.7834 -130.5499,
		 -36.9145 -0.7511 -130.4964,
		 -36.9145 -0.7834 -130.6439,
		 -36.9145 -0.7834 -130.6439,
		 -36.9145 -0.8742 -130.7815,
		 -36.9145 -0.7834 -130.5499,
		 -36.9145 -1.0700 -130.9334,
		 -36.9145 -1.3089 -130.9989,
		 -36.9145 -1.5544 -130.9649,
		 -36.9145 -1.7692 -130.8412,
		 -36.9145 -1.8063 -130.7336,
		 -36.9145 -1.8063 -130.8178,
		 -36.9145 -1.8063 -130.7336,
		 -36.9145 -1.8224 -130.7961,
		 -36.9145 -1.9108 -130.5891,
		 -36.9145 -1.9108 -130.6703,
		 -36.9145 -1.9108 -130.6703,
		 -36.9145 -1.9206 -130.6563,
		 -36.9145 -1.9108 -130.5891,
		 -36.9145 -1.9210 -130.5740,
		 -36.9145 -1.9210 -130.6558,
		 -36.9145 -1.9210 -130.5740,
		 -36.9145 -1.9329 -130.6388,
		 -36.9145 -1.9686 -130.3866,
		 -36.9145 -1.9686 -130.5838,
		 -36.9145 -1.9686 -130.5838,
		 -36.9145 -1.9855 -130.5136,
		 -36.9145 -1.9686 -130.3866,
		 -36.9145 -1.9855 -130.5136,
		 -36.9145 -1.9855 -130.0170,
		 -36.9145 -1.9622 -129.9750,
		 -36.9145 -1.9540 -129.9601,
		 -36.9145 -1.9622 -130.1265,
		 -36.9145 -1.9844 -130.3114,
		 -36.9145 -1.9849 -130.3159,
		 -36.9145 -1.9849 -130.3159,
		 -36.9145 -1.9849 -130.0160,
		 -36.9145 -1.9622 -130.1265,
		 -36.9145 -1.9622 -129.9750,
		 -36.9145 -1.8480 -129.7814,
		 -36.9145 -1.8309 -129.7677,
		 -36.9145 -1.8480 -129.8603,
		 -36.9145 -1.9536 -130.0572,
		 -36.9145 -1.9536 -129.9594,
		 -36.9145 -1.9536 -130.0572,
		 -36.9145 -1.9531 -129.9586,
		 -36.9145 -1.8484 -129.7817,
		 -36.9145 -1.8480 -129.8603,
		 -36.9145 -1.8480 -129.7814,
		 -36.9145 -1.6351 -129.6177,
		 -36.9145 -1.3962 -129.5523,
		 -36.9145 -1.1507 -129.5877,
		 -36.9145 -0.9359 -129.7132,
		 -36.9145 -0.9224 -129.7814,
		 -36.9145 -0.9224 -129.7217,
		 -36.9145 -0.9224 -129.7814,
		 -36.9145 -0.9145 -129.7267,
		 -36.9145 -0.7845 -129.9638,
		 -36.9145 -0.7845 -129.9009,
		 -36.9145 -0.7404 -129.9670,
		 -36.9145 -0.7196 -130.0536,
		 -36.9145 -0.7404 -130.1455,
		 -36.9145 -0.7845 -129.9638,
		 -36.9145 -0.7674 -129.9253,
		 -36.9145 -0.7404 -130.1455,
		 -36.9145 -0.7404 -129.9670,
		 -36.9145 -0.7225 -130.2161,
		 -36.9145 -0.7225 -130.2510,
		 -36.9145 -0.7834 -130.5499,
		 -36.9145 -0.8756 -130.7202,
		 -36.9145 -1.0586 -130.8713,
		 -36.9145 -1.2017 -130.9189,
		 -36.9145 -1.2067 -130.6124,
		 -36.9145 -1.2067 -130.9204,
		 -36.9145 -1.2226 -130.6203,
		 -36.9145 -1.2067 -130.6124,
		 -36.9145 -1.2226 -130.9250,
		 -36.9145 -1.2183 -129.9003,
		 -36.9145 -1.2177 -129.9386,
		 -36.9145 -1.2183 -129.9383,
		 -36.9145 -1.2226 -129.8988,
		 -36.9145 -1.2183 -129.9003,
		 -36.9145 -1.2226 -129.9367,
		 -36.9145 -1.2226 -129.6665,
		 -36.9145 -1.2226 -129.6390,
		 -36.9145 -1.2222 -129.6666,
		 -36.9145 -1.2550 -130.6364,
		 -36.9145 -1.2226 -130.6203,
		 -36.9145 -1.2226 -130.9250,
		 -36.9145 -1.2550 -130.9344,
		 -36.9145 -1.2661 -130.8879,
		 -36.9145 -1.2661 -130.9376,
		 -36.9145 -1.2661 -130.8308,
		 -36.9145 -1.2661 -130.6419,
		 -36.9145 -1.2550 -130.6364,
		 -36.9145 -1.4035 -130.8881,
		 -36.9145 -1.2661 -130.8879,
		 -36.9145 -1.4035 -130.9370,
		 -36.9145 -1.4035 -130.6738,
		 -36.9145 -1.4035 -130.6484,
		 -36.9145 -1.2956 -130.6433,
		 -36.9145 -1.2661 -130.8308,
		 -36.9145 -1.4035 -130.8881,
		 -36.9145 -1.4747 -130.9273,
		 -36.9145 -1.4747 -130.9273,
		 -36.9145 -1.5327 -130.9193,
		 -36.9145 -1.4747 -130.6209,
		 -36.9145 -1.4166 -130.6433,
		 -36.9145 -1.4035 -130.6738,
		 -36.9145 -1.5724 -130.5600,
		 -36.9145 -1.5724 -130.9053,
		 -36.9145 -1.6342 -130.7370,
		 -36.9145 -1.6342 -130.8675,
		 -36.9145 -1.6342 -130.5501,
		 -36.9145 -1.6342 -130.4999,
		 -36.9145 -1.5724 -130.5600,
		 -36.9145 -1.6342 -130.7370,
		 -36.9145 -1.6714 -130.8447,
		 -36.9145 -1.6925 -130.7919,
		 -36.9145 -1.6925 -130.8318,
		 -36.9145 -1.6925 -130.5665,
		 -36.9145 -1.6925 -130.3676,
		 -36.9145 -1.6486 -130.4672,
		 -36.9145 -1.6342 -130.5501,
		 -36.9145 -1.6986 -130.7854,
		 -36.9145 -1.6925 -130.7919,
		 -36.9145 -1.6986 -130.8280,
		 -36.9145 -1.6925 -130.5665,
		 -36.9145 -1.6986 -130.5707,
		 -36.9145 -1.6986 -130.2216,
		 -36.9145 -1.7129 -130.7703,
		 -36.9145 -1.6986 -130.7854,
		 -36.9145 -1.6986 -130.8280,
		 -36.9145 -1.7129 -130.8193,
		 -36.9145 -1.6986 -130.5707,
		 -36.9145 -1.7129 -130.5805,
		 -36.9145 -1.7129 -130.0951,
		 -36.9145 -1.6986 -130.0992,
		 -36.9145 -1.6986 -129.9469,
		 -36.9145 -1.7129 -129.9316,
		 -36.9145 -1.7129 -129.7311,
		 -36.9145 -1.6986 -129.7193,
		 -36.9145 -1.6517 -130.0220,
		 -36.9145 -1.6940 -130.2080,
		 -36.9145 -1.6986 -130.0992,
		 -36.9145 -1.6517 -129.9970,
		 -36.9145 -1.6986 -129.9469,
		 -36.9145 -1.6986 -129.7193,
		 -36.9145 -1.6517 -129.6806,
		 -36.9145 -1.5589 -129.8446,
		 -36.9145 -1.5589 -129.9764,
		 -36.9145 -1.6411 -130.0719,
		 -36.9145 -1.6432 -129.6735,
		 -36.9145 -1.6411 -129.6718,
		 -36.9145 -1.6411 -130.0719,
		 -36.9145 -1.6432 -130.0743,
		 -36.9145 -1.6517 -130.0220,
		 -36.9145 -1.6517 -129.9970,
		 -36.9145 -1.6517 -129.6806,
		 -36.9145 -1.6432 -129.6735,
		 -36.9145 -1.5589 -129.6951,
		 -36.9145 -1.5589 -129.6448,
		 -36.9145 -1.4343 -129.8784,
		 -36.9145 -1.5135 -129.9539,
		 -36.9145 -1.5589 -129.8446,
		 -36.9145 -1.5589 -129.6951,
		 -36.9145 -1.4393 -129.6101,
		 -36.9145 -1.4343 -129.7044,
		 -36.9145 -1.4343 -129.6086,
		 -36.9145 -1.4181 -129.6039,
		 -36.9145 -1.2969 -129.6112,
		 -36.9145 -1.4181 -129.9138,
		 -36.9145 -1.4343 -129.8784,
		 -36.9145 -1.4343 -129.7044,
		 -36.9145 -1.4343 -129.6086,
		 -36.9145 -1.4181 -129.6039,
		 -36.9145 -1.2226 -129.8988,
		 -36.9145 -1.2226 -129.9367,
		 -36.9145 -1.2744 -129.9167,
		 -36.9145 -1.2744 -129.9167,
		 -36.9145 -1.2744 -129.6143,
		 -36.9145 -1.2626 -129.6159,
		 -36.9145 -1.2226 -129.6665,
		 -36.9145 -1.2226 -129.6214,
		 -36.9145 -1.8063 -130.7336,
		 -36.9145 -1.9108 -130.5891,
		 -36.9145 -1.9210 -130.5740,
		 -36.9145 -1.9844 -130.3114,
		 -36.9145 -1.9686 -130.3866,
		 -36.9145 -1.9844 -130.3245,
		 -36.9145 -1.9844 -130.3245,
		 -36.9145 -1.9844 -130.3114,
		 -36.9145 -1.9622 -130.1265,
		 -36.9145 -1.9536 -130.0572,
		 -36.9145 -1.8480 -129.8603,
		 -36.9145 -1.7421 -129.7552,
		 -36.9145 -1.7135 -130.7697,
		 -36.9145 -1.7129 -130.7703,
		 -36.9145 -1.7135 -130.7936,
		 -36.9145 -1.7129 -130.5805,
		 -36.9145 -1.7135 -130.5809,
		 -36.9145 -1.7135 -130.0949,
		 -36.9145 -1.7129 -130.0951,
		 -36.9145 -1.7135 -130.7697,
		 -36.9145 -1.7142 -130.7690,
		 -36.9145 -1.7193 -130.5849,
		 -36.9145 -1.7254 -130.3659,
		 -36.9145 -1.7193 -130.3630,
		 -36.9145 -1.7135 -130.5809,
		 -36.9145 -1.7193 -130.5849,
		 -36.9145 -1.7282 -130.2644,
		 -36.9145 -1.7330 -130.0893,
		 -36.9145 -1.7282 -130.0907,
		 -36.9145 -1.7282 -130.2644,
		 -36.9145 -1.7135 -130.0949,
		 -36.9145 -1.7382 -129.9047,
		 -36.9145 -1.7382 -129.7519,
		 -36.9145 -1.7129 -129.9316,
		 -36.9145 -1.7382 -129.9047,
		 -36.9145 -1.7129 -129.7311,
		 -36.9145 -1.0780 -129.6758,
		 -36.9145 -0.9224 -129.7814,
		 -36.9145 -0.7225 -130.2510,
		 -36.9145 -0.7404 -130.1455,
		 -36.9145 -0.7225 -130.2161,
		 -36.9145 -0.7573 -130.0463,
		 -36.9145 -0.7573 -130.5067,
		 -36.9145 -0.7896 -130.5601,
		 -36.9145 -0.9099 -130.4223,
		 -36.9145 -0.9099 -130.7341,
		 -36.9145 -0.9827 -130.7514,
		 -36.9145 -0.9827 -130.8012,
		 -36.9145 -0.9827 -130.6378,
		 -36.9145 -0.9827 -130.3924,
		 -36.9145 -0.9099 -130.4223,
		 -36.9145 -1.0017 -130.7646,
		 -36.9145 -0.9827 -130.7514,
		 -36.9145 -0.9827 -130.8012,
		 -36.9145 -1.0017 -130.8188,
		 -36.9145 -0.9827 -130.6378,
		 -36.9145 -1.0017 -130.6214,
		 -36.9145 -1.0017 -130.1051,
		 -36.9145 -0.9827 -130.0985,
		 -36.9145 -0.9827 -129.9239,
		 -36.9145 -1.0017 -129.9462,
		 -36.9145 -1.0017 -129.7334,
		 -36.9145 -0.9827 -129.7449,
		 -36.9145 -0.9827 -130.0985,
		 -36.9145 -0.9725 -130.0950,
		 -36.9145 -0.9725 -130.2840,
		 -36.9145 -0.9725 -129.9119,
		 -36.9145 -0.9827 -129.9239,
		 -36.9145 -0.9725 -129.7511,
		 -36.9145 -0.8067 -129.9334,
		 -36.9145 -0.7573 -130.0463,
		 -36.9145 -0.8067 -130.2564,
		 -36.9145 -0.9725 -130.0950,
		 -36.9145 -0.9725 -129.9119,
		 -36.9145 -0.9139 -129.7869,
		 -36.9145 -0.8067 -129.9334,
		 -36.9145 -1.0486 -130.7972,
		 -36.9145 -1.0017 -130.7646,
		 -36.9145 -1.0486 -130.8621,
		 -36.9145 -1.0017 -130.6214,
		 -36.9145 -1.0486 -130.5808,
		 -36.9145 -1.0486 -130.4722,
		 -36.9145 -1.0486 -130.7972,
		 -36.9145 -1.0872 -130.8807,
		 -36.9145 -1.1415 -130.6722,
		 -36.9145 -1.1415 -130.8986,
		 -36.9145 -1.1415 -130.6047,
		 -36.9145 -1.0780 -130.5062,
		 -36.9145 -1.0486 -130.5808,
		 -36.9145 -1.1415 -130.6722,
		 -36.9145 -1.1415 -130.8986,
		 -36.9145 -1.1604 -130.9049,
		 -36.9145 -1.1604 -130.9049,
		 -36.9145 -1.2067 -130.6124,
		 -36.9145 -1.1604 -130.5894,
		 -36.9145 -1.1415 -130.6047,
		 -36.9145 -1.2177 -129.9005,
		 -36.9145 -1.2177 -129.9386,
		 -36.9145 -1.2183 -129.9003,
		 -36.9145 -1.2222 -129.6666,
		 -36.9145 -1.2222 -129.6392,
		 -36.9145 -1.2177 -129.6684,
		 -36.9145 -1.2222 -129.6666,
		 -36.9145 -1.2177 -129.6406,
		 -36.9145 -1.1676 -129.8994,
		 -36.9145 -1.1676 -129.9579,
		 -36.9145 -1.1768 -129.9543,
		 -36.9145 -1.2177 -129.9005,
		 -36.9145 -1.2177 -129.9386,
		 -36.9145 -1.1676 -129.6886,
		 -36.9145 -1.2177 -129.6684,
		 -36.9145 -1.1676 -129.6574,
		 -36.9145 -1.1676 -129.8994,
		 -36.9145 -1.0661 -129.7342,
		 -36.9145 -1.0661 -130.0565,
		 -36.9145 -1.0661 -129.7294,
		 -36.9145 -1.1676 -129.6886,
		 -36.9145 -1.0661 -129.6945,
		 -36.9145 -1.0079 -130.0989,
		 -36.9145 -1.0079 -130.1888,
		 -36.9145 -1.0599 -130.0706,
		 -36.9145 -1.0638 -129.6959,
		 -36.9145 -1.0599 -129.6982,
		 -36.9145 -1.0599 -130.0706,
		 -36.9145 -1.0638 -130.0618,
		 -36.9145 -1.0661 -129.7342,
		 -36.9145 -1.0661 -129.7294,
		 -36.9145 -1.0638 -129.6959,
		 -36.9145 -1.0079 -129.9534,
		 -36.9145 -1.0079 -129.7297,
		 -36.9145 -1.0017 -130.1051,
		 -36.9145 -1.0017 -130.3348,
		 -36.9145 -1.0036 -130.2891,
		 -36.9145 -1.0079 -130.0989,
		 -36.9145 -1.0017 -129.9462,
		 -36.9145 -1.0079 -129.9534,
		 -36.9145 -1.0017 -129.7334,
		 -36.9145 -1.7142 -130.7690,
		 -36.9145 -1.7142 -130.8123,
		 -36.9145 -1.7254 -130.7572,
		 -36.9145 -1.7142 -130.7690,
		 -36.9145 -1.7254 -130.8027,
		 -36.9145 -1.7254 -130.5890,
		 -36.9145 -1.7254 -130.3659,
		 -36.9145 -1.7193 -130.5849,
		 -36.9145 -1.7330 -130.7491,
		 -36.9145 -1.7254 -130.7572,
		 -36.9145 -1.7330 -130.7961,
		 -36.9145 -1.7254 -130.5890,
		 -36.9145 -1.7330 -130.5943,
		 -36.9145 -1.7330 -130.3695,
		 -36.9145 -1.7254 -130.3659,
		 -36.9145 -1.7330 -130.2526,
		 -36.9145 -1.7330 -130.0893,
		 -36.9145 -1.7299 -130.2011,
		 -36.9145 -1.7282 -130.2644,
		 -36.9145 -1.7330 -130.7491,
		 -36.9145 -1.8220 -130.7201,
		 -36.9145 -1.8220 -130.7201,
		 -36.9145 -1.9039 -130.5993,
		 -36.9145 -1.9039 -130.4498,
		 -36.9145 -1.8220 -130.4113,
		 -36.9145 -1.7330 -130.5943,
		 -36.9145 -1.7330 -130.3695,
		 -36.9145 -1.7330 -130.2526,
		 -36.9145 -1.9039 -130.2331,
		 -36.9145 -1.9039 -130.0403,
		 -36.9145 -1.7330 -130.0893,
		 -36.9145 -1.9039 -130.4498,
		 -36.9145 -1.9039 -130.5993,
		 -36.9145 -1.9122 -130.5870,
		 -36.9145 -1.9352 -130.5454,
		 -36.9145 -1.9352 -130.5454,
		 -36.9145 -1.9352 -130.0207,
		 -36.9145 -1.9039 -130.2331,
		 -36.9145 -1.9039 -129.9629,
		 -36.9145 -1.7889 -129.8062,
		 -36.9145 -1.7382 -129.9047,
		 -36.9145 -1.0297 -130.1393,
		 -36.9145 -1.0297 -130.4166,
		 -36.9145 -1.0605 -130.4859,
		 -36.9145 -1.1363 -130.5740,
		 -36.9145 -1.1869 -130.5613,
		 -36.9145 -1.1869 -130.6026,
		 -36.9145 -1.1869 -130.5613,
		 -36.9145 -1.1956 -130.6069,
		 -36.9145 -1.1956 -130.6069,
		 -36.9145 -1.2456 -130.6317,
		 -36.9145 -1.1956 -130.5668,
		 -36.9145 -1.3718 -130.6469,
		 -36.9145 -1.4956 -130.6129,
		 -36.9145 -1.5982 -130.5350,
		 -36.9145 -1.6639 -130.4324,
		 -36.9145 -1.6829 -130.3894,
		 -36.9145 -1.6829 -130.3894,
		 -36.9145 -1.6829 -130.1755,
		 -36.9145 -1.6521 -130.0853,
		 -36.9145 -1.5762 -129.9966,
		 -36.9145 -1.4669 -129.9308,
		 -36.9145 -1.3407 -129.9101,
		 -36.9145 -1.2169 -129.9389,
		 -36.9145 -1.1144 -130.0096,
		 -36.9145 -1.0486 -130.0963,
		 -36.9145 -1.0297 -130.1393,
		 -36.9145 -1.0452 -130.1783,
		 -36.9145 -1.0452 -130.3548,
		 -36.9145 -1.0606 -130.4201,
		 -36.9145 -1.1305 -130.5206,
		 -36.9145 -1.1869 -130.5613,
		 -36.9145 -1.1956 -130.5668,
		 -36.9145 -1.1993 -130.5692,
		 -36.9145 -1.2270 -129.9551,
		 -36.9145 -1.1993 -129.9716,
		 -36.9145 -1.1993 -130.5692,
		 -36.9145 -1.2270 -130.5869,
		 -36.9145 -1.2705 -130.6028,
		 -36.9145 -1.3606 -130.6171,
		 -36.9145 -1.4446 -130.5997,
		 -36.9145 -1.4732 -130.5921,
		 -36.9145 -1.4732 -130.5921,
		 -36.9145 -1.4732 -129.9491,
		 -36.9145 -1.4296 -129.9392,
		 -36.9145 -1.3395 -129.9253,
		 -36.9145 -1.2556 -129.9475,
		 -36.9145 -1.2270 -129.9551,
		 -36.9145 -1.0895 -130.0823,
		 -36.9145 -1.0452 -130.1783
		]
	} #Coordinate3
	Material {
		ambientColor      0.0255 0.0255 0.0255  #ambientColor
		diffuseColor      0.1020 0.1020 0.1020  #diffuseColor
		transparency      0.0000                #transparency
	} #Material

	IndexedFaceSet {
		coordIndex [ 
		 45, 5, 6, 7, 8, 9, 46,-1,
		 47, 45, 48, 49,-1,
		 50, 47, 49, 51,-1,
		 52, 4, 50, 51, 53,-1,
		 54, 3, 52, 53, 55,-1,
		 56, 54, 55, 57,-1,
		 58, 2, 56, 57, 59,-1,
		 60, 58, 59, 61,-1,
		 62, 1, 60, 61, 63,-1,
		 64, 13, 14, 0, 65,-1,
		 66, 64, 63, 67,-1,
		 68, 66, 67, 69,-1,
		 70, 12, 68, 69, 71,-1,
		 72, 11, 70, 71, 73,-1,
		 74, 72, 73, 75,-1,
		 76, 10, 74, 75, 77,-1,
		 78, 76, 77, 79,-1,
		 80, 78, 79, 48,-1,
		]
	} #IndexedFaceSet
	Material {
		ambientColor      0.0000 0.0000 0.0000  #ambientColor
		diffuseColor      0.0000 0.0000 0.0000  #diffuseColor
		transparency      0.0000                #transparency
	} #Material

	IndexedFaceSet {
		coordIndex [ 
		 81, 49, 48, 79, 82,-1,
		 83, 81, 84, 85,-1,
		 86, 51, 83, 85, 87,-1,
		 88, 86, 87, 89,-1,
		 90, 53, 88, 89, 91,-1,
		 92, 55, 90, 91, 93,-1,
		 94, 57, 92, 93, 95,-1,
		 96, 59, 94, 95, 97,-1,
		 98, 61, 96, 97, 99,-1,
		 100, 63, 101,-1,
		 102, 67, 100, 99, 103,-1,
		 104, 69, 102, 103, 105,-1,
		 106, 104, 105, 107,-1,
		 108, 71, 106, 107, 109,-1,
		 110, 73, 108, 109, 111,-1,
		 112, 75, 110, 111, 113,-1,
		 114, 77, 112, 113, 115,-1,
		 116, 114, 115, 84,-1,
		]
	} #IndexedFaceSet
	Material {
		ambientColor      0.2500 0.2500 0.2500  #ambientColor
		diffuseColor      1.0000 1.0000 1.0000  #diffuseColor
		transparency      0.0000                #transparency
	} #Material

	IndexedFaceSet {
		coordIndex [ 
		 117, 85, 84, 118,-1,
		 119, 117, 120, 121,-1,
		 122, 87, 119, 121, 123,-1,
		 124, 89, 122, 123, 125,-1,
		 126, 124, 125, 127,-1,
		 128, 91, 126, 127, 129,-1,
		 130, 93, 128, 129, 131,-1,
		 132, 95, 130, 131, 133,-1,
		 134, 132, 133, 135,-1,
		 136, 103, 99, 97, 137,-1,
		 138, 136, 135, 139,-1,
		 140, 105, 138, 139, 141,-1,
		 142, 107, 140, 141, 143,-1,
		 144, 109, 142, 143, 145,-1,
		 146, 144, 145, 147,-1,
		 148, 111, 146, 147, 149,-1,
		 150, 113, 148, 149, 151,-1,
		 152, 115, 150, 151, 120,-1,
		]
	} #IndexedFaceSet
	Material {
		ambientColor      0.1863 0.1863 0.1863  #ambientColor
		diffuseColor      0.7451 0.7451 0.7451  #diffuseColor
		transparency      0.0000                #transparency
	} #Material

	IndexedFaceSet {
		coordIndex [ 
		 153, 121, 120, 154,-1,
		 155, 153, 156, 157,-1,
		 158, 155, 159, 160,-1,
		 161, 158, 160, 162,-1,
		 163, 164, 159,-1,
		 165, 161, 166, 167,-1,
		 168, 169, 170, 123, 171,-1,
		 172, 125, 170, 169, 173,-1,
		 174, 172, 173, 175,-1,
		 176, 127, 174, 175, 177,-1,
		 178, 129, 176, 177, 179,-1,
		 180, 178, 179, 181,-1,
		 182, 131, 180, 183, 184,-1,
		 185, 182, 184, 186,-1,
		 187, 188, 189, 190,-1,
		 191, 189, 188, 192,-1,
		 193, 191, 194, 195,-1,
		 196, 133, 193, 195, 197,-1,
		 198, 199, 200, 201,-1,
		 202, 139, 135, 203,-1,
		 204, 205, 206, 207,-1,
		 208, 209, 210,-1,
		 211, 202, 199, 212,-1,
		 213, 211, 210, 214,-1,
		 215, 216, 217, 218,-1,
		 219, 206, 205, 220,-1,
		 221, 219, 222, 223,-1,
		 224, 141, 221, 223, 225,-1,
		 226, 224, 225, 227,-1,
		 228, 143, 217, 216, 229,-1,
		 230, 228, 229, 231,-1,
		 232, 145, 230, 231, 233,-1,
		 234, 147, 232, 233, 235,-1,
		 236, 234, 235, 237,-1,
		 238, 236, 239, 240,-1,
		 241, 149, 238, 240, 242,-1,
		 243, 156, 244, 245,-1,
		 246, 241, 247, 248,-1,
		 249, 151, 246, 248, 250,-1,
		]
	} #IndexedFaceSet
	Material {
		ambientColor      0.2500 0.2500 0.2500  #ambientColor
		diffuseColor      1.0000 1.0000 1.0000  #diffuseColor
		transparency      0.0000                #transparency
	} #Material

	IndexedFaceSet {
		coordIndex [ 
		 251, 156, 252,-1,
		 253, 169, 254, 255,-1,
		 256, 253, 255, 257,-1,
		 258, 173, 256, 257, 259,-1,
		 260, 258, 259, 261,-1,
		 262, 260, 263, 264,-1,
		 265, 266, 267,-1,
		 268, 265, 269, 270,-1,
		 271, 272, 273,-1,
		 274, 275, 276, 277,-1,
		 278, 274, 279, 280,-1,
		 281, 282, 283, 279,-1,
		 284, 175, 278, 285, 286,-1,
		 287, 288, 289, 290,-1,
		 291, 287, 290, 292,-1,
		 293, 284, 294, 295,-1,
		 296, 297, 298, 299,-1,
		 300, 296, 295, 301,-1,
		 302, 300, 301, 303,-1,
		 304, 177, 298, 297, 305,-1,
		 306, 304, 307, 308,-1,
		 309, 310, 311, 307,-1,
		 312, 306, 313, 314,-1,
		 315, 312, 314, 316,-1,
		 317, 318, 319, 320,-1,
		 321, 317, 320, 322,-1,
		 323, 315, 324, 325,-1,
		 326, 327, 328, 329,-1,
		 330, 331, 332, 333,-1,
		 334, 335, 336, 337,-1,
		 338, 339, 340, 341,-1,
		 342, 343, 344, 345,-1,
		 346, 342, 345, 347,-1,
		 348, 349, 350, 351,-1,
		 352, 353, 354, 355,-1,
		 356, 357, 358, 359,-1,
		 343, 356, 360, 361,-1,
		 362, 363, 364, 360,-1,
		 365, 229, 358, 355, 366,-1,
		 367, 368, 369, 370,-1,
		 371, 367, 370, 372,-1,
		 373, 365, 374, 375,-1,
		 376, 373, 375, 377,-1,
		 378, 379, 380, 231, 381,-1,
		 368, 378, 382, 383,-1,
		 384, 385, 386, 382,-1,
		 387, 388, 389, 390,-1,
		 391, 380, 379, 392,-1,
		 393, 391, 390, 394,-1,
		 395, 393, 394, 396,-1,
		 397, 179, 330, 398,-1,
		 399, 188, 400,-1,
		 401, 402, 403,-1,
		 404, 199, 405,-1,
		 406, 205, 407,-1,
		 408, 216, 409, 410,-1,
		 411, 398, 412, 413,-1,
		 414, 415, 416, 417,-1,
		 418, 411, 419,-1,
		 420, 421, 422,-1,
		 423, 420, 424, 425,-1,
		 426, 427, 428,-1,
		 429, 426, 430, 423,-1,
		 431, 408, 410, 432,-1,
		 433, 431, 434, 435,-1,
		 436, 233, 395, 437, 438,-1,
		 439, 235, 436, 438,-1,
		 440, 441, 442,-1,
		]
	} #IndexedFaceSet
	Material {
		ambientColor      0.1794 0.2225 0.2500  #ambientColor
		diffuseColor      0.7176 0.8902 1.0000  #diffuseColor
		transparency      0.0000                #transparency
	} #Material

	IndexedFaceSet {
		coordIndex [ 
		 443, 160, 159, 444,-1,
		 445, 443, 446, 447,-1,
		 448, 255, 445, 447, 449,-1,
		 450, 448, 451, 452,-1,
		 453, 454, 455, 451,-1,
		 456, 457, 458, 459,-1,
		 460, 461, 462, 463,-1,
		 464, 465, 466, 467,-1,
		 468, 469, 470, 471,-1,
		 472, 464, 473, 474,-1,
		 475, 446, 476, 248, 477,-1,
		 478, 475, 479, 480,-1,
		 481, 240, 472, 482, 483,-1,
		 484, 481, 483, 479,-1,
		 485, 456, 486, 487,-1,
		 488, 489, 490, 491,-1,
		 492, 257, 485, 493, 494,-1,
		 495, 492, 494, 496,-1,
		 497, 498, 499, 500,-1,
		 501, 497, 500, 502,-1,
		 503, 504, 505, 506,-1,
		 507, 508, 259, 509,-1,
		 498, 507, 506, 510,-1,
		 511, 512, 513,-1,
		 514, 437, 515,-1,
		 516, 514, 517, 518,-1,
		 519, 520, 521, 522,-1,
		 523, 519, 522, 524,-1,
		 525, 516, 526, 527,-1,
		 528, 529, 530, 531,-1,
		 532, 438, 525, 533, 534,-1,
		 535, 536, 537, 538,-1,
		 539, 540, 541, 542,-1,
		 543, 539, 544, 545,-1,
		 546, 532, 547, 544,-1,
		 548, 541, 538, 549,-1,
		 550, 551, 552, 553,-1,
		 554, 550, 553, 555,-1,
		 556, 548, 557, 558,-1,
		]
	} #IndexedFaceSet
	Material {
		ambientColor      0.1863 0.1863 0.1863  #ambientColor
		diffuseColor      0.7451 0.7451 0.7451  #diffuseColor
		transparency      0.0000                #transparency
	} #Material

	IndexedFaceSet {
		coordIndex [ 
		 559, 398, 560,-1,
		 561, 559, 562, 563,-1,
		 564, 565, 566,-1,
		 567, 561, 568, 569,-1,
		 570, 571, 572, 573,-1,
		 574, 575, 576, 577,-1,
		 578, 574, 577,-1,
		 579, 567, 580, 581,-1,
		 582, 583, 584, 184, 585,-1,
		 586, 582, 581, 587,-1,
		 588, 589, 590, 591,-1,
		 592, 593, 594, 595,-1,
		 596, 195, 592, 595, 597,-1,
		 598, 223, 210, 599,-1,
		 600, 598, 597, 601,-1,
		 602, 225, 600, 603, 604,-1,
		 605, 410, 602, 604,-1,
		 606, 488, 554, 607,-1,
		 608, 501, 606, 609, 610,-1,
		 611, 608, 610, 612,-1,
		 613, 498, 611, 612, 614,-1,
		 615, 613, 616, 617,-1,
		 618, 619, 620, 621,-1,
		 622, 291, 620, 619, 623,-1,
		 624, 302, 622, 623, 625,-1,
		 626, 297, 624, 625, 627,-1,
		 628, 321, 626, 627, 629,-1,
		 630, 628, 629, 631,-1,
		 632, 346, 326, 633,-1,
		 634, 632, 631, 635,-1,
		 636, 343, 634, 635, 637,-1,
		 638, 371, 636, 637, 639,-1,
		 640, 368, 638, 639, 641,-1,
		 642, 379, 640, 641, 643,-1,
		 644, 528, 642, 643, 645,-1,
		 646, 543, 644, 645, 647,-1,
		 648, 646, 647, 609,-1,
		]
	} #IndexedFaceSet
	Material {
		ambientColor      0.2500 0.2500 0.2500  #ambientColor
		diffuseColor      1.0000 1.0000 1.0000  #diffuseColor
		transparency      0.0000                #transparency
	} #Material

	IndexedFaceSet {
		coordIndex [ 
		 649, 609, 650,-1,
		 651, 610, 649, 652, 653,-1,
		 654, 651, 653, 655,-1,
		 656, 612, 654, 655,-1,
		 657, 658, 659,-1,
		 660, 661, 662, 643, 663,-1,
		 664, 619, 660, 665, 666,-1,
		 667, 664, 666, 668,-1,
		 669, 623, 667, 668, 670,-1,
		 671, 669, 670, 672,-1,
		 673, 637, 635, 631, 629, 627, 625, 674,-1,
		 675, 639, 673, 672, 676,-1,
		 677, 641, 675, 676, 678,-1,
		 679, 677, 678, 680,-1,
		 681, 679, 680, 665,-1,
		 682, 645, 662, 659, 683,-1,
		 684, 647, 682, 683, 652,-1,
		]
	} #IndexedFaceSet
	Material {
		ambientColor      0.1794 0.2225 0.2500  #ambientColor
		diffuseColor      0.7176 0.8902 1.0000  #diffuseColor
		transparency      0.0000                #transparency
	} #Material

	IndexedFaceSet {
		coordIndex [ 
		 617, 655, 653, 652, 683, 659,-1,
		]
	} #IndexedFaceSet
	Material {
		ambientColor      0.0108 0.0618 0.0902  #ambientColor
		diffuseColor      0.0431 0.2471 0.3608  #diffuseColor
		transparency      0.0000                #transparency
	} #Material

	IndexedFaceSet {
		coordIndex [ 
		 672, 670, 668, 666, 665, 680, 678, 676,-1,
		]
	} #IndexedFaceSet
	Material {
		ambientColor      0.0637 0.0637 0.0637  #ambientColor
		diffuseColor      0.2549 0.2549 0.2549  #diffuseColor
		transparency      0.0000                #transparency
	} #Material

	IndexedFaceSet {
		coordIndex [ 
		 447, 446, 478, 468,-1,
		 479, 483, 538, 553,-1,
		 544, 394, 390, 522,-1,
		 375, 355, 370, 382,-1,
		 604, 603, 345, 360,-1,
		 597, 595, 423, 577,-1,
		 581, 314, 307, 320,-1,
		 295, 279, 290, 301,-1,
		 494, 451, 500, 506,-1,
		]
	} #IndexedFaceSet
	Material {
		ambientColor      0.0255 0.0255 0.0255  #ambientColor
		diffuseColor      0.1020 0.1020 0.1020  #diffuseColor
		transparency      0.0000                #transparency
	} #Material

	IndexedFaceSet {
		coordIndex [ 
		 685, 9, 8, 7, 6, 5, 686,-1,
		 49, 48, 686, 687,-1,
		 51, 49, 687, 688,-1,
		 53, 51, 688, 4, 689,-1,
		 55, 53, 689, 3, 690,-1,
		 57, 55, 690, 691,-1,
		 59, 57, 691, 2, 692,-1,
		 61, 59, 692, 693,-1,
		 63, 61, 693, 1, 694,-1,
		 695, 0, 14, 13, 696,-1,
		 67, 63, 696, 697,-1,
		 69, 67, 697, 698,-1,
		 71, 69, 698, 12, 699,-1,
		 73, 71, 699, 11, 700,-1,
		 75, 73, 700, 701,-1,
		 77, 75, 701, 10, 702,-1,
		 79, 77, 702, 703,-1,
		 48, 79, 703, 704,-1,
		]
	} #IndexedFaceSet
	Material {
		ambientColor      0.0000 0.0000 0.0000  #ambientColor
		diffuseColor      0.0000 0.0000 0.0000  #diffuseColor
		transparency      0.0000                #transparency
	} #Material

	IndexedFaceSet {
		coordIndex [ 
		 705, 79, 48, 49, 706,-1,
		 85, 84, 706, 707,-1,
		 87, 85, 707, 51, 708,-1,
		 89, 87, 708, 709,-1,
		 91, 89, 709, 53, 710,-1,
		 93, 91, 710, 55, 711,-1,
		 95, 93, 711, 57, 712,-1,
		 97, 95, 712, 59, 713,-1,
		 99, 97, 713, 61, 714,-1,
		 715, 63, 716,-1,
		 103, 99, 716, 67, 717,-1,
		 105, 103, 717, 69, 718,-1,
		 107, 105, 718, 719,-1,
		 109, 107, 719, 71, 720,-1,
		 111, 109, 720, 73, 721,-1,
		 113, 111, 721, 75, 722,-1,
		 115, 113, 722, 77, 723,-1,
		 84, 115, 723, 724,-1,
		]
	} #IndexedFaceSet
	Material {
		ambientColor      0.2500 0.2500 0.2500  #ambientColor
		diffuseColor      1.0000 1.0000 1.0000  #diffuseColor
		transparency      0.0000                #transparency
	} #Material

	IndexedFaceSet {
		coordIndex [ 
		 725, 84, 85, 726,-1,
		 121, 120, 726, 727,-1,
		 123, 121, 727, 87, 728,-1,
		 125, 123, 728, 89, 729,-1,
		 127, 125, 729, 730,-1,
		 129, 127, 730, 91, 731,-1,
		 131, 129, 731, 93, 732,-1,
		 133, 131, 732, 95, 733,-1,
		 135, 133, 733, 734,-1,
		 735, 97, 99, 103, 736,-1,
		 139, 135, 736, 737,-1,
		 141, 139, 737, 105, 738,-1,
		 143, 141, 738, 107, 739,-1,
		 145, 143, 739, 109, 740,-1,
		 147, 145, 740, 741,-1,
		 149, 147, 741, 111, 742,-1,
		 151, 149, 742, 113, 743,-1,
		 120, 151, 743, 115, 744,-1,
		]
	} #IndexedFaceSet
	Material {
		ambientColor      0.1863 0.1863 0.1863  #ambientColor
		diffuseColor      0.7451 0.7451 0.7451  #diffuseColor
		transparency      0.0000                #transparency
	} #Material

	IndexedFaceSet {
		coordIndex [ 
		 745, 120, 121, 746,-1,
		 747, 156, 746, 748,-1,
		 160, 159, 748, 749,-1,
		 750, 160, 749, 751,-1,
		 159, 752, 753,-1,
		 754, 755, 751, 756,-1,
		 757, 123, 758, 169, 759,-1,
		 173, 169, 758, 125, 760,-1,
		 175, 173, 760, 761,-1,
		 177, 175, 761, 127, 762,-1,
		 179, 177, 762, 129, 763,-1,
		 764, 179, 763, 765,-1,
		 184, 766, 765, 131, 767,-1,
		 768, 184, 767, 769,-1,
		 770, 771, 188, 772,-1,
		 773, 188, 771, 774,-1,
		 195, 775, 774, 776,-1,
		 777, 195, 776, 133, 778,-1,
		 779, 780, 199, 781,-1,
		 782, 135, 139, 783,-1,
		 784, 785, 205, 786,-1,
		 210, 787, 788,-1,
		 789, 199, 783, 790,-1,
		 791, 210, 790, 792,-1,
		 793, 794, 216, 795,-1,
		 796, 205, 785, 797,-1,
		 223, 798, 797, 799,-1,
		 225, 223, 799, 141, 800,-1,
		 801, 225, 800, 802,-1,
		 229, 216, 794, 143, 803,-1,
		 231, 229, 803, 804,-1,
		 233, 231, 804, 145, 805,-1,
		 235, 233, 805, 147, 806,-1,
		 807, 235, 806, 808,-1,
		 240, 809, 808, 810,-1,
		 811, 240, 810, 149, 812,-1,
		 813, 814, 156, 815,-1,
		 248, 816, 812, 817,-1,
		 818, 248, 817, 151, 819,-1,
		]
	} #IndexedFaceSet
	Material {
		ambientColor      0.2500 0.2500 0.2500  #ambientColor
		diffuseColor      1.0000 1.0000 1.0000  #diffuseColor
		transparency      0.0000                #transparency
	} #Material

	IndexedFaceSet {
		coordIndex [ 
		 820, 156, 821,-1,
		 255, 822, 169, 823,-1,
		 257, 255, 823, 824,-1,
		 259, 257, 824, 173, 825,-1,
		 826, 259, 825, 827,-1,
		 828, 829, 827, 830,-1,
		 831, 832, 833,-1,
		 834, 835, 833, 836,-1,
		 837, 838, 839,-1,
		 840, 841, 842, 843,-1,
		 844, 279, 843, 845,-1,
		 279, 846, 847, 848,-1,
		 849, 850, 845, 175, 851,-1,
		 290, 852, 853, 854,-1,
		 855, 290, 854, 291,-1,
		 295, 856, 851, 857,-1,
		 858, 859, 297, 860,-1,
		 301, 295, 860, 861,-1,
		 862, 301, 861, 302,-1,
		 863, 297, 859, 177, 864,-1,
		 865, 307, 864, 866,-1,
		 307, 867, 868, 869,-1,
		 314, 870, 866, 871,-1,
		 872, 314, 871, 873,-1,
		 320, 874, 875, 876,-1,
		 877, 320, 876, 321,-1,
		 878, 879, 873, 880,-1,
		 881, 882, 883, 326,-1,
		 884, 885, 886, 887,-1,
		 888, 889, 890, 891,-1,
		 892, 893, 894, 895,-1,
		 345, 896, 343, 897,-1,
		 898, 345, 897, 346,-1,
		 899, 900, 901, 902,-1,
		 355, 903, 904, 905,-1,
		 906, 907, 908, 909,-1,
		 910, 360, 909, 343,-1,
		 360, 911, 912, 913,-1,
		 914, 355, 907, 229, 915,-1,
		 370, 916, 368, 917,-1,
		 918, 370, 917, 371,-1,
		 375, 919, 915, 920,-1,
		 921, 375, 920, 922,-1,
		 923, 231, 924, 379, 925,-1,
		 926, 382, 925, 368,-1,
		 382, 927, 928, 929,-1,
		 390, 930, 931, 932,-1,
		 933, 379, 924, 934,-1,
		 394, 390, 934, 935,-1,
		 936, 394, 935, 937,-1,
		 398, 887, 179, 938,-1,
		 939, 188, 940,-1,
		 941, 942, 943,-1,
		 944, 199, 945,-1,
		 946, 205, 947,-1,
		 410, 948, 216, 949,-1,
		 950, 951, 398, 952,-1,
		 953, 954, 955, 956,-1,
		 957, 952, 958,-1,
		 959, 960, 961,-1,
		 962, 963, 961, 423,-1,
		 964, 965, 966,-1,
		 423, 967, 966, 968,-1,
		 969, 410, 949, 970,-1,
		 971, 972, 970, 973,-1,
		 438, 437, 937, 233, 974,-1,
		 438, 974, 235, 975,-1,
		 976, 977, 978,-1,
		]
	} #IndexedFaceSet
	Material {
		ambientColor      0.1794 0.2225 0.2500  #ambientColor
		diffuseColor      0.7176 0.8902 1.0000  #diffuseColor
		transparency      0.0000                #transparency
	} #Material

	IndexedFaceSet {
		coordIndex [ 
		 979, 159, 160, 980,-1,
		 447, 446, 980, 981,-1,
		 982, 447, 981, 255, 983,-1,
		 984, 451, 983, 985,-1,
		 451, 986, 987, 988,-1,
		 989, 990, 991, 992,-1,
		 993, 994, 995, 996,-1,
		 997, 998, 999, 1000,-1,
		 1001, 1002, 1003, 468,-1,
		 1004, 1005, 1000, 1006,-1,
		 1007, 248, 1008, 446, 1009,-1,
		 1010, 479, 1009, 478,-1,
		 483, 1011, 1006, 240, 1012,-1,
		 479, 483, 1012, 1013,-1,
		 1014, 1015, 992, 1016,-1,
		 1017, 1018, 1019, 488,-1,
		 494, 1020, 1016, 257, 1021,-1,
		 1022, 494, 1021, 1023,-1,
		 500, 1024, 498, 1025,-1,
		 1026, 500, 1025, 501,-1,
		 506, 1027, 1028, 1029,-1,
		 1030, 259, 1031, 1032,-1,
		 1033, 506, 1032, 498,-1,
		 1034, 1035, 1036,-1,
		 1037, 437, 1038,-1,
		 1039, 1040, 1038, 1041,-1,
		 522, 1042, 1043, 1044,-1,
		 1045, 522, 1044, 1046,-1,
		 1047, 1048, 1041, 1049,-1,
		 1050, 1051, 1052, 528,-1,
		 1053, 1054, 1049, 438, 1055,-1,
		 538, 1056, 1057, 1058,-1,
		 1059, 1060, 1061, 1062,-1,
		 1063, 544, 1062, 543,-1,
		 544, 1064, 1055, 1065,-1,
		 1066, 538, 1060, 1067,-1,
		 553, 1068, 1069, 1070,-1,
		 1071, 553, 1070, 554,-1,
		 1072, 1073, 1067, 1074,-1,
		]
	} #IndexedFaceSet
	Material {
		ambientColor      0.1863 0.1863 0.1863  #ambientColor
		diffuseColor      0.7451 0.7451 0.7451  #diffuseColor
		transparency      0.0000                #transparency
	} #Material

	IndexedFaceSet {
		coordIndex [ 
		 1075, 398, 1076,-1,
		 1077, 1078, 1076, 1079,-1,
		 1080, 1081, 1082,-1,
		 1083, 1084, 1079, 1085,-1,
		 1086, 1087, 1088, 1089,-1,
		 577, 1090, 1091, 1092,-1,
		 577, 1092, 1093,-1,
		 581, 1094, 1085, 1095,-1,
		 1096, 184, 1097, 1098, 1099,-1,
		 1100, 581, 1099, 1101,-1,
		 1102, 1103, 1104, 1105,-1,
		 595, 1106, 1107, 1108,-1,
		 597, 595, 1108, 195, 1109,-1,
		 1110, 210, 223, 1111,-1,
		 1112, 597, 1111, 1113,-1,
		 604, 603, 1113, 225, 1114,-1,
		 604, 1114, 410, 1115,-1,
		 1116, 554, 488, 1117,-1,
		 610, 609, 1117, 501, 1118,-1,
		 612, 610, 1118, 1119,-1,
		 1120, 612, 1119, 498, 1121,-1,
		 617, 1122, 1121, 1123,-1,
		 1124, 1125, 619, 1126,-1,
		 623, 619, 1125, 291, 1127,-1,
		 625, 623, 1127, 302, 1128,-1,
		 627, 625, 1128, 297, 1129,-1,
		 629, 627, 1129, 321, 1130,-1,
		 631, 629, 1130, 1131,-1,
		 1132, 326, 346, 1133,-1,
		 635, 631, 1133, 1134,-1,
		 637, 635, 1134, 343, 1135,-1,
		 639, 637, 1135, 371, 1136,-1,
		 641, 639, 1136, 368, 1137,-1,
		 643, 641, 1137, 379, 1138,-1,
		 645, 643, 1138, 528, 1139,-1,
		 647, 645, 1139, 543, 1140,-1,
		 609, 647, 1140, 1141,-1,
		]
	} #IndexedFaceSet
	Material {
		ambientColor      0.2500 0.2500 0.2500  #ambientColor
		diffuseColor      1.0000 1.0000 1.0000  #diffuseColor
		transparency      0.0000                #transparency
	} #Material

	IndexedFaceSet {
		coordIndex [ 
		 1142, 609, 1143,-1,
		 653, 652, 1143, 610, 1144,-1,
		 655, 653, 1144, 1145,-1,
		 655, 1145, 612, 1146,-1,
		 659, 1147, 1148,-1,
		 1149, 643, 1150, 1151, 1152,-1,
		 666, 665, 1152, 619, 1153,-1,
		 668, 666, 1153, 1154,-1,
		 670, 668, 1154, 623, 1155,-1,
		 672, 670, 1155, 1156,-1,
		 1157, 625, 627, 629, 631, 635, 637, 1158,-1,
		 676, 672, 1158, 639, 1159,-1,
		 678, 676, 1159, 641, 1160,-1,
		 680, 678, 1160, 1161,-1,
		 665, 680, 1161, 1162,-1,
		 683, 659, 1150, 645, 1163,-1,
		 652, 683, 1163, 647, 1164,-1,
		]
	} #IndexedFaceSet
	Material {
		ambientColor      0.1794 0.2225 0.2500  #ambientColor
		diffuseColor      0.7176 0.8902 1.0000  #diffuseColor
		transparency      0.0000                #transparency
	} #Material

	IndexedFaceSet {
		coordIndex [ 
		 659, 683, 652, 653, 655, 617,-1,
		]
	} #IndexedFaceSet
	Material {
		ambientColor      0.0108 0.0618 0.0902  #ambientColor
		diffuseColor      0.0431 0.2471 0.3608  #diffuseColor
		transparency      0.0000                #transparency
	} #Material

	IndexedFaceSet {
		coordIndex [ 
		 676, 678, 680, 665, 666, 668, 670, 672,-1,
		]
	} #IndexedFaceSet
	Material {
		ambientColor      0.0637 0.0637 0.0637  #ambientColor
		diffuseColor      0.2549 0.2549 0.2549  #diffuseColor
		transparency      0.0000                #transparency
	} #Material

	IndexedFaceSet {
		coordIndex [ 
		 468, 478, 446, 447,-1,
		 553, 538, 483, 479,-1,
		 522, 390, 394, 544,-1,
		 382, 370, 355, 375,-1,
		 360, 345, 603, 604,-1,
		 577, 423, 595, 597,-1,
		 320, 307, 314, 581,-1,
		 301, 290, 279, 295,-1,
		 506, 500, 451, 494,-1,
		]
	} #IndexedFaceSet
	Material {
		ambientColor      0.0255 0.0255 0.0255  #ambientColor
		diffuseColor      0.1020 0.1020 0.1020  #diffuseColor
		transparency      0.0000                #transparency
	} #Material

	IndexedFaceSet {
		coordIndex [ 
		 0, 14, 30, 31,-1,
		 31, 30, 14, 0,-1,
		 1, 0, 31, 32,-1,
		 32, 31, 0, 1,-1,
		 2, 1, 32, 33,-1,
		 33, 32, 1, 2,-1,
		 3, 2, 33, 34,-1,
		 34, 33, 2, 3,-1,
		 4, 3, 34, 35,-1,
		 35, 34, 3, 4,-1,
		 5, 4, 35, 36,-1,
		 36, 35, 4, 5,-1,
		 6, 5, 36, 37,-1,
		 37, 36, 5, 6,-1,
		 7, 6, 37, 38,-1,
		 38, 37, 6, 7,-1,
		 8, 7, 38, 39,-1,
		 39, 38, 7, 8,-1,
		 9, 8, 39, 40,-1,
		 40, 39, 8, 9,-1,
		 10, 9, 40, 41,-1,
		 41, 40, 9, 10,-1,
		 11, 10, 41, 42,-1,
		 42, 41, 10, 11,-1,
		 12, 11, 42, 43,-1,
		 43, 42, 11, 12,-1,
		 13, 12, 43, 44,-1,
		 44, 43, 12, 13,-1,
		 14, 13, 44, 30,-1,
		 30, 44, 13, 14,-1,
		 31, 30, 44, 43, 42, 41, 40, 39, 38, 37, 36, 35, 34, 33, 32,-1,
		 32, 33, 34, 35, 36, 37, 38, 39, 40, 41, 42, 43, 44, 30, 31,-1,
		]
	} #IndexedFaceSet
} #Polyhedron
Separator { #Polyhedron
	DEF COORD44 Coordinate3 {
		point [
		 -36.8383 -2.3900 -130.7998,
		 -36.8383 -2.1436 -131.2028,
		 -36.8383 -1.7723 -131.4712,
		 -36.8383 -1.3102 -131.5510,
		 -36.8383 -0.8548 -131.4357,
		 -36.8383 -0.4753 -131.1430,
		 -36.8383 -0.2296 -130.7174,
		 -36.8383 -0.1499 -130.2362,
		 -36.8383 -0.2631 -129.7371,
		 -36.8383 -0.5371 -129.3316,
		 -36.8383 -0.9355 -129.0690,
		 -36.8383 -1.3968 -128.9839,
		 -36.8383 -1.8530 -129.1046,
		 -36.8383 -2.2325 -129.3973,
		 -36.8383 -2.4127 -129.8100,
		 -35.9367 -2.3853 -130.8133,
		 -35.9367 -2.1389 -131.2163,
		 -35.9367 -1.7676 -131.4847,
		 -35.9367 -1.3055 -131.5644,
		 -35.9367 -0.8501 -131.4492,
		 -35.9367 -0.4706 -131.1565,
		 -35.9367 -0.2249 -130.7309,
		 -35.9367 -0.1452 -130.2497,
		 -35.9367 -0.2584 -129.7506,
		 -35.9367 -0.5324 -129.3451,
		 -35.9367 -0.9308 -129.0825,
		 -35.9367 -1.3921 -128.9974,
		 -35.9367 -1.8483 -129.1181,
		 -35.9367 -2.2278 -129.4108,
		 -35.9367 -2.4080 -129.8235,
		 -36.8383 -1.3458 -131.5448,
		 -36.8383 -1.3877 -128.9856,
		 -35.9367 -1.3461 -131.5574,
		 -35.9367 -1.3880 -128.9982,
		 -36.4616 -2.4107 -129.8156,
		 -36.4628 -2.3880 -130.8054,
		 -36.5074 -2.1419 -131.2077,
		 -36.5755 -1.7709 -131.4752,
		 -36.6544 -1.3459 -131.5474,
		 -36.6544 -1.3877 -128.9882,
		 -36.6528 -1.3959 -128.9867,
		 -36.5677 -1.8516 -129.1086,
		 -36.4963 -2.2307 -129.4024
		]
	} #Coordinate3
	Material {
		ambientColor      0.0255 0.0255 0.0255  #ambientColor
		diffuseColor      0.1020 0.1020 0.1020  #diffuseColor
		transparency      0.0000                #transparency
	} #Material

	IndexedFaceSet {
		coordIndex [ 
		 34, 29, 15, 35,-1,
		 35, 15, 29, 34,-1,
		 35, 15, 16, 36,-1,
		 36, 16, 15, 35,-1,
		 36, 16, 17, 37,-1,
		 37, 17, 16, 36,-1,
		 37, 17, 32, 38,-1,
		 38, 32, 17, 37,-1,
		 39, 33, 26, 40,-1,
		 40, 26, 33, 39,-1,
		 40, 26, 27, 41,-1,
		 41, 27, 26, 40,-1,
		 41, 27, 28, 42,-1,
		 42, 28, 27, 41,-1,
		 42, 28, 29, 34,-1,
		 34, 29, 28, 42,-1,
		 29, 28, 27, 26, 33, 32, 17, 16, 15,-1,
		 15, 16, 17, 32, 33, 26, 27, 28, 29,-1,
		 38, 32, 33, 39,-1,
		 39, 33, 32, 38,-1,
		 34, 35, 36, 37, 38, 39, 40, 41, 42,-1,
		 42, 41, 40, 39, 38, 37, 36, 35, 34,-1,
		]
	} #IndexedFaceSet
} #Polyhedron
Separator { #Polyhedron
	DEF COORD45 Coordinate3 {
		point [
		 -36.8383 -2.3554 -120.4572,
		 -36.8383 -2.1090 -120.8602,
		 -36.8383 -1.7377 -121.1286,
		 -36.8383 -1.2756 -121.2084,
		 -36.8383 -0.8202 -121.0931,
		 -36.8383 -0.4407 -120.8004,
		 -36.8383 -0.1950 -120.3748,
		 -36.8383 -0.1153 -119.8936,
		 -36.8383 -0.2285 -119.3945,
		 -36.8383 -0.5025 -118.9890,
		 -36.8383 -0.9009 -118.7264,
		 -36.8383 -1.3622 -118.6413,
		 -36.8383 -1.8184 -118.7620,
		 -36.8383 -2.1979 -119.0547,
		 -36.8383 -2.3781 -119.4674,
		 -35.9367 -2.3507 -120.4707,
		 -35.9367 -2.1043 -120.8737,
		 -35.9367 -1.7330 -121.1421,
		 -35.9367 -1.2709 -121.2218,
		 -35.9367 -0.8155 -121.1066,
		 -35.9367 -0.4360 -120.8139,
		 -35.9367 -0.1903 -120.3883,
		 -35.9367 -0.1106 -119.9071,
		 -35.9367 -0.2238 -119.4080,
		 -35.9367 -0.4978 -119.0025,
		 -35.9367 -0.8962 -118.7399,
		 -35.9367 -1.3575 -118.6548,
		 -35.9367 -1.8137 -118.7754,
		 -35.9367 -2.1932 -119.0682,
		 -35.9367 -2.3734 -119.4808,
		 -36.8383 -1.3112 -121.2022,
		 -36.8383 -1.3531 -118.6430,
		 -35.9367 -1.3116 -121.2148,
		 -35.9367 -1.3534 -118.6556,
		 -36.4616 -2.3761 -119.4730,
		 -36.4628 -2.3534 -120.4628,
		 -36.5074 -2.1073 -120.8651,
		 -36.5755 -1.7363 -121.1326,
		 -36.6544 -1.3113 -121.2048,
		 -36.6544 -1.3531 -118.6456,
		 -36.6528 -1.3613 -118.6441,
		 -36.5677 -1.8170 -118.7660,
		 -36.4963 -2.1961 -119.0598
		]
	} #Coordinate3
	Material {
		ambientColor      0.0255 0.0255 0.0255  #ambientColor
		diffuseColor      0.1020 0.1020 0.1020  #diffuseColor
		transparency      0.0000                #transparency
	} #Material

	IndexedFaceSet {
		coordIndex [ 
		 34, 29, 15, 35,-1,
		 35, 15, 29, 34,-1,
		 35, 15, 16, 36,-1,
		 36, 16, 15, 35,-1,
		 36, 16, 17, 37,-1,
		 37, 17, 16, 36,-1,
		 37, 17, 32, 38,-1,
		 38, 32, 17, 37,-1,
		 39, 33, 26, 40,-1,
		 40, 26, 33, 39,-1,
		 40, 26, 27, 41,-1,
		 41, 27, 26, 40,-1,
		 41, 27, 28, 42,-1,
		 42, 28, 27, 41,-1,
		 42, 28, 29, 34,-1,
		 34, 29, 28, 42,-1,
		 29, 28, 27, 26, 33, 32, 17, 16, 15,-1,
		 15, 16, 17, 32, 33, 26, 27, 28, 29,-1,
		 38, 32, 33, 39,-1,
		 39, 33, 32, 38,-1,
		 34, 35, 36, 37, 38, 39, 40, 41, 42,-1,
		 42, 41, 40, 39, 38, 37, 36, 35, 34,-1,
		]
	} #IndexedFaceSet
} #Polyhedron
Separator { #Polyhedron
	DEF COORD46 Coordinate3 {
		point [
		 -36.9145 -2.3554 -120.4572,
		 -36.9145 -2.1090 -120.8601,
		 -36.9145 -1.7377 -121.1286,
		 -36.9145 -1.2756 -121.2083,
		 -36.9145 -0.8202 -121.0930,
		 -36.9145 -0.4407 -120.8003,
		 -36.9145 -0.1950 -120.3748,
		 -36.9145 -0.1153 -119.8936,
		 -36.9145 -0.2285 -119.3945,
		 -36.9145 -0.5025 -118.9891,
		 -36.9145 -0.9009 -118.7265,
		 -36.9145 -1.3622 -118.6414,
		 -36.9145 -1.8184 -118.7620,
		 -36.9145 -2.1979 -119.0547,
		 -36.9145 -2.3781 -119.4674,
		 -36.0129 -2.3507 -120.4706,
		 -36.0129 -2.1043 -120.8736,
		 -36.0129 -1.7330 -121.1420,
		 -36.0129 -1.2709 -121.2218,
		 -36.0129 -0.8155 -121.1065,
		 -36.0129 -0.4360 -120.8138,
		 -36.0129 -0.1903 -120.3882,
		 -36.0129 -0.1106 -119.9071,
		 -36.0129 -0.2238 -119.4080,
		 -36.0129 -0.4978 -119.0025,
		 -36.0129 -0.8962 -118.7400,
		 -36.0129 -1.3575 -118.6549,
		 -36.0129 -1.8137 -118.7755,
		 -36.0129 -2.1932 -119.0682,
		 -36.0129 -2.3734 -119.4809,
		 -36.4587 -2.3757 -119.4742,
		 -36.4600 -2.3530 -120.4640,
		 -36.5061 -2.1069 -120.8662,
		 -36.5767 -1.7359 -121.1336,
		 -36.6653 -1.2743 -121.2120,
		 -36.7533 -0.8193 -121.0954,
		 -36.8272 -0.4403 -120.8016,
		 -36.8758 -0.1948 -120.3753,
		 -36.8926 -0.1152 -119.8939,
		 -36.8724 -0.2283 -119.3951,
		 -36.8210 -0.5020 -118.9905,
		 -36.7452 -0.9000 -118.7290,
		 -36.6567 -1.3609 -118.6453,
		 -36.5686 -1.8166 -118.7672,
		 -36.4947 -2.1957 -119.0610,
		 -36.9145 -0.5062 -120.8509,
		 -36.9145 -0.5062 -118.9866,
		 -36.9145 -0.5673 -120.8980,
		 -36.9145 -0.5062 -119.9278,
		 -36.9145 -0.5673 -120.2570,
		 -36.9145 -0.7424 -121.0330,
		 -36.9145 -0.7424 -120.5363,
		 -36.9145 -1.0047 -121.1397,
		 -36.9145 -1.0047 -120.7231,
		 -36.9145 -1.3143 -121.2016,
		 -36.9145 -1.3143 -120.7891,
		 -36.9145 -1.6242 -121.1482,
		 -36.9145 -1.6242 -120.7242,
		 -36.9145 -1.8871 -121.0206,
		 -36.9145 -1.8871 -120.5383,
		 -36.9145 -2.0630 -120.8934,
		 -36.9145 -2.0630 -120.2596,
		 -36.9145 -2.1251 -120.8338,
		 -36.9145 -2.1251 -119.9307,
		 -36.9145 -2.1251 -118.9986,
		 -36.9145 -2.1251 -120.8338,
		 -36.9145 -2.0640 -118.9515,
		 -36.9145 -2.0640 -119.6015,
		 -36.9145 -1.8890 -118.8164,
		 -36.9145 -1.8890 -119.3222,
		 -36.9145 -1.6267 -118.7113,
		 -36.9145 -1.6267 -119.1353,
		 -36.9145 -1.3170 -118.6497,
		 -36.9145 -1.3170 -119.0693,
		 -36.9145 -1.0072 -118.7069,
		 -36.9145 -1.0072 -119.1343,
		 -36.9145 -0.7443 -118.8297,
		 -36.9145 -0.7443 -119.3202,
		 -36.9145 -0.5684 -118.9457,
		 -36.9145 -0.5684 -119.5989,
		 -36.9145 -0.5062 -118.9866,
		 -36.9145 -0.5698 -120.2609,
		 -36.9145 -0.5698 -119.5966,
		 -36.9145 -0.6121 -120.3284,
		 -36.9145 -0.5698 -119.8942,
		 -36.9145 -0.6121 -120.2048,
		 -36.9145 -0.7624 -120.5505,
		 -36.9145 -0.7624 -120.4743,
		 -36.9145 -0.9979 -120.7183,
		 -36.9145 -0.9979 -120.6619,
		 -36.9145 -1.2826 -120.7824,
		 -36.9145 -1.2826 -120.7389,
		 -36.9145 -1.5733 -120.7349,
		 -36.9145 -1.5733 -120.6937,
		 -36.9145 -1.8256 -120.5818,
		 -36.9145 -1.8256 -120.5330,
		 -36.9145 -2.0012 -120.3575,
		 -36.9145 -2.0012 -120.2814,
		 -36.9145 -2.0734 -120.2047,
		 -36.9145 -2.0734 -119.9772,
		 -36.9145 -2.0734 -119.6519,
		 -36.9145 -2.0734 -120.2047,
		 -36.9145 -2.0311 -119.5489,
		 -36.9145 -2.0311 -119.6667,
		 -36.9145 -1.8807 -119.3163,
		 -36.9145 -1.8807 -119.3971,
		 -36.9145 -1.6453 -119.1486,
		 -36.9145 -1.6453 -119.2095,
		 -36.9145 -1.3605 -119.0786,
		 -36.9145 -1.3605 -119.1325,
		 -36.9145 -1.0699 -119.1211,
		 -36.9145 -1.0699 -119.1778,
		 -36.9145 -0.8175 -119.2684,
		 -36.9145 -0.8175 -119.3384,
		 -36.9145 -0.6419 -119.4823,
		 -36.9145 -0.6419 -119.5900,
		 -36.9145 -0.5698 -119.5966,
		 -36.9145 -0.6411 -120.2568,
		 -36.9145 -0.6411 -119.5933,
		 -36.9145 -0.6785 -120.3239,
		 -36.9145 -0.6411 -119.8938,
		 -36.9145 -0.6785 -120.1742,
		 -36.9145 -0.8135 -120.5151,
		 -36.9145 -0.8135 -120.4181,
		 -36.9145 -1.0256 -120.6694,
		 -36.9145 -1.0256 -120.5881,
		 -36.9145 -1.2825 -120.7389,
		 -36.9145 -1.2825 -120.6585,
		 -36.9145 -1.5450 -120.6981,
		 -36.9145 -1.5450 -120.6185,
		 -36.9145 -1.7733 -120.5663,
		 -36.9145 -1.7733 -120.4742,
		 -36.9145 -1.9325 -120.3799,
		 -36.9145 -1.9325 -120.2476,
		 -36.9145 -1.9984 -120.2855,
		 -36.9145 -1.9984 -119.9731,
		 -36.9145 -1.9984 -119.6081,
		 -36.9145 -1.9984 -120.2855,
		 -36.9145 -1.9610 -119.5410,
		 -36.9145 -1.9610 -119.6927,
		 -36.9145 -1.8260 -119.3535,
		 -36.9145 -1.8260 -119.4488,
		 -36.9145 -1.6139 -119.2010,
		 -36.9145 -1.6139 -119.2788,
		 -36.9145 -1.3570 -119.1330,
		 -36.9145 -1.3570 -119.2084,
		 -36.9145 -1.0945 -119.1739,
		 -36.9145 -1.0945 -119.2484,
		 -36.9145 -0.8663 -119.3074,
		 -36.9145 -0.8663 -119.3927,
		 -36.9145 -0.7071 -119.4967,
		 -36.9145 -0.7071 -119.6193,
		 -36.9145 -0.6411 -119.5933,
		 -36.9145 -0.6850 -120.1860,
		 -36.9145 -0.6850 -119.7110,
		 -36.9145 -0.6863 -120.1883,
		 -36.9145 -0.6850 -119.8847,
		 -36.9145 -0.6863 -119.8955,
		 -36.9145 -0.7126 -120.2357,
		 -36.9145 -0.6863 -119.9175,
		 -36.9145 -0.7126 -120.1472,
		 -36.9145 -0.7165 -120.2428,
		 -36.9145 -0.7165 -120.1538,
		 -36.9145 -0.6863 -119.8955,
		 -36.9145 -0.6879 -119.9084,
		 -36.9145 -0.7489 -120.3012,
		 -36.9145 -0.7165 -120.1538,
		 -36.9145 -0.7489 -120.2073,
		 -36.9145 -0.7489 -120.2073,
		 -36.9145 -0.8396 -120.3765,
		 -36.9145 -0.8396 -120.4389,
		 -36.9145 -0.7489 -120.3012,
		 -36.9145 -1.0354 -120.5908,
		 -36.9145 -1.0354 -120.5381,
		 -36.9145 -1.2743 -120.6563,
		 -36.9145 -1.2743 -120.6074,
		 -36.9145 -1.5198 -120.6223,
		 -36.9145 -1.5198 -120.5737,
		 -36.9145 -1.7346 -120.4986,
		 -36.9145 -1.7346 -120.4422,
		 -36.9145 -1.7717 -120.4752,
		 -36.9145 -1.7717 -120.3909,
		 -36.9145 -1.7878 -120.4535,
		 -36.9145 -1.7717 -120.3909,
		 -36.9145 -1.7878 -120.3772,
		 -36.9145 -1.8762 -120.3277,
		 -36.9145 -1.8762 -120.2465,
		 -36.9145 -1.8762 -120.2465,
		 -36.9145 -1.8860 -120.2329,
		 -36.9145 -1.8860 -120.3137,
		 -36.9145 -1.8762 -120.3277,
		 -36.9145 -1.8864 -120.3132,
		 -36.9145 -1.8864 -120.2314,
		 -36.9145 -1.8983 -120.2962,
		 -36.9145 -1.8864 -120.2314,
		 -36.9145 -1.8983 -120.2137,
		 -36.9145 -1.9340 -120.2412,
		 -36.9145 -1.9340 -120.0440,
		 -36.9145 -1.9340 -120.0440,
		 -36.9145 -1.9509 -119.9777,
		 -36.9145 -1.9509 -120.1710,
		 -36.9145 -1.9340 -120.2412,
		 -36.9145 -1.9509 -119.6744,
		 -36.9145 -1.9509 -120.1710,
		 -36.9145 -1.9276 -119.7839,
		 -36.9145 -1.9194 -119.7154,
		 -36.9145 -1.9194 -119.6175,
		 -36.9145 -1.9276 -119.6324,
		 -36.9145 -1.9503 -119.9732,
		 -36.9145 -1.9498 -119.9688,
		 -36.9145 -1.9503 -119.9663,
		 -36.9145 -1.9503 -119.6734,
		 -36.9145 -1.9503 -119.9732,
		 -36.9145 -1.9276 -119.6324,
		 -36.9145 -1.9276 -119.7839,
		 -36.9145 -1.8134 -119.5177,
		 -36.9145 -1.7963 -119.4859,
		 -36.9145 -1.7963 -119.4251,
		 -36.9145 -1.8134 -119.4387,
		 -36.9145 -1.9190 -119.6168,
		 -36.9145 -1.9190 -119.7146,
		 -36.9145 -1.9185 -119.6160,
		 -36.9145 -1.9190 -119.7146,
		 -36.9145 -1.9185 -119.7110,
		 -36.9145 -1.8138 -119.4391,
		 -36.9145 -1.8138 -119.5181,
		 -36.9145 -1.8134 -119.4387,
		 -36.9145 -1.8134 -119.5177,
		 -36.9145 -1.6005 -119.2751,
		 -36.9145 -1.6005 -119.3243,
		 -36.9145 -1.3616 -119.2097,
		 -36.9145 -1.3616 -119.2550,
		 -36.9145 -1.1161 -119.2451,
		 -36.9145 -1.1161 -119.2887,
		 -36.9145 -0.9013 -119.3706,
		 -36.9145 -0.9013 -119.4202,
		 -36.9145 -0.8878 -119.3791,
		 -36.9145 -0.8878 -119.4387,
		 -36.9145 -0.8799 -119.3841,
		 -36.9145 -0.8878 -119.4387,
		 -36.9145 -0.8799 -119.4435,
		 -36.9145 -0.7499 -119.5583,
		 -36.9145 -0.7499 -119.6212,
		 -36.9145 -0.7058 -119.8029,
		 -36.9145 -0.6850 -119.7110,
		 -36.9145 -0.7058 -119.6243,
		 -36.9145 -0.7328 -119.5827,
		 -36.9145 -0.7499 -119.6212,
		 -36.9145 -0.7328 -119.6446,
		 -36.9145 -0.7058 -119.6243,
		 -36.9145 -0.7058 -119.8029,
		 -36.9145 -0.6879 -119.9084,
		 -36.9145 -0.6879 -119.8735,
		 -36.9145 -0.8410 -120.3776,
		 -36.9145 -0.7489 -120.2073,
		 -36.9145 -0.8410 -120.3597,
		 -36.9145 -1.0240 -120.5287,
		 -36.9145 -1.0240 -120.5287,
		 -36.9145 -1.1671 -120.5763,
		 -36.9145 -1.1671 -120.5759,
		 -36.9145 -1.1721 -120.5778,
		 -36.9145 -1.1721 -120.2698,
		 -36.9145 -1.1880 -120.5824,
		 -36.9145 -1.1721 -120.2698,
		 -36.9145 -1.1880 -120.2777,
		 -36.9145 -1.1838 -119.5957,
		 -36.9145 -1.1831 -119.5960,
		 -36.9145 -1.1838 -119.5577,
		 -36.9145 -1.1880 -119.5941,
		 -36.9145 -1.1838 -119.5577,
		 -36.9145 -1.1880 -119.5562,
		 -36.9145 -1.1876 -119.3240,
		 -36.9145 -1.1880 -119.2964,
		 -36.9145 -1.1880 -119.3238,
		 -36.9145 -1.2204 -120.5918,
		 -36.9145 -1.1880 -120.5824,
		 -36.9145 -1.1880 -120.2777,
		 -36.9145 -1.2204 -120.2938,
		 -36.9145 -1.2315 -120.5950,
		 -36.9145 -1.2204 -120.5453,
		 -36.9145 -1.2315 -120.5453,
		 -36.9145 -1.2204 -120.2938,
		 -36.9145 -1.2315 -120.2992,
		 -36.9145 -1.2315 -120.4882,
		 -36.9145 -1.3689 -120.5944,
		 -36.9145 -1.2315 -120.5453,
		 -36.9145 -1.3689 -120.5455,
		 -36.9145 -1.2610 -120.3006,
		 -36.9145 -1.3689 -120.3058,
		 -36.9145 -1.3689 -120.3312,
		 -36.9145 -1.2610 -120.3353,
		 -36.9145 -1.2315 -120.2992,
		 -36.9145 -1.2315 -120.4882,
		 -36.9145 -1.4401 -120.5846,
		 -36.9145 -1.3689 -120.5455,
		 -36.9145 -1.4401 -120.5455,
		 -36.9145 -1.4401 -120.2783,
		 -36.9145 -1.4981 -120.2559,
		 -36.9145 -1.4981 -120.5767,
		 -36.9145 -1.4401 -120.5846,
		 -36.9145 -1.3820 -120.3007,
		 -36.9145 -1.3820 -120.3306,
		 -36.9145 -1.3689 -120.3058,
		 -36.9145 -1.3689 -120.3312,
		 -36.9145 -1.5378 -120.5627,
		 -36.9145 -1.5378 -120.2174,
		 -36.9145 -1.5996 -120.5249,
		 -36.9145 -1.5378 -120.2661,
		 -36.9145 -1.5996 -120.3944,
		 -36.9145 -1.5378 -120.2174,
		 -36.9145 -1.5996 -120.1573,
		 -36.9145 -1.5996 -120.2075,
		 -36.9145 -1.6368 -120.5021,
		 -36.9145 -1.5996 -120.3944,
		 -36.9145 -1.6368 -120.4715,
		 -36.9145 -1.6579 -120.4892,
		 -36.9145 -1.6579 -120.4492,
		 -36.9145 -1.6140 -120.1246,
		 -36.9145 -1.6579 -120.0250,
		 -36.9145 -1.6579 -120.2239,
		 -36.9145 -1.6140 -120.1938,
		 -36.9145 -1.5996 -120.1573,
		 -36.9145 -1.5996 -120.2075,
		 -36.9145 -1.6640 -120.4854,
		 -36.9145 -1.6579 -120.4492,
		 -36.9145 -1.6640 -120.4428,
		 -36.9145 -1.6579 -120.0250,
		 -36.9145 -1.6640 -119.8790,
		 -36.9145 -1.6640 -120.2281,
		 -36.9145 -1.6579 -120.2239,
		 -36.9145 -1.6783 -120.4767,
		 -36.9145 -1.6640 -120.4854,
		 -36.9145 -1.6640 -120.4428,
		 -36.9145 -1.6783 -120.4277,
		 -36.9145 -1.6640 -119.7566,
		 -36.9145 -1.6783 -119.7525,
		 -36.9145 -1.6783 -120.2379,
		 -36.9145 -1.6640 -120.2281,
		 -36.9145 -1.6640 -119.3767,
		 -36.9145 -1.6783 -119.3885,
		 -36.9145 -1.6783 -119.5890,
		 -36.9145 -1.6640 -119.6043,
		 -36.9145 -1.6594 -119.8654,
		 -36.9145 -1.6171 -119.7417,
		 -36.9145 -1.6171 -119.6793,
		 -36.9145 -1.6594 -119.7579,
		 -36.9145 -1.6640 -119.8790,
		 -36.9145 -1.6640 -119.7566,
		 -36.9145 -1.6171 -119.3380,
		 -36.9145 -1.6640 -119.3767,
		 -36.9145 -1.6640 -119.6043,
		 -36.9145 -1.6171 -119.6544,
		 -36.9145 -1.6065 -119.7293,
		 -36.9145 -1.5243 -119.6338,
		 -36.9145 -1.5243 -119.5020,
		 -36.9145 -1.6065 -119.3813,
		 -36.9145 -1.6086 -119.7317,
		 -36.9145 -1.6065 -119.7293,
		 -36.9145 -1.6065 -119.3292,
		 -36.9145 -1.6086 -119.3309,
		 -36.9145 -1.6086 -119.6635,
		 -36.9145 -1.6171 -119.6793,
		 -36.9145 -1.6086 -119.3309,
		 -36.9145 -1.6171 -119.3380,
		 -36.9145 -1.6171 -119.6544,
		 -36.9145 -1.5243 -119.3022,
		 -36.9145 -1.5243 -119.3525,
		 -36.9145 -1.4790 -119.6113,
		 -36.9145 -1.3997 -119.5720,
		 -36.9145 -1.3997 -119.5358,
		 -36.9145 -1.4790 -119.5685,
		 -36.9145 -1.5243 -119.6338,
		 -36.9145 -1.5243 -119.5020,
		 -36.9145 -1.4047 -119.2675,
		 -36.9145 -1.5243 -119.3525,
		 -36.9145 -1.4047 -119.3106,
		 -36.9145 -1.3997 -119.2660,
		 -36.9145 -1.3997 -119.3618,
		 -36.9145 -1.3835 -119.5712,
		 -36.9145 -1.2623 -119.5654,
		 -36.9145 -1.2623 -119.2686,
		 -36.9145 -1.3835 -119.2613,
		 -36.9145 -1.3835 -119.5291,
		 -36.9145 -1.3997 -119.5358,
		 -36.9145 -1.3835 -119.2613,
		 -36.9145 -1.3997 -119.2660,
		 -36.9145 -1.3997 -119.3618,
		 -36.9145 -1.2398 -119.5741,
		 -36.9145 -1.1880 -119.5941,
		 -36.9145 -1.1880 -119.5562,
		 -36.9145 -1.2398 -119.5386,
		 -36.9145 -1.2398 -119.2717,
		 -36.9145 -1.2398 -119.5741,
		 -36.9145 -1.2280 -119.2733,
		 -36.9145 -1.2280 -119.3078,
		 -36.9145 -1.1880 -119.2788,
		 -36.9145 -1.1880 -119.3238,
		 -36.9145 -1.7717 -120.3909,
		 -36.9145 -1.6783 -120.4707,
		 -36.9145 -1.8864 -120.2314,
		 -36.9145 -1.8762 -120.2465,
		 -36.9145 -1.9498 -119.9819,
		 -36.9145 -1.9340 -120.0440,
		 -36.9145 -1.9498 -119.9688,
		 -36.9145 -1.9498 -119.9688,
		 -36.9145 -1.9498 -119.9819,
		 -36.9145 -1.9190 -119.7146,
		 -36.9145 -1.9276 -119.7839,
		 -36.9145 -1.7075 -119.4126,
		 -36.9145 -1.8134 -119.5177,
		 -36.9145 -1.7075 -119.4206,
		 -36.9145 -1.6789 -120.4510,
		 -36.9145 -1.6783 -120.4277,
		 -36.9145 -1.6789 -120.4271,
		 -36.9145 -1.6783 -119.7525,
		 -36.9145 -1.6789 -119.7523,
		 -36.9145 -1.6789 -120.2383,
		 -36.9145 -1.6783 -120.2379,
		 -36.9145 -1.6796 -120.4264,
		 -36.9145 -1.6789 -120.4271,
		 -36.9145 -1.6847 -120.0204,
		 -36.9145 -1.6908 -120.0232,
		 -36.9145 -1.6847 -120.2423,
		 -36.9145 -1.6789 -120.0177,
		 -36.9145 -1.6847 -120.2423,
		 -36.9145 -1.6789 -120.2383,
		 -36.9145 -1.6936 -119.7481,
		 -36.9145 -1.6984 -119.7467,
		 -36.9145 -1.6936 -119.9218,
		 -36.9145 -1.6789 -119.7523,
		 -36.9145 -1.6936 -119.9218,
		 -36.9145 -1.7036 -119.4093,
		 -36.9145 -1.7036 -119.5621,
		 -36.9145 -1.6783 -119.3885,
		 -36.9145 -1.7036 -119.5621,
		 -36.9145 -1.6783 -119.5890,
		 -36.9145 -1.0434 -119.3332,
		 -36.9145 -1.1880 -119.2964,
		 -36.9145 -1.0434 -119.3447,
		 -36.9145 -0.8878 -119.4387,
		 -36.9145 -0.6879 -119.8735,
		 -36.9145 -0.7058 -119.8029,
		 -36.9145 -0.6879 -119.9084,
		 -36.9145 -0.7227 -120.1640,
		 -36.9145 -0.7227 -119.7037,
		 -36.9145 -0.7550 -120.2175,
		 -36.9145 -0.7227 -119.9056,
		 -36.9145 -0.7550 -120.1290,
		 -36.9145 -0.8753 -120.3915,
		 -36.9145 -0.8753 -120.0796,
		 -36.9145 -0.9481 -120.4586,
		 -36.9145 -0.8753 -120.3582,
		 -36.9145 -0.9481 -120.4088,
		 -36.9145 -0.8753 -120.0796,
		 -36.9145 -0.9481 -120.0498,
		 -36.9145 -0.9481 -120.2952,
		 -36.9145 -0.9671 -120.4762,
		 -36.9145 -0.9481 -120.4586,
		 -36.9145 -0.9481 -120.4088,
		 -36.9145 -0.9671 -120.4220,
		 -36.9145 -0.9481 -119.7559,
		 -36.9145 -0.9671 -119.7624,
		 -36.9145 -0.9671 -120.2788,
		 -36.9145 -0.9481 -120.2952,
		 -36.9145 -0.9481 -119.4023,
		 -36.9145 -0.9671 -119.3908,
		 -36.9145 -0.9671 -119.6036,
		 -36.9145 -0.9481 -119.5813,
		 -36.9145 -0.9481 -120.0498,
		 -36.9145 -0.9379 -119.9414,
		 -36.9145 -0.9379 -119.7524,
		 -36.9145 -0.9481 -119.7559,
		 -36.9145 -0.9379 -119.4085,
		 -36.9145 -0.9481 -119.5813,
		 -36.9145 -0.9379 -119.5692,
		 -36.9145 -0.7721 -119.9138,
		 -36.9145 -0.7227 -119.7037,
		 -36.9145 -0.7721 -119.5908,
		 -36.9145 -0.9379 -119.9414,
		 -36.9145 -0.7721 -119.6956,
		 -36.9145 -0.9379 -119.7524,
		 -36.9145 -0.8793 -119.4443,
		 -36.9145 -0.9379 -119.5692,
		 -36.9145 -0.8793 -119.5004,
		 -36.9145 -0.7721 -119.5908,
		 -36.9145 -1.0141 -120.5195,
		 -36.9145 -0.9671 -120.4220,
		 -36.9145 -1.0141 -120.4546,
		 -36.9145 -0.9671 -119.9922,
		 -36.9145 -1.0141 -120.1295,
		 -36.9145 -1.0141 -120.2381,
		 -36.9145 -0.9671 -120.2788,
		 -36.9145 -1.0526 -120.5381,
		 -36.9145 -1.0141 -120.4546,
		 -36.9145 -1.0526 -120.4814,
		 -36.9145 -1.1069 -120.5560,
		 -36.9145 -1.1069 -120.3296,
		 -36.9145 -1.0434 -120.1636,
		 -36.9145 -1.1069 -120.2374,
		 -36.9145 -1.1069 -120.2621,
		 -36.9145 -1.0434 -120.2127,
		 -36.9145 -1.0141 -120.1295,
		 -36.9145 -1.0141 -120.2381,
		 -36.9145 -1.1258 -120.5622,
		 -36.9145 -1.1069 -120.5560,
		 -36.9145 -1.1069 -120.3296,
		 -36.9145 -1.1258 -120.2768,
		 -36.9145 -1.1258 -120.2468,
		 -36.9145 -1.1721 -120.2698,
		 -36.9145 -1.1258 -120.5622,
		 -36.9145 -1.1069 -120.2621,
		 -36.9145 -1.1838 -119.5577,
		 -36.9145 -1.1831 -119.5960,
		 -36.9145 -1.1831 -119.5579,
		 -36.9145 -1.1876 -119.2966,
		 -36.9145 -1.1876 -119.3240,
		 -36.9145 -1.1831 -119.2980,
		 -36.9145 -1.1876 -119.3240,
		 -36.9145 -1.1831 -119.3258,
		 -36.9145 -1.1422 -119.6117,
		 -36.9145 -1.1330 -119.6153,
		 -36.9145 -1.1330 -119.5568,
		 -36.9145 -1.1422 -119.5718,
		 -36.9145 -1.1831 -119.5960,
		 -36.9145 -1.1831 -119.5579,
		 -36.9145 -1.1330 -119.3148,
		 -36.9145 -1.1831 -119.3258,
		 -36.9145 -1.1330 -119.3460,
		 -36.9145 -1.1330 -119.6153,
		 -36.9145 -1.0315 -119.7139,
		 -36.9145 -1.0315 -119.3915,
		 -36.9145 -1.1330 -119.5568,
		 -36.9145 -1.0315 -119.3518,
		 -36.9145 -1.1330 -119.3460,
		 -36.9145 -1.0315 -119.3868,
		 -36.9145 -1.0253 -119.7280,
		 -36.9145 -0.9733 -119.8462,
		 -36.9145 -0.9733 -119.7563,
		 -36.9145 -1.0253 -119.6720,
		 -36.9145 -1.0292 -119.7192,
		 -36.9145 -1.0253 -119.7280,
		 -36.9145 -1.0253 -119.3556,
		 -36.9145 -1.0292 -119.3533,
		 -36.9145 -1.0315 -119.7139,
		 -36.9145 -1.0292 -119.3878,
		 -36.9145 -1.0315 -119.3915,
		 -36.9145 -1.0292 -119.3533,
		 -36.9145 -1.0315 -119.3868,
		 -36.9145 -0.9733 -119.3871,
		 -36.9145 -0.9733 -119.6108,
		 -36.9145 -0.9691 -119.9465,
		 -36.9145 -0.9671 -119.9922,
		 -36.9145 -0.9671 -119.7624,
		 -36.9145 -0.9691 -119.7631,
		 -36.9145 -0.9733 -119.8462,
		 -36.9145 -0.9733 -119.7563,
		 -36.9145 -0.9671 -119.3908,
		 -36.9145 -0.9733 -119.6108,
		 -36.9145 -0.9671 -119.6036,
		 -36.9145 -1.6796 -120.4697,
		 -36.9145 -1.6796 -120.4264,
		 -36.9145 -1.6908 -120.4601,
		 -36.9145 -1.6796 -120.4264,
		 -36.9145 -1.6908 -120.4146,
		 -36.9145 -1.6847 -120.2423,
		 -36.9145 -1.6908 -120.0232,
		 -36.9145 -1.6908 -120.2464,
		 -36.9145 -1.6984 -120.4535,
		 -36.9145 -1.6908 -120.4146,
		 -36.9145 -1.6984 -120.4065,
		 -36.9145 -1.6908 -120.0232,
		 -36.9145 -1.6984 -120.0269,
		 -36.9145 -1.6984 -120.2517,
		 -36.9145 -1.6908 -120.2464,
		 -36.9145 -1.6953 -119.8585,
		 -36.9145 -1.6984 -119.7467,
		 -36.9145 -1.6984 -119.9100,
		 -36.9145 -1.6953 -119.9104,
		 -36.9145 -1.6936 -119.9218,
		 -36.9145 -1.7874 -120.3775,
		 -36.9145 -1.6984 -120.4065,
		 -36.9145 -1.7874 -120.3127,
		 -36.9145 -1.7874 -120.0687,
		 -36.9145 -1.8693 -120.1072,
		 -36.9145 -1.8693 -120.2567,
		 -36.9145 -1.7874 -120.3775,
		 -36.9145 -1.6984 -120.0269,
		 -36.9145 -1.6984 -120.2517,
		 -36.9145 -1.6984 -119.7467,
		 -36.9145 -1.8693 -119.6977,
		 -36.9145 -1.8693 -119.8905,
		 -36.9145 -1.6984 -119.9100,
		 -36.9145 -1.8776 -120.2444,
		 -36.9145 -1.8693 -120.2567,
		 -36.9145 -1.8693 -120.1072,
		 -36.9145 -1.8776 -120.1111,
		 -36.9145 -1.9006 -120.2028,
		 -36.9145 -1.9006 -119.8869,
		 -36.9145 -1.9006 -119.6781,
		 -36.9145 -1.9006 -120.2028,
		 -36.9145 -1.8693 -119.6203,
		 -36.9145 -1.8693 -119.8905,
		 -36.9145 -1.7543 -119.4636,
		 -36.9145 -1.8693 -119.6977,
		 -36.9145 -1.7543 -119.5079,
		 -36.9145 -1.7036 -119.5621,
		 -36.9145 -0.9951 -120.0740,
		 -36.9145 -0.9951 -119.7967,
		 -36.9145 -1.0259 -120.1433,
		 -36.9145 -0.9951 -119.9458,
		 -36.9145 -1.0259 -120.0773,
		 -36.9145 -1.1017 -120.2314,
		 -36.9145 -1.1017 -120.1863,
		 -36.9145 -1.1523 -120.2599,
		 -36.9145 -1.1523 -120.2187,
		 -36.9145 -1.1610 -120.2643,
		 -36.9145 -1.1523 -120.2187,
		 -36.9145 -1.1610 -120.2256,
		 -36.9145 -1.1610 -120.2242,
		 -36.9145 -1.2110 -120.2562,
		 -36.9145 -1.2110 -120.2891,
		 -36.9145 -1.1610 -120.2643,
		 -36.9145 -1.3372 -120.3043,
		 -36.9145 -1.3372 -120.2763,
		 -36.9145 -1.4610 -120.2702,
		 -36.9145 -1.4610 -120.2436,
		 -36.9145 -1.5636 -120.1923,
		 -36.9145 -1.5636 -120.1630,
		 -36.9145 -1.6294 -120.0898,
		 -36.9145 -1.6294 -120.0469,
		 -36.9145 -1.6483 -120.0468,
		 -36.9145 -1.6483 -119.9129,
		 -36.9145 -1.6483 -119.8329,
		 -36.9145 -1.6483 -120.0468,
		 -36.9145 -1.6175 -119.7427,
		 -36.9145 -1.6175 -119.7813,
		 -36.9145 -1.5416 -119.6540,
		 -36.9145 -1.5416 -119.6724,
		 -36.9145 -1.4323 -119.5882,
		 -36.9145 -1.4323 -119.6025,
		 -36.9145 -1.3062 -119.5675,
		 -36.9145 -1.3062 -119.5824,
		 -36.9145 -1.1824 -119.5963,
		 -36.9145 -1.1824 -119.6151,
		 -36.9145 -1.0798 -119.6670,
		 -36.9145 -1.0798 -119.6957,
		 -36.9145 -1.0140 -119.7537,
		 -36.9145 -1.0140 -119.8118,
		 -36.9145 -0.9951 -119.7967,
		 -36.9145 -1.0106 -120.0122,
		 -36.9145 -1.0106 -119.8357,
		 -36.9145 -1.0260 -120.0775,
		 -36.9145 -1.0106 -119.8918,
		 -36.9145 -1.0260 -120.0512,
		 -36.9145 -1.0959 -120.1780,
		 -36.9145 -1.0959 -120.1735,
		 -36.9145 -1.1523 -120.2187,
		 -36.9145 -1.1647 -120.2266,
		 -36.9145 -1.1610 -120.2242,
		 -36.9145 -1.1647 -119.6336,
		 -36.9145 -1.1924 -120.2443,
		 -36.9145 -1.1647 -120.2266,
		 -36.9145 -1.1647 -119.6290,
		 -36.9145 -1.1924 -119.6125,
		 -36.9145 -1.2359 -120.2602,
		 -36.9145 -1.1924 -119.9532,
		 -36.9145 -1.2359 -120.0424,
		 -36.9145 -1.3260 -120.2745,
		 -36.9145 -1.3260 -120.0727,
		 -36.9145 -1.4100 -120.2571,
		 -36.9145 -1.4100 -120.0265,
		 -36.9145 -1.4386 -120.2495,
		 -36.9145 -1.4386 -119.9307,
		 -36.9145 -1.4386 -119.6065,
		 -36.9145 -1.4386 -120.2495,
		 -36.9145 -1.3950 -119.5966,
		 -36.9145 -1.3950 -119.8416,
		 -36.9145 -1.3049 -119.5827,
		 -36.9145 -1.3049 -119.8112,
		 -36.9145 -1.2210 -119.6049,
		 -36.9145 -1.2210 -119.8575,
		 -36.9145 -1.1924 -119.6125,
		 -36.9145 -1.0549 -119.7396,
		 -36.9145 -1.0549 -119.7525,
		 -36.9145 -1.0106 -119.8357,
		 -36.9145 -0.5062 -118.9866,
		 -36.9145 -0.5062 -120.8509,
		 -36.9145 -0.5673 -120.8980,
		 -36.9145 -0.7424 -121.0330,
		 -36.9145 -1.0047 -121.1397,
		 -36.9145 -1.3143 -121.2016,
		 -36.9145 -1.6242 -121.1482,
		 -36.9145 -1.8871 -121.0206,
		 -36.9145 -2.0630 -120.8934,
		 -36.9145 -2.1251 -120.8338,
		 -36.9145 -2.1251 -120.8338,
		 -36.9145 -2.1251 -118.9986,
		 -36.9145 -2.0640 -118.9515,
		 -36.9145 -1.8890 -118.8164,
		 -36.9145 -1.6267 -118.7113,
		 -36.9145 -1.3170 -118.6497,
		 -36.9145 -1.0072 -118.7069,
		 -36.9145 -0.7443 -118.8297,
		 -36.9145 -0.5684 -118.9457,
		 -36.9145 -0.5062 -118.9866,
		 -36.9145 -0.5698 -119.5966,
		 -36.9145 -0.5698 -120.2609,
		 -36.9145 -0.6121 -120.3284,
		 -36.9145 -0.7624 -120.5505,
		 -36.9145 -0.9979 -120.7183,
		 -36.9145 -1.2826 -120.7824,
		 -36.9145 -1.5733 -120.7349,
		 -36.9145 -1.8256 -120.5818,
		 -36.9145 -2.0012 -120.3575,
		 -36.9145 -2.0734 -120.2047,
		 -36.9145 -2.0734 -120.2047,
		 -36.9145 -2.0734 -119.6519,
		 -36.9145 -2.0311 -119.5489,
		 -36.9145 -1.8807 -119.3163,
		 -36.9145 -1.6453 -119.1486,
		 -36.9145 -1.3605 -119.0786,
		 -36.9145 -1.0699 -119.1211,
		 -36.9145 -0.8175 -119.2684,
		 -36.9145 -0.6419 -119.4823,
		 -36.9145 -0.5698 -119.5966,
		 -36.9145 -0.6411 -119.5933,
		 -36.9145 -0.6411 -120.2568,
		 -36.9145 -0.6785 -120.3239,
		 -36.9145 -0.8135 -120.5151,
		 -36.9145 -1.0256 -120.6694,
		 -36.9145 -1.2825 -120.7389,
		 -36.9145 -1.5450 -120.6981,
		 -36.9145 -1.7733 -120.5663,
		 -36.9145 -1.9325 -120.3799,
		 -36.9145 -1.9984 -120.2855,
		 -36.9145 -1.9984 -120.2855,
		 -36.9145 -1.9984 -119.6081,
		 -36.9145 -1.9610 -119.5410,
		 -36.9145 -1.8260 -119.3535,
		 -36.9145 -1.6139 -119.2010,
		 -36.9145 -1.3570 -119.1330,
		 -36.9145 -1.0945 -119.1739,
		 -36.9145 -0.8663 -119.3074,
		 -36.9145 -0.7071 -119.4967,
		 -36.9145 -0.6411 -119.5933,
		 -36.9145 -0.6850 -119.7110,
		 -36.9145 -0.6850 -120.1860,
		 -36.9145 -0.6863 -119.8955,
		 -36.9145 -0.6863 -120.1883,
		 -36.9145 -0.7126 -120.2357,
		 -36.9145 -0.7165 -120.1538,
		 -36.9145 -0.7165 -120.2428,
		 -36.9145 -0.6879 -119.9084,
		 -36.9145 -0.6863 -119.8955,
		 -36.9145 -0.7489 -120.2073,
		 -36.9145 -0.7165 -120.1538,
		 -36.9145 -0.7489 -120.3012,
		 -36.9145 -0.7489 -120.3012,
		 -36.9145 -0.8396 -120.4389,
		 -36.9145 -0.7489 -120.2073,
		 -36.9145 -1.0354 -120.5908,
		 -36.9145 -1.2743 -120.6563,
		 -36.9145 -1.5198 -120.6223,
		 -36.9145 -1.7346 -120.4986,
		 -36.9145 -1.7717 -120.3909,
		 -36.9145 -1.7717 -120.4752,
		 -36.9145 -1.7717 -120.3909,
		 -36.9145 -1.7878 -120.4535,
		 -36.9145 -1.8762 -120.2465,
		 -36.9145 -1.8762 -120.3277,
		 -36.9145 -1.8762 -120.3277,
		 -36.9145 -1.8860 -120.3137,
		 -36.9145 -1.8762 -120.2465,
		 -36.9145 -1.8864 -120.2314,
		 -36.9145 -1.8864 -120.3132,
		 -36.9145 -1.8864 -120.2314,
		 -36.9145 -1.8983 -120.2962,
		 -36.9145 -1.9340 -120.0440,
		 -36.9145 -1.9340 -120.2412,
		 -36.9145 -1.9340 -120.2412,
		 -36.9145 -1.9509 -120.1710,
		 -36.9145 -1.9340 -120.0440,
		 -36.9145 -1.9509 -120.1710,
		 -36.9145 -1.9509 -119.6744,
		 -36.9145 -1.9276 -119.6324,
		 -36.9145 -1.9194 -119.6175,
		 -36.9145 -1.9276 -119.7839,
		 -36.9145 -1.9498 -119.9688,
		 -36.9145 -1.9503 -119.9732,
		 -36.9145 -1.9503 -119.9732,
		 -36.9145 -1.9503 -119.6734,
		 -36.9145 -1.9276 -119.7839,
		 -36.9145 -1.9276 -119.6324,
		 -36.9145 -1.8134 -119.4387,
		 -36.9145 -1.7963 -119.4251,
		 -36.9145 -1.8134 -119.5177,
		 -36.9145 -1.9190 -119.7146,
		 -36.9145 -1.9190 -119.6168,
		 -36.9145 -1.9190 -119.7146,
		 -36.9145 -1.9185 -119.6160,
		 -36.9145 -1.8138 -119.4391,
		 -36.9145 -1.8134 -119.5177,
		 -36.9145 -1.8134 -119.4387,
		 -36.9145 -1.6005 -119.2751,
		 -36.9145 -1.3616 -119.2097,
		 -36.9145 -1.1161 -119.2451,
		 -36.9145 -0.9013 -119.3706,
		 -36.9145 -0.8878 -119.4387,
		 -36.9145 -0.8878 -119.3791,
		 -36.9145 -0.8878 -119.4387,
		 -36.9145 -0.8799 -119.3841,
		 -36.9145 -0.7499 -119.6212,
		 -36.9145 -0.7499 -119.5583,
		 -36.9145 -0.7058 -119.6243,
		 -36.9145 -0.6850 -119.7110,
		 -36.9145 -0.7058 -119.8029,
		 -36.9145 -0.7499 -119.6212,
		 -36.9145 -0.7328 -119.5827,
		 -36.9145 -0.7058 -119.8029,
		 -36.9145 -0.7058 -119.6243,
		 -36.9145 -0.6879 -119.8735,
		 -36.9145 -0.6879 -119.9084,
		 -36.9145 -0.7489 -120.2073,
		 -36.9145 -0.8410 -120.3776,
		 -36.9145 -1.0240 -120.5287,
		 -36.9145 -1.1671 -120.5763,
		 -36.9145 -1.1721 -120.2698,
		 -36.9145 -1.1721 -120.5778,
		 -36.9145 -1.1880 -120.2777,
		 -36.9145 -1.1721 -120.2698,
		 -36.9145 -1.1880 -120.5824,
		 -36.9145 -1.1838 -119.5577,
		 -36.9145 -1.1831 -119.5960,
		 -36.9145 -1.1838 -119.5957,
		 -36.9145 -1.1880 -119.5562,
		 -36.9145 -1.1838 -119.5577,
		 -36.9145 -1.1880 -119.5941,
		 -36.9145 -1.1880 -119.3238,
		 -36.9145 -1.1880 -119.2964,
		 -36.9145 -1.1876 -119.3240,
		 -36.9145 -1.2204 -120.2938,
		 -36.9145 -1.1880 -120.2777,
		 -36.9145 -1.1880 -120.5824,
		 -36.9145 -1.2204 -120.5918,
		 -36.9145 -1.2315 -120.5453,
		 -36.9145 -1.2315 -120.5950,
		 -36.9145 -1.2315 -120.4882,
		 -36.9145 -1.2315 -120.2992,
		 -36.9145 -1.2204 -120.2938,
		 -36.9145 -1.3689 -120.5455,
		 -36.9145 -1.2315 -120.5453,
		 -36.9145 -1.3689 -120.5944,
		 -36.9145 -1.3689 -120.3312,
		 -36.9145 -1.3689 -120.3058,
		 -36.9145 -1.2610 -120.3006,
		 -36.9145 -1.2315 -120.4882,
		 -36.9145 -1.3689 -120.5455,
		 -36.9145 -1.4401 -120.5846,
		 -36.9145 -1.4401 -120.5846,
		 -36.9145 -1.4981 -120.5767,
		 -36.9145 -1.4401 -120.2783,
		 -36.9145 -1.3820 -120.3007,
		 -36.9145 -1.3689 -120.3312,
		 -36.9145 -1.5378 -120.2174,
		 -36.9145 -1.5378 -120.5627,
		 -36.9145 -1.5996 -120.3944,
		 -36.9145 -1.5996 -120.5249,
		 -36.9145 -1.5996 -120.2075,
		 -36.9145 -1.5996 -120.1573,
		 -36.9145 -1.5378 -120.2174,
		 -36.9145 -1.5996 -120.3944,
		 -36.9145 -1.6368 -120.5021,
		 -36.9145 -1.6579 -120.4492,
		 -36.9145 -1.6579 -120.4892,
		 -36.9145 -1.6579 -120.2239,
		 -36.9145 -1.6579 -120.0250,
		 -36.9145 -1.6140 -120.1246,
		 -36.9145 -1.5996 -120.2075,
		 -36.9145 -1.6640 -120.4428,
		 -36.9145 -1.6579 -120.4492,
		 -36.9145 -1.6640 -120.4854,
		 -36.9145 -1.6579 -120.2239,
		 -36.9145 -1.6640 -120.2281,
		 -36.9145 -1.6640 -119.8790,
		 -36.9145 -1.6783 -120.4277,
		 -36.9145 -1.6640 -120.4428,
		 -36.9145 -1.6640 -120.4854,
		 -36.9145 -1.6783 -120.4767,
		 -36.9145 -1.6640 -120.2281,
		 -36.9145 -1.6783 -120.2379,
		 -36.9145 -1.6783 -119.7525,
		 -36.9145 -1.6640 -119.7566,
		 -36.9145 -1.6640 -119.6043,
		 -36.9145 -1.6783 -119.5890,
		 -36.9145 -1.6783 -119.3885,
		 -36.9145 -1.6640 -119.3767,
		 -36.9145 -1.6171 -119.6793,
		 -36.9145 -1.6594 -119.8654,
		 -36.9145 -1.6640 -119.7566,
		 -36.9145 -1.6171 -119.6544,
		 -36.9145 -1.6640 -119.6043,
		 -36.9145 -1.6640 -119.3767,
		 -36.9145 -1.6171 -119.3380,
		 -36.9145 -1.5243 -119.5020,
		 -36.9145 -1.5243 -119.6338,
		 -36.9145 -1.6065 -119.7293,
		 -36.9145 -1.6086 -119.3309,
		 -36.9145 -1.6065 -119.3292,
		 -36.9145 -1.6065 -119.7293,
		 -36.9145 -1.6086 -119.7317,
		 -36.9145 -1.6171 -119.6793,
		 -36.9145 -1.6171 -119.6544,
		 -36.9145 -1.6171 -119.3380,
		 -36.9145 -1.6086 -119.3309,
		 -36.9145 -1.5243 -119.3525,
		 -36.9145 -1.5243 -119.3022,
		 -36.9145 -1.3997 -119.5358,
		 -36.9145 -1.4790 -119.6113,
		 -36.9145 -1.5243 -119.5020,
		 -36.9145 -1.5243 -119.3525,
		 -36.9145 -1.4047 -119.2675,
		 -36.9145 -1.3997 -119.3618,
		 -36.9145 -1.3997 -119.2660,
		 -36.9145 -1.3835 -119.2613,
		 -36.9145 -1.2623 -119.2686,
		 -36.9145 -1.3835 -119.5712,
		 -36.9145 -1.3997 -119.5358,
		 -36.9145 -1.3997 -119.3618,
		 -36.9145 -1.3997 -119.2660,
		 -36.9145 -1.3835 -119.2613,
		 -36.9145 -1.1880 -119.5562,
		 -36.9145 -1.1880 -119.5941,
		 -36.9145 -1.2398 -119.5741,
		 -36.9145 -1.2398 -119.5741,
		 -36.9145 -1.2398 -119.2717,
		 -36.9145 -1.2280 -119.2733,
		 -36.9145 -1.1880 -119.3238,
		 -36.9145 -1.1880 -119.2788,
		 -36.9145 -1.7717 -120.3909,
		 -36.9145 -1.8762 -120.2465,
		 -36.9145 -1.8864 -120.2314,
		 -36.9145 -1.9498 -119.9688,
		 -36.9145 -1.9340 -120.0440,
		 -36.9145 -1.9498 -119.9819,
		 -36.9145 -1.9498 -119.9819,
		 -36.9145 -1.9498 -119.9688,
		 -36.9145 -1.9276 -119.7839,
		 -36.9145 -1.9190 -119.7146,
		 -36.9145 -1.8134 -119.5177,
		 -36.9145 -1.7075 -119.4126,
		 -36.9145 -1.6789 -120.4271,
		 -36.9145 -1.6783 -120.4277,
		 -36.9145 -1.6789 -120.4510,
		 -36.9145 -1.6783 -120.2379,
		 -36.9145 -1.6789 -120.2383,
		 -36.9145 -1.6789 -119.7523,
		 -36.9145 -1.6783 -119.7525,
		 -36.9145 -1.6789 -120.4271,
		 -36.9145 -1.6796 -120.4264,
		 -36.9145 -1.6847 -120.2423,
		 -36.9145 -1.6908 -120.0232,
		 -36.9145 -1.6847 -120.0204,
		 -36.9145 -1.6789 -120.2383,
		 -36.9145 -1.6847 -120.2423,
		 -36.9145 -1.6936 -119.9218,
		 -36.9145 -1.6984 -119.7467,
		 -36.9145 -1.6936 -119.7481,
		 -36.9145 -1.6936 -119.9218,
		 -36.9145 -1.6789 -119.7523,
		 -36.9145 -1.7036 -119.5621,
		 -36.9145 -1.7036 -119.4093,
		 -36.9145 -1.6783 -119.5890,
		 -36.9145 -1.7036 -119.5621,
		 -36.9145 -1.6783 -119.3885,
		 -36.9145 -1.0434 -119.3332,
		 -36.9145 -0.8878 -119.4387,
		 -36.9145 -0.6879 -119.9084,
		 -36.9145 -0.7058 -119.8029,
		 -36.9145 -0.6879 -119.8735,
		 -36.9145 -0.7227 -119.7037,
		 -36.9145 -0.7227 -120.1640,
		 -36.9145 -0.7550 -120.2175,
		 -36.9145 -0.8753 -120.0796,
		 -36.9145 -0.8753 -120.3915,
		 -36.9145 -0.9481 -120.4088,
		 -36.9145 -0.9481 -120.4586,
		 -36.9145 -0.9481 -120.2952,
		 -36.9145 -0.9481 -120.0498,
		 -36.9145 -0.8753 -120.0796,
		 -36.9145 -0.9671 -120.4220,
		 -36.9145 -0.9481 -120.4088,
		 -36.9145 -0.9481 -120.4586,
		 -36.9145 -0.9671 -120.4762,
		 -36.9145 -0.9481 -120.2952,
		 -36.9145 -0.9671 -120.2788,
		 -36.9145 -0.9671 -119.7624,
		 -36.9145 -0.9481 -119.7559,
		 -36.9145 -0.9481 -119.5813,
		 -36.9145 -0.9671 -119.6036,
		 -36.9145 -0.9671 -119.3908,
		 -36.9145 -0.9481 -119.4023,
		 -36.9145 -0.9481 -119.7559,
		 -36.9145 -0.9379 -119.7524,
		 -36.9145 -0.9379 -119.9414,
		 -36.9145 -0.9379 -119.5692,
		 -36.9145 -0.9481 -119.5813,
		 -36.9145 -0.9379 -119.4085,
		 -36.9145 -0.7721 -119.5908,
		 -36.9145 -0.7227 -119.7037,
		 -36.9145 -0.7721 -119.9138,
		 -36.9145 -0.9379 -119.7524,
		 -36.9145 -0.9379 -119.5692,
		 -36.9145 -0.8793 -119.4443,
		 -36.9145 -0.7721 -119.5908,
		 -36.9145 -1.0141 -120.4546,
		 -36.9145 -0.9671 -120.4220,
		 -36.9145 -1.0141 -120.5195,
		 -36.9145 -0.9671 -120.2788,
		 -36.9145 -1.0141 -120.2381,
		 -36.9145 -1.0141 -120.1295,
		 -36.9145 -1.0141 -120.4546,
		 -36.9145 -1.0526 -120.5381,
		 -36.9145 -1.1069 -120.3296,
		 -36.9145 -1.1069 -120.5560,
		 -36.9145 -1.1069 -120.2621,
		 -36.9145 -1.0434 -120.1636,
		 -36.9145 -1.0141 -120.2381,
		 -36.9145 -1.1069 -120.3296,
		 -36.9145 -1.1069 -120.5560,
		 -36.9145 -1.1258 -120.5622,
		 -36.9145 -1.1258 -120.5622,
		 -36.9145 -1.1721 -120.2698,
		 -36.9145 -1.1258 -120.2468,
		 -36.9145 -1.1069 -120.2621,
		 -36.9145 -1.1831 -119.5579,
		 -36.9145 -1.1831 -119.5960,
		 -36.9145 -1.1838 -119.5577,
		 -36.9145 -1.1876 -119.3240,
		 -36.9145 -1.1876 -119.2966,
		 -36.9145 -1.1831 -119.3258,
		 -36.9145 -1.1876 -119.3240,
		 -36.9145 -1.1831 -119.2980,
		 -36.9145 -1.1330 -119.5568,
		 -36.9145 -1.1330 -119.6153,
		 -36.9145 -1.1422 -119.6117,
		 -36.9145 -1.1831 -119.5579,
		 -36.9145 -1.1831 -119.5960,
		 -36.9145 -1.1330 -119.3460,
		 -36.9145 -1.1831 -119.3258,
		 -36.9145 -1.1330 -119.3148,
		 -36.9145 -1.1330 -119.5568,
		 -36.9145 -1.0315 -119.3915,
		 -36.9145 -1.0315 -119.7139,
		 -36.9145 -1.0315 -119.3868,
		 -36.9145 -1.1330 -119.3460,
		 -36.9145 -1.0315 -119.3518,
		 -36.9145 -0.9733 -119.7563,
		 -36.9145 -0.9733 -119.8462,
		 -36.9145 -1.0253 -119.7280,
		 -36.9145 -1.0292 -119.3533,
		 -36.9145 -1.0253 -119.3556,
		 -36.9145 -1.0253 -119.7280,
		 -36.9145 -1.0292 -119.7192,
		 -36.9145 -1.0315 -119.3915,
		 -36.9145 -1.0315 -119.3868,
		 -36.9145 -1.0292 -119.3533,
		 -36.9145 -0.9733 -119.6108,
		 -36.9145 -0.9733 -119.3871,
		 -36.9145 -0.9671 -119.7624,
		 -36.9145 -0.9671 -119.9922,
		 -36.9145 -0.9691 -119.9465,
		 -36.9145 -0.9733 -119.7563,
		 -36.9145 -0.9671 -119.6036,
		 -36.9145 -0.9733 -119.6108,
		 -36.9145 -0.9671 -119.3908,
		 -36.9145 -1.6796 -120.4264,
		 -36.9145 -1.6796 -120.4697,
		 -36.9145 -1.6908 -120.4146,
		 -36.9145 -1.6796 -120.4264,
		 -36.9145 -1.6908 -120.4601,
		 -36.9145 -1.6908 -120.2464,
		 -36.9145 -1.6908 -120.0232,
		 -36.9145 -1.6847 -120.2423,
		 -36.9145 -1.6984 -120.4065,
		 -36.9145 -1.6908 -120.4146,
		 -36.9145 -1.6984 -120.4535,
		 -36.9145 -1.6908 -120.2464,
		 -36.9145 -1.6984 -120.2517,
		 -36.9145 -1.6984 -120.0269,
		 -36.9145 -1.6908 -120.0232,
		 -36.9145 -1.6984 -119.9100,
		 -36.9145 -1.6984 -119.7467,
		 -36.9145 -1.6953 -119.8585,
		 -36.9145 -1.6936 -119.9218,
		 -36.9145 -1.6984 -120.4065,
		 -36.9145 -1.7874 -120.3775,
		 -36.9145 -1.7874 -120.3775,
		 -36.9145 -1.8693 -120.2567,
		 -36.9145 -1.8693 -120.1072,
		 -36.9145 -1.7874 -120.0687,
		 -36.9145 -1.6984 -120.2517,
		 -36.9145 -1.6984 -120.0269,
		 -36.9145 -1.6984 -119.9100,
		 -36.9145 -1.8693 -119.8905,
		 -36.9145 -1.8693 -119.6977,
		 -36.9145 -1.6984 -119.7467,
		 -36.9145 -1.8693 -120.1072,
		 -36.9145 -1.8693 -120.2567,
		 -36.9145 -1.8776 -120.2444,
		 -36.9145 -1.9006 -120.2028,
		 -36.9145 -1.9006 -120.2028,
		 -36.9145 -1.9006 -119.6781,
		 -36.9145 -1.8693 -119.8905,
		 -36.9145 -1.8693 -119.6203,
		 -36.9145 -1.7543 -119.4636,
		 -36.9145 -1.7036 -119.5621,
		 -36.9145 -0.9951 -119.7967,
		 -36.9145 -0.9951 -120.0740,
		 -36.9145 -1.0259 -120.1433,
		 -36.9145 -1.1017 -120.2314,
		 -36.9145 -1.1523 -120.2187,
		 -36.9145 -1.1523 -120.2599,
		 -36.9145 -1.1523 -120.2187,
		 -36.9145 -1.1610 -120.2643,
		 -36.9145 -1.1610 -120.2643,
		 -36.9145 -1.2110 -120.2891,
		 -36.9145 -1.1610 -120.2242,
		 -36.9145 -1.3372 -120.3043,
		 -36.9145 -1.4610 -120.2702,
		 -36.9145 -1.5636 -120.1923,
		 -36.9145 -1.6294 -120.0898,
		 -36.9145 -1.6483 -120.0468,
		 -36.9145 -1.6483 -120.0468,
		 -36.9145 -1.6483 -119.8329,
		 -36.9145 -1.6175 -119.7427,
		 -36.9145 -1.5416 -119.6540,
		 -36.9145 -1.4323 -119.5882,
		 -36.9145 -1.3062 -119.5675,
		 -36.9145 -1.1824 -119.5963,
		 -36.9145 -1.0798 -119.6670,
		 -36.9145 -1.0140 -119.7537,
		 -36.9145 -0.9951 -119.7967,
		 -36.9145 -1.0106 -119.8357,
		 -36.9145 -1.0106 -120.0122,
		 -36.9145 -1.0260 -120.0775,
		 -36.9145 -1.0959 -120.1780,
		 -36.9145 -1.1523 -120.2187,
		 -36.9145 -1.1610 -120.2242,
		 -36.9145 -1.1647 -120.2266,
		 -36.9145 -1.1924 -119.6125,
		 -36.9145 -1.1647 -119.6290,
		 -36.9145 -1.1647 -120.2266,
		 -36.9145 -1.1924 -120.2443,
		 -36.9145 -1.2359 -120.2602,
		 -36.9145 -1.3260 -120.2745,
		 -36.9145 -1.4100 -120.2571,
		 -36.9145 -1.4386 -120.2495,
		 -36.9145 -1.4386 -120.2495,
		 -36.9145 -1.4386 -119.6065,
		 -36.9145 -1.3950 -119.5966,
		 -36.9145 -1.3049 -119.5827,
		 -36.9145 -1.2210 -119.6049,
		 -36.9145 -1.1924 -119.6125,
		 -36.9145 -1.0549 -119.7396,
		 -36.9145 -1.0106 -119.8357
		]
	} #Coordinate3
	Material {
		ambientColor      0.0255 0.0255 0.0255  #ambientColor
		diffuseColor      0.1020 0.1020 0.1020  #diffuseColor
		transparency      0.0000                #transparency
	} #Material

	IndexedFaceSet {
		coordIndex [ 
		 45, 5, 6, 7, 8, 9, 46,-1,
		 47, 45, 48, 49,-1,
		 50, 47, 49, 51,-1,
		 52, 4, 50, 51, 53,-1,
		 54, 3, 52, 53, 55,-1,
		 56, 54, 55, 57,-1,
		 58, 2, 56, 57, 59,-1,
		 60, 58, 59, 61,-1,
		 62, 1, 60, 61, 63,-1,
		 64, 13, 14, 0, 65,-1,
		 66, 64, 63, 67,-1,
		 68, 66, 67, 69,-1,
		 70, 12, 68, 69, 71,-1,
		 72, 11, 70, 71, 73,-1,
		 74, 72, 73, 75,-1,
		 76, 10, 74, 75, 77,-1,
		 78, 76, 77, 79,-1,
		 80, 78, 79, 48,-1,
		]
	} #IndexedFaceSet
	Material {
		ambientColor      0.0000 0.0000 0.0000  #ambientColor
		diffuseColor      0.0000 0.0000 0.0000  #diffuseColor
		transparency      0.0000                #transparency
	} #Material

	IndexedFaceSet {
		coordIndex [ 
		 81, 49, 48, 79, 82,-1,
		 83, 81, 84, 85,-1,
		 86, 51, 83, 85, 87,-1,
		 88, 86, 87, 89,-1,
		 90, 53, 88, 89, 91,-1,
		 92, 55, 90, 91, 93,-1,
		 94, 57, 92, 93, 95,-1,
		 96, 59, 94, 95, 97,-1,
		 98, 61, 96, 97, 99,-1,
		 100, 63, 101,-1,
		 102, 67, 100, 99, 103,-1,
		 104, 69, 102, 103, 105,-1,
		 106, 104, 105, 107,-1,
		 108, 71, 106, 107, 109,-1,
		 110, 73, 108, 109, 111,-1,
		 112, 75, 110, 111, 113,-1,
		 114, 77, 112, 113, 115,-1,
		 116, 114, 115, 84,-1,
		]
	} #IndexedFaceSet
	Material {
		ambientColor      0.2500 0.2500 0.2500  #ambientColor
		diffuseColor      1.0000 1.0000 1.0000  #diffuseColor
		transparency      0.0000                #transparency
	} #Material

	IndexedFaceSet {
		coordIndex [ 
		 117, 85, 84, 118,-1,
		 119, 117, 120, 121,-1,
		 122, 87, 119, 121, 123,-1,
		 124, 89, 122, 123, 125,-1,
		 126, 124, 125, 127,-1,
		 128, 91, 126, 127, 129,-1,
		 130, 93, 128, 129, 131,-1,
		 132, 95, 130, 131, 133,-1,
		 134, 132, 133, 135,-1,
		 136, 103, 99, 97, 137,-1,
		 138, 136, 135, 139,-1,
		 140, 105, 138, 139, 141,-1,
		 142, 107, 140, 141, 143,-1,
		 144, 109, 142, 143, 145,-1,
		 146, 144, 145, 147,-1,
		 148, 111, 146, 147, 149,-1,
		 150, 113, 148, 149, 151,-1,
		 152, 115, 150, 151, 120,-1,
		]
	} #IndexedFaceSet
	Material {
		ambientColor      0.1863 0.1863 0.1863  #ambientColor
		diffuseColor      0.7451 0.7451 0.7451  #diffuseColor
		transparency      0.0000                #transparency
	} #Material

	IndexedFaceSet {
		coordIndex [ 
		 153, 121, 120, 154,-1,
		 155, 153, 156, 157,-1,
		 158, 155, 159, 160,-1,
		 161, 158, 160, 162,-1,
		 163, 164, 159,-1,
		 165, 161, 166, 167,-1,
		 168, 169, 170, 123, 171,-1,
		 172, 125, 170, 169, 173,-1,
		 174, 172, 173, 175,-1,
		 176, 127, 174, 175, 177,-1,
		 178, 129, 176, 177, 179,-1,
		 180, 178, 179, 181,-1,
		 182, 131, 180, 183, 184,-1,
		 185, 182, 184, 186,-1,
		 187, 188, 189, 190,-1,
		 191, 189, 188, 192,-1,
		 193, 191, 194, 195,-1,
		 196, 133, 193, 195, 197,-1,
		 198, 199, 200, 201,-1,
		 202, 139, 135, 203,-1,
		 204, 205, 206, 207,-1,
		 208, 209, 210,-1,
		 211, 202, 199, 212,-1,
		 213, 211, 210, 214,-1,
		 215, 216, 217, 218,-1,
		 219, 206, 205, 220,-1,
		 221, 219, 222, 223,-1,
		 224, 141, 221, 223, 225,-1,
		 226, 224, 225, 227,-1,
		 228, 143, 217, 216, 229,-1,
		 230, 228, 229, 231,-1,
		 232, 145, 230, 231, 233,-1,
		 234, 147, 232, 233, 235,-1,
		 236, 234, 235, 237,-1,
		 238, 236, 239, 240,-1,
		 241, 149, 238, 240, 242,-1,
		 243, 156, 244, 245,-1,
		 246, 241, 247, 248,-1,
		 249, 151, 246, 248, 250,-1,
		]
	} #IndexedFaceSet
	Material {
		ambientColor      0.2500 0.2500 0.2500  #ambientColor
		diffuseColor      1.0000 1.0000 1.0000  #diffuseColor
		transparency      0.0000                #transparency
	} #Material

	IndexedFaceSet {
		coordIndex [ 
		 251, 156, 252,-1,
		 253, 169, 254, 255,-1,
		 256, 253, 255, 257,-1,
		 258, 173, 256, 257, 259,-1,
		 260, 258, 259, 261,-1,
		 262, 260, 263, 264,-1,
		 265, 266, 267,-1,
		 268, 265, 269, 270,-1,
		 271, 272, 273,-1,
		 274, 275, 276, 277,-1,
		 278, 274, 279, 280,-1,
		 281, 282, 283, 279,-1,
		 284, 175, 278, 285, 286,-1,
		 287, 288, 289, 290,-1,
		 291, 287, 290, 292,-1,
		 293, 284, 294, 295,-1,
		 296, 297, 298, 299,-1,
		 300, 296, 295, 301,-1,
		 302, 300, 301, 303,-1,
		 304, 177, 298, 297, 305,-1,
		 306, 304, 307, 308,-1,
		 309, 310, 311, 307,-1,
		 312, 306, 313, 314,-1,
		 315, 312, 314, 316,-1,
		 317, 318, 319, 320,-1,
		 321, 317, 320, 322,-1,
		 323, 315, 324, 325,-1,
		 326, 327, 328, 329,-1,
		 330, 331, 332, 333,-1,
		 334, 335, 336, 337,-1,
		 338, 339, 340, 341,-1,
		 342, 343, 344, 345,-1,
		 346, 342, 345, 347,-1,
		 348, 349, 350, 351,-1,
		 352, 353, 354, 355,-1,
		 356, 357, 358, 359,-1,
		 343, 356, 360, 361,-1,
		 362, 363, 364, 360,-1,
		 365, 229, 358, 355, 366,-1,
		 367, 368, 369, 370,-1,
		 371, 367, 370, 372,-1,
		 373, 365, 374, 375,-1,
		 376, 373, 375, 377,-1,
		 378, 379, 380, 231, 381,-1,
		 368, 378, 382, 383,-1,
		 384, 385, 386, 382,-1,
		 387, 388, 389, 390,-1,
		 391, 380, 379, 392,-1,
		 393, 391, 390, 394,-1,
		 395, 393, 394, 396,-1,
		 397, 179, 330, 398,-1,
		 399, 188, 400,-1,
		 401, 402, 403,-1,
		 404, 199, 405,-1,
		 406, 205, 407,-1,
		 408, 216, 409, 410,-1,
		 411, 398, 412, 413,-1,
		 414, 415, 416, 417,-1,
		 418, 411, 419,-1,
		 420, 421, 422,-1,
		 423, 420, 424, 425,-1,
		 426, 427, 428,-1,
		 429, 426, 430, 423,-1,
		 431, 408, 410, 432,-1,
		 433, 431, 434, 435,-1,
		 436, 233, 395, 437, 438,-1,
		 439, 235, 436, 438,-1,
		 440, 441, 442,-1,
		]
	} #IndexedFaceSet
	Material {
		ambientColor      0.1794 0.2225 0.2500  #ambientColor
		diffuseColor      0.7176 0.8902 1.0000  #diffuseColor
		transparency      0.0000                #transparency
	} #Material

	IndexedFaceSet {
		coordIndex [ 
		 443, 160, 159, 444,-1,
		 445, 443, 446, 447,-1,
		 448, 255, 445, 447, 449,-1,
		 450, 448, 451, 452,-1,
		 453, 454, 455, 451,-1,
		 456, 457, 458, 459,-1,
		 460, 461, 462, 463,-1,
		 464, 465, 466, 467,-1,
		 468, 469, 470, 471,-1,
		 472, 464, 473, 474,-1,
		 475, 446, 476, 248, 477,-1,
		 478, 475, 479, 480,-1,
		 481, 240, 472, 482, 483,-1,
		 484, 481, 483, 479,-1,
		 485, 456, 486, 487,-1,
		 488, 489, 490, 491,-1,
		 492, 257, 485, 493, 494,-1,
		 495, 492, 494, 496,-1,
		 497, 498, 499, 500,-1,
		 501, 497, 500, 502,-1,
		 503, 504, 505, 506,-1,
		 507, 508, 259, 509,-1,
		 498, 507, 506, 510,-1,
		 511, 512, 513,-1,
		 514, 437, 515,-1,
		 516, 514, 517, 518,-1,
		 519, 520, 521, 522,-1,
		 523, 519, 522, 524,-1,
		 525, 516, 526, 527,-1,
		 528, 529, 530, 531,-1,
		 532, 438, 525, 533, 534,-1,
		 535, 536, 537, 538,-1,
		 539, 540, 541, 542,-1,
		 543, 539, 544, 545,-1,
		 546, 532, 547, 544,-1,
		 548, 541, 538, 549,-1,
		 550, 551, 552, 553,-1,
		 554, 550, 553, 555,-1,
		 556, 548, 557, 558,-1,
		]
	} #IndexedFaceSet
	Material {
		ambientColor      0.1863 0.1863 0.1863  #ambientColor
		diffuseColor      0.7451 0.7451 0.7451  #diffuseColor
		transparency      0.0000                #transparency
	} #Material

	IndexedFaceSet {
		coordIndex [ 
		 559, 398, 560,-1,
		 561, 559, 562, 563,-1,
		 564, 565, 566,-1,
		 567, 561, 568, 569,-1,
		 570, 571, 572, 573,-1,
		 574, 575, 576, 577,-1,
		 578, 574, 577,-1,
		 579, 567, 580, 581,-1,
		 582, 583, 584, 184, 585,-1,
		 586, 582, 581, 587,-1,
		 588, 589, 590, 591,-1,
		 592, 593, 594, 595,-1,
		 596, 195, 592, 595, 597,-1,
		 598, 223, 210, 599,-1,
		 600, 598, 597, 601,-1,
		 602, 225, 600, 603, 604,-1,
		 605, 410, 602, 604,-1,
		 606, 488, 554, 607,-1,
		 608, 501, 606, 609, 610,-1,
		 611, 608, 610, 612,-1,
		 613, 498, 611, 612, 614,-1,
		 615, 613, 616, 617,-1,
		 618, 619, 620, 621,-1,
		 622, 291, 620, 619, 623,-1,
		 624, 302, 622, 623, 625,-1,
		 626, 297, 624, 625, 627,-1,
		 628, 321, 626, 627, 629,-1,
		 630, 628, 629, 631,-1,
		 632, 346, 326, 633,-1,
		 634, 632, 631, 635,-1,
		 636, 343, 634, 635, 637,-1,
		 638, 371, 636, 637, 639,-1,
		 640, 368, 638, 639, 641,-1,
		 642, 379, 640, 641, 643,-1,
		 644, 528, 642, 643, 645,-1,
		 646, 543, 644, 645, 647,-1,
		 648, 646, 647, 609,-1,
		]
	} #IndexedFaceSet
	Material {
		ambientColor      0.2500 0.2500 0.2500  #ambientColor
		diffuseColor      1.0000 1.0000 1.0000  #diffuseColor
		transparency      0.0000                #transparency
	} #Material

	IndexedFaceSet {
		coordIndex [ 
		 649, 609, 650,-1,
		 651, 610, 649, 652, 653,-1,
		 654, 651, 653, 655,-1,
		 656, 612, 654, 655,-1,
		 657, 658, 659,-1,
		 660, 661, 662, 643, 663,-1,
		 664, 619, 660, 665, 666,-1,
		 667, 664, 666, 668,-1,
		 669, 623, 667, 668, 670,-1,
		 671, 669, 670, 672,-1,
		 673, 637, 635, 631, 629, 627, 625, 674,-1,
		 675, 639, 673, 672, 676,-1,
		 677, 641, 675, 676, 678,-1,
		 679, 677, 678, 680,-1,
		 681, 679, 680, 665,-1,
		 682, 645, 662, 659, 683,-1,
		 684, 647, 682, 683, 652,-1,
		]
	} #IndexedFaceSet
	Material {
		ambientColor      0.1794 0.2225 0.2500  #ambientColor
		diffuseColor      0.7176 0.8902 1.0000  #diffuseColor
		transparency      0.0000                #transparency
	} #Material

	IndexedFaceSet {
		coordIndex [ 
		 617, 655, 653, 652, 683, 659,-1,
		]
	} #IndexedFaceSet
	Material {
		ambientColor      0.0108 0.0618 0.0902  #ambientColor
		diffuseColor      0.0431 0.2471 0.3608  #diffuseColor
		transparency      0.0000                #transparency
	} #Material

	IndexedFaceSet {
		coordIndex [ 
		 672, 670, 668, 666, 665, 680, 678, 676,-1,
		]
	} #IndexedFaceSet
	Material {
		ambientColor      0.0637 0.0637 0.0637  #ambientColor
		diffuseColor      0.2549 0.2549 0.2549  #diffuseColor
		transparency      0.0000                #transparency
	} #Material

	IndexedFaceSet {
		coordIndex [ 
		 447, 446, 478, 468,-1,
		 479, 483, 538, 553,-1,
		 544, 394, 390, 522,-1,
		 375, 355, 370, 382,-1,
		 604, 603, 345, 360,-1,
		 597, 595, 423, 577,-1,
		 581, 314, 307, 320,-1,
		 295, 279, 290, 301,-1,
		 494, 451, 500, 506,-1,
		]
	} #IndexedFaceSet
	Material {
		ambientColor      0.0255 0.0255 0.0255  #ambientColor
		diffuseColor      0.1020 0.1020 0.1020  #diffuseColor
		transparency      0.0000                #transparency
	} #Material

	IndexedFaceSet {
		coordIndex [ 
		 685, 9, 8, 7, 6, 5, 686,-1,
		 49, 48, 686, 687,-1,
		 51, 49, 687, 688,-1,
		 53, 51, 688, 4, 689,-1,
		 55, 53, 689, 3, 690,-1,
		 57, 55, 690, 691,-1,
		 59, 57, 691, 2, 692,-1,
		 61, 59, 692, 693,-1,
		 63, 61, 693, 1, 694,-1,
		 695, 0, 14, 13, 696,-1,
		 67, 63, 696, 697,-1,
		 69, 67, 697, 698,-1,
		 71, 69, 698, 12, 699,-1,
		 73, 71, 699, 11, 700,-1,
		 75, 73, 700, 701,-1,
		 77, 75, 701, 10, 702,-1,
		 79, 77, 702, 703,-1,
		 48, 79, 703, 704,-1,
		]
	} #IndexedFaceSet
	Material {
		ambientColor      0.0000 0.0000 0.0000  #ambientColor
		diffuseColor      0.0000 0.0000 0.0000  #diffuseColor
		transparency      0.0000                #transparency
	} #Material

	IndexedFaceSet {
		coordIndex [ 
		 705, 79, 48, 49, 706,-1,
		 85, 84, 706, 707,-1,
		 87, 85, 707, 51, 708,-1,
		 89, 87, 708, 709,-1,
		 91, 89, 709, 53, 710,-1,
		 93, 91, 710, 55, 711,-1,
		 95, 93, 711, 57, 712,-1,
		 97, 95, 712, 59, 713,-1,
		 99, 97, 713, 61, 714,-1,
		 715, 63, 716,-1,
		 103, 99, 716, 67, 717,-1,
		 105, 103, 717, 69, 718,-1,
		 107, 105, 718, 719,-1,
		 109, 107, 719, 71, 720,-1,
		 111, 109, 720, 73, 721,-1,
		 113, 111, 721, 75, 722,-1,
		 115, 113, 722, 77, 723,-1,
		 84, 115, 723, 724,-1,
		]
	} #IndexedFaceSet
	Material {
		ambientColor      0.2500 0.2500 0.2500  #ambientColor
		diffuseColor      1.0000 1.0000 1.0000  #diffuseColor
		transparency      0.0000                #transparency
	} #Material

	IndexedFaceSet {
		coordIndex [ 
		 725, 84, 85, 726,-1,
		 121, 120, 726, 727,-1,
		 123, 121, 727, 87, 728,-1,
		 125, 123, 728, 89, 729,-1,
		 127, 125, 729, 730,-1,
		 129, 127, 730, 91, 731,-1,
		 131, 129, 731, 93, 732,-1,
		 133, 131, 732, 95, 733,-1,
		 135, 133, 733, 734,-1,
		 735, 97, 99, 103, 736,-1,
		 139, 135, 736, 737,-1,
		 141, 139, 737, 105, 738,-1,
		 143, 141, 738, 107, 739,-1,
		 145, 143, 739, 109, 740,-1,
		 147, 145, 740, 741,-1,
		 149, 147, 741, 111, 742,-1,
		 151, 149, 742, 113, 743,-1,
		 120, 151, 743, 115, 744,-1,
		]
	} #IndexedFaceSet
	Material {
		ambientColor      0.1863 0.1863 0.1863  #ambientColor
		diffuseColor      0.7451 0.7451 0.7451  #diffuseColor
		transparency      0.0000                #transparency
	} #Material

	IndexedFaceSet {
		coordIndex [ 
		 745, 120, 121, 746,-1,
		 747, 156, 746, 748,-1,
		 160, 159, 748, 749,-1,
		 750, 160, 749, 751,-1,
		 159, 752, 753,-1,
		 754, 755, 751, 756,-1,
		 757, 123, 758, 169, 759,-1,
		 173, 169, 758, 125, 760,-1,
		 175, 173, 760, 761,-1,
		 177, 175, 761, 127, 762,-1,
		 179, 177, 762, 129, 763,-1,
		 764, 179, 763, 765,-1,
		 184, 766, 765, 131, 767,-1,
		 768, 184, 767, 769,-1,
		 770, 771, 188, 772,-1,
		 773, 188, 771, 774,-1,
		 195, 775, 774, 776,-1,
		 777, 195, 776, 133, 778,-1,
		 779, 780, 199, 781,-1,
		 782, 135, 139, 783,-1,
		 784, 785, 205, 786,-1,
		 210, 787, 788,-1,
		 789, 199, 783, 790,-1,
		 791, 210, 790, 792,-1,
		 793, 794, 216, 795,-1,
		 796, 205, 785, 797,-1,
		 223, 798, 797, 799,-1,
		 225, 223, 799, 141, 800,-1,
		 801, 225, 800, 802,-1,
		 229, 216, 794, 143, 803,-1,
		 231, 229, 803, 804,-1,
		 233, 231, 804, 145, 805,-1,
		 235, 233, 805, 147, 806,-1,
		 807, 235, 806, 808,-1,
		 240, 809, 808, 810,-1,
		 811, 240, 810, 149, 812,-1,
		 813, 814, 156, 815,-1,
		 248, 816, 812, 817,-1,
		 818, 248, 817, 151, 819,-1,
		]
	} #IndexedFaceSet
	Material {
		ambientColor      0.2500 0.2500 0.2500  #ambientColor
		diffuseColor      1.0000 1.0000 1.0000  #diffuseColor
		transparency      0.0000                #transparency
	} #Material

	IndexedFaceSet {
		coordIndex [ 
		 820, 156, 821,-1,
		 255, 822, 169, 823,-1,
		 257, 255, 823, 824,-1,
		 259, 257, 824, 173, 825,-1,
		 826, 259, 825, 827,-1,
		 828, 829, 827, 830,-1,
		 831, 832, 833,-1,
		 834, 835, 833, 836,-1,
		 837, 838, 839,-1,
		 840, 841, 842, 843,-1,
		 844, 279, 843, 845,-1,
		 279, 846, 847, 848,-1,
		 849, 850, 845, 175, 851,-1,
		 290, 852, 853, 854,-1,
		 855, 290, 854, 291,-1,
		 295, 856, 851, 857,-1,
		 858, 859, 297, 860,-1,
		 301, 295, 860, 861,-1,
		 862, 301, 861, 302,-1,
		 863, 297, 859, 177, 864,-1,
		 865, 307, 864, 866,-1,
		 307, 867, 868, 869,-1,
		 314, 870, 866, 871,-1,
		 872, 314, 871, 873,-1,
		 320, 874, 875, 876,-1,
		 877, 320, 876, 321,-1,
		 878, 879, 873, 880,-1,
		 881, 882, 883, 326,-1,
		 884, 885, 886, 887,-1,
		 888, 889, 890, 891,-1,
		 892, 893, 894, 895,-1,
		 345, 896, 343, 897,-1,
		 898, 345, 897, 346,-1,
		 899, 900, 901, 902,-1,
		 355, 903, 904, 905,-1,
		 906, 907, 908, 909,-1,
		 910, 360, 909, 343,-1,
		 360, 911, 912, 913,-1,
		 914, 355, 907, 229, 915,-1,
		 370, 916, 368, 917,-1,
		 918, 370, 917, 371,-1,
		 375, 919, 915, 920,-1,
		 921, 375, 920, 922,-1,
		 923, 231, 924, 379, 925,-1,
		 926, 382, 925, 368,-1,
		 382, 927, 928, 929,-1,
		 390, 930, 931, 932,-1,
		 933, 379, 924, 934,-1,
		 394, 390, 934, 935,-1,
		 936, 394, 935, 937,-1,
		 398, 887, 179, 938,-1,
		 939, 188, 940,-1,
		 941, 942, 943,-1,
		 944, 199, 945,-1,
		 946, 205, 947,-1,
		 410, 948, 216, 949,-1,
		 950, 951, 398, 952,-1,
		 953, 954, 955, 956,-1,
		 957, 952, 958,-1,
		 959, 960, 961,-1,
		 962, 963, 961, 423,-1,
		 964, 965, 966,-1,
		 423, 967, 966, 968,-1,
		 969, 410, 949, 970,-1,
		 971, 972, 970, 973,-1,
		 438, 437, 937, 233, 974,-1,
		 438, 974, 235, 975,-1,
		 976, 977, 978,-1,
		]
	} #IndexedFaceSet
	Material {
		ambientColor      0.1794 0.2225 0.2500  #ambientColor
		diffuseColor      0.7176 0.8902 1.0000  #diffuseColor
		transparency      0.0000                #transparency
	} #Material

	IndexedFaceSet {
		coordIndex [ 
		 979, 159, 160, 980,-1,
		 447, 446, 980, 981,-1,
		 982, 447, 981, 255, 983,-1,
		 984, 451, 983, 985,-1,
		 451, 986, 987, 988,-1,
		 989, 990, 991, 992,-1,
		 993, 994, 995, 996,-1,
		 997, 998, 999, 1000,-1,
		 1001, 1002, 1003, 468,-1,
		 1004, 1005, 1000, 1006,-1,
		 1007, 248, 1008, 446, 1009,-1,
		 1010, 479, 1009, 478,-1,
		 483, 1011, 1006, 240, 1012,-1,
		 479, 483, 1012, 1013,-1,
		 1014, 1015, 992, 1016,-1,
		 1017, 1018, 1019, 488,-1,
		 494, 1020, 1016, 257, 1021,-1,
		 1022, 494, 1021, 1023,-1,
		 500, 1024, 498, 1025,-1,
		 1026, 500, 1025, 501,-1,
		 506, 1027, 1028, 1029,-1,
		 1030, 259, 1031, 1032,-1,
		 1033, 506, 1032, 498,-1,
		 1034, 1035, 1036,-1,
		 1037, 437, 1038,-1,
		 1039, 1040, 1038, 1041,-1,
		 522, 1042, 1043, 1044,-1,
		 1045, 522, 1044, 1046,-1,
		 1047, 1048, 1041, 1049,-1,
		 1050, 1051, 1052, 528,-1,
		 1053, 1054, 1049, 438, 1055,-1,
		 538, 1056, 1057, 1058,-1,
		 1059, 1060, 1061, 1062,-1,
		 1063, 544, 1062, 543,-1,
		 544, 1064, 1055, 1065,-1,
		 1066, 538, 1060, 1067,-1,
		 553, 1068, 1069, 1070,-1,
		 1071, 553, 1070, 554,-1,
		 1072, 1073, 1067, 1074,-1,
		]
	} #IndexedFaceSet
	Material {
		ambientColor      0.1863 0.1863 0.1863  #ambientColor
		diffuseColor      0.7451 0.7451 0.7451  #diffuseColor
		transparency      0.0000                #transparency
	} #Material

	IndexedFaceSet {
		coordIndex [ 
		 1075, 398, 1076,-1,
		 1077, 1078, 1076, 1079,-1,
		 1080, 1081, 1082,-1,
		 1083, 1084, 1079, 1085,-1,
		 1086, 1087, 1088, 1089,-1,
		 577, 1090, 1091, 1092,-1,
		 577, 1092, 1093,-1,
		 581, 1094, 1085, 1095,-1,
		 1096, 184, 1097, 1098, 1099,-1,
		 1100, 581, 1099, 1101,-1,
		 1102, 1103, 1104, 1105,-1,
		 595, 1106, 1107, 1108,-1,
		 597, 595, 1108, 195, 1109,-1,
		 1110, 210, 223, 1111,-1,
		 1112, 597, 1111, 1113,-1,
		 604, 603, 1113, 225, 1114,-1,
		 604, 1114, 410, 1115,-1,
		 1116, 554, 488, 1117,-1,
		 610, 609, 1117, 501, 1118,-1,
		 612, 610, 1118, 1119,-1,
		 1120, 612, 1119, 498, 1121,-1,
		 617, 1122, 1121, 1123,-1,
		 1124, 1125, 619, 1126,-1,
		 623, 619, 1125, 291, 1127,-1,
		 625, 623, 1127, 302, 1128,-1,
		 627, 625, 1128, 297, 1129,-1,
		 629, 627, 1129, 321, 1130,-1,
		 631, 629, 1130, 1131,-1,
		 1132, 326, 346, 1133,-1,
		 635, 631, 1133, 1134,-1,
		 637, 635, 1134, 343, 1135,-1,
		 639, 637, 1135, 371, 1136,-1,
		 641, 639, 1136, 368, 1137,-1,
		 643, 641, 1137, 379, 1138,-1,
		 645, 643, 1138, 528, 1139,-1,
		 647, 645, 1139, 543, 1140,-1,
		 609, 647, 1140, 1141,-1,
		]
	} #IndexedFaceSet
	Material {
		ambientColor      0.2500 0.2500 0.2500  #ambientColor
		diffuseColor      1.0000 1.0000 1.0000  #diffuseColor
		transparency      0.0000                #transparency
	} #Material

	IndexedFaceSet {
		coordIndex [ 
		 1142, 609, 1143,-1,
		 653, 652, 1143, 610, 1144,-1,
		 655, 653, 1144, 1145,-1,
		 655, 1145, 612, 1146,-1,
		 659, 1147, 1148,-1,
		 1149, 643, 1150, 1151, 1152,-1,
		 666, 665, 1152, 619, 1153,-1,
		 668, 666, 1153, 1154,-1,
		 670, 668, 1154, 623, 1155,-1,
		 672, 670, 1155, 1156,-1,
		 1157, 625, 627, 629, 631, 635, 637, 1158,-1,
		 676, 672, 1158, 639, 1159,-1,
		 678, 676, 1159, 641, 1160,-1,
		 680, 678, 1160, 1161,-1,
		 665, 680, 1161, 1162,-1,
		 683, 659, 1150, 645, 1163,-1,
		 652, 683, 1163, 647, 1164,-1,
		]
	} #IndexedFaceSet
	Material {
		ambientColor      0.1794 0.2225 0.2500  #ambientColor
		diffuseColor      0.7176 0.8902 1.0000  #diffuseColor
		transparency      0.0000                #transparency
	} #Material

	IndexedFaceSet {
		coordIndex [ 
		 659, 683, 652, 653, 655, 617,-1,
		]
	} #IndexedFaceSet
	Material {
		ambientColor      0.0108 0.0618 0.0902  #ambientColor
		diffuseColor      0.0431 0.2471 0.3608  #diffuseColor
		transparency      0.0000                #transparency
	} #Material

	IndexedFaceSet {
		coordIndex [ 
		 676, 678, 680, 665, 666, 668, 670, 672,-1,
		]
	} #IndexedFaceSet
	Material {
		ambientColor      0.0637 0.0637 0.0637  #ambientColor
		diffuseColor      0.2549 0.2549 0.2549  #diffuseColor
		transparency      0.0000                #transparency
	} #Material

	IndexedFaceSet {
		coordIndex [ 
		 468, 478, 446, 447,-1,
		 553, 538, 483, 479,-1,
		 522, 390, 394, 544,-1,
		 382, 370, 355, 375,-1,
		 360, 345, 603, 604,-1,
		 577, 423, 595, 597,-1,
		 320, 307, 314, 581,-1,
		 301, 290, 279, 295,-1,
		 506, 500, 451, 494,-1,
		]
	} #IndexedFaceSet
	Material {
		ambientColor      0.0255 0.0255 0.0255  #ambientColor
		diffuseColor      0.1020 0.1020 0.1020  #diffuseColor
		transparency      0.0000                #transparency
	} #Material

	IndexedFaceSet {
		coordIndex [ 
		 0, 14, 30, 31,-1,
		 31, 30, 14, 0,-1,
		 1, 0, 31, 32,-1,
		 32, 31, 0, 1,-1,
		 2, 1, 32, 33,-1,
		 33, 32, 1, 2,-1,
		 3, 2, 33, 34,-1,
		 34, 33, 2, 3,-1,
		 4, 3, 34, 35,-1,
		 35, 34, 3, 4,-1,
		 5, 4, 35, 36,-1,
		 36, 35, 4, 5,-1,
		 6, 5, 36, 37,-1,
		 37, 36, 5, 6,-1,
		 7, 6, 37, 38,-1,
		 38, 37, 6, 7,-1,
		 8, 7, 38, 39,-1,
		 39, 38, 7, 8,-1,
		 9, 8, 39, 40,-1,
		 40, 39, 8, 9,-1,
		 10, 9, 40, 41,-1,
		 41, 40, 9, 10,-1,
		 11, 10, 41, 42,-1,
		 42, 41, 10, 11,-1,
		 12, 11, 42, 43,-1,
		 43, 42, 11, 12,-1,
		 13, 12, 43, 44,-1,
		 44, 43, 12, 13,-1,
		 14, 13, 44, 30,-1,
		 30, 44, 13, 14,-1,
		 31, 30, 44, 43, 42, 41, 40, 39, 38, 37, 36, 35, 34, 33, 32,-1,
		 32, 33, 34, 35, 36, 37, 38, 39, 40, 41, 42, 43, 44, 30, 31,-1,
		]
	} #IndexedFaceSet
} #Polyhedron
Separator { #Polyhedron
	DEF COORD47 Coordinate3 {
		point [
		 18.2869 -0.6096 -166.9759,
		 18.2869 9.4482 -166.9759,
		 -3.0478 23.1634 -166.9759,
		 -24.3826 9.4482 -166.9759,
		 -24.3826 -0.6096 -166.9759,
		 18.2869 -0.6096 -142.5933,
		 18.2869 9.4482 -142.5933,
		 -3.0478 23.1634 -142.5933,
		 -24.3826 9.4482 -142.5933,
		 -24.3826 -0.6096 -142.5933,
		 -4.5721 3.9617 -166.9759,
		 -4.5721 -0.6096 -166.9759,
		 18.2869 -0.6096 -166.9759,
		 18.2869 3.9617 -166.9759,
		 -9.7517 -0.6096 -166.9759,
		 -9.7517 3.9617 -166.9759,
		 -9.7532 3.9617 -166.9759,
		 -9.7532 -0.6096 -166.9759,
		 -9.9059 -0.6096 -166.9759,
		 -9.9059 3.9617 -166.9759,
		 -24.3826 3.9617 -166.9759,
		 -4.5721 4.1147 -166.9759,
		 -4.5721 3.9617 -166.9759,
		 18.2869 3.9617 -166.9759,
		 18.2869 4.1147 -166.9759,
		 10.8201 4.4189 -166.9759,
		 10.8201 4.1147 -166.9759,
		 18.2869 4.1147 -166.9759,
		 18.2869 4.4189 -166.9759,
		 2.7428 4.1147 -166.9759,
		 2.7428 4.4189 -166.9759,
		 -4.5721 4.4189 -166.9759,
		 -4.5721 4.1147 -166.9759,
		 -9.7517 3.9617 -166.9759,
		 -9.7517 4.4189 -166.9759,
		 -9.7532 4.4189 -166.9759,
		 -9.7532 3.9617 -166.9759,
		 -9.9059 3.9617 -166.9759,
		 -9.9059 4.4189 -166.9759,
		 -10.2089 4.4189 -166.9759,
		 -10.5137 3.9617 -166.9759,
		 10.8201 5.9427 -166.9759,
		 10.8201 4.4189 -166.9759,
		 18.2869 4.4189 -166.9759,
		 18.2869 5.9427 -166.9759,
		 2.7428 4.4189 -166.9759,
		 2.7428 5.9427 -166.9759,
		 -4.5721 5.9427 -166.9759,
		 -4.5721 4.4189 -166.9759,
		 -9.7517 4.4189 -166.9759,
		 -9.7517 5.9427 -166.9759,
		 -9.7532 5.9427 -166.9759,
		 -9.7532 4.4189 -166.9759,
		 -10.2089 5.9427 -166.9759,
		 -10.2089 4.4189 -166.9759,
		 -9.9059 4.4189 -166.9759,
		 -9.9059 5.9427 -166.9759,
		 10.8201 8.5331 -166.9759,
		 10.8201 5.9427 -166.9759,
		 18.2869 5.9427 -166.9759,
		 18.2869 8.5331 -166.9759,
		 2.7428 5.9427 -166.9759,
		 2.7428 8.5331 -166.9759,
		 -4.5721 8.5331 -166.9759,
		 -4.5721 5.9427 -166.9759,
		 -9.7517 5.9427 -166.9759,
		 -9.7517 8.5331 -166.9759,
		 -9.7532 8.5331 -166.9759,
		 -9.7532 5.9427 -166.9759,
		 -4.5721 8.8389 -166.9759,
		 -4.5721 8.5331 -166.9759,
		 18.2869 8.5331 -166.9759,
		 18.2869 8.8389 -166.9759,
		 18.2869 8.8389 -166.9759,
		 -24.3826 8.8389 -166.9759,
		 -9.7517 8.5331 -166.9759,
		 -9.7517 8.8389 -166.9759,
		 -24.3826 8.5331 -166.9759,
		 -14.0193 8.5331 -166.9759,
		 -14.0193 5.9427 -166.9759,
		 -9.9059 5.9427 -166.9759,
		 -9.9059 8.5331 -166.9759,
		 -22.0966 5.9427 -166.9759,
		 -22.0966 8.5331 -166.9759,
		 -24.3826 5.9427 -166.9759,
		 -14.0193 5.9427 -166.9759,
		 -14.0193 5.6379 -166.9759,
		 -11.5803 5.6379 -166.9759,
		 -11.2756 5.9427 -166.9759,
		 -22.0966 5.6379 -166.9759,
		 -22.0966 5.9427 -166.9759,
		 -24.3826 5.6379 -166.9759,
		 -24.3826 4.1147 -166.9759,
		 -24.3826 3.9617 -166.9759,
		 -11.5803 3.9617 -166.9759,
		 -11.5803 4.1147 -166.9759,
		 -14.0193 5.6379 -166.9759,
		 -14.0193 4.1147 -166.9759,
		 -11.5803 4.1147 -166.9759,
		 -11.5803 5.6379 -166.9759,
		 -22.0966 4.1147 -166.9759,
		 -22.0966 5.6379 -166.9759,
		 -24.3826 4.1147 -166.9759,
		 -11.2756 4.4189 -166.9759,
		 -11.2756 5.9427 -166.9759,
		 -11.5803 4.4189 -166.9759,
		 -5.1817 8.3817 -166.9759,
		 -5.1817 -0.6096 -166.9759,
		 -4.5721 -0.6096 -166.9759,
		 -4.5721 8.3817 -166.9759,
		 -4.5721 8.3817 -166.9759,
		 -9.7517 8.3817 -166.9759,
		 -9.1422 -0.6096 -166.9759,
		 -9.1422 8.3817 -166.9759,
		 -5.3326 8.2283 -166.9759,
		 -5.3326 -0.6096 -166.9759,
		 -5.1817 -0.6096 -166.9759,
		 -5.1817 8.2283 -166.9759,
		 -5.1817 8.2283 -166.9759,
		 -9.1422 8.2283 -166.9759,
		 -9.1422 3.2891 -166.9759,
		 -9.1422 -0.6096 -166.9759,
		 -5.3326 3.2891 -166.9759,
		 -8.3803 3.3522 -166.9759,
		 -8.5327 3.2891 -166.9759,
		 -5.3326 3.3522 -166.9759,
		 -8.3357 3.4600 -166.9759,
		 -5.3326 3.4600 -166.9759,
		 -8.2279 3.5046 -166.9759,
		 -8.3357 3.4600 -166.9759,
		 -5.3326 3.5046 -166.9759,
		 -8.1648 3.6570 -166.9759,
		 -8.2279 3.5046 -166.9759,
		 -5.3326 3.6570 -166.9759,
		 -8.1909 3.7201 -166.9759,
		 -8.1648 3.6570 -166.9759,
		 -5.3326 3.7201 -166.9759,
		 -8.2279 3.8094 -166.9759,
		 -8.1909 3.7201 -166.9759,
		 -5.3326 3.7201 -166.9759,
		 -5.3326 3.8094 -166.9759,
		 -8.3803 3.8725 -166.9759,
		 -5.3326 3.8725 -166.9759,
		 -5.3326 3.8725 -166.9759,
		 -5.3326 4.8760 -166.9759,
		 -9.1422 4.8760 -166.9759,
		 -9.1422 3.8725 -166.9759,
		 -8.5327 3.8094 -166.9759,
		 -9.1422 3.8094 -166.9759,
		 -8.5696 3.7201 -166.9759,
		 -9.1422 3.7201 -166.9759,
		 -9.1422 3.7016 -166.9759,
		 -9.1422 3.6570 -166.9759,
		 -8.6851 3.6570 -166.9759,
		 -8.5773 3.7016 -166.9759,
		 -8.5773 3.7016 -166.9759,
		 -8.5696 3.7201 -166.9759,
		 -9.1422 3.7016 -166.9759,
		 -8.7482 3.5046 -166.9759,
		 -9.1422 3.5046 -166.9759,
		 -8.6851 3.3522 -166.9759,
		 -9.1422 3.3522 -166.9759,
		 -9.1422 3.2891 -166.9759,
		 -5.7912 7.4674 -166.9759,
		 -5.7912 4.8760 -166.9759,
		 -5.3326 4.8760 -166.9759,
		 -5.3326 7.4674 -166.9759,
		 -5.3326 7.4674 -166.9759,
		 -9.1422 8.2283 -166.9759,
		 -9.1422 7.4674 -166.9759,
		 -8.5327 4.8760 -166.9759,
		 -8.5327 7.4674 -166.9759,
		 -9.1422 4.8760 -166.9759,
		 -5.9421 7.3140 -166.9759,
		 -5.9421 4.8760 -166.9759,
		 -5.7912 4.8760 -166.9759,
		 -5.7912 7.3140 -166.9759,
		 -5.7912 7.3140 -166.9759,
		 -8.5327 7.3140 -166.9759,
		 -8.5327 7.3140 -166.9759,
		 -8.5327 4.8760 -166.9759,
		 -8.7220 3.4415 -166.9759,
		 -8.3433 3.4415 -166.9759,
		 -8.3357 3.4600 -166.9759,
		 -8.3803 3.4415 -166.9759,
		 -8.5958 3.6570 -166.9759,
		 -8.5773 3.7016 -166.9759,
		 -8.5327 3.5046 -166.9759,
		 -8.7220 3.4415 -166.9759,
		 -8.1648 3.6570 -166.9759,
		 -11.2756 5.4855 -166.9759,
		 -10.2089 4.4189 -166.9759,
		 -10.2089 5.4855 -166.9759,
		 -10.2089 5.6379 -166.9759,
		 -11.2756 5.6379 -166.9759,
		 -11.2756 5.6379 -166.9759,
		 -11.2756 5.4855 -166.9759,
		 -10.2089 5.4855 -166.9759,
		 -10.2089 5.6379 -166.9759,
		 2.7428 4.4189 -166.9759,
		 10.8201 4.4189 -166.9759,
		 3.0485 4.4189 -166.9759,
		 3.0485 8.5331 -166.9759,
		 2.7428 4.4189 -166.9759,
		 3.0485 4.8760 -166.9759,
		 10.8201 4.4189 -166.9759,
		 10.8201 4.8760 -166.9759,
		 10.3630 8.0759 -166.9759,
		 10.3630 4.8760 -166.9759,
		 10.8201 4.8760 -166.9759,
		 10.8201 8.0759 -166.9759,
		 10.8201 8.0759 -166.9759,
		 10.8201 8.5331 -166.9759,
		 3.0485 8.0759 -166.9759,
		 6.7050 8.0759 -166.9759,
		 6.7050 4.8760 -166.9759,
		 7.0105 4.8760 -166.9759,
		 7.0105 8.0759 -166.9759,
		 3.5057 4.8760 -166.9759,
		 3.5057 8.0759 -166.9759,
		 3.0485 4.8760 -166.9759,
		 10.2106 5.9437 -166.9759,
		 10.2106 4.8760 -166.9759,
		 10.3630 4.8760 -166.9759,
		 10.3630 5.9437 -166.9759,
		 10.2106 7.9236 -166.9759,
		 10.2106 5.9437 -166.9759,
		 10.3630 5.9437 -166.9759,
		 10.3630 7.9236 -166.9759,
		 10.3630 7.9236 -166.9759,
		 7.0105 7.9236 -166.9759,
		 6.5526 7.9236 -166.9759,
		 6.5526 4.8760 -166.9759,
		 6.7050 4.8760 -166.9759,
		 6.7050 7.9236 -166.9759,
		 6.7050 7.9236 -166.9759,
		 3.5057 7.9236 -166.9759,
		 7.0105 5.1808 -166.9759,
		 7.0105 4.8760 -166.9759,
		 10.2106 5.1808 -166.9759,
		 8.6867 5.9427 -166.9759,
		 8.6867 5.1808 -166.9759,
		 10.2106 5.1808 -166.9759,
		 10.2106 5.9427 -166.9759,
		 8.5343 5.1808 -166.9759,
		 8.5343 5.9427 -166.9759,
		 7.0105 5.9427 -166.9759,
		 7.0105 5.1808 -166.9759,
		 3.5057 7.9236 -166.9759,
		 3.5057 4.8760 -166.9759,
		 7.0105 7.9236 -166.9759,
		 7.0105 5.9427 -166.9759,
		 10.2106 5.9427 -166.9759,
		 -22.0966 4.4189 -166.9759,
		 -14.0193 4.4189 -166.9759,
		 -21.7908 4.4189 -166.9759,
		 -21.7908 8.5331 -166.9759,
		 -22.0966 4.4189 -166.9759,
		 -21.7908 4.8760 -166.9759,
		 -14.0193 4.4189 -166.9759,
		 -14.0193 4.8760 -166.9759,
		 -14.4764 8.0759 -166.9759,
		 -14.4764 4.8760 -166.9759,
		 -14.0193 4.8760 -166.9759,
		 -14.0193 8.0759 -166.9759,
		 -14.0193 8.0759 -166.9759,
		 -14.0193 8.5331 -166.9759,
		 -21.7908 8.0759 -166.9759,
		 -18.1343 8.0759 -166.9759,
		 -18.1343 4.8760 -166.9759,
		 -17.8289 4.8760 -166.9759,
		 -17.8289 8.0759 -166.9759,
		 -21.3337 4.8760 -166.9759,
		 -21.3337 8.0759 -166.9759,
		 -21.7908 4.8760 -166.9759,
		 -14.6288 7.3149 -166.9759,
		 -14.6288 4.8760 -166.9759,
		 -14.4764 4.8760 -166.9759,
		 -14.4764 7.3149 -166.9759,
		 -14.6288 7.9236 -166.9759,
		 -14.6288 7.3149 -166.9759,
		 -14.4764 7.3149 -166.9759,
		 -14.4764 7.9236 -166.9759,
		 -14.4764 7.9236 -166.9759,
		 -17.8289 7.9236 -166.9759,
		 -18.2867 7.9236 -166.9759,
		 -18.2867 4.8760 -166.9759,
		 -18.1343 4.8760 -166.9759,
		 -18.1343 7.9236 -166.9759,
		 -18.1343 7.9236 -166.9759,
		 -21.3337 7.9236 -166.9759,
		 -17.8289 6.5521 -166.9759,
		 -17.8289 4.8760 -166.9759,
		 -14.6288 6.5521 -166.9759,
		 -16.1526 7.3140 -166.9759,
		 -16.1526 6.5521 -166.9759,
		 -14.6288 6.5521 -166.9759,
		 -14.6288 7.3140 -166.9759,
		 -14.6288 7.3140 -166.9759,
		 -14.6288 7.3148 -166.9759,
		 -17.8289 7.3148 -166.9759,
		 -17.8289 7.3140 -166.9759,
		 -16.3064 6.5521 -166.9759,
		 -16.3064 7.3140 -166.9759,
		 -17.8289 6.5521 -166.9759,
		 -21.3337 7.9236 -166.9759,
		 -21.3337 4.8760 -166.9759,
		 -17.8289 7.9236 -166.9759,
		 -17.8289 7.3148 -166.9759,
		 -14.6288 7.3148 -166.9759,
		 18.2869 3.9617 -166.9759,
		 18.2869 -0.6096 -166.9759,
		 -4.5721 3.9617 -166.9759,
		 -9.7532 3.9617 -166.9759,
		 -9.7517 3.9617 -166.9759,
		 -24.3826 3.9617 -166.9759,
		 -9.9059 3.9617 -166.9759,
		 18.2869 4.1147 -166.9759,
		 18.2869 3.9617 -166.9759,
		 -4.5721 3.9617 -166.9759,
		 -4.5721 4.1147 -166.9759,
		 18.2869 4.4189 -166.9759,
		 18.2869 4.1147 -166.9759,
		 10.8201 4.4189 -166.9759,
		 -4.5721 4.1147 -166.9759,
		 -4.5721 4.4189 -166.9759,
		 2.7428 4.4189 -166.9759,
		 -9.7532 3.9617 -166.9759,
		 -9.7532 4.4189 -166.9759,
		 -9.7517 4.4189 -166.9759,
		 -9.7517 3.9617 -166.9759,
		 -9.9059 4.4189 -166.9759,
		 -9.9059 3.9617 -166.9759,
		 18.2869 5.9427 -166.9759,
		 18.2869 4.4189 -166.9759,
		 10.8201 4.4189 -166.9759,
		 10.8201 5.9427 -166.9759,
		 -4.5721 4.4189 -166.9759,
		 -4.5721 5.9427 -166.9759,
		 2.7428 5.9427 -166.9759,
		 2.7428 4.4189 -166.9759,
		 -9.7532 4.4189 -166.9759,
		 -9.7532 5.9427 -166.9759,
		 -9.7517 5.9427 -166.9759,
		 -9.7517 4.4189 -166.9759,
		 -9.9059 5.9427 -166.9759,
		 -9.9059 4.4189 -166.9759,
		 -10.2089 4.4189 -166.9759,
		 18.2869 8.5331 -166.9759,
		 18.2869 5.9427 -166.9759,
		 10.8201 5.9427 -166.9759,
		 -4.5721 5.9427 -166.9759,
		 -4.5721 8.5331 -166.9759,
		 2.7428 5.9427 -166.9759,
		 -9.7532 5.9427 -166.9759,
		 -9.7517 8.5331 -166.9759,
		 -9.7517 5.9427 -166.9759,
		 18.2869 8.8389 -166.9759,
		 18.2869 8.5331 -166.9759,
		 -4.5721 8.5331 -166.9759,
		 -24.3826 8.8389 -166.9759,
		 18.2869 8.8389 -166.9759,
		 -24.3826 8.5331 -166.9759,
		 -9.7517 8.5331 -166.9759,
		 -9.9059 5.9427 -166.9759,
		 -14.0193 5.9427 -166.9759,
		 -24.3826 5.9427 -166.9759,
		 -22.0966 5.9427 -166.9759,
		 -11.5803 5.6379 -166.9759,
		 -14.0193 5.6379 -166.9759,
		 -14.0193 5.9427 -166.9759,
		 -24.3826 5.6379 -166.9759,
		 -22.0966 5.9427 -166.9759,
		 -22.0966 5.6379 -166.9759,
		 -11.5803 4.1147 -166.9759,
		 -24.3826 3.9617 -166.9759,
		 -24.3826 4.1147 -166.9759,
		 -11.5803 4.1147 -166.9759,
		 -14.0193 5.6379 -166.9759,
		 -24.3826 4.1147 -166.9759,
		 -22.0966 5.6379 -166.9759,
		 -11.5803 4.4189 -166.9759,
		 -4.5721 8.3817 -166.9759,
		 -4.5721 -0.6096 -166.9759,
		 -9.7517 8.3817 -166.9759,
		 -4.5721 8.3817 -166.9759,
		 -5.1817 8.2283 -166.9759,
		 -5.1817 -0.6096 -166.9759,
		 -9.1422 8.2283 -166.9759,
		 -5.1817 8.2283 -166.9759,
		 -5.3326 3.2891 -166.9759,
		 -9.1422 3.2891 -166.9759,
		 -5.3326 3.3522 -166.9759,
		 -5.3326 3.4600 -166.9759,
		 -8.3357 3.4600 -166.9759,
		 -5.3326 3.5046 -166.9759,
		 -8.3357 3.4600 -166.9759,
		 -5.3326 3.6570 -166.9759,
		 -8.2279 3.5046 -166.9759,
		 -8.1648 3.6570 -166.9759,
		 -5.3326 3.7201 -166.9759,
		 -8.1648 3.6570 -166.9759,
		 -8.1909 3.7201 -166.9759,
		 -5.3326 3.8094 -166.9759,
		 -5.3326 3.7201 -166.9759,
		 -8.1909 3.7201 -166.9759,
		 -5.3326 3.8725 -166.9759,
		 -9.1422 3.8725 -166.9759,
		 -9.1422 4.8760 -166.9759,
		 -5.3326 4.8760 -166.9759,
		 -5.3326 3.8725 -166.9759,
		 -9.1422 3.8094 -166.9759,
		 -9.1422 3.7201 -166.9759,
		 -8.5696 3.7201 -166.9759,
		 -8.5773 3.7016 -166.9759,
		 -9.1422 3.6570 -166.9759,
		 -9.1422 3.7016 -166.9759,
		 -9.1422 3.7016 -166.9759,
		 -8.5696 3.7201 -166.9759,
		 -8.5773 3.7016 -166.9759,
		 -9.1422 3.5046 -166.9759,
		 -9.1422 3.3522 -166.9759,
		 -9.1422 3.2891 -166.9759,
		 -5.3326 7.4674 -166.9759,
		 -5.3326 4.8760 -166.9759,
		 -9.1422 7.4674 -166.9759,
		 -5.3326 7.4674 -166.9759,
		 -9.1422 4.8760 -166.9759,
		 -5.7912 7.3140 -166.9759,
		 -5.7912 4.8760 -166.9759,
		 -8.5327 7.3140 -166.9759,
		 -5.7912 7.3140 -166.9759,
		 -8.3433 3.4415 -166.9759,
		 -8.7220 3.4415 -166.9759,
		 -8.3357 3.4600 -166.9759,
		 -8.5773 3.7016 -166.9759,
		 -8.7220 3.4415 -166.9759,
		 -10.2089 5.4855 -166.9759,
		 -11.2756 5.4855 -166.9759,
		 -11.2756 5.6379 -166.9759,
		 -10.2089 5.6379 -166.9759,
		 10.8201 4.4189 -166.9759,
		 2.7428 4.4189 -166.9759,
		 2.7428 4.4189 -166.9759,
		 10.8201 4.8760 -166.9759,
		 3.0485 4.8760 -166.9759,
		 10.8201 8.0759 -166.9759,
		 10.8201 4.8760 -166.9759,
		 3.0485 8.0759 -166.9759,
		 10.8201 8.0759 -166.9759,
		 7.0105 4.8760 -166.9759,
		 3.0485 4.8760 -166.9759,
		 10.3630 5.9437 -166.9759,
		 10.3630 4.8760 -166.9759,
		 10.3630 7.9236 -166.9759,
		 10.3630 5.9437 -166.9759,
		 10.2106 5.9437 -166.9759,
		 7.0105 7.9236 -166.9759,
		 10.3630 7.9236 -166.9759,
		 6.7050 7.9236 -166.9759,
		 6.7050 4.8760 -166.9759,
		 3.5057 7.9236 -166.9759,
		 6.7050 7.9236 -166.9759,
		 10.2106 5.1808 -166.9759,
		 7.0105 5.1808 -166.9759,
		 10.2106 5.9427 -166.9759,
		 10.2106 5.1808 -166.9759,
		 7.0105 5.1808 -166.9759,
		 7.0105 5.9427 -166.9759,
		 -14.0193 4.4189 -166.9759,
		 -22.0966 4.4189 -166.9759,
		 -22.0966 4.4189 -166.9759,
		 -14.0193 4.8760 -166.9759,
		 -21.7908 4.8760 -166.9759,
		 -14.0193 8.0759 -166.9759,
		 -14.0193 4.8760 -166.9759,
		 -21.7908 8.0759 -166.9759,
		 -14.0193 8.0759 -166.9759,
		 -17.8289 4.8760 -166.9759,
		 -21.7908 4.8760 -166.9759,
		 -14.4764 7.3149 -166.9759,
		 -14.4764 4.8760 -166.9759,
		 -14.4764 7.9236 -166.9759,
		 -14.4764 7.3149 -166.9759,
		 -14.6288 7.3149 -166.9759,
		 -17.8289 7.9236 -166.9759,
		 -14.4764 7.9236 -166.9759,
		 -18.1343 7.9236 -166.9759,
		 -18.1343 4.8760 -166.9759,
		 -21.3337 7.9236 -166.9759,
		 -18.1343 7.9236 -166.9759,
		 -14.6288 6.5521 -166.9759,
		 -17.8289 6.5521 -166.9759,
		 -14.6288 7.3140 -166.9759,
		 -14.6288 6.5521 -166.9759,
		 -17.8289 7.3140 -166.9759,
		 -17.8289 7.3148 -166.9759,
		 -14.6288 7.3148 -166.9759,
		 -14.6288 7.3140 -166.9759,
		 -17.8289 6.5521 -166.9759,
		 -24.3826 7.9236 -166.9759,
		 -24.3826 7.9236 -142.5933,
		 -24.3826 1.0668 -166.9759,
		 -24.3826 7.9236 -166.9759,
		 -24.3826 7.9236 -150.2137,
		 -24.3826 1.0668 -150.2137,
		 -24.3826 1.0668 -146.7073,
		 -24.3826 7.9236 -146.2517,
		 -24.3826 1.0668 -146.2517,
		 -24.3826 7.9236 -146.7073,
		 -24.3826 1.0668 -142.5933,
		 -24.3826 1.0668 -166.9759,
		 -24.3826 7.9236 -142.5933,
		 -24.3826 1.0668 -142.7454,
		 -24.3826 7.9236 -142.7454,
		 -24.3826 7.4674 -146.2517,
		 -24.3826 7.4674 -142.7454,
		 -24.3826 4.5713 -146.2517,
		 -24.3826 7.4674 -146.2517,
		 -24.3826 7.4674 -145.7932,
		 -24.3826 4.5713 -145.7932,
		 -24.3826 4.4199 -146.2517,
		 -24.3826 4.5713 -146.2517,
		 -24.3826 4.5713 -142.7454,
		 -24.3826 4.4199 -142.7454,
		 -24.3826 1.5237 -146.2517,
		 -24.3826 4.4199 -146.2517,
		 -24.3826 4.4199 -145.7932,
		 -24.3826 1.5237 -145.7932,
		 -24.3826 1.5237 -142.7454,
		 -24.3826 1.5237 -146.2517,
		 -24.3826 1.5237 -144.5755,
		 -24.3826 4.4199 -144.5755,
		 -24.3826 4.4199 -144.4218,
		 -24.3826 1.5237 -144.4218,
		 -24.3826 4.4199 -142.7454,
		 -24.3826 1.5237 -143.2040,
		 -24.3826 4.4199 -143.2040,
		 -24.3826 4.5713 -144.5755,
		 -24.3826 7.4674 -144.5755,
		 -24.3826 7.4674 -144.4218,
		 -24.3826 4.5713 -144.4218,
		 -24.3826 7.4674 -142.7454,
		 -24.3826 4.5713 -143.2040,
		 -24.3826 7.4674 -143.2040,
		 -24.3826 7.4674 -144.5755,
		 -24.3826 4.4199 -144.5755,
		 -24.3826 7.4674 -150.2137,
		 -24.3826 7.9236 -150.2137,
		 -24.3826 7.9236 -146.7073,
		 -24.3826 7.4674 -146.7073,
		 -24.3826 4.5713 -150.2137,
		 -24.3826 7.4674 -150.2137,
		 -24.3826 7.4674 -149.7552,
		 -24.3826 4.5713 -149.7552,
		 -24.3826 4.4199 -150.2137,
		 -24.3826 4.5713 -150.2137,
		 -24.3826 4.5713 -146.7073,
		 -24.3826 4.4199 -146.7073,
		 -24.3826 1.5237 -150.2137,
		 -24.3826 4.4199 -150.2137,
		 -24.3826 4.4199 -149.7552,
		 -24.3826 1.5237 -149.7552,
		 -24.3826 1.5237 -146.7073,
		 -24.3826 1.5237 -150.2137,
		 -24.3826 1.5237 -148.5374,
		 -24.3826 4.4199 -148.5374,
		 -24.3826 4.4199 -148.3838,
		 -24.3826 1.5237 -148.3838,
		 -24.3826 4.4199 -146.7073,
		 -24.3826 1.5237 -147.1660,
		 -24.3826 4.4199 -147.1660,
		 -24.3826 4.5713 -148.5374,
		 -24.3826 7.4674 -148.5374,
		 -24.3826 7.4674 -148.3838,
		 -24.3826 4.5713 -148.3838,
		 -24.3826 7.4674 -146.7073,
		 -24.3826 4.5713 -147.1660,
		 -24.3826 7.4674 -147.1660,
		 -24.3826 7.4674 -148.5374,
		 -24.3826 4.4199 -148.5374,
		 -24.3826 7.9236 -142.5933,
		 -24.3826 7.9236 -166.9759,
		 -24.3826 7.9236 -150.2137,
		 -24.3826 7.9236 -166.9759,
		 -24.3826 1.0668 -166.9759,
		 -24.3826 7.9236 -146.7073,
		 -24.3826 1.0668 -166.9759,
		 -24.3826 1.0668 -142.5933,
		 -24.3826 7.9236 -142.5933,
		 -24.3826 7.4674 -142.7454,
		 -24.3826 7.4674 -146.2517,
		 -24.3826 7.4674 -146.2517,
		 -24.3826 4.5713 -146.2517,
		 -24.3826 4.4199 -142.7454,
		 -24.3826 4.5713 -142.7454,
		 -24.3826 4.5713 -146.2517,
		 -24.3826 4.4199 -146.2517,
		 -24.3826 4.4199 -146.2517,
		 -24.3826 1.5237 -146.2517,
		 -24.3826 1.5237 -146.2517,
		 -24.3826 1.5237 -142.7454,
		 -24.3826 4.4199 -144.5755,
		 -24.3826 4.4199 -142.7454,
		 -24.3826 7.4674 -144.5755,
		 -24.3826 7.4674 -142.7454,
		 -24.3826 7.4674 -146.7073,
		 -24.3826 7.4674 -150.2137,
		 -24.3826 7.4674 -150.2137,
		 -24.3826 4.5713 -150.2137,
		 -24.3826 4.4199 -146.7073,
		 -24.3826 4.5713 -146.7073,
		 -24.3826 4.5713 -150.2137,
		 -24.3826 4.4199 -150.2137,
		 -24.3826 4.4199 -150.2137,
		 -24.3826 1.5237 -150.2137,
		 -24.3826 1.5237 -150.2137,
		 -24.3826 1.5237 -146.7073,
		 -24.3826 4.4199 -148.5374,
		 -24.3826 4.4199 -146.7073,
		 -24.3826 7.4674 -148.5374,
		 -24.3826 7.4674 -146.7073,
		 -3.0495 23.1623 -142.5933,
		 -3.0461 23.1623 -142.5933,
		 -3.2131 23.0572 -142.5933,
		 -3.0478 23.1623 -142.5933,
		 -4.1144 16.6109 -142.5933,
		 -2.8954 15.6966 -142.5933,
		 -9.9237 15.6966 -142.5933,
		 -11.3758 16.6109 -142.5933,
		 -23.9092 9.7525 -142.5933,
		 -15.4541 15.1880 -142.5933,
		 -23.7730 9.7525 -142.5933,
		 -24.3826 9.1430 -142.5933,
		 -23.7730 9.1430 -142.5933,
		 15.0180 9.4484 -142.5933,
		 15.4858 9.1430 -142.5933,
		 0.0000 9.1430 -142.5933,
		 0.0000 9.4484 -142.5933,
		 5.4467 15.6966 -142.5933,
		 -9.9237 15.6966 -142.5933,
		 -24.3826 8.8382 -142.5933,
		 -24.3826 9.1430 -142.5933,
		 -23.7730 9.1430 -142.5933,
		 -23.7730 8.8382 -142.5933,
		 5.1813 9.1430 -142.5933,
		 5.1813 8.8382 -142.5933,
		 0.0000 8.8382 -142.5933,
		 0.0000 9.1430 -142.5933,
		 15.8487 8.9061 -142.5933,
		 15.9526 8.8382 -142.5933,
		 15.8487 8.8382 -142.5933,
		 -24.3826 7.3144 -142.5933,
		 -24.3826 8.8382 -142.5933,
		 -23.7730 8.8382 -142.5933,
		 -23.7730 7.3144 -142.5933,
		 4.8765 8.8382 -142.5933,
		 4.8765 7.3144 -142.5933,
		 0.0000 7.3144 -142.5933,
		 0.0000 8.8382 -142.5933,
		 15.9526 8.8382 -142.5933,
		 18.2869 7.3144 -142.5933,
		 15.8487 7.3144 -142.5933,
		 15.8487 8.8382 -142.5933,
		 4.0462 16.6109 -142.5933,
		 -2.8954 15.6966 -142.5933,
		 -1.7780 16.6109 -142.5933,
		 -4.2254 21.1827 -142.5933,
		 -3.5823 21.5908 -142.5933,
		 -2.9571 21.1827 -142.5933,
		 -4.4655 21.0303 -142.5933,
		 -3.0478 21.1827 -142.5933,
		 -3.2540 21.0303 -142.5933,
		 -2.9571 21.1827 -142.5933,
		 -2.7237 21.0303 -142.5933,
		 -2.8417 21.0303 -142.5933,
		 -8.3075 18.5921 -142.5933,
		 -3.2540 21.0303 -142.5933,
		 -6.5528 18.5921 -142.5933,
		 -8.4284 18.5153 -142.5933,
		 -6.4505 18.5153 -142.5933,
		 -6.4505 18.5153 -142.5933,
		 -6.5528 18.4397 -142.5933,
		 -8.5476 18.4397 -142.5933,
		 -8.4284 18.5153 -142.5933,
		 -11.4027 16.6278 -142.5933,
		 -4.1370 16.6278 -142.5933,
		 -4.1370 16.6278 -142.5933,
		 -4.1144 16.6109 -142.5933,
		 -11.3758 16.6109 -142.5933,
		 -11.4027 16.6278 -142.5933,
		 1.2447 18.4397 -142.5933,
		 -1.7780 16.6109 -142.5933,
		 0.4572 18.4397 -142.5933,
		 1.1339 18.5120 -142.5933,
		 0.3593 18.5120 -142.5933,
		 1.0113 18.5921 -142.5933,
		 0.3593 18.5120 -142.5933,
		 0.4572 18.5921 -142.5933,
		 -2.7237 21.0303 -142.5933,
		 -2.8417 21.0303 -142.5933,
		 -24.3826 6.4001 -142.5933,
		 -24.3826 7.3144 -142.5933,
		 -23.7730 7.3144 -142.5933,
		 -23.7730 6.4001 -142.5933,
		 4.8765 7.3144 -142.5933,
		 4.8765 6.4001 -142.5933,
		 0.0000 6.4001 -142.5933,
		 0.0000 7.3144 -142.5933,
		 18.2869 7.3144 -142.5933,
		 18.2869 6.4001 -142.5933,
		 15.8487 6.4001 -142.5933,
		 15.8487 7.3144 -142.5933,
		 -24.3826 4.5715 -142.5933,
		 -24.3826 6.4001 -142.5933,
		 -23.7730 6.4001 -142.5933,
		 -23.7730 4.5715 -142.5933,
		 4.8765 6.4001 -142.5933,
		 4.8765 4.5715 -142.5933,
		 0.0000 4.5715 -142.5933,
		 0.0000 6.4001 -142.5933,
		 -24.3826 3.6572 -142.5933,
		 -24.3826 4.5715 -142.5933,
		 -23.7730 4.5715 -142.5933,
		 -23.7730 3.6572 -142.5933,
		 4.8765 4.5715 -142.5933,
		 4.8765 3.6572 -142.5933,
		 0.0000 3.6572 -142.5933,
		 0.0000 4.5715 -142.5933,
		 -24.3826 3.6572 -142.5933,
		 -23.7730 3.6572 -142.5933,
		 -23.7730 -0.6096 -142.5933,
		 18.2869 3.6572 -142.5933,
		 0.0000 -0.6096 -142.5933,
		 0.0000 3.6572 -142.5933,
		 18.2869 3.9620 -142.5933,
		 15.5439 3.6572 -142.5933,
		 15.5439 3.9620 -142.5933,
		 18.2869 4.5715 -142.5933,
		 15.8487 3.9620 -142.5933,
		 15.8487 4.5715 -142.5933,
		 18.2869 6.4001 -142.5933,
		 15.8487 4.5715 -142.5933,
		 15.8487 6.4001 -142.5933,
		 -3.0461 23.1623 -142.5933,
		 18.2869 9.4478 -142.5933,
		 -3.0478 23.1623 -142.5933,
		 15.4858 9.1430 -142.5933,
		 -3.5823 21.5908 -142.5933,
		 -0.6031 21.5908 -142.5933,
		 18.2869 9.4478 -142.5933,
		 18.2869 9.1430 -142.5933,
		 18.2869 8.9061 -142.5933,
		 15.8487 8.9061 -142.5933,
		 18.2869 9.1430 -142.5933,
		 15.8487 8.9061 -142.5933,
		 15.8487 9.1430 -142.5933,
		 -0.6794 21.6399 -142.5933,
		 -3.5823 21.5908 -142.5933,
		 -3.5050 21.6399 -142.5933,
		 -12.3867 17.2203 -142.5933,
		 -10.4691 17.2203 -142.5933,
		 -12.4111 17.1762 -142.5933,
		 -12.4347 17.1897 -142.5933,
		 -12.3437 17.2203 -142.5933,
		 -10.4691 17.2203 -142.5933,
		 -11.4027 16.6278 -142.5933,
		 -3.0986 15.8490 -142.5933,
		 -6.4505 18.5153 -142.5933,
		 -2.8954 15.8490 -142.5933,
		 -2.7092 15.8490 -142.5933,
		 -3.0986 15.8490 -142.5933,
		 0.3593 18.5120 -142.5933,
		 4.8765 3.9620 -142.5933,
		 5.1813 8.8382 -142.5933,
		 5.1813 3.9620 -142.5933,
		 15.5439 3.9620 -142.5933,
		 4.8765 3.9620 -142.5933,
		 5.1813 8.5340 -142.5933,
		 15.8487 8.5340 -142.5933,
		 5.1813 8.5335 -142.5933,
		 5.1813 8.5340 -142.5933,
		 5.7909 8.5340 -142.5933,
		 5.7909 8.5335 -142.5933,
		 13.1056 8.5340 -142.5933,
		 13.1056 8.5335 -142.5933,
		 7.9243 8.5335 -142.5933,
		 7.9243 8.5340 -142.5933,
		 5.1813 6.7049 -142.5933,
		 5.1813 8.5335 -142.5933,
		 5.7909 8.5335 -142.5933,
		 5.7909 6.7049 -142.5933,
		 7.9243 8.2287 -142.5933,
		 7.9243 8.5335 -142.5933,
		 8.2291 8.5335 -142.5933,
		 8.2291 8.2287 -142.5933,
		 10.3626 8.2287 -142.5933,
		 10.3626 8.5335 -142.5933,
		 10.6674 8.5335 -142.5933,
		 10.6674 8.2287 -142.5933,
		 13.1056 8.5335 -142.5933,
		 13.1056 8.2287 -142.5933,
		 12.8008 8.2287 -142.5933,
		 12.8008 8.5335 -142.5933,
		 7.9243 7.9245 -142.5933,
		 8.2291 8.2287 -142.5933,
		 8.2291 7.9245 -142.5933,
		 10.3626 7.9245 -142.5933,
		 10.3626 8.2287 -142.5933,
		 10.6674 8.2287 -142.5933,
		 10.6674 7.9245 -142.5933,
		 13.1056 8.2287 -142.5933,
		 13.1056 7.9245 -142.5933,
		 12.8008 7.9245 -142.5933,
		 12.8008 8.2287 -142.5933,
		 7.9243 6.7049 -142.5933,
		 7.9243 7.9245 -142.5933,
		 8.2291 7.9245 -142.5933,
		 8.2291 6.7049 -142.5933,
		 13.1056 6.7049 -142.5933,
		 10.3626 6.7049 -142.5933,
		 10.3626 7.9245 -142.5933,
		 10.6674 7.9245 -142.5933,
		 10.6674 6.7049 -142.5933,
		 12.8008 6.7049 -142.5933,
		 13.1056 7.9245 -142.5933,
		 12.8008 7.9245 -142.5933,
		 5.1813 6.4001 -142.5933,
		 5.1813 6.7049 -142.5933,
		 15.8487 6.7049 -142.5933,
		 15.8487 6.4001 -142.5933,
		 5.1813 6.4001 -142.5933,
		 5.1813 6.4001 -142.5933,
		 13.1056 6.4001 -142.5933,
		 13.1056 6.4001 -142.5933,
		 15.8487 6.4001 -142.5933,
		 15.8487 6.4001 -142.5933,
		 15.0867 6.4001 -142.5933,
		 15.0867 6.4001 -142.5933,
		 5.1813 4.5718 -142.5933,
		 5.1813 6.4001 -142.5933,
		 5.7909 6.4001 -142.5933,
		 5.7909 4.5718 -142.5933,
		 5.1813 4.5715 -142.5933,
		 5.1813 4.5718 -142.5933,
		 5.7909 4.5718 -142.5933,
		 5.7909 4.5715 -142.5933,
		 15.8487 4.5715 -142.5933,
		 5.1813 4.5715 -142.5933,
		 6.7052 4.5715 -142.5933,
		 6.7052 4.5718 -142.5933,
		 13.8676 4.5718 -142.5933,
		 13.8676 4.5715 -142.5933,
		 15.8487 4.5718 -142.5933,
		 15.0867 4.5715 -142.5933,
		 15.0867 4.5718 -142.5933,
		 7.9243 4.5718 -142.5933,
		 7.9243 6.4001 -142.5933,
		 8.2291 6.4001 -142.5933,
		 8.2291 4.5718 -142.5933,
		 10.3626 4.5718 -142.5933,
		 10.3626 6.4001 -142.5933,
		 10.6674 6.4001 -142.5933,
		 10.6674 4.5718 -142.5933,
		 12.8008 4.5718 -142.5933,
		 12.8008 6.4001 -142.5933,
		 13.1056 6.4001 -142.5933,
		 13.1056 4.5718 -142.5933,
		 15.8487 6.4001 -142.5933,
		 15.0867 4.5718 -142.5933,
		 15.0867 6.4001 -142.5933,
		 15.8487 8.5340 -142.5933,
		 15.0867 6.7049 -142.5933,
		 15.0867 8.5340 -142.5933,
		 13.1056 8.2293 -142.5933,
		 15.0867 8.2293 -142.5933,
		 13.1056 6.7049 -142.5933,
		 13.7152 6.7049 -142.5933,
		 13.7152 6.7049 -142.5933,
		 15.0867 6.7049 -142.5933,
		 14.7819 6.7049 -142.5933,
		 14.7819 6.7049 -142.5933,
		 15.0867 8.2293 -142.5933,
		 14.7819 6.7049 -142.5933,
		 14.7819 8.2293 -142.5933,
		 7.9243 7.1620 -142.5933,
		 6.5528 6.7049 -142.5933,
		 7.3148 7.1620 -142.5933,
		 7.9243 7.9239 -142.5933,
		 10.3626 7.9240 -142.5933,
		 8.2291 7.9240 -142.5933,
		 12.8008 7.9240 -142.5933,
		 10.6674 7.9240 -142.5933,
		 13.1056 6.7049 -142.5933,
		 13.1056 7.6192 -142.5933,
		 13.7152 6.7049 -142.5933,
		 5.7909 6.4001 -142.5933,
		 6.5528 6.4001 -142.5933,
		 7.9243 6.4001 -142.5933,
		 6.7052 4.5718 -142.5933,
		 10.3626 6.4001 -142.5933,
		 8.2291 6.4001 -142.5933,
		 12.8008 6.4001 -142.5933,
		 10.6674 6.4001 -142.5933,
		 13.1056 6.4001 -142.5933,
		 15.0867 6.4001 -142.5933,
		 13.1056 6.0953 -142.5933,
		 13.1056 6.4001 -142.5933,
		 13.8676 6.4001 -142.5933,
		 14.0200 6.0953 -142.5933,
		 13.1056 6.0953 -142.5933,
		 14.1724 6.0953 -142.5933,
		 13.8676 4.5718 -142.5933,
		 5.7909 8.2287 -142.5933,
		 5.7909 8.2292 -142.5933,
		 7.9243 8.2292 -142.5933,
		 7.9243 8.2287 -142.5933,
		 5.7909 7.6192 -142.5933,
		 5.7909 8.2287 -142.5933,
		 7.6196 8.2287 -142.5933,
		 7.6196 7.6192 -142.5933,
		 7.6805 7.6192 -142.5933,
		 5.7909 6.7049 -142.5933,
		 5.7909 7.6192 -142.5933,
		 7.9243 7.9239 -142.5933,
		 6.5782 6.0953 -142.5933,
		 5.7909 6.0953 -142.5933,
		 6.5528 6.0953 -142.5933,
		 14.7819 8.2293 -142.5933,
		 13.1056 7.6192 -142.5933,
		 13.1056 8.2293 -142.5933,
		 14.7819 6.4001 -142.5933,
		 14.7819 6.0953 -142.5933,
		 14.7819 6.0953 -142.5933,
		 14.7819 4.5715 -142.5933,
		 7.9243 8.5340 -142.5933,
		 7.9243 8.2292 -142.5933,
		 5.7909 8.2292 -142.5933,
		 5.7909 8.5340 -142.5933,
		 15.0867 6.4001 -142.5933,
		 14.7819 4.5715 -142.5933,
		 14.7819 6.4001 -142.5933,
		 6.5528 6.4001 -142.5933,
		 5.7909 6.0953 -142.5933,
		 5.7909 6.4001 -142.5933,
		 8.2291 7.9240 -142.5933,
		 10.0578 8.2287 -142.5933,
		 10.0578 7.9240 -142.5933,
		 7.9243 8.2287 -142.5933,
		 7.9243 7.9239 -142.5933,
		 8.2291 8.2287 -142.5933,
		 10.3626 8.2287 -142.5933,
		 10.6674 8.5335 -142.5933,
		 12.8008 8.5335 -142.5933,
		 10.6674 7.9240 -142.5933,
		 10.6674 8.2287 -142.5933,
		 12.4961 8.2287 -142.5933,
		 12.4961 7.9240 -142.5933,
		 10.3626 8.2287 -142.5933,
		 10.3626 7.9240 -142.5933,
		 12.8008 8.2287 -142.5933,
		 12.8008 7.9240 -142.5933,
		 -3.6663 20.7255 -142.5933,
		 -2.4293 20.7255 -142.5933,
		 -4.7659 19.9128 -142.5933,
		 -3.0478 20.7255 -142.5933,
		 -4.1146 19.9128 -142.5933,
		 -4.9302 19.7913 -142.5933,
		 -3.9675 19.7913 -142.5933,
		 -4.9471 19.7788 -142.5933,
		 -3.9675 19.7913 -142.5933,
		 -3.9844 19.7788 -142.5933,
		 -5.1095 19.6588 -142.5933,
		 -3.8345 19.6588 -142.5933,
		 -6.0717 18.9477 -142.5933,
		 -4.4193 19.6588 -142.5933,
		 -5.3438 18.9477 -142.5933,
		 -3.4712 18.9477 -142.5933,
		 -3.8345 19.6588 -142.5933,
		 -2.9462 18.9477 -142.5933,
		 -6.4841 18.6429 -142.5933,
		 -6.0717 18.9477 -142.5933,
		 -5.3438 18.9477 -142.5933,
		 -5.7401 18.6429 -142.5933,
		 -6.4457 18.5117 -142.5933,
		 -5.5606 18.5117 -142.5933,
		 -6.4174 18.4905 -142.5933,
		 -5.5606 18.5117 -142.5933,
		 -5.5877 18.4905 -142.5933,
		 -5.3337 17.6777 -142.5933,
		 -4.4193 17.6777 -142.5933,
		 -5.0628 17.4745 -142.5933,
		 -5.3337 17.6777 -142.5933,
		 -3.8824 17.6777 -142.5933,
		 -4.1146 17.4745 -142.5933,
		 -3.8437 16.5602 -142.5933,
		 -2.7938 16.5602 -142.5933,
		 -2.0262 16.5602 -142.5933,
		 -3.8437 16.5602 -142.5933,
		 -1.7900 17.4331 -142.5933,
		 -1.6255 17.5761 -142.5933,
		 -0.7845 17.5761 -142.5933,
		 -0.9593 17.4331 -142.5933,
		 -2.7938 16.5602 -142.5933,
		 -0.9708 17.4237 -142.5933,
		 -1.7779 17.4237 -142.5933,
		 -0.9593 17.4331 -142.5933,
		 -1.7900 17.4331 -142.5933,
		 -0.6603 17.6777 -142.5933,
		 -1.7592 17.6777 -142.5933,
		 -3.2583 18.6937 -142.5933,
		 -3.2002 18.7445 -142.5933,
		 -2.5827 18.7445 -142.5933,
		 -2.6415 18.6937 -142.5933,
		 -3.3642 18.6009 -142.5933,
		 -2.5178 18.6009 -142.5933,
		 -2.5060 18.5921 -142.5933,
		 -2.4383 18.5413 -142.5933,
		 -3.4118 18.5413 -142.5933,
		 -3.3526 18.5921 -142.5933,
		 -2.5178 18.6009 -142.5933,
		 -3.3642 18.6009 -142.5933,
		 -2.8954 18.5413 -142.5933,
		 -3.7662 17.7793 -142.5933,
		 -4.3008 17.7793 -142.5933,
		 -3.4118 18.5413 -142.5933,
		 -2.4383 18.5413 -142.5933,
		 -1.4223 17.7793 -142.5933,
		 -1.8929 17.7793 -142.5933,
		 -3.7662 17.7793 -142.5933,
		 -3.8824 17.6777 -142.5933,
		 -4.4193 17.6777 -142.5933,
		 -4.3008 17.7793 -142.5933,
		 -0.5361 17.7793 -142.5933,
		 -0.6603 17.6777 -142.5933,
		 -1.7592 17.6777 -142.5933,
		 -1.8929 17.7793 -142.5933,
		 -0.4700 18.6018 -142.5933,
		 -0.3048 18.7445 -142.5933,
		 0.2510 18.7445 -142.5933,
		 0.4440 18.6018 -142.5933,
		 -1.4223 17.7793 -142.5933,
		 -1.4223 17.7793 -142.5933,
		 -0.4572 18.5921 -142.5933,
		 0.4440 18.6018 -142.5933,
		 -0.4700 18.6018 -142.5933,
		 -3.2002 18.7445 -142.5933,
		 -3.4712 18.9477 -142.5933,
		 -2.3474 18.9477 -142.5933,
		 -2.5827 18.7445 -142.5933,
		 -0.0240 18.9477 -142.5933,
		 0.2510 18.7445 -142.5933,
		 -0.3048 18.7445 -142.5933,
		 -0.5757 18.9477 -142.5933,
		 -2.0455 19.7198 -142.5933,
		 -1.8795 19.8620 -142.5933,
		 -1.2610 19.8620 -142.5933,
		 -1.0686 19.7198 -142.5933,
		 -1.0549 19.7096 -142.5933,
		 -0.9861 19.6588 -142.5933,
		 -2.0929 19.6588 -142.5933,
		 -2.0319 19.7096 -142.5933,
		 -1.0686 19.7198 -142.5933,
		 -2.0455 19.7198 -142.5933,
		 -1.5239 19.6588 -142.5933,
		 -2.3474 18.9477 -142.5933,
		 -2.9462 18.9477 -142.5933,
		 -2.0929 19.6588 -142.5933,
		 -0.9861 19.6588 -142.5933,
		 -0.0240 18.9477 -142.5933,
		 -0.5757 18.9477 -142.5933,
		 -2.4293 20.7255 -142.5933,
		 -3.3811 20.4716 -142.5933,
		 -2.7043 20.4716 -142.5933,
		 -3.9675 19.7913 -142.5933,
		 -3.0478 20.4716 -142.5933,
		 -2.7043 20.4716 -142.5933,
		 -2.0455 19.7198 -142.5933,
		 -4.7495 19.4048 -142.5933,
		 -4.0807 19.4048 -142.5933,
		 -5.5606 18.5117 -142.5933,
		 -4.4194 19.4048 -142.5933,
		 -4.0807 19.4048 -142.5933,
		 -3.3642 18.6009 -142.5933,
		 -1.8180 19.4048 -142.5933,
		 -1.1853 19.4048 -142.5933,
		 -2.5060 18.5921 -142.5933,
		 -1.5239 19.4048 -142.5933,
		 -2.4891 18.5921 -142.5933,
		 -1.4227 17.7796 -142.5933,
		 -1.1853 19.4048 -142.5933,
		 -0.4700 18.6018 -142.5933,
		 -3.1856 18.2874 -142.5933,
		 -2.5614 18.2874 -142.5933,
		 -3.9678 17.3729 -142.5933,
		 -2.8954 18.2874 -142.5933,
		 -3.9622 17.3729 -142.5933,
		 -2.7952 16.5612 -142.5933,
		 -2.5614 18.2874 -142.5933,
		 -1.7900 17.4331 -142.5933,
		 -2.7938 16.5602 -142.5933,
		 -1.4223 17.7793 -142.5933,
		 -3.0461 23.1623 -142.5933,
		 -3.0495 23.1623 -142.5933,
		 -3.2131 23.0572 -142.5933,
		 -11.3758 16.6109 -142.5933,
		 -9.9237 15.6966 -142.5933,
		 -2.8954 15.6966 -142.5933,
		 -4.1144 16.6109 -142.5933,
		 -15.4541 15.1880 -142.5933,
		 -23.9092 9.7525 -142.5933,
		 -23.7730 9.1430 -142.5933,
		 -24.3826 9.1430 -142.5933,
		 0.0000 9.1430 -142.5933,
		 15.4858 9.1430 -142.5933,
		 15.0180 9.4484 -142.5933,
		 -9.9237 15.6966 -142.5933,
		 5.4467 15.6966 -142.5933,
		 -23.7730 8.8382 -142.5933,
		 -23.7730 9.1430 -142.5933,
		 -24.3826 9.1430 -142.5933,
		 -24.3826 8.8382 -142.5933,
		 0.0000 9.1430 -142.5933,
		 0.0000 8.8382 -142.5933,
		 5.1813 8.8382 -142.5933,
		 15.8487 8.8382 -142.5933,
		 15.9526 8.8382 -142.5933,
		 15.8487 8.9061 -142.5933,
		 -23.7730 7.3144 -142.5933,
		 -23.7730 8.8382 -142.5933,
		 -24.3826 8.8382 -142.5933,
		 -24.3826 7.3144 -142.5933,
		 0.0000 8.8382 -142.5933,
		 0.0000 7.3144 -142.5933,
		 4.8765 7.3144 -142.5933,
		 15.8487 8.8382 -142.5933,
		 15.8487 7.3144 -142.5933,
		 15.9526 8.8382 -142.5933,
		 -1.7780 16.6109 -142.5933,
		 4.0462 16.6109 -142.5933,
		 -2.9571 21.1827 -142.5933,
		 -3.5823 21.5908 -142.5933,
		 -4.2254 21.1827 -142.5933,
		 -3.2540 21.0303 -142.5933,
		 -4.4655 21.0303 -142.5933,
		 -2.8417 21.0303 -142.5933,
		 -2.7237 21.0303 -142.5933,
		 -2.9571 21.1827 -142.5933,
		 -3.2540 21.0303 -142.5933,
		 -8.3075 18.5921 -142.5933,
		 -6.4505 18.5153 -142.5933,
		 -8.4284 18.5153 -142.5933,
		 -8.4284 18.5153 -142.5933,
		 -8.5476 18.4397 -142.5933,
		 -6.4505 18.5153 -142.5933,
		 -4.1370 16.6278 -142.5933,
		 -11.4027 16.6278 -142.5933,
		 -11.4027 16.6278 -142.5933,
		 -11.3758 16.6109 -142.5933,
		 -4.1144 16.6109 -142.5933,
		 -4.1370 16.6278 -142.5933,
		 -1.7780 16.6109 -142.5933,
		 1.2447 18.4397 -142.5933,
		 0.3593 18.5120 -142.5933,
		 1.1339 18.5120 -142.5933,
		 0.3593 18.5120 -142.5933,
		 1.0113 18.5921 -142.5933,
		 -2.8417 21.0303 -142.5933,
		 -2.7237 21.0303 -142.5933,
		 -23.7730 6.4001 -142.5933,
		 -23.7730 7.3144 -142.5933,
		 -24.3826 7.3144 -142.5933,
		 -24.3826 6.4001 -142.5933,
		 0.0000 7.3144 -142.5933,
		 0.0000 6.4001 -142.5933,
		 4.8765 6.4001 -142.5933,
		 4.8765 7.3144 -142.5933,
		 15.8487 7.3144 -142.5933,
		 15.8487 6.4001 -142.5933,
		 18.2869 6.4001 -142.5933,
		 18.2869 7.3144 -142.5933,
		 -23.7730 4.5715 -142.5933,
		 -23.7730 6.4001 -142.5933,
		 -24.3826 6.4001 -142.5933,
		 -24.3826 4.5715 -142.5933,
		 0.0000 6.4001 -142.5933,
		 0.0000 4.5715 -142.5933,
		 4.8765 4.5715 -142.5933,
		 4.8765 6.4001 -142.5933,
		 -23.7730 3.6572 -142.5933,
		 -23.7730 4.5715 -142.5933,
		 -24.3826 4.5715 -142.5933,
		 -24.3826 3.6572 -142.5933,
		 0.0000 4.5715 -142.5933,
		 0.0000 3.6572 -142.5933,
		 4.8765 4.5715 -142.5933,
		 -23.7730 3.6572 -142.5933,
		 -24.3826 3.6572 -142.5933,
		 0.0000 3.6572 -142.5933,
		 18.2869 3.6572 -142.5933,
		 15.5439 3.9620 -142.5933,
		 18.2869 3.9620 -142.5933,
		 15.8487 4.5715 -142.5933,
		 18.2869 4.5715 -142.5933,
		 15.8487 6.4001 -142.5933,
		 15.8487 4.5715 -142.5933,
		 18.2869 6.4001 -142.5933,
		 18.2869 9.4478 -142.5933,
		 -3.0461 23.1623 -142.5933,
		 18.2869 9.1430 -142.5933,
		 -0.6031 21.5908 -142.5933,
		 -3.5823 21.5908 -142.5933,
		 15.4858 9.1430 -142.5933,
		 15.8487 8.9061 -142.5933,
		 18.2869 8.9061 -142.5933,
		 15.8487 8.9061 -142.5933,
		 18.2869 9.1430 -142.5933,
		 -3.5823 21.5908 -142.5933,
		 -0.6794 21.6399 -142.5933,
		 -10.4691 17.2203 -142.5933,
		 -12.3867 17.2203 -142.5933,
		 -12.4111 17.1762 -142.5933,
		 -11.4027 16.6278 -142.5933,
		 -10.4691 17.2203 -142.5933,
		 -6.4505 18.5153 -142.5933,
		 -3.0986 15.8490 -142.5933,
		 -3.0986 15.8490 -142.5933,
		 -2.7092 15.8490 -142.5933,
		 0.3593 18.5120 -142.5933,
		 5.1813 8.8382 -142.5933,
		 4.8765 3.9620 -142.5933,
		 4.8765 3.9620 -142.5933,
		 15.5439 3.9620 -142.5933,
		 15.8487 8.5340 -142.5933,
		 5.1813 8.5340 -142.5933,
		 5.7909 8.5335 -142.5933,
		 5.7909 8.5340 -142.5933,
		 5.1813 8.5340 -142.5933,
		 5.1813 8.5335 -142.5933,
		 7.9243 8.5340 -142.5933,
		 7.9243 8.5335 -142.5933,
		 13.1056 8.5335 -142.5933,
		 5.1813 8.5335 -142.5933,
		 5.1813 6.7049 -142.5933,
		 8.2291 8.2287 -142.5933,
		 7.9243 8.2287 -142.5933,
		 10.6674 8.5335 -142.5933,
		 10.3626 8.2287 -142.5933,
		 12.8008 8.5335 -142.5933,
		 13.1056 8.2287 -142.5933,
		 13.1056 8.5335 -142.5933,
		 8.2291 7.9245 -142.5933,
		 7.9243 7.9245 -142.5933,
		 10.6674 7.9245 -142.5933,
		 10.6674 8.2287 -142.5933,
		 10.3626 7.9245 -142.5933,
		 12.8008 8.2287 -142.5933,
		 12.8008 7.9245 -142.5933,
		 13.1056 7.9245 -142.5933,
		 13.1056 8.2287 -142.5933,
		 7.9243 7.9245 -142.5933,
		 10.3626 7.9245 -142.5933,
		 13.1056 7.9245 -142.5933,
		 15.8487 6.4001 -142.5933,
		 15.8487 6.7049 -142.5933,
		 5.1813 6.7049 -142.5933,
		 5.1813 6.4001 -142.5933,
		 13.1056 6.4001 -142.5933,
		 5.1813 6.4001 -142.5933,
		 5.1813 6.4001 -142.5933,
		 15.0867 6.4001 -142.5933,
		 15.8487 6.4001 -142.5933,
		 15.8487 6.4001 -142.5933,
		 5.1813 6.4001 -142.5933,
		 5.1813 4.5718 -142.5933,
		 5.7909 4.5718 -142.5933,
		 5.1813 4.5718 -142.5933,
		 5.1813 4.5715 -142.5933,
		 5.1813 4.5715 -142.5933,
		 15.8487 4.5715 -142.5933,
		 13.8676 4.5718 -142.5933,
		 6.7052 4.5718 -142.5933,
		 15.0867 4.5718 -142.5933,
		 15.8487 4.5718 -142.5933,
		 8.2291 6.4001 -142.5933,
		 7.9243 6.4001 -142.5933,
		 10.6674 6.4001 -142.5933,
		 10.3626 6.4001 -142.5933,
		 13.1056 6.4001 -142.5933,
		 12.8008 6.4001 -142.5933,
		 15.0867 6.4001 -142.5933,
		 15.8487 6.4001 -142.5933,
		 15.8487 8.5340 -142.5933,
		 15.0867 8.2293 -142.5933,
		 13.1056 8.2293 -142.5933,
		 13.7152 6.7049 -142.5933,
		 13.1056 6.7049 -142.5933,
		 14.7819 6.7049 -142.5933,
		 15.0867 6.7049 -142.5933,
		 15.0867 8.2293 -142.5933,
		 7.9243 7.1620 -142.5933,
		 7.9243 7.9239 -142.5933,
		 8.2291 7.9240 -142.5933,
		 10.3626 7.9240 -142.5933,
		 10.6674 7.9240 -142.5933,
		 12.8008 7.9240 -142.5933,
		 13.7152 6.7049 -142.5933,
		 13.1056 7.6192 -142.5933,
		 5.7909 6.4001 -142.5933,
		 6.7052 4.5718 -142.5933,
		 15.0867 6.4001 -142.5933,
		 13.1056 6.4001 -142.5933,
		 13.1056 6.4001 -142.5933,
		 13.1056 6.0953 -142.5933,
		 13.8676 4.5718 -142.5933,
		 13.1056 6.0953 -142.5933,
		 7.9243 8.2287 -142.5933,
		 7.9243 8.2292 -142.5933,
		 5.7909 8.2292 -142.5933,
		 5.7909 8.2287 -142.5933,
		 5.7909 8.2287 -142.5933,
		 5.7909 7.6192 -142.5933,
		 5.7909 7.6192 -142.5933,
		 7.6805 7.6192 -142.5933,
		 5.7909 6.0953 -142.5933,
		 6.5782 6.0953 -142.5933,
		 -2.4293 20.7255 -142.5933,
		 -3.6663 20.7255 -142.5933,
		 -4.7659 19.9128 -142.5933,
		 -3.9675 19.7913 -142.5933,
		 -4.9302 19.7913 -142.5933,
		 -3.9675 19.7913 -142.5933,
		 -4.9471 19.7788 -142.5933,
		 -3.8345 19.6588 -142.5933,
		 -5.1095 19.6588 -142.5933,
		 -5.3438 18.9477 -142.5933,
		 -6.0717 18.9477 -142.5933,
		 -2.9462 18.9477 -142.5933,
		 -3.8345 19.6588 -142.5933,
		 -3.4712 18.9477 -142.5933,
		 -5.3438 18.9477 -142.5933,
		 -6.0717 18.9477 -142.5933,
		 -6.4841 18.6429 -142.5933,
		 -5.5606 18.5117 -142.5933,
		 -6.4457 18.5117 -142.5933,
		 -5.5606 18.5117 -142.5933,
		 -6.4174 18.4905 -142.5933,
		 -4.4193 17.6777 -142.5933,
		 -5.3337 17.6777 -142.5933,
		 -3.8824 17.6777 -142.5933,
		 -5.3337 17.6777 -142.5933,
		 -5.0628 17.4745 -142.5933,
		 -3.8437 16.5602 -142.5933,
		 -3.8437 16.5602 -142.5933,
		 -2.0262 16.5602 -142.5933,
		 -0.9593 17.4331 -142.5933,
		 -0.7845 17.5761 -142.5933,
		 -1.7900 17.4331 -142.5933,
		 -2.7938 16.5602 -142.5933,
		 -0.9708 17.4237 -142.5933,
		 -1.7900 17.4331 -142.5933,
		 -0.9593 17.4331 -142.5933,
		 -1.7592 17.6777 -142.5933,
		 -0.6603 17.6777 -142.5933,
		 -2.5827 18.7445 -142.5933,
		 -3.2002 18.7445 -142.5933,
		 -3.2583 18.6937 -142.5933,
		 -2.5178 18.6009 -142.5933,
		 -3.3642 18.6009 -142.5933,
		 -3.4118 18.5413 -142.5933,
		 -2.4383 18.5413 -142.5933,
		 -2.5060 18.5921 -142.5933,
		 -3.3642 18.6009 -142.5933,
		 -2.5178 18.6009 -142.5933,
		 -3.4118 18.5413 -142.5933,
		 -4.3008 17.7793 -142.5933,
		 -3.7662 17.7793 -142.5933,
		 -1.8929 17.7793 -142.5933,
		 -1.4223 17.7793 -142.5933,
		 -2.4383 18.5413 -142.5933,
		 -4.3008 17.7793 -142.5933,
		 -3.8824 17.6777 -142.5933,
		 -3.7662 17.7793 -142.5933,
		 -1.8929 17.7793 -142.5933,
		 -1.7592 17.6777 -142.5933,
		 -0.6603 17.6777 -142.5933,
		 -0.5361 17.7793 -142.5933,
		 0.4440 18.6018 -142.5933,
		 0.2510 18.7445 -142.5933,
		 -0.4700 18.6018 -142.5933,
		 -1.4223 17.7793 -142.5933,
		 -0.4700 18.6018 -142.5933,
		 0.4440 18.6018 -142.5933,
		 -2.5827 18.7445 -142.5933,
		 -2.3474 18.9477 -142.5933,
		 -3.4712 18.9477 -142.5933,
		 -0.5757 18.9477 -142.5933,
		 -0.3048 18.7445 -142.5933,
		 0.2510 18.7445 -142.5933,
		 -0.0240 18.9477 -142.5933,
		 -1.0686 19.7198 -142.5933,
		 -1.2610 19.8620 -142.5933,
		 -2.0455 19.7198 -142.5933,
		 -2.0929 19.6588 -142.5933,
		 -0.9861 19.6588 -142.5933,
		 -1.0549 19.7096 -142.5933,
		 -2.0455 19.7198 -142.5933,
		 -1.0686 19.7198 -142.5933,
		 -2.0929 19.6588 -142.5933,
		 -2.3474 18.9477 -142.5933,
		 -0.5757 18.9477 -142.5933,
		 -0.0240 18.9477 -142.5933,
		 -0.9861 19.6588 -142.5933,
		 -2.4293 20.7255 -142.5933,
		 -2.7043 20.4716 -142.5933,
		 -3.3811 20.4716 -142.5933,
		 -3.9675 19.7913 -142.5933,
		 -2.0455 19.7198 -142.5933,
		 -2.7043 20.4716 -142.5933,
		 -4.0807 19.4048 -142.5933,
		 -4.7495 19.4048 -142.5933,
		 -5.5606 18.5117 -142.5933,
		 -3.3642 18.6009 -142.5933,
		 -4.0807 19.4048 -142.5933,
		 -1.1853 19.4048 -142.5933,
		 -1.8180 19.4048 -142.5933,
		 -2.5060 18.5921 -142.5933,
		 -1.4227 17.7796 -142.5933,
		 -0.4700 18.6018 -142.5933,
		 -1.1853 19.4048 -142.5933,
		 -2.5614 18.2874 -142.5933,
		 -3.1856 18.2874 -142.5933,
		 -3.9678 17.3729 -142.5933,
		 -2.7952 16.5612 -142.5933,
		 -1.7900 17.4331 -142.5933,
		 -2.5614 18.2874 -142.5933
		]
	} #Coordinate3
	Material {
		ambientColor      0.1216 0.2127 0.2500  #ambientColor
		diffuseColor      0.4863 0.8510 1.0000  #diffuseColor
		transparency      0.0000                #transparency
	} #Material

	IndexedFaceSet {
		coordIndex [ 
		 10, 11, 12, 13,-1,
		 14, 15, 16, 17,-1,
		 18, 19, 20, 4,-1,
		 21, 22, 23, 24,-1,
		 25, 26, 27, 28,-1,
		 29, 30, 31, 32,-1,
		 33, 34, 35, 36,-1,
		 37, 38, 39, 40,-1,
		 41, 42, 43, 44,-1,
		 45, 46, 47, 48,-1,
		 49, 50, 51, 52,-1,
		 53, 54, 55, 56,-1,
		 57, 58, 59, 60,-1,
		 61, 62, 63, 64,-1,
		 65, 66, 67, 68,-1,
		 69, 70, 71, 72,-1,
		 73, 1, 2, 3, 74,-1,
		 75, 76, 74, 77,-1,
		 78, 79, 80, 81,-1,
		 82, 83, 77, 84,-1,
		 85, 86, 87, 88,-1,
		 89, 90, 84, 91,-1,
		 92, 93, 94, 95,-1,
		 96, 97, 98, 99,-1,
		 100, 101, 91, 102,-1,
		]
	} #IndexedFaceSet
	Material {
		ambientColor      0.0000 0.1696 0.2127  #ambientColor
		diffuseColor      0.0000 0.6784 0.8510  #diffuseColor
		transparency      0.0000                #transparency
	} #Material

	IndexedFaceSet {
		coordIndex [ 
		 103, 104, 99, 105,-1,
		]
	} #IndexedFaceSet
	Material {
		ambientColor      0.0500 0.1500 0.2500  #ambientColor
		diffuseColor      0.2000 0.6000 1.0000  #diffuseColor
		transparency      0.0000                #transparency
	} #Material

	IndexedFaceSet {
		coordIndex [ 
		 81, 18, 17, 67,-1,
		]
	} #IndexedFaceSet
	Material {
		ambientColor      0.2500 0.2500 0.2500  #ambientColor
		diffuseColor      1.0000 1.0000 1.0000  #diffuseColor
		transparency      0.0000                #transparency
	} #Material

	IndexedFaceSet {
		coordIndex [ 
		 106, 107, 108, 109,-1,
		 110, 69, 76, 111,-1,
		 112, 113, 111, 14,-1,
		]
	} #IndexedFaceSet
	Material {
		ambientColor      0.0500 0.1500 0.2500  #ambientColor
		diffuseColor      0.2000 0.6000 1.0000  #diffuseColor
		transparency      0.0000                #transparency
	} #Material

	IndexedFaceSet {
		coordIndex [ 
		 114, 115, 116, 117,-1,
		 118, 106, 113, 119,-1,
		]
	} #IndexedFaceSet
	Material {
		ambientColor      0.1696 0.1275 0.0588  #ambientColor
		diffuseColor      0.6784 0.5098 0.2353  #diffuseColor
		transparency      0.0000                #transparency
	} #Material

	IndexedFaceSet {
		coordIndex [ 
		 120, 121, 115, 122,-1,
		 123, 124, 122, 125,-1,
		 126, 123, 125, 127,-1,
		 128, 129, 127, 130,-1,
		 131, 132, 130, 133,-1,
		 134, 135, 133, 136,-1,
		 137, 138, 139, 140,-1,
		 141, 137, 140, 142,-1,
		 143, 144, 145, 146,-1,
		 147, 141, 146, 148,-1,
		 149, 147, 148, 150,-1,
		 151, 152, 153, 154,-1,
		 155, 156, 150, 157,-1,
		 158, 153, 152, 159,-1,
		 160, 158, 159, 161,-1,
		 124, 160, 161, 162,-1,
		 163, 164, 165, 166,-1,
		 167, 114, 168, 169,-1,
		 170, 171, 169, 172,-1,
		]
	} #IndexedFaceSet
	Material {
		ambientColor      0.0637 0.0637 0.0637  #ambientColor
		diffuseColor      0.2549 0.2549 0.2549  #diffuseColor
		transparency      0.0000                #transparency
	} #Material

	IndexedFaceSet {
		coordIndex [ 
		 173, 174, 175, 176,-1,
		 177, 163, 171, 178,-1,
		]
	} #IndexedFaceSet
	Material {
		ambientColor      0.0000 0.1696 0.2127  #ambientColor
		diffuseColor      0.0000 0.6784 0.8510  #diffuseColor
		transparency      0.0000                #transparency
	} #Material

	IndexedFaceSet {
		coordIndex [ 
		 179, 180, 174, 173,-1,
		]
	} #IndexedFaceSet
	Material {
		ambientColor      0.0637 0.0637 0.0637  #ambientColor
		diffuseColor      0.2549 0.2549 0.2549  #diffuseColor
		transparency      0.0000                #transparency
	} #Material

	IndexedFaceSet {
		coordIndex [ 
		 181, 160, 124, 123, 182,-1,
		 183, 184, 182,-1,
		 185, 186, 153,-1,
		 187, 185, 153, 158,-1,
		 184, 187, 158, 188,-1,
		]
	} #IndexedFaceSet
	Material {
		ambientColor      0.1598 0.1598 0.1598  #ambientColor
		diffuseColor      0.6392 0.6392 0.6392  #diffuseColor
		transparency      0.0000                #transparency
	} #Material

	IndexedFaceSet {
		coordIndex [ 
		 184, 128, 189, 137, 141, 147, 185, 187,-1,
		]
	} #IndexedFaceSet
	Material {
		ambientColor      0.0059 0.0549 0.0637  #ambientColor
		diffuseColor      0.0235 0.2196 0.2549  #diffuseColor
		transparency      0.0000                #transparency
	} #Material

	IndexedFaceSet {
		coordIndex [ 
		 190, 103, 191, 192,-1,
		 193, 53, 104, 194,-1,
		]
	} #IndexedFaceSet
	Material {
		ambientColor      0.2500 0.2000 0.1500  #ambientColor
		diffuseColor      1.0000 0.8000 0.6000  #diffuseColor
		transparency      0.0000                #transparency
	} #Material

	IndexedFaceSet {
		coordIndex [ 
		 195, 196, 197, 198,-1,
		]
	} #IndexedFaceSet
	Material {
		ambientColor      0.0000 0.1696 0.2127  #ambientColor
		diffuseColor      0.0000 0.6784 0.8510  #diffuseColor
		transparency      0.0000                #transparency
	} #Material

	IndexedFaceSet {
		coordIndex [ 
		 199, 29, 26, 200,-1,
		 201, 202, 62, 203,-1,
		]
	} #IndexedFaceSet
	Material {
		ambientColor      0.2500 0.2500 0.2500  #ambientColor
		diffuseColor      1.0000 1.0000 1.0000  #diffuseColor
		transparency      0.0000                #transparency
	} #Material

	IndexedFaceSet {
		coordIndex [ 
		 204, 201, 205, 206,-1,
		 207, 208, 209, 210,-1,
		 211, 212, 202, 213,-1,
		 214, 215, 216, 217,-1,
		 218, 219, 213, 220,-1,
		]
	} #IndexedFaceSet
	Material {
		ambientColor      0.0000 0.1696 0.2127  #ambientColor
		diffuseColor      0.0000 0.6784 0.8510  #diffuseColor
		transparency      0.0000                #transparency
	} #Material

	IndexedFaceSet {
		coordIndex [ 
		 221, 222, 223, 224,-1,
		 225, 226, 227, 228,-1,
		 229, 207, 217, 230,-1,
		 231, 232, 233, 234,-1,
		 235, 214, 219, 236,-1,
		]
	} #IndexedFaceSet
	Material {
		ambientColor      0.0637 0.0637 0.0637  #ambientColor
		diffuseColor      0.2549 0.2549 0.2549  #diffuseColor
		transparency      0.0000                #transparency
	} #Material

	IndexedFaceSet {
		coordIndex [ 
		 237, 238, 222, 239,-1,
		 240, 241, 242, 243,-1,
		 244, 245, 246, 247,-1,
		]
	} #IndexedFaceSet
	Material {
		ambientColor      0.2314 0.2343 0.1676  #ambientColor
		diffuseColor      0.9255 0.9373 0.6706  #diffuseColor
		transparency      0.0000                #transparency
	} #Material

	IndexedFaceSet {
		coordIndex [ 
		 248, 249, 232, 231,-1,
		 250, 251, 252, 225,-1,
		]
	} #IndexedFaceSet
	Material {
		ambientColor      0.2500 0.2000 0.1500  #ambientColor
		diffuseColor      1.0000 0.8000 0.6000  #diffuseColor
		transparency      0.0000                #transparency
	} #Material

	IndexedFaceSet {
		coordIndex [ 
		 245, 244, 241, 240,-1,
		]
	} #IndexedFaceSet
	Material {
		ambientColor      0.0000 0.1696 0.2127  #ambientColor
		diffuseColor      0.0000 0.6784 0.8510  #diffuseColor
		transparency      0.0000                #transparency
	} #Material

	IndexedFaceSet {
		coordIndex [ 
		 253, 100, 97, 254,-1,
		 255, 256, 83, 257,-1,
		]
	} #IndexedFaceSet
	Material {
		ambientColor      0.2500 0.2500 0.2500  #ambientColor
		diffuseColor      1.0000 1.0000 1.0000  #diffuseColor
		transparency      0.0000                #transparency
	} #Material

	IndexedFaceSet {
		coordIndex [ 
		 258, 255, 259, 260,-1,
		 261, 262, 263, 264,-1,
		 265, 266, 256, 267,-1,
		 268, 269, 270, 271,-1,
		 272, 273, 267, 274,-1,
		]
	} #IndexedFaceSet
	Material {
		ambientColor      0.0000 0.1696 0.2127  #ambientColor
		diffuseColor      0.0000 0.6784 0.8510  #diffuseColor
		transparency      0.0000                #transparency
	} #Material

	IndexedFaceSet {
		coordIndex [ 
		 275, 276, 277, 278,-1,
		 279, 280, 281, 282,-1,
		 283, 261, 271, 284,-1,
		 285, 286, 287, 288,-1,
		 289, 268, 273, 290,-1,
		]
	} #IndexedFaceSet
	Material {
		ambientColor      0.0637 0.0637 0.0637  #ambientColor
		diffuseColor      0.2549 0.2549 0.2549  #diffuseColor
		transparency      0.0000                #transparency
	} #Material

	IndexedFaceSet {
		coordIndex [ 
		 291, 292, 276, 293,-1,
		 294, 295, 296, 297,-1,
		 298, 299, 300, 301,-1,
		 302, 303, 301, 304,-1,
		]
	} #IndexedFaceSet
	Material {
		ambientColor      0.2314 0.2343 0.1676  #ambientColor
		diffuseColor      0.9255 0.9373 0.6706  #diffuseColor
		transparency      0.0000                #transparency
	} #Material

	IndexedFaceSet {
		coordIndex [ 
		 305, 306, 286, 285,-1,
		 307, 308, 309, 279,-1,
		]
	} #IndexedFaceSet
	Material {
		ambientColor      0.2500 0.2000 0.1500  #ambientColor
		diffuseColor      1.0000 0.8000 0.6000  #diffuseColor
		transparency      0.0000                #transparency
	} #Material

	IndexedFaceSet {
		coordIndex [ 
		 303, 302, 295, 294,-1,
		]
	} #IndexedFaceSet
	Material {
		ambientColor      0.1216 0.2127 0.2500  #ambientColor
		diffuseColor      0.4863 0.8510 1.0000  #diffuseColor
		transparency      0.0000                #transparency
	} #Material

	IndexedFaceSet {
		coordIndex [ 
		 310, 311, 11, 312,-1,
		 17, 313, 314, 14,-1,
		 4, 315, 316, 18,-1,
		 317, 318, 319, 320,-1,
		 321, 322, 26, 323,-1,
		 324, 325, 326, 29,-1,
		 327, 328, 329, 330,-1,
		 40, 39, 331, 332,-1,
		 333, 334, 335, 336,-1,
		 337, 338, 339, 340,-1,
		 341, 342, 343, 344,-1,
		 345, 346, 347, 53,-1,
		 348, 349, 350, 57,-1,
		 351, 352, 62, 353,-1,
		 354, 67, 355, 356,-1,
		 357, 358, 359, 69,-1,
		 360, 3, 2, 1, 361,-1,
		 362, 360, 76, 363,-1,
		 81, 364, 365, 78,-1,
		 366, 362, 83, 367,-1,
		 88, 368, 369, 370,-1,
		 371, 366, 372, 373,-1,
		 374, 94, 375, 376,-1,
		 99, 377, 97, 378,-1,
		 379, 371, 380, 100,-1,
		]
	} #IndexedFaceSet
	Material {
		ambientColor      0.0000 0.1696 0.2127  #ambientColor
		diffuseColor      0.0000 0.6784 0.8510  #diffuseColor
		transparency      0.0000                #transparency
	} #Material

	IndexedFaceSet {
		coordIndex [ 
		 381, 99, 104, 103,-1,
		]
	} #IndexedFaceSet
	Material {
		ambientColor      0.0500 0.1500 0.2500  #ambientColor
		diffuseColor      0.2000 0.6000 1.0000  #diffuseColor
		transparency      0.0000                #transparency
	} #Material

	IndexedFaceSet {
		coordIndex [ 
		 67, 17, 18, 81,-1,
		]
	} #IndexedFaceSet
	Material {
		ambientColor      0.2500 0.2500 0.2500  #ambientColor
		diffuseColor      1.0000 1.0000 1.0000  #diffuseColor
		transparency      0.0000                #transparency
	} #Material

	IndexedFaceSet {
		coordIndex [ 
		 382, 383, 107, 106,-1,
		 384, 76, 69, 385,-1,
		 14, 384, 113, 112,-1,
		]
	} #IndexedFaceSet
	Material {
		ambientColor      0.0500 0.1500 0.2500  #ambientColor
		diffuseColor      0.2000 0.6000 1.0000  #diffuseColor
		transparency      0.0000                #transparency
	} #Material

	IndexedFaceSet {
		coordIndex [ 
		 386, 387, 115, 114,-1,
		 388, 113, 106, 389,-1,
		]
	} #IndexedFaceSet
	Material {
		ambientColor      0.1696 0.1275 0.0588  #ambientColor
		diffuseColor      0.6784 0.5098 0.2353  #diffuseColor
		transparency      0.0000                #transparency
	} #Material

	IndexedFaceSet {
		coordIndex [ 
		 390, 115, 121, 391,-1,
		 392, 390, 124, 123,-1,
		 393, 392, 123, 394,-1,
		 395, 393, 396, 128,-1,
		 397, 395, 398, 399,-1,
		 400, 397, 401, 402,-1,
		 403, 404, 405, 137,-1,
		 406, 403, 137, 141,-1,
		 407, 408, 409, 410,-1,
		 411, 407, 141, 147,-1,
		 412, 411, 147, 413,-1,
		 414, 153, 415, 416,-1,
		 417, 412, 418, 419,-1,
		 420, 415, 153, 158,-1,
		 421, 420, 158, 160,-1,
		 422, 421, 160, 124,-1,
		 423, 424, 164, 163,-1,
		 425, 168, 114, 426,-1,
		 427, 425, 171, 170,-1,
		]
	} #IndexedFaceSet
	Material {
		ambientColor      0.0637 0.0637 0.0637  #ambientColor
		diffuseColor      0.2549 0.2549 0.2549  #diffuseColor
		transparency      0.0000                #transparency
	} #Material

	IndexedFaceSet {
		coordIndex [ 
		 428, 429, 174, 173,-1,
		 430, 171, 163, 431,-1,
		]
	} #IndexedFaceSet
	Material {
		ambientColor      0.0000 0.1696 0.2127  #ambientColor
		diffuseColor      0.0000 0.6784 0.8510  #diffuseColor
		transparency      0.0000                #transparency
	} #Material

	IndexedFaceSet {
		coordIndex [ 
		 173, 174, 180, 179,-1,
		]
	} #IndexedFaceSet
	Material {
		ambientColor      0.0637 0.0637 0.0637  #ambientColor
		diffuseColor      0.2549 0.2549 0.2549  #diffuseColor
		transparency      0.0000                #transparency
	} #Material

	IndexedFaceSet {
		coordIndex [ 
		 432, 123, 124, 160, 433,-1,
		 432, 184, 434,-1,
		 153, 435, 185,-1,
		 158, 153, 185, 187,-1,
		 436, 158, 187, 184,-1,
		]
	} #IndexedFaceSet
	Material {
		ambientColor      0.1598 0.1598 0.1598  #ambientColor
		diffuseColor      0.6392 0.6392 0.6392  #diffuseColor
		transparency      0.0000                #transparency
	} #Material

	IndexedFaceSet {
		coordIndex [ 
		 187, 185, 147, 141, 137, 189, 128, 184,-1,
		]
	} #IndexedFaceSet
	Material {
		ambientColor      0.0059 0.0549 0.0637  #ambientColor
		diffuseColor      0.0235 0.2196 0.2549  #diffuseColor
		transparency      0.0000                #transparency
	} #Material

	IndexedFaceSet {
		coordIndex [ 
		 437, 191, 103, 438,-1,
		 439, 104, 53, 440,-1,
		]
	} #IndexedFaceSet
	Material {
		ambientColor      0.2500 0.2000 0.1500  #ambientColor
		diffuseColor      1.0000 0.8000 0.6000  #diffuseColor
		transparency      0.0000                #transparency
	} #Material

	IndexedFaceSet {
		coordIndex [ 
		 198, 197, 196, 195,-1,
		]
	} #IndexedFaceSet
	Material {
		ambientColor      0.0000 0.1696 0.2127  #ambientColor
		diffuseColor      0.0000 0.6784 0.8510  #diffuseColor
		transparency      0.0000                #transparency
	} #Material

	IndexedFaceSet {
		coordIndex [ 
		 441, 26, 29, 442,-1,
		 443, 62, 202, 201,-1,
		]
	} #IndexedFaceSet
	Material {
		ambientColor      0.2500 0.2500 0.2500  #ambientColor
		diffuseColor      1.0000 1.0000 1.0000  #diffuseColor
		transparency      0.0000                #transparency
	} #Material

	IndexedFaceSet {
		coordIndex [ 
		 444, 205, 201, 445,-1,
		 446, 447, 208, 207,-1,
		 448, 202, 212, 449,-1,
		 217, 450, 215, 214,-1,
		 451, 448, 219, 218,-1,
		]
	} #IndexedFaceSet
	Material {
		ambientColor      0.0000 0.1696 0.2127  #ambientColor
		diffuseColor      0.0000 0.6784 0.8510  #diffuseColor
		transparency      0.0000                #transparency
	} #Material

	IndexedFaceSet {
		coordIndex [ 
		 452, 453, 222, 221,-1,
		 454, 455, 456, 225,-1,
		 457, 217, 207, 458,-1,
		 459, 460, 232, 231,-1,
		 461, 219, 214, 462,-1,
		]
	} #IndexedFaceSet
	Material {
		ambientColor      0.0637 0.0637 0.0637  #ambientColor
		diffuseColor      0.2549 0.2549 0.2549  #diffuseColor
		transparency      0.0000                #transparency
	} #Material

	IndexedFaceSet {
		coordIndex [ 
		 463, 222, 238, 464,-1,
		 465, 466, 241, 240,-1,
		 467, 468, 245, 244,-1,
		]
	} #IndexedFaceSet
	Material {
		ambientColor      0.2314 0.2343 0.1676  #ambientColor
		diffuseColor      0.9255 0.9373 0.6706  #diffuseColor
		transparency      0.0000                #transparency
	} #Material

	IndexedFaceSet {
		coordIndex [ 
		 231, 232, 249, 248,-1,
		 225, 252, 251, 250,-1,
		]
	} #IndexedFaceSet
	Material {
		ambientColor      0.2500 0.2000 0.1500  #ambientColor
		diffuseColor      1.0000 0.8000 0.6000  #diffuseColor
		transparency      0.0000                #transparency
	} #Material

	IndexedFaceSet {
		coordIndex [ 
		 240, 241, 244, 245,-1,
		]
	} #IndexedFaceSet
	Material {
		ambientColor      0.0000 0.1696 0.2127  #ambientColor
		diffuseColor      0.0000 0.6784 0.8510  #diffuseColor
		transparency      0.0000                #transparency
	} #Material

	IndexedFaceSet {
		coordIndex [ 
		 469, 97, 100, 470,-1,
		 471, 83, 256, 255,-1,
		]
	} #IndexedFaceSet
	Material {
		ambientColor      0.2500 0.2500 0.2500  #ambientColor
		diffuseColor      1.0000 1.0000 1.0000  #diffuseColor
		transparency      0.0000                #transparency
	} #Material

	IndexedFaceSet {
		coordIndex [ 
		 472, 259, 255, 473,-1,
		 474, 475, 262, 261,-1,
		 476, 256, 266, 477,-1,
		 271, 478, 269, 268,-1,
		 479, 476, 273, 272,-1,
		]
	} #IndexedFaceSet
	Material {
		ambientColor      0.0000 0.1696 0.2127  #ambientColor
		diffuseColor      0.0000 0.6784 0.8510  #diffuseColor
		transparency      0.0000                #transparency
	} #Material

	IndexedFaceSet {
		coordIndex [ 
		 480, 481, 276, 275,-1,
		 482, 483, 484, 279,-1,
		 485, 271, 261, 486,-1,
		 487, 488, 286, 285,-1,
		 489, 273, 268, 490,-1,
		]
	} #IndexedFaceSet
	Material {
		ambientColor      0.0637 0.0637 0.0637  #ambientColor
		diffuseColor      0.2549 0.2549 0.2549  #diffuseColor
		transparency      0.0000                #transparency
	} #Material

	IndexedFaceSet {
		coordIndex [ 
		 491, 276, 292, 492,-1,
		 493, 494, 295, 294,-1,
		 495, 496, 497, 498,-1,
		 499, 495, 303, 302,-1,
		]
	} #IndexedFaceSet
	Material {
		ambientColor      0.2314 0.2343 0.1676  #ambientColor
		diffuseColor      0.9255 0.9373 0.6706  #diffuseColor
		transparency      0.0000                #transparency
	} #Material

	IndexedFaceSet {
		coordIndex [ 
		 285, 286, 306, 305,-1,
		 279, 309, 308, 307,-1,
		]
	} #IndexedFaceSet
	Material {
		ambientColor      0.2500 0.2000 0.1500  #ambientColor
		diffuseColor      1.0000 0.8000 0.6000  #diffuseColor
		transparency      0.0000                #transparency
	} #Material

	IndexedFaceSet {
		coordIndex [ 
		 294, 295, 302, 303,-1,
		]
	} #IndexedFaceSet
	Material {
		ambientColor      0.1000 0.0696 0.0431  #ambientColor
		diffuseColor      0.4000 0.2784 0.1725  #diffuseColor
		transparency      0.0000                #transparency
	} #Material

	IndexedFaceSet {
		coordIndex [ 
		 0, 4, 9, 5,-1,
		 5, 9, 4, 0,-1,
		]
	} #IndexedFaceSet
	Material {
		ambientColor      0.1216 0.2127 0.2500  #ambientColor
		diffuseColor      0.4863 0.8510 1.0000  #diffuseColor
		transparency      0.0000                #transparency
	} #Material

	IndexedFaceSet {
		coordIndex [ 
		 1, 0, 5, 6,-1,
		 6, 5, 0, 1,-1,
		]
	} #IndexedFaceSet
	Material {
		ambientColor      0.1716 0.2265 0.2500  #ambientColor
		diffuseColor      0.6863 0.9059 1.0000  #diffuseColor
		transparency      0.0000                #transparency
	} #Material

	IndexedFaceSet {
		coordIndex [ 
		 2, 1, 6, 7,-1,
		 7, 6, 1, 2,-1,
		]
	} #IndexedFaceSet
	Material {
		ambientColor      0.1216 0.2127 0.2500  #ambientColor
		diffuseColor      0.4863 0.8510 1.0000  #diffuseColor
		transparency      0.0000                #transparency
	} #Material

	IndexedFaceSet {
		coordIndex [ 
		 3, 2, 7, 8,-1,
		 8, 7, 2, 3,-1,
		 500, 3, 8, 501,-1,
		 502, 503, 504, 505,-1,
		 502, 505, 506,-1,
		 507, 508, 506, 509,-1,
		 510, 9, 4, 511,-1,
		 512, 510, 513, 514,-1,
		]
	} #IndexedFaceSet
	Material {
		ambientColor      0.2500 0.2500 0.2500  #ambientColor
		diffuseColor      1.0000 1.0000 1.0000  #diffuseColor
		transparency      0.0000                #transparency
	} #Material

	IndexedFaceSet {
		coordIndex [ 
		 515, 507, 514, 516,-1,
		 517, 518, 519, 520,-1,
		 521, 522, 523, 524,-1,
		 525, 526, 527, 528,-1,
		 529, 513, 508, 530,-1,
		 531, 532, 533, 534,-1,
		 535, 529, 536, 537,-1,
		 538, 539, 540, 541,-1,
		 542, 523, 543, 544,-1,
		]
	} #IndexedFaceSet
	Material {
		ambientColor      0.0000 0.1696 0.2127  #ambientColor
		diffuseColor      0.0000 0.6784 0.8510  #diffuseColor
		transparency      0.0000                #transparency
	} #Material

	IndexedFaceSet {
		coordIndex [ 
		 545, 538, 520, 519,-1,
		 544, 543, 541, 540,-1,
		 546, 531, 528, 527,-1,
		 537, 536, 534, 533,-1,
		]
	} #IndexedFaceSet
	Material {
		ambientColor      0.2500 0.2500 0.2500  #ambientColor
		diffuseColor      1.0000 1.0000 1.0000  #diffuseColor
		transparency      0.0000                #transparency
	} #Material

	IndexedFaceSet {
		coordIndex [ 
		 547, 548, 549, 550,-1,
		 551, 552, 553, 554,-1,
		 555, 556, 557, 558,-1,
		 559, 560, 561, 562,-1,
		 563, 506, 505, 564,-1,
		 565, 566, 567, 568,-1,
		 569, 563, 570, 571,-1,
		 572, 573, 574, 575,-1,
		 576, 557, 577, 578,-1,
		]
	} #IndexedFaceSet
	Material {
		ambientColor      0.0000 0.1696 0.2127  #ambientColor
		diffuseColor      0.0000 0.6784 0.8510  #diffuseColor
		transparency      0.0000                #transparency
	} #Material

	IndexedFaceSet {
		coordIndex [ 
		 579, 572, 554, 553,-1,
		 578, 577, 575, 574,-1,
		 580, 565, 562, 561,-1,
		 571, 570, 568, 567,-1,
		]
	} #IndexedFaceSet
	Material {
		ambientColor      0.1216 0.2127 0.2500  #ambientColor
		diffuseColor      0.4863 0.8510 1.0000  #diffuseColor
		transparency      0.0000                #transparency
	} #Material

	IndexedFaceSet {
		coordIndex [ 
		 581, 8, 3, 582,-1,
		 505, 583, 584, 585,-1,
		 506, 505, 585,-1,
		 586, 506, 508, 507,-1,
		 587, 4, 9, 588,-1,
		 514, 513, 588, 589,-1,
		]
	} #IndexedFaceSet
	Material {
		ambientColor      0.2500 0.2500 0.2500  #ambientColor
		diffuseColor      1.0000 1.0000 1.0000  #diffuseColor
		transparency      0.0000                #transparency
	} #Material

	IndexedFaceSet {
		coordIndex [ 
		 590, 514, 507, 591,-1,
		 520, 519, 592, 593,-1,
		 594, 595, 596, 597,-1,
		 528, 527, 598, 599,-1,
		 600, 508, 513, 601,-1,
		 534, 533, 602, 531,-1,
		 537, 536, 601, 603,-1,
		 541, 540, 604, 538,-1,
		 544, 543, 595, 605,-1,
		]
	} #IndexedFaceSet
	Material {
		ambientColor      0.0000 0.1696 0.2127  #ambientColor
		diffuseColor      0.0000 0.6784 0.8510  #diffuseColor
		transparency      0.0000                #transparency
	} #Material

	IndexedFaceSet {
		coordIndex [ 
		 519, 520, 538, 545,-1,
		 540, 541, 543, 544,-1,
		 527, 528, 531, 546,-1,
		 533, 534, 536, 537,-1,
		]
	} #IndexedFaceSet
	Material {
		ambientColor      0.2500 0.2500 0.2500  #ambientColor
		diffuseColor      1.0000 1.0000 1.0000  #diffuseColor
		transparency      0.0000                #transparency
	} #Material

	IndexedFaceSet {
		coordIndex [ 
		 606, 549, 548, 607,-1,
		 554, 553, 608, 609,-1,
		 610, 611, 612, 613,-1,
		 562, 561, 614, 615,-1,
		 616, 505, 506, 617,-1,
		 568, 567, 618, 565,-1,
		 571, 570, 617, 619,-1,
		 575, 574, 620, 572,-1,
		 578, 577, 611, 621,-1,
		]
	} #IndexedFaceSet
	Material {
		ambientColor      0.0000 0.1696 0.2127  #ambientColor
		diffuseColor      0.0000 0.6784 0.8510  #diffuseColor
		transparency      0.0000                #transparency
	} #Material

	IndexedFaceSet {
		coordIndex [ 
		 553, 554, 572, 579,-1,
		 574, 575, 577, 578,-1,
		 561, 562, 565, 580,-1,
		 567, 568, 570, 571,-1,
		]
	} #IndexedFaceSet
	Material {
		ambientColor      0.1216 0.2127 0.2500  #ambientColor
		diffuseColor      0.4863 0.8510 1.0000  #diffuseColor
		transparency      0.0000                #transparency
	} #Material

	IndexedFaceSet {
		coordIndex [ 
		 622, 7, 623,-1,
		 624, 622, 625,-1,
		 626, 627, 628, 629,-1,
		 630, 631, 632,-1,
		 633, 8, 630, 632, 634,-1,
		 635, 636, 637, 638,-1,
		 639, 635, 638, 640,-1,
		 641, 642, 643, 644,-1,
		 645, 646, 647, 648,-1,
		 649, 650, 651,-1,
		 652, 653, 654, 655,-1,
		 656, 657, 658, 659,-1,
		 660, 661, 662, 663,-1,
		 664, 639, 665, 666,-1,
		 667, 668, 669,-1,
		 670, 667, 671, 672,-1,
		 673, 674, 675, 671,-1,
		 676, 670, 677, 678,-1,
		 679, 676, 678, 680,-1,
		 681, 682, 683, 684,-1,
		 685, 683, 682, 686,-1,
		 687, 688, 689, 690,-1,
		 691, 664, 692, 693,-1,
		 694, 691, 693, 695,-1,
		 696, 694, 697, 698,-1,
		 699, 696, 698, 700,-1,
		 701, 702, 703, 704,-1,
		 705, 706, 707, 708,-1,
		 709, 710, 711, 712,-1,
		 713, 714, 715, 716,-1,
		 717, 718, 719, 720,-1,
		 721, 722, 723, 724,-1,
		 725, 726, 727, 728,-1,
		 9, 729, 730, 731,-1,
		 732, 5, 733, 734,-1,
		 735, 732, 736, 737,-1,
		 738, 735, 739, 740,-1,
		 741, 738, 742, 743,-1,
		 744, 6, 745, 746,-1,
		]
	} #IndexedFaceSet
	Material {
		ambientColor      0.1039 0.1833 0.2137  #ambientColor
		diffuseColor      0.4157 0.7333 0.8549  #diffuseColor
		transparency      0.0000                #transparency
	} #Material

	IndexedFaceSet {
		coordIndex [ 
		 747, 748, 749, 750, 751,-1,
		 752, 661, 753,-1,
		 754, 752, 755, 756,-1,
		 757, 749, 758, 759,-1,
		 746, 757, 759,-1,
		 760, 625, 759, 761,-1,
		 762, 763, 760, 764,-1,
		 765, 766, 764,-1,
		]
	} #IndexedFaceSet
	Material {
		ambientColor      0.0637 0.0637 0.0637  #ambientColor
		diffuseColor      0.2549 0.2549 0.2549  #diffuseColor
		transparency      0.0000                #transparency
	} #Material

	IndexedFaceSet {
		coordIndex [ 
		 767, 682, 768, 769,-1,
		 770, 665, 771,-1,
		 772, 693, 770, 769,-1,
		 773, 656, 774, 775,-1,
		 776, 736, 726, 777,-1,
		]
	} #IndexedFaceSet
	Material {
		ambientColor      0.2500 0.2500 0.2500  #ambientColor
		diffuseColor      1.0000 1.0000 1.0000  #diffuseColor
		transparency      0.0000                #transparency
	} #Material

	IndexedFaceSet {
		coordIndex [ 
		 778, 645, 756, 779,-1,
		 780, 781, 782, 783,-1,
		 784, 785, 786, 787,-1,
		 788, 789, 790, 791,-1,
		 792, 793, 794, 795,-1,
		 796, 797, 798, 799,-1,
		 800, 801, 802, 803,-1,
		 804, 792, 805, 806,-1,
		 807, 808, 809, 810,-1,
		 811, 812, 813, 814,-1,
		 815, 816, 817, 818,-1,
		 819, 815, 818, 820,-1,
		 820, 821, 822, 823,-1,
		 819, 820, 823, 824,-1,
		 825, 819, 824, 826,-1,
		 827, 828, 829, 830,-1,
		 831, 832, 833, 834,-1,
		 835, 836, 837, 838,-1,
		 839, 840, 841, 842,-1,
		 843, 844, 845, 846,-1,
		 847, 739, 775, 848,-1,
		 849, 850, 851, 852,-1,
		 853, 847, 854, 855,-1,
		 856, 857, 858, 859,-1,
		 860, 861, 862, 863,-1,
		 864, 865, 866, 867,-1,
		 868, 853, 869, 870,-1,
		 871, 829, 872, 873,-1,
		]
	} #IndexedFaceSet
	Material {
		ambientColor      0.1598 0.1598 0.1598  #ambientColor
		diffuseColor      0.6392 0.6392 0.6392  #diffuseColor
		transparency      0.0000                #transparency
	} #Material

	IndexedFaceSet {
		coordIndex [ 
		 874, 784, 873, 875,-1,
		 819, 876, 877, 878,-1,
		 879, 872, 880, 881,-1,
		 882, 879, 883, 884,-1,
		]
	} #IndexedFaceSet
	Material {
		ambientColor      0.0686 0.1225 0.1843  #ambientColor
		diffuseColor      0.2745 0.4902 0.7373  #diffuseColor
		transparency      0.0000                #transparency
	} #Material

	IndexedFaceSet {
		coordIndex [ 
		 885, 815, 886, 887,-1,
		 888, 885, 887,-1,
		 889, 820, 818, 890,-1,
		 891, 824, 823, 892,-1,
		 893, 894, 895,-1,
		 896, 841, 897,-1,
		 898, 856, 899, 897,-1,
		 900, 860, 859, 901,-1,
		 902, 864, 863, 903,-1,
		 904, 833, 838, 905,-1,
		 906, 907, 908, 909,-1,
		 867, 910, 911, 912,-1,
		]
	} #IndexedFaceSet
	Material {
		ambientColor      0.2500 0.2000 0.1500  #ambientColor
		diffuseColor      1.0000 0.8000 0.6000  #diffuseColor
		transparency      0.0000                #transparency
	} #Material

	IndexedFaceSet {
		coordIndex [ 
		 913, 914, 915, 916,-1,
		 917, 918, 919, 920,-1,
		 921, 887, 886, 922, 923,-1,
		 924, 921, 920,-1,
		 925, 849, 846, 926,-1,
		 897, 925, 927,-1,
		 928, 880, 878, 929, 930,-1,
		]
	} #IndexedFaceSet
	Material {
		ambientColor      0.1598 0.1598 0.1598  #ambientColor
		diffuseColor      0.6392 0.6392 0.6392  #diffuseColor
		transparency      0.0000                #transparency
	} #Material

	IndexedFaceSet {
		coordIndex [ 
		 931, 932, 909, 908,-1,
		]
	} #IndexedFaceSet
	Material {
		ambientColor      0.2500 0.2000 0.1500  #ambientColor
		diffuseColor      1.0000 0.8000 0.6000  #diffuseColor
		transparency      0.0000                #transparency
	} #Material

	IndexedFaceSet {
		coordIndex [ 
		 933, 934, 852, 911,-1,
		]
	} #IndexedFaceSet
	Material {
		ambientColor      0.1598 0.1598 0.1598  #ambientColor
		diffuseColor      0.6392 0.6392 0.6392  #diffuseColor
		transparency      0.0000                #transparency
	} #Material

	IndexedFaceSet {
		coordIndex [ 
		 935, 936, 937, 938,-1,
		 939, 854, 940, 941,-1,
		 942, 927, 943, 944,-1,
		]
	} #IndexedFaceSet
	Material {
		ambientColor      0.2500 0.2000 0.1500  #ambientColor
		diffuseColor      1.0000 0.8000 0.6000  #diffuseColor
		transparency      0.0000                #transparency
	} #Material

	IndexedFaceSet {
		coordIndex [ 
		 945, 805, 946, 947,-1,
		]
	} #IndexedFaceSet
	Material {
		ambientColor      0.1598 0.1598 0.1598  #ambientColor
		diffuseColor      0.6392 0.6392 0.6392  #diffuseColor
		transparency      0.0000                #transparency
	} #Material

	IndexedFaceSet {
		coordIndex [ 
		 948, 949, 920, 919,-1,
		 950, 794, 797, 951,-1,
		 799, 952, 953, 802,-1,
		]
	} #IndexedFaceSet
	Material {
		ambientColor      0.2500 0.2000 0.1500  #ambientColor
		diffuseColor      1.0000 0.8000 0.6000  #diffuseColor
		transparency      0.0000                #transparency
	} #Material

	IndexedFaceSet {
		coordIndex [ 
		 954, 955, 956, 957,-1,
		]
	} #IndexedFaceSet
	Material {
		ambientColor      0.1598 0.1598 0.1598  #ambientColor
		diffuseColor      0.6392 0.6392 0.6392  #diffuseColor
		transparency      0.0000                #transparency
	} #Material

	IndexedFaceSet {
		coordIndex [ 
		 947, 946, 958, 959,-1,
		 957, 956, 960, 961,-1,
		]
	} #IndexedFaceSet
	Material {
		ambientColor      0.2500 0.2500 0.2500  #ambientColor
		diffuseColor      1.0000 1.0000 1.0000  #diffuseColor
		transparency      0.0000                #transparency
	} #Material

	IndexedFaceSet {
		coordIndex [ 
		 962, 671, 963,-1,
		 964, 962, 965, 966,-1,
		 967, 964, 966, 968,-1,
		 969, 967, 970, 971,-1,
		 972, 969, 971, 973,-1,
		 974, 972, 975, 976,-1,
		 977, 975, 978, 979,-1,
		 980, 981, 982, 983,-1,
		 984, 678, 980, 983, 985,-1,
		 986, 984, 987, 988,-1,
		 989, 986, 988, 990,-1,
		 991, 992, 993, 994,-1,
		 995, 991, 994, 996,-1,
		 997, 769, 998,-1,
		 999, 1000, 1001, 1002,-1,
		 996, 999, 1003,-1,
		 1004, 997, 1003, 1005,-1,
		 1006, 1004, 1005, 1007,-1,
		 1008, 1001, 1000, 1009,-1,
		 1010, 1011, 1012, 1013,-1,
		 1014, 1010, 1013, 1015,-1,
		 1016, 1017, 1018, 1019,-1,
		 1020, 1016, 1019, 1021,-1,
		 1022, 1023, 1024, 1025,-1,
		 1026, 1027, 1028, 1022,-1,
		 1029, 1030, 1031, 1032,-1,
		 1033, 1034, 1035, 1036,-1,
		 1037, 1038, 1039, 1040,-1,
		 1041, 1037, 1042,-1,
		 698, 1033, 1042, 1043,-1,
		 1044, 698, 1043, 1045,-1,
		 1046, 1047, 1048, 1049,-1,
		 1050, 1051, 1052, 1053,-1,
		 1054, 1055, 1056, 1057,-1,
		 1058, 1059, 1060, 1061,-1,
		 1062, 1058, 1061, 1063,-1,
		 1064, 1065, 1066, 1067,-1,
		 1068, 1069, 1070, 1064,-1,
		 1071, 1056, 1055, 965,-1,
		]
	} #IndexedFaceSet
	Material {
		ambientColor      0.0637 0.0637 0.0637  #ambientColor
		diffuseColor      0.2549 0.2549 0.2549  #diffuseColor
		transparency      0.0000                #transparency
	} #Material

	IndexedFaceSet {
		coordIndex [ 
		 1072, 965, 1073,-1,
		 1074, 966, 1072, 1075,-1,
		 1076, 1055, 1077, 1075,-1,
		 1078, 975, 1079,-1,
		 1080, 983, 1078, 1081,-1,
		 1082, 1046, 1083, 1081,-1,
		 1084, 1064, 1085,-1,
		 1086, 1013, 1084, 1087, 1088,-1,
		 1089, 1086, 1088,-1,
		 1090, 1038, 1091, 1087,-1,
		 1092, 1022, 1093,-1,
		 1094, 994, 1092, 1095, 1096,-1,
		 1097, 1094, 1096,-1,
		 1098, 1000, 1099, 1095,-1,
		]
	} #IndexedFaceSet
	Material {
		ambientColor      0.0686 0.1225 0.1843  #ambientColor
		diffuseColor      0.2745 0.4902 0.7373  #diffuseColor
		transparency      0.0000                #transparency
	} #Material

	IndexedFaceSet {
		coordIndex [ 
		 1005, 1100, 1096, 1095,-1,
		 1019, 1031, 988, 1081,-1,
		 1061, 1066, 971, 1075,-1,
		 1043, 1101, 1088, 1087,-1,
		]
	} #IndexedFaceSet
	Material {
		ambientColor      0.1216 0.2127 0.2500  #ambientColor
		diffuseColor      0.4863 0.8510 1.0000  #diffuseColor
		transparency      0.0000                #transparency
	} #Material

	IndexedFaceSet {
		coordIndex [ 
		 1102, 7, 1103,-1,
		 625, 1103, 1104,-1,
		 1105, 1106, 1107, 1108,-1,
		 632, 1109, 1110,-1,
		 1111, 632, 1110, 8, 1112,-1,
		 638, 1113, 1114, 1115,-1,
		 1116, 638, 1115, 1117,-1,
		 1118, 1119, 1120, 1121,-1,
		 1122, 1123, 1124, 645,-1,
		 1125, 1126, 1127,-1,
		 1128, 1129, 1130, 1131,-1,
		 1132, 1133, 1134, 656,-1,
		 1135, 1136, 661, 1137,-1,
		 1138, 665, 1117, 1139,-1,
		 1140, 1141, 1142,-1,
		 1143, 671, 1142, 1144,-1,
		 671, 1145, 1146, 1147,-1,
		 678, 1148, 1144, 1149,-1,
		 1150, 678, 1149, 1151,-1,
		 1152, 1153, 682, 1154,-1,
		 1155, 682, 1153, 1156,-1,
		 1157, 1158, 1159, 1160,-1,
		 693, 1161, 1139, 1162,-1,
		 1163, 693, 1162, 1164,-1,
		 698, 1165, 1164, 1166,-1,
		 1167, 698, 1166, 1168,-1,
		 1169, 1170, 1171, 1172,-1,
		 1173, 1174, 1175, 1176,-1,
		 1177, 1178, 1179, 1180,-1,
		 1181, 1182, 1183, 1184,-1,
		 1185, 1186, 1187, 1188,-1,
		 1189, 1190, 1191, 1192,-1,
		 1193, 1194, 726, 1195,-1,
		 731, 1196, 1197, 9,-1,
		 1198, 733, 5, 1199,-1,
		 1200, 736, 1199, 1201,-1,
		 1202, 739, 1201, 1203,-1,
		 1204, 1205, 1203, 1206,-1,
		 746, 1207, 6, 1208,-1,
		]
	} #IndexedFaceSet
	Material {
		ambientColor      0.1039 0.1833 0.2137  #ambientColor
		diffuseColor      0.4157 0.7333 0.8549  #diffuseColor
		transparency      0.0000                #transparency
	} #Material

	IndexedFaceSet {
		coordIndex [ 
		 1209, 750, 1210, 1211, 1212,-1,
		 1213, 661, 1214,-1,
		 756, 1215, 1214, 1216,-1,
		 759, 1217, 1210, 1218,-1,
		 759, 1218, 746,-1,
		 1219, 759, 625, 1220,-1,
		 764, 1220, 763, 1221,-1,
		 764, 1222, 1223,-1,
		]
	} #IndexedFaceSet
	Material {
		ambientColor      0.0637 0.0637 0.0637  #ambientColor
		diffuseColor      0.2549 0.2549 0.2549  #diffuseColor
		transparency      0.0000                #transparency
	} #Material

	IndexedFaceSet {
		coordIndex [ 
		 769, 1224, 682, 1225,-1,
		 1226, 665, 1227,-1,
		 769, 1227, 693, 1228,-1,
		 775, 1229, 656, 1230,-1,
		 1231, 726, 736, 1232,-1,
		]
	} #IndexedFaceSet
	Material {
		ambientColor      0.2500 0.2500 0.2500  #ambientColor
		diffuseColor      1.0000 1.0000 1.0000  #diffuseColor
		transparency      0.0000                #transparency
	} #Material

	IndexedFaceSet {
		coordIndex [ 
		 1233, 756, 645, 1234,-1,
		 1235, 1236, 1237, 1238,-1,
		 1239, 1240, 1241, 784,-1,
		 791, 790, 1242, 1243,-1,
		 1244, 794, 793, 1245,-1,
		 799, 1246, 797, 1247,-1,
		 1248, 802, 1249, 1250,-1,
		 1251, 805, 1245, 1252,-1,
		 1253, 1254, 808, 1255,-1,
		 1256, 1257, 1258, 1259,-1,
		 818, 817, 1260, 815,-1,
		 820, 818, 815, 819,-1,
		 823, 822, 1261, 820,-1,
		 824, 823, 820, 819,-1,
		 826, 824, 819, 1262,-1,
		 1263, 1264, 1265, 1266,-1,
		 1267, 833, 1268, 1269,-1,
		 838, 1270, 1271, 1272,-1,
		 842, 841, 1273, 1274,-1,
		 846, 1275, 1276, 1277,-1,
		 1278, 775, 739, 1279,-1,
		 852, 1280, 1281, 849,-1,
		 1282, 854, 1279, 1283,-1,
		 859, 1284, 1285, 856,-1,
		 863, 1286, 1287, 860,-1,
		 867, 1288, 1289, 864,-1,
		 1290, 869, 1283, 1291,-1,
		 873, 872, 1264, 1292,-1,
		]
	} #IndexedFaceSet
	Material {
		ambientColor      0.1598 0.1598 0.1598  #ambientColor
		diffuseColor      0.6392 0.6392 0.6392  #diffuseColor
		transparency      0.0000                #transparency
	} #Material

	IndexedFaceSet {
		coordIndex [ 
		 1293, 873, 784, 1294,-1,
		 878, 1295, 1296, 819,-1,
		 1297, 880, 872, 1298,-1,
		 884, 883, 1298, 1299,-1,
		]
	} #IndexedFaceSet
	Material {
		ambientColor      0.0686 0.1225 0.1843  #ambientColor
		diffuseColor      0.2745 0.4902 0.7373  #diffuseColor
		transparency      0.0000                #transparency
	} #Material

	IndexedFaceSet {
		coordIndex [ 
		 887, 886, 815, 1300,-1,
		 887, 1300, 1301,-1,
		 1302, 818, 820, 1303,-1,
		 1304, 823, 824, 1305,-1,
		 1306, 1307, 893,-1,
		 897, 841, 1308,-1,
		 897, 1309, 856, 898,-1,
		 901, 859, 860, 900,-1,
		 903, 863, 864, 902,-1,
		 1310, 838, 833, 1311,-1,
		 909, 908, 1312, 1313,-1,
		 1314, 911, 1315, 867,-1,
		]
	} #IndexedFaceSet
	Material {
		ambientColor      0.2500 0.2000 0.1500  #ambientColor
		diffuseColor      1.0000 0.8000 0.6000  #diffuseColor
		transparency      0.0000                #transparency
	} #Material

	IndexedFaceSet {
		coordIndex [ 
		 1316, 1317, 1318, 1319,-1,
		 920, 919, 1320, 1321,-1,
		 1322, 922, 886, 887, 1323,-1,
		 920, 1323, 924,-1,
		 1324, 846, 849, 1325,-1,
		 927, 1325, 897,-1,
		 930, 929, 878, 880, 928,-1,
		]
	} #IndexedFaceSet
	Material {
		ambientColor      0.1598 0.1598 0.1598  #ambientColor
		diffuseColor      0.6392 0.6392 0.6392  #diffuseColor
		transparency      0.0000                #transparency
	} #Material

	IndexedFaceSet {
		coordIndex [ 
		 908, 909, 932, 931,-1,
		]
	} #IndexedFaceSet
	Material {
		ambientColor      0.2500 0.2000 0.1500  #ambientColor
		diffuseColor      1.0000 0.8000 0.6000  #diffuseColor
		transparency      0.0000                #transparency
	} #Material

	IndexedFaceSet {
		coordIndex [ 
		 911, 852, 934, 933,-1,
		]
	} #IndexedFaceSet
	Material {
		ambientColor      0.1598 0.1598 0.1598  #ambientColor
		diffuseColor      0.6392 0.6392 0.6392  #diffuseColor
		transparency      0.0000                #transparency
	} #Material

	IndexedFaceSet {
		coordIndex [ 
		 938, 937, 936, 935,-1,
		 941, 940, 854, 939,-1,
		 944, 943, 927, 942,-1,
		]
	} #IndexedFaceSet
	Material {
		ambientColor      0.2500 0.2000 0.1500  #ambientColor
		diffuseColor      1.0000 0.8000 0.6000  #diffuseColor
		transparency      0.0000                #transparency
	} #Material

	IndexedFaceSet {
		coordIndex [ 
		 947, 946, 805, 945,-1,
		]
	} #IndexedFaceSet
	Material {
		ambientColor      0.1598 0.1598 0.1598  #ambientColor
		diffuseColor      0.6392 0.6392 0.6392  #diffuseColor
		transparency      0.0000                #transparency
	} #Material

	IndexedFaceSet {
		coordIndex [ 
		 919, 920, 949, 948,-1,
		 951, 797, 794, 950,-1,
		 802, 953, 952, 799,-1,
		]
	} #IndexedFaceSet
	Material {
		ambientColor      0.2500 0.2000 0.1500  #ambientColor
		diffuseColor      1.0000 0.8000 0.6000  #diffuseColor
		transparency      0.0000                #transparency
	} #Material

	IndexedFaceSet {
		coordIndex [ 
		 957, 956, 955, 954,-1,
		]
	} #IndexedFaceSet
	Material {
		ambientColor      0.1598 0.1598 0.1598  #ambientColor
		diffuseColor      0.6392 0.6392 0.6392  #diffuseColor
		transparency      0.0000                #transparency
	} #Material

	IndexedFaceSet {
		coordIndex [ 
		 959, 958, 946, 947,-1,
		 961, 960, 956, 957,-1,
		]
	} #IndexedFaceSet
	Material {
		ambientColor      0.2500 0.2500 0.2500  #ambientColor
		diffuseColor      1.0000 1.0000 1.0000  #diffuseColor
		transparency      0.0000                #transparency
	} #Material

	IndexedFaceSet {
		coordIndex [ 
		 1326, 671, 1327,-1,
		 966, 965, 1327, 1328,-1,
		 1329, 966, 1328, 1330,-1,
		 971, 1331, 1330, 1332,-1,
		 1333, 971, 1332, 1334,-1,
		 1335, 975, 1334, 1336,-1,
		 1337, 1338, 975, 1339,-1,
		 983, 1340, 1341, 1342,-1,
		 1343, 983, 1342, 678, 1344,-1,
		 988, 1345, 1344, 1346,-1,
		 1347, 988, 1346, 1348,-1,
		 994, 1349, 1350, 1351,-1,
		 996, 994, 1351, 1352,-1,
		 1353, 769, 1354,-1,
		 1355, 1356, 1000, 1357,-1,
		 1358, 1357, 996,-1,
		 1005, 1358, 1354, 1359,-1,
		 1360, 1005, 1359, 1361,-1,
		 1362, 1000, 1356, 1363,-1,
		 1013, 1364, 1365, 1366,-1,
		 1367, 1013, 1366, 1368,-1,
		 1019, 1369, 1370, 1371,-1,
		 1372, 1019, 1371, 1373,-1,
		 1374, 1375, 1376, 1022,-1,
		 1022, 1377, 1378, 1379,-1,
		 1380, 1031, 1381, 1382,-1,
		 1383, 1384, 1385, 1386,-1,
		 1387, 1388, 1038, 1389,-1,
		 1390, 1389, 1041,-1,
		 1043, 1390, 1386, 698,-1,
		 1391, 1043, 698, 1392,-1,
		 1393, 1394, 1395, 1046,-1,
		 1396, 1397, 1398, 1399,-1,
		 1400, 1401, 1055, 1402,-1,
		 1061, 1403, 1404, 1405,-1,
		 1406, 1061, 1405, 1407,-1,
		 1408, 1066, 1409, 1064,-1,
		 1064, 1410, 1411, 1412,-1,
		 965, 1055, 1401, 1413,-1,
		]
	} #IndexedFaceSet
	Material {
		ambientColor      0.0637 0.0637 0.0637  #ambientColor
		diffuseColor      0.2549 0.2549 0.2549  #diffuseColor
		transparency      0.0000                #transparency
	} #Material

	IndexedFaceSet {
		coordIndex [ 
		 1414, 965, 1415,-1,
		 1075, 1415, 966, 1416,-1,
		 1075, 1417, 1055, 1418,-1,
		 1419, 975, 1420,-1,
		 1081, 1420, 983, 1421,-1,
		 1081, 1422, 1046, 1423,-1,
		 1424, 1064, 1425,-1,
		 1088, 1087, 1425, 1013, 1426,-1,
		 1088, 1426, 1427,-1,
		 1087, 1428, 1038, 1429,-1,
		 1430, 1022, 1431,-1,
		 1096, 1095, 1431, 994, 1432,-1,
		 1096, 1432, 1433,-1,
		 1095, 1434, 1000, 1435,-1,
		]
	} #IndexedFaceSet
	Material {
		ambientColor      0.0686 0.1225 0.1843  #ambientColor
		diffuseColor      0.2745 0.4902 0.7373  #diffuseColor
		transparency      0.0000                #transparency
	} #Material

	IndexedFaceSet {
		coordIndex [ 
		 1095, 1096, 1100, 1005,-1,
		 1081, 988, 1031, 1019,-1,
		 1075, 971, 1066, 1061,-1,
		 1087, 1088, 1101, 1043,-1,
		]
	} #IndexedFaceSet
} #Polyhedron
Separator { #Polyhedron
	DEF COORD48 Coordinate3 {
		point [
		 -3.0478 23.7730 -168.4998,
		 -27.0037 8.5949 -168.4998,
		 -26.6989 7.9853 -168.4998,
		 -3.0478 23.1634 -168.4998,
		 -3.0478 23.7730 -141.0694,
		 -27.0037 8.5949 -141.0694,
		 -26.6989 7.9853 -141.0694,
		 -3.0478 23.1634 -141.0694
		]
	} #Coordinate3
	Material {
		ambientColor      0.2500 0.2500 0.2500  #ambientColor
		diffuseColor      1.0000 1.0000 1.0000  #diffuseColor
		transparency      0.0000                #transparency
	} #Material

	IndexedFaceSet {
		coordIndex [ 
		 0, 1, 2, 3,-1,
		 3, 2, 1, 0,-1,
		 0, 3, 7, 4,-1,
		 4, 7, 3, 0,-1,
		]
	} #IndexedFaceSet
	Material {
		ambientColor      0.0637 0.0637 0.0637  #ambientColor
		diffuseColor      0.2549 0.2549 0.2549  #diffuseColor
		transparency      0.0000                #transparency
	} #Material

	IndexedFaceSet {
		coordIndex [ 
		 1, 0, 4, 5,-1,
		 5, 4, 0, 1,-1,
		]
	} #IndexedFaceSet
	Material {
		ambientColor      0.2500 0.2500 0.2500  #ambientColor
		diffuseColor      1.0000 1.0000 1.0000  #diffuseColor
		transparency      0.0000                #transparency
	} #Material

	IndexedFaceSet {
		coordIndex [ 
		 2, 1, 5, 6,-1,
		 6, 5, 1, 2,-1,
		 3, 2, 6, 7,-1,
		 7, 6, 2, 3,-1,
		 7, 6, 5, 4,-1,
		 4, 5, 6, 7,-1,
		]
	} #IndexedFaceSet
} #Polyhedron
Separator { #Polyhedron
	DEF COORD49 Coordinate3 {
		point [
		 -3.0478 23.1634 -168.4998,
		 20.8471 7.8634 -168.4998,
		 21.1519 8.4729 -168.4998,
		 -3.0478 23.7730 -168.4998,
		 -3.0478 23.1634 -141.0694,
		 20.8471 7.8634 -141.0694,
		 21.1519 8.4729 -141.0694,
		 -3.0478 23.7730 -141.0694
		]
	} #Coordinate3
	Material {
		ambientColor      0.2500 0.2500 0.2500  #ambientColor
		diffuseColor      1.0000 1.0000 1.0000  #diffuseColor
		transparency      0.0000                #transparency
	} #Material

	IndexedFaceSet {
		coordIndex [ 
		 0, 1, 2, 3,-1,
		 3, 2, 1, 0,-1,
		 0, 3, 7, 4,-1,
		 4, 7, 3, 0,-1,
		 1, 0, 4, 5,-1,
		 5, 4, 0, 1,-1,
		 2, 1, 5, 6,-1,
		 6, 5, 1, 2,-1,
		]
	} #IndexedFaceSet
	Material {
		ambientColor      0.0637 0.0637 0.0637  #ambientColor
		diffuseColor      0.2549 0.2549 0.2549  #diffuseColor
		transparency      0.0000                #transparency
	} #Material

	IndexedFaceSet {
		coordIndex [ 
		 3, 2, 6, 7,-1,
		 7, 6, 2, 3,-1,
		]
	} #IndexedFaceSet
	Material {
		ambientColor      0.2500 0.2500 0.2500  #ambientColor
		diffuseColor      1.0000 1.0000 1.0000  #diffuseColor
		transparency      0.0000                #transparency
	} #Material

	IndexedFaceSet {
		coordIndex [ 
		 7, 6, 5, 4,-1,
		 4, 5, 6, 7,-1,
		]
	} #IndexedFaceSet
} #Polyhedron
Separator { #Polyhedron
	DEF COORD50 Coordinate3 {
		point [
		 0.0000 9.4482 -120.3443,
		 -12.2421 17.2456 -120.3443,
		 -24.3826 9.4482 -120.3443,
		 0.0000 9.4482 -119.7347,
		 -12.2421 17.2456 -119.7347,
		 -24.3826 9.4482 -119.7347,
		 -13.7960 14.8699 -119.7347,
		 -12.9532 15.3916 -119.7347,
		 -12.9130 15.3916 -119.7347,
		 -12.0872 14.8699 -119.7347,
		 -13.8826 14.8162 -119.7347,
		 -12.0872 14.8699 -119.7347,
		 -13.5241 14.8162 -119.7347,
		 -14.1841 14.6296 -119.7347,
		 -13.7325 14.6296 -119.7347,
		 -14.2660 14.5789 -119.7347,
		 -14.2659 14.5790 -119.7347,
		 -13.7891 14.5789 -119.7347,
		 -14.2662 14.5788 -119.7347,
		 -13.7891 14.5789 -119.7347,
		 -13.7893 14.5788 -119.7347,
		 -11.6448 14.5788 -119.7347,
		 -11.6264 14.5788 -119.7347,
		 -14.2724 14.5750 -119.7347,
		 -14.2662 14.5788 -119.7347,
		 -13.7893 14.5788 -119.7347,
		 -13.7936 14.5750 -119.7347,
		 -11.6264 14.5788 -119.7347,
		 -11.6204 14.5750 -119.7347,
		 -11.6426 14.5750 -119.7347,
		 -11.6448 14.5788 -119.7347,
		 -14.3750 14.5115 -119.7347,
		 -13.7936 14.5750 -119.7347,
		 -13.8645 14.5115 -119.7347,
		 -16.2355 13.3597 -119.7347,
		 -13.8645 14.5115 -119.7347,
		 -15.1508 13.3597 -119.7347,
		 -10.1196 13.6269 -119.7347,
		 -9.7767 13.4103 -119.7347,
		 -11.4034 13.4103 -119.7347,
		 -11.3451 13.6269 -119.7347,
		 -9.7767 13.4103 -119.7347,
		 -9.6966 13.3597 -119.7347,
		 -9.9475 13.3597 -119.7347,
		 -10.0318 13.4103 -119.7347,
		 -10.6021 13.9317 -119.7347,
		 -11.3451 13.6269 -119.7347,
		 -11.2632 13.9317 -119.7347,
		 -11.6204 14.5750 -119.7347,
		 -11.6426 14.5750 -119.7347,
		 -16.3988 13.2586 -119.7347,
		 -16.3180 13.3086 -119.7347,
		 -15.2079 13.3086 -119.7347,
		 -15.2638 13.2586 -119.7347,
		 -16.4908 13.2017 -119.7347,
		 -15.1647 13.2017 -119.7347,
		 -15.1647 13.2017 -119.7347,
		 -15.2721 13.1055 -119.7347,
		 -16.6461 13.1055 -119.7347,
		 -16.4908 13.2017 -119.7347,
		 -9.6158 13.3086 -119.7347,
		 -9.2943 13.1055 -119.7347,
		 -9.5238 13.1055 -119.7347,
		 -9.8624 13.3086 -119.7347,
		 -16.8912 12.9538 -119.7347,
		 -15.2721 13.1055 -119.7347,
		 -15.4416 12.9538 -119.7347,
		 -17.1384 12.8007 -119.7347,
		 -15.1752 12.8007 -119.7347,
		 -17.2643 12.7228 -119.7347,
		 -15.1752 12.8007 -119.7347,
		 -15.0396 12.7228 -119.7347,
		 -17.4452 12.6108 -119.7347,
		 -15.0396 12.7228 -119.7347,
		 -15.3008 12.6108 -119.7347,
		 -18.0442 12.2400 -119.7347,
		 -17.4452 12.6108 -119.7347,
		 -15.3008 12.6108 -119.7347,
		 -16.1661 12.2400 -119.7347,
		 -16.2196 12.2171 -119.7347,
		 -16.2800 12.1912 -119.7347,
		 -17.8614 12.1912 -119.7347,
		 -17.9182 12.2171 -119.7347,
		 -16.1661 12.2400 -119.7347,
		 -18.0442 12.2400 -119.7347,
		 -16.2800 12.1912 -119.7347,
		 -16.3820 12.1436 -119.7347,
		 -17.7572 12.1436 -119.7347,
		 -17.8614 12.1912 -119.7347,
		 -16.2546 12.1912 -119.7347,
		 -15.8577 12.1436 -119.7347,
		 -15.9241 12.1436 -119.7347,
		 -16.3820 12.1436 -119.7347,
		 -16.3885 12.1405 -119.7347,
		 -17.7505 12.1405 -119.7347,
		 -17.7572 12.1436 -119.7347,
		 -15.8577 12.1436 -119.7347,
		 -15.8648 12.1405 -119.7347,
		 -15.9012 12.1405 -119.7347,
		 -15.9241 12.1436 -119.7347,
		 -15.6627 12.2399 -119.7347,
		 -15.6262 12.2428 -119.7347,
		 -15.6329 12.2399 -119.7347,
		 -16.2800 12.1912 -119.7347,
		 -15.6329 12.2399 -119.7347,
		 -16.2546 12.1912 -119.7347,
		 -7.8469 12.1912 -119.7347,
		 -7.7668 12.1405 -119.7347,
		 -9.4471 12.1405 -119.7347,
		 -9.2953 12.1912 -119.7347,
		 -7.9994 12.2875 -119.7347,
		 -9.7175 12.2875 -119.7347,
		 -8.0882 12.3436 -119.7347,
		 -9.7175 12.2875 -119.7347,
		 -9.5493 12.3436 -119.7347,
		 -8.0892 12.3442 -119.7347,
		 -9.5493 12.3436 -119.7347,
		 -9.5474 12.3442 -119.7347,
		 -9.3957 12.3948 -119.7347,
		 -8.2420 12.4407 -119.7347,
		 -8.1692 12.3948 -119.7347,
		 -8.1692 12.3948 -119.7347,
		 -8.1267 12.3679 -119.7347,
		 -9.4763 12.3679 -119.7347,
		 -9.3957 12.3948 -119.7347,
		 -8.1267 12.3679 -119.7347,
		 -9.5474 12.3442 -119.7347,
		 -9.4763 12.3679 -119.7347,
		 -8.5706 12.6483 -119.7347,
		 -8.4806 12.5915 -119.7347,
		 -9.4476 12.6483 -119.7347,
		 -8.6330 12.6878 -119.7347,
		 -9.4476 12.6483 -119.7347,
		 -9.5134 12.6878 -119.7347,
		 -8.6853 12.7208 -119.7347,
		 -9.5134 12.6878 -119.7347,
		 -9.0531 12.9531 -119.7347,
		 -9.0308 12.9391 -119.7347,
		 -9.2698 12.9531 -119.7347,
		 -9.2943 13.1055 -119.7347,
		 -9.2698 12.9531 -119.7347,
		 -9.5238 13.1055 -119.7347,
		 -18.4651 11.9794 -119.7347,
		 -18.2882 12.0889 -119.7347,
		 -18.1473 11.9794 -119.7347,
		 -16.4977 12.0896 -119.7347,
		 -16.7337 11.9794 -119.7347,
		 -17.3976 11.9794 -119.7347,
		 -17.6388 12.0896 -119.7347,
		 -18.6154 11.8864 -119.7347,
		 -18.6055 11.8925 -119.7347,
		 -18.5976 11.8864 -119.7347,
		 -18.0392 11.8864 -119.7347,
		 -18.0960 11.9123 -119.7347,
		 -18.0609 11.9123 -119.7347,
		 -18.0275 11.8864 -119.7347,
		 -16.8774 11.9123 -119.7347,
		 -16.9329 11.8864 -119.7347,
		 -17.1938 11.8864 -119.7347,
		 -17.2505 11.9123 -119.7347,
		 -18.4651 11.9794 -119.7347,
		 -18.1473 11.9794 -119.7347,
		 -18.0609 11.9123 -119.7347,
		 -16.7337 11.9794 -119.7347,
		 -16.8774 11.9123 -119.7347,
		 -17.2505 11.9123 -119.7347,
		 -17.3976 11.9794 -119.7347,
		 -19.1917 11.5296 -119.7347,
		 -18.6154 11.8864 -119.7347,
		 -18.5976 11.8864 -119.7347,
		 -18.1384 11.5296 -119.7347,
		 -18.0108 11.8734 -119.7347,
		 -18.0392 11.8864 -119.7347,
		 -18.0275 11.8864 -119.7347,
		 -16.9329 11.8864 -119.7347,
		 -17.0443 11.8344 -119.7347,
		 -17.0799 11.8344 -119.7347,
		 -17.1938 11.8864 -119.7347,
		 -17.0456 11.8229 -119.7347,
		 -17.0592 11.7036 -119.7347,
		 -17.0547 11.8229 -119.7347,
		 -17.0799 11.8344 -119.7347,
		 -19.3531 11.4297 -119.7347,
		 -18.1384 11.5296 -119.7347,
		 -18.0098 11.4297 -119.7347,
		 -16.3071 11.4297 -119.7347,
		 -15.5288 11.7070 -119.7347,
		 -15.6533 11.4297 -119.7347,
		 -13.7032 11.5562 -119.7347,
		 -12.6475 11.4297 -119.7347,
		 -13.8816 11.4297 -119.7347,
		 -13.7528 11.5562 -119.7347,
		 -13.8180 11.5700 -119.7347,
		 -13.8712 11.5700 -119.7347,
		 -13.8654 11.5757 -119.7347,
		 -13.8712 11.5700 -119.7347,
		 -15.5639 11.7669 -119.7347,
		 -15.9089 11.8130 -119.7347,
		 -15.8457 11.8130 -119.7347,
		 -15.4610 11.7669 -119.7347,
		 -15.5111 11.7599 -119.7347,
		 -15.4610 11.7669 -119.7347,
		 -15.4641 11.7599 -119.7347,
		 -15.8930 11.8187 -119.7347,
		 -15.9089 11.8130 -119.7347,
		 -15.5054 11.7591 -119.7347,
		 -15.5051 11.7599 -119.7347,
		 -15.4661 11.7553 -119.7347,
		 -15.4641 11.7599 -119.7347,
		 -19.9090 11.0856 -119.7347,
		 -19.3531 11.4297 -119.7347,
		 -18.0098 11.4297 -119.7347,
		 -17.5668 11.0856 -119.7347,
		 -20.0198 11.0170 -119.7347,
		 -19.9090 11.0856 -119.7347,
		 -17.5668 11.0856 -119.7347,
		 -17.4785 11.0170 -119.7347,
		 -20.0303 11.0105 -119.7347,
		 -17.4785 11.0170 -119.7347,
		 -17.4991 11.0105 -119.7347,
		 -20.1741 10.9215 -119.7347,
		 -17.4846 10.9215 -119.7347,
		 -14.9852 11.0856 -119.7347,
		 -14.6631 10.9215 -119.7347,
		 -16.9301 10.9215 -119.7347,
		 -16.9137 11.0856 -119.7347,
		 -6.0968 11.0856 -119.7347,
		 -5.8370 10.9215 -119.7347,
		 -14.3988 10.9215 -119.7347,
		 -14.2318 11.0856 -119.7347,
		 -16.3155 11.4267 -119.7347,
		 -16.3071 11.4297 -119.7347,
		 -15.6533 11.4297 -119.7347,
		 -15.6547 11.4267 -119.7347,
		 -16.9004 11.2182 -119.7347,
		 -15.2456 11.2182 -119.7347,
		 -15.2456 11.2182 -119.7347,
		 -15.1202 11.1543 -119.7347,
		 -16.9068 11.1543 -119.7347,
		 -16.9004 11.2182 -119.7347,
		 -15.1202 11.1543 -119.7347,
		 -15.1121 11.1502 -119.7347,
		 -16.9072 11.1503 -119.7347,
		 -16.9068 11.1543 -119.7347,
		 -6.6415 11.4297 -119.7347,
		 -6.1992 11.1502 -119.7347,
		 -14.1660 11.1502 -119.7347,
		 -13.8816 11.4297 -119.7347,
		 -15.1121 11.1502 -119.7347,
		 -15.0022 11.0942 -119.7347,
		 -16.9128 11.0942 -119.7347,
		 -16.9072 11.1502 -119.7347,
		 -6.1992 11.1502 -119.7347,
		 -6.1105 11.0942 -119.7347,
		 -14.2230 11.0942 -119.7347,
		 -14.1660 11.1502 -119.7347,
		 -15.0022 11.0942 -119.7347,
		 -14.9852 11.0856 -119.7347,
		 -16.9137 11.0856 -119.7347,
		 -16.9128 11.0942 -119.7347,
		 -6.1105 11.0942 -119.7347,
		 -14.2318 11.0856 -119.7347,
		 -14.2230 11.0942 -119.7347,
		 -7.3645 11.8864 -119.7347,
		 -10.2096 11.8864 -119.7347,
		 -14.8093 12.0165 -119.7347,
		 -14.8023 12.0171 -119.7347,
		 -14.7976 12.0165 -119.7347,
		 -14.8713 12.0116 -119.7347,
		 -14.8093 12.0165 -119.7347,
		 -14.7976 12.0165 -119.7347,
		 -14.8600 12.0116 -119.7347,
		 -15.3767 11.9717 -119.7347,
		 -15.3687 11.9724 -119.7347,
		 -15.3690 11.9717 -119.7347,
		 -15.3690 11.9717 -119.7347,
		 -15.4812 11.9629 -119.7347,
		 -15.4881 11.9629 -119.7347,
		 -15.3767 11.9717 -119.7347,
		 -14.8600 12.0116 -119.7347,
		 -14.8667 12.0111 -119.7347,
		 -14.8713 12.0116 -119.7347,
		 -15.4812 11.9629 -119.7347,
		 -15.4901 11.9623 -119.7347,
		 -15.4881 11.9629 -119.7347,
		 -7.6861 12.0896 -119.7347,
		 -10.2096 11.8864 -119.7347,
		 -9.6001 12.0896 -119.7347,
		 -20.2969 10.8455 -119.7347,
		 -20.2561 10.8707 -119.7347,
		 -17.4763 10.8707 -119.7347,
		 -17.4722 10.8455 -119.7347,
		 -21.5692 10.0578 -119.7347,
		 -20.2969 10.8455 -119.7347,
		 -17.4722 10.8455 -119.7347,
		 -17.3440 10.0578 -119.7347,
		 -14.5140 10.8455 -119.7347,
		 -14.4891 10.8328 -119.7347,
		 -16.9390 10.8328 -119.7347,
		 -16.9377 10.8455 -119.7347,
		 -17.1638 10.0578 -119.7347,
		 -17.1458 10.2375 -119.7347,
		 -17.1166 10.0578 -119.7347,
		 -5.6966 10.8328 -119.7347,
		 -4.4699 10.0578 -119.7347,
		 -17.0165 10.0578 -119.7347,
		 -16.9390 10.8328 -119.7347,
		 -5.7167 10.8455 -119.7347,
		 -14.4761 10.8455 -119.7347,
		 -14.5635 10.8707 -119.7347,
		 -14.5140 10.8455 -119.7347,
		 -16.9377 10.8455 -119.7347,
		 -16.9352 10.8707 -119.7347,
		 -5.7567 10.8707 -119.7347,
		 -14.4761 10.8455 -119.7347,
		 -14.4505 10.8707 -119.7347,
		 -4.4699 10.0578 -119.7347,
		 -4.4699 10.0578 -119.7347,
		 -21.5692 10.0578 -119.7347,
		 -12.9454 15.4120 -119.7347,
		 -12.2426 17.2444 -119.7347,
		 -12.2421 17.2457 -119.7347,
		 -12.2400 17.2444 -119.7347,
		 -12.1028 14.8798 -119.7347,
		 -12.9454 15.4120 -119.7347,
		 -9.3632 15.4120 -119.7347,
		 -8.5275 14.8798 -119.7347,
		 -12.0872 14.8699 -119.7347,
		 -11.8223 14.8798 -119.7347,
		 -8.5275 14.8798 -119.7347,
		 -8.1348 14.6296 -119.7347,
		 -11.6748 14.6296 -119.7347,
		 -11.6260 14.5785 -119.7347,
		 -11.6264 14.5788 -119.7347,
		 -8.0546 14.5785 -119.7347,
		 -9.6966 13.3597 -119.7347,
		 -11.6260 14.5785 -119.7347,
		 -8.0546 14.5785 -119.7347,
		 -6.1410 13.3597 -119.7347,
		 -9.0308 12.9391 -119.7347,
		 -9.6158 13.3086 -119.7347,
		 -6.0608 13.3086 -119.7347,
		 -5.4806 12.9391 -119.7347,
		 -5.1379 12.7208 -119.7347,
		 -4.9349 12.5915 -119.7347,
		 -8.4806 12.5915 -119.7347,
		 -8.6853 12.7208 -119.7347,
		 -5.2634 12.8007 -119.7347,
		 -8.6853 12.7208 -119.7347,
		 -6.6791 12.8007 -119.7347,
		 -5.4806 12.9391 -119.7347,
		 -9.0308 12.9391 -119.7347,
		 -4.6982 12.4407 -119.7347,
		 -4.2269 12.1405 -119.7347,
		 -7.7668 12.1405 -119.7347,
		 -8.2420 12.4407 -119.7347,
		 -4.7849 12.4960 -119.7347,
		 -8.2420 12.4407 -119.7347,
		 -6.8569 12.4960 -119.7347,
		 -4.9349 12.5915 -119.7347,
		 -8.4806 12.5915 -119.7347,
		 -5.8370 10.9215 -119.7347,
		 -7.6861 12.0896 -119.7347,
		 -4.1469 12.0896 -119.7347,
		 -2.3129 10.9215 -119.7347,
		 -2.2332 10.8707 -119.7347,
		 -0.9570 10.0578 -119.7347,
		 -4.4699 10.0578 -119.7347,
		 -5.7567 10.8707 -119.7347,
		 -2.3129 10.9215 -119.7347,
		 -2.4890 10.8707 -119.7347,
		 -2.6414 10.9215 -119.7347,
		 -4.2269 12.1405 -119.7347,
		 -4.4193 12.0896 -119.7347,
		 -4.5717 12.1405 -119.7347,
		 -6.1410 13.3597 -119.7347,
		 -6.0956 13.3086 -119.7347,
		 -6.2480 13.3597 -119.7347,
		 -8.1348 14.6296 -119.7347,
		 -8.1011 14.6082 -119.7347,
		 -8.2291 14.6296 -119.7347,
		 -12.7584 15.8996 -119.7347,
		 -12.2426 17.2444 -119.7347,
		 -12.2400 17.2444 -119.7347,
		 -10.1287 15.8996 -119.7347,
		 -10.0483 15.8484 -119.7347,
		 -12.9454 15.4120 -119.7347,
		 -12.7780 15.8484 -119.7347,
		 -10.1287 15.8996 -119.7347,
		 -10.0578 15.8484 -119.7347,
		 -10.2102 15.8996 -119.7347,
		 -14.3380 15.8996 -119.7347,
		 -12.2421 17.2457 -119.7347,
		 -12.7584 15.8996 -119.7347,
		 -14.3967 15.8619 -119.7347,
		 -14.1724 15.8996 -119.7347,
		 -16.3153 14.6296 -119.7347,
		 -14.4177 15.8484 -119.7347,
		 -12.7780 15.8484 -119.7347,
		 -14.1841 14.6296 -119.7347,
		 -16.3254 14.6231 -119.7347,
		 -16.3058 14.6296 -119.7347,
		 -16.3942 14.5790 -119.7347,
		 -16.3939 14.5791 -119.7347,
		 -14.2659 14.5790 -119.7347,
		 -18.2925 13.3597 -119.7347,
		 -16.3942 14.5790 -119.7347,
		 -14.2659 14.5790 -119.7347,
		 -16.2355 13.3597 -119.7347,
		 -18.3483 13.3239 -119.7347,
		 -18.1345 13.3597 -119.7347,
		 -19.8737 12.3441 -119.7347,
		 -18.3720 13.3086 -119.7347,
		 -16.3180 13.3086 -119.7347,
		 -17.8760 12.3441 -119.7347,
		 -20.1907 12.1405 -119.7347,
		 -18.6167 12.3441 -119.7347,
		 -18.3547 12.1405 -119.7347,
		 -17.8760 12.3441 -119.7347,
		 -18.0442 12.2400 -119.7347,
		 -20.2701 12.0896 -119.7347,
		 -19.8108 12.1405 -119.7347,
		 -19.9632 12.0896 -119.7347,
		 -20.2711 12.0889 -119.7347,
		 -20.2701 12.0896 -119.7347,
		 -18.2890 12.0896 -119.7347,
		 -18.2882 12.0889 -119.7347,
		 -18.2882 12.0889 -119.7347,
		 -18.3683 12.0393 -119.7347,
		 -20.3483 12.0393 -119.7347,
		 -20.2711 12.0889 -119.7347,
		 -20.5769 11.8925 -119.7347,
		 -18.7945 12.0393 -119.7347,
		 -18.6055 11.8925 -119.7347,
		 -18.6055 11.8925 -119.7347,
		 -20.1741 10.9215 -119.7347,
		 -22.0888 10.9215 -119.7347,
		 -20.5769 11.8925 -119.7347,
		 -18.3683 12.0393 -119.7347,
		 -18.4651 11.9794 -119.7347,
		 -22.1679 10.8707 -119.7347,
		 -21.2331 10.9215 -119.7347,
		 -21.6903 10.8707 -119.7347,
		 -20.2561 10.8707 -119.7347,
		 -21.5692 10.0578 -119.7347,
		 -23.4335 10.0578 -119.7347,
		 -22.1679 10.8707 -119.7347,
		 -23.4335 10.0578 -119.7347,
		 -23.3158 10.0578 -119.7347,
		 -23.3159 10.0578 -119.7347,
		 -21.5692 10.0578 -119.7347,
		 -21.5692 10.0578 -119.7347,
		 -23.3158 10.0578 -119.7347,
		 -17.3440 10.0578 -119.7347,
		 -23.3159 10.0578 -119.7347,
		 -17.3440 10.0578 -119.7347,
		 -23.0110 9.4482 -119.7347,
		 -22.0967 10.0578 -119.7347,
		 -17.3440 10.0578 -119.7347,
		 -17.2448 9.4482 -119.7347,
		 -17.2019 9.6770 -119.7347,
		 -17.1638 10.0578 -119.7347,
		 -17.1166 10.0578 -119.7347,
		 -17.0546 9.6770 -119.7347,
		 -3.2385 9.6770 -119.7347,
		 -2.8954 9.4482 -119.7347,
		 -17.2248 9.4482 -119.7347,
		 -17.2019 9.6770 -119.7347,
		 -3.8098 10.0578 -119.7347,
		 -17.0165 10.0578 -119.7347,
		 -3.4784 10.0578 -119.7347,
		 -0.9143 10.0578 -119.7347,
		 0.0000 9.4482 -119.7347,
		 -23.4682 10.0578 -119.7347,
		 -22.0967 10.0578 -119.7347,
		 -24.3826 9.4482 -119.7347,
		 -14.4771 15.8484 -119.7347,
		 -13.7891 14.5789 -119.7347,
		 -16.4577 14.5791 -119.7347,
		 -13.7325 14.6296 -119.7347,
		 -7.9259 14.5788 -119.7347,
		 -7.9243 14.5785 -119.7347,
		 -11.6448 14.5788 -119.7347,
		 -11.6448 14.5788 -119.7347,
		 -11.6748 14.6296 -119.7347,
		 -18.4393 13.3086 -119.7347,
		 -15.1508 13.3597 -119.7347,
		 -15.2079 13.3086 -119.7347,
		 -6.0956 13.3086 -119.7347,
		 -9.8624 13.3086 -119.7347,
		 -9.9475 13.3597 -119.7347,
		 -18.3547 12.1405 -119.7347,
		 -18.2890 12.0896 -119.7347,
		 -16.3885 12.1405 -119.7347,
		 -16.4977 12.0896 -119.7347,
		 -17.6388 12.0896 -119.7347,
		 -17.7505 12.1405 -119.7347,
		 -15.8648 12.1405 -119.7347,
		 -15.8735 12.1368 -119.7347,
		 -15.9012 12.1405 -119.7347,
		 -4.4193 12.0896 -119.7347,
		 -9.6001 12.0896 -119.7347,
		 -9.4471 12.1405 -119.7347,
		 -17.4846 10.9215 -119.7347,
		 -17.4763 10.8707 -119.7347,
		 -14.6631 10.9215 -119.7347,
		 -14.5635 10.8707 -119.7347,
		 -16.9352 10.8707 -119.7347,
		 -16.9301 10.9215 -119.7347,
		 -2.4890 10.8707 -119.7347,
		 -14.4505 10.8707 -119.7347,
		 -14.3988 10.9215 -119.7347,
		 -10.4890 12.6483 -119.7347,
		 -10.4865 12.6490 -119.7347,
		 -10.4144 12.6490 -119.7347,
		 -10.4225 12.6483 -119.7347,
		 -9.4487 12.6490 -119.7347,
		 -9.7602 12.6483 -119.7347,
		 -9.7630 12.6490 -119.7347,
		 -9.8706 12.6735 -119.7347,
		 -9.5134 12.6878 -119.7347,
		 -9.4896 12.6735 -119.7347,
		 -10.4865 12.6490 -119.7347,
		 -10.3399 12.6548 -119.7347,
		 -10.4144 12.6490 -119.7347,
		 -9.4896 12.6735 -119.7347,
		 -9.7630 12.6490 -119.7347,
		 -9.8706 12.6735 -119.7347,
		 -11.0958 12.6004 -119.7347,
		 -10.7348 12.6289 -119.7347,
		 -10.6701 12.6289 -119.7347,
		 -11.0337 12.6004 -119.7347,
		 -11.3464 12.5807 -119.7347,
		 -11.3097 12.5836 -119.7347,
		 -11.2860 12.5807 -119.7347,
		 -11.2860 12.5807 -119.7347,
		 -14.3036 12.3441 -119.7347,
		 -14.3428 12.3441 -119.7347,
		 -11.3464 12.5807 -119.7347,
		 -11.0337 12.6004 -119.7347,
		 -11.0985 12.5954 -119.7347,
		 -11.0958 12.6004 -119.7347,
		 -9.5253 12.6289 -119.7347,
		 -9.5969 12.6111 -119.7347,
		 -9.6751 12.6289 -119.7347,
		 -10.6465 12.6359 -119.7347,
		 -10.4891 12.6483 -119.7347,
		 -10.4227 12.6483 -119.7347,
		 -10.5812 12.6359 -119.7347,
		 -10.7096 12.6309 -119.7347,
		 -10.6470 12.6359 -119.7347,
		 -10.6447 12.6309 -119.7347,
		 -10.6447 12.6309 -119.7347,
		 -10.6701 12.6289 -119.7347,
		 -10.7348 12.6289 -119.7347,
		 -10.7096 12.6309 -119.7347,
		 -10.5812 12.6359 -119.7347,
		 -10.6378 12.6315 -119.7347,
		 -10.6465 12.6359 -119.7347,
		 -9.6751 12.6289 -119.7347,
		 -9.7602 12.6483 -119.7347,
		 -15.6329 12.2399 -119.7347,
		 -15.6262 12.2428 -119.7347,
		 -15.5962 12.2428 -119.7347,
		 -15.8735 12.1368 -119.7347,
		 -15.8577 12.1436 -119.7347,
		 -15.8013 12.1368 -119.7347,
		 -15.0931 12.0520 -119.7347,
		 -14.8023 12.0171 -119.7347,
		 -14.9181 12.0171 -119.7347,
		 -15.2181 12.0520 -119.7347,
		 -15.3333 12.0646 -119.7347,
		 -15.8735 12.1368 -119.7347,
		 -15.8013 12.1368 -119.7347,
		 -15.1990 12.0646 -119.7347,
		 -15.3276 12.0639 -119.7347,
		 -15.3273 12.0646 -119.7347,
		 -15.1990 12.0646 -119.7347,
		 -15.2181 12.0520 -119.7347,
		 -15.4617 11.9724 -119.7347,
		 -15.3510 12.0118 -119.7347,
		 -15.3687 11.9724 -119.7347,
		 -15.3687 11.9724 -119.7347,
		 -15.4881 11.9629 -119.7347,
		 -15.4617 11.9724 -119.7347,
		 -14.8023 12.0171 -119.7347,
		 -14.8713 12.0116 -119.7347,
		 -14.9181 12.0171 -119.7347,
		 -15.6262 12.2428 -119.7347,
		 -14.3428 12.3441 -119.7347,
		 -14.3036 12.3441 -119.7347,
		 -15.5962 12.2428 -119.7347,
		 -9.5969 12.6111 -119.7347,
		 -8.8144 12.6111 -119.7347,
		 -9.3957 12.3948 -119.7347,
		 -9.0921 12.4960 -119.7347,
		 -8.8144 12.6111 -119.7347,
		 -9.5969 12.6111 -119.7347,
		 -14.8667 12.0111 -119.7347,
		 -14.7976 12.0165 -119.7347,
		 -14.7524 12.0111 -119.7347,
		 -15.4901 11.9623 -119.7347,
		 -15.3690 11.9717 -119.7347,
		 -15.3733 11.9623 -119.7347,
		 -14.7524 12.0111 -119.7347,
		 -14.3448 11.9623 -119.7347,
		 -14.4463 11.9623 -119.7347,
		 -14.8667 12.0111 -119.7347,
		 -15.4610 11.7669 -119.7347,
		 -15.8930 11.8187 -119.7347,
		 -15.4377 11.8187 -119.7347,
		 -13.1470 11.8187 -119.7347,
		 -12.4443 11.7345 -119.7347,
		 -13.7038 11.7345 -119.7347,
		 -13.6181 11.8187 -119.7347,
		 -15.8930 11.8187 -119.7347,
		 -15.4901 11.9623 -119.7347,
		 -15.3733 11.9623 -119.7347,
		 -15.4377 11.8187 -119.7347,
		 -13.5000 11.8610 -119.7347,
		 -13.6181 11.8187 -119.7347,
		 -13.5750 11.8610 -119.7347,
		 -14.3448 11.9623 -119.7347,
		 -14.4463 11.9623 -119.7347,
		 -11.8683 11.5757 -119.7347,
		 -13.8654 11.5757 -119.7347,
		 -11.0206 11.7345 -119.7347,
		 -13.8654 11.5757 -119.7347,
		 -13.7038 11.7345 -119.7347,
		 -10.0064 12.1912 -119.7347,
		 -9.8644 12.2385 -119.7347,
		 -9.7175 12.2875 -119.7347,
		 -9.5028 12.2385 -119.7347,
		 -9.8715 12.2361 -119.7347,
		 -9.8665 12.2378 -119.7347,
		 -9.8598 12.2361 -119.7347,
		 -9.4924 12.2361 -119.7347,
		 -9.8715 12.2361 -119.7347,
		 -9.5028 12.2385 -119.7347,
		 -9.8644 12.2385 -119.7347,
		 -15.9089 11.8130 -119.7347,
		 -15.5054 11.7591 -119.7347,
		 -16.0602 11.7591 -119.7347,
		 -15.5054 11.7591 -119.7347,
		 -15.5288 11.7070 -119.7347,
		 -16.2063 11.7070 -119.7347,
		 -16.0602 11.7591 -119.7347,
		 -16.9135 11.4550 -119.7347,
		 -16.2063 11.7070 -119.7347,
		 -15.5288 11.7070 -119.7347,
		 -16.2360 11.4550 -119.7347,
		 -17.0711 11.3988 -119.7347,
		 -16.8768 11.4550 -119.7347,
		 -17.0554 11.3988 -119.7347,
		 -16.2360 11.4550 -119.7347,
		 -16.3936 11.3988 -119.7347,
		 -16.8824 11.3988 -119.7347,
		 -16.4174 11.3904 -119.7347,
		 -16.9004 11.2182 -119.7347,
		 -16.8832 11.3904 -119.7347,
		 -17.0708 11.3940 -119.7347,
		 -17.0706 11.3988 -119.7347,
		 -17.0554 11.3988 -119.7347,
		 -16.3936 11.3988 -119.7347,
		 -16.8832 11.3904 -119.7347,
		 -16.8824 11.3988 -119.7347,
		 -15.2721 13.1055 -119.7347,
		 -15.1647 13.2017 -119.7347,
		 -14.9974 13.1055 -119.7347,
		 -15.3752 12.9156 -119.7347,
		 -14.9974 13.1055 -119.7347,
		 -14.6669 12.9156 -119.7347,
		 -14.5896 12.9156 -119.7347,
		 -15.0396 12.7228 -119.7347,
		 -15.3752 12.9156 -119.7347,
		 -14.5474 12.9337 -119.7347,
		 -18.5810 11.8734 -119.7347,
		 -18.0108 11.8734 -119.7347,
		 -17.8708 11.3217 -119.7347,
		 -18.0108 11.8734 -119.7347,
		 -17.3007 11.3217 -119.7347,
		 -17.8625 11.3153 -119.7347,
		 -17.3007 11.3217 -119.7347,
		 -17.3213 11.3153 -119.7347,
		 -17.8117 11.2758 -119.7347,
		 -17.3149 11.2758 -119.7347,
		 -17.5715 11.0892 -119.7347,
		 -17.8117 11.2758 -119.7347,
		 -17.3149 11.2758 -119.7347,
		 -17.2845 11.0892 -119.7347,
		 -17.5577 11.0785 -119.7347,
		 -17.2845 11.0892 -119.7347,
		 -17.2827 11.0785 -119.7347,
		 -17.2827 11.0785 -119.7347,
		 -17.4785 11.0170 -119.7347,
		 -17.5577 11.0785 -119.7347,
		 -17.3733 10.2375 -119.7347,
		 -17.2827 11.0785 -119.7347,
		 -17.1458 10.2375 -119.7347,
		 -17.1458 10.2375 -119.7347,
		 -17.2324 9.3722 -119.7347,
		 -17.3733 10.2375 -119.7347,
		 -15.5071 11.7553 -119.7347,
		 -15.4661 11.7553 -119.7347,
		 -15.5178 11.7315 -119.7347,
		 -15.4661 11.7553 -119.7347,
		 -15.4769 11.7315 -119.7347,
		 -15.0872 11.1375 -119.7347,
		 -14.3113 11.1375 -119.7347,
		 -14.1789 11.1375 -119.7347,
		 -15.0872 11.1375 -119.7347,
		 -13.8712 11.5700 -119.7347,
		 -13.4543 13.0994 -119.7347,
		 -11.4034 13.4103 -119.7347,
		 -9.5137 13.0994 -119.7347,
		 -13.8749 13.0357 -119.7347,
		 -10.0524 13.0994 -119.7347,
		 -10.1525 13.0357 -119.7347,
		 -14.4194 12.9531 -119.7347,
		 -10.1708 12.9531 -119.7347,
		 -9.3041 12.9737 -119.7347,
		 -9.2698 12.9531 -119.7347,
		 -9.8774 12.9531 -119.7347,
		 -9.8728 12.9737 -119.7347,
		 -9.4709 13.0738 -119.7347,
		 -9.9366 13.0738 -119.7347,
		 -9.5137 13.0994 -119.7347,
		 -14.5599 12.9284 -119.7347,
		 -14.5474 12.9337 -119.7347,
		 -10.1751 12.9337 -119.7347,
		 -10.1762 12.9284 -119.7347,
		 -14.5798 12.9198 -119.7347,
		 -12.0252 12.9284 -119.7347,
		 -12.0686 12.9198 -119.7347,
		 -10.1762 12.9284 -119.7347,
		 -10.1781 12.9198 -119.7347,
		 -11.9556 12.9198 -119.7347,
		 -14.8133 12.8198 -119.7347,
		 -12.0686 12.9198 -119.7347,
		 -12.5768 12.8198 -119.7347,
		 -10.1781 12.9198 -119.7347,
		 -10.1144 12.8198 -119.7347,
		 -11.1402 12.8198 -119.7347,
		 -11.9556 12.9198 -119.7347,
		 -14.8731 12.7941 -119.7347,
		 -12.5768 12.8198 -119.7347,
		 -12.7071 12.7941 -119.7347,
		 -10.0312 12.8014 -119.7347,
		 -9.9985 12.7941 -119.7347,
		 -10.9939 12.7941 -119.7347,
		 -10.9901 12.8014 -119.7347,
		 -10.1144 12.8198 -119.7347,
		 -11.1402 12.8198 -119.7347,
		 -14.9304 12.7696 -119.7347,
		 -14.8731 12.7941 -119.7347,
		 -12.7071 12.7941 -119.7347,
		 -12.8316 12.7696 -119.7347,
		 -15.2120 12.6489 -119.7347,
		 -11.8443 12.6489 -119.7347,
		 -9.9068 12.7941 -119.7347,
		 -10.4885 12.6489 -119.7347,
		 -11.0703 12.6489 -119.7347,
		 -10.9939 12.7941 -119.7347,
		 -9.6514 12.8579 -119.7347,
		 -9.8985 12.8579 -119.7347,
		 -9.3475 12.9337 -119.7347,
		 -9.8817 12.9337 -119.7347,
		 -14.5474 12.9337 -119.7347,
		 -14.4194 12.9531 -119.7347,
		 -10.1708 12.9531 -119.7347,
		 -10.1751 12.9337 -119.7347,
		 -9.3475 12.9337 -119.7347,
		 -9.8817 12.9337 -119.7347,
		 -9.8774 12.9531 -119.7347,
		 -15.3645 12.5836 -119.7347,
		 -15.2120 12.6489 -119.7347,
		 -11.8443 12.6489 -119.7347,
		 -11.3097 12.5836 -119.7347,
		 -11.3097 12.5836 -119.7347,
		 -15.3645 12.5836 -119.7347,
		 -10.4868 12.6489 -119.7347,
		 -11.0958 12.6004 -119.7347,
		 -11.0703 12.6489 -119.7347,
		 -10.3359 12.6870 -119.7347,
		 -9.5331 12.6870 -119.7347,
		 -10.4647 12.6548 -119.7347,
		 -9.9296 12.6870 -119.7347,
		 -10.3399 12.6548 -119.7347,
		 -10.3399 12.6548 -119.7347,
		 -10.4647 12.6548 -119.7347,
		 -9.5331 12.6870 -119.7347,
		 -9.8706 12.6735 -119.7347,
		 -10.6378 12.6315 -119.7347,
		 -9.6862 12.6315 -119.7347,
		 -11.0985 12.5954 -119.7347,
		 -10.6447 12.6309 -119.7347,
		 -10.6279 12.5954 -119.7347,
		 -11.5494 12.5600 -119.7347,
		 -11.2860 12.5807 -119.7347,
		 -11.1171 12.5600 -119.7347,
		 -10.6112 12.5600 -119.7347,
		 -10.5393 12.4076 -119.7347,
		 -13.4935 12.4076 -119.7347,
		 -11.5494 12.5600 -119.7347,
		 -10.6279 12.5954 -119.7347,
		 -11.0985 12.5954 -119.7347,
		 -15.6595 12.2378 -119.7347,
		 -9.8665 12.2378 -119.7347,
		 -9.8665 12.2378 -119.7347,
		 -15.6595 12.2378 -119.7347,
		 -9.6862 12.6315 -119.7347,
		 -9.8644 12.2385 -119.7347,
		 -10.6378 12.6315 -119.7347,
		 -16.5527 12.0639 -119.7347,
		 -15.3276 12.0639 -119.7347,
		 -16.6643 12.0118 -119.7347,
		 -15.3276 12.0639 -119.7347,
		 -15.3510 12.0118 -119.7347,
		 -15.3510 12.0118 -119.7347,
		 -16.2158 11.7036 -119.7347,
		 -17.0592 11.7036 -119.7347,
		 -16.6643 12.0118 -119.7347,
		 -16.2158 11.7036 -119.7347,
		 -17.0706 11.3990 -119.7347,
		 -17.0592 11.7036 -119.7347,
		 -17.3937 11.3940 -119.7347,
		 -17.0708 11.3940 -119.7347,
		 -17.3007 11.3217 -119.7347,
		 -17.0708 11.3940 -119.7347,
		 -10.1563 13.0186 -119.7347,
		 -9.9014 13.0186 -119.7347,
		 -10.1595 13.0039 -119.7347,
		 -10.0165 13.0186 -119.7347,
		 -10.0699 13.0039 -119.7347,
		 -10.1702 12.9557 -119.7347,
		 -10.0973 12.9557 -119.7347,
		 -10.1670 12.9023 -119.7347,
		 -10.0826 12.9023 -119.7347,
		 -10.1495 12.8749 -119.7347,
		 -10.0345 12.8749 -119.7347,
		 -9.8947 12.8749 -119.7347,
		 -10.1495 12.8749 -119.7347,
		 -9.8914 12.8896 -119.7347,
		 -9.9810 12.8896 -119.7347,
		 -9.8808 12.9378 -119.7347,
		 -9.9536 12.9378 -119.7347,
		 -9.8840 12.9912 -119.7347,
		 -9.9683 12.9912 -119.7347,
		 -9.9014 13.0186 -119.7347,
		 -10.6472 12.6363 -119.7347,
		 -12.0872 14.8699 -119.7347,
		 -12.9130 15.3916 -119.7347,
		 -13.7960 14.8699 -119.7347,
		 -12.0872 14.8699 -119.7347,
		 -13.8826 14.8162 -119.7347,
		 -13.7325 14.6296 -119.7347,
		 -14.1841 14.6296 -119.7347,
		 -13.7891 14.5789 -119.7347,
		 -14.2659 14.5790 -119.7347,
		 -14.2660 14.5789 -119.7347,
		 -13.7893 14.5788 -119.7347,
		 -13.7891 14.5789 -119.7347,
		 -14.2662 14.5788 -119.7347,
		 -11.6264 14.5788 -119.7347,
		 -11.6448 14.5788 -119.7347,
		 -13.7936 14.5750 -119.7347,
		 -13.7893 14.5788 -119.7347,
		 -14.2662 14.5788 -119.7347,
		 -14.2724 14.5750 -119.7347,
		 -11.6448 14.5788 -119.7347,
		 -11.6426 14.5750 -119.7347,
		 -11.6204 14.5750 -119.7347,
		 -11.6264 14.5788 -119.7347,
		 -13.8645 14.5115 -119.7347,
		 -13.7936 14.5750 -119.7347,
		 -14.3750 14.5115 -119.7347,
		 -15.1508 13.3597 -119.7347,
		 -13.8645 14.5115 -119.7347,
		 -16.2355 13.3597 -119.7347,
		 -11.3451 13.6269 -119.7347,
		 -9.7767 13.4103 -119.7347,
		 -10.1196 13.6269 -119.7347,
		 -9.9475 13.3597 -119.7347,
		 -9.6966 13.3597 -119.7347,
		 -9.7767 13.4103 -119.7347,
		 -11.3451 13.6269 -119.7347,
		 -10.6021 13.9317 -119.7347,
		 -11.6426 14.5750 -119.7347,
		 -11.6204 14.5750 -119.7347,
		 -15.2079 13.3086 -119.7347,
		 -16.3180 13.3086 -119.7347,
		 -16.3988 13.2586 -119.7347,
		 -15.1647 13.2017 -119.7347,
		 -16.4908 13.2017 -119.7347,
		 -16.4908 13.2017 -119.7347,
		 -16.6461 13.1055 -119.7347,
		 -15.2721 13.1055 -119.7347,
		 -15.1647 13.2017 -119.7347,
		 -9.8624 13.3086 -119.7347,
		 -9.5238 13.1055 -119.7347,
		 -9.2943 13.1055 -119.7347,
		 -9.6158 13.3086 -119.7347,
		 -15.2721 13.1055 -119.7347,
		 -16.8912 12.9538 -119.7347,
		 -15.1752 12.8007 -119.7347,
		 -17.1384 12.8007 -119.7347,
		 -15.0396 12.7228 -119.7347,
		 -15.1752 12.8007 -119.7347,
		 -17.2643 12.7228 -119.7347,
		 -15.3008 12.6108 -119.7347,
		 -15.0396 12.7228 -119.7347,
		 -17.4452 12.6108 -119.7347,
		 -16.1661 12.2400 -119.7347,
		 -15.3008 12.6108 -119.7347,
		 -17.4452 12.6108 -119.7347,
		 -18.0442 12.2400 -119.7347,
		 -17.8614 12.1912 -119.7347,
		 -16.2800 12.1912 -119.7347,
		 -16.2196 12.2171 -119.7347,
		 -18.0442 12.2400 -119.7347,
		 -16.1661 12.2400 -119.7347,
		 -17.8614 12.1912 -119.7347,
		 -17.7572 12.1436 -119.7347,
		 -16.3820 12.1436 -119.7347,
		 -15.9241 12.1436 -119.7347,
		 -15.8577 12.1436 -119.7347,
		 -17.7572 12.1436 -119.7347,
		 -17.7505 12.1405 -119.7347,
		 -16.3885 12.1405 -119.7347,
		 -16.3820 12.1436 -119.7347,
		 -15.9241 12.1436 -119.7347,
		 -15.9012 12.1405 -119.7347,
		 -15.8648 12.1405 -119.7347,
		 -15.8577 12.1436 -119.7347,
		 -15.6329 12.2399 -119.7347,
		 -15.6262 12.2428 -119.7347,
		 -15.6627 12.2399 -119.7347,
		 -16.2546 12.1912 -119.7347,
		 -15.6329 12.2399 -119.7347,
		 -9.4471 12.1405 -119.7347,
		 -7.7668 12.1405 -119.7347,
		 -7.8469 12.1912 -119.7347,
		 -9.7175 12.2875 -119.7347,
		 -7.9994 12.2875 -119.7347,
		 -9.5493 12.3436 -119.7347,
		 -9.7175 12.2875 -119.7347,
		 -8.0882 12.3436 -119.7347,
		 -9.5474 12.3442 -119.7347,
		 -9.5493 12.3436 -119.7347,
		 -8.0892 12.3442 -119.7347,
		 -8.1692 12.3948 -119.7347,
		 -8.2420 12.4407 -119.7347,
		 -9.3957 12.3948 -119.7347,
		 -9.3957 12.3948 -119.7347,
		 -9.4763 12.3679 -119.7347,
		 -8.1267 12.3679 -119.7347,
		 -8.1692 12.3948 -119.7347,
		 -9.4763 12.3679 -119.7347,
		 -9.5474 12.3442 -119.7347,
		 -8.1267 12.3679 -119.7347,
		 -8.4806 12.5915 -119.7347,
		 -8.5706 12.6483 -119.7347,
		 -9.5134 12.6878 -119.7347,
		 -8.6330 12.6878 -119.7347,
		 -9.5134 12.6878 -119.7347,
		 -8.6853 12.7208 -119.7347,
		 -9.0308 12.9391 -119.7347,
		 -9.0531 12.9531 -119.7347,
		 -9.5238 13.1055 -119.7347,
		 -9.2943 13.1055 -119.7347,
		 -18.1473 11.9794 -119.7347,
		 -18.2882 12.0889 -119.7347,
		 -18.4651 11.9794 -119.7347,
		 -17.6388 12.0896 -119.7347,
		 -17.3976 11.9794 -119.7347,
		 -16.7337 11.9794 -119.7347,
		 -16.4977 12.0896 -119.7347,
		 -18.5976 11.8864 -119.7347,
		 -18.6055 11.8925 -119.7347,
		 -18.6154 11.8864 -119.7347,
		 -18.0275 11.8864 -119.7347,
		 -18.0609 11.9123 -119.7347,
		 -18.0392 11.8864 -119.7347,
		 -17.2505 11.9123 -119.7347,
		 -17.1938 11.8864 -119.7347,
		 -16.9329 11.8864 -119.7347,
		 -16.8774 11.9123 -119.7347,
		 -18.0609 11.9123 -119.7347,
		 -18.1473 11.9794 -119.7347,
		 -18.4651 11.9794 -119.7347,
		 -17.3976 11.9794 -119.7347,
		 -17.2505 11.9123 -119.7347,
		 -16.8774 11.9123 -119.7347,
		 -16.7337 11.9794 -119.7347,
		 -18.1384 11.5296 -119.7347,
		 -18.5976 11.8864 -119.7347,
		 -18.6154 11.8864 -119.7347,
		 -19.1917 11.5296 -119.7347,
		 -18.0275 11.8864 -119.7347,
		 -18.0392 11.8864 -119.7347,
		 -18.0108 11.8734 -119.7347,
		 -17.1938 11.8864 -119.7347,
		 -17.0799 11.8344 -119.7347,
		 -16.9329 11.8864 -119.7347,
		 -17.0592 11.7036 -119.7347,
		 -17.0456 11.8229 -119.7347,
		 -17.0799 11.8344 -119.7347,
		 -18.0098 11.4297 -119.7347,
		 -18.1384 11.5296 -119.7347,
		 -19.3531 11.4297 -119.7347,
		 -15.6533 11.4297 -119.7347,
		 -15.5288 11.7070 -119.7347,
		 -16.3071 11.4297 -119.7347,
		 -13.8816 11.4297 -119.7347,
		 -13.7032 11.5562 -119.7347,
		 -13.8712 11.5700 -119.7347,
		 -13.8180 11.5700 -119.7347,
		 -13.8712 11.5700 -119.7347,
		 -13.8654 11.5757 -119.7347,
		 -15.4610 11.7669 -119.7347,
		 -15.8457 11.8130 -119.7347,
		 -15.9089 11.8130 -119.7347,
		 -15.5639 11.7669 -119.7347,
		 -15.4641 11.7599 -119.7347,
		 -15.4610 11.7669 -119.7347,
		 -15.5111 11.7599 -119.7347,
		 -15.9089 11.8130 -119.7347,
		 -15.8930 11.8187 -119.7347,
		 -15.5054 11.7591 -119.7347,
		 -15.4641 11.7599 -119.7347,
		 -15.4661 11.7553 -119.7347,
		 -17.5668 11.0856 -119.7347,
		 -18.0098 11.4297 -119.7347,
		 -19.3531 11.4297 -119.7347,
		 -19.9090 11.0856 -119.7347,
		 -17.4785 11.0170 -119.7347,
		 -17.5668 11.0856 -119.7347,
		 -19.9090 11.0856 -119.7347,
		 -20.0198 11.0170 -119.7347,
		 -17.4785 11.0170 -119.7347,
		 -20.0303 11.0105 -119.7347,
		 -17.4846 10.9215 -119.7347,
		 -20.1741 10.9215 -119.7347,
		 -16.9137 11.0856 -119.7347,
		 -16.9301 10.9215 -119.7347,
		 -14.6631 10.9215 -119.7347,
		 -14.9852 11.0856 -119.7347,
		 -14.2318 11.0856 -119.7347,
		 -14.3988 10.9215 -119.7347,
		 -5.8370 10.9215 -119.7347,
		 -6.0968 11.0856 -119.7347,
		 -15.6533 11.4297 -119.7347,
		 -16.3071 11.4297 -119.7347,
		 -16.3155 11.4267 -119.7347,
		 -15.2456 11.2182 -119.7347,
		 -16.9004 11.2182 -119.7347,
		 -16.9004 11.2182 -119.7347,
		 -16.9068 11.1543 -119.7347,
		 -15.1202 11.1543 -119.7347,
		 -15.2456 11.2182 -119.7347,
		 -16.9068 11.1543 -119.7347,
		 -16.9072 11.1503 -119.7347,
		 -15.1121 11.1502 -119.7347,
		 -15.1202 11.1543 -119.7347,
		 -13.8816 11.4297 -119.7347,
		 -14.1660 11.1502 -119.7347,
		 -6.1992 11.1502 -119.7347,
		 -6.6415 11.4297 -119.7347,
		 -16.9072 11.1502 -119.7347,
		 -16.9128 11.0942 -119.7347,
		 -15.0022 11.0942 -119.7347,
		 -15.1121 11.1502 -119.7347,
		 -14.1660 11.1502 -119.7347,
		 -14.2230 11.0942 -119.7347,
		 -6.1105 11.0942 -119.7347,
		 -6.1992 11.1502 -119.7347,
		 -16.9128 11.0942 -119.7347,
		 -16.9137 11.0856 -119.7347,
		 -14.9852 11.0856 -119.7347,
		 -15.0022 11.0942 -119.7347,
		 -14.2230 11.0942 -119.7347,
		 -14.2318 11.0856 -119.7347,
		 -6.1105 11.0942 -119.7347,
		 -10.2096 11.8864 -119.7347,
		 -7.3645 11.8864 -119.7347,
		 -14.7976 12.0165 -119.7347,
		 -14.8023 12.0171 -119.7347,
		 -14.8093 12.0165 -119.7347,
		 -14.8600 12.0116 -119.7347,
		 -14.7976 12.0165 -119.7347,
		 -14.8093 12.0165 -119.7347,
		 -14.8713 12.0116 -119.7347,
		 -15.3690 11.9717 -119.7347,
		 -15.3687 11.9724 -119.7347,
		 -15.3767 11.9717 -119.7347,
		 -15.3767 11.9717 -119.7347,
		 -15.4881 11.9629 -119.7347,
		 -15.4812 11.9629 -119.7347,
		 -15.3690 11.9717 -119.7347,
		 -14.8713 12.0116 -119.7347,
		 -14.8667 12.0111 -119.7347,
		 -14.8600 12.0116 -119.7347,
		 -15.4881 11.9629 -119.7347,
		 -15.4901 11.9623 -119.7347,
		 -15.4812 11.9629 -119.7347,
		 -9.6001 12.0896 -119.7347,
		 -7.6861 12.0896 -119.7347,
		 -17.4722 10.8455 -119.7347,
		 -17.4763 10.8707 -119.7347,
		 -20.2561 10.8707 -119.7347,
		 -20.2969 10.8455 -119.7347,
		 -17.3440 10.0578 -119.7347,
		 -17.4722 10.8455 -119.7347,
		 -20.2969 10.8455 -119.7347,
		 -21.5692 10.0578 -119.7347,
		 -16.9377 10.8455 -119.7347,
		 -16.9390 10.8328 -119.7347,
		 -14.5140 10.8455 -119.7347,
		 -17.1166 10.0578 -119.7347,
		 -17.1458 10.2375 -119.7347,
		 -17.1638 10.0578 -119.7347,
		 -16.9390 10.8328 -119.7347,
		 -17.0165 10.0578 -119.7347,
		 -4.4699 10.0578 -119.7347,
		 -5.6966 10.8328 -119.7347,
		 -14.4761 10.8455 -119.7347,
		 -5.7167 10.8455 -119.7347,
		 -16.9352 10.8707 -119.7347,
		 -16.9377 10.8455 -119.7347,
		 -14.5140 10.8455 -119.7347,
		 -14.5635 10.8707 -119.7347,
		 -14.4505 10.8707 -119.7347,
		 -14.4761 10.8455 -119.7347,
		 -5.7567 10.8707 -119.7347,
		 -21.5692 10.0578 -119.7347,
		 -4.4699 10.0578 -119.7347,
		 -4.4699 10.0578 -119.7347,
		 -12.9454 15.4120 -119.7347,
		 -12.2400 17.2444 -119.7347,
		 -12.2426 17.2444 -119.7347,
		 -8.5275 14.8798 -119.7347,
		 -9.3632 15.4120 -119.7347,
		 -12.9454 15.4120 -119.7347,
		 -12.1028 14.8798 -119.7347,
		 -12.0872 14.8699 -119.7347,
		 -11.6748 14.6296 -119.7347,
		 -8.1348 14.6296 -119.7347,
		 -8.5275 14.8798 -119.7347,
		 -8.0546 14.5785 -119.7347,
		 -11.6264 14.5788 -119.7347,
		 -11.6260 14.5785 -119.7347,
		 -6.1410 13.3597 -119.7347,
		 -8.0546 14.5785 -119.7347,
		 -11.6260 14.5785 -119.7347,
		 -9.6966 13.3597 -119.7347,
		 -5.4806 12.9391 -119.7347,
		 -6.0608 13.3086 -119.7347,
		 -9.6158 13.3086 -119.7347,
		 -9.0308 12.9391 -119.7347,
		 -8.6853 12.7208 -119.7347,
		 -8.4806 12.5915 -119.7347,
		 -4.9349 12.5915 -119.7347,
		 -5.1379 12.7208 -119.7347,
		 -8.6853 12.7208 -119.7347,
		 -5.2634 12.8007 -119.7347,
		 -9.0308 12.9391 -119.7347,
		 -5.4806 12.9391 -119.7347,
		 -8.2420 12.4407 -119.7347,
		 -7.7668 12.1405 -119.7347,
		 -4.2269 12.1405 -119.7347,
		 -4.6982 12.4407 -119.7347,
		 -8.2420 12.4407 -119.7347,
		 -4.7849 12.4960 -119.7347,
		 -8.4806 12.5915 -119.7347,
		 -4.9349 12.5915 -119.7347,
		 -2.3129 10.9215 -119.7347,
		 -4.1469 12.0896 -119.7347,
		 -7.6861 12.0896 -119.7347,
		 -5.8370 10.9215 -119.7347,
		 -5.7567 10.8707 -119.7347,
		 -4.4699 10.0578 -119.7347,
		 -0.9570 10.0578 -119.7347,
		 -2.2332 10.8707 -119.7347,
		 -2.3129 10.9215 -119.7347,
		 -4.2269 12.1405 -119.7347,
		 -6.1410 13.3597 -119.7347,
		 -8.1011 14.6082 -119.7347,
		 -8.1348 14.6296 -119.7347,
		 -10.1287 15.8996 -119.7347,
		 -12.2400 17.2444 -119.7347,
		 -12.2426 17.2444 -119.7347,
		 -12.7584 15.8996 -119.7347,
		 -12.7780 15.8484 -119.7347,
		 -12.9454 15.4120 -119.7347,
		 -10.0483 15.8484 -119.7347,
		 -10.1287 15.8996 -119.7347,
		 -12.7584 15.8996 -119.7347,
		 -14.3380 15.8996 -119.7347,
		 -14.3967 15.8619 -119.7347,
		 -14.1841 14.6296 -119.7347,
		 -12.7780 15.8484 -119.7347,
		 -14.4177 15.8484 -119.7347,
		 -16.3153 14.6296 -119.7347,
		 -16.3254 14.6231 -119.7347,
		 -14.2659 14.5790 -119.7347,
		 -16.3939 14.5791 -119.7347,
		 -16.3942 14.5790 -119.7347,
		 -16.2355 13.3597 -119.7347,
		 -14.2659 14.5790 -119.7347,
		 -16.3942 14.5790 -119.7347,
		 -18.2925 13.3597 -119.7347,
		 -18.3483 13.3239 -119.7347,
		 -17.8760 12.3441 -119.7347,
		 -16.3180 13.3086 -119.7347,
		 -18.3720 13.3086 -119.7347,
		 -19.8737 12.3441 -119.7347,
		 -18.3547 12.1405 -119.7347,
		 -20.1907 12.1405 -119.7347,
		 -18.0442 12.2400 -119.7347,
		 -17.8760 12.3441 -119.7347,
		 -20.2701 12.0896 -119.7347,
		 -18.2882 12.0889 -119.7347,
		 -18.2890 12.0896 -119.7347,
		 -20.2701 12.0896 -119.7347,
		 -20.2711 12.0889 -119.7347,
		 -20.2711 12.0889 -119.7347,
		 -20.3483 12.0393 -119.7347,
		 -18.3683 12.0393 -119.7347,
		 -18.2882 12.0889 -119.7347,
		 -18.6055 11.8925 -119.7347,
		 -20.5769 11.8925 -119.7347,
		 -20.5769 11.8925 -119.7347,
		 -22.0888 10.9215 -119.7347,
		 -20.1741 10.9215 -119.7347,
		 -18.6055 11.8925 -119.7347,
		 -18.4651 11.9794 -119.7347,
		 -18.3683 12.0393 -119.7347,
		 -22.1679 10.8707 -119.7347,
		 -22.1679 10.8707 -119.7347,
		 -23.4335 10.0578 -119.7347,
		 -21.5692 10.0578 -119.7347,
		 -20.2561 10.8707 -119.7347,
		 -23.3159 10.0578 -119.7347,
		 -23.4335 10.0578 -119.7347,
		 -21.5692 10.0578 -119.7347,
		 -21.5692 10.0578 -119.7347,
		 -17.3440 10.0578 -119.7347,
		 -23.3158 10.0578 -119.7347,
		 -17.3440 10.0578 -119.7347,
		 -23.3159 10.0578 -119.7347,
		 -17.2448 9.4482 -119.7347,
		 -17.3440 10.0578 -119.7347,
		 -22.0967 10.0578 -119.7347,
		 -17.1166 10.0578 -119.7347,
		 -17.1638 10.0578 -119.7347,
		 -17.2019 9.6770 -119.7347,
		 -17.2019 9.6770 -119.7347,
		 -17.2248 9.4482 -119.7347,
		 -3.2385 9.6770 -119.7347,
		 -17.0165 10.0578 -119.7347,
		 -3.4784 10.0578 -119.7347,
		 -13.7325 14.6296 -119.7347,
		 -13.7891 14.5789 -119.7347,
		 -11.6448 14.5788 -119.7347,
		 -7.9259 14.5788 -119.7347,
		 -11.6748 14.6296 -119.7347,
		 -11.6448 14.5788 -119.7347,
		 -15.2079 13.3086 -119.7347,
		 -15.1508 13.3597 -119.7347,
		 -9.9475 13.3597 -119.7347,
		 -9.8624 13.3086 -119.7347,
		 -6.0956 13.3086 -119.7347,
		 -18.2890 12.0896 -119.7347,
		 -18.3547 12.1405 -119.7347,
		 -17.7505 12.1405 -119.7347,
		 -17.6388 12.0896 -119.7347,
		 -16.4977 12.0896 -119.7347,
		 -16.3885 12.1405 -119.7347,
		 -15.9012 12.1405 -119.7347,
		 -15.8735 12.1368 -119.7347,
		 -15.8648 12.1405 -119.7347,
		 -9.4471 12.1405 -119.7347,
		 -9.6001 12.0896 -119.7347,
		 -4.4193 12.0896 -119.7347,
		 -17.4763 10.8707 -119.7347,
		 -17.4846 10.9215 -119.7347,
		 -16.9301 10.9215 -119.7347,
		 -16.9352 10.8707 -119.7347,
		 -14.5635 10.8707 -119.7347,
		 -14.6631 10.9215 -119.7347,
		 -14.3988 10.9215 -119.7347,
		 -14.4505 10.8707 -119.7347,
		 -2.4890 10.8707 -119.7347,
		 -10.4225 12.6483 -119.7347,
		 -10.4144 12.6490 -119.7347,
		 -10.4865 12.6490 -119.7347,
		 -9.7630 12.6490 -119.7347,
		 -9.7602 12.6483 -119.7347,
		 -9.4487 12.6490 -119.7347,
		 -9.4896 12.6735 -119.7347,
		 -9.5134 12.6878 -119.7347,
		 -9.8706 12.6735 -119.7347,
		 -10.4144 12.6490 -119.7347,
		 -10.3399 12.6548 -119.7347,
		 -10.4865 12.6490 -119.7347,
		 -9.8706 12.6735 -119.7347,
		 -9.7630 12.6490 -119.7347,
		 -9.4896 12.6735 -119.7347,
		 -11.0337 12.6004 -119.7347,
		 -10.6701 12.6289 -119.7347,
		 -10.7348 12.6289 -119.7347,
		 -11.0958 12.6004 -119.7347,
		 -11.2860 12.5807 -119.7347,
		 -11.3097 12.5836 -119.7347,
		 -11.3464 12.5807 -119.7347,
		 -11.3464 12.5807 -119.7347,
		 -14.3428 12.3441 -119.7347,
		 -14.3036 12.3441 -119.7347,
		 -11.2860 12.5807 -119.7347,
		 -11.0958 12.6004 -119.7347,
		 -11.0985 12.5954 -119.7347,
		 -11.0337 12.6004 -119.7347,
		 -9.6751 12.6289 -119.7347,
		 -9.5969 12.6111 -119.7347,
		 -9.5253 12.6289 -119.7347,
		 -10.5812 12.6359 -119.7347,
		 -10.4227 12.6483 -119.7347,
		 -10.4891 12.6483 -119.7347,
		 -10.6465 12.6359 -119.7347,
		 -10.6447 12.6309 -119.7347,
		 -10.6470 12.6359 -119.7347,
		 -10.7096 12.6309 -119.7347,
		 -10.7096 12.6309 -119.7347,
		 -10.7348 12.6289 -119.7347,
		 -10.6701 12.6289 -119.7347,
		 -10.6447 12.6309 -119.7347,
		 -10.6465 12.6359 -119.7347,
		 -10.6378 12.6315 -119.7347,
		 -10.5812 12.6359 -119.7347,
		 -9.7602 12.6483 -119.7347,
		 -9.6751 12.6289 -119.7347,
		 -15.5962 12.2428 -119.7347,
		 -15.6262 12.2428 -119.7347,
		 -15.6329 12.2399 -119.7347,
		 -15.8013 12.1368 -119.7347,
		 -15.8577 12.1436 -119.7347,
		 -15.8735 12.1368 -119.7347,
		 -15.2181 12.0520 -119.7347,
		 -14.9181 12.0171 -119.7347,
		 -14.8023 12.0171 -119.7347,
		 -15.0931 12.0520 -119.7347,
		 -15.1990 12.0646 -119.7347,
		 -15.8013 12.1368 -119.7347,
		 -15.8735 12.1368 -119.7347,
		 -15.3333 12.0646 -119.7347,
		 -15.3276 12.0639 -119.7347,
		 -15.2181 12.0520 -119.7347,
		 -15.1990 12.0646 -119.7347,
		 -15.3687 11.9724 -119.7347,
		 -15.3510 12.0118 -119.7347,
		 -15.4617 11.9724 -119.7347,
		 -15.4617 11.9724 -119.7347,
		 -15.4881 11.9629 -119.7347,
		 -15.3687 11.9724 -119.7347,
		 -14.9181 12.0171 -119.7347,
		 -14.8713 12.0116 -119.7347,
		 -14.8023 12.0171 -119.7347,
		 -15.5962 12.2428 -119.7347,
		 -14.3036 12.3441 -119.7347,
		 -14.3428 12.3441 -119.7347,
		 -15.6262 12.2428 -119.7347,
		 -8.8144 12.6111 -119.7347,
		 -9.5969 12.6111 -119.7347,
		 -9.3957 12.3948 -119.7347,
		 -9.5969 12.6111 -119.7347,
		 -8.8144 12.6111 -119.7347,
		 -14.7524 12.0111 -119.7347,
		 -14.7976 12.0165 -119.7347,
		 -14.8667 12.0111 -119.7347,
		 -15.3733 11.9623 -119.7347,
		 -15.3690 11.9717 -119.7347,
		 -15.4901 11.9623 -119.7347,
		 -14.8667 12.0111 -119.7347,
		 -14.4463 11.9623 -119.7347,
		 -14.3448 11.9623 -119.7347,
		 -14.7524 12.0111 -119.7347,
		 -15.4377 11.8187 -119.7347,
		 -15.8930 11.8187 -119.7347,
		 -15.4610 11.7669 -119.7347,
		 -13.6181 11.8187 -119.7347,
		 -13.7038 11.7345 -119.7347,
		 -13.1470 11.8187 -119.7347,
		 -15.4377 11.8187 -119.7347,
		 -15.3733 11.9623 -119.7347,
		 -15.4901 11.9623 -119.7347,
		 -15.8930 11.8187 -119.7347,
		 -13.6181 11.8187 -119.7347,
		 -13.5000 11.8610 -119.7347,
		 -14.4463 11.9623 -119.7347,
		 -14.3448 11.9623 -119.7347,
		 -13.8654 11.5757 -119.7347,
		 -11.8683 11.5757 -119.7347,
		 -13.7038 11.7345 -119.7347,
		 -13.8654 11.5757 -119.7347,
		 -11.0206 11.7345 -119.7347,
		 -9.5028 12.2385 -119.7347,
		 -9.7175 12.2875 -119.7347,
		 -9.8644 12.2385 -119.7347,
		 -9.8665 12.2378 -119.7347,
		 -9.8715 12.2361 -119.7347,
		 -9.8715 12.2361 -119.7347,
		 -9.4924 12.2361 -119.7347,
		 -9.8644 12.2385 -119.7347,
		 -9.5028 12.2385 -119.7347,
		 -16.0602 11.7591 -119.7347,
		 -15.5054 11.7591 -119.7347,
		 -15.9089 11.8130 -119.7347,
		 -16.0602 11.7591 -119.7347,
		 -16.2063 11.7070 -119.7347,
		 -15.5288 11.7070 -119.7347,
		 -15.5054 11.7591 -119.7347,
		 -16.2360 11.4550 -119.7347,
		 -15.5288 11.7070 -119.7347,
		 -16.2063 11.7070 -119.7347,
		 -16.9135 11.4550 -119.7347,
		 -17.0554 11.3988 -119.7347,
		 -17.0711 11.3988 -119.7347,
		 -16.8824 11.3988 -119.7347,
		 -16.3936 11.3988 -119.7347,
		 -16.2360 11.4550 -119.7347,
		 -16.8832 11.3904 -119.7347,
		 -16.9004 11.2182 -119.7347,
		 -16.4174 11.3904 -119.7347,
		 -17.0554 11.3988 -119.7347,
		 -17.0706 11.3988 -119.7347,
		 -17.0708 11.3940 -119.7347,
		 -16.8824 11.3988 -119.7347,
		 -16.8832 11.3904 -119.7347,
		 -16.3936 11.3988 -119.7347,
		 -14.9974 13.1055 -119.7347,
		 -15.1647 13.2017 -119.7347,
		 -15.2721 13.1055 -119.7347,
		 -14.9974 13.1055 -119.7347,
		 -15.3752 12.9156 -119.7347,
		 -15.3752 12.9156 -119.7347,
		 -15.0396 12.7228 -119.7347,
		 -14.5896 12.9156 -119.7347,
		 -14.5474 12.9337 -119.7347,
		 -18.0108 11.8734 -119.7347,
		 -18.5810 11.8734 -119.7347,
		 -17.3007 11.3217 -119.7347,
		 -18.0108 11.8734 -119.7347,
		 -17.8708 11.3217 -119.7347,
		 -17.3007 11.3217 -119.7347,
		 -17.8625 11.3153 -119.7347,
		 -17.3149 11.2758 -119.7347,
		 -17.8117 11.2758 -119.7347,
		 -17.2845 11.0892 -119.7347,
		 -17.3149 11.2758 -119.7347,
		 -17.8117 11.2758 -119.7347,
		 -17.5715 11.0892 -119.7347,
		 -17.2827 11.0785 -119.7347,
		 -17.2845 11.0892 -119.7347,
		 -17.5577 11.0785 -119.7347,
		 -17.5577 11.0785 -119.7347,
		 -17.4785 11.0170 -119.7347,
		 -17.2827 11.0785 -119.7347,
		 -17.1458 10.2375 -119.7347,
		 -17.2827 11.0785 -119.7347,
		 -17.3733 10.2375 -119.7347,
		 -17.3733 10.2375 -119.7347,
		 -17.1458 10.2375 -119.7347,
		 -15.4661 11.7553 -119.7347,
		 -15.5071 11.7553 -119.7347,
		 -15.4661 11.7553 -119.7347,
		 -15.5178 11.7315 -119.7347,
		 -15.0872 11.1375 -119.7347,
		 -15.0872 11.1375 -119.7347,
		 -14.1789 11.1375 -119.7347,
		 -13.8712 11.5700 -119.7347,
		 -9.5137 13.0994 -119.7347,
		 -11.4034 13.4103 -119.7347,
		 -13.4543 13.0994 -119.7347,
		 -13.8749 13.0357 -119.7347,
		 -10.1708 12.9531 -119.7347,
		 -14.4194 12.9531 -119.7347,
		 -9.8774 12.9531 -119.7347,
		 -9.2698 12.9531 -119.7347,
		 -9.3041 12.9737 -119.7347,
		 -9.4709 13.0738 -119.7347,
		 -9.5137 13.0994 -119.7347,
		 -10.1762 12.9284 -119.7347,
		 -10.1751 12.9337 -119.7347,
		 -14.5474 12.9337 -119.7347,
		 -14.5599 12.9284 -119.7347,
		 -12.0686 12.9198 -119.7347,
		 -14.5798 12.9198 -119.7347,
		 -11.9556 12.9198 -119.7347,
		 -10.1781 12.9198 -119.7347,
		 -10.1762 12.9284 -119.7347,
		 -12.5768 12.8198 -119.7347,
		 -12.0686 12.9198 -119.7347,
		 -14.8133 12.8198 -119.7347,
		 -11.9556 12.9198 -119.7347,
		 -11.1402 12.8198 -119.7347,
		 -10.1144 12.8198 -119.7347,
		 -12.7071 12.7941 -119.7347,
		 -12.5768 12.8198 -119.7347,
		 -14.8731 12.7941 -119.7347,
		 -10.9939 12.7941 -119.7347,
		 -10.0312 12.8014 -119.7347,
		 -11.1402 12.8198 -119.7347,
		 -12.7071 12.7941 -119.7347,
		 -14.8731 12.7941 -119.7347,
		 -14.9304 12.7696 -119.7347,
		 -11.8443 12.6489 -119.7347,
		 -15.2120 12.6489 -119.7347,
		 -10.9939 12.7941 -119.7347,
		 -11.0703 12.6489 -119.7347,
		 -9.9068 12.7941 -119.7347,
		 -9.6514 12.8579 -119.7347,
		 -9.8817 12.9337 -119.7347,
		 -9.3475 12.9337 -119.7347,
		 -10.1751 12.9337 -119.7347,
		 -10.1708 12.9531 -119.7347,
		 -14.4194 12.9531 -119.7347,
		 -14.5474 12.9337 -119.7347,
		 -9.8774 12.9531 -119.7347,
		 -9.8817 12.9337 -119.7347,
		 -9.3475 12.9337 -119.7347,
		 -11.3097 12.5836 -119.7347,
		 -11.8443 12.6489 -119.7347,
		 -15.2120 12.6489 -119.7347,
		 -15.3645 12.5836 -119.7347,
		 -15.3645 12.5836 -119.7347,
		 -11.3097 12.5836 -119.7347,
		 -11.0703 12.6489 -119.7347,
		 -11.0958 12.6004 -119.7347,
		 -10.4868 12.6489 -119.7347,
		 -9.5331 12.6870 -119.7347,
		 -10.3359 12.6870 -119.7347,
		 -10.3399 12.6548 -119.7347,
		 -10.4647 12.6548 -119.7347,
		 -10.4647 12.6548 -119.7347,
		 -10.3399 12.6548 -119.7347,
		 -9.8706 12.6735 -119.7347,
		 -9.5331 12.6870 -119.7347,
		 -9.6862 12.6315 -119.7347,
		 -10.6378 12.6315 -119.7347,
		 -10.6279 12.5954 -119.7347,
		 -10.6447 12.6309 -119.7347,
		 -11.0985 12.5954 -119.7347,
		 -11.2860 12.5807 -119.7347,
		 -11.5494 12.5600 -119.7347,
		 -11.5494 12.5600 -119.7347,
		 -13.4935 12.4076 -119.7347,
		 -10.6112 12.5600 -119.7347,
		 -11.0985 12.5954 -119.7347,
		 -10.6279 12.5954 -119.7347,
		 -9.8665 12.2378 -119.7347,
		 -15.6595 12.2378 -119.7347,
		 -15.6595 12.2378 -119.7347,
		 -9.8665 12.2378 -119.7347,
		 -10.6378 12.6315 -119.7347,
		 -9.8644 12.2385 -119.7347,
		 -9.6862 12.6315 -119.7347,
		 -15.3276 12.0639 -119.7347,
		 -16.5527 12.0639 -119.7347,
		 -15.3510 12.0118 -119.7347,
		 -15.3276 12.0639 -119.7347,
		 -16.6643 12.0118 -119.7347,
		 -16.6643 12.0118 -119.7347,
		 -17.0592 11.7036 -119.7347,
		 -16.2158 11.7036 -119.7347,
		 -15.3510 12.0118 -119.7347,
		 -17.0592 11.7036 -119.7347,
		 -17.0706 11.3990 -119.7347,
		 -16.2158 11.7036 -119.7347,
		 -17.0708 11.3940 -119.7347,
		 -17.3937 11.3940 -119.7347,
		 -17.0708 11.3940 -119.7347,
		 -17.3007 11.3217 -119.7347,
		 -9.9014 13.0186 -119.7347,
		 -10.1563 13.0186 -119.7347,
		 -10.1595 13.0039 -119.7347,
		 -10.1702 12.9557 -119.7347,
		 -10.1670 12.9023 -119.7347,
		 -10.1495 12.8749 -119.7347,
		 -10.1495 12.8749 -119.7347,
		 -9.8947 12.8749 -119.7347,
		 -9.8914 12.8896 -119.7347,
		 -9.8808 12.9378 -119.7347,
		 -9.8840 12.9912 -119.7347,
		 -9.9014 13.0186 -119.7347
		]
	} #Coordinate3
	Material {
		ambientColor      0.1716 0.2265 0.2500  #ambientColor
		diffuseColor      0.6863 0.9059 1.0000  #diffuseColor
		transparency      0.0000                #transparency
	} #Material

	IndexedFaceSet {
		coordIndex [ 
		 0, 1, 2,-1,
		 2, 1, 0,-1,
		 0, 2, 5, 3,-1,
		 3, 5, 2, 0,-1,
		 1, 0, 3, 4,-1,
		 4, 3, 0, 1,-1,
		 2, 1, 4, 5,-1,
		 5, 4, 1, 2,-1,
		 6, 7, 8, 9,-1,
		 10, 6, 11, 12,-1,
		 13, 10, 12, 14,-1,
		 15, 16, 17,-1,
		 18, 15, 19, 20,-1,
		 21, 22, 20,-1,
		 23, 24, 25, 26,-1,
		 27, 28, 29, 30,-1,
		 31, 23, 32, 33,-1,
		 34, 31, 35, 36,-1,
		 37, 38, 39, 40,-1,
		 41, 42, 43, 44,-1,
		 45, 37, 46, 47,-1,
		 48, 45, 47, 49,-1,
		 50, 51, 52, 53,-1,
		 54, 50, 53, 55,-1,
		 56, 57, 58, 59,-1,
		 60, 61, 62, 63,-1,
		 64, 58, 65, 66,-1,
		 67, 64, 66, 68,-1,
		 69, 67, 70, 71,-1,
		 72, 69, 73, 74,-1,
		 75, 76, 77, 78,-1,
		 79, 80, 81, 82,-1,
		 83, 79, 82, 84,-1,
		 85, 86, 87, 88,-1,
		 89, 90, 91, 85,-1,
		 92, 93, 94, 95,-1,
		 96, 97, 98, 99,-1,
		 100, 101, 102,-1,
		 103, 100, 104, 105,-1,
		 106, 107, 108, 109,-1,
		 110, 106, 109, 111,-1,
		 112, 110, 113, 114,-1,
		 115, 112, 116, 117,-1,
		 118, 119, 120,-1,
		 121, 122, 123, 124,-1,
		 125, 115, 126, 127,-1,
		 128, 129, 130,-1,
		 131, 128, 132, 133,-1,
		 134, 131, 135,-1,
		 136, 137, 138,-1,
		 139, 136, 140, 141,-1,
		 142, 143, 144,-1,
		 145, 146, 147, 148,-1,
		 149, 150, 151,-1,
		 152, 153, 154, 155,-1,
		 156, 157, 158, 159,-1,
		 153, 160, 161, 162,-1,
		 163, 164, 165, 166,-1,
		 167, 168, 169, 170,-1,
		 171, 172, 173,-1,
		 174, 175, 176, 177,-1,
		 178, 179, 180,-1,
		 175, 178, 180, 181,-1,
		 182, 167, 183, 184,-1,
		 185, 186, 187,-1,
		 188, 189, 190, 191,-1,
		 192, 188, 191, 193,-1,
		 194, 192, 195,-1,
		 196, 197, 198, 199,-1,
		 200, 196, 201, 202,-1,
		 203, 198, 204,-1,
		 205, 200, 206,-1,
		 207, 206, 208,-1,
		 209, 210, 211, 212,-1,
		 213, 214, 215, 216,-1,
		 217, 213, 218, 219,-1,
		 220, 217, 219, 221,-1,
		 222, 223, 224, 225,-1,
		 226, 227, 228, 229,-1,
		 230, 231, 232, 233,-1,
		 234, 230, 233, 235,-1,
		 236, 237, 238, 239,-1,
		 240, 241, 242, 243,-1,
		 244, 245, 246, 247,-1,
		 248, 249, 250, 251,-1,
		 252, 253, 254, 255,-1,
		 256, 257, 258, 259,-1,
		 260, 226, 261, 262,-1,
		 263, 244, 189, 264,-1,
		 265, 266, 267,-1,
		 268, 269, 270, 271,-1,
		 272, 273, 274,-1,
		 275, 276, 277, 278,-1,
		 279, 280, 281,-1,
		 282, 283, 284,-1,
		 285, 263, 286, 287,-1,
		 288, 289, 290, 291,-1,
		 292, 293, 294, 295,-1,
		 296, 297, 298, 299,-1,
		 300, 301, 302,-1,
		 303, 304, 305, 306,-1,
		 307, 303, 297, 308,-1,
		 309, 310, 311, 312,-1,
		 313, 307, 314, 315,-1,
		 316, 317, 318,-1,
		 319, 8, 7,-1,
		]
	} #IndexedFaceSet
	Material {
		ambientColor      0.0549 0.1686 0.2137  #ambientColor
		diffuseColor      0.2196 0.6745 0.8549  #diffuseColor
		transparency      0.0000                #transparency
	} #Material

	IndexedFaceSet {
		coordIndex [ 
		 320, 321, 322,-1,
		 323, 324, 325, 326,-1,
		 327, 323, 328,-1,
		 329, 330, 331, 328,-1,
		 332, 333, 334,-1,
		 335, 336, 337, 338,-1,
		 339, 340, 341, 342,-1,
		 343, 344, 345, 346,-1,
		 347, 343, 348, 349,-1,
		 350, 347, 349, 351,-1,
		 352, 353, 354, 355,-1,
		 356, 352, 357, 358,-1,
		 359, 356, 358, 360,-1,
		 361, 362, 363, 364,-1,
		 365, 366, 367, 368,-1,
		 369, 365, 370, 371,-1,
		 372, 363, 373, 374,-1,
		 375, 341, 376, 377,-1,
		 378, 379, 380,-1,
		 381, 382, 383, 384,-1,
		 385, 325, 386, 387,-1,
		 388, 385, 389, 390,-1,
		 391, 392, 393,-1,
		 394, 391, 395,-1,
		 396, 397, 398, 7, 399,-1,
		 400, 396, 401,-1,
		 402, 403, 404,-1,
		 405, 406, 407, 408,-1,
		 409, 405, 410,-1,
		 411, 412, 413, 414,-1,
		 415, 411, 416, 417,-1,
		 418, 419, 416,-1,
		 420, 415, 421, 422,-1,
		 423, 424, 425, 426,-1,
		 427, 428, 429, 430,-1,
		 431, 429, 432, 433,-1,
		 434, 435, 436, 437,-1,
		 438, 439, 432,-1,
		 440, 436, 441, 442,-1,
		 443, 444, 445, 446,-1,
		 447, 445, 448, 449,-1,
		 450, 451, 448,-1,
		]
	} #IndexedFaceSet
	Material {
		ambientColor      0.2500 0.2500 0.2500  #ambientColor
		diffuseColor      1.0000 1.0000 1.0000  #diffuseColor
		transparency      0.0000                #transparency
	} #Material

	IndexedFaceSet {
		coordIndex [ 
		 452, 448, 453,-1,
		 454, 452, 453, 455,-1,
		 456, 457, 458, 459,-1,
		 460, 461, 462, 463,-1,
		 464, 465, 466, 467,-1,
		 468, 464, 463, 469,-1,
		 448, 470, 468,-1,
		]
	} #IndexedFaceSet
	Material {
		ambientColor      0.1510 0.2029 0.2108  #ambientColor
		diffuseColor      0.6039 0.8118 0.8431  #diffuseColor
		transparency      0.0000                #transparency
	} #Material

	IndexedFaceSet {
		coordIndex [ 
		 471, 472, 465, 468,-1,
		 473, 474, 456, 475,-1,
		]
	} #IndexedFaceSet
	Material {
		ambientColor      0.0402 0.1216 0.2029  #ambientColor
		diffuseColor      0.1608 0.4863 0.8118  #diffuseColor
		transparency      0.0000                #transparency
	} #Material

	IndexedFaceSet {
		coordIndex [ 
		 395, 390, 389, 476,-1,
		 477, 478, 401, 479,-1,
		 480, 481, 482,-1,
		 380, 480, 483, 484,-1,
		 485, 410, 486, 487,-1,
		 377, 488, 489, 490,-1,
		 422, 421, 491, 492,-1,
		 493, 494, 495, 496,-1,
		 497, 498, 499,-1,
		 374, 500, 501, 502,-1,
		 442, 441, 503, 504,-1,
		 505, 506, 507, 508,-1,
		 371, 509, 510, 511,-1,
		]
	} #IndexedFaceSet
	Material {
		ambientColor      0.0549 0.1686 0.2137  #ambientColor
		diffuseColor      0.2196 0.6745 0.8549  #diffuseColor
		transparency      0.0000                #transparency
	} #Material

	IndexedFaceSet {
		coordIndex [ 
		 512, 513, 514, 515,-1,
		 516, 132, 517, 518,-1,
		 519, 520, 521,-1,
		 522, 523, 524,-1,
		 525, 516, 526, 527,-1,
		 528, 529, 530, 531,-1,
		 532, 533, 534,-1,
		 535, 536, 537, 538,-1,
		 539, 540, 541,-1,
		 542, 543, 544,-1,
		 545, 546, 547, 548,-1,
		 549, 550, 551,-1,
		 552, 553, 554, 555,-1,
		 556, 557, 558,-1,
		 130, 542, 559, 560,-1,
		 561, 562, 563,-1,
		 564, 565, 566,-1,
		 567, 568, 569, 570,-1,
		 571, 572, 573, 574,-1,
		 575, 571, 576,-1,
		 577, 567, 578, 576,-1,
		 579, 580, 581,-1,
		 582, 583, 584,-1,
		 585, 586, 587,-1,
		 588, 589, 590, 591,-1,
		 592, 130, 593,-1,
		 358, 594, 595,-1,
		 596, 358, 595, 597,-1,
		 598, 599, 600,-1,
		 601, 602, 603,-1,
		 604, 605, 606, 607,-1,
		 608, 609, 610,-1,
		 611, 612, 613, 614,-1,
		 615, 616, 617, 618,-1,
		 619, 611, 620, 621,-1,
		 622, 619, 621, 623,-1,
		 624, 189, 625,-1,
		 626, 624, 627, 628,-1,
		 109, 286, 626, 612, 629,-1,
		 630, 631, 632,-1,
		 633, 634, 635,-1,
		 636, 109, 629, 637,-1,
		 638, 636, 635, 639,-1,
		 640, 641, 642,-1,
		 643, 644, 645, 646,-1,
		 647, 648, 649, 650,-1,
		 651, 647, 652, 653,-1,
		 654, 655, 656, 652,-1,
		 657, 658, 659,-1,
		 660, 661, 662,-1,
		 663, 657, 664, 665,-1,
		 666, 667, 668,-1,
		 669, 66, 666, 670, 671,-1,
		 672, 673, 674,-1,
		 675, 672, 671,-1,
		 676, 432, 153, 677,-1,
		 678, 676, 679, 680,-1,
		 681, 678, 682, 683,-1,
		 684, 681, 683, 685,-1,
		 686, 687, 688, 689,-1,
		 690, 686, 691, 692,-1,
		 693, 694, 695,-1,
		 696, 219, 697, 698,-1,
		 699, 700, 701,-1,
		 702, 206, 703,-1,
		 704, 702, 705, 706,-1,
		 707, 233, 704, 706, 708,-1,
		 709, 297, 710,-1,
		 711, 191, 709, 708,-1,
		]
	} #IndexedFaceSet
	Material {
		ambientColor      0.0686 0.1225 0.1843  #ambientColor
		diffuseColor      0.2745 0.4902 0.7373  #diffuseColor
		transparency      0.0000                #transparency
	} #Material

	IndexedFaceSet {
		coordIndex [ 
		 712, 713, 44, 714,-1,
		 715, 712, 716, 717,-1,
		 718, 715, 717, 719,-1,
		 720, 721, 722, 723,-1,
		 724, 720, 723, 725,-1,
		 726, 724, 725, 716,-1,
		 727, 728, 729, 730,-1,
		 731, 727, 732, 733,-1,
		 734, 735, 736, 732,-1,
		 737, 731, 738, 739,-1,
		 740, 741, 742, 743,-1,
		 744, 737, 745, 746,-1,
		 747, 748, 749, 750,-1,
		 751, 747, 750, 752,-1,
		 753, 754, 755, 756,-1,
		 757, 753, 756, 758,-1,
		 759, 760, 761, 762,-1,
		 763, 759, 748, 764,-1,
		 765, 763, 764, 766,-1,
		 767, 768, 769, 770,-1,
		 138, 771, 772, 773,-1,
		 774, 775, 776, 777,-1,
		 778, 103, 779,-1,
		 780, 512, 781, 782,-1,
		 783, 138, 349, 784,-1,
		 785, 783, 786, 787,-1,
		 788, 760, 789,-1,
		 790, 791, 786,-1,
		]
	} #IndexedFaceSet
	Material {
		ambientColor      0.0804 0.1618 0.1618  #ambientColor
		diffuseColor      0.3216 0.6471 0.6471  #diffuseColor
		transparency      0.0000                #transparency
	} #Material

	IndexedFaceSet {
		coordIndex [ 
		 792, 786, 793,-1,
		 794, 795, 796,-1,
		 797, 798, 799,-1,
		 800, 801, 802, 803,-1,
		 804, 800, 799, 805,-1,
		 806, 802, 801, 807,-1,
		 808, 629, 612, 89, 809,-1,
		 810, 595, 811, 812,-1,
		 813, 85, 814,-1,
		 815, 813, 816, 817,-1,
		 818, 819, 820, 175, 821,-1,
		 822, 823, 824,-1,
		]
	} #IndexedFaceSet
	Material {
		ambientColor      0.0539 0.0951 0.1431  #ambientColor
		diffuseColor      0.2157 0.3804 0.5725  #diffuseColor
		transparency      0.0000                #transparency
	} #Material

	IndexedFaceSet {
		coordIndex [ 
		 671, 53, 12, 328, 47, 39,-1,
		]
	} #IndexedFaceSet
	Material {
		ambientColor      0.0686 0.1225 0.1843  #ambientColor
		diffuseColor      0.2745 0.4902 0.7373  #diffuseColor
		transparency      0.0000                #transparency
	} #Material

	IndexedFaceSet {
		coordIndex [ 
		 825, 416, 82, 180, 826,-1,
		 827, 825, 828,-1,
		 652, 463, 683,-1,
		]
	} #IndexedFaceSet
	Material {
		ambientColor      0.0539 0.0951 0.1431  #ambientColor
		diffuseColor      0.2157 0.3804 0.5725  #diffuseColor
		transparency      0.0000                #transparency
	} #Material

	IndexedFaceSet {
		coordIndex [ 
		 621, 708, 706, 576,-1,
		 829, 717, 716, 725, 830,-1,
		 831, 829, 832, 833,-1,
		 834, 831, 833, 835,-1,
		 836, 740, 834, 835, 837,-1,
		 838, 836, 837, 839,-1,
		 840, 764, 748, 751, 841,-1,
		 842, 840, 839, 843,-1,
		 844, 842, 843, 845,-1,
		 846, 723, 844, 845, 847,-1,
		 848, 846, 847, 832,-1,
		]
	} #IndexedFaceSet
	Material {
		ambientColor      0.2000 0.2000 0.1500  #ambientColor
		diffuseColor      0.8000 0.8000 0.6000  #diffuseColor
		transparency      0.0000                #transparency
	} #Material

	IndexedFaceSet {
		coordIndex [ 
		 839, 837, 835, 833, 832, 847, 845, 843,-1,
		]
	} #IndexedFaceSet
	Material {
		ambientColor      0.0686 0.1225 0.1843  #ambientColor
		diffuseColor      0.2745 0.4902 0.7373  #diffuseColor
		transparency      0.0000                #transparency
	} #Material

	IndexedFaceSet {
		coordIndex [ 
		 849, 635, 801,-1,
		]
	} #IndexedFaceSet
	Material {
		ambientColor      0.0539 0.0951 0.1431  #ambientColor
		diffuseColor      0.2157 0.3804 0.5725  #diffuseColor
		transparency      0.0000                #transparency
	} #Material

	IndexedFaceSet {
		coordIndex [ 
		 750, 799, 756, 732,-1,
		]
	} #IndexedFaceSet
	Material {
		ambientColor      0.1716 0.2265 0.2500  #ambientColor
		diffuseColor      0.6863 0.9059 1.0000  #diffuseColor
		transparency      0.0000                #transparency
	} #Material

	IndexedFaceSet {
		coordIndex [ 
		 850, 851, 7, 852,-1,
		 12, 853, 852, 854,-1,
		 855, 12, 854, 856,-1,
		 857, 858, 859,-1,
		 860, 861, 859, 862,-1,
		 860, 863, 864,-1,
		 865, 866, 867, 868,-1,
		 869, 870, 871, 872,-1,
		 873, 874, 868, 875,-1,
		 876, 877, 875, 878,-1,
		 879, 39, 880, 881,-1,
		 44, 882, 883, 884,-1,
		 47, 885, 881, 886,-1,
		 887, 47, 886, 888,-1,
		 53, 889, 890, 891,-1,
		 892, 53, 891, 893,-1,
		 894, 895, 896, 897,-1,
		 898, 899, 900, 901,-1,
		 66, 902, 895, 903,-1,
		 904, 66, 903, 905,-1,
		 906, 907, 905, 908,-1,
		 909, 910, 908, 911,-1,
		 912, 913, 914, 915,-1,
		 82, 916, 917, 918,-1,
		 919, 82, 918, 920,-1,
		 921, 922, 923, 85,-1,
		 85, 924, 925, 89,-1,
		 926, 927, 928, 929,-1,
		 930, 931, 932, 933,-1,
		 934, 935, 936,-1,
		 937, 938, 936, 103,-1,
		 109, 939, 940, 941,-1,
		 942, 109, 941, 943,-1,
		 944, 945, 943, 946,-1,
		 947, 948, 946, 949,-1,
		 950, 951, 952,-1,
		 953, 954, 955, 956,-1,
		 957, 958, 949, 959,-1,
		 130, 960, 961,-1,
		 962, 132, 961, 963,-1,
		 964, 963, 965,-1,
		 138, 966, 967,-1,
		 968, 140, 967, 969,-1,
		 970, 971, 972,-1,
		 973, 974, 975, 976,-1,
		 977, 978, 979,-1,
		 980, 981, 153, 982,-1,
		 983, 984, 985, 986,-1,
		 987, 988, 989, 153,-1,
		 990, 991, 992, 993,-1,
		 994, 995, 996, 997,-1,
		 998, 999, 1000,-1,
		 1001, 1002, 175, 1003,-1,
		 180, 1004, 1005,-1,
		 1006, 180, 1005, 175,-1,
		 1007, 1008, 997, 1009,-1,
		 1010, 1011, 1012,-1,
		 191, 1013, 189, 1014,-1,
		 1015, 191, 1014, 1016,-1,
		 1017, 1016, 1018,-1,
		 1019, 1020, 1021, 1022,-1,
		 1023, 1024, 1022, 1025,-1,
		 1026, 1020, 1027,-1,
		 206, 1025, 1028,-1,
		 1029, 206, 1030,-1,
		 1031, 1032, 1033, 1034,-1,
		 1035, 1036, 1037, 1038,-1,
		 219, 1039, 1038, 1040,-1,
		 1041, 219, 1040, 1042,-1,
		 1043, 1044, 1045, 1046,-1,
		 1047, 1048, 1049, 1050,-1,
		 233, 1051, 1052, 1053,-1,
		 1054, 233, 1053, 1055,-1,
		 1056, 1057, 1058, 1059,-1,
		 1060, 1061, 1062, 1063,-1,
		 1064, 1065, 1066, 1067,-1,
		 1068, 1069, 1070, 1071,-1,
		 1072, 1073, 1074, 1075,-1,
		 1076, 1077, 1078, 1079,-1,
		 1080, 1081, 1050, 1082,-1,
		 1083, 189, 1067, 1084,-1,
		 1085, 1086, 1087,-1,
		 1088, 1089, 1090, 1091,-1,
		 1092, 1093, 1094,-1,
		 1095, 1096, 1097, 1098,-1,
		 1099, 1100, 1101,-1,
		 1102, 1103, 1104,-1,
		 1105, 286, 1084, 1106,-1,
		 1107, 1108, 1109, 1110,-1,
		 1111, 1112, 1113, 1114,-1,
		 1115, 1116, 297, 1117,-1,
		 1118, 1119, 1120,-1,
		 1121, 1122, 1123, 1124,-1,
		 1125, 297, 1124, 1126,-1,
		 1127, 1128, 1129, 1130,-1,
		 1131, 1132, 1126, 1133,-1,
		 1134, 1135, 1136,-1,
		 7, 851, 1137,-1,
		]
	} #IndexedFaceSet
	Material {
		ambientColor      0.0549 0.1686 0.2137  #ambientColor
		diffuseColor      0.2196 0.6745 0.8549  #diffuseColor
		transparency      0.0000                #transparency
	} #Material

	IndexedFaceSet {
		coordIndex [ 
		 1138, 321, 1139,-1,
		 1140, 1141, 1142, 1143,-1,
		 328, 1143, 1144,-1,
		 328, 1145, 1146, 1147,-1,
		 1148, 1149, 1150,-1,
		 1151, 1152, 1153, 1154,-1,
		 1155, 1156, 1157, 1158,-1,
		 1159, 1160, 1161, 1162,-1,
		 349, 1163, 1162, 1164,-1,
		 1165, 349, 1164, 1166,-1,
		 1167, 1168, 1169, 1170,-1,
		 358, 1171, 1170, 1172,-1,
		 1173, 358, 1172, 1174,-1,
		 1175, 1176, 1177, 1178,-1,
		 1179, 1180, 1181, 1182,-1,
		 371, 370, 1182, 1183,-1,
		 374, 373, 1176, 1184,-1,
		 377, 376, 1156, 1185,-1,
		 380, 1186, 1187,-1,
		 1188, 1189, 1190, 1191,-1,
		 1192, 1193, 1141, 1194,-1,
		 390, 389, 1194, 1195,-1,
		 1196, 392, 1197,-1,
		 395, 1197, 1198,-1,
		 1199, 7, 1200, 1201, 1202,-1,
		 401, 1202, 1203,-1,
		 1204, 1205, 1206,-1,
		 1207, 1208, 1209, 1210,-1,
		 410, 1210, 1211,-1,
		 1212, 1213, 1214, 1215,-1,
		 1216, 416, 1215, 1217,-1,
		 416, 1218, 1219,-1,
		 422, 421, 1217, 1220,-1,
		 1221, 1222, 1223, 1224,-1,
		 1225, 1226, 1227, 1228,-1,
		 1229, 432, 1226, 1230,-1,
		 1231, 1232, 1233, 1234,-1,
		 432, 1235, 1236,-1,
		 442, 441, 1232, 1237,-1,
		 1238, 1239, 1240, 1241,-1,
		 1242, 448, 1239, 1243,-1,
		 448, 1244, 1245,-1,
		]
	} #IndexedFaceSet
	Material {
		ambientColor      0.2500 0.2500 0.2500  #ambientColor
		diffuseColor      1.0000 1.0000 1.0000  #diffuseColor
		transparency      0.0000                #transparency
	} #Material

	IndexedFaceSet {
		coordIndex [ 
		 1246, 448, 1247,-1,
		 1248, 1246, 1247, 1249,-1,
		 1250, 1251, 1252, 456,-1,
		 463, 1253, 1254, 1255,-1,
		 1256, 1257, 465, 1258,-1,
		 1259, 463, 1258, 468,-1,
		 468, 1260, 448,-1,
		]
	} #IndexedFaceSet
	Material {
		ambientColor      0.1510 0.2029 0.2108  #ambientColor
		diffuseColor      0.6039 0.8118 0.8431  #diffuseColor
		transparency      0.0000                #transparency
	} #Material

	IndexedFaceSet {
		coordIndex [ 
		 468, 465, 472, 471,-1,
		 475, 456, 474, 473,-1,
		]
	} #IndexedFaceSet
	Material {
		ambientColor      0.0402 0.1216 0.2029  #ambientColor
		diffuseColor      0.1608 0.4863 0.8118  #diffuseColor
		transparency      0.0000                #transparency
	} #Material

	IndexedFaceSet {
		coordIndex [ 
		 476, 389, 390, 395,-1,
		 1261, 401, 478, 1262,-1,
		 1263, 481, 1264,-1,
		 1265, 1266, 1264, 380,-1,
		 1267, 1268, 410, 485,-1,
		 1269, 1270, 1271, 377,-1,
		 1272, 1273, 421, 422,-1,
		 1274, 1275, 1276, 1277,-1,
		 1278, 1279, 1280,-1,
		 1281, 1282, 1283, 374,-1,
		 1284, 1285, 441, 442,-1,
		 1286, 1287, 1288, 1289,-1,
		 1290, 1291, 1292, 371,-1,
		]
	} #IndexedFaceSet
	Material {
		ambientColor      0.0549 0.1686 0.2137  #ambientColor
		diffuseColor      0.2196 0.6745 0.8549  #diffuseColor
		transparency      0.0000                #transparency
	} #Material

	IndexedFaceSet {
		coordIndex [ 
		 1293, 1294, 1295, 512,-1,
		 1296, 1297, 132, 1298,-1,
		 1299, 1300, 1301,-1,
		 1302, 1303, 1304,-1,
		 1305, 1306, 1298, 1307,-1,
		 1308, 1309, 1310, 1311,-1,
		 1312, 1313, 1314,-1,
		 1315, 1316, 1317, 1318,-1,
		 1319, 1320, 1321,-1,
		 1322, 1323, 1324,-1,
		 1325, 1326, 1327, 1328,-1,
		 1329, 1330, 1331,-1,
		 1332, 1333, 1334, 1335,-1,
		 1336, 1337, 1338,-1,
		 1339, 1340, 1324, 130,-1,
		 1341, 1342, 1343,-1,
		 1344, 1345, 1346,-1,
		 1347, 1348, 1349, 1350,-1,
		 1351, 1352, 1353, 1354,-1,
		 576, 1354, 1355,-1,
		 576, 1356, 1350, 1357,-1,
		 1358, 1359, 1360,-1,
		 1361, 1362, 1363,-1,
		 1364, 1365, 1366,-1,
		 1367, 1368, 1369, 1370,-1,
		 1371, 130, 1372,-1,
		 595, 1373, 358,-1,
		 1374, 595, 358, 1375,-1,
		 1376, 1377, 1378,-1,
		 1379, 1380, 1381,-1,
		 1382, 1383, 1384, 1385,-1,
		 1386, 1387, 1388,-1,
		 1389, 1390, 612, 1391,-1,
		 1392, 1393, 1394, 1395,-1,
		 621, 1396, 1391, 1397,-1,
		 1398, 621, 1397, 1399,-1,
		 1400, 189, 1401,-1,
		 1402, 1403, 1401, 1404,-1,
		 629, 612, 1404, 286, 109,-1,
		 1405, 1406, 1407,-1,
		 635, 1408, 1409,-1,
		 1410, 629, 109, 1411,-1,
		 1412, 635, 1411, 1413,-1,
		 1414, 1415, 1416,-1,
		 1417, 1418, 1419, 1420,-1,
		 1421, 1422, 1423, 1424,-1,
		 1425, 652, 1424, 1426,-1,
		 652, 1427, 1428, 1429,-1,
		 1430, 1431, 1432,-1,
		 1433, 1434, 1435,-1,
		 1436, 1437, 1432, 1438,-1,
		 1439, 1440, 1441,-1,
		 671, 1442, 1441, 66, 1443,-1,
		 1444, 1445, 1446,-1,
		 671, 1446, 1447,-1,
		 1448, 153, 432, 1449,-1,
		 1450, 1451, 1449, 1452,-1,
		 683, 1453, 1452, 1454,-1,
		 1455, 683, 1454, 1456,-1,
		 1457, 1458, 1459, 1460,-1,
		 1461, 1462, 1460, 1463,-1,
		 1464, 1465, 1466,-1,
		 1467, 1468, 219, 1469,-1,
		 1470, 700, 1471,-1,
		 1472, 206, 1473,-1,
		 706, 1474, 1473, 1475,-1,
		 708, 706, 1475, 233, 1476,-1,
		 1477, 297, 1478,-1,
		 708, 1478, 191, 1479,-1,
		]
	} #IndexedFaceSet
	Material {
		ambientColor      0.0686 0.1225 0.1843  #ambientColor
		diffuseColor      0.2745 0.4902 0.7373  #diffuseColor
		transparency      0.0000                #transparency
	} #Material

	IndexedFaceSet {
		coordIndex [ 
		 1480, 44, 1481, 1482,-1,
		 717, 716, 1482, 1483,-1,
		 1484, 717, 1483, 1485,-1,
		 723, 1486, 1487, 1488,-1,
		 725, 723, 1488, 1489,-1,
		 716, 725, 1489, 1490,-1,
		 1491, 1492, 1493, 1494,-1,
		 1495, 732, 1494, 1496,-1,
		 732, 1497, 1498, 1499,-1,
		 1500, 1501, 1496, 1502,-1,
		 1503, 1504, 1505, 740,-1,
		 1506, 1507, 1502, 1508,-1,
		 750, 1509, 748, 1510,-1,
		 1511, 750, 1510, 751,-1,
		 756, 1512, 1513, 1514,-1,
		 1515, 756, 1514, 1516,-1,
		 1517, 1518, 760, 1519,-1,
		 764, 748, 1519, 1520,-1,
		 1521, 764, 1520, 1522,-1,
		 1523, 1524, 1525, 1526,-1,
		 1527, 1528, 1529, 138,-1,
		 1530, 1531, 1532, 1533,-1,
		 1534, 103, 1535,-1,
		 1536, 1537, 512, 1538,-1,
		 1539, 349, 138, 1540,-1,
		 1541, 786, 1540, 1542,-1,
		 1543, 760, 1544,-1,
		 786, 1545, 1546,-1,
		]
	} #IndexedFaceSet
	Material {
		ambientColor      0.0804 0.1618 0.1618  #ambientColor
		diffuseColor      0.3216 0.6471 0.6471  #diffuseColor
		transparency      0.0000                #transparency
	} #Material

	IndexedFaceSet {
		coordIndex [ 
		 1547, 786, 1548,-1,
		 1549, 1550, 1551,-1,
		 799, 1552, 1553,-1,
		 1554, 1555, 801, 1556,-1,
		 1557, 799, 1556, 1558,-1,
		 1559, 801, 1555, 1560,-1,
		 1561, 89, 612, 629, 1562,-1,
		 1563, 1564, 595, 1565,-1,
		 1566, 85, 1567,-1,
		 1568, 1569, 1567, 1570,-1,
		 1571, 175, 1572, 1573, 1574,-1,
		 1575, 1576, 1577,-1,
		]
	} #IndexedFaceSet
	Material {
		ambientColor      0.0539 0.0951 0.1431  #ambientColor
		diffuseColor      0.2157 0.3804 0.5725  #diffuseColor
		transparency      0.0000                #transparency
	} #Material

	IndexedFaceSet {
		coordIndex [ 
		 39, 47, 328, 12, 53, 671,-1,
		]
	} #IndexedFaceSet
	Material {
		ambientColor      0.0686 0.1225 0.1843  #ambientColor
		diffuseColor      0.2745 0.4902 0.7373  #diffuseColor
		transparency      0.0000                #transparency
	} #Material

	IndexedFaceSet {
		coordIndex [ 
		 1578, 180, 82, 416, 1579,-1,
		 1580, 1579, 1581,-1,
		 683, 463, 652,-1,
		]
	} #IndexedFaceSet
	Material {
		ambientColor      0.0539 0.0951 0.1431  #ambientColor
		diffuseColor      0.2157 0.3804 0.5725  #diffuseColor
		transparency      0.0000                #transparency
	} #Material

	IndexedFaceSet {
		coordIndex [ 
		 576, 706, 708, 621,-1,
		 1582, 725, 716, 717, 1583,-1,
		 833, 832, 1583, 1584,-1,
		 835, 833, 1584, 1585,-1,
		 837, 835, 1585, 740, 1586,-1,
		 839, 837, 1586, 1587,-1,
		 1588, 751, 748, 764, 1589,-1,
		 843, 839, 1589, 1590,-1,
		 845, 843, 1590, 1591,-1,
		 847, 845, 1591, 723, 1592,-1,
		 832, 847, 1592, 1593,-1,
		]
	} #IndexedFaceSet
	Material {
		ambientColor      0.2000 0.2000 0.1500  #ambientColor
		diffuseColor      0.8000 0.8000 0.6000  #diffuseColor
		transparency      0.0000                #transparency
	} #Material

	IndexedFaceSet {
		coordIndex [ 
		 843, 845, 847, 832, 833, 835, 837, 839,-1,
		]
	} #IndexedFaceSet
	Material {
		ambientColor      0.0686 0.1225 0.1843  #ambientColor
		diffuseColor      0.2745 0.4902 0.7373  #diffuseColor
		transparency      0.0000                #transparency
	} #Material

	IndexedFaceSet {
		coordIndex [ 
		 801, 635, 849,-1,
		]
	} #IndexedFaceSet
	Material {
		ambientColor      0.0539 0.0951 0.1431  #ambientColor
		diffuseColor      0.2157 0.3804 0.5725  #diffuseColor
		transparency      0.0000                #transparency
	} #Material

	IndexedFaceSet {
		coordIndex [ 
		 732, 756, 799, 750,-1,
		]
	} #IndexedFaceSet
} #Polyhedron
Separator { #Polyhedron
	DEF COORD51 Coordinate3 {
		point [
		 -27.0037 8.5949 -141.0694,
		 -26.6989 7.9853 -141.0694,
		 -11.5817 17.6774 -141.0694,
		 -12.1913 17.9821 -141.0694,
		 -27.0037 8.5949 -118.2108,
		 -26.6989 7.9853 -118.2108,
		 -11.5817 17.6774 -118.2108,
		 -12.1913 17.9821 -118.2108
		]
	} #Coordinate3
	Material {
		ambientColor      0.2500 0.2500 0.2500  #ambientColor
		diffuseColor      1.0000 1.0000 1.0000  #diffuseColor
		transparency      0.0000                #transparency
	} #Material

	IndexedFaceSet {
		coordIndex [ 
		 0, 1, 2, 3,-1,
		 3, 2, 1, 0,-1,
		]
	} #IndexedFaceSet
	Material {
		ambientColor      0.0637 0.0637 0.0637  #ambientColor
		diffuseColor      0.2549 0.2549 0.2549  #diffuseColor
		transparency      0.0000                #transparency
	} #Material

	IndexedFaceSet {
		coordIndex [ 
		 0, 3, 7, 4,-1,
		 4, 7, 3, 0,-1,
		]
	} #IndexedFaceSet
	Material {
		ambientColor      0.2500 0.2500 0.2500  #ambientColor
		diffuseColor      1.0000 1.0000 1.0000  #diffuseColor
		transparency      0.0000                #transparency
	} #Material

	IndexedFaceSet {
		coordIndex [ 
		 1, 0, 4, 5,-1,
		 5, 4, 0, 1,-1,
		 2, 1, 5, 6,-1,
		 6, 5, 1, 2,-1,
		]
	} #IndexedFaceSet
	Material {
		ambientColor      0.0637 0.0637 0.0637  #ambientColor
		diffuseColor      0.2549 0.2549 0.2549  #diffuseColor
		transparency      0.0000                #transparency
	} #Material

	IndexedFaceSet {
		coordIndex [ 
		 3, 2, 6, 7,-1,
		 7, 6, 2, 3,-1,
		]
	} #IndexedFaceSet
	Material {
		ambientColor      0.2500 0.2500 0.2500  #ambientColor
		diffuseColor      1.0000 1.0000 1.0000  #diffuseColor
		transparency      0.0000                #transparency
	} #Material

	IndexedFaceSet {
		coordIndex [ 
		 7, 6, 5, 4,-1,
		 4, 5, 6, 7,-1,
		]
	} #IndexedFaceSet
} #Polyhedron
Separator { #Polyhedron
	DEF COORD52 Coordinate3 {
		point [
		 -12.2421 17.2456 -142.5933,
		 2.2859 8.0767 -142.5933,
		 2.5906 8.6863 -142.5933,
		 -11.5817 17.6774 -142.5933,
		 -12.2421 17.2456 -118.2108,
		 2.2859 8.0767 -118.2108,
		 2.5906 8.6863 -118.2108,
		 -11.5817 17.6774 -118.2108
		]
	} #Coordinate3
	Material {
		ambientColor      0.2500 0.2500 0.2500  #ambientColor
		diffuseColor      1.0000 1.0000 1.0000  #diffuseColor
		transparency      0.0000                #transparency
	} #Material

	IndexedFaceSet {
		coordIndex [ 
		 0, 1, 2, 3,-1,
		 3, 2, 1, 0,-1,
		 0, 3, 7, 4,-1,
		 4, 7, 3, 0,-1,
		 1, 0, 4, 5,-1,
		 5, 4, 0, 1,-1,
		 2, 1, 5, 6,-1,
		 6, 5, 1, 2,-1,
		]
	} #IndexedFaceSet
	Material {
		ambientColor      0.0637 0.0637 0.0637  #ambientColor
		diffuseColor      0.2549 0.2549 0.2549  #diffuseColor
		transparency      0.0000                #transparency
	} #Material

	IndexedFaceSet {
		coordIndex [ 
		 3, 2, 6, 7,-1,
		 7, 6, 2, 3,-1,
		]
	} #IndexedFaceSet
	Material {
		ambientColor      0.2500 0.2500 0.2500  #ambientColor
		diffuseColor      1.0000 1.0000 1.0000  #diffuseColor
		transparency      0.0000                #transparency
	} #Material

	IndexedFaceSet {
		coordIndex [ 
		 7, 6, 5, 4,-1,
		 4, 5, 6, 7,-1,
		]
	} #IndexedFaceSet
} #Polyhedron
Separator { #Polyhedron
	DEF COORD53 Coordinate3 {
		point [
		 -23.7730 9.4482 -120.3443,
		 -23.7730 9.4482 -119.7347,
		 -24.3826 9.4482 -119.7347,
		 -24.3826 9.4482 -120.3443,
		 -23.7730 -0.6096 -120.3443,
		 -23.7730 -0.6096 -119.7347,
		 -24.3826 -0.6096 -119.7347,
		 -24.3826 -0.6096 -120.3443
		]
	} #Coordinate3
	Material {
		ambientColor      0.1480 0.2314 0.2500  #ambientColor
		diffuseColor      0.5922 0.9255 1.0000  #diffuseColor
		transparency      0.0000                #transparency
	} #Material

	IndexedFaceSet {
		coordIndex [ 
		 0, 1, 2, 3,-1,
		 3, 2, 1, 0,-1,
		 0, 3, 7, 4,-1,
		 4, 7, 3, 0,-1,
		 1, 0, 4, 5,-1,
		 5, 4, 0, 1,-1,
		 2, 1, 5, 6,-1,
		 6, 5, 1, 2,-1,
		 3, 2, 6, 7,-1,
		 7, 6, 2, 3,-1,
		 7, 6, 5, 4,-1,
		 4, 5, 6, 7,-1,
		]
	} #IndexedFaceSet
} #Polyhedron
Separator { #Polyhedron
	DEF COORD54 Coordinate3 {
		point [
		 0.0000 9.4482 -120.3443,
		 0.0000 9.4482 -119.7347,
		 -0.6096 9.4482 -119.7347,
		 -0.6096 9.4482 -120.3443,
		 0.0000 -0.6096 -120.3443,
		 0.0000 -0.6096 -119.7347,
		 -0.6096 -0.6096 -119.7347,
		 -0.6096 -0.6096 -120.3443
		]
	} #Coordinate3
	Material {
		ambientColor      0.1480 0.2314 0.2500  #ambientColor
		diffuseColor      0.5922 0.9255 1.0000  #diffuseColor
		transparency      0.0000                #transparency
	} #Material

	IndexedFaceSet {
		coordIndex [ 
		 0, 1, 2, 3,-1,
		 3, 2, 1, 0,-1,
		 0, 3, 7, 4,-1,
		 4, 7, 3, 0,-1,
		 1, 0, 4, 5,-1,
		 5, 4, 0, 1,-1,
		 2, 1, 5, 6,-1,
		 6, 5, 1, 2,-1,
		 3, 2, 6, 7,-1,
		 7, 6, 2, 3,-1,
		 7, 6, 5, 4,-1,
		 4, 5, 6, 7,-1,
		]
	} #IndexedFaceSet
} #Polyhedron
Separator { #Polyhedron
	DEF COORD55 Coordinate3 {
		point [
		 -15.2391 9.4482 -120.3443,
		 -15.2391 9.4482 -119.7347,
		 -15.8487 9.4482 -119.7347,
		 -15.8487 9.4482 -120.3443,
		 -15.2391 -0.6096 -120.3443,
		 -15.2391 -0.6096 -119.7347,
		 -15.8487 -0.6096 -119.7347,
		 -15.8487 -0.6096 -120.3443
		]
	} #Coordinate3
	Material {
		ambientColor      0.1480 0.2314 0.2500  #ambientColor
		diffuseColor      0.5922 0.9255 1.0000  #diffuseColor
		transparency      0.0000                #transparency
	} #Material

	IndexedFaceSet {
		coordIndex [ 
		 0, 1, 2, 3,-1,
		 3, 2, 1, 0,-1,
		 0, 3, 7, 4,-1,
		 4, 7, 3, 0,-1,
		 1, 0, 4, 5,-1,
		 5, 4, 0, 1,-1,
		 2, 1, 5, 6,-1,
		 6, 5, 1, 2,-1,
		 3, 2, 6, 7,-1,
		 7, 6, 2, 3,-1,
		 7, 6, 5, 4,-1,
		 4, 5, 6, 7,-1,
		]
	} #IndexedFaceSet
} #Polyhedron
Separator { #Polyhedron
	DEF COORD56 Coordinate3 {
		point [
		 -8.5339 9.4482 -120.3443,
		 -8.5339 9.4482 -119.7347,
		 -9.1435 9.4482 -119.7347,
		 -9.1435 9.4482 -120.3443,
		 -8.5339 -0.6096 -120.3443,
		 -8.5339 -0.6096 -119.7347,
		 -9.1435 -0.6096 -119.7347,
		 -9.1435 -0.6096 -120.3443
		]
	} #Coordinate3
	Material {
		ambientColor      0.1480 0.2314 0.2500  #ambientColor
		diffuseColor      0.5922 0.9255 1.0000  #diffuseColor
		transparency      0.0000                #transparency
	} #Material

	IndexedFaceSet {
		coordIndex [ 
		 0, 1, 2, 3,-1,
		 3, 2, 1, 0,-1,
		 0, 3, 7, 4,-1,
		 4, 7, 3, 0,-1,
		 1, 0, 4, 5,-1,
		 5, 4, 0, 1,-1,
		 2, 1, 5, 6,-1,
		 6, 5, 1, 2,-1,
		 3, 2, 6, 7,-1,
		 7, 6, 2, 3,-1,
		 7, 6, 5, 4,-1,
		 4, 5, 6, 7,-1,
		]
	} #IndexedFaceSet
} #Polyhedron
Separator { #Polyhedron
	DEF COORD57 Coordinate3 {
		point [
		 0.0000 9.4482 -142.5933,
		 0.0000 9.4482 -139.2407,
		 -0.6096 9.4482 -139.2407,
		 -0.6096 9.4482 -142.5933,
		 0.0000 -0.6096 -142.5933,
		 0.0000 -0.6096 -139.2407,
		 -0.6096 -0.6096 -139.2407,
		 -0.6096 -0.6096 -142.5933
		]
	} #Coordinate3
	Material {
		ambientColor      0.1480 0.2314 0.2500  #ambientColor
		diffuseColor      0.5922 0.9255 1.0000  #diffuseColor
		transparency      0.0000                #transparency
	} #Material

	IndexedFaceSet {
		coordIndex [ 
		 0, 1, 2, 3,-1,
		 3, 2, 1, 0,-1,
		 0, 3, 7, 4,-1,
		 4, 7, 3, 0,-1,
		 1, 0, 4, 5,-1,
		 5, 4, 0, 1,-1,
		 2, 1, 5, 6,-1,
		 6, 5, 1, 2,-1,
		 3, 2, 6, 7,-1,
		 7, 6, 2, 3,-1,
		 7, 6, 5, 4,-1,
		 4, 5, 6, 7,-1,
		]
	} #IndexedFaceSet
} #Polyhedron
Separator { #Polyhedron
	DEF COORD58 Coordinate3 {
		point [
		 0.0000 9.4482 -139.2407,
		 0.0000 9.4482 -134.9738,
		 -0.6096 9.4482 -134.9738,
		 -0.6096 9.4482 -139.2407,
		 0.0000 -0.6096 -139.2407,
		 0.0000 -0.6096 -134.9738,
		 -0.6096 -0.6096 -134.9738,
		 -0.6096 -0.6096 -139.2407,
		 0.0000 1.5246 -139.2407,
		 0.0000 1.5246 -134.9738,
		 0.0000 3.9880 -135.6215,
		 0.0000 1.5246 -135.6215,
		 0.0000 1.5246 -134.9738,
		 0.0000 3.9880 -134.9738,
		 0.0000 4.9005 -135.2026,
		 0.0000 3.9880 -135.2659,
		 0.0000 3.9880 -134.9738,
		 0.0000 4.9005 -134.9738,
		 0.0000 4.9006 -135.2015,
		 0.0000 4.9005 -135.2026,
		 0.0000 4.9006 -134.9738,
		 0.0000 4.9030 -135.1993,
		 0.0000 4.9030 -134.9738,
		 0.0000 5.0166 -135.1008,
		 0.0000 4.9030 -135.1993,
		 0.0000 4.9030 -134.9738,
		 0.0000 5.0166 -134.9738,
		 0.0000 5.1699 -135.1117,
		 0.0000 5.1699 -134.9738,
		 0.0000 5.2706 -135.2278,
		 0.0000 5.2706 -134.9738,
		 0.0000 5.2706 -134.9738,
		 0.0000 8.3813 -134.9738,
		 0.0000 8.3813 -135.6215,
		 0.0000 5.2706 -135.6215,
		 0.0000 5.2597 -135.3811,
		 0.0000 5.2597 -135.6215,
		 0.0000 5.1436 -135.4818,
		 0.0000 5.1436 -135.6215,
		 0.0000 5.0347 -135.4842,
		 0.0000 5.0189 -135.4729,
		 0.0000 5.0347 -135.4740,
		 0.0000 5.0347 -135.4740,
		 0.0000 5.0347 -135.6215,
		 0.0000 5.0103 -135.6215,
		 0.0000 4.9486 -135.4227,
		 0.0000 4.9030 -135.3902,
		 0.0000 4.9030 -135.3702,
		 0.0000 4.9025 -135.3898,
		 0.0000 4.9024 -135.3897,
		 0.0000 4.9025 -135.3696,
		 0.0000 4.9030 -135.3902,
		 0.0000 4.9025 -135.3898,
		 0.0000 4.9025 -135.3696,
		 0.0000 4.9030 -135.3702,
		 0.0000 4.0018 -135.6215,
		 0.0000 3.9880 -135.6215,
		 0.0000 3.9880 -135.3548,
		 0.0000 4.0018 -135.3555,
		 0.0000 4.3884 -135.5414,
		 0.0000 4.1105 -135.3616,
		 0.0000 4.3884 -135.3770,
		 0.0000 4.3944 -135.5409,
		 0.0000 4.3884 -135.5414,
		 0.0000 4.3944 -135.3774,
		 0.0000 4.6935 -135.5140,
		 0.0000 4.3944 -135.5409,
		 0.0000 4.3944 -135.3774,
		 0.0000 4.6935 -135.3940,
		 0.0000 4.5214 -135.6215,
		 0.0000 4.6935 -135.5771,
		 0.0000 4.6935 -135.6215,
		 0.0000 4.5214 -135.6215,
		 0.0000 4.3944 -135.5856,
		 0.0000 4.3944 -135.6215,
		 0.0000 4.2744 -135.6215,
		 0.0000 4.2547 -135.6215,
		 0.0000 4.2547 -135.5453,
		 0.0000 4.2744 -135.5453,
		 0.0000 4.3455 -135.5453,
		 0.0000 4.2744 -135.5517,
		 0.0000 4.3944 -135.5856,
		 0.0000 4.2744 -135.6215,
		 0.0000 4.0018 -135.3555,
		 0.0000 4.0018 -135.6215,
		 0.0000 4.8760 -135.4041,
		 0.0000 4.6935 -135.5136,
		 0.0000 4.6961 -135.5475,
		 0.0000 4.7019 -135.6215,
		 0.0000 4.6961 -135.6215,
		 0.0000 4.6935 -135.5770,
		 0.0000 4.6961 -135.5475,
		 0.0000 4.6935 -135.6215,
		 0.0000 8.3813 -134.9738,
		 0.0000 8.3813 -139.2407,
		 0.0000 1.5246 -138.8217,
		 0.0000 8.3813 -138.8217,
		 0.0000 1.5246 -139.2407,
		 0.0000 1.8291 -138.8217,
		 0.0000 1.8291 -135.6215,
		 0.0000 4.7019 -135.8883,
		 0.0000 1.8291 -135.8883,
		 0.0000 1.8291 -135.6215,
		 0.0000 4.7019 -135.6215,
		 0.0000 4.8770 -135.7866,
		 0.0000 4.8777 -135.7858,
		 0.0000 4.8777 -135.8883,
		 0.0000 4.8770 -135.8883,
		 0.0000 4.7119 -135.7485,
		 0.0000 4.7119 -135.8883,
		 0.0000 4.7019 -135.6215,
		 0.0000 4.7019 -135.8883,
		 0.0000 5.0103 -135.6215,
		 0.0000 5.0290 -135.6215,
		 0.0000 5.0290 -138.8217,
		 0.0000 5.0103 -138.8217,
		 0.0000 5.0046 -135.6533,
		 0.0000 5.0103 -135.6215,
		 0.0000 5.0046 -138.8217,
		 0.0000 4.8777 -135.7858,
		 0.0000 4.8777 -138.8217,
		 0.0000 4.8777 -137.2597,
		 0.0000 4.7253 -137.2597,
		 0.0000 4.7253 -137.1067,
		 0.0000 4.8777 -137.1067,
		 0.0000 4.7253 -138.4782,
		 0.0000 4.8777 -138.4782,
		 0.0000 4.7253 -138.8217,
		 0.0000 4.7253 -137.2597,
		 0.0000 1.8291 -137.2597,
		 0.0000 1.8291 -137.1073,
		 0.0000 4.7253 -137.1073,
		 0.0000 1.8291 -138.4788,
		 0.0000 4.7253 -138.4788,
		 0.0000 1.8291 -138.8217,
		 0.0000 5.0290 -137.1067,
		 0.0000 5.0290 -135.6215,
		 0.0000 5.0290 -135.6215,
		 0.0000 8.0776 -135.8883,
		 0.0000 5.0290 -135.8883,
		 0.0000 8.0776 -135.6215,
		 0.0000 7.9252 -137.1067,
		 0.0000 8.0776 -137.1067,
		 0.0000 8.0776 -137.2597,
		 0.0000 7.9252 -137.2597,
		 0.0000 5.0290 -137.1073,
		 0.0000 7.9252 -137.1073,
		 0.0000 5.0290 -137.2597,
		 0.0000 8.0776 -135.6215,
		 0.0000 8.0776 -138.8217,
		 0.0000 7.9252 -138.4782,
		 0.0000 8.0776 -138.4782,
		 0.0000 7.9252 -138.8217,
		 0.0000 5.0290 -138.4788,
		 0.0000 7.9252 -138.4788,
		 0.0000 5.0290 -138.8217,
		 0.0000 7.9252 -137.4128,
		 0.0000 5.0290 -137.4128,
		 0.0000 5.0290 -137.2597,
		 0.0000 7.9252 -137.2597,
		 0.0000 7.9252 -137.2597,
		 0.0000 7.9252 -138.4782,
		 0.0000 7.9252 -136.0413,
		 0.0000 5.0290 -136.0413,
		 0.0000 5.0290 -135.8883,
		 0.0000 7.9252 -135.8883,
		 0.0000 7.9252 -135.8883,
		 0.0000 8.0776 -135.8883,
		 0.0000 8.0776 -137.1067,
		 0.0000 7.9252 -137.1067,
		 0.0000 4.7253 -136.0413,
		 0.0000 1.8291 -136.0413,
		 0.0000 1.8291 -135.8883,
		 0.0000 4.7253 -135.8883,
		 0.0000 4.7253 -135.8883,
		 0.0000 4.7253 -137.1067,
		 0.0000 1.8291 -137.1073,
		 0.0000 4.7253 -137.4128,
		 0.0000 1.8291 -137.4128,
		 0.0000 1.8291 -137.2597,
		 0.0000 4.7253 -137.2597,
		 0.0000 4.7253 -137.2597,
		 0.0000 4.7253 -138.4782,
		 0.0000 4.0007 -135.3555,
		 0.0000 4.0007 -135.2650,
		 0.0000 4.0902 -135.3484,
		 0.0000 4.0007 -135.3548,
		 0.0000 4.0902 -135.2588,
		 0.0000 4.1105 -135.3616,
		 0.0000 4.1105 -135.2574,
		 0.0000 4.1105 -135.2574,
		 0.0000 4.8760 -135.2043,
		 0.0000 4.8760 -135.4041,
		 0.0000 4.1105 -135.3616,
		 0.0000 4.0018 -135.3555,
		 0.0000 4.0007 -135.3555,
		 0.0000 4.8897 -135.3959,
		 0.0000 4.8760 -135.4041,
		 0.0000 4.8897 -135.2033,
		 0.0000 4.9005 -135.2026,
		 0.0000 4.8897 -135.3548,
		 0.0000 4.9013 -135.3890,
		 0.0000 4.8897 -135.3959,
		 0.0000 4.9013 -135.3682,
		 0.0000 4.9024 -135.3897,
		 0.0000 4.9024 -135.3695,
		 0.0000 4.9024 -135.3695,
		 0.0000 4.9025 -135.3696,
		 0.0000 4.9024 -135.3897,
		 0.0000 4.9486 -135.4227,
		 0.0000 4.9486 -135.1598,
		 0.0000 4.9911 -135.4531,
		 0.0000 4.9486 -135.4227,
		 0.0000 4.9911 -135.1229,
		 0.0000 5.0189 -135.2344,
		 0.0000 4.9911 -135.2688,
		 0.0000 5.0189 -135.1009,
		 0.0000 4.9976 -135.3294,
		 0.0000 5.0189 -135.3465,
		 0.0000 5.0189 -135.4729,
		 0.0000 4.9976 -135.4577,
		 0.0000 4.9911 -135.4531,
		 0.0000 5.0293 -135.2214,
		 0.0000 5.0189 -135.2344,
		 0.0000 5.0189 -135.1009,
		 0.0000 5.0293 -135.1017,
		 0.0000 5.0899 -135.2150,
		 0.0000 5.0899 -135.1060,
		 0.0000 5.1373 -135.2532,
		 0.0000 5.1373 -135.1094,
		 0.0000 5.1438 -135.3137,
		 0.0000 5.1438 -135.1098,
		 0.0000 5.1438 -135.1098,
		 0.0000 5.1438 -135.4817,
		 0.0000 5.1055 -135.3611,
		 0.0000 5.1055 -135.4791,
		 0.0000 5.0450 -135.3676,
		 0.0000 5.0450 -135.4748,
		 0.0000 5.0189 -135.3465,
		 0.0000 5.0189 -135.4729,
		 0.0000 4.6992 -135.5135,
		 0.0000 4.6935 -135.5140,
		 0.0000 4.6935 -135.5135,
		 0.0000 4.6992 -135.5101,
		 0.0000 4.6992 -135.5101,
		 0.0000 4.6992 -135.5864,
		 0.0000 4.6961 -135.5475,
		 0.0000 4.3455 -135.5453,
		 0.0000 4.3455 -135.5136,
		 0.0000 4.3884 -135.5414,
		 0.0000 4.3455 -135.5453,
		 0.0000 1.5246 -134.9738,
		 0.0000 1.5246 -139.2407,
		 0.0000 3.9880 -134.9738,
		 0.0000 1.5246 -134.9738,
		 0.0000 3.9880 -135.6215,
		 0.0000 4.9005 -134.9738,
		 0.0000 3.9880 -134.9738,
		 0.0000 4.9005 -135.2026,
		 0.0000 4.9006 -134.9738,
		 0.0000 4.9005 -135.2026,
		 0.0000 4.9030 -134.9738,
		 0.0000 4.9030 -135.1993,
		 0.0000 5.0166 -134.9738,
		 0.0000 4.9030 -134.9738,
		 0.0000 4.9030 -135.1993,
		 0.0000 5.1699 -134.9738,
		 0.0000 5.2706 -134.9738,
		 0.0000 5.2706 -135.6215,
		 0.0000 8.3813 -134.9738,
		 0.0000 5.2706 -134.9738,
		 0.0000 5.2597 -135.6215,
		 0.0000 5.1436 -135.6215,
		 0.0000 5.0347 -135.4740,
		 0.0000 5.0189 -135.4729,
		 0.0000 5.0347 -135.6215,
		 0.0000 5.0347 -135.4740,
		 0.0000 5.0103 -135.6215,
		 0.0000 4.9030 -135.3702,
		 0.0000 4.9030 -135.3902,
		 0.0000 4.9486 -135.4227,
		 0.0000 4.9025 -135.3696,
		 0.0000 4.9024 -135.3897,
		 0.0000 4.9025 -135.3898,
		 0.0000 4.9030 -135.3702,
		 0.0000 4.9025 -135.3696,
		 0.0000 4.9025 -135.3898,
		 0.0000 4.9030 -135.3902,
		 0.0000 4.0018 -135.3555,
		 0.0000 3.9880 -135.6215,
		 0.0000 4.0018 -135.6215,
		 0.0000 4.3884 -135.3770,
		 0.0000 4.1105 -135.3616,
		 0.0000 4.3884 -135.5414,
		 0.0000 4.3944 -135.3774,
		 0.0000 4.3884 -135.5414,
		 0.0000 4.3944 -135.5409,
		 0.0000 4.6935 -135.3940,
		 0.0000 4.3944 -135.3774,
		 0.0000 4.3944 -135.5409,
		 0.0000 4.6935 -135.5140,
		 0.0000 4.5214 -135.6215,
		 0.0000 4.6935 -135.6215,
		 0.0000 4.3944 -135.6215,
		 0.0000 4.3944 -135.5856,
		 0.0000 4.2744 -135.5453,
		 0.0000 4.2547 -135.6215,
		 0.0000 4.2744 -135.6215,
		 0.0000 4.3455 -135.5453,
		 0.0000 4.2744 -135.6215,
		 0.0000 4.3944 -135.5856,
		 0.0000 4.0018 -135.6215,
		 0.0000 4.0018 -135.3555,
		 0.0000 4.8760 -135.4041,
		 0.0000 4.6961 -135.6215,
		 0.0000 4.7019 -135.6215,
		 0.0000 4.6961 -135.5475,
		 0.0000 4.6935 -135.6215,
		 0.0000 4.6961 -135.5475,
		 0.0000 4.6935 -135.5770,
		 0.0000 8.3813 -139.2407,
		 0.0000 8.3813 -134.9738,
		 0.0000 1.5246 -139.2407,
		 0.0000 1.8291 -135.6215,
		 0.0000 1.8291 -138.8217,
		 0.0000 4.7019 -135.6215,
		 0.0000 1.8291 -135.6215,
		 0.0000 4.7019 -135.8883,
		 0.0000 4.8770 -135.8883,
		 0.0000 4.8777 -135.7858,
		 0.0000 4.7119 -135.8883,
		 0.0000 4.7019 -135.8883,
		 0.0000 4.7019 -135.6215,
		 0.0000 5.0103 -138.8217,
		 0.0000 5.0290 -138.8217,
		 0.0000 5.0290 -135.6215,
		 0.0000 5.0103 -135.6215,
		 0.0000 5.0046 -138.8217,
		 0.0000 5.0103 -135.6215,
		 0.0000 4.8777 -138.8217,
		 0.0000 4.8777 -135.7858,
		 0.0000 4.7253 -137.1067,
		 0.0000 4.7253 -137.2597,
		 0.0000 4.7253 -138.8217,
		 0.0000 4.7253 -138.4782,
		 0.0000 1.8291 -137.1073,
		 0.0000 4.7253 -137.2597,
		 0.0000 1.8291 -138.8217,
		 0.0000 5.0290 -135.6215,
		 0.0000 5.0290 -135.6215,
		 0.0000 8.0776 -135.6215,
		 0.0000 8.0776 -135.8883,
		 0.0000 7.9252 -137.2597,
		 0.0000 8.0776 -137.1067,
		 0.0000 7.9252 -137.1067,
		 0.0000 8.0776 -138.8217,
		 0.0000 8.0776 -135.6215,
		 0.0000 7.9252 -138.8217,
		 0.0000 7.9252 -138.4782,
		 0.0000 5.0290 -138.8217,
		 0.0000 7.9252 -137.2597,
		 0.0000 5.0290 -137.2597,
		 0.0000 7.9252 -138.4782,
		 0.0000 7.9252 -137.2597,
		 0.0000 7.9252 -135.8883,
		 0.0000 5.0290 -135.8883,
		 0.0000 7.9252 -137.1067,
		 0.0000 7.9252 -135.8883,
		 0.0000 4.7253 -135.8883,
		 0.0000 1.8291 -135.8883,
		 0.0000 4.7253 -137.1067,
		 0.0000 4.7253 -135.8883,
		 0.0000 4.7253 -137.2597,
		 0.0000 1.8291 -137.2597,
		 0.0000 4.7253 -138.4782,
		 0.0000 4.7253 -137.2597,
		 0.0000 4.0007 -135.2650,
		 0.0000 4.0007 -135.3555,
		 0.0000 4.0902 -135.2588,
		 0.0000 4.1105 -135.2574,
		 0.0000 4.1105 -135.3616,
		 0.0000 4.1105 -135.3616,
		 0.0000 4.8760 -135.4041,
		 0.0000 4.8760 -135.2043,
		 0.0000 4.1105 -135.2574,
		 0.0000 4.0007 -135.3555,
		 0.0000 4.0018 -135.3555,
		 0.0000 4.8897 -135.2033,
		 0.0000 4.8760 -135.4041,
		 0.0000 4.8897 -135.3959,
		 0.0000 4.9005 -135.2026,
		 0.0000 4.9013 -135.3682,
		 0.0000 4.8897 -135.3959,
		 0.0000 4.9024 -135.3695,
		 0.0000 4.9024 -135.3897,
		 0.0000 4.9024 -135.3897,
		 0.0000 4.9025 -135.3696,
		 0.0000 4.9024 -135.3695,
		 0.0000 4.9486 -135.1598,
		 0.0000 4.9486 -135.4227,
		 0.0000 4.9911 -135.1229,
		 0.0000 4.9486 -135.4227,
		 0.0000 4.9911 -135.4531,
		 0.0000 5.0189 -135.1009,
		 0.0000 5.0189 -135.2344,
		 0.0000 4.9976 -135.4577,
		 0.0000 5.0189 -135.4729,
		 0.0000 5.0189 -135.3465,
		 0.0000 4.9911 -135.4531,
		 0.0000 5.0293 -135.1017,
		 0.0000 5.0189 -135.1009,
		 0.0000 5.0189 -135.2344,
		 0.0000 5.0899 -135.1060,
		 0.0000 5.1373 -135.1094,
		 0.0000 5.1438 -135.1098,
		 0.0000 5.1438 -135.4817,
		 0.0000 5.1438 -135.1098,
		 0.0000 5.1055 -135.4791,
		 0.0000 5.0450 -135.4748,
		 0.0000 5.0189 -135.4729,
		 0.0000 5.0189 -135.3465,
		 0.0000 4.6992 -135.5101,
		 0.0000 4.6935 -135.5135,
		 0.0000 4.6935 -135.5140,
		 0.0000 4.6992 -135.5864,
		 0.0000 4.6992 -135.5101,
		 0.0000 4.6961 -135.5475,
		 0.0000 4.3455 -135.5136,
		 0.0000 4.3455 -135.5453,
		 0.0000 4.3455 -135.5453,
		 0.0000 4.3884 -135.5414
		]
	} #Coordinate3
	Material {
		ambientColor      0.1480 0.2314 0.2500  #ambientColor
		diffuseColor      0.5922 0.9255 1.0000  #diffuseColor
		transparency      0.0000                #transparency
	} #Material

	IndexedFaceSet {
		coordIndex [ 
		 0, 1, 2, 3,-1,
		 3, 2, 1, 0,-1,
		 0, 3, 7, 4,-1,
		 4, 7, 3, 0,-1,
		]
	} #IndexedFaceSet
	Material {
		ambientColor      0.2000 0.2029 0.1451  #ambientColor
		diffuseColor      0.8000 0.8118 0.5804  #diffuseColor
		transparency      0.0000                #transparency
	} #Material

	IndexedFaceSet {
		coordIndex [ 
		 8, 4, 5, 9,-1,
		 10, 11, 12, 13,-1,
		 14, 15, 16, 17,-1,
		 18, 19, 17, 20,-1,
		 21, 18, 20, 22,-1,
		 23, 24, 25, 26,-1,
		 27, 23, 26, 28,-1,
		 29, 27, 28, 30,-1,
		 31, 32, 33, 34,-1,
		 35, 29, 34, 36,-1,
		 37, 35, 36, 38,-1,
		 39, 40, 41,-1,
		 42, 37, 38, 43,-1,
		 44, 39, 43,-1,
		 45, 46, 47,-1,
		 48, 49, 50,-1,
		 51, 52, 53, 54,-1,
		 55, 56, 57, 58,-1,
		 59, 60, 61,-1,
		 62, 63, 61, 64,-1,
		 65, 66, 67, 68,-1,
		 69, 70, 71, 72,-1,
		 73, 69, 72, 74,-1,
		 75, 76, 77, 78,-1,
		 79, 80, 78,-1,
		 80, 81, 74, 82,-1,
		 83, 77, 76, 84,-1,
		 85, 86, 68,-1,
		 87, 88, 89,-1,
		 90, 91, 89, 92,-1,
		 93, 1, 0, 94,-1,
		 95, 96, 94, 97,-1,
		]
	} #IndexedFaceSet
	Material {
		ambientColor      0.2500 0.2500 0.2500  #ambientColor
		diffuseColor      1.0000 1.0000 1.0000  #diffuseColor
		transparency      0.0000                #transparency
	} #Material

	IndexedFaceSet {
		coordIndex [ 
		 98, 95, 11, 99,-1,
		 100, 101, 102, 103,-1,
		 104, 105, 106, 107,-1,
		 108, 104, 107, 109,-1,
		 110, 108, 109, 111,-1,
		 112, 113, 114, 115,-1,
		 116, 117, 115, 118,-1,
		 119, 116, 118, 120,-1,
		 121, 122, 123, 124,-1,
		 125, 126, 120, 127,-1,
		 128, 129, 130, 131,-1,
		 132, 133, 127, 134,-1,
		 135, 136, 137,-1,
		 138, 139, 137, 140,-1,
		 141, 142, 143, 144,-1,
		 145, 146, 144, 147,-1,
		 148, 33, 96, 149,-1,
		 150, 151, 149, 152,-1,
		 153, 154, 152, 155,-1,
		]
	} #IndexedFaceSet
	Material {
		ambientColor      0.0637 0.0637 0.0637  #ambientColor
		diffuseColor      0.2549 0.2549 0.2549  #diffuseColor
		transparency      0.0000                #transparency
	} #Material

	IndexedFaceSet {
		coordIndex [ 
		 156, 157, 158, 159,-1,
		 160, 143, 151, 161,-1,
		]
	} #IndexedFaceSet
	Material {
		ambientColor      0.0000 0.1696 0.2127  #ambientColor
		diffuseColor      0.0000 0.6784 0.8510  #diffuseColor
		transparency      0.0000                #transparency
	} #Material

	IndexedFaceSet {
		coordIndex [ 
		 154, 153, 157, 156,-1,
		]
	} #IndexedFaceSet
	Material {
		ambientColor      0.0637 0.0637 0.0637  #ambientColor
		diffuseColor      0.2549 0.2549 0.2549  #diffuseColor
		transparency      0.0000                #transparency
	} #Material

	IndexedFaceSet {
		coordIndex [ 
		 162, 163, 164, 165,-1,
		 166, 167, 168, 169,-1,
		]
	} #IndexedFaceSet
	Material {
		ambientColor      0.0000 0.1696 0.2127  #ambientColor
		diffuseColor      0.0000 0.6784 0.8510  #diffuseColor
		transparency      0.0000                #transparency
	} #Material

	IndexedFaceSet {
		coordIndex [ 
		 146, 145, 163, 162,-1,
		]
	} #IndexedFaceSet
	Material {
		ambientColor      0.0637 0.0637 0.0637  #ambientColor
		diffuseColor      0.2549 0.2549 0.2549  #diffuseColor
		transparency      0.0000                #transparency
	} #Material

	IndexedFaceSet {
		coordIndex [ 
		 170, 171, 172, 173,-1,
		 174, 106, 124, 175,-1,
		]
	} #IndexedFaceSet
	Material {
		ambientColor      0.0000 0.1696 0.2127  #ambientColor
		diffuseColor      0.0000 0.6784 0.8510  #diffuseColor
		transparency      0.0000                #transparency
	} #Material

	IndexedFaceSet {
		coordIndex [ 
		 131, 176, 171, 170,-1,
		]
	} #IndexedFaceSet
	Material {
		ambientColor      0.0637 0.0637 0.0637  #ambientColor
		diffuseColor      0.2549 0.2549 0.2549  #diffuseColor
		transparency      0.0000                #transparency
	} #Material

	IndexedFaceSet {
		coordIndex [ 
		 177, 178, 179, 180,-1,
		 181, 121, 126, 182,-1,
		]
	} #IndexedFaceSet
	Material {
		ambientColor      0.0000 0.1696 0.2127  #ambientColor
		diffuseColor      0.0000 0.6784 0.8510  #diffuseColor
		transparency      0.0000                #transparency
	} #Material

	IndexedFaceSet {
		coordIndex [ 
		 133, 132, 178, 177,-1,
		]
	} #IndexedFaceSet
	Material {
		ambientColor      0.2108 0.2098 0.0608  #ambientColor
		diffuseColor      0.8431 0.8392 0.2431  #diffuseColor
		transparency      0.0000                #transparency
	} #Material

	IndexedFaceSet {
		coordIndex [ 
		 183, 57, 15, 184,-1,
		 185, 186, 184, 187,-1,
		 188, 185, 187, 189,-1,
		 190, 191, 192, 193,-1,
		 186, 194, 195,-1,
		 196, 197, 191, 198,-1,
		 199, 200, 198,-1,
		 201, 202, 200, 203,-1,
		 204, 201, 203, 205,-1,
		 206, 207, 208,-1,
		 209, 200, 18, 210,-1,
		 211, 212, 210, 213,-1,
		 214, 215, 213, 23, 216,-1,
		 217, 218, 219, 220,-1,
		 215, 217, 220, 221,-1,
		 222, 223, 224, 225,-1,
		 226, 222, 225, 227,-1,
		 228, 226, 227, 229,-1,
		 230, 228, 229, 231,-1,
		 232, 27, 29, 35, 233,-1,
		 234, 230, 233, 37, 235,-1,
		 236, 234, 235, 237,-1,
		 238, 236, 237, 239,-1,
		]
	} #IndexedFaceSet
	Material {
		ambientColor      0.0696 0.0696 0.0696  #ambientColor
		diffuseColor      0.2784 0.2784 0.2784  #diffuseColor
		transparency      0.0000                #transparency
	} #Material

	IndexedFaceSet {
		coordIndex [ 
		 240, 241, 242, 243,-1,
		 244, 201, 39, 116, 104, 108, 245,-1,
		 246, 240, 245,-1,
		 247, 77, 186, 185, 248,-1,
		 249, 250, 248,-1,
		 69, 80, 240, 70,-1,
		 215, 222, 226, 228, 230, 234, 236, 217,-1,
		]
	} #IndexedFaceSet
	Material {
		ambientColor      0.2000 0.2029 0.1451  #ambientColor
		diffuseColor      0.8000 0.8118 0.5804  #diffuseColor
		transparency      0.0000                #transparency
	} #Material

	IndexedFaceSet {
		coordIndex [ 
		 251, 5, 4, 252,-1,
		 253, 254, 11, 255,-1,
		 256, 257, 15, 258,-1,
		 259, 256, 260, 18,-1,
		 261, 259, 18, 262,-1,
		 263, 264, 265, 23,-1,
		 266, 263, 23, 27,-1,
		 267, 266, 27, 29,-1,
		 268, 33, 269, 270,-1,
		 271, 268, 29, 35,-1,
		 272, 271, 35, 37,-1,
		 273, 274, 39,-1,
		 275, 272, 37, 276,-1,
		 275, 39, 277,-1,
		 278, 279, 280,-1,
		 281, 282, 283,-1,
		 284, 285, 286, 287,-1,
		 288, 57, 289, 290,-1,
		 291, 292, 293,-1,
		 294, 291, 295, 296,-1,
		 297, 298, 299, 300,-1,
		 301, 302, 70, 69,-1,
		 303, 301, 69, 304,-1,
		 305, 77, 306, 307,-1,
		 305, 80, 308,-1,
		 309, 303, 310, 80,-1,
		 311, 306, 77, 312,-1,
		 297, 86, 313,-1,
		 314, 315, 316,-1,
		 317, 314, 318, 319,-1,
		 320, 0, 1, 321,-1,
		 322, 320, 96, 95,-1,
		]
	} #IndexedFaceSet
	Material {
		ambientColor      0.2500 0.2500 0.2500  #ambientColor
		diffuseColor      1.0000 1.0000 1.0000  #diffuseColor
		transparency      0.0000                #transparency
	} #Material

	IndexedFaceSet {
		coordIndex [ 
		 323, 11, 95, 324,-1,
		 325, 326, 101, 327,-1,
		 328, 106, 329, 104,-1,
		 330, 328, 104, 108,-1,
		 331, 330, 108, 332,-1,
		 333, 334, 335, 336,-1,
		 337, 333, 338, 116,-1,
		 339, 337, 116, 340,-1,
		 124, 341, 342, 121,-1,
		 343, 339, 126, 344,-1,
		 131, 345, 129, 346,-1,
		 347, 343, 133, 132,-1,
		 348, 349, 135,-1,
		 350, 348, 139, 351,-1,
		 352, 143, 353, 354,-1,
		 147, 352, 146, 145,-1,
		 355, 96, 33, 356,-1,
		 357, 355, 151, 358,-1,
		 359, 357, 154, 153,-1,
		]
	} #IndexedFaceSet
	Material {
		ambientColor      0.0637 0.0637 0.0637  #ambientColor
		diffuseColor      0.2549 0.2549 0.2549  #diffuseColor
		transparency      0.0000                #transparency
	} #Material

	IndexedFaceSet {
		coordIndex [ 
		 360, 361, 157, 156,-1,
		 362, 151, 143, 363,-1,
		]
	} #IndexedFaceSet
	Material {
		ambientColor      0.0000 0.1696 0.2127  #ambientColor
		diffuseColor      0.0000 0.6784 0.8510  #diffuseColor
		transparency      0.0000                #transparency
	} #Material

	IndexedFaceSet {
		coordIndex [ 
		 156, 157, 153, 154,-1,
		]
	} #IndexedFaceSet
	Material {
		ambientColor      0.0637 0.0637 0.0637  #ambientColor
		diffuseColor      0.2549 0.2549 0.2549  #diffuseColor
		transparency      0.0000                #transparency
	} #Material

	IndexedFaceSet {
		coordIndex [ 
		 364, 365, 163, 162,-1,
		 366, 168, 167, 367,-1,
		]
	} #IndexedFaceSet
	Material {
		ambientColor      0.0000 0.1696 0.2127  #ambientColor
		diffuseColor      0.0000 0.6784 0.8510  #diffuseColor
		transparency      0.0000                #transparency
	} #Material

	IndexedFaceSet {
		coordIndex [ 
		 162, 163, 145, 146,-1,
		]
	} #IndexedFaceSet
	Material {
		ambientColor      0.0637 0.0637 0.0637  #ambientColor
		diffuseColor      0.2549 0.2549 0.2549  #diffuseColor
		transparency      0.0000                #transparency
	} #Material

	IndexedFaceSet {
		coordIndex [ 
		 368, 369, 171, 170,-1,
		 370, 124, 106, 371,-1,
		]
	} #IndexedFaceSet
	Material {
		ambientColor      0.0000 0.1696 0.2127  #ambientColor
		diffuseColor      0.0000 0.6784 0.8510  #diffuseColor
		transparency      0.0000                #transparency
	} #Material

	IndexedFaceSet {
		coordIndex [ 
		 170, 171, 176, 131,-1,
		]
	} #IndexedFaceSet
	Material {
		ambientColor      0.0637 0.0637 0.0637  #ambientColor
		diffuseColor      0.2549 0.2549 0.2549  #diffuseColor
		transparency      0.0000                #transparency
	} #Material

	IndexedFaceSet {
		coordIndex [ 
		 372, 373, 178, 177,-1,
		 374, 126, 121, 375,-1,
		]
	} #IndexedFaceSet
	Material {
		ambientColor      0.0000 0.1696 0.2127  #ambientColor
		diffuseColor      0.0000 0.6784 0.8510  #diffuseColor
		transparency      0.0000                #transparency
	} #Material

	IndexedFaceSet {
		coordIndex [ 
		 177, 178, 132, 133,-1,
		]
	} #IndexedFaceSet
	Material {
		ambientColor      0.2108 0.2098 0.0608  #ambientColor
		diffuseColor      0.8431 0.8392 0.2431  #diffuseColor
		transparency      0.0000                #transparency
	} #Material

	IndexedFaceSet {
		coordIndex [ 
		 376, 15, 57, 377,-1,
		 378, 376, 186, 185,-1,
		 379, 378, 185, 380,-1,
		 381, 382, 383, 384,-1,
		 385, 386, 186,-1,
		 387, 383, 388, 389,-1,
		 387, 200, 390,-1,
		 391, 200, 392, 201,-1,
		 393, 391, 201, 394,-1,
		 395, 396, 397,-1,
		 398, 18, 200, 399,-1,
		 400, 398, 401, 402,-1,
		 403, 23, 400, 215, 404,-1,
		 405, 406, 407, 217,-1,
		 408, 405, 217, 215,-1,
		 409, 410, 411, 222,-1,
		 412, 409, 222, 226,-1,
		 413, 412, 226, 228,-1,
		 414, 413, 228, 230,-1,
		 415, 35, 29, 27, 416,-1,
		 417, 37, 415, 230, 234,-1,
		 418, 417, 234, 236,-1,
		 419, 418, 236, 420,-1,
		]
	} #IndexedFaceSet
	Material {
		ambientColor      0.0696 0.0696 0.0696  #ambientColor
		diffuseColor      0.2784 0.2784 0.2784  #diffuseColor
		transparency      0.0000                #transparency
	} #Material

	IndexedFaceSet {
		coordIndex [ 
		 421, 422, 423, 240,-1,
		 424, 108, 104, 116, 39, 201, 425,-1,
		 424, 240, 426,-1,
		 427, 185, 186, 77, 428,-1,
		 427, 429, 430,-1,
		 70, 240, 80, 69,-1,
		 217, 236, 234, 230, 228, 226, 222, 215,-1,
		]
	} #IndexedFaceSet
	Material {
		ambientColor      0.1480 0.2314 0.2500  #ambientColor
		diffuseColor      0.5922 0.9255 1.0000  #diffuseColor
		transparency      0.0000                #transparency
	} #Material

	IndexedFaceSet {
		coordIndex [ 
		 2, 1, 5, 6,-1,
		 6, 5, 1, 2,-1,
		]
	} #IndexedFaceSet
	Material {
		ambientColor      0.1480 0.2314 0.2500  #ambientColor
		diffuseColor      0.5922 0.9255 1.0000  #diffuseColor
		transparency      1.0000                #transparency
	} #Material

	IndexedFaceSet {
		coordIndex [ 
		 3, 2, 6, 7,-1,
		 7, 6, 2, 3,-1,
		]
	} #IndexedFaceSet
	Material {
		ambientColor      0.1480 0.2314 0.2500  #ambientColor
		diffuseColor      0.5922 0.9255 1.0000  #diffuseColor
		transparency      0.0000                #transparency
	} #Material

	IndexedFaceSet {
		coordIndex [ 
		 7, 6, 5, 4,-1,
		 4, 5, 6, 7,-1,
		]
	} #IndexedFaceSet
} #Polyhedron
Separator { #Polyhedron
	DEF COORD59 Coordinate3 {
		point [
		 0.0000 9.4482 -134.9738,
		 0.0000 9.4482 -129.1829,
		 -0.6096 9.4482 -129.1829,
		 -0.6096 9.4482 -134.9738,
		 0.0000 -0.6096 -134.9738,
		 0.0000 -0.6096 -129.1829,
		 -0.6096 -0.6096 -129.1829,
		 -0.6096 -0.6096 -134.9738
		]
	} #Coordinate3
	Material {
		ambientColor      0.1480 0.2314 0.2500  #ambientColor
		diffuseColor      0.5922 0.9255 1.0000  #diffuseColor
		transparency      0.0000                #transparency
	} #Material

	IndexedFaceSet {
		coordIndex [ 
		 0, 1, 2, 3,-1,
		 3, 2, 1, 0,-1,
		 0, 3, 7, 4,-1,
		 4, 7, 3, 0,-1,
		 1, 0, 4, 5,-1,
		 5, 4, 0, 1,-1,
		 2, 1, 5, 6,-1,
		 6, 5, 1, 2,-1,
		 3, 2, 6, 7,-1,
		 7, 6, 2, 3,-1,
		 7, 6, 5, 4,-1,
		 4, 5, 6, 7,-1,
		]
	} #IndexedFaceSet
} #Polyhedron
Separator { #Polyhedron
	DEF COORD60 Coordinate3 {
		point [
		 -23.7730 9.4482 -142.5933,
		 -23.7730 9.4482 -129.1829,
		 -24.3826 9.4482 -129.1829,
		 -24.3826 9.4482 -142.5933,
		 -23.7730 -0.6096 -142.5933,
		 -23.7730 -0.6096 -129.1829,
		 -24.3826 -0.6096 -129.1829,
		 -24.3826 -0.6096 -142.5933
		]
	} #Coordinate3
	Material {
		ambientColor      0.1480 0.2314 0.2500  #ambientColor
		diffuseColor      0.5922 0.9255 1.0000  #diffuseColor
		transparency      0.0000                #transparency
	} #Material

	IndexedFaceSet {
		coordIndex [ 
		 0, 1, 2, 3,-1,
		 3, 2, 1, 0,-1,
		 0, 3, 7, 4,-1,
		 4, 7, 3, 0,-1,
		 1, 0, 4, 5,-1,
		 5, 4, 0, 1,-1,
		 2, 1, 5, 6,-1,
		 6, 5, 1, 2,-1,
		 3, 2, 6, 7,-1,
		 7, 6, 2, 3,-1,
		 7, 6, 5, 4,-1,
		 4, 5, 6, 7,-1,
		]
	} #IndexedFaceSet
} #Polyhedron
Separator { #Polyhedron
	DEF COORD61 Coordinate3 {
		point [
		 -23.7730 1.6763 -129.1829,
		 -21.3347 1.6763 -123.3921,
		 -21.9443 1.6763 -123.3921,
		 -24.3826 1.6763 -129.1829,
		 -23.7730 -0.6096 -129.1829,
		 -21.3347 -0.6096 -123.3921,
		 -21.9443 -0.6096 -123.3921,
		 -24.3826 -0.6096 -129.1829,
		 -21.9443 1.6760 -123.3921,
		 -24.3826 1.6760 -129.1829,
		 -22.0756 1.6760 -123.7062,
		 -22.0756 1.6760 -123.7062,
		 -22.8445 1.6760 -125.5317,
		 -21.9443 1.6760 -123.3921,
		 -21.9443 1.6760 -123.3921,
		 -22.0756 1.6760 -123.7062,
		 -21.9573 1.6760 -123.4253,
		 -21.9573 1.6763 -123.4253,
		 -24.3825 1.6760 -129.1828,
		 -24.3825 8.5340 -129.1828,
		 -24.2642 8.5340 -128.9020,
		 -24.2642 1.6760 -128.9020,
		 -22.0756 8.5329 -123.7062,
		 -22.0756 8.5340 -123.7062,
		 -21.9573 8.5340 -123.4253,
		 -21.9573 8.5329 -123.4253,
		 -22.0756 5.1814 -123.7062,
		 -22.0756 8.3806 -123.7062,
		 -21.9573 8.3806 -123.4253,
		 -21.9573 5.1814 -123.4253,
		 -21.9573 5.0283 -123.4253,
		 -21.9573 1.8283 -123.4253,
		 -22.0756 1.8283 -123.7062,
		 -22.0756 5.0283 -123.7062,
		 -21.9573 5.1814 -123.4253,
		 -22.0754 5.0283 -123.7057,
		 -22.0754 5.1814 -123.7057,
		 -21.9573 1.8283 -123.4253,
		 -22.0754 1.6760 -123.7057,
		 -22.0754 1.8283 -123.7057,
		 -21.9573 8.5329 -123.4253,
		 -22.0754 8.3806 -123.7057,
		 -22.0754 8.5329 -123.7057,
		 -23.6135 8.5329 -127.3572,
		 -23.6135 8.5340 -127.3572,
		 -23.5544 8.5340 -127.2168,
		 -23.5544 8.5329 -127.2168,
		 -23.6135 5.1814 -127.3572,
		 -23.6135 8.3806 -127.3572,
		 -23.5544 8.3806 -127.2168,
		 -23.5544 5.1814 -127.2168,
		 -23.5544 5.0283 -127.2168,
		 -23.5544 1.8283 -127.2168,
		 -23.6135 1.8283 -127.3572,
		 -23.6135 5.0283 -127.3572,
		 -22.8445 8.5329 -125.5317,
		 -22.8445 8.5340 -125.5317,
		 -22.7854 8.5340 -125.3913,
		 -22.7854 8.5329 -125.3913,
		 -22.8445 5.1814 -125.5317,
		 -22.8445 8.3806 -125.5317,
		 -22.7854 8.3806 -125.3913,
		 -22.7854 5.1814 -125.3913,
		 -22.7854 5.0283 -125.3913,
		 -22.7854 1.8283 -125.3913,
		 -22.8445 1.8283 -125.5317,
		 -22.8445 5.0283 -125.5317,
		 -24.2642 8.3806 -128.9020,
		 -24.2642 8.5329 -128.9020,
		 -22.0754 1.6760 -123.7057,
		 -24.2642 1.6760 -128.9020,
		 -24.2642 1.8283 -128.9020,
		 -24.2642 5.0283 -128.9020,
		 -24.2642 5.1814 -128.9020,
		 -24.3826 1.6760 -129.1829,
		 -21.9443 1.6760 -123.3921,
		 -22.0756 1.6760 -123.7062,
		 -22.0756 1.6760 -123.7062,
		 -21.9443 1.6760 -123.3921,
		 -21.9443 1.6760 -123.3921,
		 -21.9573 1.6763 -123.4253,
		 -21.9573 8.5329 -123.4253,
		 -22.0756 8.5329 -123.7062,
		 -21.9573 5.1814 -123.4253,
		 -21.9573 8.3806 -123.4253,
		 -22.0756 8.3806 -123.7062,
		 -22.0756 5.1814 -123.7062,
		 -22.0756 5.0283 -123.7062,
		 -22.0756 1.8283 -123.7062,
		 -21.9573 1.8283 -123.4253,
		 -21.9573 5.0283 -123.4253,
		 -21.9573 5.1814 -123.4253,
		 -22.0754 1.6760 -123.7057,
		 -21.9573 1.8283 -123.4253,
		 -21.9573 8.5329 -123.4253,
		 -23.5544 8.5329 -127.2168,
		 -23.6135 8.5329 -127.3572,
		 -23.5544 5.1814 -127.2168,
		 -23.5544 8.3806 -127.2168,
		 -23.6135 8.3806 -127.3572,
		 -23.6135 5.1814 -127.3572,
		 -23.6135 5.0283 -127.3572,
		 -23.6135 1.8283 -127.3572,
		 -23.5544 1.8283 -127.2168,
		 -23.5544 5.0283 -127.2168,
		 -22.7854 8.5329 -125.3913,
		 -22.8445 8.5329 -125.5317,
		 -22.7854 5.1814 -125.3913,
		 -22.7854 8.3806 -125.3913,
		 -22.8445 8.3806 -125.5317,
		 -22.8445 5.1814 -125.5317,
		 -22.8445 5.0283 -125.5317,
		 -22.8445 1.8283 -125.5317,
		 -22.7854 1.8283 -125.3913,
		 -22.7854 5.0283 -125.3913
		]
	} #Coordinate3
	Material {
		ambientColor      0.1480 0.2314 0.2500  #ambientColor
		diffuseColor      0.5922 0.9255 1.0000  #diffuseColor
		transparency      0.0000                #transparency
	} #Material

	IndexedFaceSet {
		coordIndex [ 
		 0, 1, 2, 3,-1,
		 3, 2, 1, 0,-1,
		 0, 3, 7, 4,-1,
		 4, 7, 3, 0,-1,
		 1, 0, 4, 5,-1,
		 5, 4, 0, 1,-1,
		 2, 1, 5, 6,-1,
		 6, 5, 1, 2,-1,
		 8, 6, 7, 9,-1,
		 10, 11, 12,-1,
		 13, 14, 15,-1,
		 2, 13, 16, 17,-1,
		]
	} #IndexedFaceSet
	Material {
		ambientColor      0.2500 0.2500 0.2500  #ambientColor
		diffuseColor      1.0000 1.0000 1.0000  #diffuseColor
		transparency      0.0000                #transparency
	} #Material

	IndexedFaceSet {
		coordIndex [ 
		 18, 19, 20, 21,-1,
		 22, 23, 24, 25,-1,
		 26, 27, 28, 29,-1,
		 30, 31, 32, 33,-1,
		 34, 30, 35, 36,-1,
		 37, 16, 38, 39,-1,
		 40, 28, 41, 42,-1,
		 43, 44, 45, 46,-1,
		 47, 48, 49, 50,-1,
		 51, 52, 53, 54,-1,
		 55, 56, 57, 58,-1,
		 59, 60, 61, 62,-1,
		 63, 64, 65, 66,-1,
		 42, 41, 67, 68,-1,
		 39, 69, 70, 71,-1,
		 36, 35, 72, 73,-1,
		]
	} #IndexedFaceSet
	Material {
		ambientColor      0.1480 0.2314 0.2500  #ambientColor
		diffuseColor      0.5922 0.9255 1.0000  #diffuseColor
		transparency      0.0000                #transparency
	} #Material

	IndexedFaceSet {
		coordIndex [ 
		 74, 7, 6, 75,-1,
		 12, 76, 77,-1,
		 15, 78, 79,-1,
		 80, 16, 79, 2,-1,
		]
	} #IndexedFaceSet
	Material {
		ambientColor      0.2500 0.2500 0.2500  #ambientColor
		diffuseColor      1.0000 1.0000 1.0000  #diffuseColor
		transparency      0.0000                #transparency
	} #Material

	IndexedFaceSet {
		coordIndex [ 
		 21, 20, 19, 18,-1,
		 81, 24, 23, 82,-1,
		 83, 84, 85, 86,-1,
		 87, 88, 89, 90,-1,
		 36, 35, 90, 91,-1,
		 39, 92, 16, 93,-1,
		 42, 41, 84, 94,-1,
		 95, 45, 44, 96,-1,
		 97, 98, 99, 100,-1,
		 101, 102, 103, 104,-1,
		 105, 57, 56, 106,-1,
		 107, 108, 109, 110,-1,
		 111, 112, 113, 114,-1,
		 68, 67, 41, 42,-1,
		 71, 70, 69, 39,-1,
		 73, 72, 35, 36,-1,
		]
	} #IndexedFaceSet
	Material {
		ambientColor      0.1480 0.2314 0.2500  #ambientColor
		diffuseColor      0.5922 0.9255 1.0000  #diffuseColor
		transparency      0.0000                #transparency
	} #Material

	IndexedFaceSet {
		coordIndex [ 
		 7, 6, 5, 4,-1,
		 4, 5, 6, 7,-1,
		]
	} #IndexedFaceSet
} #Polyhedron
Separator { #Polyhedron
	DEF COORD62 Coordinate3 {
		point [
		 -15.2391 1.6763 -120.3443,
		 -9.1435 1.6763 -120.3443,
		 -9.1435 1.6763 -119.7347,
		 -15.2391 1.6763 -119.7347,
		 -15.2391 -0.6096 -120.3443,
		 -9.1435 -0.6096 -120.3443,
		 -9.1435 -0.6096 -119.7347,
		 -15.2391 -0.6096 -119.7347,
		 -9.1435 1.6762 -119.7347,
		 -15.2391 1.6762 -119.7347,
		 -9.4486 1.6762 -119.7347,
		 -9.4486 1.6762 -119.7347,
		 -11.4296 1.6762 -119.7347,
		 -9.1435 1.6762 -119.7347,
		 -9.1435 1.6762 -119.7347,
		 -9.4486 1.6762 -119.7347,
		 -15.2391 1.6762 -119.7347,
		 -15.2391 8.5344 -119.7347,
		 -14.9343 8.5344 -119.7347,
		 -14.9343 1.6762 -119.7347,
		 -9.4486 8.5333 -119.7347,
		 -9.4486 8.5344 -119.7347,
		 -9.1439 8.5344 -119.7347,
		 -9.1439 8.5333 -119.7347,
		 -9.4486 5.1817 -119.7347,
		 -9.4486 8.3809 -119.7347,
		 -9.1439 8.3809 -119.7347,
		 -9.1439 5.1817 -119.7347,
		 -9.1439 5.0286 -119.7347,
		 -9.1439 1.8286 -119.7347,
		 -9.4486 1.8286 -119.7347,
		 -9.4486 5.0286 -119.7347,
		 -9.1439 5.1817 -119.7347,
		 -9.4482 5.0286 -119.7347,
		 -9.4482 5.1817 -119.7347,
		 -9.1439 1.8286 -119.7347,
		 -9.1439 1.6762 -119.7347,
		 -9.4482 1.6762 -119.7347,
		 -9.4482 1.8286 -119.7347,
		 -9.1439 8.5333 -119.7347,
		 -9.4482 8.3809 -119.7347,
		 -9.4482 8.5333 -119.7347,
		 -13.2581 8.5333 -119.7347,
		 -13.2581 8.5344 -119.7347,
		 -13.1058 8.5344 -119.7347,
		 -13.1058 8.5333 -119.7347,
		 -13.2581 5.1817 -119.7347,
		 -13.2581 8.3809 -119.7347,
		 -13.1058 8.3809 -119.7347,
		 -13.1058 5.1817 -119.7347,
		 -13.1058 5.0286 -119.7347,
		 -13.1058 1.8286 -119.7347,
		 -13.2581 1.8286 -119.7347,
		 -13.2581 5.0286 -119.7347,
		 -11.4296 8.5333 -119.7347,
		 -11.4296 8.5344 -119.7347,
		 -11.2772 8.5344 -119.7347,
		 -11.2772 8.5333 -119.7347,
		 -11.4296 5.1817 -119.7347,
		 -11.4296 8.3809 -119.7347,
		 -11.2772 8.3809 -119.7347,
		 -11.2772 5.1817 -119.7347,
		 -11.2772 5.0286 -119.7347,
		 -11.2772 1.8286 -119.7347,
		 -11.4296 1.8286 -119.7347,
		 -11.4296 5.0286 -119.7347,
		 -14.9343 8.3809 -119.7347,
		 -14.9343 8.5333 -119.7347,
		 -9.4482 1.6762 -119.7347,
		 -14.9343 1.6762 -119.7347,
		 -14.9343 1.8286 -119.7347,
		 -14.9343 5.0286 -119.7347,
		 -14.9343 5.1817 -119.7347,
		 -15.2391 1.6762 -119.7347,
		 -9.1435 1.6762 -119.7347,
		 -9.4486 1.6762 -119.7347,
		 -9.4486 1.6762 -119.7347,
		 -9.1435 1.6762 -119.7347,
		 -9.1435 1.6762 -119.7347,
		 -9.1439 8.5333 -119.7347,
		 -9.4486 8.5333 -119.7347,
		 -9.1439 5.1817 -119.7347,
		 -9.1439 8.3809 -119.7347,
		 -9.4486 8.3809 -119.7347,
		 -9.4486 5.1817 -119.7347,
		 -9.4486 5.0286 -119.7347,
		 -9.4486 1.8286 -119.7347,
		 -9.1439 1.8286 -119.7347,
		 -9.1439 5.0286 -119.7347,
		 -9.1439 5.1817 -119.7347,
		 -9.4482 1.6762 -119.7347,
		 -9.1439 1.8286 -119.7347,
		 -9.1439 8.5333 -119.7347,
		 -13.1058 8.5333 -119.7347,
		 -13.2581 8.5333 -119.7347,
		 -13.1058 5.1817 -119.7347,
		 -13.1058 8.3809 -119.7347,
		 -13.2581 8.3809 -119.7347,
		 -13.2581 5.1817 -119.7347,
		 -13.2581 5.0286 -119.7347,
		 -13.2581 1.8286 -119.7347,
		 -13.1058 1.8286 -119.7347,
		 -13.1058 5.0286 -119.7347,
		 -11.2772 8.5333 -119.7347,
		 -11.4296 8.5333 -119.7347,
		 -11.2772 5.1817 -119.7347,
		 -11.2772 8.3809 -119.7347,
		 -11.4296 8.3809 -119.7347,
		 -11.4296 5.1817 -119.7347,
		 -11.4296 5.0286 -119.7347,
		 -11.4296 1.8286 -119.7347,
		 -11.2772 1.8286 -119.7347,
		 -11.2772 5.0286 -119.7347
		]
	} #Coordinate3
	Material {
		ambientColor      0.1480 0.2314 0.2500  #ambientColor
		diffuseColor      0.5922 0.9255 1.0000  #diffuseColor
		transparency      0.0000                #transparency
	} #Material

	IndexedFaceSet {
		coordIndex [ 
		 0, 1, 2, 3,-1,
		 3, 2, 1, 0,-1,
		 0, 3, 7, 4,-1,
		 4, 7, 3, 0,-1,
		 1, 0, 4, 5,-1,
		 5, 4, 0, 1,-1,
		 2, 1, 5, 6,-1,
		 6, 5, 1, 2,-1,
		 8, 6, 7, 9,-1,
		 10, 11, 12,-1,
		 13, 14, 15,-1,
		]
	} #IndexedFaceSet
	Material {
		ambientColor      0.2500 0.2500 0.2500  #ambientColor
		diffuseColor      1.0000 1.0000 1.0000  #diffuseColor
		transparency      0.0000                #transparency
	} #Material

	IndexedFaceSet {
		coordIndex [ 
		 16, 17, 18, 19,-1,
		 20, 21, 22, 23,-1,
		 24, 25, 26, 27,-1,
		 28, 29, 30, 31,-1,
		 32, 28, 33, 34,-1,
		 35, 36, 37, 38,-1,
		 39, 26, 40, 41,-1,
		 42, 43, 44, 45,-1,
		 46, 47, 48, 49,-1,
		 50, 51, 52, 53,-1,
		 54, 55, 56, 57,-1,
		 58, 59, 60, 61,-1,
		 62, 63, 64, 65,-1,
		 41, 40, 66, 67,-1,
		 38, 68, 69, 70,-1,
		 34, 33, 71, 72,-1,
		]
	} #IndexedFaceSet
	Material {
		ambientColor      0.1480 0.2314 0.2500  #ambientColor
		diffuseColor      0.5922 0.9255 1.0000  #diffuseColor
		transparency      0.0000                #transparency
	} #Material

	IndexedFaceSet {
		coordIndex [ 
		 73, 7, 6, 74,-1,
		 12, 75, 76,-1,
		 15, 77, 78,-1,
		]
	} #IndexedFaceSet
	Material {
		ambientColor      0.2500 0.2500 0.2500  #ambientColor
		diffuseColor      1.0000 1.0000 1.0000  #diffuseColor
		transparency      0.0000                #transparency
	} #Material

	IndexedFaceSet {
		coordIndex [ 
		 19, 18, 17, 16,-1,
		 79, 22, 21, 80,-1,
		 81, 82, 83, 84,-1,
		 85, 86, 87, 88,-1,
		 34, 33, 88, 89,-1,
		 38, 90, 36, 91,-1,
		 41, 40, 82, 92,-1,
		 93, 44, 43, 94,-1,
		 95, 96, 97, 98,-1,
		 99, 100, 101, 102,-1,
		 103, 56, 55, 104,-1,
		 105, 106, 107, 108,-1,
		 109, 110, 111, 112,-1,
		 67, 66, 40, 41,-1,
		 70, 69, 68, 38,-1,
		 72, 71, 33, 34,-1,
		]
	} #IndexedFaceSet
	Material {
		ambientColor      0.1480 0.2314 0.2500  #ambientColor
		diffuseColor      0.5922 0.9255 1.0000  #diffuseColor
		transparency      0.0000                #transparency
	} #Material

	IndexedFaceSet {
		coordIndex [ 
		 7, 6, 5, 4,-1,
		 4, 5, 6, 7,-1,
		]
	} #IndexedFaceSet
} #Polyhedron
Separator { #Polyhedron
	DEF COORD63 Coordinate3 {
		point [
		 -8.5339 1.6763 -120.3443,
		 -3.6574 1.6763 -123.3921,
		 -3.6574 1.6763 -122.7825,
		 -8.5339 1.6763 -119.7347,
		 -8.5339 -0.6096 -120.3443,
		 -3.6574 -0.6096 -123.3921,
		 -3.6574 -0.6096 -122.7825,
		 -8.5339 -0.6096 -119.7347,
		 -3.6574 1.6762 -122.7825,
		 -8.5339 1.6762 -119.7347,
		 -3.8764 1.6762 -122.6326,
		 -3.8764 1.6762 -122.6326,
		 -5.4289 1.6762 -121.6666,
		 -3.6574 1.6762 -122.7825,
		 -3.6574 1.6762 -122.7825,
		 -3.8764 1.6762 -122.6326,
		 -8.5339 1.6762 -119.7347,
		 -8.5339 8.5343 -119.7347,
		 -8.2751 8.5343 -119.8957,
		 -8.2751 1.6762 -119.8957,
		 -3.8764 8.5343 -122.6326,
		 -3.6176 8.5343 -122.7936,
		 -3.6176 1.6762 -122.7936,
		 -6.9814 8.5332 -120.7007,
		 -6.9814 8.5343 -120.7007,
		 -6.8520 8.5343 -120.7812,
		 -6.8520 8.5332 -120.7812,
		 -6.9814 5.1816 -120.7007,
		 -6.9814 8.3808 -120.7007,
		 -6.8520 8.3808 -120.7812,
		 -6.8520 5.1816 -120.7812,
		 -6.8520 5.0285 -120.7812,
		 -6.8520 1.8286 -120.7812,
		 -6.9814 1.8286 -120.7007,
		 -6.9814 5.0285 -120.7007,
		 -5.4289 8.5332 -121.6666,
		 -5.4289 8.5343 -121.6666,
		 -5.2995 8.5343 -121.7471,
		 -5.2995 8.5332 -121.7471,
		 -5.4289 5.1816 -121.6666,
		 -5.4289 8.3808 -121.6666,
		 -5.2995 8.3808 -121.7471,
		 -5.2995 5.1816 -121.7471,
		 -5.2995 5.0285 -121.7471,
		 -5.2995 1.8286 -121.7471,
		 -5.4289 1.8286 -121.6666,
		 -5.4289 5.0285 -121.6666,
		 -3.8764 8.5332 -122.6326,
		 -3.8764 8.3808 -122.6326,
		 -8.2751 8.3808 -119.8957,
		 -8.2751 8.5332 -119.8957,
		 -3.8764 1.8286 -122.6326,
		 -3.8764 1.6762 -122.6326,
		 -8.2751 1.6762 -119.8957,
		 -8.2751 1.8286 -119.8957,
		 -3.8764 5.1816 -122.6326,
		 -3.8764 5.0285 -122.6326,
		 -8.2751 5.0285 -119.8957,
		 -8.2751 5.1816 -119.8957,
		 -8.5339 1.6762 -119.7347,
		 -3.6574 1.6762 -122.7825,
		 -3.8764 1.6762 -122.6326,
		 -3.8764 1.6762 -122.6326,
		 -3.6574 1.6762 -122.7825,
		 -3.6574 1.6762 -122.7825,
		 -6.8520 8.5332 -120.7812,
		 -6.9814 8.5332 -120.7007,
		 -6.8520 5.1816 -120.7812,
		 -6.8520 8.3808 -120.7812,
		 -6.9814 8.3808 -120.7007,
		 -6.9814 5.1816 -120.7007,
		 -6.9814 5.0285 -120.7007,
		 -6.9814 1.8286 -120.7007,
		 -6.8520 1.8286 -120.7812,
		 -6.8520 5.0285 -120.7812,
		 -5.2995 8.5332 -121.7471,
		 -5.4289 8.5332 -121.6666,
		 -5.2995 5.1816 -121.7471,
		 -5.2995 8.3808 -121.7471,
		 -5.4289 8.3808 -121.6666,
		 -5.4289 5.1816 -121.6666,
		 -5.4289 5.0285 -121.6666,
		 -5.4289 1.8286 -121.6666,
		 -5.2995 1.8286 -121.7471,
		 -5.2995 5.0285 -121.7471
		]
	} #Coordinate3
	Material {
		ambientColor      0.1480 0.2314 0.2500  #ambientColor
		diffuseColor      0.5922 0.9255 1.0000  #diffuseColor
		transparency      0.0000                #transparency
	} #Material

	IndexedFaceSet {
		coordIndex [ 
		 0, 1, 2, 3,-1,
		 3, 2, 1, 0,-1,
		 0, 3, 7, 4,-1,
		 4, 7, 3, 0,-1,
		 1, 0, 4, 5,-1,
		 5, 4, 0, 1,-1,
		 2, 1, 5, 6,-1,
		 6, 5, 1, 2,-1,
		 8, 6, 7, 9,-1,
		 10, 11, 12,-1,
		 13, 14, 15,-1,
		]
	} #IndexedFaceSet
	Material {
		ambientColor      0.2500 0.2500 0.2500  #ambientColor
		diffuseColor      1.0000 1.0000 1.0000  #diffuseColor
		transparency      0.0000                #transparency
	} #Material

	IndexedFaceSet {
		coordIndex [ 
		 16, 17, 18, 19,-1,
		 15, 20, 21, 22,-1,
		 23, 24, 25, 26,-1,
		 27, 28, 29, 30,-1,
		 31, 32, 33, 34,-1,
		 35, 36, 37, 38,-1,
		 39, 40, 41, 42,-1,
		 43, 44, 45, 46,-1,
		 47, 48, 49, 50,-1,
		 51, 52, 53, 54,-1,
		 55, 56, 57, 58,-1,
		]
	} #IndexedFaceSet
	Material {
		ambientColor      0.1480 0.2314 0.2500  #ambientColor
		diffuseColor      0.5922 0.9255 1.0000  #diffuseColor
		transparency      0.0000                #transparency
	} #Material

	IndexedFaceSet {
		coordIndex [ 
		 59, 7, 6, 60,-1,
		 12, 61, 62,-1,
		 15, 63, 64,-1,
		]
	} #IndexedFaceSet
	Material {
		ambientColor      0.2500 0.2500 0.2500  #ambientColor
		diffuseColor      1.0000 1.0000 1.0000  #diffuseColor
		transparency      0.0000                #transparency
	} #Material

	IndexedFaceSet {
		coordIndex [ 
		 19, 18, 17, 16,-1,
		 22, 21, 20, 15,-1,
		 65, 25, 24, 66,-1,
		 67, 68, 69, 70,-1,
		 71, 72, 73, 74,-1,
		 75, 37, 36, 76,-1,
		 77, 78, 79, 80,-1,
		 81, 82, 83, 84,-1,
		 50, 49, 48, 47,-1,
		 54, 53, 52, 51,-1,
		 58, 57, 56, 55,-1,
		]
	} #IndexedFaceSet
	Material {
		ambientColor      0.1480 0.2314 0.2500  #ambientColor
		diffuseColor      0.5922 0.9255 1.0000  #diffuseColor
		transparency      0.0000                #transparency
	} #Material

	IndexedFaceSet {
		coordIndex [ 
		 7, 6, 5, 4,-1,
		 4, 5, 6, 7,-1,
		]
	} #IndexedFaceSet
} #Polyhedron
Separator { #Polyhedron
	DEF COORD64 Coordinate3 {
		point [
		 -3.6574 1.6763 -123.3921,
		 -0.6096 1.6763 -129.1829,
		 0.0000 1.6763 -129.1829,
		 -3.0478 1.6763 -123.3921,
		 -3.6574 -0.6096 -123.3921,
		 -0.6096 -0.6096 -129.1829,
		 0.0000 -0.6096 -129.1829,
		 -3.0478 -0.6096 -123.3921,
		 0.0000 1.6760 -129.1829,
		 -3.0478 1.6760 -123.3921,
		 -0.1373 1.6760 -128.9203,
		 0.0010 1.6760 -129.1829,
		 0.0000 1.6760 -129.1829,
		 -2.9058 1.6760 -123.6619,
		 -3.0477 1.6760 -123.3922,
		 -3.0477 8.5340 -123.3922,
		 -2.9058 8.5340 -123.6619,
		 0.0047 5.0283 -129.1899,
		 0.0047 1.8283 -129.1899,
		 -0.1373 1.8283 -128.9203,
		 -0.1373 5.0283 -128.9203,
		 -0.1373 5.1814 -128.9203,
		 -0.1373 8.3806 -128.9203,
		 0.0047 8.3806 -129.1899,
		 0.0047 5.1814 -129.1899,
		 -0.1370 5.0283 -128.9208,
		 -0.1370 5.1814 -128.9208,
		 0.0047 5.0283 -129.1899,
		 -0.1370 1.6760 -128.9208,
		 -0.1370 1.8283 -128.9208,
		 0.0047 1.6760 -129.1899,
		 -0.1373 8.5329 -128.9203,
		 -0.1373 8.5340 -128.9203,
		 0.0047 8.5340 -129.1899,
		 0.0047 8.5329 -129.1899,
		 -0.1370 8.3806 -128.9208,
		 -0.1370 8.5329 -128.9208,
		 0.0047 8.3806 -129.1899,
		 -1.9829 5.0283 -125.4147,
		 -1.9829 1.8283 -125.4147,
		 -2.0539 1.8283 -125.2799,
		 -2.0539 5.0283 -125.2799,
		 -2.0539 5.1814 -125.2799,
		 -2.0539 8.3806 -125.2799,
		 -1.9829 8.3806 -125.4147,
		 -1.9829 5.1814 -125.4147,
		 -2.0539 8.5329 -125.2799,
		 -2.0539 8.5340 -125.2799,
		 -1.9829 8.5340 -125.4147,
		 -1.9829 8.5329 -125.4147,
		 -0.9891 5.0283 -127.3023,
		 -0.9891 1.8283 -127.3023,
		 -1.0601 1.8283 -127.1675,
		 -1.0601 5.0283 -127.1675,
		 -1.0601 5.1814 -127.1675,
		 -1.0601 8.3806 -127.1675,
		 -0.9891 8.3806 -127.3023,
		 -0.9891 5.1814 -127.3023,
		 -1.0601 8.5329 -127.1675,
		 -1.0601 8.5340 -127.1675,
		 -0.9891 8.5340 -127.3023,
		 -0.9891 8.5329 -127.3023,
		 -2.9058 8.3806 -123.6619,
		 -2.9058 8.5329 -123.6619,
		 -0.1370 1.6760 -128.9208,
		 -2.9058 1.6760 -123.6619,
		 -2.9058 1.8283 -123.6619,
		 -2.9058 5.0283 -123.6619,
		 -2.9058 5.1814 -123.6619,
		 -3.0478 1.6760 -123.3921,
		 0.0000 1.6760 -129.1829,
		 0.0000 1.6760 -129.1829,
		 0.0010 1.6760 -129.1829,
		 -0.1373 5.0283 -128.9203,
		 -0.1373 1.8283 -128.9203,
		 0.0047 1.8283 -129.1899,
		 0.0047 5.0283 -129.1899,
		 0.0047 5.1814 -129.1899,
		 0.0047 8.3806 -129.1899,
		 -0.1373 8.3806 -128.9203,
		 -0.1373 5.1814 -128.9203,
		 0.0047 5.0283 -129.1899,
		 -0.1370 1.6760 -128.9208,
		 0.0047 8.5329 -129.1899,
		 -0.1373 8.5329 -128.9203,
		 0.0047 8.3806 -129.1899,
		 -2.0539 5.0283 -125.2799,
		 -2.0539 1.8283 -125.2799,
		 -1.9829 1.8283 -125.4147,
		 -1.9829 5.0283 -125.4147,
		 -1.9829 5.1814 -125.4147,
		 -1.9829 8.3806 -125.4147,
		 -2.0539 8.3806 -125.2799,
		 -2.0539 5.1814 -125.2799,
		 -1.9829 8.5329 -125.4147,
		 -2.0539 8.5329 -125.2799,
		 -1.0601 5.0283 -127.1675,
		 -1.0601 1.8283 -127.1675,
		 -0.9891 1.8283 -127.3023,
		 -0.9891 5.0283 -127.3023,
		 -0.9891 5.1814 -127.3023,
		 -0.9891 8.3806 -127.3023,
		 -1.0601 8.3806 -127.1675,
		 -1.0601 5.1814 -127.1675,
		 -0.9891 8.5329 -127.3023,
		 -1.0601 8.5329 -127.1675
		]
	} #Coordinate3
	Material {
		ambientColor      0.1480 0.2314 0.2500  #ambientColor
		diffuseColor      0.5922 0.9255 1.0000  #diffuseColor
		transparency      0.0000                #transparency
	} #Material

	IndexedFaceSet {
		coordIndex [ 
		 0, 1, 2, 3,-1,
		 3, 2, 1, 0,-1,
		 0, 3, 7, 4,-1,
		 4, 7, 3, 0,-1,
		 1, 0, 4, 5,-1,
		 5, 4, 0, 1,-1,
		 2, 1, 5, 6,-1,
		 6, 5, 1, 2,-1,
		 8, 6, 7, 9,-1,
		 10, 11, 12, 13,-1,
		]
	} #IndexedFaceSet
	Material {
		ambientColor      0.2500 0.2500 0.2500  #ambientColor
		diffuseColor      1.0000 1.0000 1.0000  #diffuseColor
		transparency      0.0000                #transparency
	} #Material

	IndexedFaceSet {
		coordIndex [ 
		 14, 15, 16, 13,-1,
		 17, 18, 19, 20,-1,
		 21, 22, 23, 24,-1,
		 25, 26, 24, 27,-1,
		 28, 29, 18, 30,-1,
		 31, 32, 33, 34,-1,
		 35, 36, 34, 37,-1,
		 38, 39, 40, 41,-1,
		 42, 43, 44, 45,-1,
		 46, 47, 48, 49,-1,
		 50, 51, 52, 53,-1,
		 54, 55, 56, 57,-1,
		 58, 59, 60, 61,-1,
		 36, 35, 62, 63,-1,
		 29, 64, 65, 66,-1,
		 26, 25, 67, 68,-1,
		]
	} #IndexedFaceSet
	Material {
		ambientColor      0.1480 0.2314 0.2500  #ambientColor
		diffuseColor      0.5922 0.9255 1.0000  #diffuseColor
		transparency      0.0000                #transparency
	} #Material

	IndexedFaceSet {
		coordIndex [ 
		 69, 7, 6, 70,-1,
		 13, 71, 72, 10,-1,
		]
	} #IndexedFaceSet
	Material {
		ambientColor      0.2500 0.2500 0.2500  #ambientColor
		diffuseColor      1.0000 1.0000 1.0000  #diffuseColor
		transparency      0.0000                #transparency
	} #Material

	IndexedFaceSet {
		coordIndex [ 
		 13, 16, 15, 14,-1,
		 73, 74, 75, 76,-1,
		 77, 78, 79, 80,-1,
		 81, 77, 26, 25,-1,
		 30, 75, 29, 82,-1,
		 83, 33, 32, 84,-1,
		 85, 83, 36, 35,-1,
		 86, 87, 88, 89,-1,
		 90, 91, 92, 93,-1,
		 94, 48, 47, 95,-1,
		 96, 97, 98, 99,-1,
		 100, 101, 102, 103,-1,
		 104, 60, 59, 105,-1,
		 63, 62, 35, 36,-1,
		 66, 65, 64, 29,-1,
		 68, 67, 25, 26,-1,
		]
	} #IndexedFaceSet
	Material {
		ambientColor      0.1480 0.2314 0.2500  #ambientColor
		diffuseColor      0.5922 0.9255 1.0000  #diffuseColor
		transparency      0.0000                #transparency
	} #Material

	IndexedFaceSet {
		coordIndex [ 
		 7, 6, 5, 4,-1,
		 4, 5, 6, 7,-1,
		]
	} #IndexedFaceSet
} #Polyhedron
Separator { #Polyhedron
	DEF COORD65 Coordinate3 {
		point [
		 -23.7730 9.4482 -129.1829,
		 -21.3347 9.4482 -123.3921,
		 -21.9443 9.4482 -123.3921,
		 -24.3826 9.4482 -129.1829,
		 -23.7730 8.5339 -129.1829,
		 -21.3347 8.5339 -123.3921,
		 -21.9443 8.5339 -123.3921,
		 -24.3826 8.5339 -129.1829
		]
	} #Coordinate3
	Material {
		ambientColor      0.1480 0.2314 0.2500  #ambientColor
		diffuseColor      0.5922 0.9255 1.0000  #diffuseColor
		transparency      0.0000                #transparency
	} #Material

	IndexedFaceSet {
		coordIndex [ 
		 0, 1, 2, 3,-1,
		 3, 2, 1, 0,-1,
		 0, 3, 7, 4,-1,
		 4, 7, 3, 0,-1,
		 1, 0, 4, 5,-1,
		 5, 4, 0, 1,-1,
		 2, 1, 5, 6,-1,
		 6, 5, 1, 2,-1,
		 3, 2, 6, 7,-1,
		 7, 6, 2, 3,-1,
		 7, 6, 5, 4,-1,
		 4, 5, 6, 7,-1,
		]
	} #IndexedFaceSet
} #Polyhedron
Separator { #Polyhedron
	DEF COORD66 Coordinate3 {
		point [
		 -15.2391 9.4482 -120.3443,
		 -9.1435 9.4482 -120.3443,
		 -9.1435 9.4482 -119.7347,
		 -15.2391 9.4482 -119.7347,
		 -15.2391 8.5339 -120.3443,
		 -9.1435 8.5339 -120.3443,
		 -9.1435 8.5339 -119.7347,
		 -15.2391 8.5339 -119.7347
		]
	} #Coordinate3
	Material {
		ambientColor      0.1480 0.2314 0.2500  #ambientColor
		diffuseColor      0.5922 0.9255 1.0000  #diffuseColor
		transparency      0.0000                #transparency
	} #Material

	IndexedFaceSet {
		coordIndex [ 
		 0, 1, 2, 3,-1,
		 3, 2, 1, 0,-1,
		 0, 3, 7, 4,-1,
		 4, 7, 3, 0,-1,
		 1, 0, 4, 5,-1,
		 5, 4, 0, 1,-1,
		 2, 1, 5, 6,-1,
		 6, 5, 1, 2,-1,
		 3, 2, 6, 7,-1,
		 7, 6, 2, 3,-1,
		 7, 6, 5, 4,-1,
		 4, 5, 6, 7,-1,
		]
	} #IndexedFaceSet
} #Polyhedron
Separator { #Polyhedron
	DEF COORD67 Coordinate3 {
		point [
		 -8.5339 9.4482 -120.3443,
		 -3.6574 9.4482 -123.3921,
		 -3.6574 9.4482 -122.7825,
		 -8.5339 9.4482 -119.7347,
		 -8.5339 8.5339 -120.3443,
		 -3.6574 8.5339 -123.3921,
		 -3.6574 8.5339 -122.7825,
		 -8.5339 8.5339 -119.7347
		]
	} #Coordinate3
	Material {
		ambientColor      0.1480 0.2314 0.2500  #ambientColor
		diffuseColor      0.5922 0.9255 1.0000  #diffuseColor
		transparency      0.0000                #transparency
	} #Material

	IndexedFaceSet {
		coordIndex [ 
		 0, 1, 2, 3,-1,
		 3, 2, 1, 0,-1,
		 0, 3, 7, 4,-1,
		 4, 7, 3, 0,-1,
		 1, 0, 4, 5,-1,
		 5, 4, 0, 1,-1,
		 2, 1, 5, 6,-1,
		 6, 5, 1, 2,-1,
		 3, 2, 6, 7,-1,
		 7, 6, 2, 3,-1,
		 7, 6, 5, 4,-1,
		 4, 5, 6, 7,-1,
		]
	} #IndexedFaceSet
} #Polyhedron
Separator { #Polyhedron
	DEF COORD68 Coordinate3 {
		point [
		 -3.6574 9.4482 -123.3921,
		 -0.6096 9.4482 -129.1829,
		 0.0000 9.4482 -129.1829,
		 -3.0478 9.4482 -123.3921,
		 -3.6574 8.5339 -123.3921,
		 -0.6096 8.5339 -129.1829,
		 0.0000 8.5339 -129.1829,
		 -3.0478 8.5339 -123.3921
		]
	} #Coordinate3
	Material {
		ambientColor      0.1480 0.2314 0.2500  #ambientColor
		diffuseColor      0.5922 0.9255 1.0000  #diffuseColor
		transparency      0.0000                #transparency
	} #Material

	IndexedFaceSet {
		coordIndex [ 
		 0, 1, 2, 3,-1,
		 3, 2, 1, 0,-1,
		 0, 3, 7, 4,-1,
		 4, 7, 3, 0,-1,
		 1, 0, 4, 5,-1,
		 5, 4, 0, 1,-1,
		 2, 1, 5, 6,-1,
		 6, 5, 1, 2,-1,
		 3, 2, 6, 7,-1,
		 7, 6, 2, 3,-1,
		 7, 6, 5, 4,-1,
		 4, 5, 6, 7,-1,
		]
	} #IndexedFaceSet
} #Polyhedron
Separator { #Polyhedron
	DEF COORD69 Coordinate3 {
		point [
		 -15.2391 9.7530 -120.3443,
		 -23.7730 9.7530 -120.3443,
		 -23.7730 9.7530 -129.1829,
		 -15.2391 9.4482 -120.3443,
		 -23.7730 9.4482 -120.3443,
		 -23.7730 9.4482 -129.1829
		]
	} #Coordinate3
	Material {
		ambientColor      0.1480 0.2314 0.2500  #ambientColor
		diffuseColor      0.5922 0.9255 1.0000  #diffuseColor
		transparency      0.0000                #transparency
	} #Material

	IndexedFaceSet {
		coordIndex [ 
		 0, 1, 2,-1,
		 2, 1, 0,-1,
		 0, 2, 5, 3,-1,
		 3, 5, 2, 0,-1,
		 1, 0, 3, 4,-1,
		 4, 3, 0, 1,-1,
		 2, 1, 4, 5,-1,
		 5, 4, 1, 2,-1,
		 5, 4, 3,-1,
		 3, 4, 5,-1,
		]
	} #IndexedFaceSet
} #Polyhedron
Separator { #Polyhedron
	DEF COORD70 Coordinate3 {
		point [
		 -0.6096 9.7530 -129.1829,
		 -0.6096 9.7530 -120.3443,
		 -9.1435 9.7530 -120.3443,
		 -0.6096 9.4482 -129.1829,
		 -0.6096 9.4482 -120.3443,
		 -9.1435 9.4482 -120.3443
		]
	} #Coordinate3
	Material {
		ambientColor      0.1480 0.2314 0.2500  #ambientColor
		diffuseColor      0.5922 0.9255 1.0000  #diffuseColor
		transparency      0.0000                #transparency
	} #Material

	IndexedFaceSet {
		coordIndex [ 
		 0, 1, 2,-1,
		 2, 1, 0,-1,
		 0, 2, 5, 3,-1,
		 3, 5, 2, 0,-1,
		 1, 0, 3, 4,-1,
		 4, 3, 0, 1,-1,
		 2, 1, 4, 5,-1,
		 5, 4, 1, 2,-1,
		 5, 4, 3,-1,
		 3, 4, 5,-1,
		]
	} #IndexedFaceSet
} #Polyhedron
Separator { #Polyhedron
	DEF COORD71 Coordinate3 {
		point [
		 -3.0478 9.4482 -123.3921,
		 -3.0478 9.4482 -122.7825,
		 -3.6574 9.4482 -122.7825,
		 -3.6574 9.4482 -123.3921,
		 -3.0478 -0.6096 -123.3921,
		 -3.0478 -0.6096 -122.7825,
		 -3.6574 -0.6096 -122.7825,
		 -3.6574 -0.6096 -123.3921
		]
	} #Coordinate3
	Material {
		ambientColor      0.1480 0.2314 0.2500  #ambientColor
		diffuseColor      0.5922 0.9255 1.0000  #diffuseColor
		transparency      0.0000                #transparency
	} #Material

	IndexedFaceSet {
		coordIndex [ 
		 0, 1, 2, 3,-1,
		 3, 2, 1, 0,-1,
		 0, 3, 7, 4,-1,
		 4, 7, 3, 0,-1,
		 1, 0, 4, 5,-1,
		 5, 4, 0, 1,-1,
		 2, 1, 5, 6,-1,
		 6, 5, 1, 2,-1,
		 3, 2, 6, 7,-1,
		 7, 6, 2, 3,-1,
		 7, 6, 5, 4,-1,
		 4, 5, 6, 7,-1,
		]
	} #IndexedFaceSet
} #Polyhedron
Separator { #Polyhedron
	DEF COORD72 Coordinate3 {
		point [
		 -21.3347 9.4482 -123.3921,
		 -21.3347 9.4482 -122.7825,
		 -21.9443 9.4482 -122.7825,
		 -21.9443 9.4482 -123.3921,
		 -21.3347 -0.6096 -123.3921,
		 -21.3347 -0.6096 -122.7825,
		 -21.9443 -0.6096 -122.7825,
		 -21.9443 -0.6096 -123.3921
		]
	} #Coordinate3
	Material {
		ambientColor      0.1480 0.2314 0.2500  #ambientColor
		diffuseColor      0.5922 0.9255 1.0000  #diffuseColor
		transparency      0.0000                #transparency
	} #Material

	IndexedFaceSet {
		coordIndex [ 
		 0, 1, 2, 3,-1,
		 3, 2, 1, 0,-1,
		 0, 3, 7, 4,-1,
		 4, 7, 3, 0,-1,
		 1, 0, 4, 5,-1,
		 5, 4, 0, 1,-1,
		 2, 1, 5, 6,-1,
		 6, 5, 1, 2,-1,
		 3, 2, 6, 7,-1,
		 7, 6, 2, 3,-1,
		 7, 6, 5, 4,-1,
		 4, 5, 6, 7,-1,
		]
	} #IndexedFaceSet
} #Polyhedron
Separator { #Polyhedron
	DEF COORD73 Coordinate3 {
		point [
		 -21.3347 1.6763 -123.3921,
		 -15.8487 1.6763 -120.3443,
		 -15.8487 1.6763 -119.7347,
		 -21.3347 1.6763 -122.7825,
		 -21.3347 -0.6096 -123.3921,
		 -15.8487 -0.6096 -120.3443,
		 -15.8487 -0.6096 -119.7347,
		 -21.3347 -0.6096 -122.7825,
		 -15.8487 1.6760 -119.7347,
		 -21.3347 1.6760 -122.7825,
		 -16.1411 1.6760 -119.8941,
		 -16.1411 1.6760 -119.8941,
		 -17.8722 1.6760 -120.8569,
		 -15.8487 1.6760 -119.7347,
		 -15.8487 1.6760 -119.7347,
		 -16.1411 1.6760 -119.8941,
		 -15.8748 1.6760 -119.7460,
		 -15.8748 1.6763 -119.7460,
		 -21.3345 1.6760 -122.7824,
		 -21.3345 8.5340 -122.7824,
		 -21.0682 8.5340 -122.6343,
		 -21.0682 1.6760 -122.6343,
		 -16.1411 8.5329 -119.8941,
		 -16.1411 8.5340 -119.8941,
		 -15.8748 8.5340 -119.7460,
		 -15.8748 8.5329 -119.7460,
		 -16.1411 5.1814 -119.8941,
		 -16.1411 8.3806 -119.8941,
		 -15.8748 8.3806 -119.7460,
		 -15.8748 5.1814 -119.7460,
		 -15.8748 5.0283 -119.7460,
		 -15.8748 1.8283 -119.7460,
		 -16.1411 1.8283 -119.8941,
		 -16.1411 5.0283 -119.8941,
		 -15.8748 5.1814 -119.7460,
		 -16.1406 5.0283 -119.8938,
		 -16.1406 5.1814 -119.8938,
		 -15.8748 1.8283 -119.7460,
		 -16.1406 1.6760 -119.8938,
		 -16.1406 1.8283 -119.8938,
		 -15.8748 8.5329 -119.7460,
		 -16.1406 8.3806 -119.8938,
		 -16.1406 8.5329 -119.8938,
		 -19.4702 8.5329 -121.7456,
		 -19.4702 8.5340 -121.7456,
		 -19.3371 8.5340 -121.6715,
		 -19.3371 8.5329 -121.6715,
		 -19.4702 5.1814 -121.7456,
		 -19.4702 8.3806 -121.7456,
		 -19.3371 8.3806 -121.6715,
		 -19.3371 5.1814 -121.6715,
		 -19.3371 5.0283 -121.6715,
		 -19.3371 1.8283 -121.6715,
		 -19.4702 1.8283 -121.7456,
		 -19.4702 5.0283 -121.7456,
		 -17.8722 8.5329 -120.8569,
		 -17.8722 8.5340 -120.8569,
		 -17.7391 8.5340 -120.7828,
		 -17.7391 8.5329 -120.7828,
		 -17.8722 5.1814 -120.8569,
		 -17.8722 8.3806 -120.8569,
		 -17.7391 8.3806 -120.7828,
		 -17.7391 5.1814 -120.7828,
		 -17.7391 5.0283 -120.7828,
		 -17.7391 1.8283 -120.7828,
		 -17.8722 1.8283 -120.8569,
		 -17.8722 5.0283 -120.8569,
		 -21.0682 8.3806 -122.6343,
		 -21.0682 8.5329 -122.6343,
		 -16.1406 1.6760 -119.8938,
		 -21.0682 1.6760 -122.6343,
		 -21.0682 1.8283 -122.6343,
		 -21.0682 5.0283 -122.6343,
		 -21.0682 5.1814 -122.6343,
		 -21.3347 1.6760 -122.7825,
		 -15.8487 1.6760 -119.7347,
		 -16.1411 1.6760 -119.8941,
		 -16.1411 1.6760 -119.8941,
		 -15.8487 1.6760 -119.7347,
		 -15.8487 1.6760 -119.7347,
		 -15.8748 1.6763 -119.7460,
		 -15.8748 8.5329 -119.7460,
		 -16.1411 8.5329 -119.8941,
		 -15.8748 5.1814 -119.7460,
		 -15.8748 8.3806 -119.7460,
		 -16.1411 8.3806 -119.8941,
		 -16.1411 5.1814 -119.8941,
		 -16.1411 5.0283 -119.8941,
		 -16.1411 1.8283 -119.8941,
		 -15.8748 1.8283 -119.7460,
		 -15.8748 5.0283 -119.7460,
		 -15.8748 5.1814 -119.7460,
		 -16.1406 1.6760 -119.8938,
		 -15.8748 1.8283 -119.7460,
		 -15.8748 8.5329 -119.7460,
		 -19.3371 8.5329 -121.6715,
		 -19.4702 8.5329 -121.7456,
		 -19.3371 5.1814 -121.6715,
		 -19.3371 8.3806 -121.6715,
		 -19.4702 8.3806 -121.7456,
		 -19.4702 5.1814 -121.7456,
		 -19.4702 5.0283 -121.7456,
		 -19.4702 1.8283 -121.7456,
		 -19.3371 1.8283 -121.6715,
		 -19.3371 5.0283 -121.6715,
		 -17.7391 8.5329 -120.7828,
		 -17.8722 8.5329 -120.8569,
		 -17.7391 5.1814 -120.7828,
		 -17.7391 8.3806 -120.7828,
		 -17.8722 8.3806 -120.8569,
		 -17.8722 5.1814 -120.8569,
		 -17.8722 5.0283 -120.8569,
		 -17.8722 1.8283 -120.8569,
		 -17.7391 1.8283 -120.7828,
		 -17.7391 5.0283 -120.7828
		]
	} #Coordinate3
	Material {
		ambientColor      0.1480 0.2314 0.2500  #ambientColor
		diffuseColor      0.5922 0.9255 1.0000  #diffuseColor
		transparency      0.0000                #transparency
	} #Material

	IndexedFaceSet {
		coordIndex [ 
		 0, 1, 2, 3,-1,
		 3, 2, 1, 0,-1,
		 0, 3, 7, 4,-1,
		 4, 7, 3, 0,-1,
		 1, 0, 4, 5,-1,
		 5, 4, 0, 1,-1,
		 2, 1, 5, 6,-1,
		 6, 5, 1, 2,-1,
		 8, 6, 7, 9,-1,
		 10, 11, 12,-1,
		 13, 14, 15,-1,
		 2, 13, 16, 17,-1,
		]
	} #IndexedFaceSet
	Material {
		ambientColor      0.2500 0.2500 0.2500  #ambientColor
		diffuseColor      1.0000 1.0000 1.0000  #diffuseColor
		transparency      0.0000                #transparency
	} #Material

	IndexedFaceSet {
		coordIndex [ 
		 18, 19, 20, 21,-1,
		 22, 23, 24, 25,-1,
		 26, 27, 28, 29,-1,
		 30, 31, 32, 33,-1,
		 34, 30, 35, 36,-1,
		 37, 16, 38, 39,-1,
		 40, 28, 41, 42,-1,
		 43, 44, 45, 46,-1,
		 47, 48, 49, 50,-1,
		 51, 52, 53, 54,-1,
		 55, 56, 57, 58,-1,
		 59, 60, 61, 62,-1,
		 63, 64, 65, 66,-1,
		 42, 41, 67, 68,-1,
		 39, 69, 70, 71,-1,
		 36, 35, 72, 73,-1,
		]
	} #IndexedFaceSet
	Material {
		ambientColor      0.1480 0.2314 0.2500  #ambientColor
		diffuseColor      0.5922 0.9255 1.0000  #diffuseColor
		transparency      0.0000                #transparency
	} #Material

	IndexedFaceSet {
		coordIndex [ 
		 74, 7, 6, 75,-1,
		 12, 76, 77,-1,
		 15, 78, 79,-1,
		 80, 16, 79, 2,-1,
		]
	} #IndexedFaceSet
	Material {
		ambientColor      0.2500 0.2500 0.2500  #ambientColor
		diffuseColor      1.0000 1.0000 1.0000  #diffuseColor
		transparency      0.0000                #transparency
	} #Material

	IndexedFaceSet {
		coordIndex [ 
		 21, 20, 19, 18,-1,
		 81, 24, 23, 82,-1,
		 83, 84, 85, 86,-1,
		 87, 88, 89, 90,-1,
		 36, 35, 90, 91,-1,
		 39, 92, 16, 93,-1,
		 42, 41, 84, 94,-1,
		 95, 45, 44, 96,-1,
		 97, 98, 99, 100,-1,
		 101, 102, 103, 104,-1,
		 105, 57, 56, 106,-1,
		 107, 108, 109, 110,-1,
		 111, 112, 113, 114,-1,
		 68, 67, 41, 42,-1,
		 71, 70, 69, 39,-1,
		 73, 72, 35, 36,-1,
		]
	} #IndexedFaceSet
	Material {
		ambientColor      0.1480 0.2314 0.2500  #ambientColor
		diffuseColor      0.5922 0.9255 1.0000  #diffuseColor
		transparency      0.0000                #transparency
	} #Material

	IndexedFaceSet {
		coordIndex [ 
		 7, 6, 5, 4,-1,
		 4, 5, 6, 7,-1,
		]
	} #IndexedFaceSet
} #Polyhedron
Separator { #Polyhedron
	DEF COORD74 Coordinate3 {
		point [
		 -21.3347 9.4482 -123.3921,
		 -15.8487 9.4482 -120.3443,
		 -15.8487 9.4482 -119.7347,
		 -21.3347 9.4482 -122.7825,
		 -21.3347 8.5339 -123.3921,
		 -15.8487 8.5339 -120.3443,
		 -15.8487 8.5339 -119.7347,
		 -21.3347 8.5339 -122.7825
		]
	} #Coordinate3
	Material {
		ambientColor      0.1480 0.2314 0.2500  #ambientColor
		diffuseColor      0.5922 0.9255 1.0000  #diffuseColor
		transparency      0.0000                #transparency
	} #Material

	IndexedFaceSet {
		coordIndex [ 
		 0, 1, 2, 3,-1,
		 3, 2, 1, 0,-1,
		 0, 3, 7, 4,-1,
		 4, 7, 3, 0,-1,
		 1, 0, 4, 5,-1,
		 5, 4, 0, 1,-1,
		 2, 1, 5, 6,-1,
		 6, 5, 1, 2,-1,
		 3, 2, 6, 7,-1,
		 7, 6, 2, 3,-1,
		 7, 6, 5, 4,-1,
		 4, 5, 6, 7,-1,
		]
	} #IndexedFaceSet
} #Polyhedron
Separator { #Polyhedron
	DEF COORD75 Coordinate3 {
		point [
		 -7.3148 13.4104 -173.0715,
		 -14.0200 9.1435 -173.0715,
		 -13.7152 8.5339 -173.0715,
		 -7.3148 12.6485 -173.0715,
		 -7.3148 13.4104 -166.9759,
		 -14.0200 9.1435 -166.9759,
		 -13.7152 8.5339 -166.9759,
		 -7.3148 12.6485 -166.9759
		]
	} #Coordinate3
	Material {
		ambientColor      0.2500 0.2500 0.2500  #ambientColor
		diffuseColor      1.0000 1.0000 1.0000  #diffuseColor
		transparency      0.0000                #transparency
	} #Material

	IndexedFaceSet {
		coordIndex [ 
		 0, 1, 2, 3,-1,
		 3, 2, 1, 0,-1,
		 0, 3, 7, 4,-1,
		 4, 7, 3, 0,-1,
		]
	} #IndexedFaceSet
	Material {
		ambientColor      0.0637 0.0637 0.0637  #ambientColor
		diffuseColor      0.2549 0.2549 0.2549  #diffuseColor
		transparency      0.0000                #transparency
	} #Material

	IndexedFaceSet {
		coordIndex [ 
		 1, 0, 4, 5,-1,
		 5, 4, 0, 1,-1,
		]
	} #IndexedFaceSet
	Material {
		ambientColor      0.2500 0.2500 0.2500  #ambientColor
		diffuseColor      1.0000 1.0000 1.0000  #diffuseColor
		transparency      0.0000                #transparency
	} #Material

	IndexedFaceSet {
		coordIndex [ 
		 2, 1, 5, 6,-1,
		 6, 5, 1, 2,-1,
		 3, 2, 6, 7,-1,
		 7, 6, 2, 3,-1,
		 7, 6, 5, 4,-1,
		 4, 5, 6, 7,-1,
		]
	} #IndexedFaceSet
} #Polyhedron
Separator { #Polyhedron
	DEF COORD76 Coordinate3 {
		point [
		 -11.8865 8.8387 -172.4620,
		 -11.8865 8.8387 -171.8524,
		 -12.4961 8.8387 -171.8524,
		 -12.4961 8.8387 -172.4620,
		 -11.8865 -0.6096 -172.4620,
		 -11.8865 -0.6096 -171.8524,
		 -12.4961 -0.6096 -171.8524,
		 -12.4961 -0.6096 -172.4620
		]
	} #Coordinate3
	Material {
		ambientColor      0.0000 0.1696 0.2127  #ambientColor
		diffuseColor      0.0000 0.6784 0.8510  #diffuseColor
		transparency      0.0000                #transparency
	} #Material

	IndexedFaceSet {
		coordIndex [ 
		 0, 1, 2, 3,-1,
		 3, 2, 1, 0,-1,
		 0, 3, 7, 4,-1,
		 4, 7, 3, 0,-1,
		 1, 0, 4, 5,-1,
		 5, 4, 0, 1,-1,
		 2, 1, 5, 6,-1,
		 6, 5, 1, 2,-1,
		 3, 2, 6, 7,-1,
		 7, 6, 2, 3,-1,
		 7, 6, 5, 4,-1,
		 4, 5, 6, 7,-1,
		]
	} #IndexedFaceSet
} #Polyhedron
Separator { #Polyhedron
	DEF COORD77 Coordinate3 {
		point [
		 -12.4961 9.1435 -173.0715,
		 -12.4961 8.8387 -173.0715,
		 -11.8865 8.8387 -173.0715,
		 -11.8865 9.6006 -173.0715,
		 -12.4961 9.1435 -168.4998,
		 -12.4961 8.8387 -168.4998,
		 -11.8865 8.8387 -168.4998,
		 -11.8865 9.6006 -168.4998
		]
	} #Coordinate3
	Material {
		ambientColor      0.0000 0.1696 0.2127  #ambientColor
		diffuseColor      0.0000 0.6784 0.8510  #diffuseColor
		transparency      0.0000                #transparency
	} #Material

	IndexedFaceSet {
		coordIndex [ 
		 0, 1, 2, 3,-1,
		 3, 2, 1, 0,-1,
		 0, 3, 7, 4,-1,
		 4, 7, 3, 0,-1,
		 1, 0, 4, 5,-1,
		 5, 4, 0, 1,-1,
		 2, 1, 5, 6,-1,
		 6, 5, 1, 2,-1,
		 3, 2, 6, 7,-1,
		 7, 6, 2, 3,-1,
		 7, 6, 5, 4,-1,
		 4, 5, 6, 7,-1,
		]
	} #IndexedFaceSet
} #Polyhedron
Separator { #Polyhedron
	DEF COORD78 Coordinate3 {
		point [
		 -2.1335 8.8387 -172.4620,
		 -2.1335 8.8387 -171.8524,
		 -2.7430 8.8387 -171.8524,
		 -2.7430 8.8387 -172.4620,
		 -2.1335 -0.6096 -172.4620,
		 -2.1335 -0.6096 -171.8524,
		 -2.7430 -0.6096 -171.8524,
		 -2.7430 -0.6096 -172.4620
		]
	} #Coordinate3
	Material {
		ambientColor      0.0000 0.1696 0.2127  #ambientColor
		diffuseColor      0.0000 0.6784 0.8510  #diffuseColor
		transparency      0.0000                #transparency
	} #Material

	IndexedFaceSet {
		coordIndex [ 
		 0, 1, 2, 3,-1,
		 3, 2, 1, 0,-1,
		 0, 3, 7, 4,-1,
		 4, 7, 3, 0,-1,
		 1, 0, 4, 5,-1,
		 5, 4, 0, 1,-1,
		 2, 1, 5, 6,-1,
		 6, 5, 1, 2,-1,
		 3, 2, 6, 7,-1,
		 7, 6, 2, 3,-1,
		 7, 6, 5, 4,-1,
		 4, 5, 6, 7,-1,
		]
	} #IndexedFaceSet
} #Polyhedron
Separator { #Polyhedron
	DEF COORD79 Coordinate3 {
		point [
		 -2.7430 9.6006 -173.0715,
		 -2.7430 8.8387 -173.0715,
		 -2.1335 8.8387 -173.0715,
		 -2.1335 9.1435 -173.0715,
		 -2.7430 9.6006 -168.4998,
		 -2.7430 8.8387 -168.4998,
		 -2.1335 8.8387 -168.4998,
		 -2.1335 9.1435 -168.4998
		]
	} #Coordinate3
	Material {
		ambientColor      0.0000 0.1696 0.2127  #ambientColor
		diffuseColor      0.0000 0.6784 0.8510  #diffuseColor
		transparency      0.0000                #transparency
	} #Material

	IndexedFaceSet {
		coordIndex [ 
		 0, 1, 2, 3,-1,
		 3, 2, 1, 0,-1,
		 0, 3, 7, 4,-1,
		 4, 7, 3, 0,-1,
		 1, 0, 4, 5,-1,
		 5, 4, 0, 1,-1,
		 2, 1, 5, 6,-1,
		 6, 5, 1, 2,-1,
		 3, 2, 6, 7,-1,
		 7, 6, 2, 3,-1,
		 7, 6, 5, 4,-1,
		 4, 5, 6, 7,-1,
		]
	} #IndexedFaceSet
} #Polyhedron
Separator { #Polyhedron
	DEF COORD80 Coordinate3 {
		point [
		 -7.3148 12.6485 -173.0715,
		 -1.0667 8.5339 -173.0715,
		 -0.7620 9.1435 -173.0715,
		 -7.3148 13.4104 -173.0715,
		 -7.3148 12.6485 -166.9759,
		 -1.0667 8.5339 -166.9759,
		 -0.7620 9.1435 -166.9759,
		 -7.3148 13.4104 -166.9759
		]
	} #Coordinate3
	Material {
		ambientColor      0.2500 0.2500 0.2500  #ambientColor
		diffuseColor      1.0000 1.0000 1.0000  #diffuseColor
		transparency      0.0000                #transparency
	} #Material

	IndexedFaceSet {
		coordIndex [ 
		 0, 1, 2, 3,-1,
		 3, 2, 1, 0,-1,
		 0, 3, 7, 4,-1,
		 4, 7, 3, 0,-1,
		 1, 0, 4, 5,-1,
		 5, 4, 0, 1,-1,
		 2, 1, 5, 6,-1,
		 6, 5, 1, 2,-1,
		]
	} #IndexedFaceSet
	Material {
		ambientColor      0.0637 0.0637 0.0637  #ambientColor
		diffuseColor      0.2549 0.2549 0.2549  #diffuseColor
		transparency      0.0000                #transparency
	} #Material

	IndexedFaceSet {
		coordIndex [ 
		 3, 2, 6, 7,-1,
		 7, 6, 2, 3,-1,
		]
	} #IndexedFaceSet
	Material {
		ambientColor      0.2500 0.2500 0.2500  #ambientColor
		diffuseColor      1.0000 1.0000 1.0000  #diffuseColor
		transparency      0.0000                #transparency
	} #Material

	IndexedFaceSet {
		coordIndex [ 
		 7, 6, 5, 4,-1,
		 4, 5, 6, 7,-1,
		]
	} #IndexedFaceSet
} #Polyhedron
Separator { #Polyhedron
	DEF COORD81 Coordinate3 {
		point [
		 18.2869 2.6922 -142.6343,
		 18.2869 2.6922 -118.2589,
		 17.3726 2.6922 -118.2589,
		 17.3726 2.6922 -142.6343,
		 18.2869 -0.6093 -142.6343,
		 18.2869 -0.6093 -118.2589,
		 17.3726 -0.6093 -118.2589,
		 17.3726 -0.6093 -142.6343
		]
	} #Coordinate3
	Material {
		ambientColor      0.0137 0.1265 0.1480  #ambientColor
		diffuseColor      0.0549 0.5059 0.5922  #diffuseColor
		transparency      0.0000                #transparency
	} #Material

	IndexedFaceSet {
		coordIndex [ 
		 0, 1, 2, 3,-1,
		 3, 2, 1, 0,-1,
		 0, 3, 7, 4,-1,
		 4, 7, 3, 0,-1,
		 1, 0, 4, 5,-1,
		 5, 4, 0, 1,-1,
		 2, 1, 5, 6,-1,
		 6, 5, 1, 2,-1,
		 3, 2, 6, 7,-1,
		 7, 6, 2, 3,-1,
		 7, 6, 5, 4,-1,
		 4, 5, 6, 7,-1,
		]
	} #IndexedFaceSet
} #Polyhedron
Separator { #Polyhedron
	DEF COORD82 Coordinate3 {
		point [
		 5.6385 2.0827 -112.3084,
		 5.6385 2.0827 -112.1015,
		 5.4861 2.0827 -112.1015,
		 5.4861 2.0827 -112.3084,
		 5.6385 -0.6093 -112.3084,
		 5.6385 -0.6093 -112.1015,
		 5.4861 -0.6093 -112.1015,
		 5.4861 -0.6093 -112.3084
		]
	} #Coordinate3
	Material {
		ambientColor      0.0137 0.1265 0.1480  #ambientColor
		diffuseColor      0.0549 0.5059 0.5922  #diffuseColor
		transparency      0.0000                #transparency
	} #Material

	IndexedFaceSet {
		coordIndex [ 
		 0, 1, 2, 3,-1,
		 3, 2, 1, 0,-1,
		 0, 3, 7, 4,-1,
		 4, 7, 3, 0,-1,
		 1, 0, 4, 5,-1,
		 5, 4, 0, 1,-1,
		 2, 1, 5, 6,-1,
		 6, 5, 1, 2,-1,
		 3, 2, 6, 7,-1,
		 7, 6, 2, 3,-1,
		 7, 6, 5, 4,-1,
		 4, 5, 6, 7,-1,
		]
	} #IndexedFaceSet
} #Polyhedron
Separator { #Polyhedron
	DEF COORD83 Coordinate3 {
		point [
		 3.6574 2.0827 -112.3084,
		 3.6574 2.0827 -112.1015,
		 3.5050 2.0827 -112.1015,
		 3.5050 2.0827 -112.3084,
		 3.6574 -0.6093 -112.3084,
		 3.6574 -0.6093 -112.1015,
		 3.5050 -0.6093 -112.1015,
		 3.5050 -0.6093 -112.3084
		]
	} #Coordinate3
	Material {
		ambientColor      0.0137 0.1265 0.1480  #ambientColor
		diffuseColor      0.0549 0.5059 0.5922  #diffuseColor
		transparency      0.0000                #transparency
	} #Material

	IndexedFaceSet {
		coordIndex [ 
		 0, 1, 2, 3,-1,
		 3, 2, 1, 0,-1,
		 0, 3, 7, 4,-1,
		 4, 7, 3, 0,-1,
		 1, 0, 4, 5,-1,
		 5, 4, 0, 1,-1,
		 2, 1, 5, 6,-1,
		 6, 5, 1, 2,-1,
		 3, 2, 6, 7,-1,
		 7, 6, 2, 3,-1,
		 7, 6, 5, 4,-1,
		 4, 5, 6, 7,-1,
		]
	} #IndexedFaceSet
} #Polyhedron
Separator { #Polyhedron
	DEF COORD84 Coordinate3 {
		point [
		 1.6763 2.0827 -112.3084,
		 1.6763 2.0827 -112.1015,
		 1.5239 2.0827 -112.1015,
		 1.5239 2.0827 -112.3084,
		 1.6763 -0.6093 -112.3084,
		 1.6763 -0.6093 -112.1015,
		 1.5239 -0.6093 -112.1015,
		 1.5239 -0.6093 -112.3084
		]
	} #Coordinate3
	Material {
		ambientColor      0.0137 0.1265 0.1480  #ambientColor
		diffuseColor      0.0549 0.5059 0.5922  #diffuseColor
		transparency      0.0000                #transparency
	} #Material

	IndexedFaceSet {
		coordIndex [ 
		 0, 1, 2, 3,-1,
		 3, 2, 1, 0,-1,
		 0, 3, 7, 4,-1,
		 4, 7, 3, 0,-1,
		 1, 0, 4, 5,-1,
		 5, 4, 0, 1,-1,
		 2, 1, 5, 6,-1,
		 6, 5, 1, 2,-1,
		 3, 2, 6, 7,-1,
		 7, 6, 2, 3,-1,
		 7, 6, 5, 4,-1,
		 4, 5, 6, 7,-1,
		]
	} #IndexedFaceSet
} #Polyhedron
Separator { #Polyhedron
	DEF COORD85 Coordinate3 {
		point [
		 -0.3048 2.0827 -112.3084,
		 -0.3048 2.0827 -112.1015,
		 -0.4572 2.0827 -112.1015,
		 -0.4572 2.0827 -112.3084,
		 -0.3048 -0.6093 -112.3084,
		 -0.3048 -0.6093 -112.1015,
		 -0.4572 -0.6093 -112.1015,
		 -0.4572 -0.6093 -112.3084
		]
	} #Coordinate3
	Material {
		ambientColor      0.0137 0.1265 0.1480  #ambientColor
		diffuseColor      0.0549 0.5059 0.5922  #diffuseColor
		transparency      0.0000                #transparency
	} #Material

	IndexedFaceSet {
		coordIndex [ 
		 0, 1, 2, 3,-1,
		 3, 2, 1, 0,-1,
		 0, 3, 7, 4,-1,
		 4, 7, 3, 0,-1,
		 1, 0, 4, 5,-1,
		 5, 4, 0, 1,-1,
		 2, 1, 5, 6,-1,
		 6, 5, 1, 2,-1,
		 3, 2, 6, 7,-1,
		 7, 6, 2, 3,-1,
		 7, 6, 5, 4,-1,
		 4, 5, 6, 7,-1,
		]
	} #IndexedFaceSet
} #Polyhedron
Separator { #Polyhedron
	DEF COORD86 Coordinate3 {
		point [
		 -2.2859 2.0827 -112.3084,
		 -2.2859 2.0827 -112.1015,
		 -2.4383 2.0827 -112.1015,
		 -2.4383 2.0827 -112.3084,
		 -2.2859 -0.6093 -112.3084,
		 -2.2859 -0.6093 -112.1015,
		 -2.4383 -0.6093 -112.1015,
		 -2.4383 -0.6093 -112.3084
		]
	} #Coordinate3
	Material {
		ambientColor      0.0137 0.1265 0.1480  #ambientColor
		diffuseColor      0.0549 0.5059 0.5922  #diffuseColor
		transparency      0.0000                #transparency
	} #Material

	IndexedFaceSet {
		coordIndex [ 
		 0, 1, 2, 3,-1,
		 3, 2, 1, 0,-1,
		 0, 3, 7, 4,-1,
		 4, 7, 3, 0,-1,
		 1, 0, 4, 5,-1,
		 5, 4, 0, 1,-1,
		 2, 1, 5, 6,-1,
		 6, 5, 1, 2,-1,
		 3, 2, 6, 7,-1,
		 7, 6, 2, 3,-1,
		 7, 6, 5, 4,-1,
		 4, 5, 6, 7,-1,
		]
	} #IndexedFaceSet
} #Polyhedron
Separator { #Polyhedron
	DEF COORD87 Coordinate3 {
		point [
		 -4.2669 2.0827 -112.3084,
		 -4.2669 2.0827 -112.1015,
		 -4.4193 2.0827 -112.1015,
		 -4.4193 2.0827 -112.3084,
		 -4.2669 -0.6093 -112.3084,
		 -4.2669 -0.6093 -112.1015,
		 -4.4193 -0.6093 -112.1015,
		 -4.4193 -0.6093 -112.3084
		]
	} #Coordinate3
	Material {
		ambientColor      0.0137 0.1265 0.1480  #ambientColor
		diffuseColor      0.0549 0.5059 0.5922  #diffuseColor
		transparency      0.0000                #transparency
	} #Material

	IndexedFaceSet {
		coordIndex [ 
		 0, 1, 2, 3,-1,
		 3, 2, 1, 0,-1,
		 0, 3, 7, 4,-1,
		 4, 7, 3, 0,-1,
		 1, 0, 4, 5,-1,
		 5, 4, 0, 1,-1,
		 2, 1, 5, 6,-1,
		 6, 5, 1, 2,-1,
		 3, 2, 6, 7,-1,
		 7, 6, 2, 3,-1,
		 7, 6, 5, 4,-1,
		 4, 5, 6, 7,-1,
		]
	} #IndexedFaceSet
} #Polyhedron
Separator { #Polyhedron
	DEF COORD88 Coordinate3 {
		point [
		 -6.2480 2.0827 -112.3084,
		 -6.2480 2.0827 -112.1015,
		 -6.4004 2.0827 -112.1015,
		 -6.4004 2.0827 -112.3084,
		 -6.2480 -0.6093 -112.3084,
		 -6.2480 -0.6093 -112.1015,
		 -6.4004 -0.6093 -112.1015,
		 -6.4004 -0.6093 -112.3084
		]
	} #Coordinate3
	Material {
		ambientColor      0.0137 0.1265 0.1480  #ambientColor
		diffuseColor      0.0549 0.5059 0.5922  #diffuseColor
		transparency      0.0000                #transparency
	} #Material

	IndexedFaceSet {
		coordIndex [ 
		 0, 1, 2, 3,-1,
		 3, 2, 1, 0,-1,
		 0, 3, 7, 4,-1,
		 4, 7, 3, 0,-1,
		 1, 0, 4, 5,-1,
		 5, 4, 0, 1,-1,
		 2, 1, 5, 6,-1,
		 6, 5, 1, 2,-1,
		 3, 2, 6, 7,-1,
		 7, 6, 2, 3,-1,
		 7, 6, 5, 4,-1,
		 4, 5, 6, 7,-1,
		]
	} #IndexedFaceSet
} #Polyhedron
Separator { #Polyhedron
	DEF COORD89 Coordinate3 {
		point [
		 -8.2291 2.0827 -112.3084,
		 -8.2291 2.0827 -112.1015,
		 -8.3815 2.0827 -112.1015,
		 -8.3815 2.0827 -112.3084,
		 -8.2291 -0.6093 -112.3084,
		 -8.2291 -0.6093 -112.1015,
		 -8.3815 -0.6093 -112.1015,
		 -8.3815 -0.6093 -112.3084
		]
	} #Coordinate3
	Material {
		ambientColor      0.0137 0.1265 0.1480  #ambientColor
		diffuseColor      0.0549 0.5059 0.5922  #diffuseColor
		transparency      0.0000                #transparency
	} #Material

	IndexedFaceSet {
		coordIndex [ 
		 0, 1, 2, 3,-1,
		 3, 2, 1, 0,-1,
		 0, 3, 7, 4,-1,
		 4, 7, 3, 0,-1,
		 1, 0, 4, 5,-1,
		 5, 4, 0, 1,-1,
		 2, 1, 5, 6,-1,
		 6, 5, 1, 2,-1,
		 3, 2, 6, 7,-1,
		 7, 6, 2, 3,-1,
		 7, 6, 5, 4,-1,
		 4, 5, 6, 7,-1,
		]
	} #IndexedFaceSet
} #Polyhedron
Separator { #Polyhedron
	DEF COORD90 Coordinate3 {
		point [
		 -10.2102 2.0827 -112.3084,
		 -10.2102 2.0827 -112.1015,
		 -10.3626 2.0827 -112.1015,
		 -10.3626 2.0827 -112.3084,
		 -10.2102 -0.6093 -112.3084,
		 -10.2102 -0.6093 -112.1015,
		 -10.3626 -0.6093 -112.1015,
		 -10.3626 -0.6093 -112.3084
		]
	} #Coordinate3
	Material {
		ambientColor      0.0137 0.1265 0.1480  #ambientColor
		diffuseColor      0.0549 0.5059 0.5922  #diffuseColor
		transparency      0.0000                #transparency
	} #Material

	IndexedFaceSet {
		coordIndex [ 
		 0, 1, 2, 3,-1,
		 3, 2, 1, 0,-1,
		 0, 3, 7, 4,-1,
		 4, 7, 3, 0,-1,
		 1, 0, 4, 5,-1,
		 5, 4, 0, 1,-1,
		 2, 1, 5, 6,-1,
		 6, 5, 1, 2,-1,
		 3, 2, 6, 7,-1,
		 7, 6, 2, 3,-1,
		 7, 6, 5, 4,-1,
		 4, 5, 6, 7,-1,
		]
	} #IndexedFaceSet
} #Polyhedron
Separator { #Polyhedron
	DEF COORD91 Coordinate3 {
		point [
		 -12.0389 2.0827 -112.3084,
		 -12.0389 2.0827 -112.1015,
		 -12.1913 2.0827 -112.1015,
		 -12.1913 2.0827 -112.3084,
		 -12.0389 -0.6093 -112.3084,
		 -12.0389 -0.6093 -112.1015,
		 -12.1913 -0.6093 -112.1015,
		 -12.1913 -0.6093 -112.3084
		]
	} #Coordinate3
	Material {
		ambientColor      0.0137 0.1265 0.1480  #ambientColor
		diffuseColor      0.0549 0.5059 0.5922  #diffuseColor
		transparency      0.0000                #transparency
	} #Material

	IndexedFaceSet {
		coordIndex [ 
		 0, 1, 2, 3,-1,
		 3, 2, 1, 0,-1,
		 0, 3, 7, 4,-1,
		 4, 7, 3, 0,-1,
		 1, 0, 4, 5,-1,
		 5, 4, 0, 1,-1,
		 2, 1, 5, 6,-1,
		 6, 5, 1, 2,-1,
		 3, 2, 6, 7,-1,
		 7, 6, 2, 3,-1,
		 7, 6, 5, 4,-1,
		 4, 5, 6, 7,-1,
		]
	} #IndexedFaceSet
} #Polyhedron
Separator { #Polyhedron
	DEF COORD92 Coordinate3 {
		point [
		 17.3726 2.2351 -112.3084,
		 17.3726 2.2351 -112.1015,
		 -12.3437 2.2351 -112.1015,
		 -12.3437 2.2351 -112.3084,
		 17.3726 2.0827 -112.3084,
		 17.3726 2.0827 -112.1015,
		 -12.3437 2.0827 -112.1015,
		 -12.3437 2.0827 -112.3084
		]
	} #Coordinate3
	Material {
		ambientColor      0.0137 0.1265 0.1480  #ambientColor
		diffuseColor      0.0549 0.5059 0.5922  #diffuseColor
		transparency      0.0000                #transparency
	} #Material

	IndexedFaceSet {
		coordIndex [ 
		 0, 1, 2, 3,-1,
		 3, 2, 1, 0,-1,
		 0, 3, 7, 4,-1,
		 4, 7, 3, 0,-1,
		 1, 0, 4, 5,-1,
		 5, 4, 0, 1,-1,
		 2, 1, 5, 6,-1,
		 6, 5, 1, 2,-1,
		 3, 2, 6, 7,-1,
		 7, 6, 2, 3,-1,
		 7, 6, 5, 4,-1,
		 4, 5, 6, 7,-1,
		]
	} #IndexedFaceSet
} #Polyhedron
Separator { #Polyhedron
	DEF COORD93 Coordinate3 {
		point [
		 18.2869 2.6922 -118.2589,
		 18.2869 2.6922 -112.1121,
		 17.3726 2.6922 -112.1121,
		 17.3726 2.6922 -118.2589,
		 18.2869 -0.6093 -118.2589,
		 18.2869 -0.6093 -112.1121,
		 17.3726 -0.6093 -112.1121,
		 17.3726 -0.6093 -118.2589
		]
	} #Coordinate3
	Material {
		ambientColor      0.0137 0.1265 0.1480  #ambientColor
		diffuseColor      0.0549 0.5059 0.5922  #diffuseColor
		transparency      0.0000                #transparency
	} #Material

	IndexedFaceSet {
		coordIndex [ 
		 0, 1, 2, 3,-1,
		 3, 2, 1, 0,-1,
		 0, 3, 7, 4,-1,
		 4, 7, 3, 0,-1,
		 1, 0, 4, 5,-1,
		 5, 4, 0, 1,-1,
		 2, 1, 5, 6,-1,
		 6, 5, 1, 2,-1,
		 3, 2, 6, 7,-1,
		 7, 6, 2, 3,-1,
		 7, 6, 5, 4,-1,
		 4, 5, 6, 7,-1,
		]
	} #IndexedFaceSet
} #Polyhedron
Separator { #Polyhedron
	DEF COORD94 Coordinate3 {
		point [
		 15.5447 2.0827 -112.3084,
		 15.5447 2.0827 -112.1015,
		 15.3923 2.0827 -112.1015,
		 15.3923 2.0827 -112.3084,
		 15.5447 -0.6093 -112.3084,
		 15.5447 -0.6093 -112.1015,
		 15.3923 -0.6093 -112.1015,
		 15.3923 -0.6093 -112.3084
		]
	} #Coordinate3
	Material {
		ambientColor      0.0137 0.1265 0.1480  #ambientColor
		diffuseColor      0.0549 0.5059 0.5922  #diffuseColor
		transparency      0.0000                #transparency
	} #Material

	IndexedFaceSet {
		coordIndex [ 
		 0, 1, 2, 3,-1,
		 3, 2, 1, 0,-1,
		 0, 3, 7, 4,-1,
		 4, 7, 3, 0,-1,
		 1, 0, 4, 5,-1,
		 5, 4, 0, 1,-1,
		 2, 1, 5, 6,-1,
		 6, 5, 1, 2,-1,
		 3, 2, 6, 7,-1,
		 7, 6, 2, 3,-1,
		 7, 6, 5, 4,-1,
		 4, 5, 6, 7,-1,
		]
	} #IndexedFaceSet
} #Polyhedron
Separator { #Polyhedron
	DEF COORD95 Coordinate3 {
		point [
		 13.5636 2.0827 -112.3084,
		 13.5636 2.0827 -112.1015,
		 13.4112 2.0827 -112.1015,
		 13.4112 2.0827 -112.3084,
		 13.5636 -0.6093 -112.3084,
		 13.5636 -0.6093 -112.1015,
		 13.4112 -0.6093 -112.1015,
		 13.4112 -0.6093 -112.3084
		]
	} #Coordinate3
	Material {
		ambientColor      0.0137 0.1265 0.1480  #ambientColor
		diffuseColor      0.0549 0.5059 0.5922  #diffuseColor
		transparency      0.0000                #transparency
	} #Material

	IndexedFaceSet {
		coordIndex [ 
		 0, 1, 2, 3,-1,
		 3, 2, 1, 0,-1,
		 0, 3, 7, 4,-1,
		 4, 7, 3, 0,-1,
		 1, 0, 4, 5,-1,
		 5, 4, 0, 1,-1,
		 2, 1, 5, 6,-1,
		 6, 5, 1, 2,-1,
		 3, 2, 6, 7,-1,
		 7, 6, 2, 3,-1,
		 7, 6, 5, 4,-1,
		 4, 5, 6, 7,-1,
		]
	} #IndexedFaceSet
} #Polyhedron
Separator { #Polyhedron
	DEF COORD96 Coordinate3 {
		point [
		 11.5825 2.0827 -112.3084,
		 11.5825 2.0827 -112.1015,
		 11.4302 2.0827 -112.1015,
		 11.4302 2.0827 -112.3084,
		 11.5825 -0.6093 -112.3084,
		 11.5825 -0.6093 -112.1015,
		 11.4302 -0.6093 -112.1015,
		 11.4302 -0.6093 -112.3084
		]
	} #Coordinate3
	Material {
		ambientColor      0.0137 0.1265 0.1480  #ambientColor
		diffuseColor      0.0549 0.5059 0.5922  #diffuseColor
		transparency      0.0000                #transparency
	} #Material

	IndexedFaceSet {
		coordIndex [ 
		 0, 1, 2, 3,-1,
		 3, 2, 1, 0,-1,
		 0, 3, 7, 4,-1,
		 4, 7, 3, 0,-1,
		 1, 0, 4, 5,-1,
		 5, 4, 0, 1,-1,
		 2, 1, 5, 6,-1,
		 6, 5, 1, 2,-1,
		 3, 2, 6, 7,-1,
		 7, 6, 2, 3,-1,
		 7, 6, 5, 4,-1,
		 4, 5, 6, 7,-1,
		]
	} #IndexedFaceSet
} #Polyhedron
Separator { #Polyhedron
	DEF COORD97 Coordinate3 {
		point [
		 9.6015 2.0827 -112.3084,
		 9.6015 2.0827 -112.1015,
		 9.4491 2.0827 -112.1015,
		 9.4491 2.0827 -112.3084,
		 9.6015 -0.6093 -112.3084,
		 9.6015 -0.6093 -112.1015,
		 9.4491 -0.6093 -112.1015,
		 9.4491 -0.6093 -112.3084
		]
	} #Coordinate3
	Material {
		ambientColor      0.0137 0.1265 0.1480  #ambientColor
		diffuseColor      0.0549 0.5059 0.5922  #diffuseColor
		transparency      0.0000                #transparency
	} #Material

	IndexedFaceSet {
		coordIndex [ 
		 0, 1, 2, 3,-1,
		 3, 2, 1, 0,-1,
		 0, 3, 7, 4,-1,
		 4, 7, 3, 0,-1,
		 1, 0, 4, 5,-1,
		 5, 4, 0, 1,-1,
		 2, 1, 5, 6,-1,
		 6, 5, 1, 2,-1,
		 3, 2, 6, 7,-1,
		 7, 6, 2, 3,-1,
		 7, 6, 5, 4,-1,
		 4, 5, 6, 7,-1,
		]
	} #IndexedFaceSet
} #Polyhedron
Separator { #Polyhedron
	DEF COORD98 Coordinate3 {
		point [
		 7.6204 2.0827 -112.3084,
		 7.6204 2.0827 -112.1015,
		 7.4680 2.0827 -112.1015,
		 7.4680 2.0827 -112.3084,
		 7.6204 -0.6093 -112.3084,
		 7.6204 -0.6093 -112.1015,
		 7.4680 -0.6093 -112.1015,
		 7.4680 -0.6093 -112.3084
		]
	} #Coordinate3
	Material {
		ambientColor      0.0137 0.1265 0.1480  #ambientColor
		diffuseColor      0.0549 0.5059 0.5922  #diffuseColor
		transparency      0.0000                #transparency
	} #Material

	IndexedFaceSet {
		coordIndex [ 
		 0, 1, 2, 3,-1,
		 3, 2, 1, 0,-1,
		 0, 3, 7, 4,-1,
		 4, 7, 3, 0,-1,
		 1, 0, 4, 5,-1,
		 5, 4, 0, 1,-1,
		 2, 1, 5, 6,-1,
		 6, 5, 1, 2,-1,
		 3, 2, 6, 7,-1,
		 7, 6, 2, 3,-1,
		 7, 6, 5, 4,-1,
		 4, 5, 6, 7,-1,
		]
	} #IndexedFaceSet
} #Polyhedron
Separator { #Polyhedron
	DEF COORD99 Coordinate3 {
		point [
		 149.3523 -2.7940 -304.4921,
		 134.1123 -2.7940 -142.9478,
		 91.2607 -2.7940 -39.4950,
		 -12.1920 -2.7940 3.3565,
		 -115.6448 -2.7940 -39.4950,
		 -158.4963 -2.7940 -142.9478,
		 -173.7363 -2.7940 -304.4921,
		 -12.1920 -2.7940 -371.5482,
		 149.3523 -4.3180 -304.4921,
		 134.1123 -4.3180 -142.9478,
		 91.2607 -4.3180 -39.4950,
		 -12.1920 -4.3180 3.3565,
		 -115.6448 -4.3180 -39.4950,
		 -158.4963 -4.3180 -142.9478,
		 -173.7363 -4.3180 -304.4921,
		 -12.1920 -4.3180 -371.5482
		]
	} #Coordinate3
	Material {
		ambientColor      0.1667 0.1667 0.0000  #ambientColor
		diffuseColor      0.6667 0.6667 0.0000  #diffuseColor
		transparency      0.0000                #transparency
	} #Material

	IndexedFaceSet {
		coordIndex [ 
		 0, 1, 2, 3, 4, 5, 6, 7,-1,
		 7, 6, 5, 4, 3, 2, 1, 0,-1,
		 0, 7, 15, 8,-1,
		 8, 15, 7, 0,-1,
		 1, 0, 8, 9,-1,
		 9, 8, 0, 1,-1,
		 2, 1, 9, 10,-1,
		 10, 9, 1, 2,-1,
		 3, 2, 10, 11,-1,
		 11, 10, 2, 3,-1,
		 4, 3, 11, 12,-1,
		 12, 11, 3, 4,-1,
		 5, 4, 12, 13,-1,
		 13, 12, 4, 5,-1,
		 6, 5, 13, 14,-1,
		 14, 13, 5, 6,-1,
		 7, 6, 14, 15,-1,
		 15, 14, 6, 7,-1,
		 15, 14, 13, 12, 11, 10, 9, 8,-1,
		 8, 9, 10, 11, 12, 13, 14, 15,-1,
		]
	} #IndexedFaceSet
} #Polyhedron
}
