#VRML V1.0 ascii

Separator {
	Info { string "Virtus VRML 1.0.1
	VRML Export Filter
	Virtus Corporation
	114 MacKenan Drive, Suite 100
	Cary, NC 27511
	919-467-9700"}

	DEF BackgroundColor Info{  # Sky color
		string " 0.3 0.8 1.0 "
	}

	DirectionalLight {
		on         TRUE          # SFBool
		intensity  1.0           # SFFloat
		color      0.4 0.4 0.4   # SFColor
		direction  0 0 0   # SFVec3f
	}

	DirectionalLight {
		on         TRUE          # SFBool
		intensity  1.0           # SFFloat
		color      0.5 0.5 0.5   # SFColor
		direction  34 -247 -57   # SFVec3f
	}

	DirectionalLight {
		on         TRUE          # SFBool
		intensity  1.0           # SFFloat
		color      0.4 0.4 0.4   # SFColor
		direction  -209 -104 105   # SFVec3f
	}

	DirectionalLight {
		on         TRUE          # SFBool
		intensity  1.0           # SFFloat
		color      0.5 0.5 0.5   # SFColor
		direction  5 119 -226   # SFVec3f
	}

	PerspectiveCamera {
		position 20.9550 1.7272 22.8092          #SFVec3f 
		orientation 0 1 0  5.9660     #SFRotation 
		focalDistance  5            #SFFloat 
		heightAngle 2.0030 
	}

	ShapeHints {
		vertexOrdering	CLOCKWISE
		shapeType	SOLID
	}

	Transform {
		translation 0 0 0
		scaleFactor 1.0 1.0 1.0
	}

Separator { #Polyhedron
	DEF COORD0 Coordinate3 {
		point [
		 66.2966 29.4459 -61.7953,
		 86.2028 29.4459 -8.5859,
		 62.6539 29.4459 43.1146,
		 9.4445 29.4459 63.0207,
		 -42.2560 29.4459 39.4719,
		 -62.1622 29.4459 -13.7375,
		 -38.6133 29.4459 -65.4380,
		 14.5961 29.4459 -85.3442,
		 66.2966 -10.8313 -61.7953,
		 86.2028 -10.8313 -8.5859,
		 62.6539 -10.8313 43.1146,
		 9.4445 -10.8313 63.0207,
		 -42.2560 -10.8313 39.4719,
		 -62.1622 -10.8313 -13.7375,
		 -38.6133 -10.8313 -65.4380,
		 14.5961 -10.8313 -85.3442
		]
	} #Coordinate3
	Material {
		ambientColor      0.1245 0.1245 0.2500  #ambientColor
		diffuseColor      0.4980 0.4980 1.0000  #diffuseColor
		transparency      0.0000                #transparency
	} #Material

	Texture2 {
		filename ""  #filename
		wrapS REPEAT 
		wrapT REPEAT 
	} #Texture2

	IndexedFaceSet {
		coordIndex [ 
		 0, 1, 2, 3, 4, 5, 6, 7,-1,
		 7, 6, 5, 4, 3, 2, 1, 0,-1,
		]
	} #IndexedFaceSet
	Material {
		ambientColor      0.0873 0.2422 0.2500  #ambientColor
		diffuseColor      0.3490 0.9686 1.0000  #diffuseColor
		transparency      0.0000                #transparency
	} #Material

	DEF TEXCOORD0 TextureCoordinate2 {
		point [
		0.0000 1.0000,
		1.0000 1.0000,
		1.0000 0.0000,
		0.0000 0.0000,
		0.0000 0.0000,
		1.0000 0.0000,
		1.0000 1.0000,
		0.0000 1.0000,
		0.0000 1.0000,
		1.0000 1.0000,
		1.0000 0.0000,
		0.0000 0.0000,
		0.0000 0.0000,
		1.0000 0.0000,
		1.0000 1.0000,
		0.0000 1.0000,
		0.0000 1.0000,
		1.0000 1.0000,
		1.0000 0.0000,
		0.0000 0.0000,
		0.0000 0.0000,
		1.0000 0.0000,
		1.0000 1.0000,
		0.0000 1.0000,
		0.0000 1.0000,
		1.0000 1.0000,
		1.0000 0.0000,
		0.0000 0.0000,
		0.0000 0.0000,
		1.0000 0.0000,
		1.0000 1.0000,
		0.0000 1.0000,
		0.0000 1.0000,
		1.0000 1.0000,
		1.0000 0.0000,
		0.0000 0.0000,
		0.0000 0.0000,
		1.0000 0.0000,
		1.0000 1.0000,
		0.0000 1.0000,
		0.0000 1.0000,
		1.0000 1.0000,
		1.0000 0.0000,
		0.0000 0.0000,
		0.0000 0.0000,
		1.0000 0.0000,
		1.0000 1.0000,
		0.0000 1.0000,
		0.0000 1.0000,
		1.0000 1.0000,
		1.0000 0.0000,
		0.0000 0.0000,
		0.0000 0.0000,
		1.0000 0.0000,
		1.0000 1.0000,
		0.0000 1.0000,
		0.0000 1.0000,
		1.0000 1.0000,
		1.0000 0.0000,
		0.0000 0.0000,
		0.0000 0.0000,
		1.0000 0.0000,
		1.0000 1.0000,
		0.0000 1.0000
		]
	} #TextureCoordinate2
	Texture2 {
		filename "TXTR0001.JPG"  #filename
		wrapS REPEAT 
		wrapT REPEAT 
	} #Texture2

	IndexedFaceSet {
		coordIndex [ 
		 0, 7, 15, 8,-1,
		 8, 15, 7, 0,-1,
		 1, 0, 8, 9,-1,
		 9, 8, 0, 1,-1,
		 2, 1, 9, 10,-1,
		 10, 9, 1, 2,-1,
		 3, 2, 10, 11,-1,
		 11, 10, 2, 3,-1,
		 4, 3, 11, 12,-1,
		 12, 11, 3, 4,-1,
		 5, 4, 12, 13,-1,
		 13, 12, 4, 5,-1,
		 6, 5, 13, 14,-1,
		 14, 13, 5, 6,-1,
		 7, 6, 14, 15,-1,
		 15, 14, 6, 7,-1,
		]
		textureCoordIndex [
		 0, 1, 2, 3,-1,
		 4, 5, 6, 7,-1,
		 8, 9, 10, 11,-1,
		 12, 13, 14, 15,-1,
		 16, 17, 18, 19,-1,
		 20, 21, 22, 23,-1,
		 24, 25, 26, 27,-1,
		 28, 29, 30, 31,-1,
		 32, 33, 34, 35,-1,
		 36, 37, 38, 39,-1,
		 40, 41, 42, 43,-1,
		 44, 45, 46, 47,-1,
		 48, 49, 50, 51,-1,
		 52, 53, 54, 55,-1,
		 56, 57, 58, 59,-1,
		 60, 61, 62, 63,-1,
		]
	} #IndexedFaceSet
	Texture2 {
		filename ""  #filename
		wrapS REPEAT 
		wrapT REPEAT 
	} #Texture2

	IndexedFaceSet {
		coordIndex [ 
		 15, 14, 13, 12, 11, 10, 9, 8,-1,
		 8, 9, 10, 11, 12, 13, 14, 15,-1,
		]
	} #IndexedFaceSet
} #Polyhedron
Separator { #Polyhedron
	DEF COORD1 Coordinate3 {
		point [
		 59.3470 -0.8282 37.5754,
		 10.3894 -0.8282 56.2346,
		 -37.4230 -0.8282 34.8105,
		 -56.0822 -0.8282 -14.1471,
		 -34.6581 -0.8282 -61.9594,
		 14.2995 -0.8282 -80.6187,
		 62.1118 -0.8282 -59.1946,
		 80.7711 -0.8282 -10.2370,
		 59.3470 -10.4079 37.5754,
		 10.3894 -10.4079 56.2346,
		 -37.4230 -10.4079 34.8105,
		 -56.0822 -10.4079 -14.1471,
		 -34.6581 -10.4079 -61.9594,
		 14.2995 -10.4079 -80.6187,
		 62.1118 -10.4079 -59.1946,
		 80.7711 -10.4079 -10.2370,
		 44.6027 -0.8282 43.1949,
		 44.6027 -0.8282 -67.0402,
		 10.3894 -2.7289 56.2346,
		 -37.4230 -5.3852 34.8105,
		 -56.0822 -6.4218 -14.1471,
		 -34.6581 -5.2316 -61.9594,
		 14.2995 -2.5117 -80.6187,
		 49.4378 -0.8282 41.3521,
		 49.4378 -0.8282 10.6107,
		 71.4295 -0.8282 10.6107,
		 49.4378 -0.8282 4.6139,
		 49.4378 -0.8282 -18.6099,
		 77.5799 -0.8282 -18.6099,
		 74.1166 -0.8282 4.6139,
		 74.1156 -0.8282 4.6162,
		 74.0671 -0.8282 4.7243,
		 49.4378 -0.8282 4.6162,
		 49.4378 -0.8282 4.6162,
		 49.4378 -0.8282 4.6139,
		 74.1156 -0.8282 4.6162,
		 49.4378 -0.8282 -25.6522,
		 49.4378 -0.8282 -64.8736,
		 74.8958 -0.8282 -25.6522,
		 74.8961 -0.8282 -25.6517,
		 74.9070 -0.8282 -25.6230,
		 49.4378 -0.8282 -25.6517,
		 49.4378 -0.8282 -25.6517,
		 49.4378 -0.8282 -25.6522,
		 74.8961 -0.8282 -25.6517,
		 49.4378 -0.8282 -18.6099,
		 49.4378 -0.8282 -25.6517,
		 75.1014 -0.8282 -25.6228,
		 77.6073 -0.8282 -18.6099,
		 49.4378 -0.8282 10.6107,
		 49.4378 -0.8282 4.6162,
		 74.1386 -0.8282 4.7246,
		 71.7211 -0.8282 10.6107,
		 49.4378 -0.8282 -65.0685,
		 49.4378 -0.8282 41.6182,
		 44.6027 -0.8282 43.1949,
		 44.6027 -0.8282 -67.0656,
		 44.6027 -0.8282 31.3099,
		 -38.7571 -5.4593 31.3099,
		 40.6106 -1.0487 29.4931,
		 44.5060 -0.8350 31.3099,
		 -39.4496 -5.4978 29.4931,
		 44.5212 -0.8342 29.4931,
		 44.6027 -0.8282 29.4931,
		 44.6027 -0.8282 31.3099,
		 35.1180 -1.3499 24.6976,
		 40.5509 -1.0520 29.4931,
		 -41.2773 -5.5993 24.6976,
		 40.5964 -1.0495 29.4864,
		 40.6106 -1.0487 29.4931,
		 40.5509 -1.0520 29.4931,
		 40.5509 -1.0520 29.4864,
		 40.5852 -1.0501 24.6976,
		 40.5843 -1.0501 24.6976,
		 44.5212 -0.8342 29.4931,
		 44.5613 -0.8320 24.6976,
		 44.6027 -0.8282 24.6976,
		 44.6027 -0.8282 29.4931,
		 19.6130 -2.2003 15.1067,
		 35.0812 -1.3520 24.6976,
		 -44.9327 -5.8024 15.1067,
		 35.2653 -1.3418 16.0288,
		 33.9905 -1.4118 15.1067,
		 44.6027 -0.8282 15.1067,
		 44.6027 -0.8282 16.0288,
		 35.0876 -1.3516 24.6708,
		 35.1180 -1.3499 24.6976,
		 35.0812 -1.3520 24.6976,
		 35.0817 -1.3519 24.6708,
		 35.1523 -1.3480 21.3474,
		 35.2653 -1.3419 16.0325,
		 44.6027 -0.8282 16.0325,
		 40.6062 -1.0489 21.5621,
		 35.2653 -1.3419 16.0325,
		 44.6027 -0.8282 21.5621,
		 40.5850 -1.0501 24.5999,
		 40.5852 -1.0501 24.6976,
		 40.5843 -1.0501 24.6976,
		 40.6057 -1.0489 21.6307,
		 44.6027 -0.8282 21.6307,
		 44.5693 -0.8316 23.7372,
		 40.6057 -1.0489 21.6307,
		 44.6027 -0.8282 23.7372,
		 44.5613 -0.8320 24.6976,
		 44.6027 -0.8282 24.6976,
		 4.4723 -3.0307 13.0779,
		 19.6111 -2.2004 15.1067,
		 -45.7060 -5.8453 13.0779,
		 19.6111 -2.2004 15.1056,
		 19.6130 -2.2003 15.1067,
		 19.6111 -2.2004 15.1067,
		 31.9503 -1.5237 13.6312,
		 30.7849 -1.5876 13.0779,
		 44.6027 -0.8282 13.0779,
		 44.6027 -0.8282 13.6312,
		 33.9905 -1.4118 15.1067,
		 44.6027 -0.8282 15.1067,
		 -46.7959 -5.8426 10.0334,
		 -45.6461 -5.7796 13.0779,
		 -45.7060 -5.8453 13.0779,
		 -46.8663 -5.9098 10.0334,
		 -46.8209 -5.8440 10.0007,
		 -46.8083 -5.8433 10.0334,
		 -46.8663 -5.9098 10.0334,
		 -46.8788 -5.9105 10.0007,
		 -46.8453 -5.8453 9.9369,
		 -46.8209 -5.8440 10.0007,
		 -46.9031 -5.9118 9.9369,
		 -48.9567 -5.9611 4.4276,
		 -46.8453 -5.8453 9.9369,
		 -46.9031 -5.9118 9.9369,
		 -49.0028 -6.0285 4.4276,
		 17.0748 -2.3395 4.4224,
		 17.0640 -2.3401 4.4276,
		 -49.0028 -6.0285 4.4276,
		 -49.0048 -6.0286 4.4224,
		 22.6062 -2.0362 4.4276,
		 22.6061 -2.0362 4.4224,
		 44.6027 -0.8282 4.4224,
		 44.6027 -0.8282 4.4276,
		 44.5772 -0.8311 9.9369,
		 44.5772 -0.8311 4.4276,
		 44.6027 -0.8282 4.4276,
		 44.6027 -0.8282 9.9369,
		 4.5035 -3.0290 9.9369,
		 4.5035 -3.0290 13.0779,
		 4.5035 -3.0290 9.9369,
		 44.5772 -0.8311 9.9371,
		 44.5772 -0.8311 9.9369,
		 44.6027 -0.8282 9.9371,
		 44.5772 -0.8311 9.9376,
		 44.5772 -0.8311 9.9371,
		 44.6027 -0.8282 9.9371,
		 44.6027 -0.8282 9.9376,
		 44.6027 -0.8282 10.6124,
		 44.6027 -0.8282 11.2704,
		 26.9780 -1.7964 11.2704,
		 23.3395 -1.9959 10.6124,
		 20.5945 -2.1465 10.1040,
		 21.2134 -2.1126 10.2280,
		 20.5279 -2.1502 10.1040,
		 23.3395 -1.9959 10.0429,
		 20.1900 -2.1687 10.0429,
		 20.1900 -2.1687 10.0429,
		 20.1375 -2.1716 10.0334,
		 44.6027 -0.8282 10.0334,
		 44.6027 -0.8282 10.0429,
		 23.3395 -1.9959 10.6124,
		 44.6027 -0.8282 10.6124,
		 44.5772 -0.8311 10.0334,
		 44.5772 -0.8311 9.9376,
		 44.6027 -0.8282 9.9376,
		 44.6027 -0.8282 10.0334,
		 30.7849 -1.5876 13.0779,
		 44.6027 -0.8282 13.0779,
		 4.4287 -3.0331 4.4040,
		 4.4298 -3.0331 4.4224,
		 -49.0119 -6.0290 4.4040,
		 17.1129 -2.3374 4.4041,
		 17.0748 -2.3395 4.4224,
		 4.4298 -3.0331 4.4224,
		 22.6061 -2.0362 4.4224,
		 22.6057 -2.0362 4.4040,
		 44.6027 -0.8282 4.4040,
		 44.6027 -0.8282 4.4224,
		 -50.2245 -6.0307 1.0680,
		 -49.0115 -5.9642 4.4040,
		 -49.0119 -6.0290 4.4040,
		 -50.2833 -6.0996 1.0680,
		 17.0911 -2.3386 -2.8183,
		 4.9632 -3.0038 1.0680,
		 -50.2833 -6.0996 1.0680,
		 -51.7645 -6.1819 -2.8183,
		 28.6427 -1.7051 -10.7860,
		 17.2839 -2.3281 -2.8183,
		 -51.7645 -6.1819 -2.8183,
		 -54.8012 -6.3506 -10.7860,
		 28.6427 -1.7051 -10.8179,
		 28.6427 -1.7051 -10.7860,
		 -54.8134 -6.3513 -10.8179,
		 28.6427 -1.7051 -10.8220,
		 28.6427 -1.7051 -10.8179,
		 -54.8134 -6.3513 -10.8179,
		 -54.8149 -6.3514 -10.8220,
		 37.3953 -1.2250 -18.2304,
		 -54.2525 -6.3201 -18.2304,
		 41.3136 -1.0101 -21.6105,
		 37.4327 -1.2230 -18.2304,
		 -54.2525 -6.3201 -18.2304,
		 -52.7380 -6.2360 -21.6105,
		 41.3136 -1.0101 -21.6202,
		 41.3136 -1.0101 -21.6105,
		 -52.7336 -6.2358 -21.6202,
		 41.3134 -1.0101 -23.4323,
		 41.3136 -1.0101 -21.6202,
		 -52.7336 -6.2358 -21.6202,
		 -51.9217 -6.1907 -23.4323,
		 37.4327 -1.2230 -18.2304,
		 37.3949 -1.2251 -18.1975,
		 41.5065 -0.9995 -14.2339,
		 44.6027 -0.8297 -15.5931,
		 44.6027 -0.8282 -14.2339,
		 44.6027 -0.8282 -14.1497,
		 44.6027 -0.8282 -10.8179,
		 38.0936 -1.1867 -10.8179,
		 41.2742 -1.0123 -14.1497,
		 41.3146 -1.0101 -14.1920,
		 41.3146 -1.0101 -14.1497,
		 41.5065 -0.9995 -14.2339,
		 44.6027 -0.8282 -14.1497,
		 44.6027 -0.8282 -2.8709,
		 44.6027 -0.8282 -2.8183,
		 28.7260 -1.7005 -2.8183,
		 28.7258 -1.7005 -2.8709,
		 44.6027 -0.8282 -9.9773,
		 44.6027 -0.8282 -9.9772,
		 37.2912 -1.2307 -9.9772,
		 37.2912 -1.2307 -9.9773,
		 37.2912 -1.2307 -9.9773,
		 38.0936 -1.1867 -10.8179,
		 44.6027 -0.8282 -9.9773,
		 44.6027 -0.8282 -9.8310,
		 44.6027 -0.8282 -2.8709,
		 28.7258 -1.7005 -2.8709,
		 37.1149 -1.2404 -9.8310,
		 37.1518 -1.2384 -9.8616,
		 37.1515 -1.2384 -9.8310,
		 37.2908 -1.2308 -9.9769,
		 44.6027 -0.8282 -9.9769,
		 37.2908 -1.2308 -9.9769,
		 44.6027 -0.8282 -9.8310,
		 17.2839 -2.3281 -2.8183,
		 17.0933 -2.3385 -2.6845,
		 28.7260 -1.7005 -2.8155,
		 28.7260 -1.7005 -2.8183,
		 44.6027 -0.8282 -2.8183,
		 44.6027 -0.8282 -2.8155,
		 23.9390 -1.9631 1.0680,
		 44.6027 -0.8282 1.0680,
		 4.9632 -3.0038 1.0680,
		 4.9126 -3.0066 1.0842,
		 4.5095 -3.0287 1.0842,
		 23.9190 -1.9642 1.0842,
		 23.9390 -1.9631 1.0680,
		 44.6027 -0.8282 1.0842,
		 4.9126 -3.0066 1.0842,
		 4.5095 -3.0287 1.2134,
		 4.5095 -3.0287 1.0842,
		 22.6057 -2.0362 4.4040,
		 22.6047 -2.0362 4.3599,
		 44.6027 -0.8282 4.3599,
		 44.6027 -0.8282 4.4040,
		 23.8005 -1.9707 1.1804,
		 23.9190 -1.9642 1.0842,
		 44.6027 -0.8282 1.1804,
		 22.5465 -2.0394 1.7954,
		 18.0464 -2.2863 3.9559,
		 22.5254 -2.0406 1.7954,
		 22.5254 -2.0406 1.7954,
		 44.6027 -0.8282 1.7954,
		 22.6047 -2.0362 4.3599,
		 44.6027 -0.8282 4.3599,
		 25.7448 -1.8640 -27.4955,
		 25.7448 -1.8640 -23.4323,
		 -51.9217 -6.1907 -23.4323,
		 -50.1010 -6.0895 -27.4955,
		 44.6027 -0.8282 -27.5030,
		 44.6027 -0.8282 -27.4955,
		 -50.1010 -6.0895 -27.4955,
		 -50.0976 -6.0893 -27.5030,
		 31.7662 -1.5338 -40.5618,
		 31.7662 -1.5338 -27.5030,
		 -50.0976 -6.0893 -27.5030,
		 -44.2461 -5.7642 -40.5618,
		 -44.2461 -5.7642 -40.5618,
		 44.6027 -0.8282 -40.5618,
		 44.6022 -0.8298 -27.5030,
		 44.6022 -0.8298 -40.5618,
		 44.6027 -0.8282 -40.5618,
		 44.6027 -0.8282 -27.5030,
		 41.3134 -1.0101 -23.4411,
		 41.3134 -1.0101 -23.4323,
		 25.7448 -1.8640 -23.4411,
		 44.6407 -0.8276 -23.4415,
		 25.7448 -1.8640 -23.4415,
		 25.7448 -1.8640 -23.4415,
		 44.7037 -0.8242 -27.4955,
		 44.7037 -0.8242 -23.4415,
		 44.6407 -0.8276 -23.4323,
		 44.7037 -0.8242 -23.4323,
		 4.2407 -3.0434 1.2995,
		 4.4287 -3.0331 4.4040,
		 -49.0115 -5.9642 4.4040,
		 -50.1404 -6.0261 1.2995,
		 4.5095 -3.0287 1.2134,
		 -50.1717 -6.0278 1.2134,
		 -50.1717 -6.0278 1.2134,
		 4.5095 -3.0287 1.2134,
		 17.1129 -2.3374 4.4041,
		 4.4287 -3.0331 4.4041,
		 17.1132 -2.3374 4.4040,
		 17.1129 -2.3374 4.4041,
		 4.4287 -3.0331 4.4040,
		 17.1175 -2.3372 4.4019,
		 17.1132 -2.3374 4.4040,
		 4.4286 -3.0331 4.4019,
		 4.4286 -3.0331 4.4019,
		 16.4349 -2.3746 -2.6080,
		 16.9842 -2.3445 -2.6080,
		 17.1175 -2.3372 4.4019,
		 17.0933 -2.3385 -2.6845,
		 16.6737 -2.3615 -2.6845,
		 16.6737 -2.3615 -2.6845,
		 17.0933 -2.3385 -2.6845,
		 18.0464 -2.2863 3.9559,
		 17.1175 -2.3372 4.4019,
		 17.1091 -2.3377 3.9559,
		 17.1091 -2.3377 3.9559,
		 17.2419 -2.3304 -2.7888,
		 28.6932 -1.7023 -2.7888,
		 18.0464 -2.2863 3.9559,
		 28.6427 -1.7051 -10.7860,
		 28.6268 -1.7060 -2.7888,
		 28.7258 -1.7005 -2.8709,
		 28.6932 -1.7023 -2.7888,
		 37.1518 -1.2384 -9.8616,
		 28.6408 -1.7052 -9.8616,
		 37.2322 -1.2340 -18.0559,
		 37.1518 -1.2384 -9.8616,
		 37.1890 -1.2363 -18.0559,
		 37.3949 -1.2251 -18.1975,
		 37.3563 -1.2272 -18.1975,
		 37.3563 -1.2272 -18.1975,
		 37.3949 -1.2251 -18.1975,
		 41.3146 -1.0101 -14.1920,
		 37.1943 -1.2361 -14.1920,
		 41.3136 -1.0101 -21.6105,
		 41.3146 -1.0101 -14.1920,
		 44.6586 -0.8267 -15.6177,
		 4.4298 -3.0331 13.0722,
		 4.4723 -3.0307 13.0779,
		 -45.6482 -5.7797 13.0722,
		 4.5012 -3.0292 10.0334,
		 -46.7959 -5.8426 10.0334,
		 19.6111 -2.2004 15.1056,
		 19.6024 -2.2009 15.1056,
		 19.6036 -2.2008 15.1009,
		 19.6111 -2.2004 15.1056,
		 19.5675 -2.2028 15.1009,
		 19.6036 -2.2008 10.0334,
		 4.5012 -3.0292 10.0334,
		 35.1523 -1.3480 21.3474,
		 29.6779 -1.6483 21.3474,
		 35.2561 -1.3424 16.0230,
		 35.1523 -1.3480 21.3474,
		 21.0908 -2.1193 16.0230,
		 23.5685 -1.9834 10.6538,
		 35.2574 -1.3423 16.0230,
		 21.0908 -2.1193 16.0230,
		 19.6036 -2.2008 10.6538,
		 21.2134 -2.1126 10.2280,
		 23.3395 -1.9959 10.6538,
		 19.6036 -2.2008 10.2280,
		 19.6036 -2.2008 10.2280,
		 19.6036 -2.2008 10.0334,
		 20.1375 -2.1716 10.0334,
		 21.2134 -2.1126 10.2280,
		 23.3395 -1.9959 10.6124,
		 23.5685 -1.9834 10.6538,
		 35.2653 -1.3419 16.0325,
		 40.5850 -1.0501 24.5999,
		 35.0889 -1.3515 24.5999,
		 40.5780 -1.0505 21.6160,
		 40.5850 -1.0501 24.5999,
		 35.1471 -1.3483 21.6160,
		 35.1471 -1.3483 21.6160,
		 40.6058 -1.0489 21.6160,
		 40.6057 -1.0489 21.6307,
		 44.5772 -0.8311 4.4835,
		 -48.9352 -5.9600 4.4835,
		 17.0655 -2.3401 4.4276,
		 22.6075 -2.0361 4.4835,
		 22.6062 -2.0362 4.4276,
		 44.5772 -0.8311 4.4835,
		 17.0640 -2.3401 4.4276
		]
	} #Coordinate3
	Material {
		ambientColor      0.0000 0.1667 0.0000  #ambientColor
		diffuseColor      0.0000 0.6667 0.0000  #diffuseColor
		transparency      0.0000                #transparency
	} #Material

	IndexedFaceSet {
		coordIndex [ 
		 23, 24, 25, 0,-1,
		 26, 27, 28, 7, 29,-1,
		 30, 31, 32,-1,
		 33, 34, 29, 35,-1,
		 36, 37, 6, 38,-1,
		 39, 40, 41,-1,
		 42, 43, 38, 44,-1,
		]
	} #IndexedFaceSet
	Material {
		ambientColor      0.1392 0.1392 0.1392  #ambientColor
		diffuseColor      0.5569 0.5569 0.5569  #diffuseColor
		transparency      0.0000                #transparency
	} #Material

	IndexedFaceSet {
		coordIndex [ 
		 45, 46, 47, 48,-1,
		 49, 50, 51, 52,-1,
		 53, 54, 55, 56,-1,
		]
	} #IndexedFaceSet
	Material {
		ambientColor      0.0000 0.1667 0.0000  #ambientColor
		diffuseColor      0.0000 0.6667 0.0000  #diffuseColor
		transparency      0.0000                #transparency
	} #Material

	IndexedFaceSet {
		coordIndex [ 
		 7, 6, 17, 16, 0,-1,
		 0, 7, 15, 8,-1,
		 8, 15, 7, 0,-1,
		 16, 0, 8, 9, 18,-1,
		 18, 9, 8, 0, 16,-1,
		 18, 9, 10, 19,-1,
		 19, 10, 9, 18,-1,
		 19, 10, 11, 20,-1,
		 20, 11, 10, 19,-1,
		 20, 11, 12, 21,-1,
		 21, 12, 11, 20,-1,
		 21, 12, 13, 22,-1,
		 22, 13, 12, 21,-1,
		 6, 17, 22, 13, 14,-1,
		 14, 13, 22, 17, 6,-1,
		 7, 6, 14, 15,-1,
		 15, 14, 6, 7,-1,
		 15, 14, 13, 12, 11, 10, 9, 8,-1,
		 8, 9, 10, 11, 12, 13, 14, 15,-1,
		 57, 16, 18, 19, 58,-1,
		 59, 60, 58, 61,-1,
		 60, 62, 63, 64,-1,
		 65, 66, 61, 67,-1,
		 68, 69, 70, 71,-1,
		 72, 68, 71, 73,-1,
		 74, 75, 76, 77,-1,
		 78, 79, 67, 80,-1,
		 81, 82, 83, 84,-1,
		 85, 86, 87, 88,-1,
		 89, 85, 88,-1,
		 90, 81, 84, 91,-1,
		 92, 93, 91, 94,-1,
		 95, 96, 97,-1,
		 98, 92, 94, 99,-1,
		 100, 101, 99, 102,-1,
		 103, 100, 102, 104,-1,
		 105, 106, 80, 107,-1,
		 108, 109, 110,-1,
		 111, 112, 113, 114,-1,
		 115, 111, 114, 116,-1,
		 117, 118, 119, 120,-1,
		 121, 122, 123, 124,-1,
		 125, 126, 124, 127,-1,
		 128, 129, 130, 131,-1,
		 132, 133, 134, 135,-1,
		 136, 137, 138, 139,-1,
		 140, 141, 142, 143,-1,
		 144, 145, 146,-1,
		 147, 148, 143, 149,-1,
		 150, 151, 152, 153,-1,
		 154, 155, 156, 157,-1,
		 158, 159, 160,-1,
		 161, 158, 160, 162,-1,
		 163, 164, 165, 166,-1,
		 167, 161, 166, 168,-1,
		 169, 170, 171, 172,-1,
		 173, 156, 155, 174,-1,
		 175, 176, 135, 177,-1,
		 178, 179, 180,-1,
		 181, 182, 183, 184,-1,
		 185, 186, 187, 188,-1,
		 189, 190, 191, 192,-1,
		 193, 194, 195, 196,-1,
		 197, 198, 196, 199,-1,
		 200, 201, 202, 203,-1,
		 204, 200, 203, 20, 205,-1,
		 206, 207, 208, 209,-1,
		 210, 211, 209, 212,-1,
		 213, 214, 215, 216,-1,
		 217, 218, 204,-1,
		 219, 220, 221,-1,
		 222, 223, 224, 225,-1,
		 226, 227, 225,-1,
		 227, 228, 221, 229,-1,
		 230, 231, 232, 233,-1,
		 234, 235, 236, 237,-1,
		 238, 239, 223, 240,-1,
		 241, 242, 243, 244,-1,
		 245, 246, 244,-1,
		 247, 236, 235, 248,-1,
		 246, 249, 248, 250,-1,
		 251, 252, 189,-1,
		 253, 254, 255, 256,-1,
		 257, 253, 256, 258,-1,
		 259, 260, 261, 185,-1,
		 262, 263, 258, 264,-1,
		 265, 266, 267,-1,
		 268, 269, 270, 271,-1,
		 272, 273, 264, 274,-1,
		 275, 276, 277,-1,
		 278, 272, 274, 279,-1,
		 280, 275, 279, 281,-1,
		 282, 283, 284, 285,-1,
		 286, 287, 288, 289,-1,
		 290, 291, 292, 293,-1,
		 294, 21, 22, 17, 295,-1,
		 296, 297, 298, 299,-1,
		]
	} #IndexedFaceSet
	Material {
		ambientColor      0.1392 0.1392 0.1392  #ambientColor
		diffuseColor      0.5569 0.5569 0.5569  #diffuseColor
		transparency      0.0000                #transparency
	} #Material

	IndexedFaceSet {
		coordIndex [ 
		 300, 301, 283, 302,-1,
		 303, 300, 302, 304,-1,
		 305, 282, 306, 307,-1,
		 308, 303, 307, 309,-1,
		 310, 311, 312, 313,-1,
		 314, 310, 313, 315,-1,
		 316, 185, 267, 317,-1,
		 318, 176, 319,-1,
		 320, 321, 319, 322,-1,
		 323, 324, 322, 325,-1,
		 326, 310, 327, 328, 329,-1,
		 330, 328, 327, 331,-1,
		 332, 189, 333,-1,
		 334, 335, 336,-1,
		 337, 328, 338, 339, 272, 340,-1,
		 341, 342, 338,-1,
		 342, 343, 253, 344,-1,
		 345, 342, 346,-1,
		 347, 348, 346, 200, 349,-1,
		 350, 347, 349, 351,-1,
		 352, 204, 353,-1,
		 354, 246, 355,-1,
		 356, 357, 355, 347,-1,
		 358, 227, 300, 303,-1,
		 359, 360, 118, 361,-1,
		 362, 359, 361, 363,-1,
		 364, 106, 365,-1,
		 366, 367, 365, 368,-1,
		 369, 366, 368, 359, 370,-1,
		 371, 79, 372,-1,
		 373, 374, 372, 375,-1,
		 376, 156, 111, 377, 378, 366, 379,-1,
		 380, 381, 379, 382,-1,
		 383, 384, 385, 386,-1,
		 381, 387, 388,-1,
		 389, 373, 377, 81,-1,
		 390, 66, 85, 391,-1,
		 392, 393, 391, 394,-1,
		 395, 373, 92, 396,-1,
		 397, 392, 396,-1,
		]
	} #IndexedFaceSet
	Material {
		ambientColor      0.2020 0.2020 0.2020  #ambientColor
		diffuseColor      0.8078 0.8078 0.8078  #diffuseColor
		transparency      0.0000                #transparency
	} #Material

	IndexedFaceSet {
		coordIndex [ 
		 296, 291, 290, 297,-1,
		]
	} #IndexedFaceSet
	Material {
		ambientColor      0.1392 0.1392 0.1392  #ambientColor
		diffuseColor      0.5569 0.5569 0.5569  #diffuseColor
		transparency      0.0000                #transparency
	} #Material

	IndexedFaceSet {
		coordIndex [ 
		 398, 169, 122, 399,-1,
		 400, 401, 399, 128,-1,
		 401, 402, 141, 403,-1,
		 68, 392, 100, 60,-1,
		]
	} #IndexedFaceSet
	Material {
		ambientColor      0.2020 0.2020 0.2020  #ambientColor
		diffuseColor      0.8078 0.8078 0.8078  #diffuseColor
		transparency      0.0000                #transparency
	} #Material

	IndexedFaceSet {
		coordIndex [ 
		 275, 401, 404,-1,
		 161, 381, 158,-1,
		]
	} #IndexedFaceSet
	Material {
		ambientColor      0.0000 0.1667 0.0000  #ambientColor
		diffuseColor      0.0000 0.6667 0.0000  #diffuseColor
		transparency      0.0000                #transparency
	} #Material

	IndexedFaceSet {
		coordIndex [ 
		 22, 21, 20, 19, 18, 16, 17,-1,
		]
	} #IndexedFaceSet
} #Polyhedron
Separator { #Polyhedron
	DEF COORD2 Coordinate3 {
		point [
		 31.8202 -1.5019 -34.2848,
		 31.8255 -1.1783 -34.2848,
		 28.4306 -1.1783 -34.2848,
		 28.4319 -1.7066 -34.2848,
		 31.8202 -1.5019 -28.3388,
		 31.8255 -1.1783 -28.3388,
		 28.4306 -1.1783 -28.3388,
		 28.4319 -1.7066 -28.3388
		]
	} #Coordinate3
	Material {
		ambientColor      0.1392 0.1392 0.1392  #ambientColor
		diffuseColor      0.5569 0.5569 0.5569  #diffuseColor
		transparency      0.0000                #transparency
	} #Material

	Texture2 {
		filename ""  #filename
		wrapS REPEAT 
		wrapT REPEAT 
	} #Texture2

	IndexedFaceSet {
		coordIndex [ 
		 0, 1, 2, 3,-1,
		 3, 2, 1, 0,-1,
		 0, 3, 7, 4,-1,
		 4, 7, 3, 0,-1,
		 1, 0, 4, 5,-1,
		 5, 4, 0, 1,-1,
		 2, 1, 5, 6,-1,
		 6, 5, 1, 2,-1,
		 3, 2, 6, 7,-1,
		 7, 6, 2, 3,-1,
		 7, 6, 5, 4,-1,
		 4, 5, 6, 7,-1,
		]
	} #IndexedFaceSet
} #Polyhedron
Separator { #Polyhedron
	DEF COORD3 Coordinate3 {
		point [
		 43.5733 -0.8282 -39.5635,
		 31.8958 -0.8282 -39.5635,
		 31.8430 -1.5019 -39.5635,
		 43.5733 -0.8282 -28.3388,
		 31.8958 -0.8282 -28.3388,
		 31.8430 -1.5019 -28.3388
		]
	} #Coordinate3
	Material {
		ambientColor      0.1392 0.1392 0.1392  #ambientColor
		diffuseColor      0.5569 0.5569 0.5569  #diffuseColor
		transparency      0.0000                #transparency
	} #Material

	Texture2 {
		filename ""  #filename
		wrapS REPEAT 
		wrapT REPEAT 
	} #Texture2

	IndexedFaceSet {
		coordIndex [ 
		 0, 1, 2,-1,
		 2, 1, 0,-1,
		 0, 2, 5, 3,-1,
		 3, 5, 2, 0,-1,
		 1, 0, 3, 4,-1,
		 4, 3, 0, 1,-1,
		 2, 1, 4, 5,-1,
		 5, 4, 1, 2,-1,
		 5, 4, 3,-1,
		 3, 4, 5,-1,
		]
	} #IndexedFaceSet
} #Polyhedron
Separator { #Polyhedron
	DEF COORD4 Coordinate3 {
		point [
		 64.1059 7.9697 -16.1021,
		 64.1059 7.9697 -0.1359,
		 51.3981 7.9697 -0.1359,
		 51.3981 7.9697 -16.1021,
		 64.1059 -0.8280 -16.1021,
		 64.1059 -0.8280 -0.1359,
		 51.3981 -0.8280 -0.1359,
		 51.3981 -0.8280 -16.1021,
		 51.3981 0.1499 -16.1021,
		 64.1059 0.1499 -16.1021,
		 60.9674 7.0606 -16.1021,
		 60.9674 0.1499 -16.1021,
		 64.1059 0.1499 -16.1021,
		 64.1059 7.0606 -16.1021,
		 59.5011 7.0606 -16.1021,
		 59.5011 7.0606 -16.1021,
		 64.1059 7.0606 -16.1021,
		 64.1059 7.0606 -16.1021,
		 58.0349 7.0606 -16.1021,
		 58.0349 7.0606 -16.1021,
		 64.1059 7.0606 -16.1021,
		 64.1059 7.0606 -16.1021,
		 56.5687 7.0607 -16.1021,
		 56.5687 7.0606 -16.1021,
		 64.1059 7.0606 -16.1021,
		 64.1059 7.0607 -16.1021,
		 55.1024 7.0607 -16.1021,
		 55.1024 7.0607 -16.1021,
		 64.1059 7.0607 -16.1021,
		 64.1059 7.0607 -16.1021,
		 64.1059 7.0607 -16.1021,
		 51.3981 7.0607 -16.1021,
		 54.3308 7.0607 -16.1021,
		 54.3308 7.0607 -16.1021,
		 51.3981 7.0607 -16.1021,
		 55.1024 7.0607 -16.1021,
		 55.1024 7.0606 -16.1021,
		 55.7970 7.0606 -16.1021,
		 55.7970 7.0607 -16.1021,
		 54.3308 7.0606 -16.1021,
		 54.3308 7.0607 -16.1021,
		 51.3981 7.0606 -16.1021,
		 56.5687 7.0606 -16.1021,
		 56.5687 7.0606 -16.1021,
		 57.2632 7.0606 -16.1021,
		 57.2632 7.0606 -16.1021,
		 55.1024 7.0606 -16.1021,
		 55.1024 7.0606 -16.1021,
		 55.7970 7.0606 -16.1021,
		 55.7970 7.0606 -16.1021,
		 54.3308 7.0606 -16.1021,
		 54.3308 7.0606 -16.1021,
		 51.3981 7.0606 -16.1021,
		 58.0349 7.0606 -16.1021,
		 58.0349 7.0606 -16.1021,
		 58.7295 7.0606 -16.1021,
		 58.7295 7.0606 -16.1021,
		 56.5687 7.0606 -16.1021,
		 56.5687 7.0606 -16.1021,
		 57.2632 7.0606 -16.1021,
		 57.2632 7.0606 -16.1021,
		 55.1024 7.0606 -16.1021,
		 55.1024 7.0606 -16.1021,
		 55.7970 7.0606 -16.1021,
		 55.7970 7.0606 -16.1021,
		 54.3308 7.0606 -16.1021,
		 54.3308 7.0606 -16.1021,
		 51.3981 7.0606 -16.1021,
		 51.3981 0.1500 -16.1021,
		 51.3981 0.1499 -16.1021,
		 60.1960 0.1499 -16.1021,
		 60.1960 0.1500 -16.1021,
		 59.5011 7.0606 -16.1021,
		 59.5011 0.1500 -16.1021,
		 60.1960 0.1500 -16.1021,
		 60.1960 7.0606 -16.1021,
		 51.3981 0.1500 -16.1021,
		 51.3981 0.1500 -16.1021,
		 58.7295 0.1500 -16.1021,
		 58.7295 0.1500 -16.1021,
		 58.0349 7.0606 -16.1021,
		 58.0349 0.1500 -16.1021,
		 58.7295 0.1500 -16.1021,
		 58.7295 7.0606 -16.1021,
		 51.3981 0.1500 -16.1021,
		 51.3981 0.1500 -16.1021,
		 57.2632 0.1500 -16.1021,
		 57.2632 0.1500 -16.1021,
		 56.5687 7.0606 -16.1021,
		 56.5687 0.1500 -16.1021,
		 57.2632 0.1500 -16.1021,
		 57.2632 7.0606 -16.1021,
		 51.3981 0.1501 -16.1021,
		 51.3981 0.1500 -16.1021,
		 55.7970 0.1500 -16.1021,
		 55.7970 0.1501 -16.1021,
		 55.1024 7.0606 -16.1021,
		 55.1024 0.1501 -16.1021,
		 55.7970 0.1501 -16.1021,
		 55.7970 7.0606 -16.1021,
		 54.3308 0.1501 -16.1021,
		 54.3308 7.0606 -16.1021,
		 51.3981 0.1501 -16.1021,
		 64.1059 0.1499 -16.1021,
		 51.3981 0.1499 -16.1021,
		 64.1059 7.0606 -16.1021,
		 64.1059 0.1499 -16.1021,
		 64.1059 7.0606 -16.1021,
		 64.1059 7.0606 -16.1021,
		 59.5011 7.0606 -16.1021,
		 64.1059 7.0606 -16.1021,
		 64.1059 7.0606 -16.1021,
		 58.0349 7.0606 -16.1021,
		 64.1059 7.0607 -16.1021,
		 64.1059 7.0606 -16.1021,
		 56.5687 7.0606 -16.1021,
		 64.1059 7.0607 -16.1021,
		 64.1059 7.0607 -16.1021,
		 55.1024 7.0607 -16.1021,
		 51.3981 7.0607 -16.1021,
		 64.1059 7.0607 -16.1021,
		 51.3981 7.0607 -16.1021,
		 54.3308 7.0607 -16.1021,
		 55.7970 7.0606 -16.1021,
		 55.1024 7.0606 -16.1021,
		 55.1024 7.0607 -16.1021,
		 51.3981 7.0606 -16.1021,
		 54.3308 7.0607 -16.1021,
		 54.3308 7.0606 -16.1021,
		 57.2632 7.0606 -16.1021,
		 56.5687 7.0606 -16.1021,
		 56.5687 7.0606 -16.1021,
		 55.7970 7.0606 -16.1021,
		 55.7970 7.0606 -16.1021,
		 55.1024 7.0606 -16.1021,
		 55.1024 7.0606 -16.1021,
		 51.3981 7.0606 -16.1021,
		 54.3308 7.0606 -16.1021,
		 54.3308 7.0606 -16.1021,
		 58.7295 7.0606 -16.1021,
		 58.0349 7.0606 -16.1021,
		 58.0349 7.0606 -16.1021,
		 57.2632 7.0606 -16.1021,
		 57.2632 7.0606 -16.1021,
		 56.5687 7.0606 -16.1021,
		 56.5687 7.0606 -16.1021,
		 55.7970 7.0606 -16.1021,
		 55.7970 7.0606 -16.1021,
		 55.1024 7.0606 -16.1021,
		 55.1024 7.0606 -16.1021,
		 51.3981 7.0606 -16.1021,
		 54.3308 7.0606 -16.1021,
		 54.3308 7.0606 -16.1021,
		 60.1960 0.1500 -16.1021,
		 51.3981 0.1499 -16.1021,
		 51.3981 0.1500 -16.1021,
		 60.1960 0.1500 -16.1021,
		 59.5011 7.0606 -16.1021,
		 58.7295 0.1500 -16.1021,
		 51.3981 0.1500 -16.1021,
		 51.3981 0.1500 -16.1021,
		 58.7295 7.0606 -16.1021,
		 58.7295 0.1500 -16.1021,
		 58.0349 7.0606 -16.1021,
		 57.2632 0.1500 -16.1021,
		 51.3981 0.1500 -16.1021,
		 51.3981 0.1500 -16.1021,
		 57.2632 7.0606 -16.1021,
		 57.2632 0.1500 -16.1021,
		 56.5687 7.0606 -16.1021,
		 55.7970 0.1501 -16.1021,
		 51.3981 0.1500 -16.1021,
		 51.3981 0.1501 -16.1021,
		 55.7970 7.0606 -16.1021,
		 55.7970 0.1501 -16.1021,
		 55.1024 7.0606 -16.1021,
		 51.3981 0.1501 -16.1021,
		 54.3308 7.0606 -16.1021,
		 51.3981 7.0605 -0.1359,
		 64.1059 7.0605 -0.1359,
		 51.3981 7.0605 -0.1359,
		 51.3981 7.0605 -0.1359,
		 60.4017 7.0605 -0.1359,
		 60.4017 7.0605 -0.1359,
		 64.1059 7.0605 -0.1359,
		 64.1059 7.0605 -0.1359,
		 61.1734 7.0605 -0.1359,
		 61.1734 7.0605 -0.1359,
		 51.3981 7.0605 -0.1359,
		 51.3981 7.0605 -0.1359,
		 58.9355 7.0605 -0.1359,
		 58.9355 7.0605 -0.1359,
		 59.7071 7.0605 -0.1359,
		 59.7071 7.0605 -0.1359,
		 60.4017 7.0605 -0.1359,
		 60.4017 7.0605 -0.1359,
		 64.1059 7.0605 -0.1359,
		 64.1059 7.0605 -0.1359,
		 61.1734 7.0605 -0.1359,
		 61.1734 7.0605 -0.1359,
		 51.3981 7.0605 -0.1359,
		 51.3981 7.0605 -0.1359,
		 57.4692 7.0605 -0.1359,
		 57.4692 7.0605 -0.1359,
		 58.2409 7.0605 -0.1359,
		 58.2409 7.0605 -0.1359,
		 58.9355 7.0605 -0.1359,
		 58.9355 7.0605 -0.1359,
		 59.7071 7.0605 -0.1359,
		 59.7071 7.0605 -0.1359,
		 60.4017 7.0605 -0.1359,
		 60.4017 7.0605 -0.1359,
		 64.1059 7.0605 -0.1359,
		 64.1059 7.0605 -0.1359,
		 61.1734 7.0605 -0.1359,
		 61.1734 7.0605 -0.1359,
		 51.3981 7.0604 -0.1359,
		 51.3981 7.0605 -0.1359,
		 56.0030 7.0605 -0.1359,
		 56.0030 7.0604 -0.1359,
		 56.7746 7.0604 -0.1359,
		 56.7746 7.0605 -0.1359,
		 57.4692 7.0605 -0.1359,
		 57.4692 7.0604 -0.1359,
		 58.2409 7.0604 -0.1359,
		 58.2409 7.0605 -0.1359,
		 58.9355 7.0605 -0.1359,
		 58.9355 7.0604 -0.1359,
		 59.7071 7.0604 -0.1359,
		 59.7071 7.0605 -0.1359,
		 60.4017 7.0605 -0.1359,
		 60.4017 7.0604 -0.1359,
		 64.1059 7.0605 -0.1359,
		 64.1059 7.0604 -0.1359,
		 61.1734 7.0604 -0.1359,
		 61.1734 7.0605 -0.1359,
		 51.3981 0.1497 -0.1359,
		 51.3981 7.0604 -0.1359,
		 54.5367 7.0604 -0.1359,
		 54.5367 0.1497 -0.1359,
		 64.1059 0.1497 -0.1359,
		 51.3981 0.1497 -0.1359,
		 55.3081 0.1497 -0.1359,
		 55.3081 7.0604 -0.1359,
		 56.0030 7.0604 -0.1359,
		 56.0030 0.1497 -0.1359,
		 64.1059 0.1497 -0.1359,
		 55.3081 0.1497 -0.1359,
		 55.3081 0.1497 -0.1359,
		 56.7746 0.1497 -0.1359,
		 56.7746 7.0604 -0.1359,
		 57.4692 7.0604 -0.1359,
		 57.4692 0.1497 -0.1359,
		 64.1059 0.1497 -0.1359,
		 56.7746 0.1497 -0.1359,
		 56.7746 0.1497 -0.1359,
		 58.2409 0.1498 -0.1359,
		 58.2409 7.0604 -0.1359,
		 58.9355 7.0604 -0.1359,
		 58.9355 0.1498 -0.1359,
		 64.1059 0.1498 -0.1359,
		 58.2409 0.1497 -0.1359,
		 58.2409 0.1498 -0.1359,
		 59.7071 0.1498 -0.1359,
		 59.7071 7.0604 -0.1359,
		 60.4017 7.0604 -0.1359,
		 60.4017 0.1498 -0.1359,
		 64.1059 0.1498 -0.1359,
		 59.7071 0.1498 -0.1359,
		 59.7071 0.1498 -0.1359,
		 64.1059 7.0604 -0.1359,
		 61.1734 0.1498 -0.1359,
		 61.1734 7.0604 -0.1359,
		 55.3081 7.0604 -0.1359,
		 56.7746 7.0605 -0.1359,
		 58.2409 7.0605 -0.1359,
		 59.7071 7.0605 -0.1359,
		 64.1059 7.0605 -0.1359,
		 51.3981 7.0605 -0.1359,
		 60.4017 7.0605 -0.1359,
		 51.3981 7.0605 -0.1359,
		 51.3981 7.0605 -0.1359,
		 61.1734 7.0605 -0.1359,
		 64.1059 7.0605 -0.1359,
		 64.1059 7.0605 -0.1359,
		 58.9355 7.0605 -0.1359,
		 51.3981 7.0605 -0.1359,
		 51.3981 7.0605 -0.1359,
		 60.4017 7.0605 -0.1359,
		 60.4017 7.0605 -0.1359,
		 59.7071 7.0605 -0.1359,
		 59.7071 7.0605 -0.1359,
		 61.1734 7.0605 -0.1359,
		 61.1734 7.0605 -0.1359,
		 64.1059 7.0605 -0.1359,
		 64.1059 7.0605 -0.1359,
		 57.4692 7.0605 -0.1359,
		 51.3981 7.0605 -0.1359,
		 51.3981 7.0605 -0.1359,
		 58.9355 7.0605 -0.1359,
		 58.9355 7.0605 -0.1359,
		 58.2409 7.0605 -0.1359,
		 58.2409 7.0605 -0.1359,
		 60.4017 7.0605 -0.1359,
		 60.4017 7.0605 -0.1359,
		 59.7071 7.0605 -0.1359,
		 59.7071 7.0605 -0.1359,
		 61.1734 7.0605 -0.1359,
		 61.1734 7.0605 -0.1359,
		 64.1059 7.0605 -0.1359,
		 64.1059 7.0605 -0.1359,
		 56.0030 7.0604 -0.1359,
		 51.3981 7.0605 -0.1359,
		 51.3981 7.0604 -0.1359,
		 57.4692 7.0604 -0.1359,
		 57.4692 7.0605 -0.1359,
		 56.7746 7.0605 -0.1359,
		 56.7746 7.0604 -0.1359,
		 58.9355 7.0604 -0.1359,
		 58.9355 7.0605 -0.1359,
		 58.2409 7.0605 -0.1359,
		 58.2409 7.0604 -0.1359,
		 60.4017 7.0604 -0.1359,
		 60.4017 7.0605 -0.1359,
		 59.7071 7.0605 -0.1359,
		 59.7071 7.0604 -0.1359,
		 61.1734 7.0605 -0.1359,
		 61.1734 7.0604 -0.1359,
		 64.1059 7.0604 -0.1359,
		 64.1059 7.0605 -0.1359,
		 51.3981 7.0604 -0.1359,
		 51.3981 0.1497 -0.1359,
		 51.3981 0.1497 -0.1359,
		 64.1059 0.1497 -0.1359,
		 56.0030 7.0604 -0.1359,
		 55.3081 7.0604 -0.1359,
		 55.3081 0.1497 -0.1359,
		 55.3081 0.1497 -0.1359,
		 64.1059 0.1497 -0.1359,
		 57.4692 7.0604 -0.1359,
		 56.7746 7.0604 -0.1359,
		 56.7746 0.1497 -0.1359,
		 56.7746 0.1497 -0.1359,
		 64.1059 0.1497 -0.1359,
		 58.9355 7.0604 -0.1359,
		 58.2409 7.0604 -0.1359,
		 58.2409 0.1498 -0.1359,
		 58.2409 0.1498 -0.1359,
		 64.1059 0.1498 -0.1359,
		 60.4017 7.0604 -0.1359,
		 59.7071 7.0604 -0.1359,
		 59.7071 0.1498 -0.1359,
		 59.7071 0.1498 -0.1359,
		 64.1059 0.1498 -0.1359,
		 61.1734 7.0604 -0.1359,
		 64.1059 7.0604 -0.1359,
		 51.3981 7.0607 -16.1021,
		 51.3981 7.0607 -0.1359,
		 51.3981 7.0607 -16.1021,
		 51.3981 7.0607 -16.1021,
		 51.3981 7.0607 -5.6324,
		 51.3981 7.0607 -5.6324,
		 51.3981 7.0607 -0.1359,
		 51.3981 7.0607 -0.1359,
		 51.3981 7.0607 -4.8607,
		 51.3981 7.0607 -4.8607,
		 51.3981 7.0606 -16.1021,
		 51.3981 7.0607 -16.1021,
		 51.3981 7.0607 -7.0986,
		 51.3981 7.0606 -7.0986,
		 51.3981 7.0606 -6.3269,
		 51.3981 7.0607 -6.3269,
		 51.3981 7.0607 -5.6324,
		 51.3981 7.0606 -5.6324,
		 51.3981 7.0607 -0.1359,
		 51.3981 7.0606 -0.1359,
		 51.3981 7.0606 -4.8607,
		 51.3981 7.0607 -4.8607,
		 51.3981 7.0606 -16.1021,
		 51.3981 7.0606 -16.1021,
		 51.3981 7.0606 -8.5648,
		 51.3981 7.0606 -8.5648,
		 51.3981 7.0606 -7.7932,
		 51.3981 7.0606 -7.7932,
		 51.3981 7.0606 -7.0986,
		 51.3981 7.0606 -7.0986,
		 51.3981 7.0606 -6.3269,
		 51.3981 7.0606 -6.3269,
		 51.3981 7.0606 -5.6324,
		 51.3981 7.0606 -5.6324,
		 51.3981 7.0606 -0.1359,
		 51.3981 7.0606 -0.1359,
		 51.3981 7.0606 -4.8607,
		 51.3981 7.0606 -4.8607,
		 51.3981 7.0606 -16.1021,
		 51.3981 7.0606 -16.1021,
		 51.3981 7.0606 -10.0311,
		 51.3981 7.0606 -10.0311,
		 51.3981 7.0606 -9.2594,
		 51.3981 7.0606 -9.2594,
		 51.3981 7.0606 -8.5648,
		 51.3981 7.0606 -8.5648,
		 51.3981 7.0606 -7.7932,
		 51.3981 7.0606 -7.7932,
		 51.3981 7.0606 -7.0986,
		 51.3981 7.0606 -7.0986,
		 51.3981 7.0606 -6.3269,
		 51.3981 7.0606 -6.3269,
		 51.3981 7.0606 -5.6324,
		 51.3981 7.0606 -5.6324,
		 51.3981 7.0606 -0.1359,
		 51.3981 7.0606 -0.1359,
		 51.3981 7.0606 -4.8607,
		 51.3981 7.0606 -4.8607,
		 51.3981 0.1499 -16.1021,
		 51.3981 7.0606 -16.1021,
		 51.3981 7.0606 -11.4973,
		 51.3981 0.1499 -11.4973,
		 51.3981 0.1499 -0.1359,
		 51.3981 0.1499 -16.1021,
		 51.3981 0.1500 -10.7260,
		 51.3981 7.0606 -10.7260,
		 51.3981 7.0606 -10.0311,
		 51.3981 0.1500 -10.0311,
		 51.3981 0.1500 -0.1359,
		 51.3981 0.1499 -10.7260,
		 51.3981 0.1500 -10.7260,
		 51.3981 0.1500 -9.2594,
		 51.3981 7.0606 -9.2594,
		 51.3981 7.0606 -8.5648,
		 51.3981 0.1500 -8.5648,
		 51.3981 0.1500 -0.1359,
		 51.3981 0.1500 -9.2594,
		 51.3981 0.1500 -9.2594,
		 51.3981 0.1500 -7.7932,
		 51.3981 7.0606 -7.7932,
		 51.3981 7.0606 -7.0986,
		 51.3981 0.1500 -7.0986,
		 51.3981 0.1500 -0.1359,
		 51.3981 0.1500 -7.7932,
		 51.3981 0.1500 -7.7932,
		 51.3981 0.1501 -6.3269,
		 51.3981 7.0606 -6.3269,
		 51.3981 7.0606 -5.6324,
		 51.3981 0.1501 -5.6324,
		 51.3981 0.1501 -0.1359,
		 51.3981 0.1500 -6.3269,
		 51.3981 0.1501 -6.3269,
		 51.3981 7.0606 -0.1359,
		 51.3981 0.1501 -4.8607,
		 51.3981 7.0606 -4.8607,
		 51.3981 7.0606 -10.7260,
		 51.3981 7.0606 -9.2594,
		 51.3981 7.0606 -7.7932,
		 51.3981 7.0607 -6.3269,
		 51.3981 7.0607 -0.1359,
		 51.3981 7.0607 -16.1021,
		 51.3981 7.0607 -5.6324,
		 51.3981 7.0607 -16.1021,
		 51.3981 7.0607 -16.1021,
		 51.3981 7.0607 -4.8607,
		 51.3981 7.0607 -0.1359,
		 51.3981 7.0607 -0.1359,
		 51.3981 7.0606 -7.0986,
		 51.3981 7.0607 -16.1021,
		 51.3981 7.0606 -16.1021,
		 51.3981 7.0606 -5.6324,
		 51.3981 7.0607 -5.6324,
		 51.3981 7.0607 -6.3269,
		 51.3981 7.0606 -6.3269,
		 51.3981 7.0607 -4.8607,
		 51.3981 7.0606 -4.8607,
		 51.3981 7.0606 -0.1359,
		 51.3981 7.0607 -0.1359,
		 51.3981 7.0606 -8.5648,
		 51.3981 7.0606 -16.1021,
		 51.3981 7.0606 -16.1021,
		 51.3981 7.0606 -7.0986,
		 51.3981 7.0606 -7.0986,
		 51.3981 7.0606 -7.7932,
		 51.3981 7.0606 -7.7932,
		 51.3981 7.0606 -5.6324,
		 51.3981 7.0606 -5.6324,
		 51.3981 7.0606 -6.3269,
		 51.3981 7.0606 -6.3269,
		 51.3981 7.0606 -4.8607,
		 51.3981 7.0606 -4.8607,
		 51.3981 7.0606 -0.1359,
		 51.3981 7.0606 -0.1359,
		 51.3981 7.0606 -10.0311,
		 51.3981 7.0606 -16.1021,
		 51.3981 7.0606 -16.1021,
		 51.3981 7.0606 -8.5648,
		 51.3981 7.0606 -8.5648,
		 51.3981 7.0606 -9.2594,
		 51.3981 7.0606 -9.2594,
		 51.3981 7.0606 -7.0986,
		 51.3981 7.0606 -7.0986,
		 51.3981 7.0606 -7.7932,
		 51.3981 7.0606 -7.7932,
		 51.3981 7.0606 -5.6324,
		 51.3981 7.0606 -5.6324,
		 51.3981 7.0606 -6.3269,
		 51.3981 7.0606 -6.3269,
		 51.3981 7.0606 -4.8607,
		 51.3981 7.0606 -4.8607,
		 51.3981 7.0606 -0.1359,
		 51.3981 7.0606 -0.1359,
		 51.3981 7.0606 -16.1021,
		 51.3981 0.1499 -16.1021,
		 51.3981 0.1499 -16.1021,
		 51.3981 0.1499 -0.1359,
		 51.3981 7.0606 -10.0311,
		 51.3981 7.0606 -10.7260,
		 51.3981 0.1500 -10.7260,
		 51.3981 0.1500 -10.7260,
		 51.3981 0.1500 -0.1359,
		 51.3981 7.0606 -8.5648,
		 51.3981 7.0606 -9.2594,
		 51.3981 0.1500 -9.2594,
		 51.3981 0.1500 -9.2594,
		 51.3981 0.1500 -0.1359,
		 51.3981 7.0606 -7.0986,
		 51.3981 7.0606 -7.7932,
		 51.3981 0.1500 -7.7932,
		 51.3981 0.1500 -7.7932,
		 51.3981 0.1500 -0.1359,
		 51.3981 7.0606 -5.6324,
		 51.3981 7.0606 -6.3269,
		 51.3981 0.1501 -6.3269,
		 51.3981 0.1501 -6.3269,
		 51.3981 0.1501 -0.1359,
		 51.3981 7.0606 -4.8607,
		 51.3981 7.0606 -0.1359
		]
	} #Coordinate3
	Material {
		ambientColor      0.2500 0.2500 0.2500  #ambientColor
		diffuseColor      1.0000 1.0000 1.0000  #diffuseColor
		transparency      0.0000                #transparency
	} #Material

	Texture2 {
		filename ""  #filename
		wrapS REPEAT 
		wrapT REPEAT 
	} #Texture2

	IndexedFaceSet {
		coordIndex [ 
		 0, 1, 2, 3,-1,
		 3, 2, 1, 0,-1,
		 8, 7, 4, 9,-1,
		 10, 11, 12, 13,-1,
		 14, 15, 16, 17,-1,
		 18, 19, 20, 21,-1,
		 22, 23, 24, 25,-1,
		 26, 27, 28, 29,-1,
		 30, 0, 3, 31,-1,
		 32, 33, 31, 34,-1,
		 35, 36, 37, 38,-1,
		 39, 40, 34, 41,-1,
		 42, 43, 44, 45,-1,
		 46, 47, 48, 49,-1,
		 50, 51, 41, 52,-1,
		 53, 54, 55, 56,-1,
		 57, 58, 59, 60,-1,
		 61, 62, 63, 64,-1,
		 65, 66, 52, 67,-1,
		 68, 69, 70, 71,-1,
		 72, 73, 74, 75,-1,
		 76, 77, 78, 79,-1,
		 80, 81, 82, 83,-1,
		 84, 85, 86, 87,-1,
		 88, 89, 90, 91,-1,
		 92, 93, 94, 95,-1,
		 96, 97, 98, 99,-1,
		 100, 101, 67, 102,-1,
		]
	} #IndexedFaceSet
	Material {
		ambientColor      0.0765 0.0765 0.0765  #ambientColor
		diffuseColor      0.3059 0.3059 0.3059  #diffuseColor
		transparency      0.0000                #transparency
	} #Material

	IndexedFaceSet {
		coordIndex [ 
		 75, 70, 11, 10,-1,
		 56, 78, 73, 14,-1,
		 45, 86, 81, 18,-1,
		 38, 94, 89, 22,-1,
		 33, 100, 97, 26,-1,
		]
	} #IndexedFaceSet
	Material {
		ambientColor      0.2500 0.2500 0.2500  #ambientColor
		diffuseColor      1.0000 1.0000 1.0000  #diffuseColor
		transparency      0.0000                #transparency
	} #Material

	IndexedFaceSet {
		coordIndex [ 
		 103, 4, 7, 104,-1,
		 105, 106, 11, 10,-1,
		 107, 108, 109, 14,-1,
		 110, 111, 112, 18,-1,
		 113, 114, 115, 22,-1,
		 116, 117, 118, 26,-1,
		 119, 3, 0, 120,-1,
		 121, 119, 33, 122,-1,
		 38, 123, 124, 125,-1,
		 126, 121, 127, 128,-1,
		 45, 129, 130, 131,-1,
		 132, 133, 134, 135,-1,
		 136, 126, 137, 138,-1,
		 56, 139, 140, 141,-1,
		 142, 143, 144, 145,-1,
		 146, 147, 148, 149,-1,
		 150, 136, 151, 152,-1,
		 153, 70, 154, 155,-1,
		 75, 156, 73, 157,-1,
		 158, 78, 159, 160,-1,
		 161, 162, 81, 163,-1,
		 164, 86, 165, 166,-1,
		 167, 168, 89, 169,-1,
		 170, 94, 171, 172,-1,
		 173, 174, 97, 175,-1,
		 176, 150, 177, 100,-1,
		]
	} #IndexedFaceSet
	Material {
		ambientColor      0.0765 0.0765 0.0765  #ambientColor
		diffuseColor      0.3059 0.3059 0.3059  #diffuseColor
		transparency      0.0000                #transparency
	} #Material

	IndexedFaceSet {
		coordIndex [ 
		 10, 11, 70, 75,-1,
		 14, 73, 78, 56,-1,
		 18, 81, 86, 45,-1,
		 22, 89, 94, 38,-1,
		 26, 97, 100, 33,-1,
		]
	} #IndexedFaceSet
	Material {
		ambientColor      0.2500 0.2500 0.2500  #ambientColor
		diffuseColor      1.0000 1.0000 1.0000  #diffuseColor
		transparency      0.0000                #transparency
	} #Material

	IndexedFaceSet {
		coordIndex [ 
		 1, 0, 4, 5,-1,
		 5, 4, 0, 1,-1,
		 178, 2, 1, 179,-1,
		 180, 181, 182, 183,-1,
		 184, 185, 186, 187,-1,
		 188, 189, 190, 191,-1,
		 192, 193, 194, 195,-1,
		 196, 197, 198, 199,-1,
		 200, 201, 202, 203,-1,
		 204, 205, 206, 207,-1,
		 208, 209, 210, 211,-1,
		 212, 213, 214, 215,-1,
		 216, 217, 218, 219,-1,
		 220, 221, 222, 223,-1,
		 224, 225, 226, 227,-1,
		 228, 229, 230, 231,-1,
		 232, 233, 234, 235,-1,
		 236, 237, 238, 239,-1,
		 240, 5, 6, 241,-1,
		 242, 243, 244, 245,-1,
		 246, 240, 247, 248,-1,
		 249, 250, 251, 252,-1,
		 253, 246, 254, 255,-1,
		 256, 257, 258, 259,-1,
		 260, 253, 261, 262,-1,
		 263, 264, 265, 266,-1,
		 267, 260, 268, 269,-1,
		 270, 267, 271, 272,-1,
		]
	} #IndexedFaceSet
	Material {
		ambientColor      0.0765 0.0765 0.0765  #ambientColor
		diffuseColor      0.3059 0.3059 0.3059  #diffuseColor
		transparency      0.0000                #transparency
	} #Material

	IndexedFaceSet {
		coordIndex [ 
		 273, 247, 239, 238,-1,
		 274, 254, 245, 218,-1,
		 275, 261, 252, 202,-1,
		 276, 268, 259, 190,-1,
		 187, 271, 266, 182,-1,
		]
	} #IndexedFaceSet
	Material {
		ambientColor      0.2500 0.2500 0.2500  #ambientColor
		diffuseColor      1.0000 1.0000 1.0000  #diffuseColor
		transparency      0.0000                #transparency
	} #Material

	IndexedFaceSet {
		coordIndex [ 
		 277, 1, 2, 278,-1,
		 279, 182, 280, 281,-1,
		 187, 282, 283, 284,-1,
		 285, 190, 286, 287,-1,
		 288, 289, 290, 291,-1,
		 292, 293, 294, 295,-1,
		 296, 202, 297, 298,-1,
		 299, 300, 301, 302,-1,
		 303, 304, 305, 306,-1,
		 307, 308, 309, 310,-1,
		 311, 218, 312, 313,-1,
		 314, 315, 316, 317,-1,
		 318, 319, 320, 321,-1,
		 322, 323, 324, 325,-1,
		 326, 327, 328, 329,-1,
		 239, 238, 330, 331,-1,
		 332, 6, 5, 333,-1,
		 245, 334, 335, 336,-1,
		 337, 247, 333, 338,-1,
		 252, 339, 340, 341,-1,
		 342, 254, 338, 343,-1,
		 259, 344, 345, 346,-1,
		 347, 261, 343, 348,-1,
		 266, 349, 350, 351,-1,
		 352, 268, 348, 353,-1,
		 354, 271, 353, 355,-1,
		]
	} #IndexedFaceSet
	Material {
		ambientColor      0.0765 0.0765 0.0765  #ambientColor
		diffuseColor      0.3059 0.3059 0.3059  #diffuseColor
		transparency      0.0000                #transparency
	} #Material

	IndexedFaceSet {
		coordIndex [ 
		 238, 239, 247, 273,-1,
		 218, 245, 254, 274,-1,
		 202, 252, 261, 275,-1,
		 190, 259, 268, 276,-1,
		 182, 266, 271, 187,-1,
		]
	} #IndexedFaceSet
	Material {
		ambientColor      0.2500 0.2500 0.2500  #ambientColor
		diffuseColor      1.0000 1.0000 1.0000  #diffuseColor
		transparency      0.0000                #transparency
	} #Material

	IndexedFaceSet {
		coordIndex [ 
		 356, 3, 2, 357,-1,
		 358, 359, 360, 361,-1,
		 362, 363, 364, 365,-1,
		 366, 367, 368, 369,-1,
		 370, 371, 372, 373,-1,
		 374, 375, 376, 377,-1,
		 378, 379, 380, 381,-1,
		 382, 383, 384, 385,-1,
		 386, 387, 388, 389,-1,
		 390, 391, 392, 393,-1,
		 394, 395, 396, 397,-1,
		 398, 399, 400, 401,-1,
		 402, 403, 404, 405,-1,
		 406, 407, 408, 409,-1,
		 410, 411, 412, 413,-1,
		 414, 415, 416, 417,-1,
		 418, 6, 7, 419,-1,
		 420, 421, 422, 423,-1,
		 424, 418, 425, 426,-1,
		 427, 428, 429, 430,-1,
		 431, 424, 432, 433,-1,
		 434, 435, 436, 437,-1,
		 438, 431, 439, 440,-1,
		 441, 442, 443, 444,-1,
		 445, 438, 446, 447,-1,
		 448, 445, 449, 450,-1,
		]
	} #IndexedFaceSet
	Material {
		ambientColor      0.0765 0.0765 0.0765  #ambientColor
		diffuseColor      0.3059 0.3059 0.3059  #diffuseColor
		transparency      0.0000                #transparency
	} #Material

	IndexedFaceSet {
		coordIndex [ 
		 451, 425, 417, 416,-1,
		 452, 432, 423, 396,-1,
		 453, 439, 430, 380,-1,
		 454, 446, 437, 368,-1,
		 365, 449, 444, 360,-1,
		]
	} #IndexedFaceSet
	Material {
		ambientColor      0.2500 0.2500 0.2500  #ambientColor
		diffuseColor      1.0000 1.0000 1.0000  #diffuseColor
		transparency      0.0000                #transparency
	} #Material

	IndexedFaceSet {
		coordIndex [ 
		 455, 2, 3, 456,-1,
		 457, 360, 458, 459,-1,
		 365, 460, 461, 462,-1,
		 463, 368, 464, 465,-1,
		 466, 467, 468, 469,-1,
		 470, 471, 472, 473,-1,
		 474, 380, 475, 476,-1,
		 477, 478, 479, 480,-1,
		 481, 482, 483, 484,-1,
		 485, 486, 487, 488,-1,
		 489, 396, 490, 491,-1,
		 492, 493, 494, 495,-1,
		 496, 497, 498, 499,-1,
		 500, 501, 502, 503,-1,
		 504, 505, 506, 507,-1,
		 417, 416, 508, 509,-1,
		 510, 7, 6, 511,-1,
		 423, 512, 513, 514,-1,
		 515, 425, 511, 516,-1,
		 430, 517, 518, 519,-1,
		 520, 432, 516, 521,-1,
		 437, 522, 523, 524,-1,
		 525, 439, 521, 526,-1,
		 444, 527, 528, 529,-1,
		 530, 446, 526, 531,-1,
		 532, 449, 531, 533,-1,
		]
	} #IndexedFaceSet
	Material {
		ambientColor      0.0765 0.0765 0.0765  #ambientColor
		diffuseColor      0.3059 0.3059 0.3059  #diffuseColor
		transparency      0.0000                #transparency
	} #Material

	IndexedFaceSet {
		coordIndex [ 
		 416, 417, 425, 451,-1,
		 396, 423, 432, 452,-1,
		 380, 430, 439, 453,-1,
		 368, 437, 446, 454,-1,
		 360, 444, 449, 365,-1,
		]
	} #IndexedFaceSet
	Material {
		ambientColor      0.2500 0.2500 0.2500  #ambientColor
		diffuseColor      1.0000 1.0000 1.0000  #diffuseColor
		transparency      0.0000                #transparency
	} #Material

	IndexedFaceSet {
		coordIndex [ 
		 7, 6, 5, 4,-1,
		 4, 5, 6, 7,-1,
		]
	} #IndexedFaceSet
} #Polyhedron
Separator { #Polyhedron
	DEF COORD5 Coordinate3 {
		point [
		 24.5150 0.5404 -28.3218,
		 22.5600 0.5404 -29.2994,
		 25.0038 0.5404 -33.2094,
		 26.9588 0.5404 -32.2319,
		 24.5150 -0.8282 -28.3218,
		 22.5600 -0.8282 -29.2994,
		 25.0038 -0.8282 -33.2094,
		 26.9588 -0.8282 -32.2319
		]
	} #Coordinate3
	Material {
		ambientColor      0.2088 0.2088 0.2088  #ambientColor
		diffuseColor      0.8353 0.8353 0.8353  #diffuseColor
		transparency      0.0000                #transparency
	} #Material

	Texture2 {
		filename ""  #filename
		wrapS REPEAT 
		wrapT REPEAT 
	} #Texture2

	IndexedFaceSet {
		coordIndex [ 
		 0, 1, 2, 3,-1,
		]
	} #IndexedFaceSet
	Material {
		ambientColor      0.0549 0.0549 0.0549  #ambientColor
		diffuseColor      0.2196 0.2196 0.2196  #diffuseColor
		transparency      0.0000                #transparency
	} #Material

	IndexedFaceSet {
		coordIndex [ 
		 3, 2, 1, 0,-1,
		 0, 3, 7, 4,-1,
		 4, 7, 3, 0,-1,
		 1, 0, 4, 5,-1,
		 5, 4, 0, 1,-1,
		 2, 1, 5, 6,-1,
		 6, 5, 1, 2,-1,
		 3, 2, 6, 7,-1,
		 7, 6, 2, 3,-1,
		 7, 6, 5, 4,-1,
		 4, 5, 6, 7,-1,
		]
	} #IndexedFaceSet
} #Polyhedron
Separator { #Polyhedron
	DEF COORD6 Coordinate3 {
		point [
		 28.4252 1.8112 -28.3218,
		 24.5151 1.8112 -28.3218,
		 26.9589 1.8112 -32.2319,
		 28.4252 1.8112 -32.2319,
		 28.4252 -1.4635 -28.3218,
		 24.5151 -1.4635 -28.3218,
		 26.9589 -1.4635 -32.2319,
		 28.4252 -1.4635 -32.2319
		]
	} #Coordinate3
	Material {
		ambientColor      0.2088 0.2088 0.2088  #ambientColor
		diffuseColor      0.8353 0.8353 0.8353  #diffuseColor
		transparency      0.0000                #transparency
	} #Material

	Texture2 {
		filename ""  #filename
		wrapS REPEAT 
		wrapT REPEAT 
	} #Texture2

	IndexedFaceSet {
		coordIndex [ 
		 0, 1, 2, 3,-1,
		]
	} #IndexedFaceSet
	Material {
		ambientColor      0.0902 0.0902 0.0902  #ambientColor
		diffuseColor      0.3608 0.3608 0.3608  #diffuseColor
		transparency      0.0000                #transparency
	} #Material

	IndexedFaceSet {
		coordIndex [ 
		 3, 2, 1, 0,-1,
		 0, 3, 7, 4,-1,
		 4, 7, 3, 0,-1,
		 1, 0, 4, 5,-1,
		 5, 4, 0, 1,-1,
		 2, 1, 5, 6,-1,
		 6, 5, 1, 2,-1,
		 3, 2, 6, 7,-1,
		 7, 6, 2, 3,-1,
		 7, 6, 5, 4,-1,
		 4, 5, 6, 7,-1,
		]
	} #IndexedFaceSet
} #Polyhedron
Separator { #Polyhedron
	DEF COORD7 Coordinate3 {
		point [
		 31.8466 0.8825 -38.5859,
		 31.8466 0.8825 -28.3219,
		 28.4253 0.8825 -28.3219,
		 28.4253 0.8825 -34.1871,
		 31.8466 -1.1703 -38.5859,
		 31.8466 -1.1703 -28.3219,
		 28.4253 -1.1703 -28.3219,
		 28.4253 -1.1703 -34.1871
		]
	} #Coordinate3
	Material {
		ambientColor      0.0549 0.0549 0.0549  #ambientColor
		diffuseColor      0.2196 0.2196 0.2196  #diffuseColor
		transparency      0.0000                #transparency
	} #Material

	Texture2 {
		filename ""  #filename
		wrapS REPEAT 
		wrapT REPEAT 
	} #Texture2

	IndexedFaceSet {
		coordIndex [ 
		 0, 1, 2, 3,-1,
		 3, 2, 1, 0,-1,
		 0, 3, 7, 4,-1,
		 4, 7, 3, 0,-1,
		 1, 0, 4, 5,-1,
		 5, 4, 0, 1,-1,
		 2, 1, 5, 6,-1,
		 6, 5, 1, 2,-1,
		 3, 2, 6, 7,-1,
		 7, 6, 2, 3,-1,
		 7, 6, 5, 4,-1,
		 4, 5, 6, 7,-1,
		]
	} #IndexedFaceSet
} #Polyhedron
Separator { #Polyhedron
	DEF COORD8 Coordinate3 {
		point [
		 -14.7649 0.8282 -69.2472,
		 14.7699 0.8282 52.6662,
		 4.9830 0.8282 53.2671,
		 -23.9441 0.8282 -65.9835,
		 -14.7649 0.6647 -69.2472,
		 14.7699 0.6647 52.6662,
		 4.9830 0.6647 53.2671,
		 -23.9441 0.6647 -65.9835,
		 13.9851 0.8282 52.7144,
		 4.8490 0.8282 52.7144,
		 -15.4454 0.8372 -69.0052,
		 13.9851 0.8372 52.7144
		]
	} #Coordinate3
	Material {
		ambientColor      0.1108 0.1108 0.1108  #ambientColor
		diffuseColor      0.4431 0.4431 0.4431  #diffuseColor
		transparency      0.0000                #transparency
	} #Material

	Texture2 {
		filename ""  #filename
		wrapS REPEAT 
		wrapT REPEAT 
	} #Texture2

	IndexedFaceSet {
		coordIndex [ 
		 8, 2, 9,-1,
		 10, 11, 9, 3,-1,
		 3, 2, 1, 0,-1,
		]
	} #IndexedFaceSet
	Material {
		ambientColor      0.1951 0.1951 0.1951  #ambientColor
		diffuseColor      0.7804 0.7804 0.7804  #diffuseColor
		transparency      0.0000                #transparency
	} #Material

	IndexedFaceSet {
		coordIndex [ 
		 0, 3, 7, 4,-1,
		 4, 7, 3, 0,-1,
		 1, 0, 4, 5,-1,
		 5, 4, 0, 1,-1,
		 2, 1, 5, 6,-1,
		 6, 5, 1, 2,-1,
		 3, 2, 6, 7,-1,
		 7, 6, 2, 3,-1,
		 7, 6, 5, 4,-1,
		 4, 5, 6, 7,-1,
		]
	} #IndexedFaceSet
} #Polyhedron
Separator { #Polyhedron
	DEF COORD9 Coordinate3 {
		point [
		 -3.2829 -0.1491 -28.2124,
		 2.6764 -0.3345 -0.9383,
		 -2.3179 -0.1791 -0.6970,
		 -30.7876 0.7067 -0.9383,
		 -30.7876 0.7067 -27.9711,
		 -3.4654 -6.0121 -28.2124,
		 2.4940 -6.1975 -0.9383,
		 -2.5003 -6.0421 -0.6970,
		 -30.9700 -5.1563 -0.9383,
		 -30.9700 -5.1563 -27.9711,
		 -30.9643 -4.9712 -27.9711,
		 -3.3850 -3.4307 -28.2124,
		 2.5905 -3.0970 -0.9383,
		 -2.4174 -3.3767 -0.6970,
		 -30.9643 -4.9712 -0.9383,
		 -0.9403 -0.2220 -17.4908,
		 -30.7876 0.7067 -17.4908,
		 2.5906 -3.0923 -0.9383,
		 -2.4049 -2.9771 -0.6970,
		 -30.8734 -2.0512 -0.9383,
		 0.8888 -3.1920 -0.8563,
		 2.0008 -3.0787 -0.9098,
		 -30.8289 -0.6219 -9.5165,
		 -30.9643 -4.9712 -1.8980
		]
	} #Coordinate3
	Material {
		ambientColor      0.0000 0.1667 0.0000  #ambientColor
		diffuseColor      0.0000 0.6667 0.0000  #diffuseColor
		transparency      0.0000                #transparency
	} #Material

	Texture2 {
		filename ""  #filename
		wrapS REPEAT 
		wrapT REPEAT 
	} #Texture2

	IndexedFaceSet {
		coordIndex [ 
		 0, 15, 16, 4,-1,
		 4, 16, 15, 0,-1,
		 0, 4, 10, 11,-1,
		 11, 10, 4, 0,-1,
		 15, 0, 11, 12, 17,-1,
		 17, 12, 11, 0, 15,-1,
		 17, 12, 20, 21,-1,
		 21, 20, 12, 17,-1,
		 4, 16, 22, 23, 10,-1,
		 10, 23, 22, 16, 4,-1,
		 11, 10, 23, 20, 12,-1,
		 12, 20, 23, 10, 11,-1,
		 16, 15, 17, 21, 22,-1,
		 22, 21, 17, 15, 16,-1,
		 21, 20, 23, 22,-1,
		 22, 23, 20, 21,-1,
		]
	} #IndexedFaceSet
} #Polyhedron
Separator { #Polyhedron
	DEF COORD10 Coordinate3 {
		point [
		 35.9752 0.7081 -20.5011,
		 26.2007 0.8217 -12.6809,
		 14.4713 0.9581 -4.8607,
		 2.7419 1.0945 -0.9506,
		 -3.1228 1.1627 -28.3213,
		 43.7948 0.6171 -28.3213,
		 35.9216 -3.9041 -20.5011,
		 26.1471 -3.7904 -12.6809,
		 14.4177 -3.6540 -4.8607,
		 2.6883 -3.5176 -0.9506,
		 -3.1764 -3.4494 -28.3213,
		 43.7412 -3.9950 -28.3213,
		 43.7780 -0.8257 -28.3213,
		 35.9523 -1.2590 -20.5011,
		 26.1702 -1.8006 -12.6809,
		 14.4317 -2.4506 -4.8607,
		 2.6932 -3.1005 -0.9506,
		 -3.1761 -3.4255 -28.3213,
		 42.4390 -0.8999 -26.9832,
		 35.9574 -0.8245 -20.5011,
		 26.1829 -0.7108 -12.6809,
		 14.4535 -0.5744 -4.8607,
		 2.7241 -0.4380 -0.9506,
		 -3.1406 -0.3699 -28.3213,
		 42.4390 -0.8999 -28.3213,
		 2.6956 -2.8862 -0.9506,
		 10.5950 -0.5296 -3.5744,
		 -0.7560 -0.3976 -17.1924,
		 14.4406 -1.6819 -4.8607,
		 25.4195 -0.7020 -12.1719,
		 5.7376 -1.9787 -1.9610,
		 4.4309 -0.4579 -10.9696,
		 35.9532 -1.1824 -20.5011,
		 41.2047 -0.8855 -25.7488,
		 26.1734 -1.5292 -12.6809,
		 14.4395 -1.7803 -4.8607,
		 12.3840 -1.7520 -4.1755,
		 3.2890 -0.4446 -12.3395,
		 4.9149 -1.0212 -7.6325,
		 14.4349 -2.1718 -4.8607,
		 17.9266 -1.7057 -7.1847,
		 2.6933 -3.0889 -0.9506,
		 -0.8425 -0.3966 -17.5960,
		 11.1663 -0.5362 -15.1254,
		 26.1708 -1.7526 -12.6809,
		 30.1685 -1.3876 -15.8755,
		 14.4318 -2.4436 -4.8607,
		 11.7292 -2.3832 -3.9597,
		 15.4758 -1.2818 -10.0633,
		 38.4969 -1.1181 -23.0439,
		 36.2366 -1.1664 -20.7842,
		 41.9583 -0.9265 -28.3213,
		 40.9440 -0.8825 -28.3213,
		 21.4390 -0.6557 -18.7584,
		 27.7463 -1.6088 -13.9399,
		 33.5662 -1.2671 -18.5923,
		 3.8118 -0.4507 -16.6385,
		 26.3057 -0.7123 -21.1445,
		 32.1683 -1.0260 -20.2273,
		 12.9305 -2.0300 -5.9167,
		 12.6890 -1.9882 -6.2007,
		 12.0077 -2.3013 -4.4133,
		 17.8913 -1.8890 -8.6031,
		 31.9419 -0.7778 -23.9078,
		 -2.1949 -0.3809 -23.9078,
		 31.9681 -0.7781 -27.3646,
		 31.9419 -0.7778 -23.9078,
		 -2.9356 -0.3722 -27.3646,
		 32.5972 -0.7854 -24.2290,
		 38.9157 -0.8589 -27.3646,
		 38.9928 -0.8598 -27.3646,
		 21.5004 -0.6564 -28.3213,
		 21.4873 -0.6562 -27.3646,
		 31.9682 -0.7781 -27.3805,
		 31.9681 -0.7781 -27.3646,
		 21.4873 -0.6562 -27.3646,
		 33.9916 -0.8016 -27.3835,
		 39.0470 -0.8604 -27.3912,
		 39.0314 -0.8602 -27.3835,
		 38.9161 -0.8589 -27.3648,
		 33.9916 -0.8016 -27.3835,
		 38.9932 -0.8598 -27.3648,
		 38.9157 -0.8589 -27.3646,
		 38.9928 -0.8598 -27.3646,
		 31.9682 -0.7781 -27.3805,
		 21.4875 -0.6562 -27.3805,
		 31.9683 -0.7781 -27.3912,
		 31.9682 -0.7781 -27.3805,
		 21.4877 -0.6562 -27.3912,
		 33.9916 -0.8016 -27.3835,
		 39.0747 -0.8607 -27.3912,
		 31.9419 -0.7778 -23.9038,
		 38.7614 -1.1035 -23.4470,
		 31.0022 -0.7669 -23.4470,
		 31.7111 -0.7794 -23.7946,
		 38.7614 -1.1041 -23.4470,
		 39.2378 -0.8780 -27.3791,
		 38.9962 -0.8685 -27.3663,
		 39.0224 -0.8601 -27.3791,
		 40.2670 -1.0249 -25.7426,
		 41.3006 -0.9667 -27.3791,
		 41.3404 -0.9607 -27.3791,
		 41.0303 -0.9491 -27.4745,
		 39.2378 -0.8780 -27.3791,
		 39.0224 -0.8688 -27.3791,
		 41.3711 -0.9627 -27.4907,
		 41.4149 -0.9645 -27.4928,
		 41.4136 -0.9644 -27.4907,
		 41.3006 -0.9667 -27.3791,
		 41.3711 -0.9627 -27.4907,
		 41.3404 -0.9607 -27.3791,
		 41.0303 -0.9491 -27.4745,
		 38.9589 -0.8662 -27.3761,
		 39.1612 -0.8688 -27.4745,
		 41.3723 -0.9626 -27.4927,
		 41.0303 -0.9491 -27.4745,
		 39.1986 -0.8692 -27.4927,
		 39.1986 -0.8692 -27.4927,
		 40.9323 -0.8908 -28.3361,
		 41.9886 -0.9349 -28.3571,
		 41.4193 -0.9646 -27.4930,
		 41.4134 -0.9644 -27.4927,
		 41.3711 -0.9627 -27.4907,
		 38.8155 -1.1066 -23.4444,
		 31.6203 -0.7752 -23.7991,
		 38.9331 -0.8660 -27.3629
		]
	} #Coordinate3
	Material {
		ambientColor      0.0000 0.1667 0.0000  #ambientColor
		diffuseColor      0.0000 0.6667 0.0000  #diffuseColor
		transparency      0.0000                #transparency
	} #Material

	Texture2 {
		filename ""  #filename
		wrapS REPEAT 
		wrapT REPEAT 
	} #Texture2

	IndexedFaceSet {
		coordIndex [ 
		 32, 13, 14, 44, 54, 55,-1,
		 55, 54, 44, 14, 13, 32,-1,
		 44, 14, 15, 46,-1,
		 46, 15, 14, 44,-1,
		 46, 15, 16, 41, 47,-1,
		 47, 41, 16, 15, 46,-1,
		 41, 16, 17, 23, 42,-1,
		 42, 23, 17, 16, 41,-1,
		 23, 17, 51, 52,-1,
		 52, 51, 17, 23,-1,
		 13, 49, 51, 17, 16, 15, 14,-1,
		 14, 15, 16, 17, 51, 49, 13,-1,
		 63, 57, 56, 42, 64,-1,
		 65, 66, 64, 67,-1,
		 68, 69, 70,-1,
		 71, 72, 67, 23,-1,
		 73, 74, 75,-1,
		 76, 77, 78,-1,
		 79, 80, 78, 81,-1,
		 82, 79, 81, 83,-1,
		]
	} #IndexedFaceSet
	Material {
		ambientColor      0.2020 0.2020 0.2020  #ambientColor
		diffuseColor      0.8078 0.8078 0.8078  #diffuseColor
		transparency      0.0000                #transparency
	} #Material

	IndexedFaceSet {
		coordIndex [ 
		 84, 72, 85,-1,
		 86, 87, 85, 88,-1,
		 89, 86, 90,-1,
		]
	} #IndexedFaceSet
	Material {
		ambientColor      0.1598 0.1598 0.1598  #ambientColor
		diffuseColor      0.6392 0.6392 0.6392  #diffuseColor
		transparency      0.0000                #transparency
	} #Material

	IndexedFaceSet {
		coordIndex [ 
		 79, 91, 86,-1,
		]
	} #IndexedFaceSet
	Material {
		ambientColor      0.0000 0.1667 0.0000  #ambientColor
		diffuseColor      0.0000 0.6667 0.0000  #diffuseColor
		transparency      0.0000                #transparency
	} #Material

	IndexedFaceSet {
		coordIndex [ 
		 57, 52, 23, 42, 56,-1,
		 50, 32, 55, 58,-1,
		 58, 55, 32, 50,-1,
		 47, 41, 42, 56, 60, 61,-1,
		 61, 60, 56, 42, 41, 47,-1,
		 54, 44, 46, 47, 61, 62,-1,
		 62, 61, 47, 46, 44, 54,-1,
		 92, 49, 50, 58, 57, 93,-1,
		 94, 95, 93,-1,
		 96, 97, 98,-1,
		 99, 100, 101,-1,
		 102, 103, 104,-1,
		 105, 106, 107,-1,
		 108, 109, 107, 110,-1,
		]
	} #IndexedFaceSet
	Material {
		ambientColor      0.2020 0.2020 0.2020  #ambientColor
		diffuseColor      0.8078 0.8078 0.8078  #diffuseColor
		transparency      0.0000                #transparency
	} #Material

	IndexedFaceSet {
		coordIndex [ 
		 111, 112, 113,-1,
		 114, 115, 113, 116,-1,
		 117, 118, 119, 120, 121,-1,
		 122, 114, 121,-1,
		]
	} #IndexedFaceSet
	Material {
		ambientColor      0.1598 0.1598 0.1598  #ambientColor
		diffuseColor      0.6392 0.6392 0.6392  #diffuseColor
		transparency      0.0000                #transparency
	} #Material

	IndexedFaceSet {
		coordIndex [ 
		 114, 123, 124, 125,-1,
		]
	} #IndexedFaceSet
	Material {
		ambientColor      0.0000 0.1667 0.0000  #ambientColor
		diffuseColor      0.0000 0.6667 0.0000  #diffuseColor
		transparency      0.0000                #transparency
	} #Material

	IndexedFaceSet {
		coordIndex [ 
		 51, 52, 57, 58, 50, 49,-1,
		 55, 54, 62, 60, 56, 57, 58,-1,
		 58, 57, 56, 60, 62, 54, 55,-1,
		 61, 60, 62,-1,
		 62, 60, 61,-1,
		]
	} #IndexedFaceSet
} #Polyhedron
Separator { #Polyhedron
	DEF COORD11 Coordinate3 {
		point [
		 -9.2105 -3.6398 -0.8168,
		 2.5198 -2.9753 -0.8168,
		 2.5198 0.5889 -0.8168,
		 -9.1336 0.5889 -0.8168,
		 -9.2105 -3.6398 0.0274,
		 2.5198 -2.9753 0.0274,
		 2.5198 0.5889 0.0274,
		 -9.1336 0.5889 0.0274
		]
	} #Coordinate3
	Material {
		ambientColor      0.1873 0.1873 0.1873  #ambientColor
		diffuseColor      0.7490 0.7490 0.7490  #diffuseColor
		transparency      0.0000                #transparency
	} #Material

	Texture2 {
		filename ""  #filename
		wrapS REPEAT 
		wrapT REPEAT 
	} #Texture2

	IndexedFaceSet {
		coordIndex [ 
		 0, 1, 2, 3,-1,
		 3, 2, 1, 0,-1,
		 0, 3, 7, 4,-1,
		 4, 7, 3, 0,-1,
		 1, 0, 4, 5,-1,
		 5, 4, 0, 1,-1,
		 2, 1, 5, 6,-1,
		 6, 5, 1, 2,-1,
		 3, 2, 6, 7,-1,
		 7, 6, 2, 3,-1,
		 7, 6, 5, 4,-1,
		 4, 5, 6, 7,-1,
		]
	} #IndexedFaceSet
} #Polyhedron
Separator { #Polyhedron
	DEF COORD12 Coordinate3 {
		point [
		 -5.6348 -3.4199 13.5720,
		 6.1163 -2.7610 13.5720,
		 6.0614 0.5887 13.5720,
		 -5.5799 0.5887 13.5720,
		 -5.6348 -3.4199 14.4162,
		 6.1163 -2.7610 14.4162,
		 6.0614 0.5887 14.4162,
		 -5.5799 0.5887 14.4162
		]
	} #Coordinate3
	Material {
		ambientColor      0.1873 0.1873 0.1873  #ambientColor
		diffuseColor      0.7490 0.7490 0.7490  #diffuseColor
		transparency      0.0000                #transparency
	} #Material

	Texture2 {
		filename ""  #filename
		wrapS REPEAT 
		wrapT REPEAT 
	} #Texture2

	IndexedFaceSet {
		coordIndex [ 
		 0, 1, 2, 3,-1,
		 3, 2, 1, 0,-1,
		 0, 3, 7, 4,-1,
		 4, 7, 3, 0,-1,
		 1, 0, 4, 5,-1,
		 5, 4, 0, 1,-1,
		 2, 1, 5, 6,-1,
		 6, 5, 1, 2,-1,
		 3, 2, 6, 7,-1,
		 7, 6, 2, 3,-1,
		 7, 6, 5, 4,-1,
		 4, 5, 6, 7,-1,
		]
	} #IndexedFaceSet
} #Polyhedron
Separator { #Polyhedron
	DEF COORD13 Coordinate3 {
		point [
		 6.3340 1.1467 55.8942,
		 5.3966 1.1467 55.9946,
		 -24.0857 1.1467 -65.9390,
		 -23.3326 1.1467 -66.2403,
		 6.3340 0.8372 55.8942,
		 5.3966 0.8372 55.9946,
		 -24.0857 0.8372 -65.9390,
		 -23.3326 0.8372 -66.2403
		]
	} #Coordinate3
	Material {
		ambientColor      0.2500 0.2500 0.2500  #ambientColor
		diffuseColor      1.0000 1.0000 1.0000  #diffuseColor
		transparency      0.0000                #transparency
	} #Material

	Texture2 {
		filename ""  #filename
		wrapS REPEAT 
		wrapT REPEAT 
	} #Texture2

	IndexedFaceSet {
		coordIndex [ 
		 0, 1, 2, 3,-1,
		 3, 2, 1, 0,-1,
		 0, 3, 7, 4,-1,
		 4, 7, 3, 0,-1,
		 1, 0, 4, 5,-1,
		 5, 4, 0, 1,-1,
		 2, 1, 5, 6,-1,
		 6, 5, 1, 2,-1,
		 3, 2, 6, 7,-1,
		 7, 6, 2, 3,-1,
		 7, 6, 5, 4,-1,
		 4, 5, 6, 7,-1,
		]
	} #IndexedFaceSet
} #Polyhedron
Separator { #Polyhedron
	DEF COORD14 Coordinate3 {
		point [
		 43.5772 7.9697 -39.5635,
		 43.5772 7.9697 -28.3220,
		 31.8469 7.9697 -28.3220,
		 31.8469 7.9697 -39.5635,
		 43.5772 -0.8280 -39.5635,
		 43.5772 -0.8280 -28.3220,
		 31.8469 -0.8280 -28.3220,
		 31.8469 -0.8280 -39.5635,
		 31.8469 5.8684 -28.3220,
		 43.5772 5.8684 -28.3220,
		 31.8469 5.3045 -28.3220,
		 31.8469 5.8684 -28.3220,
		 42.1598 5.8684 -28.3220,
		 42.1598 5.3045 -28.3220,
		 43.5772 5.3045 -28.3220,
		 31.8469 5.3045 -28.3220,
		 43.5772 5.8684 -28.3220,
		 43.0396 5.3045 -28.3220,
		 43.0396 5.8684 -28.3220,
		 43.5772 5.8684 -28.3220,
		 31.8469 5.8684 -28.3220,
		 31.8469 5.8684 -28.3220,
		 31.8469 5.3045 -28.3220,
		 31.8469 5.3045 -28.3220,
		 43.5772 5.3045 -28.3220,
		 43.5772 5.8684 -28.3220
		]
	} #Coordinate3
	Material {
		ambientColor      0.2088 0.2088 0.2088  #ambientColor
		diffuseColor      0.8353 0.8353 0.8353  #diffuseColor
		transparency      0.0000                #transparency
	} #Material

	Texture2 {
		filename ""  #filename
		wrapS REPEAT 
		wrapT REPEAT 
	} #Texture2

	IndexedFaceSet {
		coordIndex [ 
		 0, 1, 2, 3,-1,
		 3, 2, 1, 0,-1,
		]
	} #IndexedFaceSet
	Material {
		ambientColor      0.1667 0.1667 0.1667  #ambientColor
		diffuseColor      0.6667 0.6667 0.6667  #diffuseColor
		transparency      0.0000                #transparency
	} #Material

	DEF TEXCOORD1 TextureCoordinate2 {
		point [
		0.0000 1.0000,
		1.0000 1.0000,
		1.0000 0.0000,
		0.0000 0.0000,
		0.0000 0.0000,
		1.0000 0.0000,
		1.0000 1.0000,
		0.0000 1.0000,
		0.0000 1.0000,
		1.0000 1.0000,
		1.0000 0.0000,
		0.0000 0.0000,
		0.0000 0.0000,
		1.0000 0.0000,
		1.0000 1.0000,
		0.0000 1.0000,
		0.0000 0.7611,
		0.0000 1.0000,
		1.0000 1.0000,
		1.0000 0.7611,
		0.0000 0.6971,
		0.0000 0.7611,
		0.8792 0.7611,
		0.8792 0.6971,
		1.0000 0.6971,
		1.0000 0.0000,
		0.0000 0.0000,
		0.0000 0.6971,
		1.0000 0.7611,
		1.0000 0.6971,
		0.9542 0.6971,
		0.9542 0.7611,
		1.0000 0.7611,
		1.0000 1.0000,
		0.0000 1.0000,
		0.0000 0.7611,
		0.8792 0.6971,
		0.8792 0.7611,
		0.0000 0.7611,
		0.0000 0.6971,
		0.0000 0.6971,
		0.0000 0.0000,
		1.0000 0.0000,
		1.0000 0.6971,
		0.9542 0.7611,
		0.9542 0.6971,
		1.0000 0.6971,
		1.0000 0.7611,
		0.0000 1.0000,
		1.0000 1.0000,
		1.0000 0.0000,
		0.0000 0.0000,
		0.0000 0.0000,
		1.0000 0.0000,
		1.0000 1.0000,
		0.0000 1.0000
		]
	} #TextureCoordinate2
	Texture2 {
		filename "TXTR0002.JPG"  #filename
		wrapS REPEAT 
		wrapT REPEAT 
	} #Texture2

	IndexedFaceSet {
		coordIndex [ 
		 0, 3, 7, 4,-1,
		 4, 7, 3, 0,-1,
		 1, 0, 4, 5,-1,
		 5, 4, 0, 1,-1,
		 8, 2, 1, 9,-1,
		 10, 11, 12, 13,-1,
		 14, 5, 6, 15,-1,
		 16, 14, 17, 18,-1,
		 19, 1, 2, 20,-1,
		 13, 12, 21, 22,-1,
		 23, 6, 5, 24,-1,
		 18, 17, 24, 25,-1,
		 3, 2, 6, 7,-1,
		 7, 6, 2, 3,-1,
		]
		textureCoordIndex [
		 0, 1, 2, 3,-1,
		 4, 5, 6, 7,-1,
		 8, 9, 10, 11,-1,
		 12, 13, 14, 15,-1,
		 16, 17, 18, 19,-1,
		 20, 21, 22, 23,-1,
		 24, 25, 26, 27,-1,
		 28, 29, 30, 31,-1,
		 32, 33, 34, 35,-1,
		 36, 37, 38, 39,-1,
		 40, 41, 42, 43,-1,
		 44, 45, 46, 47,-1,
		 48, 49, 50, 51,-1,
		 52, 53, 54, 55,-1,
		]
	} #IndexedFaceSet
	Texture2 {
		filename ""  #filename
		wrapS REPEAT 
		wrapT REPEAT 
	} #Texture2

	IndexedFaceSet {
		coordIndex [ 
		 7, 6, 5, 4,-1,
		 4, 5, 6, 7,-1,
		]
	} #IndexedFaceSet
} #Polyhedron
Separator { #Polyhedron
	DEF COORD15 Coordinate3 {
		point [
		 31.9447 6.1613 -28.4197,
		 31.9447 6.1613 -39.4657,
		 43.4795 6.1613 -39.4657,
		 43.4795 6.1613 -28.4197,
		 31.9447 5.1838 -28.4197,
		 31.9447 5.1838 -39.4657,
		 43.4795 5.1838 -39.4657,
		 43.4795 5.1838 -28.4197,
		 31.9447 6.0310 -28.4197,
		 43.4795 6.0310 -28.4197,
		 31.9447 6.0147 -28.4197,
		 39.1617 6.0310 -28.4197,
		 38.9779 6.0147 -28.4197,
		 40.9213 6.0310 -28.4197,
		 40.7374 6.0147 -28.4197,
		 39.3456 6.0147 -28.4197,
		 43.4795 6.0310 -28.4197,
		 43.4795 6.0147 -28.4197,
		 41.1051 6.0147 -28.4197,
		 31.9447 6.0133 -28.4197,
		 38.9779 6.0147 -28.4197,
		 38.9619 6.0133 -28.4197,
		 40.7374 6.0147 -28.4197,
		 40.7214 6.0133 -28.4197,
		 39.3616 6.0133 -28.4197,
		 39.3456 6.0147 -28.4197,
		 31.9447 5.9970 -28.4197,
		 31.9447 6.0133 -28.4197,
		 38.9619 6.0133 -28.4197,
		 38.9072 5.9970 -28.4197,
		 40.6667 5.9970 -28.4197,
		 39.4163 5.9970 -28.4197,
		 39.3616 6.0133 -28.4197,
		 42.5753 6.0133 -28.4197,
		 42.3914 5.9970 -28.4197,
		 41.1759 5.9970 -28.4197,
		 41.1211 6.0133 -28.4197,
		 42.5913 6.0147 -28.4197,
		 41.1051 6.0147 -28.4197,
		 31.9447 5.9629 -28.4197,
		 31.9447 5.9970 -28.4197,
		 38.9072 5.9970 -28.4197,
		 38.7925 5.9629 -28.4197,
		 40.6667 5.9970 -28.4197,
		 40.5520 5.9629 -28.4197,
		 39.5310 5.9629 -28.4197,
		 39.4163 5.9970 -28.4197,
		 31.9447 5.9466 -28.4197,
		 31.9447 5.9629 -28.4197,
		 38.7925 5.9629 -28.4197,
		 38.7680 5.9466 -28.4197,
		 40.5276 5.9466 -28.4197,
		 39.5555 5.9466 -28.4197,
		 39.5310 5.9629 -28.4197,
		 42.2767 5.9629 -28.4197,
		 42.2220 5.9466 -28.4197,
		 41.3150 5.9466 -28.4197,
		 41.2906 5.9629 -28.4197,
		 41.1759 5.9970 -28.4197,
		 31.9447 5.8874 -28.4197,
		 31.9447 5.9466 -28.4197,
		 38.7680 5.9466 -28.4197,
		 38.6793 5.8874 -28.4197,
		 39.6442 5.8874 -28.4197,
		 40.5276 5.9466 -28.4197,
		 40.4388 5.8874 -28.4197,
		 39.5555 5.9466 -28.4197,
		 31.9447 5.8711 -28.4197,
		 31.9447 5.8874 -28.4197,
		 38.7347 5.8874 -28.4197,
		 38.7347 5.8711 -28.4197,
		 40.4942 5.8874 -28.4197,
		 40.4942 5.8711 -28.4197,
		 39.6140 5.8711 -28.4197,
		 39.6140 5.8874 -28.4197,
		 42.1332 5.8874 -28.4197,
		 42.1088 5.8711 -28.4197,
		 41.3736 5.8711 -28.4197,
		 41.3736 5.8874 -28.4197,
		 41.4038 5.8874 -28.4197,
		 41.3150 5.9466 -28.4197,
		 31.9447 5.8681 -28.4197,
		 31.9447 5.8711 -28.4197,
		 38.7347 5.8711 -28.4197,
		 38.7347 5.8681 -28.4197,
		 40.4942 5.8711 -28.4197,
		 40.4942 5.8681 -28.4197,
		 39.6140 5.8681 -28.4197,
		 39.6140 5.8711 -28.4197,
		 43.4795 5.8711 -28.4197,
		 43.4795 5.8681 -28.4197,
		 41.3736 5.8681 -28.4197,
		 41.3736 5.8711 -28.4197,
		 43.4795 5.9466 -28.4197,
		 43.0738 5.8711 -28.4197,
		 42.9606 5.9466 -28.4197,
		 43.4795 5.9970 -28.4197,
		 42.7911 5.9970 -28.4197,
		 43.4795 6.0147 -28.4197,
		 31.9447 5.3287 -28.4197,
		 31.9447 5.8681 -28.4197,
		 38.7347 5.8681 -28.4197,
		 38.7347 5.3287 -28.4197,
		 38.7404 5.3287 -28.4197,
		 40.4942 5.8681 -28.4197,
		 40.4942 5.3287 -28.4197,
		 39.6140 5.3287 -28.4197,
		 39.6140 5.8681 -28.4197,
		 31.9447 5.3285 -28.4197,
		 31.9447 5.3287 -28.4197,
		 38.7404 5.3287 -28.4197,
		 39.6140 5.3285 -28.4197,
		 41.3735 5.3285 -28.4197,
		 39.6140 5.3287 -28.4197,
		 42.1560 5.3285 -28.4197,
		 42.1560 5.3042 -28.4197,
		 31.9447 5.3042 -28.4197,
		 31.9447 5.3285 -28.4197,
		 42.1560 5.8681 -28.4197,
		 41.3736 5.8681 -28.4197,
		 31.9447 5.3040 -28.4197,
		 43.0354 5.3040 -28.4197,
		 43.4795 5.3040 -28.4197,
		 31.9447 5.3040 -28.4197,
		 43.4795 5.8680 -28.4197,
		 43.0354 5.8680 -28.4197,
		 43.4795 5.8681 -28.4197,
		 40.4466 5.8926 -28.4197,
		 41.3960 5.8926 -28.4197,
		 40.4942 5.8926 -28.4197,
		 40.4942 5.8874 -28.4197,
		 41.3962 5.8924 -28.4197,
		 41.3736 5.8874 -28.4197,
		 41.3736 5.8924 -28.4197,
		 41.3960 5.8926 -28.4197,
		 40.4942 5.8436 -28.4197,
		 41.3736 5.8436 -28.4197,
		 40.4942 5.6318 -28.4197,
		 40.4942 5.8436 -28.4197,
		 40.5957 5.8436 -28.4197,
		 40.5957 5.6318 -28.4197,
		 41.3735 5.6318 -28.4197,
		 41.3735 5.5992 -28.4197,
		 40.4942 5.5992 -28.4197,
		 40.4942 5.6318 -28.4197,
		 40.9053 5.6318 -28.4197,
		 40.9053 5.8436 -28.4197,
		 40.9704 5.8436 -28.4197,
		 40.9704 5.6318 -28.4197,
		 41.3736 5.8436 -28.4197,
		 41.2800 5.6318 -28.4197,
		 41.2800 5.8436 -28.4197,
		 40.4942 5.3875 -28.4197,
		 40.4942 5.5992 -28.4197,
		 40.5957 5.5992 -28.4197,
		 40.5957 5.3875 -28.4197,
		 41.3735 5.3875 -28.4197,
		 40.4942 5.3875 -28.4197,
		 40.9053 5.3875 -28.4197,
		 40.9053 5.5992 -28.4197,
		 40.9704 5.5992 -28.4197,
		 40.9704 5.3875 -28.4197,
		 41.3735 5.5992 -28.4197,
		 41.2800 5.3875 -28.4197,
		 41.2800 5.5992 -28.4197,
		 40.9053 5.5992 -28.4197,
		 40.9053 5.8436 -28.4197,
		 41.2800 5.6318 -28.4197,
		 40.9704 5.6318 -28.4197,
		 41.2800 5.3875 -28.4197,
		 40.9704 5.3875 -28.4197,
		 38.6871 5.8926 -28.4197,
		 38.7925 5.9629 -28.4197,
		 38.9619 6.0133 -28.4197,
		 39.1617 6.0310 -28.4197,
		 39.6364 5.8926 -28.4197,
		 38.7347 5.8926 -28.4197,
		 38.7347 5.8874 -28.4197,
		 39.6367 5.8924 -28.4197,
		 39.6140 5.8874 -28.4197,
		 39.6140 5.8924 -28.4197,
		 39.6364 5.8926 -28.4197,
		 38.7347 5.8436 -28.4197,
		 39.6140 5.8436 -28.4197,
		 38.7347 5.6318 -28.4197,
		 38.7347 5.8436 -28.4197,
		 38.8362 5.8436 -28.4197,
		 38.8362 5.6318 -28.4197,
		 39.6140 5.6318 -28.4197,
		 39.6140 5.5992 -28.4197,
		 38.7347 5.5992 -28.4197,
		 38.7347 5.6318 -28.4197,
		 39.1458 5.6318 -28.4197,
		 39.1458 5.8436 -28.4197,
		 39.2109 5.8436 -28.4197,
		 39.2109 5.6318 -28.4197,
		 39.6140 5.8436 -28.4197,
		 39.5205 5.6318 -28.4197,
		 39.5205 5.8436 -28.4197,
		 38.7347 5.3875 -28.4197,
		 38.7347 5.5992 -28.4197,
		 38.8362 5.5992 -28.4197,
		 38.8362 5.3875 -28.4197,
		 39.6140 5.3875 -28.4197,
		 38.7347 5.3875 -28.4197,
		 39.1458 5.3875 -28.4197,
		 39.1458 5.5992 -28.4197,
		 39.2109 5.5992 -28.4197,
		 39.2109 5.3875 -28.4197,
		 39.6140 5.5992 -28.4197,
		 39.5205 5.3875 -28.4197,
		 39.5205 5.5992 -28.4197,
		 39.1458 5.5992 -28.4197,
		 39.1458 5.8436 -28.4197,
		 39.5205 5.6318 -28.4197,
		 39.2109 5.6318 -28.4197,
		 39.5205 5.3875 -28.4197,
		 39.2109 5.3875 -28.4197,
		 43.4795 6.0310 -28.4197,
		 31.9447 6.0310 -28.4197,
		 38.9779 6.0147 -28.4197,
		 39.1617 6.0310 -28.4197,
		 31.9447 6.0147 -28.4197,
		 39.3456 6.0147 -28.4197,
		 40.7374 6.0147 -28.4197,
		 41.1051 6.0147 -28.4197,
		 43.4795 6.0147 -28.4197,
		 43.4795 6.0310 -28.4197,
		 38.9619 6.0133 -28.4197,
		 38.9779 6.0147 -28.4197,
		 31.9447 6.0133 -28.4197,
		 39.3456 6.0147 -28.4197,
		 40.7374 6.0147 -28.4197,
		 38.9072 5.9970 -28.4197,
		 38.9619 6.0133 -28.4197,
		 31.9447 6.0133 -28.4197,
		 31.9447 5.9970 -28.4197,
		 39.3616 6.0133 -28.4197,
		 39.4163 5.9970 -28.4197,
		 40.6667 5.9970 -28.4197,
		 41.1759 5.9970 -28.4197,
		 42.5753 6.0133 -28.4197,
		 41.1051 6.0147 -28.4197,
		 38.7925 5.9629 -28.4197,
		 38.9072 5.9970 -28.4197,
		 31.9447 5.9970 -28.4197,
		 31.9447 5.9629 -28.4197,
		 39.4163 5.9970 -28.4197,
		 40.6667 5.9970 -28.4197,
		 38.7680 5.9466 -28.4197,
		 38.7925 5.9629 -28.4197,
		 31.9447 5.9629 -28.4197,
		 31.9447 5.9466 -28.4197,
		 39.5310 5.9629 -28.4197,
		 39.5555 5.9466 -28.4197,
		 40.5276 5.9466 -28.4197,
		 41.3150 5.9466 -28.4197,
		 42.2767 5.9629 -28.4197,
		 41.1759 5.9970 -28.4197,
		 38.7680 5.9466 -28.4197,
		 31.9447 5.9466 -28.4197,
		 31.9447 5.8874 -28.4197,
		 39.5555 5.9466 -28.4197,
		 40.5276 5.9466 -28.4197,
		 38.7347 5.8711 -28.4197,
		 38.7347 5.8874 -28.4197,
		 31.9447 5.8874 -28.4197,
		 31.9447 5.8711 -28.4197,
		 39.6140 5.8874 -28.4197,
		 39.6140 5.8711 -28.4197,
		 40.4942 5.8711 -28.4197,
		 40.4942 5.8874 -28.4197,
		 41.3736 5.8874 -28.4197,
		 41.3736 5.8711 -28.4197,
		 42.1332 5.8874 -28.4197,
		 41.3150 5.9466 -28.4197,
		 38.7347 5.8681 -28.4197,
		 38.7347 5.8711 -28.4197,
		 31.9447 5.8711 -28.4197,
		 31.9447 5.8681 -28.4197,
		 39.6140 5.8711 -28.4197,
		 39.6140 5.8681 -28.4197,
		 40.4942 5.8681 -28.4197,
		 40.4942 5.8711 -28.4197,
		 41.3736 5.8711 -28.4197,
		 41.3736 5.8681 -28.4197,
		 43.4795 5.8681 -28.4197,
		 43.4795 5.8711 -28.4197,
		 43.4795 5.9466 -28.4197,
		 43.4795 5.9970 -28.4197,
		 43.4795 6.0147 -28.4197,
		 38.7347 5.8681 -28.4197,
		 31.9447 5.8681 -28.4197,
		 31.9447 5.3287 -28.4197,
		 38.7404 5.3287 -28.4197,
		 39.6140 5.8681 -28.4197,
		 39.6140 5.3287 -28.4197,
		 40.4942 5.8681 -28.4197,
		 38.7404 5.3287 -28.4197,
		 31.9447 5.3287 -28.4197,
		 31.9447 5.3285 -28.4197,
		 39.6140 5.3287 -28.4197,
		 31.9447 5.3285 -28.4197,
		 31.9447 5.3042 -28.4197,
		 42.1560 5.3285 -28.4197,
		 41.3736 5.8681 -28.4197,
		 31.9447 5.3040 -28.4197,
		 31.9447 5.3040 -28.4197,
		 43.4795 5.3040 -28.4197,
		 43.4795 5.8680 -28.4197,
		 43.4795 5.8681 -28.4197,
		 41.3960 5.8926 -28.4197,
		 40.4466 5.8926 -28.4197,
		 40.4942 5.8874 -28.4197,
		 41.3736 5.8874 -28.4197,
		 41.3962 5.8924 -28.4197,
		 41.3960 5.8926 -28.4197,
		 41.3736 5.8436 -28.4197,
		 40.4942 5.8436 -28.4197,
		 40.4942 5.8436 -28.4197,
		 40.4942 5.6318 -28.4197,
		 40.4942 5.6318 -28.4197,
		 40.4942 5.5992 -28.4197,
		 41.3735 5.5992 -28.4197,
		 41.3735 5.6318 -28.4197,
		 40.9704 5.6318 -28.4197,
		 40.9053 5.8436 -28.4197,
		 41.2800 5.6318 -28.4197,
		 41.3736 5.8436 -28.4197,
		 40.4942 5.5992 -28.4197,
		 40.4942 5.3875 -28.4197,
		 40.4942 5.3875 -28.4197,
		 41.3735 5.3875 -28.4197,
		 40.9704 5.3875 -28.4197,
		 40.9053 5.5992 -28.4197,
		 41.2800 5.3875 -28.4197,
		 41.3735 5.5992 -28.4197,
		 39.6364 5.8926 -28.4197,
		 38.6871 5.8926 -28.4197,
		 38.7347 5.8874 -28.4197,
		 39.6140 5.8874 -28.4197,
		 39.6367 5.8924 -28.4197,
		 39.6364 5.8926 -28.4197,
		 39.6140 5.8436 -28.4197,
		 38.7347 5.8436 -28.4197,
		 38.7347 5.8436 -28.4197,
		 38.7347 5.6318 -28.4197,
		 38.7347 5.6318 -28.4197,
		 38.7347 5.5992 -28.4197,
		 39.6140 5.5992 -28.4197,
		 39.6140 5.6318 -28.4197,
		 39.2109 5.6318 -28.4197,
		 39.1458 5.8436 -28.4197,
		 39.5205 5.6318 -28.4197,
		 39.6140 5.8436 -28.4197,
		 38.7347 5.5992 -28.4197,
		 38.7347 5.3875 -28.4197,
		 38.7347 5.3875 -28.4197,
		 39.6140 5.3875 -28.4197,
		 39.2109 5.3875 -28.4197,
		 39.1458 5.5992 -28.4197,
		 39.5205 5.3875 -28.4197,
		 39.6140 5.5992 -28.4197,
		 43.4795 5.3285 -39.4657,
		 43.4795 5.3285 -28.4197,
		 43.4795 5.3287 -28.8674,
		 43.4795 5.3285 -29.7352,
		 43.4795 5.3287 -28.4197,
		 43.4795 5.3287 -29.7352,
		 43.4795 5.3287 -30.3709,
		 43.4795 5.3285 -31.2502,
		 43.4795 5.3287 -28.8558,
		 43.4795 5.3287 -28.8674,
		 43.4795 5.3287 -28.4197,
		 43.4795 5.3287 -28.4197,
		 43.4795 5.8874 -28.8558,
		 43.4795 5.8874 -28.4197,
		 43.4795 5.3287 -29.7352,
		 43.4795 5.8874 -29.7352,
		 43.4795 5.8874 -30.3709,
		 43.4795 5.8926 -28.8558,
		 43.4795 5.8874 -28.8558,
		 43.4795 5.8874 -28.4197,
		 43.4795 5.8926 -28.4197,
		 43.4795 5.8924 -29.7352,
		 43.4795 5.8926 -28.8701,
		 43.4795 5.8926 -30.3234,
		 43.4795 5.8924 -30.3231,
		 43.4795 5.8874 -29.7352,
		 43.4795 5.8874 -30.3155,
		 43.4795 5.9629 -30.4287,
		 43.4795 5.8926 -30.3234,
		 43.4795 5.8926 -28.4197,
		 43.4795 5.9629 -28.4197,
		 43.4795 6.0133 -30.5982,
		 43.4795 6.0133 -28.4197,
		 43.4795 6.0310 -30.7980,
		 43.4795 6.0310 -28.4197,
		 43.4795 6.0310 -28.4197,
		 43.4795 6.0310 -39.4657,
		 43.4795 6.0310 -32.2643,
		 43.4795 6.0133 -32.0645,
		 43.4795 6.0133 -30.9979,
		 43.4795 6.0133 -32.4641,
		 43.4795 6.0133 -39.4657,
		 43.4795 6.0133 -32.0644,
		 43.4795 5.9629 -31.8950,
		 43.4795 5.9629 -31.1673,
		 43.4795 6.0133 -32.0645,
		 43.4795 5.9629 -32.6335,
		 43.4795 6.0133 -32.4641,
		 43.4795 5.9629 -39.4657,
		 43.4795 5.9629 -31.8950,
		 43.4795 5.8926 -31.7896,
		 43.4795 5.8926 -31.2727,
		 43.4795 5.9629 -31.1673,
		 43.4795 5.9629 -32.6335,
		 43.4795 5.8926 -32.7389,
		 43.4795 5.8926 -39.4657,
		 43.4795 5.8926 -31.7896,
		 43.4795 5.8924 -31.7893,
		 43.4795 5.8924 -31.2730,
		 43.4795 5.8926 -31.2727,
		 43.4795 5.8924 -32.7392,
		 43.4795 5.8926 -32.7389,
		 43.4795 5.8924 -39.4657,
		 43.4795 5.3287 -31.8372,
		 43.4795 5.3285 -32.6948,
		 43.4795 5.3285 -31.2502,
		 43.4795 5.3287 -31.2502,
		 43.4795 5.8874 -31.8372,
		 43.4795 5.8874 -31.2503,
		 43.4795 5.3285 -32.7165,
		 43.4795 5.8874 -32.7165,
		 43.4795 5.8874 -39.4657,
		 43.4795 5.3285 -39.4657,
		 43.4795 5.8924 -31.7893,
		 43.4795 5.8874 -31.7818,
		 43.4795 5.8874 -31.2805,
		 43.4795 5.8924 -31.2730,
		 43.4795 5.8874 -32.7467,
		 43.4795 5.8924 -32.7392,
		 43.4795 5.8874 -39.4657,
		 43.4795 5.3875 -31.2502,
		 43.4795 5.3875 -30.3709,
		 43.4795 5.5992 -30.4724,
		 43.4795 5.3875 -30.4724,
		 43.4795 5.3875 -30.3709,
		 43.4795 5.5992 -30.3709,
		 43.4795 5.6319 -31.2503,
		 43.4795 5.5992 -31.2503,
		 43.4795 5.5992 -30.3709,
		 43.4795 5.6319 -30.3709,
		 43.4795 5.8436 -30.4724,
		 43.4795 5.6319 -30.4724,
		 43.4795 5.6319 -30.3709,
		 43.4795 5.8436 -30.3709,
		 43.4795 5.8436 -30.3709,
		 43.4795 5.8874 -30.3709,
		 43.4795 5.8874 -31.2503,
		 43.4795 5.8436 -31.2503,
		 43.4795 5.8436 -30.8471,
		 43.4795 5.6319 -30.8471,
		 43.4795 5.6319 -30.7820,
		 43.4795 5.8436 -30.7820,
		 43.4795 5.6319 -31.1567,
		 43.4795 5.8436 -31.1567,
		 43.4795 5.6319 -31.2503,
		 43.4795 5.5992 -30.8471,
		 43.4795 5.3875 -30.8471,
		 43.4795 5.3875 -30.7820,
		 43.4795 5.5992 -30.7820,
		 43.4795 5.3875 -31.1567,
		 43.4795 5.5992 -31.1567,
		 43.4795 5.3875 -31.2502,
		 43.4795 5.8874 -31.2805,
		 43.4795 5.3631 -29.7352,
		 43.4795 5.3631 -28.8558,
		 43.4795 5.5748 -28.9573,
		 43.4795 5.3631 -28.9573,
		 43.4795 5.3631 -28.8558,
		 43.4795 5.5748 -28.8558,
		 43.4795 5.3631 -29.2669,
		 43.4795 5.5748 -29.2669,
		 43.4795 5.5748 -29.3320,
		 43.4795 5.3631 -29.3320,
		 43.4795 5.5748 -28.8558,
		 43.4795 5.6074 -28.8558,
		 43.4795 5.6074 -29.7352,
		 43.4795 5.5748 -29.7352,
		 43.4795 5.3631 -29.6416,
		 43.4795 5.5748 -29.6416,
		 43.4795 5.3631 -29.7352,
		 43.4795 5.8192 -28.9573,
		 43.4795 5.6074 -28.9573,
		 43.4795 5.6074 -28.8558,
		 43.4795 5.8192 -28.8558,
		 43.4795 5.6074 -29.2669,
		 43.4795 5.8192 -29.2669,
		 43.4795 5.8192 -29.3320,
		 43.4795 5.6074 -29.3320,
		 43.4795 5.8192 -28.8558,
		 43.4795 5.8926 -28.8558,
		 43.4795 5.8192 -29.7352,
		 43.4795 5.6074 -29.6416,
		 43.4795 5.8192 -29.6416,
		 43.4795 5.6074 -29.7352,
		 43.4795 5.8192 -29.2669,
		 43.4795 5.8192 -28.9573,
		 43.4795 5.5748 -29.2669,
		 43.4795 5.5748 -28.9573,
		 43.4795 5.3875 -30.7820,
		 43.4795 5.6319 -30.7820,
		 43.4795 5.6319 -31.1567,
		 43.4795 5.6319 -30.8471,
		 43.4795 5.3875 -31.1567,
		 43.4795 5.3875 -30.8471,
		 43.4795 5.8926 -31.8372,
		 43.4795 5.8874 -31.8372,
		 43.4795 5.8874 -31.7818,
		 43.4795 5.8926 -31.7896,
		 43.4795 5.8926 -31.7896,
		 43.4795 5.9629 -32.6336,
		 43.4795 5.8926 -32.7389,
		 43.4795 5.8924 -32.7165,
		 43.4795 5.8924 -32.7392,
		 43.4795 5.8874 -32.7165,
		 43.4795 5.8874 -32.7468,
		 43.4795 5.3875 -32.7165,
		 43.4795 5.3285 -32.7165,
		 43.4795 5.3875 -31.8372,
		 43.4795 5.5992 -31.9387,
		 43.4795 5.3875 -31.9387,
		 43.4795 5.3875 -31.8372,
		 43.4795 5.5992 -31.8372,
		 43.4795 5.6319 -32.7165,
		 43.4795 5.5992 -32.7165,
		 43.4795 5.5992 -31.8372,
		 43.4795 5.6319 -31.8372,
		 43.4795 5.8436 -31.9387,
		 43.4795 5.6319 -31.9387,
		 43.4795 5.6319 -31.8372,
		 43.4795 5.8436 -31.8372,
		 43.4795 5.8436 -31.8372,
		 43.4795 5.8436 -32.7165,
		 43.4795 5.8436 -32.3134,
		 43.4795 5.6319 -32.3134,
		 43.4795 5.6319 -32.2483,
		 43.4795 5.8436 -32.2483,
		 43.4795 5.6319 -32.6230,
		 43.4795 5.8436 -32.6230,
		 43.4795 5.6319 -32.7165,
		 43.4795 5.5992 -32.3134,
		 43.4795 5.3875 -32.3134,
		 43.4795 5.3875 -32.2483,
		 43.4795 5.5992 -32.2483,
		 43.4795 5.3875 -32.6230,
		 43.4795 5.5992 -32.6230,
		 43.4795 5.3875 -32.7165,
		 43.4795 5.3875 -32.2483,
		 43.4795 5.6319 -32.2483,
		 43.4795 5.6319 -32.6230,
		 43.4795 5.6319 -32.3134,
		 43.4795 5.3875 -32.6230,
		 43.4795 5.3875 -32.3134,
		 43.4795 5.3285 -28.4197,
		 43.4795 5.3285 -39.4657,
		 43.4795 5.3287 -28.4197,
		 43.4795 5.3287 -28.8674,
		 43.4795 5.3287 -29.7352,
		 43.4795 5.3287 -28.4197,
		 43.4795 5.3287 -28.4197,
		 43.4795 5.3287 -28.8674,
		 43.4795 5.8874 -28.4197,
		 43.4795 5.8874 -28.8558,
		 43.4795 5.8874 -30.3709,
		 43.4795 5.8874 -29.7352,
		 43.4795 5.3287 -29.7352,
		 43.4795 5.8926 -28.4197,
		 43.4795 5.8874 -28.4197,
		 43.4795 5.8874 -28.8558,
		 43.4795 5.8926 -28.8558,
		 43.4795 5.8924 -30.3231,
		 43.4795 5.8926 -30.3234,
		 43.4795 5.8926 -28.8701,
		 43.4795 5.8874 -29.7352,
		 43.4795 5.9629 -28.4197,
		 43.4795 5.8926 -28.4197,
		 43.4795 5.8926 -30.3234,
		 43.4795 6.0133 -28.4197,
		 43.4795 6.0310 -28.4197,
		 43.4795 6.0310 -39.4657,
		 43.4795 6.0310 -28.4197,
		 43.4795 6.0133 -32.0645,
		 43.4795 6.0133 -39.4657,
		 43.4795 6.0133 -32.4641,
		 43.4795 5.9629 -31.1673,
		 43.4795 5.9629 -31.8950,
		 43.4795 6.0133 -32.0645,
		 43.4795 5.9629 -39.4657,
		 43.4795 5.9629 -32.6335,
		 43.4795 5.8926 -31.2727,
		 43.4795 5.8926 -31.7896,
		 43.4795 5.9629 -32.6335,
		 43.4795 5.8926 -39.4657,
		 43.4795 5.8926 -32.7389,
		 43.4795 5.8926 -31.2727,
		 43.4795 5.8924 -31.2730,
		 43.4795 5.8924 -31.7893,
		 43.4795 5.8926 -31.7896,
		 43.4795 5.8924 -39.4657,
		 43.4795 5.8926 -32.7389,
		 43.4795 5.8924 -32.7392,
		 43.4795 5.3287 -31.2502,
		 43.4795 5.3285 -31.2502,
		 43.4795 5.3285 -32.6948,
		 43.4795 5.8874 -31.2503,
		 43.4795 5.8874 -31.8372,
		 43.4795 5.3285 -39.4657,
		 43.4795 5.8874 -39.4657,
		 43.4795 5.8874 -32.7165,
		 43.4795 5.3285 -32.7165,
		 43.4795 5.8924 -31.2730,
		 43.4795 5.8874 -31.2805,
		 43.4795 5.8874 -31.7818,
		 43.4795 5.8924 -31.7893,
		 43.4795 5.8874 -39.4657,
		 43.4795 5.8924 -32.7392,
		 43.4795 5.8874 -32.7467,
		 43.4795 5.3875 -30.3709,
		 43.4795 5.3875 -31.2502,
		 43.4795 5.5992 -30.3709,
		 43.4795 5.3875 -30.3709,
		 43.4795 5.6319 -30.3709,
		 43.4795 5.5992 -30.3709,
		 43.4795 5.5992 -31.2503,
		 43.4795 5.6319 -31.2503,
		 43.4795 5.8436 -30.3709,
		 43.4795 5.6319 -30.3709,
		 43.4795 5.8436 -31.2503,
		 43.4795 5.8874 -31.2503,
		 43.4795 5.8874 -30.3709,
		 43.4795 5.8436 -30.3709,
		 43.4795 5.6319 -30.7820,
		 43.4795 5.6319 -30.8471,
		 43.4795 5.6319 -31.2503,
		 43.4795 5.6319 -31.1567,
		 43.4795 5.3875 -30.7820,
		 43.4795 5.3875 -30.8471,
		 43.4795 5.3875 -31.2502,
		 43.4795 5.3875 -31.1567,
		 43.4795 5.3631 -28.8558,
		 43.4795 5.3631 -29.7352,
		 43.4795 5.5748 -28.8558,
		 43.4795 5.3631 -28.8558,
		 43.4795 5.5748 -28.9573,
		 43.4795 5.5748 -29.2669,
		 43.4795 5.5748 -29.7352,
		 43.4795 5.6074 -29.7352,
		 43.4795 5.6074 -28.8558,
		 43.4795 5.5748 -28.8558,
		 43.4795 5.3631 -29.7352,
		 43.4795 5.8192 -28.8558,
		 43.4795 5.6074 -28.8558,
		 43.4795 5.8192 -28.9573,
		 43.4795 5.8192 -29.2669,
		 43.4795 5.8192 -29.7352,
		 43.4795 5.8192 -28.8558,
		 43.4795 5.6074 -29.7352,
		 43.4795 5.8926 -31.7896,
		 43.4795 5.8874 -31.7818,
		 43.4795 5.8874 -31.8372,
		 43.4795 5.8926 -32.7389,
		 43.4795 5.8926 -31.7896,
		 43.4795 5.8924 -32.7392,
		 43.4795 5.8874 -32.7165,
		 43.4795 5.3875 -31.8372,
		 43.4795 5.3875 -32.7165,
		 43.4795 5.5992 -31.8372,
		 43.4795 5.3875 -31.8372,
		 43.4795 5.6319 -31.8372,
		 43.4795 5.5992 -31.8372,
		 43.4795 5.5992 -32.7165,
		 43.4795 5.6319 -32.7165,
		 43.4795 5.8436 -31.8372,
		 43.4795 5.6319 -31.8372,
		 43.4795 5.8436 -32.7165,
		 43.4795 5.8436 -31.8372,
		 43.4795 5.6319 -32.2483,
		 43.4795 5.6319 -32.3134,
		 43.4795 5.6319 -32.7165,
		 43.4795 5.6319 -32.6230,
		 43.4795 5.3875 -32.2483,
		 43.4795 5.3875 -32.3134,
		 43.4795 5.3875 -32.7165,
		 43.4795 5.3875 -32.6230
		]
	} #Coordinate3
	Material {
		ambientColor      0.2500 0.2500 0.2500  #ambientColor
		diffuseColor      1.0000 1.0000 1.0000  #diffuseColor
		transparency      0.0000                #transparency
	} #Material

	Texture2 {
		filename ""  #filename
		wrapS REPEAT 
		wrapT REPEAT 
	} #Texture2

	IndexedFaceSet {
		coordIndex [ 
		 0, 1, 2, 3,-1,
		 3, 2, 1, 0,-1,
		]
	} #IndexedFaceSet
	Material {
		ambientColor      0.1392 0.1392 0.1392  #ambientColor
		diffuseColor      0.5569 0.5569 0.5569  #diffuseColor
		transparency      0.0000                #transparency
	} #Material

	IndexedFaceSet {
		coordIndex [ 
		 8, 0, 3, 9,-1,
		 10, 8, 11, 12,-1,
		 13, 14, 15, 11,-1,
		 16, 17, 18, 13,-1,
		 19, 10, 20, 21,-1,
		 22, 23, 24, 25,-1,
		 26, 27, 28, 29,-1,
		 23, 30, 31, 32,-1,
		 33, 34, 35, 36,-1,
		 37, 33, 36, 38,-1,
		 39, 40, 41, 42,-1,
		 43, 44, 45, 46,-1,
		 47, 48, 49, 50,-1,
		 44, 51, 52, 53,-1,
		 54, 55, 56, 57,-1,
		 34, 54, 57, 58,-1,
		 59, 60, 61, 62,-1,
		 59, 62, 63,-1,
		 64, 65, 63, 66,-1,
		 67, 68, 69, 70,-1,
		 71, 72, 73, 74,-1,
		 75, 76, 77, 78,-1,
		 55, 75, 79, 80,-1,
		 81, 82, 83, 84,-1,
		 85, 86, 87, 88,-1,
		 89, 90, 91, 92,-1,
		 93, 89, 94, 95,-1,
		 96, 93, 95, 97,-1,
		 98, 96, 97, 37,-1,
		 99, 100, 101, 102,-1,
		 99, 102, 103,-1,
		 104, 105, 106, 107,-1,
		 108, 109, 110, 111,-1,
		 105, 112, 111, 113,-1,
		 114, 115, 116, 117,-1,
		 118, 114, 112, 119,-1,
		 120, 116, 115, 121,-1,
		 122, 7, 4, 123,-1,
		 124, 122, 121, 125,-1,
		 126, 124, 125, 118,-1,
		]
	} #IndexedFaceSet
	Material {
		ambientColor      0.2500 0.2500 0.2500  #ambientColor
		diffuseColor      1.0000 1.0000 1.0000  #diffuseColor
		transparency      0.0000                #transparency
	} #Material

	IndexedFaceSet {
		coordIndex [ 
		 97, 95, 94, 76, 55, 34, 37,-1,
		 127, 44, 23, 13, 36, 57, 128,-1,
		 65, 127, 129, 130,-1,
		 131, 79, 132, 133,-1,
		 134, 131, 133, 129,-1,
		 135, 129, 133, 136,-1,
		 137, 138, 139, 140,-1,
		 141, 142, 143, 144,-1,
		 145, 146, 147, 148,-1,
		 149, 141, 150, 151,-1,
		 152, 153, 154, 155,-1,
		 156, 112, 105, 157,-1,
		 158, 159, 160, 161,-1,
		 162, 156, 163, 164,-1,
		]
	} #IndexedFaceSet
	Material {
		ambientColor      0.1951 0.1951 0.1951  #ambientColor
		diffuseColor      0.7804 0.7804 0.7804  #diffuseColor
		transparency      0.0000                #transparency
	} #Material

	IndexedFaceSet {
		coordIndex [ 
		 165, 158, 155, 154,-1,
		 166, 145, 140, 139,-1,
		 151, 167, 168, 147,-1,
		 164, 169, 170, 160,-1,
		]
	} #IndexedFaceSet
	Material {
		ambientColor      0.2500 0.2500 0.2500  #ambientColor
		diffuseColor      1.0000 1.0000 1.0000  #diffuseColor
		transparency      0.0000                #transparency
	} #Material

	IndexedFaceSet {
		coordIndex [ 
		 171, 172, 173, 174, 24, 45, 175,-1,
		 62, 171, 176, 177,-1,
		 178, 63, 179, 180,-1,
		 181, 178, 180, 176,-1,
		 182, 176, 180, 183,-1,
		 184, 185, 186, 187,-1,
		 188, 189, 190, 191,-1,
		 192, 193, 194, 195,-1,
		 196, 188, 197, 198,-1,
		 199, 200, 201, 202,-1,
		 203, 111, 102, 204,-1,
		 205, 206, 207, 208,-1,
		 209, 203, 210, 211,-1,
		]
	} #IndexedFaceSet
	Material {
		ambientColor      0.1951 0.1951 0.1951  #ambientColor
		diffuseColor      0.7804 0.7804 0.7804  #diffuseColor
		transparency      0.0000                #transparency
	} #Material

	IndexedFaceSet {
		coordIndex [ 
		 212, 205, 202, 201,-1,
		 213, 192, 187, 186,-1,
		 198, 214, 215, 194,-1,
		 211, 216, 217, 207,-1,
		]
	} #IndexedFaceSet
	Material {
		ambientColor      0.1392 0.1392 0.1392  #ambientColor
		diffuseColor      0.5569 0.5569 0.5569  #diffuseColor
		transparency      0.0000                #transparency
	} #Material

	IndexedFaceSet {
		coordIndex [ 
		 218, 3, 0, 219,-1,
		 220, 221, 219, 222,-1,
		 221, 223, 224, 13,-1,
		 13, 225, 226, 227,-1,
		 228, 229, 222, 230,-1,
		 231, 24, 23, 232,-1,
		 233, 234, 235, 236,-1,
		 237, 238, 239, 23,-1,
		 36, 240, 34, 241,-1,
		 242, 36, 241, 37,-1,
		 243, 244, 245, 246,-1,
		 247, 45, 44, 248,-1,
		 249, 250, 251, 252,-1,
		 253, 254, 255, 44,-1,
		 57, 256, 55, 257,-1,
		 258, 57, 257, 34,-1,
		 62, 259, 260, 261,-1,
		 63, 62, 261,-1,
		 262, 63, 65, 263,-1,
		 264, 265, 266, 267,-1,
		 268, 269, 270, 271,-1,
		 272, 273, 76, 274,-1,
		 275, 79, 274, 55,-1,
		 276, 277, 278, 279,-1,
		 280, 281, 282, 283,-1,
		 284, 285, 286, 287,-1,
		 95, 94, 287, 288,-1,
		 97, 95, 288, 289,-1,
		 37, 97, 289, 290,-1,
		 102, 291, 292, 293,-1,
		 294, 102, 293,-1,
		 295, 296, 105, 297,-1,
		 111, 298, 299, 300,-1,
		 301, 111, 112, 105,-1,
		 302, 303, 115, 304,-1,
		 305, 112, 304, 118,-1,
		 121, 115, 303, 306,-1,
		 307, 4, 7, 308,-1,
		 125, 121, 308, 309,-1,
		 118, 125, 309, 310,-1,
		]
	} #IndexedFaceSet
	Material {
		ambientColor      0.2500 0.2500 0.2500  #ambientColor
		diffuseColor      1.0000 1.0000 1.0000  #diffuseColor
		transparency      0.0000                #transparency
	} #Material

	IndexedFaceSet {
		coordIndex [ 
		 37, 34, 55, 76, 94, 95, 97,-1,
		 311, 57, 36, 13, 23, 44, 312,-1,
		 313, 129, 312, 65,-1,
		 133, 314, 79, 315,-1,
		 129, 133, 315, 316,-1,
		 317, 133, 129, 318,-1,
		 140, 139, 319, 320,-1,
		 321, 322, 323, 324,-1,
		 325, 147, 326, 145,-1,
		 151, 327, 324, 328,-1,
		 155, 154, 329, 330,-1,
		 331, 105, 112, 332,-1,
		 333, 160, 334, 158,-1,
		 164, 335, 332, 336,-1,
		]
	} #IndexedFaceSet
	Material {
		ambientColor      0.1951 0.1951 0.1951  #ambientColor
		diffuseColor      0.7804 0.7804 0.7804  #diffuseColor
		transparency      0.0000                #transparency
	} #Material

	IndexedFaceSet {
		coordIndex [ 
		 154, 155, 158, 165,-1,
		 139, 140, 145, 166,-1,
		 147, 168, 167, 151,-1,
		 160, 170, 169, 164,-1,
		]
	} #IndexedFaceSet
	Material {
		ambientColor      0.2500 0.2500 0.2500  #ambientColor
		diffuseColor      1.0000 1.0000 1.0000  #diffuseColor
		transparency      0.0000                #transparency
	} #Material

	IndexedFaceSet {
		coordIndex [ 
		 337, 45, 24, 174, 173, 172, 338,-1,
		 339, 176, 338, 62,-1,
		 180, 340, 63, 341,-1,
		 176, 180, 341, 342,-1,
		 343, 180, 176, 344,-1,
		 187, 186, 345, 346,-1,
		 347, 348, 349, 350,-1,
		 351, 194, 352, 192,-1,
		 198, 353, 350, 354,-1,
		 202, 201, 355, 356,-1,
		 357, 102, 111, 358,-1,
		 359, 207, 360, 205,-1,
		 211, 361, 358, 362,-1,
		]
	} #IndexedFaceSet
	Material {
		ambientColor      0.1951 0.1951 0.1951  #ambientColor
		diffuseColor      0.7804 0.7804 0.7804  #diffuseColor
		transparency      0.0000                #transparency
	} #Material

	IndexedFaceSet {
		coordIndex [ 
		 201, 202, 205, 212,-1,
		 186, 187, 192, 213,-1,
		 194, 215, 214, 198,-1,
		 207, 217, 216, 211,-1,
		]
	} #IndexedFaceSet
	Material {
		ambientColor      0.1392 0.1392 0.1392  #ambientColor
		diffuseColor      0.5569 0.5569 0.5569  #diffuseColor
		transparency      0.0000                #transparency
	} #Material

	IndexedFaceSet {
		coordIndex [ 
		 1, 0, 4, 5,-1,
		 5, 4, 0, 1,-1,
		 2, 1, 5, 6,-1,
		 6, 5, 1, 2,-1,
		 363, 6, 7, 364,-1,
		 365, 366, 364, 367,-1,
		 366, 368, 369, 370,-1,
		 371, 372, 373, 374,-1,
		 375, 371, 374, 376,-1,
		 377, 378, 379, 369,-1,
		 380, 381, 382, 383,-1,
		 384, 385, 386, 387,-1,
		 388, 384, 387, 389,-1,
		 390, 391, 392, 393,-1,
		 394, 390, 393, 395,-1,
		 396, 394, 395, 397,-1,
		 398, 3, 2, 399,-1,
		 400, 401, 402, 396,-1,
		 403, 400, 399, 404,-1,
		 405, 406, 407, 402,-1,
		 408, 405, 402,-1,
		 409, 410, 404, 411,-1,
		 412, 413, 414, 415,-1,
		 416, 412, 415,-1,
		 417, 416, 411, 418,-1,
		 419, 420, 421, 422,-1,
		 423, 424, 418, 425,-1,
		 426, 427, 428, 429,-1,
		 430, 426, 429, 431,-1,
		 432, 433, 434, 435,-1,
		 436, 437, 438, 439,-1,
		 440, 441, 425, 442,-1,
		]
	} #IndexedFaceSet
	Material {
		ambientColor      0.2500 0.2500 0.2500  #ambientColor
		diffuseColor      1.0000 1.0000 1.0000  #diffuseColor
		transparency      0.0000                #transparency
	} #Material

	IndexedFaceSet {
		coordIndex [ 
		 443, 370, 369, 444,-1,
		 445, 446, 447, 448,-1,
		 449, 450, 451, 452,-1,
		 453, 454, 455, 456,-1,
		 457, 458, 459, 460,-1,
		 461, 462, 463, 464,-1,
		 465, 466, 460, 467,-1,
		 468, 469, 470, 471,-1,
		 472, 473, 450, 474,-1,
		 402, 415, 475, 389, 390, 394, 396,-1,
		 476, 366, 371, 477,-1,
		 478, 479, 480, 481,-1,
		 482, 483, 484, 485,-1,
		 486, 487, 488, 489,-1,
		 490, 491, 489, 492,-1,
		 493, 494, 495, 496,-1,
		 497, 498, 499, 500,-1,
		 501, 502, 384, 503,-1,
		 504, 505, 503, 506,-1,
		]
	} #IndexedFaceSet
	Material {
		ambientColor      0.1951 0.1951 0.1951  #ambientColor
		diffuseColor      0.7804 0.7804 0.7804  #diffuseColor
		transparency      0.0000                #transparency
	} #Material

	IndexedFaceSet {
		coordIndex [ 
		 505, 504, 500, 499,-1,
		 491, 490, 485, 484,-1,
		 507, 497, 494, 508,-1,
		 509, 482, 479, 510,-1,
		 471, 511, 446, 445,-1,
		 464, 512, 454, 453,-1,
		 466, 513, 514, 461,-1,
		 473, 515, 516, 468,-1,
		]
	} #IndexedFaceSet
	Material {
		ambientColor      0.2500 0.2500 0.2500  #ambientColor
		diffuseColor      1.0000 1.0000 1.0000  #diffuseColor
		transparency      0.0000                #transparency
	} #Material

	IndexedFaceSet {
		coordIndex [ 
		 517, 518, 519, 520,-1,
		 521, 412, 405, 400, 410, 522, 523,-1,
		 524, 517, 523, 525,-1,
		 526, 524, 525, 527,-1,
		 528, 529, 426, 530,-1,
		 531, 532, 533, 534,-1,
		 535, 536, 537, 538,-1,
		 539, 540, 541, 542,-1,
		 543, 517, 524, 544,-1,
		 545, 546, 547, 548,-1,
		 549, 550, 544, 551,-1,
		 552, 553, 554, 555,-1,
		 556, 557, 536, 558,-1,
		]
	} #IndexedFaceSet
	Material {
		ambientColor      0.1951 0.1951 0.1951  #ambientColor
		diffuseColor      0.7804 0.7804 0.7804  #diffuseColor
		transparency      0.0000                #transparency
	} #Material

	IndexedFaceSet {
		coordIndex [ 
		 555, 559, 532, 531,-1,
		 548, 560, 540, 539,-1,
		 550, 561, 562, 545,-1,
		 557, 563, 564, 552,-1,
		]
	} #IndexedFaceSet
	Material {
		ambientColor      0.1392 0.1392 0.1392  #ambientColor
		diffuseColor      0.5569 0.5569 0.5569  #diffuseColor
		transparency      0.0000                #transparency
	} #Material

	IndexedFaceSet {
		coordIndex [ 
		 565, 7, 6, 566,-1,
		 567, 565, 366, 568,-1,
		 370, 369, 569, 366,-1,
		 570, 571, 572, 371,-1,
		 573, 570, 371, 574,-1,
		 369, 575, 576, 577,-1,
		 578, 579, 580, 581,-1,
		 582, 583, 584, 384,-1,
		 389, 582, 384, 585,-1,
		 586, 587, 588, 390,-1,
		 589, 586, 390, 394,-1,
		 590, 589, 394, 396,-1,
		 591, 2, 3, 592,-1,
		 396, 402, 593, 400,-1,
		 594, 591, 400, 595,-1,
		 402, 596, 597, 405,-1,
		 402, 405, 598,-1,
		 599, 594, 410, 600,-1,
		 415, 601, 602, 412,-1,
		 415, 412, 603,-1,
		 604, 599, 603, 605,-1,
		 606, 607, 608, 609,-1,
		 610, 604, 611, 612,-1,
		 613, 614, 615, 426,-1,
		 616, 613, 426, 617,-1,
		 618, 619, 620, 621,-1,
		 622, 623, 624, 625,-1,
		 626, 610, 627, 628,-1,
		]
	} #IndexedFaceSet
	Material {
		ambientColor      0.2500 0.2500 0.2500  #ambientColor
		diffuseColor      1.0000 1.0000 1.0000  #diffuseColor
		transparency      0.0000                #transparency
	} #Material

	IndexedFaceSet {
		coordIndex [ 
		 629, 369, 370, 630,-1,
		 631, 632, 446, 445,-1,
		 633, 634, 635, 636,-1,
		 637, 638, 454, 453,-1,
		 639, 640, 641, 642,-1,
		 464, 643, 644, 461,-1,
		 645, 639, 466, 646,-1,
		 471, 647, 648, 468,-1,
		 649, 635, 473, 650,-1,
		 396, 394, 390, 389, 475, 415, 402,-1,
		 651, 371, 366, 652,-1,
		 653, 654, 479, 655,-1,
		 485, 484, 656, 482,-1,
		 657, 658, 659, 660,-1,
		 661, 657, 491, 490,-1,
		 662, 663, 494, 664,-1,
		 500, 499, 665, 497,-1,
		 666, 384, 502, 667,-1,
		 668, 666, 505, 504,-1,
		]
	} #IndexedFaceSet
	Material {
		ambientColor      0.1951 0.1951 0.1951  #ambientColor
		diffuseColor      0.7804 0.7804 0.7804  #diffuseColor
		transparency      0.0000                #transparency
	} #Material

	IndexedFaceSet {
		coordIndex [ 
		 499, 500, 504, 505,-1,
		 484, 485, 490, 491,-1,
		 508, 494, 497, 507,-1,
		 510, 479, 482, 509,-1,
		 445, 446, 511, 471,-1,
		 453, 454, 512, 464,-1,
		 461, 514, 513, 466,-1,
		 468, 516, 515, 473,-1,
		]
	} #IndexedFaceSet
	Material {
		ambientColor      0.2500 0.2500 0.2500  #ambientColor
		diffuseColor      1.0000 1.0000 1.0000  #diffuseColor
		transparency      0.0000                #transparency
	} #Material

	IndexedFaceSet {
		coordIndex [ 
		 669, 670, 671, 517,-1,
		 672, 522, 410, 400, 405, 412, 673,-1,
		 674, 672, 517, 524,-1,
		 527, 674, 524, 675,-1,
		 676, 426, 529, 677,-1,
		 678, 679, 532, 531,-1,
		 680, 681, 682, 683,-1,
		 684, 685, 540, 539,-1,
		 686, 524, 517, 687,-1,
		 548, 688, 689, 545,-1,
		 690, 686, 550, 691,-1,
		 555, 692, 693, 552,-1,
		 694, 682, 557, 695,-1,
		]
	} #IndexedFaceSet
	Material {
		ambientColor      0.1951 0.1951 0.1951  #ambientColor
		diffuseColor      0.7804 0.7804 0.7804  #diffuseColor
		transparency      0.0000                #transparency
	} #Material

	IndexedFaceSet {
		coordIndex [ 
		 531, 532, 559, 555,-1,
		 539, 540, 560, 548,-1,
		 545, 562, 561, 550,-1,
		 552, 564, 563, 557,-1,
		]
	} #IndexedFaceSet
	Material {
		ambientColor      0.1392 0.1392 0.1392  #ambientColor
		diffuseColor      0.5569 0.5569 0.5569  #diffuseColor
		transparency      0.0000                #transparency
	} #Material

	IndexedFaceSet {
		coordIndex [ 
		 7, 6, 5, 4,-1,
		 4, 5, 6, 7,-1,
		]
	} #IndexedFaceSet
} #Polyhedron
Separator { #Polyhedron
	DEF COORD16 Coordinate3 {
		point [
		 38.6407 6.0798 -30.0815,
		 38.6407 6.0798 -29.9838,
		 38.5430 6.0798 -29.9838,
		 38.5430 6.0798 -30.0815,
		 38.6407 5.1838 -30.0815,
		 38.6407 5.1838 -29.9838,
		 38.5430 5.1838 -29.9838,
		 38.5430 5.1838 -30.0815
		]
	} #Coordinate3
	Material {
		ambientColor      0.1951 0.1951 0.1951  #ambientColor
		diffuseColor      0.7804 0.7804 0.7804  #diffuseColor
		transparency      0.0000                #transparency
	} #Material

	Texture2 {
		filename ""  #filename
		wrapS REPEAT 
		wrapT REPEAT 
	} #Texture2

	IndexedFaceSet {
		coordIndex [ 
		 0, 1, 2, 3,-1,
		 3, 2, 1, 0,-1,
		 0, 3, 7, 4,-1,
		 4, 7, 3, 0,-1,
		 1, 0, 4, 5,-1,
		 5, 4, 0, 1,-1,
		 2, 1, 5, 6,-1,
		 6, 5, 1, 2,-1,
		 3, 2, 6, 7,-1,
		 7, 6, 2, 3,-1,
		 7, 6, 5, 4,-1,
		 4, 5, 6, 7,-1,
		]
	} #IndexedFaceSet
} #Polyhedron
Separator { #Polyhedron
	DEF COORD17 Coordinate3 {
		point [
		 41.7199 6.0798 -30.0815,
		 41.7199 6.0798 -29.9838,
		 41.6222 6.0798 -29.9838,
		 41.6222 6.0798 -30.0815,
		 41.7199 5.1838 -30.0815,
		 41.7199 5.1838 -29.9838,
		 41.6222 5.1838 -29.9838,
		 41.6222 5.1838 -30.0815
		]
	} #Coordinate3
	Material {
		ambientColor      0.1951 0.1951 0.1951  #ambientColor
		diffuseColor      0.7804 0.7804 0.7804  #diffuseColor
		transparency      0.0000                #transparency
	} #Material

	Texture2 {
		filename ""  #filename
		wrapS REPEAT 
		wrapT REPEAT 
	} #Texture2

	IndexedFaceSet {
		coordIndex [ 
		 0, 1, 2, 3,-1,
		 3, 2, 1, 0,-1,
		 0, 3, 7, 4,-1,
		 4, 7, 3, 0,-1,
		 1, 0, 4, 5,-1,
		 5, 4, 0, 1,-1,
		 2, 1, 5, 6,-1,
		 6, 5, 1, 2,-1,
		 3, 2, 6, 7,-1,
		 7, 6, 2, 3,-1,
		 7, 6, 5, 4,-1,
		 4, 5, 6, 7,-1,
		]
	} #IndexedFaceSet
} #Polyhedron
Separator { #Polyhedron
	DEF COORD18 Coordinate3 {
		point [
		 43.4795 6.1613 -30.0815,
		 43.4795 6.1613 -29.9838,
		 32.5312 6.1613 -29.9838,
		 32.5312 6.1613 -30.0815,
		 43.4795 6.0798 -30.0815,
		 43.4795 6.0798 -29.9838,
		 32.5312 6.0798 -29.9838,
		 32.5312 6.0798 -30.0815
		]
	} #Coordinate3
	Material {
		ambientColor      0.1951 0.1951 0.1951  #ambientColor
		diffuseColor      0.7804 0.7804 0.7804  #diffuseColor
		transparency      0.0000                #transparency
	} #Material

	Texture2 {
		filename ""  #filename
		wrapS REPEAT 
		wrapT REPEAT 
	} #Texture2

	IndexedFaceSet {
		coordIndex [ 
		 0, 1, 2, 3,-1,
		 3, 2, 1, 0,-1,
		 0, 3, 7, 4,-1,
		 4, 7, 3, 0,-1,
		 1, 0, 4, 5,-1,
		 5, 4, 0, 1,-1,
		 2, 1, 5, 6,-1,
		 6, 5, 1, 2,-1,
		 3, 2, 6, 7,-1,
		 7, 6, 2, 3,-1,
		 7, 6, 5, 4,-1,
		 4, 5, 6, 7,-1,
		]
	} #IndexedFaceSet
} #Polyhedron
Separator { #Polyhedron
	DEF COORD19 Coordinate3 {
		point [
		 38.6407 6.0798 -32.1832,
		 38.6407 6.0798 -32.0854,
		 38.5430 6.0798 -32.0854,
		 38.5430 6.0798 -32.1832,
		 38.6407 5.1838 -32.1832,
		 38.6407 5.1838 -32.0854,
		 38.5430 5.1838 -32.0854,
		 38.5430 5.1838 -32.1832
		]
	} #Coordinate3
	Material {
		ambientColor      0.1951 0.1951 0.1951  #ambientColor
		diffuseColor      0.7804 0.7804 0.7804  #diffuseColor
		transparency      0.0000                #transparency
	} #Material

	Texture2 {
		filename ""  #filename
		wrapS REPEAT 
		wrapT REPEAT 
	} #Texture2

	IndexedFaceSet {
		coordIndex [ 
		 0, 1, 2, 3,-1,
		 3, 2, 1, 0,-1,
		 0, 3, 7, 4,-1,
		 4, 7, 3, 0,-1,
		 1, 0, 4, 5,-1,
		 5, 4, 0, 1,-1,
		 2, 1, 5, 6,-1,
		 6, 5, 1, 2,-1,
		 3, 2, 6, 7,-1,
		 7, 6, 2, 3,-1,
		 7, 6, 5, 4,-1,
		 4, 5, 6, 7,-1,
		]
	} #IndexedFaceSet
} #Polyhedron
Separator { #Polyhedron
	DEF COORD20 Coordinate3 {
		point [
		 41.7199 6.0798 -32.1832,
		 41.7199 6.0798 -32.0854,
		 41.6222 6.0798 -32.0854,
		 41.6222 6.0798 -32.1832,
		 41.7199 5.1838 -32.1832,
		 41.7199 5.1838 -32.0854,
		 41.6222 5.1838 -32.0854,
		 41.6222 5.1838 -32.1832
		]
	} #Coordinate3
	Material {
		ambientColor      0.1951 0.1951 0.1951  #ambientColor
		diffuseColor      0.7804 0.7804 0.7804  #diffuseColor
		transparency      0.0000                #transparency
	} #Material

	Texture2 {
		filename ""  #filename
		wrapS REPEAT 
		wrapT REPEAT 
	} #Texture2

	IndexedFaceSet {
		coordIndex [ 
		 0, 1, 2, 3,-1,
		 3, 2, 1, 0,-1,
		 0, 3, 7, 4,-1,
		 4, 7, 3, 0,-1,
		 1, 0, 4, 5,-1,
		 5, 4, 0, 1,-1,
		 2, 1, 5, 6,-1,
		 6, 5, 1, 2,-1,
		 3, 2, 6, 7,-1,
		 7, 6, 2, 3,-1,
		 7, 6, 5, 4,-1,
		 4, 5, 6, 7,-1,
		]
	} #IndexedFaceSet
} #Polyhedron
Separator { #Polyhedron
	DEF COORD21 Coordinate3 {
		point [
		 43.4795 6.1613 -32.1832,
		 43.4795 6.1613 -32.0854,
		 32.5312 6.1613 -32.0854,
		 32.5312 6.1613 -32.1832,
		 43.4795 6.0798 -32.1832,
		 43.4795 6.0798 -32.0854,
		 32.5312 6.0798 -32.0854,
		 32.5312 6.0798 -32.1832
		]
	} #Coordinate3
	Material {
		ambientColor      0.1951 0.1951 0.1951  #ambientColor
		diffuseColor      0.7804 0.7804 0.7804  #diffuseColor
		transparency      0.0000                #transparency
	} #Material

	Texture2 {
		filename ""  #filename
		wrapS REPEAT 
		wrapT REPEAT 
	} #Texture2

	IndexedFaceSet {
		coordIndex [ 
		 0, 1, 2, 3,-1,
		 3, 2, 1, 0,-1,
		 0, 3, 7, 4,-1,
		 4, 7, 3, 0,-1,
		 1, 0, 4, 5,-1,
		 5, 4, 0, 1,-1,
		 2, 1, 5, 6,-1,
		 6, 5, 1, 2,-1,
		 3, 2, 6, 7,-1,
		 7, 6, 2, 3,-1,
		 7, 6, 5, 4,-1,
		 4, 5, 6, 7,-1,
		]
	} #IndexedFaceSet
} #Polyhedron
Separator { #Polyhedron
	DEF COORD22 Coordinate3 {
		point [
		 38.6407 6.0798 -34.2849,
		 38.6407 6.0798 -34.1871,
		 38.5430 6.0798 -34.1871,
		 38.5430 6.0798 -34.2849,
		 38.6407 5.1838 -34.2849,
		 38.6407 5.1838 -34.1871,
		 38.5430 5.1838 -34.1871,
		 38.5430 5.1838 -34.2849
		]
	} #Coordinate3
	Material {
		ambientColor      0.1951 0.1951 0.1951  #ambientColor
		diffuseColor      0.7804 0.7804 0.7804  #diffuseColor
		transparency      0.0000                #transparency
	} #Material

	Texture2 {
		filename ""  #filename
		wrapS REPEAT 
		wrapT REPEAT 
	} #Texture2

	IndexedFaceSet {
		coordIndex [ 
		 0, 1, 2, 3,-1,
		 3, 2, 1, 0,-1,
		 0, 3, 7, 4,-1,
		 4, 7, 3, 0,-1,
		 1, 0, 4, 5,-1,
		 5, 4, 0, 1,-1,
		 2, 1, 5, 6,-1,
		 6, 5, 1, 2,-1,
		 3, 2, 6, 7,-1,
		 7, 6, 2, 3,-1,
		 7, 6, 5, 4,-1,
		 4, 5, 6, 7,-1,
		]
	} #IndexedFaceSet
} #Polyhedron
Separator { #Polyhedron
	DEF COORD23 Coordinate3 {
		point [
		 41.7199 6.0798 -34.2849,
		 41.7199 6.0798 -34.1871,
		 41.6222 6.0798 -34.1871,
		 41.6222 6.0798 -34.2849,
		 41.7199 5.1838 -34.2849,
		 41.7199 5.1838 -34.1871,
		 41.6222 5.1838 -34.1871,
		 41.6222 5.1838 -34.2849
		]
	} #Coordinate3
	Material {
		ambientColor      0.1951 0.1951 0.1951  #ambientColor
		diffuseColor      0.7804 0.7804 0.7804  #diffuseColor
		transparency      0.0000                #transparency
	} #Material

	Texture2 {
		filename ""  #filename
		wrapS REPEAT 
		wrapT REPEAT 
	} #Texture2

	IndexedFaceSet {
		coordIndex [ 
		 0, 1, 2, 3,-1,
		 3, 2, 1, 0,-1,
		 0, 3, 7, 4,-1,
		 4, 7, 3, 0,-1,
		 1, 0, 4, 5,-1,
		 5, 4, 0, 1,-1,
		 2, 1, 5, 6,-1,
		 6, 5, 1, 2,-1,
		 3, 2, 6, 7,-1,
		 7, 6, 2, 3,-1,
		 7, 6, 5, 4,-1,
		 4, 5, 6, 7,-1,
		]
	} #IndexedFaceSet
} #Polyhedron
Separator { #Polyhedron
	DEF COORD24 Coordinate3 {
		point [
		 43.4795 6.1613 -34.2849,
		 43.4795 6.1613 -34.1871,
		 32.5312 6.1613 -34.1871,
		 32.5312 6.1613 -34.2849,
		 43.4795 6.0798 -34.2849,
		 43.4795 6.0798 -34.1871,
		 32.5312 6.0798 -34.1871,
		 32.5312 6.0798 -34.2849
		]
	} #Coordinate3
	Material {
		ambientColor      0.1951 0.1951 0.1951  #ambientColor
		diffuseColor      0.7804 0.7804 0.7804  #diffuseColor
		transparency      0.0000                #transparency
	} #Material

	Texture2 {
		filename ""  #filename
		wrapS REPEAT 
		wrapT REPEAT 
	} #Texture2

	IndexedFaceSet {
		coordIndex [ 
		 0, 1, 2, 3,-1,
		 3, 2, 1, 0,-1,
		 0, 3, 7, 4,-1,
		 4, 7, 3, 0,-1,
		 1, 0, 4, 5,-1,
		 5, 4, 0, 1,-1,
		 2, 1, 5, 6,-1,
		 6, 5, 1, 2,-1,
		 3, 2, 6, 7,-1,
		 7, 6, 2, 3,-1,
		 7, 6, 5, 4,-1,
		 4, 5, 6, 7,-1,
		]
	} #IndexedFaceSet
} #Polyhedron
Separator { #Polyhedron
	DEF COORD25 Coordinate3 {
		point [
		 43.2440 5.2864 -28.7729,
		 43.2440 5.2864 -28.6342,
		 43.0458 5.2864 -28.6342,
		 43.0458 5.2864 -28.7729,
		 43.2440 5.1838 -28.7729,
		 43.2440 5.1838 -28.6342,
		 43.0458 5.1838 -28.6342,
		 43.0458 5.1838 -28.7729
		]
	} #Coordinate3
	Material {
		ambientColor      0.2088 0.2088 0.0000  #ambientColor
		diffuseColor      0.8353 0.8353 0.0000  #diffuseColor
		transparency      0.0000                #transparency
	} #Material

	Texture2 {
		filename ""  #filename
		wrapS REPEAT 
		wrapT REPEAT 
	} #Texture2

	IndexedFaceSet {
		coordIndex [ 
		 0, 1, 2, 3,-1,
		 3, 2, 1, 0,-1,
		 0, 3, 7, 4,-1,
		 4, 7, 3, 0,-1,
		 1, 0, 4, 5,-1,
		 5, 4, 0, 1,-1,
		 2, 1, 5, 6,-1,
		 6, 5, 1, 2,-1,
		 3, 2, 6, 7,-1,
		 7, 6, 2, 3,-1,
		 7, 6, 5, 4,-1,
		 4, 5, 6, 7,-1,
		]
	} #IndexedFaceSet
} #Polyhedron
Separator { #Polyhedron
	DEF COORD26 Coordinate3 {
		point [
		 42.9542 5.2551 -28.5427,
		 42.9097 5.2551 -28.4268,
		 42.7062 5.2551 -28.5049,
		 42.7507 5.2551 -28.6209,
		 42.9542 5.1838 -28.5427,
		 42.9097 5.1838 -28.4268,
		 42.7062 5.1838 -28.5049,
		 42.7507 5.1838 -28.6209
		]
	} #Coordinate3
	Material {
		ambientColor      0.2088 0.2088 0.0000  #ambientColor
		diffuseColor      0.8353 0.8353 0.0000  #diffuseColor
		transparency      0.0000                #transparency
	} #Material

	Texture2 {
		filename ""  #filename
		wrapS REPEAT 
		wrapT REPEAT 
	} #Texture2

	IndexedFaceSet {
		coordIndex [ 
		 0, 1, 2, 3,-1,
		 3, 2, 1, 0,-1,
		 0, 3, 7, 4,-1,
		 4, 7, 3, 0,-1,
		 1, 0, 4, 5,-1,
		 5, 4, 0, 1,-1,
		 2, 1, 5, 6,-1,
		 6, 5, 1, 2,-1,
		 3, 2, 6, 7,-1,
		 7, 6, 2, 3,-1,
		 7, 6, 5, 4,-1,
		 4, 5, 6, 7,-1,
		]
	} #IndexedFaceSet
} #Polyhedron
Separator { #Polyhedron
	DEF COORD27 Coordinate3 {
		point [
		 42.2413 5.3385 -28.4197,
		 42.2413 5.3385 -28.4523,
		 42.9581 5.3385 -28.4523,
		 42.9581 5.3385 -28.4197,
		 42.2413 5.3141 -28.4197,
		 42.2413 5.3141 -28.4523,
		 42.9581 5.3141 -28.4523,
		 42.9581 5.3141 -28.4197
		]
	} #Coordinate3
	Material {
		ambientColor      0.2500 0.2500 0.2500  #ambientColor
		diffuseColor      1.0000 1.0000 1.0000  #diffuseColor
		transparency      0.0000                #transparency
	} #Material

	Texture2 {
		filename ""  #filename
		wrapS REPEAT 
		wrapT REPEAT 
	} #Texture2

	IndexedFaceSet {
		coordIndex [ 
		 0, 1, 2, 3,-1,
		 3, 2, 1, 0,-1,
		 0, 3, 7, 4,-1,
		 4, 7, 3, 0,-1,
		 1, 0, 4, 5,-1,
		 5, 4, 0, 1,-1,
		 2, 1, 5, 6,-1,
		 6, 5, 1, 2,-1,
		 3, 2, 6, 7,-1,
		 7, 6, 2, 3,-1,
		 7, 6, 5, 4,-1,
		 4, 5, 6, 7,-1,
		]
	} #IndexedFaceSet
} #Polyhedron
Separator { #Polyhedron
	DEF COORD28 Coordinate3 {
		point [
		 42.9494 5.3320 -28.5448,
		 42.9150 5.3320 -28.4596,
		 42.7448 5.3320 -28.5284,
		 42.7792 5.3320 -28.6136,
		 42.9494 5.2570 -28.5448,
		 42.9150 5.2570 -28.4596,
		 42.7448 5.2570 -28.5284,
		 42.7792 5.2570 -28.6136
		]
	} #Coordinate3
	Material {
		ambientColor      0.2088 0.2088 0.0000  #ambientColor
		diffuseColor      0.8353 0.8353 0.0000  #diffuseColor
		transparency      0.0000                #transparency
	} #Material

	Texture2 {
		filename ""  #filename
		wrapS REPEAT 
		wrapT REPEAT 
	} #Texture2

	IndexedFaceSet {
		coordIndex [ 
		 0, 1, 2, 3,-1,
		 3, 2, 1, 0,-1,
		 0, 3, 7, 4,-1,
		 4, 7, 3, 0,-1,
		 1, 0, 4, 5,-1,
		 5, 4, 0, 1,-1,
		 2, 1, 5, 6,-1,
		 6, 5, 1, 2,-1,
		 3, 2, 6, 7,-1,
		 7, 6, 2, 3,-1,
		 7, 6, 5, 4,-1,
		 4, 5, 6, 7,-1,
		]
	} #IndexedFaceSet
} #Polyhedron
Separator { #Polyhedron
	DEF COORD29 Coordinate3 {
		point [
		 42.7711 5.4396 -28.5207,
		 42.7678 5.4453 -28.5221,
		 42.7682 5.4709 -28.5177,
		 42.7716 5.4757 -28.5144,
		 42.7748 5.4699 -28.5130,
		 42.7744 5.4444 -28.5175,
		 42.8663 5.4611 -28.6511,
		 42.8631 5.4668 -28.6525,
		 42.8635 5.4924 -28.6480,
		 42.8669 5.4972 -28.6447,
		 42.8701 5.4914 -28.6433,
		 42.8697 5.4659 -28.6478,
		 42.7680 5.4541 -28.5206,
		 42.7746 5.4532 -28.5159,
		 42.8251 5.4558 -28.5868,
		 42.8523 5.4579 -28.6320,
		 42.8185 5.4568 -28.5915,
		 42.8635 5.4887 -28.6487,
		 42.8507 5.4895 -28.6304,
		 42.8357 5.4902 -28.6021,
		 42.8573 5.4885 -28.6258,
		 42.8701 5.4877 -28.6440,
		 42.7693 5.4542 -28.5225,
		 42.7687 5.4710 -28.5183,
		 42.7718 5.4757 -28.5146,
		 42.7753 5.4700 -28.5136,
		 42.7759 5.4532 -28.5178,
		 42.7687 5.4708 -28.5183,
		 42.7715 5.4753 -28.5150,
		 42.7719 5.4753 -28.5148,
		 42.7687 5.4708 -28.5184,
		 42.7692 5.4570 -28.5218,
		 42.7692 5.4579 -28.5215,
		 42.7758 5.4570 -28.5169,
		 42.7758 5.4570 -28.5169,
		 42.7692 5.4570 -28.5218,
		 42.7721 5.4753 -28.5145,
		 42.7753 5.4699 -28.5136
		]
	} #Coordinate3
	Material {
		ambientColor      0.1245 0.1245 0.0000  #ambientColor
		diffuseColor      0.4980 0.4980 0.0000  #diffuseColor
		transparency      0.0000                #transparency
	} #Material

	IndexedFaceSet {
		coordIndex [ 
		 14, 11, 6, 15,-1,
		 15, 6, 11, 14,-1,
		 15, 6, 7, 16,-1,
		 16, 7, 6, 15,-1,
		 22, 16, 7, 17, 18, 23,-1,
		 23, 18, 17, 7, 16, 22,-1,
		 23, 18, 19, 24,-1,
		 24, 19, 18, 23,-1,
		 24, 19, 20, 25,-1,
		 25, 20, 19, 24,-1,
		 25, 20, 21, 11, 14, 26,-1,
		 26, 14, 11, 21, 20, 25,-1,
		 11, 21, 17, 7, 6,-1,
		 6, 7, 17, 21, 11,-1,
		 26, 14, 15, 16, 22,-1,
		 22, 16, 15, 14, 26,-1,
		 18, 17, 21, 20, 19,-1,
		 19, 20, 21, 17, 18,-1,
		 27, 23, 28, 29, 30,-1,
		 31, 32, 33,-1,
		 34, 26, 22, 35,-1,
		 36, 25, 37, 29,-1,
		 26, 25, 24, 23, 22,-1,
		]
	} #IndexedFaceSet
} #Polyhedron
Separator { #Polyhedron
	DEF COORD30 Coordinate3 {
		point [
		 42.7052 5.4509 -28.4255,
		 42.7087 5.4455 -28.4244,
		 42.7092 5.4327 -28.4276,
		 42.7026 5.4336 -28.4322,
		 42.7021 5.4465 -28.4291,
		 42.7719 5.4753 -28.5148,
		 42.7753 5.4699 -28.5137,
		 42.7758 5.4570 -28.5169,
		 42.7692 5.4579 -28.5215,
		 42.7687 5.4708 -28.5184,
		 42.7089 5.4408 -28.4256,
		 42.7023 5.4417 -28.4303,
		 42.7632 5.4524 -28.5001,
		 42.7566 5.4534 -28.5047
		]
	} #Coordinate3
	Material {
		ambientColor      0.1245 0.1245 0.0000  #ambientColor
		diffuseColor      0.4980 0.4980 0.0000  #diffuseColor
		transparency      0.0000                #transparency
	} #Material

	Texture2 {
		filename ""  #filename
		wrapS REPEAT 
		wrapT REPEAT 
	} #Texture2

	IndexedFaceSet {
		coordIndex [ 
		 0, 1, 10, 11, 4,-1,
		 4, 11, 10, 1, 0,-1,
		 0, 4, 9, 5,-1,
		 5, 9, 4, 0,-1,
		 1, 0, 5, 6,-1,
		 6, 5, 0, 1,-1,
		 10, 1, 6, 7, 12,-1,
		 12, 7, 6, 1, 10,-1,
		 12, 7, 8, 13,-1,
		 13, 8, 7, 12,-1,
		 4, 11, 13, 8, 9,-1,
		 9, 8, 13, 11, 4,-1,
		 5, 6, 7, 8, 9,-1,
		 11, 10, 12, 13,-1,
		 13, 12, 10, 11,-1,
		]
	} #IndexedFaceSet
} #Polyhedron
Separator { #Polyhedron
	DEF COORD31 Coordinate3 {
		point [
		 42.6577 5.4326 -28.3620,
		 42.6593 5.4317 -28.3611,
		 42.6600 5.4298 -28.3610,
		 42.6595 5.4280 -28.3619,
		 42.6580 5.4275 -28.3632,
		 42.6564 5.4284 -28.3641,
		 42.6557 5.4303 -28.3641,
		 42.6562 5.4321 -28.3632,
		 42.7053 5.4500 -28.4258,
		 42.7068 5.4491 -28.4248,
		 42.7076 5.4472 -28.4248,
		 42.7070 5.4454 -28.4257,
		 42.7056 5.4448 -28.4270,
		 42.7040 5.4458 -28.4279,
		 42.7033 5.4477 -28.4279,
		 42.7038 5.4494 -28.4270
		]
	} #Coordinate3
	Material {
		ambientColor      0.0902 0.0902 0.0902  #ambientColor
		diffuseColor      0.3608 0.3608 0.3608  #diffuseColor
		transparency      0.0000                #transparency
	} #Material

	Texture2 {
		filename ""  #filename
		wrapS REPEAT 
		wrapT REPEAT 
	} #Texture2

	IndexedFaceSet {
		coordIndex [ 
		 0, 1, 2, 3, 4, 5, 6, 7,-1,
		 7, 6, 5, 4, 3, 2, 1, 0,-1,
		 0, 7, 15, 8,-1,
		 8, 15, 7, 0,-1,
		 1, 0, 8, 9,-1,
		 9, 8, 0, 1,-1,
		 2, 1, 9, 10,-1,
		 10, 9, 1, 2,-1,
		 3, 2, 10, 11,-1,
		 11, 10, 2, 3,-1,
		 4, 3, 11, 12,-1,
		 12, 11, 3, 4,-1,
		 5, 4, 12, 13,-1,
		 13, 12, 4, 5,-1,
		 6, 5, 13, 14,-1,
		 14, 13, 5, 6,-1,
		 7, 6, 14, 15,-1,
		 15, 14, 6, 7,-1,
		 15, 14, 13, 12, 11, 10, 9, 8,-1,
		 8, 9, 10, 11, 12, 13, 14, 15,-1,
		]
	} #IndexedFaceSet
} #Polyhedron
Separator { #Polyhedron
	DEF COORD32 Coordinate3 {
		point [
		 42.7330 5.4657 -28.4661,
		 42.7336 5.4673 -28.4652,
		 42.7349 5.4677 -28.4641,
		 42.7363 5.4669 -28.4633,
		 42.7369 5.4652 -28.4633,
		 42.7364 5.4636 -28.4641,
		 42.7351 5.4631 -28.4652,
		 42.7337 5.4640 -28.4661,
		 42.7844 5.4844 -28.5348,
		 42.7849 5.4860 -28.5340,
		 42.7862 5.4865 -28.5329,
		 42.7876 5.4856 -28.5321,
		 42.7882 5.4839 -28.5321,
		 42.7877 5.4823 -28.5329,
		 42.7864 5.4818 -28.5340,
		 42.7850 5.4827 -28.5348
		]
	} #Coordinate3
	Material {
		ambientColor      0.0833 0.0833 0.0833  #ambientColor
		diffuseColor      0.3333 0.3333 0.3333  #diffuseColor
		transparency      1.0000                #transparency
	} #Material

	Texture2 {
		filename ""  #filename
		wrapS REPEAT 
		wrapT REPEAT 
	} #Texture2

	IndexedFaceSet {
		coordIndex [ 
		 0, 1, 2, 3, 4, 5, 6, 7,-1,
		 7, 6, 5, 4, 3, 2, 1, 0,-1,
		]
	} #IndexedFaceSet
	Material {
		ambientColor      0.0833 0.0833 0.0833  #ambientColor
		diffuseColor      0.3333 0.3333 0.3333  #diffuseColor
		transparency      0.0000                #transparency
	} #Material

	IndexedFaceSet {
		coordIndex [ 
		 0, 7, 15, 8,-1,
		 8, 15, 7, 0,-1,
		 1, 0, 8, 9,-1,
		 9, 8, 0, 1,-1,
		 2, 1, 9, 10,-1,
		 10, 9, 1, 2,-1,
		 3, 2, 10, 11,-1,
		 11, 10, 2, 3,-1,
		 4, 3, 11, 12,-1,
		 12, 11, 3, 4,-1,
		 5, 4, 12, 13,-1,
		 13, 12, 4, 5,-1,
		 6, 5, 13, 14,-1,
		 14, 13, 5, 6,-1,
		 7, 6, 14, 15,-1,
		 15, 14, 6, 7,-1,
		]
	} #IndexedFaceSet
	Material {
		ambientColor      0.0833 0.0833 0.0833  #ambientColor
		diffuseColor      0.3333 0.3333 0.3333  #diffuseColor
		transparency      1.0000                #transparency
	} #Material

	IndexedFaceSet {
		coordIndex [ 
		 15, 14, 13, 12, 11, 10, 9, 8,-1,
		 8, 9, 10, 11, 12, 13, 14, 15,-1,
		]
	} #IndexedFaceSet
} #Polyhedron
Separator { #Polyhedron
	DEF COORD33 Coordinate3 {
		point [
		 42.1598 5.8192 -28.3220,
		 42.1598 5.8192 -28.4197,
		 42.2168 5.8192 -28.4197,
		 42.2168 5.8192 -28.3220,
		 42.1598 5.3060 -28.3220,
		 42.1598 5.3060 -28.4197,
		 42.2168 5.3060 -28.4197,
		 42.2168 5.3060 -28.3220
		]
	} #Coordinate3
	Material {
		ambientColor      0.2500 0.2500 0.2500  #ambientColor
		diffuseColor      1.0000 1.0000 1.0000  #diffuseColor
		transparency      0.0000                #transparency
	} #Material

	Texture2 {
		filename ""  #filename
		wrapS REPEAT 
		wrapT REPEAT 
	} #Texture2

	IndexedFaceSet {
		coordIndex [ 
		 0, 1, 2, 3,-1,
		 3, 2, 1, 0,-1,
		 0, 3, 7, 4,-1,
		 4, 7, 3, 0,-1,
		 1, 0, 4, 5,-1,
		 5, 4, 0, 1,-1,
		 2, 1, 5, 6,-1,
		 6, 5, 1, 2,-1,
		 3, 2, 6, 7,-1,
		 7, 6, 2, 3,-1,
		 7, 6, 5, 4,-1,
		 4, 5, 6, 7,-1,
		]
	} #IndexedFaceSet
} #Polyhedron
Separator { #Polyhedron
	DEF COORD34 Coordinate3 {
		point [
		 42.9826 5.8192 -28.3220,
		 42.9826 5.8192 -28.4197,
		 43.0396 5.8192 -28.4197,
		 43.0396 5.8192 -28.3220,
		 42.9826 5.3060 -28.3220,
		 42.9826 5.3060 -28.4197,
		 43.0396 5.3060 -28.4197,
		 43.0396 5.3060 -28.3220
		]
	} #Coordinate3
	Material {
		ambientColor      0.2500 0.2500 0.2500  #ambientColor
		diffuseColor      1.0000 1.0000 1.0000  #diffuseColor
		transparency      0.0000                #transparency
	} #Material

	Texture2 {
		filename ""  #filename
		wrapS REPEAT 
		wrapT REPEAT 
	} #Texture2

	IndexedFaceSet {
		coordIndex [ 
		 0, 1, 2, 3,-1,
		 3, 2, 1, 0,-1,
		 0, 3, 7, 4,-1,
		 4, 7, 3, 0,-1,
		 1, 0, 4, 5,-1,
		 5, 4, 0, 1,-1,
		 2, 1, 5, 6,-1,
		 6, 5, 1, 2,-1,
		 3, 2, 6, 7,-1,
		 7, 6, 2, 3,-1,
		 7, 6, 5, 4,-1,
		 4, 5, 6, 7,-1,
		]
	} #IndexedFaceSet
} #Polyhedron
Separator { #Polyhedron
	DEF COORD35 Coordinate3 {
		point [
		 42.9826 5.3467 -28.4197,
		 42.9826 5.3467 -28.3220,
		 42.2168 5.3467 -28.3220,
		 42.2168 5.3467 -28.4197,
		 42.9826 5.3060 -28.4197,
		 42.9826 5.3060 -28.3220,
		 42.2168 5.3060 -28.3220,
		 42.2168 5.3060 -28.4197
		]
	} #Coordinate3
	Material {
		ambientColor      0.2500 0.2500 0.2500  #ambientColor
		diffuseColor      1.0000 1.0000 1.0000  #diffuseColor
		transparency      0.0000                #transparency
	} #Material

	Texture2 {
		filename ""  #filename
		wrapS REPEAT 
		wrapT REPEAT 
	} #Texture2

	IndexedFaceSet {
		coordIndex [ 
		 0, 1, 2, 3,-1,
		 3, 2, 1, 0,-1,
		 0, 3, 7, 4,-1,
		 4, 7, 3, 0,-1,
		 1, 0, 4, 5,-1,
		 5, 4, 0, 1,-1,
		 2, 1, 5, 6,-1,
		 6, 5, 1, 2,-1,
		 3, 2, 6, 7,-1,
		 7, 6, 2, 3,-1,
		 7, 6, 5, 4,-1,
		 4, 5, 6, 7,-1,
		]
	} #IndexedFaceSet
} #Polyhedron
Separator { #Polyhedron
	DEF COORD36 Coordinate3 {
		point [
		 42.6160 5.8192 -28.3790,
		 42.6160 5.8192 -28.3383,
		 42.5834 5.8192 -28.3383,
		 42.5834 5.8192 -28.3790,
		 42.5915 5.8192 -28.3871,
		 42.6078 5.8192 -28.3871,
		 42.6160 5.3467 -28.3790,
		 42.6160 5.3467 -28.3383,
		 42.5834 5.3467 -28.3383,
		 42.5834 5.3467 -28.3790,
		 42.5915 5.3467 -28.3871,
		 42.6078 5.3467 -28.3871
		]
	} #Coordinate3
	Material {
		ambientColor      0.2500 0.2500 0.2500  #ambientColor
		diffuseColor      1.0000 1.0000 1.0000  #diffuseColor
		transparency      0.0000                #transparency
	} #Material

	Texture2 {
		filename ""  #filename
		wrapS REPEAT 
		wrapT REPEAT 
	} #Texture2

	IndexedFaceSet {
		coordIndex [ 
		 0, 1, 2, 3, 4, 5,-1,
		 5, 4, 3, 2, 1, 0,-1,
		 1, 0, 6, 7,-1,
		 7, 6, 0, 1,-1,
		 2, 1, 7, 8,-1,
		 8, 7, 1, 2,-1,
		 3, 2, 8, 9,-1,
		 9, 8, 2, 3,-1,
		 4, 3, 9, 10,-1,
		 10, 9, 3, 4,-1,
		 5, 4, 10, 11,-1,
		 11, 10, 4, 5,-1,
		 11, 10, 9, 8, 7, 6,-1,
		 6, 7, 8, 9, 10, 11,-1,
		]
	} #IndexedFaceSet
} #Polyhedron
Separator { #Polyhedron
	DEF COORD37 Coordinate3 {
		point [
		 43.0396 5.8680 -28.4197,
		 43.0396 5.8680 -28.3220,
		 42.1598 5.8680 -28.3220,
		 42.1598 5.8680 -28.4197,
		 43.0396 5.8192 -28.4197,
		 43.0396 5.8192 -28.3220,
		 42.1598 5.8192 -28.3220,
		 42.1598 5.8192 -28.4197
		]
	} #Coordinate3
	Material {
		ambientColor      0.2500 0.2500 0.2500  #ambientColor
		diffuseColor      1.0000 1.0000 1.0000  #diffuseColor
		transparency      0.0000                #transparency
	} #Material

	Texture2 {
		filename ""  #filename
		wrapS REPEAT 
		wrapT REPEAT 
	} #Texture2

	IndexedFaceSet {
		coordIndex [ 
		 0, 1, 2, 3,-1,
		 3, 2, 1, 0,-1,
		 0, 3, 7, 4,-1,
		 4, 7, 3, 0,-1,
		 1, 0, 4, 5,-1,
		 5, 4, 0, 1,-1,
		 2, 1, 5, 6,-1,
		 6, 5, 1, 2,-1,
		 3, 2, 6, 7,-1,
		 7, 6, 2, 3,-1,
		 7, 6, 5, 4,-1,
		 4, 5, 6, 7,-1,
		]
	} #IndexedFaceSet
} #Polyhedron
Separator { #Polyhedron
	DEF COORD38 Coordinate3 {
		point [
		 42.9826 5.6074 -28.3708,
		 42.9826 5.6074 -28.3546,
		 42.6160 5.6074 -28.3546,
		 42.6160 5.6074 -28.3708,
		 42.9826 5.5911 -28.3708,
		 42.9826 5.5911 -28.3546,
		 42.6160 5.5911 -28.3546,
		 42.6160 5.5911 -28.3708
		]
	} #Coordinate3
	Material {
		ambientColor      0.2500 0.2500 0.2500  #ambientColor
		diffuseColor      1.0000 1.0000 1.0000  #diffuseColor
		transparency      0.0000                #transparency
	} #Material

	Texture2 {
		filename ""  #filename
		wrapS REPEAT 
		wrapT REPEAT 
	} #Texture2

	IndexedFaceSet {
		coordIndex [ 
		 0, 1, 2, 3,-1,
		 3, 2, 1, 0,-1,
		 0, 3, 7, 4,-1,
		 4, 7, 3, 0,-1,
		 1, 0, 4, 5,-1,
		 5, 4, 0, 1,-1,
		 2, 1, 5, 6,-1,
		 6, 5, 1, 2,-1,
		 3, 2, 6, 7,-1,
		 7, 6, 2, 3,-1,
		 7, 6, 5, 4,-1,
		 4, 5, 6, 7,-1,
		]
	} #IndexedFaceSet
} #Polyhedron
Separator { #Polyhedron
	DEF COORD39 Coordinate3 {
		point [
		 42.5834 5.6074 -28.3708,
		 42.5834 5.6074 -28.3546,
		 42.2168 5.6074 -28.3546,
		 42.2168 5.6074 -28.3708,
		 42.5834 5.5911 -28.3708,
		 42.5834 5.5911 -28.3546,
		 42.2168 5.5911 -28.3546,
		 42.2168 5.5911 -28.3708
		]
	} #Coordinate3
	Material {
		ambientColor      0.2500 0.2500 0.2500  #ambientColor
		diffuseColor      1.0000 1.0000 1.0000  #diffuseColor
		transparency      0.0000                #transparency
	} #Material

	Texture2 {
		filename ""  #filename
		wrapS REPEAT 
		wrapT REPEAT 
	} #Texture2

	IndexedFaceSet {
		coordIndex [ 
		 0, 1, 2, 3,-1,
		 3, 2, 1, 0,-1,
		 0, 3, 7, 4,-1,
		 4, 7, 3, 0,-1,
		 1, 0, 4, 5,-1,
		 5, 4, 0, 1,-1,
		 2, 1, 5, 6,-1,
		 6, 5, 1, 2,-1,
		 3, 2, 6, 7,-1,
		 7, 6, 2, 3,-1,
		 7, 6, 5, 4,-1,
		 4, 5, 6, 7,-1,
		]
	} #IndexedFaceSet
} #Polyhedron
Separator { #Polyhedron
	DEF COORD40 Coordinate3 {
		point [
		 42.7249 5.4113 -28.3853,
		 42.7062 5.4113 -28.3339,
		 42.6217 5.4113 -28.3647,
		 42.6404 5.4113 -28.4161,
		 42.7249 5.3485 -28.3853,
		 42.7062 5.3485 -28.3339,
		 42.6217 5.3485 -28.3647,
		 42.6404 5.3485 -28.4161
		]
	} #Coordinate3
	Material {
		ambientColor      0.2088 0.2088 0.0000  #ambientColor
		diffuseColor      0.8353 0.8353 0.0000  #diffuseColor
		transparency      0.0000                #transparency
	} #Material

	Texture2 {
		filename ""  #filename
		wrapS REPEAT 
		wrapT REPEAT 
	} #Texture2

	IndexedFaceSet {
		coordIndex [ 
		 0, 1, 2, 3,-1,
		 3, 2, 1, 0,-1,
		 0, 3, 7, 4,-1,
		 4, 7, 3, 0,-1,
		 1, 0, 4, 5,-1,
		 5, 4, 0, 1,-1,
		 2, 1, 5, 6,-1,
		 6, 5, 1, 2,-1,
		 3, 2, 6, 7,-1,
		 7, 6, 2, 3,-1,
		 7, 6, 5, 4,-1,
		 4, 5, 6, 7,-1,
		]
	} #IndexedFaceSet
} #Polyhedron
Separator { #Polyhedron
	DEF COORD41 Coordinate3 {
		point [
		 14.9464 1.1467 52.7130,
		 14.0091 1.1467 52.8134,
		 -15.4732 1.1467 -69.1202,
		 -14.7201 1.1467 -69.4215,
		 14.9464 0.8372 52.7130,
		 14.0091 0.8372 52.8134,
		 -15.4732 0.8372 -69.1202,
		 -14.7201 0.8372 -69.4215,
		 -14.6778 0.8372 -69.2472,
		 -15.1559 0.8372 -69.2472,
		 14.9351 0.8372 52.6662,
		 -14.7649 0.8282 -69.2472,
		 14.7699 0.8282 52.6662,
		 14.9333 0.8372 52.7144,
		 13.9851 0.8282 52.7144,
		 13.9851 0.8372 52.7144,
		 14.9333 0.8372 52.7144,
		 -15.1559 0.8372 -69.2472,
		 -15.4454 0.8372 -69.0052
		]
	} #Coordinate3
	Material {
		ambientColor      0.2500 0.2500 0.2500  #ambientColor
		diffuseColor      1.0000 1.0000 1.0000  #diffuseColor
		transparency      0.0000                #transparency
	} #Material

	IndexedFaceSet {
		coordIndex [ 
		 0, 1, 2, 3,-1,
		 3, 2, 1, 0,-1,
		 0, 3, 7, 4,-1,
		 4, 7, 3, 0,-1,
		 1, 0, 4, 5,-1,
		 5, 4, 0, 1,-1,
		 2, 1, 5, 6,-1,
		 6, 5, 1, 2,-1,
		 3, 2, 6, 7,-1,
		 7, 6, 2, 3,-1,
		 8, 7, 9,-1,
		 10, 8, 11, 12,-1,
		 13, 4, 10, 12, 14,-1,
		 15, 5, 16,-1,
		 17, 6, 18, 11,-1,
		 4, 5, 6, 7,-1,
		]
	} #IndexedFaceSet
} #Polyhedron
Separator { #Polyhedron
	DEF COORD42 Coordinate3 {
		point [
		 28.4400 -1.3105 -8.0086,
		 28.4407 -1.3268 -8.0090,
		 28.3623 -1.3317 -7.9581,
		 28.3991 -1.3131 -7.9820,
		 28.4222 -1.3105 -8.0359,
		 28.4230 -1.3268 -8.0364,
		 28.3445 -1.3317 -7.9854,
		 28.3813 -1.3131 -8.0093
		]
	} #Coordinate3
	Material {
		ambientColor      0.0000 0.0000 0.0000  #ambientColor
		diffuseColor      0.0000 0.0000 0.0000  #diffuseColor
		transparency      0.0000                #transparency
	} #Material

	Texture2 {
		filename ""  #filename
		wrapS REPEAT 
		wrapT REPEAT 
	} #Texture2

	IndexedFaceSet {
		coordIndex [ 
		 0, 1, 2, 3,-1,
		 3, 2, 1, 0,-1,
		 0, 3, 7, 4,-1,
		 4, 7, 3, 0,-1,
		 1, 0, 4, 5,-1,
		 5, 4, 0, 1,-1,
		 2, 1, 5, 6,-1,
		 6, 5, 1, 2,-1,
		 3, 2, 6, 7,-1,
		 7, 6, 2, 3,-1,
		 7, 6, 5, 4,-1,
		 4, 5, 6, 7,-1,
		]
	} #IndexedFaceSet
} #Polyhedron
Separator { #Polyhedron
	DEF COORD43 Coordinate3 {
		point [
		 28.4147 -1.1885 -8.0358,
		 28.4219 -1.3024 -8.0357,
		 28.4396 -1.3024 -8.0083,
		 28.4369 -1.1885 -8.0017,
		 28.3755 -1.1910 -8.0104,
		 28.3827 -1.3048 -8.0102,
		 28.4004 -1.3048 -7.9829,
		 28.3976 -1.1910 -7.9762
		]
	} #Coordinate3
	Material {
		ambientColor      0.0696 0.0696 0.0696  #ambientColor
		diffuseColor      0.2784 0.2784 0.2784  #diffuseColor
		transparency      0.0000                #transparency
	} #Material

	Texture2 {
		filename ""  #filename
		wrapS REPEAT 
		wrapT REPEAT 
	} #Texture2

	IndexedFaceSet {
		coordIndex [ 
		 0, 1, 2, 3,-1,
		 3, 2, 1, 0,-1,
		 0, 3, 7, 4,-1,
		 4, 7, 3, 0,-1,
		 1, 0, 4, 5,-1,
		 5, 4, 0, 1,-1,
		 2, 1, 5, 6,-1,
		 6, 5, 1, 2,-1,
		 3, 2, 6, 7,-1,
		 7, 6, 2, 3,-1,
		 7, 6, 5, 4,-1,
		 4, 5, 6, 7,-1,
		]
	} #IndexedFaceSet
} #Polyhedron
Separator { #Polyhedron
	DEF COORD44 Coordinate3 {
		point [
		 28.4577 -1.1864 -7.9781,
		 28.4650 -1.3002 -7.9779,
		 28.4827 -1.3002 -7.9506,
		 28.4799 -1.1864 -7.9440,
		 28.4185 -1.1888 -7.9527,
		 28.4257 -1.3027 -7.9525,
		 28.4435 -1.3027 -7.9251,
		 28.4407 -1.1888 -7.9185
		]
	} #Coordinate3
	Material {
		ambientColor      0.0696 0.0696 0.0696  #ambientColor
		diffuseColor      0.2784 0.2784 0.2784  #diffuseColor
		transparency      0.0000                #transparency
	} #Material

	Texture2 {
		filename ""  #filename
		wrapS REPEAT 
		wrapT REPEAT 
	} #Texture2

	IndexedFaceSet {
		coordIndex [ 
		 0, 1, 2, 3,-1,
		 3, 2, 1, 0,-1,
		 0, 3, 7, 4,-1,
		 4, 7, 3, 0,-1,
		 1, 0, 4, 5,-1,
		 5, 4, 0, 1,-1,
		 2, 1, 5, 6,-1,
		 6, 5, 1, 2,-1,
		 3, 2, 6, 7,-1,
		 7, 6, 2, 3,-1,
		 7, 6, 5, 4,-1,
		 4, 5, 6, 7,-1,
		]
	} #IndexedFaceSet
} #Polyhedron
Separator { #Polyhedron
	DEF COORD45 Coordinate3 {
		point [
		 28.4831 -1.3084 -7.9508,
		 28.4838 -1.3246 -7.9513,
		 28.4053 -1.3295 -7.9004,
		 28.4421 -1.3109 -7.9243,
		 28.4653 -1.3084 -7.9782,
		 28.4660 -1.3246 -7.9786,
		 28.3876 -1.3295 -7.9277,
		 28.4244 -1.3109 -7.9516
		]
	} #Coordinate3
	Material {
		ambientColor      0.0000 0.0000 0.0000  #ambientColor
		diffuseColor      0.0000 0.0000 0.0000  #diffuseColor
		transparency      0.0000                #transparency
	} #Material

	Texture2 {
		filename ""  #filename
		wrapS REPEAT 
		wrapT REPEAT 
	} #Texture2

	IndexedFaceSet {
		coordIndex [ 
		 0, 1, 2, 3,-1,
		 3, 2, 1, 0,-1,
		 0, 3, 7, 4,-1,
		 4, 7, 3, 0,-1,
		 1, 0, 4, 5,-1,
		 5, 4, 0, 1,-1,
		 2, 1, 5, 6,-1,
		 6, 5, 1, 2,-1,
		 3, 2, 6, 7,-1,
		 7, 6, 2, 3,-1,
		 7, 6, 5, 4,-1,
		 4, 5, 6, 7,-1,
		]
	} #IndexedFaceSet
} #Polyhedron
Separator { #Polyhedron
	DEF COORD46 Coordinate3 {
		point [
		 28.5351 -1.1032 -8.1241,
		 28.5384 -1.1764 -8.1261,
		 28.6093 -1.1764 -8.0169,
		 28.6061 -1.1032 -8.0148,
		 28.4840 -1.1064 -8.0908,
		 28.4872 -1.1796 -8.0929,
		 28.5582 -1.1796 -7.9836,
		 28.5550 -1.1064 -7.9816,
		 28.5367 -1.1399 -8.1251,
		 28.6077 -1.1399 -8.0158,
		 28.5993 -1.1037 -8.0103,
		 28.5283 -1.1037 -8.1196,
		 28.5367 -1.1399 -8.1251,
		 28.5315 -1.1769 -8.1217,
		 28.6025 -1.1768 -8.0124,
		 28.6077 -1.1398 -8.0158,
		 28.5601 -1.1061 -7.9849,
		 28.4891 -1.1061 -8.0942,
		 28.4856 -1.1430 -8.0919,
		 28.5566 -1.1430 -7.9826,
		 28.4856 -1.1430 -8.0919,
		 28.4923 -1.1793 -8.0962,
		 28.5633 -1.1793 -7.9870,
		 28.5566 -1.1430 -7.9826,
		 28.4935 -1.1061 -8.0873,
		 28.5327 -1.1037 -8.1128,
		 28.4893 -1.1632 -8.0943,
		 28.5338 -1.1604 -8.1232,
		 28.5383 -1.1399 -8.1227,
		 28.4872 -1.1430 -8.0894,
		 28.5211 -1.1793 -8.0518,
		 28.5604 -1.1769 -8.0773,
		 28.5345 -1.1793 -8.0314,
		 28.5737 -1.1769 -8.0568,
		 28.5603 -1.1632 -7.9850,
		 28.6048 -1.1604 -8.0139,
		 28.5556 -1.1061 -7.9917,
		 28.5949 -1.1037 -8.0172,
		 28.6061 -1.1398 -8.0183,
		 28.5550 -1.1430 -7.9850,
		 28.5603 -1.1632 -7.9850
		]
	} #Coordinate3
	Material {
		ambientColor      0.0696 0.0696 0.0696  #ambientColor
		diffuseColor      0.2784 0.2784 0.2784  #diffuseColor
		transparency      0.0000                #transparency
	} #Material

	Texture2 {
		filename ""  #filename
		wrapS REPEAT 
		wrapT REPEAT 
	} #Texture2

	IndexedFaceSet {
		coordIndex [ 
		 36, 24, 25, 37,-1,
		 37, 25, 24, 36,-1,
		 30, 32, 33, 31,-1,
		 31, 33, 32, 30,-1,
		 37, 25, 28, 38,-1,
		 38, 28, 25, 37,-1,
		 27, 27, 31, 33, 35, 35, 38, 28,-1,
		 28, 38, 35, 35, 33, 31, 27, 27,-1,
		 24, 36, 39, 29,-1,
		 29, 39, 36, 24,-1,
		 26, 26, 29, 39, 40, 32, 30,-1,
		 30, 32, 40, 39, 29, 26, 26,-1,
		 25, 24, 29, 26, 27, 28,-1,
		 28, 27, 26, 29, 24, 25,-1,
		 27, 26, 30, 31,-1,
		 31, 30, 26, 27,-1,
		 33, 32, 40, 35, 35,-1,
		 35, 35, 40, 32, 33,-1,
		 36, 37, 38, 35, 40, 39,-1,
		 39, 40, 35, 38, 37, 36,-1,
		]
	} #IndexedFaceSet
} #Polyhedron
Separator { #Polyhedron
	DEF COORD47 Coordinate3 {
		point [
		 28.4212 -1.1866 -7.9481,
		 28.4434 -1.1866 -7.9140,
		 28.5547 -1.1798 -7.9814,
		 28.5101 -1.1807 -8.0204,
		 28.4192 -1.1399 -7.9468,
		 28.4413 -1.1399 -7.9126,
		 28.5527 -1.1331 -7.9801,
		 28.5080 -1.1339 -8.0190
		]
	} #Coordinate3
	Material {
		ambientColor      0.0696 0.0696 0.0696  #ambientColor
		diffuseColor      0.2784 0.2784 0.2784  #diffuseColor
		transparency      0.0000                #transparency
	} #Material

	Texture2 {
		filename ""  #filename
		wrapS REPEAT 
		wrapT REPEAT 
	} #Texture2

	IndexedFaceSet {
		coordIndex [ 
		 0, 1, 2, 3,-1,
		 3, 2, 1, 0,-1,
		 0, 3, 7, 4,-1,
		 4, 7, 3, 0,-1,
		 1, 0, 4, 5,-1,
		 5, 4, 0, 1,-1,
		 2, 1, 5, 6,-1,
		 6, 5, 1, 2,-1,
		 3, 2, 6, 7,-1,
		 7, 6, 2, 3,-1,
		 7, 6, 5, 4,-1,
		 4, 5, 6, 7,-1,
		]
	} #IndexedFaceSet
} #Polyhedron
Separator { #Polyhedron
	DEF COORD48 Coordinate3 {
		point [
		 28.5230 -0.9817 -8.1162,
		 28.5283 -1.1036 -8.1196,
		 28.5993 -1.1036 -8.0103,
		 28.5939 -0.9816 -8.0069,
		 28.4786 -0.9844 -8.0874,
		 28.4840 -1.1064 -8.0908,
		 28.5550 -1.1064 -7.9816,
		 28.5496 -0.9844 -7.9781,
		 28.5633 -0.9835 -7.9870,
		 28.4923 -0.9836 -8.0962,
		 28.4797 -1.0088 -8.0881,
		 28.5507 -1.0088 -7.9788,
		 28.4826 -1.0738 -8.0899,
		 28.4894 -1.1061 -8.0944,
		 28.5604 -1.1060 -7.9851,
		 28.5535 -1.0738 -7.9806,
		 28.5251 -1.0304 -8.1176,
		 28.5328 -1.1036 -8.1128,
		 28.4808 -1.0332 -8.0888,
		 28.4939 -1.1061 -8.0876,
		 28.4850 -1.0738 -8.0861,
		 28.5949 -1.1036 -8.0172,
		 28.5961 -1.0304 -8.0083,
		 28.5560 -1.1060 -7.9919,
		 28.5517 -1.0332 -7.9795,
		 28.5511 -1.0738 -7.9844,
		 28.4798 -1.0099 -8.0881,
		 28.4797 -1.0088 -8.0881,
		 28.4982 -1.0088 -8.0597,
		 28.4984 -1.0099 -8.0594,
		 28.4806 -1.0304 -8.0887,
		 28.4981 -1.0099 -8.0598,
		 28.4952 -1.0304 -8.0663,
		 28.4844 -1.0679 -8.0865,
		 28.5092 -1.0679 -8.0483,
		 28.4984 -1.0099 -8.0594,
		 28.5111 -1.0679 -8.0453,
		 28.5102 -1.0679 -8.0468,
		 28.4844 -1.0679 -8.0865,
		 28.5092 -1.0679 -8.0483,
		 28.5114 -1.0738 -8.0455,
		 28.5111 -1.0679 -8.0453,
		 28.5114 -1.0738 -8.0455,
		 28.5102 -1.0679 -8.0468,
		 28.5085 -1.0088 -8.0437,
		 28.5092 -1.0239 -8.0441,
		 28.5082 -1.0088 -8.0442,
		 28.5247 -1.0738 -8.0250,
		 28.5218 -1.0088 -8.0232,
		 28.5224 -1.0088 -8.0223,
		 28.5247 -1.0738 -8.0250,
		 28.5281 -1.0698 -8.0193,
		 28.5319 -1.0088 -8.0077,
		 28.5320 -1.0088 -8.0076,
		 28.5288 -1.0698 -8.0183,
		 28.5511 -1.0698 -7.9839,
		 28.5279 -1.0738 -8.0201,
		 28.5281 -1.0698 -8.0193,
		 28.5515 -1.0277 -7.9793,
		 28.5396 -1.0277 -7.9977,
		 28.5320 -1.0088 -8.0076,
		 28.5092 -1.0239 -8.0441,
		 28.5085 -1.0088 -8.0437,
		 28.5218 -1.0088 -8.0232,
		 28.5225 -1.0239 -8.0236,
		 28.5111 -1.0679 -8.0453,
		 28.5124 -1.0738 -8.0439,
		 28.5225 -1.0239 -8.0236,
		 28.5126 -1.0738 -8.0437,
		 28.5092 -1.0239 -8.0441,
		 28.5319 -1.0088 -8.0077,
		 28.5279 -1.0738 -8.0201,
		 28.5247 -1.0738 -8.0250,
		 28.5224 -1.0088 -8.0223,
		 28.4981 -1.0088 -8.0597,
		 28.5081 -1.0081 -8.0442,
		 28.5126 -1.0748 -8.0437,
		 28.5320 -1.0088 -8.0076,
		 28.5114 -1.0738 -8.0455,
		 28.5085 -1.0088 -8.0437,
		 28.4797 -1.0088 -8.0881,
		 28.5218 -1.0088 -8.0232,
		 28.4922 -0.9838 -8.0962,
		 28.4923 -0.9836 -8.0962,
		 28.5087 -0.9836 -8.0710,
		 28.5086 -0.9838 -8.0709,
		 28.5243 -0.9838 -8.0467,
		 28.5244 -0.9836 -8.0467,
		 28.5306 -0.9836 -8.0372,
		 28.5306 -0.9838 -8.0371,
		 28.5632 -0.9838 -7.9869,
		 28.5453 -0.9838 -8.0144,
		 28.5454 -0.9836 -8.0144,
		 28.4826 -1.0030 -8.0900,
		 28.4922 -0.9838 -8.0962,
		 28.5085 -0.9838 -8.0710,
		 28.4951 -1.0030 -8.0709,
		 28.4992 -1.0088 -8.0583,
		 28.5066 -0.9893 -8.0679,
		 28.4997 -1.0088 -8.0574,
		 28.4996 -1.0088 -8.0576,
		 28.5244 -0.9838 -8.0466,
		 28.5086 -1.0088 -8.0437,
		 28.5086 -1.0088 -8.0437,
		 28.5243 -0.9838 -8.0467,
		 28.5219 -1.0088 -8.0233,
		 28.5305 -0.9838 -8.0372,
		 28.5306 -0.9838 -8.0371,
		 28.5219 -1.0088 -8.0233,
		 28.5298 -1.0088 -8.0112,
		 28.5453 -0.9838 -8.0144,
		 28.5456 -0.9838 -8.0138,
		 28.5303 -1.0088 -8.0104,
		 28.5541 -1.0018 -7.9810,
		 28.5407 -1.0018 -8.0019,
		 28.5632 -0.9838 -7.9869,
		 28.5457 -0.9838 -8.0138,
		 28.5305 -0.9838 -8.0372,
		 28.5219 -1.0089 -8.0232,
		 28.5086 -1.0089 -8.0437,
		 28.5248 -0.9830 -8.0468,
		 28.5086 -1.0089 -8.0437,
		 28.4997 -1.0089 -8.0574,
		 28.5089 -0.9830 -8.0713,
		 28.5458 -0.9830 -8.0145,
		 28.5297 -1.0089 -8.0112,
		 28.5219 -1.0089 -8.0232,
		 28.5308 -0.9830 -8.0375,
		 28.5457 -0.9837 -8.0139,
		 28.5303 -1.0089 -8.0104,
		 28.4995 -1.0093 -8.0573,
		 28.5088 -0.9833 -8.0710,
		 28.5632 -0.9838 -7.9869,
		 28.4922 -0.9838 -8.0962,
		 28.5086 -1.0088 -8.0437,
		 28.4922 -0.9838 -8.0962,
		 28.5219 -1.0088 -8.0233,
		 28.5632 -0.9838 -7.9869,
		 28.4895 -1.0903 -8.0869,
		 28.4850 -1.0738 -8.0861,
		 28.5139 -1.0738 -8.0416,
		 28.5240 -1.0903 -8.0338,
		 28.5536 -1.0903 -7.9883,
		 28.4895 -1.0903 -8.0869,
		 28.5244 -1.0738 -8.0255,
		 28.5244 -1.0736 -8.0254,
		 28.5138 -1.0736 -8.0417,
		 28.5139 -1.0738 -8.0416,
		 28.4850 -1.0738 -8.0861,
		 28.4895 -1.0903 -8.0869,
		 28.4895 -1.0903 -8.0869,
		 28.5536 -1.0903 -7.9883,
		 28.5244 -1.0738 -8.0255
		]
	} #Coordinate3
	Material {
		ambientColor      0.0696 0.0696 0.0696  #ambientColor
		diffuseColor      0.2784 0.2784 0.2784  #diffuseColor
		transparency      0.0000                #transparency
	} #Material

	Texture2 {
		filename ""  #filename
		wrapS REPEAT 
		wrapT REPEAT 
	} #Texture2

	IndexedFaceSet {
		coordIndex [ 
		 0, 16, 17, 21, 22, 3,-1,
		 3, 22, 21, 17, 16, 0,-1,
		 0, 3, 8, 9,-1,
		 9, 8, 3, 0,-1,
		 16, 0, 9, 10, 18,-1,
		 18, 10, 9, 0, 16,-1,
		 21, 17, 19, 23,-1,
		 23, 19, 17, 21,-1,
		 3, 22, 24, 11, 8,-1,
		 8, 11, 24, 22, 3,-1,
		]
	} #IndexedFaceSet
	Material {
		ambientColor      0.0971 0.0971 0.0971  #ambientColor
		diffuseColor      0.3882 0.3882 0.3882  #diffuseColor
		transparency      0.0000                #transparency
	} #Material

	IndexedFaceSet {
		coordIndex [ 
		 26, 27, 28, 29,-1,
		 30, 26, 31, 32,-1,
		 33, 18, 30, 32, 34,-1,
		 35, 36, 37, 31,-1,
		 20, 38, 39, 40,-1,
		 41, 42, 40, 43,-1,
		 44, 45, 46,-1,
		 47, 48, 49, 50,-1,
		 51, 52, 53, 54,-1,
		 55, 25, 56, 57,-1,
		 58, 24, 55, 54, 59,-1,
		 11, 58, 59, 60,-1,
		]
	} #IndexedFaceSet
	Material {
		ambientColor      0.0206 0.0206 0.0206  #ambientColor
		diffuseColor      0.0824 0.0824 0.0824  #diffuseColor
		transparency      0.0000                #transparency
	} #Material

	IndexedFaceSet {
		coordIndex [ 
		 61, 62, 63, 64,-1,
		 42, 65, 66,-1,
		 67, 47, 68, 69,-1,
		]
	} #IndexedFaceSet
	Material {
		ambientColor      0.2431 0.2431 0.2431  #ambientColor
		diffuseColor      0.9725 0.9725 0.9725  #diffuseColor
		transparency      0.0000                #transparency
	} #Material

	IndexedFaceSet {
		coordIndex [ 
		 70, 71, 72, 73,-1,
		 74, 75, 76,-1,
		]
	} #IndexedFaceSet
	Material {
		ambientColor      0.0696 0.0696 0.0696  #ambientColor
		diffuseColor      0.2784 0.2784 0.2784  #diffuseColor
		transparency      0.0000                #transparency
	} #Material

	IndexedFaceSet {
		coordIndex [ 
		 77, 59, 54,-1,
		 78, 32, 31,-1,
		]
	} #IndexedFaceSet
	Material {
		ambientColor      0.0971 0.0971 0.0971  #ambientColor
		diffuseColor      0.3882 0.3882 0.3882  #diffuseColor
		transparency      0.0000                #transparency
	} #Material

	IndexedFaceSet {
		coordIndex [ 
		 42, 79, 80, 18, 20,-1,
		 81, 47, 25, 24, 11,-1,
		]
	} #IndexedFaceSet
	Material {
		ambientColor      0.0206 0.0206 0.0206  #ambientColor
		diffuseColor      0.0824 0.0824 0.0824  #diffuseColor
		transparency      0.0000                #transparency
	} #Material

	IndexedFaceSet {
		coordIndex [ 
		 62, 42, 47, 63,-1,
		]
	} #IndexedFaceSet
	Material {
		ambientColor      0.0696 0.0696 0.0696  #ambientColor
		diffuseColor      0.2784 0.2784 0.2784  #diffuseColor
		transparency      0.0000                #transparency
	} #Material

	IndexedFaceSet {
		coordIndex [ 
		 82, 83, 84, 85,-1,
		 86, 87, 88, 89,-1,
		 8, 90, 91, 92,-1,
		 93, 94, 95, 96,-1,
		 10, 93, 96, 97,-1,
		 98, 99, 100,-1,
		 101, 102, 103, 104,-1,
		 105, 106, 107, 108,-1,
		 109, 110, 111, 112,-1,
		 113, 11, 112, 114,-1,
		 115, 113, 114, 116,-1,
		]
	} #IndexedFaceSet
	Material {
		ambientColor      0.0137 0.0137 0.0137  #ambientColor
		diffuseColor      0.0549 0.0549 0.0549  #diffuseColor
		transparency      0.0000                #transparency
	} #Material

	IndexedFaceSet {
		coordIndex [ 
		 117, 118, 119, 101,-1,
		]
	} #IndexedFaceSet
	Material {
		ambientColor      0.2431 0.2431 0.2431  #ambientColor
		diffuseColor      0.9725 0.9725 0.9725  #diffuseColor
		transparency      0.0000                #transparency
	} #Material

	IndexedFaceSet {
		coordIndex [ 
		 120, 121, 122, 123,-1,
		 124, 125, 126, 127,-1,
		]
	} #IndexedFaceSet
	Material {
		ambientColor      0.0696 0.0696 0.0696  #ambientColor
		diffuseColor      0.2784 0.2784 0.2784  #diffuseColor
		transparency      0.0000                #transparency
	} #Material

	IndexedFaceSet {
		coordIndex [ 
		 128, 114, 129,-1,
		 130, 96, 131,-1,
		 132, 8, 9, 133,-1,
		 134, 101, 135, 10,-1,
		 117, 136, 11, 137,-1,
		]
	} #IndexedFaceSet
	Material {
		ambientColor      0.0137 0.0137 0.0137  #ambientColor
		diffuseColor      0.0549 0.0549 0.0549  #diffuseColor
		transparency      0.0000                #transparency
	} #Material

	IndexedFaceSet {
		coordIndex [ 
		 101, 119, 118, 117,-1,
		]
	} #IndexedFaceSet
	Material {
		ambientColor      0.0696 0.0696 0.0696  #ambientColor
		diffuseColor      0.2784 0.2784 0.2784  #diffuseColor
		transparency      0.0000                #transparency
	} #Material

	IndexedFaceSet {
		coordIndex [ 
		 138, 139, 140, 141,-1,
		 142, 23, 19, 143,-1,
		 25, 142, 141, 144,-1,
		]
	} #IndexedFaceSet
	Material {
		ambientColor      0.0069 0.0069 0.0069  #ambientColor
		diffuseColor      0.0275 0.0275 0.0275  #diffuseColor
		transparency      0.0000                #transparency
	} #Material

	IndexedFaceSet {
		coordIndex [ 
		 145, 141, 146,-1,
		]
	} #IndexedFaceSet
	Material {
		ambientColor      0.0696 0.0696 0.0696  #ambientColor
		diffuseColor      0.2784 0.2784 0.2784  #diffuseColor
		transparency      0.0000                #transparency
	} #Material

	IndexedFaceSet {
		coordIndex [ 
		 141, 147, 148, 149,-1,
		 150, 19, 23, 151,-1,
		 152, 141, 151, 25,-1,
		]
	} #IndexedFaceSet
	Material {
		ambientColor      0.0069 0.0069 0.0069  #ambientColor
		diffuseColor      0.0275 0.0275 0.0275  #diffuseColor
		transparency      0.0000                #transparency
	} #Material

	IndexedFaceSet {
		coordIndex [ 
		 146, 141, 145,-1,
		]
	} #IndexedFaceSet
	Material {
		ambientColor      0.0696 0.0696 0.0696  #ambientColor
		diffuseColor      0.2784 0.2784 0.2784  #diffuseColor
		transparency      0.0000                #transparency
	} #Material

	IndexedFaceSet {
		coordIndex [ 
		 17, 16, 18, 20, 19,-1,
		 19, 20, 18, 16, 17,-1,
		 22, 21, 23, 25, 24,-1,
		 24, 25, 23, 21, 22,-1,
		]
	} #IndexedFaceSet
} #Polyhedron
Separator { #Polyhedron
	DEF COORD49 Coordinate3 {
		point [
		 28.3768 -1.1866 -8.0164,
		 28.3990 -1.1866 -7.9823,
		 28.5012 -1.1807 -8.0340,
		 28.4838 -1.1798 -8.0907,
		 28.3748 -1.1399 -8.0151,
		 28.3970 -1.1399 -7.9809,
		 28.4991 -1.1339 -8.0327,
		 28.4817 -1.1331 -8.0894
		]
	} #Coordinate3
	Material {
		ambientColor      0.0696 0.0696 0.0696  #ambientColor
		diffuseColor      0.2784 0.2784 0.2784  #diffuseColor
		transparency      0.0000                #transparency
	} #Material

	Texture2 {
		filename ""  #filename
		wrapS REPEAT 
		wrapT REPEAT 
	} #Texture2

	IndexedFaceSet {
		coordIndex [ 
		 0, 1, 2, 3,-1,
		 3, 2, 1, 0,-1,
		 0, 3, 7, 4,-1,
		 4, 7, 3, 0,-1,
		 1, 0, 4, 5,-1,
		 5, 4, 0, 1,-1,
		 2, 1, 5, 6,-1,
		 6, 5, 1, 2,-1,
		 3, 2, 6, 7,-1,
		 7, 6, 2, 3,-1,
		 7, 6, 5, 4,-1,
		 4, 5, 6, 7,-1,
		]
	} #IndexedFaceSet
} #Polyhedron
Separator { #Polyhedron
	DEF COORD50 Coordinate3 {
		point [
		 28.6018 -1.0115 -8.0063,
		 28.5751 -1.0538 -7.9889,
		 28.5549 -1.0928 -7.9661,
		 28.5682 -1.0928 -7.9456,
		 28.6073 -1.0310 -7.9710,
		 28.5705 -0.9833 -7.9859,
		 28.5438 -1.0256 -7.9686,
		 28.5235 -1.0646 -7.9457,
		 28.5368 -1.0646 -7.9252,
		 28.5759 -1.0028 -7.9506
		]
	} #Coordinate3
	Material {
		ambientColor      0.0696 0.0696 0.0696  #ambientColor
		diffuseColor      0.2784 0.2784 0.2784  #diffuseColor
		transparency      0.0000                #transparency
	} #Material

	Texture2 {
		filename ""  #filename
		wrapS REPEAT 
		wrapT REPEAT 
	} #Texture2

	IndexedFaceSet {
		coordIndex [ 
		 0, 1, 2, 3, 4,-1,
		 4, 3, 2, 1, 0,-1,
		 0, 4, 9, 5,-1,
		 5, 9, 4, 0,-1,
		 1, 0, 5, 6,-1,
		 6, 5, 0, 1,-1,
		 2, 1, 6, 7,-1,
		 7, 6, 1, 2,-1,
		 3, 2, 7, 8,-1,
		 8, 7, 2, 3,-1,
		 4, 3, 8, 9,-1,
		 9, 8, 3, 4,-1,
		 9, 8, 7, 6, 5,-1,
		 5, 6, 7, 8, 9,-1,
		]
	} #IndexedFaceSet
} #Polyhedron
Separator { #Polyhedron
	DEF COORD51 Coordinate3 {
		point [
		 28.5351 -1.1066 -7.9532,
		 28.4734 -1.1306 -7.9131,
		 28.4867 -1.1306 -7.8926,
		 28.5484 -1.1066 -7.9327,
		 28.5229 -1.0621 -7.9453,
		 28.4612 -1.0860 -7.9053,
		 28.4745 -1.0860 -7.8848,
		 28.5363 -1.0621 -7.9248,
		 28.5316 -1.1080 -7.9509,
		 28.5449 -1.1080 -7.9305,
		 28.4704 -1.1196 -7.9112,
		 28.4837 -1.1196 -7.8907,
		 28.5365 -1.0631 -7.9250,
		 28.5232 -1.0631 -7.9455,
		 28.4630 -1.0927 -7.9064,
		 28.4764 -1.0927 -7.8859
		]
	} #Coordinate3
	Material {
		ambientColor      0.0696 0.0696 0.0696  #ambientColor
		diffuseColor      0.2784 0.2784 0.2784  #diffuseColor
		transparency      0.0000                #transparency
	} #Material

	Texture2 {
		filename ""  #filename
		wrapS REPEAT 
		wrapT REPEAT 
	} #Texture2

	IndexedFaceSet {
		coordIndex [ 
		 0, 8, 9, 3,-1,
		 3, 9, 8, 0,-1,
		 0, 3, 12, 13,-1,
		 13, 12, 3, 0,-1,
		 8, 0, 13, 14, 10,-1,
		 10, 14, 13, 0, 8,-1,
		 10, 14, 15, 11,-1,
		 11, 15, 14, 10,-1,
		 3, 9, 11, 15, 12,-1,
		 12, 15, 11, 9, 3,-1,
		 9, 8, 10, 11,-1,
		 11, 10, 8, 9,-1,
		 13, 12, 15, 14,-1,
		 14, 15, 12, 13,-1,
		]
	} #IndexedFaceSet
} #Polyhedron
Separator { #Polyhedron
	DEF COORD52 Coordinate3 {
		point [
		 28.4637 -1.1215 -7.9069,
		 28.4401 -1.1340 -7.8721,
		 28.4445 -1.1340 -7.8653,
		 28.4770 -1.1215 -7.8864,
		 28.4568 -1.0963 -7.9024,
		 28.4332 -1.1089 -7.8676,
		 28.4377 -1.1089 -7.8608,
		 28.4702 -1.0963 -7.8819
		]
	} #Coordinate3
	Material {
		ambientColor      0.2500 0.2500 0.2000  #ambientColor
		diffuseColor      1.0000 1.0000 0.8000  #diffuseColor
		transparency      0.0000                #transparency
	} #Material

	Texture2 {
		filename ""  #filename
		wrapS REPEAT 
		wrapT REPEAT 
	} #Texture2

	IndexedFaceSet {
		coordIndex [ 
		 0, 1, 2, 3,-1,
		 3, 2, 1, 0,-1,
		 0, 3, 7, 4,-1,
		 4, 7, 3, 0,-1,
		 1, 0, 4, 5,-1,
		 5, 4, 0, 1,-1,
		 2, 1, 5, 6,-1,
		 6, 5, 1, 2,-1,
		 3, 2, 6, 7,-1,
		 7, 6, 2, 3,-1,
		 7, 6, 5, 4,-1,
		 4, 5, 6, 7,-1,
		]
	} #IndexedFaceSet
} #Polyhedron
Separator { #Polyhedron
	DEF COORD53 Coordinate3 {
		point [
		 28.4350 -1.1017 -8.1033,
		 28.3733 -1.1257 -8.0633,
		 28.3866 -1.1257 -8.0428,
		 28.4483 -1.1017 -8.0828,
		 28.4229 -1.0572 -8.0955,
		 28.3612 -1.0811 -8.0554,
		 28.3745 -1.0811 -8.0349,
		 28.4362 -1.0572 -8.0750,
		 28.4315 -1.1031 -8.1011,
		 28.4448 -1.1031 -8.0806,
		 28.3703 -1.1147 -8.0613,
		 28.3836 -1.1147 -8.0408,
		 28.4364 -1.0582 -8.0751,
		 28.4231 -1.0582 -8.0956,
		 28.3630 -1.0878 -8.0565,
		 28.3763 -1.0878 -8.0361
		]
	} #Coordinate3
	Material {
		ambientColor      0.0696 0.0696 0.0696  #ambientColor
		diffuseColor      0.2784 0.2784 0.2784  #diffuseColor
		transparency      0.0000                #transparency
	} #Material

	Texture2 {
		filename ""  #filename
		wrapS REPEAT 
		wrapT REPEAT 
	} #Texture2

	IndexedFaceSet {
		coordIndex [ 
		 0, 8, 9, 3,-1,
		 3, 9, 8, 0,-1,
		 0, 3, 12, 13,-1,
		 13, 12, 3, 0,-1,
		 8, 0, 13, 14, 10,-1,
		 10, 14, 13, 0, 8,-1,
		 10, 14, 15, 11,-1,
		 11, 15, 14, 10,-1,
		 3, 9, 11, 15, 12,-1,
		 12, 15, 11, 9, 3,-1,
		 9, 8, 10, 11,-1,
		 11, 10, 8, 9,-1,
		 13, 12, 15, 14,-1,
		 14, 15, 12, 13,-1,
		]
	} #IndexedFaceSet
} #Polyhedron
Separator { #Polyhedron
	DEF COORD54 Coordinate3 {
		point [
		 28.3636 -1.1166 -8.0570,
		 28.3312 -1.1292 -8.0359,
		 28.3356 -1.1292 -8.0290,
		 28.3769 -1.1166 -8.0365,
		 28.3568 -1.0914 -8.0525,
		 28.3243 -1.1040 -8.0314,
		 28.3287 -1.1040 -8.0246,
		 28.3701 -1.0914 -8.0320
		]
	} #Coordinate3
	Material {
		ambientColor      0.2500 0.2500 0.2000  #ambientColor
		diffuseColor      1.0000 1.0000 0.8000  #diffuseColor
		transparency      0.0000                #transparency
	} #Material

	Texture2 {
		filename ""  #filename
		wrapS REPEAT 
		wrapT REPEAT 
	} #Texture2

	IndexedFaceSet {
		coordIndex [ 
		 0, 1, 2, 3,-1,
		 3, 2, 1, 0,-1,
		 0, 3, 7, 4,-1,
		 4, 7, 3, 0,-1,
		 1, 0, 4, 5,-1,
		 5, 4, 0, 1,-1,
		 2, 1, 5, 6,-1,
		 6, 5, 1, 2,-1,
		 3, 2, 6, 7,-1,
		 7, 6, 2, 3,-1,
		 7, 6, 5, 4,-1,
		 4, 5, 6, 7,-1,
		]
	} #IndexedFaceSet
} #Polyhedron
Separator { #Polyhedron
	DEF COORD55 Coordinate3 {
		point [
		 28.4940 -1.0286 -8.1416,
		 28.4549 -1.0904 -8.1163,
		 28.4682 -1.0904 -8.0958,
		 28.4973 -1.0514 -8.1050,
		 28.5241 -1.0091 -8.1223,
		 28.4626 -1.0004 -8.1213,
		 28.4236 -1.0622 -8.0959,
		 28.4369 -1.0622 -8.0754,
		 28.4660 -1.0232 -8.0846,
		 28.4927 -0.9809 -8.1019
		]
	} #Coordinate3
	Material {
		ambientColor      0.0696 0.0696 0.0696  #ambientColor
		diffuseColor      0.2784 0.2784 0.2784  #diffuseColor
		transparency      0.0000                #transparency
	} #Material

	Texture2 {
		filename ""  #filename
		wrapS REPEAT 
		wrapT REPEAT 
	} #Texture2

	IndexedFaceSet {
		coordIndex [ 
		 0, 1, 2, 3, 4,-1,
		 4, 3, 2, 1, 0,-1,
		 0, 4, 9, 5,-1,
		 5, 9, 4, 0,-1,
		 1, 0, 5, 6,-1,
		 6, 5, 0, 1,-1,
		 2, 1, 6, 7,-1,
		 7, 6, 1, 2,-1,
		 3, 2, 7, 8,-1,
		 8, 7, 2, 3,-1,
		 4, 3, 8, 9,-1,
		 9, 8, 3, 4,-1,
		 9, 8, 7, 6, 5,-1,
		 5, 6, 7, 8, 9,-1,
		]
	} #IndexedFaceSet
} #Polyhedron
Separator { #Polyhedron
	DEF COORD56 Coordinate3 {
		point [
		 28.5364 -0.8688 -8.0472,
		 28.5709 -0.8892 -8.0407,
		 28.5302 -0.8918 -8.0143,
		 28.5038 -0.8918 -8.0550,
		 28.5445 -0.8892 -8.0814,
		 28.5808 -0.9106 -8.0394,
		 28.5293 -0.9138 -8.0060,
		 28.4959 -0.9138 -8.0575,
		 28.5473 -0.9106 -8.0909,
		 28.5843 -0.9322 -8.0395,
		 28.5297 -0.9356 -8.0040,
		 28.4942 -0.9356 -8.0587,
		 28.5488 -0.9322 -8.0941,
		 28.5827 -0.9540 -8.0406,
		 28.5312 -0.9572 -8.0072,
		 28.4978 -0.9572 -8.0587,
		 28.5492 -0.9540 -8.0921,
		 28.5747 -0.9760 -8.0431,
		 28.5340 -0.9785 -8.0167,
		 28.5076 -0.9785 -8.0574,
		 28.5483 -0.9760 -8.0839,
		 28.5421 -0.9990 -8.0509,
		 28.5448 -0.8919 -8.0826,
		 28.5721 -0.8919 -8.0405,
		 28.5301 -0.8945 -8.0132,
		 28.5028 -0.8945 -8.0553,
		 28.5484 -0.9732 -8.0849,
		 28.5757 -0.9732 -8.0428,
		 28.5337 -0.9759 -8.0155,
		 28.5064 -0.9759 -8.0576,
		 28.5295 -0.9138 -8.0061,
		 28.5293 -0.9132 -8.0062,
		 28.4961 -0.9132 -8.0574,
		 28.4960 -0.9138 -8.0576,
		 28.5314 -0.9355 -8.0051,
		 28.4959 -0.9355 -8.0598,
		 28.5314 -0.9572 -8.0073,
		 28.4979 -0.9572 -8.0588,
		 28.5313 -0.9578 -8.0075,
		 28.4980 -0.9578 -8.0587,
		 28.4960 -0.9273 -8.0590,
		 28.5307 -0.9273 -8.0055,
		 28.4970 -0.9477 -8.0592,
		 28.5111 -0.9273 -8.0356,
		 28.5120 -0.9477 -8.0362,
		 28.5314 -0.9477 -8.0064,
		 28.4970 -0.9477 -8.0592,
		 28.5307 -0.9273 -8.0055,
		 28.5314 -0.9477 -8.0064,
		 28.5164 -0.9477 -8.0294,
		 28.5155 -0.9273 -8.0288
		]
	} #Coordinate3
	Material {
		ambientColor      0.0833 0.0833 0.0000  #ambientColor
		diffuseColor      0.3333 0.3333 0.0000  #diffuseColor
		transparency      0.0000                #transparency
	} #Material

	IndexedFaceSet {
		coordIndex [ 
		 22, 8, 5, 23,-1,
		 23, 5, 8, 22,-1,
		 23, 5, 30, 31, 24,-1,
		 24, 31, 30, 5, 23,-1,
		 24, 31, 32, 25,-1,
		 25, 32, 31, 24,-1,
		]
	} #IndexedFaceSet
	Material {
		ambientColor      0.1667 0.1667 0.0000  #ambientColor
		diffuseColor      0.6667 0.6667 0.0000  #diffuseColor
		transparency      0.0000                #transparency
	} #Material

	IndexedFaceSet {
		coordIndex [ 
		 25, 32, 33, 8, 22,-1,
		 22, 8, 33, 32, 25,-1,
		]
	} #IndexedFaceSet
	Material {
		ambientColor      0.1245 0.1245 0.0000  #ambientColor
		diffuseColor      0.4980 0.4980 0.0000  #diffuseColor
		transparency      0.0000                #transparency
	} #Material

	IndexedFaceSet {
		coordIndex [ 
		 5, 8, 12, 9,-1,
		 9, 12, 8, 5,-1,
		]
	} #IndexedFaceSet
	Material {
		ambientColor      0.0833 0.0833 0.0000  #ambientColor
		diffuseColor      0.3333 0.3333 0.0000  #diffuseColor
		transparency      0.0000                #transparency
	} #Material

	IndexedFaceSet {
		coordIndex [ 
		 30, 5, 9, 34,-1,
		 34, 9, 5, 30,-1,
		]
	} #IndexedFaceSet
	Material {
		ambientColor      0.1667 0.1667 0.0000  #ambientColor
		diffuseColor      0.6667 0.6667 0.0000  #diffuseColor
		transparency      0.0000                #transparency
	} #Material

	IndexedFaceSet {
		coordIndex [ 
		 8, 33, 35, 12,-1,
		 12, 35, 33, 8,-1,
		]
	} #IndexedFaceSet
	Material {
		ambientColor      0.1245 0.1245 0.0000  #ambientColor
		diffuseColor      0.4980 0.4980 0.0000  #diffuseColor
		transparency      0.0000                #transparency
	} #Material

	IndexedFaceSet {
		coordIndex [ 
		 9, 12, 16, 13,-1,
		 13, 16, 12, 9,-1,
		]
	} #IndexedFaceSet
	Material {
		ambientColor      0.2500 0.1725 0.1431  #ambientColor
		diffuseColor      1.0000 0.6902 0.5725  #diffuseColor
		transparency      0.0000                #transparency
	} #Material

	IndexedFaceSet {
		coordIndex [ 
		 34, 9, 13, 36,-1,
		 36, 13, 9, 34,-1,
		]
	} #IndexedFaceSet
	Material {
		ambientColor      0.2500 0.1245 0.1245  #ambientColor
		diffuseColor      1.0000 0.4980 0.4980  #diffuseColor
		transparency      0.0000                #transparency
	} #Material

	IndexedFaceSet {
		coordIndex [ 
		 12, 35, 37, 16,-1,
		 16, 37, 35, 12,-1,
		]
	} #IndexedFaceSet
	Material {
		ambientColor      0.2500 0.1725 0.1431  #ambientColor
		diffuseColor      1.0000 0.6902 0.5725  #diffuseColor
		transparency      0.0000                #transparency
	} #Material

	IndexedFaceSet {
		coordIndex [ 
		 13, 16, 26, 27,-1,
		 27, 26, 16, 13,-1,
		 36, 13, 27, 28, 38,-1,
		 38, 28, 27, 13, 36,-1,
		 38, 28, 29, 39,-1,
		 39, 29, 28, 38,-1,
		 16, 37, 39, 29, 26,-1,
		 26, 29, 39, 37, 16,-1,
		]
	} #IndexedFaceSet
	Material {
		ambientColor      0.0833 0.0833 0.0000  #ambientColor
		diffuseColor      0.3333 0.3333 0.0000  #diffuseColor
		transparency      0.0000                #transparency
	} #Material

	IndexedFaceSet {
		coordIndex [ 
		 22, 23, 24, 25,-1,
		 25, 24, 23, 22,-1,
		]
	} #IndexedFaceSet
	Material {
		ambientColor      0.2500 0.1725 0.1431  #ambientColor
		diffuseColor      1.0000 0.6902 0.5725  #diffuseColor
		transparency      0.0000                #transparency
	} #Material

	IndexedFaceSet {
		coordIndex [ 
		 27, 26, 29, 28,-1,
		 28, 29, 26, 27,-1,
		 40, 33, 32, 31, 30, 41,-1,
		 42, 35, 40, 43, 44,-1,
		 45, 36, 38, 39, 37, 46,-1,
		 47, 34, 48, 49, 50,-1,
		 32, 33, 35, 37, 39, 38, 36, 34, 30, 31,-1,
		]
	} #IndexedFaceSet
} #Polyhedron
Separator { #Polyhedron
	DEF COORD57 Coordinate3 {
		point [
		 28.5155 -0.9273 -8.0288,
		 28.5164 -0.9477 -8.0294,
		 28.5045 -0.9484 -8.0216,
		 28.5111 -0.9273 -8.0356,
		 28.5120 -0.9477 -8.0362,
		 28.5001 -0.9484 -8.0285
		]
	} #Coordinate3
	Material {
		ambientColor      0.2500 0.1725 0.1431  #ambientColor
		diffuseColor      1.0000 0.6902 0.5725  #diffuseColor
		transparency      0.0000                #transparency
	} #Material

	Texture2 {
		filename ""  #filename
		wrapS REPEAT 
		wrapT REPEAT 
	} #Texture2

	IndexedFaceSet {
		coordIndex [ 
		 0, 1, 2,-1,
		 2, 1, 0,-1,
		 0, 2, 5, 3,-1,
		 3, 5, 2, 0,-1,
		 4, 3, 0, 1,-1,
		 2, 1, 4, 5,-1,
		 5, 4, 1, 2,-1,
		 5, 4, 3,-1,
		 3, 4, 5,-1,
		]
	} #IndexedFaceSet
} #Polyhedron
Separator { #Polyhedron
	DEF COORD58 Coordinate3 {
		point [
		 28.5155 -0.9846 -8.3577,
		 28.5326 -1.3750 -8.3688,
		 28.5592 -1.3750 -8.3278,
		 28.5421 -0.9846 -8.3167,
		 27.5334 -1.0458 -7.7198,
		 27.5505 -1.4362 -7.7309,
		 27.5771 -1.4362 -7.6899,
		 27.5600 -1.0458 -7.6788
		]
	} #Coordinate3
	Material {
		ambientColor      0.0000 0.0000 0.0000  #ambientColor
		diffuseColor      0.0000 0.0000 0.0000  #diffuseColor
		transparency      0.0000                #transparency
	} #Material

	Texture2 {
		filename ""  #filename
		wrapS REPEAT 
		wrapT REPEAT 
	} #Texture2

	IndexedFaceSet {
		coordIndex [ 
		 0, 1, 2, 3,-1,
		 3, 2, 1, 0,-1,
		 0, 3, 7, 4,-1,
		 4, 7, 3, 0,-1,
		 1, 0, 4, 5,-1,
		 5, 4, 0, 1,-1,
		 2, 1, 5, 6,-1,
		 6, 5, 1, 2,-1,
		]
	} #IndexedFaceSet
	Material {
		ambientColor      0.0765 0.0765 0.0765  #ambientColor
		diffuseColor      0.3059 0.3059 0.3059  #diffuseColor
		transparency      0.0000                #transparency
	} #Material

	IndexedFaceSet {
		coordIndex [ 
		 3, 2, 6, 7,-1,
		 7, 6, 2, 3,-1,
		]
	} #IndexedFaceSet
	Material {
		ambientColor      0.0000 0.0000 0.0000  #ambientColor
		diffuseColor      0.0000 0.0000 0.0000  #diffuseColor
		transparency      0.0000                #transparency
	} #Material

	IndexedFaceSet {
		coordIndex [ 
		 7, 6, 5, 4,-1,
		 4, 5, 6, 7,-1,
		]
	} #IndexedFaceSet
} #Polyhedron
Separator { #Polyhedron
	DEF COORD59 Coordinate3 {
		point [
		 28.9680 -0.9846 -7.6610,
		 28.9851 -1.3750 -7.6721,
		 29.0117 -1.3750 -7.6312,
		 28.9946 -0.9846 -7.6201,
		 27.9858 -1.0458 -7.0232,
		 28.0030 -1.4362 -7.0343,
		 28.0296 -1.4362 -6.9933,
		 28.0125 -1.0458 -6.9822
		]
	} #Coordinate3
	Material {
		ambientColor      0.0000 0.0000 0.0000  #ambientColor
		diffuseColor      0.0000 0.0000 0.0000  #diffuseColor
		transparency      0.0000                #transparency
	} #Material

	Texture2 {
		filename ""  #filename
		wrapS REPEAT 
		wrapT REPEAT 
	} #Texture2

	IndexedFaceSet {
		coordIndex [ 
		 0, 1, 2, 3,-1,
		 3, 2, 1, 0,-1,
		 0, 3, 7, 4,-1,
		 4, 7, 3, 0,-1,
		]
	} #IndexedFaceSet
	Material {
		ambientColor      0.0765 0.0765 0.0765  #ambientColor
		diffuseColor      0.3059 0.3059 0.3059  #diffuseColor
		transparency      0.0000                #transparency
	} #Material

	IndexedFaceSet {
		coordIndex [ 
		 1, 0, 4, 5,-1,
		 5, 4, 0, 1,-1,
		]
	} #IndexedFaceSet
	Material {
		ambientColor      0.0000 0.0000 0.0000  #ambientColor
		diffuseColor      0.0000 0.0000 0.0000  #diffuseColor
		transparency      0.0000                #transparency
	} #Material

	IndexedFaceSet {
		coordIndex [ 
		 2, 1, 5, 6,-1,
		 6, 5, 1, 2,-1,
		 3, 2, 6, 7,-1,
		 7, 6, 2, 3,-1,
		 7, 6, 5, 4,-1,
		 4, 5, 6, 7,-1,
		]
	} #IndexedFaceSet
} #Polyhedron
Separator { #Polyhedron
	DEF COORD60 Coordinate3 {
		point [
		 28.9851 -1.3750 -7.6722,
		 28.9829 -1.3262 -7.6708,
		 28.5571 -1.3262 -8.3264,
		 28.5592 -1.3750 -8.3278,
		 28.0030 -1.4362 -7.0343,
		 28.0008 -1.3874 -7.0329,
		 27.5750 -1.3874 -7.6885,
		 27.5771 -1.4362 -7.6899
		]
	} #Coordinate3
	Material {
		ambientColor      0.0000 0.0000 0.0000  #ambientColor
		diffuseColor      0.0000 0.0000 0.0000  #diffuseColor
		transparency      0.0000                #transparency
	} #Material

	Texture2 {
		filename ""  #filename
		wrapS REPEAT 
		wrapT REPEAT 
	} #Texture2

	IndexedFaceSet {
		coordIndex [ 
		 0, 1, 2, 3,-1,
		 3, 2, 1, 0,-1,
		 0, 3, 7, 4,-1,
		 4, 7, 3, 0,-1,
		 1, 0, 4, 5,-1,
		 5, 4, 0, 1,-1,
		]
	} #IndexedFaceSet
	Material {
		ambientColor      0.0765 0.0765 0.0765  #ambientColor
		diffuseColor      0.3059 0.3059 0.3059  #diffuseColor
		transparency      0.0000                #transparency
	} #Material

	IndexedFaceSet {
		coordIndex [ 
		 2, 1, 5, 6,-1,
		 6, 5, 1, 2,-1,
		]
	} #IndexedFaceSet
	Material {
		ambientColor      0.0000 0.0000 0.0000  #ambientColor
		diffuseColor      0.0000 0.0000 0.0000  #diffuseColor
		transparency      0.0000                #transparency
	} #Material

	IndexedFaceSet {
		coordIndex [ 
		 3, 2, 6, 7,-1,
		 7, 6, 2, 3,-1,
		 7, 6, 5, 4,-1,
		 4, 5, 6, 7,-1,
		]
	} #IndexedFaceSet
} #Polyhedron
Separator { #Polyhedron
	DEF COORD61 Coordinate3 {
		point [
		 27.9859 -1.0458 -7.0232,
		 27.2714 -1.0903 -6.5592,
		 26.8456 -1.0903 -7.2149,
		 27.5600 -1.0458 -7.6789,
		 27.9923 -1.1927 -7.0274,
		 27.2779 -1.2373 -6.5634,
		 26.8520 -1.2373 -7.2190,
		 27.5665 -1.1928 -7.6830
		]
	} #Coordinate3
	Material {
		ambientColor      0.0000 0.0000 0.0000  #ambientColor
		diffuseColor      0.0000 0.0000 0.0000  #diffuseColor
		transparency      0.0000                #transparency
	} #Material

	Texture2 {
		filename ""  #filename
		wrapS REPEAT 
		wrapT REPEAT 
	} #Texture2

	IndexedFaceSet {
		coordIndex [ 
		 0, 1, 2, 3,-1,
		 3, 2, 1, 0,-1,
		 0, 3, 7, 4,-1,
		 4, 7, 3, 0,-1,
		 1, 0, 4, 5,-1,
		 5, 4, 0, 1,-1,
		 2, 1, 5, 6,-1,
		 6, 5, 1, 2,-1,
		 3, 2, 6, 7,-1,
		 7, 6, 2, 3,-1,
		 7, 6, 5, 4,-1,
		 4, 5, 6, 7,-1,
		]
	} #IndexedFaceSet
} #Polyhedron
Separator { #Polyhedron
	DEF COORD62 Coordinate3 {
		point [
		 27.5334 -1.0458 -7.7199,
		 27.5398 -1.1922 -7.7240,
		 27.5664 -1.1922 -7.6830,
		 27.5600 -1.0458 -7.6789,
		 26.7945 -1.0919 -7.2400,
		 26.8009 -1.2382 -7.2441,
		 26.8276 -1.2382 -7.2031,
		 26.8211 -1.0919 -7.1990
		]
	} #Coordinate3
	Material {
		ambientColor      0.0000 0.0000 0.0000  #ambientColor
		diffuseColor      0.0000 0.0000 0.0000  #diffuseColor
		transparency      0.0000                #transparency
	} #Material

	Texture2 {
		filename ""  #filename
		wrapS REPEAT 
		wrapT REPEAT 
	} #Texture2

	IndexedFaceSet {
		coordIndex [ 
		 0, 1, 2, 3,-1,
		 3, 2, 1, 0,-1,
		 0, 3, 7, 4,-1,
		 4, 7, 3, 0,-1,
		 1, 0, 4, 5,-1,
		 5, 4, 0, 1,-1,
		 2, 1, 5, 6,-1,
		 6, 5, 1, 2,-1,
		 3, 2, 6, 7,-1,
		 7, 6, 2, 3,-1,
		 7, 6, 5, 4,-1,
		 4, 5, 6, 7,-1,
		]
	} #IndexedFaceSet
} #Polyhedron
Separator { #Polyhedron
	DEF COORD63 Coordinate3 {
		point [
		 27.9859 -1.0458 -7.0232,
		 27.9923 -1.1922 -7.0274,
		 28.0189 -1.1922 -6.9864,
		 28.0125 -1.0458 -6.9822,
		 27.2483 -1.0918 -6.5442,
		 27.2547 -1.2382 -6.5483,
		 27.2814 -1.2382 -6.5074,
		 27.2749 -1.0918 -6.5032
		]
	} #Coordinate3
	Material {
		ambientColor      0.0000 0.0000 0.0000  #ambientColor
		diffuseColor      0.0000 0.0000 0.0000  #diffuseColor
		transparency      0.0000                #transparency
	} #Material

	Texture2 {
		filename ""  #filename
		wrapS REPEAT 
		wrapT REPEAT 
	} #Texture2

	IndexedFaceSet {
		coordIndex [ 
		 0, 1, 2, 3,-1,
		 3, 2, 1, 0,-1,
		 0, 3, 7, 4,-1,
		 4, 7, 3, 0,-1,
		 1, 0, 4, 5,-1,
		 5, 4, 0, 1,-1,
		 2, 1, 5, 6,-1,
		 6, 5, 1, 2,-1,
		 3, 2, 6, 7,-1,
		 7, 6, 2, 3,-1,
		 7, 6, 5, 4,-1,
		 4, 5, 6, 7,-1,
		]
	} #IndexedFaceSet
} #Polyhedron
Separator { #Polyhedron
	DEF COORD64 Coordinate3 {
		point [
		 29.6084 -0.9463 -8.0187,
		 28.9945 -0.9846 -7.6200,
		 28.5155 -0.9846 -8.3576,
		 29.1293 -0.9464 -8.7563,
		 29.6148 -1.0927 -8.0229,
		 29.0009 -1.1310 -7.6242,
		 28.5219 -1.1310 -8.3618,
		 29.1357 -1.0927 -8.7605
		]
	} #Coordinate3
	Material {
		ambientColor      0.0275 0.0275 0.0275  #ambientColor
		diffuseColor      0.1098 0.1098 0.1098  #diffuseColor
		transparency      0.0000                #transparency
	} #Material

	Texture2 {
		filename ""  #filename
		wrapS REPEAT 
		wrapT REPEAT 
	} #Texture2

	IndexedFaceSet {
		coordIndex [ 
		 0, 1, 2, 3,-1,
		 3, 2, 1, 0,-1,
		 0, 3, 7, 4,-1,
		 4, 7, 3, 0,-1,
		]
	} #IndexedFaceSet
	Material {
		ambientColor      0.0000 0.0000 0.0000  #ambientColor
		diffuseColor      0.0000 0.0000 0.0000  #diffuseColor
		transparency      0.0000                #transparency
	} #Material

	IndexedFaceSet {
		coordIndex [ 
		 1, 0, 4, 5,-1,
		 5, 4, 0, 1,-1,
		 2, 1, 5, 6,-1,
		 6, 5, 1, 2,-1,
		 3, 2, 6, 7,-1,
		 7, 6, 2, 3,-1,
		]
	} #IndexedFaceSet
	Material {
		ambientColor      0.0275 0.0275 0.0275  #ambientColor
		diffuseColor      0.1098 0.1098 0.1098  #diffuseColor
		transparency      0.0000                #transparency
	} #Material

	IndexedFaceSet {
		coordIndex [ 
		 7, 6, 5, 4,-1,
		 4, 5, 6, 7,-1,
		]
	} #IndexedFaceSet
} #Polyhedron
Separator { #Polyhedron
	DEF COORD65 Coordinate3 {
		point [
		 27.5837 -1.5618 -6.7038,
		 27.5409 -1.5159 -6.6759,
		 27.5160 -1.4539 -6.6598,
		 27.5129 -1.3852 -6.6578,
		 27.5321 -1.3204 -6.6703,
		 27.5707 -1.2693 -6.6953,
		 27.6227 -1.2396 -6.7291,
		 27.6802 -1.2360 -6.7664,
		 27.7346 -1.2588 -6.8018,
		 27.7775 -1.3048 -6.8296,
		 27.8023 -1.3668 -6.8457,
		 27.8054 -1.4355 -6.8477,
		 27.7862 -1.5003 -6.8353,
		 27.7477 -1.5514 -6.8102,
		 27.6957 -1.5810 -6.7765,
		 27.6381 -1.5847 -6.7391,
		 27.1047 -1.5618 -7.4414,
		 27.0618 -1.5159 -7.4135,
		 27.0369 -1.4539 -7.3974,
		 27.0339 -1.3852 -7.3954,
		 27.0531 -1.3204 -7.4078,
		 27.0916 -1.2693 -7.4329,
		 27.1436 -1.2396 -7.4667,
		 27.2012 -1.2360 -7.5040,
		 27.2555 -1.2589 -7.5393,
		 27.2984 -1.3048 -7.5672,
		 27.3233 -1.3668 -7.5833,
		 27.3263 -1.4355 -7.5853,
		 27.3071 -1.5003 -7.5729,
		 27.2686 -1.5514 -7.5478,
		 27.2166 -1.5811 -7.5141,
		 27.1590 -1.5847 -7.4767,
		 27.5790 -1.2645 -6.7007,
		 27.7399 -1.2645 -6.8052,
		 27.5662 -1.2752 -6.6924,
		 27.6601 -1.2645 -6.7534,
		 27.6131 -1.2752 -6.7228,
		 27.5426 -1.3065 -6.6770,
		 27.5730 -1.3065 -6.6968,
		 27.5222 -1.3538 -6.6638,
		 27.5461 -1.3538 -6.6794,
		 27.5140 -1.4096 -6.6585,
		 27.5364 -1.4096 -6.6731,
		 27.5207 -1.4657 -6.6629,
		 27.5454 -1.4657 -6.6789,
		 27.5399 -1.5134 -6.6753,
		 27.5717 -1.5134 -6.6960,
		 27.5685 -1.5455 -6.6939,
		 27.6113 -1.5455 -6.7217,
		 27.5793 -1.5571 -6.7009,
		 27.6582 -1.5571 -6.7521,
		 27.7377 -1.5571 -6.8038,
		 27.5793 -1.5571 -6.7009,
		 27.7515 -1.5464 -6.8127,
		 27.7052 -1.5464 -6.7826,
		 27.7751 -1.5150 -6.8281,
		 27.7452 -1.5150 -6.8086,
		 27.7958 -1.4678 -6.8415,
		 27.7721 -1.4678 -6.8261,
		 27.8043 -1.4119 -6.8471,
		 27.7818 -1.4119 -6.8324,
		 27.7979 -1.3559 -6.8429,
		 27.7728 -1.3559 -6.8266,
		 27.7788 -1.3082 -6.8305,
		 27.7465 -1.3082 -6.8095,
		 27.7507 -1.2761 -6.8122,
		 27.7069 -1.2761 -6.7838,
		 27.7399 -1.2645 -6.8052,
		 27.5949 -1.2894 -6.7110,
		 27.7234 -1.2894 -6.7945,
		 27.5870 -1.2956 -6.7059,
		 27.6665 -1.2894 -6.7575,
		 27.6270 -1.2956 -6.7319,
		 27.5658 -1.3193 -6.6921,
		 27.5925 -1.3193 -6.7095,
		 27.5456 -1.3569 -6.6790,
		 27.5683 -1.3569 -6.6938,
		 27.5376 -1.4027 -6.6738,
		 27.5580 -1.4027 -6.6871,
		 27.5429 -1.4498 -6.6772,
		 27.5632 -1.4498 -6.6904,
		 27.5593 -1.4909 -6.6879,
		 27.5830 -1.4909 -6.7033,
		 27.5795 -1.5198 -6.7010,
		 27.6146 -1.5198 -6.7238,
		 27.5947 -1.5321 -6.7109,
		 27.6530 -1.5321 -6.7488,
		 27.7234 -1.5321 -6.7945,
		 27.5947 -1.5321 -6.7109,
		 27.7313 -1.5259 -6.7996,
		 27.6924 -1.5259 -6.7744,
		 27.7525 -1.5022 -6.8134,
		 27.7269 -1.5022 -6.7968,
		 27.7727 -1.4646 -6.8265,
		 27.7512 -1.4646 -6.8125,
		 27.7806 -1.4188 -6.8316,
		 27.7615 -1.4188 -6.8192,
		 27.7754 -1.3717 -6.8282,
		 27.7563 -1.3717 -6.8159,
		 27.7589 -1.3306 -6.8176,
		 27.7364 -1.3306 -6.8029,
		 27.7386 -1.3017 -6.8044,
		 27.7049 -1.3017 -6.7825,
		 27.7234 -1.2894 -6.7945,
		 27.0994 -1.5562 -7.4379,
		 27.2603 -1.5562 -7.5424,
		 27.2395 -1.5388 -7.5289,
		 27.1939 -1.5562 -7.4993,
		 27.2781 -1.5388 -7.5540,
		 27.2761 -1.5020 -7.5527,
		 27.3059 -1.5020 -7.5720,
		 27.2981 -1.4513 -7.5670,
		 27.3217 -1.4513 -7.5823,
		 27.3021 -1.3944 -7.5696,
		 27.3245 -1.3944 -7.5841,
		 27.2876 -1.3400 -7.5601,
		 27.3125 -1.3400 -7.5764,
		 27.2567 -1.2964 -7.5401,
		 27.2906 -1.2964 -7.5621,
		 27.2141 -1.2702 -7.5125,
		 27.2661 -1.2702 -7.5462,
		 27.1664 -1.2654 -7.4815,
		 27.2617 -1.2654 -7.5433,
		 27.2617 -1.2654 -7.5433,
		 27.0983 -1.2654 -7.4373,
		 27.1208 -1.2828 -7.4519,
		 27.0814 -1.2828 -7.4263,
		 27.0843 -1.3196 -7.4281,
		 27.0537 -1.3196 -7.4082,
		 27.0623 -1.3703 -7.4138,
		 27.0383 -1.3703 -7.3982,
		 27.0583 -1.4272 -7.4112,
		 27.0357 -1.4272 -7.3966,
		 27.0728 -1.4816 -7.4207,
		 27.0480 -1.4816 -7.4046,
		 27.1037 -1.5252 -7.4407,
		 27.0705 -1.5252 -7.4191,
		 27.1462 -1.5514 -7.4683,
		 27.0949 -1.5514 -7.4350,
		 27.0994 -1.5562 -7.4379,
		 27.1126 -1.5306 -7.4465,
		 27.2476 -1.5306 -7.5342,
		 27.2340 -1.5136 -7.5254,
		 27.1969 -1.5306 -7.5012,
		 27.2645 -1.5136 -7.5452,
		 27.2629 -1.4810 -7.5441,
		 27.2852 -1.4810 -7.5586,
		 27.2790 -1.4376 -7.5546,
		 27.2990 -1.4376 -7.5676,
		 27.2801 -1.3902 -7.5553,
		 27.3010 -1.3902 -7.5689,
		 27.2658 -1.3459 -7.5460,
		 27.2891 -1.3459 -7.5612,
		 27.2384 -1.3115 -7.5282,
		 27.2674 -1.3115 -7.5470,
		 27.2020 -1.2922 -7.5046,
		 27.2499 -1.2922 -7.5357,
		 27.1623 -1.2910 -7.4788,
		 27.2479 -1.2910 -7.5344,
		 27.2479 -1.2910 -7.5344,
		 27.1126 -1.2910 -7.4465,
		 27.1251 -1.3080 -7.4547,
		 27.0957 -1.3080 -7.4356,
		 27.0963 -1.3407 -7.4359,
		 27.0751 -1.3407 -7.4222,
		 27.0801 -1.3840 -7.4254,
		 27.0613 -1.3840 -7.4132,
		 27.0791 -1.4315 -7.4247,
		 27.0594 -1.4315 -7.4120,
		 27.0934 -1.4757 -7.4340,
		 27.0713 -1.4757 -7.4197,
		 27.1208 -1.5101 -7.4518,
		 27.0931 -1.5101 -7.4338,
		 27.1571 -1.5294 -7.4754,
		 27.1106 -1.5294 -7.4452,
		 27.1126 -1.5306 -7.4465
		]
	} #Coordinate3
	Material {
		ambientColor      0.0000 0.0000 0.0000  #ambientColor
		diffuseColor      0.0000 0.0000 0.0000  #diffuseColor
		transparency      0.0000                #transparency
	} #Material

	IndexedFaceSet {
		coordIndex [ 
		 32, 6, 7, 8, 33,-1,
		 34, 5, 32, 35, 36,-1,
		 37, 34, 36, 38,-1,
		 39, 4, 37, 38, 40,-1,
		 41, 3, 39, 40, 42,-1,
		 43, 2, 41, 42, 44,-1,
		 45, 43, 44, 46,-1,
		 47, 1, 45, 46, 48,-1,
		 49, 47, 48, 50,-1,
		 51, 14, 15, 0, 52,-1,
		 53, 13, 51, 50, 54,-1,
		 55, 53, 54, 56,-1,
		 57, 12, 55, 56, 58,-1,
		 59, 11, 57, 58, 60,-1,
		 61, 10, 59, 60, 62,-1,
		 63, 61, 62, 64,-1,
		 65, 9, 63, 64, 66,-1,
		 67, 65, 66, 35,-1,
		]
	} #IndexedFaceSet
	Material {
		ambientColor      0.2500 0.2500 0.2500  #ambientColor
		diffuseColor      1.0000 1.0000 1.0000  #diffuseColor
		transparency      0.0000                #transparency
	} #Material

	IndexedFaceSet {
		coordIndex [ 
		 68, 36, 35, 66, 69,-1,
		 70, 68, 71, 72,-1,
		 73, 38, 70, 72, 74,-1,
		 75, 40, 73, 74, 76,-1,
		 77, 75, 76, 78,-1,
		 79, 42, 77, 78, 80,-1,
		 81, 44, 79, 80, 82,-1,
		 83, 46, 81, 82, 84,-1,
		 85, 83, 84, 86,-1,
		 87, 54, 50, 48, 88,-1,
		 89, 87, 86, 90,-1,
		 91, 56, 89, 90, 92,-1,
		 93, 58, 91, 92, 94,-1,
		 95, 93, 94, 96,-1,
		 97, 60, 95, 96, 98,-1,
		 99, 62, 97, 98, 100,-1,
		 101, 64, 99, 100, 102,-1,
		 103, 101, 102, 71,-1,
		]
	} #IndexedFaceSet
	Material {
		ambientColor      0.0000 0.0000 0.0000  #ambientColor
		diffuseColor      0.0000 0.0000 0.0000  #diffuseColor
		transparency      0.0000                #transparency
	} #Material

	IndexedFaceSet {
		coordIndex [ 
		 92, 90, 86, 84, 82, 80, 78, 76, 74, 72, 71, 102, 100, 98, 96, 94,-1,
		 15, 14, 13, 12, 11, 10, 9, 8, 7, 6, 5, 4, 3, 2, 1, 0,-1,
		 0, 15, 31, 16,-1,
		 16, 31, 15, 0,-1,
		 1, 0, 16, 17,-1,
		 17, 16, 0, 1,-1,
		 2, 1, 17, 18,-1,
		 18, 17, 1, 2,-1,
		 3, 2, 18, 19,-1,
		 19, 18, 2, 3,-1,
		 4, 3, 19, 20,-1,
		 20, 19, 3, 4,-1,
		 5, 4, 20, 21,-1,
		 21, 20, 4, 5,-1,
		 6, 5, 21, 22,-1,
		 22, 21, 5, 6,-1,
		 7, 6, 22, 23,-1,
		 23, 22, 6, 7,-1,
		 8, 7, 23, 24,-1,
		 24, 23, 7, 8,-1,
		 9, 8, 24, 25,-1,
		 25, 24, 8, 9,-1,
		 10, 9, 25, 26,-1,
		 26, 25, 9, 10,-1,
		 11, 10, 26, 27,-1,
		 27, 26, 10, 11,-1,
		 12, 11, 27, 28,-1,
		 28, 27, 11, 12,-1,
		 13, 12, 28, 29,-1,
		 29, 28, 12, 13,-1,
		 14, 13, 29, 30,-1,
		 30, 29, 13, 14,-1,
		 15, 14, 30, 31,-1,
		 31, 30, 14, 15,-1,
		 104, 16, 31, 30, 105,-1,
		 106, 107, 105, 29, 108,-1,
		 109, 106, 108, 110,-1,
		 111, 109, 110, 28, 112,-1,
		 113, 111, 112, 27, 114,-1,
		 115, 113, 114, 26, 116,-1,
		 117, 115, 116, 25, 118,-1,
		 119, 117, 118, 120,-1,
		 121, 119, 120, 122,-1,
		 123, 24, 23, 22, 124,-1,
		 125, 121, 124, 21, 126,-1,
		 127, 125, 126, 128,-1,
		 129, 127, 128, 20, 130,-1,
		 131, 129, 130, 19, 132,-1,
		 133, 131, 132, 18, 134,-1,
		 135, 133, 134, 17, 136,-1,
		 137, 135, 136, 138,-1,
		 107, 137, 138, 139,-1,
		]
	} #IndexedFaceSet
	Material {
		ambientColor      0.2500 0.2500 0.2500  #ambientColor
		diffuseColor      1.0000 1.0000 1.0000  #diffuseColor
		transparency      0.0000                #transparency
	} #Material

	IndexedFaceSet {
		coordIndex [ 
		 140, 137, 107, 106, 141,-1,
		 142, 143, 141, 144,-1,
		 145, 142, 144, 109, 146,-1,
		 147, 145, 146, 111, 148,-1,
		 149, 147, 148, 113, 150,-1,
		 151, 149, 150, 152,-1,
		 153, 151, 152, 115, 154,-1,
		 155, 153, 154, 117, 156,-1,
		 157, 155, 156, 158,-1,
		 159, 119, 121, 125, 160,-1,
		 161, 157, 160, 162,-1,
		 163, 161, 162, 127, 164,-1,
		 165, 163, 164, 129, 166,-1,
		 167, 165, 166, 131, 168,-1,
		 169, 167, 168, 170,-1,
		 171, 169, 170, 133, 172,-1,
		 173, 171, 172, 135, 174,-1,
		 143, 173, 174, 175,-1,
		]
	} #IndexedFaceSet
	Material {
		ambientColor      0.0000 0.0000 0.0000  #ambientColor
		diffuseColor      0.0000 0.0000 0.0000  #diffuseColor
		transparency      0.0000                #transparency
	} #Material

	IndexedFaceSet {
		coordIndex [ 
		 171, 173, 143, 142, 145, 147, 149, 151, 153, 155, 157, 161, 163, 165, 167, 169,-1,
		 16, 17, 18, 19, 20, 21, 22, 23, 24, 25, 26, 27, 28, 29, 30, 31,-1,
		]
	} #IndexedFaceSet
} #Polyhedron
Separator { #Polyhedron
	DEF COORD66 Coordinate3 {
		point [
		 29.0989 -1.2276 -7.6878,
		 29.1371 -1.1771 -7.7126,
		 29.1886 -1.1478 -7.7461,
		 29.2456 -1.1443 -7.7831,
		 29.2994 -1.1671 -7.8180,
		 29.3418 -1.2126 -7.8456,
		 29.3663 -1.2741 -7.8615,
		 29.3692 -1.3420 -7.8634,
		 29.3501 -1.4061 -7.8510,
		 29.3119 -1.4567 -7.8262,
		 29.2604 -1.4859 -7.7927,
		 29.2034 -1.4894 -7.7557,
		 29.1497 -1.4666 -7.7208,
		 29.1073 -1.4211 -7.6933,
		 29.0828 -1.3596 -7.6773,
		 29.0798 -1.2917 -7.6754,
		 28.6198 -1.2276 -8.4254,
		 28.6581 -1.1771 -8.4502,
		 28.7096 -1.1478 -8.4837,
		 28.7666 -1.1443 -8.5207,
		 28.8203 -1.1671 -8.5556,
		 28.8627 -1.2126 -8.5831,
		 28.8872 -1.2741 -8.5991,
		 28.8902 -1.3420 -8.6010,
		 28.8711 -1.4061 -8.5886,
		 28.8329 -1.4567 -8.5638,
		 28.7814 -1.4859 -8.5303,
		 28.7244 -1.4894 -8.4933,
		 28.6706 -1.4667 -8.4584,
		 28.6282 -1.4211 -8.4308,
		 28.6037 -1.3597 -8.4149,
		 28.6008 -1.2917 -8.4130,
		 29.1510 -1.1691 -7.7217,
		 29.3013 -1.1691 -7.8193,
		 29.1350 -1.1798 -7.7113,
		 29.2268 -1.1691 -7.7709,
		 29.1798 -1.1798 -7.7404,
		 29.1113 -1.2112 -7.6959,
		 29.1398 -1.2112 -7.7144,
		 29.0897 -1.2584 -7.6819,
		 29.1129 -1.2584 -7.6969,
		 29.0808 -1.3143 -7.6761,
		 29.1032 -1.3143 -7.6906,
		 29.0870 -1.3703 -7.6801,
		 29.1122 -1.3703 -7.6964,
		 29.1061 -1.4181 -7.6925,
		 29.1385 -1.4181 -7.7135,
		 29.1343 -1.4501 -7.7108,
		 29.1781 -1.4501 -7.7392,
		 29.1451 -1.4617 -7.7178,
		 29.2249 -1.4617 -7.7697,
		 29.3030 -1.4617 -7.8204,
		 29.1451 -1.4617 -7.7178,
		 29.3162 -1.4510 -7.8290,
		 29.2720 -1.4510 -7.8002,
		 29.3399 -1.4197 -7.8443,
		 29.3120 -1.4197 -7.8262,
		 29.3602 -1.3725 -7.8575,
		 29.3389 -1.3725 -7.8437,
		 29.3681 -1.3166 -7.8627,
		 29.3486 -1.3166 -7.8500,
		 29.3609 -1.2605 -7.8580,
		 29.3396 -1.2605 -7.8441,
		 29.3418 -1.2128 -7.8456,
		 29.3133 -1.2128 -7.8271,
		 29.3121 -1.1807 -7.8263,
		 29.2737 -1.1807 -7.8014,
		 29.3013 -1.1691 -7.8193,
		 29.1617 -1.1941 -7.7286,
		 29.2902 -1.1941 -7.8121,
		 29.1538 -1.2002 -7.7235,
		 29.2332 -1.1941 -7.7751,
		 29.1938 -1.2002 -7.7494,
		 29.1326 -1.2239 -7.7097,
		 29.1593 -1.2239 -7.7271,
		 29.1124 -1.2615 -7.6966,
		 29.1351 -1.2615 -7.7113,
		 29.1044 -1.3074 -7.6914,
		 29.1248 -1.3074 -7.7046,
		 29.1096 -1.3544 -7.6948,
		 29.1299 -1.3544 -7.7080,
		 29.1260 -1.3955 -7.7054,
		 29.1498 -1.3955 -7.7209,
		 29.1463 -1.4244 -7.7186,
		 29.1814 -1.4244 -7.7414,
		 29.1615 -1.4367 -7.7285,
		 29.2198 -1.4367 -7.7663,
		 29.2902 -1.4367 -7.8121,
		 29.1615 -1.4367 -7.7285,
		 29.2981 -1.4305 -7.8172,
		 29.2592 -1.4305 -7.7919,
		 29.3193 -1.4068 -7.8309,
		 29.2937 -1.4068 -7.8143,
		 29.3394 -1.3692 -7.8440,
		 29.3179 -1.3692 -7.8301,
		 29.3474 -1.3234 -7.8492,
		 29.3282 -1.3234 -7.8368,
		 29.3421 -1.2764 -7.8458,
		 29.3231 -1.2764 -7.8334,
		 29.3257 -1.2353 -7.8351,
		 29.3032 -1.2353 -7.8205,
		 29.3054 -1.2064 -7.8219,
		 29.2717 -1.2064 -7.8000,
		 29.2902 -1.1941 -7.8121,
		 28.6653 -1.4610 -8.4549,
		 28.8253 -1.4610 -8.5588,
		 28.8033 -1.4436 -8.5446,
		 28.7577 -1.4610 -8.5149,
		 28.8427 -1.4436 -8.5702,
		 28.8399 -1.4068 -8.5683,
		 28.8706 -1.4068 -8.5883,
		 28.8619 -1.3561 -8.5826,
		 28.8860 -1.3561 -8.5983,
		 28.8659 -1.2992 -8.5852,
		 28.8883 -1.2992 -8.5998,
		 28.8513 -1.2449 -8.5758,
		 28.8756 -1.2449 -8.5915,
		 28.8205 -1.2013 -8.5557,
		 28.8521 -1.2013 -8.5763,
		 28.7779 -1.1751 -8.5281,
		 28.8278 -1.1751 -8.5604,
		 28.7302 -1.1703 -8.4971,
		 28.8233 -1.1703 -8.5575,
		 28.8233 -1.1703 -8.5575,
		 28.6701 -1.1703 -8.4580,
		 28.6846 -1.1876 -8.4675,
		 28.6501 -1.1876 -8.4451,
		 28.6481 -1.2244 -8.4437,
		 28.6222 -1.2244 -8.4270,
		 28.6261 -1.2751 -8.4295,
		 28.6057 -1.2751 -8.4162,
		 28.6221 -1.3320 -8.4269,
		 28.6025 -1.3320 -8.4141,
		 28.6366 -1.3864 -8.4363,
		 28.6144 -1.3864 -8.4219,
		 28.6675 -1.4300 -8.4564,
		 28.6365 -1.4300 -8.4362,
		 28.7100 -1.4562 -8.4840,
		 28.6609 -1.4562 -8.4520,
		 28.6653 -1.4610 -8.4549,
		 28.6764 -1.4355 -8.4621,
		 28.8114 -1.4355 -8.5498,
		 28.7978 -1.4185 -8.5410,
		 28.7607 -1.4355 -8.5169,
		 28.8283 -1.4185 -8.5608,
		 28.8266 -1.3858 -8.5597,
		 28.8490 -1.3858 -8.5742,
		 28.8428 -1.3425 -8.5702,
		 28.8628 -1.3425 -8.5832,
		 28.8438 -1.2950 -8.5709,
		 28.8648 -1.2950 -8.5845,
		 28.8296 -1.2508 -8.5616,
		 28.8529 -1.2508 -8.5768,
		 28.8022 -1.2164 -8.5438,
		 28.8312 -1.2164 -8.5627,
		 28.7658 -1.1971 -8.5202,
		 28.8137 -1.1971 -8.5513,
		 28.7261 -1.1958 -8.4944,
		 28.8117 -1.1958 -8.5500,
		 28.8117 -1.1958 -8.5500,
		 28.6764 -1.1958 -8.4622,
		 28.6889 -1.2129 -8.4703,
		 28.6595 -1.2129 -8.4512,
		 28.6601 -1.2455 -8.4515,
		 28.6389 -1.2455 -8.4378,
		 28.6439 -1.2889 -8.4410,
		 28.6251 -1.2889 -8.4288,
		 28.6429 -1.3363 -8.4404,
		 28.6232 -1.3363 -8.4276,
		 28.6571 -1.3806 -8.4496,
		 28.6351 -1.3806 -8.4353,
		 28.6845 -1.4150 -8.4674,
		 28.6568 -1.4150 -8.4494,
		 28.7209 -1.4342 -8.4910,
		 28.6744 -1.4342 -8.4608,
		 28.6764 -1.4355 -8.4621
		]
	} #Coordinate3
	Material {
		ambientColor      0.0000 0.0000 0.0000  #ambientColor
		diffuseColor      0.0000 0.0000 0.0000  #diffuseColor
		transparency      0.0000                #transparency
	} #Material

	IndexedFaceSet {
		coordIndex [ 
		 32, 2, 3, 4, 33,-1,
		 34, 1, 32, 35, 36,-1,
		 37, 34, 36, 38,-1,
		 39, 0, 37, 38, 40,-1,
		 41, 15, 39, 40, 42,-1,
		 43, 14, 41, 42, 44,-1,
		 45, 43, 44, 46,-1,
		 47, 13, 45, 46, 48,-1,
		 49, 47, 48, 50,-1,
		 51, 10, 11, 12, 52,-1,
		 53, 9, 51, 50, 54,-1,
		 55, 53, 54, 56,-1,
		 57, 8, 55, 56, 58,-1,
		 59, 7, 57, 58, 60,-1,
		 61, 6, 59, 60, 62,-1,
		 63, 61, 62, 64,-1,
		 65, 5, 63, 64, 66,-1,
		 67, 65, 66, 35,-1,
		]
	} #IndexedFaceSet
	Material {
		ambientColor      0.2500 0.2500 0.2500  #ambientColor
		diffuseColor      1.0000 1.0000 1.0000  #diffuseColor
		transparency      0.0000                #transparency
	} #Material

	IndexedFaceSet {
		coordIndex [ 
		 68, 36, 35, 66, 69,-1,
		 70, 68, 71, 72,-1,
		 73, 38, 70, 72, 74,-1,
		 75, 40, 73, 74, 76,-1,
		 77, 75, 76, 78,-1,
		 79, 42, 77, 78, 80,-1,
		 81, 44, 79, 80, 82,-1,
		 83, 46, 81, 82, 84,-1,
		 85, 83, 84, 86,-1,
		 87, 54, 50, 48, 88,-1,
		 89, 87, 86, 90,-1,
		 91, 56, 89, 90, 92,-1,
		 93, 58, 91, 92, 94,-1,
		 95, 93, 94, 96,-1,
		 97, 60, 95, 96, 98,-1,
		 99, 62, 97, 98, 100,-1,
		 101, 64, 99, 100, 102,-1,
		 103, 101, 102, 71,-1,
		]
	} #IndexedFaceSet
	Material {
		ambientColor      0.0000 0.0000 0.0000  #ambientColor
		diffuseColor      0.0000 0.0000 0.0000  #diffuseColor
		transparency      0.0000                #transparency
	} #Material

	IndexedFaceSet {
		coordIndex [ 
		 92, 90, 86, 84, 82, 80, 78, 76, 74, 72, 71, 102, 100, 98, 96, 94,-1,
		 15, 14, 13, 12, 11, 10, 9, 8, 7, 6, 5, 4, 3, 2, 1, 0,-1,
		 0, 15, 31, 16,-1,
		 16, 31, 15, 0,-1,
		 1, 0, 16, 17,-1,
		 17, 16, 0, 1,-1,
		 2, 1, 17, 18,-1,
		 18, 17, 1, 2,-1,
		 3, 2, 18, 19,-1,
		 19, 18, 2, 3,-1,
		 4, 3, 19, 20,-1,
		 20, 19, 3, 4,-1,
		 5, 4, 20, 21,-1,
		 21, 20, 4, 5,-1,
		 6, 5, 21, 22,-1,
		 22, 21, 5, 6,-1,
		 7, 6, 22, 23,-1,
		 23, 22, 6, 7,-1,
		 8, 7, 23, 24,-1,
		 24, 23, 7, 8,-1,
		 9, 8, 24, 25,-1,
		 25, 24, 8, 9,-1,
		 10, 9, 25, 26,-1,
		 26, 25, 9, 10,-1,
		 11, 10, 26, 27,-1,
		 27, 26, 10, 11,-1,
		 12, 11, 27, 28,-1,
		 28, 27, 11, 12,-1,
		 13, 12, 28, 29,-1,
		 29, 28, 12, 13,-1,
		 14, 13, 29, 30,-1,
		 30, 29, 13, 14,-1,
		 15, 14, 30, 31,-1,
		 31, 30, 14, 15,-1,
		 104, 28, 27, 26, 105,-1,
		 106, 107, 105, 25, 108,-1,
		 109, 106, 108, 110,-1,
		 111, 109, 110, 24, 112,-1,
		 113, 111, 112, 23, 114,-1,
		 115, 113, 114, 22, 116,-1,
		 117, 115, 116, 21, 118,-1,
		 119, 117, 118, 120,-1,
		 121, 119, 120, 122,-1,
		 123, 20, 19, 18, 124,-1,
		 125, 121, 124, 17, 126,-1,
		 127, 125, 126, 128,-1,
		 129, 127, 128, 16, 130,-1,
		 131, 129, 130, 31, 132,-1,
		 133, 131, 132, 30, 134,-1,
		 135, 133, 134, 29, 136,-1,
		 137, 135, 136, 138,-1,
		 107, 137, 138, 139,-1,
		]
	} #IndexedFaceSet
	Material {
		ambientColor      0.2500 0.2500 0.2500  #ambientColor
		diffuseColor      1.0000 1.0000 1.0000  #diffuseColor
		transparency      0.0000                #transparency
	} #Material

	IndexedFaceSet {
		coordIndex [ 
		 140, 137, 107, 106, 141,-1,
		 142, 143, 141, 144,-1,
		 145, 142, 144, 109, 146,-1,
		 147, 145, 146, 111, 148,-1,
		 149, 147, 148, 113, 150,-1,
		 151, 149, 150, 152,-1,
		 153, 151, 152, 115, 154,-1,
		 155, 153, 154, 117, 156,-1,
		 157, 155, 156, 158,-1,
		 159, 119, 121, 125, 160,-1,
		 161, 157, 160, 162,-1,
		 163, 161, 162, 127, 164,-1,
		 165, 163, 164, 129, 166,-1,
		 167, 165, 166, 131, 168,-1,
		 169, 167, 168, 170,-1,
		 171, 169, 170, 133, 172,-1,
		 173, 171, 172, 135, 174,-1,
		 143, 173, 174, 175,-1,
		]
	} #IndexedFaceSet
	Material {
		ambientColor      0.0000 0.0000 0.0000  #ambientColor
		diffuseColor      0.0000 0.0000 0.0000  #diffuseColor
		transparency      0.0000                #transparency
	} #Material

	IndexedFaceSet {
		coordIndex [ 
		 171, 173, 143, 142, 145, 147, 149, 151, 153, 155, 157, 161, 163, 165, 167, 169,-1,
		 16, 17, 18, 19, 20, 21, 22, 23, 24, 25, 26, 27, 28, 29, 30, 31,-1,
		]
	} #IndexedFaceSet
} #Polyhedron
Separator { #Polyhedron
	DEF COORD67 Coordinate3 {
		point [
		 29.6284 -1.0919 -8.0317,
		 29.5688 -1.2913 -7.9930,
		 29.4219 -1.3494 -7.8976,
		 29.3010 -1.1123 -7.8191,
		 29.1494 -1.0919 -8.7693,
		 29.0897 -1.2913 -8.7306,
		 28.9428 -1.3494 -8.6352,
		 28.8220 -1.1123 -8.5567
		]
	} #Coordinate3
	Material {
		ambientColor      0.0000 0.0000 0.0000  #ambientColor
		diffuseColor      0.0000 0.0000 0.0000  #diffuseColor
		transparency      0.0000                #transparency
	} #Material

	Texture2 {
		filename ""  #filename
		wrapS REPEAT 
		wrapT REPEAT 
	} #Texture2

	IndexedFaceSet {
		coordIndex [ 
		 0, 1, 2, 3,-1,
		 3, 2, 1, 0,-1,
		 0, 3, 7, 4,-1,
		 4, 7, 3, 0,-1,
		 1, 0, 4, 5,-1,
		 5, 4, 0, 1,-1,
		 2, 1, 5, 6,-1,
		 6, 5, 1, 2,-1,
		 3, 2, 6, 7,-1,
		 7, 6, 2, 3,-1,
		]
	} #IndexedFaceSet
	Material {
		ambientColor      0.0343 0.0343 0.0343  #ambientColor
		diffuseColor      0.1373 0.1373 0.1373  #diffuseColor
		transparency      0.0000                #transparency
	} #Material

	IndexedFaceSet {
		coordIndex [ 
		 7, 6, 5, 4,-1,
		 4, 5, 6, 7,-1,
		]
	} #IndexedFaceSet
} #Polyhedron
Separator { #Polyhedron
	DEF COORD68 Coordinate3 {
		point [
		 29.0476 -1.3360 -7.6545,
		 29.0117 -1.3750 -7.6311,
		 29.0010 -1.1310 -7.6242,
		 29.1476 -1.1219 -7.7194,
		 28.5685 -1.3360 -8.3921,
		 28.5326 -1.3750 -8.3687,
		 28.5219 -1.1310 -8.3618,
		 28.6685 -1.1219 -8.4570
		]
	} #Coordinate3
	Material {
		ambientColor      0.0000 0.0000 0.0000  #ambientColor
		diffuseColor      0.0000 0.0000 0.0000  #diffuseColor
		transparency      0.0000                #transparency
	} #Material

	Texture2 {
		filename ""  #filename
		wrapS REPEAT 
		wrapT REPEAT 
	} #Texture2

	IndexedFaceSet {
		coordIndex [ 
		 0, 1, 2, 3,-1,
		 3, 2, 1, 0,-1,
		 0, 3, 7, 4,-1,
		 4, 7, 3, 0,-1,
		 1, 0, 4, 5,-1,
		 5, 4, 0, 1,-1,
		 2, 1, 5, 6,-1,
		 6, 5, 1, 2,-1,
		 3, 2, 6, 7,-1,
		 7, 6, 2, 3,-1,
		 7, 6, 5, 4,-1,
		 4, 5, 6, 7,-1,
		]
	} #IndexedFaceSet
} #Polyhedron
Separator { #Polyhedron
	DEF COORD69 Coordinate3 {
		point [
		 28.0189 -1.1922 -6.9864,
		 28.0296 -1.4362 -6.9933,
		 27.8535 -1.4471 -6.8790,
		 27.7348 -1.2099 -6.8019,
		 27.5398 -1.1922 -7.7240,
		 27.5505 -1.4362 -7.7309,
		 27.3745 -1.4472 -7.6166,
		 27.2558 -1.2099 -7.5395
		]
	} #Coordinate3
	Material {
		ambientColor      0.0000 0.0000 0.0000  #ambientColor
		diffuseColor      0.0000 0.0000 0.0000  #diffuseColor
		transparency      0.0000                #transparency
	} #Material

	Texture2 {
		filename ""  #filename
		wrapS REPEAT 
		wrapT REPEAT 
	} #Texture2

	IndexedFaceSet {
		coordIndex [ 
		 0, 1, 2, 3,-1,
		 3, 2, 1, 0,-1,
		 0, 3, 7, 4,-1,
		 4, 7, 3, 0,-1,
		 1, 0, 4, 5,-1,
		 5, 4, 0, 1,-1,
		 2, 1, 5, 6,-1,
		 6, 5, 1, 2,-1,
		 3, 2, 6, 7,-1,
		 7, 6, 2, 3,-1,
		 7, 6, 5, 4,-1,
		 4, 5, 6, 7,-1,
		]
	} #IndexedFaceSet
} #Polyhedron
Separator { #Polyhedron
	DEF COORD70 Coordinate3 {
		point [
		 27.5614 -1.2207 -6.6893,
		 27.4708 -1.4710 -6.6304,
		 27.3951 -1.4757 -6.5813,
		 27.3270 -1.2353 -6.5370,
		 27.0823 -1.2207 -7.4269,
		 26.9918 -1.4710 -7.3680,
		 26.9161 -1.4757 -7.3188,
		 26.8480 -1.2353 -7.2746
		]
	} #Coordinate3
	Material {
		ambientColor      0.0000 0.0000 0.0000  #ambientColor
		diffuseColor      0.0000 0.0000 0.0000  #diffuseColor
		transparency      0.0000                #transparency
	} #Material

	Texture2 {
		filename ""  #filename
		wrapS REPEAT 
		wrapT REPEAT 
	} #Texture2

	IndexedFaceSet {
		coordIndex [ 
		 0, 1, 2, 3,-1,
		 3, 2, 1, 0,-1,
		 0, 3, 7, 4,-1,
		 4, 7, 3, 0,-1,
		 1, 0, 4, 5,-1,
		 5, 4, 0, 1,-1,
		 2, 1, 5, 6,-1,
		 6, 5, 1, 2,-1,
		 3, 2, 6, 7,-1,
		 7, 6, 2, 3,-1,
		 7, 6, 5, 4,-1,
		 4, 5, 6, 7,-1,
		]
	} #IndexedFaceSet
} #Polyhedron
Separator { #Polyhedron
	DEF COORD71 Coordinate3 {
		point [
		 27.3910 -1.4166 -6.5494,
		 27.3178 -1.4210 -6.5019,
		 27.2618 -1.2402 -6.4656,
		 27.3400 -1.2353 -6.5163,
		 26.8875 -1.4166 -7.3246,
		 26.8143 -1.4210 -7.2771,
		 26.7584 -1.2402 -7.2407,
		 26.8365 -1.2354 -7.2915
		]
	} #Coordinate3
	Material {
		ambientColor      0.2500 0.2500 0.2500  #ambientColor
		diffuseColor      1.0000 1.0000 1.0000  #diffuseColor
		transparency      0.0000                #transparency
	} #Material

	Texture2 {
		filename ""  #filename
		wrapS REPEAT 
		wrapT REPEAT 
	} #Texture2

	IndexedFaceSet {
		coordIndex [ 
		 0, 1, 2, 3,-1,
		 3, 2, 1, 0,-1,
		 0, 3, 7, 4,-1,
		 4, 7, 3, 0,-1,
		 1, 0, 4, 5,-1,
		 5, 4, 0, 1,-1,
		 2, 1, 5, 6,-1,
		 6, 5, 1, 2,-1,
		 3, 2, 6, 7,-1,
		 7, 6, 2, 3,-1,
		 7, 6, 5, 4,-1,
		 4, 5, 6, 7,-1,
		]
	} #IndexedFaceSet
} #Polyhedron
Separator { #Polyhedron
	DEF COORD72 Coordinate3 {
		point [
		 29.6076 -0.9301 -8.0182,
		 29.6895 -0.9250 -8.0714,
		 29.6557 -1.0902 -8.0494,
		 29.6148 -1.0927 -8.0229,
		 29.1286 -0.9301 -8.7558,
		 29.2104 -0.9250 -8.8090,
		 29.1766 -1.0902 -8.7870,
		 29.1357 -1.0927 -8.7604,
		 29.1863 -1.0427 -8.7933,
		 29.6654 -1.0427 -8.0557,
		 29.6387 -1.0427 -8.0967,
		 29.5056 -1.0427 -8.3016,
		 29.6654 -1.0427 -8.0557,
		 29.6483 -0.9952 -8.1029,
		 29.6751 -0.9952 -8.0621,
		 29.6751 -0.9952 -8.0621,
		 29.1960 -0.9952 -8.7996,
		 29.3556 -0.9952 -8.5537,
		 29.3460 -1.0427 -8.5474,
		 29.5056 -1.0427 -8.3016,
		 29.5153 -0.9952 -8.3078,
		 29.2129 -1.0427 -8.7523,
		 29.2225 -0.9952 -8.7585,
		 29.1863 -1.0427 -8.7933,
		 29.2225 -0.9952 -8.7585,
		 29.2129 -1.0427 -8.7523,
		 29.3460 -1.0427 -8.5474,
		 29.3556 -0.9952 -8.5537
		]
	} #Coordinate3
	Material {
		ambientColor      0.2500 0.2500 0.2500  #ambientColor
		diffuseColor      1.0000 1.0000 1.0000  #diffuseColor
		transparency      0.0000                #transparency
	} #Material

	Texture2 {
		filename ""  #filename
		wrapS REPEAT 
		wrapT REPEAT 
	} #Texture2

	IndexedFaceSet {
		coordIndex [ 
		 0, 1, 2, 3,-1,
		 3, 2, 1, 0,-1,
		 0, 3, 7, 4,-1,
		 4, 7, 3, 0,-1,
		 1, 0, 4, 5,-1,
		 5, 4, 0, 1,-1,
		 8, 6, 2, 9,-1,
		 10, 11, 9, 12,-1,
		 13, 10, 12, 14,-1,
		 15, 1, 5, 16,-1,
		 17, 18, 19, 20,-1,
		 21, 22, 16, 23,-1,
		]
	} #IndexedFaceSet
	Material {
		ambientColor      0.2500 0.0000 0.0000  #ambientColor
		diffuseColor      1.0000 0.0000 0.0000  #diffuseColor
		transparency      0.0000                #transparency
	} #Material

	IndexedFaceSet {
		coordIndex [ 
		 20, 11, 10, 13,-1,
		 24, 25, 26, 27,-1,
		]
	} #IndexedFaceSet
	Material {
		ambientColor      0.2500 0.2500 0.2500  #ambientColor
		diffuseColor      1.0000 1.0000 1.0000  #diffuseColor
		transparency      0.0000                #transparency
	} #Material

	IndexedFaceSet {
		coordIndex [ 
		 6, 5, 1, 2,-1,
		 3, 2, 6, 7,-1,
		 7, 6, 2, 3,-1,
		 7, 6, 5, 4,-1,
		 4, 5, 6, 7,-1,
		]
	} #IndexedFaceSet
} #Polyhedron
Separator { #Polyhedron
	DEF COORD73 Coordinate3 {
		point [
		 29.6284 -1.0919 -8.0317,
		 29.6966 -1.0876 -8.0760,
		 29.6334 -1.2057 -8.0350,
		 29.5959 -1.2081 -8.0106,
		 29.1493 -1.0919 -8.7693,
		 29.2175 -1.0876 -8.8136,
		 29.1543 -1.2058 -8.7725,
		 29.1168 -1.2081 -8.7482
		]
	} #Coordinate3
	Material {
		ambientColor      0.2500 0.2500 0.2500  #ambientColor
		diffuseColor      1.0000 1.0000 1.0000  #diffuseColor
		transparency      0.0000                #transparency
	} #Material

	Texture2 {
		filename ""  #filename
		wrapS REPEAT 
		wrapT REPEAT 
	} #Texture2

	IndexedFaceSet {
		coordIndex [ 
		 0, 1, 2, 3,-1,
		 3, 2, 1, 0,-1,
		 0, 3, 7, 4,-1,
		 4, 7, 3, 0,-1,
		 1, 0, 4, 5,-1,
		 5, 4, 0, 1,-1,
		 2, 1, 5, 6,-1,
		 6, 5, 1, 2,-1,
		 3, 2, 6, 7,-1,
		 7, 6, 2, 3,-1,
		 7, 6, 5, 4,-1,
		 4, 5, 6, 7,-1,
		]
	} #IndexedFaceSet
} #Polyhedron
Separator { #Polyhedron
	DEF COORD74 Coordinate3 {
		point [
		 27.8486 -1.0514 -6.8758,
		 28.0016 -0.7972 -6.9752,
		 28.0123 -1.0412 -6.9821,
		 27.3695 -1.0514 -7.6134,
		 27.5225 -0.7972 -7.7127,
		 27.5332 -1.0412 -7.7197
		]
	} #Coordinate3
	Material {
		ambientColor      0.2500 0.2500 0.2500  #ambientColor
		diffuseColor      1.0000 1.0000 1.0000  #diffuseColor
		transparency      0.4980                #transparency
	} #Material

	Texture2 {
		filename ""  #filename
		wrapS REPEAT 
		wrapT REPEAT 
	} #Texture2

	IndexedFaceSet {
		coordIndex [ 
		 0, 1, 2,-1,
		 2, 1, 0,-1,
		]
	} #IndexedFaceSet
	Material {
		ambientColor      0.0000 0.0000 0.0000  #ambientColor
		diffuseColor      0.0000 0.0000 0.0000  #diffuseColor
		transparency      0.0000                #transparency
	} #Material

	IndexedFaceSet {
		coordIndex [ 
		 0, 2, 5, 3,-1,
		 3, 5, 2, 0,-1,
		]
	} #IndexedFaceSet
	Material {
		ambientColor      0.2500 0.2500 0.2500  #ambientColor
		diffuseColor      1.0000 1.0000 1.0000  #diffuseColor
		transparency      0.4980                #transparency
	} #Material

	IndexedFaceSet {
		coordIndex [ 
		 1, 0, 3, 4,-1,
		 4, 3, 0, 1,-1,
		]
	} #IndexedFaceSet
	Material {
		ambientColor      0.2500 0.2500 0.2500  #ambientColor
		diffuseColor      1.0000 1.0000 1.0000  #diffuseColor
		transparency      1.0000                #transparency
	} #Material

	IndexedFaceSet {
		coordIndex [ 
		 2, 1, 4, 5,-1,
		 5, 4, 1, 2,-1,
		]
	} #IndexedFaceSet
	Material {
		ambientColor      0.2500 0.2500 0.2500  #ambientColor
		diffuseColor      1.0000 1.0000 1.0000  #diffuseColor
		transparency      0.4980                #transparency
	} #Material

	IndexedFaceSet {
		coordIndex [ 
		 5, 4, 3,-1,
		 3, 4, 5,-1,
		]
	} #IndexedFaceSet
} #Polyhedron
Separator { #Polyhedron
	DEF COORD75 Coordinate3 {
		point [
		 28.9629 -1.2040 -7.6787,
		 28.7757 -1.2156 -7.5571,
		 28.3707 -1.2156 -8.1806,
		 28.5579 -1.2040 -8.3022,
		 28.9667 -1.2922 -7.6812,
		 28.7795 -1.3039 -7.5596,
		 28.3746 -1.3039 -8.1831,
		 28.5618 -1.2922 -8.3047
		]
	} #Coordinate3
	Material {
		ambientColor      0.1598 0.1598 0.1598  #ambientColor
		diffuseColor      0.6392 0.6392 0.6392  #diffuseColor
		transparency      0.0000                #transparency
	} #Material

	Texture2 {
		filename ""  #filename
		wrapS REPEAT 
		wrapT REPEAT 
	} #Texture2

	IndexedFaceSet {
		coordIndex [ 
		 0, 1, 2, 3,-1,
		 3, 2, 1, 0,-1,
		 0, 3, 7, 4,-1,
		 4, 7, 3, 0,-1,
		 1, 0, 4, 5,-1,
		 5, 4, 0, 1,-1,
		 2, 1, 5, 6,-1,
		 6, 5, 1, 2,-1,
		 3, 2, 6, 7,-1,
		 7, 6, 2, 3,-1,
		 7, 6, 5, 4,-1,
		 4, 5, 6, 7,-1,
		]
	} #IndexedFaceSet
} #Polyhedron
Separator { #Polyhedron
	DEF COORD76 Coordinate3 {
		point [
		 28.3189 -1.2234 -7.8060,
		 28.1657 -1.2329 -7.7065,
		 28.0128 -1.2329 -7.9419,
		 28.1660 -1.2234 -8.0415,
		 28.3228 -1.3117 -7.8085,
		 28.1696 -1.3212 -7.7090,
		 28.0166 -1.3212 -7.9445,
		 28.1699 -1.3117 -8.0440
		]
	} #Coordinate3
	Material {
		ambientColor      0.1598 0.1598 0.1598  #ambientColor
		diffuseColor      0.6392 0.6392 0.6392  #diffuseColor
		transparency      0.0000                #transparency
	} #Material

	Texture2 {
		filename ""  #filename
		wrapS REPEAT 
		wrapT REPEAT 
	} #Texture2

	IndexedFaceSet {
		coordIndex [ 
		 0, 1, 2, 3,-1,
		 3, 2, 1, 0,-1,
		 0, 3, 7, 4,-1,
		 4, 7, 3, 0,-1,
		 1, 0, 4, 5,-1,
		 5, 4, 0, 1,-1,
		 2, 1, 5, 6,-1,
		 6, 5, 1, 2,-1,
		 3, 2, 6, 7,-1,
		 7, 6, 2, 3,-1,
		 7, 6, 5, 4,-1,
		 4, 5, 6, 7,-1,
		]
	} #IndexedFaceSet
} #Polyhedron
Separator { #Polyhedron
	DEF COORD77 Coordinate3 {
		point [
		 28.2517 -1.2430 -7.2231,
		 28.0907 -1.2530 -7.1185,
		 27.6886 -1.2530 -7.7376,
		 27.8496 -1.2430 -7.8422,
		 28.2556 -1.3312 -7.2256,
		 28.0945 -1.3413 -7.1210,
		 27.6924 -1.3413 -7.7401,
		 27.8535 -1.3312 -7.8447
		]
	} #Coordinate3
	Material {
		ambientColor      0.1598 0.1598 0.1598  #ambientColor
		diffuseColor      0.6392 0.6392 0.6392  #diffuseColor
		transparency      0.0000                #transparency
	} #Material

	Texture2 {
		filename ""  #filename
		wrapS REPEAT 
		wrapT REPEAT 
	} #Texture2

	IndexedFaceSet {
		coordIndex [ 
		 0, 1, 2, 3,-1,
		 3, 2, 1, 0,-1,
		 0, 3, 7, 4,-1,
		 4, 7, 3, 0,-1,
		 1, 0, 4, 5,-1,
		 5, 4, 0, 1,-1,
		 2, 1, 5, 6,-1,
		 6, 5, 1, 2,-1,
		 3, 2, 6, 7,-1,
		 7, 6, 2, 3,-1,
		 7, 6, 5, 4,-1,
		 4, 5, 6, 7,-1,
		]
	} #IndexedFaceSet
} #Polyhedron
Separator { #Polyhedron
	DEF COORD78 Coordinate3 {
		point [
		 28.5595 -1.2231 -7.4452,
		 28.4062 -1.2327 -7.3457,
		 28.2533 -1.2327 -7.5811,
		 28.4065 -1.2231 -7.6806,
		 28.5633 -1.3114 -7.4477,
		 28.4101 -1.3209 -7.3482,
		 28.2572 -1.3209 -7.5836,
		 28.4104 -1.3114 -7.6831
		]
	} #Coordinate3
	Material {
		ambientColor      0.1598 0.1598 0.1598  #ambientColor
		diffuseColor      0.6392 0.6392 0.6392  #diffuseColor
		transparency      0.0000                #transparency
	} #Material

	Texture2 {
		filename ""  #filename
		wrapS REPEAT 
		wrapT REPEAT 
	} #Texture2

	IndexedFaceSet {
		coordIndex [ 
		 0, 1, 2, 3,-1,
		 3, 2, 1, 0,-1,
		 0, 3, 7, 4,-1,
		 4, 7, 3, 0,-1,
		 1, 0, 4, 5,-1,
		 5, 4, 0, 1,-1,
		 2, 1, 5, 6,-1,
		 6, 5, 1, 2,-1,
		 3, 2, 6, 7,-1,
		 7, 6, 2, 3,-1,
		 7, 6, 5, 4,-1,
		 4, 5, 6, 7,-1,
		]
	} #IndexedFaceSet
} #Polyhedron
Separator { #Polyhedron
	DEF COORD79 Coordinate3 {
		point [
		 28.8852 -1.1983 -7.6295,
		 28.9153 -0.9872 -7.6490,
		 28.9364 -0.9713 -7.6628,
		 28.9510 -1.0068 -7.6723,
		 28.9586 -1.1802 -7.6772,
		 28.4809 -1.1983 -8.2521,
		 28.5109 -0.9872 -8.2716,
		 28.5320 -0.9713 -8.2854,
		 28.5467 -1.0068 -8.2949,
		 28.5543 -1.1802 -8.2998
		]
	} #Coordinate3
	Material {
		ambientColor      0.1598 0.1598 0.1598  #ambientColor
		diffuseColor      0.6392 0.6392 0.6392  #diffuseColor
		transparency      0.0000                #transparency
	} #Material

	Texture2 {
		filename ""  #filename
		wrapS REPEAT 
		wrapT REPEAT 
	} #Texture2

	IndexedFaceSet {
		coordIndex [ 
		 0, 1, 2, 3, 4,-1,
		 4, 3, 2, 1, 0,-1,
		 0, 4, 9, 5,-1,
		 5, 9, 4, 0,-1,
		 1, 0, 5, 6,-1,
		 6, 5, 0, 1,-1,
		 2, 1, 6, 7,-1,
		 7, 6, 1, 2,-1,
		 3, 2, 7, 8,-1,
		 8, 7, 2, 3,-1,
		 4, 3, 8, 9,-1,
		 9, 8, 3, 4,-1,
		 9, 8, 7, 6, 5,-1,
		 5, 6, 7, 8, 9,-1,
		]
	} #IndexedFaceSet
} #Polyhedron
Separator { #Polyhedron
	DEF COORD80 Coordinate3 {
		point [
		 28.2059 -1.2407 -7.1884,
		 28.2458 -1.0560 -7.2143,
		 28.2855 -1.0640 -7.2401,
		 28.2538 -1.2377 -7.2195,
		 27.8015 -1.2407 -7.8110,
		 27.8415 -1.0560 -7.8369,
		 27.8811 -1.0640 -7.8627,
		 27.8494 -1.2377 -7.8421
		]
	} #Coordinate3
	Material {
		ambientColor      0.1598 0.1598 0.1598  #ambientColor
		diffuseColor      0.6392 0.6392 0.6392  #diffuseColor
		transparency      0.0000                #transparency
	} #Material

	Texture2 {
		filename ""  #filename
		wrapS REPEAT 
		wrapT REPEAT 
	} #Texture2

	IndexedFaceSet {
		coordIndex [ 
		 0, 1, 2, 3,-1,
		 3, 2, 1, 0,-1,
		 0, 3, 7, 4,-1,
		 4, 7, 3, 0,-1,
		 1, 0, 4, 5,-1,
		 5, 4, 0, 1,-1,
		 2, 1, 5, 6,-1,
		 6, 5, 1, 2,-1,
		 3, 2, 6, 7,-1,
		 7, 6, 2, 3,-1,
		 7, 6, 5, 4,-1,
		 4, 5, 6, 7,-1,
		]
	} #IndexedFaceSet
} #Polyhedron
Separator { #Polyhedron
	DEF COORD81 Coordinate3 {
		point [
		 28.3025 -1.0682 -7.7954,
		 28.3385 -1.0712 -7.8188,
		 28.3187 -1.2182 -7.8059,
		 28.2839 -1.2204 -7.7833,
		 28.1468 -1.0682 -8.0352,
		 28.1827 -1.0712 -8.0586,
		 28.1630 -1.2182 -8.0457,
		 28.1281 -1.2204 -8.0231
		]
	} #Coordinate3
	Material {
		ambientColor      0.1598 0.1598 0.1598  #ambientColor
		diffuseColor      0.6392 0.6392 0.6392  #diffuseColor
		transparency      0.0000                #transparency
	} #Material

	Texture2 {
		filename ""  #filename
		wrapS REPEAT 
		wrapT REPEAT 
	} #Texture2

	IndexedFaceSet {
		coordIndex [ 
		 0, 1, 2, 3,-1,
		 3, 2, 1, 0,-1,
		 0, 3, 7, 4,-1,
		 4, 7, 3, 0,-1,
		 1, 0, 4, 5,-1,
		 5, 4, 0, 1,-1,
		 2, 1, 5, 6,-1,
		 6, 5, 1, 2,-1,
		 3, 2, 6, 7,-1,
		 7, 6, 2, 3,-1,
		 7, 6, 5, 4,-1,
		 4, 5, 6, 7,-1,
		]
	} #IndexedFaceSet
} #Polyhedron
Separator { #Polyhedron
	DEF COORD82 Coordinate3 {
		point [
		 28.5376 -1.0682 -7.4335,
		 28.5735 -1.0712 -7.4568,
		 28.5537 -1.2182 -7.4440,
		 28.5187 -1.2151 -7.4212,
		 28.3875 -1.0682 -7.6646,
		 28.4234 -1.0712 -7.6879,
		 28.4037 -1.2182 -7.6751,
		 28.3686 -1.2152 -7.6523
		]
	} #Coordinate3
	Material {
		ambientColor      0.1598 0.1598 0.1598  #ambientColor
		diffuseColor      0.6392 0.6392 0.6392  #diffuseColor
		transparency      0.0000                #transparency
	} #Material

	Texture2 {
		filename ""  #filename
		wrapS REPEAT 
		wrapT REPEAT 
	} #Texture2

	IndexedFaceSet {
		coordIndex [ 
		 0, 1, 2, 3,-1,
		 3, 2, 1, 0,-1,
		 0, 3, 7, 4,-1,
		 4, 7, 3, 0,-1,
		 1, 0, 4, 5,-1,
		 5, 4, 0, 1,-1,
		 2, 1, 5, 6,-1,
		 6, 5, 1, 2,-1,
		 3, 2, 6, 7,-1,
		 7, 6, 2, 3,-1,
		 7, 6, 5, 4,-1,
		 4, 5, 6, 7,-1,
		]
	} #IndexedFaceSet
} #Polyhedron
}
