#VRML V1.0 ascii

Separator {
	Info { string "Virtus VRML 1.0.1
	VRML Export Filter
	Virtus Corporation
	114 MacKenan Drive, Suite 100
	Cary, NC 27511
	919-467-9700"}

	DEF BackgroundColor Info{  # Sky color
		string " 0.3 0.8 1.0 "
	}

	DirectionalLight {
		on         TRUE          # SFBool
		intensity  1.0           # SFFloat
		color      0.4 0.4 0.4   # SFColor
		direction  0 0 0   # SFVec3f
	}

	DirectionalLight {
		on         TRUE          # SFBool
		intensity  1.0           # SFFloat
		color      0.5 0.5 0.5   # SFColor
		direction  34 -247 -57   # SFVec3f
	}

	DirectionalLight {
		on         TRUE          # SFBool
		intensity  1.0           # SFFloat
		color      0.4 0.4 0.4   # SFColor
		direction  -209 -104 105   # SFVec3f
	}

	DirectionalLight {
		on         TRUE          # SFBool
		intensity  1.0           # SFFloat
		color      0.5 0.5 0.5   # SFColor
		direction  5 119 -226   # SFVec3f
	}

	PerspectiveCamera {
		position 42.7991 3.0480 -31.1405          #SFVec3f 
		orientation 0 1 0  2.0378     #SFRotation 
		focalDistance  5            #SFFloat 
		heightAngle 1.9201 
	}

	ShapeHints {
		vertexOrdering	CLOCKWISE
		shapeType	SOLID
	}

	Transform {
		translation 0 0 0
		scaleFactor 1.0 1.0 1.0
	}

Separator { #Polyhedron
	DEF COORD0 Coordinate3 {
		point [
		 -8.9476 0.0000 124.8862,
		 -101.2378 0.0000 80.9929,
		 -135.4741 0.0000 -15.3443,
		 -91.6014 0.0000 -107.6923,
		 4.6804 0.0000 -141.9550,
		 96.9706 0.0000 -98.0617,
		 131.2069 0.0000 -1.7246,
		 87.3342 0.0000 90.6235,
		 -8.9476 -2.4384 124.8862,
		 -101.2378 -2.4384 80.9929,
		 -135.4741 -2.4384 -15.3443,
		 -91.6014 -2.4384 -107.6923,
		 4.6804 -2.4384 -141.9550,
		 96.9706 -2.4384 -98.0617,
		 131.2069 -2.4384 -1.7246,
		 87.3342 -2.4384 90.6235,
		 43.1473 0.0000 106.3478,
		 -47.9265 0.0000 106.3478,
		 -19.2292 0.0000 94.5353,
		 0.6658 0.0000 106.3478,
		 -72.7635 0.0000 94.5353,
		 -28.7577 0.0000 83.9747,
		 -94.9683 0.0000 83.9747,
		 -23.7483 0.0000 73.9811,
		 -103.7297 0.0000 73.9811,
		 -13.8640 0.0000 67.1154,
		 -106.1696 0.0000 67.1154,
		 5.2348 0.0000 64.3199,
		 -107.1631 0.0000 64.3199,
		 -107.1631 0.0000 64.3199,
		 -125.5762 0.0000 12.5073,
		 124.4457 0.0000 12.5073,
		 99.8305 0.0000 64.3199,
		 18.5781 0.0000 72.7386,
		 95.8309 0.0000 72.7386,
		 14.5103 0.0000 95.9089,
		 72.4817 0.0000 95.9089,
		 43.1473 0.0000 106.3478,
		 -98.6586 0.0000 12.3141,
		 -98.6574 0.0000 12.5073,
		 -125.6449 0.0000 12.3141,
		 -67.1896 0.0000 12.3141,
		 124.5374 0.0000 12.3141,
		 124.4457 0.0000 12.5073,
		 -98.7026 0.0000 5.1515,
		 -98.6586 0.0000 12.3141,
		 -128.1903 0.0000 5.1515,
		 -67.1896 0.0000 12.3141,
		 -55.4415 0.0000 12.2420,
		 -55.4410 0.0000 12.3141,
		 -98.7029 0.0000 5.1053,
		 -98.7026 0.0000 5.1515,
		 -128.2067 0.0000 5.1053,
		 -55.4509 0.0000 5.1515,
		 -55.4512 0.0000 5.1053,
		 20.2553 0.0000 5.1053,
		 -98.7058 0.0000 4.6324,
		 -98.7029 0.0000 5.1053,
		 -128.2067 0.0000 5.1053,
		 -128.3748 0.0000 4.6324,
		 20.8513 0.0000 4.6324,
		 20.3782 0.0000 5.1053,
		 -55.4512 0.0000 5.1053,
		 -55.4541 0.0000 4.6324,
		 31.4775 0.0000 5.1053,
		 31.8290 0.0000 4.6324,
		 128.1869 0.0000 4.6324,
		 127.9622 0.0000 5.1053,
		 124.7553 0.0000 11.8556,
		 124.7460 0.0000 11.8751,
		 26.4788 0.0000 11.8751,
		 26.4610 0.0000 11.8556,
		 20.3782 0.0000 5.1053,
		 20.3141 0.0000 5.1694,
		 20.2553 0.0000 5.1053,
		 26.4610 0.0000 11.8556,
		 31.4775 0.0000 5.1053,
		 127.9622 0.0000 5.1053,
		 124.7553 0.0000 11.8556,
		 124.5374 0.0000 12.3141,
		 -98.7345 0.0000 -0.0406,
		 -98.7058 0.0000 4.6324,
		 -130.0355 0.0000 -0.0406,
		 -55.4541 0.0000 4.6324,
		 -55.4828 0.0000 -0.0406,
		 -15.7249 0.0000 -0.0406,
		 -15.6962 0.0000 4.6324,
		 -98.7355 0.0000 -0.2064,
		 -98.7345 0.0000 -0.0406,
		 -130.0944 0.0000 -0.2064,
		 -55.4828 0.0000 -0.0406,
		 -55.4838 0.0000 -0.2064,
		 11.2810 0.0000 -0.2064,
		 -15.7249 0.0000 -0.0406,
		 -98.9739 0.0000 -39.0393,
		 -98.7355 0.0000 -0.2064,
		 -130.0944 0.0000 -0.2064,
		 -124.2171 0.0000 -39.0393,
		 -55.7238 0.0000 -39.3048,
		 -124.0910 0.0000 -39.3048,
		 -30.4393 0.0000 -45.4995,
		 -29.8231 0.0000 -39.3048,
		 -124.0910 0.0000 -39.3048,
		 -121.1480 0.0000 -45.4995,
		 1.6636 0.0000 -46.1054,
		 -120.8601 0.0000 -46.1054,
		 87.5968 0.0000 -58.0920,
		 74.4493 0.0000 -46.1054,
		 -120.8601 0.0000 -46.1054,
		 -115.1655 0.0000 -58.0920,
		 87.4733 0.0000 -58.2289,
		 87.5968 0.0000 -58.0920,
		 -115.1005 0.0000 -58.2289,
		 69.8321 0.0000 -77.7807,
		 87.4733 0.0000 -58.2289,
		 -115.1005 0.0000 -58.2289,
		 -105.8118 0.0000 -77.7807,
		 73.6038 0.0000 -81.1838,
		 -104.1951 0.0000 -81.1838,
		 -104.1951 0.0000 -81.1838,
		 102.9687 0.0000 -81.1838,
		 94.3154 0.0000 -58.2289,
		 111.1264 0.0000 -58.2289,
		 96.8270 0.0000 -55.4452,
		 94.3154 0.0000 -58.2289,
		 112.1157 0.0000 -55.4452,
		 90.0475 0.0000 -55.3758,
		 98.4119 0.0000 -46.1054,
		 80.1418 0.0000 -46.1054,
		 105.2541 0.0000 -46.1054,
		 96.8270 0.0000 -55.4452,
		 115.4348 0.0000 -46.1054,
		 74.4493 0.0000 -46.1054,
		 66.9900 0.0000 -39.3048,
		 11.6781 0.0000 -39.3048,
		 98.4119 0.0000 -46.1054,
		 104.5480 0.0000 -39.3048,
		 72.8752 0.0000 -39.3048,
		 80.1418 0.0000 -46.1054,
		 111.3901 0.0000 -39.3048,
		 105.2541 0.0000 -46.1054,
		 117.8517 0.0000 -39.3048,
		 35.5151 0.0000 -10.0271,
		 25.6915 0.0000 -0.2064,
		 -55.4838 0.0000 -0.2064,
		 -55.5441 0.0000 -10.0271,
		 28.2440 0.0000 -16.8791,
		 35.5151 0.0000 -10.0271,
		 -55.5862 0.0000 -16.8791,
		 40.1441 0.0000 -14.6547,
		 36.8606 0.0000 -16.8791,
		 42.3691 0.0000 -16.8791,
		 25.4890 0.0000 -19.4752,
		 28.2440 0.0000 -16.8791,
		 -55.5862 0.0000 -16.8791,
		 -55.6021 0.0000 -19.4752,
		 45.2399 0.0000 -19.4752,
		 42.3922 0.0000 -16.8791,
		 36.8606 0.0000 -16.8791,
		 33.0282 0.0000 -19.4752,
		 48.9126 0.0000 -16.8791,
		 51.6867 0.0000 -19.4752,
		 124.8987 0.0000 -19.4752,
		 125.8213 0.0000 -16.8791,
		 25.4875 0.0000 -19.4766,
		 25.4890 0.0000 -19.4752,
		 -55.6021 0.0000 -19.4766,
		 -55.6021 0.0000 -19.4766,
		 -55.6134 0.0000 -21.3109,
		 -28.0329 0.0000 -21.3109,
		 25.4875 0.0000 -19.4766,
		 -29.8231 0.0000 -39.3048,
		 66.9900 0.0000 -39.3048,
		 61.7634 0.0000 -34.5397,
		 18.6951 0.0000 -34.5397,
		 11.6781 0.0000 -39.3048,
		 104.5480 0.0000 -39.3048,
		 108.8474 0.0000 -34.5397,
		 67.7835 0.0000 -34.5397,
		 72.8752 0.0000 -39.3048,
		 115.6896 0.0000 -34.5397,
		 111.3901 0.0000 -39.3048,
		 117.8517 0.0000 -39.3048,
		 119.5451 0.0000 -34.5397,
		 61.7634 0.0000 -34.5397,
		 53.2854 0.0000 -26.8103,
		 22.2003 0.0000 -26.8103,
		 18.6951 0.0000 -34.5397,
		 121.8173 0.0000 -28.1460,
		 122.2920 0.0000 -26.8103,
		 59.5244 0.0000 -26.8103,
		 60.9516 0.0000 -28.1460,
		 108.8474 0.0000 -34.5397,
		 114.6163 0.0000 -28.1460,
		 67.7835 0.0000 -34.5397,
		 118.3880 0.0000 -31.5490,
		 115.6896 0.0000 -34.5397,
		 120.6079 0.0000 -31.5490,
		 121.8173 0.0000 -28.1460,
		 53.2854 0.0000 -26.8103,
		 45.2399 0.0000 -19.4752,
		 33.0282 0.0000 -19.4752,
		 22.2003 0.0000 -26.8103,
		 51.6867 0.0000 -19.4752,
		 59.5244 0.0000 -26.8103,
		 124.8987 0.0000 -19.4752,
		 127.0198 0.0000 -13.5066,
		 127.0199 0.0000 -13.5065,
		 45.3090 0.0000 -13.5065,
		 45.3088 0.0000 -13.5066,
		 45.2832 0.0000 -13.5360,
		 45.3090 0.0000 -13.5066,
		 42.3922 0.0000 -16.8791,
		 42.3793 0.0000 -16.8673,
		 48.9126 0.0000 -16.8791,
		 127.0198 0.0000 -13.5066,
		 35.4250 0.0000 -0.2064,
		 130.4857 0.0000 -0.2064,
		 25.6915 0.0000 -0.2064,
		 21.0171 0.0000 4.4666,
		 11.3097 0.0000 4.4666,
		 11.2810 0.0000 -0.2064,
		 31.9522 0.0000 4.4666,
		 35.4250 0.0000 -0.2064,
		 130.4857 0.0000 -0.2064,
		 128.2656 0.0000 4.4666,
		 21.0171 0.0000 4.4666,
		 20.8513 0.0000 4.6324,
		 31.8290 0.0000 4.6324,
		 31.9522 0.0000 4.4666,
		 128.2656 0.0000 4.4666,
		 128.1869 0.0000 4.6324,
		 -41.9860 0.0000 12.2420,
		 -55.4415 0.0000 12.2420,
		 -55.4850 0.0000 5.1515,
		 20.2977 0.0000 5.1515,
		 26.4668 0.0000 11.8619,
		 -41.9470 0.0000 12.2418,
		 -55.4074 0.0000 12.2418,
		 -55.4097 0.0000 11.8619,
		 20.2570 0.0000 5.2265,
		 26.4563 0.0000 11.8619,
		 -55.4505 0.0000 5.2265,
		 20.3141 0.0000 5.1694,
		 -55.4508 0.0000 5.1694,
		 -55.4508 0.0000 5.1694,
		 -55.4509 0.0000 5.1515,
		 20.3141 0.0000 5.1694,
		 26.4610 0.0000 11.8556,
		 26.4668 0.0000 11.8619,
		 -55.4415 0.0000 12.2420,
		 -41.9860 0.0000 12.2420,
		 42.7155 0.0000 -10.0167,
		 35.5047 0.0000 -10.0167,
		 35.5151 0.0000 -10.0271,
		 35.5262 0.0000 -10.0167,
		 42.3700 0.0000 -16.8587,
		 44.3024 0.0000 -14.6547,
		 40.1441 0.0000 -14.6547,
		 42.3488 0.0000 -16.8587,
		 42.3793 0.0000 -16.8673,
		 42.3573 0.0000 -16.8673,
		 42.3573 0.0000 -16.8673,
		 42.3793 0.0000 -16.8673,
		 44.3024 0.0000 -14.6547,
		 44.3124 0.0000 -14.6433,
		 40.1610 0.0000 -14.6433,
		 40.1441 0.0000 -14.6547,
		 45.2832 0.0000 -13.5360,
		 42.7155 0.0000 -10.0167,
		 39.0518 0.0000 -13.5360,
		 44.3124 0.0000 -14.6433,
		 45.2832 0.0000 -13.5360,
		 25.4742 0.0000 -19.4892,
		 25.4875 0.0000 -19.4766,
		 25.1201 0.0000 -19.4892,
		 22.0779 0.0000 -26.8932,
		 -28.5883 0.0000 -26.8932,
		 -28.5883 0.0000 -26.8932,
		 22.1627 0.0000 -26.8932,
		 22.2003 0.0000 -26.8103,
		 90.0475 0.0000 -55.3758,
		 84.6175 0.0000 -55.3758,
		 87.5968 0.0000 -58.0920,
		 90.0475 0.0000 -55.3758
		]
	} #Coordinate3
	Material {
		ambientColor      0.0000 0.1000 0.0000  #ambientColor
		diffuseColor      0.0000 0.4000 0.0000  #diffuseColor
		transparency      0.0000                #transparency
	} #Material

	IndexedFaceSet {
		coordIndex [ 
		 16, 0, 17,-1,
		 18, 19, 17, 20,-1,
		 21, 18, 20, 22,-1,
		 23, 21, 22, 1, 24,-1,
		 25, 23, 24, 26,-1,
		 27, 25, 26, 28,-1,
		 29, 30, 31, 32,-1,
		 33, 27, 32, 34,-1,
		 35, 33, 34, 7, 36,-1,
		 19, 35, 36, 37,-1,
		 38, 39, 30, 40,-1,
		 39, 41, 42, 43,-1,
		 44, 45, 40, 46,-1,
		 47, 48, 49,-1,
		 50, 51, 46, 52,-1,
		 53, 54, 55,-1,
		 56, 57, 58, 59,-1,
		 60, 61, 62, 63,-1,
		 64, 65, 66, 67,-1,
		 68, 69, 70, 71,-1,
		 72, 73, 74,-1,
		 75, 76, 77, 78,-1,
		 49, 70, 69, 79,-1,
		 80, 81, 59, 82,-1,
		 83, 84, 85, 86,-1,
		 87, 88, 82, 89,-1,
		 90, 91, 92, 93,-1,
		 94, 95, 96, 2, 97,-1,
		 98, 94, 97, 99,-1,
		 100, 101, 102, 103,-1,
		 104, 100, 103, 105,-1,
		 106, 107, 108, 109,-1,
		 110, 111, 109, 112,-1,
		 113, 114, 115, 116,-1,
		 117, 113, 116, 118,-1,
		 119, 3, 4, 5, 120,-1,
		 121, 117, 120, 122,-1,
		 123, 124, 122, 125,-1,
		 126, 127, 128,-1,
		 129, 130, 125, 131,-1,
		 132, 133, 134, 104,-1,
		 135, 136, 137, 138,-1,
		 139, 140, 131, 141,-1,
		 142, 143, 144, 145,-1,
		 146, 147, 145, 148,-1,
		 149, 150, 151,-1,
		 152, 153, 154, 155,-1,
		 156, 157, 158, 159,-1,
		 160, 161, 162, 163,-1,
		 164, 165, 155, 166,-1,
		 167, 168, 169, 170,-1,
		 171, 169, 168, 98,-1,
		 172, 173, 174, 175,-1,
		 176, 177, 178, 179,-1,
		 180, 181, 182, 183,-1,
		 184, 185, 186, 187,-1,
		 188, 189, 190, 191,-1,
		 192, 193, 191, 194,-1,
		 195, 196, 183, 197,-1,
		 193, 195, 197, 198,-1,
		 199, 200, 201, 202,-1,
		 203, 204, 189, 205,-1,
		 206, 207, 208, 209,-1,
		 210, 211, 209,-1,
		 212, 213, 151,-1,
		 211, 214, 163, 215,-1,
		 216, 208, 207, 6, 217,-1,
		 218, 219, 220, 221,-1,
		 222, 223, 224, 225,-1,
		 226, 227, 86, 220,-1,
		 228, 229, 230, 231,-1,
		]
	} #IndexedFaceSet
	Material {
		ambientColor      0.2500 0.2500 0.2500  #ambientColor
		diffuseColor      1.0000 1.0000 1.0000  #diffuseColor
		transparency      0.0000                #transparency
	} #Material

	IndexedFaceSet {
		coordIndex [ 
		 86, 93, 221, 220,-1,
		]
	} #IndexedFaceSet
	Material {
		ambientColor      0.0696 0.0696 0.0696  #ambientColor
		diffuseColor      0.2784 0.2784 0.2784  #diffuseColor
		transparency      0.0000                #transparency
	} #Material

	IndexedFaceSet {
		coordIndex [ 
		 232, 49, 233,-1,
		 234, 74, 235,-1,
		 236, 70, 237, 238, 239,-1,
		 240, 241, 239, 242,-1,
		 243, 240, 242, 244,-1,
		 245, 246, 235, 247,-1,
		 241, 248, 249,-1,
		 250, 238, 237, 251,-1,
		 39, 94, 98, 238,-1,
		]
	} #IndexedFaceSet
	Material {
		ambientColor      0.0000 0.0500 0.2500  #ambientColor
		diffuseColor      0.0000 0.2000 1.0000  #diffuseColor
		transparency      0.0000                #transparency
	} #Material

	IndexedFaceSet {
		coordIndex [ 
		 27, 33, 35, 19, 18, 21, 23, 25,-1,
		]
	} #IndexedFaceSet
	Material {
		ambientColor      0.0696 0.0696 0.0696  #ambientColor
		diffuseColor      0.2784 0.2784 0.2784  #diffuseColor
		transparency      0.0000                #transparency
	} #Material

	IndexedFaceSet {
		coordIndex [ 
		 252, 241, 240, 253,-1,
		 254, 255, 253,-1,
		 256, 257, 258, 259,-1,
		 260, 256, 259, 261,-1,
		 262, 151, 263,-1,
		 264, 265, 266, 267,-1,
		 268, 208, 269, 255, 270,-1,
		 271, 272, 270, 266,-1,
		 273, 274, 275,-1,
		 276, 273, 275, 169, 277,-1,
		 278, 100, 104, 187, 279,-1,
		 280, 276, 279,-1,
		 276, 266, 255, 273,-1,
		 281, 211, 256, 282,-1,
		 283, 284, 282,-1,
		]
	} #IndexedFaceSet
	Material {
		ambientColor      0.0343 0.0343 0.0343  #ambientColor
		diffuseColor      0.1373 0.1373 0.1373  #diffuseColor
		transparency      0.0000                #transparency
	} #Material

	IndexedFaceSet {
		coordIndex [ 
		 113, 117, 195, 193,-1,
		]
	} #IndexedFaceSet
	Material {
		ambientColor      0.0000 0.1000 0.0000  #ambientColor
		diffuseColor      0.0000 0.4000 0.0000  #diffuseColor
		transparency      0.0000                #transparency
	} #Material

	IndexedFaceSet {
		coordIndex [ 
		 7, 6, 5, 4, 3, 2, 1, 0,-1,
		 0, 7, 15, 8,-1,
		 8, 15, 7, 0,-1,
		 1, 0, 8, 9,-1,
		 9, 8, 0, 1,-1,
		 2, 1, 9, 10,-1,
		 10, 9, 1, 2,-1,
		 3, 2, 10, 11,-1,
		 11, 10, 2, 3,-1,
		 4, 3, 11, 12,-1,
		 12, 11, 3, 4,-1,
		 5, 4, 12, 13,-1,
		 13, 12, 4, 5,-1,
		 6, 5, 13, 14,-1,
		 14, 13, 5, 6,-1,
		 7, 6, 14, 15,-1,
		 15, 14, 6, 7,-1,
		 15, 14, 13, 12, 11, 10, 9, 8,-1,
		 8, 9, 10, 11, 12, 13, 14, 15,-1,
		]
	} #IndexedFaceSet
} #Polyhedron
Separator { #Polyhedron
	DEF COORD1 Coordinate3 {
		point [
		 -15.2400 6.0960 0.0000,
		 -15.2400 6.0960 -15.3416,
		 11.7131 6.0960 -15.3416,
		 11.7131 6.0960 0.0000,
		 -15.2400 0.0000 0.0000,
		 -15.2400 0.0000 -15.3416,
		 11.7131 0.0000 -15.3416,
		 11.7131 0.0000 0.0000,
		 -15.2400 5.7545 0.0000,
		 11.7131 5.7545 0.0000,
		 -15.2400 3.9517 0.0000,
		 -13.9449 5.7545 0.0000,
		 -13.9449 3.9517 0.0000,
		 -15.2400 3.9045 0.0000,
		 -15.2400 3.9517 0.0000,
		 -3.3567 3.9517 0.0000,
		 -3.3567 3.9045 0.0000,
		 1.3822 3.9045 0.0000,
		 1.3822 3.8646 0.0000,
		 -15.2400 3.8646 0.0000,
		 -15.2400 3.9045 0.0000,
		 1.3822 3.9517 0.0000,
		 1.3822 3.9045 0.0000,
		 0.1905 3.9045 0.0000,
		 0.1905 3.9517 0.0000,
		 11.7131 3.8646 0.0000,
		 11.7131 2.7500 0.0000,
		 -15.2400 2.7500 0.0000,
		 -15.2400 3.8646 0.0000,
		 2.7196 3.8646 0.0000,
		 2.7196 3.9517 0.0000,
		 5.4100 3.9517 0.0000,
		 5.4100 3.8646 0.0000,
		 11.7131 3.8646 0.0000,
		 11.7131 3.8646 0.0000,
		 6.7474 3.8646 0.0000,
		 6.7474 3.9517 0.0000,
		 8.7410 3.9517 0.0000,
		 8.7410 3.8646 0.0000,
		 11.7131 3.9517 0.0000,
		 11.7131 3.8646 0.0000,
		 10.0784 3.8646 0.0000,
		 10.0784 3.9517 0.0000,
		 -12.6075 3.9517 0.0000,
		 -12.6075 5.7545 0.0000,
		 -10.2873 5.7545 0.0000,
		 -10.2873 3.9517 0.0000,
		 11.7131 3.9517 0.0000,
		 11.7131 3.9517 0.0000,
		 -8.9499 3.9517 0.0000,
		 -8.9499 5.7545 0.0000,
		 -6.0636 5.7545 0.0000,
		 -6.0636 3.9517 0.0000,
		 -4.7262 5.7073 0.0000,
		 -4.7262 5.7545 0.0000,
		 11.7131 5.7545 0.0000,
		 11.7131 5.7073 0.0000,
		 -4.7262 5.6674 0.0000,
		 -3.3567 5.7073 0.0000,
		 -3.3567 5.6674 0.0000,
		 11.7131 5.7073 0.0000,
		 11.7131 5.6674 0.0000,
		 0.1905 5.6674 0.0000,
		 0.1905 5.7073 0.0000,
		 -4.7262 3.9517 0.0000,
		 -3.3567 5.6674 0.0000,
		 -3.3567 3.9517 0.0000,
		 1.3822 5.6674 0.0000,
		 1.3822 3.9517 0.0000,
		 0.1905 3.9517 0.0000,
		 0.1905 5.6674 0.0000,
		 2.7196 3.9517 0.0000,
		 2.7196 5.6674 0.0000,
		 5.4100 5.6674 0.0000,
		 5.4100 3.9517 0.0000,
		 6.7474 3.9517 0.0000,
		 6.7474 5.6674 0.0000,
		 8.7410 5.6674 0.0000,
		 8.7410 3.9517 0.0000,
		 11.7131 5.6674 0.0000,
		 11.7131 3.9517 0.0000,
		 10.0784 3.9517 0.0000,
		 10.0784 5.6674 0.0000,
		 -15.2400 2.7307 0.0000,
		 -13.9449 2.7500 0.0000,
		 -13.9449 2.7307 0.0000,
		 -12.6075 2.7307 0.0000,
		 -12.6075 2.7500 0.0000,
		 -10.2873 2.7500 0.0000,
		 -10.2873 2.7307 0.0000,
		 -8.9499 2.7307 0.0000,
		 -8.9499 2.7500 0.0000,
		 -6.0636 2.7500 0.0000,
		 -6.0636 2.7307 0.0000,
		 1.3822 2.7500 0.0000,
		 1.3822 2.7307 0.0000,
		 -4.7262 2.7307 0.0000,
		 -4.7262 2.7500 0.0000,
		 2.7196 2.7307 0.0000,
		 2.7196 2.7500 0.0000,
		 5.4100 2.7500 0.0000,
		 5.4100 2.7307 0.0000,
		 6.7474 2.7307 0.0000,
		 6.7474 2.7500 0.0000,
		 8.7192 2.7500 0.0000,
		 8.7192 2.7307 0.0000,
		 11.7131 2.7500 0.0000,
		 11.7131 2.7307 0.0000,
		 10.0566 2.7307 0.0000,
		 10.0566 2.7500 0.0000,
		 -15.2400 0.4465 0.0000,
		 -13.9449 2.7307 0.0000,
		 -13.9449 0.4465 0.0000,
		 -3.3401 0.4465 0.0000,
		 -3.3401 0.0002 0.0000,
		 -15.2400 0.0002 0.0000,
		 -15.2400 0.4465 0.0000,
		 -12.6075 0.4465 0.0000,
		 -12.6075 2.7307 0.0000,
		 -10.2873 2.7307 0.0000,
		 -10.2873 0.4465 0.0000,
		 -3.3401 0.4465 0.0000,
		 -3.3401 0.4465 0.0000,
		 -8.9499 0.4465 0.0000,
		 -8.9499 2.7307 0.0000,
		 -6.0636 2.7307 0.0000,
		 -6.0636 0.4465 0.0000,
		 -3.3401 2.7307 0.0000,
		 -3.3401 0.4465 0.0000,
		 -4.7262 0.4465 0.0000,
		 -4.7262 2.7307 0.0000,
		 11.7131 0.0002 0.0000,
		 -15.2400 0.0002 0.0000,
		 0.1778 0.4465 0.0000,
		 0.1778 2.7307 0.0000,
		 1.3822 2.7307 0.0000,
		 1.3822 0.4465 0.0000,
		 11.7131 0.4465 0.0000,
		 11.7131 0.0002 0.0000,
		 0.1778 0.0002 0.0000,
		 0.1778 0.4465 0.0000,
		 2.7196 0.4465 0.0000,
		 2.7196 2.7307 0.0000,
		 5.4100 2.7307 0.0000,
		 5.4100 0.4465 0.0000,
		 11.7131 0.4465 0.0000,
		 11.7131 0.4465 0.0000,
		 6.7474 0.4465 0.0000,
		 6.7474 2.7307 0.0000,
		 8.7192 2.7307 0.0000,
		 8.7192 0.4465 0.0000,
		 11.7131 2.7307 0.0000,
		 11.7131 0.4465 0.0000,
		 10.0566 0.4465 0.0000,
		 10.0566 2.7307 0.0000,
		 -3.3401 2.5831 0.0000,
		 0.1778 2.5831 0.0000,
		 -3.3401 2.1386 0.0000,
		 -3.2502 2.5831 0.0000,
		 -3.2502 2.1386 0.0000,
		 -3.3401 2.0878 0.0000,
		 -3.3401 2.1386 0.0000,
		 -2.7979 2.1386 0.0000,
		 -2.7979 2.0878 0.0000,
		 -3.3401 1.6433 0.0000,
		 -3.2502 2.0878 0.0000,
		 -3.2502 1.6433 0.0000,
		 -3.3401 1.5925 0.0000,
		 -3.3401 1.6433 0.0000,
		 -2.7979 1.6433 0.0000,
		 -2.7979 1.5925 0.0000,
		 -3.3401 1.1481 0.0000,
		 -3.2502 1.5925 0.0000,
		 -3.2502 1.1481 0.0000,
		 -3.3401 1.0973 0.0000,
		 -3.3401 1.1481 0.0000,
		 -2.7979 1.1481 0.0000,
		 -2.7979 1.0973 0.0000,
		 -3.3401 0.6528 0.0000,
		 -3.2502 1.0973 0.0000,
		 -3.2502 0.6528 0.0000,
		 -2.7979 0.6528 0.0000,
		 -2.7979 0.0510 0.0000,
		 -3.3401 0.0510 0.0000,
		 -3.3401 0.6528 0.0000,
		 -2.7979 1.0973 0.0000,
		 -2.7979 0.6528 0.0000,
		 -2.8936 0.6528 0.0000,
		 -2.8936 1.0973 0.0000,
		 -2.7979 1.5925 0.0000,
		 -2.7979 1.1481 0.0000,
		 -2.8936 1.1481 0.0000,
		 -2.8936 1.5925 0.0000,
		 -2.7979 2.0878 0.0000,
		 -2.7979 1.6433 0.0000,
		 -2.8936 1.6433 0.0000,
		 -2.8936 2.0878 0.0000,
		 -2.7979 2.5831 0.0000,
		 -2.7979 2.1386 0.0000,
		 -2.8936 2.1386 0.0000,
		 -2.8936 2.5831 0.0000,
		 -1.5787 0.0510 0.0000,
		 -1.5787 0.0510 0.0000,
		 0.1778 0.0510 0.0000,
		 -3.3401 0.0510 0.0000,
		 -0.3556 2.1386 0.0000,
		 -0.3556 2.5831 0.0000,
		 -0.2657 2.5831 0.0000,
		 -0.2657 2.1386 0.0000,
		 -0.3556 2.0878 0.0000,
		 -0.3556 2.1386 0.0000,
		 0.1778 2.1386 0.0000,
		 0.1778 2.0878 0.0000,
		 -0.3556 1.6433 0.0000,
		 -0.2657 2.0878 0.0000,
		 -0.2657 1.6433 0.0000,
		 -0.3556 1.5925 0.0000,
		 -0.3556 1.6433 0.0000,
		 0.1778 1.6433 0.0000,
		 0.1778 1.5925 0.0000,
		 -0.3556 1.1481 0.0000,
		 -0.2657 1.5925 0.0000,
		 -0.2657 1.1481 0.0000,
		 -0.3556 1.0973 0.0000,
		 -0.3556 1.1481 0.0000,
		 0.1778 1.1481 0.0000,
		 0.1778 1.0973 0.0000,
		 -0.3556 0.6528 0.0000,
		 -0.2657 1.0973 0.0000,
		 -0.2657 0.6528 0.0000,
		 0.1778 0.6528 0.0000,
		 0.1778 0.0510 0.0000,
		 -0.3556 0.0510 0.0000,
		 -0.3556 0.6528 0.0000,
		 0.1778 1.0973 0.0000,
		 0.1778 0.6528 0.0000,
		 0.0909 0.6528 0.0000,
		 0.0909 1.0973 0.0000,
		 0.1778 1.5925 0.0000,
		 0.1778 1.1481 0.0000,
		 0.0909 1.1481 0.0000,
		 0.0909 1.5925 0.0000,
		 0.1778 2.0878 0.0000,
		 0.1778 1.6433 0.0000,
		 0.0909 1.6433 0.0000,
		 0.0909 2.0878 0.0000,
		 0.1778 2.5831 0.0000,
		 0.1778 2.1386 0.0000,
		 0.0909 2.1386 0.0000,
		 0.0909 2.5831 0.0000,
		 -1.5748 2.4610 0.0000,
		 -1.5748 2.5831 0.0000,
		 -0.3556 2.4610 0.0000,
		 -1.5748 2.4561 0.0000,
		 -0.8787 2.4610 0.0000,
		 -0.8787 2.4561 0.0000,
		 -1.5748 2.0165 0.0000,
		 -1.3906 2.4561 0.0000,
		 -1.3906 2.0165 0.0000,
		 -0.8787 2.4561 0.0000,
		 -0.8787 2.0165 0.0000,
		 -1.0340 2.0165 0.0000,
		 -1.0340 2.4561 0.0000,
		 -1.5748 2.0116 0.0000,
		 -1.5748 2.0165 0.0000,
		 -1.3906 2.0165 0.0000,
		 -1.3906 2.0116 0.0000,
		 -0.3556 2.0116 0.0000,
		 -0.3556 1.8973 0.0000,
		 -1.5748 1.8973 0.0000,
		 -1.5748 2.0116 0.0000,
		 -0.3556 2.0165 0.0000,
		 -0.3556 2.0116 0.0000,
		 -1.0340 2.0116 0.0000,
		 -1.0340 2.0165 0.0000,
		 -0.3556 2.4610 0.0000,
		 -0.3556 2.0165 0.0000,
		 -0.5221 2.0165 0.0000,
		 -0.5221 2.4610 0.0000,
		 -1.5748 1.4275 0.0000,
		 -1.3960 1.8973 0.0000,
		 -1.3960 1.4275 0.0000,
		 -1.5748 1.4196 0.0000,
		 -1.5748 1.4275 0.0000,
		 -0.8714 1.4275 0.0000,
		 -0.8714 1.4196 0.0000,
		 -1.5748 1.2321 0.0000,
		 -1.5748 1.4196 0.0000,
		 -0.3556 1.4196 0.0000,
		 -0.3556 1.2321 0.0000,
		 -1.5748 1.2243 0.0000,
		 -1.3872 1.2321 0.0000,
		 -1.3872 1.2243 0.0000,
		 -0.3556 1.2321 0.0000,
		 -0.3556 1.2243 0.0000,
		 -1.0433 1.2243 0.0000,
		 -1.0433 1.2321 0.0000,
		 -0.3556 1.4275 0.0000,
		 -0.3556 1.4196 0.0000,
		 -0.5148 1.4196 0.0000,
		 -0.5148 1.4275 0.0000,
		 -1.0394 1.8895 0.0000,
		 -1.0394 1.8973 0.0000,
		 -0.3556 1.8973 0.0000,
		 -0.3556 1.8895 0.0000,
		 -1.0394 1.4275 0.0000,
		 -0.8714 1.8895 0.0000,
		 -0.8714 1.4275 0.0000,
		 -0.3556 1.8895 0.0000,
		 -0.3556 1.4275 0.0000,
		 -0.5148 1.4275 0.0000,
		 -0.5148 1.8895 0.0000,
		 -1.5748 0.5258 0.0000,
		 -1.3872 1.2243 0.0000,
		 -1.3872 0.5258 0.0000,
		 -0.8753 1.2243 0.0000,
		 -0.8753 0.5258 0.0000,
		 -1.0433 0.5258 0.0000,
		 -1.0433 1.2243 0.0000,
		 -1.5748 0.5209 0.0000,
		 -1.5748 0.5258 0.0000,
		 -1.3872 0.5258 0.0000,
		 -1.3872 0.5209 0.0000,
		 -0.3556 0.5209 0.0000,
		 -0.3556 0.3431 0.0000,
		 -1.5748 0.3431 0.0000,
		 -1.5748 0.5209 0.0000,
		 -0.3556 0.5258 0.0000,
		 -0.3556 0.5209 0.0000,
		 -1.0433 0.5209 0.0000,
		 -1.0433 0.5258 0.0000,
		 -1.5748 0.1272 0.0000,
		 -1.4423 0.3431 0.0000,
		 -1.4423 0.1272 0.0000,
		 -0.3556 0.1272 0.0000,
		 -1.5748 0.0510 0.0000,
		 -1.5748 0.1272 0.0000,
		 -0.3556 0.3431 0.0000,
		 -0.3556 0.1272 0.0000,
		 -0.4136 0.1272 0.0000,
		 -0.4136 0.3431 0.0000,
		 -0.3556 1.2243 0.0000,
		 -0.3556 0.5258 0.0000,
		 -0.5314 0.5258 0.0000,
		 -0.5314 1.2243 0.0000,
		 -2.7979 2.4610 0.0000,
		 -2.7979 2.5831 0.0000,
		 -1.5748 2.5831 0.0000,
		 -1.5748 2.4610 0.0000,
		 -2.7979 2.4561 0.0000,
		 -2.1360 2.4610 0.0000,
		 -2.1360 2.4561 0.0000,
		 -1.5748 2.4610 0.0000,
		 -1.5748 2.4561 0.0000,
		 -1.7794 2.4561 0.0000,
		 -1.7794 2.4610 0.0000,
		 -2.7979 2.0116 0.0000,
		 -2.6479 2.4561 0.0000,
		 -2.6479 2.0116 0.0000,
		 -2.7979 1.9100 0.0000,
		 -2.7979 2.0116 0.0000,
		 -1.5748 2.0116 0.0000,
		 -1.5748 1.9100 0.0000,
		 -2.7979 1.4402 0.0000,
		 -2.6533 1.9100 0.0000,
		 -2.6533 1.4402 0.0000,
		 -2.7979 1.4323 0.0000,
		 -2.7979 1.4402 0.0000,
		 -2.1287 1.4402 0.0000,
		 -2.1287 1.4323 0.0000,
		 -1.5748 1.4323 0.0000,
		 -1.5748 1.2321 0.0000,
		 -2.7979 1.2321 0.0000,
		 -2.7979 1.4323 0.0000,
		 -1.5748 1.4402 0.0000,
		 -1.5748 1.4323 0.0000,
		 -1.7721 1.4323 0.0000,
		 -1.7721 1.4402 0.0000,
		 -2.2967 1.9022 0.0000,
		 -2.2967 1.9100 0.0000,
		 -1.5748 1.9100 0.0000,
		 -1.5748 1.9022 0.0000,
		 -2.2967 1.4402 0.0000,
		 -2.1287 1.9022 0.0000,
		 -2.1287 1.4402 0.0000,
		 -1.5748 1.9022 0.0000,
		 -1.5748 1.4402 0.0000,
		 -1.7721 1.4402 0.0000,
		 -1.7721 1.9022 0.0000,
		 -2.7979 0.5209 0.0000,
		 -2.6572 1.2321 0.0000,
		 -2.6572 0.5209 0.0000,
		 -2.7979 0.3431 0.0000,
		 -2.7979 0.5209 0.0000,
		 -1.5748 0.5209 0.0000,
		 -1.5748 0.3431 0.0000,
		 -2.7979 0.1272 0.0000,
		 -2.6996 0.3431 0.0000,
		 -2.6996 0.1272 0.0000,
		 -1.5748 0.1272 0.0000,
		 -2.7979 0.1272 0.0000,
		 -1.5748 0.3431 0.0000,
		 -1.5748 0.1272 0.0000,
		 -1.6709 0.1272 0.0000,
		 -1.6709 0.3431 0.0000,
		 -2.3133 1.2243 0.0000,
		 -2.3133 1.2321 0.0000,
		 -1.5748 1.2321 0.0000,
		 -1.5748 1.2243 0.0000,
		 -2.3133 0.5258 0.0000,
		 -2.1326 1.2243 0.0000,
		 -2.1326 0.5258 0.0000,
		 -1.5748 0.5258 0.0000,
		 -1.5748 0.5209 0.0000,
		 -2.3133 0.5209 0.0000,
		 -2.3133 0.5258 0.0000,
		 -1.5748 1.2243 0.0000,
		 -1.5748 0.5258 0.0000,
		 -1.7887 0.5258 0.0000,
		 -1.7887 1.2243 0.0000,
		 -2.2913 2.0165 0.0000,
		 -2.2913 2.4561 0.0000,
		 -2.1360 2.4561 0.0000,
		 -2.1360 2.0165 0.0000,
		 -1.5748 2.0165 0.0000,
		 -1.5748 2.0116 0.0000,
		 -2.2913 2.0116 0.0000,
		 -2.2913 2.0165 0.0000,
		 -1.5748 2.4561 0.0000,
		 -1.5748 2.0165 0.0000,
		 -1.7794 2.0165 0.0000,
		 -1.7794 2.4561 0.0000,
		 -0.8753 0.5258 0.0000,
		 -0.8787 2.0165 0.0000,
		 1.3822 2.6563 0.0000,
		 2.7196 2.6563 0.0000,
		 1.3822 2.0467 0.0000,
		 1.4721 2.6563 0.0000,
		 1.4721 2.0467 0.0000,
		 1.3822 1.9959 0.0000,
		 1.3822 2.0467 0.0000,
		 2.7196 2.0467 0.0000,
		 2.7196 1.9959 0.0000,
		 1.3822 0.5608 0.0000,
		 1.4721 1.9959 0.0000,
		 1.4721 0.5608 0.0000,
		 2.7196 0.5608 0.0000,
		 1.3822 0.5608 0.0000,
		 2.7196 1.9959 0.0000,
		 2.7196 0.5608 0.0000,
		 2.6415 0.5608 0.0000,
		 2.6415 1.9959 0.0000,
		 1.7271 2.0467 0.0000,
		 1.7271 2.6563 0.0000,
		 1.7769 2.6563 0.0000,
		 1.7769 2.0467 0.0000,
		 2.0319 2.0467 0.0000,
		 2.0319 2.6563 0.0000,
		 2.0817 2.6563 0.0000,
		 2.0817 2.0467 0.0000,
		 2.3367 2.0467 0.0000,
		 2.3367 2.6563 0.0000,
		 2.3865 2.6563 0.0000,
		 2.3865 2.0467 0.0000,
		 2.7196 2.6563 0.0000,
		 2.7196 2.0467 0.0000,
		 2.6415 2.0467 0.0000,
		 2.6415 2.6563 0.0000,
		 5.4100 2.6563 0.0000,
		 5.4100 2.7501 0.0000,
		 6.7474 2.7501 0.0000,
		 6.7474 2.6563 0.0000,
		 5.4100 2.0467 0.0000,
		 5.4998 2.6563 0.0000,
		 5.4998 2.0467 0.0000,
		 5.4100 1.9741 0.0000,
		 5.4100 2.0467 0.0000,
		 6.7474 2.0467 0.0000,
		 6.7474 1.9741 0.0000,
		 5.4100 0.5390 0.0000,
		 5.4998 1.9741 0.0000,
		 5.4998 0.5390 0.0000,
		 6.7474 0.5390 0.0000,
		 5.4100 0.5390 0.0000,
		 6.7474 1.9741 0.0000,
		 6.7474 0.5390 0.0000,
		 6.6692 0.5390 0.0000,
		 6.6692 1.9741 0.0000,
		 5.7548 2.0467 0.0000,
		 5.7548 2.6563 0.0000,
		 5.8046 2.6563 0.0000,
		 5.8046 2.0467 0.0000,
		 6.0596 2.0467 0.0000,
		 6.0596 2.6563 0.0000,
		 6.1094 2.6563 0.0000,
		 6.1094 2.0467 0.0000,
		 6.3644 2.0467 0.0000,
		 6.3644 2.6563 0.0000,
		 6.4142 2.6563 0.0000,
		 6.4142 2.0467 0.0000,
		 6.7474 2.6563 0.0000,
		 6.7474 2.0467 0.0000,
		 6.6692 2.0467 0.0000,
		 6.6692 2.6563 0.0000,
		 8.7192 2.6563 0.0000,
		 8.7192 2.7501 0.0000,
		 10.0566 2.7501 0.0000,
		 10.0566 2.6563 0.0000,
		 8.7192 2.0467 0.0000,
		 8.8091 2.6563 0.0000,
		 8.8091 2.0467 0.0000,
		 8.7192 1.9959 0.0000,
		 8.7192 2.0467 0.0000,
		 10.0566 2.0467 0.0000,
		 10.0566 1.9959 0.0000,
		 8.7192 0.5608 0.0000,
		 8.8091 1.9959 0.0000,
		 8.8091 0.5608 0.0000,
		 10.0566 0.5608 0.0000,
		 8.7192 0.5608 0.0000,
		 10.0566 1.9959 0.0000,
		 10.0566 0.5608 0.0000,
		 9.9785 0.5608 0.0000,
		 9.9785 1.9959 0.0000,
		 9.0641 2.0467 0.0000,
		 9.0641 2.6563 0.0000,
		 9.1139 2.6563 0.0000,
		 9.1139 2.0467 0.0000,
		 9.3689 2.0467 0.0000,
		 9.3689 2.6563 0.0000,
		 9.4187 2.6563 0.0000,
		 9.4187 2.0467 0.0000,
		 9.6737 2.0467 0.0000,
		 9.6737 2.6563 0.0000,
		 9.7235 2.6563 0.0000,
		 9.7235 2.0467 0.0000,
		 10.0566 2.6563 0.0000,
		 10.0566 2.0467 0.0000,
		 9.9785 2.0467 0.0000,
		 9.9785 2.6563 0.0000,
		 -13.9449 2.6563 0.0000,
		 -13.9449 2.7501 0.0000,
		 -12.6075 2.7501 0.0000,
		 -12.6075 2.6563 0.0000,
		 -13.9449 2.0467 0.0000,
		 -13.8550 2.6563 0.0000,
		 -13.8550 2.0467 0.0000,
		 -13.9449 1.9959 0.0000,
		 -13.9449 2.0467 0.0000,
		 -12.6075 2.0467 0.0000,
		 -12.6075 1.9959 0.0000,
		 -13.9449 0.5608 0.0000,
		 -13.8550 1.9959 0.0000,
		 -13.8550 0.5608 0.0000,
		 -12.6075 0.5608 0.0000,
		 -13.9449 0.5608 0.0000,
		 -12.6075 1.9959 0.0000,
		 -12.6075 0.5608 0.0000,
		 -12.6856 0.5608 0.0000,
		 -12.6856 1.9959 0.0000,
		 -13.6000 2.0467 0.0000,
		 -13.6000 2.6563 0.0000,
		 -13.5502 2.6563 0.0000,
		 -13.5502 2.0467 0.0000,
		 -13.2952 2.0467 0.0000,
		 -13.2952 2.6563 0.0000,
		 -13.2454 2.6563 0.0000,
		 -13.2454 2.0467 0.0000,
		 -12.9904 2.0467 0.0000,
		 -12.9904 2.6563 0.0000,
		 -12.9406 2.6563 0.0000,
		 -12.9406 2.0467 0.0000,
		 -12.6075 2.6563 0.0000,
		 -12.6075 2.0467 0.0000,
		 -12.6856 2.0467 0.0000,
		 -12.6856 2.6563 0.0000,
		 -10.2873 2.6563 0.0000,
		 -10.2873 2.7501 0.0000,
		 -8.9499 2.7501 0.0000,
		 -8.9499 2.6563 0.0000,
		 -10.2873 2.0467 0.0000,
		 -10.1974 2.6563 0.0000,
		 -10.1974 2.0467 0.0000,
		 -10.2873 1.9741 0.0000,
		 -10.2873 2.0467 0.0000,
		 -8.9499 2.0467 0.0000,
		 -8.9499 1.9741 0.0000,
		 -10.2873 0.5390 0.0000,
		 -10.1974 1.9741 0.0000,
		 -10.1974 0.5390 0.0000,
		 -8.9499 0.5390 0.0000,
		 -10.2873 0.5390 0.0000,
		 -8.9499 1.9741 0.0000,
		 -8.9499 0.5390 0.0000,
		 -9.0280 0.5390 0.0000,
		 -9.0280 1.9741 0.0000,
		 -9.9424 2.0467 0.0000,
		 -9.9424 2.6563 0.0000,
		 -9.8926 2.6563 0.0000,
		 -9.8926 2.0467 0.0000,
		 -9.6376 2.0467 0.0000,
		 -9.6376 2.6563 0.0000,
		 -9.5878 2.6563 0.0000,
		 -9.5878 2.0467 0.0000,
		 -9.3328 2.0467 0.0000,
		 -9.3328 2.6563 0.0000,
		 -9.2830 2.6563 0.0000,
		 -9.2830 2.0467 0.0000,
		 -8.9499 2.6563 0.0000,
		 -8.9499 2.0467 0.0000,
		 -9.0280 2.0467 0.0000,
		 -9.0280 2.6563 0.0000,
		 -6.0636 2.6563 0.0000,
		 -6.0636 2.7501 0.0000,
		 -4.7262 2.7501 0.0000,
		 -4.7262 2.6563 0.0000,
		 -6.0636 2.0467 0.0000,
		 -5.9737 2.6563 0.0000,
		 -5.9737 2.0467 0.0000,
		 -6.0636 1.9959 0.0000,
		 -6.0636 2.0467 0.0000,
		 -4.7262 2.0467 0.0000,
		 -4.7262 1.9959 0.0000,
		 -6.0636 0.5608 0.0000,
		 -5.9737 1.9959 0.0000,
		 -5.9737 0.5608 0.0000,
		 -4.7262 0.5608 0.0000,
		 -6.0636 0.5608 0.0000,
		 -4.7262 1.9959 0.0000,
		 -4.7262 0.5608 0.0000,
		 -4.8044 0.5608 0.0000,
		 -4.8044 1.9959 0.0000,
		 -5.7188 2.0467 0.0000,
		 -5.7188 2.6563 0.0000,
		 -5.6689 2.6563 0.0000,
		 -5.6689 2.0467 0.0000,
		 -5.4140 2.0467 0.0000,
		 -5.4140 2.6563 0.0000,
		 -5.3641 2.6563 0.0000,
		 -5.3641 2.0467 0.0000,
		 -5.1092 2.0467 0.0000,
		 -5.1092 2.6563 0.0000,
		 -5.0593 2.6563 0.0000,
		 -5.0593 2.0467 0.0000,
		 -4.7262 2.6563 0.0000,
		 -4.7262 2.0467 0.0000,
		 -4.8044 2.0467 0.0000,
		 -4.8044 2.6563 0.0000,
		 -13.9449 5.6607 0.0000,
		 -12.6075 5.6607 0.0000,
		 -13.9449 5.0511 0.0000,
		 -13.8550 5.6607 0.0000,
		 -13.8550 5.0511 0.0000,
		 -13.9449 5.0003 0.0000,
		 -13.9449 5.0511 0.0000,
		 -12.6075 5.0511 0.0000,
		 -12.6075 5.0003 0.0000,
		 -13.9449 4.0442 0.0000,
		 -13.8550 5.0003 0.0000,
		 -13.8550 4.0442 0.0000,
		 -12.6075 4.0442 0.0000,
		 -13.9449 4.0442 0.0000,
		 -12.6075 5.0003 0.0000,
		 -12.6075 4.0442 0.0000,
		 -12.6856 4.0442 0.0000,
		 -12.6856 5.0003 0.0000,
		 -13.6000 5.0511 0.0000,
		 -13.6000 5.6607 0.0000,
		 -13.5502 5.6607 0.0000,
		 -13.5502 5.0511 0.0000,
		 -13.2952 5.0511 0.0000,
		 -13.2952 5.6607 0.0000,
		 -13.2454 5.6607 0.0000,
		 -13.2454 5.0511 0.0000,
		 -12.9904 5.0511 0.0000,
		 -12.9904 5.6607 0.0000,
		 -12.9406 5.6607 0.0000,
		 -12.9406 5.0511 0.0000,
		 -12.6075 5.6607 0.0000,
		 -12.6075 5.0511 0.0000,
		 -12.6856 5.0511 0.0000,
		 -12.6856 5.6607 0.0000,
		 -10.2873 5.6607 0.0000,
		 -10.2873 5.7545 0.0000,
		 -8.9499 5.7545 0.0000,
		 -8.9499 5.6607 0.0000,
		 -10.2873 5.0511 0.0000,
		 -10.1974 5.6607 0.0000,
		 -10.1974 5.0511 0.0000,
		 -10.2873 4.9568 0.0000,
		 -10.2873 5.0511 0.0000,
		 -8.9499 5.0511 0.0000,
		 -8.9499 4.9568 0.0000,
		 -10.2873 4.0442 0.0000,
		 -10.1974 4.9568 0.0000,
		 -10.1974 4.0442 0.0000,
		 -8.9499 4.0442 0.0000,
		 -10.2873 4.0442 0.0000,
		 -8.9499 4.9568 0.0000,
		 -8.9499 4.0442 0.0000,
		 -9.0280 4.0442 0.0000,
		 -9.0280 4.9568 0.0000,
		 -9.9424 5.0511 0.0000,
		 -9.9424 5.6607 0.0000,
		 -9.8926 5.6607 0.0000,
		 -9.8926 5.0511 0.0000,
		 -9.6376 5.0511 0.0000,
		 -9.6376 5.6607 0.0000,
		 -9.5878 5.6607 0.0000,
		 -9.5878 5.0511 0.0000,
		 -9.3328 5.0511 0.0000,
		 -9.3328 5.6607 0.0000,
		 -9.2830 5.6607 0.0000,
		 -9.2830 5.0511 0.0000,
		 -8.9499 5.6607 0.0000,
		 -8.9499 5.0511 0.0000,
		 -9.0280 5.0511 0.0000,
		 -9.0280 5.6607 0.0000,
		 -6.0636 5.6607 0.0000,
		 -6.0636 5.7545 0.0000,
		 -4.7262 5.7545 0.0000,
		 -4.7262 5.6607 0.0000,
		 -6.0636 5.0511 0.0000,
		 -5.9737 5.6607 0.0000,
		 -5.9737 5.0511 0.0000,
		 -6.0636 5.0003 0.0000,
		 -6.0636 5.0511 0.0000,
		 -4.7262 5.0511 0.0000,
		 -4.7262 5.0003 0.0000,
		 -6.0636 4.0660 0.0000,
		 -5.9737 5.0003 0.0000,
		 -5.9737 4.0660 0.0000,
		 -4.7262 4.0660 0.0000,
		 -6.0636 4.0660 0.0000,
		 -4.7262 5.0003 0.0000,
		 -4.7262 4.0660 0.0000,
		 -4.8044 4.0660 0.0000,
		 -4.8044 5.0003 0.0000,
		 -5.7188 5.0511 0.0000,
		 -5.7188 5.6607 0.0000,
		 -5.6689 5.6607 0.0000,
		 -5.6689 5.0511 0.0000,
		 -5.4140 5.0511 0.0000,
		 -5.4140 5.6607 0.0000,
		 -5.3641 5.6607 0.0000,
		 -5.3641 5.0511 0.0000,
		 -5.1092 5.0511 0.0000,
		 -5.1092 5.6607 0.0000,
		 -5.0593 5.6607 0.0000,
		 -5.0593 5.0511 0.0000,
		 -4.7262 5.6607 0.0000,
		 -4.7262 5.0511 0.0000,
		 -4.8044 5.0511 0.0000,
		 -4.8044 5.6607 0.0000,
		 1.3822 5.5736 0.0000,
		 2.7196 5.5736 0.0000,
		 1.3822 4.9640 0.0000,
		 1.4721 5.5736 0.0000,
		 1.4721 4.9640 0.0000,
		 1.3822 4.9132 0.0000,
		 1.3822 4.9640 0.0000,
		 2.7196 4.9640 0.0000,
		 2.7196 4.9132 0.0000,
		 1.3822 3.9571 0.0000,
		 1.4721 4.9132 0.0000,
		 1.4721 3.9571 0.0000,
		 2.7196 3.9571 0.0000,
		 1.3822 3.9571 0.0000,
		 2.7196 4.9132 0.0000,
		 2.7196 3.9571 0.0000,
		 2.6415 3.9571 0.0000,
		 2.6415 4.9132 0.0000,
		 1.7271 4.9640 0.0000,
		 1.7271 5.5736 0.0000,
		 1.7769 5.5736 0.0000,
		 1.7769 4.9640 0.0000,
		 2.0319 4.9640 0.0000,
		 2.0319 5.5736 0.0000,
		 2.0817 5.5736 0.0000,
		 2.0817 4.9640 0.0000,
		 2.3367 4.9640 0.0000,
		 2.3367 5.5736 0.0000,
		 2.3865 5.5736 0.0000,
		 2.3865 4.9640 0.0000,
		 2.7196 5.5736 0.0000,
		 2.7196 4.9640 0.0000,
		 2.6415 4.9640 0.0000,
		 2.6415 5.5736 0.0000,
		 5.4100 5.5736 0.0000,
		 5.4100 5.6674 0.0000,
		 6.7474 5.6674 0.0000,
		 6.7474 5.5736 0.0000,
		 5.4100 4.9640 0.0000,
		 5.4998 5.5736 0.0000,
		 5.4998 4.9640 0.0000,
		 5.4100 4.8697 0.0000,
		 5.4100 4.9640 0.0000,
		 6.7474 4.9640 0.0000,
		 6.7474 4.8697 0.0000,
		 5.4100 3.9571 0.0000,
		 5.4998 4.8697 0.0000,
		 5.4998 3.9571 0.0000,
		 6.7474 3.9571 0.0000,
		 5.4100 3.9571 0.0000,
		 6.7474 4.8697 0.0000,
		 6.7474 3.9571 0.0000,
		 6.6692 3.9571 0.0000,
		 6.6692 4.8697 0.0000,
		 5.7548 4.9640 0.0000,
		 5.7548 5.5736 0.0000,
		 5.8046 5.5736 0.0000,
		 5.8046 4.9640 0.0000,
		 6.0596 4.9640 0.0000,
		 6.0596 5.5736 0.0000,
		 6.1094 5.5736 0.0000,
		 6.1094 4.9640 0.0000,
		 6.3644 4.9640 0.0000,
		 6.3644 5.5736 0.0000,
		 6.4142 5.5736 0.0000,
		 6.4142 4.9640 0.0000,
		 6.7474 5.5736 0.0000,
		 6.7474 4.9640 0.0000,
		 6.6692 4.9640 0.0000,
		 6.6692 5.5736 0.0000,
		 8.7410 5.5736 0.0000,
		 8.7410 5.6674 0.0000,
		 10.0784 5.6674 0.0000,
		 10.0784 5.5736 0.0000,
		 8.7410 4.9640 0.0000,
		 8.8309 5.5736 0.0000,
		 8.8309 4.9640 0.0000,
		 8.7410 4.9132 0.0000,
		 8.7410 4.9640 0.0000,
		 10.0784 4.9640 0.0000,
		 10.0784 4.9132 0.0000,
		 8.7410 3.9789 0.0000,
		 8.8309 4.9132 0.0000,
		 8.8309 3.9789 0.0000,
		 10.0784 3.9789 0.0000,
		 8.7410 3.9789 0.0000,
		 10.0784 4.9132 0.0000,
		 10.0784 3.9789 0.0000,
		 10.0002 3.9789 0.0000,
		 10.0002 4.9132 0.0000,
		 9.0858 4.9640 0.0000,
		 9.0858 5.5736 0.0000,
		 9.1357 5.5736 0.0000,
		 9.1357 4.9640 0.0000,
		 9.3906 4.9640 0.0000,
		 9.3906 5.5736 0.0000,
		 9.4405 5.5736 0.0000,
		 9.4405 4.9640 0.0000,
		 9.6954 4.9640 0.0000,
		 9.6954 5.5736 0.0000,
		 9.7453 5.5736 0.0000,
		 9.7453 4.9640 0.0000,
		 10.0784 5.5736 0.0000,
		 10.0784 4.9640 0.0000,
		 10.0002 4.9640 0.0000,
		 10.0002 5.5736 0.0000,
		 -3.3567 5.6135 0.0000,
		 0.1905 5.6135 0.0000,
		 -3.3567 5.0039 0.0000,
		 -3.2668 5.6135 0.0000,
		 -3.2668 5.0039 0.0000,
		 -3.3567 4.9531 0.0000,
		 -3.3567 5.0039 0.0000,
		 -1.9812 5.0039 0.0000,
		 -1.9812 4.9531 0.0000,
		 0.1905 5.0039 0.0000,
		 0.1905 4.9531 0.0000,
		 -1.1938 4.9531 0.0000,
		 -1.1938 5.0039 0.0000,
		 -3.3567 3.9970 0.0000,
		 -3.2668 4.9531 0.0000,
		 -3.2668 3.9970 0.0000,
		 0.1905 3.9970 0.0000,
		 -3.3567 3.9970 0.0000,
		 -2.0974 4.9096 0.0000,
		 -2.0974 4.9531 0.0000,
		 -1.9812 4.9531 0.0000,
		 -1.9812 4.9096 0.0000,
		 0.1905 4.9531 0.0000,
		 0.1905 4.9096 0.0000,
		 -1.1938 4.9096 0.0000,
		 -1.1938 4.9531 0.0000,
		 -2.0974 4.0133 0.0000,
		 -1.9812 4.9096 0.0000,
		 -1.9812 4.0133 0.0000,
		 -1.0933 4.0133 0.0000,
		 -1.0933 3.9970 0.0000,
		 -2.0974 3.9970 0.0000,
		 -2.0974 4.0133 0.0000,
		 -1.0933 4.9096 0.0000,
		 -1.0933 4.0133 0.0000,
		 -1.1938 4.0133 0.0000,
		 -1.1938 4.9096 0.0000,
		 0.1905 3.9970 0.0000,
		 0.1905 3.9970 0.0000,
		 0.1905 4.9096 0.0000,
		 0.0761 3.9970 0.0000,
		 0.0761 4.9096 0.0000,
		 -3.0118 5.0039 0.0000,
		 -3.0118 5.6135 0.0000,
		 -2.9620 5.6135 0.0000,
		 -2.9620 5.0039 0.0000,
		 -2.7070 5.0039 0.0000,
		 -2.7070 5.6135 0.0000,
		 -2.6572 5.6135 0.0000,
		 -2.6572 5.0039 0.0000,
		 -2.4022 5.0039 0.0000,
		 -2.4022 5.6135 0.0000,
		 -2.3524 5.6135 0.0000,
		 -2.3524 5.0039 0.0000,
		 -2.0974 5.0039 0.0000,
		 -2.0974 5.6135 0.0000,
		 -1.9812 5.6135 0.0000,
		 -1.9812 5.0039 0.0000,
		 -1.0933 5.6135 0.0000,
		 -1.0933 5.0039 0.0000,
		 -1.1938 5.0039 0.0000,
		 -1.1938 5.6135 0.0000,
		 0.1905 5.0039 0.0000,
		 0.1905 5.0039 0.0000,
		 -1.0933 5.0039 0.0000,
		 -0.8383 5.0039 0.0000,
		 -0.8383 5.6135 0.0000,
		 -0.7885 5.6135 0.0000,
		 -0.7885 5.0039 0.0000,
		 -0.5335 5.0039 0.0000,
		 -0.5335 5.6135 0.0000,
		 -0.4837 5.6135 0.0000,
		 -0.4837 5.0039 0.0000,
		 -0.2287 5.0039 0.0000,
		 -0.2287 5.6135 0.0000,
		 -0.1789 5.6135 0.0000,
		 -0.1789 5.0039 0.0000,
		 0.1905 5.6135 0.0000,
		 0.1905 5.0039 0.0000,
		 0.0761 5.0039 0.0000,
		 0.0761 5.6135 0.0000,
		 -1.0933 5.6135 0.0000,
		 -0.8383 5.6135 0.0000,
		 -0.7885 5.6135 0.0000,
		 -0.5335 5.6135 0.0000,
		 -0.4837 5.6135 0.0000,
		 -0.2287 5.6135 0.0000,
		 -0.1789 5.6135 0.0000,
		 0.0761 5.6135 0.0000,
		 -1.9812 5.6135 0.0000,
		 -1.1938 5.6135 0.0000,
		 11.7131 5.6607 0.0000,
		 -15.2400 5.6607 0.0000,
		 -15.2400 5.0511 0.0000,
		 -3.2668 5.0511 0.0000,
		 -15.2400 5.0511 0.0000,
		 -15.2400 5.0039 0.0000,
		 -15.2400 5.0039 0.0000,
		 -15.2400 5.0003 0.0000,
		 1.4721 5.0003 0.0000,
		 1.4721 5.0039 0.0000,
		 -2.9620 5.0511 0.0000,
		 -3.0118 5.0511 0.0000,
		 -2.6572 5.0511 0.0000,
		 -2.7070 5.0511 0.0000,
		 -2.3524 5.0511 0.0000,
		 -2.4022 5.0511 0.0000,
		 -1.0933 5.0511 0.0000,
		 -2.0974 5.0511 0.0000,
		 1.4721 5.0039 0.0000,
		 1.4721 5.0039 0.0000,
		 -0.7885 5.0511 0.0000,
		 -0.8383 5.0511 0.0000,
		 -0.4837 5.0511 0.0000,
		 -0.5335 5.0511 0.0000,
		 -0.1789 5.0511 0.0000,
		 -0.2287 5.0511 0.0000,
		 0.0761 5.0511 0.0000,
		 1.4721 5.0039 0.0000,
		 1.4721 5.0511 0.0000,
		 1.7769 5.0003 0.0000,
		 1.7769 5.0511 0.0000,
		 1.7271 5.0511 0.0000,
		 1.7271 5.0003 0.0000,
		 2.0817 5.0003 0.0000,
		 2.0817 5.0511 0.0000,
		 2.0319 5.0511 0.0000,
		 2.0319 5.0003 0.0000,
		 2.3865 5.0003 0.0000,
		 2.3865 5.0511 0.0000,
		 2.3367 5.0511 0.0000,
		 2.3367 5.0003 0.0000,
		 5.4998 5.0003 0.0000,
		 5.4998 5.0511 0.0000,
		 2.6415 5.0511 0.0000,
		 2.6415 5.0003 0.0000,
		 5.8046 5.0003 0.0000,
		 5.8046 5.0511 0.0000,
		 5.7548 5.0511 0.0000,
		 5.7548 5.0003 0.0000,
		 6.1094 5.0003 0.0000,
		 6.1094 5.0511 0.0000,
		 6.0596 5.0511 0.0000,
		 6.0596 5.0003 0.0000,
		 6.4142 5.0003 0.0000,
		 6.4142 5.0511 0.0000,
		 6.3644 5.0511 0.0000,
		 6.3644 5.0003 0.0000,
		 8.8309 5.0003 0.0000,
		 8.8309 5.0511 0.0000,
		 6.6692 5.0511 0.0000,
		 6.6692 5.0003 0.0000,
		 9.1357 5.0003 0.0000,
		 9.1357 5.0511 0.0000,
		 9.0858 5.0511 0.0000,
		 9.0858 5.0003 0.0000,
		 9.4405 5.0003 0.0000,
		 9.4405 5.0511 0.0000,
		 9.3906 5.0511 0.0000,
		 9.3906 5.0003 0.0000,
		 9.7453 5.0003 0.0000,
		 9.7453 5.0511 0.0000,
		 9.6954 5.0511 0.0000,
		 9.6954 5.0003 0.0000,
		 10.0002 5.0511 0.0000,
		 10.0002 5.0003 0.0000,
		 11.7131 5.0003 0.0000,
		 11.7131 5.0511 0.0000,
		 -15.2400 4.0442 0.0000,
		 -3.2668 4.0442 0.0000,
		 -15.2400 4.0442 0.0000,
		 -15.2400 3.9970 0.0000,
		 -15.2400 3.9970 0.0000,
		 -15.2400 3.9571 0.0000,
		 1.4721 3.9970 0.0000,
		 -1.0933 4.0442 0.0000,
		 -2.0974 4.0442 0.0000,
		 1.4721 3.9970 0.0000,
		 1.4721 3.9970 0.0000,
		 0.0761 4.0442 0.0000,
		 1.4721 4.0442 0.0000,
		 -15.2400 3.9571 0.0000,
		 -15.2400 2.7500 0.0000,
		 11.7131 2.7500 0.0000,
		 11.7131 3.9571 0.0000,
		 5.4998 4.0442 0.0000,
		 2.6415 4.0442 0.0000,
		 11.7131 3.9571 0.0000,
		 11.7131 3.9571 0.0000,
		 8.8309 4.0442 0.0000,
		 6.6692 4.0442 0.0000,
		 6.6692 3.9789 0.0000,
		 6.6692 3.9789 0.0000,
		 11.7131 3.9789 0.0000,
		 10.0002 4.0442 0.0000,
		 11.7131 3.9789 0.0000,
		 11.7131 4.0442 0.0000,
		 -5.9737 4.9568 0.0000,
		 -5.9737 5.0003 0.0000,
		 -12.6856 4.9568 0.0000,
		 1.4721 5.0003 0.0000,
		 -4.8044 5.0003 0.0000,
		 -4.8044 4.9640 0.0000,
		 -4.8044 4.9640 0.0000,
		 -4.8044 4.9568 0.0000,
		 11.7131 4.9568 0.0000,
		 11.7131 4.9640 0.0000,
		 1.7769 5.0003 0.0000,
		 1.7271 5.0003 0.0000,
		 2.0817 5.0003 0.0000,
		 2.0319 5.0003 0.0000,
		 2.3865 5.0003 0.0000,
		 2.3367 5.0003 0.0000,
		 5.4998 5.0003 0.0000,
		 2.6415 5.0003 0.0000,
		 11.7131 4.9640 0.0000,
		 11.7131 4.9640 0.0000,
		 5.8046 5.0003 0.0000,
		 5.7548 5.0003 0.0000,
		 6.1094 5.0003 0.0000,
		 6.0596 5.0003 0.0000,
		 6.4142 5.0003 0.0000,
		 6.3644 5.0003 0.0000,
		 8.8309 5.0003 0.0000,
		 6.6692 5.0003 0.0000,
		 9.1357 5.0003 0.0000,
		 9.0858 5.0003 0.0000,
		 9.4405 5.0003 0.0000,
		 9.3906 5.0003 0.0000,
		 9.7453 5.0003 0.0000,
		 9.6954 5.0003 0.0000,
		 10.0002 5.0003 0.0000,
		 11.7131 4.9640 0.0000,
		 11.7131 5.0003 0.0000,
		 11.7131 4.0442 0.0000,
		 11.7131 4.0442 0.0000,
		 -5.9737 4.9568 0.0000,
		 -9.0280 4.0660 0.0000,
		 -3.2668 4.0442 0.0000,
		 -3.2668 4.0660 0.0000,
		 -9.0280 4.0660 0.0000,
		 -1.0933 4.0442 0.0000,
		 -1.0933 4.0660 0.0000,
		 -2.0974 4.0660 0.0000,
		 -2.0974 4.0442 0.0000,
		 0.0761 4.0660 0.0000,
		 0.0761 4.0442 0.0000,
		 1.4721 4.0442 0.0000,
		 1.4721 4.0660 0.0000,
		 5.4998 4.0442 0.0000,
		 5.4998 4.0660 0.0000,
		 2.6415 4.0660 0.0000,
		 2.6415 4.0442 0.0000,
		 8.8309 4.0442 0.0000,
		 8.8309 4.0660 0.0000,
		 6.6692 4.0660 0.0000,
		 6.6692 4.0442 0.0000,
		 10.0002 4.0660 0.0000,
		 10.0002 4.0442 0.0000,
		 11.7131 4.0442 0.0000,
		 11.7131 4.0660 0.0000,
		 11.7131 4.9531 0.0000,
		 11.7131 4.9568 0.0000,
		 -4.8044 4.9568 0.0000,
		 -4.8044 4.9531 0.0000,
		 -3.2668 4.9132 0.0000,
		 -4.8044 4.9132 0.0000,
		 -2.0974 4.9132 0.0000,
		 11.7131 4.9132 0.0000,
		 11.7131 4.9531 0.0000,
		 -3.2668 4.0660 0.0000,
		 -3.2668 4.9132 0.0000,
		 1.4721 4.9096 0.0000,
		 -2.0974 4.9132 0.0000,
		 -2.0974 4.9096 0.0000,
		 -1.0933 4.0660 0.0000,
		 -2.0974 4.0660 0.0000,
		 0.0761 4.0660 0.0000,
		 1.4721 4.0660 0.0000,
		 1.4721 4.9096 0.0000,
		 8.8309 4.8697 0.0000,
		 8.8309 4.9132 0.0000,
		 2.6415 4.8697 0.0000,
		 10.0002 4.9132 0.0000,
		 10.0002 4.8697 0.0000,
		 11.7131 4.8697 0.0000,
		 11.7131 4.9132 0.0000,
		 5.4998 4.0660 0.0000,
		 2.6415 4.0660 0.0000,
		 8.8309 4.0660 0.0000,
		 8.8309 4.8697 0.0000,
		 6.6692 4.0660 0.0000,
		 10.0002 4.8697 0.0000,
		 10.0002 4.0660 0.0000,
		 11.7131 4.0660 0.0000,
		 11.7131 4.8697 0.0000,
		 -10.1974 5.6607 0.0000,
		 11.7131 5.0511 0.0000,
		 11.7131 5.0511 0.0000,
		 -9.8926 5.6607 0.0000,
		 -9.9424 5.6607 0.0000,
		 -9.5878 5.6607 0.0000,
		 -9.6376 5.6607 0.0000,
		 -9.2830 5.6607 0.0000,
		 -9.3328 5.6607 0.0000,
		 -5.9737 5.6607 0.0000,
		 -9.0280 5.6607 0.0000,
		 -5.6689 5.6607 0.0000,
		 -5.7188 5.6607 0.0000,
		 -5.3641 5.6607 0.0000,
		 -5.4140 5.6607 0.0000,
		 -5.0593 5.6607 0.0000,
		 -5.1092 5.6607 0.0000,
		 11.7131 5.6135 0.0000,
		 11.7131 5.6607 0.0000,
		 -4.8044 5.6607 0.0000,
		 -4.8044 5.6135 0.0000,
		 -3.2668 5.5736 0.0000,
		 -4.8044 5.5736 0.0000,
		 -2.9620 5.5736 0.0000,
		 -3.0118 5.5736 0.0000,
		 -2.6572 5.5736 0.0000,
		 -2.7070 5.5736 0.0000,
		 -2.3524 5.5736 0.0000,
		 -2.4022 5.5736 0.0000,
		 -1.0933 5.5736 0.0000,
		 -1.0933 5.6135 0.0000,
		 -2.0974 5.5736 0.0000,
		 -0.7885 5.5736 0.0000,
		 -0.7885 5.6135 0.0000,
		 -0.8383 5.6135 0.0000,
		 -0.8383 5.5736 0.0000,
		 -0.4837 5.5736 0.0000,
		 -0.4837 5.6135 0.0000,
		 -0.5335 5.6135 0.0000,
		 -0.5335 5.5736 0.0000,
		 -0.1789 5.5736 0.0000,
		 -0.1789 5.6135 0.0000,
		 -0.2287 5.6135 0.0000,
		 -0.2287 5.5736 0.0000,
		 0.0761 5.6135 0.0000,
		 0.0761 5.5736 0.0000,
		 11.7131 5.5736 0.0000,
		 11.7131 5.6135 0.0000,
		 -3.2668 5.0511 0.0000,
		 -3.2668 5.5736 0.0000,
		 -2.9620 5.0511 0.0000,
		 -2.9620 5.5736 0.0000,
		 -3.0118 5.5736 0.0000,
		 -3.0118 5.0511 0.0000,
		 -2.6572 5.0511 0.0000,
		 -2.6572 5.5736 0.0000,
		 -2.7070 5.5736 0.0000,
		 -2.7070 5.0511 0.0000,
		 -2.3524 5.0511 0.0000,
		 -2.3524 5.5736 0.0000,
		 -2.4022 5.5736 0.0000,
		 -2.4022 5.0511 0.0000,
		 -1.0933 5.0511 0.0000,
		 -1.0933 5.5736 0.0000,
		 -2.0974 5.5736 0.0000,
		 -2.0974 5.0511 0.0000,
		 -0.7885 5.0511 0.0000,
		 -0.7885 5.5736 0.0000,
		 -0.8383 5.5736 0.0000,
		 -0.8383 5.0511 0.0000,
		 -0.4837 5.0511 0.0000,
		 -0.4837 5.5736 0.0000,
		 -0.5335 5.5736 0.0000,
		 -0.5335 5.0511 0.0000,
		 -0.1789 5.0511 0.0000,
		 -0.1789 5.5736 0.0000,
		 -0.2287 5.5736 0.0000,
		 -0.2287 5.0511 0.0000,
		 0.0761 5.5736 0.0000,
		 0.0761 5.0511 0.0000,
		 1.4721 5.0511 0.0000,
		 1.7769 5.0511 0.0000,
		 1.7271 5.0511 0.0000,
		 2.0817 5.0511 0.0000,
		 2.0319 5.0511 0.0000,
		 2.3865 5.0511 0.0000,
		 2.3367 5.0511 0.0000,
		 5.4998 5.0511 0.0000,
		 5.4998 5.5736 0.0000,
		 2.6415 5.0511 0.0000,
		 5.8046 5.0511 0.0000,
		 5.8046 5.5736 0.0000,
		 5.7548 5.5736 0.0000,
		 5.7548 5.0511 0.0000,
		 6.1094 5.0511 0.0000,
		 6.1094 5.5736 0.0000,
		 6.0596 5.5736 0.0000,
		 6.0596 5.0511 0.0000,
		 6.4142 5.0511 0.0000,
		 6.4142 5.5736 0.0000,
		 6.3644 5.5736 0.0000,
		 6.3644 5.0511 0.0000,
		 8.8309 5.0511 0.0000,
		 8.8309 5.5736 0.0000,
		 6.6692 5.5736 0.0000,
		 6.6692 5.0511 0.0000,
		 9.1357 5.0511 0.0000,
		 9.1357 5.5736 0.0000,
		 9.0858 5.5736 0.0000,
		 9.0858 5.0511 0.0000,
		 9.4405 5.0511 0.0000,
		 9.4405 5.5736 0.0000,
		 9.3906 5.5736 0.0000,
		 9.3906 5.0511 0.0000,
		 9.7453 5.0511 0.0000,
		 9.7453 5.5736 0.0000,
		 9.6954 5.5736 0.0000,
		 9.6954 5.0511 0.0000,
		 10.0002 5.5736 0.0000,
		 10.0002 5.0511 0.0000,
		 11.7131 5.0511 0.0000,
		 11.7131 5.5736 0.0000,
		 1.3822 2.7307 0.0000,
		 -15.2400 2.7307 0.0000,
		 5.4100 2.7307 0.0000,
		 5.4100 2.7500 0.0000,
		 2.7196 2.7307 0.0000,
		 6.7474 2.7500 0.0000,
		 6.7474 2.7307 0.0000,
		 11.7131 2.7307 0.0000,
		 11.7131 2.7500 0.0000,
		 -3.3401 2.6563 0.0000,
		 -15.2400 2.6563 0.0000,
		 -15.2400 2.0467 0.0000,
		 -3.3401 1.9959 0.0000,
		 -3.3401 2.0467 0.0000,
		 -15.2400 2.0467 0.0000,
		 -15.2400 1.9959 0.0000,
		 -15.2400 0.5608 0.0000,
		 -10.1974 0.5608 0.0000,
		 -15.2400 0.5608 0.0000,
		 -15.2400 0.5390 0.0000,
		 -15.2400 0.5390 0.0000,
		 -15.2400 0.0002 0.0000,
		 -3.3401 0.5390 0.0000,
		 -9.0280 0.5608 0.0000,
		 -3.3401 0.5390 0.0000,
		 -3.3401 0.5608 0.0000,
		 -5.9737 1.9741 0.0000,
		 -5.9737 1.9959 0.0000,
		 -12.6856 1.9741 0.0000,
		 -4.8044 1.9959 0.0000,
		 -4.8044 1.9741 0.0000,
		 -3.3401 1.9741 0.0000,
		 -3.3401 1.9959 0.0000,
		 -10.1974 0.5608 0.0000,
		 -5.9737 1.9741 0.0000,
		 -9.0280 0.5608 0.0000,
		 -3.3401 0.5608 0.0000,
		 -3.3401 0.5608 0.0000,
		 -4.8044 1.9741 0.0000,
		 -3.3401 1.9741 0.0000,
		 -10.1974 2.6563 0.0000,
		 -3.3401 2.0467 0.0000,
		 -3.3401 2.0467 0.0000,
		 -9.8926 2.6563 0.0000,
		 -9.9424 2.6563 0.0000,
		 -9.5878 2.6563 0.0000,
		 -9.6376 2.6563 0.0000,
		 -9.2830 2.6563 0.0000,
		 -9.3328 2.6563 0.0000,
		 -5.9737 2.6563 0.0000,
		 -9.0280 2.6563 0.0000,
		 -5.6689 2.6563 0.0000,
		 -5.7188 2.6563 0.0000,
		 -5.3641 2.6563 0.0000,
		 -5.4140 2.6563 0.0000,
		 -5.0593 2.6563 0.0000,
		 -5.1092 2.6563 0.0000,
		 -4.8044 2.6563 0.0000,
		 -3.3401 2.0467 0.0000,
		 -3.3401 2.6563 0.0000,
		 -15.2400 0.0002 0.0000,
		 11.7131 0.0002 0.0000,
		 1.3822 2.7307 0.0000,
		 0.1778 0.4465 0.0000,
		 0.1778 0.4465 0.0000,
		 11.7131 0.0002 0.0000,
		 11.7131 0.4465 0.0000,
		 5.4100 2.7307 0.0000,
		 2.7196 2.7307 0.0000,
		 11.7131 0.4465 0.0000,
		 11.7131 0.4465 0.0000,
		 11.7131 2.6563 0.0000,
		 11.7131 2.7307 0.0000,
		 6.7474 2.7307 0.0000,
		 6.7474 2.6563 0.0000,
		 6.7474 2.0467 0.0000,
		 11.7131 1.9959 0.0000,
		 11.7131 2.0467 0.0000,
		 6.7474 2.0467 0.0000,
		 6.7474 1.9959 0.0000,
		 6.7474 0.5608 0.0000,
		 6.7474 0.5608 0.0000,
		 11.7131 0.5608 0.0000,
		 11.7131 0.5608 0.0000,
		 11.7131 1.9959 0.0000,
		 11.7131 2.0467 0.0000,
		 11.7131 2.6563 0.0000,
		 0.1778 2.5831 0.0000,
		 -3.3401 2.5831 0.0000,
		 -3.3401 2.1386 0.0000,
		 -2.7979 2.0878 0.0000,
		 -2.7979 2.1386 0.0000,
		 -3.3401 2.1386 0.0000,
		 -3.3401 2.0878 0.0000,
		 -3.3401 1.6433 0.0000,
		 -2.7979 1.5925 0.0000,
		 -2.7979 1.6433 0.0000,
		 -3.3401 1.6433 0.0000,
		 -3.3401 1.5925 0.0000,
		 -3.3401 1.1481 0.0000,
		 -2.7979 1.0973 0.0000,
		 -2.7979 1.1481 0.0000,
		 -3.3401 1.1481 0.0000,
		 -3.3401 1.0973 0.0000,
		 -3.3401 0.6528 0.0000,
		 -3.3401 0.6528 0.0000,
		 -3.3401 0.0510 0.0000,
		 -2.7979 0.6528 0.0000,
		 -2.7979 0.6528 0.0000,
		 -2.7979 1.0973 0.0000,
		 -2.7979 1.1481 0.0000,
		 -2.7979 1.5925 0.0000,
		 -2.7979 1.6433 0.0000,
		 -2.7979 2.0878 0.0000,
		 -2.7979 2.1386 0.0000,
		 -2.7979 2.5831 0.0000,
		 -1.5787 0.0510 0.0000,
		 -3.3401 0.0510 0.0000,
		 0.1778 0.0510 0.0000,
		 -0.3556 2.1386 0.0000,
		 0.1778 2.0878 0.0000,
		 0.1778 2.1386 0.0000,
		 -0.3556 2.1386 0.0000,
		 -0.3556 2.0878 0.0000,
		 -0.3556 1.6433 0.0000,
		 0.1778 1.5925 0.0000,
		 0.1778 1.6433 0.0000,
		 -0.3556 1.6433 0.0000,
		 -0.3556 1.5925 0.0000,
		 -0.3556 1.1481 0.0000,
		 0.1778 1.0973 0.0000,
		 0.1778 1.1481 0.0000,
		 -0.3556 1.1481 0.0000,
		 -0.3556 1.0973 0.0000,
		 -0.3556 0.6528 0.0000,
		 -0.3556 0.6528 0.0000,
		 0.1778 0.0510 0.0000,
		 0.1778 0.6528 0.0000,
		 0.1778 0.6528 0.0000,
		 0.1778 1.0973 0.0000,
		 0.1778 1.1481 0.0000,
		 0.1778 1.5925 0.0000,
		 0.1778 1.6433 0.0000,
		 0.1778 2.0878 0.0000,
		 0.1778 2.1386 0.0000,
		 0.1778 2.5831 0.0000,
		 -0.3556 2.4610 0.0000,
		 -1.5748 2.5831 0.0000,
		 -1.5748 2.4610 0.0000,
		 -0.8787 2.4561 0.0000,
		 -1.5748 2.4561 0.0000,
		 -1.3906 2.0165 0.0000,
		 -1.5748 2.0165 0.0000,
		 -1.0340 2.0165 0.0000,
		 -0.8787 2.0165 0.0000,
		 -0.8787 2.4561 0.0000,
		 -1.3906 2.0165 0.0000,
		 -1.5748 2.0165 0.0000,
		 -1.5748 2.0116 0.0000,
		 -1.5748 2.0116 0.0000,
		 -1.5748 1.8973 0.0000,
		 -0.3556 1.8973 0.0000,
		 -0.3556 2.0116 0.0000,
		 -1.0340 2.0165 0.0000,
		 -0.3556 2.0116 0.0000,
		 -0.3556 2.0165 0.0000,
		 -0.3556 2.0165 0.0000,
		 -0.3556 2.4610 0.0000,
		 -1.5748 1.4275 0.0000,
		 -0.8714 1.4275 0.0000,
		 -1.5748 1.4275 0.0000,
		 -1.5748 1.4196 0.0000,
		 -0.3556 1.2321 0.0000,
		 -0.3556 1.4196 0.0000,
		 -1.5748 1.4196 0.0000,
		 -1.5748 1.2321 0.0000,
		 -1.3872 1.2243 0.0000,
		 -1.5748 1.2243 0.0000,
		 -1.0433 1.2243 0.0000,
		 -0.3556 1.2243 0.0000,
		 -0.3556 1.2321 0.0000,
		 -0.5148 1.4275 0.0000,
		 -0.3556 1.4196 0.0000,
		 -0.3556 1.4275 0.0000,
		 -0.3556 1.8895 0.0000,
		 -0.3556 1.8973 0.0000,
		 -1.0394 1.8895 0.0000,
		 -0.8714 1.4275 0.0000,
		 -0.5148 1.4275 0.0000,
		 -0.3556 1.4275 0.0000,
		 -0.3556 1.8895 0.0000,
		 -1.3872 0.5258 0.0000,
		 -1.3872 1.2243 0.0000,
		 -1.5748 0.5258 0.0000,
		 -1.0433 1.2243 0.0000,
		 -1.0433 0.5258 0.0000,
		 -0.8753 0.5258 0.0000,
		 -1.3872 0.5258 0.0000,
		 -1.5748 0.5258 0.0000,
		 -1.5748 0.5209 0.0000,
		 -1.5748 0.5209 0.0000,
		 -1.5748 0.3431 0.0000,
		 -0.3556 0.3431 0.0000,
		 -0.3556 0.5209 0.0000,
		 -1.0433 0.5258 0.0000,
		 -0.3556 0.5209 0.0000,
		 -0.3556 0.5258 0.0000,
		 -1.5748 0.1272 0.0000,
		 -1.5748 0.1272 0.0000,
		 -0.3556 0.1272 0.0000,
		 -0.3556 0.1272 0.0000,
		 -0.3556 0.3431 0.0000,
		 -0.3556 0.5258 0.0000,
		 -0.3556 1.2243 0.0000,
		 -1.5748 2.4610 0.0000,
		 -2.7979 2.4610 0.0000,
		 -2.1360 2.4561 0.0000,
		 -2.7979 2.4561 0.0000,
		 -1.7794 2.4561 0.0000,
		 -1.5748 2.4561 0.0000,
		 -1.5748 2.4610 0.0000,
		 -2.7979 2.0116 0.0000,
		 -1.5748 1.9100 0.0000,
		 -1.5748 2.0116 0.0000,
		 -2.7979 2.0116 0.0000,
		 -2.7979 1.9100 0.0000,
		 -2.7979 1.4402 0.0000,
		 -2.1287 1.4402 0.0000,
		 -2.7979 1.4402 0.0000,
		 -2.7979 1.4323 0.0000,
		 -2.7979 1.4323 0.0000,
		 -2.7979 1.2321 0.0000,
		 -1.5748 1.2321 0.0000,
		 -1.5748 1.4323 0.0000,
		 -1.7721 1.4402 0.0000,
		 -1.5748 1.4323 0.0000,
		 -1.5748 1.4402 0.0000,
		 -1.5748 1.9022 0.0000,
		 -1.5748 1.9100 0.0000,
		 -2.2967 1.9022 0.0000,
		 -2.1287 1.4402 0.0000,
		 -1.7721 1.4402 0.0000,
		 -1.5748 1.4402 0.0000,
		 -1.5748 1.9022 0.0000,
		 -2.7979 0.5209 0.0000,
		 -1.5748 0.3431 0.0000,
		 -1.5748 0.5209 0.0000,
		 -2.7979 0.5209 0.0000,
		 -2.7979 0.3431 0.0000,
		 -2.7979 0.1272 0.0000,
		 -2.7979 0.1272 0.0000,
		 -1.5748 0.1272 0.0000,
		 -1.5748 0.1272 0.0000,
		 -1.5748 0.3431 0.0000,
		 -1.5748 1.2243 0.0000,
		 -1.5748 1.2321 0.0000,
		 -2.3133 1.2243 0.0000,
		 -2.3133 0.5258 0.0000,
		 -2.3133 0.5258 0.0000,
		 -1.5748 0.5209 0.0000,
		 -1.5748 0.5258 0.0000,
		 -1.5748 0.5258 0.0000,
		 -1.5748 1.2243 0.0000,
		 -2.1360 2.4561 0.0000,
		 -2.2913 2.0165 0.0000,
		 -2.2913 2.0165 0.0000,
		 -1.5748 2.0116 0.0000,
		 -1.5748 2.0165 0.0000,
		 -1.7794 2.4561 0.0000,
		 -1.5748 2.0165 0.0000,
		 -1.5748 2.4561 0.0000,
		 2.7196 2.6563 0.0000,
		 1.3822 2.6563 0.0000,
		 1.3822 2.0467 0.0000,
		 2.7196 1.9959 0.0000,
		 2.7196 2.0467 0.0000,
		 1.3822 2.0467 0.0000,
		 1.3822 1.9959 0.0000,
		 1.3822 0.5608 0.0000,
		 1.3822 0.5608 0.0000,
		 2.7196 0.5608 0.0000,
		 2.7196 0.5608 0.0000,
		 2.7196 1.9959 0.0000,
		 2.7196 2.0467 0.0000,
		 2.7196 2.6563 0.0000,
		 6.7474 2.6563 0.0000,
		 5.4100 2.6563 0.0000,
		 5.4100 2.0467 0.0000,
		 6.7474 1.9741 0.0000,
		 6.7474 2.0467 0.0000,
		 5.4100 2.0467 0.0000,
		 5.4100 1.9741 0.0000,
		 5.4100 0.5390 0.0000,
		 5.4100 0.5390 0.0000,
		 6.7474 0.5390 0.0000,
		 6.7474 0.5390 0.0000,
		 6.7474 1.9741 0.0000,
		 6.7474 2.0467 0.0000,
		 6.7474 2.6563 0.0000,
		 -15.2400 3.9548 -15.3416,
		 -15.2400 3.9548 0.0000,
		 -15.2400 1.4227 -15.3416,
		 -15.2400 3.9548 -14.7359,
		 -15.2400 1.4227 -14.7359,
		 -15.2400 1.4227 0.0000,
		 -15.2400 1.4227 -15.3416,
		 -15.2400 3.9548 0.0000,
		 -15.2400 1.4227 0.0000,
		 -15.2400 1.4227 -13.5129,
		 -15.2400 3.9548 -13.5129,
		 -15.2400 3.8151 -14.7359,
		 -15.2400 3.8151 -13.5129,
		 -15.2400 2.8119 -14.7359,
		 -15.2400 3.8151 -14.6113,
		 -15.2400 2.8119 -14.6113,
		 -15.2400 2.6800 -14.7359,
		 -15.2400 2.8119 -14.7359,
		 -15.2400 2.8119 -13.5129,
		 -15.2400 2.6800 -13.5129,
		 -15.2400 1.8926 -14.7359,
		 -15.2400 2.6800 -14.6207,
		 -15.2400 1.8926 -14.6207,
		 -15.2400 1.7148 -14.7359,
		 -15.2400 1.8926 -14.7359,
		 -15.2400 1.8926 -13.5129,
		 -15.2400 1.7148 -13.5129,
		 -15.2400 1.4989 -14.7359,
		 -15.2400 1.7148 -14.6377,
		 -15.2400 1.4989 -14.6377,
		 -15.2400 1.4989 -13.5129,
		 -15.2400 1.4989 -14.7359,
		 -15.2400 1.7148 -13.5129,
		 -15.2400 1.4989 -13.5129,
		 -15.2400 1.4989 -13.6090,
		 -15.2400 1.7148 -13.6090,
		 -15.2400 2.6722 -14.1752,
		 -15.2400 2.6800 -14.1752,
		 -15.2400 2.6800 -13.5129,
		 -15.2400 2.6722 -13.5129,
		 -15.2400 1.8975 -14.1752,
		 -15.2400 2.6722 -14.0525,
		 -15.2400 1.8975 -14.0525,
		 -15.2400 1.8975 -13.5129,
		 -15.2400 1.8926 -13.5129,
		 -15.2400 1.8926 -14.1752,
		 -15.2400 1.8975 -14.1752,
		 -15.2400 2.6722 -13.5129,
		 -15.2400 1.8975 -13.5129,
		 -15.2400 1.8975 -13.6071,
		 -15.2400 2.6722 -13.6071,
		 -15.2400 2.8119 -14.1658,
		 -15.2400 3.8151 -14.1658,
		 -15.2400 3.8151 -14.0652,
		 -15.2400 2.8119 -14.0652,
		 -15.2400 3.8151 -13.5129,
		 -15.2400 2.8119 -13.5129,
		 -15.2400 2.8119 -13.6198,
		 -15.2400 3.8151 -13.6198,
		 -15.2400 3.9548 0.0000,
		 -15.2400 3.9548 -15.3416,
		 -15.2400 1.4227 -15.3416,
		 -15.2400 1.4227 -15.3416,
		 -15.2400 1.4227 0.0000,
		 -15.2400 1.4227 0.0000,
		 -15.2400 3.9548 0.0000,
		 -15.2400 3.8151 -13.5129,
		 -15.2400 3.8151 -14.7359,
		 -15.2400 2.8119 -14.7359,
		 -15.2400 2.6800 -13.5129,
		 -15.2400 2.8119 -13.5129,
		 -15.2400 2.8119 -14.7359,
		 -15.2400 2.6800 -14.7359,
		 -15.2400 1.8926 -14.7359,
		 -15.2400 1.7148 -13.5129,
		 -15.2400 1.8926 -13.5129,
		 -15.2400 1.8926 -14.7359,
		 -15.2400 1.7148 -14.7359,
		 -15.2400 1.4989 -14.7359,
		 -15.2400 1.4989 -14.7359,
		 -15.2400 1.4989 -13.5129,
		 -15.2400 1.4989 -13.5129,
		 -15.2400 1.7148 -13.5129,
		 -15.2400 2.6722 -13.5129,
		 -15.2400 2.6800 -13.5129,
		 -15.2400 2.6722 -14.1752,
		 -15.2400 1.8975 -14.1752,
		 -15.2400 1.8975 -14.1752,
		 -15.2400 1.8926 -13.5129,
		 -15.2400 1.8975 -13.5129,
		 -15.2400 1.8975 -13.5129,
		 -15.2400 2.6722 -13.5129,
		 -15.2400 2.8119 -13.5129,
		 -15.2400 3.8151 -13.5129,
		 -15.2400 0.6608 -15.3416,
		 11.7131 0.6608 -15.3416,
		 9.2333 0.7076 -15.3416,
		 9.2333 0.6608 -15.3416,
		 11.7131 0.7076 -15.3416,
		 8.0102 0.6608 -15.3416,
		 8.0102 0.7076 -15.3416,
		 -15.2400 0.7076 -15.3416,
		 -15.2400 0.6608 -15.3416,
		 9.2333 1.7451 -15.3416,
		 9.2333 0.7076 -15.3416,
		 11.7131 1.7451 -15.3416,
		 8.0102 0.7076 -15.3416,
		 8.0102 1.7451 -15.3416,
		 6.9184 1.7451 -15.3416,
		 6.9184 0.7076 -15.3416,
		 4.5269 0.7076 -15.3416,
		 4.5269 1.7451 -15.3416,
		 -15.2400 1.7451 -15.3416,
		 -15.2400 0.7076 -15.3416,
		 10.8876 3.2612 -15.3416,
		 10.8876 1.7451 -15.3416,
		 11.7131 3.2612 -15.3416,
		 -15.2400 4.3582 -15.3416,
		 -15.2400 3.2612 -15.3416,
		 11.7131 3.2612 -15.3416,
		 11.7131 4.3582 -15.3416,
		 10.9332 5.8743 -15.3416,
		 10.9332 4.3582 -15.3416,
		 11.7131 5.8743 -15.3416,
		 6.8910 5.8979 -15.3416,
		 6.8910 5.8743 -15.3416,
		 11.7131 5.8743 -15.3416,
		 11.7131 5.8979 -15.3416,
		 11.7131 5.8979 -15.3416,
		 -15.2400 5.8979 -15.3416,
		 5.5537 5.8743 -15.3416,
		 5.5537 5.8979 -15.3416,
		 -15.2400 5.8979 -15.3416,
		 -15.2400 5.8743 -15.3416,
		 -15.2400 4.3817 -15.3416,
		 -15.2400 4.3582 -15.3416,
		 9.5958 4.3582 -15.3416,
		 9.5958 4.3817 -15.3416,
		 6.8910 5.8743 -15.3416,
		 6.8910 4.3817 -15.3416,
		 9.5958 5.8743 -15.3416,
		 5.5537 4.3817 -15.3416,
		 5.5537 5.8743 -15.3416,
		 -15.2400 5.8743 -15.3416,
		 -15.2400 4.3817 -15.3416,
		 9.2333 3.1929 -15.3416,
		 9.2333 1.7451 -15.3416,
		 9.5502 1.7451 -15.3416,
		 9.5502 3.1929 -15.3416,
		 9.5502 3.1929 -15.3416,
		 9.5502 3.2398 -15.3416,
		 6.9184 3.2398 -15.3416,
		 6.9184 3.1929 -15.3416,
		 8.0102 1.7451 -15.3416,
		 8.0102 3.1929 -15.3416,
		 6.9184 3.1929 -15.3416,
		 6.9184 1.7451 -15.3416,
		 9.5502 3.2398 -15.3416,
		 9.5502 3.2612 -15.3416,
		 -15.2400 3.2612 -15.3416,
		 -15.2400 3.2398 -15.3416,
		 4.5269 1.7451 -15.3416,
		 4.5269 3.2398 -15.3416,
		 -15.2400 3.2398 -15.3416,
		 -15.2400 1.7451 -15.3416,
		 9.5502 1.8340 -15.3416,
		 10.8876 1.8340 -15.3416,
		 10.7977 2.5071 -15.3416,
		 10.7977 1.8340 -15.3416,
		 10.8876 2.5071 -15.3416,
		 10.8876 2.5071 -15.3416,
		 10.8876 2.5579 -15.3416,
		 9.5502 2.5579 -15.3416,
		 9.5502 2.5071 -15.3416,
		 9.6283 1.8340 -15.3416,
		 9.6283 2.5071 -15.3416,
		 9.5502 2.5071 -15.3416,
		 9.5502 1.8340 -15.3416,
		 10.7977 3.1675 -15.3416,
		 10.7977 2.5579 -15.3416,
		 10.8876 3.1675 -15.3416,
		 10.8876 3.1675 -15.3416,
		 9.5502 3.1675 -15.3416,
		 10.4929 3.1675 -15.3416,
		 10.4929 2.5579 -15.3416,
		 10.5427 2.5579 -15.3416,
		 10.5427 3.1675 -15.3416,
		 10.1881 3.1675 -15.3416,
		 10.1881 2.5579 -15.3416,
		 10.2379 2.5579 -15.3416,
		 10.2379 3.1675 -15.3416,
		 9.8833 3.1675 -15.3416,
		 9.8833 2.5579 -15.3416,
		 9.9331 2.5579 -15.3416,
		 9.9331 3.1675 -15.3416,
		 9.6283 2.5579 -15.3416,
		 9.6283 3.1675 -15.3416,
		 9.5502 3.1675 -15.3416,
		 9.5502 2.5579 -15.3416,
		 6.8246 3.1460 -15.3416,
		 6.8246 0.7076 -15.3416,
		 6.9184 3.1460 -15.3416,
		 6.9184 3.1460 -15.3416,
		 4.5269 3.1460 -15.3416,
		 5.7109 3.1460 -15.3416,
		 5.7109 0.7076 -15.3416,
		 5.7695 0.7076 -15.3416,
		 5.7695 3.1460 -15.3416,
		 4.6559 0.7076 -15.3416,
		 4.6559 3.1460 -15.3416,
		 4.5269 3.1460 -15.3416,
		 5.7109 0.7076 -15.3416,
		 4.6559 0.7076 -15.3416,
		 8.0102 0.7370 -15.3416,
		 9.2333 0.7370 -15.3416,
		 9.1350 0.9528 -15.3416,
		 9.1350 0.7370 -15.3416,
		 9.2333 0.9528 -15.3416,
		 9.2333 0.9528 -15.3416,
		 9.2333 1.1306 -15.3416,
		 8.0102 1.1306 -15.3416,
		 8.0102 0.9528 -15.3416,
		 8.1063 0.7370 -15.3416,
		 8.1063 0.9528 -15.3416,
		 8.0102 0.9528 -15.3416,
		 8.0102 0.7370 -15.3416,
		 9.1180 1.9180 -15.3416,
		 9.1180 1.1306 -15.3416,
		 9.2333 1.9180 -15.3416,
		 9.2333 1.9180 -15.3416,
		 9.2333 2.0499 -15.3416,
		 8.0102 2.0499 -15.3416,
		 8.0102 1.9180 -15.3416,
		 8.0102 1.1355 -15.3416,
		 8.0102 1.1306 -15.3416,
		 8.6725 1.1306 -15.3416,
		 8.6725 1.1355 -15.3416,
		 8.5498 1.9102 -15.3416,
		 8.5498 1.1355 -15.3416,
		 8.6725 1.9102 -15.3416,
		 8.6725 1.9102 -15.3416,
		 8.6725 1.9180 -15.3416,
		 8.0102 1.9180 -15.3416,
		 8.0102 1.9102 -15.3416,
		 8.1044 1.1355 -15.3416,
		 8.1044 1.9102 -15.3416,
		 8.0102 1.9102 -15.3416,
		 8.0102 1.1355 -15.3416,
		 9.1086 3.0532 -15.3416,
		 9.1086 2.0499 -15.3416,
		 9.2333 3.0532 -15.3416,
		 9.2333 3.0532 -15.3416,
		 8.0102 3.0532 -15.3416,
		 8.5625 3.0532 -15.3416,
		 8.5625 2.0499 -15.3416,
		 8.6632 2.0499 -15.3416,
		 8.6632 3.0532 -15.3416,
		 8.1171 2.0499 -15.3416,
		 8.1171 3.0532 -15.3416,
		 8.0102 3.0532 -15.3416,
		 8.0102 2.0499 -15.3416,
		 9.5958 4.4471 -15.3416,
		 10.9332 4.4471 -15.3416,
		 10.8433 5.1201 -15.3416,
		 10.8433 4.4471 -15.3416,
		 10.9332 5.1201 -15.3416,
		 10.9332 5.1201 -15.3416,
		 10.9332 5.1709 -15.3416,
		 9.5958 5.1709 -15.3416,
		 9.5958 5.1201 -15.3416,
		 9.6740 4.4471 -15.3416,
		 9.6740 5.1201 -15.3416,
		 9.5958 5.1201 -15.3416,
		 9.5958 4.4471 -15.3416,
		 10.8433 5.7805 -15.3416,
		 10.8433 5.1709 -15.3416,
		 10.9332 5.7805 -15.3416,
		 10.9332 5.7805 -15.3416,
		 9.5958 5.7805 -15.3416,
		 10.5385 5.7805 -15.3416,
		 10.5385 5.1709 -15.3416,
		 10.5884 5.1709 -15.3416,
		 10.5884 5.7805 -15.3416,
		 10.2337 5.7805 -15.3416,
		 10.2337 5.1709 -15.3416,
		 10.2836 5.1709 -15.3416,
		 10.2836 5.7805 -15.3416,
		 9.9290 5.7805 -15.3416,
		 9.9290 5.1709 -15.3416,
		 9.9788 5.1709 -15.3416,
		 9.9788 5.7805 -15.3416,
		 9.6740 5.1709 -15.3416,
		 9.6740 5.7805 -15.3416,
		 9.5958 5.7805 -15.3416,
		 9.5958 5.1709 -15.3416,
		 5.5537 4.4706 -15.3416,
		 6.8910 4.4706 -15.3416,
		 6.8012 5.1437 -15.3416,
		 6.8012 4.4706 -15.3416,
		 6.8910 5.1437 -15.3416,
		 6.8910 5.1437 -15.3416,
		 6.8910 5.1945 -15.3416,
		 5.5537 5.1945 -15.3416,
		 5.5537 5.1437 -15.3416,
		 5.6318 4.4706 -15.3416,
		 5.6318 5.1437 -15.3416,
		 5.5537 5.1437 -15.3416,
		 5.5537 4.4706 -15.3416,
		 6.8012 5.8041 -15.3416,
		 6.8012 5.1945 -15.3416,
		 6.8910 5.8041 -15.3416,
		 6.8910 5.8041 -15.3416,
		 5.5537 5.8041 -15.3416,
		 6.4964 5.8041 -15.3416,
		 6.4964 5.1945 -15.3416,
		 6.5462 5.1945 -15.3416,
		 6.5462 5.8041 -15.3416,
		 6.1916 5.8041 -15.3416,
		 6.1916 5.1945 -15.3416,
		 6.2414 5.1945 -15.3416,
		 6.2414 5.8041 -15.3416,
		 5.8868 5.8041 -15.3416,
		 5.8868 5.1945 -15.3416,
		 5.9366 5.1945 -15.3416,
		 5.9366 5.8041 -15.3416,
		 5.6318 5.1945 -15.3416,
		 5.6318 5.8041 -15.3416,
		 5.5537 5.8041 -15.3416,
		 5.5537 5.1945 -15.3416,
		 11.7131 0.6608 -15.3416,
		 -15.2400 0.6608 -15.3416,
		 11.7131 0.7076 -15.3416,
		 9.2333 0.7076 -15.3416,
		 -15.2400 0.6608 -15.3416,
		 -15.2400 0.7076 -15.3416,
		 8.0102 0.7076 -15.3416,
		 11.7131 1.7451 -15.3416,
		 9.2333 0.7076 -15.3416,
		 9.2333 1.7451 -15.3416,
		 6.9184 1.7451 -15.3416,
		 8.0102 1.7451 -15.3416,
		 8.0102 0.7076 -15.3416,
		 -15.2400 0.7076 -15.3416,
		 -15.2400 1.7451 -15.3416,
		 4.5269 1.7451 -15.3416,
		 11.7131 3.2612 -15.3416,
		 11.7131 4.3582 -15.3416,
		 11.7131 3.2612 -15.3416,
		 -15.2400 3.2612 -15.3416,
		 -15.2400 4.3582 -15.3416,
		 11.7131 5.8743 -15.3416,
		 11.7131 5.8979 -15.3416,
		 11.7131 5.8743 -15.3416,
		 6.8910 5.8743 -15.3416,
		 -15.2400 5.8979 -15.3416,
		 11.7131 5.8979 -15.3416,
		 -15.2400 5.8743 -15.3416,
		 -15.2400 5.8979 -15.3416,
		 5.5537 5.8743 -15.3416,
		 9.5958 4.3817 -15.3416,
		 -15.2400 4.3582 -15.3416,
		 -15.2400 4.3817 -15.3416,
		 6.8910 5.8743 -15.3416,
		 -15.2400 4.3817 -15.3416,
		 -15.2400 5.8743 -15.3416,
		 5.5537 5.8743 -15.3416,
		 9.5502 3.1929 -15.3416,
		 9.2333 1.7451 -15.3416,
		 6.9184 3.1929 -15.3416,
		 9.5502 3.2398 -15.3416,
		 9.5502 3.1929 -15.3416,
		 6.9184 1.7451 -15.3416,
		 6.9184 3.1929 -15.3416,
		 8.0102 1.7451 -15.3416,
		 -15.2400 3.2398 -15.3416,
		 -15.2400 3.2612 -15.3416,
		 9.5502 3.2398 -15.3416,
		 -15.2400 1.7451 -15.3416,
		 -15.2400 3.2398 -15.3416,
		 4.5269 1.7451 -15.3416,
		 10.8876 1.8340 -15.3416,
		 9.5502 1.8340 -15.3416,
		 10.8876 2.5071 -15.3416,
		 9.5502 2.5071 -15.3416,
		 9.5502 2.5579 -15.3416,
		 10.8876 2.5579 -15.3416,
		 10.8876 2.5071 -15.3416,
		 9.5502 1.8340 -15.3416,
		 9.5502 2.5071 -15.3416,
		 10.8876 3.1675 -15.3416,
		 9.5502 3.1675 -15.3416,
		 10.8876 3.1675 -15.3416,
		 9.5502 2.5579 -15.3416,
		 9.5502 3.1675 -15.3416,
		 6.9184 3.1460 -15.3416,
		 4.5269 3.1460 -15.3416,
		 6.9184 3.1460 -15.3416,
		 5.7109 0.7076 -15.3416,
		 4.5269 3.1460 -15.3416,
		 4.6559 0.7076 -15.3416,
		 9.2333 1.1306 -15.3416,
		 8.0102 1.1306 -15.3416,
		 9.2333 1.9180 -15.3416,
		 8.0102 1.9180 -15.3416,
		 8.0102 2.0499 -15.3416,
		 9.2333 2.0499 -15.3416,
		 9.2333 1.9180 -15.3416,
		 8.6725 1.1355 -15.3416,
		 8.0102 1.1306 -15.3416,
		 8.0102 1.1355 -15.3416,
		 8.6725 1.9102 -15.3416,
		 8.0102 1.9102 -15.3416,
		 8.0102 1.9180 -15.3416,
		 8.6725 1.9102 -15.3416,
		 8.0102 1.1355 -15.3416,
		 8.0102 1.9102 -15.3416,
		 9.2333 3.0532 -15.3416,
		 8.0102 3.0532 -15.3416,
		 9.2333 3.0532 -15.3416,
		 8.0102 2.0499 -15.3416,
		 8.0102 3.0532 -15.3416,
		 10.9332 4.4471 -15.3416,
		 9.5958 4.4471 -15.3416,
		 10.9332 5.1201 -15.3416,
		 9.5958 5.1201 -15.3416,
		 9.5958 5.1709 -15.3416,
		 10.9332 5.1709 -15.3416,
		 10.9332 5.1201 -15.3416,
		 9.5958 4.4471 -15.3416,
		 9.5958 5.1201 -15.3416,
		 10.9332 5.7805 -15.3416,
		 9.5958 5.7805 -15.3416,
		 10.9332 5.7805 -15.3416,
		 9.5958 5.1709 -15.3416,
		 9.5958 5.7805 -15.3416,
		 6.8910 4.4706 -15.3416,
		 5.5537 4.4706 -15.3416,
		 6.8910 5.1437 -15.3416,
		 5.5537 5.1437 -15.3416,
		 5.5537 5.1945 -15.3416,
		 6.8910 5.1945 -15.3416,
		 6.8910 5.1437 -15.3416,
		 5.5537 4.4706 -15.3416,
		 5.5537 5.1437 -15.3416,
		 6.8910 5.8041 -15.3416,
		 5.5537 5.8041 -15.3416,
		 6.8910 5.8041 -15.3416,
		 5.5537 5.1945 -15.3416,
		 5.5537 5.8041 -15.3416
		]
	} #Coordinate3
	Material {
		ambientColor      0.2000 0.0500 0.0000  #ambientColor
		diffuseColor      0.8000 0.2000 0.0000  #diffuseColor
		transparency      0.0000                #transparency
	} #Material

	IndexedFaceSet {
		coordIndex [ 
		 0, 1, 2, 3,-1,
		 3, 2, 1, 0,-1,
		 8, 0, 3, 9,-1,
		 10, 8, 11, 12,-1,
		 13, 14, 15, 16,-1,
		 17, 18, 19, 20,-1,
		 21, 22, 23, 24,-1,
		 25, 26, 27, 28,-1,
		 29, 30, 31, 32,-1,
		 33, 34, 32,-1,
		 35, 36, 37, 38,-1,
		 39, 40, 41, 42,-1,
		 43, 44, 45, 46,-1,
		 47, 48, 46,-1,
		 49, 50, 51, 52,-1,
		 53, 54, 55, 56,-1,
		 57, 53, 58, 59,-1,
		 60, 61, 62, 63,-1,
		 64, 57, 65, 66,-1,
		 67, 68, 69, 70,-1,
		 71, 72, 73, 74,-1,
		 75, 76, 77, 78,-1,
		 79, 80, 81, 82,-1,
		 83, 27, 84, 85,-1,
		 86, 87, 88, 89,-1,
		 90, 91, 92, 93,-1,
		 94, 95, 96, 97,-1,
		 98, 99, 100, 101,-1,
		 102, 103, 104, 105,-1,
		 106, 107, 108, 109,-1,
		 110, 83, 111, 112,-1,
		 113, 114, 115, 116,-1,
		 117, 118, 119, 120,-1,
		 121, 122, 120,-1,
		 123, 124, 125, 126,-1,
		 127, 128, 129, 130,-1,
		 131, 7, 4, 132,-1,
		 133, 134, 135, 136,-1,
		 137, 138, 139, 140,-1,
		 141, 142, 143, 144,-1,
		 145, 146, 144,-1,
		 147, 148, 149, 150,-1,
		 151, 152, 153, 154,-1,
		]
	} #IndexedFaceSet
	Material {
		ambientColor      0.2500 0.2500 0.2500  #ambientColor
		diffuseColor      1.0000 1.0000 1.0000  #diffuseColor
		transparency      0.0000                #transparency
	} #Material

	IndexedFaceSet {
		coordIndex [ 
		 155, 127, 134, 156,-1,
		 157, 155, 158, 159,-1,
		 160, 161, 162, 163,-1,
		 164, 160, 165, 166,-1,
		 167, 168, 169, 170,-1,
		 171, 167, 172, 173,-1,
		 174, 175, 176, 177,-1,
		 178, 174, 179, 180,-1,
		 181, 182, 183, 184,-1,
		 185, 186, 187, 188,-1,
		 189, 190, 191, 192,-1,
		 193, 194, 195, 196,-1,
		 197, 198, 199, 200,-1,
		 201, 202, 182,-1,
		 203, 139, 114, 204,-1,
		 205, 206, 207, 208,-1,
		 209, 210, 211, 212,-1,
		 213, 209, 214, 215,-1,
		 216, 217, 218, 219,-1,
		 220, 216, 221, 222,-1,
		 223, 224, 225, 226,-1,
		 227, 223, 228, 229,-1,
		 230, 231, 232, 233,-1,
		 234, 235, 236, 237,-1,
		 238, 239, 240, 241,-1,
		 242, 243, 244, 245,-1,
		 246, 247, 248, 249,-1,
		 250, 251, 206, 252,-1,
		 253, 250, 254, 255,-1,
		 256, 253, 257, 258,-1,
		 259, 260, 261, 262,-1,
		 263, 264, 265, 266,-1,
		 267, 268, 269, 270,-1,
		 271, 272, 273, 274,-1,
		 275, 276, 277, 278,-1,
		 279, 269, 280, 281,-1,
		 282, 283, 284, 285,-1,
		 286, 287, 288, 289,-1,
		 290, 286, 291, 292,-1,
		 293, 294, 295, 296,-1,
		 297, 298, 299, 300,-1,
		 301, 302, 303, 304,-1,
		 305, 301, 306, 307,-1,
		 308, 309, 310, 311,-1,
		 312, 290, 313, 314,-1,
		 315, 316, 317, 318,-1,
		 319, 320, 321, 322,-1,
		 323, 324, 325, 326,-1,
		 327, 328, 329, 330,-1,
		 331, 325, 332, 333,-1,
		 334, 232, 335, 336,-1,
		 337, 338, 339, 340,-1,
		 341, 342, 343, 344,-1,
		 345, 346, 347, 348,-1,
		 349, 345, 350, 351,-1,
		 352, 353, 354, 355,-1,
		 356, 349, 357, 358,-1,
		 359, 360, 361, 362,-1,
		 363, 359, 364, 365,-1,
		 366, 367, 368, 369,-1,
		 370, 371, 372, 373,-1,
		 374, 375, 376, 377,-1,
		 378, 379, 380, 381,-1,
		 382, 378, 383, 384,-1,
		 385, 386, 387, 388,-1,
		 389, 372, 390, 391,-1,
		 392, 393, 394, 395,-1,
		 396, 392, 397, 398,-1,
		 399, 335, 182, 400,-1,
		 401, 402, 403, 404,-1,
		 405, 406, 407, 408,-1,
		 409, 405, 410, 411,-1,
		 412, 413, 414, 415,-1,
		 416, 417, 418, 419,-1,
		 420, 421, 422, 423,-1,
		 424, 425, 426, 427,-1,
		 428, 429, 430, 431,-1,
		]
	} #IndexedFaceSet
	Material {
		ambientColor      0.1245 0.2500 0.2500  #ambientColor
		diffuseColor      0.4980 1.0000 1.0000  #diffuseColor
		transparency      0.4980                #transparency
	} #Material

	IndexedFaceSet {
		coordIndex [ 
		 358, 357, 421, 426,-1,
		]
	} #IndexedFaceSet
	Material {
		ambientColor      0.2500 0.2500 0.2500  #ambientColor
		diffuseColor      1.0000 1.0000 1.0000  #diffuseColor
		transparency      0.0000                #transparency
	} #Material

	IndexedFaceSet {
		coordIndex [ 
		 391, 390, 406, 414,-1,
		]
	} #IndexedFaceSet
	Material {
		ambientColor      0.2500 0.1500 0.0000  #ambientColor
		diffuseColor      1.0000 0.6000 0.0000  #diffuseColor
		transparency      0.0000                #transparency
	} #Material

	IndexedFaceSet {
		coordIndex [ 
		 398, 397, 404, 403,-1,
		]
	} #IndexedFaceSet
	Material {
		ambientColor      0.2500 0.2500 0.2500  #ambientColor
		diffuseColor      1.0000 1.0000 1.0000  #diffuseColor
		transparency      0.0000                #transparency
	} #Material

	IndexedFaceSet {
		coordIndex [ 
		 365, 364, 379, 382,-1,
		 411, 410, 419, 418,-1,
		 369, 383, 388, 376,-1,
		]
	} #IndexedFaceSet
	Material {
		ambientColor      0.1245 0.2500 0.2500  #ambientColor
		diffuseColor      0.4980 1.0000 1.0000  #diffuseColor
		transparency      0.4980                #transparency
	} #Material

	IndexedFaceSet {
		coordIndex [ 
		 423, 350, 355, 430,-1,
		 159, 158, 200, 199,-1,
		 166, 165, 196, 195,-1,
		 173, 172, 192, 191,-1,
		 180, 179, 188, 187,-1,
		]
	} #IndexedFaceSet
	Material {
		ambientColor      0.2500 0.2500 0.2500  #ambientColor
		diffuseColor      1.0000 1.0000 1.0000  #diffuseColor
		transparency      0.0000                #transparency
	} #Material

	IndexedFaceSet {
		coordIndex [ 
		 432, 315, 344, 343,-1,
		]
	} #IndexedFaceSet
	Material {
		ambientColor      0.2500 0.1500 0.0000  #ambientColor
		diffuseColor      1.0000 0.6000 0.0000  #diffuseColor
		transparency      0.0000                #transparency
	} #Material

	IndexedFaceSet {
		coordIndex [ 
		 333, 332, 340, 339,-1,
		]
	} #IndexedFaceSet
	Material {
		ambientColor      0.2500 0.2500 0.2500  #ambientColor
		diffuseColor      1.0000 1.0000 1.0000  #diffuseColor
		transparency      0.0000                #transparency
	} #Material

	IndexedFaceSet {
		coordIndex [ 
		 281, 280, 302, 305,-1,
		 285, 306, 311, 299,-1,
		]
	} #IndexedFaceSet
	Material {
		ambientColor      0.1245 0.2500 0.2500  #ambientColor
		diffuseColor      0.4980 1.0000 1.0000  #diffuseColor
		transparency      0.4980                #transparency
	} #Material

	IndexedFaceSet {
		coordIndex [ 
		 433, 254, 278, 277,-1,
		 266, 257, 262, 273,-1,
		]
	} #IndexedFaceSet
	Material {
		ambientColor      0.2500 0.2500 0.2500  #ambientColor
		diffuseColor      1.0000 1.0000 1.0000  #diffuseColor
		transparency      0.0000                #transparency
	} #Material

	IndexedFaceSet {
		coordIndex [ 
		 322, 291, 296, 329,-1,
		]
	} #IndexedFaceSet
	Material {
		ambientColor      0.1245 0.2500 0.2500  #ambientColor
		diffuseColor      0.4980 1.0000 1.0000  #diffuseColor
		transparency      0.4980                #transparency
	} #Material

	IndexedFaceSet {
		coordIndex [ 
		 208, 207, 249, 248,-1,
		 215, 214, 245, 244,-1,
		 222, 221, 241, 240,-1,
		 229, 228, 237, 236,-1,
		]
	} #IndexedFaceSet
	Material {
		ambientColor      0.2500 0.2500 0.2500  #ambientColor
		diffuseColor      1.0000 1.0000 1.0000  #diffuseColor
		transparency      0.0000                #transparency
	} #Material

	IndexedFaceSet {
		coordIndex [ 
		 434, 94, 99, 435,-1,
		 436, 434, 437, 438,-1,
		 439, 440, 441, 442,-1,
		 443, 439, 444, 445,-1,
		 446, 141, 136, 447,-1,
		 448, 449, 450, 451,-1,
		 452, 453, 454, 455,-1,
		 456, 457, 458, 459,-1,
		 460, 461, 462, 463,-1,
		 464, 465, 466, 467,-1,
		]
	} #IndexedFaceSet
	Material {
		ambientColor      0.1245 0.2500 0.2500  #ambientColor
		diffuseColor      0.4980 1.0000 1.0000  #diffuseColor
		transparency      0.4980                #transparency
	} #Material

	IndexedFaceSet {
		coordIndex [ 
		 438, 437, 453, 452,-1,
		 445, 444, 451, 450,-1,
		 455, 454, 457, 456,-1,
		 459, 458, 461, 460,-1,
		 463, 462, 467, 466,-1,
		]
	} #IndexedFaceSet
	Material {
		ambientColor      0.2500 0.2500 0.2500  #ambientColor
		diffuseColor      1.0000 1.0000 1.0000  #diffuseColor
		transparency      0.0000                #transparency
	} #Material

	IndexedFaceSet {
		coordIndex [ 
		 468, 469, 470, 471,-1,
		 472, 468, 473, 474,-1,
		 475, 476, 477, 478,-1,
		 479, 475, 480, 481,-1,
		 482, 147, 144, 483,-1,
		 484, 485, 486, 487,-1,
		 488, 489, 490, 491,-1,
		 492, 493, 494, 495,-1,
		 496, 497, 498, 499,-1,
		 500, 501, 502, 503,-1,
		]
	} #IndexedFaceSet
	Material {
		ambientColor      0.1245 0.2500 0.2500  #ambientColor
		diffuseColor      0.4980 1.0000 1.0000  #diffuseColor
		transparency      0.4980                #transparency
	} #Material

	IndexedFaceSet {
		coordIndex [ 
		 474, 473, 489, 488,-1,
		 481, 480, 487, 486,-1,
		 491, 490, 493, 492,-1,
		 495, 494, 497, 496,-1,
		 499, 498, 503, 502,-1,
		]
	} #IndexedFaceSet
	Material {
		ambientColor      0.2500 0.2500 0.2500  #ambientColor
		diffuseColor      1.0000 1.0000 1.0000  #diffuseColor
		transparency      0.0000                #transparency
	} #Material

	IndexedFaceSet {
		coordIndex [ 
		 504, 505, 506, 507,-1,
		 508, 504, 509, 510,-1,
		 511, 512, 513, 514,-1,
		 515, 511, 516, 517,-1,
		 518, 153, 150, 519,-1,
		 520, 521, 522, 523,-1,
		 524, 525, 526, 527,-1,
		 528, 529, 530, 531,-1,
		 532, 533, 534, 535,-1,
		 536, 537, 538, 539,-1,
		]
	} #IndexedFaceSet
	Material {
		ambientColor      0.1245 0.2500 0.2500  #ambientColor
		diffuseColor      0.4980 1.0000 1.0000  #diffuseColor
		transparency      0.4980                #transparency
	} #Material

	IndexedFaceSet {
		coordIndex [ 
		 510, 509, 525, 524,-1,
		 517, 516, 523, 522,-1,
		 527, 526, 529, 528,-1,
		 531, 530, 533, 532,-1,
		 535, 534, 539, 538,-1,
		]
	} #IndexedFaceSet
	Material {
		ambientColor      0.2500 0.2500 0.2500  #ambientColor
		diffuseColor      1.0000 1.0000 1.0000  #diffuseColor
		transparency      0.0000                #transparency
	} #Material

	IndexedFaceSet {
		coordIndex [ 
		 540, 541, 542, 543,-1,
		 544, 540, 545, 546,-1,
		 547, 548, 549, 550,-1,
		 551, 547, 552, 553,-1,
		 554, 117, 112, 555,-1,
		 556, 557, 558, 559,-1,
		 560, 561, 562, 563,-1,
		 564, 565, 566, 567,-1,
		 568, 569, 570, 571,-1,
		 572, 573, 574, 575,-1,
		]
	} #IndexedFaceSet
	Material {
		ambientColor      0.1245 0.2500 0.2500  #ambientColor
		diffuseColor      0.4980 1.0000 1.0000  #diffuseColor
		transparency      0.4980                #transparency
	} #Material

	IndexedFaceSet {
		coordIndex [ 
		 546, 545, 561, 560,-1,
		 553, 552, 559, 558,-1,
		 563, 562, 565, 564,-1,
		 567, 566, 569, 568,-1,
		 571, 570, 575, 574,-1,
		]
	} #IndexedFaceSet
	Material {
		ambientColor      0.2500 0.2500 0.2500  #ambientColor
		diffuseColor      1.0000 1.0000 1.0000  #diffuseColor
		transparency      0.0000                #transparency
	} #Material

	IndexedFaceSet {
		coordIndex [ 
		 576, 577, 578, 579,-1,
		 580, 576, 581, 582,-1,
		 583, 584, 585, 586,-1,
		 587, 583, 588, 589,-1,
		 590, 123, 120, 591,-1,
		 592, 593, 594, 595,-1,
		 596, 597, 598, 599,-1,
		 600, 601, 602, 603,-1,
		 604, 605, 606, 607,-1,
		 608, 609, 610, 611,-1,
		]
	} #IndexedFaceSet
	Material {
		ambientColor      0.1245 0.2500 0.2500  #ambientColor
		diffuseColor      0.4980 1.0000 1.0000  #diffuseColor
		transparency      0.4980                #transparency
	} #Material

	IndexedFaceSet {
		coordIndex [ 
		 582, 581, 597, 596,-1,
		 589, 588, 595, 594,-1,
		 599, 598, 601, 600,-1,
		 603, 602, 605, 604,-1,
		 607, 606, 611, 610,-1,
		]
	} #IndexedFaceSet
	Material {
		ambientColor      0.2500 0.2500 0.2500  #ambientColor
		diffuseColor      1.0000 1.0000 1.0000  #diffuseColor
		transparency      0.0000                #transparency
	} #Material

	IndexedFaceSet {
		coordIndex [ 
		 612, 613, 614, 615,-1,
		 616, 612, 617, 618,-1,
		 619, 620, 621, 622,-1,
		 623, 619, 624, 625,-1,
		 626, 129, 126, 627,-1,
		 628, 629, 630, 631,-1,
		 632, 633, 634, 635,-1,
		 636, 637, 638, 639,-1,
		 640, 641, 642, 643,-1,
		 644, 645, 646, 647,-1,
		]
	} #IndexedFaceSet
	Material {
		ambientColor      0.1245 0.2500 0.2500  #ambientColor
		diffuseColor      0.4980 1.0000 1.0000  #diffuseColor
		transparency      0.4980                #transparency
	} #Material

	IndexedFaceSet {
		coordIndex [ 
		 618, 617, 633, 632,-1,
		 625, 624, 631, 630,-1,
		 635, 634, 637, 636,-1,
		 639, 638, 641, 640,-1,
		 643, 642, 647, 646,-1,
		]
	} #IndexedFaceSet
	Material {
		ambientColor      0.2500 0.2500 0.2500  #ambientColor
		diffuseColor      1.0000 1.0000 1.0000  #diffuseColor
		transparency      0.0000                #transparency
	} #Material

	IndexedFaceSet {
		coordIndex [ 
		 648, 11, 44, 649,-1,
		 650, 648, 651, 652,-1,
		 653, 654, 655, 656,-1,
		 657, 653, 658, 659,-1,
		 660, 43, 12, 661,-1,
		 662, 663, 664, 665,-1,
		 666, 667, 668, 669,-1,
		 670, 671, 672, 673,-1,
		 674, 675, 676, 677,-1,
		 678, 679, 680, 681,-1,
		]
	} #IndexedFaceSet
	Material {
		ambientColor      0.1245 0.2500 0.2500  #ambientColor
		diffuseColor      0.4980 1.0000 1.0000  #diffuseColor
		transparency      0.4980                #transparency
	} #Material

	IndexedFaceSet {
		coordIndex [ 
		 652, 651, 667, 666,-1,
		 659, 658, 665, 664,-1,
		 669, 668, 671, 670,-1,
		 673, 672, 675, 674,-1,
		 677, 676, 681, 680,-1,
		]
	} #IndexedFaceSet
	Material {
		ambientColor      0.2500 0.2500 0.2500  #ambientColor
		diffuseColor      1.0000 1.0000 1.0000  #diffuseColor
		transparency      0.0000                #transparency
	} #Material

	IndexedFaceSet {
		coordIndex [ 
		 682, 683, 684, 685,-1,
		 686, 682, 687, 688,-1,
		 689, 690, 691, 692,-1,
		 693, 689, 694, 695,-1,
		 696, 49, 46, 697,-1,
		 698, 699, 700, 701,-1,
		 702, 703, 704, 705,-1,
		 706, 707, 708, 709,-1,
		 710, 711, 712, 713,-1,
		 714, 715, 716, 717,-1,
		]
	} #IndexedFaceSet
	Material {
		ambientColor      0.1245 0.2500 0.2500  #ambientColor
		diffuseColor      0.4980 1.0000 1.0000  #diffuseColor
		transparency      0.4980                #transparency
	} #Material

	IndexedFaceSet {
		coordIndex [ 
		 688, 687, 703, 702,-1,
		 695, 694, 701, 700,-1,
		 705, 704, 707, 706,-1,
		 709, 708, 711, 710,-1,
		 713, 712, 717, 716,-1,
		]
	} #IndexedFaceSet
	Material {
		ambientColor      0.2500 0.2500 0.2500  #ambientColor
		diffuseColor      1.0000 1.0000 1.0000  #diffuseColor
		transparency      0.0000                #transparency
	} #Material

	IndexedFaceSet {
		coordIndex [ 
		 718, 719, 720, 721,-1,
		 722, 718, 723, 724,-1,
		 725, 726, 727, 728,-1,
		 729, 725, 730, 731,-1,
		 732, 64, 52, 733,-1,
		 734, 735, 736, 737,-1,
		 738, 739, 740, 741,-1,
		 742, 743, 744, 745,-1,
		 746, 747, 748, 749,-1,
		 750, 751, 752, 753,-1,
		]
	} #IndexedFaceSet
	Material {
		ambientColor      0.1245 0.2500 0.2500  #ambientColor
		diffuseColor      0.4980 1.0000 1.0000  #diffuseColor
		transparency      0.4980                #transparency
	} #Material

	IndexedFaceSet {
		coordIndex [ 
		 724, 723, 739, 738,-1,
		 731, 730, 737, 736,-1,
		 741, 740, 743, 742,-1,
		 745, 744, 747, 746,-1,
		 749, 748, 753, 752,-1,
		]
	} #IndexedFaceSet
	Material {
		ambientColor      0.2500 0.2500 0.2500  #ambientColor
		diffuseColor      1.0000 1.0000 1.0000  #diffuseColor
		transparency      0.0000                #transparency
	} #Material

	IndexedFaceSet {
		coordIndex [ 
		 754, 67, 72, 755,-1,
		 756, 754, 757, 758,-1,
		 759, 760, 761, 762,-1,
		 763, 759, 764, 765,-1,
		 766, 29, 18, 767,-1,
		 768, 769, 770, 771,-1,
		 772, 773, 774, 775,-1,
		 776, 777, 778, 779,-1,
		 780, 781, 782, 783,-1,
		 784, 785, 786, 787,-1,
		]
	} #IndexedFaceSet
	Material {
		ambientColor      0.1245 0.2500 0.2500  #ambientColor
		diffuseColor      0.4980 1.0000 1.0000  #diffuseColor
		transparency      0.4980                #transparency
	} #Material

	IndexedFaceSet {
		coordIndex [ 
		 758, 757, 773, 772,-1,
		 765, 764, 771, 770,-1,
		 775, 774, 777, 776,-1,
		 779, 778, 781, 780,-1,
		 783, 782, 787, 786,-1,
		]
	} #IndexedFaceSet
	Material {
		ambientColor      0.2500 0.2500 0.2500  #ambientColor
		diffuseColor      1.0000 1.0000 1.0000  #diffuseColor
		transparency      0.0000                #transparency
	} #Material

	IndexedFaceSet {
		coordIndex [ 
		 788, 789, 790, 791,-1,
		 792, 788, 793, 794,-1,
		 795, 796, 797, 798,-1,
		 799, 795, 800, 801,-1,
		 802, 35, 32, 803,-1,
		 804, 805, 806, 807,-1,
		 808, 809, 810, 811,-1,
		 812, 813, 814, 815,-1,
		 816, 817, 818, 819,-1,
		 820, 821, 822, 823,-1,
		]
	} #IndexedFaceSet
	Material {
		ambientColor      0.1245 0.2500 0.2500  #ambientColor
		diffuseColor      0.4980 1.0000 1.0000  #diffuseColor
		transparency      0.4980                #transparency
	} #Material

	IndexedFaceSet {
		coordIndex [ 
		 794, 793, 809, 808,-1,
		 801, 800, 807, 806,-1,
		 811, 810, 813, 812,-1,
		 815, 814, 817, 816,-1,
		 819, 818, 823, 822,-1,
		]
	} #IndexedFaceSet
	Material {
		ambientColor      0.2500 0.2500 0.2500  #ambientColor
		diffuseColor      1.0000 1.0000 1.0000  #diffuseColor
		transparency      0.0000                #transparency
	} #Material

	IndexedFaceSet {
		coordIndex [ 
		 824, 825, 826, 827,-1,
		 828, 824, 829, 830,-1,
		 831, 832, 833, 834,-1,
		 835, 831, 836, 837,-1,
		 838, 41, 38, 839,-1,
		 840, 841, 842, 843,-1,
		 844, 845, 846, 847,-1,
		 848, 849, 850, 851,-1,
		 852, 853, 854, 855,-1,
		 856, 857, 858, 859,-1,
		]
	} #IndexedFaceSet
	Material {
		ambientColor      0.1245 0.2500 0.2500  #ambientColor
		diffuseColor      0.4980 1.0000 1.0000  #diffuseColor
		transparency      0.4980                #transparency
	} #Material

	IndexedFaceSet {
		coordIndex [ 
		 830, 829, 845, 844,-1,
		 837, 836, 843, 842,-1,
		 847, 846, 849, 848,-1,
		 851, 850, 853, 852,-1,
		 855, 854, 859, 858,-1,
		]
	} #IndexedFaceSet
	Material {
		ambientColor      0.2500 0.2500 0.2500  #ambientColor
		diffuseColor      1.0000 1.0000 1.0000  #diffuseColor
		transparency      0.0000                #transparency
	} #Material

	IndexedFaceSet {
		coordIndex [ 
		 860, 58, 63, 861,-1,
		 862, 860, 863, 864,-1,
		 865, 866, 867, 868,-1,
		 869, 870, 871, 872,-1,
		 873, 865, 874, 875,-1,
		 876, 23, 16, 877,-1,
		 878, 879, 880, 881,-1,
		 882, 883, 884, 885,-1,
		 886, 878, 887, 888,-1,
		 889, 890, 891, 892,-1,
		 893, 894, 895, 896,-1,
		 897, 898, 890,-1,
		 899, 897, 900, 901,-1,
		 902, 903, 904, 905,-1,
		 906, 907, 908, 909,-1,
		 910, 911, 912, 913,-1,
		 914, 915, 916, 917,-1,
		 918, 919, 920, 921,-1,
		 922, 923, 924,-1,
		 925, 926, 927, 928,-1,
		 929, 930, 931, 932,-1,
		 933, 934, 935, 936,-1,
		 937, 938, 939, 940,-1,
		]
	} #IndexedFaceSet
	Material {
		ambientColor      0.1245 0.2500 0.2500  #ambientColor
		diffuseColor      0.4980 1.0000 1.0000  #diffuseColor
		transparency      0.4980                #transparency
	} #Material

	IndexedFaceSet {
		coordIndex [ 
		 864, 863, 903, 902,-1,
		 875, 874, 879, 891,-1,
		 905, 904, 907, 906,-1,
		 909, 908, 911, 910,-1,
		 913, 912, 915, 914,-1,
		 924, 941, 942, 925,-1,
		 890, 893, 901, 900,-1,
		 928, 943, 944, 929,-1,
		 932, 945, 946, 933,-1,
		 936, 947, 948, 939,-1,
		]
	} #IndexedFaceSet
	Material {
		ambientColor      0.2500 0.2500 0.2500  #ambientColor
		diffuseColor      1.0000 1.0000 1.0000  #diffuseColor
		transparency      0.0000                #transparency
	} #Material

	IndexedFaceSet {
		coordIndex [ 
		 888, 949, 950, 895,-1,
		]
	} #IndexedFaceSet
	Material {
		ambientColor      0.2000 0.0500 0.0000  #ambientColor
		diffuseColor      0.8000 0.2000 0.0000  #diffuseColor
		transparency      0.0000                #transparency
	} #Material

	IndexedFaceSet {
		coordIndex [ 
		 951, 3, 0, 952,-1,
		 652, 651, 952, 953,-1,
		 864, 954, 955, 956,-1,
		 957, 958, 959, 960,-1,
		 905, 961, 962, 902,-1,
		 909, 963, 964, 906,-1,
		 913, 965, 966, 910,-1,
		 924, 967, 968, 914,-1,
		 924, 969, 970,-1,
		 928, 971, 972, 925,-1,
		 932, 973, 974, 929,-1,
		 936, 975, 976, 933,-1,
		 977, 939, 978, 979,-1,
		 980, 981, 982, 983,-1,
		 984, 985, 986, 987,-1,
		 988, 989, 990, 991,-1,
		 992, 993, 994, 995,-1,
		 996, 997, 998, 999,-1,
		 1000, 1001, 1002, 1003,-1,
		 1004, 1005, 1006, 1007,-1,
		 1008, 1009, 1010, 1011,-1,
		 1012, 1013, 1014, 1015,-1,
		 1016, 1017, 1018, 1019,-1,
		 1020, 1021, 1022, 1023,-1,
		 1024, 1025, 1026, 1027,-1,
		 659, 658, 958, 1028,-1,
		 875, 1029, 1030, 1031,-1,
		 1032, 1033, 765, 1034,-1,
		 890, 1035, 1036, 891,-1,
		 890, 1037, 1038,-1,
		 1039, 900, 1038, 1040,-1,
		 1041, 1042, 1043, 1044,-1,
		 801, 1045, 1046, 770,-1,
		 801, 1047, 1048,-1,
		 837, 1049, 1050, 1051,-1,
		 1052, 806, 1048, 1053,-1,
		 1054, 842, 1055, 1056,-1,
		 1057, 1058, 665, 1059,-1,
		 758, 1060, 1061, 1062,-1,
		 1063, 1064, 1065, 1066,-1,
		 775, 1067, 1068, 772,-1,
		 779, 1069, 1070, 776,-1,
		 783, 1071, 1072, 780,-1,
		 794, 1073, 1074, 786,-1,
		 794, 1075, 1076,-1,
		 811, 1077, 1078, 808,-1,
		 815, 1079, 1080, 812,-1,
		 819, 1081, 1082, 816,-1,
		 830, 1083, 1084, 822,-1,
		 847, 1085, 1086, 844,-1,
		 851, 1087, 1088, 848,-1,
		 855, 1089, 1090, 852,-1,
		 1091, 858, 1092, 1093,-1,
		 695, 694, 1059, 664,-1,
		 695, 1094, 1095,-1,
		 731, 1096, 701, 1097,-1,
		 1098, 1099, 1100, 700,-1,
		 1101, 1102, 1103, 1104,-1,
		 1105, 1106, 1107, 1108,-1,
		 1109, 1110, 1111, 1112,-1,
		 1113, 1114, 1115, 1116,-1,
		 1117, 1118, 1119, 1120,-1,
		 1121, 1122, 1123, 1124,-1,
		 1125, 874, 1124, 1126,-1,
		 879, 1127, 1128, 1129,-1,
		 1130, 1131, 1126, 736,-1,
		 1132, 764, 1133, 1134,-1,
		 1135, 893, 1134, 1136,-1,
		 901, 1137, 1138, 1139,-1,
		 1140, 1141, 771, 1142,-1,
		 1143, 1144, 1145, 1146,-1,
		 1147, 800, 1142, 1148,-1,
		 1149, 1150, 807, 1151,-1,
		 1152, 1153, 1154, 1155,-1,
		 669, 668, 667, 666,-1,
		 673, 672, 671, 670,-1,
		 677, 676, 675, 674,-1,
		 688, 1156, 681, 680,-1,
		 688, 1157, 1158,-1,
		 705, 1159, 1160, 702,-1,
		 709, 1161, 1162, 706,-1,
		 713, 1163, 1164, 710,-1,
		 724, 1165, 1166, 716,-1,
		 741, 1167, 1168, 738,-1,
		 745, 1169, 1170, 742,-1,
		 749, 1171, 1172, 746,-1,
		 1173, 1174, 1175, 1176,-1,
		 1177, 863, 1176, 1178,-1,
		 1179, 904, 903, 1180,-1,
		 1181, 908, 907, 1182,-1,
		 1183, 912, 911, 1184,-1,
		 1185, 1186, 915, 1187,-1,
		 1188, 1189, 1190, 1191,-1,
		 1192, 1193, 1194, 1195,-1,
		 1196, 1197, 1198, 1199,-1,
		 1200, 1201, 1202, 1203,-1,
		 1204, 1205, 1178, 752,-1,
		 1206, 1207, 1208, 1209,-1,
		 1210, 1211, 1212, 1213,-1,
		 1214, 1215, 1216, 1217,-1,
		 1218, 1219, 1220, 1221,-1,
		 1222, 1223, 1224, 1225,-1,
		 1226, 1227, 1228, 1229,-1,
		 1230, 1231, 1232, 1233,-1,
		 1234, 1235, 1236, 757,-1,
		 1237, 774, 773, 1238,-1,
		 1239, 778, 777, 1240,-1,
		 1241, 782, 781, 1242,-1,
		 1243, 1244, 787, 1245,-1,
		 1246, 1247, 1248, 1249,-1,
		 1250, 1251, 1252, 1253,-1,
		 1254, 1255, 1256, 1257,-1,
		 1258, 1259, 1260, 1261,-1,
		 1262, 1263, 1264, 1265,-1,
		 1266, 1267, 1268, 1269,-1,
		 1270, 1271, 1272, 1273,-1,
		 1274, 1275, 1276, 1277,-1,
		 1278, 94, 1042, 1279,-1,
		 1280, 1281, 99, 1282,-1,
		 1283, 1284, 1285, 1286,-1,
		 1287, 127, 1279, 1288,-1,
		 546, 545, 1288, 1289,-1,
		 1290, 1291, 1292, 1293,-1,
		 553, 552, 1293, 1294,-1,
		 589, 1295, 1296, 1297,-1,
		 1298, 1299, 114, 1300,-1,
		 1301, 594, 1302, 1303,-1,
		 1304, 1305, 559, 1306,-1,
		 1307, 1308, 1309, 1310,-1,
		 1311, 588, 1306, 558,-1,
		 625, 1312, 595, 1313,-1,
		 625, 1314, 1315,-1,
		 1316, 630, 1315, 1317,-1,
		 563, 562, 561, 560,-1,
		 567, 566, 565, 564,-1,
		 571, 570, 569, 568,-1,
		 582, 1318, 575, 574,-1,
		 582, 1319, 1320,-1,
		 599, 1321, 1322, 596,-1,
		 603, 1323, 1324, 600,-1,
		 607, 1325, 1326, 604,-1,
		 618, 1327, 1328, 610,-1,
		 635, 1329, 1330, 632,-1,
		 639, 1331, 1332, 636,-1,
		 643, 1333, 1334, 640,-1,
		 1335, 646, 1336, 1337,-1,
		 1338, 4, 7, 1339,-1,
		 136, 1340, 134, 1341,-1,
		 1342, 139, 1343, 1344,-1,
		 144, 1345, 1346, 141,-1,
		 144, 1347, 1348,-1,
		 1349, 1350, 1351, 1352,-1,
		 510, 509, 1352, 1353,-1,
		 1354, 1355, 1356, 1357,-1,
		 517, 516, 1357, 1358,-1,
		 1359, 147, 1348, 1360,-1,
		 523, 522, 1361, 1362,-1,
		 527, 526, 525, 524,-1,
		 531, 530, 529, 528,-1,
		 535, 534, 533, 532,-1,
		 539, 538, 1363, 1364,-1,
		]
	} #IndexedFaceSet
	Material {
		ambientColor      0.2500 0.2500 0.2500  #ambientColor
		diffuseColor      1.0000 1.0000 1.0000  #diffuseColor
		transparency      0.0000                #transparency
	} #Material

	IndexedFaceSet {
		coordIndex [ 
		 1365, 134, 127, 1366,-1,
		 159, 158, 1366, 1367,-1,
		 1368, 1369, 1370, 1371,-1,
		 166, 165, 1371, 1372,-1,
		 1373, 1374, 1375, 1376,-1,
		 173, 172, 1376, 1377,-1,
		 1378, 1379, 1380, 1381,-1,
		 180, 179, 1381, 1382,-1,
		 1383, 1384, 182, 1385,-1,
		 188, 187, 1386, 1387,-1,
		 192, 191, 1388, 1389,-1,
		 196, 195, 1390, 1391,-1,
		 200, 199, 1392, 1393,-1,
		 182, 202, 1394,-1,
		 1395, 114, 139, 1396,-1,
		 208, 207, 206, 1397,-1,
		 1398, 1399, 1400, 1401,-1,
		 215, 214, 1401, 1402,-1,
		 1403, 1404, 1405, 1406,-1,
		 222, 221, 1406, 1407,-1,
		 1408, 1409, 1410, 1411,-1,
		 229, 228, 1411, 1412,-1,
		 1413, 232, 1414, 1415,-1,
		 237, 236, 1416, 1417,-1,
		 241, 240, 1418, 1419,-1,
		 245, 244, 1420, 1421,-1,
		 249, 248, 1422, 1423,-1,
		 1424, 206, 1425, 1426,-1,
		 1427, 254, 1426, 1428,-1,
		 1429, 257, 1428, 1430,-1,
		 262, 1431, 1432, 1433,-1,
		 266, 1434, 1435, 1436,-1,
		 1437, 1438, 1439, 1440,-1,
		 1441, 273, 1442, 1443,-1,
		 278, 277, 1444, 1445,-1,
		 281, 280, 1438, 1446,-1,
		 285, 1447, 1448, 1449,-1,
		 1450, 1451, 1452, 1453,-1,
		 1454, 291, 1453, 1455,-1,
		 296, 1456, 1457, 1458,-1,
		 1459, 299, 1460, 1461,-1,
		 1462, 1463, 302, 1464,-1,
		 1465, 306, 1464, 305,-1,
		 311, 1466, 1467, 1468,-1,
		 1469, 1470, 1455, 1471,-1,
		 1472, 1473, 1474, 315,-1,
		 322, 1475, 1476, 1477,-1,
		 1478, 1479, 1480, 1481,-1,
		 1482, 329, 1483, 1484,-1,
		 333, 332, 1479, 1485,-1,
		 1486, 335, 232, 1487,-1,
		 340, 339, 1488, 1489,-1,
		 344, 343, 1490, 1491,-1,
		 1492, 347, 346, 1493,-1,
		 1494, 350, 1493, 1495,-1,
		 355, 1496, 1497, 1498,-1,
		 358, 357, 1495, 1499,-1,
		 1500, 1501, 1502, 1503,-1,
		 365, 364, 1503, 1504,-1,
		 369, 1505, 1506, 1507,-1,
		 1508, 1509, 1510, 1511,-1,
		 1512, 376, 1513, 1514,-1,
		 1515, 1516, 379, 1517,-1,
		 1518, 383, 1517, 382,-1,
		 388, 1519, 1520, 1521,-1,
		 391, 390, 1509, 1522,-1,
		 1523, 1524, 1525, 1526,-1,
		 398, 397, 1526, 1527,-1,
		 1528, 182, 335, 1529,-1,
		 404, 403, 1530, 1531,-1,
		 1532, 1533, 406, 1534,-1,
		 411, 410, 1534, 1535,-1,
		 1536, 414, 1537, 1538,-1,
		 419, 418, 1539, 1540,-1,
		 423, 1541, 421, 1542,-1,
		 1543, 426, 1544, 1545,-1,
		 1546, 430, 1547, 1548,-1,
		]
	} #IndexedFaceSet
	Material {
		ambientColor      0.1245 0.2500 0.2500  #ambientColor
		diffuseColor      0.4980 1.0000 1.0000  #diffuseColor
		transparency      0.4980                #transparency
	} #Material

	IndexedFaceSet {
		coordIndex [ 
		 426, 421, 357, 358,-1,
		]
	} #IndexedFaceSet
	Material {
		ambientColor      0.2500 0.2500 0.2500  #ambientColor
		diffuseColor      1.0000 1.0000 1.0000  #diffuseColor
		transparency      0.0000                #transparency
	} #Material

	IndexedFaceSet {
		coordIndex [ 
		 414, 406, 390, 391,-1,
		]
	} #IndexedFaceSet
	Material {
		ambientColor      0.2500 0.1500 0.0000  #ambientColor
		diffuseColor      1.0000 0.6000 0.0000  #diffuseColor
		transparency      0.0000                #transparency
	} #Material

	IndexedFaceSet {
		coordIndex [ 
		 403, 404, 397, 398,-1,
		]
	} #IndexedFaceSet
	Material {
		ambientColor      0.2500 0.2500 0.2500  #ambientColor
		diffuseColor      1.0000 1.0000 1.0000  #diffuseColor
		transparency      0.0000                #transparency
	} #Material

	IndexedFaceSet {
		coordIndex [ 
		 382, 379, 364, 365,-1,
		 418, 419, 410, 411,-1,
		 376, 388, 383, 369,-1,
		]
	} #IndexedFaceSet
	Material {
		ambientColor      0.1245 0.2500 0.2500  #ambientColor
		diffuseColor      0.4980 1.0000 1.0000  #diffuseColor
		transparency      0.4980                #transparency
	} #Material

	IndexedFaceSet {
		coordIndex [ 
		 430, 355, 350, 423,-1,
		 199, 200, 158, 159,-1,
		 195, 196, 165, 166,-1,
		 191, 192, 172, 173,-1,
		 187, 188, 179, 180,-1,
		]
	} #IndexedFaceSet
	Material {
		ambientColor      0.2500 0.2500 0.2500  #ambientColor
		diffuseColor      1.0000 1.0000 1.0000  #diffuseColor
		transparency      0.0000                #transparency
	} #Material

	IndexedFaceSet {
		coordIndex [ 
		 343, 344, 315, 432,-1,
		]
	} #IndexedFaceSet
	Material {
		ambientColor      0.2500 0.1500 0.0000  #ambientColor
		diffuseColor      1.0000 0.6000 0.0000  #diffuseColor
		transparency      0.0000                #transparency
	} #Material

	IndexedFaceSet {
		coordIndex [ 
		 339, 340, 332, 333,-1,
		]
	} #IndexedFaceSet
	Material {
		ambientColor      0.2500 0.2500 0.2500  #ambientColor
		diffuseColor      1.0000 1.0000 1.0000  #diffuseColor
		transparency      0.0000                #transparency
	} #Material

	IndexedFaceSet {
		coordIndex [ 
		 305, 302, 280, 281,-1,
		 299, 311, 306, 285,-1,
		]
	} #IndexedFaceSet
	Material {
		ambientColor      0.1245 0.2500 0.2500  #ambientColor
		diffuseColor      0.4980 1.0000 1.0000  #diffuseColor
		transparency      0.4980                #transparency
	} #Material

	IndexedFaceSet {
		coordIndex [ 
		 277, 278, 254, 433,-1,
		 273, 262, 257, 266,-1,
		]
	} #IndexedFaceSet
	Material {
		ambientColor      0.2500 0.2500 0.2500  #ambientColor
		diffuseColor      1.0000 1.0000 1.0000  #diffuseColor
		transparency      0.0000                #transparency
	} #Material

	IndexedFaceSet {
		coordIndex [ 
		 329, 296, 291, 322,-1,
		]
	} #IndexedFaceSet
	Material {
		ambientColor      0.1245 0.2500 0.2500  #ambientColor
		diffuseColor      0.4980 1.0000 1.0000  #diffuseColor
		transparency      0.4980                #transparency
	} #Material

	IndexedFaceSet {
		coordIndex [ 
		 248, 249, 207, 208,-1,
		 244, 245, 214, 215,-1,
		 240, 241, 221, 222,-1,
		 236, 237, 228, 229,-1,
		]
	} #IndexedFaceSet
	Material {
		ambientColor      0.2500 0.2500 0.2500  #ambientColor
		diffuseColor      1.0000 1.0000 1.0000  #diffuseColor
		transparency      0.0000                #transparency
	} #Material

	IndexedFaceSet {
		coordIndex [ 
		 1549, 99, 94, 1550,-1,
		 438, 437, 1550, 1551,-1,
		 1552, 1553, 1554, 1555,-1,
		 445, 444, 1555, 1556,-1,
		 1557, 136, 141, 1558,-1,
		 451, 450, 1559, 1560,-1,
		 455, 454, 453, 452,-1,
		 459, 458, 457, 456,-1,
		 463, 462, 461, 460,-1,
		 467, 466, 1561, 1562,-1,
		]
	} #IndexedFaceSet
	Material {
		ambientColor      0.1245 0.2500 0.2500  #ambientColor
		diffuseColor      0.4980 1.0000 1.0000  #diffuseColor
		transparency      0.4980                #transparency
	} #Material

	IndexedFaceSet {
		coordIndex [ 
		 452, 453, 437, 438,-1,
		 450, 451, 444, 445,-1,
		 456, 457, 454, 455,-1,
		 460, 461, 458, 459,-1,
		 466, 467, 462, 463,-1,
		]
	} #IndexedFaceSet
	Material {
		ambientColor      0.2500 0.2500 0.2500  #ambientColor
		diffuseColor      1.0000 1.0000 1.0000  #diffuseColor
		transparency      0.0000                #transparency
	} #Material

	IndexedFaceSet {
		coordIndex [ 
		 1563, 470, 469, 1564,-1,
		 474, 473, 1564, 1565,-1,
		 1566, 1567, 1568, 1569,-1,
		 481, 480, 1569, 1570,-1,
		 1571, 144, 147, 1572,-1,
		 487, 486, 1573, 1574,-1,
		 491, 490, 489, 488,-1,
		 495, 494, 493, 492,-1,
		 499, 498, 497, 496,-1,
		 503, 502, 1575, 1576,-1,
		]
	} #IndexedFaceSet
	Material {
		ambientColor      0.1245 0.2500 0.2500  #ambientColor
		diffuseColor      0.4980 1.0000 1.0000  #diffuseColor
		transparency      0.4980                #transparency
	} #Material

	IndexedFaceSet {
		coordIndex [ 
		 488, 489, 473, 474,-1,
		 486, 487, 480, 481,-1,
		 492, 493, 490, 491,-1,
		 496, 497, 494, 495,-1,
		 502, 503, 498, 499,-1,
		 524, 525, 509, 510,-1,
		 522, 523, 516, 517,-1,
		 528, 529, 526, 527,-1,
		 532, 533, 530, 531,-1,
		 538, 539, 534, 535,-1,
		 560, 561, 545, 546,-1,
		 558, 559, 552, 553,-1,
		 564, 565, 562, 563,-1,
		 568, 569, 566, 567,-1,
		 574, 575, 570, 571,-1,
		 596, 597, 581, 582,-1,
		 594, 595, 588, 589,-1,
		 600, 601, 598, 599,-1,
		 604, 605, 602, 603,-1,
		 610, 611, 606, 607,-1,
		 632, 633, 617, 618,-1,
		 630, 631, 624, 625,-1,
		 636, 637, 634, 635,-1,
		 640, 641, 638, 639,-1,
		 646, 647, 642, 643,-1,
		 666, 667, 651, 652,-1,
		 664, 665, 658, 659,-1,
		 670, 671, 668, 669,-1,
		 674, 675, 672, 673,-1,
		 680, 681, 676, 677,-1,
		 702, 703, 687, 688,-1,
		 700, 701, 694, 695,-1,
		 706, 707, 704, 705,-1,
		 710, 711, 708, 709,-1,
		 716, 717, 712, 713,-1,
		 738, 739, 723, 724,-1,
		 736, 737, 730, 731,-1,
		 742, 743, 740, 741,-1,
		 746, 747, 744, 745,-1,
		 752, 753, 748, 749,-1,
		 772, 773, 757, 758,-1,
		 770, 771, 764, 765,-1,
		 776, 777, 774, 775,-1,
		 780, 781, 778, 779,-1,
		 786, 787, 782, 783,-1,
		 808, 809, 793, 794,-1,
		 806, 807, 800, 801,-1,
		 812, 813, 810, 811,-1,
		 816, 817, 814, 815,-1,
		 822, 823, 818, 819,-1,
		 844, 845, 829, 830,-1,
		 842, 843, 836, 837,-1,
		 848, 849, 846, 847,-1,
		 852, 853, 850, 851,-1,
		 858, 859, 854, 855,-1,
		 902, 903, 863, 864,-1,
		 891, 879, 874, 875,-1,
		 906, 907, 904, 905,-1,
		 910, 911, 908, 909,-1,
		 914, 915, 912, 913,-1,
		 925, 942, 941, 924,-1,
		 900, 901, 893, 890,-1,
		 929, 944, 943, 928,-1,
		 933, 946, 945, 932,-1,
		 939, 948, 947, 936,-1,
		]
	} #IndexedFaceSet
	Material {
		ambientColor      0.2000 0.0500 0.0000  #ambientColor
		diffuseColor      0.8000 0.2000 0.0000  #diffuseColor
		transparency      0.0000                #transparency
	} #Material

	IndexedFaceSet {
		coordIndex [ 
		 1577, 1, 0, 1578,-1,
		 1579, 1577, 1580, 1581,-1,
		 1582, 4, 5, 1583,-1,
		 1584, 1585, 1586, 1587,-1,
		]
	} #IndexedFaceSet
	Material {
		ambientColor      0.2500 0.2500 0.2500  #ambientColor
		diffuseColor      1.0000 1.0000 1.0000  #diffuseColor
		transparency      0.0000                #transparency
	} #Material

	IndexedFaceSet {
		coordIndex [ 
		 1588, 1580, 1587, 1589,-1,
		 1590, 1588, 1591, 1592,-1,
		 1593, 1594, 1595, 1596,-1,
		 1597, 1593, 1598, 1599,-1,
		 1600, 1601, 1602, 1603,-1,
		 1604, 1600, 1605, 1606,-1,
		 1607, 1586, 1581, 1608,-1,
		 1609, 1610, 1611, 1612,-1,
		 1613, 1614, 1615, 1616,-1,
		 1617, 1613, 1618, 1619,-1,
		 1620, 1621, 1622, 1623,-1,
		 1624, 1625, 1626, 1627,-1,
		 1628, 1629, 1630, 1631,-1,
		 1632, 1633, 1634, 1635,-1,
		]
	} #IndexedFaceSet
	Material {
		ambientColor      0.1245 0.2500 0.2500  #ambientColor
		diffuseColor      0.4980 1.0000 1.0000  #diffuseColor
		transparency      0.4980                #transparency
	} #Material

	IndexedFaceSet {
		coordIndex [ 
		 1592, 1591, 1629, 1628,-1,
		 1631, 1630, 1635, 1634,-1,
		]
	} #IndexedFaceSet
	Material {
		ambientColor      0.2500 0.2500 0.2500  #ambientColor
		diffuseColor      1.0000 1.0000 1.0000  #diffuseColor
		transparency      0.0000                #transparency
	} #Material

	IndexedFaceSet {
		coordIndex [ 
		 1599, 1598, 1614, 1622,-1,
		 1619, 1618, 1627, 1626,-1,
		]
	} #IndexedFaceSet
	Material {
		ambientColor      0.2500 0.1500 0.0000  #ambientColor
		diffuseColor      1.0000 0.6000 0.0000  #diffuseColor
		transparency      0.0000                #transparency
	} #Material

	IndexedFaceSet {
		coordIndex [ 
		 1606, 1605, 1612, 1611,-1,
		]
	} #IndexedFaceSet
	Material {
		ambientColor      0.2000 0.0500 0.0000  #ambientColor
		diffuseColor      0.8000 0.2000 0.0000  #diffuseColor
		transparency      0.0000                #transparency
	} #Material

	IndexedFaceSet {
		coordIndex [ 
		 1636, 0, 1, 1637,-1,
		 1581, 1580, 1637, 1638,-1,
		 1639, 5, 4, 1640,-1,
		 1587, 1586, 1641, 1642,-1,
		]
	} #IndexedFaceSet
	Material {
		ambientColor      0.2500 0.2500 0.2500  #ambientColor
		diffuseColor      1.0000 1.0000 1.0000  #diffuseColor
		transparency      0.0000                #transparency
	} #Material

	IndexedFaceSet {
		coordIndex [ 
		 1643, 1587, 1580, 1644,-1,
		 1592, 1591, 1644, 1645,-1,
		 1646, 1647, 1648, 1649,-1,
		 1599, 1598, 1649, 1650,-1,
		 1651, 1652, 1653, 1654,-1,
		 1606, 1605, 1654, 1655,-1,
		 1656, 1581, 1586, 1657,-1,
		 1612, 1611, 1658, 1659,-1,
		 1660, 1661, 1614, 1662,-1,
		 1619, 1618, 1662, 1663,-1,
		 1664, 1622, 1665, 1666,-1,
		 1627, 1626, 1667, 1668,-1,
		 1631, 1630, 1629, 1628,-1,
		 1635, 1634, 1669, 1670,-1,
		]
	} #IndexedFaceSet
	Material {
		ambientColor      0.1245 0.2500 0.2500  #ambientColor
		diffuseColor      0.4980 1.0000 1.0000  #diffuseColor
		transparency      0.4980                #transparency
	} #Material

	IndexedFaceSet {
		coordIndex [ 
		 1628, 1629, 1591, 1592,-1,
		 1634, 1635, 1630, 1631,-1,
		]
	} #IndexedFaceSet
	Material {
		ambientColor      0.2500 0.2500 0.2500  #ambientColor
		diffuseColor      1.0000 1.0000 1.0000  #diffuseColor
		transparency      0.0000                #transparency
	} #Material

	IndexedFaceSet {
		coordIndex [ 
		 1622, 1614, 1598, 1599,-1,
		 1626, 1627, 1618, 1619,-1,
		]
	} #IndexedFaceSet
	Material {
		ambientColor      0.2500 0.1500 0.0000  #ambientColor
		diffuseColor      1.0000 0.6000 0.0000  #diffuseColor
		transparency      0.0000                #transparency
	} #Material

	IndexedFaceSet {
		coordIndex [ 
		 1611, 1612, 1605, 1606,-1,
		]
	} #IndexedFaceSet
	Material {
		ambientColor      0.2000 0.0500 0.0000  #ambientColor
		diffuseColor      0.8000 0.2000 0.0000  #diffuseColor
		transparency      0.0000                #transparency
	} #Material

	IndexedFaceSet {
		coordIndex [ 
		 1671, 5, 6, 1672,-1,
		 1673, 1674, 1672, 1675,-1,
		 1676, 1677, 1678, 1679,-1,
		 1680, 1681, 1675, 1682,-1,
		 1683, 1684, 1685, 1686,-1,
		 1687, 1688, 1689, 1690,-1,
		 1691, 1692, 1682, 1693,-1,
		 1694, 1695, 1696, 1697,-1,
		 1698, 1699, 1697, 1700,-1,
		 1701, 1702, 1703, 1704,-1,
		 1705, 2, 1, 1706,-1,
		 1707, 1708, 1709, 1710,-1,
		 1711, 1712, 1713, 1714,-1,
		 1715, 1716, 1714, 1717,-1,
		 1718, 1719, 1720, 1721,-1,
		 1722, 1723, 1724, 1725,-1,
		 1726, 1727, 1728, 1729,-1,
		 1730, 1731, 1732, 1733,-1,
		 1734, 1735, 1736, 1737,-1,
		 1738, 1739, 1740, 1741,-1,
		]
	} #IndexedFaceSet
	Material {
		ambientColor      0.2500 0.2500 0.2500  #ambientColor
		diffuseColor      1.0000 1.0000 1.0000  #diffuseColor
		transparency      0.0000                #transparency
	} #Material

	IndexedFaceSet {
		coordIndex [ 
		 1742, 1724, 1692, 1743,-1,
		 1744, 1745, 1743, 1746,-1,
		 1747, 1748, 1749, 1750,-1,
		 1751, 1752, 1753, 1754,-1,
		 1755, 1756, 1748, 1757,-1,
		 1758, 1691, 1735, 1759,-1,
		 1760, 1761, 1762, 1763,-1,
		 1764, 1765, 1766, 1767,-1,
		 1768, 1769, 1770, 1771,-1,
		 1772, 1773, 1774, 1775,-1,
		]
	} #IndexedFaceSet
	Material {
		ambientColor      0.1245 0.2500 0.2500  #ambientColor
		diffuseColor      0.4980 1.0000 1.0000  #diffuseColor
		transparency      0.4980                #transparency
	} #Material

	IndexedFaceSet {
		coordIndex [ 
		 1756, 1755, 1763, 1762,-1,
		]
	} #IndexedFaceSet
	Material {
		ambientColor      0.2500 0.2500 0.2500  #ambientColor
		diffuseColor      1.0000 1.0000 1.0000  #diffuseColor
		transparency      0.0000                #transparency
	} #Material

	IndexedFaceSet {
		coordIndex [ 
		 1776, 1777, 1686, 1778,-1,
		 1779, 1728, 1739, 1780,-1,
		 1781, 1782, 1783, 1784,-1,
		 1785, 1786, 1787, 1687,-1,
		]
	} #IndexedFaceSet
	Material {
		ambientColor      0.1245 0.2500 0.2500  #ambientColor
		diffuseColor      0.4980 1.0000 1.0000  #diffuseColor
		transparency      0.4980                #transparency
	} #Material

	IndexedFaceSet {
		coordIndex [ 
		 1777, 1776, 1784, 1783,-1,
		 1788, 1781, 1786, 1789,-1,
		]
	} #IndexedFaceSet
	Material {
		ambientColor      0.2500 0.2500 0.2500  #ambientColor
		diffuseColor      1.0000 1.0000 1.0000  #diffuseColor
		transparency      0.0000                #transparency
	} #Material

	IndexedFaceSet {
		coordIndex [ 
		 1790, 1676, 1674, 1791,-1,
		 1792, 1793, 1791, 1794,-1,
		 1795, 1796, 1797, 1798,-1,
		 1799, 1800, 1801, 1802,-1,
		 1803, 1804, 1796, 1805,-1,
		 1806, 1807, 1808, 1809,-1,
		 1810, 1811, 1812, 1813,-1,
		 1814, 1815, 1813, 1816,-1,
		 1817, 1818, 1819, 1820,-1,
		 1821, 1822, 1823, 1824,-1,
		 1825, 1826, 1807, 1827,-1,
		 1828, 1722, 1731, 1829,-1,
		 1830, 1831, 1832, 1833,-1,
		 1834, 1835, 1836, 1837,-1,
		]
	} #IndexedFaceSet
	Material {
		ambientColor      0.1245 0.2500 0.2500  #ambientColor
		diffuseColor      0.4980 1.0000 1.0000  #diffuseColor
		transparency      0.4980                #transparency
	} #Material

	IndexedFaceSet {
		coordIndex [ 
		 1745, 1744, 1752, 1751,-1,
		 1761, 1760, 1767, 1766,-1,
		 1765, 1764, 1771, 1770,-1,
		 1769, 1768, 1773, 1772,-1,
		]
	} #IndexedFaceSet
	Material {
		ambientColor      0.2500 0.2500 0.2500  #ambientColor
		diffuseColor      1.0000 1.0000 1.0000  #diffuseColor
		transparency      0.0000                #transparency
	} #Material

	IndexedFaceSet {
		coordIndex [ 
		 1838, 1713, 1699, 1839,-1,
		 1840, 1841, 1839, 1842,-1,
		 1843, 1844, 1845, 1846,-1,
		 1847, 1848, 1849, 1850,-1,
		 1851, 1852, 1844, 1853,-1,
		 1854, 1698, 1717, 1855,-1,
		 1856, 1857, 1858, 1859,-1,
		 1860, 1861, 1862, 1863,-1,
		 1864, 1865, 1866, 1867,-1,
		 1868, 1869, 1870, 1871,-1,
		]
	} #IndexedFaceSet
	Material {
		ambientColor      0.1245 0.2500 0.2500  #ambientColor
		diffuseColor      0.4980 1.0000 1.0000  #diffuseColor
		transparency      0.4980                #transparency
	} #Material

	IndexedFaceSet {
		coordIndex [ 
		 1852, 1851, 1859, 1858,-1,
		 1841, 1840, 1848, 1847,-1,
		 1857, 1856, 1863, 1862,-1,
		 1861, 1860, 1867, 1866,-1,
		 1865, 1864, 1869, 1868,-1,
		]
	} #IndexedFaceSet
	Material {
		ambientColor      0.2500 0.2500 0.2500  #ambientColor
		diffuseColor      1.0000 1.0000 1.0000  #diffuseColor
		transparency      0.0000                #transparency
	} #Material

	IndexedFaceSet {
		coordIndex [ 
		 1872, 1718, 1716, 1873,-1,
		 1874, 1875, 1873, 1876,-1,
		 1877, 1878, 1879, 1880,-1,
		 1881, 1882, 1883, 1884,-1,
		 1885, 1886, 1878, 1887,-1,
		 1888, 1701, 1708, 1889,-1,
		 1890, 1891, 1892, 1893,-1,
		 1894, 1895, 1896, 1897,-1,
		 1898, 1899, 1900, 1901,-1,
		 1902, 1903, 1904, 1905,-1,
		]
	} #IndexedFaceSet
	Material {
		ambientColor      0.1245 0.2500 0.2500  #ambientColor
		diffuseColor      0.4980 1.0000 1.0000  #diffuseColor
		transparency      0.4980                #transparency
	} #Material

	IndexedFaceSet {
		coordIndex [ 
		 1886, 1885, 1893, 1892,-1,
		 1875, 1874, 1882, 1881,-1,
		 1891, 1890, 1897, 1896,-1,
		 1895, 1894, 1901, 1900,-1,
		 1899, 1898, 1903, 1902,-1,
		 1826, 1825, 1833, 1832,-1,
		 1831, 1830, 1835, 1834,-1,
		]
	} #IndexedFaceSet
	Material {
		ambientColor      0.2500 0.2500 0.2500  #ambientColor
		diffuseColor      1.0000 1.0000 1.0000  #diffuseColor
		transparency      0.4980                #transparency
	} #Material

	IndexedFaceSet {
		coordIndex [ 
		 1804, 1803, 1818, 1812,-1,
		 1815, 1814, 1822, 1821,-1,
		]
	} #IndexedFaceSet
	Material {
		ambientColor      0.2500 0.1500 0.0000  #ambientColor
		diffuseColor      1.0000 0.6000 0.0000  #diffuseColor
		transparency      0.0000                #transparency
	} #Material

	IndexedFaceSet {
		coordIndex [ 
		 1793, 1792, 1800, 1799,-1,
		]
	} #IndexedFaceSet
	Material {
		ambientColor      0.2000 0.0500 0.0000  #ambientColor
		diffuseColor      0.8000 0.2000 0.0000  #diffuseColor
		transparency      0.0000                #transparency
	} #Material

	IndexedFaceSet {
		coordIndex [ 
		 1906, 6, 5, 1907,-1,
		 1908, 1906, 1674, 1909,-1,
		 1910, 1911, 1912, 1676,-1,
		 1913, 1908, 1914, 1915,-1,
		 1686, 1916, 1917, 1918,-1,
		 1919, 1920, 1921, 1687,-1,
		 1922, 1913, 1692, 1691,-1,
		 1923, 1924, 1925, 1926,-1,
		 1927, 1923, 1699, 1698,-1,
		 1928, 1929, 1930, 1701,-1,
		 1931, 1, 2, 1932,-1,
		 1933, 1934, 1708, 1935,-1,
		 1936, 1713, 1937, 1938,-1,
		 1717, 1936, 1716, 1939,-1,
		 1940, 1941, 1942, 1718,-1,
		 1943, 1724, 1944, 1722,-1,
		 1945, 1728, 1946, 1947,-1,
		 1948, 1949, 1731, 1950,-1,
		 1951, 1952, 1735, 1953,-1,
		 1954, 1955, 1739, 1956,-1,
		]
	} #IndexedFaceSet
	Material {
		ambientColor      0.2500 0.2500 0.2500  #ambientColor
		diffuseColor      1.0000 1.0000 1.0000  #diffuseColor
		transparency      0.0000                #transparency
	} #Material

	IndexedFaceSet {
		coordIndex [ 
		 1957, 1692, 1724, 1958,-1,
		 1959, 1957, 1745, 1744,-1,
		 1960, 1961, 1962, 1963,-1,
		 1964, 1965, 1752, 1751,-1,
		 1966, 1962, 1756, 1755,-1,
		 1967, 1735, 1691, 1968,-1,
		 1763, 1762, 1761, 1760,-1,
		 1767, 1766, 1765, 1764,-1,
		 1771, 1770, 1769, 1768,-1,
		 1969, 1970, 1773, 1772,-1,
		]
	} #IndexedFaceSet
	Material {
		ambientColor      0.1245 0.2500 0.2500  #ambientColor
		diffuseColor      0.4980 1.0000 1.0000  #diffuseColor
		transparency      0.4980                #transparency
	} #Material

	IndexedFaceSet {
		coordIndex [ 
		 1762, 1763, 1755, 1756,-1,
		]
	} #IndexedFaceSet
	Material {
		ambientColor      0.2500 0.2500 0.2500  #ambientColor
		diffuseColor      1.0000 1.0000 1.0000  #diffuseColor
		transparency      0.0000                #transparency
	} #Material

	IndexedFaceSet {
		coordIndex [ 
		 1971, 1686, 1777, 1776,-1,
		 1972, 1739, 1728, 1973,-1,
		 1784, 1783, 1974, 1781,-1,
		 1687, 1975, 1786, 1976,-1,
		]
	} #IndexedFaceSet
	Material {
		ambientColor      0.1245 0.2500 0.2500  #ambientColor
		diffuseColor      0.4980 1.0000 1.0000  #diffuseColor
		transparency      0.4980                #transparency
	} #Material

	IndexedFaceSet {
		coordIndex [ 
		 1783, 1784, 1776, 1777,-1,
		 1789, 1786, 1781, 1788,-1,
		]
	} #IndexedFaceSet
	Material {
		ambientColor      0.2500 0.2500 0.2500  #ambientColor
		diffuseColor      1.0000 1.0000 1.0000  #diffuseColor
		transparency      0.0000                #transparency
	} #Material

	IndexedFaceSet {
		coordIndex [ 
		 1977, 1674, 1676, 1978,-1,
		 1979, 1977, 1804, 1803,-1,
		 1980, 1981, 1982, 1983,-1,
		 1984, 1812, 1985, 1986,-1,
		 1987, 1984, 1815, 1814,-1,
		 1988, 1989, 1818, 1990,-1,
		 1991, 1992, 1822, 1821,-1,
		 1993, 1982, 1826, 1825,-1,
		 1994, 1731, 1722, 1995,-1,
		 1833, 1832, 1831, 1830,-1,
		 1996, 1997, 1835, 1834,-1,
		]
	} #IndexedFaceSet
	Material {
		ambientColor      0.1245 0.2500 0.2500  #ambientColor
		diffuseColor      0.4980 1.0000 1.0000  #diffuseColor
		transparency      0.4980                #transparency
	} #Material

	IndexedFaceSet {
		coordIndex [ 
		 1751, 1752, 1744, 1745,-1,
		 1766, 1767, 1760, 1761,-1,
		 1770, 1771, 1764, 1765,-1,
		 1772, 1773, 1768, 1769,-1,
		]
	} #IndexedFaceSet
	Material {
		ambientColor      0.2500 0.2500 0.2500  #ambientColor
		diffuseColor      1.0000 1.0000 1.0000  #diffuseColor
		transparency      0.0000                #transparency
	} #Material

	IndexedFaceSet {
		coordIndex [ 
		 1998, 1699, 1713, 1999,-1,
		 2000, 1998, 1841, 1840,-1,
		 2001, 2002, 2003, 2004,-1,
		 2005, 2006, 1848, 1847,-1,
		 2007, 2003, 1852, 1851,-1,
		 2008, 1717, 1698, 2009,-1,
		 1859, 1858, 1857, 1856,-1,
		 1863, 1862, 1861, 1860,-1,
		 1867, 1866, 1865, 1864,-1,
		 2010, 2011, 1869, 1868,-1,
		]
	} #IndexedFaceSet
	Material {
		ambientColor      0.1245 0.2500 0.2500  #ambientColor
		diffuseColor      0.4980 1.0000 1.0000  #diffuseColor
		transparency      0.4980                #transparency
	} #Material

	IndexedFaceSet {
		coordIndex [ 
		 1858, 1859, 1851, 1852,-1,
		 1847, 1848, 1840, 1841,-1,
		 1862, 1863, 1856, 1857,-1,
		 1866, 1867, 1860, 1861,-1,
		 1868, 1869, 1864, 1865,-1,
		]
	} #IndexedFaceSet
	Material {
		ambientColor      0.2500 0.2500 0.2500  #ambientColor
		diffuseColor      1.0000 1.0000 1.0000  #diffuseColor
		transparency      0.0000                #transparency
	} #Material

	IndexedFaceSet {
		coordIndex [ 
		 2012, 1716, 1718, 2013,-1,
		 2014, 2012, 1875, 1874,-1,
		 2015, 2016, 2017, 2018,-1,
		 2019, 2020, 1882, 1881,-1,
		 2021, 2017, 1886, 1885,-1,
		 2022, 1708, 1701, 2023,-1,
		 1893, 1892, 1891, 1890,-1,
		 1897, 1896, 1895, 1894,-1,
		 1901, 1900, 1899, 1898,-1,
		 2024, 2025, 1903, 1902,-1,
		]
	} #IndexedFaceSet
	Material {
		ambientColor      0.1245 0.2500 0.2500  #ambientColor
		diffuseColor      0.4980 1.0000 1.0000  #diffuseColor
		transparency      0.4980                #transparency
	} #Material

	IndexedFaceSet {
		coordIndex [ 
		 1892, 1893, 1885, 1886,-1,
		 1881, 1882, 1874, 1875,-1,
		 1896, 1897, 1890, 1891,-1,
		 1900, 1901, 1894, 1895,-1,
		 1902, 1903, 1898, 1899,-1,
		 1832, 1833, 1825, 1826,-1,
		 1834, 1835, 1830, 1831,-1,
		]
	} #IndexedFaceSet
	Material {
		ambientColor      0.2500 0.2500 0.2500  #ambientColor
		diffuseColor      1.0000 1.0000 1.0000  #diffuseColor
		transparency      0.4980                #transparency
	} #Material

	IndexedFaceSet {
		coordIndex [ 
		 1812, 1818, 1803, 1804,-1,
		 1821, 1822, 1814, 1815,-1,
		]
	} #IndexedFaceSet
	Material {
		ambientColor      0.2000 0.0500 0.0000  #ambientColor
		diffuseColor      0.8000 0.2000 0.0000  #diffuseColor
		transparency      0.0000                #transparency
	} #Material

	IndexedFaceSet {
		coordIndex [ 
		 3, 2, 6, 7,-1,
		 7, 6, 2, 3,-1,
		 7, 6, 5, 4,-1,
		 4, 5, 6, 7,-1,
		]
	} #IndexedFaceSet
} #Polyhedron
Separator { #Polyhedron
	DEF COORD2 Coordinate3 {
		point [
		 -24.3840 3.6576 -2.5400,
		 -24.3840 3.6576 -12.7000,
		 -15.2400 3.6576 -12.7000,
		 -15.2400 3.6576 -2.5400,
		 -24.3840 0.0000 -2.5400,
		 -24.3840 0.0000 -12.7000,
		 -15.2400 0.0000 -12.7000,
		 -15.2400 0.0000 -2.5400,
		 -24.3840 1.4734 -12.7000,
		 -15.2400 1.4734 -12.7000,
		 -17.0140 2.9895 -12.7000,
		 -17.0140 1.4734 -12.7000,
		 -15.2400 2.9895 -12.7000,
		 -15.2400 2.9895 -12.7000,
		 -24.3840 2.9895 -12.7000,
		 -18.6396 2.9895 -12.7000,
		 -18.6396 1.4734 -12.7000,
		 -18.3514 1.4734 -12.7000,
		 -18.3514 2.9895 -12.7000,
		 -24.3840 2.9895 -12.7000,
		 -24.3840 2.9895 -12.7000,
		 -19.9770 1.4734 -12.7000,
		 -19.9770 2.9895 -12.7000,
		 -24.3840 1.4734 -12.7000,
		 -18.3514 1.5623 -12.7000,
		 -17.0140 1.5623 -12.7000,
		 -17.1039 2.2354 -12.7000,
		 -17.1039 1.5623 -12.7000,
		 -17.0140 2.2354 -12.7000,
		 -17.0140 2.2354 -12.7000,
		 -17.0140 2.2862 -12.7000,
		 -18.3514 2.2862 -12.7000,
		 -18.3514 2.2354 -12.7000,
		 -18.2733 1.5623 -12.7000,
		 -18.2733 2.2354 -12.7000,
		 -18.3514 2.2354 -12.7000,
		 -18.3514 1.5623 -12.7000,
		 -17.1039 2.8957 -12.7000,
		 -17.1039 2.2862 -12.7000,
		 -17.0140 2.8957 -12.7000,
		 -17.0140 2.8957 -12.7000,
		 -18.3514 2.8957 -12.7000,
		 -17.4087 2.8957 -12.7000,
		 -17.4087 2.2862 -12.7000,
		 -17.3589 2.2862 -12.7000,
		 -17.3589 2.8957 -12.7000,
		 -17.7135 2.8957 -12.7000,
		 -17.7135 2.2862 -12.7000,
		 -17.6637 2.2862 -12.7000,
		 -17.6637 2.8957 -12.7000,
		 -18.0183 2.8957 -12.7000,
		 -18.0183 2.2862 -12.7000,
		 -17.9685 2.2862 -12.7000,
		 -17.9685 2.8957 -12.7000,
		 -18.2733 2.2862 -12.7000,
		 -18.2733 2.8957 -12.7000,
		 -18.3514 2.8957 -12.7000,
		 -18.3514 2.2862 -12.7000,
		 -19.9770 1.5623 -12.7000,
		 -19.9770 1.4734 -12.7000,
		 -18.6396 1.4734 -12.7000,
		 -18.6396 1.5623 -12.7000,
		 -18.7295 2.2354 -12.7000,
		 -18.7295 1.5623 -12.7000,
		 -18.6396 2.2354 -12.7000,
		 -18.6396 2.2354 -12.7000,
		 -18.6396 2.2862 -12.7000,
		 -19.9770 2.2862 -12.7000,
		 -19.9770 2.2354 -12.7000,
		 -19.8988 1.5623 -12.7000,
		 -19.8988 2.2354 -12.7000,
		 -19.9770 2.2354 -12.7000,
		 -19.9770 1.5623 -12.7000,
		 -18.7295 2.8957 -12.7000,
		 -18.7295 2.2862 -12.7000,
		 -18.6396 2.8957 -12.7000,
		 -18.6396 2.8957 -12.7000,
		 -19.9770 2.8957 -12.7000,
		 -19.0343 2.8957 -12.7000,
		 -19.0343 2.2862 -12.7000,
		 -18.9845 2.2862 -12.7000,
		 -18.9845 2.8957 -12.7000,
		 -19.3391 2.8957 -12.7000,
		 -19.3391 2.2862 -12.7000,
		 -19.2892 2.2862 -12.7000,
		 -19.2892 2.8957 -12.7000,
		 -19.6439 2.8957 -12.7000,
		 -19.6439 2.2862 -12.7000,
		 -19.5940 2.2862 -12.7000,
		 -19.5940 2.8957 -12.7000,
		 -19.8988 2.2862 -12.7000,
		 -19.8988 2.8957 -12.7000,
		 -19.9770 2.8957 -12.7000,
		 -19.9770 2.2862 -12.7000,
		 -15.2400 1.4734 -12.7000,
		 -24.3840 1.4734 -12.7000,
		 -15.2400 2.9895 -12.7000,
		 -24.3840 2.9895 -12.7000,
		 -15.2400 2.9895 -12.7000,
		 -18.6396 1.4734 -12.7000,
		 -24.3840 2.9895 -12.7000,
		 -24.3840 2.9895 -12.7000,
		 -24.3840 1.4734 -12.7000,
		 -19.9770 1.4734 -12.7000,
		 -17.0140 1.5623 -12.7000,
		 -18.3514 1.5623 -12.7000,
		 -17.0140 2.2354 -12.7000,
		 -18.3514 2.2354 -12.7000,
		 -18.3514 2.2862 -12.7000,
		 -17.0140 2.2862 -12.7000,
		 -17.0140 2.2354 -12.7000,
		 -18.3514 1.5623 -12.7000,
		 -18.3514 2.2354 -12.7000,
		 -17.0140 2.8957 -12.7000,
		 -18.3514 2.8957 -12.7000,
		 -17.0140 2.8957 -12.7000,
		 -18.3514 2.2862 -12.7000,
		 -18.3514 2.8957 -12.7000,
		 -18.6396 1.5623 -12.7000,
		 -19.9770 1.5623 -12.7000,
		 -18.6396 2.2354 -12.7000,
		 -19.9770 2.2354 -12.7000,
		 -19.9770 2.2862 -12.7000,
		 -18.6396 2.2862 -12.7000,
		 -18.6396 2.2354 -12.7000,
		 -19.9770 1.5623 -12.7000,
		 -19.9770 2.2354 -12.7000,
		 -18.6396 2.8957 -12.7000,
		 -19.9770 2.8957 -12.7000,
		 -18.6396 2.8957 -12.7000,
		 -19.9770 2.2862 -12.7000,
		 -19.9770 2.8957 -12.7000
		]
	} #Coordinate3
	Material {
		ambientColor      0.2000 0.0500 0.0000  #ambientColor
		diffuseColor      0.8000 0.2000 0.0000  #diffuseColor
		transparency      0.0000                #transparency
	} #Material

	IndexedFaceSet {
		coordIndex [ 
		 0, 1, 2, 3,-1,
		 3, 2, 1, 0,-1,
		 0, 3, 7, 4,-1,
		 4, 7, 3, 0,-1,
		 1, 0, 4, 5,-1,
		 5, 4, 0, 1,-1,
		 8, 5, 6, 9,-1,
		 10, 11, 9, 12,-1,
		 13, 2, 1, 14,-1,
		 15, 16, 17, 18,-1,
		 15, 19, 20,-1,
		 21, 22, 20, 23,-1,
		]
	} #IndexedFaceSet
	Material {
		ambientColor      0.2500 0.2500 0.2500  #ambientColor
		diffuseColor      1.0000 1.0000 1.0000  #diffuseColor
		transparency      0.0000                #transparency
	} #Material

	IndexedFaceSet {
		coordIndex [ 
		 24, 17, 11, 25,-1,
		 26, 27, 25, 28,-1,
		 29, 30, 31, 32,-1,
		 33, 34, 35, 36,-1,
		 37, 38, 30, 39,-1,
		 40, 10, 18, 41,-1,
		 42, 43, 44, 45,-1,
		 46, 47, 48, 49,-1,
		 50, 51, 52, 53,-1,
		 54, 55, 56, 57,-1,
		]
	} #IndexedFaceSet
	Material {
		ambientColor      0.1245 0.2500 0.2500  #ambientColor
		diffuseColor      0.4980 1.0000 1.0000  #diffuseColor
		transparency      0.4980                #transparency
	} #Material

	IndexedFaceSet {
		coordIndex [ 
		 38, 37, 45, 44,-1,
		 27, 26, 34, 33,-1,
		 43, 42, 49, 48,-1,
		 47, 46, 53, 52,-1,
		 51, 50, 55, 54,-1,
		]
	} #IndexedFaceSet
	Material {
		ambientColor      0.2500 0.2500 0.2500  #ambientColor
		diffuseColor      1.0000 1.0000 1.0000  #diffuseColor
		transparency      0.0000                #transparency
	} #Material

	IndexedFaceSet {
		coordIndex [ 
		 58, 59, 60, 61,-1,
		 62, 63, 61, 64,-1,
		 65, 66, 67, 68,-1,
		 69, 70, 71, 72,-1,
		 73, 74, 66, 75,-1,
		 76, 15, 22, 77,-1,
		 78, 79, 80, 81,-1,
		 82, 83, 84, 85,-1,
		 86, 87, 88, 89,-1,
		 90, 91, 92, 93,-1,
		]
	} #IndexedFaceSet
	Material {
		ambientColor      0.1245 0.2500 0.2500  #ambientColor
		diffuseColor      0.4980 1.0000 1.0000  #diffuseColor
		transparency      0.4980                #transparency
	} #Material

	IndexedFaceSet {
		coordIndex [ 
		 74, 73, 81, 80,-1,
		 63, 62, 70, 69,-1,
		 79, 78, 85, 84,-1,
		 83, 82, 89, 88,-1,
		 87, 86, 91, 90,-1,
		]
	} #IndexedFaceSet
	Material {
		ambientColor      0.2000 0.0500 0.0000  #ambientColor
		diffuseColor      0.8000 0.2000 0.0000  #diffuseColor
		transparency      0.0000                #transparency
	} #Material

	IndexedFaceSet {
		coordIndex [ 
		 94, 6, 5, 95,-1,
		 96, 94, 11, 10,-1,
		 97, 1, 2, 98,-1,
		 18, 17, 99, 15,-1,
		 100, 101, 15,-1,
		 102, 100, 22, 103,-1,
		]
	} #IndexedFaceSet
	Material {
		ambientColor      0.2500 0.2500 0.2500  #ambientColor
		diffuseColor      1.0000 1.0000 1.0000  #diffuseColor
		transparency      0.0000                #transparency
	} #Material

	IndexedFaceSet {
		coordIndex [ 
		 104, 11, 17, 105,-1,
		 106, 104, 27, 26,-1,
		 107, 108, 109, 110,-1,
		 111, 112, 34, 33,-1,
		 113, 109, 38, 37,-1,
		 114, 18, 10, 115,-1,
		 45, 44, 43, 42,-1,
		 49, 48, 47, 46,-1,
		 53, 52, 51, 50,-1,
		 116, 117, 55, 54,-1,
		]
	} #IndexedFaceSet
	Material {
		ambientColor      0.1245 0.2500 0.2500  #ambientColor
		diffuseColor      0.4980 1.0000 1.0000  #diffuseColor
		transparency      0.4980                #transparency
	} #Material

	IndexedFaceSet {
		coordIndex [ 
		 44, 45, 37, 38,-1,
		 33, 34, 26, 27,-1,
		 48, 49, 42, 43,-1,
		 52, 53, 46, 47,-1,
		 54, 55, 50, 51,-1,
		]
	} #IndexedFaceSet
	Material {
		ambientColor      0.2500 0.2500 0.2500  #ambientColor
		diffuseColor      1.0000 1.0000 1.0000  #diffuseColor
		transparency      0.0000                #transparency
	} #Material

	IndexedFaceSet {
		coordIndex [ 
		 118, 60, 59, 119,-1,
		 120, 118, 63, 62,-1,
		 121, 122, 123, 124,-1,
		 125, 126, 70, 69,-1,
		 127, 123, 74, 73,-1,
		 128, 22, 15, 129,-1,
		 81, 80, 79, 78,-1,
		 85, 84, 83, 82,-1,
		 89, 88, 87, 86,-1,
		 130, 131, 91, 90,-1,
		]
	} #IndexedFaceSet
	Material {
		ambientColor      0.1245 0.2500 0.2500  #ambientColor
		diffuseColor      0.4980 1.0000 1.0000  #diffuseColor
		transparency      0.4980                #transparency
	} #Material

	IndexedFaceSet {
		coordIndex [ 
		 80, 81, 73, 74,-1,
		 69, 70, 62, 63,-1,
		 84, 85, 78, 79,-1,
		 88, 89, 82, 83,-1,
		 90, 91, 86, 87,-1,
		]
	} #IndexedFaceSet
	Material {
		ambientColor      0.2000 0.0500 0.0000  #ambientColor
		diffuseColor      0.8000 0.2000 0.0000  #diffuseColor
		transparency      0.0000                #transparency
	} #Material

	IndexedFaceSet {
		coordIndex [ 
		 3, 2, 6, 7,-1,
		 7, 6, 2, 3,-1,
		 7, 6, 5, 4,-1,
		 4, 5, 6, 7,-1,
		]
	} #IndexedFaceSet
} #Polyhedron
Separator { #Polyhedron
	DEF COORD3 Coordinate3 {
		point [
		 -25.1461 3.6576 -13.3096,
		 -15.2400 3.6576 -13.3096,
		 -15.2400 5.4102 -13.3096,
		 -25.1461 3.6576 -1.8288,
		 -15.2400 3.6576 -1.8288,
		 -15.2400 5.4102 -1.8288,
		 -15.2400 5.4102 -8.3340,
		 -25.1461 3.6576 -12.9763,
		 -15.2400 3.6576 -12.9763,
		 -15.2400 5.4102 -7.0856,
		 -25.1461 3.6576 -2.2819,
		 -15.2400 3.6576 -2.2819
		]
	} #Coordinate3
	Material {
		ambientColor      0.0696 0.0696 0.0696  #ambientColor
		diffuseColor      0.2784 0.2784 0.2784  #diffuseColor
		transparency      0.0000                #transparency
	} #Material

	IndexedFaceSet {
		coordIndex [ 
		 6, 9, 10, 7,-1,
		 7, 10, 9, 6,-1,
		 7, 10, 11, 8,-1,
		 8, 11, 10, 7,-1,
		 8, 11, 9, 6,-1,
		 6, 9, 11, 8,-1,
		 6, 7, 8,-1,
		 8, 7, 6,-1,
		 10, 9, 11,-1,
		 11, 9, 10,-1,
		]
	} #IndexedFaceSet
} #Polyhedron
Separator { #Polyhedron
	DEF COORD4 Coordinate3 {
		point [
		 11.7348 5.3086 -13.5128,
		 11.7348 3.6576 -13.5128,
		 21.5900 3.6576 -13.5128,
		 11.7348 5.3086 -1.9304,
		 11.7348 3.6576 -1.9304,
		 21.5900 3.6576 -1.9304,
		 21.5900 3.6576 -2.2450,
		 11.7348 5.3086 -6.8681,
		 11.7348 3.6576 -2.2450,
		 21.5900 3.6576 -12.9512,
		 11.7348 5.3086 -8.2481,
		 11.7348 3.6576 -12.9512
		]
	} #Coordinate3
	Material {
		ambientColor      0.0696 0.0696 0.0696  #ambientColor
		diffuseColor      0.2784 0.2784 0.2784  #diffuseColor
		transparency      0.0000                #transparency
	} #Material

	IndexedFaceSet {
		coordIndex [ 
		 9, 6, 7, 10,-1,
		 10, 7, 6, 9,-1,
		 10, 7, 8, 11,-1,
		 11, 8, 7, 10,-1,
		 11, 8, 6, 9,-1,
		 9, 6, 8, 11,-1,
		 7, 6, 8,-1,
		 8, 6, 7,-1,
		 9, 10, 11,-1,
		 11, 10, 9,-1,
		]
	} #IndexedFaceSet
} #Polyhedron
Separator { #Polyhedron
	DEF COORD5 Coordinate3 {
		point [
		 -11.7479 6.0960 3.6199,
		 -11.7479 6.0960 2.7817,
		 -10.9732 6.0960 2.7817,
		 -10.9732 6.0960 3.6199,
		 -11.7479 0.0000 3.6199,
		 -11.7479 0.0000 2.7817,
		 -10.9732 0.0000 2.7817,
		 -10.9732 0.0000 3.6199
		]
	} #Coordinate3
	Material {
		ambientColor      0.2500 0.2500 0.2500  #ambientColor
		diffuseColor      1.0000 1.0000 1.0000  #diffuseColor
		transparency      0.0000                #transparency
	} #Material

	IndexedFaceSet {
		coordIndex [ 
		 0, 1, 2, 3,-1,
		 3, 2, 1, 0,-1,
		 0, 3, 7, 4,-1,
		 4, 7, 3, 0,-1,
		 1, 0, 4, 5,-1,
		 5, 4, 0, 1,-1,
		 2, 1, 5, 6,-1,
		 6, 5, 1, 2,-1,
		 3, 2, 6, 7,-1,
		 7, 6, 2, 3,-1,
		 7, 6, 5, 4,-1,
		 4, 5, 6, 7,-1,
		]
	} #IndexedFaceSet
} #Polyhedron
Separator { #Polyhedron
	DEF COORD6 Coordinate3 {
		point [
		 -15.2406 6.0960 3.6201,
		 -15.2406 6.0960 2.7819,
		 -14.4659 6.0960 2.7819,
		 -14.4659 6.0960 3.6201,
		 -15.2406 0.0000 3.6201,
		 -15.2406 0.0000 2.7819,
		 -14.4659 0.0000 2.7819,
		 -14.4659 0.0000 3.6201
		]
	} #Coordinate3
	Material {
		ambientColor      0.2500 0.2500 0.2500  #ambientColor
		diffuseColor      1.0000 1.0000 1.0000  #diffuseColor
		transparency      0.0000                #transparency
	} #Material

	IndexedFaceSet {
		coordIndex [ 
		 0, 1, 2, 3,-1,
		 3, 2, 1, 0,-1,
		 0, 3, 7, 4,-1,
		 4, 7, 3, 0,-1,
		 1, 0, 4, 5,-1,
		 5, 4, 0, 1,-1,
		 2, 1, 5, 6,-1,
		 6, 5, 1, 2,-1,
		 3, 2, 6, 7,-1,
		 7, 6, 2, 3,-1,
		 7, 6, 5, 4,-1,
		 4, 5, 6, 7,-1,
		]
	} #IndexedFaceSet
} #Polyhedron
Separator { #Polyhedron
	DEF COORD7 Coordinate3 {
		point [
		 10.5026 6.0960 3.6835,
		 10.5026 6.0960 2.8453,
		 11.2773 6.0960 2.8453,
		 11.2773 6.0960 3.6835,
		 10.5026 0.0000 3.6835,
		 10.5026 0.0000 2.8453,
		 11.2773 0.0000 2.8453,
		 11.2773 0.0000 3.6835
		]
	} #Coordinate3
	Material {
		ambientColor      0.2500 0.2500 0.2500  #ambientColor
		diffuseColor      1.0000 1.0000 1.0000  #diffuseColor
		transparency      0.0000                #transparency
	} #Material

	IndexedFaceSet {
		coordIndex [ 
		 0, 1, 2, 3,-1,
		 3, 2, 1, 0,-1,
		 0, 3, 7, 4,-1,
		 4, 7, 3, 0,-1,
		 1, 0, 4, 5,-1,
		 5, 4, 0, 1,-1,
		 2, 1, 5, 6,-1,
		 6, 5, 1, 2,-1,
		 3, 2, 6, 7,-1,
		 7, 6, 2, 3,-1,
		 7, 6, 5, 4,-1,
		 4, 5, 6, 7,-1,
		]
	} #IndexedFaceSet
} #Polyhedron
Separator { #Polyhedron
	DEF COORD8 Coordinate3 {
		point [
		 7.3022 6.0960 3.6581,
		 7.3022 6.0960 2.8199,
		 8.0769 6.0960 2.8199,
		 8.0769 6.0960 3.6581,
		 7.3022 0.0000 3.6581,
		 7.3022 0.0000 2.8199,
		 8.0769 0.0000 2.8199,
		 8.0769 0.0000 3.6581
		]
	} #Coordinate3
	Material {
		ambientColor      0.2500 0.2500 0.2500  #ambientColor
		diffuseColor      1.0000 1.0000 1.0000  #diffuseColor
		transparency      0.0000                #transparency
	} #Material

	IndexedFaceSet {
		coordIndex [ 
		 0, 1, 2, 3,-1,
		 3, 2, 1, 0,-1,
		 0, 3, 7, 4,-1,
		 4, 7, 3, 0,-1,
		 1, 0, 4, 5,-1,
		 5, 4, 0, 1,-1,
		 2, 1, 5, 6,-1,
		 6, 5, 1, 2,-1,
		 3, 2, 6, 7,-1,
		 7, 6, 2, 3,-1,
		 7, 6, 5, 4,-1,
		 4, 5, 6, 7,-1,
		]
	} #IndexedFaceSet
} #Polyhedron
Separator { #Polyhedron
	DEF COORD9 Coordinate3 {
		point [
		 -8.1920 6.0452 3.6709,
		 -8.1920 6.0452 2.8327,
		 -7.4173 6.0452 2.8327,
		 -7.4173 6.0452 3.6709,
		 -8.1920 -0.0508 3.6709,
		 -8.1920 -0.0508 2.8327,
		 -7.4173 -0.0508 2.8327,
		 -7.4173 -0.0508 3.6709
		]
	} #Coordinate3
	Material {
		ambientColor      0.2500 0.2500 0.2500  #ambientColor
		diffuseColor      1.0000 1.0000 1.0000  #diffuseColor
		transparency      0.0000                #transparency
	} #Material

	IndexedFaceSet {
		coordIndex [ 
		 0, 1, 2, 3,-1,
		 3, 2, 1, 0,-1,
		 0, 3, 7, 4,-1,
		 4, 7, 3, 0,-1,
		 1, 0, 4, 5,-1,
		 5, 4, 0, 1,-1,
		 2, 1, 5, 6,-1,
		 6, 5, 1, 2,-1,
		 3, 2, 6, 7,-1,
		 7, 6, 2, 3,-1,
		 7, 6, 5, 4,-1,
		 4, 5, 6, 7,-1,
		]
	} #IndexedFaceSet
} #Polyhedron
Separator { #Polyhedron
	DEF COORD10 Coordinate3 {
		point [
		 -8.1921 6.0452 0.4198,
		 -8.1921 6.0452 0.0007,
		 -7.4174 6.0452 0.0007,
		 -7.4174 6.0452 0.4198,
		 -8.1921 -0.0508 0.4198,
		 -8.1921 -0.0508 0.0007,
		 -7.4174 -0.0508 0.0007,
		 -7.4174 -0.0508 0.4198
		]
	} #Coordinate3
	Material {
		ambientColor      0.2500 0.2500 0.2500  #ambientColor
		diffuseColor      1.0000 1.0000 1.0000  #diffuseColor
		transparency      0.0000                #transparency
	} #Material

	IndexedFaceSet {
		coordIndex [ 
		 0, 1, 2, 3,-1,
		 3, 2, 1, 0,-1,
		 0, 3, 7, 4,-1,
		 4, 7, 3, 0,-1,
		 1, 0, 4, 5,-1,
		 5, 4, 0, 1,-1,
		 2, 1, 5, 6,-1,
		 6, 5, 1, 2,-1,
		 3, 2, 6, 7,-1,
		 7, 6, 2, 3,-1,
		 7, 6, 5, 4,-1,
		 4, 5, 6, 7,-1,
		]
	} #IndexedFaceSet
} #Polyhedron
Separator { #Polyhedron
	DEF COORD11 Coordinate3 {
		point [
		 -11.7481 6.0452 0.4198,
		 -11.7481 6.0452 0.0007,
		 -10.9734 6.0452 0.0007,
		 -10.9734 6.0452 0.4198,
		 -11.7481 -0.0508 0.4198,
		 -11.7481 -0.0508 0.0007,
		 -10.9734 -0.0508 0.0007,
		 -10.9734 -0.0508 0.4198
		]
	} #Coordinate3
	Material {
		ambientColor      0.2500 0.2500 0.2500  #ambientColor
		diffuseColor      1.0000 1.0000 1.0000  #diffuseColor
		transparency      0.0000                #transparency
	} #Material

	IndexedFaceSet {
		coordIndex [ 
		 0, 1, 2, 3,-1,
		 3, 2, 1, 0,-1,
		 0, 3, 7, 4,-1,
		 4, 7, 3, 0,-1,
		 1, 0, 4, 5,-1,
		 5, 4, 0, 1,-1,
		 2, 1, 5, 6,-1,
		 6, 5, 1, 2,-1,
		 3, 2, 6, 7,-1,
		 7, 6, 2, 3,-1,
		 7, 6, 5, 4,-1,
		 4, 5, 6, 7,-1,
		]
	} #IndexedFaceSet
} #Polyhedron
Separator { #Polyhedron
	DEF COORD12 Coordinate3 {
		point [
		 -15.2408 6.0452 0.4200,
		 -15.2408 6.0452 0.0009,
		 -14.4661 6.0452 0.0009,
		 -14.4661 6.0452 0.4200,
		 -15.2408 -0.0508 0.4200,
		 -15.2408 -0.0508 0.0009,
		 -14.4661 -0.0508 0.0009,
		 -14.4661 -0.0508 0.4200
		]
	} #Coordinate3
	Material {
		ambientColor      0.2500 0.2500 0.2500  #ambientColor
		diffuseColor      1.0000 1.0000 1.0000  #diffuseColor
		transparency      0.0000                #transparency
	} #Material

	IndexedFaceSet {
		coordIndex [ 
		 0, 1, 2, 3,-1,
		 3, 2, 1, 0,-1,
		 0, 3, 7, 4,-1,
		 4, 7, 3, 0,-1,
		 1, 0, 4, 5,-1,
		 5, 4, 0, 1,-1,
		 2, 1, 5, 6,-1,
		 6, 5, 1, 2,-1,
		 3, 2, 6, 7,-1,
		 7, 6, 2, 3,-1,
		 7, 6, 5, 4,-1,
		 4, 5, 6, 7,-1,
		]
	} #IndexedFaceSet
} #Polyhedron
Separator { #Polyhedron
	DEF COORD13 Coordinate3 {
		point [
		 10.5024 6.0452 0.4198,
		 10.5024 6.0452 0.0007,
		 11.2771 6.0452 0.0007,
		 11.2771 6.0452 0.4198,
		 10.5024 -0.0508 0.4198,
		 10.5024 -0.0508 0.0007,
		 11.2771 -0.0508 0.0007,
		 11.2771 -0.0508 0.4198
		]
	} #Coordinate3
	Material {
		ambientColor      0.2500 0.2500 0.2500  #ambientColor
		diffuseColor      1.0000 1.0000 1.0000  #diffuseColor
		transparency      0.0000                #transparency
	} #Material

	IndexedFaceSet {
		coordIndex [ 
		 0, 1, 2, 3,-1,
		 3, 2, 1, 0,-1,
		 0, 3, 7, 4,-1,
		 4, 7, 3, 0,-1,
		 1, 0, 4, 5,-1,
		 5, 4, 0, 1,-1,
		 2, 1, 5, 6,-1,
		 6, 5, 1, 2,-1,
		 3, 2, 6, 7,-1,
		 7, 6, 2, 3,-1,
		 7, 6, 5, 4,-1,
		 4, 5, 6, 7,-1,
		]
	} #IndexedFaceSet
} #Polyhedron
Separator { #Polyhedron
	DEF COORD14 Coordinate3 {
		point [
		 7.3021 6.0960 0.4199,
		 7.3021 6.0960 0.0008,
		 8.0768 6.0960 0.0008,
		 8.0768 6.0960 0.4199,
		 7.3021 -0.0508 0.4199,
		 7.3021 -0.0508 0.0008,
		 8.0768 -0.0508 0.0008,
		 8.0768 -0.0508 0.4199
		]
	} #Coordinate3
	Material {
		ambientColor      0.2500 0.2500 0.2500  #ambientColor
		diffuseColor      1.0000 1.0000 1.0000  #diffuseColor
		transparency      0.0000                #transparency
	} #Material

	IndexedFaceSet {
		coordIndex [ 
		 0, 1, 2, 3,-1,
		 3, 2, 1, 0,-1,
		 0, 3, 7, 4,-1,
		 4, 7, 3, 0,-1,
		 1, 0, 4, 5,-1,
		 5, 4, 0, 1,-1,
		 2, 1, 5, 6,-1,
		 6, 5, 1, 2,-1,
		 3, 2, 6, 7,-1,
		 7, 6, 2, 3,-1,
		 7, 6, 5, 4,-1,
		 4, 5, 6, 7,-1,
		]
	} #IndexedFaceSet
} #Polyhedron
Separator { #Polyhedron
	DEF COORD15 Coordinate3 {
		point [
		 4.0782 6.0452 0.4102,
		 4.0782 6.0452 -0.0089,
		 4.8529 6.0452 -0.0089,
		 4.8529 6.0452 0.4102,
		 4.0782 -0.0508 0.4102,
		 4.0782 -0.0508 -0.0089,
		 4.8529 -0.0508 -0.0089,
		 4.8529 -0.0508 0.4102
		]
	} #Coordinate3
	Material {
		ambientColor      0.2500 0.2500 0.2500  #ambientColor
		diffuseColor      1.0000 1.0000 1.0000  #diffuseColor
		transparency      0.0000                #transparency
	} #Material

	IndexedFaceSet {
		coordIndex [ 
		 0, 1, 2, 3,-1,
		 3, 2, 1, 0,-1,
		 0, 3, 7, 4,-1,
		 4, 7, 3, 0,-1,
		 1, 0, 4, 5,-1,
		 5, 4, 0, 1,-1,
		 2, 1, 5, 6,-1,
		 6, 5, 1, 2,-1,
		 3, 2, 6, 7,-1,
		 7, 6, 2, 3,-1,
		 7, 6, 5, 4,-1,
		 4, 5, 6, 7,-1,
		]
	} #IndexedFaceSet
} #Polyhedron
Separator { #Polyhedron
	DEF COORD16 Coordinate3 {
		point [
		 4.0783 6.0960 3.6614,
		 4.0783 6.0960 2.8232,
		 4.8530 6.0960 2.8232,
		 4.8530 6.0960 3.6614,
		 4.0783 -0.0508 3.6614,
		 4.0783 -0.0508 2.8232,
		 4.8530 -0.0508 2.8232,
		 4.8530 -0.0508 3.6614
		]
	} #Coordinate3
	Material {
		ambientColor      0.2500 0.2500 0.2500  #ambientColor
		diffuseColor      1.0000 1.0000 1.0000  #diffuseColor
		transparency      0.0000                #transparency
	} #Material

	IndexedFaceSet {
		coordIndex [ 
		 0, 1, 2, 3,-1,
		 3, 2, 1, 0,-1,
		 0, 3, 7, 4,-1,
		 4, 7, 3, 0,-1,
		 1, 0, 4, 5,-1,
		 5, 4, 0, 1,-1,
		 2, 1, 5, 6,-1,
		 6, 5, 1, 2,-1,
		 3, 2, 6, 7,-1,
		 7, 6, 2, 3,-1,
		 7, 6, 5, 4,-1,
		 4, 5, 6, 7,-1,
		]
	} #IndexedFaceSet
} #Polyhedron
Separator { #Polyhedron
	DEF COORD17 Coordinate3 {
		point [
		 3.7593 0.7112 -15.3417,
		 3.7593 0.7112 -20.6249,
		 6.7057 0.7112 -20.6249,
		 9.3473 0.7112 -20.6249,
		 10.8713 0.7112 -19.3041,
		 11.7095 0.7112 -18.0849,
		 11.7095 0.7112 -15.3417,
		 3.7593 -0.0508 -15.3417,
		 3.7593 -0.0508 -20.6249,
		 6.7057 -0.0508 -20.6249,
		 9.3473 -0.0508 -20.6249,
		 10.8713 -0.0508 -19.3041,
		 11.7095 -0.0508 -18.0849,
		 11.7095 -0.0508 -15.3417
		]
	} #Coordinate3
	Material {
		ambientColor      0.2000 0.0500 0.0000  #ambientColor
		diffuseColor      0.8000 0.2000 0.0000  #diffuseColor
		transparency      0.0000                #transparency
	} #Material

	IndexedFaceSet {
		coordIndex [ 
		 0, 1, 2, 3, 4, 5, 6,-1,
		 6, 5, 4, 3, 2, 1, 0,-1,
		 0, 6, 13, 7,-1,
		 7, 13, 6, 0,-1,
		 1, 0, 7, 8,-1,
		 8, 7, 0, 1,-1,
		 2, 1, 8, 9,-1,
		 9, 8, 1, 2,-1,
		 3, 2, 9, 10,-1,
		 10, 9, 2, 3,-1,
		 4, 3, 10, 11,-1,
		 11, 10, 3, 4,-1,
		 5, 4, 11, 12,-1,
		 12, 11, 4, 5,-1,
		 6, 5, 12, 13,-1,
		 13, 12, 5, 6,-1,
		 13, 12, 11, 10, 9, 8, 7,-1,
		 7, 8, 9, 10, 11, 12, 13,-1,
		]
	} #IndexedFaceSet
} #Polyhedron
Separator { #Polyhedron
	DEF COORD18 Coordinate3 {
		point [
		 3.7592 3.6576 -22.2505,
		 3.7592 3.6576 -15.3417,
		 -12.2936 3.6576 -15.3417,
		 -12.2936 3.6576 -22.2505,
		 3.7592 -0.0508 -22.2505,
		 3.7592 -0.0508 -15.3417,
		 -12.2936 -0.0508 -15.3417,
		 -12.2936 -0.0508 -22.2505,
		 -12.2936 0.9509 -22.2505,
		 3.7592 0.9509 -22.2505,
		 -1.9391 0.9527 -22.2505,
		 -1.9391 0.9509 -22.2505,
		 3.7592 0.9527 -22.2505,
		 -3.2765 0.9509 -22.2505,
		 -3.2765 0.9527 -22.2505,
		 -12.2936 0.9527 -22.2505,
		 -12.2936 0.9509 -22.2505,
		 -0.4151 0.9545 -22.2505,
		 -0.4151 0.9527 -22.2505,
		 3.7592 0.9545 -22.2505,
		 -1.9391 0.9545 -22.2505,
		 -1.9391 0.9527 -22.2505,
		 -1.7525 0.9527 -22.2505,
		 -1.7525 0.9545 -22.2505,
		 -3.2765 0.9527 -22.2505,
		 -3.2765 0.9545 -22.2505,
		 -4.9617 0.9545 -22.2505,
		 -4.9617 0.9527 -22.2505,
		 -6.2991 0.9527 -22.2505,
		 -6.2991 0.9545 -22.2505,
		 -12.2936 0.9545 -22.2505,
		 -12.2936 0.9527 -22.2505,
		 -0.4151 3.2562 -22.2505,
		 -0.4151 0.9545 -22.2505,
		 3.7592 3.2562 -22.2505,
		 3.7592 3.2562 -22.2505,
		 3.7592 3.2580 -22.2505,
		 -3.4377 3.2580 -22.2505,
		 -3.4377 3.2562 -22.2505,
		 -1.9391 3.2544 -22.2505,
		 -1.9391 0.9545 -22.2505,
		 -1.7525 0.9545 -22.2505,
		 -1.7525 3.2544 -22.2505,
		 -1.7525 3.2544 -22.2505,
		 -1.7525 3.2562 -22.2505,
		 -3.4377 3.2562 -22.2505,
		 -3.4377 3.2544 -22.2505,
		 -3.2765 0.9545 -22.2505,
		 -3.2765 3.2544 -22.2505,
		 -3.4377 3.2544 -22.2505,
		 -3.4377 0.9545 -22.2505,
		 3.7592 3.2580 -22.2505,
		 -12.2936 3.2580 -22.2505,
		 -4.9617 3.2562 -22.2505,
		 -4.9617 0.9545 -22.2505,
		 -4.7751 0.9545 -22.2505,
		 -4.7751 3.2562 -22.2505,
		 -4.7751 3.2562 -22.2505,
		 -4.7751 3.2580 -22.2505,
		 -12.2936 3.2580 -22.2505,
		 -12.2936 3.2562 -22.2505,
		 -6.2991 0.9545 -22.2505,
		 -6.2991 3.2562 -22.2505,
		 -12.2936 3.2562 -22.2505,
		 -12.2936 0.9545 -22.2505,
		 -4.7751 1.0688 -22.2505,
		 -3.4377 1.0688 -22.2505,
		 -3.5276 2.5039 -22.2505,
		 -3.5276 1.0688 -22.2505,
		 -3.4377 2.5039 -22.2505,
		 -3.4377 2.5039 -22.2505,
		 -3.4377 2.5547 -22.2505,
		 -4.7751 2.5547 -22.2505,
		 -4.7751 2.5039 -22.2505,
		 -4.6969 1.0688 -22.2505,
		 -4.6969 2.5039 -22.2505,
		 -4.7751 2.5039 -22.2505,
		 -4.7751 1.0688 -22.2505,
		 -3.5276 3.1642 -22.2505,
		 -3.5276 2.5547 -22.2505,
		 -3.4377 3.1642 -22.2505,
		 -3.4377 3.1642 -22.2505,
		 -4.7751 3.1642 -22.2505,
		 -3.8324 3.1642 -22.2505,
		 -3.8324 2.5547 -22.2505,
		 -3.7825 2.5547 -22.2505,
		 -3.7825 3.1642 -22.2505,
		 -4.1372 3.1642 -22.2505,
		 -4.1372 2.5547 -22.2505,
		 -4.0873 2.5547 -22.2505,
		 -4.0873 3.1642 -22.2505,
		 -4.4420 3.1642 -22.2505,
		 -4.4420 2.5547 -22.2505,
		 -4.3921 2.5547 -22.2505,
		 -4.3921 3.1642 -22.2505,
		 -4.6969 2.5547 -22.2505,
		 -4.6969 3.1642 -22.2505,
		 -4.7751 3.1642 -22.2505,
		 -4.7751 2.5547 -22.2505,
		 -6.2991 1.0670 -22.2505,
		 -4.9617 1.0670 -22.2505,
		 -5.0515 2.5021 -22.2505,
		 -5.0515 1.0670 -22.2505,
		 -4.9617 2.5021 -22.2505,
		 -4.9617 2.5021 -22.2505,
		 -4.9617 2.5529 -22.2505,
		 -6.2991 2.5529 -22.2505,
		 -6.2991 2.5021 -22.2505,
		 -6.2209 1.0670 -22.2505,
		 -6.2209 2.5021 -22.2505,
		 -6.2991 2.5021 -22.2505,
		 -6.2991 1.0670 -22.2505,
		 -5.0515 3.1624 -22.2505,
		 -5.0515 2.5529 -22.2505,
		 -4.9617 3.1624 -22.2505,
		 -4.9617 3.1624 -22.2505,
		 -6.2991 3.1624 -22.2505,
		 -5.3563 3.1624 -22.2505,
		 -5.3563 2.5529 -22.2505,
		 -5.3065 2.5529 -22.2505,
		 -5.3065 3.1624 -22.2505,
		 -5.6611 3.1624 -22.2505,
		 -5.6611 2.5529 -22.2505,
		 -5.6113 2.5529 -22.2505,
		 -5.6113 3.1624 -22.2505,
		 -5.9659 3.1624 -22.2505,
		 -5.9659 2.5529 -22.2505,
		 -5.9161 2.5529 -22.2505,
		 -5.9161 3.1624 -22.2505,
		 -6.2209 2.5529 -22.2505,
		 -6.2209 3.1624 -22.2505,
		 -6.2991 3.1624 -22.2505,
		 -6.2991 2.5529 -22.2505,
		 -1.7525 1.0670 -22.2505,
		 -0.4151 1.0670 -22.2505,
		 -0.5050 2.5021 -22.2505,
		 -0.5050 1.0670 -22.2505,
		 -0.4151 2.5021 -22.2505,
		 -0.4151 2.5021 -22.2505,
		 -0.4151 2.5529 -22.2505,
		 -1.7525 2.5529 -22.2505,
		 -1.7525 2.5021 -22.2505,
		 -1.6744 1.0670 -22.2505,
		 -1.6744 2.5021 -22.2505,
		 -1.7525 2.5021 -22.2505,
		 -1.7525 1.0670 -22.2505,
		 -0.5050 3.1624 -22.2505,
		 -0.5050 2.5529 -22.2505,
		 -0.4151 3.1624 -22.2505,
		 -0.4151 3.1624 -22.2505,
		 -1.7525 3.1624 -22.2505,
		 -0.8098 3.1624 -22.2505,
		 -0.8098 2.5529 -22.2505,
		 -0.7600 2.5529 -22.2505,
		 -0.7600 3.1624 -22.2505,
		 -1.1146 3.1624 -22.2505,
		 -1.1146 2.5529 -22.2505,
		 -1.0648 2.5529 -22.2505,
		 -1.0648 3.1624 -22.2505,
		 -1.4194 3.1624 -22.2505,
		 -1.4194 2.5529 -22.2505,
		 -1.3696 2.5529 -22.2505,
		 -1.3696 3.1624 -22.2505,
		 -1.6744 2.5529 -22.2505,
		 -1.6744 3.1624 -22.2505,
		 -1.7525 3.1624 -22.2505,
		 -1.7525 2.5529 -22.2505,
		 -3.2765 1.0652 -22.2505,
		 -1.9391 1.0652 -22.2505,
		 -2.0290 2.5002 -22.2505,
		 -2.0290 1.0652 -22.2505,
		 -1.9391 2.5002 -22.2505,
		 -1.9391 2.5002 -22.2505,
		 -1.9391 2.5510 -22.2505,
		 -3.2765 2.5510 -22.2505,
		 -3.2765 2.5002 -22.2505,
		 -3.1983 1.0652 -22.2505,
		 -3.1983 2.5002 -22.2505,
		 -3.2765 2.5002 -22.2505,
		 -3.2765 1.0652 -22.2505,
		 -2.0290 3.1606 -22.2505,
		 -2.0290 2.5510 -22.2505,
		 -1.9391 3.1606 -22.2505,
		 -1.9391 3.1606 -22.2505,
		 -3.2765 3.1606 -22.2505,
		 -2.3338 3.1606 -22.2505,
		 -2.3338 2.5510 -22.2505,
		 -2.2840 2.5510 -22.2505,
		 -2.2840 3.1606 -22.2505,
		 -2.6386 3.1606 -22.2505,
		 -2.6386 2.5510 -22.2505,
		 -2.5888 2.5510 -22.2505,
		 -2.5888 3.1606 -22.2505,
		 -2.9434 3.1606 -22.2505,
		 -2.9434 2.5510 -22.2505,
		 -2.8936 2.5510 -22.2505,
		 -2.8936 3.1606 -22.2505,
		 -3.1983 2.5510 -22.2505,
		 -3.1983 3.1606 -22.2505,
		 -3.2765 3.1606 -22.2505,
		 -3.2765 2.5510 -22.2505,
		 3.7592 0.9509 -22.2505,
		 -12.2936 0.9509 -22.2505,
		 3.7592 0.9527 -22.2505,
		 -1.9391 0.9527 -22.2505,
		 -12.2936 0.9509 -22.2505,
		 -12.2936 0.9527 -22.2505,
		 -3.2765 0.9527 -22.2505,
		 3.7592 0.9545 -22.2505,
		 -0.4151 0.9545 -22.2505,
		 -1.7525 0.9545 -22.2505,
		 -1.9391 0.9527 -22.2505,
		 -1.9391 0.9545 -22.2505,
		 -4.9617 0.9545 -22.2505,
		 -3.2765 0.9545 -22.2505,
		 -3.2765 0.9527 -22.2505,
		 -12.2936 0.9527 -22.2505,
		 -12.2936 0.9545 -22.2505,
		 -6.2991 0.9545 -22.2505,
		 3.7592 3.2562 -22.2505,
		 -0.4151 0.9545 -22.2505,
		 -3.4377 3.2562 -22.2505,
		 3.7592 3.2580 -22.2505,
		 3.7592 3.2562 -22.2505,
		 -1.7525 3.2544 -22.2505,
		 -1.7525 0.9545 -22.2505,
		 -1.9391 0.9545 -22.2505,
		 -3.4377 3.2544 -22.2505,
		 -3.4377 3.2562 -22.2505,
		 -1.7525 3.2544 -22.2505,
		 -3.4377 3.2544 -22.2505,
		 -3.2765 0.9545 -22.2505,
		 -12.2936 3.2580 -22.2505,
		 3.7592 3.2580 -22.2505,
		 -4.7751 3.2562 -22.2505,
		 -4.9617 0.9545 -22.2505,
		 -12.2936 3.2562 -22.2505,
		 -12.2936 3.2580 -22.2505,
		 -4.7751 3.2562 -22.2505,
		 -12.2936 0.9545 -22.2505,
		 -12.2936 3.2562 -22.2505,
		 -6.2991 0.9545 -22.2505,
		 -3.4377 1.0688 -22.2505,
		 -4.7751 1.0688 -22.2505,
		 -3.4377 2.5039 -22.2505,
		 -4.7751 2.5039 -22.2505,
		 -4.7751 2.5547 -22.2505,
		 -3.4377 2.5547 -22.2505,
		 -3.4377 2.5039 -22.2505,
		 -4.7751 1.0688 -22.2505,
		 -4.7751 2.5039 -22.2505,
		 -3.4377 3.1642 -22.2505,
		 -4.7751 3.1642 -22.2505,
		 -3.4377 3.1642 -22.2505,
		 -4.7751 2.5547 -22.2505,
		 -4.7751 3.1642 -22.2505,
		 -4.9617 1.0670 -22.2505,
		 -6.2991 1.0670 -22.2505,
		 -4.9617 2.5021 -22.2505,
		 -6.2991 2.5021 -22.2505,
		 -6.2991 2.5529 -22.2505,
		 -4.9617 2.5529 -22.2505,
		 -4.9617 2.5021 -22.2505,
		 -6.2991 1.0670 -22.2505,
		 -6.2991 2.5021 -22.2505,
		 -4.9617 3.1624 -22.2505,
		 -6.2991 3.1624 -22.2505,
		 -4.9617 3.1624 -22.2505,
		 -6.2991 2.5529 -22.2505,
		 -6.2991 3.1624 -22.2505,
		 -0.4151 1.0670 -22.2505,
		 -1.7525 1.0670 -22.2505,
		 -0.4151 2.5021 -22.2505,
		 -1.7525 2.5021 -22.2505,
		 -1.7525 2.5529 -22.2505,
		 -0.4151 2.5529 -22.2505,
		 -0.4151 2.5021 -22.2505,
		 -1.7525 1.0670 -22.2505,
		 -1.7525 2.5021 -22.2505,
		 -0.4151 3.1624 -22.2505,
		 -1.7525 3.1624 -22.2505,
		 -0.4151 3.1624 -22.2505,
		 -1.7525 2.5529 -22.2505,
		 -1.7525 3.1624 -22.2505,
		 -1.9391 1.0652 -22.2505,
		 -3.2765 1.0652 -22.2505,
		 -1.9391 2.5002 -22.2505,
		 -3.2765 2.5002 -22.2505,
		 -3.2765 2.5510 -22.2505,
		 -1.9391 2.5510 -22.2505,
		 -1.9391 2.5002 -22.2505,
		 -3.2765 1.0652 -22.2505,
		 -3.2765 2.5002 -22.2505,
		 -1.9391 3.1606 -22.2505,
		 -3.2765 3.1606 -22.2505,
		 -1.9391 3.1606 -22.2505,
		 -3.2765 2.5510 -22.2505,
		 -3.2765 3.1606 -22.2505,
		 3.7592 0.5825 -22.2505,
		 3.7592 0.5825 -15.3417,
		 3.7592 3.1146 -15.9044,
		 3.7592 0.5825 -15.9044,
		 3.7592 3.1146 -15.3417,
		 3.7592 3.1183 -18.7286,
		 3.7592 3.1146 -18.7286,
		 3.7592 3.1146 -15.3417,
		 3.7592 3.1183 -15.3417,
		 3.7592 3.1183 -15.3417,
		 3.7592 3.1183 -22.2505,
		 3.7592 3.1146 -20.0660,
		 3.7592 3.1183 -20.0660,
		 3.7592 3.1183 -22.2505,
		 3.7592 3.1146 -22.2505,
		 3.7592 1.6022 -22.2505,
		 3.7592 0.5825 -22.2505,
		 3.7592 0.5825 -18.2959,
		 3.7592 1.6022 -18.2959,
		 3.7592 3.1146 -18.7286,
		 3.7592 1.6022 -18.7286,
		 3.7592 3.1146 -18.2959,
		 3.7592 1.6022 -20.0660,
		 3.7592 3.1146 -20.0660,
		 3.7592 3.1146 -22.2505,
		 3.7592 1.6022 -22.2505,
		 3.7592 3.0208 -15.9982,
		 3.7592 0.5825 -15.9982,
		 3.7592 3.0208 -15.9044,
		 3.7592 3.0208 -15.9044,
		 3.7592 3.0208 -18.2959,
		 3.7592 3.0208 -17.1118,
		 3.7592 0.5825 -17.1118,
		 3.7592 0.5825 -17.0532,
		 3.7592 3.0208 -17.0532,
		 3.7592 0.5825 -18.1669,
		 3.7592 3.0208 -18.1669,
		 3.7592 3.0208 -18.2959,
		 3.7592 0.5825 -17.1118,
		 3.7592 0.5825 -18.1669,
		 3.7592 1.6911 -20.0660,
		 3.7592 1.6911 -18.7286,
		 3.7592 2.3642 -18.8185,
		 3.7592 1.6911 -18.8185,
		 3.7592 2.3642 -18.7286,
		 3.7592 2.3642 -18.7286,
		 3.7592 2.4150 -18.7286,
		 3.7592 2.4150 -20.0660,
		 3.7592 2.3642 -20.0660,
		 3.7592 1.6911 -19.9879,
		 3.7592 2.3642 -19.9879,
		 3.7592 2.3642 -20.0660,
		 3.7592 1.6911 -20.0660,
		 3.7592 3.0245 -18.8185,
		 3.7592 2.4150 -18.8185,
		 3.7592 3.0245 -18.7286,
		 3.7592 3.0245 -18.7286,
		 3.7592 3.0245 -20.0660,
		 3.7592 3.0245 -19.1233,
		 3.7592 2.4150 -19.1233,
		 3.7592 2.4150 -19.0735,
		 3.7592 3.0245 -19.0735,
		 3.7592 3.0245 -19.4281,
		 3.7592 2.4150 -19.4281,
		 3.7592 2.4150 -19.3783,
		 3.7592 3.0245 -19.3783,
		 3.7592 3.0245 -19.7329,
		 3.7592 2.4150 -19.7329,
		 3.7592 2.4150 -19.6831,
		 3.7592 3.0245 -19.6831,
		 3.7592 2.4150 -19.9879,
		 3.7592 3.0245 -19.9879,
		 3.7592 3.0245 -20.0660,
		 3.7592 2.4150 -20.0660,
		 3.7592 0.5825 -15.3417,
		 3.7592 0.5825 -22.2505,
		 3.7592 3.1146 -15.3417,
		 3.7592 3.1183 -15.3417,
		 3.7592 3.1146 -15.3417,
		 3.7592 3.1146 -18.7286,
		 3.7592 3.1183 -22.2505,
		 3.7592 3.1183 -15.3417,
		 3.7592 3.1146 -22.2505,
		 3.7592 3.1183 -22.2505,
		 3.7592 3.1146 -20.0660,
		 3.7592 1.6022 -18.2959,
		 3.7592 0.5825 -22.2505,
		 3.7592 1.6022 -22.2505,
		 3.7592 3.1146 -18.7286,
		 3.7592 1.6022 -22.2505,
		 3.7592 3.1146 -22.2505,
		 3.7592 3.1146 -20.0660,
		 3.7592 3.0208 -15.9044,
		 3.7592 3.0208 -18.2959,
		 3.7592 3.0208 -15.9044,
		 3.7592 0.5825 -17.1118,
		 3.7592 3.0208 -18.2959,
		 3.7592 0.5825 -18.1669,
		 3.7592 1.6911 -18.7286,
		 3.7592 1.6911 -20.0660,
		 3.7592 2.3642 -18.7286,
		 3.7592 2.3642 -20.0660,
		 3.7592 2.4150 -20.0660,
		 3.7592 2.4150 -18.7286,
		 3.7592 2.3642 -18.7286,
		 3.7592 1.6911 -20.0660,
		 3.7592 2.3642 -20.0660,
		 3.7592 3.0245 -18.7286,
		 3.7592 3.0245 -20.0660,
		 3.7592 3.0245 -18.7286,
		 3.7592 2.4150 -20.0660,
		 3.7592 3.0245 -20.0660
		]
	} #Coordinate3
	Material {
		ambientColor      0.2000 0.0500 0.0000  #ambientColor
		diffuseColor      0.8000 0.2000 0.0000  #diffuseColor
		transparency      0.0000                #transparency
	} #Material

	IndexedFaceSet {
		coordIndex [ 
		 0, 1, 2, 3,-1,
		 3, 2, 1, 0,-1,
		 8, 7, 4, 9,-1,
		 10, 11, 9, 12,-1,
		 13, 14, 15, 16,-1,
		 17, 18, 12, 19,-1,
		 20, 21, 22, 23,-1,
		 24, 25, 26, 27,-1,
		 28, 29, 30, 31,-1,
		 32, 33, 19, 34,-1,
		 35, 36, 37, 38,-1,
		 39, 40, 41, 42,-1,
		 43, 44, 45, 46,-1,
		 47, 48, 49, 50,-1,
		 51, 0, 3, 52,-1,
		 53, 54, 55, 56,-1,
		 57, 58, 59, 60,-1,
		 61, 62, 63, 64,-1,
		]
	} #IndexedFaceSet
	Material {
		ambientColor      0.2500 0.2500 0.2500  #ambientColor
		diffuseColor      1.0000 1.0000 1.0000  #diffuseColor
		transparency      0.0000                #transparency
	} #Material

	IndexedFaceSet {
		coordIndex [ 
		 65, 55, 50, 66,-1,
		 67, 68, 66, 69,-1,
		 70, 71, 72, 73,-1,
		 74, 75, 76, 77,-1,
		 78, 79, 71, 80,-1,
		 81, 37, 58, 82,-1,
		 83, 84, 85, 86,-1,
		 87, 88, 89, 90,-1,
		 91, 92, 93, 94,-1,
		 95, 96, 97, 98,-1,
		]
	} #IndexedFaceSet
	Material {
		ambientColor      0.1245 0.2500 0.2500  #ambientColor
		diffuseColor      0.4980 1.0000 1.0000  #diffuseColor
		transparency      0.4980                #transparency
	} #Material

	IndexedFaceSet {
		coordIndex [ 
		 79, 78, 86, 85,-1,
		 68, 67, 75, 74,-1,
		 84, 83, 90, 89,-1,
		 88, 87, 94, 93,-1,
		 92, 91, 96, 95,-1,
		]
	} #IndexedFaceSet
	Material {
		ambientColor      0.2500 0.2500 0.2500  #ambientColor
		diffuseColor      1.0000 1.0000 1.0000  #diffuseColor
		transparency      0.0000                #transparency
	} #Material

	IndexedFaceSet {
		coordIndex [ 
		 99, 28, 27, 100,-1,
		 101, 102, 100, 103,-1,
		 104, 105, 106, 107,-1,
		 108, 109, 110, 111,-1,
		 112, 113, 105, 114,-1,
		 115, 53, 62, 116,-1,
		 117, 118, 119, 120,-1,
		 121, 122, 123, 124,-1,
		 125, 126, 127, 128,-1,
		 129, 130, 131, 132,-1,
		]
	} #IndexedFaceSet
	Material {
		ambientColor      0.1245 0.2500 0.2500  #ambientColor
		diffuseColor      0.4980 1.0000 1.0000  #diffuseColor
		transparency      0.4980                #transparency
	} #Material

	IndexedFaceSet {
		coordIndex [ 
		 113, 112, 120, 119,-1,
		 102, 101, 109, 108,-1,
		 118, 117, 124, 123,-1,
		 122, 121, 128, 127,-1,
		 126, 125, 130, 129,-1,
		]
	} #IndexedFaceSet
	Material {
		ambientColor      0.2500 0.2500 0.2500  #ambientColor
		diffuseColor      1.0000 1.0000 1.0000  #diffuseColor
		transparency      0.0000                #transparency
	} #Material

	IndexedFaceSet {
		coordIndex [ 
		 133, 22, 18, 134,-1,
		 135, 136, 134, 137,-1,
		 138, 139, 140, 141,-1,
		 142, 143, 144, 145,-1,
		 146, 147, 139, 148,-1,
		 149, 32, 44, 150,-1,
		 151, 152, 153, 154,-1,
		 155, 156, 157, 158,-1,
		 159, 160, 161, 162,-1,
		 163, 164, 165, 166,-1,
		]
	} #IndexedFaceSet
	Material {
		ambientColor      0.1245 0.2500 0.2500  #ambientColor
		diffuseColor      0.4980 1.0000 1.0000  #diffuseColor
		transparency      0.4980                #transparency
	} #Material

	IndexedFaceSet {
		coordIndex [ 
		 147, 146, 154, 153,-1,
		 136, 135, 143, 142,-1,
		 152, 151, 158, 157,-1,
		 156, 155, 162, 161,-1,
		 160, 159, 164, 163,-1,
		]
	} #IndexedFaceSet
	Material {
		ambientColor      0.2500 0.2500 0.2500  #ambientColor
		diffuseColor      1.0000 1.0000 1.0000  #diffuseColor
		transparency      0.0000                #transparency
	} #Material

	IndexedFaceSet {
		coordIndex [ 
		 167, 13, 11, 168,-1,
		 169, 170, 168, 171,-1,
		 172, 173, 174, 175,-1,
		 176, 177, 178, 179,-1,
		 180, 181, 173, 182,-1,
		 183, 39, 48, 184,-1,
		 185, 186, 187, 188,-1,
		 189, 190, 191, 192,-1,
		 193, 194, 195, 196,-1,
		 197, 198, 199, 200,-1,
		]
	} #IndexedFaceSet
	Material {
		ambientColor      0.1245 0.2500 0.2500  #ambientColor
		diffuseColor      0.4980 1.0000 1.0000  #diffuseColor
		transparency      0.4980                #transparency
	} #Material

	IndexedFaceSet {
		coordIndex [ 
		 181, 180, 188, 187,-1,
		 170, 169, 177, 176,-1,
		 186, 185, 192, 191,-1,
		 190, 189, 196, 195,-1,
		 194, 193, 198, 197,-1,
		]
	} #IndexedFaceSet
	Material {
		ambientColor      0.2000 0.0500 0.0000  #ambientColor
		diffuseColor      0.8000 0.2000 0.0000  #diffuseColor
		transparency      0.0000                #transparency
	} #Material

	IndexedFaceSet {
		coordIndex [ 
		 201, 4, 7, 202,-1,
		 203, 201, 11, 204,-1,
		 205, 206, 207, 13,-1,
		 208, 203, 18, 209,-1,
		 210, 22, 211, 212,-1,
		 27, 213, 214, 215,-1,
		 216, 217, 218, 28,-1,
		 219, 208, 220, 32,-1,
		 221, 37, 222, 223,-1,
		 224, 225, 226, 39,-1,
		 227, 228, 44, 229,-1,
		 50, 230, 48, 231,-1,
		 232, 3, 0, 233,-1,
		 234, 55, 235, 53,-1,
		 236, 237, 58, 238,-1,
		 239, 240, 62, 241,-1,
		]
	} #IndexedFaceSet
	Material {
		ambientColor      0.2500 0.2500 0.2500  #ambientColor
		diffuseColor      1.0000 1.0000 1.0000  #diffuseColor
		transparency      0.0000                #transparency
	} #Material

	IndexedFaceSet {
		coordIndex [ 
		 242, 50, 55, 243,-1,
		 244, 242, 68, 67,-1,
		 245, 246, 247, 248,-1,
		 249, 250, 75, 74,-1,
		 251, 247, 79, 78,-1,
		 252, 58, 37, 253,-1,
		 86, 85, 84, 83,-1,
		 90, 89, 88, 87,-1,
		 94, 93, 92, 91,-1,
		 254, 255, 96, 95,-1,
		]
	} #IndexedFaceSet
	Material {
		ambientColor      0.1245 0.2500 0.2500  #ambientColor
		diffuseColor      0.4980 1.0000 1.0000  #diffuseColor
		transparency      0.4980                #transparency
	} #Material

	IndexedFaceSet {
		coordIndex [ 
		 85, 86, 78, 79,-1,
		 74, 75, 67, 68,-1,
		 89, 90, 83, 84,-1,
		 93, 94, 87, 88,-1,
		 95, 96, 91, 92,-1,
		]
	} #IndexedFaceSet
	Material {
		ambientColor      0.2500 0.2500 0.2500  #ambientColor
		diffuseColor      1.0000 1.0000 1.0000  #diffuseColor
		transparency      0.0000                #transparency
	} #Material

	IndexedFaceSet {
		coordIndex [ 
		 256, 27, 28, 257,-1,
		 258, 256, 102, 101,-1,
		 259, 260, 261, 262,-1,
		 263, 264, 109, 108,-1,
		 265, 261, 113, 112,-1,
		 266, 62, 53, 267,-1,
		 120, 119, 118, 117,-1,
		 124, 123, 122, 121,-1,
		 128, 127, 126, 125,-1,
		 268, 269, 130, 129,-1,
		]
	} #IndexedFaceSet
	Material {
		ambientColor      0.1245 0.2500 0.2500  #ambientColor
		diffuseColor      0.4980 1.0000 1.0000  #diffuseColor
		transparency      0.4980                #transparency
	} #Material

	IndexedFaceSet {
		coordIndex [ 
		 119, 120, 112, 113,-1,
		 108, 109, 101, 102,-1,
		 123, 124, 117, 118,-1,
		 127, 128, 121, 122,-1,
		 129, 130, 125, 126,-1,
		]
	} #IndexedFaceSet
	Material {
		ambientColor      0.2500 0.2500 0.2500  #ambientColor
		diffuseColor      1.0000 1.0000 1.0000  #diffuseColor
		transparency      0.0000                #transparency
	} #Material

	IndexedFaceSet {
		coordIndex [ 
		 270, 18, 22, 271,-1,
		 272, 270, 136, 135,-1,
		 273, 274, 275, 276,-1,
		 277, 278, 143, 142,-1,
		 279, 275, 147, 146,-1,
		 280, 44, 32, 281,-1,
		 154, 153, 152, 151,-1,
		 158, 157, 156, 155,-1,
		 162, 161, 160, 159,-1,
		 282, 283, 164, 163,-1,
		]
	} #IndexedFaceSet
	Material {
		ambientColor      0.1245 0.2500 0.2500  #ambientColor
		diffuseColor      0.4980 1.0000 1.0000  #diffuseColor
		transparency      0.4980                #transparency
	} #Material

	IndexedFaceSet {
		coordIndex [ 
		 153, 154, 146, 147,-1,
		 142, 143, 135, 136,-1,
		 157, 158, 151, 152,-1,
		 161, 162, 155, 156,-1,
		 163, 164, 159, 160,-1,
		]
	} #IndexedFaceSet
	Material {
		ambientColor      0.2500 0.2500 0.2500  #ambientColor
		diffuseColor      1.0000 1.0000 1.0000  #diffuseColor
		transparency      0.0000                #transparency
	} #Material

	IndexedFaceSet {
		coordIndex [ 
		 284, 11, 13, 285,-1,
		 286, 284, 170, 169,-1,
		 287, 288, 289, 290,-1,
		 291, 292, 177, 176,-1,
		 293, 289, 181, 180,-1,
		 294, 48, 39, 295,-1,
		 188, 187, 186, 185,-1,
		 192, 191, 190, 189,-1,
		 196, 195, 194, 193,-1,
		 296, 297, 198, 197,-1,
		]
	} #IndexedFaceSet
	Material {
		ambientColor      0.1245 0.2500 0.2500  #ambientColor
		diffuseColor      0.4980 1.0000 1.0000  #diffuseColor
		transparency      0.4980                #transparency
	} #Material

	IndexedFaceSet {
		coordIndex [ 
		 187, 188, 180, 181,-1,
		 176, 177, 169, 170,-1,
		 191, 192, 185, 186,-1,
		 195, 196, 189, 190,-1,
		 197, 198, 193, 194,-1,
		]
	} #IndexedFaceSet
	Material {
		ambientColor      0.2000 0.0500 0.0000  #ambientColor
		diffuseColor      0.8000 0.2000 0.0000  #diffuseColor
		transparency      0.0000                #transparency
	} #Material

	IndexedFaceSet {
		coordIndex [ 
		 298, 4, 5, 299,-1,
		 300, 301, 299, 302,-1,
		 303, 304, 305, 306,-1,
		 307, 1, 0, 308,-1,
		 309, 310, 311, 312,-1,
		 313, 314, 315, 316,-1,
		 317, 318, 316, 319,-1,
		 320, 321, 322, 323,-1,
		]
	} #IndexedFaceSet
	Material {
		ambientColor      0.2500 0.2500 0.2500  #ambientColor
		diffuseColor      1.0000 1.0000 1.0000  #diffuseColor
		transparency      0.0000                #transparency
	} #Material

	IndexedFaceSet {
		coordIndex [ 
		 324, 325, 301, 326,-1,
		 327, 300, 319, 328,-1,
		 329, 330, 331, 332,-1,
		 333, 334, 335, 315,-1,
		]
	} #IndexedFaceSet
	Material {
		ambientColor      0.1245 0.2500 0.2500  #ambientColor
		diffuseColor      0.4980 1.0000 1.0000  #diffuseColor
		transparency      0.4980                #transparency
	} #Material

	IndexedFaceSet {
		coordIndex [ 
		 325, 324, 332, 331,-1,
		 336, 329, 334, 337,-1,
		]
	} #IndexedFaceSet
	Material {
		ambientColor      0.2500 0.2500 0.2500  #ambientColor
		diffuseColor      1.0000 1.0000 1.0000  #diffuseColor
		transparency      0.0000                #transparency
	} #Material

	IndexedFaceSet {
		coordIndex [ 
		 338, 320, 318, 339,-1,
		 340, 341, 339, 342,-1,
		 343, 344, 345, 346,-1,
		 347, 348, 349, 350,-1,
		 351, 352, 344, 353,-1,
		 354, 303, 310, 355,-1,
		 356, 357, 358, 359,-1,
		 360, 361, 362, 363,-1,
		 364, 365, 366, 367,-1,
		 368, 369, 370, 371,-1,
		]
	} #IndexedFaceSet
	Material {
		ambientColor      0.1245 0.2500 0.2500  #ambientColor
		diffuseColor      0.4980 1.0000 1.0000  #diffuseColor
		transparency      0.4980                #transparency
	} #Material

	IndexedFaceSet {
		coordIndex [ 
		 352, 351, 359, 358,-1,
		 341, 340, 348, 347,-1,
		 357, 356, 363, 362,-1,
		 361, 360, 367, 366,-1,
		 365, 364, 369, 368,-1,
		]
	} #IndexedFaceSet
	Material {
		ambientColor      0.2000 0.0500 0.0000  #ambientColor
		diffuseColor      0.8000 0.2000 0.0000  #diffuseColor
		transparency      0.0000                #transparency
	} #Material

	IndexedFaceSet {
		coordIndex [ 
		 372, 5, 4, 373,-1,
		 374, 372, 301, 300,-1,
		 375, 376, 377, 303,-1,
		 378, 0, 1, 379,-1,
		 380, 381, 310, 382,-1,
		 383, 315, 384, 385,-1,
		 319, 383, 318, 386,-1,
		 387, 388, 389, 320,-1,
		]
	} #IndexedFaceSet
	Material {
		ambientColor      0.2500 0.2500 0.2500  #ambientColor
		diffuseColor      1.0000 1.0000 1.0000  #diffuseColor
		transparency      0.0000                #transparency
	} #Material

	IndexedFaceSet {
		coordIndex [ 
		 390, 301, 325, 324,-1,
		 391, 319, 300, 392,-1,
		 332, 331, 393, 329,-1,
		 315, 394, 334, 395,-1,
		]
	} #IndexedFaceSet
	Material {
		ambientColor      0.1245 0.2500 0.2500  #ambientColor
		diffuseColor      0.4980 1.0000 1.0000  #diffuseColor
		transparency      0.4980                #transparency
	} #Material

	IndexedFaceSet {
		coordIndex [ 
		 331, 332, 324, 325,-1,
		 337, 334, 329, 336,-1,
		]
	} #IndexedFaceSet
	Material {
		ambientColor      0.2500 0.2500 0.2500  #ambientColor
		diffuseColor      1.0000 1.0000 1.0000  #diffuseColor
		transparency      0.0000                #transparency
	} #Material

	IndexedFaceSet {
		coordIndex [ 
		 396, 318, 320, 397,-1,
		 398, 396, 341, 340,-1,
		 399, 400, 401, 402,-1,
		 403, 404, 348, 347,-1,
		 405, 401, 352, 351,-1,
		 406, 310, 303, 407,-1,
		 359, 358, 357, 356,-1,
		 363, 362, 361, 360,-1,
		 367, 366, 365, 364,-1,
		 408, 409, 369, 368,-1,
		]
	} #IndexedFaceSet
	Material {
		ambientColor      0.1245 0.2500 0.2500  #ambientColor
		diffuseColor      0.4980 1.0000 1.0000  #diffuseColor
		transparency      0.4980                #transparency
	} #Material

	IndexedFaceSet {
		coordIndex [ 
		 358, 359, 351, 352,-1,
		 347, 348, 340, 341,-1,
		 362, 363, 356, 357,-1,
		 366, 367, 360, 361,-1,
		 368, 369, 364, 365,-1,
		]
	} #IndexedFaceSet
	Material {
		ambientColor      0.2000 0.0500 0.0000  #ambientColor
		diffuseColor      0.8000 0.2000 0.0000  #diffuseColor
		transparency      0.0000                #transparency
	} #Material

	IndexedFaceSet {
		coordIndex [ 
		 2, 1, 5, 6,-1,
		 6, 5, 1, 2,-1,
		 3, 2, 6, 7,-1,
		 7, 6, 2, 3,-1,
		 7, 6, 5, 4,-1,
		 4, 5, 6, 7,-1,
		]
	} #IndexedFaceSet
} #Polyhedron
Separator { #Polyhedron
	DEF COORD19 Coordinate3 {
		point [
		 -12.7000 3.6576 -22.8600,
		 4.1656 3.6576 -22.8600,
		 -4.0640 5.8928 -22.8600,
		 -12.7000 3.6576 -15.3416,
		 4.1656 3.6576 -15.3416,
		 -4.0640 5.8928 -15.3416,
		 4.1019 3.6749 -22.8600,
		 -12.6332 3.6749 -22.8600,
		 -4.2895 5.8344 -15.3416,
		 -3.8491 5.8344 -15.3416
		]
	} #Coordinate3
	Material {
		ambientColor      0.0343 0.0343 0.0343  #ambientColor
		diffuseColor      0.1373 0.1373 0.1373  #diffuseColor
		transparency      0.0000                #transparency
	} #Material

	IndexedFaceSet {
		coordIndex [ 
		 0, 1, 6, 7,-1,
		 7, 6, 1, 0,-1,
		 0, 7, 8, 3,-1,
		 3, 8, 7, 0,-1,
		 1, 0, 3, 4,-1,
		 4, 3, 0, 1,-1,
		 6, 1, 4, 9,-1,
		 9, 4, 1, 6,-1,
		 9, 4, 3, 8,-1,
		 8, 3, 4, 9,-1,
		 7, 6, 9, 8,-1,
		 8, 9, 6, 7,-1,
		]
	} #IndexedFaceSet
} #Polyhedron
Separator { #Polyhedron
	DEF COORD20 Coordinate3 {
		point [
		 3.7592 1.4732 -20.1423,
		 3.7592 1.4732 -20.6249,
		 4.6228 1.4732 -20.6249,
		 4.6228 1.4732 -20.1423,
		 3.7592 0.7112 -20.1423,
		 3.7592 0.7112 -20.6249,
		 4.6228 0.7112 -20.6249,
		 4.6228 0.7112 -20.1423
		]
	} #Coordinate3
	Material {
		ambientColor      0.2000 0.0500 0.0000  #ambientColor
		diffuseColor      0.8000 0.2000 0.0000  #diffuseColor
		transparency      0.0000                #transparency
	} #Material

	IndexedFaceSet {
		coordIndex [ 
		 0, 1, 2, 3,-1,
		 3, 2, 1, 0,-1,
		 0, 3, 7, 4,-1,
		 4, 7, 3, 0,-1,
		 1, 0, 4, 5,-1,
		 5, 4, 0, 1,-1,
		 2, 1, 5, 6,-1,
		 6, 5, 1, 2,-1,
		 3, 2, 6, 7,-1,
		 7, 6, 2, 3,-1,
		 7, 6, 5, 4,-1,
		 4, 5, 6, 7,-1,
		]
	} #IndexedFaceSet
} #Polyhedron
Separator { #Polyhedron
	DEF COORD21 Coordinate3 {
		point [
		 6.7945 1.4732 -20.1422,
		 6.7945 1.4732 -20.6248,
		 9.3472 1.4732 -20.6248,
		 9.9060 1.4732 -20.1422,
		 6.7945 0.7112 -20.1422,
		 6.7945 0.7112 -20.6248,
		 9.3472 0.7112 -20.6248,
		 9.9060 0.7112 -20.1422
		]
	} #Coordinate3
	Material {
		ambientColor      0.2000 0.0500 0.0000  #ambientColor
		diffuseColor      0.8000 0.2000 0.0000  #diffuseColor
		transparency      0.0000                #transparency
	} #Material

	IndexedFaceSet {
		coordIndex [ 
		 0, 1, 2, 3,-1,
		 3, 2, 1, 0,-1,
		 0, 3, 7, 4,-1,
		 4, 7, 3, 0,-1,
		 1, 0, 4, 5,-1,
		 5, 4, 0, 1,-1,
		 2, 1, 5, 6,-1,
		 6, 5, 1, 2,-1,
		 3, 2, 6, 7,-1,
		 7, 6, 2, 3,-1,
		 7, 6, 5, 4,-1,
		 4, 5, 6, 7,-1,
		]
	} #IndexedFaceSet
} #Polyhedron
Separator { #Polyhedron
	DEF COORD22 Coordinate3 {
		point [
		 11.2249 1.4732 -18.0847,
		 11.7075 1.4732 -18.0850,
		 11.7095 1.4732 -15.3419,
		 11.2269 1.4732 -15.3415,
		 11.2249 0.7112 -18.0847,
		 11.7075 0.7112 -18.0850,
		 11.7095 0.7112 -15.3419,
		 11.2269 0.7112 -15.3415
		]
	} #Coordinate3
	Material {
		ambientColor      0.2000 0.0500 0.0000  #ambientColor
		diffuseColor      0.8000 0.2000 0.0000  #diffuseColor
		transparency      0.0000                #transparency
	} #Material

	IndexedFaceSet {
		coordIndex [ 
		 0, 1, 2, 3,-1,
		 3, 2, 1, 0,-1,
		 0, 3, 7, 4,-1,
		 4, 7, 3, 0,-1,
		 1, 0, 4, 5,-1,
		 5, 4, 0, 1,-1,
		 2, 1, 5, 6,-1,
		 6, 5, 1, 2,-1,
		 3, 2, 6, 7,-1,
		 7, 6, 2, 3,-1,
		 7, 6, 5, 4,-1,
		 4, 5, 6, 7,-1,
		]
	} #IndexedFaceSet
} #Polyhedron
Separator { #Polyhedron
	DEF COORD23 Coordinate3 {
		point [
		 10.5250 1.4732 -19.0051,
		 10.8792 1.4732 -19.2904,
		 11.7168 1.4732 -18.0840,
		 11.2255 1.4732 -18.0831,
		 10.5250 0.7112 -19.0051,
		 10.8792 0.7112 -19.2904,
		 11.7168 0.7112 -18.0840,
		 11.2255 0.7112 -18.0831
		]
	} #Coordinate3
	Material {
		ambientColor      0.2000 0.0500 0.0000  #ambientColor
		diffuseColor      0.8000 0.2000 0.0000  #diffuseColor
		transparency      0.0000                #transparency
	} #Material

	IndexedFaceSet {
		coordIndex [ 
		 0, 1, 2, 3,-1,
		 3, 2, 1, 0,-1,
		 0, 3, 7, 4,-1,
		 4, 7, 3, 0,-1,
		 1, 0, 4, 5,-1,
		 5, 4, 0, 1,-1,
		 2, 1, 5, 6,-1,
		 6, 5, 1, 2,-1,
		 3, 2, 6, 7,-1,
		 7, 6, 2, 3,-1,
		 7, 6, 5, 4,-1,
		 4, 5, 6, 7,-1,
		]
	} #IndexedFaceSet
} #Polyhedron
Separator { #Polyhedron
	DEF COORD24 Coordinate3 {
		point [
		 10.8814 1.4732 -19.2888,
		 10.5258 1.4732 -18.9993,
		 9.2152 1.4732 -20.1423,
		 9.9061 1.4732 -20.1423,
		 10.8814 0.7112 -19.2888,
		 10.5258 0.7112 -18.9993,
		 9.2152 0.7112 -20.1423,
		 9.9061 0.7112 -20.1423
		]
	} #Coordinate3
	Material {
		ambientColor      0.2000 0.0500 0.0000  #ambientColor
		diffuseColor      0.8000 0.2000 0.0000  #diffuseColor
		transparency      0.0000                #transparency
	} #Material

	IndexedFaceSet {
		coordIndex [ 
		 0, 1, 2, 3,-1,
		 3, 2, 1, 0,-1,
		 0, 3, 7, 4,-1,
		 4, 7, 3, 0,-1,
		 1, 0, 4, 5,-1,
		 5, 4, 0, 1,-1,
		 2, 1, 5, 6,-1,
		 6, 5, 1, 2,-1,
		 3, 2, 6, 7,-1,
		 7, 6, 2, 3,-1,
		 7, 6, 5, 4,-1,
		 4, 5, 6, 7,-1,
		]
	} #IndexedFaceSet
} #Polyhedron
Separator { #Polyhedron
	DEF COORD25 Coordinate3 {
		point [
		 7.0104 4.2672 -18.0848,
		 7.0104 3.6576 -18.0848,
		 11.6840 3.6576 -18.0848,
		 11.6840 4.2672 -18.0848,
		 7.0104 4.2672 -15.3416,
		 7.0104 3.6576 -15.3416,
		 11.6840 3.6576 -15.3416,
		 11.6840 4.2672 -15.3416,
		 7.0104 3.6723 -18.0848,
		 11.6840 3.6723 -18.0848,
		 7.3151 4.2647 -15.3416,
		 7.3151 3.6723 -18.0848,
		 7.6453 3.6723 -18.0848,
		 7.6453 4.2647 -15.3416,
		 7.9501 4.2647 -15.3416,
		 7.9501 3.6723 -18.0848,
		 8.3057 3.6723 -18.0848,
		 8.3057 4.2647 -15.3416,
		 8.6105 4.2647 -15.3416,
		 8.6105 3.6723 -18.0848,
		 8.9407 3.6723 -18.0848,
		 8.9407 4.2647 -15.3416,
		 9.2455 4.2647 -15.3416,
		 9.2455 3.6723 -18.0848,
		 9.5884 3.6723 -18.0848,
		 9.5884 4.2647 -15.3416,
		 9.8932 4.2647 -15.3416,
		 9.8932 3.6723 -18.0848,
		 10.2107 3.6723 -18.0848,
		 10.2107 4.2647 -15.3416,
		 10.5155 4.2647 -15.3416,
		 10.5155 3.6723 -18.0848,
		 10.8203 3.6723 -18.0848,
		 10.8203 4.2647 -15.3416,
		 11.1251 4.2647 -15.3416,
		 11.1251 3.6723 -18.0848,
		 11.3791 3.6723 -18.0848,
		 11.3791 4.2647 -15.3416,
		 11.6839 4.2647 -15.3416,
		 11.6839 3.6723 -18.0848,
		 11.6839 4.2647 -15.3414,
		 11.3791 4.2647 -15.3414,
		 11.1251 3.6723 -18.0848,
		 11.1251 4.2647 -15.3414,
		 10.8203 4.2647 -15.3414,
		 10.8203 3.6723 -18.0848,
		 10.5155 3.6723 -18.0848,
		 10.5155 4.2647 -15.3414,
		 10.2107 4.2647 -15.3414,
		 10.2107 3.6723 -18.0848,
		 9.8932 3.6723 -18.0848,
		 9.8932 4.2647 -15.3414,
		 9.5884 4.2647 -15.3414,
		 9.5884 3.6723 -18.0848,
		 9.2455 3.6723 -18.0848,
		 9.2455 4.2647 -15.3414,
		 8.9407 4.2647 -15.3414,
		 8.9407 3.6723 -18.0848,
		 8.6105 3.6723 -18.0848,
		 8.6105 4.2647 -15.3414,
		 8.3057 4.2647 -15.3414,
		 8.3057 3.6723 -18.0848,
		 7.9501 3.6723 -18.0848,
		 7.9501 4.2647 -15.3414,
		 7.6453 4.2647 -15.3414,
		 7.6453 3.6723 -18.0848,
		 7.3151 3.6723 -18.0848,
		 7.3151 4.2647 -15.3414,
		 7.0103 4.2647 -15.3414,
		 7.0103 3.6723 -18.0848,
		 7.6453 4.2647 -15.3416,
		 7.6453 3.6723 -18.0848,
		 7.3151 3.6723 -18.0848,
		 7.3151 4.2647 -15.3416,
		 8.3057 4.2647 -15.3416,
		 8.3057 3.6723 -18.0848,
		 7.9501 3.6723 -18.0848,
		 7.9501 4.2647 -15.3416,
		 8.9407 4.2647 -15.3416,
		 8.9407 3.6723 -18.0848,
		 8.6105 3.6723 -18.0848,
		 8.6105 4.2647 -15.3416,
		 9.5884 4.2647 -15.3416,
		 9.5884 3.6723 -18.0848,
		 9.2455 3.6723 -18.0848,
		 9.2455 4.2647 -15.3416,
		 10.2107 4.2647 -15.3416,
		 10.2107 3.6723 -18.0848,
		 9.8932 3.6723 -18.0848,
		 9.8932 4.2647 -15.3416,
		 10.8203 4.2647 -15.3416,
		 10.8203 3.6723 -18.0848,
		 10.5155 3.6723 -18.0848,
		 10.5155 4.2647 -15.3416,
		 11.3791 4.2647 -15.3416,
		 11.1251 3.6723 -18.0848,
		 11.1251 4.2647 -15.3416,
		 11.6839 4.2647 -15.3416
		]
	} #Coordinate3
	Material {
		ambientColor      0.2500 0.2500 0.2500  #ambientColor
		diffuseColor      1.0000 1.0000 1.0000  #diffuseColor
		transparency      0.0000                #transparency
	} #Material

	IndexedFaceSet {
		coordIndex [ 
		 8, 1, 2, 9,-1,
		 9, 2, 1, 8,-1,
		]
	} #IndexedFaceSet
	Material {
		ambientColor      0.0000 0.0500 0.0000  #ambientColor
		diffuseColor      0.0000 0.2000 0.0000  #diffuseColor
		transparency      0.0000                #transparency
	} #Material

	IndexedFaceSet {
		coordIndex [ 
		 1, 8, 4, 4, 5,-1,
		 5, 4, 4, 8, 1,-1,
		]
	} #IndexedFaceSet
	Material {
		ambientColor      0.2500 0.2500 0.2500  #ambientColor
		diffuseColor      1.0000 1.0000 1.0000  #diffuseColor
		transparency      0.0000                #transparency
	} #Material

	IndexedFaceSet {
		coordIndex [ 
		 2, 1, 5, 6,-1,
		 6, 5, 1, 2,-1,
		]
	} #IndexedFaceSet
	Material {
		ambientColor      0.0000 0.0500 0.0000  #ambientColor
		diffuseColor      0.0000 0.2000 0.0000  #diffuseColor
		transparency      0.0000                #transparency
	} #Material

	IndexedFaceSet {
		coordIndex [ 
		 9, 2, 6, 7, 7,-1,
		 7, 7, 6, 2, 9,-1,
		 7, 6, 5, 4,-1,
		 4, 5, 6, 7,-1,
		]
	} #IndexedFaceSet
	Material {
		ambientColor      0.2500 0.2500 0.2500  #ambientColor
		diffuseColor      1.0000 1.0000 1.0000  #diffuseColor
		transparency      0.0000                #transparency
	} #Material

	IndexedFaceSet {
		coordIndex [ 
		 10, 11, 12, 13,-1,
		 14, 15, 16, 17,-1,
		 18, 19, 20, 21,-1,
		 22, 23, 24, 25,-1,
		 26, 27, 28, 29,-1,
		 30, 31, 32, 33,-1,
		 34, 35, 36, 37,-1,
		 38, 39, 9, 7,-1,
		]
	} #IndexedFaceSet
	Material {
		ambientColor      0.0000 0.0500 0.0000  #ambientColor
		diffuseColor      0.0000 0.2000 0.0000  #diffuseColor
		transparency      0.0000                #transparency
	} #Material

	IndexedFaceSet {
		coordIndex [ 
		 39, 40, 41, 36,-1,
		 42, 43, 44, 45,-1,
		 46, 47, 48, 49,-1,
		 50, 51, 52, 53,-1,
		 54, 55, 56, 57,-1,
		 58, 59, 60, 61,-1,
		 62, 63, 64, 65,-1,
		 66, 67, 68, 69,-1,
		]
	} #IndexedFaceSet
	Material {
		ambientColor      0.2500 0.2500 0.2500  #ambientColor
		diffuseColor      1.0000 1.0000 1.0000  #diffuseColor
		transparency      0.0000                #transparency
	} #Material

	IndexedFaceSet {
		coordIndex [ 
		 70, 71, 72, 73,-1,
		 74, 75, 76, 77,-1,
		 78, 79, 80, 81,-1,
		 82, 83, 84, 85,-1,
		 86, 87, 88, 89,-1,
		 90, 91, 92, 93,-1,
		 94, 36, 95, 96,-1,
		 7, 9, 39, 97,-1,
		]
	} #IndexedFaceSet
	Material {
		ambientColor      0.0000 0.0500 0.0000  #ambientColor
		diffuseColor      0.0000 0.2000 0.0000  #diffuseColor
		transparency      0.0000                #transparency
	} #Material

	IndexedFaceSet {
		coordIndex [ 
		 36, 41, 40, 39,-1,
		 45, 44, 43, 42,-1,
		 49, 48, 47, 46,-1,
		 53, 52, 51, 50,-1,
		 57, 56, 55, 54,-1,
		 61, 60, 59, 58,-1,
		 65, 64, 63, 62,-1,
		 69, 68, 67, 66,-1,
		]
	} #IndexedFaceSet
} #Polyhedron
Separator { #Polyhedron
	DEF COORD26 Coordinate3 {
		point [
		 7.0951 3.6068 -17.8647,
		 7.0951 3.6068 -17.9833,
		 7.2137 3.6068 -17.9833,
		 7.2137 3.6068 -17.8647,
		 7.0951 0.7112 -17.8647,
		 7.0951 0.7112 -17.9833,
		 7.2137 0.7112 -17.9833,
		 7.2137 0.7112 -17.8647
		]
	} #Coordinate3
	Material {
		ambientColor      0.0000 0.0500 0.0000  #ambientColor
		diffuseColor      0.0000 0.2000 0.0000  #diffuseColor
		transparency      0.0000                #transparency
	} #Material

	IndexedFaceSet {
		coordIndex [ 
		 0, 1, 2, 3,-1,
		 3, 2, 1, 0,-1,
		 0, 3, 7, 4,-1,
		 4, 7, 3, 0,-1,
		 1, 0, 4, 5,-1,
		 5, 4, 0, 1,-1,
		 2, 1, 5, 6,-1,
		 6, 5, 1, 2,-1,
		 3, 2, 6, 7,-1,
		 7, 6, 2, 3,-1,
		 7, 6, 5, 4,-1,
		 4, 5, 6, 7,-1,
		]
	} #IndexedFaceSet
} #Polyhedron
Separator { #Polyhedron
	DEF COORD27 Coordinate3 {
		point [
		 10.9983 3.6068 -17.8789,
		 10.9983 3.6068 -17.9861,
		 11.1027 3.6068 -17.9861,
		 11.1027 3.6068 -17.8789,
		 10.9983 0.7112 -17.8789,
		 10.9983 0.7112 -17.9861,
		 11.1027 0.7112 -17.9861,
		 11.1027 0.7112 -17.8789
		]
	} #Coordinate3
	Material {
		ambientColor      0.0000 0.0500 0.0000  #ambientColor
		diffuseColor      0.0000 0.2000 0.0000  #diffuseColor
		transparency      0.0000                #transparency
	} #Material

	IndexedFaceSet {
		coordIndex [ 
		 0, 1, 2, 3,-1,
		 3, 2, 1, 0,-1,
		 0, 3, 7, 4,-1,
		 4, 7, 3, 0,-1,
		 1, 0, 4, 5,-1,
		 5, 4, 0, 1,-1,
		 2, 1, 5, 6,-1,
		 6, 5, 1, 2,-1,
		 3, 2, 6, 7,-1,
		 7, 6, 2, 3,-1,
		 7, 6, 5, 4,-1,
		 4, 5, 6, 7,-1,
		]
	} #IndexedFaceSet
} #Polyhedron
Separator { #Polyhedron
	DEF COORD28 Coordinate3 {
		point [
		 -15.2401 -0.0000 -14.9643,
		 -15.2401 0.4354 -14.9643,
		 -17.0254 0.4354 -14.9643,
		 -17.0254 -0.0000 -14.9643,
		 -15.2401 -0.0000 -13.3097,
		 -15.2401 0.4354 -13.3097,
		 -17.0254 0.4354 -13.3097,
		 -17.0254 -0.0000 -13.3097
		]
	} #Coordinate3
	Material {
		ambientColor      0.2000 0.0500 0.0000  #ambientColor
		diffuseColor      0.8000 0.2000 0.0000  #diffuseColor
		transparency      0.0000                #transparency
	} #Material

	IndexedFaceSet {
		coordIndex [ 
		 0, 1, 2, 3,-1,
		 3, 2, 1, 0,-1,
		 0, 3, 7, 4,-1,
		 4, 7, 3, 0,-1,
		 1, 0, 4, 5,-1,
		 5, 4, 0, 1,-1,
		]
	} #IndexedFaceSet
	Material {
		ambientColor      0.2500 0.2500 0.2500  #ambientColor
		diffuseColor      1.0000 1.0000 1.0000  #diffuseColor
		transparency      0.0000                #transparency
	} #Material

	IndexedFaceSet {
		coordIndex [ 
		 2, 1, 5, 6,-1,
		 6, 5, 1, 2,-1,
		]
	} #IndexedFaceSet
	Material {
		ambientColor      0.2000 0.0500 0.0000  #ambientColor
		diffuseColor      0.8000 0.2000 0.0000  #diffuseColor
		transparency      0.0000                #transparency
	} #Material

	IndexedFaceSet {
		coordIndex [ 
		 3, 2, 6, 7,-1,
		 7, 6, 2, 3,-1,
		 7, 6, 5, 4,-1,
		 4, 5, 6, 7,-1,
		]
	} #IndexedFaceSet
} #Polyhedron
Separator { #Polyhedron
	DEF COORD29 Coordinate3 {
		point [
		 -15.2401 0.4318 -14.9552,
		 -15.2401 0.8672 -14.9552,
		 -16.4666 0.8672 -14.9552,
		 -16.4666 0.4318 -14.9552,
		 -15.2401 0.4318 -13.3133,
		 -15.2401 0.8672 -13.3133,
		 -16.4666 0.8672 -13.3133,
		 -16.4666 0.4318 -13.3133
		]
	} #Coordinate3
	Material {
		ambientColor      0.2000 0.0500 0.0000  #ambientColor
		diffuseColor      0.8000 0.2000 0.0000  #diffuseColor
		transparency      0.0000                #transparency
	} #Material

	IndexedFaceSet {
		coordIndex [ 
		 0, 1, 2, 3,-1,
		 3, 2, 1, 0,-1,
		 0, 3, 7, 4,-1,
		 4, 7, 3, 0,-1,
		 1, 0, 4, 5,-1,
		 5, 4, 0, 1,-1,
		]
	} #IndexedFaceSet
	Material {
		ambientColor      0.2500 0.2500 0.2500  #ambientColor
		diffuseColor      1.0000 1.0000 1.0000  #diffuseColor
		transparency      0.0000                #transparency
	} #Material

	IndexedFaceSet {
		coordIndex [ 
		 2, 1, 5, 6,-1,
		 6, 5, 1, 2,-1,
		]
	} #IndexedFaceSet
	Material {
		ambientColor      0.2000 0.0500 0.0000  #ambientColor
		diffuseColor      0.8000 0.2000 0.0000  #diffuseColor
		transparency      0.0000                #transparency
	} #Material

	IndexedFaceSet {
		coordIndex [ 
		 3, 2, 6, 7,-1,
		 7, 6, 2, 3,-1,
		 7, 6, 5, 4,-1,
		 4, 5, 6, 7,-1,
		]
	} #IndexedFaceSet
} #Polyhedron
Separator { #Polyhedron
	DEF COORD30 Coordinate3 {
		point [
		 -15.2401 0.8636 -14.9588,
		 -15.2401 1.2990 -14.9588,
		 -15.9713 1.2990 -14.9588,
		 -15.9713 0.8636 -14.9588,
		 -15.2401 0.8636 -13.3042,
		 -15.2401 1.2990 -13.3042,
		 -15.9713 1.2990 -13.3042,
		 -15.9713 0.8636 -13.3042
		]
	} #Coordinate3
	Material {
		ambientColor      0.2000 0.0500 0.0000  #ambientColor
		diffuseColor      0.8000 0.2000 0.0000  #diffuseColor
		transparency      0.0000                #transparency
	} #Material

	IndexedFaceSet {
		coordIndex [ 
		 0, 1, 2, 3,-1,
		 3, 2, 1, 0,-1,
		 0, 3, 7, 4,-1,
		 4, 7, 3, 0,-1,
		 1, 0, 4, 5,-1,
		 5, 4, 0, 1,-1,
		]
	} #IndexedFaceSet
	Material {
		ambientColor      0.2500 0.2500 0.2500  #ambientColor
		diffuseColor      1.0000 1.0000 1.0000  #diffuseColor
		transparency      0.0000                #transparency
	} #Material

	IndexedFaceSet {
		coordIndex [ 
		 2, 1, 5, 6,-1,
		 6, 5, 1, 2,-1,
		]
	} #IndexedFaceSet
	Material {
		ambientColor      0.2000 0.0500 0.0000  #ambientColor
		diffuseColor      0.8000 0.2000 0.0000  #diffuseColor
		transparency      0.0000                #transparency
	} #Material

	IndexedFaceSet {
		coordIndex [ 
		 3, 2, 6, 7,-1,
		 7, 6, 2, 3,-1,
		 7, 6, 5, 4,-1,
		 4, 5, 6, 7,-1,
		]
	} #IndexedFaceSet
} #Polyhedron
Separator { #Polyhedron
	DEF COORD31 Coordinate3 {
		point [
		 -15.9004 6.0960 -16.1327,
		 12.1920 6.0960 -16.1327,
		 -1.8288 9.1440 -16.1327,
		 -15.9004 6.0960 3.8826,
		 12.1920 6.0960 3.8826,
		 -1.8288 9.1440 3.8826,
		 -1.8288 9.1440 -4.2962,
		 -15.6853 6.1426 3.8826,
		 11.9776 6.1426 3.8826,
		 12.1049 6.1150 -16.1327,
		 -15.8130 6.1150 -16.1327,
		 -1.8288 9.1440 -7.9104
		]
	} #Coordinate3
	Material {
		ambientColor      0.0343 0.0343 0.0343  #ambientColor
		diffuseColor      0.1373 0.1373 0.1373  #diffuseColor
		transparency      0.0000                #transparency
	} #Material

	IndexedFaceSet {
		coordIndex [ 
		 0, 1, 9, 10,-1,
		 10, 9, 1, 0,-1,
		 0, 10, 11, 6, 7, 3,-1,
		 3, 7, 6, 11, 10, 0,-1,
		]
	} #IndexedFaceSet
	Material {
		ambientColor      0.2500 0.2500 0.2500  #ambientColor
		diffuseColor      1.0000 1.0000 1.0000  #diffuseColor
		transparency      0.0000                #transparency
	} #Material

	IndexedFaceSet {
		coordIndex [ 
		 1, 0, 3, 4,-1,
		 4, 3, 0, 1,-1,
		]
	} #IndexedFaceSet
	Material {
		ambientColor      0.0343 0.0343 0.0343  #ambientColor
		diffuseColor      0.1373 0.1373 0.1373  #diffuseColor
		transparency      0.0000                #transparency
	} #Material

	IndexedFaceSet {
		coordIndex [ 
		 9, 1, 4, 8, 6, 11,-1,
		 11, 6, 8, 4, 1, 9,-1,
		 8, 4, 3, 7,-1,
		 7, 3, 4, 8,-1,
		 7, 6, 8,-1,
		 8, 6, 7,-1,
		 10, 9, 11,-1,
		 11, 9, 10,-1,
		]
	} #IndexedFaceSet
} #Polyhedron
Separator { #Polyhedron
	DEF COORD32 Coordinate3 {
		point [
		 -4.0132 2.7686 0.0000,
		 0.9144 2.7686 0.0000,
		 -1.6002 3.5306 0.0000,
		 -4.0132 2.7686 0.4064,
		 0.9144 2.7686 0.4064,
		 -1.6002 3.5306 0.4064
		]
	} #Coordinate3
	Material {
		ambientColor      0.2500 0.2500 0.2500  #ambientColor
		diffuseColor      1.0000 1.0000 1.0000  #diffuseColor
		transparency      0.0000                #transparency
	} #Material

	IndexedFaceSet {
		coordIndex [ 
		 0, 1, 2,-1,
		 2, 1, 0,-1,
		]
	} #IndexedFaceSet
	Material {
		ambientColor      0.0696 0.0696 0.0696  #ambientColor
		diffuseColor      0.2784 0.2784 0.2784  #diffuseColor
		transparency      0.0000                #transparency
	} #Material

	IndexedFaceSet {
		coordIndex [ 
		 0, 2, 5, 3,-1,
		 3, 5, 2, 0,-1,
		]
	} #IndexedFaceSet
	Material {
		ambientColor      0.2500 0.2500 0.2500  #ambientColor
		diffuseColor      1.0000 1.0000 1.0000  #diffuseColor
		transparency      0.0000                #transparency
	} #Material

	IndexedFaceSet {
		coordIndex [ 
		 1, 0, 3, 4,-1,
		 4, 3, 0, 1,-1,
		]
	} #IndexedFaceSet
	Material {
		ambientColor      0.0696 0.0696 0.0696  #ambientColor
		diffuseColor      0.2784 0.2784 0.2784  #diffuseColor
		transparency      0.0000                #transparency
	} #Material

	IndexedFaceSet {
		coordIndex [ 
		 2, 1, 4, 5,-1,
		 5, 4, 1, 2,-1,
		]
	} #IndexedFaceSet
	Material {
		ambientColor      0.2500 0.2500 0.2500  #ambientColor
		diffuseColor      1.0000 1.0000 1.0000  #diffuseColor
		transparency      0.0000                #transparency
	} #Material

	IndexedFaceSet {
		coordIndex [ 
		 5, 4, 3,-1,
		 3, 4, 5,-1,
		]
	} #IndexedFaceSet
} #Polyhedron
Separator { #Polyhedron
	DEF COORD33 Coordinate3 {
		point [
		 6.8072 0.0762 -20.6249,
		 6.8072 0.2921 -20.6249,
		 6.8072 0.2921 -21.6790,
		 6.8072 0.0762 -21.6790,
		 4.6228 0.0762 -20.6249,
		 4.6228 0.2921 -20.6249,
		 4.6228 0.2921 -21.6790,
		 4.6228 0.0762 -21.6790
		]
	} #Coordinate3
	Material {
		ambientColor      0.2020 0.2020 0.2020  #ambientColor
		diffuseColor      0.8078 0.8078 0.8078  #diffuseColor
		transparency      0.0000                #transparency
	} #Material

	IndexedFaceSet {
		coordIndex [ 
		 0, 1, 2, 3,-1,
		 3, 2, 1, 0,-1,
		 0, 3, 7, 4,-1,
		 4, 7, 3, 0,-1,
		 1, 0, 4, 5,-1,
		 5, 4, 0, 1,-1,
		 2, 1, 5, 6,-1,
		 6, 5, 1, 2,-1,
		 3, 2, 6, 7,-1,
		 7, 6, 2, 3,-1,
		 7, 6, 5, 4,-1,
		 4, 5, 6, 7,-1,
		]
	} #IndexedFaceSet
} #Polyhedron
Separator { #Polyhedron
	DEF COORD34 Coordinate3 {
		point [
		 6.8072 0.5080 -21.3995,
		 6.8072 0.2921 -21.3995,
		 6.8072 0.2921 -20.6248,
		 6.8072 0.5080 -20.6248,
		 4.6228 0.5080 -21.3995,
		 4.6228 0.2921 -21.3995,
		 4.6228 0.2921 -20.6248,
		 4.6228 0.5080 -20.6248
		]
	} #Coordinate3
	Material {
		ambientColor      0.2020 0.2020 0.2020  #ambientColor
		diffuseColor      0.8078 0.8078 0.8078  #diffuseColor
		transparency      0.0000                #transparency
	} #Material

	IndexedFaceSet {
		coordIndex [ 
		 0, 1, 2, 3,-1,
		 3, 2, 1, 0,-1,
		 0, 3, 7, 4,-1,
		 4, 7, 3, 0,-1,
		 1, 0, 4, 5,-1,
		 5, 4, 0, 1,-1,
		 2, 1, 5, 6,-1,
		 6, 5, 1, 2,-1,
		 3, 2, 6, 7,-1,
		 7, 6, 2, 3,-1,
		 7, 6, 5, 4,-1,
		 4, 5, 6, 7,-1,
		]
	} #IndexedFaceSet
} #Polyhedron
Separator { #Polyhedron
	DEF COORD35 Coordinate3 {
		point [
		 6.8072 0.7112 -21.0947,
		 6.8072 0.5080 -21.0947,
		 6.8072 0.5080 -20.6248,
		 6.8072 0.7112 -20.6248,
		 4.6228 0.7112 -21.0947,
		 4.6228 0.5080 -21.0947,
		 4.6228 0.5080 -20.6248,
		 4.6228 0.7112 -20.6248
		]
	} #Coordinate3
	Material {
		ambientColor      0.2020 0.2020 0.2020  #ambientColor
		diffuseColor      0.8078 0.8078 0.8078  #diffuseColor
		transparency      0.0000                #transparency
	} #Material

	IndexedFaceSet {
		coordIndex [ 
		 0, 1, 2, 3,-1,
		 3, 2, 1, 0,-1,
		 0, 3, 7, 4,-1,
		 4, 7, 3, 0,-1,
		 1, 0, 4, 5,-1,
		 5, 4, 0, 1,-1,
		 2, 1, 5, 6,-1,
		 6, 5, 1, 2,-1,
		 3, 2, 6, 7,-1,
		 7, 6, 2, 3,-1,
		 7, 6, 5, 4,-1,
		 4, 5, 6, 7,-1,
		]
	} #IndexedFaceSet
} #Polyhedron
Separator { #Polyhedron
	DEF COORD36 Coordinate3 {
		point [
		 6.8072 -0.0508 -20.6248,
		 6.8072 0.0762 -20.6248,
		 6.8072 0.0762 -21.9456,
		 6.8072 -0.0508 -21.9456,
		 4.6228 -0.0508 -20.6248,
		 4.6228 0.0762 -20.6248,
		 4.6228 0.0762 -21.9456,
		 4.6228 -0.0508 -21.9456
		]
	} #Coordinate3
	Material {
		ambientColor      0.2020 0.2020 0.2020  #ambientColor
		diffuseColor      0.8078 0.8078 0.8078  #diffuseColor
		transparency      0.0000                #transparency
	} #Material

	IndexedFaceSet {
		coordIndex [ 
		 0, 1, 2, 3,-1,
		 3, 2, 1, 0,-1,
		 0, 3, 7, 4,-1,
		 4, 7, 3, 0,-1,
		 1, 0, 4, 5,-1,
		 5, 4, 0, 1,-1,
		 2, 1, 5, 6,-1,
		 6, 5, 1, 2,-1,
		 3, 2, 6, 7,-1,
		 7, 6, 2, 3,-1,
		 7, 6, 5, 4,-1,
		 4, 5, 6, 7,-1,
		]
	} #IndexedFaceSet
} #Polyhedron
Separator { #Polyhedron
	DEF COORD37 Coordinate3 {
		point [
		 43.3425 1.1176 -16.4865,
		 42.8305 1.1176 -16.9648,
		 43.3345 1.1176 -17.4516,
		 43.8211 1.1176 -16.9730,
		 43.3425 0.0000 -16.4865,
		 42.8305 0.0000 -16.9648,
		 43.3345 0.0000 -17.4516,
		 43.8211 0.0000 -16.9730,
		 43.7442 0.5842 -17.0486,
		 43.7442 0.0000 -17.0486,
		 43.8211 0.0000 -16.9730,
		 43.8211 0.5842 -16.9730,
		 43.8211 0.5842 -16.9730,
		 43.3345 0.5842 -17.4516,
		 43.4241 0.0000 -17.3635,
		 43.4241 0.5842 -17.3635,
		 43.3345 0.5842 -17.4516
		]
	} #Coordinate3
	Material {
		ambientColor      0.2000 0.0500 0.0000  #ambientColor
		diffuseColor      0.8000 0.2000 0.0000  #diffuseColor
		transparency      0.0000                #transparency
	} #Material

	IndexedFaceSet {
		coordIndex [ 
		 0, 1, 2, 3,-1,
		 3, 2, 1, 0,-1,
		 0, 3, 7, 4,-1,
		 4, 7, 3, 0,-1,
		 1, 0, 4, 5,-1,
		 5, 4, 0, 1,-1,
		 2, 1, 5, 6,-1,
		 6, 5, 1, 2,-1,
		 8, 9, 10, 11,-1,
		 12, 3, 2, 13,-1,
		 14, 15, 16, 6,-1,
		 7, 6, 2, 3,-1,
		 7, 6, 5, 4,-1,
		 4, 5, 6, 7,-1,
		]
	} #IndexedFaceSet
} #Polyhedron
Separator { #Polyhedron
	DEF COORD38 Coordinate3 {
		point [
		 45.0193 0.5842 -18.3490,
		 43.7442 0.5842 -17.0486,
		 43.4241 0.5842 -17.3635,
		 44.6941 0.5842 -18.6589,
		 45.0193 0.0000 -18.3490,
		 43.7442 0.0000 -17.0486,
		 43.4241 0.0000 -17.3635,
		 44.6941 0.0000 -18.6589
		]
	} #Coordinate3
	Material {
		ambientColor      0.2000 0.0500 0.0000  #ambientColor
		diffuseColor      0.8000 0.2000 0.0000  #diffuseColor
		transparency      0.0000                #transparency
	} #Material

	IndexedFaceSet {
		coordIndex [ 
		 0, 1, 2, 3,-1,
		 3, 2, 1, 0,-1,
		 0, 3, 7, 4,-1,
		 4, 7, 3, 0,-1,
		 1, 0, 4, 5,-1,
		 5, 4, 0, 1,-1,
		 6, 5, 1, 2,-1,
		 3, 2, 6, 7,-1,
		 7, 6, 2, 3,-1,
		 7, 6, 5, 4,-1,
		 4, 5, 6, 7,-1,
		]
	} #IndexedFaceSet
} #Polyhedron
Separator { #Polyhedron
	DEF COORD39 Coordinate3 {
		point [
		 45.1107 1.1176 -18.2627,
		 44.6027 1.1176 -18.7453,
		 45.1107 1.1176 -19.2279,
		 45.5933 1.1176 -18.7453,
		 45.1107 0.0000 -18.2627,
		 44.6027 0.0000 -18.7453,
		 45.1107 0.0000 -19.2279,
		 45.5933 0.0000 -18.7453
		]
	} #Coordinate3
	Material {
		ambientColor      0.2000 0.0500 0.0000  #ambientColor
		diffuseColor      0.8000 0.2000 0.0000  #diffuseColor
		transparency      0.0000                #transparency
	} #Material

	IndexedFaceSet {
		coordIndex [ 
		 0, 1, 2, 3,-1,
		 3, 2, 1, 0,-1,
		 1, 0, 4, 5,-1,
		 5, 4, 0, 1,-1,
		 2, 1, 5, 6,-1,
		 6, 5, 1, 2,-1,
		 3, 2, 6, 7,-1,
		 7, 6, 2, 3,-1,
		 7, 6, 5, 4,-1,
		 4, 5, 6, 7,-1,
		]
	} #IndexedFaceSet
} #Polyhedron
Separator { #Polyhedron
	DEF COORD40 Coordinate3 {
		point [
		 46.7973 0.5842 -20.1321,
		 45.5120 0.5842 -18.8266,
		 45.1971 0.5842 -19.1415,
		 46.4671 0.5842 -20.4369,
		 46.7973 0.0000 -20.1321,
		 45.5120 0.0000 -18.8266,
		 45.1971 0.0000 -19.1415,
		 46.4671 0.0000 -20.4369
		]
	} #Coordinate3
	Material {
		ambientColor      0.2000 0.0500 0.0000  #ambientColor
		diffuseColor      0.8000 0.2000 0.0000  #diffuseColor
		transparency      0.0000                #transparency
	} #Material

	IndexedFaceSet {
		coordIndex [ 
		 0, 1, 2, 3,-1,
		 3, 2, 1, 0,-1,
		 0, 3, 7, 4,-1,
		 4, 7, 3, 0,-1,
		 1, 0, 4, 5,-1,
		 5, 4, 0, 1,-1,
		 3, 2, 6, 7,-1,
		 7, 6, 2, 3,-1,
		 7, 6, 5, 4,-1,
		 4, 5, 6, 7,-1,
		]
	} #IndexedFaceSet
} #Polyhedron
Separator { #Polyhedron
	DEF COORD41 Coordinate3 {
		point [
		 46.8887 1.1176 -20.0407,
		 46.3807 1.1176 -20.5233,
		 46.8887 1.1176 -21.0059,
		 47.3713 1.1176 -20.5233,
		 46.8887 0.0000 -20.0407,
		 46.3807 0.0000 -20.5233,
		 46.8887 0.0000 -21.0059,
		 47.3713 0.0000 -20.5233
		]
	} #Coordinate3
	Material {
		ambientColor      0.2000 0.0500 0.0000  #ambientColor
		diffuseColor      0.8000 0.2000 0.0000  #diffuseColor
		transparency      0.0000                #transparency
	} #Material

	IndexedFaceSet {
		coordIndex [ 
		 0, 1, 2, 3,-1,
		 3, 2, 1, 0,-1,
		 1, 0, 4, 5,-1,
		 5, 4, 0, 1,-1,
		 2, 1, 5, 6,-1,
		 6, 5, 1, 2,-1,
		 3, 2, 6, 7,-1,
		 7, 6, 2, 3,-1,
		 7, 6, 5, 4,-1,
		 4, 5, 6, 7,-1,
		]
	} #IndexedFaceSet
} #Polyhedron
Separator { #Polyhedron
	DEF COORD42 Coordinate3 {
		point [
		 45.9460 1.1176 -13.9465,
		 45.4340 1.1176 -14.4248,
		 45.9380 1.1176 -14.9116,
		 46.4246 1.1176 -14.4330,
		 45.9460 0.0000 -13.9465,
		 45.4340 0.0000 -14.4248,
		 45.9380 0.0000 -14.9116,
		 46.4246 0.0000 -14.4330
		]
	} #Coordinate3
	Material {
		ambientColor      0.2000 0.0500 0.0000  #ambientColor
		diffuseColor      0.8000 0.2000 0.0000  #diffuseColor
		transparency      0.0000                #transparency
	} #Material

	IndexedFaceSet {
		coordIndex [ 
		 0, 1, 2, 3,-1,
		 3, 2, 1, 0,-1,
		 0, 3, 7, 4,-1,
		 4, 7, 3, 0,-1,
		 1, 0, 4, 5,-1,
		 5, 4, 0, 1,-1,
		 2, 1, 5, 6,-1,
		 6, 5, 1, 2,-1,
		 3, 2, 6, 7,-1,
		 7, 6, 2, 3,-1,
		 7, 6, 5, 4,-1,
		 4, 5, 6, 7,-1,
		]
	} #IndexedFaceSet
} #Polyhedron
Separator { #Polyhedron
	DEF COORD43 Coordinate3 {
		point [
		 47.6228 0.5842 -15.8090,
		 46.3477 0.5842 -14.5086,
		 46.0276 0.5842 -14.8235,
		 47.2976 0.5842 -16.1189,
		 47.6228 0.0000 -15.8090,
		 46.3477 0.0000 -14.5086,
		 46.0276 0.0000 -14.8235,
		 47.2976 0.0000 -16.1189
		]
	} #Coordinate3
	Material {
		ambientColor      0.2000 0.0500 0.0000  #ambientColor
		diffuseColor      0.8000 0.2000 0.0000  #diffuseColor
		transparency      0.0000                #transparency
	} #Material

	IndexedFaceSet {
		coordIndex [ 
		 0, 1, 2, 3,-1,
		 3, 2, 1, 0,-1,
		 0, 3, 7, 4,-1,
		 4, 7, 3, 0,-1,
		 1, 0, 4, 5,-1,
		 5, 4, 0, 1,-1,
		 2, 1, 5, 6,-1,
		 6, 5, 1, 2,-1,
		 3, 2, 6, 7,-1,
		 7, 6, 2, 3,-1,
		 7, 6, 5, 4,-1,
		 4, 5, 6, 7,-1,
		]
	} #IndexedFaceSet
} #Polyhedron
Separator { #Polyhedron
	DEF COORD44 Coordinate3 {
		point [
		 47.7142 1.1176 -15.7227,
		 47.2062 1.1176 -16.2053,
		 47.7142 1.1176 -16.6879,
		 48.1968 1.1176 -16.2053,
		 47.7142 0.0000 -15.7227,
		 47.2062 0.0000 -16.2053,
		 47.7142 0.0000 -16.6879,
		 48.1968 0.0000 -16.2053
		]
	} #Coordinate3
	Material {
		ambientColor      0.2000 0.0500 0.0000  #ambientColor
		diffuseColor      0.8000 0.2000 0.0000  #diffuseColor
		transparency      0.0000                #transparency
	} #Material

	IndexedFaceSet {
		coordIndex [ 
		 0, 1, 2, 3,-1,
		 3, 2, 1, 0,-1,
		 1, 0, 4, 5,-1,
		 5, 4, 0, 1,-1,
		 2, 1, 5, 6,-1,
		 6, 5, 1, 2,-1,
		 3, 2, 6, 7,-1,
		 7, 6, 2, 3,-1,
		 7, 6, 5, 4,-1,
		 4, 5, 6, 7,-1,
		]
	} #IndexedFaceSet
} #Polyhedron
Separator { #Polyhedron
	DEF COORD45 Coordinate3 {
		point [
		 49.4008 0.5842 -17.5921,
		 48.1155 0.5842 -16.2866,
		 47.8006 0.5842 -16.6015,
		 49.0706 0.5842 -17.8969,
		 49.4008 0.0000 -17.5921,
		 48.1155 0.0000 -16.2866,
		 47.8006 0.0000 -16.6015,
		 49.0706 0.0000 -17.8969
		]
	} #Coordinate3
	Material {
		ambientColor      0.2000 0.0500 0.0000  #ambientColor
		diffuseColor      0.8000 0.2000 0.0000  #diffuseColor
		transparency      0.0000                #transparency
	} #Material

	IndexedFaceSet {
		coordIndex [ 
		 0, 1, 2, 3,-1,
		 3, 2, 1, 0,-1,
		 0, 3, 7, 4,-1,
		 4, 7, 3, 0,-1,
		 1, 0, 4, 5,-1,
		 5, 4, 0, 1,-1,
		 3, 2, 6, 7,-1,
		 7, 6, 2, 3,-1,
		 7, 6, 5, 4,-1,
		 4, 5, 6, 7,-1,
		]
	} #IndexedFaceSet
} #Polyhedron
Separator { #Polyhedron
	DEF COORD46 Coordinate3 {
		point [
		 49.4922 1.1176 -17.5007,
		 48.9842 1.1176 -17.9833,
		 49.4922 1.1176 -18.4659,
		 49.9748 1.1176 -17.9833,
		 49.4922 0.0000 -17.5007,
		 48.9842 0.0000 -17.9833,
		 49.4922 0.0000 -18.4659,
		 49.9748 0.0000 -17.9833
		]
	} #Coordinate3
	Material {
		ambientColor      0.2000 0.0500 0.0000  #ambientColor
		diffuseColor      0.8000 0.2000 0.0000  #diffuseColor
		transparency      0.0000                #transparency
	} #Material

	IndexedFaceSet {
		coordIndex [ 
		 0, 1, 2, 3,-1,
		 3, 2, 1, 0,-1,
		 1, 0, 4, 5,-1,
		 5, 4, 0, 1,-1,
		 2, 1, 5, 6,-1,
		 6, 5, 1, 2,-1,
		 3, 2, 6, 7,-1,
		 7, 6, 2, 3,-1,
		 7, 6, 5, 4,-1,
		 4, 5, 6, 7,-1,
		]
	} #IndexedFaceSet
} #Polyhedron
Separator { #Polyhedron
	DEF COORD47 Coordinate3 {
		point [
		 86.4149 3.0402 -57.2061,
		 85.4864 3.0402 -58.1674,
		 86.3802 3.0402 -59.0307,
		 87.3087 3.0402 -58.0694,
		 86.4149 0.0000 -57.2061,
		 85.4864 0.0000 -58.1674,
		 86.3802 0.0000 -59.0307,
		 87.3087 0.0000 -58.0694,
		 86.3802 0.9615 -59.0307,
		 87.3087 0.9615 -58.0694,
		 87.2435 1.3131 -58.1369,
		 87.2435 0.9615 -58.1369,
		 87.3087 1.3131 -58.0694,
		 87.3087 1.3131 -58.0694,
		 86.3802 1.3131 -59.0307,
		 86.8851 0.9615 -58.5079,
		 86.8851 1.3131 -58.5079,
		 86.3802 1.3131 -59.0307,
		 86.3802 0.9615 -59.0307,
		 87.3087 0.9615 -58.0694,
		 86.3802 0.9615 -59.0307,
		 87.3087 1.3131 -58.0694,
		 86.3802 1.3131 -59.0307,
		 87.3087 1.3131 -58.0694,
		 86.3802 0.9615 -59.0307,
		 86.3802 1.3131 -59.0307
		]
	} #Coordinate3
	Material {
		ambientColor      0.2000 0.0500 0.0000  #ambientColor
		diffuseColor      0.8000 0.2000 0.0000  #diffuseColor
		transparency      0.0000                #transparency
	} #Material

	IndexedFaceSet {
		coordIndex [ 
		 0, 1, 2, 3,-1,
		 3, 2, 1, 0,-1,
		 0, 3, 7, 4,-1,
		 4, 7, 3, 0,-1,
		 1, 0, 4, 5,-1,
		 5, 4, 0, 1,-1,
		 2, 1, 5, 6,-1,
		 6, 5, 1, 2,-1,
		 8, 6, 7, 9,-1,
		 10, 11, 9, 12,-1,
		 13, 3, 2, 14,-1,
		 15, 16, 17, 18,-1,
		]
	} #IndexedFaceSet
	Material {
		ambientColor      0.2500 0.1500 0.0000  #ambientColor
		diffuseColor      1.0000 0.6000 0.0000  #diffuseColor
		transparency      0.0000                #transparency
	} #Material

	IndexedFaceSet {
		coordIndex [ 
		 11, 10, 16, 15,-1,
		]
	} #IndexedFaceSet
	Material {
		ambientColor      0.2000 0.0500 0.0000  #ambientColor
		diffuseColor      0.8000 0.2000 0.0000  #diffuseColor
		transparency      0.0000                #transparency
	} #Material

	IndexedFaceSet {
		coordIndex [ 
		 19, 7, 6, 20,-1,
		 21, 19, 11, 10,-1,
		 22, 2, 3, 23,-1,
		 24, 25, 16, 15,-1,
		]
	} #IndexedFaceSet
	Material {
		ambientColor      0.2500 0.1500 0.0000  #ambientColor
		diffuseColor      1.0000 0.6000 0.0000  #diffuseColor
		transparency      0.0000                #transparency
	} #Material

	IndexedFaceSet {
		coordIndex [ 
		 15, 16, 10, 11,-1,
		]
	} #IndexedFaceSet
	Material {
		ambientColor      0.2000 0.0500 0.0000  #ambientColor
		diffuseColor      0.8000 0.2000 0.0000  #diffuseColor
		transparency      0.0000                #transparency
	} #Material

	IndexedFaceSet {
		coordIndex [ 
		 7, 6, 5, 4,-1,
		 4, 5, 6, 7,-1,
		]
	} #IndexedFaceSet
} #Polyhedron
Separator { #Polyhedron
	DEF COORD48 Coordinate3 {
		point [
		 90.0783 3.0402 -53.2926,
		 89.1499 3.0402 -54.2538,
		 90.0437 3.0402 -55.1171,
		 90.9721 3.0402 -54.1559,
		 90.0783 0.0000 -53.2926,
		 89.1499 0.0000 -54.2538,
		 90.0437 0.0000 -55.1171,
		 90.9721 0.0000 -54.1559
		]
	} #Coordinate3
	Material {
		ambientColor      0.2000 0.0500 0.0000  #ambientColor
		diffuseColor      0.8000 0.2000 0.0000  #diffuseColor
		transparency      0.0000                #transparency
	} #Material

	IndexedFaceSet {
		coordIndex [ 
		 0, 1, 2, 3,-1,
		 3, 2, 1, 0,-1,
		 0, 3, 7, 4,-1,
		 4, 7, 3, 0,-1,
		 1, 0, 4, 5,-1,
		 5, 4, 0, 1,-1,
		 2, 1, 5, 6,-1,
		 6, 5, 1, 2,-1,
		 3, 2, 6, 7,-1,
		 7, 6, 2, 3,-1,
		 7, 6, 5, 4,-1,
		 4, 5, 6, 7,-1,
		]
	} #IndexedFaceSet
} #Polyhedron
Separator { #Polyhedron
	DEF COORD49 Coordinate3 {
		point [
		 86.0316 1.5162 -58.7590,
		 85.6008 1.5162 -58.3839,
		 61.9200 1.5162 -85.5779,
		 62.3507 1.5162 -85.9530,
		 86.0316 0.0000 -58.7590,
		 85.6008 0.0000 -58.3839,
		 61.9200 0.0000 -85.5779,
		 62.3507 0.0000 -85.9530
		]
	} #Coordinate3
	Material {
		ambientColor      0.2000 0.0500 0.0000  #ambientColor
		diffuseColor      0.8000 0.2000 0.0000  #diffuseColor
		transparency      0.0000                #transparency
	} #Material

	IndexedFaceSet {
		coordIndex [ 
		 0, 1, 2, 3,-1,
		 3, 2, 1, 0,-1,
		 0, 3, 7, 4,-1,
		 4, 7, 3, 0,-1,
		 1, 0, 4, 5,-1,
		 5, 4, 0, 1,-1,
		 2, 1, 5, 6,-1,
		 6, 5, 1, 2,-1,
		 3, 2, 6, 7,-1,
		 7, 6, 2, 3,-1,
		 7, 6, 5, 4,-1,
		 4, 5, 6, 7,-1,
		]
	} #IndexedFaceSet
} #Polyhedron
Separator { #Polyhedron
	DEF COORD50 Coordinate3 {
		point [
		 90.3486 1.5162 -53.5674,
		 90.8557 1.5162 -54.0089,
		 114.5365 1.5162 -26.8149,
		 114.0294 1.5162 -26.3734,
		 90.3486 0.0000 -53.5674,
		 90.8557 0.0000 -54.0089,
		 114.5365 0.0000 -26.8149,
		 114.0294 0.0000 -26.3734
		]
	} #Coordinate3
	Material {
		ambientColor      0.2000 0.0500 0.0000  #ambientColor
		diffuseColor      0.8000 0.2000 0.0000  #diffuseColor
		transparency      0.0000                #transparency
	} #Material

	IndexedFaceSet {
		coordIndex [ 
		 0, 1, 2, 3,-1,
		 3, 2, 1, 0,-1,
		 0, 3, 7, 4,-1,
		 4, 7, 3, 0,-1,
		 1, 0, 4, 5,-1,
		 5, 4, 0, 1,-1,
		 2, 1, 5, 6,-1,
		 6, 5, 1, 2,-1,
		 3, 2, 6, 7,-1,
		 7, 6, 2, 3,-1,
		 7, 6, 5, 4,-1,
		 4, 5, 6, 7,-1,
		]
	} #IndexedFaceSet
} #Polyhedron
Separator { #Polyhedron
	DEF COORD51 Coordinate3 {
		point [
		 60.8588 10.9650 -16.2560,
		 60.4086 0.0000 -14.4432,
		 59.2050 0.0000 -15.2603,
		 59.0460 0.0000 -16.7062,
		 59.8631 0.0000 -17.9098,
		 61.3090 0.0000 -18.0688,
		 62.5125 0.0000 -17.2517,
		 62.6716 0.0000 -15.8058,
		 61.8545 0.0000 -14.6023
		]
	} #Coordinate3
	Material {
		ambientColor      0.0000 0.1000 0.0000  #ambientColor
		diffuseColor      0.0000 0.4000 0.0000  #diffuseColor
		transparency      0.0000                #transparency
	} #Material

	IndexedFaceSet {
		coordIndex [ 
		 0, 8, 1,-1,
		 1, 8, 0,-1,
		 0, 1, 2,-1,
		 2, 1, 0,-1,
		 0, 2, 3,-1,
		 3, 2, 0,-1,
		 0, 3, 4,-1,
		 4, 3, 0,-1,
		 0, 4, 5,-1,
		 5, 4, 0,-1,
		 0, 5, 6,-1,
		 6, 5, 0,-1,
		 0, 6, 7,-1,
		 7, 6, 0,-1,
		 0, 7, 8,-1,
		 8, 7, 0,-1,
		 8, 7, 6, 5, 4, 3, 2, 1,-1,
		 1, 2, 3, 4, 5, 6, 7, 8,-1,
		]
	} #IndexedFaceSet
} #Polyhedron
Separator { #Polyhedron
	DEF COORD52 Coordinate3 {
		point [
		 88.9004 10.9650 -49.2761,
		 88.4502 0.0000 -47.4633,
		 87.2467 0.0000 -48.2804,
		 87.0876 0.0000 -49.7263,
		 87.9047 0.0000 -50.9298,
		 89.3507 0.0000 -51.0889,
		 90.5542 0.0000 -50.2718,
		 90.7132 0.0000 -48.8258,
		 89.8961 0.0000 -47.6223
		]
	} #Coordinate3
	Material {
		ambientColor      0.0000 0.1000 0.0000  #ambientColor
		diffuseColor      0.0000 0.4000 0.0000  #diffuseColor
		transparency      0.0000                #transparency
	} #Material

	IndexedFaceSet {
		coordIndex [ 
		 0, 8, 1,-1,
		 1, 8, 0,-1,
		 0, 1, 2,-1,
		 2, 1, 0,-1,
		 0, 2, 3,-1,
		 3, 2, 0,-1,
		 0, 3, 4,-1,
		 4, 3, 0,-1,
		 0, 4, 5,-1,
		 5, 4, 0,-1,
		 0, 5, 6,-1,
		 6, 5, 0,-1,
		 0, 6, 7,-1,
		 7, 6, 0,-1,
		 0, 7, 8,-1,
		 8, 7, 0,-1,
		 8, 7, 6, 5, 4, 3, 2, 1,-1,
		 1, 2, 3, 4, 5, 6, 7, 8,-1,
		]
	} #IndexedFaceSet
} #Polyhedron
Separator { #Polyhedron
	DEF COORD53 Coordinate3 {
		point [
		 89.8149 10.9650 -44.7041,
		 89.3646 0.0000 -42.8913,
		 88.1611 0.0000 -43.7084,
		 88.0021 0.0000 -45.1543,
		 88.8191 0.0000 -46.3578,
		 90.2651 0.0000 -46.5169,
		 91.4686 0.0000 -45.6998,
		 91.6277 0.0000 -44.2538,
		 90.8106 0.0000 -43.0503
		]
	} #Coordinate3
	Material {
		ambientColor      0.0000 0.1000 0.0000  #ambientColor
		diffuseColor      0.0000 0.4000 0.0000  #diffuseColor
		transparency      0.0000                #transparency
	} #Material

	IndexedFaceSet {
		coordIndex [ 
		 0, 8, 1,-1,
		 1, 8, 0,-1,
		 0, 1, 2,-1,
		 2, 1, 0,-1,
		 0, 2, 3,-1,
		 3, 2, 0,-1,
		 0, 3, 4,-1,
		 4, 3, 0,-1,
		 0, 4, 5,-1,
		 5, 4, 0,-1,
		 0, 5, 6,-1,
		 6, 5, 0,-1,
		 0, 6, 7,-1,
		 7, 6, 0,-1,
		 0, 7, 8,-1,
		 8, 7, 0,-1,
		 8, 7, 6, 5, 4, 3, 2, 1,-1,
		 1, 2, 3, 4, 5, 6, 7, 8,-1,
		]
	} #IndexedFaceSet
} #Polyhedron
Separator { #Polyhedron
	DEF COORD54 Coordinate3 {
		point [
		 82.8044 10.9650 -35.2553,
		 82.3542 0.0000 -33.4425,
		 81.1507 0.0000 -34.2595,
		 80.9916 0.0000 -35.7055,
		 81.8087 0.0000 -36.9090,
		 83.2547 0.0000 -37.0681,
		 84.4582 0.0000 -36.2510,
		 84.6172 0.0000 -34.8050,
		 83.8002 0.0000 -33.6015
		]
	} #Coordinate3
	Material {
		ambientColor      0.0000 0.1000 0.0000  #ambientColor
		diffuseColor      0.0000 0.4000 0.0000  #diffuseColor
		transparency      0.0000                #transparency
	} #Material

	IndexedFaceSet {
		coordIndex [ 
		 0, 8, 1,-1,
		 1, 8, 0,-1,
		 0, 1, 2,-1,
		 2, 1, 0,-1,
		 0, 2, 3,-1,
		 3, 2, 0,-1,
		 0, 3, 4,-1,
		 4, 3, 0,-1,
		 0, 4, 5,-1,
		 5, 4, 0,-1,
		 0, 5, 6,-1,
		 6, 5, 0,-1,
		 0, 6, 7,-1,
		 7, 6, 0,-1,
		 0, 7, 8,-1,
		 8, 7, 0,-1,
		 8, 7, 6, 5, 4, 3, 2, 1,-1,
		 1, 2, 3, 4, 5, 6, 7, 8,-1,
		]
	} #IndexedFaceSet
} #Polyhedron
Separator { #Polyhedron
	DEF COORD55 Coordinate3 {
		point [
		 87.5796 10.9650 -35.4584,
		 87.1294 0.0000 -33.6456,
		 85.9259 0.0000 -34.4627,
		 85.7668 0.0000 -35.9087,
		 86.5839 0.0000 -37.1122,
		 88.0299 0.0000 -37.2712,
		 89.2334 0.0000 -36.4542,
		 89.3924 0.0000 -35.0082,
		 88.5754 0.0000 -33.8047
		]
	} #Coordinate3
	Material {
		ambientColor      0.0000 0.1000 0.0000  #ambientColor
		diffuseColor      0.0000 0.4000 0.0000  #diffuseColor
		transparency      0.0000                #transparency
	} #Material

	IndexedFaceSet {
		coordIndex [ 
		 0, 8, 1,-1,
		 1, 8, 0,-1,
		 0, 1, 2,-1,
		 2, 1, 0,-1,
		 0, 2, 3,-1,
		 3, 2, 0,-1,
		 0, 3, 4,-1,
		 4, 3, 0,-1,
		 0, 4, 5,-1,
		 5, 4, 0,-1,
		 0, 5, 6,-1,
		 6, 5, 0,-1,
		 0, 6, 7,-1,
		 7, 6, 0,-1,
		 0, 7, 8,-1,
		 8, 7, 0,-1,
		 8, 7, 6, 5, 4, 3, 2, 1,-1,
		 1, 2, 3, 4, 5, 6, 7, 8,-1,
		]
	} #IndexedFaceSet
} #Polyhedron
Separator { #Polyhedron
	DEF COORD56 Coordinate3 {
		point [
		 81.1788 10.9650 -57.4041,
		 80.7286 0.0000 -55.5913,
		 79.5251 0.0000 -56.4084,
		 79.3660 0.0000 -57.8543,
		 80.1831 0.0000 -59.0578,
		 81.6291 0.0000 -59.2169,
		 82.8326 0.0000 -58.3998,
		 82.9916 0.0000 -56.9539,
		 82.1746 0.0000 -55.7503
		]
	} #Coordinate3
	Material {
		ambientColor      0.0000 0.1000 0.0000  #ambientColor
		diffuseColor      0.0000 0.4000 0.0000  #diffuseColor
		transparency      0.0000                #transparency
	} #Material

	IndexedFaceSet {
		coordIndex [ 
		 0, 8, 1,-1,
		 1, 8, 0,-1,
		 0, 1, 2,-1,
		 2, 1, 0,-1,
		 0, 2, 3,-1,
		 3, 2, 0,-1,
		 0, 3, 4,-1,
		 4, 3, 0,-1,
		 0, 4, 5,-1,
		 5, 4, 0,-1,
		 0, 5, 6,-1,
		 6, 5, 0,-1,
		 0, 6, 7,-1,
		 7, 6, 0,-1,
		 0, 7, 8,-1,
		 8, 7, 0,-1,
		 8, 7, 6, 5, 4, 3, 2, 1,-1,
		 1, 2, 3, 4, 5, 6, 7, 8,-1,
		]
	} #IndexedFaceSet
} #Polyhedron
Separator { #Polyhedron
	DEF COORD57 Coordinate3 {
		point [
		 77.8260 10.9650 -62.7889,
		 77.3758 0.0000 -60.9761,
		 76.1723 0.0000 -61.7932,
		 76.0132 0.0000 -63.2391,
		 76.8303 0.0000 -64.4427,
		 78.2763 0.0000 -64.6017,
		 79.4798 0.0000 -63.7846,
		 79.6388 0.0000 -62.3387,
		 78.8217 0.0000 -61.1351
		]
	} #Coordinate3
	Material {
		ambientColor      0.0000 0.1000 0.0000  #ambientColor
		diffuseColor      0.0000 0.4000 0.0000  #diffuseColor
		transparency      0.0000                #transparency
	} #Material

	IndexedFaceSet {
		coordIndex [ 
		 0, 8, 1,-1,
		 1, 8, 0,-1,
		 0, 1, 2,-1,
		 2, 1, 0,-1,
		 0, 2, 3,-1,
		 3, 2, 0,-1,
		 0, 3, 4,-1,
		 4, 3, 0,-1,
		 0, 4, 5,-1,
		 5, 4, 0,-1,
		 0, 5, 6,-1,
		 6, 5, 0,-1,
		 0, 6, 7,-1,
		 7, 6, 0,-1,
		 0, 7, 8,-1,
		 8, 7, 0,-1,
		 8, 7, 6, 5, 4, 3, 2, 1,-1,
		 1, 2, 3, 4, 5, 6, 7, 8,-1,
		]
	} #IndexedFaceSet
} #Polyhedron
Separator { #Polyhedron
	DEF COORD58 Coordinate3 {
		point [
		 75.1844 10.9650 -58.7249,
		 74.7342 0.0000 -56.9121,
		 73.5307 0.0000 -57.7292,
		 73.3716 0.0000 -59.1751,
		 74.1887 0.0000 -60.3786,
		 75.6347 0.0000 -60.5377,
		 76.8382 0.0000 -59.7206,
		 76.9972 0.0000 -58.2746,
		 76.1801 0.0000 -57.0711
		]
	} #Coordinate3
	Material {
		ambientColor      0.0000 0.0500 0.0000  #ambientColor
		diffuseColor      0.0000 0.2000 0.0000  #diffuseColor
		transparency      0.0000                #transparency
	} #Material

	IndexedFaceSet {
		coordIndex [ 
		 0, 8, 1,-1,
		 1, 8, 0,-1,
		 0, 1, 2,-1,
		 2, 1, 0,-1,
		 0, 2, 3,-1,
		 3, 2, 0,-1,
		 0, 3, 4,-1,
		 4, 3, 0,-1,
		 0, 4, 5,-1,
		 5, 4, 0,-1,
		 0, 5, 6,-1,
		 6, 5, 0,-1,
		 0, 6, 7,-1,
		 7, 6, 0,-1,
		 0, 7, 8,-1,
		 8, 7, 0,-1,
		 8, 7, 6, 5, 4, 3, 2, 1,-1,
		 1, 2, 3, 4, 5, 6, 7, 8,-1,
		]
	} #IndexedFaceSet
} #Polyhedron
Separator { #Polyhedron
	DEF COORD59 Coordinate3 {
		point [
		 71.5268 10.9650 -48.8697,
		 71.0766 0.0000 -47.0569,
		 69.8730 0.0000 -47.8740,
		 69.7140 0.0000 -49.3199,
		 70.5311 0.0000 -50.5234,
		 71.9770 0.0000 -50.6825,
		 73.1806 0.0000 -49.8654,
		 73.3396 0.0000 -48.4194,
		 72.5225 0.0000 -47.2159
		]
	} #Coordinate3
	Material {
		ambientColor      0.0000 0.1000 0.0000  #ambientColor
		diffuseColor      0.0000 0.4000 0.0000  #diffuseColor
		transparency      0.0000                #transparency
	} #Material

	IndexedFaceSet {
		coordIndex [ 
		 0, 8, 1,-1,
		 1, 8, 0,-1,
		 0, 1, 2,-1,
		 2, 1, 0,-1,
		 0, 2, 3,-1,
		 3, 2, 0,-1,
		 0, 3, 4,-1,
		 4, 3, 0,-1,
		 0, 4, 5,-1,
		 5, 4, 0,-1,
		 0, 5, 6,-1,
		 6, 5, 0,-1,
		 0, 6, 7,-1,
		 7, 6, 0,-1,
		 0, 7, 8,-1,
		 8, 7, 0,-1,
		 8, 7, 6, 5, 4, 3, 2, 1,-1,
		 1, 2, 3, 4, 5, 6, 7, 8,-1,
		]
	} #IndexedFaceSet
} #Polyhedron
Separator { #Polyhedron
	DEF COORD60 Coordinate3 {
		point [
		 71.4252 10.9650 -65.8369,
		 70.9750 0.0000 -64.0241,
		 69.7714 0.0000 -64.8412,
		 69.6124 0.0000 -66.2871,
		 70.4295 0.0000 -67.4907,
		 71.8754 0.0000 -67.6497,
		 73.0790 0.0000 -66.8326,
		 73.2380 0.0000 -65.3867,
		 72.4209 0.0000 -64.1831
		]
	} #Coordinate3
	Material {
		ambientColor      0.0000 0.1000 0.0000  #ambientColor
		diffuseColor      0.0000 0.4000 0.0000  #diffuseColor
		transparency      0.0000                #transparency
	} #Material

	IndexedFaceSet {
		coordIndex [ 
		 0, 8, 1,-1,
		 1, 8, 0,-1,
		 0, 1, 2,-1,
		 2, 1, 0,-1,
		 0, 2, 3,-1,
		 3, 2, 0,-1,
		 0, 3, 4,-1,
		 4, 3, 0,-1,
		 0, 4, 5,-1,
		 5, 4, 0,-1,
		 0, 5, 6,-1,
		 6, 5, 0,-1,
		 0, 6, 7,-1,
		 7, 6, 0,-1,
		 0, 7, 8,-1,
		 8, 7, 0,-1,
		 8, 7, 6, 5, 4, 3, 2, 1,-1,
		 1, 2, 3, 4, 5, 6, 7, 8,-1,
		]
	} #IndexedFaceSet
} #Polyhedron
Separator { #Polyhedron
	DEF COORD61 Coordinate3 {
		point [
		 71.3236 10.9650 -31.0896,
		 70.8734 0.0000 -29.2768,
		 69.6699 0.0000 -30.0939,
		 69.5108 0.0000 -31.5399,
		 70.3279 0.0000 -32.7434,
		 71.7738 0.0000 -32.9024,
		 72.9774 0.0000 -32.0854,
		 73.1364 0.0000 -30.6394,
		 72.3193 0.0000 -29.4359
		]
	} #Coordinate3
	Material {
		ambientColor      0.0000 0.1000 0.0000  #ambientColor
		diffuseColor      0.0000 0.4000 0.0000  #diffuseColor
		transparency      0.0000                #transparency
	} #Material

	IndexedFaceSet {
		coordIndex [ 
		 0, 8, 1,-1,
		 1, 8, 0,-1,
		 0, 1, 2,-1,
		 2, 1, 0,-1,
		 0, 2, 3,-1,
		 3, 2, 0,-1,
		 0, 3, 4,-1,
		 4, 3, 0,-1,
		 0, 4, 5,-1,
		 5, 4, 0,-1,
		 0, 5, 6,-1,
		 6, 5, 0,-1,
		 0, 6, 7,-1,
		 7, 6, 0,-1,
		 0, 7, 8,-1,
		 8, 7, 0,-1,
		 8, 7, 6, 5, 4, 3, 2, 1,-1,
		 1, 2, 3, 4, 5, 6, 7, 8,-1,
		]
	} #IndexedFaceSet
} #Polyhedron
Separator { #Polyhedron
	DEF COORD62 Coordinate3 {
		point [
		 63.0940 10.9650 -25.0952,
		 62.6438 0.0000 -23.2824,
		 61.4402 0.0000 -24.0995,
		 61.2812 0.0000 -25.5455,
		 62.0983 0.0000 -26.7490,
		 63.5442 0.0000 -26.9080,
		 64.7477 0.0000 -26.0909,
		 64.9068 0.0000 -24.6450,
		 64.0897 0.0000 -23.4415
		]
	} #Coordinate3
	Material {
		ambientColor      0.0000 0.1000 0.0000  #ambientColor
		diffuseColor      0.0000 0.4000 0.0000  #diffuseColor
		transparency      0.0000                #transparency
	} #Material

	IndexedFaceSet {
		coordIndex [ 
		 0, 8, 1,-1,
		 1, 8, 0,-1,
		 0, 1, 2,-1,
		 2, 1, 0,-1,
		 0, 2, 3,-1,
		 3, 2, 0,-1,
		 0, 3, 4,-1,
		 4, 3, 0,-1,
		 0, 4, 5,-1,
		 5, 4, 0,-1,
		 0, 5, 6,-1,
		 6, 5, 0,-1,
		 0, 6, 7,-1,
		 7, 6, 0,-1,
		 0, 7, 8,-1,
		 8, 7, 0,-1,
		 8, 7, 6, 5, 4, 3, 2, 1,-1,
		 1, 2, 3, 4, 5, 6, 7, 8,-1,
		]
	} #IndexedFaceSet
} #Polyhedron
Separator { #Polyhedron
	DEF COORD63 Coordinate3 {
		point [
		 53.4420 10.9650 -17.0688,
		 52.9917 0.0000 -15.2560,
		 51.7882 0.0000 -16.0731,
		 51.6292 0.0000 -17.5190,
		 52.4463 0.0000 -18.7226,
		 53.8922 0.0000 -18.8816,
		 55.0957 0.0000 -18.0645,
		 55.2548 0.0000 -16.6186,
		 54.4377 0.0000 -15.4150
		]
	} #Coordinate3
	Material {
		ambientColor      0.0000 0.1000 0.0000  #ambientColor
		diffuseColor      0.0000 0.4000 0.0000  #diffuseColor
		transparency      0.0000                #transparency
	} #Material

	IndexedFaceSet {
		coordIndex [ 
		 0, 8, 1,-1,
		 1, 8, 0,-1,
		 0, 1, 2,-1,
		 2, 1, 0,-1,
		 0, 2, 3,-1,
		 3, 2, 0,-1,
		 0, 3, 4,-1,
		 4, 3, 0,-1,
		 0, 4, 5,-1,
		 5, 4, 0,-1,
		 0, 5, 6,-1,
		 6, 5, 0,-1,
		 0, 6, 7,-1,
		 7, 6, 0,-1,
		 0, 7, 8,-1,
		 8, 7, 0,-1,
		 8, 7, 6, 5, 4, 3, 2, 1,-1,
		 1, 2, 3, 4, 5, 6, 7, 8,-1,
		]
	} #IndexedFaceSet
} #Polyhedron
Separator { #Polyhedron
	DEF COORD64 Coordinate3 {
		point [
		 44.3996 10.9650 -23.6728,
		 43.9493 0.0000 -21.8600,
		 42.7458 0.0000 -22.6771,
		 42.5868 0.0000 -24.1231,
		 43.4038 0.0000 -25.3266,
		 44.8498 0.0000 -25.4856,
		 46.0533 0.0000 -24.6685,
		 46.2124 0.0000 -23.2226,
		 45.3953 0.0000 -22.0191
		]
	} #Coordinate3
	Material {
		ambientColor      0.0000 0.1000 0.0000  #ambientColor
		diffuseColor      0.0000 0.4000 0.0000  #diffuseColor
		transparency      0.0000                #transparency
	} #Material

	IndexedFaceSet {
		coordIndex [ 
		 0, 8, 1,-1,
		 1, 8, 0,-1,
		 0, 1, 2,-1,
		 2, 1, 0,-1,
		 0, 2, 3,-1,
		 3, 2, 0,-1,
		 0, 3, 4,-1,
		 4, 3, 0,-1,
		 0, 4, 5,-1,
		 5, 4, 0,-1,
		 0, 5, 6,-1,
		 6, 5, 0,-1,
		 0, 6, 7,-1,
		 7, 6, 0,-1,
		 0, 7, 8,-1,
		 8, 7, 0,-1,
		 8, 7, 6, 5, 4, 3, 2, 1,-1,
		 1, 2, 3, 4, 5, 6, 7, 8,-1,
		]
	} #IndexedFaceSet
} #Polyhedron
Separator { #Polyhedron
	DEF COORD65 Coordinate3 {
		point [
		 44.7044 10.9650 -0.4064,
		 44.2393 0.0000 1.0366,
		 43.3558 0.0000 0.2853,
		 43.2623 0.0000 -0.8712,
		 44.0135 0.0000 -1.7554,
		 45.1694 0.0000 -1.8493,
		 46.0529 0.0000 -1.0980,
		 46.1465 0.0000 0.0584,
		 45.3952 0.0000 0.9426
		]
	} #Coordinate3
	Material {
		ambientColor      0.0000 0.1000 0.0000  #ambientColor
		diffuseColor      0.0000 0.4000 0.0000  #diffuseColor
		transparency      0.0000                #transparency
	} #Material

	IndexedFaceSet {
		coordIndex [ 
		 0, 8, 1,-1,
		 1, 8, 0,-1,
		 0, 1, 2,-1,
		 2, 1, 0,-1,
		 0, 2, 3,-1,
		 3, 2, 0,-1,
		 0, 3, 4,-1,
		 4, 3, 0,-1,
		 0, 4, 5,-1,
		 5, 4, 0,-1,
		 0, 5, 6,-1,
		 6, 5, 0,-1,
		 0, 6, 7,-1,
		 7, 6, 0,-1,
		 0, 7, 8,-1,
		 8, 7, 0,-1,
		 8, 7, 6, 5, 4, 3, 2, 1,-1,
		 1, 2, 3, 4, 5, 6, 7, 8,-1,
		]
	} #IndexedFaceSet
} #Polyhedron
Separator { #Polyhedron
	DEF COORD66 Coordinate3 {
		point [
		 32.7155 10.9650 10.4648,
		 32.3941 0.0000 11.6203,
		 31.6717 0.0000 11.0547,
		 31.5608 0.0000 10.1436,
		 32.1263 0.0000 9.4207,
		 33.0370 0.0000 9.3094,
		 33.7594 0.0000 9.8749,
		 33.8703 0.0000 10.7861,
		 33.3048 0.0000 11.5090
		]
	} #Coordinate3
	Material {
		ambientColor      0.0000 0.1000 0.0000  #ambientColor
		diffuseColor      0.0000 0.4000 0.0000  #diffuseColor
		transparency      0.0000                #transparency
	} #Material

	IndexedFaceSet {
		coordIndex [ 
		 0, 8, 1,-1,
		 1, 8, 0,-1,
		 0, 1, 2,-1,
		 2, 1, 0,-1,
		 0, 2, 3,-1,
		 3, 2, 0,-1,
		 0, 3, 4,-1,
		 4, 3, 0,-1,
		 0, 4, 5,-1,
		 5, 4, 0,-1,
		 0, 5, 6,-1,
		 6, 5, 0,-1,
		 0, 6, 7,-1,
		 7, 6, 0,-1,
		 0, 7, 8,-1,
		 8, 7, 0,-1,
		 8, 7, 6, 5, 4, 3, 2, 1,-1,
		 1, 2, 3, 4, 5, 6, 7, 8,-1,
		]
	} #IndexedFaceSet
} #Polyhedron
Separator { #Polyhedron
	DEF COORD67 Coordinate3 {
		point [
		 24.5875 10.9650 -2.5400,
		 24.1373 0.0000 -0.7272,
		 22.9337 0.0000 -1.5443,
		 22.7747 0.0000 -2.9902,
		 23.5918 0.0000 -4.1937,
		 25.0377 0.0000 -4.3528,
		 26.2413 0.0000 -3.5357,
		 26.4003 0.0000 -2.0897,
		 25.5832 0.0000 -0.8862
		]
	} #Coordinate3
	Material {
		ambientColor      0.0000 0.1000 0.0000  #ambientColor
		diffuseColor      0.0000 0.4000 0.0000  #diffuseColor
		transparency      0.0000                #transparency
	} #Material

	IndexedFaceSet {
		coordIndex [ 
		 0, 8, 1,-1,
		 1, 8, 0,-1,
		 0, 1, 2,-1,
		 2, 1, 0,-1,
		 0, 2, 3,-1,
		 3, 2, 0,-1,
		 0, 3, 4,-1,
		 4, 3, 0,-1,
		 0, 4, 5,-1,
		 5, 4, 0,-1,
		 0, 5, 6,-1,
		 6, 5, 0,-1,
		 0, 6, 7,-1,
		 7, 6, 0,-1,
		 0, 7, 8,-1,
		 8, 7, 0,-1,
		 8, 7, 6, 5, 4, 3, 2, 1,-1,
		 1, 2, 3, 4, 5, 6, 7, 8,-1,
		]
	} #IndexedFaceSet
} #Polyhedron
Separator { #Polyhedron
	DEF COORD68 Coordinate3 {
		point [
		 15.9515 10.9650 1.0160,
		 15.7020 0.0000 2.2434,
		 14.9078 0.0000 1.7076,
		 14.7249 0.0000 0.7667,
		 15.2606 0.0000 -0.0281,
		 16.2010 0.0000 -0.2113,
		 16.9952 0.0000 0.3245,
		 17.1781 0.0000 1.2653,
		 16.6424 0.0000 2.0602
		]
	} #Coordinate3
	Material {
		ambientColor      0.0000 0.1000 0.0000  #ambientColor
		diffuseColor      0.0000 0.4000 0.0000  #diffuseColor
		transparency      0.0000                #transparency
	} #Material

	IndexedFaceSet {
		coordIndex [ 
		 0, 8, 1,-1,
		 1, 8, 0,-1,
		 0, 1, 2,-1,
		 2, 1, 0,-1,
		 0, 2, 3,-1,
		 3, 2, 0,-1,
		 0, 3, 4,-1,
		 4, 3, 0,-1,
		 0, 4, 5,-1,
		 5, 4, 0,-1,
		 0, 5, 6,-1,
		 6, 5, 0,-1,
		 0, 6, 7,-1,
		 7, 6, 0,-1,
		 0, 7, 8,-1,
		 8, 7, 0,-1,
		 8, 7, 6, 5, 4, 3, 2, 1,-1,
		 1, 2, 3, 4, 5, 6, 7, 8,-1,
		]
	} #IndexedFaceSet
} #Polyhedron
Separator { #Polyhedron
	DEF COORD69 Coordinate3 {
		point [
		 19.5075 10.9650 -0.2032,
		 19.2581 0.0000 1.0242,
		 18.4638 0.0000 0.4884,
		 18.2809 0.0000 -0.4525,
		 18.8166 0.0000 -1.2473,
		 19.7570 0.0000 -1.4305,
		 20.5513 0.0000 -0.8947,
		 20.7341 0.0000 0.0461,
		 20.1985 0.0000 0.8410
		]
	} #Coordinate3
	Material {
		ambientColor      0.0000 0.1000 0.0000  #ambientColor
		diffuseColor      0.0000 0.4000 0.0000  #diffuseColor
		transparency      0.0000                #transparency
	} #Material

	IndexedFaceSet {
		coordIndex [ 
		 0, 8, 1,-1,
		 1, 8, 0,-1,
		 0, 1, 2,-1,
		 2, 1, 0,-1,
		 0, 2, 3,-1,
		 3, 2, 0,-1,
		 0, 3, 4,-1,
		 4, 3, 0,-1,
		 0, 4, 5,-1,
		 5, 4, 0,-1,
		 0, 5, 6,-1,
		 6, 5, 0,-1,
		 0, 6, 7,-1,
		 7, 6, 0,-1,
		 0, 7, 8,-1,
		 8, 7, 0,-1,
		 8, 7, 6, 5, 4, 3, 2, 1,-1,
		 1, 2, 3, 4, 5, 6, 7, 8,-1,
		]
	} #IndexedFaceSet
} #Polyhedron
Separator { #Polyhedron
	DEF COORD70 Coordinate3 {
		point [
		 -18.2878 10.9650 0.3048,
		 -18.5372 0.0000 1.5322,
		 -19.3315 0.0000 0.9964,
		 -19.5144 0.0000 0.0555,
		 -18.9787 0.0000 -0.7393,
		 -18.0383 0.0000 -0.9225,
		 -17.2440 0.0000 -0.3867,
		 -17.0612 0.0000 0.5541,
		 -17.5968 0.0000 1.3490
		]
	} #Coordinate3
	Material {
		ambientColor      0.0000 0.1000 0.0000  #ambientColor
		diffuseColor      0.0000 0.4000 0.0000  #diffuseColor
		transparency      0.0000                #transparency
	} #Material

	IndexedFaceSet {
		coordIndex [ 
		 0, 8, 1,-1,
		 1, 8, 0,-1,
		 0, 1, 2,-1,
		 2, 1, 0,-1,
		 0, 2, 3,-1,
		 3, 2, 0,-1,
		 0, 3, 4,-1,
		 4, 3, 0,-1,
		 0, 4, 5,-1,
		 5, 4, 0,-1,
		 0, 5, 6,-1,
		 6, 5, 0,-1,
		 0, 6, 7,-1,
		 7, 6, 0,-1,
		 0, 7, 8,-1,
		 8, 7, 0,-1,
		 8, 7, 6, 5, 4, 3, 2, 1,-1,
		 1, 2, 3, 4, 5, 6, 7, 8,-1,
		]
	} #IndexedFaceSet
} #Polyhedron
Separator { #Polyhedron
	DEF COORD71 Coordinate3 {
		point [
		 -27.3302 10.9650 2.1336,
		 -27.5796 0.0000 3.3610,
		 -28.3739 0.0000 2.8252,
		 -28.5568 0.0000 1.8843,
		 -28.0211 0.0000 1.0895,
		 -27.0807 0.0000 0.9063,
		 -26.2864 0.0000 1.4421,
		 -26.1036 0.0000 2.3830,
		 -26.6392 0.0000 3.1778
		]
	} #Coordinate3
	Material {
		ambientColor      0.0000 0.1000 0.0000  #ambientColor
		diffuseColor      0.0000 0.4000 0.0000  #diffuseColor
		transparency      0.0000                #transparency
	} #Material

	IndexedFaceSet {
		coordIndex [ 
		 0, 8, 1,-1,
		 1, 8, 0,-1,
		 0, 1, 2,-1,
		 2, 1, 0,-1,
		 0, 2, 3,-1,
		 3, 2, 0,-1,
		 0, 3, 4,-1,
		 4, 3, 0,-1,
		 0, 4, 5,-1,
		 5, 4, 0,-1,
		 0, 5, 6,-1,
		 6, 5, 0,-1,
		 0, 6, 7,-1,
		 7, 6, 0,-1,
		 0, 7, 8,-1,
		 8, 7, 0,-1,
		 8, 7, 6, 5, 4, 3, 2, 1,-1,
		 1, 2, 3, 4, 5, 6, 7, 8,-1,
		]
	} #IndexedFaceSet
} #Polyhedron
Separator { #Polyhedron
	DEF COORD72 Coordinate3 {
		point [
		 -14.6301 10.9650 -18.9992,
		 -14.8796 0.0000 -17.7719,
		 -15.6739 0.0000 -18.3076,
		 -15.8567 0.0000 -19.2485,
		 -15.3211 0.0000 -20.0434,
		 -14.3807 0.0000 -20.2265,
		 -13.5864 0.0000 -19.6908,
		 -13.4036 0.0000 -18.7499,
		 -13.9392 0.0000 -17.9551
		]
	} #Coordinate3
	Material {
		ambientColor      0.0000 0.1000 0.0000  #ambientColor
		diffuseColor      0.0000 0.4000 0.0000  #diffuseColor
		transparency      0.0000                #transparency
	} #Material

	IndexedFaceSet {
		coordIndex [ 
		 0, 8, 1,-1,
		 1, 8, 0,-1,
		 0, 1, 2,-1,
		 2, 1, 0,-1,
		 0, 2, 3,-1,
		 3, 2, 0,-1,
		 0, 3, 4,-1,
		 4, 3, 0,-1,
		 0, 4, 5,-1,
		 5, 4, 0,-1,
		 0, 5, 6,-1,
		 6, 5, 0,-1,
		 0, 6, 7,-1,
		 7, 6, 0,-1,
		 0, 7, 8,-1,
		 8, 7, 0,-1,
		 8, 7, 6, 5, 4, 3, 2, 1,-1,
		 1, 2, 3, 4, 5, 6, 7, 8,-1,
		]
	} #IndexedFaceSet
} #Polyhedron
Separator { #Polyhedron
	DEF COORD73 Coordinate3 {
		point [
		 13.4115 10.9650 -17.2720,
		 13.2637 0.0000 -16.4516,
		 12.7272 0.0000 -16.7963,
		 12.5916 0.0000 -17.4197,
		 12.9362 0.0000 -17.9566,
		 13.5593 0.0000 -18.0924,
		 14.0958 0.0000 -17.7477,
		 14.2315 0.0000 -17.1243,
		 13.8868 0.0000 -16.5874
		]
	} #Coordinate3
	Material {
		ambientColor      0.0000 0.1000 0.0000  #ambientColor
		diffuseColor      0.0000 0.4000 0.0000  #diffuseColor
		transparency      0.0000                #transparency
	} #Material

	IndexedFaceSet {
		coordIndex [ 
		 0, 8, 1,-1,
		 1, 8, 0,-1,
		 0, 1, 2,-1,
		 2, 1, 0,-1,
		 0, 2, 3,-1,
		 3, 2, 0,-1,
		 0, 3, 4,-1,
		 4, 3, 0,-1,
		 0, 4, 5,-1,
		 5, 4, 0,-1,
		 0, 5, 6,-1,
		 6, 5, 0,-1,
		 0, 6, 7,-1,
		 7, 6, 0,-1,
		 0, 7, 8,-1,
		 8, 7, 0,-1,
		 8, 7, 6, 5, 4, 3, 2, 1,-1,
		 1, 2, 3, 4, 5, 6, 7, 8,-1,
		]
	} #IndexedFaceSet
} #Polyhedron
Separator { #Polyhedron
	DEF COORD74 Coordinate3 {
		point [
		 22.5555 10.9650 -8.2296,
		 22.4078 0.0000 -7.4091,
		 21.8712 0.0000 -7.7539,
		 21.7356 0.0000 -8.3773,
		 22.0802 0.0000 -8.9142,
		 22.7033 0.0000 -9.0500,
		 23.2398 0.0000 -8.7053,
		 23.3755 0.0000 -8.0819,
		 23.0308 0.0000 -7.5450
		]
	} #Coordinate3
	Material {
		ambientColor      0.0000 0.1000 0.0000  #ambientColor
		diffuseColor      0.0000 0.4000 0.0000  #diffuseColor
		transparency      0.0000                #transparency
	} #Material

	IndexedFaceSet {
		coordIndex [ 
		 0, 8, 1,-1,
		 1, 8, 0,-1,
		 0, 1, 2,-1,
		 2, 1, 0,-1,
		 0, 2, 3,-1,
		 3, 2, 0,-1,
		 0, 3, 4,-1,
		 4, 3, 0,-1,
		 0, 4, 5,-1,
		 5, 4, 0,-1,
		 0, 5, 6,-1,
		 6, 5, 0,-1,
		 0, 6, 7,-1,
		 7, 6, 0,-1,
		 0, 7, 8,-1,
		 8, 7, 0,-1,
		 8, 7, 6, 5, 4, 3, 2, 1,-1,
		 1, 2, 3, 4, 5, 6, 7, 8,-1,
		]
	} #IndexedFaceSet
} #Polyhedron
Separator { #Polyhedron
	DEF COORD75 Coordinate3 {
		point [
		 7.4168 3.2512 -21.1582,
		 7.6200 0.8128 -20.9550,
		 7.4168 0.8128 -20.8534,
		 7.2136 0.8128 -20.9550,
		 7.1120 0.8128 -21.1582,
		 7.2136 0.8128 -21.3614,
		 7.4168 0.8128 -21.4630,
		 7.6200 0.8128 -21.3614,
		 7.7216 0.8128 -21.1582
		]
	} #Coordinate3
	Material {
		ambientColor      0.0000 0.1000 0.0000  #ambientColor
		diffuseColor      0.0000 0.4000 0.0000  #diffuseColor
		transparency      0.0000                #transparency
	} #Material

	IndexedFaceSet {
		coordIndex [ 
		 0, 8, 1,-1,
		 1, 8, 0,-1,
		 0, 1, 2,-1,
		 2, 1, 0,-1,
		 0, 2, 3,-1,
		 3, 2, 0,-1,
		 0, 3, 4,-1,
		 4, 3, 0,-1,
		 0, 4, 5,-1,
		 5, 4, 0,-1,
		 0, 5, 6,-1,
		 6, 5, 0,-1,
		 0, 6, 7,-1,
		 7, 6, 0,-1,
		 0, 7, 8,-1,
		 8, 7, 0,-1,
		 8, 7, 6, 5, 4, 3, 2, 1,-1,
		 1, 2, 3, 4, 5, 6, 7, 8,-1,
		]
	} #IndexedFaceSet
} #Polyhedron
Separator { #Polyhedron
	DEF COORD76 Coordinate3 {
		point [
		 7.4172 0.8128 -20.7272,
		 7.1297 0.8128 -20.8706,
		 6.9858 0.8128 -21.1579,
		 7.1292 0.8128 -21.4454,
		 7.4164 0.8128 -21.5893,
		 7.7039 0.8128 -21.4459,
		 7.8479 0.8128 -21.1586,
		 7.7044 0.8128 -20.8711,
		 7.4168 -0.7112 -21.1582,
		 7.5534 0.0127 -21.0219,
		 7.4170 0.0127 -20.9535,
		 7.2804 0.0127 -21.0216,
		 7.2121 0.0127 -21.1581,
		 7.2802 0.0127 -21.2946,
		 7.4166 0.0127 -21.3630,
		 7.5532 0.0127 -21.2949,
		 7.6216 0.0127 -21.1584
		]
	} #Coordinate3
	Material {
		ambientColor      0.2500 0.1000 0.0000  #ambientColor
		diffuseColor      1.0000 0.4000 0.0000  #diffuseColor
		transparency      0.0000                #transparency
	} #Material

	IndexedFaceSet {
		coordIndex [ 
		 0, 1, 2, 3, 4, 5, 6, 7,-1,
		 7, 6, 5, 4, 3, 2, 1, 0,-1,
		 0, 7, 9, 10,-1,
		 10, 9, 7, 0,-1,
		 1, 0, 10, 11,-1,
		 11, 10, 0, 1,-1,
		 2, 1, 11, 12,-1,
		 12, 11, 1, 2,-1,
		 3, 2, 12, 13,-1,
		 13, 12, 2, 3,-1,
		 4, 3, 13, 14,-1,
		 14, 13, 3, 4,-1,
		 5, 4, 14, 15,-1,
		 15, 14, 4, 5,-1,
		 6, 5, 15, 16,-1,
		 16, 15, 5, 6,-1,
		 7, 6, 16, 9,-1,
		 9, 16, 6, 7,-1,
		 10, 9, 16, 15, 14, 13, 12, 11,-1,
		 11, 12, 13, 14, 15, 16, 9, 10,-1,
		]
	} #IndexedFaceSet
} #Polyhedron
Separator { #Polyhedron
	DEF COORD77 Coordinate3 {
		point [
		 4.1656 3.2512 -21.1836,
		 4.3688 0.8128 -20.9804,
		 4.1656 0.8128 -20.8788,
		 3.9624 0.8128 -20.9804,
		 3.8608 0.8128 -21.1836,
		 3.9624 0.8128 -21.3868,
		 4.1656 0.8128 -21.4884,
		 4.3688 0.8128 -21.3868,
		 4.4704 0.8128 -21.1836
		]
	} #Coordinate3
	Material {
		ambientColor      0.0000 0.1000 0.0000  #ambientColor
		diffuseColor      0.0000 0.4000 0.0000  #diffuseColor
		transparency      0.0000                #transparency
	} #Material

	IndexedFaceSet {
		coordIndex [ 
		 0, 8, 1,-1,
		 1, 8, 0,-1,
		 0, 1, 2,-1,
		 2, 1, 0,-1,
		 0, 2, 3,-1,
		 3, 2, 0,-1,
		 0, 3, 4,-1,
		 4, 3, 0,-1,
		 0, 4, 5,-1,
		 5, 4, 0,-1,
		 0, 5, 6,-1,
		 6, 5, 0,-1,
		 0, 6, 7,-1,
		 7, 6, 0,-1,
		 0, 7, 8,-1,
		 8, 7, 0,-1,
		 8, 7, 6, 5, 4, 3, 2, 1,-1,
		 1, 2, 3, 4, 5, 6, 7, 8,-1,
		]
	} #IndexedFaceSet
} #Polyhedron
Separator { #Polyhedron
	DEF COORD78 Coordinate3 {
		point [
		 4.1660 0.8128 -20.7526,
		 3.8785 0.8128 -20.8960,
		 3.7346 0.8128 -21.1833,
		 3.8780 0.8128 -21.4708,
		 4.1652 0.8128 -21.6147,
		 4.4527 0.8128 -21.4713,
		 4.5967 0.8128 -21.1840,
		 4.4532 0.8128 -20.8965,
		 4.1656 -0.7112 -21.1836,
		 4.3022 0.0127 -21.0473,
		 4.1658 0.0127 -20.9789,
		 4.0292 0.0127 -21.0470,
		 3.9609 0.0127 -21.1835,
		 4.0290 0.0127 -21.3200,
		 4.1654 0.0127 -21.3884,
		 4.3020 0.0127 -21.3203,
		 4.3704 0.0127 -21.1838
		]
	} #Coordinate3
	Material {
		ambientColor      0.2500 0.1000 0.0000  #ambientColor
		diffuseColor      1.0000 0.4000 0.0000  #diffuseColor
		transparency      0.0000                #transparency
	} #Material

	IndexedFaceSet {
		coordIndex [ 
		 0, 1, 2, 3, 4, 5, 6, 7,-1,
		 7, 6, 5, 4, 3, 2, 1, 0,-1,
		 0, 7, 9, 10,-1,
		 10, 9, 7, 0,-1,
		 1, 0, 10, 11,-1,
		 11, 10, 0, 1,-1,
		 2, 1, 11, 12,-1,
		 12, 11, 1, 2,-1,
		 3, 2, 12, 13,-1,
		 13, 12, 2, 3,-1,
		 4, 3, 13, 14,-1,
		 14, 13, 3, 4,-1,
		 5, 4, 14, 15,-1,
		 15, 14, 4, 5,-1,
		 6, 5, 15, 16,-1,
		 16, 15, 5, 6,-1,
		 7, 6, 16, 9,-1,
		 9, 16, 6, 7,-1,
		 10, 9, 16, 15, 14, 13, 12, 11,-1,
		 11, 12, 13, 14, 15, 16, 9, 10,-1,
		]
	} #IndexedFaceSet
} #Polyhedron
Separator { #Polyhedron
	DEF COORD79 Coordinate3 {
		point [
		 0.7620 3.2512 0.4826,
		 0.9652 0.8128 0.6858,
		 0.7620 0.8128 0.7874,
		 0.5588 0.8128 0.6858,
		 0.4572 0.8128 0.4826,
		 0.5588 0.8128 0.2794,
		 0.7620 0.8128 0.1778,
		 0.9652 0.8128 0.2794,
		 1.0668 0.8128 0.4826
		]
	} #Coordinate3
	Material {
		ambientColor      0.0000 0.1000 0.0000  #ambientColor
		diffuseColor      0.0000 0.4000 0.0000  #diffuseColor
		transparency      0.0000                #transparency
	} #Material

	IndexedFaceSet {
		coordIndex [ 
		 0, 8, 1,-1,
		 1, 8, 0,-1,
		 0, 1, 2,-1,
		 2, 1, 0,-1,
		 0, 2, 3,-1,
		 3, 2, 0,-1,
		 0, 3, 4,-1,
		 4, 3, 0,-1,
		 0, 4, 5,-1,
		 5, 4, 0,-1,
		 0, 5, 6,-1,
		 6, 5, 0,-1,
		 0, 6, 7,-1,
		 7, 6, 0,-1,
		 0, 7, 8,-1,
		 8, 7, 0,-1,
		 8, 7, 6, 5, 4, 3, 2, 1,-1,
		 1, 2, 3, 4, 5, 6, 7, 8,-1,
		]
	} #IndexedFaceSet
} #Polyhedron
Separator { #Polyhedron
	DEF COORD80 Coordinate3 {
		point [
		 0.7624 0.8128 0.9136,
		 0.4749 0.8128 0.7702,
		 0.3310 0.8128 0.4830,
		 0.4744 0.8128 0.1955,
		 0.7616 0.8128 0.0516,
		 1.0491 0.8128 0.1950,
		 1.1931 0.8128 0.4822,
		 1.0496 0.8128 0.7697,
		 0.7620 -0.7112 0.4826,
		 0.8986 0.0127 0.6190,
		 0.7622 0.0127 0.6873,
		 0.6256 0.0127 0.6192,
		 0.5573 0.0127 0.4828,
		 0.6254 0.0127 0.3462,
		 0.7618 0.0127 0.2779,
		 0.8984 0.0127 0.3460,
		 0.9667 0.0127 0.4824
		]
	} #Coordinate3
	Material {
		ambientColor      0.2500 0.1000 0.0000  #ambientColor
		diffuseColor      1.0000 0.4000 0.0000  #diffuseColor
		transparency      0.0000                #transparency
	} #Material

	IndexedFaceSet {
		coordIndex [ 
		 0, 1, 2, 3, 4, 5, 6, 7,-1,
		 7, 6, 5, 4, 3, 2, 1, 0,-1,
		 0, 7, 9, 10,-1,
		 10, 9, 7, 0,-1,
		 1, 0, 10, 11,-1,
		 11, 10, 0, 1,-1,
		 2, 1, 11, 12,-1,
		 12, 11, 1, 2,-1,
		 3, 2, 12, 13,-1,
		 13, 12, 2, 3,-1,
		 4, 3, 13, 14,-1,
		 14, 13, 3, 4,-1,
		 5, 4, 14, 15,-1,
		 15, 14, 4, 5,-1,
		 6, 5, 15, 16,-1,
		 16, 15, 5, 6,-1,
		 7, 6, 16, 9,-1,
		 9, 16, 6, 7,-1,
		 10, 9, 16, 15, 14, 13, 12, 11,-1,
		 11, 12, 13, 14, 15, 16, 9, 10,-1,
		]
	} #IndexedFaceSet
} #Polyhedron
Separator { #Polyhedron
	DEF COORD81 Coordinate3 {
		point [
		 -3.9370 3.2512 0.4826,
		 -3.7338 0.8128 0.6858,
		 -3.9370 0.8128 0.7874,
		 -4.1402 0.8128 0.6858,
		 -4.2418 0.8128 0.4826,
		 -4.1402 0.8128 0.2794,
		 -3.9370 0.8128 0.1778,
		 -3.7338 0.8128 0.2794,
		 -3.6322 0.8128 0.4826
		]
	} #Coordinate3
	Material {
		ambientColor      0.0000 0.1000 0.0000  #ambientColor
		diffuseColor      0.0000 0.4000 0.0000  #diffuseColor
		transparency      0.0000                #transparency
	} #Material

	IndexedFaceSet {
		coordIndex [ 
		 0, 8, 1,-1,
		 1, 8, 0,-1,
		 0, 1, 2,-1,
		 2, 1, 0,-1,
		 0, 2, 3,-1,
		 3, 2, 0,-1,
		 0, 3, 4,-1,
		 4, 3, 0,-1,
		 0, 4, 5,-1,
		 5, 4, 0,-1,
		 0, 5, 6,-1,
		 6, 5, 0,-1,
		 0, 6, 7,-1,
		 7, 6, 0,-1,
		 0, 7, 8,-1,
		 8, 7, 0,-1,
		 8, 7, 6, 5, 4, 3, 2, 1,-1,
		 1, 2, 3, 4, 5, 6, 7, 8,-1,
		]
	} #IndexedFaceSet
} #Polyhedron
Separator { #Polyhedron
	DEF COORD82 Coordinate3 {
		point [
		 -3.9366 0.8128 0.9136,
		 -4.2241 0.8128 0.7702,
		 -4.3681 0.8128 0.4830,
		 -4.2246 0.8128 0.1955,
		 -3.9374 0.8128 0.0516,
		 -3.6499 0.8128 0.1950,
		 -3.5060 0.8128 0.4822,
		 -3.6494 0.8128 0.7697,
		 -3.9370 -0.7112 0.4826,
		 -3.8004 0.0127 0.6190,
		 -3.9368 0.0127 0.6873,
		 -4.0734 0.0127 0.6192,
		 -4.1418 0.0127 0.4828,
		 -4.0736 0.0127 0.3462,
		 -3.9372 0.0127 0.2779,
		 -3.8006 0.0127 0.3460,
		 -3.7323 0.0127 0.4824
		]
	} #Coordinate3
	Material {
		ambientColor      0.2500 0.1000 0.0000  #ambientColor
		diffuseColor      1.0000 0.4000 0.0000  #diffuseColor
		transparency      0.0000                #transparency
	} #Material

	IndexedFaceSet {
		coordIndex [ 
		 0, 1, 2, 3, 4, 5, 6, 7,-1,
		 7, 6, 5, 4, 3, 2, 1, 0,-1,
		 0, 7, 9, 10,-1,
		 10, 9, 7, 0,-1,
		 1, 0, 10, 11,-1,
		 11, 10, 0, 1,-1,
		 2, 1, 11, 12,-1,
		 12, 11, 1, 2,-1,
		 3, 2, 12, 13,-1,
		 13, 12, 2, 3,-1,
		 4, 3, 13, 14,-1,
		 14, 13, 3, 4,-1,
		 5, 4, 14, 15,-1,
		 15, 14, 4, 5,-1,
		 6, 5, 15, 16,-1,
		 16, 15, 5, 6,-1,
		 7, 6, 16, 9,-1,
		 9, 16, 6, 7,-1,
		 10, 9, 16, 15, 14, 13, 12, 11,-1,
		 11, 12, 13, 14, 15, 16, 9, 10,-1,
		]
	} #IndexedFaceSet
} #Polyhedron
Separator { #Polyhedron
	DEF COORD83 Coordinate3 {
		point [
		 -14.8082 3.2512 1.7526,
		 -14.6050 0.8128 1.9558,
		 -14.8082 0.8128 2.0574,
		 -15.0114 0.8128 1.9558,
		 -15.1130 0.8128 1.7526,
		 -15.0114 0.8128 1.5494,
		 -14.8082 0.8128 1.4478,
		 -14.6050 0.8128 1.5494,
		 -14.5034 0.8128 1.7526
		]
	} #Coordinate3
	Material {
		ambientColor      0.0000 0.1000 0.0000  #ambientColor
		diffuseColor      0.0000 0.4000 0.0000  #diffuseColor
		transparency      0.0000                #transparency
	} #Material

	IndexedFaceSet {
		coordIndex [ 
		 0, 8, 1,-1,
		 1, 8, 0,-1,
		 0, 1, 2,-1,
		 2, 1, 0,-1,
		 0, 2, 3,-1,
		 3, 2, 0,-1,
		 0, 3, 4,-1,
		 4, 3, 0,-1,
		 0, 4, 5,-1,
		 5, 4, 0,-1,
		 0, 5, 6,-1,
		 6, 5, 0,-1,
		 0, 6, 7,-1,
		 7, 6, 0,-1,
		 0, 7, 8,-1,
		 8, 7, 0,-1,
		 8, 7, 6, 5, 4, 3, 2, 1,-1,
		 1, 2, 3, 4, 5, 6, 7, 8,-1,
		]
	} #IndexedFaceSet
} #Polyhedron
Separator { #Polyhedron
	DEF COORD84 Coordinate3 {
		point [
		 -14.8079 0.8128 2.1837,
		 -15.0953 0.8128 2.0402,
		 -15.2393 0.8128 1.7530,
		 -15.0958 0.8128 1.4655,
		 -14.8086 0.8128 1.3216,
		 -14.5211 0.8128 1.4650,
		 -14.3772 0.8128 1.7522,
		 -14.5206 0.8128 2.0397,
		 -14.8082 -0.7112 1.7526,
		 -14.6716 0.0127 1.8890,
		 -14.8081 0.0127 1.9574,
		 -14.9446 0.0127 1.8892,
		 -15.0130 0.0127 1.7528,
		 -14.9448 0.0127 1.6162,
		 -14.8084 0.0127 1.5479,
		 -14.6719 0.0127 1.6160,
		 -14.6035 0.0127 1.7524
		]
	} #Coordinate3
	Material {
		ambientColor      0.2500 0.1000 0.0000  #ambientColor
		diffuseColor      1.0000 0.4000 0.0000  #diffuseColor
		transparency      0.0000                #transparency
	} #Material

	IndexedFaceSet {
		coordIndex [ 
		 0, 1, 2, 3, 4, 5, 6, 7,-1,
		 7, 6, 5, 4, 3, 2, 1, 0,-1,
		 0, 7, 9, 10,-1,
		 10, 9, 7, 0,-1,
		 1, 0, 10, 11,-1,
		 11, 10, 0, 1,-1,
		 2, 1, 11, 12,-1,
		 12, 11, 1, 2,-1,
		 3, 2, 12, 13,-1,
		 13, 12, 2, 3,-1,
		 4, 3, 13, 14,-1,
		 14, 13, 3, 4,-1,
		 5, 4, 14, 15,-1,
		 15, 14, 4, 5,-1,
		 6, 5, 15, 16,-1,
		 16, 15, 5, 6,-1,
		 7, 6, 16, 9,-1,
		 9, 16, 6, 7,-1,
		 10, 9, 16, 15, 14, 13, 12, 11,-1,
		 11, 12, 13, 14, 15, 16, 9, 10,-1,
		]
	} #IndexedFaceSet
} #Polyhedron
Separator { #Polyhedron
	DEF COORD85 Coordinate3 {
		point [
		 10.8458 3.2512 1.7018,
		 11.0490 0.8128 1.9050,
		 10.8458 0.8128 2.0066,
		 10.6426 0.8128 1.9050,
		 10.5410 0.8128 1.7018,
		 10.6426 0.8128 1.4986,
		 10.8458 0.8128 1.3970,
		 11.0490 0.8128 1.4986,
		 11.1506 0.8128 1.7018
		]
	} #Coordinate3
	Material {
		ambientColor      0.0000 0.1000 0.0000  #ambientColor
		diffuseColor      0.0000 0.4000 0.0000  #diffuseColor
		transparency      0.0000                #transparency
	} #Material

	IndexedFaceSet {
		coordIndex [ 
		 0, 8, 1,-1,
		 1, 8, 0,-1,
		 0, 1, 2,-1,
		 2, 1, 0,-1,
		 0, 2, 3,-1,
		 3, 2, 0,-1,
		 0, 3, 4,-1,
		 4, 3, 0,-1,
		 0, 4, 5,-1,
		 5, 4, 0,-1,
		 0, 5, 6,-1,
		 6, 5, 0,-1,
		 0, 6, 7,-1,
		 7, 6, 0,-1,
		 0, 7, 8,-1,
		 8, 7, 0,-1,
		 8, 7, 6, 5, 4, 3, 2, 1,-1,
		 1, 2, 3, 4, 5, 6, 7, 8,-1,
		]
	} #IndexedFaceSet
} #Polyhedron
Separator { #Polyhedron
	DEF COORD86 Coordinate3 {
		point [
		 10.8462 0.8128 2.1329,
		 10.5587 0.8128 1.9894,
		 10.4148 0.8128 1.7022,
		 10.5582 0.8128 1.4147,
		 10.8454 0.8128 1.2708,
		 11.1329 0.8128 1.4142,
		 11.2769 0.8128 1.7014,
		 11.1334 0.8128 1.9889,
		 10.8458 -0.7112 1.7018,
		 10.9824 0.0127 1.8382,
		 10.8460 0.0127 1.9066,
		 10.7094 0.0127 1.8384,
		 10.6411 0.0127 1.7020,
		 10.7092 0.0127 1.5654,
		 10.8456 0.0127 1.4971,
		 10.9822 0.0127 1.5652,
		 11.0506 0.0127 1.7016
		]
	} #Coordinate3
	Material {
		ambientColor      0.2500 0.1000 0.0000  #ambientColor
		diffuseColor      1.0000 0.4000 0.0000  #diffuseColor
		transparency      0.0000                #transparency
	} #Material

	IndexedFaceSet {
		coordIndex [ 
		 0, 1, 2, 3, 4, 5, 6, 7,-1,
		 7, 6, 5, 4, 3, 2, 1, 0,-1,
		 0, 7, 9, 10,-1,
		 10, 9, 7, 0,-1,
		 1, 0, 10, 11,-1,
		 11, 10, 0, 1,-1,
		 2, 1, 11, 12,-1,
		 12, 11, 1, 2,-1,
		 3, 2, 12, 13,-1,
		 13, 12, 2, 3,-1,
		 4, 3, 13, 14,-1,
		 14, 13, 3, 4,-1,
		 5, 4, 14, 15,-1,
		 15, 14, 4, 5,-1,
		 6, 5, 15, 16,-1,
		 16, 15, 5, 6,-1,
		 7, 6, 16, 9,-1,
		 9, 16, 6, 7,-1,
		 10, 9, 16, 15, 14, 13, 12, 11,-1,
		 11, 12, 13, 14, 15, 16, 9, 10,-1,
		]
	} #IndexedFaceSet
} #Polyhedron
Separator { #Polyhedron
	DEF COORD87 Coordinate3 {
		point [
		 0.5591 14.3686 61.7730,
		 0.3096 0.0000 63.0003,
		 -0.4847 0.0000 62.4645,
		 -0.6675 0.0000 61.5236,
		 -0.1319 0.0000 60.7288,
		 0.8085 0.0000 60.5456,
		 1.6028 0.0000 61.0814,
		 1.7857 0.0000 62.0223,
		 1.2500 0.0000 62.8171
		]
	} #Coordinate3
	Material {
		ambientColor      0.0000 0.1000 0.0000  #ambientColor
		diffuseColor      0.0000 0.4000 0.0000  #diffuseColor
		transparency      0.0000                #transparency
	} #Material

	IndexedFaceSet {
		coordIndex [ 
		 0, 8, 1,-1,
		 1, 8, 0,-1,
		 0, 1, 2,-1,
		 2, 1, 0,-1,
		 0, 2, 3,-1,
		 3, 2, 0,-1,
		 0, 3, 4,-1,
		 4, 3, 0,-1,
		 0, 4, 5,-1,
		 5, 4, 0,-1,
		 0, 5, 6,-1,
		 6, 5, 0,-1,
		 0, 6, 7,-1,
		 7, 6, 0,-1,
		 0, 7, 8,-1,
		 8, 7, 0,-1,
		 8, 7, 6, 5, 4, 3, 2, 1,-1,
		 1, 2, 3, 4, 5, 6, 7, 8,-1,
		]
	} #IndexedFaceSet
} #Polyhedron
Separator { #Polyhedron
	DEF COORD88 Coordinate3 {
		point [
		 -2.9969 10.9650 62.9922,
		 -3.2464 0.0000 64.2195,
		 -4.0407 0.0000 63.6837,
		 -4.2235 0.0000 62.7428,
		 -3.6879 0.0000 61.9480,
		 -2.7475 0.0000 61.7648,
		 -1.9532 0.0000 62.3006,
		 -1.7703 0.0000 63.2415,
		 -2.3060 0.0000 64.0363
		]
	} #Coordinate3
	Material {
		ambientColor      0.0000 0.1000 0.0000  #ambientColor
		diffuseColor      0.0000 0.4000 0.0000  #diffuseColor
		transparency      0.0000                #transparency
	} #Material

	IndexedFaceSet {
		coordIndex [ 
		 0, 8, 1,-1,
		 1, 8, 0,-1,
		 0, 1, 2,-1,
		 2, 1, 0,-1,
		 0, 2, 3,-1,
		 3, 2, 0,-1,
		 0, 3, 4,-1,
		 4, 3, 0,-1,
		 0, 4, 5,-1,
		 5, 4, 0,-1,
		 0, 5, 6,-1,
		 6, 5, 0,-1,
		 0, 6, 7,-1,
		 7, 6, 0,-1,
		 0, 7, 8,-1,
		 8, 7, 0,-1,
		 8, 7, 6, 5, 4, 3, 2, 1,-1,
		 1, 2, 3, 4, 5, 6, 7, 8,-1,
		]
	} #IndexedFaceSet
} #Polyhedron
Separator { #Polyhedron
	DEF COORD89 Coordinate3 {
		point [
		 16.5103 14.3686 61.0618,
		 16.2608 0.0000 62.2891,
		 15.4666 0.0000 61.7533,
		 15.2837 0.0000 60.8124,
		 15.8194 0.0000 60.0176,
		 16.7598 0.0000 59.8344,
		 17.5540 0.0000 60.3702,
		 17.7369 0.0000 61.3111,
		 17.2012 0.0000 62.1059
		]
	} #Coordinate3
	Material {
		ambientColor      0.0000 0.1000 0.0000  #ambientColor
		diffuseColor      0.0000 0.4000 0.0000  #diffuseColor
		transparency      0.0000                #transparency
	} #Material

	IndexedFaceSet {
		coordIndex [ 
		 0, 8, 1,-1,
		 1, 8, 0,-1,
		 0, 1, 2,-1,
		 2, 1, 0,-1,
		 0, 2, 3,-1,
		 3, 2, 0,-1,
		 0, 3, 4,-1,
		 4, 3, 0,-1,
		 0, 4, 5,-1,
		 5, 4, 0,-1,
		 0, 5, 6,-1,
		 6, 5, 0,-1,
		 0, 6, 7,-1,
		 7, 6, 0,-1,
		 0, 7, 8,-1,
		 8, 7, 0,-1,
		 8, 7, 6, 5, 4, 3, 2, 1,-1,
		 1, 2, 3, 4, 5, 6, 7, 8,-1,
		]
	} #IndexedFaceSet
} #Polyhedron
Separator { #Polyhedron
	DEF COORD90 Coordinate3 {
		point [
		 5.6899 10.9650 62.0778,
		 5.4404 0.0000 63.3051,
		 4.6462 0.0000 62.7693,
		 4.4633 0.0000 61.8284,
		 4.9990 0.0000 61.0336,
		 5.9394 0.0000 60.8504,
		 6.7336 0.0000 61.3862,
		 6.9165 0.0000 62.3271,
		 6.3808 0.0000 63.1219
		]
	} #Coordinate3
	Material {
		ambientColor      0.0000 0.1000 0.0000  #ambientColor
		diffuseColor      0.0000 0.4000 0.0000  #diffuseColor
		transparency      0.0000                #transparency
	} #Material

	IndexedFaceSet {
		coordIndex [ 
		 0, 8, 1,-1,
		 1, 8, 0,-1,
		 0, 1, 2,-1,
		 2, 1, 0,-1,
		 0, 2, 3,-1,
		 3, 2, 0,-1,
		 0, 3, 4,-1,
		 4, 3, 0,-1,
		 0, 4, 5,-1,
		 5, 4, 0,-1,
		 0, 5, 6,-1,
		 6, 5, 0,-1,
		 0, 6, 7,-1,
		 7, 6, 0,-1,
		 0, 7, 8,-1,
		 8, 7, 0,-1,
		 8, 7, 6, 5, 4, 3, 2, 1,-1,
		 1, 2, 3, 4, 5, 6, 7, 8,-1,
		]
	} #IndexedFaceSet
} #Polyhedron
Separator { #Polyhedron
	DEF COORD91 Coordinate3 {
		point [
		 18.7455 14.3686 67.3102,
		 18.4961 0.0000 68.5375,
		 17.7018 0.0000 68.0017,
		 17.5189 0.0000 67.0609,
		 18.0546 0.0000 66.2660,
		 18.9950 0.0000 66.0828,
		 19.7892 0.0000 66.6186,
		 19.9721 0.0000 67.5595,
		 19.4365 0.0000 68.3543
		]
	} #Coordinate3
	Material {
		ambientColor      0.0000 0.1000 0.0000  #ambientColor
		diffuseColor      0.0000 0.4000 0.0000  #diffuseColor
		transparency      0.0000                #transparency
	} #Material

	IndexedFaceSet {
		coordIndex [ 
		 0, 8, 1,-1,
		 1, 8, 0,-1,
		 0, 1, 2,-1,
		 2, 1, 0,-1,
		 0, 2, 3,-1,
		 3, 2, 0,-1,
		 0, 3, 4,-1,
		 4, 3, 0,-1,
		 0, 4, 5,-1,
		 5, 4, 0,-1,
		 0, 5, 6,-1,
		 6, 5, 0,-1,
		 0, 6, 7,-1,
		 7, 6, 0,-1,
		 0, 7, 8,-1,
		 8, 7, 0,-1,
		 8, 7, 6, 5, 4, 3, 2, 1,-1,
		 1, 2, 3, 4, 5, 6, 7, 8,-1,
		]
	} #IndexedFaceSet
} #Polyhedron
Separator { #Polyhedron
	DEF COORD92 Coordinate3 {
		point [
		 -19.6086 14.3686 14.3765,
		 -19.8580 0.0000 15.6038,
		 -20.6523 0.0000 15.0680,
		 -20.8352 0.0000 14.1271,
		 -20.2995 0.0000 13.3323,
		 -19.3591 0.0000 13.1491,
		 -18.5648 0.0000 13.6849,
		 -18.3820 0.0000 14.6258,
		 -18.9176 0.0000 15.4206
		]
	} #Coordinate3
	Material {
		ambientColor      0.0000 0.1000 0.0000  #ambientColor
		diffuseColor      0.0000 0.4000 0.0000  #diffuseColor
		transparency      0.0000                #transparency
	} #Material

	IndexedFaceSet {
		coordIndex [ 
		 0, 8, 1,-1,
		 1, 8, 0,-1,
		 0, 1, 2,-1,
		 2, 1, 0,-1,
		 0, 2, 3,-1,
		 3, 2, 0,-1,
		 0, 3, 4,-1,
		 4, 3, 0,-1,
		 0, 4, 5,-1,
		 5, 4, 0,-1,
		 0, 5, 6,-1,
		 6, 5, 0,-1,
		 0, 6, 7,-1,
		 7, 6, 0,-1,
		 0, 7, 8,-1,
		 8, 7, 0,-1,
		 8, 7, 6, 5, 4, 3, 2, 1,-1,
		 1, 2, 3, 4, 5, 6, 7, 8,-1,
		]
	} #IndexedFaceSet
} #Polyhedron
Separator { #Polyhedron
	DEF COORD93 Coordinate3 {
		point [
		 -17.3734 14.3686 20.6249,
		 -17.6228 0.0000 21.8522,
		 -18.4171 0.0000 21.3164,
		 -18.5999 0.0000 20.3756,
		 -18.0643 0.0000 19.5807,
		 -17.1239 0.0000 19.3975,
		 -16.3296 0.0000 19.9333,
		 -16.1468 0.0000 20.8742,
		 -16.6824 0.0000 21.6690
		]
	} #Coordinate3
	Material {
		ambientColor      0.0000 0.1000 0.0000  #ambientColor
		diffuseColor      0.0000 0.4000 0.0000  #diffuseColor
		transparency      0.0000                #transparency
	} #Material

	IndexedFaceSet {
		coordIndex [ 
		 0, 8, 1,-1,
		 1, 8, 0,-1,
		 0, 1, 2,-1,
		 2, 1, 0,-1,
		 0, 2, 3,-1,
		 3, 2, 0,-1,
		 0, 3, 4,-1,
		 4, 3, 0,-1,
		 0, 4, 5,-1,
		 5, 4, 0,-1,
		 0, 5, 6,-1,
		 6, 5, 0,-1,
		 0, 6, 7,-1,
		 7, 6, 0,-1,
		 0, 7, 8,-1,
		 8, 7, 0,-1,
		 8, 7, 6, 5, 4, 3, 2, 1,-1,
		 1, 2, 3, 4, 5, 6, 7, 8,-1,
		]
	} #IndexedFaceSet
} #Polyhedron
Separator { #Polyhedron
	DEF COORD94 Coordinate3 {
		point [
		 11.7349 3.6576 -2.5654,
		 11.7349 3.6576 -12.7254,
		 20.8789 3.6576 -12.7254,
		 20.8789 3.6576 -2.5654,
		 11.7349 0.0000 -2.5654,
		 11.7349 0.0000 -12.7254,
		 20.8789 0.0000 -12.7254,
		 20.8789 0.0000 -2.5654,
		 11.7349 2.8879 -2.5654,
		 20.8789 2.8879 -2.5654,
		 11.7349 1.3717 -2.5654,
		 14.7282 2.8879 -2.5654,
		 14.7282 1.3717 -2.5654,
		 20.8789 1.3717 -2.5654,
		 11.7349 1.3717 -2.5654,
		 20.8789 2.8879 -2.5654,
		 20.8789 1.3717 -2.5654,
		 16.0656 1.3717 -2.5654,
		 16.0656 2.8879 -2.5654,
		 14.7282 2.7941 -2.5654,
		 16.0656 2.7941 -2.5654,
		 14.7282 2.1845 -2.5654,
		 14.8181 2.7941 -2.5654,
		 14.8181 2.1845 -2.5654,
		 14.7282 2.1337 -2.5654,
		 14.7282 2.1845 -2.5654,
		 16.0656 2.1845 -2.5654,
		 16.0656 2.1337 -2.5654,
		 14.7282 1.4606 -2.5654,
		 14.8181 2.1337 -2.5654,
		 14.8181 1.4606 -2.5654,
		 16.0656 1.4606 -2.5654,
		 14.7282 1.4606 -2.5654,
		 16.0656 2.1337 -2.5654,
		 16.0656 1.4606 -2.5654,
		 15.9875 1.4606 -2.5654,
		 15.9875 2.1337 -2.5654,
		 15.0731 2.1845 -2.5654,
		 15.0731 2.7941 -2.5654,
		 15.1229 2.7941 -2.5654,
		 15.1229 2.1845 -2.5654,
		 15.3779 2.1845 -2.5654,
		 15.3779 2.7941 -2.5654,
		 15.4277 2.7941 -2.5654,
		 15.4277 2.1845 -2.5654,
		 15.6827 2.1845 -2.5654,
		 15.6827 2.7941 -2.5654,
		 15.7325 2.7941 -2.5654,
		 15.7325 2.1845 -2.5654,
		 16.0656 2.7941 -2.5654,
		 16.0656 2.1845 -2.5654,
		 15.9875 2.1845 -2.5654,
		 15.9875 2.7941 -2.5654,
		 20.8789 2.8879 -2.5654,
		 11.7349 2.8879 -2.5654,
		 11.7349 1.3717 -2.5654,
		 11.7349 1.3717 -2.5654,
		 20.8789 1.3717 -2.5654,
		 20.8789 1.3717 -2.5654,
		 20.8789 2.8879 -2.5654,
		 16.0656 2.7941 -2.5654,
		 14.7282 2.7941 -2.5654,
		 14.7282 2.1845 -2.5654,
		 16.0656 2.1337 -2.5654,
		 16.0656 2.1845 -2.5654,
		 14.7282 2.1845 -2.5654,
		 14.7282 2.1337 -2.5654,
		 14.7282 1.4606 -2.5654,
		 14.7282 1.4606 -2.5654,
		 16.0656 1.4606 -2.5654,
		 16.0656 1.4606 -2.5654,
		 16.0656 2.1337 -2.5654,
		 16.0656 2.1845 -2.5654,
		 16.0656 2.7941 -2.5654,
		 11.7349 1.3210 -12.7254,
		 20.8789 1.3210 -12.7254,
		 19.4604 2.8371 -12.7254,
		 19.4604 1.3210 -12.7254,
		 20.8789 2.8371 -12.7254,
		 20.8789 2.8371 -12.7254,
		 11.7349 2.8371 -12.7254,
		 17.2253 2.8371 -12.7254,
		 17.2253 1.3210 -12.7254,
		 18.1231 1.3210 -12.7254,
		 18.1231 2.8371 -12.7254,
		 11.7349 2.8371 -12.7254,
		 11.7349 2.8371 -12.7254,
		 15.8879 1.3210 -12.7254,
		 15.8879 2.8371 -12.7254,
		 11.7349 1.3210 -12.7254,
		 18.1231 1.4099 -12.7254,
		 19.4604 1.4099 -12.7254,
		 19.3706 2.0830 -12.7254,
		 19.3706 1.4099 -12.7254,
		 19.4604 2.0830 -12.7254,
		 19.4604 2.0830 -12.7254,
		 19.4604 2.1338 -12.7254,
		 18.1231 2.1338 -12.7254,
		 18.1231 2.0830 -12.7254,
		 18.2012 1.4099 -12.7254,
		 18.2012 2.0830 -12.7254,
		 18.1231 2.0830 -12.7254,
		 18.1231 1.4099 -12.7254,
		 19.3706 2.7433 -12.7254,
		 19.3706 2.1338 -12.7254,
		 19.4604 2.7433 -12.7254,
		 19.4604 2.7433 -12.7254,
		 18.1231 2.7433 -12.7254,
		 19.0658 2.7433 -12.7254,
		 19.0658 2.1338 -12.7254,
		 19.1156 2.1338 -12.7254,
		 19.1156 2.7433 -12.7254,
		 18.7610 2.7433 -12.7254,
		 18.7610 2.1338 -12.7254,
		 18.8108 2.1338 -12.7254,
		 18.8108 2.7433 -12.7254,
		 18.4562 2.7433 -12.7254,
		 18.4562 2.1338 -12.7254,
		 18.5060 2.1338 -12.7254,
		 18.5060 2.7433 -12.7254,
		 18.2012 2.1338 -12.7254,
		 18.2012 2.7433 -12.7254,
		 18.1231 2.7433 -12.7254,
		 18.1231 2.1338 -12.7254,
		 15.8879 1.4099 -12.7254,
		 15.8879 1.3210 -12.7254,
		 17.2253 1.3210 -12.7254,
		 17.2253 1.4099 -12.7254,
		 17.1354 2.0830 -12.7254,
		 17.1354 1.4099 -12.7254,
		 17.2253 2.0830 -12.7254,
		 17.2253 2.0830 -12.7254,
		 17.2253 2.1338 -12.7254,
		 15.8879 2.1338 -12.7254,
		 15.8879 2.0830 -12.7254,
		 15.9660 1.4099 -12.7254,
		 15.9660 2.0830 -12.7254,
		 15.8879 2.0830 -12.7254,
		 15.8879 1.4099 -12.7254,
		 17.1354 2.7433 -12.7254,
		 17.1354 2.1338 -12.7254,
		 17.2253 2.7433 -12.7254,
		 17.2253 2.7433 -12.7254,
		 15.8879 2.7433 -12.7254,
		 16.8306 2.7433 -12.7254,
		 16.8306 2.1338 -12.7254,
		 16.8804 2.1338 -12.7254,
		 16.8804 2.7433 -12.7254,
		 16.5258 2.7433 -12.7254,
		 16.5258 2.1338 -12.7254,
		 16.5756 2.1338 -12.7254,
		 16.5756 2.7433 -12.7254,
		 16.2210 2.7433 -12.7254,
		 16.2210 2.1338 -12.7254,
		 16.2708 2.1338 -12.7254,
		 16.2708 2.7433 -12.7254,
		 15.9660 2.1338 -12.7254,
		 15.9660 2.7433 -12.7254,
		 15.8879 2.7433 -12.7254,
		 15.8879 2.1338 -12.7254,
		 20.8789 1.3210 -12.7254,
		 11.7349 1.3210 -12.7254,
		 20.8789 2.8371 -12.7254,
		 11.7349 2.8371 -12.7254,
		 20.8789 2.8371 -12.7254,
		 17.2253 1.3210 -12.7254,
		 11.7349 2.8371 -12.7254,
		 11.7349 2.8371 -12.7254,
		 11.7349 1.3210 -12.7254,
		 15.8879 1.3210 -12.7254,
		 19.4604 1.4099 -12.7254,
		 18.1231 1.4099 -12.7254,
		 19.4604 2.0830 -12.7254,
		 18.1231 2.0830 -12.7254,
		 18.1231 2.1338 -12.7254,
		 19.4604 2.1338 -12.7254,
		 19.4604 2.0830 -12.7254,
		 18.1231 1.4099 -12.7254,
		 18.1231 2.0830 -12.7254,
		 19.4604 2.7433 -12.7254,
		 18.1231 2.7433 -12.7254,
		 19.4604 2.7433 -12.7254,
		 18.1231 2.1338 -12.7254,
		 18.1231 2.7433 -12.7254,
		 17.2253 1.4099 -12.7254,
		 15.8879 1.4099 -12.7254,
		 17.2253 2.0830 -12.7254,
		 15.8879 2.0830 -12.7254,
		 15.8879 2.1338 -12.7254,
		 17.2253 2.1338 -12.7254,
		 17.2253 2.0830 -12.7254,
		 15.8879 1.4099 -12.7254,
		 15.8879 2.0830 -12.7254,
		 17.2253 2.7433 -12.7254,
		 15.8879 2.7433 -12.7254,
		 17.2253 2.7433 -12.7254,
		 15.8879 2.1338 -12.7254,
		 15.8879 2.7433 -12.7254,
		 20.8789 1.2702 -12.7254,
		 20.8789 1.2702 -2.5654,
		 20.8789 2.7863 -5.5587,
		 20.8789 1.2702 -5.5587,
		 20.8789 2.7863 -2.5654,
		 20.8789 2.7863 -2.5654,
		 20.8789 2.7863 -12.7254,
		 20.8789 2.7863 -7.1715,
		 20.8789 1.2702 -7.1715,
		 20.8789 1.2702 -6.8960,
		 20.8789 2.7863 -6.8960,
		 20.8789 2.7863 -8.8225,
		 20.8789 1.2702 -8.8225,
		 20.8789 1.2702 -8.5089,
		 20.8789 2.7863 -8.5089,
		 20.8789 1.2702 -10.1599,
		 20.8789 2.7863 -10.1599,
		 20.8789 2.7863 -12.7254,
		 20.8789 1.2702 -12.7254,
		 20.8789 1.3591 -6.8960,
		 20.8789 1.3591 -5.5587,
		 20.8789 2.0322 -5.6485,
		 20.8789 1.3591 -5.6485,
		 20.8789 2.0322 -5.5587,
		 20.8789 2.0322 -5.5587,
		 20.8789 2.0830 -5.5587,
		 20.8789 2.0830 -6.8960,
		 20.8789 2.0322 -6.8960,
		 20.8789 1.3591 -6.8179,
		 20.8789 2.0322 -6.8179,
		 20.8789 2.0322 -6.8960,
		 20.8789 1.3591 -6.8960,
		 20.8789 2.6925 -5.6485,
		 20.8789 2.0830 -5.6485,
		 20.8789 2.6925 -5.5587,
		 20.8789 2.6925 -5.5587,
		 20.8789 2.6925 -6.8960,
		 20.8789 2.6925 -5.9533,
		 20.8789 2.0830 -5.9533,
		 20.8789 2.0830 -5.9035,
		 20.8789 2.6925 -5.9035,
		 20.8789 2.6925 -6.2581,
		 20.8789 2.0830 -6.2581,
		 20.8789 2.0830 -6.2083,
		 20.8789 2.6925 -6.2083,
		 20.8789 2.6925 -6.5629,
		 20.8789 2.0830 -6.5629,
		 20.8789 2.0830 -6.5131,
		 20.8789 2.6925 -6.5131,
		 20.8789 2.0830 -6.8179,
		 20.8789 2.6925 -6.8179,
		 20.8789 2.6925 -6.8960,
		 20.8789 2.0830 -6.8960,
		 20.8789 1.3591 -8.5089,
		 20.8789 1.3591 -7.1715,
		 20.8789 2.0322 -7.2614,
		 20.8789 1.3591 -7.2614,
		 20.8789 2.0322 -7.1715,
		 20.8789 2.0322 -7.1715,
		 20.8789 2.0830 -7.1715,
		 20.8789 2.0830 -8.5089,
		 20.8789 2.0322 -8.5089,
		 20.8789 1.3591 -8.4308,
		 20.8789 2.0322 -8.4308,
		 20.8789 2.0322 -8.5089,
		 20.8789 1.3591 -8.5089,
		 20.8789 2.6925 -7.2614,
		 20.8789 2.0830 -7.2614,
		 20.8789 2.6925 -7.1715,
		 20.8789 2.6925 -7.1715,
		 20.8789 2.6925 -8.5089,
		 20.8789 2.6925 -7.5662,
		 20.8789 2.0830 -7.5662,
		 20.8789 2.0830 -7.5164,
		 20.8789 2.6925 -7.5164,
		 20.8789 2.6925 -7.8710,
		 20.8789 2.0830 -7.8710,
		 20.8789 2.0830 -7.8212,
		 20.8789 2.6925 -7.8212,
		 20.8789 2.6925 -8.1758,
		 20.8789 2.0830 -8.1758,
		 20.8789 2.0830 -8.1260,
		 20.8789 2.6925 -8.1260,
		 20.8789 2.0830 -8.4308,
		 20.8789 2.6925 -8.4308,
		 20.8789 2.6925 -8.5089,
		 20.8789 2.0830 -8.5089,
		 20.8789 1.3591 -10.1599,
		 20.8789 1.3591 -8.8225,
		 20.8789 2.0322 -8.9124,
		 20.8789 1.3591 -8.9124,
		 20.8789 2.0322 -8.8225,
		 20.8789 2.0322 -8.8225,
		 20.8789 2.0830 -8.8225,
		 20.8789 2.0830 -10.1599,
		 20.8789 2.0322 -10.1599,
		 20.8789 1.3591 -10.0817,
		 20.8789 2.0322 -10.0817,
		 20.8789 2.0322 -10.1599,
		 20.8789 1.3591 -10.1599,
		 20.8789 2.6925 -8.9124,
		 20.8789 2.0830 -8.9124,
		 20.8789 2.6925 -8.8225,
		 20.8789 2.6925 -8.8225,
		 20.8789 2.7863 -8.8225,
		 20.8789 2.7863 -10.1599,
		 20.8789 2.6925 -10.1599,
		 20.8789 2.6925 -9.2172,
		 20.8789 2.0830 -9.2172,
		 20.8789 2.0830 -9.1674,
		 20.8789 2.6925 -9.1674,
		 20.8789 2.6925 -9.5220,
		 20.8789 2.0830 -9.5220,
		 20.8789 2.0830 -9.4722,
		 20.8789 2.6925 -9.4722,
		 20.8789 2.6925 -9.8268,
		 20.8789 2.0830 -9.8268,
		 20.8789 2.0830 -9.7769,
		 20.8789 2.6925 -9.7769,
		 20.8789 2.0830 -10.0817,
		 20.8789 2.6925 -10.0817,
		 20.8789 2.6925 -10.1599,
		 20.8789 2.0830 -10.1599,
		 20.8789 1.2702 -2.5654,
		 20.8789 1.2702 -12.7254,
		 20.8789 2.7863 -2.5654,
		 20.8789 2.7863 -12.7254,
		 20.8789 2.7863 -2.5654,
		 20.8789 2.7863 -8.8225,
		 20.8789 1.2702 -12.7254,
		 20.8789 2.7863 -12.7254,
		 20.8789 2.7863 -10.1599,
		 20.8789 1.3591 -5.5587,
		 20.8789 1.3591 -6.8960,
		 20.8789 2.0322 -5.5587,
		 20.8789 2.0322 -6.8960,
		 20.8789 2.0830 -6.8960,
		 20.8789 2.0830 -5.5587,
		 20.8789 2.0322 -5.5587,
		 20.8789 1.3591 -6.8960,
		 20.8789 2.0322 -6.8960,
		 20.8789 2.6925 -5.5587,
		 20.8789 2.6925 -6.8960,
		 20.8789 2.6925 -5.5587,
		 20.8789 2.0830 -6.8960,
		 20.8789 2.6925 -6.8960,
		 20.8789 1.3591 -7.1715,
		 20.8789 1.3591 -8.5089,
		 20.8789 2.0322 -7.1715,
		 20.8789 2.0322 -8.5089,
		 20.8789 2.0830 -8.5089,
		 20.8789 2.0830 -7.1715,
		 20.8789 2.0322 -7.1715,
		 20.8789 1.3591 -8.5089,
		 20.8789 2.0322 -8.5089,
		 20.8789 2.6925 -7.1715,
		 20.8789 2.6925 -8.5089,
		 20.8789 2.6925 -7.1715,
		 20.8789 2.0830 -8.5089,
		 20.8789 2.6925 -8.5089,
		 20.8789 1.3591 -8.8225,
		 20.8789 1.3591 -10.1599,
		 20.8789 2.0322 -8.8225,
		 20.8789 2.0322 -10.1599,
		 20.8789 2.0830 -10.1599,
		 20.8789 2.0830 -8.8225,
		 20.8789 2.0322 -8.8225,
		 20.8789 1.3591 -10.1599,
		 20.8789 2.0322 -10.1599,
		 20.8789 2.6925 -8.8225,
		 20.8789 2.6925 -10.1599,
		 20.8789 2.6925 -8.8225,
		 20.8789 2.0830 -10.1599,
		 20.8789 2.6925 -10.1599
		]
	} #Coordinate3
	Material {
		ambientColor      0.2000 0.0500 0.0000  #ambientColor
		diffuseColor      0.8000 0.2000 0.0000  #diffuseColor
		transparency      0.0000                #transparency
	} #Material

	IndexedFaceSet {
		coordIndex [ 
		 0, 1, 2, 3,-1,
		 3, 2, 1, 0,-1,
		 8, 0, 3, 9,-1,
		 10, 8, 11, 12,-1,
		 13, 7, 4, 14,-1,
		 15, 16, 17, 18,-1,
		]
	} #IndexedFaceSet
	Material {
		ambientColor      0.2500 0.2500 0.2500  #ambientColor
		diffuseColor      1.0000 1.0000 1.0000  #diffuseColor
		transparency      0.0000                #transparency
	} #Material

	IndexedFaceSet {
		coordIndex [ 
		 19, 11, 18, 20,-1,
		 21, 19, 22, 23,-1,
		 24, 25, 26, 27,-1,
		 28, 24, 29, 30,-1,
		 31, 17, 12, 32,-1,
		 33, 34, 35, 36,-1,
		 37, 38, 39, 40,-1,
		 41, 42, 43, 44,-1,
		 45, 46, 47, 48,-1,
		 49, 50, 51, 52,-1,
		]
	} #IndexedFaceSet
	Material {
		ambientColor      0.1245 0.2500 0.2500  #ambientColor
		diffuseColor      0.4980 1.0000 1.0000  #diffuseColor
		transparency      0.4980                #transparency
	} #Material

	IndexedFaceSet {
		coordIndex [ 
		 23, 22, 38, 37,-1,
		 30, 29, 36, 35,-1,
		 40, 39, 42, 41,-1,
		 44, 43, 46, 45,-1,
		 48, 47, 52, 51,-1,
		]
	} #IndexedFaceSet
	Material {
		ambientColor      0.2000 0.0500 0.0000  #ambientColor
		diffuseColor      0.8000 0.2000 0.0000  #diffuseColor
		transparency      0.0000                #transparency
	} #Material

	IndexedFaceSet {
		coordIndex [ 
		 53, 3, 0, 54,-1,
		 12, 11, 54, 55,-1,
		 56, 4, 7, 57,-1,
		 18, 17, 58, 59,-1,
		]
	} #IndexedFaceSet
	Material {
		ambientColor      0.2500 0.2500 0.2500  #ambientColor
		diffuseColor      1.0000 1.0000 1.0000  #diffuseColor
		transparency      0.0000                #transparency
	} #Material

	IndexedFaceSet {
		coordIndex [ 
		 60, 18, 11, 61,-1,
		 23, 22, 61, 62,-1,
		 63, 64, 65, 66,-1,
		 30, 29, 66, 67,-1,
		 68, 12, 17, 69,-1,
		 36, 35, 70, 71,-1,
		 40, 39, 38, 37,-1,
		 44, 43, 42, 41,-1,
		 48, 47, 46, 45,-1,
		 52, 51, 72, 73,-1,
		]
	} #IndexedFaceSet
	Material {
		ambientColor      0.1245 0.2500 0.2500  #ambientColor
		diffuseColor      0.4980 1.0000 1.0000  #diffuseColor
		transparency      0.4980                #transparency
	} #Material

	IndexedFaceSet {
		coordIndex [ 
		 37, 38, 22, 23,-1,
		 35, 36, 29, 30,-1,
		 41, 42, 39, 40,-1,
		 45, 46, 43, 44,-1,
		 51, 52, 47, 48,-1,
		]
	} #IndexedFaceSet
	Material {
		ambientColor      0.2000 0.0500 0.0000  #ambientColor
		diffuseColor      0.8000 0.2000 0.0000  #diffuseColor
		transparency      0.0000                #transparency
	} #Material

	IndexedFaceSet {
		coordIndex [ 
		 1, 0, 4, 5,-1,
		 5, 4, 0, 1,-1,
		 74, 5, 6, 75,-1,
		 76, 77, 75, 78,-1,
		 79, 2, 1, 80,-1,
		 81, 82, 83, 84,-1,
		 81, 85, 86,-1,
		 87, 88, 86, 89,-1,
		]
	} #IndexedFaceSet
	Material {
		ambientColor      0.2500 0.2500 0.2500  #ambientColor
		diffuseColor      1.0000 1.0000 1.0000  #diffuseColor
		transparency      0.0000                #transparency
	} #Material

	IndexedFaceSet {
		coordIndex [ 
		 90, 83, 77, 91,-1,
		 92, 93, 91, 94,-1,
		 95, 96, 97, 98,-1,
		 99, 100, 101, 102,-1,
		 103, 104, 96, 105,-1,
		 106, 76, 84, 107,-1,
		 108, 109, 110, 111,-1,
		 112, 113, 114, 115,-1,
		 116, 117, 118, 119,-1,
		 120, 121, 122, 123,-1,
		]
	} #IndexedFaceSet
	Material {
		ambientColor      0.1245 0.2500 0.2500  #ambientColor
		diffuseColor      0.4980 1.0000 1.0000  #diffuseColor
		transparency      0.4980                #transparency
	} #Material

	IndexedFaceSet {
		coordIndex [ 
		 104, 103, 111, 110,-1,
		 93, 92, 100, 99,-1,
		 109, 108, 115, 114,-1,
		 113, 112, 119, 118,-1,
		 117, 116, 121, 120,-1,
		]
	} #IndexedFaceSet
	Material {
		ambientColor      0.2500 0.2500 0.2500  #ambientColor
		diffuseColor      1.0000 1.0000 1.0000  #diffuseColor
		transparency      0.0000                #transparency
	} #Material

	IndexedFaceSet {
		coordIndex [ 
		 124, 125, 126, 127,-1,
		 128, 129, 127, 130,-1,
		 131, 132, 133, 134,-1,
		 135, 136, 137, 138,-1,
		 139, 140, 132, 141,-1,
		 142, 81, 88, 143,-1,
		 144, 145, 146, 147,-1,
		 148, 149, 150, 151,-1,
		 152, 153, 154, 155,-1,
		 156, 157, 158, 159,-1,
		]
	} #IndexedFaceSet
	Material {
		ambientColor      0.1245 0.2500 0.2500  #ambientColor
		diffuseColor      0.4980 1.0000 1.0000  #diffuseColor
		transparency      0.4980                #transparency
	} #Material

	IndexedFaceSet {
		coordIndex [ 
		 140, 139, 147, 146,-1,
		 129, 128, 136, 135,-1,
		 145, 144, 151, 150,-1,
		 149, 148, 155, 154,-1,
		 153, 152, 157, 156,-1,
		]
	} #IndexedFaceSet
	Material {
		ambientColor      0.2000 0.0500 0.0000  #ambientColor
		diffuseColor      0.8000 0.2000 0.0000  #diffuseColor
		transparency      0.0000                #transparency
	} #Material

	IndexedFaceSet {
		coordIndex [ 
		 160, 6, 5, 161,-1,
		 162, 160, 77, 76,-1,
		 163, 1, 2, 164,-1,
		 84, 83, 165, 81,-1,
		 166, 167, 81,-1,
		 168, 166, 88, 169,-1,
		]
	} #IndexedFaceSet
	Material {
		ambientColor      0.2500 0.2500 0.2500  #ambientColor
		diffuseColor      1.0000 1.0000 1.0000  #diffuseColor
		transparency      0.0000                #transparency
	} #Material

	IndexedFaceSet {
		coordIndex [ 
		 170, 77, 83, 171,-1,
		 172, 170, 93, 92,-1,
		 173, 174, 175, 176,-1,
		 177, 178, 100, 99,-1,
		 179, 175, 104, 103,-1,
		 180, 84, 76, 181,-1,
		 111, 110, 109, 108,-1,
		 115, 114, 113, 112,-1,
		 119, 118, 117, 116,-1,
		 182, 183, 121, 120,-1,
		]
	} #IndexedFaceSet
	Material {
		ambientColor      0.1245 0.2500 0.2500  #ambientColor
		diffuseColor      0.4980 1.0000 1.0000  #diffuseColor
		transparency      0.4980                #transparency
	} #Material

	IndexedFaceSet {
		coordIndex [ 
		 110, 111, 103, 104,-1,
		 99, 100, 92, 93,-1,
		 114, 115, 108, 109,-1,
		 118, 119, 112, 113,-1,
		 120, 121, 116, 117,-1,
		]
	} #IndexedFaceSet
	Material {
		ambientColor      0.2500 0.2500 0.2500  #ambientColor
		diffuseColor      1.0000 1.0000 1.0000  #diffuseColor
		transparency      0.0000                #transparency
	} #Material

	IndexedFaceSet {
		coordIndex [ 
		 184, 126, 125, 185,-1,
		 186, 184, 129, 128,-1,
		 187, 188, 189, 190,-1,
		 191, 192, 136, 135,-1,
		 193, 189, 140, 139,-1,
		 194, 88, 81, 195,-1,
		 147, 146, 145, 144,-1,
		 151, 150, 149, 148,-1,
		 155, 154, 153, 152,-1,
		 196, 197, 157, 156,-1,
		]
	} #IndexedFaceSet
	Material {
		ambientColor      0.1245 0.2500 0.2500  #ambientColor
		diffuseColor      0.4980 1.0000 1.0000  #diffuseColor
		transparency      0.4980                #transparency
	} #Material

	IndexedFaceSet {
		coordIndex [ 
		 146, 147, 139, 140,-1,
		 135, 136, 128, 129,-1,
		 150, 151, 144, 145,-1,
		 154, 155, 148, 149,-1,
		 156, 157, 152, 153,-1,
		]
	} #IndexedFaceSet
	Material {
		ambientColor      0.2000 0.0500 0.0000  #ambientColor
		diffuseColor      0.8000 0.2000 0.0000  #diffuseColor
		transparency      0.0000                #transparency
	} #Material

	IndexedFaceSet {
		coordIndex [ 
		 198, 6, 7, 199,-1,
		 200, 201, 199, 202,-1,
		 203, 3, 2, 204,-1,
		 205, 206, 207, 208,-1,
		 209, 210, 211, 212,-1,
		 213, 214, 215, 216,-1,
		 210, 213, 216, 211,-1,
		]
	} #IndexedFaceSet
	Material {
		ambientColor      0.2500 0.2500 0.2500  #ambientColor
		diffuseColor      1.0000 1.0000 1.0000  #diffuseColor
		transparency      0.0000                #transparency
	} #Material

	IndexedFaceSet {
		coordIndex [ 
		 217, 207, 201, 218,-1,
		 219, 220, 218, 221,-1,
		 222, 223, 224, 225,-1,
		 226, 227, 228, 229,-1,
		 230, 231, 223, 232,-1,
		 233, 200, 208, 234,-1,
		 235, 236, 237, 238,-1,
		 239, 240, 241, 242,-1,
		 243, 244, 245, 246,-1,
		 247, 248, 249, 250,-1,
		]
	} #IndexedFaceSet
	Material {
		ambientColor      0.1245 0.2500 0.2500  #ambientColor
		diffuseColor      0.4980 1.0000 1.0000  #diffuseColor
		transparency      0.4980                #transparency
	} #Material

	IndexedFaceSet {
		coordIndex [ 
		 231, 230, 238, 237,-1,
		 220, 219, 227, 226,-1,
		 236, 235, 242, 241,-1,
		 240, 239, 246, 245,-1,
		 244, 243, 248, 247,-1,
		]
	} #IndexedFaceSet
	Material {
		ambientColor      0.2500 0.2500 0.2500  #ambientColor
		diffuseColor      1.0000 1.0000 1.0000  #diffuseColor
		transparency      0.0000                #transparency
	} #Material

	IndexedFaceSet {
		coordIndex [ 
		 251, 211, 206, 252,-1,
		 253, 254, 252, 255,-1,
		 256, 257, 258, 259,-1,
		 260, 261, 262, 263,-1,
		 264, 265, 257, 266,-1,
		 267, 205, 212, 268,-1,
		 269, 270, 271, 272,-1,
		 273, 274, 275, 276,-1,
		 277, 278, 279, 280,-1,
		 281, 282, 283, 284,-1,
		]
	} #IndexedFaceSet
	Material {
		ambientColor      0.1245 0.2500 0.2500  #ambientColor
		diffuseColor      0.4980 1.0000 1.0000  #diffuseColor
		transparency      0.4980                #transparency
	} #Material

	IndexedFaceSet {
		coordIndex [ 
		 265, 264, 272, 271,-1,
		 254, 253, 261, 260,-1,
		 270, 269, 276, 275,-1,
		 274, 273, 280, 279,-1,
		 278, 277, 282, 281,-1,
		]
	} #IndexedFaceSet
	Material {
		ambientColor      0.2500 0.2500 0.2500  #ambientColor
		diffuseColor      1.0000 1.0000 1.0000  #diffuseColor
		transparency      0.0000                #transparency
	} #Material

	IndexedFaceSet {
		coordIndex [ 
		 285, 213, 210, 286,-1,
		 287, 288, 286, 289,-1,
		 290, 291, 292, 293,-1,
		 294, 295, 296, 297,-1,
		 298, 299, 291, 300,-1,
		 301, 302, 303, 304,-1,
		 305, 306, 307, 308,-1,
		 309, 310, 311, 312,-1,
		 313, 314, 315, 316,-1,
		 317, 318, 319, 320,-1,
		]
	} #IndexedFaceSet
	Material {
		ambientColor      0.1245 0.2500 0.2500  #ambientColor
		diffuseColor      0.4980 1.0000 1.0000  #diffuseColor
		transparency      0.4980                #transparency
	} #Material

	IndexedFaceSet {
		coordIndex [ 
		 299, 298, 308, 307,-1,
		 288, 287, 295, 294,-1,
		 306, 305, 312, 311,-1,
		 310, 309, 316, 315,-1,
		 314, 313, 318, 317,-1,
		]
	} #IndexedFaceSet
	Material {
		ambientColor      0.2000 0.0500 0.0000  #ambientColor
		diffuseColor      0.8000 0.2000 0.0000  #diffuseColor
		transparency      0.0000                #transparency
	} #Material

	IndexedFaceSet {
		coordIndex [ 
		 321, 7, 6, 322,-1,
		 323, 321, 201, 200,-1,
		 324, 2, 3, 325,-1,
		 208, 207, 206, 205,-1,
		 212, 211, 210, 326,-1,
		 327, 328, 329, 213,-1,
		 211, 327, 213, 210,-1,
		]
	} #IndexedFaceSet
	Material {
		ambientColor      0.2500 0.2500 0.2500  #ambientColor
		diffuseColor      1.0000 1.0000 1.0000  #diffuseColor
		transparency      0.0000                #transparency
	} #Material

	IndexedFaceSet {
		coordIndex [ 
		 330, 201, 207, 331,-1,
		 332, 330, 220, 219,-1,
		 333, 334, 335, 336,-1,
		 337, 338, 227, 226,-1,
		 339, 335, 231, 230,-1,
		 340, 208, 200, 341,-1,
		 238, 237, 236, 235,-1,
		 242, 241, 240, 239,-1,
		 246, 245, 244, 243,-1,
		 342, 343, 248, 247,-1,
		]
	} #IndexedFaceSet
	Material {
		ambientColor      0.1245 0.2500 0.2500  #ambientColor
		diffuseColor      0.4980 1.0000 1.0000  #diffuseColor
		transparency      0.4980                #transparency
	} #Material

	IndexedFaceSet {
		coordIndex [ 
		 237, 238, 230, 231,-1,
		 226, 227, 219, 220,-1,
		 241, 242, 235, 236,-1,
		 245, 246, 239, 240,-1,
		 247, 248, 243, 244,-1,
		]
	} #IndexedFaceSet
	Material {
		ambientColor      0.2500 0.2500 0.2500  #ambientColor
		diffuseColor      1.0000 1.0000 1.0000  #diffuseColor
		transparency      0.0000                #transparency
	} #Material

	IndexedFaceSet {
		coordIndex [ 
		 344, 206, 211, 345,-1,
		 346, 344, 254, 253,-1,
		 347, 348, 349, 350,-1,
		 351, 352, 261, 260,-1,
		 353, 349, 265, 264,-1,
		 354, 212, 205, 355,-1,
		 272, 271, 270, 269,-1,
		 276, 275, 274, 273,-1,
		 280, 279, 278, 277,-1,
		 356, 357, 282, 281,-1,
		]
	} #IndexedFaceSet
	Material {
		ambientColor      0.1245 0.2500 0.2500  #ambientColor
		diffuseColor      0.4980 1.0000 1.0000  #diffuseColor
		transparency      0.4980                #transparency
	} #Material

	IndexedFaceSet {
		coordIndex [ 
		 271, 272, 264, 265,-1,
		 260, 261, 253, 254,-1,
		 275, 276, 269, 270,-1,
		 279, 280, 273, 274,-1,
		 281, 282, 277, 278,-1,
		]
	} #IndexedFaceSet
	Material {
		ambientColor      0.2500 0.2500 0.2500  #ambientColor
		diffuseColor      1.0000 1.0000 1.0000  #diffuseColor
		transparency      0.0000                #transparency
	} #Material

	IndexedFaceSet {
		coordIndex [ 
		 358, 210, 213, 359,-1,
		 360, 358, 288, 287,-1,
		 361, 362, 363, 364,-1,
		 365, 366, 295, 294,-1,
		 367, 363, 299, 298,-1,
		 368, 303, 302, 369,-1,
		 308, 307, 306, 305,-1,
		 312, 311, 310, 309,-1,
		 316, 315, 314, 313,-1,
		 370, 371, 318, 317,-1,
		]
	} #IndexedFaceSet
	Material {
		ambientColor      0.1245 0.2500 0.2500  #ambientColor
		diffuseColor      0.4980 1.0000 1.0000  #diffuseColor
		transparency      0.4980                #transparency
	} #Material

	IndexedFaceSet {
		coordIndex [ 
		 307, 308, 298, 299,-1,
		 294, 295, 287, 288,-1,
		 311, 312, 305, 306,-1,
		 315, 316, 309, 310,-1,
		 317, 318, 313, 314,-1,
		]
	} #IndexedFaceSet
	Material {
		ambientColor      0.2000 0.0500 0.0000  #ambientColor
		diffuseColor      0.8000 0.2000 0.0000  #diffuseColor
		transparency      0.0000                #transparency
	} #Material

	IndexedFaceSet {
		coordIndex [ 
		 7, 6, 5, 4,-1,
		 4, 5, 6, 7,-1,
		]
	} #IndexedFaceSet
} #Polyhedron
}
