#VRML V1.0 ascii

Separator {
	Info { string "Virtus 3D Website Builder 1.0
	VRML Export Filter
	Virtus Corporation
	114 MacKenan Drive, Suite 100
	Cary, NC 27511
	919-467-9700"}

	DEF BackgroundColor Info{  # Sky color
		string " 0.3 0.8 1.0 "
	}

	DirectionalLight {
		on         TRUE          # SFBool
		intensity  1.0           # SFFloat
		color      0.4 0.4 0.4   # SFColor
		direction  0 0 0   # SFVec3f
	}

	DirectionalLight {
		on         TRUE          # SFBool
		intensity  1.0           # SFFloat
		color      0.5 0.5 0.5   # SFColor
		direction  34 -247 -57   # SFVec3f
	}

	DirectionalLight {
		on         TRUE          # SFBool
		intensity  1.0           # SFFloat
		color      0.4 0.4 0.4   # SFColor
		direction  -209 -104 105   # SFVec3f
	}

	DirectionalLight {
		on         TRUE          # SFBool
		intensity  1.0           # SFFloat
		color      0.5 0.5 0.5   # SFColor
		direction  5 119 -226   # SFVec3f
	}

	PerspectiveCamera {
		position -1.5240 1.5240 -0.5080          #SFVec3f 
		orientation 0 1 0  0.0737     #SFRotation 
		focalDistance  5            #SFFloat 
		heightAngle 2.1726 
	}

	ShapeHints {
		vertexOrdering	CLOCKWISE
		shapeType	SOLID
	}

	Transform {
		translation 0 0 0
		scaleFactor 1.0 1.0 1.0
	}

Separator { #Polyhedron
	DEF COORD0 Coordinate3 {
		point [
		 0.0000 3.0480 -6.0960,
		 0.0000 3.0480 -0.0000,
		 -6.0960 3.0480 -0.0000,
		 -6.0960 3.0480 -6.0960,
		 0.0000 0.0000 -6.0960,
		 0.0000 0.0000 -0.0000,
		 -6.0960 0.0000 -0.0000,
		 -6.0960 0.0000 -6.0960,
		 -6.0960 0.1527 -6.0960,
		 0.0000 0.1527 -6.0960,
		 -0.1523 2.8956 -6.0960,
		 -0.1523 0.1527 -6.0960,
		 0.0000 0.1527 -6.0960,
		 0.0000 2.8956 -6.0960,
		 0.0000 2.8956 -6.0960,
		 -6.0960 2.8956 -6.0960,
		 -4.5717 0.1527 -6.0960,
		 -2.2858 0.1527 -6.0960,
		 -2.2858 0.1527 -6.0960,
		 -2.4382 2.8956 -6.0960,
		 -2.4382 0.1527 -6.0960,
		 -2.2858 2.8956 -6.0960,
		 -4.5717 2.8956 -6.0960,
		 -6.0960 0.1527 -6.0960,
		 0.0000 0.1527 -6.0960,
		 -6.0960 0.1527 -6.0960,
		 0.0000 2.8956 -6.0960,
		 0.0000 0.1527 -6.0960,
		 -6.0960 2.8956 -6.0960,
		 0.0000 2.8956 -6.0960,
		 -2.2858 0.1527 -6.0960,
		 -2.4382 2.8956 -6.0960,
		 -6.0960 0.1527 -6.0960,
		 -4.5717 2.8956 -6.0960,
		 0.0000 0.1526 -6.0960,
		 0.0000 0.1526 -0.0000,
		 0.0000 0.1526 -3.6574,
		 0.0000 0.1526 -0.0000,
		 0.0000 0.1526 -0.0000,
		 0.0000 2.8955 -1.5239,
		 0.0000 0.1526 -1.5239,
		 0.0000 2.8955 -0.0000,
		 0.0000 2.8955 -3.6574,
		 0.0000 2.8955 -3.8098,
		 0.0000 0.1526 -3.8098,
		 0.0000 2.8955 -0.0000,
		 0.0000 2.8955 -6.0960,
		 0.0000 0.1526 -5.9433,
		 0.0000 2.8955 -5.9433,
		 0.0000 0.1526 -6.0960,
		 0.0000 0.1526 -0.0000,
		 0.0000 0.1526 -6.0960,
		 0.0000 0.1526 -0.0000,
		 0.0000 0.1526 -0.0000,
		 0.0000 2.8955 -0.0000,
		 0.0000 2.8955 -1.5239,
		 0.0000 2.8955 -3.6574,
		 0.0000 2.8955 -6.0960,
		 0.0000 2.8955 -0.0000,
		 0.0000 0.1526 -6.0960
		]
	} #Coordinate3
	Material {
		ambientColor      0.2500 0.2500 0.2500  #ambientColor
		diffuseColor      1.0000 1.0000 1.0000  #diffuseColor
		transparency      0.0000                #transparency
	} #Material

	Texture2 {
		filename ""  #filename
		wrapS REPEAT 
		wrapT REPEAT 
	} #Texture2

	IndexedFaceSet {
		coordIndex [ 
		 0, 1, 2, 3,-1,
		 3, 2, 1, 0,-1,
		 8, 7, 4, 9,-1,
		 10, 11, 12, 13,-1,
		 14, 0, 3, 15,-1,
		 16, 17, 18,-1,
		 19, 20, 18, 21,-1,
		 16, 22, 15, 23,-1,
		 24, 4, 7, 25,-1,
		 26, 27, 11, 10,-1,
		 28, 3, 0, 29,-1,
		 30, 17, 16,-1,
		 21, 30, 20, 31,-1,
		 32, 28, 33, 16,-1,
		 34, 4, 5, 35,-1,
		 36, 37, 38,-1,
		 39, 40, 38, 41,-1,
		 36, 42, 43, 44,-1,
		 45, 1, 0, 46,-1,
		 47, 48, 46, 49,-1,
		 50, 5, 4, 51,-1,
		 52, 53, 36,-1,
		 54, 52, 40, 55,-1,
		 44, 43, 56, 36,-1,
		 57, 0, 1, 58,-1,
		 59, 57, 48, 47,-1,
		 2, 1, 5, 6,-1,
		 6, 5, 1, 2,-1,
		 3, 2, 6, 7,-1,
		 7, 6, 2, 3,-1,
		 7, 6, 5, 4,-1,
		 4, 5, 6, 7,-1,
		]
	} #IndexedFaceSet
} #Polyhedron
Separator { #Polyhedron
	DEF COORD1 Coordinate3 {
		point [
		 -6.0960 2.4384 -2.1336,
		 -5.4864 2.4384 -2.1336,
		 -5.4864 2.4384 -0.9144,
		 -6.0960 2.4384 -0.9144,
		 -6.0960 0.0000 -2.1336,
		 -5.4864 0.0000 -2.1336,
		 -5.4864 0.0000 -0.9144,
		 -6.0960 0.0000 -0.9144,
		 -5.4864 1.4732 -2.1336,
		 -5.4864 1.4732 -0.9144,
		 -5.4864 2.3876 -0.9652,
		 -5.4864 1.4732 -0.9652,
		 -5.4864 1.4732 -0.9144,
		 -5.4864 2.3876 -0.9144,
		 -5.4864 2.3876 -0.9144,
		 -5.4864 2.3876 -2.1336,
		 -5.4864 1.4732 -2.0828,
		 -5.4864 2.3876 -2.0828,
		 -5.4864 2.3876 -2.1336,
		 -5.4864 1.4732 -2.1336,
		 -5.4864 1.4732 -0.9144,
		 -5.4864 1.4732 -2.1336,
		 -5.4864 2.3876 -0.9144,
		 -5.4864 1.4732 -0.9144,
		 -5.4864 2.3876 -2.1336,
		 -5.4864 2.3876 -0.9144,
		 -5.4864 1.4732 -2.1336,
		 -5.4864 2.3876 -2.1336
		]
	} #Coordinate3
	Material {
		ambientColor      0.1951 0.1951 0.1951  #ambientColor
		diffuseColor      0.7804 0.7804 0.7804  #diffuseColor
		transparency      0.0000                #transparency
	} #Material

	Texture2 {
		filename ""  #filename
		wrapS REPEAT 
		wrapT REPEAT 
	} #Texture2

	IndexedFaceSet {
		coordIndex [ 
		 0, 1, 2, 3,-1,
		 3, 2, 1, 0,-1,
		 0, 3, 7, 4,-1,
		 4, 7, 3, 0,-1,
		 1, 0, 4, 5,-1,
		 5, 4, 0, 1,-1,
		 8, 5, 6, 9,-1,
		 10, 11, 12, 13,-1,
		 14, 2, 1, 15,-1,
		 16, 17, 18, 19,-1,
		 20, 6, 5, 21,-1,
		 22, 23, 11, 10,-1,
		 24, 1, 2, 25,-1,
		 26, 27, 17, 16,-1,
		 3, 2, 6, 7,-1,
		 7, 6, 2, 3,-1,
		 7, 6, 5, 4,-1,
		 4, 5, 6, 7,-1,
		]
	} #IndexedFaceSet
} #Polyhedron
Separator { #Polyhedron
	DEF COORD2 Coordinate3 {
		point [
		 -6.0452 2.3876 -2.0828,
		 -5.4864 2.3876 -2.0828,
		 -5.4864 2.3876 -0.9652,
		 -6.0452 2.3876 -0.9652,
		 -6.0452 1.4732 -2.0828,
		 -5.4864 1.4732 -2.0828,
		 -5.4864 1.4732 -0.9652,
		 -6.0452 1.4732 -0.9652,
		 -5.4864 1.4986 -2.0828,
		 -5.4864 1.4732 -2.0828,
		 -5.4864 1.4732 -1.5240,
		 -5.4864 1.4986 -1.5240,
		 -5.4864 1.5748 -1.5494,
		 -5.4864 1.4986 -1.5494,
		 -5.4864 1.5748 -1.5240,
		 -5.4864 1.5748 -1.5240,
		 -5.4864 2.3876 -1.5240,
		 -5.4864 2.3876 -2.0828,
		 -5.4864 1.5748 -2.0828,
		 -5.4864 1.4986 -1.7018,
		 -5.4864 1.5748 -1.7018,
		 -5.4864 1.5748 -2.0828,
		 -5.4864 1.4986 -2.0828,
		 -5.4864 1.4986 -1.5240,
		 -5.4864 1.4732 -1.5240,
		 -5.4864 1.4732 -0.9652,
		 -5.4864 1.4986 -0.9652,
		 -5.4864 1.5748 -1.3462,
		 -5.4864 1.4986 -1.3462,
		 -5.4864 1.5748 -0.9652,
		 -5.4864 1.5748 -0.9652,
		 -5.4864 2.3876 -0.9652,
		 -5.4864 2.3876 -1.5240,
		 -5.4864 1.5748 -1.5240,
		 -5.4864 1.4986 -1.4986,
		 -5.4864 1.5748 -1.4986,
		 -5.4864 1.5748 -1.5240,
		 -5.4864 1.4986 -1.5240,
		 -5.4864 1.4986 -0.9652,
		 -5.4864 1.4986 -2.0828,
		 -5.4864 1.5748 -0.9652,
		 -5.4864 1.5748 -1.5494,
		 -5.4864 1.5748 -2.0828,
		 -5.4864 1.5748 -0.9652,
		 -5.4864 1.4986 -2.0828,
		 -5.4864 1.5748 -2.0828,
		 -5.4864 1.4986 -1.5240,
		 -5.4864 1.4986 -2.0828,
		 -5.4864 1.5748 -1.5240,
		 -5.4864 1.5748 -2.0828,
		 -5.4864 1.5748 -1.5240,
		 -5.4864 1.4986 -2.0828,
		 -5.4864 1.5748 -2.0828,
		 -5.4864 1.4986 -0.9652,
		 -5.4864 1.4986 -1.5240,
		 -5.4864 1.5748 -0.9652,
		 -5.4864 1.5748 -1.5240,
		 -5.4864 1.5748 -0.9652,
		 -5.4864 1.4986 -1.5240,
		 -5.4864 1.5748 -1.5240
		]
	} #Coordinate3
	Material {
		ambientColor      0.1951 0.1951 0.1951  #ambientColor
		diffuseColor      0.7804 0.7804 0.7804  #diffuseColor
		transparency      0.0000                #transparency
	} #Material

	IndexedFaceSet {
		coordIndex [ 
		 0, 1, 2, 3,-1,
		 3, 2, 1, 0,-1,
		 0, 3, 7, 4,-1,
		 4, 7, 3, 0,-1,
		 1, 0, 4, 5,-1,
		 5, 4, 0, 1,-1,
		]
	} #IndexedFaceSet
	Material {
		ambientColor      0.1000 0.2000 0.2500  #ambientColor
		diffuseColor      0.4000 0.8000 1.0000  #diffuseColor
		transparency      0.4980                #transparency
	} #Material

	IndexedFaceSet {
		coordIndex [ 
		 8, 9, 10, 11,-1,
		 12, 13, 11, 14,-1,
		 15, 16, 17, 18,-1,
		 19, 20, 21, 22,-1,
		 23, 24, 25, 26,-1,
		 27, 28, 26, 29,-1,
		 30, 31, 32, 33,-1,
		 34, 35, 36, 37,-1,
		]
	} #IndexedFaceSet
	Material {
		ambientColor      0.1951 0.1951 0.1951  #ambientColor
		diffuseColor      0.7804 0.7804 0.7804  #diffuseColor
		transparency      0.0000                #transparency
	} #Material

	IndexedFaceSet {
		coordIndex [ 
		 13, 12, 20, 19,-1,
		 28, 27, 35, 34,-1,
		]
	} #IndexedFaceSet
	Material {
		ambientColor      0.1951 0.1951 0.1951  #ambientColor
		diffuseColor      0.7804 0.7804 0.7804  #diffuseColor
		transparency      1.0000                #transparency
	} #Material

	IndexedFaceSet {
		coordIndex [ 
		 38, 6, 5, 39,-1,
		 40, 38, 28, 27,-1,
		 13, 41, 35, 34,-1,
		 42, 1, 2, 43,-1,
		 44, 45, 20, 19,-1,
		]
	} #IndexedFaceSet
	Material {
		ambientColor      0.1000 0.2000 0.2500  #ambientColor
		diffuseColor      0.4000 0.8000 1.0000  #diffuseColor
		transparency      0.4980                #transparency
	} #Material

	IndexedFaceSet {
		coordIndex [ 
		 46, 10, 9, 47,-1,
		 48, 46, 13, 12,-1,
		 49, 17, 16, 50,-1,
		 51, 52, 20, 19,-1,
		 53, 25, 24, 54,-1,
		 55, 53, 28, 27,-1,
		 56, 32, 31, 57,-1,
		 58, 59, 35, 34,-1,
		]
	} #IndexedFaceSet
	Material {
		ambientColor      0.1951 0.1951 0.1951  #ambientColor
		diffuseColor      0.7804 0.7804 0.7804  #diffuseColor
		transparency      0.0000                #transparency
	} #Material

	IndexedFaceSet {
		coordIndex [ 
		 19, 20, 12, 13,-1,
		 34, 35, 27, 28,-1,
		 3, 2, 6, 7,-1,
		 7, 6, 2, 3,-1,
		 7, 6, 5, 4,-1,
		 4, 5, 6, 7,-1,
		]
	} #IndexedFaceSet
} #Polyhedron
Separator { #Polyhedron
	DEF COORD3 Coordinate3 {
		point [
		 -6.0452 1.7272 -1.0160,
		 -5.8420 1.7272 -1.0160,
		 -5.8420 1.7272 -0.9652,
		 -6.0452 1.7272 -0.9652,
		 -6.0452 1.4732 -1.0160,
		 -5.8420 1.4732 -1.0160,
		 -5.8420 1.4732 -0.9652,
		 -6.0452 1.4732 -0.9652
		]
	} #Coordinate3
	Material {
		ambientColor      0.1951 0.1951 0.1951  #ambientColor
		diffuseColor      0.7804 0.7804 0.7804  #diffuseColor
		transparency      0.0000                #transparency
	} #Material

	Texture2 {
		filename ""  #filename
		wrapS REPEAT 
		wrapT REPEAT 
	} #Texture2

	IndexedFaceSet {
		coordIndex [ 
		 0, 1, 2, 3,-1,
		 3, 2, 1, 0,-1,
		 0, 3, 7, 4,-1,
		 4, 7, 3, 0,-1,
		 1, 0, 4, 5,-1,
		 5, 4, 0, 1,-1,
		 2, 1, 5, 6,-1,
		 6, 5, 1, 2,-1,
		 3, 2, 6, 7,-1,
		 7, 6, 2, 3,-1,
		 7, 6, 5, 4,-1,
		 4, 5, 6, 7,-1,
		]
	} #IndexedFaceSet
} #Polyhedron
Separator { #Polyhedron
	DEF COORD4 Coordinate3 {
		point [
		 -6.0452 1.7272 -1.0795,
		 -5.8420 1.7272 -1.0795,
		 -5.8420 1.7272 -1.0287,
		 -6.0452 1.7272 -1.0287,
		 -6.0452 1.4732 -1.0795,
		 -5.8420 1.4732 -1.0795,
		 -5.8420 1.4732 -1.0287,
		 -6.0452 1.4732 -1.0287
		]
	} #Coordinate3
	Material {
		ambientColor      0.1951 0.1951 0.1951  #ambientColor
		diffuseColor      0.7804 0.7804 0.7804  #diffuseColor
		transparency      0.0000                #transparency
	} #Material

	IndexedFaceSet {
		coordIndex [ 
		 0, 1, 2, 3,-1,
		 3, 2, 1, 0,-1,
		 0, 3, 7, 4,-1,
		 4, 7, 3, 0,-1,
		 1, 0, 4, 5,-1,
		 5, 4, 0, 1,-1,
		 2, 1, 5, 6,-1,
		 6, 5, 1, 2,-1,
		 3, 2, 6, 7,-1,
		 7, 6, 2, 3,-1,
		 7, 6, 5, 4,-1,
		 4, 5, 6, 7,-1,
		]
	} #IndexedFaceSet
} #Polyhedron
Separator { #Polyhedron
	DEF COORD5 Coordinate3 {
		point [
		 -6.0452 1.7272 -1.1430,
		 -5.8420 1.7272 -1.1430,
		 -5.8420 1.7272 -1.0922,
		 -6.0452 1.7272 -1.0922,
		 -6.0452 1.4732 -1.1430,
		 -5.8420 1.4732 -1.1430,
		 -5.8420 1.4732 -1.0922,
		 -6.0452 1.4732 -1.0922
		]
	} #Coordinate3
	Material {
		ambientColor      0.1951 0.1951 0.1951  #ambientColor
		diffuseColor      0.7804 0.7804 0.7804  #diffuseColor
		transparency      0.0000                #transparency
	} #Material

	IndexedFaceSet {
		coordIndex [ 
		 0, 1, 2, 3,-1,
		 3, 2, 1, 0,-1,
		 0, 3, 7, 4,-1,
		 4, 7, 3, 0,-1,
		 1, 0, 4, 5,-1,
		 5, 4, 0, 1,-1,
		 2, 1, 5, 6,-1,
		 6, 5, 1, 2,-1,
		 3, 2, 6, 7,-1,
		 7, 6, 2, 3,-1,
		 7, 6, 5, 4,-1,
		 4, 5, 6, 7,-1,
		]
	} #IndexedFaceSet
} #Polyhedron
Separator { #Polyhedron
	DEF COORD6 Coordinate3 {
		point [
		 -6.0452 1.7272 -1.2065,
		 -5.8420 1.7272 -1.2065,
		 -5.8420 1.7272 -1.1557,
		 -6.0452 1.7272 -1.1557,
		 -6.0452 1.4732 -1.2065,
		 -5.8420 1.4732 -1.2065,
		 -5.8420 1.4732 -1.1557,
		 -6.0452 1.4732 -1.1557
		]
	} #Coordinate3
	Material {
		ambientColor      0.1951 0.1951 0.1951  #ambientColor
		diffuseColor      0.7804 0.7804 0.7804  #diffuseColor
		transparency      0.0000                #transparency
	} #Material

	IndexedFaceSet {
		coordIndex [ 
		 0, 1, 2, 3,-1,
		 3, 2, 1, 0,-1,
		 0, 3, 7, 4,-1,
		 4, 7, 3, 0,-1,
		 1, 0, 4, 5,-1,
		 5, 4, 0, 1,-1,
		 2, 1, 5, 6,-1,
		 6, 5, 1, 2,-1,
		 3, 2, 6, 7,-1,
		 7, 6, 2, 3,-1,
		 7, 6, 5, 4,-1,
		 4, 5, 6, 7,-1,
		]
	} #IndexedFaceSet
} #Polyhedron
Separator { #Polyhedron
	DEF COORD7 Coordinate3 {
		point [
		 -6.0452 1.7272 -1.2827,
		 -5.7912 1.7272 -1.2827,
		 -5.7912 1.7272 -1.2192,
		 -6.0452 1.7272 -1.2192,
		 -6.0452 1.4732 -1.2827,
		 -5.7912 1.4732 -1.2827,
		 -5.7912 1.4732 -1.2192,
		 -6.0452 1.4732 -1.2192
		]
	} #Coordinate3
	Material {
		ambientColor      0.1951 0.1951 0.1951  #ambientColor
		diffuseColor      0.7804 0.7804 0.7804  #diffuseColor
		transparency      0.0000                #transparency
	} #Material

	IndexedFaceSet {
		coordIndex [ 
		 0, 1, 2, 3,-1,
		 3, 2, 1, 0,-1,
		 0, 3, 7, 4,-1,
		 4, 7, 3, 0,-1,
		 1, 0, 4, 5,-1,
		 5, 4, 0, 1,-1,
		 2, 1, 5, 6,-1,
		 6, 5, 1, 2,-1,
		 3, 2, 6, 7,-1,
		 7, 6, 2, 3,-1,
		 7, 6, 5, 4,-1,
		 4, 5, 6, 7,-1,
		]
	} #IndexedFaceSet
} #Polyhedron
Separator { #Polyhedron
	DEF COORD8 Coordinate3 {
		point [
		 -6.0452 1.7526 -1.3589,
		 -5.8293 1.7526 -1.3589,
		 -5.8293 1.7526 -1.2954,
		 -6.0452 1.7526 -1.2954,
		 -6.0452 1.4732 -1.3589,
		 -5.8293 1.4732 -1.3589,
		 -5.8293 1.4732 -1.2954,
		 -6.0452 1.4732 -1.2954
		]
	} #Coordinate3
	Material {
		ambientColor      0.1951 0.1951 0.1951  #ambientColor
		diffuseColor      0.7804 0.7804 0.7804  #diffuseColor
		transparency      0.0000                #transparency
	} #Material

	Texture2 {
		filename ""  #filename
		wrapS REPEAT 
		wrapT REPEAT 
	} #Texture2

	IndexedFaceSet {
		coordIndex [ 
		 0, 1, 2, 3,-1,
		 3, 2, 1, 0,-1,
		 0, 3, 7, 4,-1,
		 4, 7, 3, 0,-1,
		 1, 0, 4, 5,-1,
		 5, 4, 0, 1,-1,
		 2, 1, 5, 6,-1,
		 6, 5, 1, 2,-1,
		 3, 2, 6, 7,-1,
		 7, 6, 2, 3,-1,
		 7, 6, 5, 4,-1,
		 4, 5, 6, 7,-1,
		]
	} #IndexedFaceSet
} #Polyhedron
Separator { #Polyhedron
	DEF COORD9 Coordinate3 {
		point [
		 -6.0452 1.5748 -1.5367,
		 -5.9182 1.5748 -1.5367,
		 -5.9182 1.5748 -1.3589,
		 -6.0452 1.5748 -1.3589,
		 -6.0452 1.4732 -1.5367,
		 -5.9182 1.4732 -1.5367,
		 -5.9182 1.4732 -1.3589,
		 -6.0452 1.4732 -1.3589
		]
	} #Coordinate3
	Material {
		ambientColor      0.1951 0.1951 0.1951  #ambientColor
		diffuseColor      0.7804 0.7804 0.7804  #diffuseColor
		transparency      0.0000                #transparency
	} #Material

	IndexedFaceSet {
		coordIndex [ 
		 0, 1, 2, 3,-1,
		 3, 2, 1, 0,-1,
		 0, 3, 7, 4,-1,
		 4, 7, 3, 0,-1,
		 1, 0, 4, 5,-1,
		 5, 4, 0, 1,-1,
		 2, 1, 5, 6,-1,
		 6, 5, 1, 2,-1,
		 3, 2, 6, 7,-1,
		 7, 6, 2, 3,-1,
		 7, 6, 5, 4,-1,
		 4, 5, 6, 7,-1,
		]
	} #IndexedFaceSet
} #Polyhedron
Separator { #Polyhedron
	DEF COORD10 Coordinate3 {
		point [
		 -6.0452 2.1844 -2.0574,
		 -5.7150 2.1844 -2.0574,
		 -5.7150 2.1844 -1.6510,
		 -6.0452 2.1844 -1.6510,
		 -6.0452 1.8288 -2.0574,
		 -5.7150 1.8288 -2.0574,
		 -5.7150 1.8288 -1.6510,
		 -6.0452 1.8288 -1.6510
		]
	} #Coordinate3
	Material {
		ambientColor      0.1951 0.1951 0.1951  #ambientColor
		diffuseColor      0.7804 0.7804 0.7804  #diffuseColor
		transparency      0.0000                #transparency
	} #Material

	IndexedFaceSet {
		coordIndex [ 
		 0, 1, 2, 3,-1,
		 3, 2, 1, 0,-1,
		 0, 3, 7, 4,-1,
		 4, 7, 3, 0,-1,
		 1, 0, 4, 5,-1,
		 5, 4, 0, 1,-1,
		 2, 1, 5, 6,-1,
		 6, 5, 1, 2,-1,
		 3, 2, 6, 7,-1,
		 7, 6, 2, 3,-1,
		 7, 6, 5, 4,-1,
		 4, 5, 6, 7,-1,
		]
	} #IndexedFaceSet
} #Polyhedron
Separator { #Polyhedron
	DEF COORD11 Coordinate3 {
		point [
		 -6.0452 2.0320 -1.6256,
		 -5.8166 2.0320 -1.6256,
		 -5.8166 2.0320 -1.3716,
		 -6.0452 2.0320 -1.3716,
		 -6.0452 1.8288 -1.6256,
		 -5.8166 1.8288 -1.6256,
		 -5.8166 1.8288 -1.3716,
		 -6.0452 1.8288 -1.3716
		]
	} #Coordinate3
	Material {
		ambientColor      0.1951 0.1951 0.1951  #ambientColor
		diffuseColor      0.7804 0.7804 0.7804  #diffuseColor
		transparency      0.0000                #transparency
	} #Material

	IndexedFaceSet {
		coordIndex [ 
		 0, 1, 2, 3,-1,
		 3, 2, 1, 0,-1,
		 0, 3, 7, 4,-1,
		 4, 7, 3, 0,-1,
		 1, 0, 4, 5,-1,
		 5, 4, 0, 1,-1,
		 2, 1, 5, 6,-1,
		 6, 5, 1, 2,-1,
		 3, 2, 6, 7,-1,
		 7, 6, 2, 3,-1,
		 7, 6, 5, 4,-1,
		 4, 5, 6, 7,-1,
		]
	} #IndexedFaceSet
} #Polyhedron
Separator { #Polyhedron
	DEF COORD12 Coordinate3 {
		point [
		 -6.0452 1.8288 -2.0828,
		 -5.5372 1.8288 -2.0828,
		 -5.5372 1.8288 -0.9652,
		 -6.0452 1.8288 -0.9652,
		 -6.0452 1.7780 -2.0828,
		 -5.5372 1.7780 -2.0828,
		 -5.5372 1.7780 -0.9652,
		 -6.0452 1.7780 -0.9652
		]
	} #Coordinate3
	Material {
		ambientColor      0.1951 0.1951 0.1951  #ambientColor
		diffuseColor      0.7804 0.7804 0.7804  #diffuseColor
		transparency      0.0000                #transparency
	} #Material

	IndexedFaceSet {
		coordIndex [ 
		 0, 1, 2, 3,-1,
		 3, 2, 1, 0,-1,
		 0, 3, 7, 4,-1,
		 4, 7, 3, 0,-1,
		 1, 0, 4, 5,-1,
		 5, 4, 0, 1,-1,
		 2, 1, 5, 6,-1,
		 6, 5, 1, 2,-1,
		 3, 2, 6, 7,-1,
		 7, 6, 2, 3,-1,
		 7, 6, 5, 4,-1,
		 4, 5, 6, 7,-1,
		]
	} #IndexedFaceSet
} #Polyhedron
Separator { #Polyhedron
	DEF COORD13 Coordinate3 {
		point [
		 -5.4801 0.0508 -1.5240,
		 -5.4801 1.4224 -1.5240,
		 -5.4801 1.4224 -0.9652,
		 -5.4801 0.0508 -0.9652,
		 -5.4674 0.0508 -1.5240,
		 -5.4674 1.4224 -1.5240,
		 -5.4674 1.4224 -0.9652,
		 -5.4674 0.0508 -0.9652
		]
	} #Coordinate3
	Material {
		ambientColor      0.1951 0.1951 0.1951  #ambientColor
		diffuseColor      0.7804 0.7804 0.7804  #diffuseColor
		transparency      0.0000                #transparency
	} #Material

	Texture2 {
		filename ""  #filename
		wrapS REPEAT 
		wrapT REPEAT 
	} #Texture2

	IndexedFaceSet {
		coordIndex [ 
		 0, 1, 2, 3,-1,
		 3, 2, 1, 0,-1,
		 0, 3, 7, 4,-1,
		 4, 7, 3, 0,-1,
		 1, 0, 4, 5,-1,
		 5, 4, 0, 1,-1,
		 2, 1, 5, 6,-1,
		 6, 5, 1, 2,-1,
		 3, 2, 6, 7,-1,
		 7, 6, 2, 3,-1,
		 7, 6, 5, 4,-1,
		 4, 5, 6, 7,-1,
		]
	} #IndexedFaceSet
} #Polyhedron
Separator { #Polyhedron
	DEF COORD14 Coordinate3 {
		point [
		 -5.4801 1.4224 -1.5240,
		 -5.4801 0.0508 -1.5240,
		 -5.4801 0.0508 -2.0828,
		 -5.4801 1.4224 -2.0828,
		 -5.4674 1.4224 -1.5240,
		 -5.4674 0.0508 -1.5240,
		 -5.4674 0.0508 -2.0828,
		 -5.4674 1.4224 -2.0828
		]
	} #Coordinate3
	Material {
		ambientColor      0.1951 0.1951 0.1951  #ambientColor
		diffuseColor      0.7804 0.7804 0.7804  #diffuseColor
		transparency      0.0000                #transparency
	} #Material

	IndexedFaceSet {
		coordIndex [ 
		 0, 1, 2, 3,-1,
		 3, 2, 1, 0,-1,
		 0, 3, 7, 4,-1,
		 4, 7, 3, 0,-1,
		 1, 0, 4, 5,-1,
		 5, 4, 0, 1,-1,
		 2, 1, 5, 6,-1,
		 6, 5, 1, 2,-1,
		 3, 2, 6, 7,-1,
		 7, 6, 2, 3,-1,
		 7, 6, 5, 4,-1,
		 4, 5, 6, 7,-1,
		]
	} #IndexedFaceSet
} #Polyhedron
Separator { #Polyhedron
	DEF COORD15 Coordinate3 {
		point [
		 -5.4674 1.3843 -1.5177,
		 -5.4674 1.3780 -1.5177,
		 -5.3975 1.3780 -1.5177,
		 -5.3975 1.3843 -1.5177,
		 -5.4674 1.3843 -1.4224,
		 -5.4674 1.3780 -1.4224,
		 -5.3975 1.3780 -1.4224,
		 -5.3975 1.3843 -1.4224
		]
	} #Coordinate3
	Material {
		ambientColor      0.1324 0.1324 0.1324  #ambientColor
		diffuseColor      0.5294 0.5294 0.5294  #diffuseColor
		transparency      0.0000                #transparency
	} #Material

	IndexedFaceSet {
		coordIndex [ 
		 0, 1, 2, 3,-1,
		 3, 2, 1, 0,-1,
		 0, 3, 7, 4,-1,
		 4, 7, 3, 0,-1,
		 1, 0, 4, 5,-1,
		 5, 4, 0, 1,-1,
		 2, 1, 5, 6,-1,
		 6, 5, 1, 2,-1,
		 3, 2, 6, 7,-1,
		 7, 6, 2, 3,-1,
		 7, 6, 5, 4,-1,
		 4, 5, 6, 7,-1,
		]
	} #IndexedFaceSet
} #Polyhedron
Separator { #Polyhedron
	DEF COORD16 Coordinate3 {
		point [
		 -5.4039 1.3780 -1.5177,
		 -5.4039 1.2002 -1.5177,
		 -5.3975 1.2002 -1.5177,
		 -5.3975 1.3780 -1.5177,
		 -5.4039 1.3780 -1.4224,
		 -5.4039 1.2002 -1.4224,
		 -5.3975 1.2002 -1.4224,
		 -5.3975 1.3780 -1.4224
		]
	} #Coordinate3
	Material {
		ambientColor      0.1324 0.1324 0.1324  #ambientColor
		diffuseColor      0.5294 0.5294 0.5294  #diffuseColor
		transparency      0.0000                #transparency
	} #Material

	IndexedFaceSet {
		coordIndex [ 
		 0, 1, 2, 3,-1,
		 3, 2, 1, 0,-1,
		 0, 3, 7, 4,-1,
		 4, 7, 3, 0,-1,
		 1, 0, 4, 5,-1,
		 5, 4, 0, 1,-1,
		 2, 1, 5, 6,-1,
		 6, 5, 1, 2,-1,
		 3, 2, 6, 7,-1,
		 7, 6, 2, 3,-1,
		 7, 6, 5, 4,-1,
		 4, 5, 6, 7,-1,
		]
	} #IndexedFaceSet
} #Polyhedron
Separator { #Polyhedron
	DEF COORD17 Coordinate3 {
		point [
		 -5.4674 1.2002 -1.6256,
		 -5.4674 1.1938 -1.6256,
		 -5.3975 1.1938 -1.6256,
		 -5.3975 1.2002 -1.6256,
		 -5.4674 1.2002 -1.5303,
		 -5.4674 1.1938 -1.5303,
		 -5.3975 1.1938 -1.5303,
		 -5.3975 1.2002 -1.5303
		]
	} #Coordinate3
	Material {
		ambientColor      0.1324 0.1324 0.1324  #ambientColor
		diffuseColor      0.5294 0.5294 0.5294  #diffuseColor
		transparency      0.0000                #transparency
	} #Material

	IndexedFaceSet {
		coordIndex [ 
		 0, 1, 2, 3,-1,
		 3, 2, 1, 0,-1,
		 0, 3, 7, 4,-1,
		 4, 7, 3, 0,-1,
		 1, 0, 4, 5,-1,
		 5, 4, 0, 1,-1,
		 2, 1, 5, 6,-1,
		 6, 5, 1, 2,-1,
		 3, 2, 6, 7,-1,
		 7, 6, 2, 3,-1,
		 7, 6, 5, 4,-1,
		 4, 5, 6, 7,-1,
		]
	} #IndexedFaceSet
} #Polyhedron
Separator { #Polyhedron
	DEF COORD18 Coordinate3 {
		point [
		 -5.4674 1.2002 -1.6256,
		 -5.4674 1.1938 -1.6256,
		 -5.3975 1.1938 -1.6256,
		 -5.3975 1.2002 -1.6256,
		 -5.4674 1.2002 -1.5303,
		 -5.4674 1.1938 -1.5303,
		 -5.3975 1.1938 -1.5303,
		 -5.3975 1.2002 -1.5303
		]
	} #Coordinate3
	Material {
		ambientColor      0.1951 0.1951 0.1951  #ambientColor
		diffuseColor      0.7804 0.7804 0.7804  #diffuseColor
		transparency      0.0000                #transparency
	} #Material

	IndexedFaceSet {
		coordIndex [ 
		 0, 1, 2, 3,-1,
		 3, 2, 1, 0,-1,
		 0, 3, 7, 4,-1,
		 4, 7, 3, 0,-1,
		 1, 0, 4, 5,-1,
		 5, 4, 0, 1,-1,
		 2, 1, 5, 6,-1,
		 6, 5, 1, 2,-1,
		 3, 2, 6, 7,-1,
		 7, 6, 2, 3,-1,
		 7, 6, 5, 4,-1,
		 4, 5, 6, 7,-1,
		]
	} #IndexedFaceSet
} #Polyhedron
Separator { #Polyhedron
	DEF COORD19 Coordinate3 {
		point [
		 -5.4039 1.3780 -1.6256,
		 -5.4039 1.2002 -1.6256,
		 -5.3975 1.2002 -1.6256,
		 -5.3975 1.3780 -1.6256,
		 -5.4039 1.3780 -1.5303,
		 -5.4039 1.2002 -1.5303,
		 -5.3975 1.2002 -1.5303,
		 -5.3975 1.3780 -1.5303
		]
	} #Coordinate3
	Material {
		ambientColor      0.1324 0.1324 0.1324  #ambientColor
		diffuseColor      0.5294 0.5294 0.5294  #diffuseColor
		transparency      0.0000                #transparency
	} #Material

	IndexedFaceSet {
		coordIndex [ 
		 0, 1, 2, 3,-1,
		 3, 2, 1, 0,-1,
		 0, 3, 7, 4,-1,
		 4, 7, 3, 0,-1,
		 1, 0, 4, 5,-1,
		 5, 4, 0, 1,-1,
		 2, 1, 5, 6,-1,
		 6, 5, 1, 2,-1,
		 3, 2, 6, 7,-1,
		 7, 6, 2, 3,-1,
		 7, 6, 5, 4,-1,
		 4, 5, 6, 7,-1,
		]
	} #IndexedFaceSet
} #Polyhedron
Separator { #Polyhedron
	DEF COORD20 Coordinate3 {
		point [
		 -5.4674 1.2002 -1.5177,
		 -5.4674 1.1938 -1.5177,
		 -5.3975 1.1938 -1.5177,
		 -5.3975 1.2002 -1.5177,
		 -5.4674 1.2002 -1.4224,
		 -5.4674 1.1938 -1.4224,
		 -5.3975 1.1938 -1.4224,
		 -5.3975 1.2002 -1.4224
		]
	} #Coordinate3
	Material {
		ambientColor      0.1324 0.1324 0.1324  #ambientColor
		diffuseColor      0.5294 0.5294 0.5294  #diffuseColor
		transparency      0.0000                #transparency
	} #Material

	IndexedFaceSet {
		coordIndex [ 
		 0, 1, 2, 3,-1,
		 3, 2, 1, 0,-1,
		 0, 3, 7, 4,-1,
		 4, 7, 3, 0,-1,
		 1, 0, 4, 5,-1,
		 5, 4, 0, 1,-1,
		 2, 1, 5, 6,-1,
		 6, 5, 1, 2,-1,
		 3, 2, 6, 7,-1,
		 7, 6, 2, 3,-1,
		 7, 6, 5, 4,-1,
		 4, 5, 6, 7,-1,
		]
	} #IndexedFaceSet
} #Polyhedron
Separator { #Polyhedron
	DEF COORD21 Coordinate3 {
		point [
		 -5.4674 1.3843 -1.6256,
		 -5.4674 1.3780 -1.6256,
		 -5.3975 1.3780 -1.6256,
		 -5.3975 1.3843 -1.6256,
		 -5.4674 1.3843 -1.5303,
		 -5.4674 1.3780 -1.5303,
		 -5.3975 1.3780 -1.5303,
		 -5.3975 1.3843 -1.5303
		]
	} #Coordinate3
	Material {
		ambientColor      0.1324 0.1324 0.1324  #ambientColor
		diffuseColor      0.5294 0.5294 0.5294  #diffuseColor
		transparency      0.0000                #transparency
	} #Material

	IndexedFaceSet {
		coordIndex [ 
		 0, 1, 2, 3,-1,
		 3, 2, 1, 0,-1,
		 0, 3, 7, 4,-1,
		 4, 7, 3, 0,-1,
		 1, 0, 4, 5,-1,
		 5, 4, 0, 1,-1,
		 2, 1, 5, 6,-1,
		 6, 5, 1, 2,-1,
		 3, 2, 6, 7,-1,
		 7, 6, 2, 3,-1,
		 7, 6, 5, 4,-1,
		 4, 5, 6, 7,-1,
		]
	} #IndexedFaceSet
} #Polyhedron
Separator { #Polyhedron
	DEF COORD22 Coordinate3 {
		point [
		 -5.1816 2.4384 -0.0000,
		 -5.1816 2.4384 -0.6096,
		 -3.9624 2.4384 -0.6096,
		 -3.9624 2.4384 -0.0000,
		 -5.1816 0.0000 -0.0000,
		 -5.1816 0.0000 -0.6096,
		 -3.9624 0.0000 -0.6096,
		 -3.9624 0.0000 -0.0000,
		 -5.1816 1.5748 -0.6096,
		 -3.9624 1.5748 -0.6096,
		 -4.0132 2.3876 -0.6096,
		 -4.0132 1.5748 -0.6096,
		 -3.9624 1.5748 -0.6096,
		 -3.9624 2.3876 -0.6096,
		 -3.9624 2.3876 -0.6096,
		 -5.1816 2.3876 -0.6096,
		 -5.1308 1.5748 -0.6096,
		 -5.1308 2.3876 -0.6096,
		 -5.1816 2.3876 -0.6096,
		 -5.1816 1.5748 -0.6096,
		 -3.9624 1.5748 -0.6096,
		 -5.1816 1.5748 -0.6096,
		 -3.9624 2.3876 -0.6096,
		 -3.9624 1.5748 -0.6096,
		 -5.1816 2.3876 -0.6096,
		 -3.9624 2.3876 -0.6096,
		 -5.1816 1.5748 -0.6096,
		 -5.1816 2.3876 -0.6096
		]
	} #Coordinate3
	Material {
		ambientColor      0.1951 0.1951 0.1951  #ambientColor
		diffuseColor      0.7804 0.7804 0.7804  #diffuseColor
		transparency      0.0000                #transparency
	} #Material

	Texture2 {
		filename ""  #filename
		wrapS REPEAT 
		wrapT REPEAT 
	} #Texture2

	IndexedFaceSet {
		coordIndex [ 
		 0, 1, 2, 3,-1,
		 3, 2, 1, 0,-1,
		 0, 3, 7, 4,-1,
		 4, 7, 3, 0,-1,
		 1, 0, 4, 5,-1,
		 5, 4, 0, 1,-1,
		 8, 5, 6, 9,-1,
		 10, 11, 12, 13,-1,
		 14, 2, 1, 15,-1,
		 16, 17, 18, 19,-1,
		 20, 6, 5, 21,-1,
		 22, 23, 11, 10,-1,
		 24, 1, 2, 25,-1,
		 26, 27, 17, 16,-1,
		 3, 2, 6, 7,-1,
		 7, 6, 2, 3,-1,
		 7, 6, 5, 4,-1,
		 4, 5, 6, 7,-1,
		]
	} #IndexedFaceSet
} #Polyhedron
Separator { #Polyhedron
	DEF COORD23 Coordinate3 {
		point [
		 -5.1308 2.3876 -0.0508,
		 -5.1308 2.3876 -0.6096,
		 -4.0132 2.3876 -0.6096,
		 -4.0132 2.3876 -0.0508,
		 -5.1308 1.5748 -0.0508,
		 -5.1308 1.5748 -0.6096,
		 -4.0132 1.5748 -0.6096,
		 -4.0132 1.5748 -0.0508
		]
	} #Coordinate3
	Material {
		ambientColor      0.1951 0.1951 0.1951  #ambientColor
		diffuseColor      0.7804 0.7804 0.7804  #diffuseColor
		transparency      0.0000                #transparency
	} #Material

	IndexedFaceSet {
		coordIndex [ 
		 0, 1, 2, 3,-1,
		 3, 2, 1, 0,-1,
		 0, 3, 7, 4,-1,
		 4, 7, 3, 0,-1,
		 1, 0, 4, 5,-1,
		 5, 4, 0, 1,-1,
		]
	} #IndexedFaceSet
	Material {
		ambientColor      0.1951 0.1951 0.1951  #ambientColor
		diffuseColor      0.7804 0.7804 0.7804  #diffuseColor
		transparency      1.0000                #transparency
	} #Material

	IndexedFaceSet {
		coordIndex [ 
		 6, 5, 1, 2,-1,
		]
	} #IndexedFaceSet
	Material {
		ambientColor      0.1951 0.1951 0.1951  #ambientColor
		diffuseColor      0.7804 0.7804 0.7804  #diffuseColor
		transparency      0.0000                #transparency
	} #Material

	IndexedFaceSet {
		coordIndex [ 
		 3, 2, 6, 7,-1,
		 7, 6, 2, 3,-1,
		 7, 6, 5, 4,-1,
		 4, 5, 6, 7,-1,
		]
	} #IndexedFaceSet
} #Polyhedron
Separator { #Polyhedron
	DEF COORD24 Coordinate3 {
		point [
		 -4.3180 2.1336 -0.0762,
		 -4.3180 2.1336 -0.4572,
		 -4.0386 2.1336 -0.4572,
		 -4.0386 2.1336 -0.0762,
		 -4.3180 1.5748 -0.0762,
		 -4.3180 1.5748 -0.4572,
		 -4.0386 1.5748 -0.4572,
		 -4.0386 1.5748 -0.0762,
		 -4.3180 1.6002 -0.4572,
		 -4.0386 1.6002 -0.4572,
		 -4.0640 2.1082 -0.4572,
		 -4.0640 1.6002 -0.4572,
		 -4.0386 1.6002 -0.4572,
		 -4.0386 2.1082 -0.4572,
		 -4.0386 2.1082 -0.4572,
		 -4.3180 2.1082 -0.4572,
		 -4.2926 1.6002 -0.4572,
		 -4.2926 2.1082 -0.4572,
		 -4.3180 1.6002 -0.4572,
		 -4.0386 1.6002 -0.4572,
		 -4.3180 1.6002 -0.4572,
		 -4.0386 2.1082 -0.4572,
		 -4.0386 1.6002 -0.4572,
		 -4.3180 2.1082 -0.4572,
		 -4.0386 2.1082 -0.4572,
		 -4.3180 1.6002 -0.4572
		]
	} #Coordinate3
	Material {
		ambientColor      0.0549 0.0549 0.0549  #ambientColor
		diffuseColor      0.2196 0.2196 0.2196  #diffuseColor
		transparency      0.0000                #transparency
	} #Material

	IndexedFaceSet {
		coordIndex [ 
		 0, 1, 2, 3,-1,
		 3, 2, 1, 0,-1,
		 0, 3, 7, 4,-1,
		 4, 7, 3, 0,-1,
		 1, 0, 4, 5,-1,
		 5, 4, 0, 1,-1,
		 8, 5, 6, 9,-1,
		 10, 11, 12, 13,-1,
		 14, 2, 1, 15,-1,
		 16, 17, 15, 18,-1,
		]
	} #IndexedFaceSet
	Material {
		ambientColor      0.0000 0.0000 0.0000  #ambientColor
		diffuseColor      0.0000 0.0000 0.0000  #diffuseColor
		transparency      0.0000                #transparency
	} #Material

	IndexedFaceSet {
		coordIndex [ 
		 17, 16, 11, 10,-1,
		]
	} #IndexedFaceSet
	Material {
		ambientColor      0.0549 0.0549 0.0549  #ambientColor
		diffuseColor      0.2196 0.2196 0.2196  #diffuseColor
		transparency      0.0000                #transparency
	} #Material

	IndexedFaceSet {
		coordIndex [ 
		 19, 6, 5, 20,-1,
		 21, 22, 11, 10,-1,
		 23, 1, 2, 24,-1,
		 25, 23, 17, 16,-1,
		]
	} #IndexedFaceSet
	Material {
		ambientColor      0.0000 0.0000 0.0000  #ambientColor
		diffuseColor      0.0000 0.0000 0.0000  #diffuseColor
		transparency      0.0000                #transparency
	} #Material

	IndexedFaceSet {
		coordIndex [ 
		 10, 11, 16, 17,-1,
		]
	} #IndexedFaceSet
	Material {
		ambientColor      0.0549 0.0549 0.0549  #ambientColor
		diffuseColor      0.2196 0.2196 0.2196  #diffuseColor
		transparency      0.0000                #transparency
	} #Material

	IndexedFaceSet {
		coordIndex [ 
		 3, 2, 6, 7,-1,
		 7, 6, 2, 3,-1,
		 7, 6, 5, 4,-1,
		 4, 5, 6, 7,-1,
		]
	} #IndexedFaceSet
} #Polyhedron
Separator { #Polyhedron
	DEF COORD25 Coordinate3 {
		point [
		 -4.8006 1.6764 -0.0762,
		 -4.8006 1.6764 -0.4064,
		 -4.3434 1.6764 -0.4064,
		 -4.3434 1.6764 -0.0762,
		 -4.8006 1.5748 -0.0762,
		 -4.8006 1.5748 -0.4064,
		 -4.3434 1.5748 -0.4064,
		 -4.3434 1.5748 -0.0762,
		 -4.8006 1.5875 -0.4064,
		 -4.3434 1.5875 -0.4064,
		 -4.3561 1.6129 -0.4064,
		 -4.3561 1.5875 -0.4064,
		 -4.3434 1.5875 -0.4064,
		 -4.3434 1.6129 -0.4064,
		 -4.3434 1.6129 -0.4064,
		 -4.3434 1.6256 -0.4064,
		 -4.8006 1.6256 -0.4064,
		 -4.8006 1.6129 -0.4064,
		 -4.3942 1.6129 -0.4064,
		 -4.3942 1.5875 -0.4064,
		 -4.3879 1.5875 -0.4064,
		 -4.3879 1.6129 -0.4064,
		 -4.4323 1.6129 -0.4064,
		 -4.4323 1.5875 -0.4064,
		 -4.4260 1.5875 -0.4064,
		 -4.4260 1.6129 -0.4064,
		 -4.4704 1.6129 -0.4064,
		 -4.4704 1.5875 -0.4064,
		 -4.4641 1.5875 -0.4064,
		 -4.4641 1.6129 -0.4064,
		 -4.5085 1.6129 -0.4064,
		 -4.5085 1.5875 -0.4064,
		 -4.5022 1.5875 -0.4064,
		 -4.5022 1.6129 -0.4064,
		 -4.5403 1.5875 -0.4064,
		 -4.5403 1.6129 -0.4064,
		 -4.8006 1.5875 -0.4064,
		 -4.3561 1.6637 -0.4064,
		 -4.3561 1.6256 -0.4064,
		 -4.3434 1.6256 -0.4064,
		 -4.3434 1.6637 -0.4064,
		 -4.3434 1.6637 -0.4064,
		 -4.8006 1.6637 -0.4064,
		 -4.5847 1.6637 -0.4064,
		 -4.5847 1.6256 -0.4064,
		 -4.5720 1.6256 -0.4064,
		 -4.5720 1.6637 -0.4064,
		 -4.7879 1.6256 -0.4064,
		 -4.7879 1.6637 -0.4064,
		 -4.8006 1.6256 -0.4064,
		 -4.5720 1.6383 -0.4064,
		 -4.5720 1.6256 -0.4064,
		 -4.3561 1.6383 -0.4064,
		 -4.3815 1.6510 -0.4064,
		 -4.3815 1.6383 -0.4064,
		 -4.3561 1.6383 -0.4064,
		 -4.3561 1.6510 -0.4064,
		 -4.3561 1.6510 -0.4064,
		 -4.5720 1.6510 -0.4064,
		 -4.4641 1.6510 -0.4064,
		 -4.4641 1.6383 -0.4064,
		 -4.4577 1.6383 -0.4064,
		 -4.4577 1.6510 -0.4064,
		 -4.5530 1.6383 -0.4064,
		 -4.5530 1.6510 -0.4064,
		 -4.5720 1.6383 -0.4064,
		 -4.7879 1.6320 -0.4064,
		 -4.7879 1.6256 -0.4064,
		 -4.5847 1.6256 -0.4064,
		 -4.5847 1.6320 -0.4064,
		 -4.5911 1.6574 -0.4064,
		 -4.5911 1.6320 -0.4064,
		 -4.5847 1.6320 -0.4064,
		 -4.5847 1.6574 -0.4064,
		 -4.5847 1.6574 -0.4064,
		 -4.7879 1.6574 -0.4064,
		 -4.6228 1.6383 -0.4064,
		 -4.6228 1.6320 -0.4064,
		 -4.6101 1.6320 -0.4064,
		 -4.6101 1.6383 -0.4064,
		 -4.6228 1.6447 -0.4064,
		 -4.6228 1.6383 -0.4064,
		 -4.6101 1.6383 -0.4064,
		 -4.6101 1.6447 -0.4064,
		 -4.6736 1.6383 -0.4064,
		 -4.6736 1.6447 -0.4064,
		 -4.7435 1.6447 -0.4064,
		 -4.7435 1.6383 -0.4064,
		 -4.7816 1.6383 -0.4064,
		 -4.7816 1.6447 -0.4064,
		 -4.7879 1.6447 -0.4064,
		 -4.7879 1.6383 -0.4064,
		 -4.6228 1.6510 -0.4064,
		 -4.6228 1.6447 -0.4064,
		 -4.6101 1.6510 -0.4064,
		 -4.7435 1.6510 -0.4064,
		 -4.7435 1.6447 -0.4064,
		 -4.7181 1.6447 -0.4064,
		 -4.7181 1.6510 -0.4064,
		 -4.7562 1.6510 -0.4064,
		 -4.7562 1.6447 -0.4064,
		 -4.7498 1.6447 -0.4064,
		 -4.7498 1.6510 -0.4064,
		 -4.7816 1.6447 -0.4064,
		 -4.7816 1.6510 -0.4064,
		 -4.7879 1.6510 -0.4064,
		 -4.7879 1.6447 -0.4064,
		 -4.7435 1.6383 -0.4064,
		 -4.7435 1.6320 -0.4064,
		 -4.7117 1.6320 -0.4064,
		 -4.7117 1.6383 -0.4064,
		 -4.7816 1.6320 -0.4064,
		 -4.7816 1.6383 -0.4064,
		 -4.7879 1.6320 -0.4064,
		 -4.6228 1.6574 -0.4064,
		 -4.6228 1.6510 -0.4064,
		 -4.6101 1.6510 -0.4064,
		 -4.6101 1.6574 -0.4064,
		 -4.7562 1.6574 -0.4064,
		 -4.7562 1.6510 -0.4064,
		 -4.6863 1.6510 -0.4064,
		 -4.6863 1.6574 -0.4064,
		 -4.7752 1.6574 -0.4064,
		 -4.7752 1.6510 -0.4064,
		 -4.7625 1.6510 -0.4064,
		 -4.7625 1.6574 -0.4064,
		 -4.7816 1.6510 -0.4064,
		 -4.7816 1.6574 -0.4064,
		 -4.7879 1.6510 -0.4064,
		 -4.6101 1.6320 -0.4064,
		 -4.6863 1.6510 -0.4064,
		 -4.7117 1.6320 -0.4064,
		 -4.7181 1.6447 -0.4064,
		 -4.7498 1.6320 -0.4064,
		 -4.7625 1.6320 -0.4064,
		 -4.7562 1.6320 -0.4064,
		 -4.7562 1.6447 -0.4064,
		 -4.7562 1.6320 -0.4064,
		 -4.7498 1.6320 -0.4064,
		 -4.7498 1.6447 -0.4064,
		 -4.7752 1.6510 -0.4064,
		 -4.7752 1.6320 -0.4064,
		 -4.7625 1.6320 -0.4064,
		 -4.7625 1.6510 -0.4064,
		 -4.7752 1.6320 -0.4064,
		 -4.4577 1.6383 -0.4064,
		 -4.3879 1.5875 -0.4064,
		 -4.4260 1.5875 -0.4064,
		 -4.4641 1.5875 -0.4064,
		 -4.5022 1.5875 -0.4064,
		 -4.3434 1.5875 -0.4064,
		 -4.8006 1.5875 -0.4064,
		 -4.3434 1.6129 -0.4064,
		 -4.3434 1.5875 -0.4064,
		 -4.8006 1.6129 -0.4064,
		 -4.8006 1.6256 -0.4064,
		 -4.3434 1.6256 -0.4064,
		 -4.3434 1.6129 -0.4064,
		 -4.3879 1.5875 -0.4064,
		 -4.4260 1.5875 -0.4064,
		 -4.4641 1.5875 -0.4064,
		 -4.5022 1.5875 -0.4064,
		 -4.8006 1.5875 -0.4064,
		 -4.3434 1.6637 -0.4064,
		 -4.3434 1.6256 -0.4064,
		 -4.8006 1.6637 -0.4064,
		 -4.3434 1.6637 -0.4064,
		 -4.5720 1.6256 -0.4064,
		 -4.5847 1.6256 -0.4064,
		 -4.8006 1.6256 -0.4064,
		 -4.7879 1.6256 -0.4064,
		 -4.3561 1.6383 -0.4064,
		 -4.5720 1.6383 -0.4064,
		 -4.3561 1.6510 -0.4064,
		 -4.3561 1.6383 -0.4064,
		 -4.5720 1.6510 -0.4064,
		 -4.3561 1.6510 -0.4064,
		 -4.4577 1.6383 -0.4064,
		 -4.5720 1.6383 -0.4064,
		 -4.5847 1.6320 -0.4064,
		 -4.7879 1.6320 -0.4064,
		 -4.5847 1.6574 -0.4064,
		 -4.5847 1.6320 -0.4064,
		 -4.7879 1.6574 -0.4064,
		 -4.5847 1.6574 -0.4064,
		 -4.6101 1.6383 -0.4064,
		 -4.6101 1.6320 -0.4064,
		 -4.6101 1.6447 -0.4064,
		 -4.6101 1.6383 -0.4064,
		 -4.7435 1.6383 -0.4064,
		 -4.7435 1.6447 -0.4064,
		 -4.7879 1.6383 -0.4064,
		 -4.7879 1.6447 -0.4064,
		 -4.7816 1.6447 -0.4064,
		 -4.7816 1.6383 -0.4064,
		 -4.6101 1.6510 -0.4064,
		 -4.7181 1.6447 -0.4064,
		 -4.7435 1.6447 -0.4064,
		 -4.7498 1.6447 -0.4064,
		 -4.7562 1.6447 -0.4064,
		 -4.7562 1.6510 -0.4064,
		 -4.7879 1.6447 -0.4064,
		 -4.7879 1.6510 -0.4064,
		 -4.7816 1.6510 -0.4064,
		 -4.7816 1.6447 -0.4064,
		 -4.7117 1.6320 -0.4064,
		 -4.7435 1.6383 -0.4064,
		 -4.7879 1.6320 -0.4064,
		 -4.7816 1.6383 -0.4064,
		 -4.6101 1.6510 -0.4064,
		 -4.6863 1.6510 -0.4064,
		 -4.7562 1.6510 -0.4064,
		 -4.7625 1.6510 -0.4064,
		 -4.7752 1.6510 -0.4064,
		 -4.7879 1.6510 -0.4064,
		 -4.7816 1.6510 -0.4064
		]
	} #Coordinate3
	Material {
		ambientColor      0.0549 0.0549 0.0549  #ambientColor
		diffuseColor      0.2196 0.2196 0.2196  #diffuseColor
		transparency      0.0000                #transparency
	} #Material

	Texture2 {
		filename ""  #filename
		wrapS REPEAT 
		wrapT REPEAT 
	} #Texture2

	IndexedFaceSet {
		coordIndex [ 
		 0, 1, 2, 3,-1,
		 3, 2, 1, 0,-1,
		 0, 3, 7, 4,-1,
		 4, 7, 3, 0,-1,
		 1, 0, 4, 5,-1,
		 5, 4, 0, 1,-1,
		 8, 5, 6, 9,-1,
		 10, 11, 12, 13,-1,
		 14, 15, 16, 17,-1,
		 18, 19, 20, 21,-1,
		 22, 23, 24, 25,-1,
		 26, 27, 28, 29,-1,
		 30, 31, 32, 33,-1,
		 34, 35, 17, 36,-1,
		 37, 38, 39, 40,-1,
		 41, 2, 1, 42,-1,
		 43, 44, 45, 46,-1,
		 47, 48, 42, 49,-1,
		]
	} #IndexedFaceSet
	Material {
		ambientColor      0.0000 0.0000 0.0000  #ambientColor
		diffuseColor      0.0000 0.0000 0.0000  #diffuseColor
		transparency      0.0000                #transparency
	} #Material

	IndexedFaceSet {
		coordIndex [ 
		 50, 51, 38, 52,-1,
		 53, 54, 55, 56,-1,
		 57, 37, 46, 58,-1,
		 59, 60, 61, 62,-1,
		 63, 64, 58, 65,-1,
		 66, 67, 68, 69,-1,
		 70, 71, 72, 73,-1,
		 74, 43, 48, 75,-1,
		 76, 77, 78, 79,-1,
		 80, 81, 82, 83,-1,
		 84, 85, 86, 87,-1,
		 88, 89, 90, 91,-1,
		 92, 93, 83, 94,-1,
		 95, 96, 97, 98,-1,
		 99, 100, 101, 102,-1,
		 103, 104, 105, 106,-1,
		 107, 108, 109, 110,-1,
		 111, 112, 91, 113,-1,
		 114, 115, 116, 117,-1,
		 118, 119, 120, 121,-1,
		 122, 123, 124, 125,-1,
		 126, 127, 75, 128,-1,
		]
	} #IndexedFaceSet
	Material {
		ambientColor      0.0000 0.2500 0.0000  #ambientColor
		diffuseColor      0.0000 1.0000 0.0000  #diffuseColor
		transparency      0.0000                #transparency
	} #Material

	IndexedFaceSet {
		coordIndex [ 
		 117, 129, 71, 70,-1,
		 121, 130, 115, 114,-1,
		 110, 131, 77, 76,-1,
		 93, 92, 98, 132,-1,
		 102, 133, 108, 95,-1,
		 125, 134, 135, 118,-1,
		 85, 84, 81, 80,-1,
		 136, 137, 138, 139,-1,
		 140, 141, 142, 143,-1,
		 127, 111, 144, 122,-1,
		]
	} #IndexedFaceSet
	Material {
		ambientColor      0.1951 0.1951 0.1951  #ambientColor
		diffuseColor      0.7804 0.7804 0.7804  #diffuseColor
		transparency      0.0000                #transparency
	} #Material

	IndexedFaceSet {
		coordIndex [ 
		 62, 145, 54, 53,-1,
		 64, 63, 60, 59,-1,
		]
	} #IndexedFaceSet
	Material {
		ambientColor      0.0000 0.0000 0.0000  #ambientColor
		diffuseColor      0.0000 0.0000 0.0000  #diffuseColor
		transparency      0.0000                #transparency
	} #Material

	IndexedFaceSet {
		coordIndex [ 
		 21, 146, 11, 10,-1,
		 25, 147, 19, 18,-1,
		 29, 148, 23, 22,-1,
		 33, 149, 27, 26,-1,
		 35, 34, 31, 30,-1,
		]
	} #IndexedFaceSet
	Material {
		ambientColor      0.0549 0.0549 0.0549  #ambientColor
		diffuseColor      0.2196 0.2196 0.2196  #diffuseColor
		transparency      0.0000                #transparency
	} #Material

	IndexedFaceSet {
		coordIndex [ 
		 150, 6, 5, 151,-1,
		 152, 153, 11, 10,-1,
		 154, 155, 156, 157,-1,
		 21, 158, 19, 18,-1,
		 25, 159, 23, 22,-1,
		 29, 160, 27, 26,-1,
		 33, 161, 31, 30,-1,
		 162, 154, 35, 34,-1,
		 163, 164, 38, 37,-1,
		 165, 1, 2, 166,-1,
		 46, 167, 168, 43,-1,
		 169, 165, 48, 170,-1,
		]
	} #IndexedFaceSet
	Material {
		ambientColor      0.0000 0.0000 0.0000  #ambientColor
		diffuseColor      0.0000 0.0000 0.0000  #diffuseColor
		transparency      0.0000                #transparency
	} #Material

	IndexedFaceSet {
		coordIndex [ 
		 171, 38, 51, 172,-1,
		 173, 174, 54, 53,-1,
		 175, 46, 37, 176,-1,
		 62, 177, 60, 59,-1,
		 178, 175, 64, 63,-1,
		 179, 68, 67, 180,-1,
		 181, 182, 71, 70,-1,
		 183, 48, 43, 184,-1,
		 185, 186, 77, 76,-1,
		 187, 188, 81, 80,-1,
		 189, 190, 85, 84,-1,
		 191, 192, 193, 194,-1,
		 195, 187, 93, 92,-1,
		 98, 196, 197, 95,-1,
		 102, 198, 199, 200,-1,
		 201, 202, 203, 204,-1,
		 110, 205, 108, 206,-1,
		 207, 191, 208, 111,-1,
		 117, 209, 115, 114,-1,
		 121, 210, 211, 118,-1,
		 125, 212, 213, 122,-1,
		 214, 183, 127, 215,-1,
		]
	} #IndexedFaceSet
	Material {
		ambientColor      0.0000 0.2500 0.0000  #ambientColor
		diffuseColor      0.0000 1.0000 0.0000  #diffuseColor
		transparency      0.0000                #transparency
	} #Material

	IndexedFaceSet {
		coordIndex [ 
		 70, 71, 129, 117,-1,
		 114, 115, 130, 121,-1,
		 76, 77, 131, 110,-1,
		 132, 98, 92, 93,-1,
		 95, 108, 133, 102,-1,
		 118, 135, 134, 125,-1,
		 80, 81, 84, 85,-1,
		 139, 138, 137, 136,-1,
		 143, 142, 141, 140,-1,
		 122, 144, 111, 127,-1,
		]
	} #IndexedFaceSet
	Material {
		ambientColor      0.1951 0.1951 0.1951  #ambientColor
		diffuseColor      0.7804 0.7804 0.7804  #diffuseColor
		transparency      0.0000                #transparency
	} #Material

	IndexedFaceSet {
		coordIndex [ 
		 53, 54, 145, 62,-1,
		 59, 60, 63, 64,-1,
		]
	} #IndexedFaceSet
	Material {
		ambientColor      0.0000 0.0000 0.0000  #ambientColor
		diffuseColor      0.0000 0.0000 0.0000  #diffuseColor
		transparency      0.0000                #transparency
	} #Material

	IndexedFaceSet {
		coordIndex [ 
		 10, 11, 146, 21,-1,
		 18, 19, 147, 25,-1,
		 22, 23, 148, 29,-1,
		 26, 27, 149, 33,-1,
		 30, 31, 34, 35,-1,
		]
	} #IndexedFaceSet
	Material {
		ambientColor      0.0549 0.0549 0.0549  #ambientColor
		diffuseColor      0.2196 0.2196 0.2196  #diffuseColor
		transparency      0.0000                #transparency
	} #Material

	IndexedFaceSet {
		coordIndex [ 
		 3, 2, 6, 7,-1,
		 7, 6, 2, 3,-1,
		 7, 6, 5, 4,-1,
		 4, 5, 6, 7,-1,
		]
	} #IndexedFaceSet
} #Polyhedron
Separator { #Polyhedron
	DEF COORD26 Coordinate3 {
		point [
		 -4.7752 1.9812 -0.0762,
		 -4.7752 1.9812 -0.3810,
		 -4.3688 1.9812 -0.3810,
		 -4.3688 1.9812 -0.0762,
		 -4.7752 1.6764 -0.0762,
		 -4.7752 1.6764 -0.3810,
		 -4.3688 1.6764 -0.3810,
		 -4.3688 1.6764 -0.0762,
		 -4.7752 1.6891 -0.3810,
		 -4.3688 1.6891 -0.3810,
		 -4.3815 1.9685 -0.3810,
		 -4.3815 1.6891 -0.3810,
		 -4.3688 1.6891 -0.3810,
		 -4.3688 1.9685 -0.3810,
		 -4.3688 1.9685 -0.3810,
		 -4.7752 1.9685 -0.3810,
		 -4.6990 1.8161 -0.3810,
		 -4.6990 1.6891 -0.3810,
		 -4.6863 1.6891 -0.3810,
		 -4.6863 1.8161 -0.3810,
		 -4.7752 1.9304 -0.3810,
		 -4.7752 1.8161 -0.3810,
		 -4.6863 1.8161 -0.3810,
		 -4.6863 1.9304 -0.3810,
		 -4.6990 1.9685 -0.3810,
		 -4.6990 1.9304 -0.3810,
		 -4.6863 1.9304 -0.3810,
		 -4.6863 1.9685 -0.3810,
		 -4.7625 1.9304 -0.3810,
		 -4.7625 1.9685 -0.3810,
		 -4.7752 1.9304 -0.3810,
		 -4.7625 1.6891 -0.3810,
		 -4.7625 1.8161 -0.3810,
		 -4.7752 1.6891 -0.3810,
		 -4.6863 1.7018 -0.3810,
		 -4.6863 1.6891 -0.3810,
		 -4.3815 1.7018 -0.3810,
		 -4.3942 1.9558 -0.3810,
		 -4.3942 1.7018 -0.3810,
		 -4.3815 1.7018 -0.3810,
		 -4.3815 1.9558 -0.3810,
		 -4.3815 1.9558 -0.3810,
		 -4.6863 1.9558 -0.3810,
		 -4.6736 1.7018 -0.3810,
		 -4.6736 1.9558 -0.3810,
		 -4.6863 1.7018 -0.3810,
		 -4.7625 1.7018 -0.3810,
		 -4.6990 1.7018 -0.3810,
		 -4.7054 1.7082 -0.3810,
		 -4.7054 1.7018 -0.3810,
		 -4.6990 1.7018 -0.3810,
		 -4.6990 1.7082 -0.3810,
		 -4.7181 1.7018 -0.3810,
		 -4.7181 1.7082 -0.3810,
		 -4.7244 1.7082 -0.3810,
		 -4.7244 1.7018 -0.3810,
		 -4.6990 1.7082 -0.3810,
		 -4.6990 1.7145 -0.3810,
		 -4.7625 1.7145 -0.3810,
		 -4.7625 1.7082 -0.3810,
		 -4.7562 1.7018 -0.3810,
		 -4.7562 1.7082 -0.3810,
		 -4.7625 1.7018 -0.3810,
		 -4.7054 1.7209 -0.3810,
		 -4.7054 1.7145 -0.3810,
		 -4.6990 1.7145 -0.3810,
		 -4.6990 1.7209 -0.3810,
		 -4.7181 1.7145 -0.3810,
		 -4.7181 1.7209 -0.3810,
		 -4.7244 1.7209 -0.3810,
		 -4.7244 1.7145 -0.3810,
		 -4.6990 1.7209 -0.3810,
		 -4.6990 1.7272 -0.3810,
		 -4.7625 1.7272 -0.3810,
		 -4.7625 1.7209 -0.3810,
		 -4.7562 1.7145 -0.3810,
		 -4.7562 1.7209 -0.3810,
		 -4.7625 1.7145 -0.3810,
		 -4.7054 1.7336 -0.3810,
		 -4.7054 1.7272 -0.3810,
		 -4.6990 1.7272 -0.3810,
		 -4.6990 1.7336 -0.3810,
		 -4.7181 1.7272 -0.3810,
		 -4.7181 1.7336 -0.3810,
		 -4.7244 1.7336 -0.3810,
		 -4.7244 1.7272 -0.3810,
		 -4.6990 1.7336 -0.3810,
		 -4.6990 1.7399 -0.3810,
		 -4.7625 1.7399 -0.3810,
		 -4.7625 1.7336 -0.3810,
		 -4.7562 1.7272 -0.3810,
		 -4.7562 1.7336 -0.3810,
		 -4.7625 1.7272 -0.3810,
		 -4.7054 1.7463 -0.3810,
		 -4.7054 1.7399 -0.3810,
		 -4.6990 1.7399 -0.3810,
		 -4.6990 1.7463 -0.3810,
		 -4.7181 1.7399 -0.3810,
		 -4.7181 1.7463 -0.3810,
		 -4.7244 1.7463 -0.3810,
		 -4.7244 1.7399 -0.3810,
		 -4.6990 1.7463 -0.3810,
		 -4.6990 1.7526 -0.3810,
		 -4.7625 1.7526 -0.3810,
		 -4.7625 1.7463 -0.3810,
		 -4.7562 1.7399 -0.3810,
		 -4.7562 1.7463 -0.3810,
		 -4.7625 1.7399 -0.3810,
		 -4.7054 1.7590 -0.3810,
		 -4.7054 1.7526 -0.3810,
		 -4.6990 1.7526 -0.3810,
		 -4.6990 1.7590 -0.3810,
		 -4.7181 1.7526 -0.3810,
		 -4.7181 1.7590 -0.3810,
		 -4.7244 1.7590 -0.3810,
		 -4.7244 1.7526 -0.3810,
		 -4.6990 1.7590 -0.3810,
		 -4.6990 1.7653 -0.3810,
		 -4.7625 1.7653 -0.3810,
		 -4.7625 1.7590 -0.3810,
		 -4.7562 1.7526 -0.3810,
		 -4.7562 1.7590 -0.3810,
		 -4.7625 1.7526 -0.3810,
		 -4.7054 1.7717 -0.3810,
		 -4.7054 1.7653 -0.3810,
		 -4.6990 1.7653 -0.3810,
		 -4.6990 1.7717 -0.3810,
		 -4.7181 1.7653 -0.3810,
		 -4.7181 1.7717 -0.3810,
		 -4.7244 1.7717 -0.3810,
		 -4.7244 1.7653 -0.3810,
		 -4.6990 1.7717 -0.3810,
		 -4.6990 1.7780 -0.3810,
		 -4.7625 1.7780 -0.3810,
		 -4.7625 1.7717 -0.3810,
		 -4.7562 1.7653 -0.3810,
		 -4.7562 1.7717 -0.3810,
		 -4.7625 1.7653 -0.3810,
		 -4.7054 1.7844 -0.3810,
		 -4.7054 1.7780 -0.3810,
		 -4.6990 1.7780 -0.3810,
		 -4.6990 1.7844 -0.3810,
		 -4.7181 1.7780 -0.3810,
		 -4.7181 1.7844 -0.3810,
		 -4.7244 1.7844 -0.3810,
		 -4.7244 1.7780 -0.3810,
		 -4.6990 1.7844 -0.3810,
		 -4.6990 1.7907 -0.3810,
		 -4.7625 1.7907 -0.3810,
		 -4.7625 1.7844 -0.3810,
		 -4.7562 1.7780 -0.3810,
		 -4.7562 1.7844 -0.3810,
		 -4.7625 1.7780 -0.3810,
		 -4.7054 1.7971 -0.3810,
		 -4.7054 1.7907 -0.3810,
		 -4.6990 1.7907 -0.3810,
		 -4.6990 1.7971 -0.3810,
		 -4.7181 1.7907 -0.3810,
		 -4.7181 1.7971 -0.3810,
		 -4.7244 1.7971 -0.3810,
		 -4.7244 1.7907 -0.3810,
		 -4.6990 1.7971 -0.3810,
		 -4.6990 1.8034 -0.3810,
		 -4.7625 1.8034 -0.3810,
		 -4.7625 1.7971 -0.3810,
		 -4.7562 1.7907 -0.3810,
		 -4.7562 1.7971 -0.3810,
		 -4.7625 1.7971 -0.3810,
		 -4.7625 1.7907 -0.3810,
		 -4.7054 1.8098 -0.3810,
		 -4.7054 1.8034 -0.3810,
		 -4.6990 1.8034 -0.3810,
		 -4.6990 1.8098 -0.3810,
		 -4.7181 1.8034 -0.3810,
		 -4.7181 1.8098 -0.3810,
		 -4.7244 1.8098 -0.3810,
		 -4.7244 1.8034 -0.3810,
		 -4.6990 1.8098 -0.3810,
		 -4.7625 1.8098 -0.3810,
		 -4.7562 1.8034 -0.3810,
		 -4.7562 1.8098 -0.3810,
		 -4.7625 1.8034 -0.3810,
		 -4.7625 1.9368 -0.3810,
		 -4.6990 1.9368 -0.3810,
		 -4.7054 1.9622 -0.3810,
		 -4.7054 1.9368 -0.3810,
		 -4.6990 1.9368 -0.3810,
		 -4.6990 1.9622 -0.3810,
		 -4.6990 1.9622 -0.3810,
		 -4.7625 1.9622 -0.3810,
		 -4.7244 1.9622 -0.3810,
		 -4.7244 1.9368 -0.3810,
		 -4.7181 1.9368 -0.3810,
		 -4.7181 1.9622 -0.3810,
		 -4.7562 1.9368 -0.3810,
		 -4.7562 1.9622 -0.3810,
		 -4.7625 1.9368 -0.3810,
		 -4.7181 1.9368 -0.3810,
		 -4.3688 1.6891 -0.3810,
		 -4.7752 1.6891 -0.3810,
		 -4.3688 1.9685 -0.3810,
		 -4.3688 1.6891 -0.3810,
		 -4.7752 1.9685 -0.3810,
		 -4.3688 1.9685 -0.3810,
		 -4.6863 1.8161 -0.3810,
		 -4.6863 1.6891 -0.3810,
		 -4.6863 1.9304 -0.3810,
		 -4.6863 1.8161 -0.3810,
		 -4.7752 1.8161 -0.3810,
		 -4.7752 1.9304 -0.3810,
		 -4.6863 1.9304 -0.3810,
		 -4.7752 1.9304 -0.3810,
		 -4.7752 1.6891 -0.3810,
		 -4.3815 1.7018 -0.3810,
		 -4.6863 1.7018 -0.3810,
		 -4.3815 1.9558 -0.3810,
		 -4.3815 1.7018 -0.3810,
		 -4.6863 1.9558 -0.3810,
		 -4.3815 1.9558 -0.3810,
		 -4.6863 1.7018 -0.3810,
		 -4.6990 1.7018 -0.3810,
		 -4.7625 1.7018 -0.3810,
		 -4.6990 1.7082 -0.3810,
		 -4.6990 1.7018 -0.3810,
		 -4.7625 1.7082 -0.3810,
		 -4.7625 1.7145 -0.3810,
		 -4.6990 1.7145 -0.3810,
		 -4.6990 1.7082 -0.3810,
		 -4.7625 1.7018 -0.3810,
		 -4.6990 1.7209 -0.3810,
		 -4.6990 1.7145 -0.3810,
		 -4.7625 1.7209 -0.3810,
		 -4.7625 1.7272 -0.3810,
		 -4.6990 1.7272 -0.3810,
		 -4.6990 1.7209 -0.3810,
		 -4.7625 1.7145 -0.3810,
		 -4.6990 1.7336 -0.3810,
		 -4.6990 1.7272 -0.3810,
		 -4.7625 1.7336 -0.3810,
		 -4.7625 1.7399 -0.3810,
		 -4.6990 1.7399 -0.3810,
		 -4.6990 1.7336 -0.3810,
		 -4.7625 1.7272 -0.3810,
		 -4.6990 1.7463 -0.3810,
		 -4.6990 1.7399 -0.3810,
		 -4.7625 1.7463 -0.3810,
		 -4.7625 1.7526 -0.3810,
		 -4.6990 1.7526 -0.3810,
		 -4.6990 1.7463 -0.3810,
		 -4.7625 1.7399 -0.3810,
		 -4.6990 1.7590 -0.3810,
		 -4.6990 1.7526 -0.3810,
		 -4.7625 1.7590 -0.3810,
		 -4.7625 1.7653 -0.3810,
		 -4.6990 1.7653 -0.3810,
		 -4.6990 1.7590 -0.3810,
		 -4.7625 1.7526 -0.3810,
		 -4.6990 1.7717 -0.3810,
		 -4.6990 1.7653 -0.3810,
		 -4.7625 1.7717 -0.3810,
		 -4.7625 1.7780 -0.3810,
		 -4.6990 1.7780 -0.3810,
		 -4.6990 1.7717 -0.3810,
		 -4.7625 1.7653 -0.3810,
		 -4.6990 1.7844 -0.3810,
		 -4.6990 1.7780 -0.3810,
		 -4.7625 1.7844 -0.3810,
		 -4.7625 1.7907 -0.3810,
		 -4.6990 1.7907 -0.3810,
		 -4.6990 1.7844 -0.3810,
		 -4.7625 1.7780 -0.3810,
		 -4.6990 1.7971 -0.3810,
		 -4.6990 1.7907 -0.3810,
		 -4.7625 1.7971 -0.3810,
		 -4.7625 1.8034 -0.3810,
		 -4.6990 1.8034 -0.3810,
		 -4.6990 1.7971 -0.3810,
		 -4.7625 1.7907 -0.3810,
		 -4.7625 1.7971 -0.3810,
		 -4.6990 1.8098 -0.3810,
		 -4.6990 1.8034 -0.3810,
		 -4.7625 1.8098 -0.3810,
		 -4.6990 1.8098 -0.3810,
		 -4.7625 1.8034 -0.3810,
		 -4.6990 1.9368 -0.3810,
		 -4.7625 1.9368 -0.3810,
		 -4.6990 1.9622 -0.3810,
		 -4.6990 1.9368 -0.3810,
		 -4.7625 1.9622 -0.3810,
		 -4.6990 1.9622 -0.3810,
		 -4.7181 1.9368 -0.3810,
		 -4.7625 1.9368 -0.3810
		]
	} #Coordinate3
	Material {
		ambientColor      0.0549 0.0549 0.0549  #ambientColor
		diffuseColor      0.2196 0.2196 0.2196  #diffuseColor
		transparency      0.0000                #transparency
	} #Material

	Texture2 {
		filename ""  #filename
		wrapS REPEAT 
		wrapT REPEAT 
	} #Texture2

	IndexedFaceSet {
		coordIndex [ 
		 0, 1, 2, 3,-1,
		 3, 2, 1, 0,-1,
		 0, 3, 7, 4,-1,
		 4, 7, 3, 0,-1,
		 1, 0, 4, 5,-1,
		 5, 4, 0, 1,-1,
		 8, 5, 6, 9,-1,
		 10, 11, 12, 13,-1,
		 14, 2, 1, 15,-1,
		 16, 17, 18, 19,-1,
		 20, 21, 22, 23,-1,
		 24, 25, 26, 27,-1,
		 28, 29, 15, 30,-1,
		 31, 32, 21, 33,-1,
		]
	} #IndexedFaceSet
	Material {
		ambientColor      0.0000 0.0000 0.0000  #ambientColor
		diffuseColor      0.0000 0.0000 0.0000  #diffuseColor
		transparency      0.0000                #transparency
	} #Material

	IndexedFaceSet {
		coordIndex [ 
		 34, 35, 11, 36,-1,
		 37, 38, 39, 40,-1,
		 41, 10, 27, 42,-1,
		 43, 44, 42, 45,-1,
		]
	} #IndexedFaceSet
	Material {
		ambientColor      0.1000 0.2000 0.2500  #ambientColor
		diffuseColor      0.4000 0.8000 1.0000  #diffuseColor
		transparency      0.0000                #transparency
	} #Material

	IndexedFaceSet {
		coordIndex [ 
		 44, 43, 38, 37,-1,
		]
	} #IndexedFaceSet
	Material {
		ambientColor      0.0000 0.0000 0.0000  #ambientColor
		diffuseColor      0.0000 0.0000 0.0000  #diffuseColor
		transparency      0.0000                #transparency
	} #Material

	IndexedFaceSet {
		coordIndex [ 
		 46, 31, 17, 47,-1,
		 48, 49, 50, 51,-1,
		 52, 53, 54, 55,-1,
		 56, 57, 58, 59,-1,
		 60, 61, 59, 62,-1,
		 63, 64, 65, 66,-1,
		 67, 68, 69, 70,-1,
		 71, 72, 73, 74,-1,
		 75, 76, 74, 77,-1,
		 78, 79, 80, 81,-1,
		 82, 83, 84, 85,-1,
		 86, 87, 88, 89,-1,
		 90, 91, 89, 92,-1,
		 93, 94, 95, 96,-1,
		 97, 98, 99, 100,-1,
		 101, 102, 103, 104,-1,
		 105, 106, 104, 107,-1,
		 108, 109, 110, 111,-1,
		 112, 113, 114, 115,-1,
		 116, 117, 118, 119,-1,
		 120, 121, 119, 122,-1,
		 123, 124, 125, 126,-1,
		 127, 128, 129, 130,-1,
		 131, 132, 133, 134,-1,
		 135, 136, 134, 137,-1,
		 138, 139, 140, 141,-1,
		 142, 143, 144, 145,-1,
		 146, 147, 148, 149,-1,
		 150, 151, 149, 152,-1,
		 153, 154, 155, 156,-1,
		 157, 158, 159, 160,-1,
		 161, 162, 163, 164,-1,
		 165, 166, 167, 168,-1,
		 169, 170, 171, 172,-1,
		 173, 174, 175, 176,-1,
		 177, 16, 32, 178,-1,
		 179, 180, 178, 181,-1,
		 182, 28, 25, 183,-1,
		 184, 185, 186, 187,-1,
		 188, 24, 29, 189,-1,
		 190, 191, 192, 193,-1,
		 194, 195, 189, 196,-1,
		]
	} #IndexedFaceSet
	Material {
		ambientColor      0.0000 0.2500 0.0000  #ambientColor
		diffuseColor      0.0000 1.0000 0.0000  #diffuseColor
		transparency      0.0000                #transparency
	} #Material

	IndexedFaceSet {
		coordIndex [ 
		 193, 197, 185, 184,-1,
		 195, 194, 191, 190,-1,
		]
	} #IndexedFaceSet
	Material {
		ambientColor      0.1951 0.1951 0.1951  #ambientColor
		diffuseColor      0.7804 0.7804 0.7804  #diffuseColor
		transparency      0.0000                #transparency
	} #Material

	IndexedFaceSet {
		coordIndex [ 
		 180, 179, 176, 175,-1,
		 160, 159, 166, 165,-1,
		 151, 150, 145, 144,-1,
		 136, 135, 130, 129,-1,
		 121, 120, 115, 114,-1,
		 106, 105, 100, 99,-1,
		 91, 90, 85, 84,-1,
		 76, 75, 70, 69,-1,
		 61, 60, 55, 54,-1,
		 174, 173, 170, 169,-1,
		 158, 157, 154, 153,-1,
		 143, 142, 139, 138,-1,
		 128, 127, 124, 123,-1,
		 113, 112, 109, 108,-1,
		 98, 97, 94, 93,-1,
		 83, 82, 79, 78,-1,
		 68, 67, 64, 63,-1,
		 53, 52, 49, 48,-1,
		]
	} #IndexedFaceSet
	Material {
		ambientColor      0.0549 0.0549 0.0549  #ambientColor
		diffuseColor      0.2196 0.2196 0.2196  #diffuseColor
		transparency      0.0000                #transparency
	} #Material

	IndexedFaceSet {
		coordIndex [ 
		 198, 6, 5, 199,-1,
		 200, 201, 11, 10,-1,
		 202, 1, 2, 203,-1,
		 204, 205, 17, 16,-1,
		 206, 207, 208, 209,-1,
		 27, 210, 25, 24,-1,
		 211, 202, 29, 28,-1,
		 212, 208, 32, 31,-1,
		]
	} #IndexedFaceSet
	Material {
		ambientColor      0.0000 0.0000 0.0000  #ambientColor
		diffuseColor      0.0000 0.0000 0.0000  #diffuseColor
		transparency      0.0000                #transparency
	} #Material

	IndexedFaceSet {
		coordIndex [ 
		 213, 11, 35, 214,-1,
		 215, 216, 38, 37,-1,
		 217, 27, 10, 218,-1,
		 219, 217, 44, 43,-1,
		]
	} #IndexedFaceSet
	Material {
		ambientColor      0.1000 0.2000 0.2500  #ambientColor
		diffuseColor      0.4000 0.8000 1.0000  #diffuseColor
		transparency      0.0000                #transparency
	} #Material

	IndexedFaceSet {
		coordIndex [ 
		 37, 38, 43, 44,-1,
		]
	} #IndexedFaceSet
	Material {
		ambientColor      0.0000 0.0000 0.0000  #ambientColor
		diffuseColor      0.0000 0.0000 0.0000  #diffuseColor
		transparency      0.0000                #transparency
	} #Material

	IndexedFaceSet {
		coordIndex [ 
		 220, 17, 31, 221,-1,
		 222, 223, 49, 48,-1,
		 55, 54, 53, 52,-1,
		 224, 225, 226, 227,-1,
		 228, 224, 61, 60,-1,
		 229, 230, 64, 63,-1,
		 70, 69, 68, 67,-1,
		 231, 232, 233, 234,-1,
		 235, 231, 76, 75,-1,
		 236, 237, 79, 78,-1,
		 85, 84, 83, 82,-1,
		 238, 239, 240, 241,-1,
		 242, 238, 91, 90,-1,
		 243, 244, 94, 93,-1,
		 100, 99, 98, 97,-1,
		 245, 246, 247, 248,-1,
		 249, 245, 106, 105,-1,
		 250, 251, 109, 108,-1,
		 115, 114, 113, 112,-1,
		 252, 253, 254, 255,-1,
		 256, 252, 121, 120,-1,
		 257, 258, 124, 123,-1,
		 130, 129, 128, 127,-1,
		 259, 260, 261, 262,-1,
		 263, 259, 136, 135,-1,
		 264, 265, 139, 138,-1,
		 145, 144, 143, 142,-1,
		 266, 267, 268, 269,-1,
		 270, 266, 151, 150,-1,
		 271, 272, 154, 153,-1,
		 160, 159, 158, 157,-1,
		 273, 274, 275, 276,-1,
		 277, 278, 166, 165,-1,
		 279, 280, 170, 169,-1,
		 176, 175, 174, 173,-1,
		 281, 32, 16, 282,-1,
		 283, 281, 180, 179,-1,
		 284, 25, 28, 285,-1,
		 286, 287, 185, 184,-1,
		 288, 29, 24, 289,-1,
		 193, 290, 191, 190,-1,
		 291, 288, 195, 194,-1,
		]
	} #IndexedFaceSet
	Material {
		ambientColor      0.0000 0.2500 0.0000  #ambientColor
		diffuseColor      0.0000 1.0000 0.0000  #diffuseColor
		transparency      0.0000                #transparency
	} #Material

	IndexedFaceSet {
		coordIndex [ 
		 184, 185, 197, 193,-1,
		 190, 191, 194, 195,-1,
		]
	} #IndexedFaceSet
	Material {
		ambientColor      0.1951 0.1951 0.1951  #ambientColor
		diffuseColor      0.7804 0.7804 0.7804  #diffuseColor
		transparency      0.0000                #transparency
	} #Material

	IndexedFaceSet {
		coordIndex [ 
		 175, 176, 179, 180,-1,
		 165, 166, 159, 160,-1,
		 144, 145, 150, 151,-1,
		 129, 130, 135, 136,-1,
		 114, 115, 120, 121,-1,
		 99, 100, 105, 106,-1,
		 84, 85, 90, 91,-1,
		 69, 70, 75, 76,-1,
		 54, 55, 60, 61,-1,
		 169, 170, 173, 174,-1,
		 153, 154, 157, 158,-1,
		 138, 139, 142, 143,-1,
		 123, 124, 127, 128,-1,
		 108, 109, 112, 113,-1,
		 93, 94, 97, 98,-1,
		 78, 79, 82, 83,-1,
		 63, 64, 67, 68,-1,
		 48, 49, 52, 53,-1,
		]
	} #IndexedFaceSet
	Material {
		ambientColor      0.0549 0.0549 0.0549  #ambientColor
		diffuseColor      0.2196 0.2196 0.2196  #diffuseColor
		transparency      0.0000                #transparency
	} #Material

	IndexedFaceSet {
		coordIndex [ 
		 3, 2, 6, 7,-1,
		 7, 6, 2, 3,-1,
		 7, 6, 5, 4,-1,
		 4, 5, 6, 7,-1,
		]
	} #IndexedFaceSet
} #Polyhedron
Separator { #Polyhedron
	DEF COORD27 Coordinate3 {
		point [
		 -5.1054 2.1336 -0.0762,
		 -5.1054 2.1336 -0.4572,
		 -4.8260 2.1336 -0.4572,
		 -4.8260 2.1336 -0.0762,
		 -5.1054 1.5748 -0.0762,
		 -5.1054 1.5748 -0.4572,
		 -4.8260 1.5748 -0.4572,
		 -4.8260 1.5748 -0.0762,
		 -5.1054 1.6002 -0.4572,
		 -4.8260 1.6002 -0.4572,
		 -4.8514 2.1082 -0.4572,
		 -4.8514 1.6002 -0.4572,
		 -4.8260 1.6002 -0.4572,
		 -4.8260 2.1082 -0.4572,
		 -4.8260 2.1082 -0.4572,
		 -5.1054 2.1082 -0.4572,
		 -5.0800 1.6002 -0.4572,
		 -5.0800 2.1082 -0.4572,
		 -5.1054 1.6002 -0.4572,
		 -4.8260 1.6002 -0.4572,
		 -5.1054 1.6002 -0.4572,
		 -4.8260 2.1082 -0.4572,
		 -4.8260 1.6002 -0.4572,
		 -5.1054 2.1082 -0.4572,
		 -4.8260 2.1082 -0.4572,
		 -5.1054 1.6002 -0.4572
		]
	} #Coordinate3
	Material {
		ambientColor      0.0549 0.0549 0.0549  #ambientColor
		diffuseColor      0.2196 0.2196 0.2196  #diffuseColor
		transparency      0.0000                #transparency
	} #Material

	IndexedFaceSet {
		coordIndex [ 
		 0, 1, 2, 3,-1,
		 3, 2, 1, 0,-1,
		 0, 3, 7, 4,-1,
		 4, 7, 3, 0,-1,
		 1, 0, 4, 5,-1,
		 5, 4, 0, 1,-1,
		 8, 5, 6, 9,-1,
		 10, 11, 12, 13,-1,
		 14, 2, 1, 15,-1,
		 16, 17, 15, 18,-1,
		]
	} #IndexedFaceSet
	Material {
		ambientColor      0.0000 0.0000 0.0000  #ambientColor
		diffuseColor      0.0000 0.0000 0.0000  #diffuseColor
		transparency      0.0000                #transparency
	} #Material

	IndexedFaceSet {
		coordIndex [ 
		 17, 16, 11, 10,-1,
		]
	} #IndexedFaceSet
	Material {
		ambientColor      0.0549 0.0549 0.0549  #ambientColor
		diffuseColor      0.2196 0.2196 0.2196  #diffuseColor
		transparency      0.0000                #transparency
	} #Material

	IndexedFaceSet {
		coordIndex [ 
		 19, 6, 5, 20,-1,
		 21, 22, 11, 10,-1,
		 23, 1, 2, 24,-1,
		 25, 23, 17, 16,-1,
		]
	} #IndexedFaceSet
	Material {
		ambientColor      0.0000 0.0000 0.0000  #ambientColor
		diffuseColor      0.0000 0.0000 0.0000  #diffuseColor
		transparency      0.0000                #transparency
	} #Material

	IndexedFaceSet {
		coordIndex [ 
		 10, 11, 16, 17,-1,
		]
	} #IndexedFaceSet
	Material {
		ambientColor      0.0549 0.0549 0.0549  #ambientColor
		diffuseColor      0.2196 0.2196 0.2196  #diffuseColor
		transparency      0.0000                #transparency
	} #Material

	IndexedFaceSet {
		coordIndex [ 
		 3, 2, 6, 7,-1,
		 7, 6, 2, 3,-1,
		 7, 6, 5, 4,-1,
		 4, 5, 6, 7,-1,
		]
	} #IndexedFaceSet
} #Polyhedron
Separator { #Polyhedron
	DEF COORD28 Coordinate3 {
		point [
		 -4.5720 0.5588 -0.6159,
		 -4.5720 1.5240 -0.6159,
		 -4.0132 1.5240 -0.6159,
		 -4.0132 0.5588 -0.6159,
		 -4.5720 0.5588 -0.6286,
		 -4.5720 1.5240 -0.6286,
		 -4.0132 1.5240 -0.6286,
		 -4.0132 0.5588 -0.6286
		]
	} #Coordinate3
	Material {
		ambientColor      0.1951 0.1951 0.1951  #ambientColor
		diffuseColor      0.7804 0.7804 0.7804  #diffuseColor
		transparency      0.0000                #transparency
	} #Material

	Texture2 {
		filename ""  #filename
		wrapS REPEAT 
		wrapT REPEAT 
	} #Texture2

	IndexedFaceSet {
		coordIndex [ 
		 0, 1, 2, 3,-1,
		 3, 2, 1, 0,-1,
		 0, 3, 7, 4,-1,
		 4, 7, 3, 0,-1,
		 1, 0, 4, 5,-1,
		 5, 4, 0, 1,-1,
		 2, 1, 5, 6,-1,
		 6, 5, 1, 2,-1,
		 3, 2, 6, 7,-1,
		 7, 6, 2, 3,-1,
		 7, 6, 5, 4,-1,
		 4, 5, 6, 7,-1,
		]
	} #IndexedFaceSet
} #Polyhedron
Separator { #Polyhedron
	DEF COORD29 Coordinate3 {
		point [
		 -4.5720 1.5240 -0.6159,
		 -4.5720 0.5588 -0.6159,
		 -5.1308 0.5588 -0.6159,
		 -5.1308 1.5240 -0.6159,
		 -4.5720 1.5240 -0.6286,
		 -4.5720 0.5588 -0.6286,
		 -5.1308 0.5588 -0.6286,
		 -5.1308 1.5240 -0.6286
		]
	} #Coordinate3
	Material {
		ambientColor      0.1951 0.1951 0.1951  #ambientColor
		diffuseColor      0.7804 0.7804 0.7804  #diffuseColor
		transparency      0.0000                #transparency
	} #Material

	IndexedFaceSet {
		coordIndex [ 
		 0, 1, 2, 3,-1,
		 3, 2, 1, 0,-1,
		 0, 3, 7, 4,-1,
		 4, 7, 3, 0,-1,
		 1, 0, 4, 5,-1,
		 5, 4, 0, 1,-1,
		 2, 1, 5, 6,-1,
		 6, 5, 1, 2,-1,
		 3, 2, 6, 7,-1,
		 7, 6, 2, 3,-1,
		 7, 6, 5, 4,-1,
		 4, 5, 6, 7,-1,
		]
	} #IndexedFaceSet
} #Polyhedron
Separator { #Polyhedron
	DEF COORD30 Coordinate3 {
		point [
		 -4.5657 1.4351 -0.6286,
		 -4.5657 1.4288 -0.6286,
		 -4.5657 1.4288 -0.6985,
		 -4.5657 1.4351 -0.6985,
		 -4.4704 1.4351 -0.6286,
		 -4.4704 1.4288 -0.6286,
		 -4.4704 1.4288 -0.6985,
		 -4.4704 1.4351 -0.6985
		]
	} #Coordinate3
	Material {
		ambientColor      0.1324 0.1324 0.1324  #ambientColor
		diffuseColor      0.5294 0.5294 0.5294  #diffuseColor
		transparency      0.0000                #transparency
	} #Material

	IndexedFaceSet {
		coordIndex [ 
		 0, 1, 2, 3,-1,
		 3, 2, 1, 0,-1,
		 0, 3, 7, 4,-1,
		 4, 7, 3, 0,-1,
		 1, 0, 4, 5,-1,
		 5, 4, 0, 1,-1,
		 2, 1, 5, 6,-1,
		 6, 5, 1, 2,-1,
		 3, 2, 6, 7,-1,
		 7, 6, 2, 3,-1,
		 7, 6, 5, 4,-1,
		 4, 5, 6, 7,-1,
		]
	} #IndexedFaceSet
} #Polyhedron
Separator { #Polyhedron
	DEF COORD31 Coordinate3 {
		point [
		 -4.5657 1.4288 -0.6921,
		 -4.5657 1.2510 -0.6921,
		 -4.5657 1.2510 -0.6985,
		 -4.5657 1.4288 -0.6985,
		 -4.4704 1.4288 -0.6921,
		 -4.4704 1.2510 -0.6921,
		 -4.4704 1.2510 -0.6985,
		 -4.4704 1.4288 -0.6985
		]
	} #Coordinate3
	Material {
		ambientColor      0.1324 0.1324 0.1324  #ambientColor
		diffuseColor      0.5294 0.5294 0.5294  #diffuseColor
		transparency      0.0000                #transparency
	} #Material

	IndexedFaceSet {
		coordIndex [ 
		 0, 1, 2, 3,-1,
		 3, 2, 1, 0,-1,
		 0, 3, 7, 4,-1,
		 4, 7, 3, 0,-1,
		 1, 0, 4, 5,-1,
		 5, 4, 0, 1,-1,
		 2, 1, 5, 6,-1,
		 6, 5, 1, 2,-1,
		 3, 2, 6, 7,-1,
		 7, 6, 2, 3,-1,
		 7, 6, 5, 4,-1,
		 4, 5, 6, 7,-1,
		]
	} #IndexedFaceSet
} #Polyhedron
Separator { #Polyhedron
	DEF COORD32 Coordinate3 {
		point [
		 -4.6736 1.2510 -0.6286,
		 -4.6736 1.2446 -0.6286,
		 -4.6736 1.2446 -0.6985,
		 -4.6736 1.2510 -0.6985,
		 -4.5784 1.2510 -0.6286,
		 -4.5784 1.2446 -0.6286,
		 -4.5784 1.2446 -0.6985,
		 -4.5784 1.2510 -0.6985
		]
	} #Coordinate3
	Material {
		ambientColor      0.1324 0.1324 0.1324  #ambientColor
		diffuseColor      0.5294 0.5294 0.5294  #diffuseColor
		transparency      0.0000                #transparency
	} #Material

	IndexedFaceSet {
		coordIndex [ 
		 0, 1, 2, 3,-1,
		 3, 2, 1, 0,-1,
		 0, 3, 7, 4,-1,
		 4, 7, 3, 0,-1,
		 1, 0, 4, 5,-1,
		 5, 4, 0, 1,-1,
		 2, 1, 5, 6,-1,
		 6, 5, 1, 2,-1,
		 3, 2, 6, 7,-1,
		 7, 6, 2, 3,-1,
		 7, 6, 5, 4,-1,
		 4, 5, 6, 7,-1,
		]
	} #IndexedFaceSet
} #Polyhedron
Separator { #Polyhedron
	DEF COORD33 Coordinate3 {
		point [
		 -4.6736 1.2510 -0.6286,
		 -4.6736 1.2446 -0.6286,
		 -4.6736 1.2446 -0.6985,
		 -4.6736 1.2510 -0.6985,
		 -4.5784 1.2510 -0.6286,
		 -4.5784 1.2446 -0.6286,
		 -4.5784 1.2446 -0.6985,
		 -4.5784 1.2510 -0.6985
		]
	} #Coordinate3
	Material {
		ambientColor      0.1951 0.1951 0.1951  #ambientColor
		diffuseColor      0.7804 0.7804 0.7804  #diffuseColor
		transparency      0.0000                #transparency
	} #Material

	IndexedFaceSet {
		coordIndex [ 
		 0, 1, 2, 3,-1,
		 3, 2, 1, 0,-1,
		 0, 3, 7, 4,-1,
		 4, 7, 3, 0,-1,
		 1, 0, 4, 5,-1,
		 5, 4, 0, 1,-1,
		 2, 1, 5, 6,-1,
		 6, 5, 1, 2,-1,
		 3, 2, 6, 7,-1,
		 7, 6, 2, 3,-1,
		 7, 6, 5, 4,-1,
		 4, 5, 6, 7,-1,
		]
	} #IndexedFaceSet
} #Polyhedron
Separator { #Polyhedron
	DEF COORD34 Coordinate3 {
		point [
		 -4.6736 1.4288 -0.6921,
		 -4.6736 1.2510 -0.6921,
		 -4.6736 1.2510 -0.6985,
		 -4.6736 1.4288 -0.6985,
		 -4.5784 1.4288 -0.6921,
		 -4.5784 1.2510 -0.6921,
		 -4.5784 1.2510 -0.6985,
		 -4.5784 1.4288 -0.6985
		]
	} #Coordinate3
	Material {
		ambientColor      0.1324 0.1324 0.1324  #ambientColor
		diffuseColor      0.5294 0.5294 0.5294  #diffuseColor
		transparency      0.0000                #transparency
	} #Material

	IndexedFaceSet {
		coordIndex [ 
		 0, 1, 2, 3,-1,
		 3, 2, 1, 0,-1,
		 0, 3, 7, 4,-1,
		 4, 7, 3, 0,-1,
		 1, 0, 4, 5,-1,
		 5, 4, 0, 1,-1,
		 2, 1, 5, 6,-1,
		 6, 5, 1, 2,-1,
		 3, 2, 6, 7,-1,
		 7, 6, 2, 3,-1,
		 7, 6, 5, 4,-1,
		 4, 5, 6, 7,-1,
		]
	} #IndexedFaceSet
} #Polyhedron
Separator { #Polyhedron
	DEF COORD35 Coordinate3 {
		point [
		 -4.6736 1.4351 -0.6286,
		 -4.6736 1.4288 -0.6286,
		 -4.6736 1.4288 -0.6985,
		 -4.6736 1.4351 -0.6985,
		 -4.5784 1.4351 -0.6286,
		 -4.5784 1.4288 -0.6286,
		 -4.5784 1.4288 -0.6985,
		 -4.5784 1.4351 -0.6985
		]
	} #Coordinate3
	Material {
		ambientColor      0.1324 0.1324 0.1324  #ambientColor
		diffuseColor      0.5294 0.5294 0.5294  #diffuseColor
		transparency      0.0000                #transparency
	} #Material

	IndexedFaceSet {
		coordIndex [ 
		 0, 1, 2, 3,-1,
		 3, 2, 1, 0,-1,
		 0, 3, 7, 4,-1,
		 4, 7, 3, 0,-1,
		 1, 0, 4, 5,-1,
		 5, 4, 0, 1,-1,
		 2, 1, 5, 6,-1,
		 6, 5, 1, 2,-1,
		 3, 2, 6, 7,-1,
		 7, 6, 2, 3,-1,
		 7, 6, 5, 4,-1,
		 4, 5, 6, 7,-1,
		]
	} #IndexedFaceSet
} #Polyhedron
Separator { #Polyhedron
	DEF COORD36 Coordinate3 {
		point [
		 -4.0132 0.5080 -0.6159,
		 -4.0132 0.0508 -0.6159,
		 -4.5720 0.0508 -0.6159,
		 -4.5720 0.5080 -0.6159,
		 -4.0132 0.5080 -0.6286,
		 -4.0132 0.0508 -0.6286,
		 -4.5720 0.0508 -0.6286,
		 -4.5720 0.5080 -0.6286
		]
	} #Coordinate3
	Material {
		ambientColor      0.1951 0.1951 0.1951  #ambientColor
		diffuseColor      0.7804 0.7804 0.7804  #diffuseColor
		transparency      0.0000                #transparency
	} #Material

	IndexedFaceSet {
		coordIndex [ 
		 0, 1, 2, 3,-1,
		 3, 2, 1, 0,-1,
		 0, 3, 7, 4,-1,
		 4, 7, 3, 0,-1,
		 1, 0, 4, 5,-1,
		 5, 4, 0, 1,-1,
		 2, 1, 5, 6,-1,
		 6, 5, 1, 2,-1,
		 3, 2, 6, 7,-1,
		 7, 6, 2, 3,-1,
		 7, 6, 5, 4,-1,
		 4, 5, 6, 7,-1,
		]
	} #IndexedFaceSet
} #Polyhedron
Separator { #Polyhedron
	DEF COORD37 Coordinate3 {
		point [
		 -5.1308 0.0508 -0.6159,
		 -5.1308 0.5080 -0.6159,
		 -4.5720 0.5080 -0.6159,
		 -4.5720 0.0508 -0.6159,
		 -5.1308 0.0508 -0.6286,
		 -5.1308 0.5080 -0.6286,
		 -4.5720 0.5080 -0.6286,
		 -4.5720 0.0508 -0.6286
		]
	} #Coordinate3
	Material {
		ambientColor      0.1951 0.1951 0.1951  #ambientColor
		diffuseColor      0.7804 0.7804 0.7804  #diffuseColor
		transparency      0.0000                #transparency
	} #Material

	IndexedFaceSet {
		coordIndex [ 
		 0, 1, 2, 3,-1,
		 3, 2, 1, 0,-1,
		 0, 3, 7, 4,-1,
		 4, 7, 3, 0,-1,
		 1, 0, 4, 5,-1,
		 5, 4, 0, 1,-1,
		 2, 1, 5, 6,-1,
		 6, 5, 1, 2,-1,
		 3, 2, 6, 7,-1,
		 7, 6, 2, 3,-1,
		 7, 6, 5, 4,-1,
		 4, 5, 6, 7,-1,
		]
	} #IndexedFaceSet
} #Polyhedron
Separator { #Polyhedron
	DEF COORD38 Coordinate3 {
		point [
		 -4.6736 0.2985 -0.6286,
		 -4.6736 0.2921 -0.6286,
		 -4.6736 0.2921 -0.6985,
		 -4.6736 0.2985 -0.6985,
		 -4.5784 0.2985 -0.6286,
		 -4.5784 0.2921 -0.6286,
		 -4.5784 0.2921 -0.6985,
		 -4.5784 0.2985 -0.6985
		]
	} #Coordinate3
	Material {
		ambientColor      0.1324 0.1324 0.1324  #ambientColor
		diffuseColor      0.5294 0.5294 0.5294  #diffuseColor
		transparency      0.0000                #transparency
	} #Material

	IndexedFaceSet {
		coordIndex [ 
		 0, 1, 2, 3,-1,
		 3, 2, 1, 0,-1,
		 0, 3, 7, 4,-1,
		 4, 7, 3, 0,-1,
		 1, 0, 4, 5,-1,
		 5, 4, 0, 1,-1,
		 2, 1, 5, 6,-1,
		 6, 5, 1, 2,-1,
		 3, 2, 6, 7,-1,
		 7, 6, 2, 3,-1,
		 7, 6, 5, 4,-1,
		 4, 5, 6, 7,-1,
		]
	} #IndexedFaceSet
} #Polyhedron
Separator { #Polyhedron
	DEF COORD39 Coordinate3 {
		point [
		 -4.6736 0.2985 -0.6286,
		 -4.6736 0.2921 -0.6286,
		 -4.6736 0.2921 -0.6985,
		 -4.6736 0.2985 -0.6985,
		 -4.5784 0.2985 -0.6286,
		 -4.5784 0.2921 -0.6286,
		 -4.5784 0.2921 -0.6985,
		 -4.5784 0.2985 -0.6985
		]
	} #Coordinate3
	Material {
		ambientColor      0.1951 0.1951 0.1951  #ambientColor
		diffuseColor      0.7804 0.7804 0.7804  #diffuseColor
		transparency      0.0000                #transparency
	} #Material

	IndexedFaceSet {
		coordIndex [ 
		 0, 1, 2, 3,-1,
		 3, 2, 1, 0,-1,
		 0, 3, 7, 4,-1,
		 4, 7, 3, 0,-1,
		 1, 0, 4, 5,-1,
		 5, 4, 0, 1,-1,
		 2, 1, 5, 6,-1,
		 6, 5, 1, 2,-1,
		 3, 2, 6, 7,-1,
		 7, 6, 2, 3,-1,
		 7, 6, 5, 4,-1,
		 4, 5, 6, 7,-1,
		]
	} #IndexedFaceSet
} #Polyhedron
Separator { #Polyhedron
	DEF COORD40 Coordinate3 {
		point [
		 -4.6736 0.4763 -0.6921,
		 -4.6736 0.2985 -0.6921,
		 -4.6736 0.2985 -0.6985,
		 -4.6736 0.4763 -0.6985,
		 -4.5784 0.4763 -0.6921,
		 -4.5784 0.2985 -0.6921,
		 -4.5784 0.2985 -0.6985,
		 -4.5784 0.4763 -0.6985
		]
	} #Coordinate3
	Material {
		ambientColor      0.1324 0.1324 0.1324  #ambientColor
		diffuseColor      0.5294 0.5294 0.5294  #diffuseColor
		transparency      0.0000                #transparency
	} #Material

	IndexedFaceSet {
		coordIndex [ 
		 0, 1, 2, 3,-1,
		 3, 2, 1, 0,-1,
		 0, 3, 7, 4,-1,
		 4, 7, 3, 0,-1,
		 1, 0, 4, 5,-1,
		 5, 4, 0, 1,-1,
		 2, 1, 5, 6,-1,
		 6, 5, 1, 2,-1,
		 3, 2, 6, 7,-1,
		 7, 6, 2, 3,-1,
		 7, 6, 5, 4,-1,
		 4, 5, 6, 7,-1,
		]
	} #IndexedFaceSet
} #Polyhedron
Separator { #Polyhedron
	DEF COORD41 Coordinate3 {
		point [
		 -4.5657 0.2985 -0.6286,
		 -4.5657 0.2921 -0.6286,
		 -4.5657 0.2921 -0.6985,
		 -4.5657 0.2985 -0.6985,
		 -4.4704 0.2985 -0.6286,
		 -4.4704 0.2921 -0.6286,
		 -4.4704 0.2921 -0.6985,
		 -4.4704 0.2985 -0.6985
		]
	} #Coordinate3
	Material {
		ambientColor      0.1324 0.1324 0.1324  #ambientColor
		diffuseColor      0.5294 0.5294 0.5294  #diffuseColor
		transparency      0.0000                #transparency
	} #Material

	IndexedFaceSet {
		coordIndex [ 
		 0, 1, 2, 3,-1,
		 3, 2, 1, 0,-1,
		 0, 3, 7, 4,-1,
		 4, 7, 3, 0,-1,
		 1, 0, 4, 5,-1,
		 5, 4, 0, 1,-1,
		 2, 1, 5, 6,-1,
		 6, 5, 1, 2,-1,
		 3, 2, 6, 7,-1,
		 7, 6, 2, 3,-1,
		 7, 6, 5, 4,-1,
		 4, 5, 6, 7,-1,
		]
	} #IndexedFaceSet
} #Polyhedron
Separator { #Polyhedron
	DEF COORD42 Coordinate3 {
		point [
		 -4.5593 0.2921 -0.6286,
		 -4.5593 0.2858 -0.6286,
		 -4.5593 0.2858 -0.6985,
		 -4.5593 0.2921 -0.6985,
		 -4.4641 0.2921 -0.6286,
		 -4.4641 0.2858 -0.6286,
		 -4.4641 0.2858 -0.6985,
		 -4.4641 0.2921 -0.6985
		]
	} #Coordinate3
	Material {
		ambientColor      0.1324 0.1324 0.1324  #ambientColor
		diffuseColor      0.5294 0.5294 0.5294  #diffuseColor
		transparency      0.0000                #transparency
	} #Material

	IndexedFaceSet {
		coordIndex [ 
		 0, 1, 2, 3,-1,
		 3, 2, 1, 0,-1,
		 0, 3, 7, 4,-1,
		 4, 7, 3, 0,-1,
		 1, 0, 4, 5,-1,
		 5, 4, 0, 1,-1,
		 2, 1, 5, 6,-1,
		 6, 5, 1, 2,-1,
		 3, 2, 6, 7,-1,
		 7, 6, 2, 3,-1,
		 7, 6, 5, 4,-1,
		 4, 5, 6, 7,-1,
		]
	} #IndexedFaceSet
} #Polyhedron
Separator { #Polyhedron
	DEF COORD43 Coordinate3 {
		point [
		 -4.6736 0.4826 -0.6286,
		 -4.6736 0.4763 -0.6286,
		 -4.6736 0.4763 -0.6985,
		 -4.6736 0.4826 -0.6985,
		 -4.5784 0.4826 -0.6286,
		 -4.5784 0.4763 -0.6286,
		 -4.5784 0.4763 -0.6985,
		 -4.5784 0.4826 -0.6985
		]
	} #Coordinate3
	Material {
		ambientColor      0.1324 0.1324 0.1324  #ambientColor
		diffuseColor      0.5294 0.5294 0.5294  #diffuseColor
		transparency      0.0000                #transparency
	} #Material

	IndexedFaceSet {
		coordIndex [ 
		 0, 1, 2, 3,-1,
		 3, 2, 1, 0,-1,
		 0, 3, 7, 4,-1,
		 4, 7, 3, 0,-1,
		 1, 0, 4, 5,-1,
		 5, 4, 0, 1,-1,
		 2, 1, 5, 6,-1,
		 6, 5, 1, 2,-1,
		 3, 2, 6, 7,-1,
		 7, 6, 2, 3,-1,
		 7, 6, 5, 4,-1,
		 4, 5, 6, 7,-1,
		]
	} #IndexedFaceSet
} #Polyhedron
Separator { #Polyhedron
	DEF COORD44 Coordinate3 {
		point [
		 -4.5657 0.4763 -0.6921,
		 -4.5657 0.2985 -0.6921,
		 -4.5657 0.2985 -0.6985,
		 -4.5657 0.4763 -0.6985,
		 -4.4704 0.4763 -0.6921,
		 -4.4704 0.2985 -0.6921,
		 -4.4704 0.2985 -0.6985,
		 -4.4704 0.4763 -0.6985
		]
	} #Coordinate3
	Material {
		ambientColor      0.1324 0.1324 0.1324  #ambientColor
		diffuseColor      0.5294 0.5294 0.5294  #diffuseColor
		transparency      0.0000                #transparency
	} #Material

	IndexedFaceSet {
		coordIndex [ 
		 0, 1, 2, 3,-1,
		 3, 2, 1, 0,-1,
		 0, 3, 7, 4,-1,
		 4, 7, 3, 0,-1,
		 1, 0, 4, 5,-1,
		 5, 4, 0, 1,-1,
		 2, 1, 5, 6,-1,
		 6, 5, 1, 2,-1,
		 3, 2, 6, 7,-1,
		 7, 6, 2, 3,-1,
		 7, 6, 5, 4,-1,
		 4, 5, 6, 7,-1,
		]
	} #IndexedFaceSet
} #Polyhedron
Separator { #Polyhedron
	DEF COORD45 Coordinate3 {
		point [
		 -4.5657 0.4826 -0.6286,
		 -4.5657 0.4763 -0.6286,
		 -4.5657 0.4763 -0.6985,
		 -4.5657 0.4826 -0.6985,
		 -4.4704 0.4826 -0.6286,
		 -4.4704 0.4763 -0.6286,
		 -4.4704 0.4763 -0.6985,
		 -4.4704 0.4826 -0.6985
		]
	} #Coordinate3
	Material {
		ambientColor      0.1324 0.1324 0.1324  #ambientColor
		diffuseColor      0.5294 0.5294 0.5294  #diffuseColor
		transparency      0.0000                #transparency
	} #Material

	IndexedFaceSet {
		coordIndex [ 
		 0, 1, 2, 3,-1,
		 3, 2, 1, 0,-1,
		 0, 3, 7, 4,-1,
		 4, 7, 3, 0,-1,
		 1, 0, 4, 5,-1,
		 5, 4, 0, 1,-1,
		 2, 1, 5, 6,-1,
		 6, 5, 1, 2,-1,
		 3, 2, 6, 7,-1,
		 7, 6, 2, 3,-1,
		 7, 6, 5, 4,-1,
		 4, 5, 6, 7,-1,
		]
	} #IndexedFaceSet
} #Polyhedron
Separator { #Polyhedron
	DEF COORD46 Coordinate3 {
		point [
		 -0.9777 0.8128 -4.3058,
		 -0.9777 0.8128 -4.1280,
		 -1.0285 0.8128 -4.1280,
		 -1.0285 0.8128 -4.3058,
		 -0.9777 0.7874 -4.3058,
		 -0.9777 0.7874 -4.1280,
		 -1.0285 0.7874 -4.1280,
		 -1.0285 0.7874 -4.3058
		]
	} #Coordinate3
	Material {
		ambientColor      0.0549 0.0549 0.0549  #ambientColor
		diffuseColor      0.2196 0.2196 0.2196  #diffuseColor
		transparency      0.0000                #transparency
	} #Material

	Texture2 {
		filename ""  #filename
		wrapS REPEAT 
		wrapT REPEAT 
	} #Texture2

	IndexedFaceSet {
		coordIndex [ 
		 0, 1, 2, 3,-1,
		 3, 2, 1, 0,-1,
		 0, 3, 7, 4,-1,
		 4, 7, 3, 0,-1,
		 1, 0, 4, 5,-1,
		 5, 4, 0, 1,-1,
		 2, 1, 5, 6,-1,
		 6, 5, 1, 2,-1,
		 3, 2, 6, 7,-1,
		 7, 6, 2, 3,-1,
		 7, 6, 5, 4,-1,
		 4, 5, 6, 7,-1,
		]
	} #IndexedFaceSet
} #Polyhedron
Separator { #Polyhedron
	DEF COORD47 Coordinate3 {
		point [
		 -1.1047 0.8001 -4.1280,
		 -1.1047 0.8001 -4.3058,
		 -1.0285 0.8001 -4.3058,
		 -1.0285 0.8001 -4.1280,
		 -1.1047 0.7874 -4.1280,
		 -1.1047 0.7874 -4.3058,
		 -1.0285 0.7874 -4.3058,
		 -1.0285 0.7874 -4.1280,
		 -1.0285 0.8001 -4.1343,
		 -1.1047 0.8001 -4.1343,
		 -1.0983 0.8001 -4.1629,
		 -1.0983 0.8001 -4.1343,
		 -1.1047 0.8001 -4.1629,
		 -1.1047 0.8001 -4.1629,
		 -1.1047 0.8001 -4.1788,
		 -1.0285 0.8001 -4.1788,
		 -1.0285 0.8001 -4.1629,
		 -1.0348 0.8001 -4.1343,
		 -1.0348 0.8001 -4.1629,
		 -1.0285 0.8001 -4.1629,
		 -1.0285 0.8001 -4.1343,
		 -1.0983 0.8001 -4.1851,
		 -1.0983 0.8001 -4.1788,
		 -1.1047 0.8001 -4.1851,
		 -1.0539 0.8001 -4.1788,
		 -1.0539 0.8001 -4.1851,
		 -1.0475 0.8001 -4.1851,
		 -1.0475 0.8001 -4.1788,
		 -1.0285 0.8001 -4.1915,
		 -1.0285 0.8001 -4.1851,
		 -1.1047 0.8001 -4.1851,
		 -1.1047 0.8001 -4.1915,
		 -1.0983 0.8001 -4.1978,
		 -1.0983 0.8001 -4.1915,
		 -1.1047 0.8001 -4.1978,
		 -1.0539 0.8001 -4.1915,
		 -1.0539 0.8001 -4.1978,
		 -1.0475 0.8001 -4.1978,
		 -1.0475 0.8001 -4.1915,
		 -1.0285 0.8001 -4.2042,
		 -1.0285 0.8001 -4.1978,
		 -1.1047 0.8001 -4.1978,
		 -1.1047 0.8001 -4.2042,
		 -1.0983 0.8001 -4.2105,
		 -1.0983 0.8001 -4.2042,
		 -1.1047 0.8001 -4.2105,
		 -1.0539 0.8001 -4.2042,
		 -1.0539 0.8001 -4.2105,
		 -1.0475 0.8001 -4.2105,
		 -1.0475 0.8001 -4.2042,
		 -1.1047 0.8001 -4.2105,
		 -1.1047 0.8001 -4.2232,
		 -1.0285 0.8001 -4.2232,
		 -1.0285 0.8001 -4.2105,
		 -1.0348 0.8001 -4.2042,
		 -1.0348 0.8001 -4.2105,
		 -1.0285 0.8001 -4.2105,
		 -1.0285 0.8001 -4.2042,
		 -1.0348 0.8001 -4.1915,
		 -1.0348 0.8001 -4.1978,
		 -1.0285 0.8001 -4.1978,
		 -1.0285 0.8001 -4.1915,
		 -1.0348 0.8001 -4.1788,
		 -1.0348 0.8001 -4.1851,
		 -1.0285 0.8001 -4.1851,
		 -1.0285 0.8001 -4.1788,
		 -1.0983 0.8001 -4.2296,
		 -1.0983 0.8001 -4.2232,
		 -1.1047 0.8001 -4.2296,
		 -1.1047 0.8001 -4.2296,
		 -1.1047 0.8001 -4.2359,
		 -1.0856 0.8001 -4.2359,
		 -1.0856 0.8001 -4.2296,
		 -1.0920 0.8001 -4.2232,
		 -1.0920 0.8001 -4.2296,
		 -1.0856 0.8001 -4.2296,
		 -1.0856 0.8001 -4.2232,
		 -1.0983 0.8001 -4.2423,
		 -1.0983 0.8001 -4.2359,
		 -1.1047 0.8001 -4.2359,
		 -1.1047 0.8001 -4.2423,
		 -1.1047 0.8001 -4.2423,
		 -1.1047 0.8001 -4.2486,
		 -1.0856 0.8001 -4.2486,
		 -1.0856 0.8001 -4.2423,
		 -1.0920 0.8001 -4.2359,
		 -1.0920 0.8001 -4.2423,
		 -1.0856 0.8001 -4.2423,
		 -1.0856 0.8001 -4.2359,
		 -1.0983 0.8001 -4.2550,
		 -1.0983 0.8001 -4.2486,
		 -1.1047 0.8001 -4.2486,
		 -1.1047 0.8001 -4.2550,
		 -1.1047 0.8001 -4.2550,
		 -1.1047 0.8001 -4.2613,
		 -1.0856 0.8001 -4.2613,
		 -1.0856 0.8001 -4.2550,
		 -1.0920 0.8001 -4.2486,
		 -1.0920 0.8001 -4.2550,
		 -1.0856 0.8001 -4.2550,
		 -1.0856 0.8001 -4.2486,
		 -1.0983 0.8001 -4.2677,
		 -1.0983 0.8001 -4.2613,
		 -1.1047 0.8001 -4.2613,
		 -1.1047 0.8001 -4.2677,
		 -1.1047 0.8001 -4.2677,
		 -1.1047 0.8001 -4.2740,
		 -1.0856 0.8001 -4.2740,
		 -1.0856 0.8001 -4.2677,
		 -1.0920 0.8001 -4.2613,
		 -1.0920 0.8001 -4.2677,
		 -1.0856 0.8001 -4.2677,
		 -1.0856 0.8001 -4.2613,
		 -1.1047 0.8001 -4.2740,
		 -1.1047 0.8001 -4.2804,
		 -1.0285 0.8001 -4.2804,
		 -1.0285 0.8001 -4.2740,
		 -1.0412 0.8001 -4.2740,
		 -1.0412 0.8001 -4.2613,
		 -1.0475 0.8001 -4.2613,
		 -1.0475 0.8001 -4.2740,
		 -1.0348 0.8001 -4.2613,
		 -1.0348 0.8001 -4.2740,
		 -1.0285 0.8001 -4.2740,
		 -1.0285 0.8001 -4.2613,
		 -1.0412 0.8001 -4.2613,
		 -1.0412 0.8001 -4.2486,
		 -1.0475 0.8001 -4.2486,
		 -1.0475 0.8001 -4.2613,
		 -1.0348 0.8001 -4.2486,
		 -1.0348 0.8001 -4.2613,
		 -1.0285 0.8001 -4.2613,
		 -1.0285 0.8001 -4.2486,
		 -1.0412 0.8001 -4.2423,
		 -1.0412 0.8001 -4.2359,
		 -1.0475 0.8001 -4.2359,
		 -1.0475 0.8001 -4.2423,
		 -1.0475 0.8001 -4.2423,
		 -1.0475 0.8001 -4.2486,
		 -1.0285 0.8001 -4.2486,
		 -1.0285 0.8001 -4.2423,
		 -1.0348 0.8001 -4.2359,
		 -1.0348 0.8001 -4.2423,
		 -1.0285 0.8001 -4.2423,
		 -1.0285 0.8001 -4.2359,
		 -1.0412 0.8001 -4.2359,
		 -1.0412 0.8001 -4.2232,
		 -1.0475 0.8001 -4.2232,
		 -1.0475 0.8001 -4.2359,
		 -1.0348 0.8001 -4.2232,
		 -1.0348 0.8001 -4.2359,
		 -1.0285 0.8001 -4.2359,
		 -1.0285 0.8001 -4.2232,
		 -1.0983 0.8001 -4.2994,
		 -1.0983 0.8001 -4.2804,
		 -1.1047 0.8001 -4.2994,
		 -1.1047 0.8001 -4.2994,
		 -1.0285 0.8001 -4.2994,
		 -1.0348 0.8001 -4.2804,
		 -1.0348 0.8001 -4.2994,
		 -1.0285 0.8001 -4.2994,
		 -1.0285 0.8001 -4.2804,
		 -1.0602 0.8001 -4.2232,
		 -1.0602 0.8001 -4.2359,
		 -1.0729 0.8001 -4.2232,
		 -1.0729 0.8001 -4.2359,
		 -1.0602 0.8001 -4.2359,
		 -1.0602 0.8001 -4.2232,
		 -1.0729 0.8001 -4.2359,
		 -1.0729 0.8001 -4.2232,
		 -1.0729 0.8001 -4.2359,
		 -1.0729 0.8001 -4.2486,
		 -1.0602 0.8001 -4.2486,
		 -1.0602 0.8001 -4.2359,
		 -1.0729 0.8001 -4.2486,
		 -1.0729 0.8001 -4.2359,
		 -1.0602 0.8001 -4.2359,
		 -1.0602 0.8001 -4.2486,
		 -1.0729 0.8001 -4.2486,
		 -1.0729 0.8001 -4.2613,
		 -1.0602 0.8001 -4.2613,
		 -1.0602 0.8001 -4.2486,
		 -1.0729 0.8001 -4.2613,
		 -1.0729 0.8001 -4.2486,
		 -1.0602 0.8001 -4.2486,
		 -1.0602 0.8001 -4.2613,
		 -1.0729 0.8001 -4.2613,
		 -1.0729 0.8001 -4.2740,
		 -1.0602 0.8001 -4.2740,
		 -1.0602 0.8001 -4.2613,
		 -1.0729 0.8001 -4.2740,
		 -1.0729 0.8001 -4.2613,
		 -1.0602 0.8001 -4.2613,
		 -1.0602 0.8001 -4.2740,
		 -1.0475 0.8001 -4.1851,
		 -1.0475 0.8001 -4.1978,
		 -1.0475 0.8001 -4.2105,
		 -1.0348 0.8001 -4.1375,
		 -1.0983 0.8001 -4.1375,
		 -1.0793 0.8001 -4.1407,
		 -1.0793 0.8001 -4.1375,
		 -1.0983 0.8001 -4.1407,
		 -1.0412 0.8001 -4.1439,
		 -1.0412 0.8001 -4.1407,
		 -1.0983 0.8001 -4.1407,
		 -1.0983 0.8001 -4.1439,
		 -1.0952 0.8001 -4.1470,
		 -1.0952 0.8001 -4.1439,
		 -1.0983 0.8001 -4.1470,
		 -1.0761 0.8001 -4.1439,
		 -1.0761 0.8001 -4.1470,
		 -1.0729 0.8001 -4.1470,
		 -1.0729 0.8001 -4.1439,
		 -1.0412 0.8001 -4.1502,
		 -1.0412 0.8001 -4.1470,
		 -1.0983 0.8001 -4.1470,
		 -1.0983 0.8001 -4.1502,
		 -1.0888 0.8001 -4.1534,
		 -1.0888 0.8001 -4.1502,
		 -1.0983 0.8001 -4.1534,
		 -1.0412 0.8001 -4.1566,
		 -1.0412 0.8001 -4.1534,
		 -1.0983 0.8001 -4.1534,
		 -1.0983 0.8001 -4.1566,
		 -1.0793 0.8001 -4.1597,
		 -1.0793 0.8001 -4.1566,
		 -1.0983 0.8001 -4.1597,
		 -1.0444 0.8001 -4.1566,
		 -1.0444 0.8001 -4.1597,
		 -1.0412 0.8001 -4.1597,
		 -1.0412 0.8001 -4.1566,
		 -1.0444 0.8001 -4.1502,
		 -1.0444 0.8001 -4.1534,
		 -1.0412 0.8001 -4.1534,
		 -1.0412 0.8001 -4.1502,
		 -1.0444 0.8001 -4.1439,
		 -1.0444 0.8001 -4.1470,
		 -1.0412 0.8001 -4.1470,
		 -1.0412 0.8001 -4.1439,
		 -1.0444 0.8001 -4.1375,
		 -1.0444 0.8001 -4.1407,
		 -1.0412 0.8001 -4.1407,
		 -1.0412 0.8001 -4.1375,
		 -1.0983 0.8001 -4.1597,
		 -1.0348 0.8001 -4.1597,
		 -1.0380 0.8001 -4.1375,
		 -1.0380 0.8001 -4.1597,
		 -1.0348 0.8001 -4.1597,
		 -1.0348 0.8001 -4.1375,
		 -1.0412 0.8001 -4.1597,
		 -1.0729 0.8001 -4.1470,
		 -1.1047 0.8001 -4.1343,
		 -1.0285 0.8001 -4.1343,
		 -1.1047 0.8001 -4.1629,
		 -1.0285 0.8001 -4.1629,
		 -1.0285 0.8001 -4.1788,
		 -1.1047 0.8001 -4.1788,
		 -1.1047 0.8001 -4.1629,
		 -1.0285 0.8001 -4.1343,
		 -1.0285 0.8001 -4.1629,
		 -1.1047 0.8001 -4.1851,
		 -1.0475 0.8001 -4.1851,
		 -1.1047 0.8001 -4.1915,
		 -1.1047 0.8001 -4.1851,
		 -1.0285 0.8001 -4.1851,
		 -1.0285 0.8001 -4.1915,
		 -1.1047 0.8001 -4.1978,
		 -1.0475 0.8001 -4.1978,
		 -1.1047 0.8001 -4.2042,
		 -1.1047 0.8001 -4.1978,
		 -1.0285 0.8001 -4.1978,
		 -1.0285 0.8001 -4.2042,
		 -1.1047 0.8001 -4.2105,
		 -1.0475 0.8001 -4.2105,
		 -1.0285 0.8001 -4.2105,
		 -1.0285 0.8001 -4.2232,
		 -1.1047 0.8001 -4.2232,
		 -1.1047 0.8001 -4.2105,
		 -1.0285 0.8001 -4.2042,
		 -1.0285 0.8001 -4.2105,
		 -1.0285 0.8001 -4.1915,
		 -1.0285 0.8001 -4.1978,
		 -1.0285 0.8001 -4.1788,
		 -1.0285 0.8001 -4.1851,
		 -1.1047 0.8001 -4.2296,
		 -1.0856 0.8001 -4.2296,
		 -1.1047 0.8001 -4.2359,
		 -1.1047 0.8001 -4.2296,
		 -1.0856 0.8001 -4.2296,
		 -1.1047 0.8001 -4.2423,
		 -1.1047 0.8001 -4.2359,
		 -1.0856 0.8001 -4.2423,
		 -1.1047 0.8001 -4.2486,
		 -1.1047 0.8001 -4.2423,
		 -1.0856 0.8001 -4.2423,
		 -1.1047 0.8001 -4.2550,
		 -1.1047 0.8001 -4.2486,
		 -1.0856 0.8001 -4.2550,
		 -1.1047 0.8001 -4.2613,
		 -1.1047 0.8001 -4.2550,
		 -1.0856 0.8001 -4.2550,
		 -1.1047 0.8001 -4.2677,
		 -1.1047 0.8001 -4.2613,
		 -1.0856 0.8001 -4.2677,
		 -1.1047 0.8001 -4.2740,
		 -1.1047 0.8001 -4.2677,
		 -1.0856 0.8001 -4.2677,
		 -1.0285 0.8001 -4.2740,
		 -1.0285 0.8001 -4.2804,
		 -1.1047 0.8001 -4.2804,
		 -1.1047 0.8001 -4.2740,
		 -1.0412 0.8001 -4.2613,
		 -1.0285 0.8001 -4.2613,
		 -1.0285 0.8001 -4.2740,
		 -1.0348 0.8001 -4.2613,
		 -1.0412 0.8001 -4.2613,
		 -1.0285 0.8001 -4.2486,
		 -1.0285 0.8001 -4.2613,
		 -1.0348 0.8001 -4.2613,
		 -1.0475 0.8001 -4.2423,
		 -1.0412 0.8001 -4.2359,
		 -1.0285 0.8001 -4.2423,
		 -1.0285 0.8001 -4.2486,
		 -1.0475 0.8001 -4.2423,
		 -1.0285 0.8001 -4.2359,
		 -1.0285 0.8001 -4.2423,
		 -1.0348 0.8001 -4.2359,
		 -1.0412 0.8001 -4.2359,
		 -1.0285 0.8001 -4.2232,
		 -1.0285 0.8001 -4.2359,
		 -1.0348 0.8001 -4.2359,
		 -1.1047 0.8001 -4.2994,
		 -1.0285 0.8001 -4.2994,
		 -1.1047 0.8001 -4.2994,
		 -1.0285 0.8001 -4.2804,
		 -1.0285 0.8001 -4.2994,
		 -1.0983 0.8001 -4.1375,
		 -1.0348 0.8001 -4.1375,
		 -1.0983 0.8001 -4.1407,
		 -1.0983 0.8001 -4.1439,
		 -1.0983 0.8001 -4.1407,
		 -1.0412 0.8001 -4.1407,
		 -1.0412 0.8001 -4.1439,
		 -1.0983 0.8001 -4.1470,
		 -1.0729 0.8001 -4.1470,
		 -1.0983 0.8001 -4.1502,
		 -1.0983 0.8001 -4.1470,
		 -1.0412 0.8001 -4.1470,
		 -1.0412 0.8001 -4.1502,
		 -1.0983 0.8001 -4.1534,
		 -1.0983 0.8001 -4.1566,
		 -1.0983 0.8001 -4.1534,
		 -1.0412 0.8001 -4.1534,
		 -1.0412 0.8001 -4.1566,
		 -1.0983 0.8001 -4.1597,
		 -1.0412 0.8001 -4.1566,
		 -1.0412 0.8001 -4.1597,
		 -1.0412 0.8001 -4.1502,
		 -1.0412 0.8001 -4.1534,
		 -1.0412 0.8001 -4.1439,
		 -1.0412 0.8001 -4.1470,
		 -1.0412 0.8001 -4.1407,
		 -1.0348 0.8001 -4.1597,
		 -1.0983 0.8001 -4.1597,
		 -1.0348 0.8001 -4.1375,
		 -1.0348 0.8001 -4.1597
		]
	} #Coordinate3
	Material {
		ambientColor      0.0549 0.0549 0.0549  #ambientColor
		diffuseColor      0.2196 0.2196 0.2196  #diffuseColor
		transparency      0.0000                #transparency
	} #Material

	IndexedFaceSet {
		coordIndex [ 
		 8, 3, 0, 9,-1,
		 10, 11, 9, 12,-1,
		 13, 14, 15, 16,-1,
		 17, 18, 19, 20,-1,
		 21, 22, 14, 23,-1,
		 24, 25, 26, 27,-1,
		 28, 29, 30, 31,-1,
		 32, 33, 31, 34,-1,
		 35, 36, 37, 38,-1,
		 39, 40, 41, 42,-1,
		 43, 44, 42, 45,-1,
		 46, 47, 48, 49,-1,
		 50, 51, 52, 53,-1,
		 54, 55, 56, 57,-1,
		 58, 59, 60, 61,-1,
		 62, 63, 64, 65,-1,
		 66, 67, 51, 68,-1,
		 69, 70, 71, 72,-1,
		 73, 74, 75, 76,-1,
		 77, 78, 79, 80,-1,
		 81, 82, 83, 84,-1,
		 85, 86, 87, 88,-1,
		 89, 90, 91, 92,-1,
		 93, 94, 95, 96,-1,
		 97, 98, 99, 100,-1,
		 101, 102, 103, 104,-1,
		 105, 106, 107, 108,-1,
		 109, 110, 111, 112,-1,
		 113, 114, 115, 116,-1,
		 117, 118, 119, 120,-1,
		 121, 122, 123, 124,-1,
		 125, 126, 127, 128,-1,
		 129, 130, 131, 132,-1,
		 133, 134, 135, 136,-1,
		 137, 138, 139, 140,-1,
		 141, 142, 143, 144,-1,
		 145, 146, 147, 148,-1,
		 149, 150, 151, 152,-1,
		 153, 154, 114, 155,-1,
		 156, 1, 2, 157,-1,
		 158, 159, 160, 161,-1,
		]
	} #IndexedFaceSet
	Material {
		ambientColor      0.0902 0.0902 0.0902  #ambientColor
		diffuseColor      0.3608 0.3608 0.3608  #diffuseColor
		transparency      0.0000                #transparency
	} #Material

	IndexedFaceSet {
		coordIndex [ 
		 154, 153, 159, 158,-1,
		 162, 163, 148, 147,-1,
		 164, 165, 166, 167,-1,
		 76, 71, 168, 169,-1,
		 170, 171, 172, 173,-1,
		 88, 83, 174, 175,-1,
		 176, 177, 138, 135,-1,
		 178, 179, 180, 181,-1,
		 100, 95, 182, 183,-1,
		 184, 185, 128, 127,-1,
		 186, 187, 188, 189,-1,
		 112, 107, 190, 191,-1,
		 192, 193, 120, 119,-1,
		 27, 194, 63, 62,-1,
		 38, 195, 59, 58,-1,
		 49, 196, 55, 54,-1,
		 22, 21, 25, 24,-1,
		 33, 32, 36, 35,-1,
		 44, 43, 47, 46,-1,
		 67, 66, 74, 73,-1,
		 78, 77, 86, 85,-1,
		 90, 89, 98, 97,-1,
		 102, 101, 110, 109,-1,
		 146, 133, 142, 149,-1,
		 126, 117, 122, 129,-1,
		 197, 17, 11, 198,-1,
		 199, 200, 198, 201,-1,
		 202, 203, 204, 205,-1,
		 206, 207, 205, 208,-1,
		 209, 210, 211, 212,-1,
		 213, 214, 215, 216,-1,
		 217, 218, 216, 219,-1,
		 220, 221, 222, 223,-1,
		 224, 225, 223, 226,-1,
		 227, 228, 229, 230,-1,
		 231, 232, 233, 234,-1,
		 235, 236, 237, 238,-1,
		 239, 240, 241, 242,-1,
		 243, 10, 18, 244,-1,
		 245, 246, 247, 248,-1,
		]
	} #IndexedFaceSet
	Material {
		ambientColor      0.0000 0.2500 0.0000  #ambientColor
		diffuseColor      0.0000 1.0000 0.0000  #diffuseColor
		transparency      0.0000                #transparency
	} #Material

	IndexedFaceSet {
		coordIndex [ 
		 242, 249, 246, 245,-1,
		 200, 199, 240, 239,-1,
		 212, 250, 236, 235,-1,
		 218, 217, 232, 231,-1,
		 207, 206, 210, 209,-1,
		 225, 224, 228, 227,-1,
		]
	} #IndexedFaceSet
	Material {
		ambientColor      0.0549 0.0549 0.0549  #ambientColor
		diffuseColor      0.2196 0.2196 0.2196  #diffuseColor
		transparency      0.0000                #transparency
	} #Material

	IndexedFaceSet {
		coordIndex [ 
		 251, 0, 3, 252,-1,
		 253, 251, 11, 10,-1,
		 254, 255, 256, 257,-1,
		 258, 259, 18, 17,-1,
		 260, 256, 22, 21,-1,
		 27, 261, 25, 24,-1,
		 262, 263, 264, 265,-1,
		 266, 262, 33, 32,-1,
		 38, 267, 36, 35,-1,
		 268, 269, 270, 271,-1,
		 272, 268, 44, 43,-1,
		 49, 273, 47, 46,-1,
		 274, 275, 276, 277,-1,
		 278, 279, 55, 54,-1,
		 280, 281, 59, 58,-1,
		 282, 283, 63, 62,-1,
		 284, 276, 67, 66,-1,
		 285, 71, 286, 287,-1,
		 76, 288, 74, 73,-1,
		 289, 290, 78, 77,-1,
		 291, 83, 292, 293,-1,
		 88, 294, 86, 85,-1,
		 295, 296, 90, 89,-1,
		 297, 95, 298, 299,-1,
		 100, 300, 98, 97,-1,
		 301, 302, 102, 101,-1,
		 303, 107, 304, 305,-1,
		 112, 306, 110, 109,-1,
		 307, 308, 309, 310,-1,
		 120, 119, 311, 117,-1,
		 312, 313, 122, 314,-1,
		 128, 127, 126, 315,-1,
		 316, 317, 318, 129,-1,
		 319, 135, 320, 133,-1,
		 321, 322, 138, 323,-1,
		 324, 325, 142, 326,-1,
		 148, 147, 146, 327,-1,
		 328, 329, 330, 149,-1,
		 331, 309, 154, 153,-1,
		 332, 2, 1, 333,-1,
		 334, 335, 159, 158,-1,
		]
	} #IndexedFaceSet
	Material {
		ambientColor      0.0902 0.0902 0.0902  #ambientColor
		diffuseColor      0.3608 0.3608 0.3608  #diffuseColor
		transparency      0.0000                #transparency
	} #Material

	IndexedFaceSet {
		coordIndex [ 
		 158, 159, 153, 154,-1,
		 147, 148, 163, 162,-1,
		 167, 166, 165, 164,-1,
		 169, 168, 71, 76,-1,
		 173, 172, 171, 170,-1,
		 175, 174, 83, 88,-1,
		 135, 138, 177, 176,-1,
		 181, 180, 179, 178,-1,
		 183, 182, 95, 100,-1,
		 127, 128, 185, 184,-1,
		 189, 188, 187, 186,-1,
		 191, 190, 107, 112,-1,
		 119, 120, 193, 192,-1,
		 62, 63, 194, 27,-1,
		 58, 59, 195, 38,-1,
		 54, 55, 196, 49,-1,
		 24, 25, 21, 22,-1,
		 35, 36, 32, 33,-1,
		 46, 47, 43, 44,-1,
		 73, 74, 66, 67,-1,
		 85, 86, 77, 78,-1,
		 97, 98, 89, 90,-1,
		 109, 110, 101, 102,-1,
		 149, 142, 133, 146,-1,
		 129, 122, 117, 126,-1,
		 336, 11, 17, 337,-1,
		 338, 336, 200, 199,-1,
		 339, 340, 341, 342,-1,
		 343, 339, 207, 206,-1,
		 212, 344, 210, 209,-1,
		 345, 346, 347, 348,-1,
		 349, 345, 218, 217,-1,
		 350, 351, 352, 353,-1,
		 354, 350, 225, 224,-1,
		 355, 356, 228, 227,-1,
		 357, 358, 232, 231,-1,
		 359, 360, 236, 235,-1,
		 242, 361, 240, 239,-1,
		 362, 18, 10, 363,-1,
		 364, 365, 246, 245,-1,
		]
	} #IndexedFaceSet
	Material {
		ambientColor      0.0000 0.2500 0.0000  #ambientColor
		diffuseColor      0.0000 1.0000 0.0000  #diffuseColor
		transparency      0.0000                #transparency
	} #Material

	IndexedFaceSet {
		coordIndex [ 
		 245, 246, 249, 242,-1,
		 239, 240, 199, 200,-1,
		 235, 236, 250, 212,-1,
		 231, 232, 217, 218,-1,
		 209, 210, 206, 207,-1,
		 227, 228, 224, 225,-1,
		]
	} #IndexedFaceSet
	Material {
		ambientColor      0.0549 0.0549 0.0549  #ambientColor
		diffuseColor      0.2196 0.2196 0.2196  #diffuseColor
		transparency      0.0000                #transparency
	} #Material

	IndexedFaceSet {
		coordIndex [ 
		 0, 3, 7, 4,-1,
		 4, 7, 3, 0,-1,
		 1, 0, 4, 5,-1,
		 5, 4, 0, 1,-1,
		 2, 1, 5, 6,-1,
		 6, 5, 1, 2,-1,
		 3, 2, 6, 7,-1,
		 7, 6, 2, 3,-1,
		 7, 6, 5, 4,-1,
		 4, 5, 6, 7,-1,
		]
	} #IndexedFaceSet
} #Polyhedron
Separator { #Polyhedron
	DEF COORD48 Coordinate3 {
		point [
		 -0.9777 0.7874 -4.3058,
		 -0.9777 0.7874 -4.1280,
		 -1.1047 0.7874 -4.1280,
		 -1.1047 0.7874 -4.3058,
		 -0.9777 0.7620 -4.3058,
		 -0.9777 0.7620 -4.1280,
		 -1.1047 0.7620 -4.1280,
		 -1.1047 0.7620 -4.3058
		]
	} #Coordinate3
	Material {
		ambientColor      0.0549 0.0549 0.0549  #ambientColor
		diffuseColor      0.2196 0.2196 0.2196  #diffuseColor
		transparency      0.0000                #transparency
	} #Material

	IndexedFaceSet {
		coordIndex [ 
		 0, 1, 2, 3,-1,
		 3, 2, 1, 0,-1,
		 0, 3, 7, 4,-1,
		 4, 7, 3, 0,-1,
		 1, 0, 4, 5,-1,
		 5, 4, 0, 1,-1,
		 2, 1, 5, 6,-1,
		 6, 5, 1, 2,-1,
		 3, 2, 6, 7,-1,
		 7, 6, 2, 3,-1,
		 7, 6, 5, 4,-1,
		 4, 5, 6, 7,-1,
		]
	} #IndexedFaceSet
} #Polyhedron
Separator { #Polyhedron
	DEF COORD49 Coordinate3 {
		point [
		 -1.5874 0.8319 -4.5514,
		 -1.5855 0.8319 -4.5417,
		 -1.5874 0.8319 -4.5320,
		 -1.5929 0.8319 -4.5238,
		 -1.6011 0.8319 -4.5183,
		 -1.6109 0.8319 -4.5163,
		 -1.6206 0.8319 -4.5183,
		 -1.6288 0.8319 -4.5238,
		 -1.6343 0.8319 -4.5320,
		 -1.6363 0.8319 -4.5417,
		 -1.6343 0.8319 -4.5514,
		 -1.6288 0.8319 -4.5597,
		 -1.6206 0.8319 -4.5652,
		 -1.6109 0.8319 -4.5671,
		 -1.6011 0.8319 -4.5652,
		 -1.5929 0.8319 -4.5597,
		 -1.5874 0.7811 -4.5514,
		 -1.5855 0.7811 -4.5417,
		 -1.5874 0.7811 -4.5320,
		 -1.5929 0.7811 -4.5238,
		 -1.6011 0.7811 -4.5183,
		 -1.6109 0.7811 -4.5163,
		 -1.6206 0.7811 -4.5183,
		 -1.6288 0.7811 -4.5238,
		 -1.6343 0.7811 -4.5320,
		 -1.6363 0.7811 -4.5417,
		 -1.6343 0.7811 -4.5514,
		 -1.6288 0.7811 -4.5597,
		 -1.6206 0.7811 -4.5652,
		 -1.6109 0.7811 -4.5671,
		 -1.6011 0.7811 -4.5652,
		 -1.5929 0.7811 -4.5597
		]
	} #Coordinate3
	Material {
		ambientColor      0.0902 0.0902 0.0902  #ambientColor
		diffuseColor      0.3608 0.3608 0.3608  #diffuseColor
		transparency      1.0000                #transparency
	} #Material

	IndexedFaceSet {
		coordIndex [ 
		 0, 1, 2, 3, 4, 5, 6, 7, 8, 9, 10, 11, 12, 13, 14, 15,-1,
		 15, 14, 13, 12, 11, 10, 9, 8, 7, 6, 5, 4, 3, 2, 1, 0,-1,
		]
	} #IndexedFaceSet
	Material {
		ambientColor      0.0902 0.0902 0.0902  #ambientColor
		diffuseColor      0.3608 0.3608 0.3608  #diffuseColor
		transparency      0.0000                #transparency
	} #Material

	IndexedFaceSet {
		coordIndex [ 
		 0, 15, 31, 16,-1,
		 16, 31, 15, 0,-1,
		 1, 0, 16, 17,-1,
		 17, 16, 0, 1,-1,
		 2, 1, 17, 18,-1,
		 18, 17, 1, 2,-1,
		 3, 2, 18, 19,-1,
		 19, 18, 2, 3,-1,
		 4, 3, 19, 20,-1,
		 20, 19, 3, 4,-1,
		 5, 4, 20, 21,-1,
		 21, 20, 4, 5,-1,
		 6, 5, 21, 22,-1,
		 22, 21, 5, 6,-1,
		 7, 6, 22, 23,-1,
		 23, 22, 6, 7,-1,
		 8, 7, 23, 24,-1,
		 24, 23, 7, 8,-1,
		 9, 8, 24, 25,-1,
		 25, 24, 8, 9,-1,
		 10, 9, 25, 26,-1,
		 26, 25, 9, 10,-1,
		 11, 10, 26, 27,-1,
		 27, 26, 10, 11,-1,
		 12, 11, 27, 28,-1,
		 28, 27, 11, 12,-1,
		 13, 12, 28, 29,-1,
		 29, 28, 12, 13,-1,
		 14, 13, 29, 30,-1,
		 30, 29, 13, 14,-1,
		 15, 14, 30, 31,-1,
		 31, 30, 14, 15,-1,
		 31, 30, 29, 28, 27, 26, 25, 24, 23, 22, 21, 20, 19, 18, 17, 16,-1,
		 16, 17, 18, 19, 20, 21, 22, 23, 24, 25, 26, 27, 28, 29, 30, 31,-1,
		]
	} #IndexedFaceSet
} #Polyhedron
Separator { #Polyhedron
	DEF COORD50 Coordinate3 {
		point [
		 -1.5576 1.0161 -4.5057,
		 -1.5571 1.0163 -4.5033,
		 -1.5576 1.0164 -4.5009,
		 -1.5590 1.0164 -4.4988,
		 -1.5610 1.0164 -4.4974,
		 -1.5634 1.0163 -4.4969,
		 -1.5659 1.0161 -4.4974,
		 -1.5679 1.0159 -4.4988,
		 -1.5693 1.0157 -4.5008,
		 -1.5698 1.0155 -4.5033,
		 -1.5693 1.0154 -4.5057,
		 -1.5679 1.0153 -4.5077,
		 -1.5658 1.0154 -4.5091,
		 -1.5634 1.0155 -4.5096,
		 -1.5610 1.0157 -4.5091,
		 -1.5589 1.0159 -4.5078,
		 -1.5443 0.8010 -4.4924,
		 -1.5438 0.8012 -4.4900,
		 -1.5443 0.8013 -4.4876,
		 -1.5457 0.8014 -4.4855,
		 -1.5477 0.8013 -4.4841,
		 -1.5501 0.8012 -4.4836,
		 -1.5526 0.8010 -4.4841,
		 -1.5546 0.8008 -4.4855,
		 -1.5560 0.8006 -4.4875,
		 -1.5565 0.8004 -4.4900,
		 -1.5560 0.8003 -4.4924,
		 -1.5546 0.8003 -4.4944,
		 -1.5525 0.8003 -4.4958,
		 -1.5501 0.8004 -4.4963,
		 -1.5477 0.8006 -4.4958,
		 -1.5456 0.8008 -4.4945
		]
	} #Coordinate3
	Material {
		ambientColor      0.0902 0.0902 0.0902  #ambientColor
		diffuseColor      0.3608 0.3608 0.3608  #diffuseColor
		transparency      0.0000                #transparency
	} #Material

	IndexedFaceSet {
		coordIndex [ 
		 0, 1, 2, 3, 4, 5, 6, 7, 8, 9, 10, 11, 12, 13, 14, 15,-1,
		 15, 14, 13, 12, 11, 10, 9, 8, 7, 6, 5, 4, 3, 2, 1, 0,-1,
		 0, 15, 31, 16,-1,
		 16, 31, 15, 0,-1,
		 1, 0, 16, 17,-1,
		 17, 16, 0, 1,-1,
		 2, 1, 17, 18,-1,
		 18, 17, 1, 2,-1,
		 3, 2, 18, 19,-1,
		 19, 18, 2, 3,-1,
		 4, 3, 19, 20,-1,
		 20, 19, 3, 4,-1,
		 5, 4, 20, 21,-1,
		 21, 20, 4, 5,-1,
		 6, 5, 21, 22,-1,
		 22, 21, 5, 6,-1,
		 7, 6, 22, 23,-1,
		 23, 22, 6, 7,-1,
		 8, 7, 23, 24,-1,
		 24, 23, 7, 8,-1,
		 9, 8, 24, 25,-1,
		 25, 24, 8, 9,-1,
		 10, 9, 25, 26,-1,
		 26, 25, 9, 10,-1,
		 11, 10, 26, 27,-1,
		 27, 26, 10, 11,-1,
		 12, 11, 27, 28,-1,
		 28, 27, 11, 12,-1,
		 13, 12, 28, 29,-1,
		 29, 28, 12, 13,-1,
		 14, 13, 29, 30,-1,
		 30, 29, 13, 14,-1,
		 15, 14, 30, 31,-1,
		 31, 30, 14, 15,-1,
		 31, 30, 29, 28, 27, 26, 25, 24, 23, 22, 21, 20, 19, 18, 17, 16,-1,
		 16, 17, 18, 19, 20, 21, 22, 23, 24, 25, 26, 27, 28, 29, 30, 31,-1,
		]
	} #IndexedFaceSet
} #Polyhedron
Separator { #Polyhedron
	DEF COORD51 Coordinate3 {
		point [
		 -1.5471 1.0157 -4.4611,
		 -1.5471 1.0155 -4.4586,
		 -1.5480 1.0154 -4.4563,
		 -1.5497 1.0154 -4.4545,
		 -1.5520 1.0154 -4.4535,
		 -1.5544 1.0155 -4.4534,
		 -1.5567 1.0157 -4.4543,
		 -1.5585 1.0159 -4.4560,
		 -1.5595 1.0161 -4.4583,
		 -1.5596 1.0163 -4.4608,
		 -1.5587 1.0164 -4.4631,
		 -1.5569 1.0165 -4.4649,
		 -1.5547 1.0164 -4.4659,
		 -1.5522 1.0163 -4.4659,
		 -1.5499 1.0161 -4.4650,
		 -1.5481 1.0159 -4.4633,
		 -1.5579 0.8006 -4.4764,
		 -1.5579 0.8004 -4.4740,
		 -1.5588 0.8003 -4.4717,
		 -1.5605 0.8003 -4.4699,
		 -1.5627 0.8003 -4.4689,
		 -1.5652 0.8004 -4.4688,
		 -1.5675 0.8006 -4.4697,
		 -1.5693 0.8008 -4.4714,
		 -1.5703 0.8010 -4.4737,
		 -1.5703 0.8012 -4.4762,
		 -1.5694 0.8013 -4.4785,
		 -1.5677 0.8014 -4.4802,
		 -1.5655 0.8013 -4.4812,
		 -1.5630 0.8012 -4.4813,
		 -1.5607 0.8010 -4.4804,
		 -1.5589 0.8008 -4.4787
		]
	} #Coordinate3
	Material {
		ambientColor      0.0902 0.0902 0.0902  #ambientColor
		diffuseColor      0.3608 0.3608 0.3608  #diffuseColor
		transparency      0.0000                #transparency
	} #Material

	IndexedFaceSet {
		coordIndex [ 
		 0, 1, 2, 3, 4, 5, 6, 7, 8, 9, 10, 11, 12, 13, 14, 15,-1,
		 15, 14, 13, 12, 11, 10, 9, 8, 7, 6, 5, 4, 3, 2, 1, 0,-1,
		 0, 15, 31, 16,-1,
		 16, 31, 15, 0,-1,
		 1, 0, 16, 17,-1,
		 17, 16, 0, 1,-1,
		 2, 1, 17, 18,-1,
		 18, 17, 1, 2,-1,
		 3, 2, 18, 19,-1,
		 19, 18, 2, 3,-1,
		 4, 3, 19, 20,-1,
		 20, 19, 3, 4,-1,
		 5, 4, 20, 21,-1,
		 21, 20, 4, 5,-1,
		 6, 5, 21, 22,-1,
		 22, 21, 5, 6,-1,
		 7, 6, 22, 23,-1,
		 23, 22, 6, 7,-1,
		 8, 7, 23, 24,-1,
		 24, 23, 7, 8,-1,
		 9, 8, 24, 25,-1,
		 25, 24, 8, 9,-1,
		 10, 9, 25, 26,-1,
		 26, 25, 9, 10,-1,
		 11, 10, 26, 27,-1,
		 27, 26, 10, 11,-1,
		 12, 11, 27, 28,-1,
		 28, 27, 11, 12,-1,
		 13, 12, 28, 29,-1,
		 29, 28, 12, 13,-1,
		 14, 13, 29, 30,-1,
		 30, 29, 13, 14,-1,
		 15, 14, 30, 31,-1,
		 31, 30, 14, 15,-1,
		 31, 30, 29, 28, 27, 26, 25, 24, 23, 22, 21, 20, 19, 18, 17, 16,-1,
		 16, 17, 18, 19, 20, 21, 22, 23, 24, 25, 26, 27, 28, 29, 30, 31,-1,
		]
	} #IndexedFaceSet
} #Polyhedron
Separator { #Polyhedron
	DEF COORD52 Coordinate3 {
		point [
		 -1.4707 0.8319 -4.4347,
		 -1.4687 0.8319 -4.4250,
		 -1.4707 0.8319 -4.4153,
		 -1.4762 0.8319 -4.4070,
		 -1.4844 0.8319 -4.4015,
		 -1.4941 0.8319 -4.3996,
		 -1.5038 0.8319 -4.4015,
		 -1.5121 0.8319 -4.4070,
		 -1.5176 0.8319 -4.4153,
		 -1.5195 0.8319 -4.4250,
		 -1.5176 0.8319 -4.4347,
		 -1.5121 0.8319 -4.4429,
		 -1.5038 0.8319 -4.4484,
		 -1.4941 0.8319 -4.4504,
		 -1.4844 0.8319 -4.4484,
		 -1.4762 0.8319 -4.4429,
		 -1.4707 0.7811 -4.4347,
		 -1.4687 0.7811 -4.4250,
		 -1.4707 0.7811 -4.4153,
		 -1.4762 0.7811 -4.4070,
		 -1.4844 0.7811 -4.4015,
		 -1.4941 0.7811 -4.3996,
		 -1.5038 0.7811 -4.4015,
		 -1.5121 0.7811 -4.4070,
		 -1.5176 0.7811 -4.4153,
		 -1.5195 0.7811 -4.4250,
		 -1.5176 0.7811 -4.4347,
		 -1.5121 0.7811 -4.4429,
		 -1.5038 0.7811 -4.4484,
		 -1.4941 0.7811 -4.4504,
		 -1.4844 0.7811 -4.4484,
		 -1.4762 0.7811 -4.4429
		]
	} #Coordinate3
	Material {
		ambientColor      0.0902 0.0902 0.0902  #ambientColor
		diffuseColor      0.3608 0.3608 0.3608  #diffuseColor
		transparency      1.0000                #transparency
	} #Material

	IndexedFaceSet {
		coordIndex [ 
		 0, 1, 2, 3, 4, 5, 6, 7, 8, 9, 10, 11, 12, 13, 14, 15,-1,
		 15, 14, 13, 12, 11, 10, 9, 8, 7, 6, 5, 4, 3, 2, 1, 0,-1,
		]
	} #IndexedFaceSet
	Material {
		ambientColor      0.0902 0.0902 0.0902  #ambientColor
		diffuseColor      0.3608 0.3608 0.3608  #diffuseColor
		transparency      0.0000                #transparency
	} #Material

	IndexedFaceSet {
		coordIndex [ 
		 0, 15, 31, 16,-1,
		 16, 31, 15, 0,-1,
		 1, 0, 16, 17,-1,
		 17, 16, 0, 1,-1,
		 2, 1, 17, 18,-1,
		 18, 17, 1, 2,-1,
		 3, 2, 18, 19,-1,
		 19, 18, 2, 3,-1,
		 4, 3, 19, 20,-1,
		 20, 19, 3, 4,-1,
		 5, 4, 20, 21,-1,
		 21, 20, 4, 5,-1,
		 6, 5, 21, 22,-1,
		 22, 21, 5, 6,-1,
		 7, 6, 22, 23,-1,
		 23, 22, 6, 7,-1,
		 8, 7, 23, 24,-1,
		 24, 23, 7, 8,-1,
		 9, 8, 24, 25,-1,
		 25, 24, 8, 9,-1,
		 10, 9, 25, 26,-1,
		 26, 25, 9, 10,-1,
		 11, 10, 26, 27,-1,
		 27, 26, 10, 11,-1,
		 12, 11, 27, 28,-1,
		 28, 27, 11, 12,-1,
		 13, 12, 28, 29,-1,
		 29, 28, 12, 13,-1,
		 14, 13, 29, 30,-1,
		 30, 29, 13, 14,-1,
		 15, 14, 30, 31,-1,
		 31, 30, 14, 15,-1,
		 31, 30, 29, 28, 27, 26, 25, 24, 23, 22, 21, 20, 19, 18, 17, 16,-1,
		 16, 17, 18, 19, 20, 21, 22, 23, 24, 25, 26, 27, 28, 29, 30, 31,-1,
		]
	} #IndexedFaceSet
} #Polyhedron
Separator { #Polyhedron
	DEF COORD53 Coordinate3 {
		point [
		 -1.5076 0.8001 -4.4834,
		 -1.5525 0.8001 -4.4385,
		 -1.5974 0.8001 -4.4834,
		 -1.5525 0.8001 -4.5283,
		 -1.5076 0.7811 -4.4834,
		 -1.5525 0.7811 -4.4385,
		 -1.5974 0.7811 -4.4834,
		 -1.5525 0.7811 -4.5283
		]
	} #Coordinate3
	Material {
		ambientColor      0.0902 0.0902 0.0902  #ambientColor
		diffuseColor      0.3608 0.3608 0.3608  #diffuseColor
		transparency      0.0000                #transparency
	} #Material

	IndexedFaceSet {
		coordIndex [ 
		 0, 1, 2, 3,-1,
		 3, 2, 1, 0,-1,
		 7, 6, 5, 4,-1,
		 4, 5, 6, 7,-1,
		]
	} #IndexedFaceSet
} #Polyhedron
Separator { #Polyhedron
	DEF COORD54 Coordinate3 {
		point [
		 -1.4358 0.7811 -4.4295,
		 -1.4986 0.7811 -4.3666,
		 -1.6692 0.7811 -4.5372,
		 -1.6064 0.7811 -4.6001,
		 -1.4358 0.7620 -4.4295,
		 -1.4986 0.7620 -4.3666,
		 -1.6692 0.7620 -4.5372,
		 -1.6064 0.7620 -4.6001
		]
	} #Coordinate3
	Material {
		ambientColor      0.0902 0.0902 0.0902  #ambientColor
		diffuseColor      0.3608 0.3608 0.3608  #diffuseColor
		transparency      0.0000                #transparency
	} #Material

	IndexedFaceSet {
		coordIndex [ 
		 0, 1, 2, 3,-1,
		 3, 2, 1, 0,-1,
		 7, 6, 5, 4,-1,
		 4, 5, 6, 7,-1,
		]
	} #IndexedFaceSet
} #Polyhedron
Separator { #Polyhedron
	DEF COORD55 Coordinate3 {
		point [
		 -1.9764 0.8350 -5.3209,
		 -1.9764 0.8509 -5.3209,
		 -1.9787 0.8509 -5.3231,
		 -1.9787 0.8350 -5.3231,
		 -2.2099 0.8350 -5.0874,
		 -2.2099 0.8509 -5.0874,
		 -2.2122 0.8509 -5.0896,
		 -2.2122 0.8350 -5.0896
		]
	} #Coordinate3
	Material {
		ambientColor      0.0902 0.0902 0.0902  #ambientColor
		diffuseColor      0.3608 0.3608 0.3608  #diffuseColor
		transparency      0.0000                #transparency
	} #Material

	IndexedFaceSet {
		coordIndex [ 
		 0, 3, 7, 4,-1,
		 4, 7, 3, 0,-1,
		 2, 1, 5, 6,-1,
		 6, 5, 1, 2,-1,
		]
	} #IndexedFaceSet
} #Polyhedron
Separator { #Polyhedron
	DEF COORD56 Coordinate3 {
		point [
		 -1.8170 0.8350 -5.1615,
		 -2.0505 0.8350 -4.9280,
		 -2.2122 0.8350 -5.0896,
		 -1.9787 0.8350 -5.3231,
		 -1.8170 0.8319 -5.1615,
		 -2.0505 0.8319 -4.9280,
		 -2.2122 0.8319 -5.0896,
		 -1.9787 0.8319 -5.3231
		]
	} #Coordinate3
	Material {
		ambientColor      0.0902 0.0902 0.0902  #ambientColor
		diffuseColor      0.3608 0.3608 0.3608  #diffuseColor
		transparency      0.0000                #transparency
	} #Material

	Texture2 {
		filename ""  #filename
		wrapS REPEAT 
		wrapT REPEAT 
	} #Texture2

	IndexedFaceSet {
		coordIndex [ 
		 0, 1, 2, 3,-1,
		 3, 2, 1, 0,-1,
		 7, 6, 5, 4,-1,
		 4, 5, 6, 7,-1,
		]
	} #IndexedFaceSet
} #Polyhedron
Separator { #Polyhedron
	DEF COORD57 Coordinate3 {
		point [
		 -1.9764 0.8001 -5.3209,
		 -1.9764 0.8319 -5.3209,
		 -1.9787 0.8319 -5.3231,
		 -1.9787 0.8001 -5.3231,
		 -2.2099 0.8001 -5.0874,
		 -2.2099 0.8319 -5.0874,
		 -2.2122 0.8319 -5.0896,
		 -2.2122 0.8001 -5.0896
		]
	} #Coordinate3
	Material {
		ambientColor      0.0902 0.0902 0.0902  #ambientColor
		diffuseColor      0.3608 0.3608 0.3608  #diffuseColor
		transparency      0.0000                #transparency
	} #Material

	IndexedFaceSet {
		coordIndex [ 
		 0, 3, 7, 4,-1,
		 4, 7, 3, 0,-1,
		 2, 1, 5, 6,-1,
		 6, 5, 1, 2,-1,
		]
	} #IndexedFaceSet
} #Polyhedron
Separator { #Polyhedron
	DEF COORD58 Coordinate3 {
		point [
		 -1.8170 0.8001 -5.1615,
		 -2.0505 0.8001 -4.9280,
		 -2.2122 0.8001 -5.0896,
		 -1.9787 0.8001 -5.3231,
		 -1.8170 0.7969 -5.1615,
		 -2.0505 0.7969 -4.9280,
		 -2.2122 0.7969 -5.0896,
		 -1.9787 0.7969 -5.3231
		]
	} #Coordinate3
	Material {
		ambientColor      0.0902 0.0902 0.0902  #ambientColor
		diffuseColor      0.3608 0.3608 0.3608  #diffuseColor
		transparency      0.0000                #transparency
	} #Material

	IndexedFaceSet {
		coordIndex [ 
		 0, 1, 2, 3,-1,
		 3, 2, 1, 0,-1,
		 7, 6, 5, 4,-1,
		 4, 5, 6, 7,-1,
		]
	} #IndexedFaceSet
} #Polyhedron
Separator { #Polyhedron
	DEF COORD59 Coordinate3 {
		point [
		 -1.9764 0.7652 -5.3209,
		 -1.9764 0.7969 -5.3209,
		 -1.9787 0.7969 -5.3231,
		 -1.9787 0.7652 -5.3231,
		 -2.2099 0.7652 -5.0874,
		 -2.2099 0.7969 -5.0874,
		 -2.2122 0.7969 -5.0896,
		 -2.2122 0.7652 -5.0896
		]
	} #Coordinate3
	Material {
		ambientColor      0.0902 0.0902 0.0902  #ambientColor
		diffuseColor      0.3608 0.3608 0.3608  #diffuseColor
		transparency      0.0000                #transparency
	} #Material

	IndexedFaceSet {
		coordIndex [ 
		 0, 3, 7, 4,-1,
		 4, 7, 3, 0,-1,
		 2, 1, 5, 6,-1,
		 6, 5, 1, 2,-1,
		]
	} #IndexedFaceSet
} #Polyhedron
Separator { #Polyhedron
	DEF COORD60 Coordinate3 {
		point [
		 -1.8170 0.7652 -5.1615,
		 -2.0505 0.7652 -4.9280,
		 -2.2122 0.7652 -5.0896,
		 -1.9787 0.7652 -5.3231,
		 -1.8170 0.7620 -5.1615,
		 -2.0505 0.7620 -4.9280,
		 -2.2122 0.7620 -5.0896,
		 -1.9787 0.7620 -5.3231
		]
	} #Coordinate3
	Material {
		ambientColor      0.0902 0.0902 0.0902  #ambientColor
		diffuseColor      0.3608 0.3608 0.3608  #diffuseColor
		transparency      0.0000                #transparency
	} #Material

	IndexedFaceSet {
		coordIndex [ 
		 0, 1, 2, 3,-1,
		 3, 2, 1, 0,-1,
		 7, 6, 5, 4,-1,
		 4, 5, 6, 7,-1,
		]
	} #IndexedFaceSet
} #Polyhedron
Separator { #Polyhedron
	DEF COORD61 Coordinate3 {
		point [
		 -1.8170 0.7652 -5.1615,
		 -1.8170 0.7969 -5.1615,
		 -1.8193 0.7969 -5.1637,
		 -1.8193 0.7652 -5.1637,
		 -2.0505 0.7652 -4.9280,
		 -2.0505 0.7969 -4.9280,
		 -2.0528 0.7969 -4.9302,
		 -2.0528 0.7652 -4.9302
		]
	} #Coordinate3
	Material {
		ambientColor      0.0902 0.0902 0.0902  #ambientColor
		diffuseColor      0.3608 0.3608 0.3608  #diffuseColor
		transparency      0.0000                #transparency
	} #Material

	IndexedFaceSet {
		coordIndex [ 
		 0, 3, 7, 4,-1,
		 4, 7, 3, 0,-1,
		 2, 1, 5, 6,-1,
		 6, 5, 1, 2,-1,
		]
	} #IndexedFaceSet
} #Polyhedron
Separator { #Polyhedron
	DEF COORD62 Coordinate3 {
		point [
		 -1.8170 0.8001 -5.1615,
		 -1.8170 0.8319 -5.1615,
		 -1.8193 0.8319 -5.1637,
		 -1.8193 0.8001 -5.1637,
		 -2.0505 0.8001 -4.9280,
		 -2.0505 0.8319 -4.9280,
		 -2.0528 0.8319 -4.9302,
		 -2.0528 0.8001 -4.9302
		]
	} #Coordinate3
	Material {
		ambientColor      0.0902 0.0902 0.0902  #ambientColor
		diffuseColor      0.3608 0.3608 0.3608  #diffuseColor
		transparency      0.0000                #transparency
	} #Material

	IndexedFaceSet {
		coordIndex [ 
		 0, 3, 7, 4,-1,
		 4, 7, 3, 0,-1,
		 2, 1, 5, 6,-1,
		 6, 5, 1, 2,-1,
		]
	} #IndexedFaceSet
} #Polyhedron
Separator { #Polyhedron
	DEF COORD63 Coordinate3 {
		point [
		 -1.8170 0.8350 -5.1615,
		 -1.8170 0.8509 -5.1615,
		 -1.8193 0.8509 -5.1637,
		 -1.8193 0.8350 -5.1637,
		 -2.0505 0.8350 -4.9280,
		 -2.0505 0.8509 -4.9280,
		 -2.0528 0.8509 -4.9302,
		 -2.0528 0.8350 -4.9302
		]
	} #Coordinate3
	Material {
		ambientColor      0.0902 0.0902 0.0902  #ambientColor
		diffuseColor      0.3608 0.3608 0.3608  #diffuseColor
		transparency      0.0000                #transparency
	} #Material

	IndexedFaceSet {
		coordIndex [ 
		 0, 3, 7, 4,-1,
		 4, 7, 3, 0,-1,
		 2, 1, 5, 6,-1,
		 6, 5, 1, 2,-1,
		]
	} #IndexedFaceSet
} #Polyhedron
Separator { #Polyhedron
	DEF COORD64 Coordinate3 {
		point [
		 -1.4747 0.7112 -5.1637,
		 -1.8339 0.7112 -4.8045,
		 -2.0854 0.7112 -5.0560,
		 -1.7262 0.7112 -5.4152,
		 -1.4747 0.0000 -5.1637,
		 -1.8339 0.0000 -4.8045,
		 -2.0854 0.0000 -5.0560,
		 -1.7262 0.0000 -5.4152
		]
	} #Coordinate3
	Material {
		ambientColor      0.1951 0.1951 0.1951  #ambientColor
		diffuseColor      0.7804 0.7804 0.7804  #diffuseColor
		transparency      0.0000                #transparency
	} #Material

	IndexedFaceSet {
		coordIndex [ 
		 0, 1, 2, 3,-1,
		 3, 2, 1, 0,-1,
		 7, 6, 5, 4,-1,
		 4, 5, 6, 7,-1,
		]
	} #IndexedFaceSet
} #Polyhedron
Separator { #Polyhedron
	DEF COORD65 Coordinate3 {
		point [
		 -1.5510 0.3048 -5.2670,
		 -1.5510 0.2540 -5.2670,
		 -1.6229 0.2540 -5.3388,
		 -1.6229 0.3048 -5.3388,
		 -1.5241 0.3048 -5.2939,
		 -1.5241 0.2540 -5.2939,
		 -1.5959 0.2540 -5.3658,
		 -1.5959 0.3048 -5.3658
		]
	} #Coordinate3
	Material {
		ambientColor      0.1324 0.1324 0.1324  #ambientColor
		diffuseColor      0.5294 0.5294 0.5294  #diffuseColor
		transparency      0.0000                #transparency
	} #Material

	IndexedFaceSet {
		coordIndex [ 
		 0, 3, 7, 4,-1,
		 4, 7, 3, 0,-1,
		]
	} #IndexedFaceSet
	Material {
		ambientColor      0.1951 0.1951 0.1951  #ambientColor
		diffuseColor      0.7804 0.7804 0.7804  #diffuseColor
		transparency      1.0000                #transparency
	} #Material

	IndexedFaceSet {
		coordIndex [ 
		 2, 1, 5, 6,-1,
		 6, 5, 1, 2,-1,
		]
	} #IndexedFaceSet
} #Polyhedron
Separator { #Polyhedron
	DEF COORD66 Coordinate3 {
		point [
		 -1.4859 0.3302 -5.1884,
		 -1.4859 0.0254 -5.1884,
		 -1.7015 0.0254 -5.4040,
		 -1.7015 0.3302 -5.4040,
		 -1.4815 0.3302 -5.1929,
		 -1.4815 0.0254 -5.1929,
		 -1.6970 0.0254 -5.4084,
		 -1.6970 0.3302 -5.4084
		]
	} #Coordinate3
	Material {
		ambientColor      0.1951 0.1951 0.1951  #ambientColor
		diffuseColor      0.7804 0.7804 0.7804  #diffuseColor
		transparency      0.0000                #transparency
	} #Material

	IndexedFaceSet {
		coordIndex [ 
		 0, 3, 7, 4,-1,
		 4, 7, 3, 0,-1,
		 2, 1, 5, 6,-1,
		 6, 5, 1, 2,-1,
		]
	} #IndexedFaceSet
} #Polyhedron
Separator { #Polyhedron
	DEF COORD67 Coordinate3 {
		point [
		 -1.5510 0.4826 -5.2670,
		 -1.5510 0.4318 -5.2670,
		 -1.6229 0.4318 -5.3388,
		 -1.6229 0.4826 -5.3388,
		 -1.5241 0.4826 -5.2939,
		 -1.5241 0.4318 -5.2939,
		 -1.5959 0.4318 -5.3658,
		 -1.5959 0.4826 -5.3658
		]
	} #Coordinate3
	Material {
		ambientColor      0.1324 0.1324 0.1324  #ambientColor
		diffuseColor      0.5294 0.5294 0.5294  #diffuseColor
		transparency      0.0000                #transparency
	} #Material

	IndexedFaceSet {
		coordIndex [ 
		 0, 3, 7, 4,-1,
		 4, 7, 3, 0,-1,
		]
	} #IndexedFaceSet
	Material {
		ambientColor      0.1951 0.1951 0.1951  #ambientColor
		diffuseColor      0.7804 0.7804 0.7804  #diffuseColor
		transparency      1.0000                #transparency
	} #Material

	IndexedFaceSet {
		coordIndex [ 
		 2, 1, 5, 6,-1,
		 6, 5, 1, 2,-1,
		]
	} #IndexedFaceSet
} #Polyhedron
Separator { #Polyhedron
	DEF COORD68 Coordinate3 {
		point [
		 -1.4859 0.5080 -5.1884,
		 -1.4859 0.3556 -5.1884,
		 -1.7015 0.3556 -5.4040,
		 -1.7015 0.5080 -5.4040,
		 -1.4815 0.5080 -5.1929,
		 -1.4815 0.3556 -5.1929,
		 -1.6970 0.3556 -5.4084,
		 -1.6970 0.5080 -5.4084
		]
	} #Coordinate3
	Material {
		ambientColor      0.1951 0.1951 0.1951  #ambientColor
		diffuseColor      0.7804 0.7804 0.7804  #diffuseColor
		transparency      0.0000                #transparency
	} #Material

	IndexedFaceSet {
		coordIndex [ 
		 0, 3, 7, 4,-1,
		 4, 7, 3, 0,-1,
		 2, 1, 5, 6,-1,
		 6, 5, 1, 2,-1,
		]
	} #IndexedFaceSet
} #Polyhedron
Separator { #Polyhedron
	DEF COORD69 Coordinate3 {
		point [
		 -1.5510 0.6604 -5.2670,
		 -1.5510 0.6096 -5.2670,
		 -1.6229 0.6096 -5.3388,
		 -1.6229 0.6604 -5.3388,
		 -1.5241 0.6604 -5.2939,
		 -1.5241 0.6096 -5.2939,
		 -1.5959 0.6096 -5.3658,
		 -1.5959 0.6604 -5.3658
		]
	} #Coordinate3
	Material {
		ambientColor      0.1324 0.1324 0.1324  #ambientColor
		diffuseColor      0.5294 0.5294 0.5294  #diffuseColor
		transparency      0.0000                #transparency
	} #Material

	IndexedFaceSet {
		coordIndex [ 
		 0, 3, 7, 4,-1,
		 4, 7, 3, 0,-1,
		]
	} #IndexedFaceSet
	Material {
		ambientColor      0.1951 0.1951 0.1951  #ambientColor
		diffuseColor      0.7804 0.7804 0.7804  #diffuseColor
		transparency      1.0000                #transparency
	} #Material

	IndexedFaceSet {
		coordIndex [ 
		 2, 1, 5, 6,-1,
		 6, 5, 1, 2,-1,
		]
	} #IndexedFaceSet
} #Polyhedron
Separator { #Polyhedron
	DEF COORD70 Coordinate3 {
		point [
		 -1.4859 0.6858 -5.1884,
		 -1.4859 0.5334 -5.1884,
		 -1.7015 0.5334 -5.4040,
		 -1.7015 0.6858 -5.4040,
		 -1.4815 0.6858 -5.1929,
		 -1.4815 0.5334 -5.1929,
		 -1.6970 0.5334 -5.4084,
		 -1.6970 0.6858 -5.4084
		]
	} #Coordinate3
	Material {
		ambientColor      0.1951 0.1951 0.1951  #ambientColor
		diffuseColor      0.7804 0.7804 0.7804  #diffuseColor
		transparency      0.0000                #transparency
	} #Material

	IndexedFaceSet {
		coordIndex [ 
		 0, 3, 7, 4,-1,
		 4, 7, 3, 0,-1,
		 2, 1, 5, 6,-1,
		 6, 5, 1, 2,-1,
		]
	} #IndexedFaceSet
} #Polyhedron
Separator { #Polyhedron
	DEF COORD71 Coordinate3 {
		point [
		 -0.8686 0.3048 -4.5845,
		 -0.8686 0.2540 -4.5845,
		 -0.9404 0.2540 -4.6563,
		 -0.9404 0.3048 -4.6563,
		 -0.8416 0.3048 -4.6114,
		 -0.8416 0.2540 -4.6114,
		 -0.9135 0.2540 -4.6833,
		 -0.9135 0.3048 -4.6833
		]
	} #Coordinate3
	Material {
		ambientColor      0.1324 0.1324 0.1324  #ambientColor
		diffuseColor      0.5294 0.5294 0.5294  #diffuseColor
		transparency      0.0000                #transparency
	} #Material

	IndexedFaceSet {
		coordIndex [ 
		 0, 3, 7, 4,-1,
		 4, 7, 3, 0,-1,
		]
	} #IndexedFaceSet
	Material {
		ambientColor      0.1951 0.1951 0.1951  #ambientColor
		diffuseColor      0.7804 0.7804 0.7804  #diffuseColor
		transparency      1.0000                #transparency
	} #Material

	IndexedFaceSet {
		coordIndex [ 
		 2, 1, 5, 6,-1,
		 6, 5, 1, 2,-1,
		]
	} #IndexedFaceSet
} #Polyhedron
Separator { #Polyhedron
	DEF COORD72 Coordinate3 {
		point [
		 -0.8686 0.4826 -4.5845,
		 -0.8686 0.4318 -4.5845,
		 -0.9404 0.4318 -4.6563,
		 -0.9404 0.4826 -4.6563,
		 -0.8416 0.4826 -4.6114,
		 -0.8416 0.4318 -4.6114,
		 -0.9135 0.4318 -4.6833,
		 -0.9135 0.4826 -4.6833
		]
	} #Coordinate3
	Material {
		ambientColor      0.1324 0.1324 0.1324  #ambientColor
		diffuseColor      0.5294 0.5294 0.5294  #diffuseColor
		transparency      0.0000                #transparency
	} #Material

	IndexedFaceSet {
		coordIndex [ 
		 0, 3, 7, 4,-1,
		 4, 7, 3, 0,-1,
		]
	} #IndexedFaceSet
	Material {
		ambientColor      0.1951 0.1951 0.1951  #ambientColor
		diffuseColor      0.7804 0.7804 0.7804  #diffuseColor
		transparency      1.0000                #transparency
	} #Material

	IndexedFaceSet {
		coordIndex [ 
		 2, 1, 5, 6,-1,
		 6, 5, 1, 2,-1,
		]
	} #IndexedFaceSet
} #Polyhedron
Separator { #Polyhedron
	DEF COORD73 Coordinate3 {
		point [
		 -0.8686 0.6604 -4.5845,
		 -0.8686 0.6096 -4.5845,
		 -0.9404 0.6096 -4.6563,
		 -0.9404 0.6604 -4.6563,
		 -0.8416 0.6604 -4.6114,
		 -0.8416 0.6096 -4.6114,
		 -0.9135 0.6096 -4.6833,
		 -0.9135 0.6604 -4.6833
		]
	} #Coordinate3
	Material {
		ambientColor      0.1324 0.1324 0.1324  #ambientColor
		diffuseColor      0.5294 0.5294 0.5294  #diffuseColor
		transparency      0.0000                #transparency
	} #Material

	IndexedFaceSet {
		coordIndex [ 
		 0, 3, 7, 4,-1,
		 4, 7, 3, 0,-1,
		]
	} #IndexedFaceSet
	Material {
		ambientColor      0.1951 0.1951 0.1951  #ambientColor
		diffuseColor      0.7804 0.7804 0.7804  #diffuseColor
		transparency      1.0000                #transparency
	} #Material

	IndexedFaceSet {
		coordIndex [ 
		 2, 1, 5, 6,-1,
		 6, 5, 1, 2,-1,
		]
	} #IndexedFaceSet
} #Polyhedron
Separator { #Polyhedron
	DEF COORD74 Coordinate3 {
		point [
		 -0.8035 0.6858 -4.5059,
		 -0.8035 0.5334 -4.5059,
		 -1.0190 0.5334 -4.7215,
		 -1.0190 0.6858 -4.7215,
		 -0.7990 0.6858 -4.5104,
		 -0.7990 0.5334 -4.5104,
		 -1.0145 0.5334 -4.7259,
		 -1.0145 0.6858 -4.7259
		]
	} #Coordinate3
	Material {
		ambientColor      0.1951 0.1951 0.1951  #ambientColor
		diffuseColor      0.7804 0.7804 0.7804  #diffuseColor
		transparency      0.0000                #transparency
	} #Material

	IndexedFaceSet {
		coordIndex [ 
		 0, 3, 7, 4,-1,
		 4, 7, 3, 0,-1,
		 2, 1, 5, 6,-1,
		 6, 5, 1, 2,-1,
		]
	} #IndexedFaceSet
} #Polyhedron
Separator { #Polyhedron
	DEF COORD75 Coordinate3 {
		point [
		 -0.8035 0.5080 -4.5059,
		 -0.8035 0.3556 -4.5059,
		 -1.0190 0.3556 -4.7215,
		 -1.0190 0.5080 -4.7215,
		 -0.7990 0.5080 -4.5104,
		 -0.7990 0.3556 -4.5104,
		 -1.0145 0.3556 -4.7259,
		 -1.0145 0.5080 -4.7259
		]
	} #Coordinate3
	Material {
		ambientColor      0.1951 0.1951 0.1951  #ambientColor
		diffuseColor      0.7804 0.7804 0.7804  #diffuseColor
		transparency      0.0000                #transparency
	} #Material

	IndexedFaceSet {
		coordIndex [ 
		 0, 3, 7, 4,-1,
		 4, 7, 3, 0,-1,
		 2, 1, 5, 6,-1,
		 6, 5, 1, 2,-1,
		]
	} #IndexedFaceSet
} #Polyhedron
Separator { #Polyhedron
	DEF COORD76 Coordinate3 {
		point [
		 -0.8035 0.3302 -4.5059,
		 -0.8035 0.0254 -4.5059,
		 -1.0190 0.0254 -4.7215,
		 -1.0190 0.3302 -4.7215,
		 -0.7990 0.3302 -4.5104,
		 -0.7990 0.0254 -4.5104,
		 -1.0145 0.0254 -4.7259,
		 -1.0145 0.3302 -4.7259
		]
	} #Coordinate3
	Material {
		ambientColor      0.1951 0.1951 0.1951  #ambientColor
		diffuseColor      0.7804 0.7804 0.7804  #diffuseColor
		transparency      0.0000                #transparency
	} #Material

	IndexedFaceSet {
		coordIndex [ 
		 0, 3, 7, 4,-1,
		 4, 7, 3, 0,-1,
		 2, 1, 5, 6,-1,
		 6, 5, 1, 2,-1,
		]
	} #IndexedFaceSet
} #Polyhedron
Separator { #Polyhedron
	DEF COORD77 Coordinate3 {
		point [
		 -1.4029 0.7112 -4.3735,
		 -1.0437 0.7112 -4.7327,
		 -0.7923 0.7112 -4.4812,
		 -1.1515 0.7112 -4.1220,
		 -1.4029 0.0000 -4.3735,
		 -1.0437 0.0000 -4.7327,
		 -0.7923 0.0000 -4.4812,
		 -1.1515 0.0000 -4.1220
		]
	} #Coordinate3
	Material {
		ambientColor      0.1951 0.1951 0.1951  #ambientColor
		diffuseColor      0.7804 0.7804 0.7804  #diffuseColor
		transparency      0.0000                #transparency
	} #Material

	IndexedFaceSet {
		coordIndex [ 
		 0, 1, 2, 3,-1,
		 3, 2, 1, 0,-1,
		 7, 6, 5, 4,-1,
		 4, 5, 6, 7,-1,
		]
	} #IndexedFaceSet
} #Polyhedron
Separator { #Polyhedron
	DEF COORD78 Coordinate3 {
		point [
		 -1.8339 0.7112 -4.8045,
		 -1.7980 0.7112 -4.8405,
		 -1.3670 0.7112 -4.4094,
		 -1.4029 0.7112 -4.3735,
		 -1.8339 0.0000 -4.8045,
		 -1.7980 0.0000 -4.8405,
		 -1.3670 0.0000 -4.4094,
		 -1.4029 0.0000 -4.3735
		]
	} #Coordinate3
	Material {
		ambientColor      0.1951 0.1951 0.1951  #ambientColor
		diffuseColor      0.7804 0.7804 0.7804  #diffuseColor
		transparency      0.0000                #transparency
	} #Material

	IndexedFaceSet {
		coordIndex [ 
		 0, 1, 2, 3,-1,
		 3, 2, 1, 0,-1,
		 7, 6, 5, 4,-1,
		 4, 5, 6, 7,-1,
		]
	} #IndexedFaceSet
} #Polyhedron
Separator { #Polyhedron
	DEF COORD79 Coordinate3 {
		point [
		 -2.2650 0.7620 -5.0919,
		 -1.7980 0.7620 -5.5589,
		 -0.6486 0.7620 -4.4094,
		 -1.1156 0.7620 -3.9424,
		 -2.2650 0.7112 -5.0919,
		 -1.7980 0.7112 -5.5589,
		 -0.6486 0.7112 -4.4094,
		 -1.1156 0.7112 -3.9424,
		 -0.7384 0.7620 -4.4992,
		 -1.6723 0.7620 -4.4992,
		 -1.7082 0.7620 -5.0021,
		 -1.2053 0.7620 -4.4992,
		 -2.1752 0.7620 -5.0021,
		 -1.4927 0.7620 -5.2176,
		 -2.1393 0.7620 -5.2176,
		 -2.1393 0.7620 -5.2176,
		 -1.4568 0.7620 -5.2176,
		 -0.9898 0.7620 -4.7147,
		 -0.9539 0.7620 -4.7147,
		 -0.7384 0.7620 -4.4992,
		 -1.6723 0.7620 -4.4992,
		 -0.7384 0.7620 -4.4992,
		 -2.1752 0.7620 -5.0021,
		 -2.1393 0.7620 -5.2176,
		 -1.4568 0.7620 -5.2176,
		 -2.1393 0.7620 -5.2176,
		 -0.9539 0.7620 -4.7147,
		 -0.7384 0.7620 -4.4992
		]
	} #Coordinate3
	Material {
		ambientColor      0.1951 0.1951 0.1951  #ambientColor
		diffuseColor      0.7804 0.7804 0.7804  #diffuseColor
		transparency      0.0000                #transparency
	} #Material

	IndexedFaceSet {
		coordIndex [ 
		 8, 2, 3, 9,-1,
		 10, 11, 9, 12,-1,
		 13, 10, 12, 0, 14,-1,
		 15, 1, 16,-1,
		 17, 13, 16, 18,-1,
		 11, 17, 18, 19,-1,
		]
	} #IndexedFaceSet
	Material {
		ambientColor      0.1324 0.1324 0.1324  #ambientColor
		diffuseColor      0.5294 0.5294 0.5294  #diffuseColor
		transparency      0.0000                #transparency
	} #Material

	IndexedFaceSet {
		coordIndex [ 
		 10, 13, 17, 11,-1,
		]
	} #IndexedFaceSet
	Material {
		ambientColor      0.1951 0.1951 0.1951  #ambientColor
		diffuseColor      0.7804 0.7804 0.7804  #diffuseColor
		transparency      0.0000                #transparency
	} #Material

	IndexedFaceSet {
		coordIndex [ 
		 20, 3, 2, 21,-1,
		 22, 20, 11, 10,-1,
		 23, 0, 22, 10, 13,-1,
		 24, 1, 25,-1,
		 26, 24, 13, 17,-1,
		 27, 26, 17, 11,-1,
		]
	} #IndexedFaceSet
	Material {
		ambientColor      0.1324 0.1324 0.1324  #ambientColor
		diffuseColor      0.5294 0.5294 0.5294  #diffuseColor
		transparency      0.0000                #transparency
	} #Material

	IndexedFaceSet {
		coordIndex [ 
		 11, 17, 13, 10,-1,
		]
	} #IndexedFaceSet
	Material {
		ambientColor      0.1951 0.1951 0.1951  #ambientColor
		diffuseColor      0.7804 0.7804 0.7804  #diffuseColor
		transparency      0.0000                #transparency
	} #Material

	IndexedFaceSet {
		coordIndex [ 
		 7, 6, 5, 4,-1,
		 4, 5, 6, 7,-1,
		]
	} #IndexedFaceSet
} #Polyhedron
Separator { #Polyhedron
	DEF COORD80 Coordinate3 {
		point [
		 -2.0360 0.8350 -4.9303,
		 -2.0360 0.8509 -4.9303,
		 -2.0337 0.8509 -4.9280,
		 -2.0337 0.8350 -4.9280,
		 -1.8025 0.8350 -5.1637,
		 -1.8025 0.8509 -5.1637,
		 -1.8002 0.8509 -5.1615,
		 -1.8002 0.8350 -5.1615
		]
	} #Coordinate3
	Material {
		ambientColor      0.0902 0.0902 0.0902  #ambientColor
		diffuseColor      0.3608 0.3608 0.3608  #diffuseColor
		transparency      0.0000                #transparency
	} #Material

	IndexedFaceSet {
		coordIndex [ 
		 0, 3, 7, 4,-1,
		 4, 7, 3, 0,-1,
		 2, 1, 5, 6,-1,
		 6, 5, 1, 2,-1,
		]
	} #IndexedFaceSet
} #Polyhedron
Separator { #Polyhedron
	DEF COORD81 Coordinate3 {
		point [
		 -2.1954 0.8350 -5.0897,
		 -1.9619 0.8350 -5.3231,
		 -1.8002 0.8350 -5.1615,
		 -2.0337 0.8350 -4.9280,
		 -2.1954 0.8319 -5.0897,
		 -1.9619 0.8319 -5.3231,
		 -1.8002 0.8319 -5.1615,
		 -2.0337 0.8319 -4.9280
		]
	} #Coordinate3
	Material {
		ambientColor      0.0902 0.0902 0.0902  #ambientColor
		diffuseColor      0.3608 0.3608 0.3608  #diffuseColor
		transparency      0.0000                #transparency
	} #Material

	IndexedFaceSet {
		coordIndex [ 
		 0, 1, 2, 3,-1,
		 3, 2, 1, 0,-1,
		 7, 6, 5, 4,-1,
		 4, 5, 6, 7,-1,
		]
	} #IndexedFaceSet
} #Polyhedron
Separator { #Polyhedron
	DEF COORD82 Coordinate3 {
		point [
		 -2.0360 0.8001 -4.9303,
		 -2.0360 0.8319 -4.9303,
		 -2.0337 0.8319 -4.9280,
		 -2.0337 0.8001 -4.9280,
		 -1.8025 0.8001 -5.1637,
		 -1.8025 0.8319 -5.1637,
		 -1.8002 0.8319 -5.1615,
		 -1.8002 0.8001 -5.1615
		]
	} #Coordinate3
	Material {
		ambientColor      0.0902 0.0902 0.0902  #ambientColor
		diffuseColor      0.3608 0.3608 0.3608  #diffuseColor
		transparency      0.0000                #transparency
	} #Material

	IndexedFaceSet {
		coordIndex [ 
		 0, 3, 7, 4,-1,
		 4, 7, 3, 0,-1,
		 2, 1, 5, 6,-1,
		 6, 5, 1, 2,-1,
		]
	} #IndexedFaceSet
} #Polyhedron
Separator { #Polyhedron
	DEF COORD83 Coordinate3 {
		point [
		 -2.1954 0.8001 -5.0897,
		 -1.9619 0.8001 -5.3231,
		 -1.8002 0.8001 -5.1615,
		 -2.0337 0.8001 -4.9280,
		 -2.1954 0.7969 -5.0897,
		 -1.9619 0.7969 -5.3231,
		 -1.8002 0.7969 -5.1615,
		 -2.0337 0.7969 -4.9280
		]
	} #Coordinate3
	Material {
		ambientColor      0.0902 0.0902 0.0902  #ambientColor
		diffuseColor      0.3608 0.3608 0.3608  #diffuseColor
		transparency      0.0000                #transparency
	} #Material

	IndexedFaceSet {
		coordIndex [ 
		 0, 1, 2, 3,-1,
		 3, 2, 1, 0,-1,
		 7, 6, 5, 4,-1,
		 4, 5, 6, 7,-1,
		]
	} #IndexedFaceSet
} #Polyhedron
Separator { #Polyhedron
	DEF COORD84 Coordinate3 {
		point [
		 -2.0360 0.7652 -4.9303,
		 -2.0360 0.7969 -4.9303,
		 -2.0337 0.7969 -4.9280,
		 -2.0337 0.7652 -4.9280,
		 -1.8025 0.7652 -5.1637,
		 -1.8025 0.7969 -5.1637,
		 -1.8002 0.7969 -5.1615,
		 -1.8002 0.7652 -5.1615
		]
	} #Coordinate3
	Material {
		ambientColor      0.0902 0.0902 0.0902  #ambientColor
		diffuseColor      0.3608 0.3608 0.3608  #diffuseColor
		transparency      0.0000                #transparency
	} #Material

	IndexedFaceSet {
		coordIndex [ 
		 0, 3, 7, 4,-1,
		 4, 7, 3, 0,-1,
		 2, 1, 5, 6,-1,
		 6, 5, 1, 2,-1,
		]
	} #IndexedFaceSet
} #Polyhedron
Separator { #Polyhedron
	DEF COORD85 Coordinate3 {
		point [
		 -2.1954 0.7652 -5.0897,
		 -1.9619 0.7652 -5.3231,
		 -1.8002 0.7652 -5.1615,
		 -2.0337 0.7652 -4.9280,
		 -2.1954 0.7620 -5.0897,
		 -1.9619 0.7620 -5.3231,
		 -1.8002 0.7620 -5.1615,
		 -2.0337 0.7620 -4.9280
		]
	} #Coordinate3
	Material {
		ambientColor      0.0902 0.0902 0.0902  #ambientColor
		diffuseColor      0.3608 0.3608 0.3608  #diffuseColor
		transparency      0.0000                #transparency
	} #Material

	IndexedFaceSet {
		coordIndex [ 
		 0, 1, 2, 3,-1,
		 3, 2, 1, 0,-1,
		 7, 6, 5, 4,-1,
		 4, 5, 6, 7,-1,
		]
	} #IndexedFaceSet
} #Polyhedron
Separator { #Polyhedron
	DEF COORD86 Coordinate3 {
		point [
		 -2.1954 0.7652 -5.0897,
		 -2.1954 0.7969 -5.0897,
		 -2.1931 0.7969 -5.0874,
		 -2.1931 0.7652 -5.0874,
		 -1.9619 0.7652 -5.3231,
		 -1.9619 0.7969 -5.3231,
		 -1.9596 0.7969 -5.3209,
		 -1.9596 0.7652 -5.3209
		]
	} #Coordinate3
	Material {
		ambientColor      0.0902 0.0902 0.0902  #ambientColor
		diffuseColor      0.3608 0.3608 0.3608  #diffuseColor
		transparency      0.0000                #transparency
	} #Material

	IndexedFaceSet {
		coordIndex [ 
		 0, 3, 7, 4,-1,
		 4, 7, 3, 0,-1,
		 2, 1, 5, 6,-1,
		 6, 5, 1, 2,-1,
		]
	} #IndexedFaceSet
} #Polyhedron
Separator { #Polyhedron
	DEF COORD87 Coordinate3 {
		point [
		 -2.1954 0.8001 -5.0897,
		 -2.1954 0.8319 -5.0897,
		 -2.1931 0.8319 -5.0874,
		 -2.1931 0.8001 -5.0874,
		 -1.9619 0.8001 -5.3231,
		 -1.9619 0.8319 -5.3231,
		 -1.9596 0.8319 -5.3209,
		 -1.9596 0.8001 -5.3209
		]
	} #Coordinate3
	Material {
		ambientColor      0.0902 0.0902 0.0902  #ambientColor
		diffuseColor      0.3608 0.3608 0.3608  #diffuseColor
		transparency      0.0000                #transparency
	} #Material

	IndexedFaceSet {
		coordIndex [ 
		 0, 3, 7, 4,-1,
		 4, 7, 3, 0,-1,
		 2, 1, 5, 6,-1,
		 6, 5, 1, 2,-1,
		]
	} #IndexedFaceSet
} #Polyhedron
Separator { #Polyhedron
	DEF COORD88 Coordinate3 {
		point [
		 -2.1954 0.8350 -5.0897,
		 -2.1954 0.8509 -5.0897,
		 -2.1931 0.8509 -5.0874,
		 -2.1931 0.8350 -5.0874,
		 -1.9619 0.8350 -5.3231,
		 -1.9619 0.8509 -5.3231,
		 -1.9596 0.8509 -5.3209,
		 -1.9596 0.8350 -5.3209
		]
	} #Coordinate3
	Material {
		ambientColor      0.0902 0.0902 0.0902  #ambientColor
		diffuseColor      0.3608 0.3608 0.3608  #diffuseColor
		transparency      0.0000                #transparency
	} #Material

	Texture2 {
		filename ""  #filename
		wrapS REPEAT 
		wrapT REPEAT 
	} #Texture2

	IndexedFaceSet {
		coordIndex [ 
		 0, 3, 7, 4,-1,
		 4, 7, 3, 0,-1,
		 2, 1, 5, 6,-1,
		 6, 5, 1, 2,-1,
		]
	} #IndexedFaceSet
} #Polyhedron
Separator { #Polyhedron
	DEF COORD89 Coordinate3 {
		point [
		 -0.5122 0.1524 -5.6297,
		 -0.8170 0.1524 -5.1018,
		 -0.8830 0.1524 -5.1399,
		 -0.5782 0.1524 -5.6678,
		 -0.5122 0.1016 -5.6297,
		 -0.8170 0.1016 -5.1018,
		 -0.8830 0.1016 -5.1399,
		 -0.5782 0.1016 -5.6678
		]
	} #Coordinate3
	Material {
		ambientColor      0.1951 0.1951 0.1951  #ambientColor
		diffuseColor      0.7804 0.7804 0.7804  #diffuseColor
		transparency      0.0000                #transparency
	} #Material

	Texture2 {
		filename ""  #filename
		wrapS REPEAT 
		wrapT REPEAT 
	} #Texture2

	IndexedFaceSet {
		coordIndex [ 
		 0, 1, 2, 3,-1,
		 3, 2, 1, 0,-1,
		 0, 3, 7, 4,-1,
		 4, 7, 3, 0,-1,
		 1, 0, 4, 5,-1,
		 5, 4, 0, 1,-1,
		 2, 1, 5, 6,-1,
		 6, 5, 1, 2,-1,
		 3, 2, 6, 7,-1,
		 7, 6, 2, 3,-1,
		 7, 6, 5, 4,-1,
		 4, 5, 6, 7,-1,
		]
	} #IndexedFaceSet
} #Polyhedron
Separator { #Polyhedron
	DEF COORD90 Coordinate3 {
		point [
		 -0.7115 0.1524 -5.4369,
		 -0.7496 0.1524 -5.3709,
		 -0.9806 0.1524 -5.5042,
		 -0.9425 0.1524 -5.5702,
		 -0.7115 0.1016 -5.4369,
		 -0.7496 0.1016 -5.3709,
		 -0.9806 0.1016 -5.5042,
		 -0.9425 0.1016 -5.5702
		]
	} #Coordinate3
	Material {
		ambientColor      0.1951 0.1951 0.1951  #ambientColor
		diffuseColor      0.7804 0.7804 0.7804  #diffuseColor
		transparency      0.0000                #transparency
	} #Material

	IndexedFaceSet {
		coordIndex [ 
		 0, 1, 2, 3,-1,
		 3, 2, 1, 0,-1,
		 0, 3, 7, 4,-1,
		 4, 7, 3, 0,-1,
		 1, 0, 4, 5,-1,
		 5, 4, 0, 1,-1,
		 2, 1, 5, 6,-1,
		 6, 5, 1, 2,-1,
		 3, 2, 6, 7,-1,
		 7, 6, 2, 3,-1,
		 7, 6, 5, 4,-1,
		 4, 5, 6, 7,-1,
		]
	} #IndexedFaceSet
} #Polyhedron
Separator { #Polyhedron
	DEF COORD91 Coordinate3 {
		point [
		 -0.4146 0.1524 -5.2654,
		 -0.4527 0.1524 -5.1994,
		 -0.6836 0.1524 -5.3328,
		 -0.6455 0.1524 -5.3988,
		 -0.4146 0.1016 -5.2654,
		 -0.4527 0.1016 -5.1994,
		 -0.6836 0.1016 -5.3328,
		 -0.6455 0.1016 -5.3988
		]
	} #Coordinate3
	Material {
		ambientColor      0.1951 0.1951 0.1951  #ambientColor
		diffuseColor      0.7804 0.7804 0.7804  #diffuseColor
		transparency      0.0000                #transparency
	} #Material

	IndexedFaceSet {
		coordIndex [ 
		 0, 1, 2, 3,-1,
		 3, 2, 1, 0,-1,
		 0, 3, 7, 4,-1,
		 4, 7, 3, 0,-1,
		 1, 0, 4, 5,-1,
		 5, 4, 0, 1,-1,
		 2, 1, 5, 6,-1,
		 6, 5, 1, 2,-1,
		 3, 2, 6, 7,-1,
		 7, 6, 2, 3,-1,
		 7, 6, 5, 4,-1,
		 4, 5, 6, 7,-1,
		]
	} #IndexedFaceSet
} #Polyhedron
Separator { #Polyhedron
	DEF COORD92 Coordinate3 {
		point [
		 -0.9295 0.1016 -5.5322,
		 -0.9273 0.1016 -5.5278,
		 -0.9270 0.1016 -5.5228,
		 -0.9286 0.1016 -5.5182,
		 -0.9318 0.1016 -5.5144,
		 -0.9363 0.1016 -5.5122,
		 -0.9412 0.1016 -5.5119,
		 -0.9459 0.1016 -5.5135,
		 -0.9496 0.1016 -5.5168,
		 -0.9518 0.1016 -5.5212,
		 -0.9521 0.1016 -5.5262,
		 -0.9506 0.1016 -5.5309,
		 -0.9473 0.1016 -5.5346,
		 -0.9428 0.1016 -5.5368,
		 -0.9379 0.1016 -5.5371,
		 -0.9332 0.1016 -5.5355,
		 -0.9295 0.0508 -5.5322,
		 -0.9273 0.0508 -5.5278,
		 -0.9270 0.0508 -5.5228,
		 -0.9286 0.0508 -5.5182,
		 -0.9318 0.0508 -5.5144,
		 -0.9363 0.0508 -5.5122,
		 -0.9412 0.0508 -5.5119,
		 -0.9459 0.0508 -5.5135,
		 -0.9496 0.0508 -5.5168,
		 -0.9518 0.0508 -5.5212,
		 -0.9521 0.0508 -5.5262,
		 -0.9506 0.0508 -5.5309,
		 -0.9473 0.0508 -5.5346,
		 -0.9428 0.0508 -5.5368,
		 -0.9379 0.0508 -5.5371,
		 -0.9332 0.0508 -5.5355
		]
	} #Coordinate3
	Material {
		ambientColor      0.1951 0.1951 0.1951  #ambientColor
		diffuseColor      0.7804 0.7804 0.7804  #diffuseColor
		transparency      0.0000                #transparency
	} #Material

	IndexedFaceSet {
		coordIndex [ 
		 0, 1, 2, 3, 4, 5, 6, 7, 8, 9, 10, 11, 12, 13, 14, 15,-1,
		 15, 14, 13, 12, 11, 10, 9, 8, 7, 6, 5, 4, 3, 2, 1, 0,-1,
		 0, 15, 31, 16,-1,
		 16, 31, 15, 0,-1,
		 1, 0, 16, 17,-1,
		 17, 16, 0, 1,-1,
		 2, 1, 17, 18,-1,
		 18, 17, 1, 2,-1,
		 3, 2, 18, 19,-1,
		 19, 18, 2, 3,-1,
		 4, 3, 19, 20,-1,
		 20, 19, 3, 4,-1,
		 5, 4, 20, 21,-1,
		 21, 20, 4, 5,-1,
		 6, 5, 21, 22,-1,
		 22, 21, 5, 6,-1,
		 7, 6, 22, 23,-1,
		 23, 22, 6, 7,-1,
		 8, 7, 23, 24,-1,
		 24, 23, 7, 8,-1,
		 9, 8, 24, 25,-1,
		 25, 24, 8, 9,-1,
		 10, 9, 25, 26,-1,
		 26, 25, 9, 10,-1,
		 11, 10, 26, 27,-1,
		 27, 26, 10, 11,-1,
		 12, 11, 27, 28,-1,
		 28, 27, 11, 12,-1,
		 13, 12, 28, 29,-1,
		 29, 28, 12, 13,-1,
		 14, 13, 29, 30,-1,
		 30, 29, 13, 14,-1,
		 15, 14, 30, 31,-1,
		 31, 30, 14, 15,-1,
		 31, 30, 29, 28, 27, 26, 25, 24, 23, 22, 21, 20, 19, 18, 17, 16,-1,
		 16, 17, 18, 19, 20, 21, 22, 23, 24, 25, 26, 27, 28, 29, 30, 31,-1,
		]
	} #IndexedFaceSet
} #Polyhedron
Separator { #Polyhedron
	DEF COORD93 Coordinate3 {
		point [
		 -0.5478 0.1016 -5.6345,
		 -0.5456 0.1016 -5.6301,
		 -0.5453 0.1016 -5.6251,
		 -0.5469 0.1016 -5.6204,
		 -0.5502 0.1016 -5.6167,
		 -0.5546 0.1016 -5.6145,
		 -0.5595 0.1016 -5.6142,
		 -0.5642 0.1016 -5.6158,
		 -0.5680 0.1016 -5.6190,
		 -0.5702 0.1016 -5.6235,
		 -0.5705 0.1016 -5.6284,
		 -0.5689 0.1016 -5.6331,
		 -0.5656 0.1016 -5.6369,
		 -0.5612 0.1016 -5.6390,
		 -0.5562 0.1016 -5.6394,
		 -0.5515 0.1016 -5.6378,
		 -0.5478 0.0508 -5.6345,
		 -0.5456 0.0508 -5.6301,
		 -0.5453 0.0508 -5.6251,
		 -0.5469 0.0508 -5.6204,
		 -0.5502 0.0508 -5.6167,
		 -0.5546 0.0508 -5.6145,
		 -0.5595 0.0508 -5.6142,
		 -0.5642 0.0508 -5.6158,
		 -0.5680 0.0508 -5.6190,
		 -0.5702 0.0508 -5.6235,
		 -0.5705 0.0508 -5.6284,
		 -0.5689 0.0508 -5.6331,
		 -0.5656 0.0508 -5.6369,
		 -0.5612 0.0508 -5.6390,
		 -0.5562 0.0508 -5.6394,
		 -0.5515 0.0508 -5.6378
		]
	} #Coordinate3
	Material {
		ambientColor      0.1951 0.1951 0.1951  #ambientColor
		diffuseColor      0.7804 0.7804 0.7804  #diffuseColor
		transparency      0.0000                #transparency
	} #Material

	IndexedFaceSet {
		coordIndex [ 
		 0, 1, 2, 3, 4, 5, 6, 7, 8, 9, 10, 11, 12, 13, 14, 15,-1,
		 15, 14, 13, 12, 11, 10, 9, 8, 7, 6, 5, 4, 3, 2, 1, 0,-1,
		 0, 15, 31, 16,-1,
		 16, 31, 15, 0,-1,
		 1, 0, 16, 17,-1,
		 17, 16, 0, 1,-1,
		 2, 1, 17, 18,-1,
		 18, 17, 1, 2,-1,
		 3, 2, 18, 19,-1,
		 19, 18, 2, 3,-1,
		 4, 3, 19, 20,-1,
		 20, 19, 3, 4,-1,
		 5, 4, 20, 21,-1,
		 21, 20, 4, 5,-1,
		 6, 5, 21, 22,-1,
		 22, 21, 5, 6,-1,
		 7, 6, 22, 23,-1,
		 23, 22, 6, 7,-1,
		 8, 7, 23, 24,-1,
		 24, 23, 7, 8,-1,
		 9, 8, 24, 25,-1,
		 25, 24, 8, 9,-1,
		 10, 9, 25, 26,-1,
		 26, 25, 9, 10,-1,
		 11, 10, 26, 27,-1,
		 27, 26, 10, 11,-1,
		 12, 11, 27, 28,-1,
		 28, 27, 11, 12,-1,
		 13, 12, 28, 29,-1,
		 29, 28, 12, 13,-1,
		 14, 13, 29, 30,-1,
		 30, 29, 13, 14,-1,
		 15, 14, 30, 31,-1,
		 31, 30, 14, 15,-1,
		 31, 30, 29, 28, 27, 26, 25, 24, 23, 22, 21, 20, 19, 18, 17, 16,-1,
		 16, 17, 18, 19, 20, 21, 22, 23, 24, 25, 26, 27, 28, 29, 30, 31,-1,
		]
	} #IndexedFaceSet
} #Polyhedron
Separator { #Polyhedron
	DEF COORD94 Coordinate3 {
		point [
		 -0.8272 0.1016 -5.1506,
		 -0.8250 0.1016 -5.1461,
		 -0.8247 0.1016 -5.1412,
		 -0.8263 0.1016 -5.1365,
		 -0.8296 0.1016 -5.1328,
		 -0.8340 0.1016 -5.1306,
		 -0.8389 0.1016 -5.1303,
		 -0.8436 0.1016 -5.1318,
		 -0.8474 0.1016 -5.1351,
		 -0.8496 0.1016 -5.1396,
		 -0.8499 0.1016 -5.1445,
		 -0.8483 0.1016 -5.1492,
		 -0.8450 0.1016 -5.1529,
		 -0.8406 0.1016 -5.1551,
		 -0.8356 0.1016 -5.1554,
		 -0.8309 0.1016 -5.1538,
		 -0.8272 0.0508 -5.1506,
		 -0.8250 0.0508 -5.1461,
		 -0.8247 0.0508 -5.1412,
		 -0.8263 0.0508 -5.1365,
		 -0.8296 0.0508 -5.1328,
		 -0.8340 0.0508 -5.1306,
		 -0.8389 0.0508 -5.1303,
		 -0.8436 0.0508 -5.1318,
		 -0.8474 0.0508 -5.1351,
		 -0.8496 0.0508 -5.1396,
		 -0.8499 0.0508 -5.1445,
		 -0.8483 0.0508 -5.1492,
		 -0.8450 0.0508 -5.1529,
		 -0.8406 0.0508 -5.1551,
		 -0.8356 0.0508 -5.1554,
		 -0.8309 0.0508 -5.1538
		]
	} #Coordinate3
	Material {
		ambientColor      0.1951 0.1951 0.1951  #ambientColor
		diffuseColor      0.7804 0.7804 0.7804  #diffuseColor
		transparency      0.0000                #transparency
	} #Material

	IndexedFaceSet {
		coordIndex [ 
		 0, 1, 2, 3, 4, 5, 6, 7, 8, 9, 10, 11, 12, 13, 14, 15,-1,
		 15, 14, 13, 12, 11, 10, 9, 8, 7, 6, 5, 4, 3, 2, 1, 0,-1,
		 0, 15, 31, 16,-1,
		 16, 31, 15, 0,-1,
		 1, 0, 16, 17,-1,
		 17, 16, 0, 1,-1,
		 2, 1, 17, 18,-1,
		 18, 17, 1, 2,-1,
		 3, 2, 18, 19,-1,
		 19, 18, 2, 3,-1,
		 4, 3, 19, 20,-1,
		 20, 19, 3, 4,-1,
		 5, 4, 20, 21,-1,
		 21, 20, 4, 5,-1,
		 6, 5, 21, 22,-1,
		 22, 21, 5, 6,-1,
		 7, 6, 22, 23,-1,
		 23, 22, 6, 7,-1,
		 8, 7, 23, 24,-1,
		 24, 23, 7, 8,-1,
		 9, 8, 24, 25,-1,
		 25, 24, 8, 9,-1,
		 10, 9, 25, 26,-1,
		 26, 25, 9, 10,-1,
		 11, 10, 26, 27,-1,
		 27, 26, 10, 11,-1,
		 12, 11, 27, 28,-1,
		 28, 27, 11, 12,-1,
		 13, 12, 28, 29,-1,
		 29, 28, 12, 13,-1,
		 14, 13, 29, 30,-1,
		 30, 29, 13, 14,-1,
		 15, 14, 30, 31,-1,
		 31, 30, 14, 15,-1,
		 31, 30, 29, 28, 27, 26, 25, 24, 23, 22, 21, 20, 19, 18, 17, 16,-1,
		 16, 17, 18, 19, 20, 21, 22, 23, 24, 25, 26, 27, 28, 29, 30, 31,-1,
		]
	} #IndexedFaceSet
} #Polyhedron
Separator { #Polyhedron
	DEF COORD95 Coordinate3 {
		point [
		 -0.4455 0.1016 -5.2528,
		 -0.4434 0.1016 -5.2484,
		 -0.4430 0.1016 -5.2435,
		 -0.4446 0.1016 -5.2388,
		 -0.4479 0.1016 -5.2350,
		 -0.4523 0.1016 -5.2328,
		 -0.4573 0.1016 -5.2325,
		 -0.4620 0.1016 -5.2341,
		 -0.4657 0.1016 -5.2374,
		 -0.4679 0.1016 -5.2418,
		 -0.4682 0.1016 -5.2468,
		 -0.4666 0.1016 -5.2515,
		 -0.4634 0.1016 -5.2552,
		 -0.4589 0.1016 -5.2574,
		 -0.4540 0.1016 -5.2577,
		 -0.4493 0.1016 -5.2561,
		 -0.4455 0.0508 -5.2528,
		 -0.4434 0.0508 -5.2484,
		 -0.4430 0.0508 -5.2435,
		 -0.4446 0.0508 -5.2388,
		 -0.4479 0.0508 -5.2350,
		 -0.4523 0.0508 -5.2328,
		 -0.4573 0.0508 -5.2325,
		 -0.4620 0.0508 -5.2341,
		 -0.4657 0.0508 -5.2374,
		 -0.4679 0.0508 -5.2418,
		 -0.4682 0.0508 -5.2468,
		 -0.4666 0.0508 -5.2515,
		 -0.4634 0.0508 -5.2552,
		 -0.4589 0.0508 -5.2574,
		 -0.4540 0.0508 -5.2577,
		 -0.4493 0.0508 -5.2561
		]
	} #Coordinate3
	Material {
		ambientColor      0.1951 0.1951 0.1951  #ambientColor
		diffuseColor      0.7804 0.7804 0.7804  #diffuseColor
		transparency      0.0000                #transparency
	} #Material

	IndexedFaceSet {
		coordIndex [ 
		 0, 1, 2, 3, 4, 5, 6, 7, 8, 9, 10, 11, 12, 13, 14, 15,-1,
		 15, 14, 13, 12, 11, 10, 9, 8, 7, 6, 5, 4, 3, 2, 1, 0,-1,
		 0, 15, 31, 16,-1,
		 16, 31, 15, 0,-1,
		 1, 0, 16, 17,-1,
		 17, 16, 0, 1,-1,
		 2, 1, 17, 18,-1,
		 18, 17, 1, 2,-1,
		 3, 2, 18, 19,-1,
		 19, 18, 2, 3,-1,
		 4, 3, 19, 20,-1,
		 20, 19, 3, 4,-1,
		 5, 4, 20, 21,-1,
		 21, 20, 4, 5,-1,
		 6, 5, 21, 22,-1,
		 22, 21, 5, 6,-1,
		 7, 6, 22, 23,-1,
		 23, 22, 6, 7,-1,
		 8, 7, 23, 24,-1,
		 24, 23, 7, 8,-1,
		 9, 8, 24, 25,-1,
		 25, 24, 8, 9,-1,
		 10, 9, 25, 26,-1,
		 26, 25, 9, 10,-1,
		 11, 10, 26, 27,-1,
		 27, 26, 10, 11,-1,
		 12, 11, 27, 28,-1,
		 28, 27, 11, 12,-1,
		 13, 12, 28, 29,-1,
		 29, 28, 12, 13,-1,
		 14, 13, 29, 30,-1,
		 30, 29, 13, 14,-1,
		 15, 14, 30, 31,-1,
		 31, 30, 14, 15,-1,
		 31, 30, 29, 28, 27, 26, 25, 24, 23, 22, 21, 20, 19, 18, 17, 16,-1,
		 16, 17, 18, 19, 20, 21, 22, 23, 24, 25, 26, 27, 28, 29, 30, 31,-1,
		]
	} #IndexedFaceSet
} #Polyhedron
Separator { #Polyhedron
	DEF COORD96 Coordinate3 {
		point [
		 -0.8373 0.0508 -5.1428,
		 -0.8252 0.0457 -5.1521,
		 -0.8226 0.0457 -5.1468,
		 -0.8222 0.0457 -5.1409,
		 -0.8241 0.0457 -5.1352,
		 -0.8280 0.0457 -5.1308,
		 -0.8333 0.0457 -5.1281,
		 -0.8393 0.0457 -5.1277,
		 -0.8449 0.0457 -5.1296,
		 -0.8494 0.0457 -5.1336,
		 -0.8520 0.0457 -5.1389,
		 -0.8524 0.0457 -5.1448,
		 -0.8505 0.0457 -5.1505,
		 -0.8466 0.0457 -5.1549,
		 -0.8412 0.0457 -5.1576,
		 -0.8353 0.0457 -5.1580,
		 -0.8297 0.0457 -5.1560,
		 -0.8212 0.0406 -5.1552,
		 -0.8177 0.0406 -5.1481,
		 -0.8171 0.0406 -5.1402,
		 -0.8197 0.0406 -5.1327,
		 -0.8249 0.0406 -5.1267,
		 -0.8320 0.0406 -5.1232,
		 -0.8399 0.0406 -5.1227,
		 -0.8474 0.0406 -5.1252,
		 -0.8534 0.0406 -5.1305,
		 -0.8569 0.0406 -5.1376,
		 -0.8574 0.0406 -5.1455,
		 -0.8549 0.0406 -5.1530,
		 -0.8497 0.0406 -5.1590,
		 -0.8425 0.0406 -5.1625,
		 -0.8346 0.0406 -5.1630,
		 -0.8271 0.0406 -5.1604,
		 -0.8188 0.0356 -5.1570,
		 -0.8148 0.0356 -5.1489,
		 -0.8142 0.0356 -5.1398,
		 -0.8171 0.0356 -5.1312,
		 -0.8231 0.0356 -5.1244,
		 -0.8313 0.0356 -5.1204,
		 -0.8403 0.0356 -5.1198,
		 -0.8489 0.0356 -5.1227,
		 -0.8558 0.0356 -5.1287,
		 -0.8598 0.0356 -5.1368,
		 -0.8604 0.0356 -5.1459,
		 -0.8574 0.0356 -5.1545,
		 -0.8515 0.0356 -5.1613,
		 -0.8433 0.0356 -5.1653,
		 -0.8342 0.0356 -5.1659,
		 -0.8256 0.0356 -5.1630,
		 -0.8175 0.0305 -5.1580,
		 -0.8132 0.0305 -5.1493,
		 -0.8126 0.0305 -5.1396,
		 -0.8157 0.0305 -5.1304,
		 -0.8221 0.0305 -5.1231,
		 -0.8308 0.0305 -5.1188,
		 -0.8405 0.0305 -5.1182,
		 -0.8497 0.0305 -5.1213,
		 -0.8570 0.0305 -5.1277,
		 -0.8613 0.0305 -5.1364,
		 -0.8620 0.0305 -5.1461,
		 -0.8588 0.0305 -5.1553,
		 -0.8524 0.0305 -5.1626,
		 -0.8437 0.0305 -5.1669,
		 -0.8340 0.0305 -5.1675,
		 -0.8248 0.0305 -5.1644,
		 -0.8171 0.0254 -5.1583,
		 -0.8128 0.0254 -5.1494,
		 -0.8121 0.0254 -5.1395,
		 -0.8153 0.0254 -5.1301,
		 -0.8218 0.0254 -5.1227,
		 -0.8307 0.0254 -5.1183,
		 -0.8406 0.0254 -5.1177,
		 -0.8500 0.0254 -5.1208,
		 -0.8574 0.0254 -5.1274,
		 -0.8618 0.0254 -5.1363,
		 -0.8625 0.0254 -5.1462,
		 -0.8593 0.0254 -5.1555,
		 -0.8527 0.0254 -5.1630,
		 -0.8439 0.0254 -5.1674,
		 -0.8340 0.0254 -5.1680,
		 -0.8246 0.0254 -5.1648,
		 -0.8175 0.0203 -5.1580,
		 -0.8132 0.0203 -5.1493,
		 -0.8126 0.0203 -5.1396,
		 -0.8157 0.0203 -5.1304,
		 -0.8221 0.0203 -5.1231,
		 -0.8308 0.0203 -5.1188,
		 -0.8405 0.0203 -5.1182,
		 -0.8497 0.0203 -5.1213,
		 -0.8570 0.0203 -5.1277,
		 -0.8613 0.0203 -5.1364,
		 -0.8620 0.0203 -5.1461,
		 -0.8588 0.0203 -5.1553,
		 -0.8524 0.0203 -5.1626,
		 -0.8437 0.0203 -5.1669,
		 -0.8340 0.0203 -5.1675,
		 -0.8248 0.0203 -5.1644,
		 -0.8188 0.0152 -5.1570,
		 -0.8148 0.0152 -5.1489,
		 -0.8142 0.0152 -5.1398,
		 -0.8171 0.0152 -5.1312,
		 -0.8231 0.0152 -5.1244,
		 -0.8313 0.0152 -5.1204,
		 -0.8403 0.0152 -5.1198,
		 -0.8489 0.0152 -5.1227,
		 -0.8558 0.0152 -5.1287,
		 -0.8598 0.0152 -5.1368,
		 -0.8604 0.0152 -5.1459,
		 -0.8574 0.0152 -5.1545,
		 -0.8515 0.0152 -5.1613,
		 -0.8433 0.0152 -5.1653,
		 -0.8342 0.0152 -5.1659,
		 -0.8256 0.0152 -5.1630,
		 -0.8212 0.0102 -5.1552,
		 -0.8177 0.0102 -5.1481,
		 -0.8171 0.0102 -5.1402,
		 -0.8197 0.0102 -5.1327,
		 -0.8249 0.0102 -5.1267,
		 -0.8320 0.0102 -5.1232,
		 -0.8399 0.0102 -5.1227,
		 -0.8474 0.0102 -5.1252,
		 -0.8534 0.0102 -5.1305,
		 -0.8569 0.0102 -5.1376,
		 -0.8574 0.0102 -5.1455,
		 -0.8549 0.0102 -5.1530,
		 -0.8497 0.0102 -5.1590,
		 -0.8425 0.0102 -5.1625,
		 -0.8346 0.0102 -5.1630,
		 -0.8271 0.0102 -5.1604,
		 -0.8252 0.0051 -5.1521,
		 -0.8226 0.0051 -5.1468,
		 -0.8222 0.0051 -5.1409,
		 -0.8241 0.0051 -5.1352,
		 -0.8280 0.0051 -5.1308,
		 -0.8333 0.0051 -5.1281,
		 -0.8393 0.0051 -5.1277,
		 -0.8449 0.0051 -5.1296,
		 -0.8494 0.0051 -5.1336,
		 -0.8520 0.0051 -5.1389,
		 -0.8524 0.0051 -5.1448,
		 -0.8505 0.0051 -5.1505,
		 -0.8466 0.0051 -5.1549,
		 -0.8412 0.0051 -5.1576,
		 -0.8353 0.0051 -5.1580,
		 -0.8297 0.0051 -5.1560,
		 -0.8373 0.0000 -5.1428
		]
	} #Coordinate3
	Material {
		ambientColor      0.1176 0.1176 0.1176  #ambientColor
		diffuseColor      0.4706 0.4706 0.4706  #diffuseColor
		transparency      0.0000                #transparency
	} #Material

	IndexedFaceSet {
		coordIndex [ 
		 0, 16, 1,-1,
		 1, 16, 0,-1,
		 0, 1, 2,-1,
		 2, 1, 0,-1,
		 0, 2, 3,-1,
		 3, 2, 0,-1,
		 0, 3, 4,-1,
		 4, 3, 0,-1,
		 0, 4, 5,-1,
		 5, 4, 0,-1,
		 0, 5, 6,-1,
		 6, 5, 0,-1,
		 0, 6, 7,-1,
		 7, 6, 0,-1,
		 0, 7, 8,-1,
		 8, 7, 0,-1,
		 0, 8, 9,-1,
		 9, 8, 0,-1,
		 0, 9, 10,-1,
		 10, 9, 0,-1,
		 0, 10, 11,-1,
		 11, 10, 0,-1,
		 0, 11, 12,-1,
		 12, 11, 0,-1,
		 0, 12, 13,-1,
		 13, 12, 0,-1,
		 0, 13, 14,-1,
		 14, 13, 0,-1,
		 0, 14, 15,-1,
		 15, 14, 0,-1,
		 0, 15, 16,-1,
		 16, 15, 0,-1,
		 1, 16, 32, 17,-1,
		 17, 32, 16, 1,-1,
		 2, 1, 17, 18,-1,
		 18, 17, 1, 2,-1,
		 3, 2, 18, 19,-1,
		 19, 18, 2, 3,-1,
		 4, 3, 19, 20,-1,
		 20, 19, 3, 4,-1,
		 5, 4, 20, 21,-1,
		 21, 20, 4, 5,-1,
		 6, 5, 21, 22,-1,
		 22, 21, 5, 6,-1,
		 7, 6, 22, 23,-1,
		 23, 22, 6, 7,-1,
		 8, 7, 23, 24,-1,
		 24, 23, 7, 8,-1,
		 9, 8, 24, 25,-1,
		 25, 24, 8, 9,-1,
		 10, 9, 25, 26,-1,
		 26, 25, 9, 10,-1,
		 11, 10, 26, 27,-1,
		 27, 26, 10, 11,-1,
		 12, 11, 27, 28,-1,
		 28, 27, 11, 12,-1,
		 13, 12, 28, 29,-1,
		 29, 28, 12, 13,-1,
		 14, 13, 29, 30,-1,
		 30, 29, 13, 14,-1,
		 15, 14, 30, 31,-1,
		 31, 30, 14, 15,-1,
		 16, 15, 31, 32,-1,
		 32, 31, 15, 16,-1,
		 17, 32, 48, 33,-1,
		 33, 48, 32, 17,-1,
		 18, 17, 33, 34,-1,
		 34, 33, 17, 18,-1,
		 19, 18, 34, 35,-1,
		 35, 34, 18, 19,-1,
		 20, 19, 35, 36,-1,
		 36, 35, 19, 20,-1,
		 21, 20, 36, 37,-1,
		 37, 36, 20, 21,-1,
		 22, 21, 37, 38,-1,
		 38, 37, 21, 22,-1,
		 23, 22, 38, 39,-1,
		 39, 38, 22, 23,-1,
		 24, 23, 39, 40,-1,
		 40, 39, 23, 24,-1,
		 25, 24, 40, 41,-1,
		 41, 40, 24, 25,-1,
		 26, 25, 41, 42,-1,
		 42, 41, 25, 26,-1,
		 27, 26, 42, 43,-1,
		 43, 42, 26, 27,-1,
		 28, 27, 43, 44,-1,
		 44, 43, 27, 28,-1,
		 29, 28, 44, 45,-1,
		 45, 44, 28, 29,-1,
		 30, 29, 45, 46,-1,
		 46, 45, 29, 30,-1,
		 31, 30, 46, 47,-1,
		 47, 46, 30, 31,-1,
		 32, 31, 47, 48,-1,
		 48, 47, 31, 32,-1,
		 33, 48, 64, 49,-1,
		 49, 64, 48, 33,-1,
		 34, 33, 49, 50,-1,
		 50, 49, 33, 34,-1,
		 35, 34, 50, 51,-1,
		 51, 50, 34, 35,-1,
		 36, 35, 51, 52,-1,
		 52, 51, 35, 36,-1,
		 37, 36, 52, 53,-1,
		 53, 52, 36, 37,-1,
		 38, 37, 53, 54,-1,
		 54, 53, 37, 38,-1,
		 39, 38, 54, 55,-1,
		 55, 54, 38, 39,-1,
		 40, 39, 55, 56,-1,
		 56, 55, 39, 40,-1,
		 41, 40, 56, 57,-1,
		 57, 56, 40, 41,-1,
		 42, 41, 57, 58,-1,
		 58, 57, 41, 42,-1,
		 43, 42, 58, 59,-1,
		 59, 58, 42, 43,-1,
		 44, 43, 59, 60,-1,
		 60, 59, 43, 44,-1,
		 45, 44, 60, 61,-1,
		 61, 60, 44, 45,-1,
		 46, 45, 61, 62,-1,
		 62, 61, 45, 46,-1,
		 47, 46, 62, 63,-1,
		 63, 62, 46, 47,-1,
		 48, 47, 63, 64,-1,
		 64, 63, 47, 48,-1,
		 49, 64, 80, 65,-1,
		 65, 80, 64, 49,-1,
		 50, 49, 65, 66,-1,
		 66, 65, 49, 50,-1,
		 51, 50, 66, 67,-1,
		 67, 66, 50, 51,-1,
		 52, 51, 67, 68,-1,
		 68, 67, 51, 52,-1,
		 53, 52, 68, 69,-1,
		 69, 68, 52, 53,-1,
		 54, 53, 69, 70,-1,
		 70, 69, 53, 54,-1,
		 55, 54, 70, 71,-1,
		 71, 70, 54, 55,-1,
		 56, 55, 71, 72,-1,
		 72, 71, 55, 56,-1,
		 57, 56, 72, 73,-1,
		 73, 72, 56, 57,-1,
		 58, 57, 73, 74,-1,
		 74, 73, 57, 58,-1,
		 59, 58, 74, 75,-1,
		 75, 74, 58, 59,-1,
		 60, 59, 75, 76,-1,
		 76, 75, 59, 60,-1,
		 61, 60, 76, 77,-1,
		 77, 76, 60, 61,-1,
		 62, 61, 77, 78,-1,
		 78, 77, 61, 62,-1,
		 63, 62, 78, 79,-1,
		 79, 78, 62, 63,-1,
		 64, 63, 79, 80,-1,
		 80, 79, 63, 64,-1,
		 65, 80, 96, 81,-1,
		 81, 96, 80, 65,-1,
		 66, 65, 81, 82,-1,
		 82, 81, 65, 66,-1,
		 67, 66, 82, 83,-1,
		 83, 82, 66, 67,-1,
		 68, 67, 83, 84,-1,
		 84, 83, 67, 68,-1,
		 69, 68, 84, 85,-1,
		 85, 84, 68, 69,-1,
		 70, 69, 85, 86,-1,
		 86, 85, 69, 70,-1,
		 71, 70, 86, 87,-1,
		 87, 86, 70, 71,-1,
		 72, 71, 87, 88,-1,
		 88, 87, 71, 72,-1,
		 73, 72, 88, 89,-1,
		 89, 88, 72, 73,-1,
		 74, 73, 89, 90,-1,
		 90, 89, 73, 74,-1,
		 75, 74, 90, 91,-1,
		 91, 90, 74, 75,-1,
		 76, 75, 91, 92,-1,
		 92, 91, 75, 76,-1,
		 77, 76, 92, 93,-1,
		 93, 92, 76, 77,-1,
		 78, 77, 93, 94,-1,
		 94, 93, 77, 78,-1,
		 79, 78, 94, 95,-1,
		 95, 94, 78, 79,-1,
		 80, 79, 95, 96,-1,
		 96, 95, 79, 80,-1,
		 81, 96, 112, 97,-1,
		 97, 112, 96, 81,-1,
		 82, 81, 97, 98,-1,
		 98, 97, 81, 82,-1,
		 83, 82, 98, 99,-1,
		 99, 98, 82, 83,-1,
		 84, 83, 99, 100,-1,
		 100, 99, 83, 84,-1,
		 85, 84, 100, 101,-1,
		 101, 100, 84, 85,-1,
		 86, 85, 101, 102,-1,
		 102, 101, 85, 86,-1,
		 87, 86, 102, 103,-1,
		 103, 102, 86, 87,-1,
		 88, 87, 103, 104,-1,
		 104, 103, 87, 88,-1,
		 89, 88, 104, 105,-1,
		 105, 104, 88, 89,-1,
		 90, 89, 105, 106,-1,
		 106, 105, 89, 90,-1,
		 91, 90, 106, 107,-1,
		 107, 106, 90, 91,-1,
		 92, 91, 107, 108,-1,
		 108, 107, 91, 92,-1,
		 93, 92, 108, 109,-1,
		 109, 108, 92, 93,-1,
		 94, 93, 109, 110,-1,
		 110, 109, 93, 94,-1,
		 95, 94, 110, 111,-1,
		 111, 110, 94, 95,-1,
		 96, 95, 111, 112,-1,
		 112, 111, 95, 96,-1,
		 97, 112, 128, 113,-1,
		 113, 128, 112, 97,-1,
		 98, 97, 113, 114,-1,
		 114, 113, 97, 98,-1,
		 99, 98, 114, 115,-1,
		 115, 114, 98, 99,-1,
		 100, 99, 115, 116,-1,
		 116, 115, 99, 100,-1,
		 101, 100, 116, 117,-1,
		 117, 116, 100, 101,-1,
		 102, 101, 117, 118,-1,
		 118, 117, 101, 102,-1,
		 103, 102, 118, 119,-1,
		 119, 118, 102, 103,-1,
		 104, 103, 119, 120,-1,
		 120, 119, 103, 104,-1,
		 105, 104, 120, 121,-1,
		 121, 120, 104, 105,-1,
		 106, 105, 121, 122,-1,
		 122, 121, 105, 106,-1,
		 107, 106, 122, 123,-1,
		 123, 122, 106, 107,-1,
		 108, 107, 123, 124,-1,
		 124, 123, 107, 108,-1,
		 109, 108, 124, 125,-1,
		 125, 124, 108, 109,-1,
		 110, 109, 125, 126,-1,
		 126, 125, 109, 110,-1,
		 111, 110, 126, 127,-1,
		 127, 126, 110, 111,-1,
		 112, 111, 127, 128,-1,
		 128, 127, 111, 112,-1,
		 113, 128, 144, 129,-1,
		 129, 144, 128, 113,-1,
		 114, 113, 129, 130,-1,
		 130, 129, 113, 114,-1,
		 115, 114, 130, 131,-1,
		 131, 130, 114, 115,-1,
		 116, 115, 131, 132,-1,
		 132, 131, 115, 116,-1,
		 117, 116, 132, 133,-1,
		 133, 132, 116, 117,-1,
		 118, 117, 133, 134,-1,
		 134, 133, 117, 118,-1,
		 119, 118, 134, 135,-1,
		 135, 134, 118, 119,-1,
		 120, 119, 135, 136,-1,
		 136, 135, 119, 120,-1,
		 121, 120, 136, 137,-1,
		 137, 136, 120, 121,-1,
		 122, 121, 137, 138,-1,
		 138, 137, 121, 122,-1,
		 123, 122, 138, 139,-1,
		 139, 138, 122, 123,-1,
		 124, 123, 139, 140,-1,
		 140, 139, 123, 124,-1,
		 125, 124, 140, 141,-1,
		 141, 140, 124, 125,-1,
		 126, 125, 141, 142,-1,
		 142, 141, 125, 126,-1,
		 127, 126, 142, 143,-1,
		 143, 142, 126, 127,-1,
		 128, 127, 143, 144,-1,
		 144, 143, 127, 128,-1,
		 129, 144, 145,-1,
		 145, 144, 129,-1,
		 130, 129, 145,-1,
		 145, 129, 130,-1,
		 131, 130, 145,-1,
		 145, 130, 131,-1,
		 132, 131, 145,-1,
		 145, 131, 132,-1,
		 133, 132, 145,-1,
		 145, 132, 133,-1,
		 134, 133, 145,-1,
		 145, 133, 134,-1,
		 135, 134, 145,-1,
		 145, 134, 135,-1,
		 136, 135, 145,-1,
		 145, 135, 136,-1,
		 137, 136, 145,-1,
		 145, 136, 137,-1,
		 138, 137, 145,-1,
		 145, 137, 138,-1,
		 139, 138, 145,-1,
		 145, 138, 139,-1,
		 140, 139, 145,-1,
		 145, 139, 140,-1,
		 141, 140, 145,-1,
		 145, 140, 141,-1,
		 142, 141, 145,-1,
		 145, 141, 142,-1,
		 143, 142, 145,-1,
		 145, 142, 143,-1,
		 144, 143, 145,-1,
		 145, 143, 144,-1,
		]
	} #IndexedFaceSet
} #Polyhedron
Separator { #Polyhedron
	DEF COORD97 Coordinate3 {
		point [
		 -0.4556 0.0508 -5.2451,
		 -0.4435 0.0457 -5.2544,
		 -0.4409 0.0457 -5.2491,
		 -0.4405 0.0457 -5.2431,
		 -0.4424 0.0457 -5.2375,
		 -0.4463 0.0457 -5.2330,
		 -0.4517 0.0457 -5.2304,
		 -0.4576 0.0457 -5.2300,
		 -0.4632 0.0457 -5.2319,
		 -0.4677 0.0457 -5.2358,
		 -0.4703 0.0457 -5.2412,
		 -0.4707 0.0457 -5.2471,
		 -0.4688 0.0457 -5.2527,
		 -0.4649 0.0457 -5.2572,
		 -0.4596 0.0457 -5.2598,
		 -0.4536 0.0457 -5.2602,
		 -0.4480 0.0457 -5.2583,
		 -0.4395 0.0406 -5.2575,
		 -0.4360 0.0406 -5.2504,
		 -0.4355 0.0406 -5.2425,
		 -0.4380 0.0406 -5.2350,
		 -0.4432 0.0406 -5.2290,
		 -0.4504 0.0406 -5.2255,
		 -0.4583 0.0406 -5.2250,
		 -0.4658 0.0406 -5.2275,
		 -0.4717 0.0406 -5.2327,
		 -0.4752 0.0406 -5.2399,
		 -0.4758 0.0406 -5.2478,
		 -0.4732 0.0406 -5.2553,
		 -0.4680 0.0406 -5.2612,
		 -0.4609 0.0406 -5.2647,
		 -0.4530 0.0406 -5.2653,
		 -0.4455 0.0406 -5.2627,
		 -0.4372 0.0356 -5.2593,
		 -0.4331 0.0356 -5.2511,
		 -0.4325 0.0356 -5.2421,
		 -0.4355 0.0356 -5.2335,
		 -0.4414 0.0356 -5.2266,
		 -0.4496 0.0356 -5.2226,
		 -0.4587 0.0356 -5.2220,
		 -0.4673 0.0356 -5.2250,
		 -0.4741 0.0356 -5.2309,
		 -0.4781 0.0356 -5.2391,
		 -0.4787 0.0356 -5.2482,
		 -0.4758 0.0356 -5.2568,
		 -0.4698 0.0356 -5.2636,
		 -0.4616 0.0356 -5.2676,
		 -0.4526 0.0356 -5.2682,
		 -0.4440 0.0356 -5.2653,
		 -0.4359 0.0305 -5.2603,
		 -0.4316 0.0305 -5.2516,
		 -0.4309 0.0305 -5.2419,
		 -0.4341 0.0305 -5.2327,
		 -0.4405 0.0305 -5.2254,
		 -0.4492 0.0305 -5.2211,
		 -0.4589 0.0305 -5.2204,
		 -0.4681 0.0305 -5.2236,
		 -0.4754 0.0305 -5.2300,
		 -0.4797 0.0305 -5.2387,
		 -0.4803 0.0305 -5.2484,
		 -0.4772 0.0305 -5.2576,
		 -0.4708 0.0305 -5.2649,
		 -0.4621 0.0305 -5.2692,
		 -0.4524 0.0305 -5.2698,
		 -0.4432 0.0305 -5.2667,
		 -0.4355 0.0254 -5.2606,
		 -0.4311 0.0254 -5.2517,
		 -0.4304 0.0254 -5.2418,
		 -0.4336 0.0254 -5.2324,
		 -0.4402 0.0254 -5.2250,
		 -0.4490 0.0254 -5.2206,
		 -0.4589 0.0254 -5.2199,
		 -0.4683 0.0254 -5.2231,
		 -0.4758 0.0254 -5.2297,
		 -0.4802 0.0254 -5.2385,
		 -0.4808 0.0254 -5.2484,
		 -0.4776 0.0254 -5.2578,
		 -0.4711 0.0254 -5.2653,
		 -0.4622 0.0254 -5.2696,
		 -0.4523 0.0254 -5.2703,
		 -0.4429 0.0254 -5.2671,
		 -0.4359 0.0203 -5.2603,
		 -0.4316 0.0203 -5.2516,
		 -0.4309 0.0203 -5.2419,
		 -0.4341 0.0203 -5.2327,
		 -0.4405 0.0203 -5.2254,
		 -0.4492 0.0203 -5.2211,
		 -0.4589 0.0203 -5.2204,
		 -0.4681 0.0203 -5.2236,
		 -0.4754 0.0203 -5.2300,
		 -0.4797 0.0203 -5.2387,
		 -0.4803 0.0203 -5.2484,
		 -0.4772 0.0203 -5.2576,
		 -0.4708 0.0203 -5.2649,
		 -0.4621 0.0203 -5.2692,
		 -0.4524 0.0203 -5.2698,
		 -0.4432 0.0203 -5.2667,
		 -0.4372 0.0152 -5.2593,
		 -0.4331 0.0152 -5.2511,
		 -0.4325 0.0152 -5.2421,
		 -0.4355 0.0152 -5.2335,
		 -0.4414 0.0152 -5.2266,
		 -0.4496 0.0152 -5.2226,
		 -0.4587 0.0152 -5.2220,
		 -0.4673 0.0152 -5.2250,
		 -0.4741 0.0152 -5.2309,
		 -0.4781 0.0152 -5.2391,
		 -0.4787 0.0152 -5.2482,
		 -0.4758 0.0152 -5.2568,
		 -0.4698 0.0152 -5.2636,
		 -0.4616 0.0152 -5.2676,
		 -0.4526 0.0152 -5.2682,
		 -0.4440 0.0152 -5.2653,
		 -0.4395 0.0102 -5.2575,
		 -0.4360 0.0102 -5.2504,
		 -0.4355 0.0102 -5.2425,
		 -0.4380 0.0102 -5.2350,
		 -0.4432 0.0102 -5.2290,
		 -0.4504 0.0102 -5.2255,
		 -0.4583 0.0102 -5.2250,
		 -0.4658 0.0102 -5.2275,
		 -0.4717 0.0102 -5.2327,
		 -0.4752 0.0102 -5.2399,
		 -0.4758 0.0102 -5.2478,
		 -0.4732 0.0102 -5.2553,
		 -0.4680 0.0102 -5.2612,
		 -0.4609 0.0102 -5.2647,
		 -0.4530 0.0102 -5.2653,
		 -0.4455 0.0102 -5.2627,
		 -0.4435 0.0051 -5.2544,
		 -0.4409 0.0051 -5.2491,
		 -0.4405 0.0051 -5.2431,
		 -0.4424 0.0051 -5.2375,
		 -0.4463 0.0051 -5.2330,
		 -0.4517 0.0051 -5.2304,
		 -0.4576 0.0051 -5.2300,
		 -0.4632 0.0051 -5.2319,
		 -0.4677 0.0051 -5.2358,
		 -0.4703 0.0051 -5.2412,
		 -0.4707 0.0051 -5.2471,
		 -0.4688 0.0051 -5.2527,
		 -0.4649 0.0051 -5.2572,
		 -0.4596 0.0051 -5.2598,
		 -0.4536 0.0051 -5.2602,
		 -0.4480 0.0051 -5.2583,
		 -0.4556 0.0000 -5.2451
		]
	} #Coordinate3
	Material {
		ambientColor      0.1176 0.1176 0.1176  #ambientColor
		diffuseColor      0.4706 0.4706 0.4706  #diffuseColor
		transparency      0.0000                #transparency
	} #Material

	IndexedFaceSet {
		coordIndex [ 
		 0, 16, 1,-1,
		 1, 16, 0,-1,
		 0, 1, 2,-1,
		 2, 1, 0,-1,
		 0, 2, 3,-1,
		 3, 2, 0,-1,
		 0, 3, 4,-1,
		 4, 3, 0,-1,
		 0, 4, 5,-1,
		 5, 4, 0,-1,
		 0, 5, 6,-1,
		 6, 5, 0,-1,
		 0, 6, 7,-1,
		 7, 6, 0,-1,
		 0, 7, 8,-1,
		 8, 7, 0,-1,
		 0, 8, 9,-1,
		 9, 8, 0,-1,
		 0, 9, 10,-1,
		 10, 9, 0,-1,
		 0, 10, 11,-1,
		 11, 10, 0,-1,
		 0, 11, 12,-1,
		 12, 11, 0,-1,
		 0, 12, 13,-1,
		 13, 12, 0,-1,
		 0, 13, 14,-1,
		 14, 13, 0,-1,
		 0, 14, 15,-1,
		 15, 14, 0,-1,
		 0, 15, 16,-1,
		 16, 15, 0,-1,
		 1, 16, 32, 17,-1,
		 17, 32, 16, 1,-1,
		 2, 1, 17, 18,-1,
		 18, 17, 1, 2,-1,
		 3, 2, 18, 19,-1,
		 19, 18, 2, 3,-1,
		 4, 3, 19, 20,-1,
		 20, 19, 3, 4,-1,
		 5, 4, 20, 21,-1,
		 21, 20, 4, 5,-1,
		 6, 5, 21, 22,-1,
		 22, 21, 5, 6,-1,
		 7, 6, 22, 23,-1,
		 23, 22, 6, 7,-1,
		 8, 7, 23, 24,-1,
		 24, 23, 7, 8,-1,
		 9, 8, 24, 25,-1,
		 25, 24, 8, 9,-1,
		 10, 9, 25, 26,-1,
		 26, 25, 9, 10,-1,
		 11, 10, 26, 27,-1,
		 27, 26, 10, 11,-1,
		 12, 11, 27, 28,-1,
		 28, 27, 11, 12,-1,
		 13, 12, 28, 29,-1,
		 29, 28, 12, 13,-1,
		 14, 13, 29, 30,-1,
		 30, 29, 13, 14,-1,
		 15, 14, 30, 31,-1,
		 31, 30, 14, 15,-1,
		 16, 15, 31, 32,-1,
		 32, 31, 15, 16,-1,
		 17, 32, 48, 33,-1,
		 33, 48, 32, 17,-1,
		 18, 17, 33, 34,-1,
		 34, 33, 17, 18,-1,
		 19, 18, 34, 35,-1,
		 35, 34, 18, 19,-1,
		 20, 19, 35, 36,-1,
		 36, 35, 19, 20,-1,
		 21, 20, 36, 37,-1,
		 37, 36, 20, 21,-1,
		 22, 21, 37, 38,-1,
		 38, 37, 21, 22,-1,
		 23, 22, 38, 39,-1,
		 39, 38, 22, 23,-1,
		 24, 23, 39, 40,-1,
		 40, 39, 23, 24,-1,
		 25, 24, 40, 41,-1,
		 41, 40, 24, 25,-1,
		 26, 25, 41, 42,-1,
		 42, 41, 25, 26,-1,
		 27, 26, 42, 43,-1,
		 43, 42, 26, 27,-1,
		 28, 27, 43, 44,-1,
		 44, 43, 27, 28,-1,
		 29, 28, 44, 45,-1,
		 45, 44, 28, 29,-1,
		 30, 29, 45, 46,-1,
		 46, 45, 29, 30,-1,
		 31, 30, 46, 47,-1,
		 47, 46, 30, 31,-1,
		 32, 31, 47, 48,-1,
		 48, 47, 31, 32,-1,
		 33, 48, 64, 49,-1,
		 49, 64, 48, 33,-1,
		 34, 33, 49, 50,-1,
		 50, 49, 33, 34,-1,
		 35, 34, 50, 51,-1,
		 51, 50, 34, 35,-1,
		 36, 35, 51, 52,-1,
		 52, 51, 35, 36,-1,
		 37, 36, 52, 53,-1,
		 53, 52, 36, 37,-1,
		 38, 37, 53, 54,-1,
		 54, 53, 37, 38,-1,
		 39, 38, 54, 55,-1,
		 55, 54, 38, 39,-1,
		 40, 39, 55, 56,-1,
		 56, 55, 39, 40,-1,
		 41, 40, 56, 57,-1,
		 57, 56, 40, 41,-1,
		 42, 41, 57, 58,-1,
		 58, 57, 41, 42,-1,
		 43, 42, 58, 59,-1,
		 59, 58, 42, 43,-1,
		 44, 43, 59, 60,-1,
		 60, 59, 43, 44,-1,
		 45, 44, 60, 61,-1,
		 61, 60, 44, 45,-1,
		 46, 45, 61, 62,-1,
		 62, 61, 45, 46,-1,
		 47, 46, 62, 63,-1,
		 63, 62, 46, 47,-1,
		 48, 47, 63, 64,-1,
		 64, 63, 47, 48,-1,
		 49, 64, 80, 65,-1,
		 65, 80, 64, 49,-1,
		 50, 49, 65, 66,-1,
		 66, 65, 49, 50,-1,
		 51, 50, 66, 67,-1,
		 67, 66, 50, 51,-1,
		 52, 51, 67, 68,-1,
		 68, 67, 51, 52,-1,
		 53, 52, 68, 69,-1,
		 69, 68, 52, 53,-1,
		 54, 53, 69, 70,-1,
		 70, 69, 53, 54,-1,
		 55, 54, 70, 71,-1,
		 71, 70, 54, 55,-1,
		 56, 55, 71, 72,-1,
		 72, 71, 55, 56,-1,
		 57, 56, 72, 73,-1,
		 73, 72, 56, 57,-1,
		 58, 57, 73, 74,-1,
		 74, 73, 57, 58,-1,
		 59, 58, 74, 75,-1,
		 75, 74, 58, 59,-1,
		 60, 59, 75, 76,-1,
		 76, 75, 59, 60,-1,
		 61, 60, 76, 77,-1,
		 77, 76, 60, 61,-1,
		 62, 61, 77, 78,-1,
		 78, 77, 61, 62,-1,
		 63, 62, 78, 79,-1,
		 79, 78, 62, 63,-1,
		 64, 63, 79, 80,-1,
		 80, 79, 63, 64,-1,
		 65, 80, 96, 81,-1,
		 81, 96, 80, 65,-1,
		 66, 65, 81, 82,-1,
		 82, 81, 65, 66,-1,
		 67, 66, 82, 83,-1,
		 83, 82, 66, 67,-1,
		 68, 67, 83, 84,-1,
		 84, 83, 67, 68,-1,
		 69, 68, 84, 85,-1,
		 85, 84, 68, 69,-1,
		 70, 69, 85, 86,-1,
		 86, 85, 69, 70,-1,
		 71, 70, 86, 87,-1,
		 87, 86, 70, 71,-1,
		 72, 71, 87, 88,-1,
		 88, 87, 71, 72,-1,
		 73, 72, 88, 89,-1,
		 89, 88, 72, 73,-1,
		 74, 73, 89, 90,-1,
		 90, 89, 73, 74,-1,
		 75, 74, 90, 91,-1,
		 91, 90, 74, 75,-1,
		 76, 75, 91, 92,-1,
		 92, 91, 75, 76,-1,
		 77, 76, 92, 93,-1,
		 93, 92, 76, 77,-1,
		 78, 77, 93, 94,-1,
		 94, 93, 77, 78,-1,
		 79, 78, 94, 95,-1,
		 95, 94, 78, 79,-1,
		 80, 79, 95, 96,-1,
		 96, 95, 79, 80,-1,
		 81, 96, 112, 97,-1,
		 97, 112, 96, 81,-1,
		 82, 81, 97, 98,-1,
		 98, 97, 81, 82,-1,
		 83, 82, 98, 99,-1,
		 99, 98, 82, 83,-1,
		 84, 83, 99, 100,-1,
		 100, 99, 83, 84,-1,
		 85, 84, 100, 101,-1,
		 101, 100, 84, 85,-1,
		 86, 85, 101, 102,-1,
		 102, 101, 85, 86,-1,
		 87, 86, 102, 103,-1,
		 103, 102, 86, 87,-1,
		 88, 87, 103, 104,-1,
		 104, 103, 87, 88,-1,
		 89, 88, 104, 105,-1,
		 105, 104, 88, 89,-1,
		 90, 89, 105, 106,-1,
		 106, 105, 89, 90,-1,
		 91, 90, 106, 107,-1,
		 107, 106, 90, 91,-1,
		 92, 91, 107, 108,-1,
		 108, 107, 91, 92,-1,
		 93, 92, 108, 109,-1,
		 109, 108, 92, 93,-1,
		 94, 93, 109, 110,-1,
		 110, 109, 93, 94,-1,
		 95, 94, 110, 111,-1,
		 111, 110, 94, 95,-1,
		 96, 95, 111, 112,-1,
		 112, 111, 95, 96,-1,
		 97, 112, 128, 113,-1,
		 113, 128, 112, 97,-1,
		 98, 97, 113, 114,-1,
		 114, 113, 97, 98,-1,
		 99, 98, 114, 115,-1,
		 115, 114, 98, 99,-1,
		 100, 99, 115, 116,-1,
		 116, 115, 99, 100,-1,
		 101, 100, 116, 117,-1,
		 117, 116, 100, 101,-1,
		 102, 101, 117, 118,-1,
		 118, 117, 101, 102,-1,
		 103, 102, 118, 119,-1,
		 119, 118, 102, 103,-1,
		 104, 103, 119, 120,-1,
		 120, 119, 103, 104,-1,
		 105, 104, 120, 121,-1,
		 121, 120, 104, 105,-1,
		 106, 105, 121, 122,-1,
		 122, 121, 105, 106,-1,
		 107, 106, 122, 123,-1,
		 123, 122, 106, 107,-1,
		 108, 107, 123, 124,-1,
		 124, 123, 107, 108,-1,
		 109, 108, 124, 125,-1,
		 125, 124, 108, 109,-1,
		 110, 109, 125, 126,-1,
		 126, 125, 109, 110,-1,
		 111, 110, 126, 127,-1,
		 127, 126, 110, 111,-1,
		 112, 111, 127, 128,-1,
		 128, 127, 111, 112,-1,
		 113, 128, 144, 129,-1,
		 129, 144, 128, 113,-1,
		 114, 113, 129, 130,-1,
		 130, 129, 113, 114,-1,
		 115, 114, 130, 131,-1,
		 131, 130, 114, 115,-1,
		 116, 115, 131, 132,-1,
		 132, 131, 115, 116,-1,
		 117, 116, 132, 133,-1,
		 133, 132, 116, 117,-1,
		 118, 117, 133, 134,-1,
		 134, 133, 117, 118,-1,
		 119, 118, 134, 135,-1,
		 135, 134, 118, 119,-1,
		 120, 119, 135, 136,-1,
		 136, 135, 119, 120,-1,
		 121, 120, 136, 137,-1,
		 137, 136, 120, 121,-1,
		 122, 121, 137, 138,-1,
		 138, 137, 121, 122,-1,
		 123, 122, 138, 139,-1,
		 139, 138, 122, 123,-1,
		 124, 123, 139, 140,-1,
		 140, 139, 123, 124,-1,
		 125, 124, 140, 141,-1,
		 141, 140, 124, 125,-1,
		 126, 125, 141, 142,-1,
		 142, 141, 125, 126,-1,
		 127, 126, 142, 143,-1,
		 143, 142, 126, 127,-1,
		 128, 127, 143, 144,-1,
		 144, 143, 127, 128,-1,
		 129, 144, 145,-1,
		 145, 144, 129,-1,
		 130, 129, 145,-1,
		 145, 129, 130,-1,
		 131, 130, 145,-1,
		 145, 130, 131,-1,
		 132, 131, 145,-1,
		 145, 131, 132,-1,
		 133, 132, 145,-1,
		 145, 132, 133,-1,
		 134, 133, 145,-1,
		 145, 133, 134,-1,
		 135, 134, 145,-1,
		 145, 134, 135,-1,
		 136, 135, 145,-1,
		 145, 135, 136,-1,
		 137, 136, 145,-1,
		 145, 136, 137,-1,
		 138, 137, 145,-1,
		 145, 137, 138,-1,
		 139, 138, 145,-1,
		 145, 138, 139,-1,
		 140, 139, 145,-1,
		 145, 139, 140,-1,
		 141, 140, 145,-1,
		 145, 140, 141,-1,
		 142, 141, 145,-1,
		 145, 141, 142,-1,
		 143, 142, 145,-1,
		 145, 142, 143,-1,
		 144, 143, 145,-1,
		 145, 143, 144,-1,
		]
	} #IndexedFaceSet
} #Polyhedron
Separator { #Polyhedron
	DEF COORD98 Coordinate3 {
		point [
		 -0.5579 0.0508 -5.6268,
		 -0.5458 0.0457 -5.6361,
		 -0.5432 0.0457 -5.6307,
		 -0.5428 0.0457 -5.6248,
		 -0.5447 0.0457 -5.6192,
		 -0.5486 0.0457 -5.6147,
		 -0.5539 0.0457 -5.6121,
		 -0.5599 0.0457 -5.6117,
		 -0.5655 0.0457 -5.6136,
		 -0.5700 0.0457 -5.6175,
		 -0.5726 0.0457 -5.6228,
		 -0.5730 0.0457 -5.6288,
		 -0.5711 0.0457 -5.6344,
		 -0.5672 0.0457 -5.6389,
		 -0.5618 0.0457 -5.6415,
		 -0.5559 0.0457 -5.6419,
		 -0.5503 0.0457 -5.6400,
		 -0.5418 0.0406 -5.6392,
		 -0.5383 0.0406 -5.6320,
		 -0.5377 0.0406 -5.6241,
		 -0.5403 0.0406 -5.6166,
		 -0.5455 0.0406 -5.6107,
		 -0.5526 0.0406 -5.6072,
		 -0.5605 0.0406 -5.6066,
		 -0.5681 0.0406 -5.6092,
		 -0.5740 0.0406 -5.6144,
		 -0.5775 0.0406 -5.6215,
		 -0.5780 0.0406 -5.6294,
		 -0.5755 0.0406 -5.6369,
		 -0.5703 0.0406 -5.6429,
		 -0.5632 0.0406 -5.6464,
		 -0.5552 0.0406 -5.6469,
		 -0.5477 0.0406 -5.6444,
		 -0.5394 0.0356 -5.6410,
		 -0.5354 0.0356 -5.6328,
		 -0.5348 0.0356 -5.6237,
		 -0.5377 0.0356 -5.6151,
		 -0.5437 0.0356 -5.6083,
		 -0.5519 0.0356 -5.6043,
		 -0.5609 0.0356 -5.6037,
		 -0.5695 0.0356 -5.6066,
		 -0.5764 0.0356 -5.6126,
		 -0.5804 0.0356 -5.6208,
		 -0.5810 0.0356 -5.6298,
		 -0.5781 0.0356 -5.6384,
		 -0.5721 0.0356 -5.6452,
		 -0.5639 0.0356 -5.6493,
		 -0.5549 0.0356 -5.6499,
		 -0.5463 0.0356 -5.6469,
		 -0.5381 0.0305 -5.6419,
		 -0.5339 0.0305 -5.6332,
		 -0.5332 0.0305 -5.6235,
		 -0.5363 0.0305 -5.6143,
		 -0.5427 0.0305 -5.6070,
		 -0.5515 0.0305 -5.6027,
		 -0.5611 0.0305 -5.6021,
		 -0.5703 0.0305 -5.6052,
		 -0.5776 0.0305 -5.6116,
		 -0.5819 0.0305 -5.6203,
		 -0.5826 0.0305 -5.6300,
		 -0.5794 0.0305 -5.6392,
		 -0.5730 0.0305 -5.6465,
		 -0.5643 0.0305 -5.6508,
		 -0.5546 0.0305 -5.6515,
		 -0.5454 0.0305 -5.6483,
		 -0.5377 0.0254 -5.6422,
		 -0.5334 0.0254 -5.6334,
		 -0.5327 0.0254 -5.6235,
		 -0.5359 0.0254 -5.6141,
		 -0.5424 0.0254 -5.6066,
		 -0.5513 0.0254 -5.6022,
		 -0.5612 0.0254 -5.6016,
		 -0.5706 0.0254 -5.6048,
		 -0.5780 0.0254 -5.6113,
		 -0.5824 0.0254 -5.6202,
		 -0.5831 0.0254 -5.6301,
		 -0.5799 0.0254 -5.6395,
		 -0.5734 0.0254 -5.6469,
		 -0.5645 0.0254 -5.6513,
		 -0.5546 0.0254 -5.6520,
		 -0.5452 0.0254 -5.6488,
		 -0.5381 0.0203 -5.6419,
		 -0.5339 0.0203 -5.6332,
		 -0.5332 0.0203 -5.6235,
		 -0.5363 0.0203 -5.6143,
		 -0.5427 0.0203 -5.6070,
		 -0.5515 0.0203 -5.6027,
		 -0.5611 0.0203 -5.6021,
		 -0.5703 0.0203 -5.6052,
		 -0.5776 0.0203 -5.6116,
		 -0.5819 0.0203 -5.6203,
		 -0.5826 0.0203 -5.6300,
		 -0.5794 0.0203 -5.6392,
		 -0.5730 0.0203 -5.6465,
		 -0.5643 0.0203 -5.6508,
		 -0.5546 0.0203 -5.6515,
		 -0.5454 0.0203 -5.6483,
		 -0.5394 0.0152 -5.6410,
		 -0.5354 0.0152 -5.6328,
		 -0.5348 0.0152 -5.6237,
		 -0.5377 0.0152 -5.6151,
		 -0.5437 0.0152 -5.6083,
		 -0.5519 0.0152 -5.6043,
		 -0.5609 0.0152 -5.6037,
		 -0.5695 0.0152 -5.6066,
		 -0.5764 0.0152 -5.6126,
		 -0.5804 0.0152 -5.6208,
		 -0.5810 0.0152 -5.6298,
		 -0.5781 0.0152 -5.6384,
		 -0.5721 0.0152 -5.6452,
		 -0.5639 0.0152 -5.6493,
		 -0.5549 0.0152 -5.6499,
		 -0.5463 0.0152 -5.6469,
		 -0.5418 0.0102 -5.6392,
		 -0.5383 0.0102 -5.6320,
		 -0.5377 0.0102 -5.6241,
		 -0.5403 0.0102 -5.6166,
		 -0.5455 0.0102 -5.6107,
		 -0.5526 0.0102 -5.6072,
		 -0.5605 0.0102 -5.6066,
		 -0.5681 0.0102 -5.6092,
		 -0.5740 0.0102 -5.6144,
		 -0.5775 0.0102 -5.6215,
		 -0.5780 0.0102 -5.6294,
		 -0.5755 0.0102 -5.6369,
		 -0.5703 0.0102 -5.6429,
		 -0.5632 0.0102 -5.6464,
		 -0.5552 0.0102 -5.6469,
		 -0.5477 0.0102 -5.6444,
		 -0.5458 0.0051 -5.6361,
		 -0.5432 0.0051 -5.6307,
		 -0.5428 0.0051 -5.6248,
		 -0.5447 0.0051 -5.6192,
		 -0.5486 0.0051 -5.6147,
		 -0.5539 0.0051 -5.6121,
		 -0.5599 0.0051 -5.6117,
		 -0.5655 0.0051 -5.6136,
		 -0.5700 0.0051 -5.6175,
		 -0.5726 0.0051 -5.6228,
		 -0.5730 0.0051 -5.6288,
		 -0.5711 0.0051 -5.6344,
		 -0.5672 0.0051 -5.6389,
		 -0.5618 0.0051 -5.6415,
		 -0.5559 0.0051 -5.6419,
		 -0.5503 0.0051 -5.6400,
		 -0.5579 0.0000 -5.6268
		]
	} #Coordinate3
	Material {
		ambientColor      0.1176 0.1176 0.1176  #ambientColor
		diffuseColor      0.4706 0.4706 0.4706  #diffuseColor
		transparency      0.0000                #transparency
	} #Material

	IndexedFaceSet {
		coordIndex [ 
		 0, 16, 1,-1,
		 1, 16, 0,-1,
		 0, 1, 2,-1,
		 2, 1, 0,-1,
		 0, 2, 3,-1,
		 3, 2, 0,-1,
		 0, 3, 4,-1,
		 4, 3, 0,-1,
		 0, 4, 5,-1,
		 5, 4, 0,-1,
		 0, 5, 6,-1,
		 6, 5, 0,-1,
		 0, 6, 7,-1,
		 7, 6, 0,-1,
		 0, 7, 8,-1,
		 8, 7, 0,-1,
		 0, 8, 9,-1,
		 9, 8, 0,-1,
		 0, 9, 10,-1,
		 10, 9, 0,-1,
		 0, 10, 11,-1,
		 11, 10, 0,-1,
		 0, 11, 12,-1,
		 12, 11, 0,-1,
		 0, 12, 13,-1,
		 13, 12, 0,-1,
		 0, 13, 14,-1,
		 14, 13, 0,-1,
		 0, 14, 15,-1,
		 15, 14, 0,-1,
		 0, 15, 16,-1,
		 16, 15, 0,-1,
		 1, 16, 32, 17,-1,
		 17, 32, 16, 1,-1,
		 2, 1, 17, 18,-1,
		 18, 17, 1, 2,-1,
		 3, 2, 18, 19,-1,
		 19, 18, 2, 3,-1,
		 4, 3, 19, 20,-1,
		 20, 19, 3, 4,-1,
		 5, 4, 20, 21,-1,
		 21, 20, 4, 5,-1,
		 6, 5, 21, 22,-1,
		 22, 21, 5, 6,-1,
		 7, 6, 22, 23,-1,
		 23, 22, 6, 7,-1,
		 8, 7, 23, 24,-1,
		 24, 23, 7, 8,-1,
		 9, 8, 24, 25,-1,
		 25, 24, 8, 9,-1,
		 10, 9, 25, 26,-1,
		 26, 25, 9, 10,-1,
		 11, 10, 26, 27,-1,
		 27, 26, 10, 11,-1,
		 12, 11, 27, 28,-1,
		 28, 27, 11, 12,-1,
		 13, 12, 28, 29,-1,
		 29, 28, 12, 13,-1,
		 14, 13, 29, 30,-1,
		 30, 29, 13, 14,-1,
		 15, 14, 30, 31,-1,
		 31, 30, 14, 15,-1,
		 16, 15, 31, 32,-1,
		 32, 31, 15, 16,-1,
		 17, 32, 48, 33,-1,
		 33, 48, 32, 17,-1,
		 18, 17, 33, 34,-1,
		 34, 33, 17, 18,-1,
		 19, 18, 34, 35,-1,
		 35, 34, 18, 19,-1,
		 20, 19, 35, 36,-1,
		 36, 35, 19, 20,-1,
		 21, 20, 36, 37,-1,
		 37, 36, 20, 21,-1,
		 22, 21, 37, 38,-1,
		 38, 37, 21, 22,-1,
		 23, 22, 38, 39,-1,
		 39, 38, 22, 23,-1,
		 24, 23, 39, 40,-1,
		 40, 39, 23, 24,-1,
		 25, 24, 40, 41,-1,
		 41, 40, 24, 25,-1,
		 26, 25, 41, 42,-1,
		 42, 41, 25, 26,-1,
		 27, 26, 42, 43,-1,
		 43, 42, 26, 27,-1,
		 28, 27, 43, 44,-1,
		 44, 43, 27, 28,-1,
		 29, 28, 44, 45,-1,
		 45, 44, 28, 29,-1,
		 30, 29, 45, 46,-1,
		 46, 45, 29, 30,-1,
		 31, 30, 46, 47,-1,
		 47, 46, 30, 31,-1,
		 32, 31, 47, 48,-1,
		 48, 47, 31, 32,-1,
		 33, 48, 64, 49,-1,
		 49, 64, 48, 33,-1,
		 34, 33, 49, 50,-1,
		 50, 49, 33, 34,-1,
		 35, 34, 50, 51,-1,
		 51, 50, 34, 35,-1,
		 36, 35, 51, 52,-1,
		 52, 51, 35, 36,-1,
		 37, 36, 52, 53,-1,
		 53, 52, 36, 37,-1,
		 38, 37, 53, 54,-1,
		 54, 53, 37, 38,-1,
		 39, 38, 54, 55,-1,
		 55, 54, 38, 39,-1,
		 40, 39, 55, 56,-1,
		 56, 55, 39, 40,-1,
		 41, 40, 56, 57,-1,
		 57, 56, 40, 41,-1,
		 42, 41, 57, 58,-1,
		 58, 57, 41, 42,-1,
		 43, 42, 58, 59,-1,
		 59, 58, 42, 43,-1,
		 44, 43, 59, 60,-1,
		 60, 59, 43, 44,-1,
		 45, 44, 60, 61,-1,
		 61, 60, 44, 45,-1,
		 46, 45, 61, 62,-1,
		 62, 61, 45, 46,-1,
		 47, 46, 62, 63,-1,
		 63, 62, 46, 47,-1,
		 48, 47, 63, 64,-1,
		 64, 63, 47, 48,-1,
		 49, 64, 80, 65,-1,
		 65, 80, 64, 49,-1,
		 50, 49, 65, 66,-1,
		 66, 65, 49, 50,-1,
		 51, 50, 66, 67,-1,
		 67, 66, 50, 51,-1,
		 52, 51, 67, 68,-1,
		 68, 67, 51, 52,-1,
		 53, 52, 68, 69,-1,
		 69, 68, 52, 53,-1,
		 54, 53, 69, 70,-1,
		 70, 69, 53, 54,-1,
		 55, 54, 70, 71,-1,
		 71, 70, 54, 55,-1,
		 56, 55, 71, 72,-1,
		 72, 71, 55, 56,-1,
		 57, 56, 72, 73,-1,
		 73, 72, 56, 57,-1,
		 58, 57, 73, 74,-1,
		 74, 73, 57, 58,-1,
		 59, 58, 74, 75,-1,
		 75, 74, 58, 59,-1,
		 60, 59, 75, 76,-1,
		 76, 75, 59, 60,-1,
		 61, 60, 76, 77,-1,
		 77, 76, 60, 61,-1,
		 62, 61, 77, 78,-1,
		 78, 77, 61, 62,-1,
		 63, 62, 78, 79,-1,
		 79, 78, 62, 63,-1,
		 64, 63, 79, 80,-1,
		 80, 79, 63, 64,-1,
		 65, 80, 96, 81,-1,
		 81, 96, 80, 65,-1,
		 66, 65, 81, 82,-1,
		 82, 81, 65, 66,-1,
		 67, 66, 82, 83,-1,
		 83, 82, 66, 67,-1,
		 68, 67, 83, 84,-1,
		 84, 83, 67, 68,-1,
		 69, 68, 84, 85,-1,
		 85, 84, 68, 69,-1,
		 70, 69, 85, 86,-1,
		 86, 85, 69, 70,-1,
		 71, 70, 86, 87,-1,
		 87, 86, 70, 71,-1,
		 72, 71, 87, 88,-1,
		 88, 87, 71, 72,-1,
		 73, 72, 88, 89,-1,
		 89, 88, 72, 73,-1,
		 74, 73, 89, 90,-1,
		 90, 89, 73, 74,-1,
		 75, 74, 90, 91,-1,
		 91, 90, 74, 75,-1,
		 76, 75, 91, 92,-1,
		 92, 91, 75, 76,-1,
		 77, 76, 92, 93,-1,
		 93, 92, 76, 77,-1,
		 78, 77, 93, 94,-1,
		 94, 93, 77, 78,-1,
		 79, 78, 94, 95,-1,
		 95, 94, 78, 79,-1,
		 80, 79, 95, 96,-1,
		 96, 95, 79, 80,-1,
		 81, 96, 112, 97,-1,
		 97, 112, 96, 81,-1,
		 82, 81, 97, 98,-1,
		 98, 97, 81, 82,-1,
		 83, 82, 98, 99,-1,
		 99, 98, 82, 83,-1,
		 84, 83, 99, 100,-1,
		 100, 99, 83, 84,-1,
		 85, 84, 100, 101,-1,
		 101, 100, 84, 85,-1,
		 86, 85, 101, 102,-1,
		 102, 101, 85, 86,-1,
		 87, 86, 102, 103,-1,
		 103, 102, 86, 87,-1,
		 88, 87, 103, 104,-1,
		 104, 103, 87, 88,-1,
		 89, 88, 104, 105,-1,
		 105, 104, 88, 89,-1,
		 90, 89, 105, 106,-1,
		 106, 105, 89, 90,-1,
		 91, 90, 106, 107,-1,
		 107, 106, 90, 91,-1,
		 92, 91, 107, 108,-1,
		 108, 107, 91, 92,-1,
		 93, 92, 108, 109,-1,
		 109, 108, 92, 93,-1,
		 94, 93, 109, 110,-1,
		 110, 109, 93, 94,-1,
		 95, 94, 110, 111,-1,
		 111, 110, 94, 95,-1,
		 96, 95, 111, 112,-1,
		 112, 111, 95, 96,-1,
		 97, 112, 128, 113,-1,
		 113, 128, 112, 97,-1,
		 98, 97, 113, 114,-1,
		 114, 113, 97, 98,-1,
		 99, 98, 114, 115,-1,
		 115, 114, 98, 99,-1,
		 100, 99, 115, 116,-1,
		 116, 115, 99, 100,-1,
		 101, 100, 116, 117,-1,
		 117, 116, 100, 101,-1,
		 102, 101, 117, 118,-1,
		 118, 117, 101, 102,-1,
		 103, 102, 118, 119,-1,
		 119, 118, 102, 103,-1,
		 104, 103, 119, 120,-1,
		 120, 119, 103, 104,-1,
		 105, 104, 120, 121,-1,
		 121, 120, 104, 105,-1,
		 106, 105, 121, 122,-1,
		 122, 121, 105, 106,-1,
		 107, 106, 122, 123,-1,
		 123, 122, 106, 107,-1,
		 108, 107, 123, 124,-1,
		 124, 123, 107, 108,-1,
		 109, 108, 124, 125,-1,
		 125, 124, 108, 109,-1,
		 110, 109, 125, 126,-1,
		 126, 125, 109, 110,-1,
		 111, 110, 126, 127,-1,
		 127, 126, 110, 111,-1,
		 112, 111, 127, 128,-1,
		 128, 127, 111, 112,-1,
		 113, 128, 144, 129,-1,
		 129, 144, 128, 113,-1,
		 114, 113, 129, 130,-1,
		 130, 129, 113, 114,-1,
		 115, 114, 130, 131,-1,
		 131, 130, 114, 115,-1,
		 116, 115, 131, 132,-1,
		 132, 131, 115, 116,-1,
		 117, 116, 132, 133,-1,
		 133, 132, 116, 117,-1,
		 118, 117, 133, 134,-1,
		 134, 133, 117, 118,-1,
		 119, 118, 134, 135,-1,
		 135, 134, 118, 119,-1,
		 120, 119, 135, 136,-1,
		 136, 135, 119, 120,-1,
		 121, 120, 136, 137,-1,
		 137, 136, 120, 121,-1,
		 122, 121, 137, 138,-1,
		 138, 137, 121, 122,-1,
		 123, 122, 138, 139,-1,
		 139, 138, 122, 123,-1,
		 124, 123, 139, 140,-1,
		 140, 139, 123, 124,-1,
		 125, 124, 140, 141,-1,
		 141, 140, 124, 125,-1,
		 126, 125, 141, 142,-1,
		 142, 141, 125, 126,-1,
		 127, 126, 142, 143,-1,
		 143, 142, 126, 127,-1,
		 128, 127, 143, 144,-1,
		 144, 143, 127, 128,-1,
		 129, 144, 145,-1,
		 145, 144, 129,-1,
		 130, 129, 145,-1,
		 145, 129, 130,-1,
		 131, 130, 145,-1,
		 145, 130, 131,-1,
		 132, 131, 145,-1,
		 145, 131, 132,-1,
		 133, 132, 145,-1,
		 145, 132, 133,-1,
		 134, 133, 145,-1,
		 145, 133, 134,-1,
		 135, 134, 145,-1,
		 145, 134, 135,-1,
		 136, 135, 145,-1,
		 145, 135, 136,-1,
		 137, 136, 145,-1,
		 145, 136, 137,-1,
		 138, 137, 145,-1,
		 145, 137, 138,-1,
		 139, 138, 145,-1,
		 145, 138, 139,-1,
		 140, 139, 145,-1,
		 145, 139, 140,-1,
		 141, 140, 145,-1,
		 145, 140, 141,-1,
		 142, 141, 145,-1,
		 145, 141, 142,-1,
		 143, 142, 145,-1,
		 145, 142, 143,-1,
		 144, 143, 145,-1,
		 145, 143, 144,-1,
		]
	} #IndexedFaceSet
} #Polyhedron
Separator { #Polyhedron
	DEF COORD99 Coordinate3 {
		point [
		 -0.9396 0.0508 -5.5245,
		 -0.9275 0.0457 -5.5338,
		 -0.9248 0.0457 -5.5285,
		 -0.9244 0.0457 -5.5225,
		 -0.9264 0.0457 -5.5169,
		 -0.9303 0.0457 -5.5124,
		 -0.9356 0.0457 -5.5098,
		 -0.9415 0.0457 -5.5094,
		 -0.9472 0.0457 -5.5113,
		 -0.9516 0.0457 -5.5152,
		 -0.9543 0.0457 -5.5206,
		 -0.9547 0.0457 -5.5265,
		 -0.9528 0.0457 -5.5321,
		 -0.9488 0.0457 -5.5366,
		 -0.9435 0.0457 -5.5392,
		 -0.9376 0.0457 -5.5396,
		 -0.9319 0.0457 -5.5377,
		 -0.9234 0.0406 -5.5369,
		 -0.9199 0.0406 -5.5298,
		 -0.9194 0.0406 -5.5219,
		 -0.9220 0.0406 -5.5143,
		 -0.9272 0.0406 -5.5084,
		 -0.9343 0.0406 -5.5049,
		 -0.9422 0.0406 -5.5044,
		 -0.9497 0.0406 -5.5069,
		 -0.9557 0.0406 -5.5121,
		 -0.9592 0.0406 -5.5192,
		 -0.9597 0.0406 -5.5272,
		 -0.9572 0.0406 -5.5347,
		 -0.9519 0.0406 -5.5406,
		 -0.9448 0.0406 -5.5441,
		 -0.9369 0.0406 -5.5447,
		 -0.9294 0.0406 -5.5421,
		 -0.9211 0.0356 -5.5387,
		 -0.9171 0.0356 -5.5305,
		 -0.9165 0.0356 -5.5215,
		 -0.9194 0.0356 -5.5129,
		 -0.9254 0.0356 -5.5060,
		 -0.9335 0.0356 -5.5020,
		 -0.9426 0.0356 -5.5014,
		 -0.9512 0.0356 -5.5043,
		 -0.9580 0.0356 -5.5103,
		 -0.9620 0.0356 -5.5185,
		 -0.9626 0.0356 -5.5275,
		 -0.9597 0.0356 -5.5361,
		 -0.9537 0.0356 -5.5430,
		 -0.9456 0.0356 -5.5470,
		 -0.9365 0.0356 -5.5476,
		 -0.9279 0.0356 -5.5447,
		 -0.9198 0.0305 -5.5397,
		 -0.9155 0.0305 -5.5309,
		 -0.9149 0.0305 -5.5213,
		 -0.9180 0.0305 -5.5121,
		 -0.9244 0.0305 -5.5048,
		 -0.9331 0.0305 -5.5005,
		 -0.9428 0.0305 -5.4998,
		 -0.9520 0.0305 -5.5030,
		 -0.9593 0.0305 -5.5094,
		 -0.9636 0.0305 -5.5181,
		 -0.9642 0.0305 -5.5278,
		 -0.9611 0.0305 -5.5369,
		 -0.9547 0.0305 -5.5442,
		 -0.9460 0.0305 -5.5485,
		 -0.9363 0.0305 -5.5492,
		 -0.9271 0.0305 -5.5461,
		 -0.9194 0.0254 -5.5400,
		 -0.9150 0.0254 -5.5311,
		 -0.9144 0.0254 -5.5212,
		 -0.9176 0.0254 -5.5118,
		 -0.9241 0.0254 -5.5044,
		 -0.9330 0.0254 -5.5000,
		 -0.9429 0.0254 -5.4993,
		 -0.9523 0.0254 -5.5025,
		 -0.9597 0.0254 -5.5090,
		 -0.9641 0.0254 -5.5179,
		 -0.9647 0.0254 -5.5278,
		 -0.9616 0.0254 -5.5372,
		 -0.9550 0.0254 -5.5447,
		 -0.9461 0.0254 -5.5490,
		 -0.9362 0.0254 -5.5497,
		 -0.9269 0.0254 -5.5465,
		 -0.9198 0.0203 -5.5397,
		 -0.9155 0.0203 -5.5309,
		 -0.9149 0.0203 -5.5213,
		 -0.9180 0.0203 -5.5121,
		 -0.9244 0.0203 -5.5048,
		 -0.9331 0.0203 -5.5005,
		 -0.9428 0.0203 -5.4998,
		 -0.9520 0.0203 -5.5030,
		 -0.9593 0.0203 -5.5094,
		 -0.9636 0.0203 -5.5181,
		 -0.9642 0.0203 -5.5278,
		 -0.9611 0.0203 -5.5369,
		 -0.9547 0.0203 -5.5442,
		 -0.9460 0.0203 -5.5485,
		 -0.9363 0.0203 -5.5492,
		 -0.9271 0.0203 -5.5461,
		 -0.9211 0.0152 -5.5387,
		 -0.9171 0.0152 -5.5305,
		 -0.9165 0.0152 -5.5215,
		 -0.9194 0.0152 -5.5129,
		 -0.9254 0.0152 -5.5060,
		 -0.9335 0.0152 -5.5020,
		 -0.9426 0.0152 -5.5014,
		 -0.9512 0.0152 -5.5043,
		 -0.9580 0.0152 -5.5103,
		 -0.9620 0.0152 -5.5185,
		 -0.9626 0.0152 -5.5275,
		 -0.9597 0.0152 -5.5361,
		 -0.9537 0.0152 -5.5430,
		 -0.9456 0.0152 -5.5470,
		 -0.9365 0.0152 -5.5476,
		 -0.9279 0.0152 -5.5447,
		 -0.9234 0.0102 -5.5369,
		 -0.9199 0.0102 -5.5298,
		 -0.9194 0.0102 -5.5219,
		 -0.9220 0.0102 -5.5143,
		 -0.9272 0.0102 -5.5084,
		 -0.9343 0.0102 -5.5049,
		 -0.9422 0.0102 -5.5044,
		 -0.9497 0.0102 -5.5069,
		 -0.9557 0.0102 -5.5121,
		 -0.9592 0.0102 -5.5192,
		 -0.9597 0.0102 -5.5272,
		 -0.9572 0.0102 -5.5347,
		 -0.9519 0.0102 -5.5406,
		 -0.9448 0.0102 -5.5441,
		 -0.9369 0.0102 -5.5447,
		 -0.9294 0.0102 -5.5421,
		 -0.9275 0.0051 -5.5338,
		 -0.9248 0.0051 -5.5285,
		 -0.9244 0.0051 -5.5225,
		 -0.9264 0.0051 -5.5169,
		 -0.9303 0.0051 -5.5124,
		 -0.9356 0.0051 -5.5098,
		 -0.9415 0.0051 -5.5094,
		 -0.9472 0.0051 -5.5113,
		 -0.9516 0.0051 -5.5152,
		 -0.9543 0.0051 -5.5206,
		 -0.9547 0.0051 -5.5265,
		 -0.9528 0.0051 -5.5321,
		 -0.9488 0.0051 -5.5366,
		 -0.9435 0.0051 -5.5392,
		 -0.9376 0.0051 -5.5396,
		 -0.9319 0.0051 -5.5377,
		 -0.9396 0.0000 -5.5245
		]
	} #Coordinate3
	Material {
		ambientColor      0.1176 0.1176 0.1176  #ambientColor
		diffuseColor      0.4706 0.4706 0.4706  #diffuseColor
		transparency      0.0000                #transparency
	} #Material

	IndexedFaceSet {
		coordIndex [ 
		 0, 16, 1,-1,
		 1, 16, 0,-1,
		 0, 1, 2,-1,
		 2, 1, 0,-1,
		 0, 2, 3,-1,
		 3, 2, 0,-1,
		 0, 3, 4,-1,
		 4, 3, 0,-1,
		 0, 4, 5,-1,
		 5, 4, 0,-1,
		 0, 5, 6,-1,
		 6, 5, 0,-1,
		 0, 6, 7,-1,
		 7, 6, 0,-1,
		 0, 7, 8,-1,
		 8, 7, 0,-1,
		 0, 8, 9,-1,
		 9, 8, 0,-1,
		 0, 9, 10,-1,
		 10, 9, 0,-1,
		 0, 10, 11,-1,
		 11, 10, 0,-1,
		 0, 11, 12,-1,
		 12, 11, 0,-1,
		 0, 12, 13,-1,
		 13, 12, 0,-1,
		 0, 13, 14,-1,
		 14, 13, 0,-1,
		 0, 14, 15,-1,
		 15, 14, 0,-1,
		 0, 15, 16,-1,
		 16, 15, 0,-1,
		 1, 16, 32, 17,-1,
		 17, 32, 16, 1,-1,
		 2, 1, 17, 18,-1,
		 18, 17, 1, 2,-1,
		 3, 2, 18, 19,-1,
		 19, 18, 2, 3,-1,
		 4, 3, 19, 20,-1,
		 20, 19, 3, 4,-1,
		 5, 4, 20, 21,-1,
		 21, 20, 4, 5,-1,
		 6, 5, 21, 22,-1,
		 22, 21, 5, 6,-1,
		 7, 6, 22, 23,-1,
		 23, 22, 6, 7,-1,
		 8, 7, 23, 24,-1,
		 24, 23, 7, 8,-1,
		 9, 8, 24, 25,-1,
		 25, 24, 8, 9,-1,
		 10, 9, 25, 26,-1,
		 26, 25, 9, 10,-1,
		 11, 10, 26, 27,-1,
		 27, 26, 10, 11,-1,
		 12, 11, 27, 28,-1,
		 28, 27, 11, 12,-1,
		 13, 12, 28, 29,-1,
		 29, 28, 12, 13,-1,
		 14, 13, 29, 30,-1,
		 30, 29, 13, 14,-1,
		 15, 14, 30, 31,-1,
		 31, 30, 14, 15,-1,
		 16, 15, 31, 32,-1,
		 32, 31, 15, 16,-1,
		 17, 32, 48, 33,-1,
		 33, 48, 32, 17,-1,
		 18, 17, 33, 34,-1,
		 34, 33, 17, 18,-1,
		 19, 18, 34, 35,-1,
		 35, 34, 18, 19,-1,
		 20, 19, 35, 36,-1,
		 36, 35, 19, 20,-1,
		 21, 20, 36, 37,-1,
		 37, 36, 20, 21,-1,
		 22, 21, 37, 38,-1,
		 38, 37, 21, 22,-1,
		 23, 22, 38, 39,-1,
		 39, 38, 22, 23,-1,
		 24, 23, 39, 40,-1,
		 40, 39, 23, 24,-1,
		 25, 24, 40, 41,-1,
		 41, 40, 24, 25,-1,
		 26, 25, 41, 42,-1,
		 42, 41, 25, 26,-1,
		 27, 26, 42, 43,-1,
		 43, 42, 26, 27,-1,
		 28, 27, 43, 44,-1,
		 44, 43, 27, 28,-1,
		 29, 28, 44, 45,-1,
		 45, 44, 28, 29,-1,
		 30, 29, 45, 46,-1,
		 46, 45, 29, 30,-1,
		 31, 30, 46, 47,-1,
		 47, 46, 30, 31,-1,
		 32, 31, 47, 48,-1,
		 48, 47, 31, 32,-1,
		 33, 48, 64, 49,-1,
		 49, 64, 48, 33,-1,
		 34, 33, 49, 50,-1,
		 50, 49, 33, 34,-1,
		 35, 34, 50, 51,-1,
		 51, 50, 34, 35,-1,
		 36, 35, 51, 52,-1,
		 52, 51, 35, 36,-1,
		 37, 36, 52, 53,-1,
		 53, 52, 36, 37,-1,
		 38, 37, 53, 54,-1,
		 54, 53, 37, 38,-1,
		 39, 38, 54, 55,-1,
		 55, 54, 38, 39,-1,
		 40, 39, 55, 56,-1,
		 56, 55, 39, 40,-1,
		 41, 40, 56, 57,-1,
		 57, 56, 40, 41,-1,
		 42, 41, 57, 58,-1,
		 58, 57, 41, 42,-1,
		 43, 42, 58, 59,-1,
		 59, 58, 42, 43,-1,
		 44, 43, 59, 60,-1,
		 60, 59, 43, 44,-1,
		 45, 44, 60, 61,-1,
		 61, 60, 44, 45,-1,
		 46, 45, 61, 62,-1,
		 62, 61, 45, 46,-1,
		 47, 46, 62, 63,-1,
		 63, 62, 46, 47,-1,
		 48, 47, 63, 64,-1,
		 64, 63, 47, 48,-1,
		 49, 64, 80, 65,-1,
		 65, 80, 64, 49,-1,
		 50, 49, 65, 66,-1,
		 66, 65, 49, 50,-1,
		 51, 50, 66, 67,-1,
		 67, 66, 50, 51,-1,
		 52, 51, 67, 68,-1,
		 68, 67, 51, 52,-1,
		 53, 52, 68, 69,-1,
		 69, 68, 52, 53,-1,
		 54, 53, 69, 70,-1,
		 70, 69, 53, 54,-1,
		 55, 54, 70, 71,-1,
		 71, 70, 54, 55,-1,
		 56, 55, 71, 72,-1,
		 72, 71, 55, 56,-1,
		 57, 56, 72, 73,-1,
		 73, 72, 56, 57,-1,
		 58, 57, 73, 74,-1,
		 74, 73, 57, 58,-1,
		 59, 58, 74, 75,-1,
		 75, 74, 58, 59,-1,
		 60, 59, 75, 76,-1,
		 76, 75, 59, 60,-1,
		 61, 60, 76, 77,-1,
		 77, 76, 60, 61,-1,
		 62, 61, 77, 78,-1,
		 78, 77, 61, 62,-1,
		 63, 62, 78, 79,-1,
		 79, 78, 62, 63,-1,
		 64, 63, 79, 80,-1,
		 80, 79, 63, 64,-1,
		 65, 80, 96, 81,-1,
		 81, 96, 80, 65,-1,
		 66, 65, 81, 82,-1,
		 82, 81, 65, 66,-1,
		 67, 66, 82, 83,-1,
		 83, 82, 66, 67,-1,
		 68, 67, 83, 84,-1,
		 84, 83, 67, 68,-1,
		 69, 68, 84, 85,-1,
		 85, 84, 68, 69,-1,
		 70, 69, 85, 86,-1,
		 86, 85, 69, 70,-1,
		 71, 70, 86, 87,-1,
		 87, 86, 70, 71,-1,
		 72, 71, 87, 88,-1,
		 88, 87, 71, 72,-1,
		 73, 72, 88, 89,-1,
		 89, 88, 72, 73,-1,
		 74, 73, 89, 90,-1,
		 90, 89, 73, 74,-1,
		 75, 74, 90, 91,-1,
		 91, 90, 74, 75,-1,
		 76, 75, 91, 92,-1,
		 92, 91, 75, 76,-1,
		 77, 76, 92, 93,-1,
		 93, 92, 76, 77,-1,
		 78, 77, 93, 94,-1,
		 94, 93, 77, 78,-1,
		 79, 78, 94, 95,-1,
		 95, 94, 78, 79,-1,
		 80, 79, 95, 96,-1,
		 96, 95, 79, 80,-1,
		 81, 96, 112, 97,-1,
		 97, 112, 96, 81,-1,
		 82, 81, 97, 98,-1,
		 98, 97, 81, 82,-1,
		 83, 82, 98, 99,-1,
		 99, 98, 82, 83,-1,
		 84, 83, 99, 100,-1,
		 100, 99, 83, 84,-1,
		 85, 84, 100, 101,-1,
		 101, 100, 84, 85,-1,
		 86, 85, 101, 102,-1,
		 102, 101, 85, 86,-1,
		 87, 86, 102, 103,-1,
		 103, 102, 86, 87,-1,
		 88, 87, 103, 104,-1,
		 104, 103, 87, 88,-1,
		 89, 88, 104, 105,-1,
		 105, 104, 88, 89,-1,
		 90, 89, 105, 106,-1,
		 106, 105, 89, 90,-1,
		 91, 90, 106, 107,-1,
		 107, 106, 90, 91,-1,
		 92, 91, 107, 108,-1,
		 108, 107, 91, 92,-1,
		 93, 92, 108, 109,-1,
		 109, 108, 92, 93,-1,
		 94, 93, 109, 110,-1,
		 110, 109, 93, 94,-1,
		 95, 94, 110, 111,-1,
		 111, 110, 94, 95,-1,
		 96, 95, 111, 112,-1,
		 112, 111, 95, 96,-1,
		 97, 112, 128, 113,-1,
		 113, 128, 112, 97,-1,
		 98, 97, 113, 114,-1,
		 114, 113, 97, 98,-1,
		 99, 98, 114, 115,-1,
		 115, 114, 98, 99,-1,
		 100, 99, 115, 116,-1,
		 116, 115, 99, 100,-1,
		 101, 100, 116, 117,-1,
		 117, 116, 100, 101,-1,
		 102, 101, 117, 118,-1,
		 118, 117, 101, 102,-1,
		 103, 102, 118, 119,-1,
		 119, 118, 102, 103,-1,
		 104, 103, 119, 120,-1,
		 120, 119, 103, 104,-1,
		 105, 104, 120, 121,-1,
		 121, 120, 104, 105,-1,
		 106, 105, 121, 122,-1,
		 122, 121, 105, 106,-1,
		 107, 106, 122, 123,-1,
		 123, 122, 106, 107,-1,
		 108, 107, 123, 124,-1,
		 124, 123, 107, 108,-1,
		 109, 108, 124, 125,-1,
		 125, 124, 108, 109,-1,
		 110, 109, 125, 126,-1,
		 126, 125, 109, 110,-1,
		 111, 110, 126, 127,-1,
		 127, 126, 110, 111,-1,
		 112, 111, 127, 128,-1,
		 128, 127, 111, 112,-1,
		 113, 128, 144, 129,-1,
		 129, 144, 128, 113,-1,
		 114, 113, 129, 130,-1,
		 130, 129, 113, 114,-1,
		 115, 114, 130, 131,-1,
		 131, 130, 114, 115,-1,
		 116, 115, 131, 132,-1,
		 132, 131, 115, 116,-1,
		 117, 116, 132, 133,-1,
		 133, 132, 116, 117,-1,
		 118, 117, 133, 134,-1,
		 134, 133, 117, 118,-1,
		 119, 118, 134, 135,-1,
		 135, 134, 118, 119,-1,
		 120, 119, 135, 136,-1,
		 136, 135, 119, 120,-1,
		 121, 120, 136, 137,-1,
		 137, 136, 120, 121,-1,
		 122, 121, 137, 138,-1,
		 138, 137, 121, 122,-1,
		 123, 122, 138, 139,-1,
		 139, 138, 122, 123,-1,
		 124, 123, 139, 140,-1,
		 140, 139, 123, 124,-1,
		 125, 124, 140, 141,-1,
		 141, 140, 124, 125,-1,
		 126, 125, 141, 142,-1,
		 142, 141, 125, 126,-1,
		 127, 126, 142, 143,-1,
		 143, 142, 126, 127,-1,
		 128, 127, 143, 144,-1,
		 144, 143, 127, 128,-1,
		 129, 144, 145,-1,
		 145, 144, 129,-1,
		 130, 129, 145,-1,
		 145, 129, 130,-1,
		 131, 130, 145,-1,
		 145, 130, 131,-1,
		 132, 131, 145,-1,
		 145, 131, 132,-1,
		 133, 132, 145,-1,
		 145, 132, 133,-1,
		 134, 133, 145,-1,
		 145, 133, 134,-1,
		 135, 134, 145,-1,
		 145, 134, 135,-1,
		 136, 135, 145,-1,
		 145, 135, 136,-1,
		 137, 136, 145,-1,
		 145, 136, 137,-1,
		 138, 137, 145,-1,
		 145, 137, 138,-1,
		 139, 138, 145,-1,
		 145, 138, 139,-1,
		 140, 139, 145,-1,
		 145, 139, 140,-1,
		 141, 140, 145,-1,
		 145, 140, 141,-1,
		 142, 141, 145,-1,
		 145, 141, 142,-1,
		 143, 142, 145,-1,
		 145, 142, 143,-1,
		 144, 143, 145,-1,
		 145, 143, 144,-1,
		]
	} #IndexedFaceSet
} #Polyhedron
Separator { #Polyhedron
	DEF COORD100 Coordinate3 {
		point [
		 -0.6674 0.4318 -5.4080,
		 -0.6608 0.4318 -5.3947,
		 -0.6598 0.4318 -5.3798,
		 -0.6646 0.4318 -5.3658,
		 -0.6744 0.4318 -5.3546,
		 -0.6877 0.4318 -5.3480,
		 -0.7026 0.4318 -5.3470,
		 -0.7166 0.4318 -5.3518,
		 -0.7278 0.4318 -5.3616,
		 -0.7344 0.4318 -5.3749,
		 -0.7354 0.4318 -5.3898,
		 -0.7306 0.4318 -5.4039,
		 -0.7208 0.4318 -5.4150,
		 -0.7075 0.4318 -5.4216,
		 -0.6926 0.4318 -5.4226,
		 -0.6785 0.4318 -5.4178,
		 -0.6674 0.1524 -5.4080,
		 -0.6608 0.1524 -5.3947,
		 -0.6598 0.1524 -5.3798,
		 -0.6646 0.1524 -5.3658,
		 -0.6744 0.1524 -5.3546,
		 -0.6877 0.1524 -5.3480,
		 -0.7026 0.1524 -5.3470,
		 -0.7166 0.1524 -5.3518,
		 -0.7278 0.1524 -5.3616,
		 -0.7344 0.1524 -5.3749,
		 -0.7354 0.1524 -5.3898,
		 -0.7306 0.1524 -5.4039,
		 -0.7208 0.1524 -5.4150,
		 -0.7075 0.1524 -5.4216,
		 -0.6926 0.1524 -5.4226,
		 -0.6785 0.1524 -5.4178
		]
	} #Coordinate3
	Material {
		ambientColor      0.1951 0.1951 0.1951  #ambientColor
		diffuseColor      0.7804 0.7804 0.7804  #diffuseColor
		transparency      0.0000                #transparency
	} #Material

	Texture2 {
		filename ""  #filename
		wrapS REPEAT 
		wrapT REPEAT 
	} #Texture2

	IndexedFaceSet {
		coordIndex [ 
		 0, 1, 2, 3, 4, 5, 6, 7, 8, 9, 10, 11, 12, 13, 14, 15,-1,
		 15, 14, 13, 12, 11, 10, 9, 8, 7, 6, 5, 4, 3, 2, 1, 0,-1,
		 0, 15, 31, 16,-1,
		 16, 31, 15, 0,-1,
		 1, 0, 16, 17,-1,
		 17, 16, 0, 1,-1,
		 2, 1, 17, 18,-1,
		 18, 17, 1, 2,-1,
		 3, 2, 18, 19,-1,
		 19, 18, 2, 3,-1,
		 4, 3, 19, 20,-1,
		 20, 19, 3, 4,-1,
		 5, 4, 20, 21,-1,
		 21, 20, 4, 5,-1,
		 6, 5, 21, 22,-1,
		 22, 21, 5, 6,-1,
		 7, 6, 22, 23,-1,
		 23, 22, 6, 7,-1,
		 8, 7, 23, 24,-1,
		 24, 23, 7, 8,-1,
		 9, 8, 24, 25,-1,
		 25, 24, 8, 9,-1,
		 10, 9, 25, 26,-1,
		 26, 25, 9, 10,-1,
		 11, 10, 26, 27,-1,
		 27, 26, 10, 11,-1,
		 12, 11, 27, 28,-1,
		 28, 27, 11, 12,-1,
		 13, 12, 28, 29,-1,
		 29, 28, 12, 13,-1,
		 14, 13, 29, 30,-1,
		 30, 29, 13, 14,-1,
		 15, 14, 30, 31,-1,
		 31, 30, 14, 15,-1,
		 31, 30, 29, 28, 27, 26, 25, 24, 23, 22, 21, 20, 19, 18, 17, 16,-1,
		 16, 17, 18, 19, 20, 21, 22, 23, 24, 25, 26, 27, 28, 29, 30, 31,-1,
		]
	} #IndexedFaceSet
} #Polyhedron
Separator { #Polyhedron
	DEF COORD101 Coordinate3 {
		point [
		 -0.8346 0.5334 -5.7572,
		 -0.3066 0.5334 -5.4524,
		 -0.5606 0.5334 -5.0124,
		 -0.6994 0.5334 -4.9753,
		 -1.0514 0.5334 -5.1784,
		 -1.0885 0.5334 -5.3172,
		 -0.8346 0.4318 -5.7572,
		 -0.3066 0.4318 -5.4524,
		 -0.5606 0.4318 -5.0124,
		 -0.6994 0.4318 -4.9753,
		 -1.0514 0.4318 -5.1784,
		 -1.0885 0.4318 -5.3172
		]
	} #Coordinate3
	Material {
		ambientColor      0.1951 0.1951 0.1951  #ambientColor
		diffuseColor      0.7804 0.7804 0.7804  #diffuseColor
		transparency      0.0000                #transparency
	} #Material

	IndexedFaceSet {
		coordIndex [ 
		 0, 1, 2, 3, 4, 5,-1,
		 5, 4, 3, 2, 1, 0,-1,
		 0, 5, 11, 6,-1,
		 6, 11, 5, 0,-1,
		 1, 0, 6, 7,-1,
		 7, 6, 0, 1,-1,
		 2, 1, 7, 8,-1,
		 8, 7, 1, 2,-1,
		 3, 2, 8, 9,-1,
		 9, 8, 2, 3,-1,
		 4, 3, 9, 10,-1,
		 10, 9, 3, 4,-1,
		 5, 4, 10, 11,-1,
		 11, 10, 4, 5,-1,
		 11, 10, 9, 8, 7, 6,-1,
		 6, 7, 8, 9, 10, 11,-1,
		]
	} #IndexedFaceSet
} #Polyhedron
Separator { #Polyhedron
	DEF COORD102 Coordinate3 {
		point [
		 -0.8346 0.8636 -5.7572,
		 -0.9226 0.8636 -5.8080,
		 -0.9226 0.4826 -5.8080,
		 -0.8346 0.4318 -5.7572,
		 -1.0885 0.8636 -5.3172,
		 -1.1765 0.8636 -5.3680,
		 -1.1765 0.4826 -5.3680,
		 -1.0885 0.4318 -5.3172
		]
	} #Coordinate3
	Material {
		ambientColor      0.1951 0.1951 0.1951  #ambientColor
		diffuseColor      0.7804 0.7804 0.7804  #diffuseColor
		transparency      0.0000                #transparency
	} #Material

	IndexedFaceSet {
		coordIndex [ 
		 0, 1, 2, 3,-1,
		 3, 2, 1, 0,-1,
		 0, 3, 7, 4,-1,
		 4, 7, 3, 0,-1,
		 1, 0, 4, 5,-1,
		 5, 4, 0, 1,-1,
		 2, 1, 5, 6,-1,
		 6, 5, 1, 2,-1,
		 3, 2, 6, 7,-1,
		 7, 6, 2, 3,-1,
		 7, 6, 5, 4,-1,
		 4, 5, 6, 7,-1,
		]
	} #IndexedFaceSet
} #Polyhedron
Separator { #Polyhedron
	DEF COORD103 Coordinate3 {
		point [
		 -0.3066 0.4318 -5.4524,
		 -0.2186 0.4826 -5.4016,
		 -0.2186 0.8636 -5.4016,
		 -0.3066 0.8636 -5.4524,
		 -0.5606 0.4318 -5.0124,
		 -0.4726 0.4826 -4.9616,
		 -0.4726 0.8636 -4.9616,
		 -0.5606 0.8636 -5.0124
		]
	} #Coordinate3
	Material {
		ambientColor      0.1951 0.1951 0.1951  #ambientColor
		diffuseColor      0.7804 0.7804 0.7804  #diffuseColor
		transparency      0.0000                #transparency
	} #Material

	IndexedFaceSet {
		coordIndex [ 
		 0, 1, 2, 3,-1,
		 3, 2, 1, 0,-1,
		 0, 3, 7, 4,-1,
		 4, 7, 3, 0,-1,
		 1, 0, 4, 5,-1,
		 5, 4, 0, 1,-1,
		 2, 1, 5, 6,-1,
		 6, 5, 1, 2,-1,
		 3, 2, 6, 7,-1,
		 7, 6, 2, 3,-1,
		 7, 6, 5, 4,-1,
		 4, 5, 6, 7,-1,
		]
	} #IndexedFaceSet
} #Polyhedron
Separator { #Polyhedron
	DEF COORD104 Coordinate3 {
		point [
		 -0.2558 0.4318 -5.5404,
		 -0.1678 0.4826 -5.4896,
		 -0.1678 1.2446 -5.4896,
		 -0.2118 1.3208 -5.5150,
		 -0.2778 1.3462 -5.5531,
		 -0.7618 1.3462 -5.8325,
		 -0.8278 1.3208 -5.8706,
		 -0.8717 1.2446 -5.8960,
		 -0.8717 0.4826 -5.8960,
		 -0.7838 0.4318 -5.8452,
		 -0.3066 0.4318 -5.4524,
		 -0.2186 0.4826 -5.4016,
		 -0.2186 1.2446 -5.4016,
		 -0.2626 1.3208 -5.4270,
		 -0.3286 1.3462 -5.4651,
		 -0.8126 1.3462 -5.7445,
		 -0.8786 1.3208 -5.7826,
		 -0.9225 1.2446 -5.8080,
		 -0.9225 0.4826 -5.8080,
		 -0.8346 0.4318 -5.7572,
		 -0.1678 0.5715 -5.4896,
		 -0.8717 0.5715 -5.8960,
		 -0.8303 0.4318 -5.7645,
		 -0.3024 0.4318 -5.4597,
		 -0.1975 0.4826 -5.4383,
		 -0.9014 0.4826 -5.8446,
		 -0.1898 1.2827 -5.5023,
		 -0.8498 1.2827 -5.8833,
		 -0.2245 1.3208 -5.4930,
		 -0.2990 1.3462 -5.5164,
		 -0.7829 1.3462 -5.7958,
		 -0.8405 1.3208 -5.8486
		]
	} #Coordinate3
	Material {
		ambientColor      0.1951 0.1951 0.1951  #ambientColor
		diffuseColor      0.7804 0.7804 0.7804  #diffuseColor
		transparency      0.0000                #transparency
	} #Material

	IndexedFaceSet {
		coordIndex [ 
		 20, 2, 26, 27, 7, 21,-1,
		 21, 7, 27, 26, 2, 20,-1,
		 22, 19, 10, 23,-1,
		 23, 10, 19, 22,-1,
		 23, 10, 11, 24,-1,
		 24, 11, 10, 23,-1,
		 2, 20, 24, 11, 12,-1,
		 12, 11, 24, 20, 2,-1,
		 26, 2, 12, 13, 28,-1,
		 28, 13, 12, 2, 26,-1,
		 28, 13, 14, 29,-1,
		 29, 14, 13, 28,-1,
		 29, 14, 15, 30,-1,
		 30, 15, 14, 29,-1,
		 30, 15, 16, 31,-1,
		 31, 16, 15, 30,-1,
		 7, 27, 31, 16, 17,-1,
		 17, 16, 31, 27, 7,-1,
		 21, 7, 17, 18, 25,-1,
		 25, 18, 17, 7, 21,-1,
		 25, 18, 19, 22,-1,
		 22, 19, 18, 25,-1,
		 19, 18, 17, 16, 15, 14, 13, 12, 11, 10,-1,
		 10, 11, 12, 13, 14, 15, 16, 17, 18, 19,-1,
		 20, 21, 25, 22, 23, 24,-1,
		 24, 23, 22, 25, 21, 20,-1,
		 27, 26, 28, 29, 30, 31,-1,
		 31, 30, 29, 28, 26, 27,-1,
		]
	} #IndexedFaceSet
} #Polyhedron
Separator { #Polyhedron
	DEF COORD105 Coordinate3 {
		point [
		 -0.7230 0.5842 -5.3408,
		 -0.7899 0.5740 -5.5906,
		 -0.4732 0.5740 -5.4078,
		 -0.6256 0.5740 -5.1438,
		 -0.7088 0.5740 -5.1215,
		 -0.9200 0.5740 -5.2434,
		 -0.9423 0.5740 -5.3267,
		 -0.8122 0.5639 -5.6739,
		 -0.3899 0.5639 -5.4301,
		 -0.5931 0.5639 -5.0781,
		 -0.7041 0.5639 -5.0484,
		 -0.9857 0.5639 -5.2109,
		 -1.0154 0.5639 -5.3219,
		 -0.8252 0.5537 -5.7224,
		 -0.3414 0.5537 -5.4431,
		 -0.5742 0.5537 -5.0399,
		 -0.7014 0.5537 -5.0058,
		 -1.0239 0.5537 -5.1920,
		 -1.0580 0.5537 -5.3192,
		 -0.8323 0.5436 -5.7488,
		 -0.3150 0.5436 -5.4501,
		 -0.5639 0.5436 -5.0191,
		 -0.6999 0.5436 -4.9826,
		 -1.0447 0.5436 -5.1817,
		 -1.0812 0.5436 -5.3177,
		 -0.8346 0.5334 -5.7572,
		 -0.3066 0.5334 -5.4524,
		 -0.5606 0.5334 -5.0124,
		 -0.6994 0.5334 -4.9753,
		 -1.0514 0.5334 -5.1784,
		 -1.0885 0.5334 -5.3172
		]
	} #Coordinate3
	Material {
		ambientColor      0.1324 0.1324 0.1324  #ambientColor
		diffuseColor      0.5294 0.5294 0.5294  #diffuseColor
		transparency      0.0000                #transparency
	} #Material

	IndexedFaceSet {
		coordIndex [ 
		 0, 6, 1,-1,
		 1, 6, 0,-1,
		 0, 1, 2,-1,
		 2, 1, 0,-1,
		 0, 2, 3,-1,
		 3, 2, 0,-1,
		 0, 3, 4,-1,
		 4, 3, 0,-1,
		 0, 4, 5,-1,
		 5, 4, 0,-1,
		 0, 5, 6,-1,
		 6, 5, 0,-1,
		 1, 6, 12, 7,-1,
		 7, 12, 6, 1,-1,
		 2, 1, 7, 8,-1,
		 8, 7, 1, 2,-1,
		 3, 2, 8, 9,-1,
		 9, 8, 2, 3,-1,
		 4, 3, 9, 10,-1,
		 10, 9, 3, 4,-1,
		 5, 4, 10, 11,-1,
		 11, 10, 4, 5,-1,
		 6, 5, 11, 12,-1,
		 12, 11, 5, 6,-1,
		 7, 12, 18, 13,-1,
		 13, 18, 12, 7,-1,
		 8, 7, 13, 14,-1,
		 14, 13, 7, 8,-1,
		 9, 8, 14, 15,-1,
		 15, 14, 8, 9,-1,
		 10, 9, 15, 16,-1,
		 16, 15, 9, 10,-1,
		 11, 10, 16, 17,-1,
		 17, 16, 10, 11,-1,
		 12, 11, 17, 18,-1,
		 18, 17, 11, 12,-1,
		 13, 18, 24, 19,-1,
		 19, 24, 18, 13,-1,
		 14, 13, 19, 20,-1,
		 20, 19, 13, 14,-1,
		 15, 14, 20, 21,-1,
		 21, 20, 14, 15,-1,
		 16, 15, 21, 22,-1,
		 22, 21, 15, 16,-1,
		 17, 16, 22, 23,-1,
		 23, 22, 16, 17,-1,
		 18, 17, 23, 24,-1,
		 24, 23, 17, 18,-1,
		 19, 24, 30, 25,-1,
		 25, 30, 24, 19,-1,
		 20, 19, 25, 26,-1,
		 26, 25, 19, 20,-1,
		 21, 20, 26, 27,-1,
		 27, 26, 20, 21,-1,
		 22, 21, 27, 28,-1,
		 28, 27, 21, 22,-1,
		 23, 22, 28, 29,-1,
		 29, 28, 22, 23,-1,
		 24, 23, 29, 30,-1,
		 30, 29, 23, 24,-1,
		 30, 29, 28, 27, 26, 25,-1,
		 25, 26, 27, 28, 29, 30,-1,
		]
	} #IndexedFaceSet
} #Polyhedron
Separator { #Polyhedron
	DEF COORD106 Coordinate3 {
		point [
		 -1.0055 0.9144 -5.5626,
		 -0.9557 0.9042 -5.7098,
		 -0.9030 0.9042 -5.6794,
		 -1.0553 0.9042 -5.4154,
		 -1.1081 0.9042 -5.4459,
		 -0.9391 0.8941 -5.7589,
		 -0.8688 0.8941 -5.7183,
		 -1.0719 0.8941 -5.3663,
		 -1.1423 0.8941 -5.4069,
		 -0.9295 0.8839 -5.7875,
		 -0.8488 0.8839 -5.7409,
		 -1.0816 0.8839 -5.3377,
		 -1.1623 0.8839 -5.3843,
		 -0.9242 0.8738 -5.8030,
		 -0.8380 0.8738 -5.7532,
		 -1.0869 0.8738 -5.3222,
		 -1.1731 0.8738 -5.3720,
		 -0.9226 0.8636 -5.8080,
		 -0.8346 0.8636 -5.7572,
		 -1.0885 0.8636 -5.3172,
		 -1.1765 0.8636 -5.3680
		]
	} #Coordinate3
	Material {
		ambientColor      0.1324 0.1324 0.1324  #ambientColor
		diffuseColor      0.5294 0.5294 0.5294  #diffuseColor
		transparency      0.0000                #transparency
	} #Material

	IndexedFaceSet {
		coordIndex [ 
		 0, 4, 1,-1,
		 1, 4, 0,-1,
		 0, 1, 2,-1,
		 2, 1, 0,-1,
		 0, 2, 3,-1,
		 3, 2, 0,-1,
		 0, 3, 4,-1,
		 4, 3, 0,-1,
		 1, 4, 8, 5,-1,
		 5, 8, 4, 1,-1,
		 2, 1, 5, 6,-1,
		 6, 5, 1, 2,-1,
		 3, 2, 6, 7,-1,
		 7, 6, 2, 3,-1,
		 4, 3, 7, 8,-1,
		 8, 7, 3, 4,-1,
		 5, 8, 12, 9,-1,
		 9, 12, 8, 5,-1,
		 6, 5, 9, 10,-1,
		 10, 9, 5, 6,-1,
		 7, 6, 10, 11,-1,
		 11, 10, 6, 7,-1,
		 8, 7, 11, 12,-1,
		 12, 11, 7, 8,-1,
		 9, 12, 16, 13,-1,
		 13, 16, 12, 9,-1,
		 10, 9, 13, 14,-1,
		 14, 13, 9, 10,-1,
		 11, 10, 14, 15,-1,
		 15, 14, 10, 11,-1,
		 12, 11, 15, 16,-1,
		 16, 15, 11, 12,-1,
		 13, 16, 20, 17,-1,
		 17, 20, 16, 13,-1,
		 14, 13, 17, 18,-1,
		 18, 17, 13, 14,-1,
		 15, 14, 18, 19,-1,
		 19, 18, 14, 15,-1,
		 16, 15, 19, 20,-1,
		 20, 19, 15, 16,-1,
		 20, 19, 18, 17,-1,
		 17, 18, 19, 20,-1,
		]
	} #IndexedFaceSet
} #Polyhedron
Separator { #Polyhedron
	DEF COORD107 Coordinate3 {
		point [
		 -0.3896 0.9144 -5.2070,
		 -0.2870 0.9042 -5.3238,
		 -0.4394 0.9042 -5.0598,
		 -0.4922 0.9042 -5.0903,
		 -0.3398 0.9042 -5.3542,
		 -0.2528 0.8941 -5.3627,
		 -0.4560 0.8941 -5.0107,
		 -0.5264 0.8941 -5.0514,
		 -0.3232 0.8941 -5.4033,
		 -0.2329 0.8839 -5.3853,
		 -0.4657 0.8839 -4.9821,
		 -0.5463 0.8839 -5.0287,
		 -0.3136 0.8839 -5.4319,
		 -0.2221 0.8738 -5.3977,
		 -0.4709 0.8738 -4.9666,
		 -0.5572 0.8738 -5.0164,
		 -0.3083 0.8738 -5.4474,
		 -0.2186 0.8636 -5.4016,
		 -0.4726 0.8636 -4.9616,
		 -0.5606 0.8636 -5.0124,
		 -0.3066 0.8636 -5.4524
		]
	} #Coordinate3
	Material {
		ambientColor      0.1324 0.1324 0.1324  #ambientColor
		diffuseColor      0.5294 0.5294 0.5294  #diffuseColor
		transparency      0.0000                #transparency
	} #Material

	IndexedFaceSet {
		coordIndex [ 
		 0, 4, 1,-1,
		 1, 4, 0,-1,
		 0, 1, 2,-1,
		 2, 1, 0,-1,
		 0, 2, 3,-1,
		 3, 2, 0,-1,
		 0, 3, 4,-1,
		 4, 3, 0,-1,
		 1, 4, 8, 5,-1,
		 5, 8, 4, 1,-1,
		 2, 1, 5, 6,-1,
		 6, 5, 1, 2,-1,
		 3, 2, 6, 7,-1,
		 7, 6, 2, 3,-1,
		 4, 3, 7, 8,-1,
		 8, 7, 3, 4,-1,
		 5, 8, 12, 9,-1,
		 9, 12, 8, 5,-1,
		 6, 5, 9, 10,-1,
		 10, 9, 5, 6,-1,
		 7, 6, 10, 11,-1,
		 11, 10, 6, 7,-1,
		 8, 7, 11, 12,-1,
		 12, 11, 7, 8,-1,
		 9, 12, 16, 13,-1,
		 13, 16, 12, 9,-1,
		 10, 9, 13, 14,-1,
		 14, 13, 9, 10,-1,
		 11, 10, 14, 15,-1,
		 15, 14, 10, 11,-1,
		 12, 11, 15, 16,-1,
		 16, 15, 11, 12,-1,
		 13, 16, 20, 17,-1,
		 17, 20, 16, 13,-1,
		 14, 13, 17, 18,-1,
		 18, 17, 13, 14,-1,
		 15, 14, 18, 19,-1,
		 19, 18, 14, 15,-1,
		 16, 15, 19, 20,-1,
		 20, 19, 15, 16,-1,
		 20, 19, 18, 17,-1,
		 17, 18, 19, 20,-1,
		]
	} #IndexedFaceSet
} #Polyhedron
Separator { #Polyhedron
	DEF COORD108 Coordinate3 {
		point [
		 -0.3066 0.4318 -5.4524,
		 -0.2186 0.4826 -5.4016,
		 -0.2186 1.2446 -5.4016,
		 -0.2626 1.3208 -5.4270,
		 -0.3286 1.3462 -5.4651,
		 -0.8126 1.3462 -5.7445,
		 -0.8786 1.3208 -5.7826,
		 -0.9225 1.2446 -5.8080,
		 -0.9225 0.4826 -5.8080,
		 -0.8346 0.4318 -5.7572,
		 -0.3170 0.4374 -5.4467,
		 -0.2308 0.4872 -5.3969,
		 -0.2308 1.2338 -5.3969,
		 -0.2739 1.3085 -5.4218,
		 -0.3386 1.3334 -5.4591,
		 -0.8127 1.3334 -5.7329,
		 -0.8774 1.3085 -5.7702,
		 -0.9205 1.2338 -5.7951,
		 -0.9205 0.4872 -5.7951,
		 -0.8343 0.4374 -5.7453,
		 -0.3388 0.4551 -5.4475,
		 -0.2582 0.5017 -5.4010,
		 -0.2582 1.2001 -5.4010,
		 -0.2985 1.2699 -5.4242,
		 -0.3590 1.2932 -5.4592,
		 -0.8025 1.2932 -5.7152,
		 -0.8630 1.2699 -5.7501,
		 -0.9033 1.2001 -5.7734,
		 -0.9033 0.5017 -5.7734,
		 -0.8227 0.4551 -5.7269,
		 -0.3747 0.4877 -5.4565,
		 -0.3043 0.5283 -5.4158,
		 -0.3043 1.1379 -5.4158,
		 -0.3395 1.1989 -5.4362,
		 -0.3923 1.2192 -5.4666,
		 -0.7794 1.2192 -5.6901,
		 -0.8322 1.1989 -5.7206,
		 -0.8674 1.1379 -5.7409,
		 -0.8674 0.5283 -5.7409,
		 -0.7970 0.4877 -5.7003,
		 -0.4325 0.5436 -5.4782,
		 -0.3797 0.5740 -5.4477,
		 -0.3797 1.0312 -5.4477,
		 -0.4061 1.0770 -5.4629,
		 -0.4457 1.0922 -5.4858,
		 -0.7361 1.0922 -5.6534,
		 -0.7757 1.0770 -5.6763,
		 -0.8021 1.0312 -5.6915,
		 -0.8021 0.5740 -5.6915,
		 -0.7493 0.5436 -5.6610,
		 -0.5960 0.7112 -5.5608
		]
	} #Coordinate3
	Material {
		ambientColor      0.1324 0.1324 0.1324  #ambientColor
		diffuseColor      0.5294 0.5294 0.5294  #diffuseColor
		transparency      0.0000                #transparency
	} #Material

	Texture2 {
		filename ""  #filename
		wrapS REPEAT 
		wrapT REPEAT 
	} #Texture2

	IndexedFaceSet {
		coordIndex [ 
		 0, 1, 2, 3, 4, 5, 6, 7, 8, 9,-1,
		 9, 8, 7, 6, 5, 4, 3, 2, 1, 0,-1,
		 0, 9, 19, 10,-1,
		 10, 19, 9, 0,-1,
		 1, 0, 10, 11,-1,
		 11, 10, 0, 1,-1,
		 2, 1, 11, 12,-1,
		 12, 11, 1, 2,-1,
		 3, 2, 12, 13,-1,
		 13, 12, 2, 3,-1,
		 4, 3, 13, 14,-1,
		 14, 13, 3, 4,-1,
		 5, 4, 14, 15,-1,
		 15, 14, 4, 5,-1,
		 6, 5, 15, 16,-1,
		 16, 15, 5, 6,-1,
		 7, 6, 16, 17,-1,
		 17, 16, 6, 7,-1,
		 8, 7, 17, 18,-1,
		 18, 17, 7, 8,-1,
		 9, 8, 18, 19,-1,
		 19, 18, 8, 9,-1,
		 10, 19, 29, 20,-1,
		 20, 29, 19, 10,-1,
		 11, 10, 20, 21,-1,
		 21, 20, 10, 11,-1,
		 12, 11, 21, 22,-1,
		 22, 21, 11, 12,-1,
		 13, 12, 22, 23,-1,
		 23, 22, 12, 13,-1,
		 14, 13, 23, 24,-1,
		 24, 23, 13, 14,-1,
		 15, 14, 24, 25,-1,
		 25, 24, 14, 15,-1,
		 16, 15, 25, 26,-1,
		 26, 25, 15, 16,-1,
		 17, 16, 26, 27,-1,
		 27, 26, 16, 17,-1,
		 18, 17, 27, 28,-1,
		 28, 27, 17, 18,-1,
		 19, 18, 28, 29,-1,
		 29, 28, 18, 19,-1,
		 20, 29, 39, 30,-1,
		 30, 39, 29, 20,-1,
		 21, 20, 30, 31,-1,
		 31, 30, 20, 21,-1,
		 22, 21, 31, 32,-1,
		 32, 31, 21, 22,-1,
		 23, 22, 32, 33,-1,
		 33, 32, 22, 23,-1,
		 24, 23, 33, 34,-1,
		 34, 33, 23, 24,-1,
		 25, 24, 34, 35,-1,
		 35, 34, 24, 25,-1,
		 26, 25, 35, 36,-1,
		 36, 35, 25, 26,-1,
		 27, 26, 36, 37,-1,
		 37, 36, 26, 27,-1,
		 28, 27, 37, 38,-1,
		 38, 37, 27, 28,-1,
		 29, 28, 38, 39,-1,
		 39, 38, 28, 29,-1,
		 30, 39, 49, 40,-1,
		 40, 49, 39, 30,-1,
		 31, 30, 40, 41,-1,
		 41, 40, 30, 31,-1,
		 32, 31, 41, 42,-1,
		 42, 41, 31, 32,-1,
		 33, 32, 42, 43,-1,
		 43, 42, 32, 33,-1,
		 34, 33, 43, 44,-1,
		 44, 43, 33, 34,-1,
		 35, 34, 44, 45,-1,
		 45, 44, 34, 35,-1,
		 36, 35, 45, 46,-1,
		 46, 45, 35, 36,-1,
		 37, 36, 46, 47,-1,
		 47, 46, 36, 37,-1,
		 38, 37, 47, 48,-1,
		 48, 47, 37, 38,-1,
		 39, 38, 48, 49,-1,
		 49, 48, 38, 39,-1,
		 40, 49, 50,-1,
		 50, 49, 40,-1,
		 41, 40, 50,-1,
		 50, 40, 41,-1,
		 42, 41, 50,-1,
		 50, 41, 42,-1,
		 43, 42, 50,-1,
		 50, 42, 43,-1,
		 44, 43, 50,-1,
		 50, 43, 44,-1,
		 45, 44, 50,-1,
		 50, 44, 45,-1,
		 46, 45, 50,-1,
		 50, 45, 46,-1,
		 47, 46, 50,-1,
		 50, 46, 47,-1,
		 48, 47, 50,-1,
		 50, 47, 48,-1,
		 49, 48, 50,-1,
		 50, 48, 49,-1,
		]
	} #IndexedFaceSet
} #Polyhedron
Separator { #Polyhedron
	DEF COORD109 Coordinate3 {
		point [
		 -1.8031 0.3048 -2.9044,
		 -1.8009 0.3048 -2.9297,
		 -1.7756 0.3048 -2.9275,
		 -1.7778 0.3048 -2.9021,
		 -1.8031 0.0000 -2.9044,
		 -1.8009 0.0000 -2.9297,
		 -1.7756 0.0000 -2.9275,
		 -1.7778 0.0000 -2.9021
		]
	} #Coordinate3
	Material {
		ambientColor      0.1951 0.1951 0.1951  #ambientColor
		diffuseColor      0.7804 0.7804 0.7804  #diffuseColor
		transparency      0.0000                #transparency
	} #Material

	IndexedFaceSet {
		coordIndex [ 
		 0, 1, 2, 3,-1,
		 3, 2, 1, 0,-1,
		 0, 3, 7, 4,-1,
		 4, 7, 3, 0,-1,
		 1, 0, 4, 5,-1,
		 5, 4, 0, 1,-1,
		 2, 1, 5, 6,-1,
		 6, 5, 1, 2,-1,
		 3, 2, 6, 7,-1,
		 7, 6, 2, 3,-1,
		 7, 6, 5, 4,-1,
		 4, 5, 6, 7,-1,
		]
	} #IndexedFaceSet
} #Polyhedron
Separator { #Polyhedron
	DEF COORD110 Coordinate3 {
		point [
		 -2.1827 0.3048 -2.9376,
		 -2.1805 0.3048 -2.9629,
		 -2.1552 0.3048 -2.9607,
		 -2.1574 0.3048 -2.9354,
		 -2.1827 0.0000 -2.9376,
		 -2.1805 0.0000 -2.9629,
		 -2.1552 0.0000 -2.9607,
		 -2.1574 0.0000 -2.9354
		]
	} #Coordinate3
	Material {
		ambientColor      0.1951 0.1951 0.1951  #ambientColor
		diffuseColor      0.7804 0.7804 0.7804  #diffuseColor
		transparency      0.0000                #transparency
	} #Material

	IndexedFaceSet {
		coordIndex [ 
		 0, 1, 2, 3,-1,
		 3, 2, 1, 0,-1,
		 0, 3, 7, 4,-1,
		 4, 7, 3, 0,-1,
		 1, 0, 4, 5,-1,
		 5, 4, 0, 1,-1,
		 2, 1, 5, 6,-1,
		 6, 5, 1, 2,-1,
		 3, 2, 6, 7,-1,
		 7, 6, 2, 3,-1,
		 7, 6, 5, 4,-1,
		 4, 5, 6, 7,-1,
		]
	} #IndexedFaceSet
} #Polyhedron
Separator { #Polyhedron
	DEF COORD111 Coordinate3 {
		point [
		 -2.1220 0.3048 -3.3402,
		 -2.1242 0.3048 -3.3149,
		 -2.1495 0.3048 -3.3171,
		 -2.1473 0.3048 -3.3424,
		 -2.1220 0.0000 -3.3402,
		 -2.1242 0.0000 -3.3149,
		 -2.1495 0.0000 -3.3171,
		 -2.1473 0.0000 -3.3424
		]
	} #Coordinate3
	Material {
		ambientColor      0.1951 0.1951 0.1951  #ambientColor
		diffuseColor      0.7804 0.7804 0.7804  #diffuseColor
		transparency      0.0000                #transparency
	} #Material

	IndexedFaceSet {
		coordIndex [ 
		 0, 1, 2, 3,-1,
		 3, 2, 1, 0,-1,
		 0, 3, 7, 4,-1,
		 4, 7, 3, 0,-1,
		 1, 0, 4, 5,-1,
		 5, 4, 0, 1,-1,
		 2, 1, 5, 6,-1,
		 6, 5, 1, 2,-1,
		 3, 2, 6, 7,-1,
		 7, 6, 2, 3,-1,
		 7, 6, 5, 4,-1,
		 4, 5, 6, 7,-1,
		]
	} #IndexedFaceSet
} #Polyhedron
Separator { #Polyhedron
	DEF COORD112 Coordinate3 {
		point [
		 -1.7424 0.3048 -3.3070,
		 -1.7446 0.3048 -3.2817,
		 -1.7699 0.3048 -3.2839,
		 -1.7677 0.3048 -3.3092,
		 -1.7424 0.0000 -3.3070,
		 -1.7446 0.0000 -3.2817,
		 -1.7699 0.0000 -3.2839,
		 -1.7677 0.0000 -3.3092
		]
	} #Coordinate3
	Material {
		ambientColor      0.1951 0.1951 0.1951  #ambientColor
		diffuseColor      0.7804 0.7804 0.7804  #diffuseColor
		transparency      0.0000                #transparency
	} #Material

	IndexedFaceSet {
		coordIndex [ 
		 0, 1, 2, 3,-1,
		 3, 2, 1, 0,-1,
		 0, 3, 7, 4,-1,
		 4, 7, 3, 0,-1,
		 1, 0, 4, 5,-1,
		 5, 4, 0, 1,-1,
		 2, 1, 5, 6,-1,
		 6, 5, 1, 2,-1,
		 3, 2, 6, 7,-1,
		 7, 6, 2, 3,-1,
		 7, 6, 5, 4,-1,
		 4, 5, 6, 7,-1,
		]
	} #IndexedFaceSet
} #Polyhedron
Separator { #Polyhedron
	DEF COORD113 Coordinate3 {
		point [
		 -2.2102 0.3302 -2.9145,
		 -2.1703 0.3302 -3.3699,
		 -1.7149 0.3302 -3.3301,
		 -1.7547 0.3302 -2.8746,
		 -2.2102 0.3048 -2.9145,
		 -2.1703 0.3048 -3.3699,
		 -1.7149 0.3048 -3.3301,
		 -1.7547 0.3048 -2.8746
		]
	} #Coordinate3
	Material {
		ambientColor      0.1951 0.1951 0.1951  #ambientColor
		diffuseColor      0.7804 0.7804 0.7804  #diffuseColor
		transparency      0.0000                #transparency
	} #Material

	IndexedFaceSet {
		coordIndex [ 
		 0, 1, 2, 3,-1,
		 3, 2, 1, 0,-1,
		 0, 3, 7, 4,-1,
		 4, 7, 3, 0,-1,
		 1, 0, 4, 5,-1,
		 5, 4, 0, 1,-1,
		 2, 1, 5, 6,-1,
		 6, 5, 1, 2,-1,
		 3, 2, 6, 7,-1,
		 7, 6, 2, 3,-1,
		 7, 6, 5, 4,-1,
		 4, 5, 6, 7,-1,
		]
	} #IndexedFaceSet
} #Polyhedron
Separator { #Polyhedron
	DEF COORD114 Coordinate3 {
		point [
		 -1.7446 0.5080 -3.2817,
		 -1.7468 0.5080 -3.2564,
		 -1.7721 0.5080 -3.2586,
		 -1.7699 0.5080 -3.2839,
		 -1.7446 0.3302 -3.2817,
		 -1.7468 0.3302 -3.2564,
		 -1.7721 0.3302 -3.2586,
		 -1.7699 0.3302 -3.2839
		]
	} #Coordinate3
	Material {
		ambientColor      0.1951 0.1951 0.1951  #ambientColor
		diffuseColor      0.7804 0.7804 0.7804  #diffuseColor
		transparency      0.0000                #transparency
	} #Material

	IndexedFaceSet {
		coordIndex [ 
		 0, 1, 2, 3,-1,
		 3, 2, 1, 0,-1,
		 0, 3, 7, 4,-1,
		 4, 7, 3, 0,-1,
		 1, 0, 4, 5,-1,
		 5, 4, 0, 1,-1,
		 2, 1, 5, 6,-1,
		 6, 5, 1, 2,-1,
		 3, 2, 6, 7,-1,
		 7, 6, 2, 3,-1,
		 7, 6, 5, 4,-1,
		 4, 5, 6, 7,-1,
		]
	} #IndexedFaceSet
} #Polyhedron
Separator { #Polyhedron
	DEF COORD115 Coordinate3 {
		point [
		 -2.1242 0.5080 -3.3149,
		 -2.1264 0.5080 -3.2896,
		 -2.1517 0.5080 -3.2918,
		 -2.1495 0.5080 -3.3171,
		 -2.1242 0.3302 -3.3149,
		 -2.1264 0.3302 -3.2896,
		 -2.1517 0.3302 -3.2918,
		 -2.1495 0.3302 -3.3171
		]
	} #Coordinate3
	Material {
		ambientColor      0.1951 0.1951 0.1951  #ambientColor
		diffuseColor      0.7804 0.7804 0.7804  #diffuseColor
		transparency      0.0000                #transparency
	} #Material

	IndexedFaceSet {
		coordIndex [ 
		 0, 1, 2, 3,-1,
		 3, 2, 1, 0,-1,
		 0, 3, 7, 4,-1,
		 4, 7, 3, 0,-1,
		 1, 0, 4, 5,-1,
		 5, 4, 0, 1,-1,
		 2, 1, 5, 6,-1,
		 6, 5, 1, 2,-1,
		 3, 2, 6, 7,-1,
		 7, 6, 2, 3,-1,
		 7, 6, 5, 4,-1,
		 4, 5, 6, 7,-1,
		]
	} #IndexedFaceSet
} #Polyhedron
Separator { #Polyhedron
	DEF COORD116 Coordinate3 {
		point [
		 -2.1827 0.6858 -2.9376,
		 -2.1805 0.6858 -2.9629,
		 -1.7756 0.6858 -2.9275,
		 -1.7778 0.6858 -2.9021,
		 -2.1827 0.3302 -2.9376,
		 -2.1805 0.3302 -2.9629,
		 -1.7756 0.3302 -2.9275,
		 -1.7778 0.3302 -2.9021
		]
	} #Coordinate3
	Material {
		ambientColor      0.1951 0.1951 0.1951  #ambientColor
		diffuseColor      0.7804 0.7804 0.7804  #diffuseColor
		transparency      0.0000                #transparency
	} #Material

	IndexedFaceSet {
		coordIndex [ 
		 0, 1, 2, 3,-1,
		 3, 2, 1, 0,-1,
		 0, 3, 7, 4,-1,
		 4, 7, 3, 0,-1,
		 1, 0, 4, 5,-1,
		 5, 4, 0, 1,-1,
		 2, 1, 5, 6,-1,
		 6, 5, 1, 2,-1,
		 3, 2, 6, 7,-1,
		 7, 6, 2, 3,-1,
		 7, 6, 5, 4,-1,
		 4, 5, 6, 7,-1,
		]
	} #IndexedFaceSet
} #Polyhedron
Separator { #Polyhedron
	DEF COORD117 Coordinate3 {
		point [
		 -1.8009 0.5334 -2.9297,
		 -1.7677 0.5334 -3.3092,
		 -1.7424 0.5334 -3.3070,
		 -1.7756 0.5334 -2.9275,
		 -1.8009 0.5080 -2.9297,
		 -1.7677 0.5080 -3.3092,
		 -1.7424 0.5080 -3.3070,
		 -1.7756 0.5080 -2.9275
		]
	} #Coordinate3
	Material {
		ambientColor      0.1951 0.1951 0.1951  #ambientColor
		diffuseColor      0.7804 0.7804 0.7804  #diffuseColor
		transparency      0.0000                #transparency
	} #Material

	IndexedFaceSet {
		coordIndex [ 
		 0, 1, 2, 3,-1,
		 3, 2, 1, 0,-1,
		 0, 3, 7, 4,-1,
		 4, 7, 3, 0,-1,
		 1, 0, 4, 5,-1,
		 5, 4, 0, 1,-1,
		 2, 1, 5, 6,-1,
		 6, 5, 1, 2,-1,
		 3, 2, 6, 7,-1,
		 7, 6, 2, 3,-1,
		 7, 6, 5, 4,-1,
		 4, 5, 6, 7,-1,
		]
	} #IndexedFaceSet
} #Polyhedron
Separator { #Polyhedron
	DEF COORD118 Coordinate3 {
		point [
		 -2.1805 0.5334 -2.9629,
		 -2.1473 0.5334 -3.3424,
		 -2.1220 0.5334 -3.3402,
		 -2.1552 0.5334 -2.9607,
		 -2.1805 0.5080 -2.9629,
		 -2.1473 0.5080 -3.3424,
		 -2.1220 0.5080 -3.3402,
		 -2.1552 0.5080 -2.9607
		]
	} #Coordinate3
	Material {
		ambientColor      0.1951 0.1951 0.1951  #ambientColor
		diffuseColor      0.7804 0.7804 0.7804  #diffuseColor
		transparency      0.0000                #transparency
	} #Material

	IndexedFaceSet {
		coordIndex [ 
		 0, 1, 2, 3,-1,
		 3, 2, 1, 0,-1,
		 0, 3, 7, 4,-1,
		 4, 7, 3, 0,-1,
		 1, 0, 4, 5,-1,
		 5, 4, 0, 1,-1,
		 2, 1, 5, 6,-1,
		 6, 5, 1, 2,-1,
		 3, 2, 6, 7,-1,
		 7, 6, 2, 3,-1,
		 7, 6, 5, 4,-1,
		 4, 5, 6, 7,-1,
		]
	} #IndexedFaceSet
} #Polyhedron
Separator { #Polyhedron
	DEF COORD119 Coordinate3 {
		point [
		 -1.9614 0.3556 -3.1349,
		 -2.0777 0.3505 -3.0304,
		 -2.0577 0.3505 -3.2581,
		 -1.8452 0.3505 -3.2395,
		 -1.8651 0.3505 -3.0118,
		 -2.1164 0.3454 -2.9955,
		 -2.0899 0.3454 -3.2992,
		 -1.8065 0.3454 -3.2744,
		 -1.8330 0.3454 -2.9707,
		 -2.1390 0.3404 -2.9752,
		 -2.1086 0.3404 -3.3231,
		 -1.7839 0.3404 -3.2947,
		 -1.8143 0.3404 -2.9468,
		 -2.1512 0.3353 -2.9642,
		 -2.1187 0.3353 -3.3361,
		 -1.7716 0.3353 -3.3057,
		 -1.8042 0.3353 -2.9338,
		 -2.1552 0.3302 -2.9607,
		 -2.1220 0.3302 -3.3402,
		 -1.7677 0.3302 -3.3092,
		 -1.8009 0.3302 -2.9297
		]
	} #Coordinate3
	Material {
		ambientColor      0.1324 0.1324 0.1324  #ambientColor
		diffuseColor      0.5294 0.5294 0.5294  #diffuseColor
		transparency      0.0000                #transparency
	} #Material

	IndexedFaceSet {
		coordIndex [ 
		 0, 4, 1,-1,
		 1, 4, 0,-1,
		 0, 1, 2,-1,
		 2, 1, 0,-1,
		 0, 2, 3,-1,
		 3, 2, 0,-1,
		 0, 3, 4,-1,
		 4, 3, 0,-1,
		 1, 4, 8, 5,-1,
		 5, 8, 4, 1,-1,
		 2, 1, 5, 6,-1,
		 6, 5, 1, 2,-1,
		 3, 2, 6, 7,-1,
		 7, 6, 2, 3,-1,
		 4, 3, 7, 8,-1,
		 8, 7, 3, 4,-1,
		 5, 8, 12, 9,-1,
		 9, 12, 8, 5,-1,
		 6, 5, 9, 10,-1,
		 10, 9, 5, 6,-1,
		 7, 6, 10, 11,-1,
		 11, 10, 6, 7,-1,
		 8, 7, 11, 12,-1,
		 12, 11, 7, 8,-1,
		 9, 12, 16, 13,-1,
		 13, 16, 12, 9,-1,
		 10, 9, 13, 14,-1,
		 14, 13, 9, 10,-1,
		 11, 10, 14, 15,-1,
		 15, 14, 10, 11,-1,
		 12, 11, 15, 16,-1,
		 16, 15, 11, 12,-1,
		 13, 16, 20, 17,-1,
		 17, 20, 16, 13,-1,
		 14, 13, 17, 18,-1,
		 18, 17, 13, 14,-1,
		 15, 14, 18, 19,-1,
		 19, 18, 14, 15,-1,
		 16, 15, 19, 20,-1,
		 20, 19, 15, 16,-1,
		 20, 19, 18, 17,-1,
		 17, 18, 19, 20,-1,
		]
	} #IndexedFaceSet
} #Polyhedron
Separator { #Polyhedron
	DEF COORD120 Coordinate3 {
		point [
		 -2.1512 0.5461 -3.1515,
		 -2.1688 0.5436 -3.0383,
		 -2.1488 0.5436 -3.2661,
		 -2.1337 0.5436 -3.2648,
		 -2.1536 0.5436 -3.0370,
		 -2.1746 0.5410 -3.0006,
		 -2.1480 0.5410 -3.3042,
		 -2.1278 0.5410 -3.3025,
		 -2.1544 0.5410 -2.9988,
		 -2.1780 0.5385 -2.9786,
		 -2.1476 0.5385 -3.3265,
		 -2.1244 0.5385 -3.3245,
		 -2.1548 0.5385 -2.9766,
		 -2.1799 0.5359 -2.9667,
		 -2.1473 0.5359 -3.3386,
		 -2.1225 0.5359 -3.3364,
		 -2.1551 0.5359 -2.9645,
		 -2.1805 0.5334 -2.9629,
		 -2.1473 0.5334 -3.3424,
		 -2.1220 0.5334 -3.3402,
		 -2.1552 0.5334 -2.9607
		]
	} #Coordinate3
	Material {
		ambientColor      0.1324 0.1324 0.1324  #ambientColor
		diffuseColor      0.5294 0.5294 0.5294  #diffuseColor
		transparency      0.0000                #transparency
	} #Material

	IndexedFaceSet {
		coordIndex [ 
		 0, 4, 1,-1,
		 1, 4, 0,-1,
		 0, 1, 2,-1,
		 2, 1, 0,-1,
		 0, 2, 3,-1,
		 3, 2, 0,-1,
		 0, 3, 4,-1,
		 4, 3, 0,-1,
		 1, 4, 8, 5,-1,
		 5, 8, 4, 1,-1,
		 2, 1, 5, 6,-1,
		 6, 5, 1, 2,-1,
		 3, 2, 6, 7,-1,
		 7, 6, 2, 3,-1,
		 4, 3, 7, 8,-1,
		 8, 7, 3, 4,-1,
		 5, 8, 12, 9,-1,
		 9, 12, 8, 5,-1,
		 6, 5, 9, 10,-1,
		 10, 9, 5, 6,-1,
		 7, 6, 10, 11,-1,
		 11, 10, 6, 7,-1,
		 8, 7, 11, 12,-1,
		 12, 11, 7, 8,-1,
		 9, 12, 16, 13,-1,
		 13, 16, 12, 9,-1,
		 10, 9, 13, 14,-1,
		 14, 13, 9, 10,-1,
		 11, 10, 14, 15,-1,
		 15, 14, 10, 11,-1,
		 12, 11, 15, 16,-1,
		 16, 15, 11, 12,-1,
		 13, 16, 20, 17,-1,
		 17, 20, 16, 13,-1,
		 14, 13, 17, 18,-1,
		 18, 17, 13, 14,-1,
		 15, 14, 18, 19,-1,
		 19, 18, 14, 15,-1,
		 16, 15, 19, 20,-1,
		 20, 19, 15, 16,-1,
		 20, 19, 18, 17,-1,
		 17, 18, 19, 20,-1,
		]
	} #IndexedFaceSet
} #Polyhedron
Separator { #Polyhedron
	DEF COORD121 Coordinate3 {
		point [
		 -2.1552 0.3302 -2.9607,
		 -2.1552 0.6604 -2.9607,
		 -1.8009 0.6604 -2.9297,
		 -1.8009 0.3302 -2.9297,
		 -2.1509 0.3335 -2.9679,
		 -2.1509 0.6571 -2.9679,
		 -1.8038 0.6571 -2.9376,
		 -1.8038 0.3335 -2.9376,
		 -2.1390 0.3440 -2.9745,
		 -2.1390 0.6466 -2.9745,
		 -1.8144 0.6466 -2.9461,
		 -1.8144 0.3440 -2.9461,
		 -2.1177 0.3632 -2.9803,
		 -2.1177 0.6274 -2.9803,
		 -1.8343 0.6274 -2.9555,
		 -1.8343 0.3632 -2.9555,
		 -2.0817 0.3962 -2.9848,
		 -2.0817 0.5944 -2.9848,
		 -1.8691 0.5944 -2.9662,
		 -1.8691 0.3962 -2.9662,
		 -1.9747 0.4953 -2.9831
		]
	} #Coordinate3
	Material {
		ambientColor      0.1324 0.1324 0.1324  #ambientColor
		diffuseColor      0.5294 0.5294 0.5294  #diffuseColor
		transparency      0.0000                #transparency
	} #Material

	IndexedFaceSet {
		coordIndex [ 
		 0, 1, 2, 3,-1,
		 3, 2, 1, 0,-1,
		 0, 3, 7, 4,-1,
		 4, 7, 3, 0,-1,
		 1, 0, 4, 5,-1,
		 5, 4, 0, 1,-1,
		 2, 1, 5, 6,-1,
		 6, 5, 1, 2,-1,
		 3, 2, 6, 7,-1,
		 7, 6, 2, 3,-1,
		 4, 7, 11, 8,-1,
		 8, 11, 7, 4,-1,
		 5, 4, 8, 9,-1,
		 9, 8, 4, 5,-1,
		 6, 5, 9, 10,-1,
		 10, 9, 5, 6,-1,
		 7, 6, 10, 11,-1,
		 11, 10, 6, 7,-1,
		 8, 11, 15, 12,-1,
		 12, 15, 11, 8,-1,
		 9, 8, 12, 13,-1,
		 13, 12, 8, 9,-1,
		 10, 9, 13, 14,-1,
		 14, 13, 9, 10,-1,
		 11, 10, 14, 15,-1,
		 15, 14, 10, 11,-1,
		 12, 15, 19, 16,-1,
		 16, 19, 15, 12,-1,
		 13, 12, 16, 17,-1,
		 17, 16, 12, 13,-1,
		 14, 13, 17, 18,-1,
		 18, 17, 13, 14,-1,
		 15, 14, 18, 19,-1,
		 19, 18, 14, 15,-1,
		 16, 19, 20,-1,
		 20, 19, 16,-1,
		 17, 16, 20,-1,
		 20, 16, 17,-1,
		 18, 17, 20,-1,
		 20, 17, 18,-1,
		 19, 18, 20,-1,
		 20, 18, 19,-1,
		]
	} #IndexedFaceSet
} #Polyhedron
Separator { #Polyhedron
	DEF COORD122 Coordinate3 {
		point [
		 -1.7717 0.5461 -3.1183,
		 -1.7892 0.5436 -3.0051,
		 -1.7693 0.5436 -3.2329,
		 -1.7541 0.5436 -3.2315,
		 -1.7740 0.5436 -3.0038,
		 -1.7951 0.5410 -2.9674,
		 -1.7685 0.5410 -3.2710,
		 -1.7483 0.5410 -3.2693,
		 -1.7748 0.5410 -2.9656,
		 -1.7985 0.5385 -2.9454,
		 -1.7680 0.5385 -3.2933,
		 -1.7448 0.5385 -3.2912,
		 -1.7753 0.5385 -2.9434,
		 -1.8003 0.5359 -2.9335,
		 -1.7678 0.5359 -3.3054,
		 -1.7430 0.5359 -3.3032,
		 -1.7755 0.5359 -2.9313,
		 -1.8009 0.5334 -2.9297,
		 -1.7677 0.5334 -3.3092,
		 -1.7424 0.5334 -3.3070,
		 -1.7756 0.5334 -2.9275
		]
	} #Coordinate3
	Material {
		ambientColor      0.1324 0.1324 0.1324  #ambientColor
		diffuseColor      0.5294 0.5294 0.5294  #diffuseColor
		transparency      0.0000                #transparency
	} #Material

	IndexedFaceSet {
		coordIndex [ 
		 0, 4, 1,-1,
		 1, 4, 0,-1,
		 0, 1, 2,-1,
		 2, 1, 0,-1,
		 0, 2, 3,-1,
		 3, 2, 0,-1,
		 0, 3, 4,-1,
		 4, 3, 0,-1,
		 1, 4, 8, 5,-1,
		 5, 8, 4, 1,-1,
		 2, 1, 5, 6,-1,
		 6, 5, 1, 2,-1,
		 3, 2, 6, 7,-1,
		 7, 6, 2, 3,-1,
		 4, 3, 7, 8,-1,
		 8, 7, 3, 4,-1,
		 5, 8, 12, 9,-1,
		 9, 12, 8, 5,-1,
		 6, 5, 9, 10,-1,
		 10, 9, 5, 6,-1,
		 7, 6, 10, 11,-1,
		 11, 10, 6, 7,-1,
		 8, 7, 11, 12,-1,
		 12, 11, 7, 8,-1,
		 9, 12, 16, 13,-1,
		 13, 16, 12, 9,-1,
		 10, 9, 13, 14,-1,
		 14, 13, 9, 10,-1,
		 11, 10, 14, 15,-1,
		 15, 14, 10, 11,-1,
		 12, 11, 15, 16,-1,
		 16, 15, 11, 12,-1,
		 13, 16, 20, 17,-1,
		 17, 20, 16, 13,-1,
		 14, 13, 17, 18,-1,
		 18, 17, 13, 14,-1,
		 15, 14, 18, 19,-1,
		 19, 18, 14, 15,-1,
		 16, 15, 19, 20,-1,
		 20, 19, 15, 16,-1,
		 20, 19, 18, 17,-1,
		 17, 18, 19, 20,-1,
		]
	} #IndexedFaceSet
} #Polyhedron
Separator { #Polyhedron
	DEF COORD123 Coordinate3 {
		point [
		 -3.0887 0.3048 -3.9807,
		 -3.0648 0.3048 -3.9894,
		 -3.0561 0.3048 -3.9655,
		 -3.0800 0.3048 -3.9568,
		 -3.0887 0.0000 -3.9807,
		 -3.0648 0.0000 -3.9894,
		 -3.0561 0.0000 -3.9655,
		 -3.0800 0.0000 -3.9568
		]
	} #Coordinate3
	Material {
		ambientColor      0.1951 0.1951 0.1951  #ambientColor
		diffuseColor      0.7804 0.7804 0.7804  #diffuseColor
		transparency      0.0000                #transparency
	} #Material

	IndexedFaceSet {
		coordIndex [ 
		 0, 1, 2, 3,-1,
		 3, 2, 1, 0,-1,
		 0, 3, 7, 4,-1,
		 4, 7, 3, 0,-1,
		 1, 0, 4, 5,-1,
		 5, 4, 0, 1,-1,
		 2, 1, 5, 6,-1,
		 6, 5, 1, 2,-1,
		 3, 2, 6, 7,-1,
		 7, 6, 2, 3,-1,
		 7, 6, 5, 4,-1,
		 4, 5, 6, 7,-1,
		]
	} #IndexedFaceSet
} #Polyhedron
Separator { #Polyhedron
	DEF COORD124 Coordinate3 {
		point [
		 -3.2190 0.3048 -4.3387,
		 -3.1951 0.3048 -4.3474,
		 -3.1864 0.3048 -4.3236,
		 -3.2103 0.3048 -4.3149,
		 -3.2190 0.0000 -4.3387,
		 -3.1951 0.0000 -4.3474,
		 -3.1864 0.0000 -4.3236,
		 -3.2103 0.0000 -4.3149
		]
	} #Coordinate3
	Material {
		ambientColor      0.1951 0.1951 0.1951  #ambientColor
		diffuseColor      0.7804 0.7804 0.7804  #diffuseColor
		transparency      0.0000                #transparency
	} #Material

	IndexedFaceSet {
		coordIndex [ 
		 0, 1, 2, 3,-1,
		 3, 2, 1, 0,-1,
		 0, 3, 7, 4,-1,
		 4, 7, 3, 0,-1,
		 1, 0, 4, 5,-1,
		 5, 4, 0, 1,-1,
		 2, 1, 5, 6,-1,
		 6, 5, 1, 2,-1,
		 3, 2, 6, 7,-1,
		 7, 6, 2, 3,-1,
		 7, 6, 5, 4,-1,
		 4, 5, 6, 7,-1,
		]
	} #IndexedFaceSet
} #Polyhedron
Separator { #Polyhedron
	DEF COORD125 Coordinate3 {
		point [
		 -2.8284 0.3048 -4.4539,
		 -2.8523 0.3048 -4.4452,
		 -2.8609 0.3048 -4.4690,
		 -2.8371 0.3048 -4.4777,
		 -2.8284 0.0000 -4.4539,
		 -2.8523 0.0000 -4.4452,
		 -2.8609 0.0000 -4.4690,
		 -2.8371 0.0000 -4.4777
		]
	} #Coordinate3
	Material {
		ambientColor      0.1951 0.1951 0.1951  #ambientColor
		diffuseColor      0.7804 0.7804 0.7804  #diffuseColor
		transparency      0.0000                #transparency
	} #Material

	IndexedFaceSet {
		coordIndex [ 
		 0, 1, 2, 3,-1,
		 3, 2, 1, 0,-1,
		 0, 3, 7, 4,-1,
		 4, 7, 3, 0,-1,
		 1, 0, 4, 5,-1,
		 5, 4, 0, 1,-1,
		 2, 1, 5, 6,-1,
		 6, 5, 1, 2,-1,
		 3, 2, 6, 7,-1,
		 7, 6, 2, 3,-1,
		 7, 6, 5, 4,-1,
		 4, 5, 6, 7,-1,
		]
	} #IndexedFaceSet
} #Polyhedron
Separator { #Polyhedron
	DEF COORD126 Coordinate3 {
		point [
		 -2.6981 0.3048 -4.0958,
		 -2.7220 0.3048 -4.0871,
		 -2.7306 0.3048 -4.1110,
		 -2.7068 0.3048 -4.1197,
		 -2.6981 0.0000 -4.0958,
		 -2.7220 0.0000 -4.0871,
		 -2.7306 0.0000 -4.1110,
		 -2.7068 0.0000 -4.1197
		]
	} #Coordinate3
	Material {
		ambientColor      0.1951 0.1951 0.1951  #ambientColor
		diffuseColor      0.7804 0.7804 0.7804  #diffuseColor
		transparency      0.0000                #transparency
	} #Material

	IndexedFaceSet {
		coordIndex [ 
		 0, 1, 2, 3,-1,
		 3, 2, 1, 0,-1,
		 0, 3, 7, 4,-1,
		 4, 7, 3, 0,-1,
		 1, 0, 4, 5,-1,
		 5, 4, 0, 1,-1,
		 2, 1, 5, 6,-1,
		 6, 5, 1, 2,-1,
		 3, 2, 6, 7,-1,
		 7, 6, 2, 3,-1,
		 7, 6, 5, 4,-1,
		 4, 5, 6, 7,-1,
		]
	} #IndexedFaceSet
} #Polyhedron
Separator { #Polyhedron
	DEF COORD127 Coordinate3 {
		point [
		 -3.2515 0.3302 -4.3539,
		 -2.8219 0.3302 -4.5103,
		 -2.6655 0.3302 -4.0806,
		 -3.0952 0.3302 -3.9243,
		 -3.2515 0.3048 -4.3539,
		 -2.8219 0.3048 -4.5103,
		 -2.6655 0.3048 -4.0806,
		 -3.0952 0.3048 -3.9243
		]
	} #Coordinate3
	Material {
		ambientColor      0.1951 0.1951 0.1951  #ambientColor
		diffuseColor      0.7804 0.7804 0.7804  #diffuseColor
		transparency      0.0000                #transparency
	} #Material

	IndexedFaceSet {
		coordIndex [ 
		 0, 1, 2, 3,-1,
		 3, 2, 1, 0,-1,
		 0, 3, 7, 4,-1,
		 4, 7, 3, 0,-1,
		 1, 0, 4, 5,-1,
		 5, 4, 0, 1,-1,
		 2, 1, 5, 6,-1,
		 6, 5, 1, 2,-1,
		 3, 2, 6, 7,-1,
		 7, 6, 2, 3,-1,
		 7, 6, 5, 4,-1,
		 4, 5, 6, 7,-1,
		]
	} #IndexedFaceSet
} #Polyhedron
Separator { #Polyhedron
	DEF COORD128 Coordinate3 {
		point [
		 -2.7220 0.5080 -4.0871,
		 -2.7458 0.5080 -4.0785,
		 -2.7545 0.5080 -4.1023,
		 -2.7306 0.5080 -4.1110,
		 -2.7220 0.3302 -4.0871,
		 -2.7458 0.3302 -4.0785,
		 -2.7545 0.3302 -4.1023,
		 -2.7306 0.3302 -4.1110
		]
	} #Coordinate3
	Material {
		ambientColor      0.1951 0.1951 0.1951  #ambientColor
		diffuseColor      0.7804 0.7804 0.7804  #diffuseColor
		transparency      0.0000                #transparency
	} #Material

	IndexedFaceSet {
		coordIndex [ 
		 0, 1, 2, 3,-1,
		 3, 2, 1, 0,-1,
		 0, 3, 7, 4,-1,
		 4, 7, 3, 0,-1,
		 1, 0, 4, 5,-1,
		 5, 4, 0, 1,-1,
		 2, 1, 5, 6,-1,
		 6, 5, 1, 2,-1,
		 3, 2, 6, 7,-1,
		 7, 6, 2, 3,-1,
		 7, 6, 5, 4,-1,
		 4, 5, 6, 7,-1,
		]
	} #IndexedFaceSet
} #Polyhedron
Separator { #Polyhedron
	DEF COORD129 Coordinate3 {
		point [
		 -2.8523 0.5080 -4.4452,
		 -2.8761 0.5080 -4.4365,
		 -2.8848 0.5080 -4.4603,
		 -2.8609 0.5080 -4.4690,
		 -2.8523 0.3302 -4.4452,
		 -2.8761 0.3302 -4.4365,
		 -2.8848 0.3302 -4.4603,
		 -2.8609 0.3302 -4.4690
		]
	} #Coordinate3
	Material {
		ambientColor      0.1951 0.1951 0.1951  #ambientColor
		diffuseColor      0.7804 0.7804 0.7804  #diffuseColor
		transparency      0.0000                #transparency
	} #Material

	IndexedFaceSet {
		coordIndex [ 
		 0, 1, 2, 3,-1,
		 3, 2, 1, 0,-1,
		 0, 3, 7, 4,-1,
		 4, 7, 3, 0,-1,
		 1, 0, 4, 5,-1,
		 5, 4, 0, 1,-1,
		 2, 1, 5, 6,-1,
		 6, 5, 1, 2,-1,
		 3, 2, 6, 7,-1,
		 7, 6, 2, 3,-1,
		 7, 6, 5, 4,-1,
		 4, 5, 6, 7,-1,
		]
	} #IndexedFaceSet
} #Polyhedron
Separator { #Polyhedron
	DEF COORD130 Coordinate3 {
		point [
		 -3.2190 0.6858 -4.3387,
		 -3.1951 0.6858 -4.3474,
		 -3.0561 0.6858 -3.9655,
		 -3.0800 0.6858 -3.9568,
		 -3.2190 0.3302 -4.3387,
		 -3.1951 0.3302 -4.3474,
		 -3.0561 0.3302 -3.9655,
		 -3.0800 0.3302 -3.9568
		]
	} #Coordinate3
	Material {
		ambientColor      0.1951 0.1951 0.1951  #ambientColor
		diffuseColor      0.7804 0.7804 0.7804  #diffuseColor
		transparency      0.0000                #transparency
	} #Material

	IndexedFaceSet {
		coordIndex [ 
		 0, 1, 2, 3,-1,
		 3, 2, 1, 0,-1,
		 0, 3, 7, 4,-1,
		 4, 7, 3, 0,-1,
		 1, 0, 4, 5,-1,
		 5, 4, 0, 1,-1,
		 2, 1, 5, 6,-1,
		 6, 5, 1, 2,-1,
		 3, 2, 6, 7,-1,
		 7, 6, 2, 3,-1,
		 7, 6, 5, 4,-1,
		 4, 5, 6, 7,-1,
		]
	} #IndexedFaceSet
} #Polyhedron
Separator { #Polyhedron
	DEF COORD131 Coordinate3 {
		point [
		 -3.0648 0.5334 -3.9894,
		 -2.7068 0.5334 -4.1197,
		 -2.6981 0.5334 -4.0958,
		 -3.0561 0.5334 -3.9655,
		 -3.0648 0.5080 -3.9894,
		 -2.7068 0.5080 -4.1197,
		 -2.6981 0.5080 -4.0958,
		 -3.0561 0.5080 -3.9655
		]
	} #Coordinate3
	Material {
		ambientColor      0.1951 0.1951 0.1951  #ambientColor
		diffuseColor      0.7804 0.7804 0.7804  #diffuseColor
		transparency      0.0000                #transparency
	} #Material

	IndexedFaceSet {
		coordIndex [ 
		 0, 1, 2, 3,-1,
		 3, 2, 1, 0,-1,
		 0, 3, 7, 4,-1,
		 4, 7, 3, 0,-1,
		 1, 0, 4, 5,-1,
		 5, 4, 0, 1,-1,
		 2, 1, 5, 6,-1,
		 6, 5, 1, 2,-1,
		 3, 2, 6, 7,-1,
		 7, 6, 2, 3,-1,
		 7, 6, 5, 4,-1,
		 4, 5, 6, 7,-1,
		]
	} #IndexedFaceSet
} #Polyhedron
Separator { #Polyhedron
	DEF COORD132 Coordinate3 {
		point [
		 -3.1951 0.5334 -4.3474,
		 -2.8371 0.5334 -4.4777,
		 -2.8284 0.5334 -4.4538,
		 -3.1864 0.5334 -4.3236,
		 -3.1951 0.5080 -4.3474,
		 -2.8371 0.5080 -4.4777,
		 -2.8284 0.5080 -4.4538,
		 -3.1864 0.5080 -4.3236
		]
	} #Coordinate3
	Material {
		ambientColor      0.1951 0.1951 0.1951  #ambientColor
		diffuseColor      0.7804 0.7804 0.7804  #diffuseColor
		transparency      0.0000                #transparency
	} #Material

	Texture2 {
		filename ""  #filename
		wrapS REPEAT 
		wrapT REPEAT 
	} #Texture2

	IndexedFaceSet {
		coordIndex [ 
		 0, 1, 2, 3,-1,
		 3, 2, 1, 0,-1,
		 0, 3, 7, 4,-1,
		 4, 7, 3, 0,-1,
		 1, 0, 4, 5,-1,
		 5, 4, 0, 1,-1,
		 2, 1, 5, 6,-1,
		 6, 5, 1, 2,-1,
		 3, 2, 6, 7,-1,
		 7, 6, 2, 3,-1,
		 7, 6, 5, 4,-1,
		 4, 5, 6, 7,-1,
		]
	} #IndexedFaceSet
} #Polyhedron
Separator { #Polyhedron
	DEF COORD133 Coordinate3 {
		point [
		 -2.9466 0.3556 -4.2216,
		 -3.0905 0.3505 -4.2828,
		 -2.8757 0.3505 -4.3610,
		 -2.8027 0.3505 -4.1605,
		 -3.0175 0.3505 -4.0823,
		 -3.1384 0.3454 -4.3032,
		 -2.8520 0.3454 -4.4074,
		 -2.7547 0.3454 -4.1401,
		 -3.0412 0.3454 -4.0358,
		 -3.1664 0.3404 -4.3150,
		 -2.8382 0.3404 -4.4345,
		 -2.7268 0.3404 -4.1282,
		 -3.0549 0.3404 -4.0088,
		 -3.1816 0.3353 -4.3215,
		 -2.8308 0.3353 -4.4492,
		 -2.7116 0.3353 -4.1218,
		 -3.0624 0.3353 -3.9941,
		 -3.1864 0.3302 -4.3236,
		 -2.8284 0.3302 -4.4538,
		 -2.7068 0.3302 -4.1197,
		 -3.0648 0.3302 -3.9894
		]
	} #Coordinate3
	Material {
		ambientColor      0.1324 0.1324 0.1324  #ambientColor
		diffuseColor      0.5294 0.5294 0.5294  #diffuseColor
		transparency      0.0000                #transparency
	} #Material

	IndexedFaceSet {
		coordIndex [ 
		 0, 4, 1,-1,
		 1, 4, 0,-1,
		 0, 1, 2,-1,
		 2, 1, 0,-1,
		 0, 2, 3,-1,
		 3, 2, 0,-1,
		 0, 3, 4,-1,
		 4, 3, 0,-1,
		 1, 4, 8, 5,-1,
		 5, 8, 4, 1,-1,
		 2, 1, 5, 6,-1,
		 6, 5, 1, 2,-1,
		 3, 2, 6, 7,-1,
		 7, 6, 2, 3,-1,
		 4, 3, 7, 8,-1,
		 8, 7, 3, 4,-1,
		 5, 8, 12, 9,-1,
		 9, 12, 8, 5,-1,
		 6, 5, 9, 10,-1,
		 10, 9, 5, 6,-1,
		 7, 6, 10, 11,-1,
		 11, 10, 6, 7,-1,
		 8, 7, 11, 12,-1,
		 12, 11, 7, 8,-1,
		 9, 12, 16, 13,-1,
		 13, 16, 12, 9,-1,
		 10, 9, 13, 14,-1,
		 14, 13, 9, 10,-1,
		 11, 10, 14, 15,-1,
		 15, 14, 10, 11,-1,
		 12, 11, 15, 16,-1,
		 16, 15, 11, 12,-1,
		 13, 16, 20, 17,-1,
		 17, 20, 16, 13,-1,
		 14, 13, 17, 18,-1,
		 18, 17, 13, 14,-1,
		 15, 14, 18, 19,-1,
		 19, 18, 14, 15,-1,
		 16, 15, 19, 20,-1,
		 20, 19, 15, 16,-1,
		 20, 19, 18, 17,-1,
		 17, 18, 19, 20,-1,
		]
	} #IndexedFaceSet
} #Polyhedron
Separator { #Polyhedron
	DEF COORD134 Coordinate3 {
		point [
		 -3.0117 0.5461 -4.4006,
		 -3.1218 0.5436 -4.3687,
		 -2.9069 0.5436 -4.4469,
		 -2.9017 0.5436 -4.4326,
		 -3.1166 0.5436 -4.3544,
		 -3.1584 0.5410 -4.3581,
		 -2.8720 0.5410 -4.4623,
		 -2.8650 0.5410 -4.4432,
		 -3.1515 0.5410 -4.3390,
		 -3.1798 0.5385 -4.3519,
		 -2.8517 0.5385 -4.4713,
		 -2.8437 0.5385 -4.4494,
		 -3.1718 0.5385 -4.3300,
		 -3.1914 0.5359 -4.3485,
		 -2.8406 0.5359 -4.4762,
		 -2.8321 0.5359 -4.4528,
		 -3.1829 0.5359 -4.3251,
		 -3.1951 0.5334 -4.3474,
		 -2.8371 0.5334 -4.4777,
		 -2.8284 0.5334 -4.4538,
		 -3.1864 0.5334 -4.3236
		]
	} #Coordinate3
	Material {
		ambientColor      0.1324 0.1324 0.1324  #ambientColor
		diffuseColor      0.5294 0.5294 0.5294  #diffuseColor
		transparency      0.0000                #transparency
	} #Material

	IndexedFaceSet {
		coordIndex [ 
		 0, 4, 1,-1,
		 1, 4, 0,-1,
		 0, 1, 2,-1,
		 2, 1, 0,-1,
		 0, 2, 3,-1,
		 3, 2, 0,-1,
		 0, 3, 4,-1,
		 4, 3, 0,-1,
		 1, 4, 8, 5,-1,
		 5, 8, 4, 1,-1,
		 2, 1, 5, 6,-1,
		 6, 5, 1, 2,-1,
		 3, 2, 6, 7,-1,
		 7, 6, 2, 3,-1,
		 4, 3, 7, 8,-1,
		 8, 7, 3, 4,-1,
		 5, 8, 12, 9,-1,
		 9, 12, 8, 5,-1,
		 6, 5, 9, 10,-1,
		 10, 9, 5, 6,-1,
		 7, 6, 10, 11,-1,
		 11, 10, 6, 7,-1,
		 8, 7, 11, 12,-1,
		 12, 11, 7, 8,-1,
		 9, 12, 16, 13,-1,
		 13, 16, 12, 9,-1,
		 10, 9, 13, 14,-1,
		 14, 13, 9, 10,-1,
		 11, 10, 14, 15,-1,
		 15, 14, 10, 11,-1,
		 12, 11, 15, 16,-1,
		 16, 15, 11, 12,-1,
		 13, 16, 20, 17,-1,
		 17, 20, 16, 13,-1,
		 14, 13, 17, 18,-1,
		 18, 17, 13, 14,-1,
		 15, 14, 18, 19,-1,
		 19, 18, 14, 15,-1,
		 16, 15, 19, 20,-1,
		 20, 19, 15, 16,-1,
		 20, 19, 18, 17,-1,
		 17, 18, 19, 20,-1,
		]
	} #IndexedFaceSet
} #Polyhedron
Separator { #Polyhedron
	DEF COORD135 Coordinate3 {
		point [
		 -3.1864 0.3302 -4.3236,
		 -3.1864 0.6604 -4.3236,
		 -3.0648 0.6604 -3.9894,
		 -3.0648 0.3302 -3.9894,
		 -3.1780 0.3335 -4.3228,
		 -3.1780 0.6571 -4.3228,
		 -3.0589 0.6571 -3.9954,
		 -3.0589 0.3335 -3.9954,
		 -3.1670 0.3440 -4.3148,
		 -3.1670 0.6466 -4.3148,
		 -3.0556 0.6466 -4.0086,
		 -3.0556 0.3440 -4.0086,
		 -3.1528 0.3632 -4.2980,
		 -3.1528 0.6274 -4.2980,
		 -3.0555 0.6274 -4.0306,
		 -3.0555 0.3632 -4.0306,
		 -3.1334 0.3962 -4.2672,
		 -3.1334 0.5944 -4.2672,
		 -3.0605 0.5944 -4.0666,
		 -3.0605 0.3962 -4.0666,
		 -3.0898 0.4953 -4.1695
		]
	} #Coordinate3
	Material {
		ambientColor      0.1324 0.1324 0.1324  #ambientColor
		diffuseColor      0.5294 0.5294 0.5294  #diffuseColor
		transparency      0.0000                #transparency
	} #Material

	IndexedFaceSet {
		coordIndex [ 
		 0, 1, 2, 3,-1,
		 3, 2, 1, 0,-1,
		 0, 3, 7, 4,-1,
		 4, 7, 3, 0,-1,
		 1, 0, 4, 5,-1,
		 5, 4, 0, 1,-1,
		 2, 1, 5, 6,-1,
		 6, 5, 1, 2,-1,
		 3, 2, 6, 7,-1,
		 7, 6, 2, 3,-1,
		 4, 7, 11, 8,-1,
		 8, 11, 7, 4,-1,
		 5, 4, 8, 9,-1,
		 9, 8, 4, 5,-1,
		 6, 5, 9, 10,-1,
		 10, 9, 5, 6,-1,
		 7, 6, 10, 11,-1,
		 11, 10, 6, 7,-1,
		 8, 11, 15, 12,-1,
		 12, 15, 11, 8,-1,
		 9, 8, 12, 13,-1,
		 13, 12, 8, 9,-1,
		 10, 9, 13, 14,-1,
		 14, 13, 9, 10,-1,
		 11, 10, 14, 15,-1,
		 15, 14, 10, 11,-1,
		 12, 15, 19, 16,-1,
		 16, 19, 15, 12,-1,
		 13, 12, 16, 17,-1,
		 17, 16, 12, 13,-1,
		 14, 13, 17, 18,-1,
		 18, 17, 13, 14,-1,
		 15, 14, 18, 19,-1,
		 19, 18, 14, 15,-1,
		 16, 19, 20,-1,
		 20, 19, 16,-1,
		 17, 16, 20,-1,
		 20, 16, 17,-1,
		 18, 17, 20,-1,
		 20, 17, 18,-1,
		 19, 18, 20,-1,
		 20, 18, 19,-1,
		]
	} #IndexedFaceSet
} #Polyhedron
Separator { #Polyhedron
	DEF COORD136 Coordinate3 {
		point [
		 -2.8814 0.5461 -4.0426,
		 -2.9915 0.5436 -4.0107,
		 -2.7766 0.5436 -4.0889,
		 -2.7714 0.5436 -4.0745,
		 -2.9863 0.5436 -3.9964,
		 -3.0281 0.5410 -4.0000,
		 -2.7417 0.5410 -4.1043,
		 -2.7347 0.5410 -4.0852,
		 -3.0212 0.5410 -3.9809,
		 -3.0495 0.5385 -3.9938,
		 -2.7214 0.5385 -4.1133,
		 -2.7134 0.5385 -4.0914,
		 -3.0415 0.5385 -3.9720,
		 -3.0611 0.5359 -3.9905,
		 -2.7103 0.5359 -4.1181,
		 -2.7018 0.5359 -4.0947,
		 -3.0526 0.5359 -3.9671,
		 -3.0648 0.5334 -3.9894,
		 -2.7068 0.5334 -4.1197,
		 -2.6981 0.5334 -4.0958,
		 -3.0561 0.5334 -3.9655
		]
	} #Coordinate3
	Material {
		ambientColor      0.1324 0.1324 0.1324  #ambientColor
		diffuseColor      0.5294 0.5294 0.5294  #diffuseColor
		transparency      0.0000                #transparency
	} #Material

	IndexedFaceSet {
		coordIndex [ 
		 0, 4, 1,-1,
		 1, 4, 0,-1,
		 0, 1, 2,-1,
		 2, 1, 0,-1,
		 0, 2, 3,-1,
		 3, 2, 0,-1,
		 0, 3, 4,-1,
		 4, 3, 0,-1,
		 1, 4, 8, 5,-1,
		 5, 8, 4, 1,-1,
		 2, 1, 5, 6,-1,
		 6, 5, 1, 2,-1,
		 3, 2, 6, 7,-1,
		 7, 6, 2, 3,-1,
		 4, 3, 7, 8,-1,
		 8, 7, 3, 4,-1,
		 5, 8, 12, 9,-1,
		 9, 12, 8, 5,-1,
		 6, 5, 9, 10,-1,
		 10, 9, 5, 6,-1,
		 7, 6, 10, 11,-1,
		 11, 10, 6, 7,-1,
		 8, 7, 11, 12,-1,
		 12, 11, 7, 8,-1,
		 9, 12, 16, 13,-1,
		 13, 16, 12, 9,-1,
		 10, 9, 13, 14,-1,
		 14, 13, 9, 10,-1,
		 11, 10, 14, 15,-1,
		 15, 14, 10, 11,-1,
		 12, 11, 15, 16,-1,
		 16, 15, 11, 12,-1,
		 13, 16, 20, 17,-1,
		 17, 20, 16, 13,-1,
		 14, 13, 17, 18,-1,
		 18, 17, 13, 14,-1,
		 15, 14, 18, 19,-1,
		 19, 18, 14, 15,-1,
		 16, 15, 19, 20,-1,
		 20, 19, 15, 16,-1,
		 20, 19, 18, 17,-1,
		 17, 18, 19, 20,-1,
		]
	} #IndexedFaceSet
} #Polyhedron
Separator { #Polyhedron
	DEF COORD137 Coordinate3 {
		point [
		 -6.0960 2.1336 -4.7244,
		 -6.0960 0.0000 -4.7244,
		 -6.0960 0.0000 -5.6388,
		 -6.0960 2.1336 -5.6388,
		 -6.0452 2.1336 -4.7244,
		 -6.0452 0.0000 -4.7244,
		 -6.0452 0.0000 -5.6388,
		 -6.0452 2.1336 -5.6388
		]
	} #Coordinate3
	Material {
		ambientColor      0.1735 0.1735 0.1735  #ambientColor
		diffuseColor      0.6941 0.6941 0.6941  #diffuseColor
		transparency      0.0000                #transparency
	} #Material

	IndexedFaceSet {
		coordIndex [ 
		 0, 1, 2, 3,-1,
		 3, 2, 1, 0,-1,
		 0, 3, 7, 4,-1,
		 4, 7, 3, 0,-1,
		 1, 0, 4, 5,-1,
		 5, 4, 0, 1,-1,
		 2, 1, 5, 6,-1,
		 6, 5, 1, 2,-1,
		 3, 2, 6, 7,-1,
		 7, 6, 2, 3,-1,
		 7, 6, 5, 4,-1,
		 4, 5, 6, 7,-1,
		]
	} #IndexedFaceSet
} #Polyhedron
Separator { #Polyhedron
	DEF COORD138 Coordinate3 {
		point [
		 -6.0452 0.9144 -5.4991,
		 -6.0363 0.9449 -5.4991,
		 -6.0363 0.9426 -5.4874,
		 -6.0363 0.9360 -5.4775,
		 -6.0363 0.9261 -5.4709,
		 -6.0363 0.9144 -5.4686,
		 -6.0363 0.9027 -5.4709,
		 -6.0363 0.8928 -5.4775,
		 -6.0363 0.8862 -5.4874,
		 -6.0363 0.8839 -5.4991,
		 -6.0363 0.8862 -5.5108,
		 -6.0363 0.8928 -5.5206,
		 -6.0363 0.9027 -5.5272,
		 -6.0363 0.9144 -5.5296,
		 -6.0363 0.9261 -5.5272,
		 -6.0363 0.9360 -5.5206,
		 -6.0363 0.9426 -5.5108,
		 -6.0274 0.9550 -5.4991,
		 -6.0274 0.9519 -5.4835,
		 -6.0274 0.9431 -5.4704,
		 -6.0274 0.9300 -5.4615,
		 -6.0274 0.9144 -5.4584,
		 -6.0274 0.8988 -5.4615,
		 -6.0274 0.8857 -5.4704,
		 -6.0274 0.8769 -5.4835,
		 -6.0274 0.8738 -5.4991,
		 -6.0274 0.8769 -5.5146,
		 -6.0274 0.8857 -5.5278,
		 -6.0274 0.8988 -5.5366,
		 -6.0274 0.9144 -5.5397,
		 -6.0274 0.9300 -5.5366,
		 -6.0274 0.9431 -5.5278,
		 -6.0274 0.9519 -5.5146,
		 -6.0185 0.9610 -5.4991,
		 -6.0185 0.9574 -5.4813,
		 -6.0185 0.9473 -5.4662,
		 -6.0185 0.9322 -5.4561,
		 -6.0185 0.9144 -5.4525,
		 -6.0185 0.8966 -5.4561,
		 -6.0185 0.8815 -5.4662,
		 -6.0185 0.8714 -5.4813,
		 -6.0185 0.8678 -5.4991,
		 -6.0185 0.8714 -5.5169,
		 -6.0185 0.8815 -5.5320,
		 -6.0185 0.8966 -5.5421,
		 -6.0185 0.9144 -5.5456,
		 -6.0185 0.9322 -5.5421,
		 -6.0185 0.9473 -5.5320,
		 -6.0185 0.9574 -5.5169,
		 -6.0097 0.9642 -5.4991,
		 -6.0097 0.9604 -5.4800,
		 -6.0097 0.9496 -5.4639,
		 -6.0097 0.9334 -5.4531,
		 -6.0097 0.9144 -5.4493,
		 -6.0097 0.8954 -5.4531,
		 -6.0097 0.8792 -5.4639,
		 -6.0097 0.8684 -5.4800,
		 -6.0097 0.8646 -5.4991,
		 -6.0097 0.8684 -5.5181,
		 -6.0097 0.8792 -5.5343,
		 -6.0097 0.8954 -5.5451,
		 -6.0097 0.9144 -5.5489,
		 -6.0097 0.9334 -5.5451,
		 -6.0097 0.9496 -5.5343,
		 -6.0097 0.9604 -5.5181,
		 -6.0008 0.9652 -5.4991,
		 -6.0008 0.9613 -5.4796,
		 -6.0008 0.9503 -5.4632,
		 -6.0008 0.9338 -5.4522,
		 -6.0008 0.9144 -5.4483,
		 -6.0008 0.8950 -5.4522,
		 -6.0008 0.8785 -5.4632,
		 -6.0008 0.8675 -5.4796,
		 -6.0008 0.8636 -5.4991,
		 -6.0008 0.8675 -5.5185,
		 -6.0008 0.8785 -5.5350,
		 -6.0008 0.8950 -5.5460,
		 -6.0008 0.9144 -5.5499,
		 -6.0008 0.9338 -5.5460,
		 -6.0008 0.9503 -5.5350,
		 -6.0008 0.9613 -5.5185,
		 -5.9919 0.9642 -5.4991,
		 -5.9919 0.9604 -5.4800,
		 -5.9919 0.9496 -5.4639,
		 -5.9919 0.9334 -5.4531,
		 -5.9919 0.9144 -5.4493,
		 -5.9919 0.8954 -5.4531,
		 -5.9919 0.8792 -5.4639,
		 -5.9919 0.8684 -5.4800,
		 -5.9919 0.8646 -5.4991,
		 -5.9919 0.8684 -5.5181,
		 -5.9919 0.8792 -5.5343,
		 -5.9919 0.8954 -5.5451,
		 -5.9919 0.9144 -5.5489,
		 -5.9919 0.9334 -5.5451,
		 -5.9919 0.9496 -5.5343,
		 -5.9919 0.9604 -5.5181,
		 -5.9830 0.9610 -5.4991,
		 -5.9830 0.9574 -5.4813,
		 -5.9830 0.9473 -5.4662,
		 -5.9830 0.9322 -5.4561,
		 -5.9830 0.9144 -5.4525,
		 -5.9830 0.8966 -5.4561,
		 -5.9830 0.8815 -5.4662,
		 -5.9830 0.8714 -5.4813,
		 -5.9830 0.8678 -5.4991,
		 -5.9830 0.8714 -5.5169,
		 -5.9830 0.8815 -5.5320,
		 -5.9830 0.8966 -5.5421,
		 -5.9830 0.9144 -5.5456,
		 -5.9830 0.9322 -5.5421,
		 -5.9830 0.9473 -5.5320,
		 -5.9830 0.9574 -5.5169,
		 -5.9741 0.9550 -5.4991,
		 -5.9741 0.9519 -5.4835,
		 -5.9741 0.9431 -5.4704,
		 -5.9741 0.9300 -5.4615,
		 -5.9741 0.9144 -5.4584,
		 -5.9741 0.8988 -5.4615,
		 -5.9741 0.8857 -5.4704,
		 -5.9741 0.8769 -5.4835,
		 -5.9741 0.8738 -5.4991,
		 -5.9741 0.8769 -5.5146,
		 -5.9741 0.8857 -5.5278,
		 -5.9741 0.8988 -5.5366,
		 -5.9741 0.9144 -5.5397,
		 -5.9741 0.9300 -5.5366,
		 -5.9741 0.9431 -5.5278,
		 -5.9741 0.9519 -5.5146,
		 -5.9652 0.9449 -5.4991,
		 -5.9652 0.9426 -5.4874,
		 -5.9652 0.9360 -5.4775,
		 -5.9652 0.9261 -5.4709,
		 -5.9652 0.9144 -5.4686,
		 -5.9652 0.9027 -5.4709,
		 -5.9652 0.8928 -5.4775,
		 -5.9652 0.8862 -5.4874,
		 -5.9652 0.8839 -5.4991,
		 -5.9652 0.8862 -5.5108,
		 -5.9652 0.8928 -5.5206,
		 -5.9652 0.9027 -5.5272,
		 -5.9652 0.9144 -5.5296,
		 -5.9652 0.9261 -5.5272,
		 -5.9652 0.9360 -5.5206,
		 -5.9652 0.9426 -5.5108,
		 -5.9563 0.9144 -5.4991
		]
	} #Coordinate3
	Material {
		ambientColor      0.1804 0.1804 0.1804  #ambientColor
		diffuseColor      0.7216 0.7216 0.7216  #diffuseColor
		transparency      0.0000                #transparency
	} #Material

	IndexedFaceSet {
		coordIndex [ 
		 0, 16, 1,-1,
		 1, 16, 0,-1,
		 0, 1, 2,-1,
		 2, 1, 0,-1,
		 0, 2, 3,-1,
		 3, 2, 0,-1,
		 0, 3, 4,-1,
		 4, 3, 0,-1,
		 0, 4, 5,-1,
		 5, 4, 0,-1,
		 0, 5, 6,-1,
		 6, 5, 0,-1,
		 0, 6, 7,-1,
		 7, 6, 0,-1,
		 0, 7, 8,-1,
		 8, 7, 0,-1,
		 0, 8, 9,-1,
		 9, 8, 0,-1,
		 0, 9, 10,-1,
		 10, 9, 0,-1,
		 0, 10, 11,-1,
		 11, 10, 0,-1,
		 0, 11, 12,-1,
		 12, 11, 0,-1,
		 0, 12, 13,-1,
		 13, 12, 0,-1,
		 0, 13, 14,-1,
		 14, 13, 0,-1,
		 0, 14, 15,-1,
		 15, 14, 0,-1,
		 0, 15, 16,-1,
		 16, 15, 0,-1,
		 1, 16, 32, 17,-1,
		 17, 32, 16, 1,-1,
		 2, 1, 17, 18,-1,
		 18, 17, 1, 2,-1,
		 3, 2, 18, 19,-1,
		 19, 18, 2, 3,-1,
		 4, 3, 19, 20,-1,
		 20, 19, 3, 4,-1,
		 5, 4, 20, 21,-1,
		 21, 20, 4, 5,-1,
		 6, 5, 21, 22,-1,
		 22, 21, 5, 6,-1,
		 7, 6, 22, 23,-1,
		 23, 22, 6, 7,-1,
		 8, 7, 23, 24,-1,
		 24, 23, 7, 8,-1,
		 9, 8, 24, 25,-1,
		 25, 24, 8, 9,-1,
		 10, 9, 25, 26,-1,
		 26, 25, 9, 10,-1,
		 11, 10, 26, 27,-1,
		 27, 26, 10, 11,-1,
		 12, 11, 27, 28,-1,
		 28, 27, 11, 12,-1,
		 13, 12, 28, 29,-1,
		 29, 28, 12, 13,-1,
		 14, 13, 29, 30,-1,
		 30, 29, 13, 14,-1,
		 15, 14, 30, 31,-1,
		 31, 30, 14, 15,-1,
		 16, 15, 31, 32,-1,
		 32, 31, 15, 16,-1,
		 17, 32, 48, 33,-1,
		 33, 48, 32, 17,-1,
		 18, 17, 33, 34,-1,
		 34, 33, 17, 18,-1,
		 19, 18, 34, 35,-1,
		 35, 34, 18, 19,-1,
		 20, 19, 35, 36,-1,
		 36, 35, 19, 20,-1,
		 21, 20, 36, 37,-1,
		 37, 36, 20, 21,-1,
		 22, 21, 37, 38,-1,
		 38, 37, 21, 22,-1,
		 23, 22, 38, 39,-1,
		 39, 38, 22, 23,-1,
		 24, 23, 39, 40,-1,
		 40, 39, 23, 24,-1,
		 25, 24, 40, 41,-1,
		 41, 40, 24, 25,-1,
		 26, 25, 41, 42,-1,
		 42, 41, 25, 26,-1,
		 27, 26, 42, 43,-1,
		 43, 42, 26, 27,-1,
		 28, 27, 43, 44,-1,
		 44, 43, 27, 28,-1,
		 29, 28, 44, 45,-1,
		 45, 44, 28, 29,-1,
		 30, 29, 45, 46,-1,
		 46, 45, 29, 30,-1,
		 31, 30, 46, 47,-1,
		 47, 46, 30, 31,-1,
		 32, 31, 47, 48,-1,
		 48, 47, 31, 32,-1,
		 33, 48, 64, 49,-1,
		 49, 64, 48, 33,-1,
		 34, 33, 49, 50,-1,
		 50, 49, 33, 34,-1,
		 35, 34, 50, 51,-1,
		 51, 50, 34, 35,-1,
		 36, 35, 51, 52,-1,
		 52, 51, 35, 36,-1,
		 37, 36, 52, 53,-1,
		 53, 52, 36, 37,-1,
		 38, 37, 53, 54,-1,
		 54, 53, 37, 38,-1,
		 39, 38, 54, 55,-1,
		 55, 54, 38, 39,-1,
		 40, 39, 55, 56,-1,
		 56, 55, 39, 40,-1,
		 41, 40, 56, 57,-1,
		 57, 56, 40, 41,-1,
		 42, 41, 57, 58,-1,
		 58, 57, 41, 42,-1,
		 43, 42, 58, 59,-1,
		 59, 58, 42, 43,-1,
		 44, 43, 59, 60,-1,
		 60, 59, 43, 44,-1,
		 45, 44, 60, 61,-1,
		 61, 60, 44, 45,-1,
		 46, 45, 61, 62,-1,
		 62, 61, 45, 46,-1,
		 47, 46, 62, 63,-1,
		 63, 62, 46, 47,-1,
		 48, 47, 63, 64,-1,
		 64, 63, 47, 48,-1,
		 49, 64, 80, 65,-1,
		 65, 80, 64, 49,-1,
		 50, 49, 65, 66,-1,
		 66, 65, 49, 50,-1,
		 51, 50, 66, 67,-1,
		 67, 66, 50, 51,-1,
		 52, 51, 67, 68,-1,
		 68, 67, 51, 52,-1,
		 53, 52, 68, 69,-1,
		 69, 68, 52, 53,-1,
		 54, 53, 69, 70,-1,
		 70, 69, 53, 54,-1,
		 55, 54, 70, 71,-1,
		 71, 70, 54, 55,-1,
		 56, 55, 71, 72,-1,
		 72, 71, 55, 56,-1,
		 57, 56, 72, 73,-1,
		 73, 72, 56, 57,-1,
		 58, 57, 73, 74,-1,
		 74, 73, 57, 58,-1,
		 59, 58, 74, 75,-1,
		 75, 74, 58, 59,-1,
		 60, 59, 75, 76,-1,
		 76, 75, 59, 60,-1,
		 61, 60, 76, 77,-1,
		 77, 76, 60, 61,-1,
		 62, 61, 77, 78,-1,
		 78, 77, 61, 62,-1,
		 63, 62, 78, 79,-1,
		 79, 78, 62, 63,-1,
		 64, 63, 79, 80,-1,
		 80, 79, 63, 64,-1,
		 65, 80, 96, 81,-1,
		 81, 96, 80, 65,-1,
		 66, 65, 81, 82,-1,
		 82, 81, 65, 66,-1,
		 67, 66, 82, 83,-1,
		 83, 82, 66, 67,-1,
		 68, 67, 83, 84,-1,
		 84, 83, 67, 68,-1,
		 69, 68, 84, 85,-1,
		 85, 84, 68, 69,-1,
		 70, 69, 85, 86,-1,
		 86, 85, 69, 70,-1,
		 71, 70, 86, 87,-1,
		 87, 86, 70, 71,-1,
		 72, 71, 87, 88,-1,
		 88, 87, 71, 72,-1,
		 73, 72, 88, 89,-1,
		 89, 88, 72, 73,-1,
		 74, 73, 89, 90,-1,
		 90, 89, 73, 74,-1,
		 75, 74, 90, 91,-1,
		 91, 90, 74, 75,-1,
		 76, 75, 91, 92,-1,
		 92, 91, 75, 76,-1,
		 77, 76, 92, 93,-1,
		 93, 92, 76, 77,-1,
		 78, 77, 93, 94,-1,
		 94, 93, 77, 78,-1,
		 79, 78, 94, 95,-1,
		 95, 94, 78, 79,-1,
		 80, 79, 95, 96,-1,
		 96, 95, 79, 80,-1,
		 81, 96, 112, 97,-1,
		 97, 112, 96, 81,-1,
		 82, 81, 97, 98,-1,
		 98, 97, 81, 82,-1,
		 83, 82, 98, 99,-1,
		 99, 98, 82, 83,-1,
		 84, 83, 99, 100,-1,
		 100, 99, 83, 84,-1,
		 85, 84, 100, 101,-1,
		 101, 100, 84, 85,-1,
		 86, 85, 101, 102,-1,
		 102, 101, 85, 86,-1,
		 87, 86, 102, 103,-1,
		 103, 102, 86, 87,-1,
		 88, 87, 103, 104,-1,
		 104, 103, 87, 88,-1,
		 89, 88, 104, 105,-1,
		 105, 104, 88, 89,-1,
		 90, 89, 105, 106,-1,
		 106, 105, 89, 90,-1,
		 91, 90, 106, 107,-1,
		 107, 106, 90, 91,-1,
		 92, 91, 107, 108,-1,
		 108, 107, 91, 92,-1,
		 93, 92, 108, 109,-1,
		 109, 108, 92, 93,-1,
		 94, 93, 109, 110,-1,
		 110, 109, 93, 94,-1,
		 95, 94, 110, 111,-1,
		 111, 110, 94, 95,-1,
		 96, 95, 111, 112,-1,
		 112, 111, 95, 96,-1,
		 97, 112, 128, 113,-1,
		 113, 128, 112, 97,-1,
		 98, 97, 113, 114,-1,
		 114, 113, 97, 98,-1,
		 99, 98, 114, 115,-1,
		 115, 114, 98, 99,-1,
		 100, 99, 115, 116,-1,
		 116, 115, 99, 100,-1,
		 101, 100, 116, 117,-1,
		 117, 116, 100, 101,-1,
		 102, 101, 117, 118,-1,
		 118, 117, 101, 102,-1,
		 103, 102, 118, 119,-1,
		 119, 118, 102, 103,-1,
		 104, 103, 119, 120,-1,
		 120, 119, 103, 104,-1,
		 105, 104, 120, 121,-1,
		 121, 120, 104, 105,-1,
		 106, 105, 121, 122,-1,
		 122, 121, 105, 106,-1,
		 107, 106, 122, 123,-1,
		 123, 122, 106, 107,-1,
		 108, 107, 123, 124,-1,
		 124, 123, 107, 108,-1,
		 109, 108, 124, 125,-1,
		 125, 124, 108, 109,-1,
		 110, 109, 125, 126,-1,
		 126, 125, 109, 110,-1,
		 111, 110, 126, 127,-1,
		 127, 126, 110, 111,-1,
		 112, 111, 127, 128,-1,
		 128, 127, 111, 112,-1,
		 113, 128, 144, 129,-1,
		 129, 144, 128, 113,-1,
		 114, 113, 129, 130,-1,
		 130, 129, 113, 114,-1,
		 115, 114, 130, 131,-1,
		 131, 130, 114, 115,-1,
		 116, 115, 131, 132,-1,
		 132, 131, 115, 116,-1,
		 117, 116, 132, 133,-1,
		 133, 132, 116, 117,-1,
		 118, 117, 133, 134,-1,
		 134, 133, 117, 118,-1,
		 119, 118, 134, 135,-1,
		 135, 134, 118, 119,-1,
		 120, 119, 135, 136,-1,
		 136, 135, 119, 120,-1,
		 121, 120, 136, 137,-1,
		 137, 136, 120, 121,-1,
		 122, 121, 137, 138,-1,
		 138, 137, 121, 122,-1,
		 123, 122, 138, 139,-1,
		 139, 138, 122, 123,-1,
		 124, 123, 139, 140,-1,
		 140, 139, 123, 124,-1,
		 125, 124, 140, 141,-1,
		 141, 140, 124, 125,-1,
		 126, 125, 141, 142,-1,
		 142, 141, 125, 126,-1,
		 127, 126, 142, 143,-1,
		 143, 142, 126, 127,-1,
		 128, 127, 143, 144,-1,
		 144, 143, 127, 128,-1,
		 129, 144, 145,-1,
		 145, 144, 129,-1,
		 130, 129, 145,-1,
		 145, 129, 130,-1,
		 131, 130, 145,-1,
		 145, 130, 131,-1,
		 132, 131, 145,-1,
		 145, 131, 132,-1,
		 133, 132, 145,-1,
		 145, 132, 133,-1,
		 134, 133, 145,-1,
		 145, 133, 134,-1,
		 135, 134, 145,-1,
		 145, 134, 135,-1,
		 136, 135, 145,-1,
		 145, 135, 136,-1,
		 137, 136, 145,-1,
		 145, 136, 137,-1,
		 138, 137, 145,-1,
		 145, 137, 138,-1,
		 139, 138, 145,-1,
		 145, 138, 139,-1,
		 140, 139, 145,-1,
		 145, 139, 140,-1,
		 141, 140, 145,-1,
		 145, 140, 141,-1,
		 142, 141, 145,-1,
		 145, 141, 142,-1,
		 143, 142, 145,-1,
		 145, 142, 143,-1,
		 144, 143, 145,-1,
		 145, 143, 144,-1,
		]
	} #IndexedFaceSet
} #Polyhedron
Separator { #Polyhedron
	DEF COORD139 Coordinate3 {
		point [
		 -0.8636 2.1336 -0.0000,
		 -0.8636 0.0000 -0.0000,
		 -1.7780 0.0000 -0.0000,
		 -1.7780 2.1336 -0.0000,
		 -0.8636 2.1336 -0.0508,
		 -0.8636 0.0000 -0.0508,
		 -1.7780 0.0000 -0.0508,
		 -1.7780 2.1336 -0.0508
		]
	} #Coordinate3
	Material {
		ambientColor      0.1735 0.1735 0.1735  #ambientColor
		diffuseColor      0.6941 0.6941 0.6941  #diffuseColor
		transparency      0.0000                #transparency
	} #Material

	IndexedFaceSet {
		coordIndex [ 
		 0, 1, 2, 3,-1,
		 3, 2, 1, 0,-1,
		 0, 3, 7, 4,-1,
		 4, 7, 3, 0,-1,
		 1, 0, 4, 5,-1,
		 5, 4, 0, 1,-1,
		 2, 1, 5, 6,-1,
		 6, 5, 1, 2,-1,
		 3, 2, 6, 7,-1,
		 7, 6, 2, 3,-1,
		 7, 6, 5, 4,-1,
		 4, 5, 6, 7,-1,
		]
	} #IndexedFaceSet
} #Polyhedron
Separator { #Polyhedron
	DEF COORD140 Coordinate3 {
		point [
		 -1.6383 0.9144 -0.0508,
		 -1.6383 0.9449 -0.0597,
		 -1.6266 0.9426 -0.0597,
		 -1.6167 0.9360 -0.0597,
		 -1.6101 0.9261 -0.0597,
		 -1.6078 0.9144 -0.0597,
		 -1.6101 0.9027 -0.0597,
		 -1.6167 0.8928 -0.0597,
		 -1.6266 0.8862 -0.0597,
		 -1.6383 0.8839 -0.0597,
		 -1.6500 0.8862 -0.0597,
		 -1.6599 0.8928 -0.0597,
		 -1.6665 0.9027 -0.0597,
		 -1.6688 0.9144 -0.0597,
		 -1.6665 0.9261 -0.0597,
		 -1.6599 0.9360 -0.0597,
		 -1.6500 0.9426 -0.0597,
		 -1.6383 0.9550 -0.0686,
		 -1.6227 0.9519 -0.0686,
		 -1.6096 0.9431 -0.0686,
		 -1.6008 0.9300 -0.0686,
		 -1.5977 0.9144 -0.0686,
		 -1.6008 0.8988 -0.0686,
		 -1.6096 0.8857 -0.0686,
		 -1.6227 0.8769 -0.0686,
		 -1.6383 0.8738 -0.0686,
		 -1.6539 0.8769 -0.0686,
		 -1.6670 0.8857 -0.0686,
		 -1.6758 0.8988 -0.0686,
		 -1.6789 0.9144 -0.0686,
		 -1.6758 0.9300 -0.0686,
		 -1.6670 0.9431 -0.0686,
		 -1.6539 0.9519 -0.0686,
		 -1.6383 0.9610 -0.0775,
		 -1.6205 0.9574 -0.0775,
		 -1.6054 0.9473 -0.0775,
		 -1.5953 0.9322 -0.0775,
		 -1.5917 0.9144 -0.0775,
		 -1.5953 0.8966 -0.0775,
		 -1.6054 0.8815 -0.0775,
		 -1.6205 0.8714 -0.0775,
		 -1.6383 0.8678 -0.0775,
		 -1.6561 0.8714 -0.0775,
		 -1.6712 0.8815 -0.0775,
		 -1.6813 0.8966 -0.0775,
		 -1.6849 0.9144 -0.0775,
		 -1.6813 0.9322 -0.0775,
		 -1.6712 0.9473 -0.0775,
		 -1.6561 0.9574 -0.0775,
		 -1.6383 0.9642 -0.0864,
		 -1.6193 0.9604 -0.0864,
		 -1.6031 0.9496 -0.0864,
		 -1.5923 0.9334 -0.0864,
		 -1.5885 0.9144 -0.0864,
		 -1.5923 0.8954 -0.0864,
		 -1.6031 0.8792 -0.0864,
		 -1.6193 0.8684 -0.0864,
		 -1.6383 0.8646 -0.0864,
		 -1.6573 0.8684 -0.0864,
		 -1.6735 0.8792 -0.0864,
		 -1.6843 0.8954 -0.0864,
		 -1.6881 0.9144 -0.0864,
		 -1.6843 0.9334 -0.0864,
		 -1.6735 0.9496 -0.0864,
		 -1.6573 0.9604 -0.0864,
		 -1.6383 0.9652 -0.0952,
		 -1.6189 0.9613 -0.0952,
		 -1.6024 0.9503 -0.0952,
		 -1.5914 0.9338 -0.0952,
		 -1.5875 0.9144 -0.0952,
		 -1.5914 0.8950 -0.0952,
		 -1.6024 0.8785 -0.0952,
		 -1.6189 0.8675 -0.0952,
		 -1.6383 0.8636 -0.0952,
		 -1.6577 0.8675 -0.0952,
		 -1.6742 0.8785 -0.0952,
		 -1.6852 0.8950 -0.0952,
		 -1.6891 0.9144 -0.0952,
		 -1.6852 0.9338 -0.0952,
		 -1.6742 0.9503 -0.0952,
		 -1.6577 0.9613 -0.0952,
		 -1.6383 0.9642 -0.1041,
		 -1.6193 0.9604 -0.1041,
		 -1.6031 0.9496 -0.1041,
		 -1.5923 0.9334 -0.1041,
		 -1.5885 0.9144 -0.1041,
		 -1.5923 0.8954 -0.1041,
		 -1.6031 0.8792 -0.1041,
		 -1.6193 0.8684 -0.1041,
		 -1.6383 0.8646 -0.1041,
		 -1.6573 0.8684 -0.1041,
		 -1.6735 0.8792 -0.1041,
		 -1.6843 0.8954 -0.1041,
		 -1.6881 0.9144 -0.1041,
		 -1.6843 0.9334 -0.1041,
		 -1.6735 0.9496 -0.1041,
		 -1.6573 0.9604 -0.1041,
		 -1.6383 0.9610 -0.1130,
		 -1.6205 0.9574 -0.1130,
		 -1.6054 0.9473 -0.1130,
		 -1.5953 0.9322 -0.1130,
		 -1.5917 0.9144 -0.1130,
		 -1.5953 0.8966 -0.1130,
		 -1.6054 0.8815 -0.1130,
		 -1.6205 0.8714 -0.1130,
		 -1.6383 0.8678 -0.1130,
		 -1.6561 0.8714 -0.1130,
		 -1.6712 0.8815 -0.1130,
		 -1.6813 0.8966 -0.1130,
		 -1.6849 0.9144 -0.1130,
		 -1.6813 0.9322 -0.1130,
		 -1.6712 0.9473 -0.1130,
		 -1.6561 0.9574 -0.1130,
		 -1.6383 0.9550 -0.1219,
		 -1.6227 0.9519 -0.1219,
		 -1.6096 0.9431 -0.1219,
		 -1.6008 0.9300 -0.1219,
		 -1.5977 0.9144 -0.1219,
		 -1.6008 0.8988 -0.1219,
		 -1.6096 0.8857 -0.1219,
		 -1.6227 0.8769 -0.1219,
		 -1.6383 0.8738 -0.1219,
		 -1.6539 0.8769 -0.1219,
		 -1.6670 0.8857 -0.1219,
		 -1.6758 0.8988 -0.1219,
		 -1.6789 0.9144 -0.1219,
		 -1.6758 0.9300 -0.1219,
		 -1.6670 0.9431 -0.1219,
		 -1.6539 0.9519 -0.1219,
		 -1.6383 0.9449 -0.1308,
		 -1.6266 0.9426 -0.1308,
		 -1.6167 0.9360 -0.1308,
		 -1.6101 0.9261 -0.1308,
		 -1.6078 0.9144 -0.1308,
		 -1.6101 0.9027 -0.1308,
		 -1.6167 0.8928 -0.1308,
		 -1.6266 0.8862 -0.1308,
		 -1.6383 0.8839 -0.1308,
		 -1.6500 0.8862 -0.1308,
		 -1.6599 0.8928 -0.1308,
		 -1.6665 0.9027 -0.1308,
		 -1.6688 0.9144 -0.1308,
		 -1.6665 0.9261 -0.1308,
		 -1.6599 0.9360 -0.1308,
		 -1.6500 0.9426 -0.1308,
		 -1.6383 0.9144 -0.1397
		]
	} #Coordinate3
	Material {
		ambientColor      0.1804 0.1804 0.1804  #ambientColor
		diffuseColor      0.7216 0.7216 0.7216  #diffuseColor
		transparency      0.0000                #transparency
	} #Material

	IndexedFaceSet {
		coordIndex [ 
		 0, 16, 1,-1,
		 1, 16, 0,-1,
		 0, 1, 2,-1,
		 2, 1, 0,-1,
		 0, 2, 3,-1,
		 3, 2, 0,-1,
		 0, 3, 4,-1,
		 4, 3, 0,-1,
		 0, 4, 5,-1,
		 5, 4, 0,-1,
		 0, 5, 6,-1,
		 6, 5, 0,-1,
		 0, 6, 7,-1,
		 7, 6, 0,-1,
		 0, 7, 8,-1,
		 8, 7, 0,-1,
		 0, 8, 9,-1,
		 9, 8, 0,-1,
		 0, 9, 10,-1,
		 10, 9, 0,-1,
		 0, 10, 11,-1,
		 11, 10, 0,-1,
		 0, 11, 12,-1,
		 12, 11, 0,-1,
		 0, 12, 13,-1,
		 13, 12, 0,-1,
		 0, 13, 14,-1,
		 14, 13, 0,-1,
		 0, 14, 15,-1,
		 15, 14, 0,-1,
		 0, 15, 16,-1,
		 16, 15, 0,-1,
		 1, 16, 32, 17,-1,
		 17, 32, 16, 1,-1,
		 2, 1, 17, 18,-1,
		 18, 17, 1, 2,-1,
		 3, 2, 18, 19,-1,
		 19, 18, 2, 3,-1,
		 4, 3, 19, 20,-1,
		 20, 19, 3, 4,-1,
		 5, 4, 20, 21,-1,
		 21, 20, 4, 5,-1,
		 6, 5, 21, 22,-1,
		 22, 21, 5, 6,-1,
		 7, 6, 22, 23,-1,
		 23, 22, 6, 7,-1,
		 8, 7, 23, 24,-1,
		 24, 23, 7, 8,-1,
		 9, 8, 24, 25,-1,
		 25, 24, 8, 9,-1,
		 10, 9, 25, 26,-1,
		 26, 25, 9, 10,-1,
		 11, 10, 26, 27,-1,
		 27, 26, 10, 11,-1,
		 12, 11, 27, 28,-1,
		 28, 27, 11, 12,-1,
		 13, 12, 28, 29,-1,
		 29, 28, 12, 13,-1,
		 14, 13, 29, 30,-1,
		 30, 29, 13, 14,-1,
		 15, 14, 30, 31,-1,
		 31, 30, 14, 15,-1,
		 16, 15, 31, 32,-1,
		 32, 31, 15, 16,-1,
		 17, 32, 48, 33,-1,
		 33, 48, 32, 17,-1,
		 18, 17, 33, 34,-1,
		 34, 33, 17, 18,-1,
		 19, 18, 34, 35,-1,
		 35, 34, 18, 19,-1,
		 20, 19, 35, 36,-1,
		 36, 35, 19, 20,-1,
		 21, 20, 36, 37,-1,
		 37, 36, 20, 21,-1,
		 22, 21, 37, 38,-1,
		 38, 37, 21, 22,-1,
		 23, 22, 38, 39,-1,
		 39, 38, 22, 23,-1,
		 24, 23, 39, 40,-1,
		 40, 39, 23, 24,-1,
		 25, 24, 40, 41,-1,
		 41, 40, 24, 25,-1,
		 26, 25, 41, 42,-1,
		 42, 41, 25, 26,-1,
		 27, 26, 42, 43,-1,
		 43, 42, 26, 27,-1,
		 28, 27, 43, 44,-1,
		 44, 43, 27, 28,-1,
		 29, 28, 44, 45,-1,
		 45, 44, 28, 29,-1,
		 30, 29, 45, 46,-1,
		 46, 45, 29, 30,-1,
		 31, 30, 46, 47,-1,
		 47, 46, 30, 31,-1,
		 32, 31, 47, 48,-1,
		 48, 47, 31, 32,-1,
		 33, 48, 64, 49,-1,
		 49, 64, 48, 33,-1,
		 34, 33, 49, 50,-1,
		 50, 49, 33, 34,-1,
		 35, 34, 50, 51,-1,
		 51, 50, 34, 35,-1,
		 36, 35, 51, 52,-1,
		 52, 51, 35, 36,-1,
		 37, 36, 52, 53,-1,
		 53, 52, 36, 37,-1,
		 38, 37, 53, 54,-1,
		 54, 53, 37, 38,-1,
		 39, 38, 54, 55,-1,
		 55, 54, 38, 39,-1,
		 40, 39, 55, 56,-1,
		 56, 55, 39, 40,-1,
		 41, 40, 56, 57,-1,
		 57, 56, 40, 41,-1,
		 42, 41, 57, 58,-1,
		 58, 57, 41, 42,-1,
		 43, 42, 58, 59,-1,
		 59, 58, 42, 43,-1,
		 44, 43, 59, 60,-1,
		 60, 59, 43, 44,-1,
		 45, 44, 60, 61,-1,
		 61, 60, 44, 45,-1,
		 46, 45, 61, 62,-1,
		 62, 61, 45, 46,-1,
		 47, 46, 62, 63,-1,
		 63, 62, 46, 47,-1,
		 48, 47, 63, 64,-1,
		 64, 63, 47, 48,-1,
		 49, 64, 80, 65,-1,
		 65, 80, 64, 49,-1,
		 50, 49, 65, 66,-1,
		 66, 65, 49, 50,-1,
		 51, 50, 66, 67,-1,
		 67, 66, 50, 51,-1,
		 52, 51, 67, 68,-1,
		 68, 67, 51, 52,-1,
		 53, 52, 68, 69,-1,
		 69, 68, 52, 53,-1,
		 54, 53, 69, 70,-1,
		 70, 69, 53, 54,-1,
		 55, 54, 70, 71,-1,
		 71, 70, 54, 55,-1,
		 56, 55, 71, 72,-1,
		 72, 71, 55, 56,-1,
		 57, 56, 72, 73,-1,
		 73, 72, 56, 57,-1,
		 58, 57, 73, 74,-1,
		 74, 73, 57, 58,-1,
		 59, 58, 74, 75,-1,
		 75, 74, 58, 59,-1,
		 60, 59, 75, 76,-1,
		 76, 75, 59, 60,-1,
		 61, 60, 76, 77,-1,
		 77, 76, 60, 61,-1,
		 62, 61, 77, 78,-1,
		 78, 77, 61, 62,-1,
		 63, 62, 78, 79,-1,
		 79, 78, 62, 63,-1,
		 64, 63, 79, 80,-1,
		 80, 79, 63, 64,-1,
		 65, 80, 96, 81,-1,
		 81, 96, 80, 65,-1,
		 66, 65, 81, 82,-1,
		 82, 81, 65, 66,-1,
		 67, 66, 82, 83,-1,
		 83, 82, 66, 67,-1,
		 68, 67, 83, 84,-1,
		 84, 83, 67, 68,-1,
		 69, 68, 84, 85,-1,
		 85, 84, 68, 69,-1,
		 70, 69, 85, 86,-1,
		 86, 85, 69, 70,-1,
		 71, 70, 86, 87,-1,
		 87, 86, 70, 71,-1,
		 72, 71, 87, 88,-1,
		 88, 87, 71, 72,-1,
		 73, 72, 88, 89,-1,
		 89, 88, 72, 73,-1,
		 74, 73, 89, 90,-1,
		 90, 89, 73, 74,-1,
		 75, 74, 90, 91,-1,
		 91, 90, 74, 75,-1,
		 76, 75, 91, 92,-1,
		 92, 91, 75, 76,-1,
		 77, 76, 92, 93,-1,
		 93, 92, 76, 77,-1,
		 78, 77, 93, 94,-1,
		 94, 93, 77, 78,-1,
		 79, 78, 94, 95,-1,
		 95, 94, 78, 79,-1,
		 80, 79, 95, 96,-1,
		 96, 95, 79, 80,-1,
		 81, 96, 112, 97,-1,
		 97, 112, 96, 81,-1,
		 82, 81, 97, 98,-1,
		 98, 97, 81, 82,-1,
		 83, 82, 98, 99,-1,
		 99, 98, 82, 83,-1,
		 84, 83, 99, 100,-1,
		 100, 99, 83, 84,-1,
		 85, 84, 100, 101,-1,
		 101, 100, 84, 85,-1,
		 86, 85, 101, 102,-1,
		 102, 101, 85, 86,-1,
		 87, 86, 102, 103,-1,
		 103, 102, 86, 87,-1,
		 88, 87, 103, 104,-1,
		 104, 103, 87, 88,-1,
		 89, 88, 104, 105,-1,
		 105, 104, 88, 89,-1,
		 90, 89, 105, 106,-1,
		 106, 105, 89, 90,-1,
		 91, 90, 106, 107,-1,
		 107, 106, 90, 91,-1,
		 92, 91, 107, 108,-1,
		 108, 107, 91, 92,-1,
		 93, 92, 108, 109,-1,
		 109, 108, 92, 93,-1,
		 94, 93, 109, 110,-1,
		 110, 109, 93, 94,-1,
		 95, 94, 110, 111,-1,
		 111, 110, 94, 95,-1,
		 96, 95, 111, 112,-1,
		 112, 111, 95, 96,-1,
		 97, 112, 128, 113,-1,
		 113, 128, 112, 97,-1,
		 98, 97, 113, 114,-1,
		 114, 113, 97, 98,-1,
		 99, 98, 114, 115,-1,
		 115, 114, 98, 99,-1,
		 100, 99, 115, 116,-1,
		 116, 115, 99, 100,-1,
		 101, 100, 116, 117,-1,
		 117, 116, 100, 101,-1,
		 102, 101, 117, 118,-1,
		 118, 117, 101, 102,-1,
		 103, 102, 118, 119,-1,
		 119, 118, 102, 103,-1,
		 104, 103, 119, 120,-1,
		 120, 119, 103, 104,-1,
		 105, 104, 120, 121,-1,
		 121, 120, 104, 105,-1,
		 106, 105, 121, 122,-1,
		 122, 121, 105, 106,-1,
		 107, 106, 122, 123,-1,
		 123, 122, 106, 107,-1,
		 108, 107, 123, 124,-1,
		 124, 123, 107, 108,-1,
		 109, 108, 124, 125,-1,
		 125, 124, 108, 109,-1,
		 110, 109, 125, 126,-1,
		 126, 125, 109, 110,-1,
		 111, 110, 126, 127,-1,
		 127, 126, 110, 111,-1,
		 112, 111, 127, 128,-1,
		 128, 127, 111, 112,-1,
		 113, 128, 144, 129,-1,
		 129, 144, 128, 113,-1,
		 114, 113, 129, 130,-1,
		 130, 129, 113, 114,-1,
		 115, 114, 130, 131,-1,
		 131, 130, 114, 115,-1,
		 116, 115, 131, 132,-1,
		 132, 131, 115, 116,-1,
		 117, 116, 132, 133,-1,
		 133, 132, 116, 117,-1,
		 118, 117, 133, 134,-1,
		 134, 133, 117, 118,-1,
		 119, 118, 134, 135,-1,
		 135, 134, 118, 119,-1,
		 120, 119, 135, 136,-1,
		 136, 135, 119, 120,-1,
		 121, 120, 136, 137,-1,
		 137, 136, 120, 121,-1,
		 122, 121, 137, 138,-1,
		 138, 137, 121, 122,-1,
		 123, 122, 138, 139,-1,
		 139, 138, 122, 123,-1,
		 124, 123, 139, 140,-1,
		 140, 139, 123, 124,-1,
		 125, 124, 140, 141,-1,
		 141, 140, 124, 125,-1,
		 126, 125, 141, 142,-1,
		 142, 141, 125, 126,-1,
		 127, 126, 142, 143,-1,
		 143, 142, 126, 127,-1,
		 128, 127, 143, 144,-1,
		 144, 143, 127, 128,-1,
		 129, 144, 145,-1,
		 145, 144, 129,-1,
		 130, 129, 145,-1,
		 145, 129, 130,-1,
		 131, 130, 145,-1,
		 145, 130, 131,-1,
		 132, 131, 145,-1,
		 145, 131, 132,-1,
		 133, 132, 145,-1,
		 145, 132, 133,-1,
		 134, 133, 145,-1,
		 145, 133, 134,-1,
		 135, 134, 145,-1,
		 145, 134, 135,-1,
		 136, 135, 145,-1,
		 145, 135, 136,-1,
		 137, 136, 145,-1,
		 145, 136, 137,-1,
		 138, 137, 145,-1,
		 145, 137, 138,-1,
		 139, 138, 145,-1,
		 145, 138, 139,-1,
		 140, 139, 145,-1,
		 145, 139, 140,-1,
		 141, 140, 145,-1,
		 145, 140, 141,-1,
		 142, 141, 145,-1,
		 145, 141, 142,-1,
		 143, 142, 145,-1,
		 145, 142, 143,-1,
		 144, 143, 145,-1,
		 145, 143, 144,-1,
		]
	} #IndexedFaceSet
} #Polyhedron
Separator { #Polyhedron
	DEF COORD141 Coordinate3 {
		point [
		 -1.9178 0.9144 -0.0508,
		 -1.9178 0.9449 -0.0597,
		 -1.9061 0.9426 -0.0597,
		 -1.8962 0.9360 -0.0597,
		 -1.8896 0.9261 -0.0597,
		 -1.8873 0.9144 -0.0597,
		 -1.8896 0.9027 -0.0597,
		 -1.8962 0.8928 -0.0597,
		 -1.9061 0.8862 -0.0597,
		 -1.9178 0.8839 -0.0597,
		 -1.9294 0.8862 -0.0597,
		 -1.9393 0.8928 -0.0597,
		 -1.9459 0.9027 -0.0597,
		 -1.9483 0.9144 -0.0597,
		 -1.9459 0.9261 -0.0597,
		 -1.9393 0.9360 -0.0597,
		 -1.9294 0.9426 -0.0597,
		 -1.9178 0.9550 -0.0686,
		 -1.9022 0.9519 -0.0686,
		 -1.8890 0.9431 -0.0686,
		 -1.8802 0.9300 -0.0686,
		 -1.8771 0.9144 -0.0686,
		 -1.8802 0.8988 -0.0686,
		 -1.8890 0.8857 -0.0686,
		 -1.9022 0.8769 -0.0686,
		 -1.9178 0.8738 -0.0686,
		 -1.9333 0.8769 -0.0686,
		 -1.9465 0.8857 -0.0686,
		 -1.9553 0.8988 -0.0686,
		 -1.9584 0.9144 -0.0686,
		 -1.9553 0.9300 -0.0686,
		 -1.9465 0.9431 -0.0686,
		 -1.9333 0.9519 -0.0686,
		 -1.9178 0.9610 -0.0775,
		 -1.9000 0.9574 -0.0775,
		 -1.8849 0.9473 -0.0775,
		 -1.8748 0.9322 -0.0775,
		 -1.8712 0.9144 -0.0775,
		 -1.8748 0.8966 -0.0775,
		 -1.8849 0.8815 -0.0775,
		 -1.9000 0.8714 -0.0775,
		 -1.9178 0.8678 -0.0775,
		 -1.9356 0.8714 -0.0775,
		 -1.9507 0.8815 -0.0775,
		 -1.9608 0.8966 -0.0775,
		 -1.9643 0.9144 -0.0775,
		 -1.9608 0.9322 -0.0775,
		 -1.9507 0.9473 -0.0775,
		 -1.9356 0.9574 -0.0775,
		 -1.9178 0.9642 -0.0864,
		 -1.8987 0.9604 -0.0864,
		 -1.8826 0.9496 -0.0864,
		 -1.8718 0.9334 -0.0864,
		 -1.8680 0.9144 -0.0864,
		 -1.8718 0.8954 -0.0864,
		 -1.8826 0.8792 -0.0864,
		 -1.8987 0.8684 -0.0864,
		 -1.9178 0.8646 -0.0864,
		 -1.9368 0.8684 -0.0864,
		 -1.9530 0.8792 -0.0864,
		 -1.9638 0.8954 -0.0864,
		 -1.9675 0.9144 -0.0864,
		 -1.9638 0.9334 -0.0864,
		 -1.9530 0.9496 -0.0864,
		 -1.9368 0.9604 -0.0864,
		 -1.9178 0.9652 -0.0953,
		 -1.8983 0.9613 -0.0953,
		 -1.8819 0.9503 -0.0953,
		 -1.8708 0.9338 -0.0953,
		 -1.8670 0.9144 -0.0953,
		 -1.8708 0.8950 -0.0953,
		 -1.8819 0.8785 -0.0953,
		 -1.8983 0.8675 -0.0953,
		 -1.9178 0.8636 -0.0953,
		 -1.9372 0.8675 -0.0953,
		 -1.9537 0.8785 -0.0953,
		 -1.9647 0.8950 -0.0953,
		 -1.9686 0.9144 -0.0953,
		 -1.9647 0.9338 -0.0953,
		 -1.9537 0.9503 -0.0953,
		 -1.9372 0.9613 -0.0953,
		 -1.9178 0.9642 -0.1041,
		 -1.8987 0.9604 -0.1041,
		 -1.8826 0.9496 -0.1041,
		 -1.8718 0.9334 -0.1041,
		 -1.8680 0.9144 -0.1041,
		 -1.8718 0.8954 -0.1041,
		 -1.8826 0.8792 -0.1041,
		 -1.8987 0.8684 -0.1041,
		 -1.9178 0.8646 -0.1041,
		 -1.9368 0.8684 -0.1041,
		 -1.9530 0.8792 -0.1041,
		 -1.9638 0.8954 -0.1041,
		 -1.9675 0.9144 -0.1041,
		 -1.9638 0.9334 -0.1041,
		 -1.9530 0.9496 -0.1041,
		 -1.9368 0.9604 -0.1041,
		 -1.9178 0.9610 -0.1130,
		 -1.9000 0.9574 -0.1130,
		 -1.8849 0.9473 -0.1130,
		 -1.8748 0.9322 -0.1130,
		 -1.8712 0.9144 -0.1130,
		 -1.8748 0.8966 -0.1130,
		 -1.8849 0.8815 -0.1130,
		 -1.9000 0.8714 -0.1130,
		 -1.9178 0.8678 -0.1130,
		 -1.9356 0.8714 -0.1130,
		 -1.9507 0.8815 -0.1130,
		 -1.9608 0.8966 -0.1130,
		 -1.9643 0.9144 -0.1130,
		 -1.9608 0.9322 -0.1130,
		 -1.9507 0.9473 -0.1130,
		 -1.9356 0.9574 -0.1130,
		 -1.9178 0.9550 -0.1219,
		 -1.9022 0.9519 -0.1219,
		 -1.8890 0.9431 -0.1219,
		 -1.8802 0.9300 -0.1219,
		 -1.8771 0.9144 -0.1219,
		 -1.8802 0.8988 -0.1219,
		 -1.8890 0.8857 -0.1219,
		 -1.9022 0.8769 -0.1219,
		 -1.9178 0.8738 -0.1219,
		 -1.9333 0.8769 -0.1219,
		 -1.9465 0.8857 -0.1219,
		 -1.9553 0.8988 -0.1219,
		 -1.9584 0.9144 -0.1219,
		 -1.9553 0.9300 -0.1219,
		 -1.9465 0.9431 -0.1219,
		 -1.9333 0.9519 -0.1219,
		 -1.9178 0.9449 -0.1308,
		 -1.9061 0.9426 -0.1308,
		 -1.8962 0.9360 -0.1308,
		 -1.8896 0.9261 -0.1308,
		 -1.8873 0.9144 -0.1308,
		 -1.8896 0.9027 -0.1308,
		 -1.8962 0.8928 -0.1308,
		 -1.9061 0.8862 -0.1308,
		 -1.9178 0.8839 -0.1308,
		 -1.9294 0.8862 -0.1308,
		 -1.9393 0.8928 -0.1308,
		 -1.9459 0.9027 -0.1308,
		 -1.9483 0.9144 -0.1308,
		 -1.9459 0.9261 -0.1308,
		 -1.9393 0.9360 -0.1308,
		 -1.9294 0.9426 -0.1308,
		 -1.9178 0.9144 -0.1397
		]
	} #Coordinate3
	Material {
		ambientColor      0.1804 0.1804 0.1804  #ambientColor
		diffuseColor      0.7216 0.7216 0.7216  #diffuseColor
		transparency      0.0000                #transparency
	} #Material

	IndexedFaceSet {
		coordIndex [ 
		 0, 16, 1,-1,
		 1, 16, 0,-1,
		 0, 1, 2,-1,
		 2, 1, 0,-1,
		 0, 2, 3,-1,
		 3, 2, 0,-1,
		 0, 3, 4,-1,
		 4, 3, 0,-1,
		 0, 4, 5,-1,
		 5, 4, 0,-1,
		 0, 5, 6,-1,
		 6, 5, 0,-1,
		 0, 6, 7,-1,
		 7, 6, 0,-1,
		 0, 7, 8,-1,
		 8, 7, 0,-1,
		 0, 8, 9,-1,
		 9, 8, 0,-1,
		 0, 9, 10,-1,
		 10, 9, 0,-1,
		 0, 10, 11,-1,
		 11, 10, 0,-1,
		 0, 11, 12,-1,
		 12, 11, 0,-1,
		 0, 12, 13,-1,
		 13, 12, 0,-1,
		 0, 13, 14,-1,
		 14, 13, 0,-1,
		 0, 14, 15,-1,
		 15, 14, 0,-1,
		 0, 15, 16,-1,
		 16, 15, 0,-1,
		 1, 16, 32, 17,-1,
		 17, 32, 16, 1,-1,
		 2, 1, 17, 18,-1,
		 18, 17, 1, 2,-1,
		 3, 2, 18, 19,-1,
		 19, 18, 2, 3,-1,
		 4, 3, 19, 20,-1,
		 20, 19, 3, 4,-1,
		 5, 4, 20, 21,-1,
		 21, 20, 4, 5,-1,
		 6, 5, 21, 22,-1,
		 22, 21, 5, 6,-1,
		 7, 6, 22, 23,-1,
		 23, 22, 6, 7,-1,
		 8, 7, 23, 24,-1,
		 24, 23, 7, 8,-1,
		 9, 8, 24, 25,-1,
		 25, 24, 8, 9,-1,
		 10, 9, 25, 26,-1,
		 26, 25, 9, 10,-1,
		 11, 10, 26, 27,-1,
		 27, 26, 10, 11,-1,
		 12, 11, 27, 28,-1,
		 28, 27, 11, 12,-1,
		 13, 12, 28, 29,-1,
		 29, 28, 12, 13,-1,
		 14, 13, 29, 30,-1,
		 30, 29, 13, 14,-1,
		 15, 14, 30, 31,-1,
		 31, 30, 14, 15,-1,
		 16, 15, 31, 32,-1,
		 32, 31, 15, 16,-1,
		 17, 32, 48, 33,-1,
		 33, 48, 32, 17,-1,
		 18, 17, 33, 34,-1,
		 34, 33, 17, 18,-1,
		 19, 18, 34, 35,-1,
		 35, 34, 18, 19,-1,
		 20, 19, 35, 36,-1,
		 36, 35, 19, 20,-1,
		 21, 20, 36, 37,-1,
		 37, 36, 20, 21,-1,
		 22, 21, 37, 38,-1,
		 38, 37, 21, 22,-1,
		 23, 22, 38, 39,-1,
		 39, 38, 22, 23,-1,
		 24, 23, 39, 40,-1,
		 40, 39, 23, 24,-1,
		 25, 24, 40, 41,-1,
		 41, 40, 24, 25,-1,
		 26, 25, 41, 42,-1,
		 42, 41, 25, 26,-1,
		 27, 26, 42, 43,-1,
		 43, 42, 26, 27,-1,
		 28, 27, 43, 44,-1,
		 44, 43, 27, 28,-1,
		 29, 28, 44, 45,-1,
		 45, 44, 28, 29,-1,
		 30, 29, 45, 46,-1,
		 46, 45, 29, 30,-1,
		 31, 30, 46, 47,-1,
		 47, 46, 30, 31,-1,
		 32, 31, 47, 48,-1,
		 48, 47, 31, 32,-1,
		 33, 48, 64, 49,-1,
		 49, 64, 48, 33,-1,
		 34, 33, 49, 50,-1,
		 50, 49, 33, 34,-1,
		 35, 34, 50, 51,-1,
		 51, 50, 34, 35,-1,
		 36, 35, 51, 52,-1,
		 52, 51, 35, 36,-1,
		 37, 36, 52, 53,-1,
		 53, 52, 36, 37,-1,
		 38, 37, 53, 54,-1,
		 54, 53, 37, 38,-1,
		 39, 38, 54, 55,-1,
		 55, 54, 38, 39,-1,
		 40, 39, 55, 56,-1,
		 56, 55, 39, 40,-1,
		 41, 40, 56, 57,-1,
		 57, 56, 40, 41,-1,
		 42, 41, 57, 58,-1,
		 58, 57, 41, 42,-1,
		 43, 42, 58, 59,-1,
		 59, 58, 42, 43,-1,
		 44, 43, 59, 60,-1,
		 60, 59, 43, 44,-1,
		 45, 44, 60, 61,-1,
		 61, 60, 44, 45,-1,
		 46, 45, 61, 62,-1,
		 62, 61, 45, 46,-1,
		 47, 46, 62, 63,-1,
		 63, 62, 46, 47,-1,
		 48, 47, 63, 64,-1,
		 64, 63, 47, 48,-1,
		 49, 64, 80, 65,-1,
		 65, 80, 64, 49,-1,
		 50, 49, 65, 66,-1,
		 66, 65, 49, 50,-1,
		 51, 50, 66, 67,-1,
		 67, 66, 50, 51,-1,
		 52, 51, 67, 68,-1,
		 68, 67, 51, 52,-1,
		 53, 52, 68, 69,-1,
		 69, 68, 52, 53,-1,
		 54, 53, 69, 70,-1,
		 70, 69, 53, 54,-1,
		 55, 54, 70, 71,-1,
		 71, 70, 54, 55,-1,
		 56, 55, 71, 72,-1,
		 72, 71, 55, 56,-1,
		 57, 56, 72, 73,-1,
		 73, 72, 56, 57,-1,
		 58, 57, 73, 74,-1,
		 74, 73, 57, 58,-1,
		 59, 58, 74, 75,-1,
		 75, 74, 58, 59,-1,
		 60, 59, 75, 76,-1,
		 76, 75, 59, 60,-1,
		 61, 60, 76, 77,-1,
		 77, 76, 60, 61,-1,
		 62, 61, 77, 78,-1,
		 78, 77, 61, 62,-1,
		 63, 62, 78, 79,-1,
		 79, 78, 62, 63,-1,
		 64, 63, 79, 80,-1,
		 80, 79, 63, 64,-1,
		 65, 80, 96, 81,-1,
		 81, 96, 80, 65,-1,
		 66, 65, 81, 82,-1,
		 82, 81, 65, 66,-1,
		 67, 66, 82, 83,-1,
		 83, 82, 66, 67,-1,
		 68, 67, 83, 84,-1,
		 84, 83, 67, 68,-1,
		 69, 68, 84, 85,-1,
		 85, 84, 68, 69,-1,
		 70, 69, 85, 86,-1,
		 86, 85, 69, 70,-1,
		 71, 70, 86, 87,-1,
		 87, 86, 70, 71,-1,
		 72, 71, 87, 88,-1,
		 88, 87, 71, 72,-1,
		 73, 72, 88, 89,-1,
		 89, 88, 72, 73,-1,
		 74, 73, 89, 90,-1,
		 90, 89, 73, 74,-1,
		 75, 74, 90, 91,-1,
		 91, 90, 74, 75,-1,
		 76, 75, 91, 92,-1,
		 92, 91, 75, 76,-1,
		 77, 76, 92, 93,-1,
		 93, 92, 76, 77,-1,
		 78, 77, 93, 94,-1,
		 94, 93, 77, 78,-1,
		 79, 78, 94, 95,-1,
		 95, 94, 78, 79,-1,
		 80, 79, 95, 96,-1,
		 96, 95, 79, 80,-1,
		 81, 96, 112, 97,-1,
		 97, 112, 96, 81,-1,
		 82, 81, 97, 98,-1,
		 98, 97, 81, 82,-1,
		 83, 82, 98, 99,-1,
		 99, 98, 82, 83,-1,
		 84, 83, 99, 100,-1,
		 100, 99, 83, 84,-1,
		 85, 84, 100, 101,-1,
		 101, 100, 84, 85,-1,
		 86, 85, 101, 102,-1,
		 102, 101, 85, 86,-1,
		 87, 86, 102, 103,-1,
		 103, 102, 86, 87,-1,
		 88, 87, 103, 104,-1,
		 104, 103, 87, 88,-1,
		 89, 88, 104, 105,-1,
		 105, 104, 88, 89,-1,
		 90, 89, 105, 106,-1,
		 106, 105, 89, 90,-1,
		 91, 90, 106, 107,-1,
		 107, 106, 90, 91,-1,
		 92, 91, 107, 108,-1,
		 108, 107, 91, 92,-1,
		 93, 92, 108, 109,-1,
		 109, 108, 92, 93,-1,
		 94, 93, 109, 110,-1,
		 110, 109, 93, 94,-1,
		 95, 94, 110, 111,-1,
		 111, 110, 94, 95,-1,
		 96, 95, 111, 112,-1,
		 112, 111, 95, 96,-1,
		 97, 112, 128, 113,-1,
		 113, 128, 112, 97,-1,
		 98, 97, 113, 114,-1,
		 114, 113, 97, 98,-1,
		 99, 98, 114, 115,-1,
		 115, 114, 98, 99,-1,
		 100, 99, 115, 116,-1,
		 116, 115, 99, 100,-1,
		 101, 100, 116, 117,-1,
		 117, 116, 100, 101,-1,
		 102, 101, 117, 118,-1,
		 118, 117, 101, 102,-1,
		 103, 102, 118, 119,-1,
		 119, 118, 102, 103,-1,
		 104, 103, 119, 120,-1,
		 120, 119, 103, 104,-1,
		 105, 104, 120, 121,-1,
		 121, 120, 104, 105,-1,
		 106, 105, 121, 122,-1,
		 122, 121, 105, 106,-1,
		 107, 106, 122, 123,-1,
		 123, 122, 106, 107,-1,
		 108, 107, 123, 124,-1,
		 124, 123, 107, 108,-1,
		 109, 108, 124, 125,-1,
		 125, 124, 108, 109,-1,
		 110, 109, 125, 126,-1,
		 126, 125, 109, 110,-1,
		 111, 110, 126, 127,-1,
		 127, 126, 110, 111,-1,
		 112, 111, 127, 128,-1,
		 128, 127, 111, 112,-1,
		 113, 128, 144, 129,-1,
		 129, 144, 128, 113,-1,
		 114, 113, 129, 130,-1,
		 130, 129, 113, 114,-1,
		 115, 114, 130, 131,-1,
		 131, 130, 114, 115,-1,
		 116, 115, 131, 132,-1,
		 132, 131, 115, 116,-1,
		 117, 116, 132, 133,-1,
		 133, 132, 116, 117,-1,
		 118, 117, 133, 134,-1,
		 134, 133, 117, 118,-1,
		 119, 118, 134, 135,-1,
		 135, 134, 118, 119,-1,
		 120, 119, 135, 136,-1,
		 136, 135, 119, 120,-1,
		 121, 120, 136, 137,-1,
		 137, 136, 120, 121,-1,
		 122, 121, 137, 138,-1,
		 138, 137, 121, 122,-1,
		 123, 122, 138, 139,-1,
		 139, 138, 122, 123,-1,
		 124, 123, 139, 140,-1,
		 140, 139, 123, 124,-1,
		 125, 124, 140, 141,-1,
		 141, 140, 124, 125,-1,
		 126, 125, 141, 142,-1,
		 142, 141, 125, 126,-1,
		 127, 126, 142, 143,-1,
		 143, 142, 126, 127,-1,
		 128, 127, 143, 144,-1,
		 144, 143, 127, 128,-1,
		 129, 144, 145,-1,
		 145, 144, 129,-1,
		 130, 129, 145,-1,
		 145, 129, 130,-1,
		 131, 130, 145,-1,
		 145, 130, 131,-1,
		 132, 131, 145,-1,
		 145, 131, 132,-1,
		 133, 132, 145,-1,
		 145, 132, 133,-1,
		 134, 133, 145,-1,
		 145, 133, 134,-1,
		 135, 134, 145,-1,
		 145, 134, 135,-1,
		 136, 135, 145,-1,
		 145, 135, 136,-1,
		 137, 136, 145,-1,
		 145, 136, 137,-1,
		 138, 137, 145,-1,
		 145, 137, 138,-1,
		 139, 138, 145,-1,
		 145, 138, 139,-1,
		 140, 139, 145,-1,
		 145, 139, 140,-1,
		 141, 140, 145,-1,
		 145, 140, 141,-1,
		 142, 141, 145,-1,
		 145, 141, 142,-1,
		 143, 142, 145,-1,
		 145, 142, 143,-1,
		 144, 143, 145,-1,
		 145, 143, 144,-1,
		]
	} #IndexedFaceSet
} #Polyhedron
Separator { #Polyhedron
	DEF COORD142 Coordinate3 {
		point [
		 -1.7781 2.1336 -0.0000,
		 -1.7781 0.0000 -0.0000,
		 -2.6925 0.0000 -0.0000,
		 -2.6925 2.1336 -0.0000,
		 -1.7781 2.1336 -0.0508,
		 -1.7781 0.0000 -0.0508,
		 -2.6925 0.0000 -0.0508,
		 -2.6925 2.1336 -0.0508
		]
	} #Coordinate3
	Material {
		ambientColor      0.1735 0.1735 0.1735  #ambientColor
		diffuseColor      0.6941 0.6941 0.6941  #diffuseColor
		transparency      0.0000                #transparency
	} #Material

	IndexedFaceSet {
		coordIndex [ 
		 0, 1, 2, 3,-1,
		 3, 2, 1, 0,-1,
		 0, 3, 7, 4,-1,
		 4, 7, 3, 0,-1,
		 1, 0, 4, 5,-1,
		 5, 4, 0, 1,-1,
		 2, 1, 5, 6,-1,
		 6, 5, 1, 2,-1,
		 3, 2, 6, 7,-1,
		 7, 6, 2, 3,-1,
		 7, 6, 5, 4,-1,
		 4, 5, 6, 7,-1,
		]
	} #IndexedFaceSet
} #Polyhedron
Separator { #Polyhedron
	DEF COORD143 Coordinate3 {
		point [
		 -0.0762 2.8016 -5.9436,
		 -0.0737 2.7940 -5.9436,
		 0.0025 2.8194 -5.9436,
		 0.0000 2.8270 -5.9436,
		 -0.0762 2.8016 -3.8100,
		 -0.0737 2.7940 -3.8100,
		 0.0025 2.8194 -3.8100,
		 0.0000 2.8270 -3.8100
		]
	} #Coordinate3
	Material {
		ambientColor      0.2500 0.2500 0.2500  #ambientColor
		diffuseColor      1.0000 1.0000 1.0000  #diffuseColor
		transparency      0.0000                #transparency
	} #Material

	IndexedFaceSet {
		coordIndex [ 
		 0, 1, 2, 3,-1,
		 3, 2, 1, 0,-1,
		 0, 3, 7, 4,-1,
		 4, 7, 3, 0,-1,
		 1, 0, 4, 5,-1,
		 5, 4, 0, 1,-1,
		 2, 1, 5, 6,-1,
		 6, 5, 1, 2,-1,
		 3, 2, 6, 7,-1,
		 7, 6, 2, 3,-1,
		 7, 6, 5, 4,-1,
		 4, 5, 6, 7,-1,
		]
	} #IndexedFaceSet
} #Polyhedron
Separator { #Polyhedron
	DEF COORD144 Coordinate3 {
		point [
		 -0.0762 2.7000 -5.9436,
		 -0.0737 2.6924 -5.9436,
		 0.0025 2.7178 -5.9436,
		 0.0000 2.7254 -5.9436,
		 -0.0762 2.7000 -3.8100,
		 -0.0737 2.6924 -3.8100,
		 0.0025 2.7178 -3.8100,
		 0.0000 2.7254 -3.8100
		]
	} #Coordinate3
	Material {
		ambientColor      0.2500 0.2500 0.2500  #ambientColor
		diffuseColor      1.0000 1.0000 1.0000  #diffuseColor
		transparency      0.0000                #transparency
	} #Material

	IndexedFaceSet {
		coordIndex [ 
		 0, 1, 2, 3,-1,
		 3, 2, 1, 0,-1,
		 0, 3, 7, 4,-1,
		 4, 7, 3, 0,-1,
		 1, 0, 4, 5,-1,
		 5, 4, 0, 1,-1,
		 2, 1, 5, 6,-1,
		 6, 5, 1, 2,-1,
		 3, 2, 6, 7,-1,
		 7, 6, 2, 3,-1,
		 7, 6, 5, 4,-1,
		 4, 5, 6, 7,-1,
		]
	} #IndexedFaceSet
} #Polyhedron
Separator { #Polyhedron
	DEF COORD145 Coordinate3 {
		point [
		 -0.0762 2.5984 -5.9436,
		 -0.0737 2.5908 -5.9436,
		 0.0025 2.6162 -5.9436,
		 0.0000 2.6238 -5.9436,
		 -0.0762 2.5984 -3.8100,
		 -0.0737 2.5908 -3.8100,
		 0.0025 2.6162 -3.8100,
		 0.0000 2.6238 -3.8100
		]
	} #Coordinate3
	Material {
		ambientColor      0.2500 0.2500 0.2500  #ambientColor
		diffuseColor      1.0000 1.0000 1.0000  #diffuseColor
		transparency      0.0000                #transparency
	} #Material

	IndexedFaceSet {
		coordIndex [ 
		 0, 1, 2, 3,-1,
		 3, 2, 1, 0,-1,
		 0, 3, 7, 4,-1,
		 4, 7, 3, 0,-1,
		 1, 0, 4, 5,-1,
		 5, 4, 0, 1,-1,
		 2, 1, 5, 6,-1,
		 6, 5, 1, 2,-1,
		 3, 2, 6, 7,-1,
		 7, 6, 2, 3,-1,
		 7, 6, 5, 4,-1,
		 4, 5, 6, 7,-1,
		]
	} #IndexedFaceSet
} #Polyhedron
Separator { #Polyhedron
	DEF COORD146 Coordinate3 {
		point [
		 -0.0762 2.4968 -5.9436,
		 -0.0737 2.4892 -5.9436,
		 0.0025 2.5146 -5.9436,
		 0.0000 2.5222 -5.9436,
		 -0.0762 2.4968 -3.8100,
		 -0.0737 2.4892 -3.8100,
		 0.0025 2.5146 -3.8100,
		 0.0000 2.5222 -3.8100
		]
	} #Coordinate3
	Material {
		ambientColor      0.2500 0.2500 0.2500  #ambientColor
		diffuseColor      1.0000 1.0000 1.0000  #diffuseColor
		transparency      0.0000                #transparency
	} #Material

	IndexedFaceSet {
		coordIndex [ 
		 0, 1, 2, 3,-1,
		 3, 2, 1, 0,-1,
		 0, 3, 7, 4,-1,
		 4, 7, 3, 0,-1,
		 1, 0, 4, 5,-1,
		 5, 4, 0, 1,-1,
		 2, 1, 5, 6,-1,
		 6, 5, 1, 2,-1,
		 3, 2, 6, 7,-1,
		 7, 6, 2, 3,-1,
		 7, 6, 5, 4,-1,
		 4, 5, 6, 7,-1,
		]
	} #IndexedFaceSet
} #Polyhedron
Separator { #Polyhedron
	DEF COORD147 Coordinate3 {
		point [
		 -0.0762 2.3952 -5.9436,
		 -0.0737 2.3876 -5.9436,
		 0.0025 2.4130 -5.9436,
		 0.0000 2.4206 -5.9436,
		 -0.0762 2.3952 -3.8100,
		 -0.0737 2.3876 -3.8100,
		 0.0025 2.4130 -3.8100,
		 0.0000 2.4206 -3.8100
		]
	} #Coordinate3
	Material {
		ambientColor      0.2500 0.2500 0.2500  #ambientColor
		diffuseColor      1.0000 1.0000 1.0000  #diffuseColor
		transparency      0.0000                #transparency
	} #Material

	IndexedFaceSet {
		coordIndex [ 
		 0, 1, 2, 3,-1,
		 3, 2, 1, 0,-1,
		 0, 3, 7, 4,-1,
		 4, 7, 3, 0,-1,
		 1, 0, 4, 5,-1,
		 5, 4, 0, 1,-1,
		 2, 1, 5, 6,-1,
		 6, 5, 1, 2,-1,
		 3, 2, 6, 7,-1,
		 7, 6, 2, 3,-1,
		 7, 6, 5, 4,-1,
		 4, 5, 6, 7,-1,
		]
	} #IndexedFaceSet
} #Polyhedron
Separator { #Polyhedron
	DEF COORD148 Coordinate3 {
		point [
		 -0.0762 2.2936 -5.9436,
		 -0.0737 2.2860 -5.9436,
		 0.0025 2.3114 -5.9436,
		 0.0000 2.3190 -5.9436,
		 -0.0762 2.2936 -3.8100,
		 -0.0737 2.2860 -3.8100,
		 0.0025 2.3114 -3.8100,
		 0.0000 2.3190 -3.8100
		]
	} #Coordinate3
	Material {
		ambientColor      0.2500 0.2500 0.2500  #ambientColor
		diffuseColor      1.0000 1.0000 1.0000  #diffuseColor
		transparency      0.0000                #transparency
	} #Material

	IndexedFaceSet {
		coordIndex [ 
		 0, 1, 2, 3,-1,
		 3, 2, 1, 0,-1,
		 0, 3, 7, 4,-1,
		 4, 7, 3, 0,-1,
		 1, 0, 4, 5,-1,
		 5, 4, 0, 1,-1,
		 2, 1, 5, 6,-1,
		 6, 5, 1, 2,-1,
		 3, 2, 6, 7,-1,
		 7, 6, 2, 3,-1,
		 7, 6, 5, 4,-1,
		 4, 5, 6, 7,-1,
		]
	} #IndexedFaceSet
} #Polyhedron
Separator { #Polyhedron
	DEF COORD149 Coordinate3 {
		point [
		 -0.0762 2.1920 -5.9436,
		 -0.0737 2.1844 -5.9436,
		 0.0025 2.2098 -5.9436,
		 0.0000 2.2174 -5.9436,
		 -0.0762 2.1920 -3.8100,
		 -0.0737 2.1844 -3.8100,
		 0.0025 2.2098 -3.8100,
		 0.0000 2.2174 -3.8100
		]
	} #Coordinate3
	Material {
		ambientColor      0.2500 0.2500 0.2500  #ambientColor
		diffuseColor      1.0000 1.0000 1.0000  #diffuseColor
		transparency      0.0000                #transparency
	} #Material

	IndexedFaceSet {
		coordIndex [ 
		 0, 1, 2, 3,-1,
		 3, 2, 1, 0,-1,
		 0, 3, 7, 4,-1,
		 4, 7, 3, 0,-1,
		 1, 0, 4, 5,-1,
		 5, 4, 0, 1,-1,
		 2, 1, 5, 6,-1,
		 6, 5, 1, 2,-1,
		 3, 2, 6, 7,-1,
		 7, 6, 2, 3,-1,
		 7, 6, 5, 4,-1,
		 4, 5, 6, 7,-1,
		]
	} #IndexedFaceSet
} #Polyhedron
Separator { #Polyhedron
	DEF COORD150 Coordinate3 {
		point [
		 -0.0762 2.0904 -5.9436,
		 -0.0737 2.0828 -5.9436,
		 0.0025 2.1082 -5.9436,
		 0.0000 2.1158 -5.9436,
		 -0.0762 2.0904 -3.8100,
		 -0.0737 2.0828 -3.8100,
		 0.0025 2.1082 -3.8100,
		 0.0000 2.1158 -3.8100
		]
	} #Coordinate3
	Material {
		ambientColor      0.2500 0.2500 0.2500  #ambientColor
		diffuseColor      1.0000 1.0000 1.0000  #diffuseColor
		transparency      0.0000                #transparency
	} #Material

	IndexedFaceSet {
		coordIndex [ 
		 0, 1, 2, 3,-1,
		 3, 2, 1, 0,-1,
		 0, 3, 7, 4,-1,
		 4, 7, 3, 0,-1,
		 1, 0, 4, 5,-1,
		 5, 4, 0, 1,-1,
		 2, 1, 5, 6,-1,
		 6, 5, 1, 2,-1,
		 3, 2, 6, 7,-1,
		 7, 6, 2, 3,-1,
		 7, 6, 5, 4,-1,
		 4, 5, 6, 7,-1,
		]
	} #IndexedFaceSet
} #Polyhedron
Separator { #Polyhedron
	DEF COORD151 Coordinate3 {
		point [
		 -0.0762 1.9888 -5.9436,
		 -0.0737 1.9812 -5.9436,
		 0.0025 2.0066 -5.9436,
		 0.0000 2.0142 -5.9436,
		 -0.0762 1.9888 -3.8100,
		 -0.0737 1.9812 -3.8100,
		 0.0025 2.0066 -3.8100,
		 0.0000 2.0142 -3.8100
		]
	} #Coordinate3
	Material {
		ambientColor      0.2500 0.2500 0.2500  #ambientColor
		diffuseColor      1.0000 1.0000 1.0000  #diffuseColor
		transparency      0.0000                #transparency
	} #Material

	IndexedFaceSet {
		coordIndex [ 
		 0, 1, 2, 3,-1,
		 3, 2, 1, 0,-1,
		 0, 3, 7, 4,-1,
		 4, 7, 3, 0,-1,
		 1, 0, 4, 5,-1,
		 5, 4, 0, 1,-1,
		 2, 1, 5, 6,-1,
		 6, 5, 1, 2,-1,
		 3, 2, 6, 7,-1,
		 7, 6, 2, 3,-1,
		 7, 6, 5, 4,-1,
		 4, 5, 6, 7,-1,
		]
	} #IndexedFaceSet
} #Polyhedron
Separator { #Polyhedron
	DEF COORD152 Coordinate3 {
		point [
		 -0.0762 1.8872 -5.9436,
		 -0.0737 1.8796 -5.9436,
		 0.0025 1.9050 -5.9436,
		 0.0000 1.9126 -5.9436,
		 -0.0762 1.8872 -3.8100,
		 -0.0737 1.8796 -3.8100,
		 0.0025 1.9050 -3.8100,
		 0.0000 1.9126 -3.8100
		]
	} #Coordinate3
	Material {
		ambientColor      0.2500 0.2500 0.2500  #ambientColor
		diffuseColor      1.0000 1.0000 1.0000  #diffuseColor
		transparency      0.0000                #transparency
	} #Material

	IndexedFaceSet {
		coordIndex [ 
		 0, 1, 2, 3,-1,
		 3, 2, 1, 0,-1,
		 0, 3, 7, 4,-1,
		 4, 7, 3, 0,-1,
		 1, 0, 4, 5,-1,
		 5, 4, 0, 1,-1,
		 2, 1, 5, 6,-1,
		 6, 5, 1, 2,-1,
		 3, 2, 6, 7,-1,
		 7, 6, 2, 3,-1,
		 7, 6, 5, 4,-1,
		 4, 5, 6, 7,-1,
		]
	} #IndexedFaceSet
} #Polyhedron
Separator { #Polyhedron
	DEF COORD153 Coordinate3 {
		point [
		 -0.0762 1.7856 -5.9436,
		 -0.0737 1.7780 -5.9436,
		 0.0025 1.8034 -5.9436,
		 0.0000 1.8110 -5.9436,
		 -0.0762 1.7856 -3.8100,
		 -0.0737 1.7780 -3.8100,
		 0.0025 1.8034 -3.8100,
		 0.0000 1.8110 -3.8100
		]
	} #Coordinate3
	Material {
		ambientColor      0.2500 0.2500 0.2500  #ambientColor
		diffuseColor      1.0000 1.0000 1.0000  #diffuseColor
		transparency      0.0000                #transparency
	} #Material

	IndexedFaceSet {
		coordIndex [ 
		 0, 1, 2, 3,-1,
		 3, 2, 1, 0,-1,
		 0, 3, 7, 4,-1,
		 4, 7, 3, 0,-1,
		 1, 0, 4, 5,-1,
		 5, 4, 0, 1,-1,
		 2, 1, 5, 6,-1,
		 6, 5, 1, 2,-1,
		 3, 2, 6, 7,-1,
		 7, 6, 2, 3,-1,
		 7, 6, 5, 4,-1,
		 4, 5, 6, 7,-1,
		]
	} #IndexedFaceSet
} #Polyhedron
Separator { #Polyhedron
	DEF COORD154 Coordinate3 {
		point [
		 -0.0762 1.6840 -5.9436,
		 -0.0737 1.6764 -5.9436,
		 0.0025 1.7018 -5.9436,
		 0.0000 1.7094 -5.9436,
		 -0.0762 1.6840 -3.8100,
		 -0.0737 1.6764 -3.8100,
		 0.0025 1.7018 -3.8100,
		 0.0000 1.7094 -3.8100
		]
	} #Coordinate3
	Material {
		ambientColor      0.2500 0.2500 0.2500  #ambientColor
		diffuseColor      1.0000 1.0000 1.0000  #diffuseColor
		transparency      0.0000                #transparency
	} #Material

	IndexedFaceSet {
		coordIndex [ 
		 0, 1, 2, 3,-1,
		 3, 2, 1, 0,-1,
		 0, 3, 7, 4,-1,
		 4, 7, 3, 0,-1,
		 1, 0, 4, 5,-1,
		 5, 4, 0, 1,-1,
		 2, 1, 5, 6,-1,
		 6, 5, 1, 2,-1,
		 3, 2, 6, 7,-1,
		 7, 6, 2, 3,-1,
		 7, 6, 5, 4,-1,
		 4, 5, 6, 7,-1,
		]
	} #IndexedFaceSet
} #Polyhedron
Separator { #Polyhedron
	DEF COORD155 Coordinate3 {
		point [
		 -0.0762 1.5824 -5.9436,
		 -0.0737 1.5748 -5.9436,
		 0.0025 1.6002 -5.9436,
		 0.0000 1.6078 -5.9436,
		 -0.0762 1.5824 -3.8100,
		 -0.0737 1.5748 -3.8100,
		 0.0025 1.6002 -3.8100,
		 0.0000 1.6078 -3.8100
		]
	} #Coordinate3
	Material {
		ambientColor      0.2500 0.2500 0.2500  #ambientColor
		diffuseColor      1.0000 1.0000 1.0000  #diffuseColor
		transparency      0.0000                #transparency
	} #Material

	IndexedFaceSet {
		coordIndex [ 
		 0, 1, 2, 3,-1,
		 3, 2, 1, 0,-1,
		 0, 3, 7, 4,-1,
		 4, 7, 3, 0,-1,
		 1, 0, 4, 5,-1,
		 5, 4, 0, 1,-1,
		 2, 1, 5, 6,-1,
		 6, 5, 1, 2,-1,
		 3, 2, 6, 7,-1,
		 7, 6, 2, 3,-1,
		 7, 6, 5, 4,-1,
		 4, 5, 6, 7,-1,
		]
	} #IndexedFaceSet
} #Polyhedron
Separator { #Polyhedron
	DEF COORD156 Coordinate3 {
		point [
		 -0.0762 1.4808 -5.9436,
		 -0.0737 1.4732 -5.9436,
		 0.0025 1.4986 -5.9436,
		 0.0000 1.5062 -5.9436,
		 -0.0762 1.4808 -3.8100,
		 -0.0737 1.4732 -3.8100,
		 0.0025 1.4986 -3.8100,
		 0.0000 1.5062 -3.8100
		]
	} #Coordinate3
	Material {
		ambientColor      0.2500 0.2500 0.2500  #ambientColor
		diffuseColor      1.0000 1.0000 1.0000  #diffuseColor
		transparency      0.0000                #transparency
	} #Material

	IndexedFaceSet {
		coordIndex [ 
		 0, 1, 2, 3,-1,
		 3, 2, 1, 0,-1,
		 0, 3, 7, 4,-1,
		 4, 7, 3, 0,-1,
		 1, 0, 4, 5,-1,
		 5, 4, 0, 1,-1,
		 2, 1, 5, 6,-1,
		 6, 5, 1, 2,-1,
		 3, 2, 6, 7,-1,
		 7, 6, 2, 3,-1,
		 7, 6, 5, 4,-1,
		 4, 5, 6, 7,-1,
		]
	} #IndexedFaceSet
} #Polyhedron
Separator { #Polyhedron
	DEF COORD157 Coordinate3 {
		point [
		 -0.0762 1.3792 -5.9436,
		 -0.0737 1.3716 -5.9436,
		 0.0025 1.3970 -5.9436,
		 0.0000 1.4046 -5.9436,
		 -0.0762 1.3792 -3.8100,
		 -0.0737 1.3716 -3.8100,
		 0.0025 1.3970 -3.8100,
		 0.0000 1.4046 -3.8100
		]
	} #Coordinate3
	Material {
		ambientColor      0.2500 0.2500 0.2500  #ambientColor
		diffuseColor      1.0000 1.0000 1.0000  #diffuseColor
		transparency      0.0000                #transparency
	} #Material

	IndexedFaceSet {
		coordIndex [ 
		 0, 1, 2, 3,-1,
		 3, 2, 1, 0,-1,
		 0, 3, 7, 4,-1,
		 4, 7, 3, 0,-1,
		 1, 0, 4, 5,-1,
		 5, 4, 0, 1,-1,
		 2, 1, 5, 6,-1,
		 6, 5, 1, 2,-1,
		 3, 2, 6, 7,-1,
		 7, 6, 2, 3,-1,
		 7, 6, 5, 4,-1,
		 4, 5, 6, 7,-1,
		]
	} #IndexedFaceSet
} #Polyhedron
Separator { #Polyhedron
	DEF COORD158 Coordinate3 {
		point [
		 -0.0762 1.2776 -5.9436,
		 -0.0737 1.2700 -5.9436,
		 0.0025 1.2954 -5.9436,
		 0.0000 1.3030 -5.9436,
		 -0.0762 1.2776 -3.8100,
		 -0.0737 1.2700 -3.8100,
		 0.0025 1.2954 -3.8100,
		 0.0000 1.3030 -3.8100
		]
	} #Coordinate3
	Material {
		ambientColor      0.2500 0.2500 0.2500  #ambientColor
		diffuseColor      1.0000 1.0000 1.0000  #diffuseColor
		transparency      0.0000                #transparency
	} #Material

	IndexedFaceSet {
		coordIndex [ 
		 0, 1, 2, 3,-1,
		 3, 2, 1, 0,-1,
		 0, 3, 7, 4,-1,
		 4, 7, 3, 0,-1,
		 1, 0, 4, 5,-1,
		 5, 4, 0, 1,-1,
		 2, 1, 5, 6,-1,
		 6, 5, 1, 2,-1,
		 3, 2, 6, 7,-1,
		 7, 6, 2, 3,-1,
		 7, 6, 5, 4,-1,
		 4, 5, 6, 7,-1,
		]
	} #IndexedFaceSet
} #Polyhedron
Separator { #Polyhedron
	DEF COORD159 Coordinate3 {
		point [
		 -0.0762 1.1760 -5.9436,
		 -0.0737 1.1684 -5.9436,
		 0.0025 1.1938 -5.9436,
		 0.0000 1.2014 -5.9436,
		 -0.0762 1.1760 -3.8100,
		 -0.0737 1.1684 -3.8100,
		 0.0025 1.1938 -3.8100,
		 0.0000 1.2014 -3.8100
		]
	} #Coordinate3
	Material {
		ambientColor      0.2500 0.2500 0.2500  #ambientColor
		diffuseColor      1.0000 1.0000 1.0000  #diffuseColor
		transparency      0.0000                #transparency
	} #Material

	IndexedFaceSet {
		coordIndex [ 
		 0, 1, 2, 3,-1,
		 3, 2, 1, 0,-1,
		 0, 3, 7, 4,-1,
		 4, 7, 3, 0,-1,
		 1, 0, 4, 5,-1,
		 5, 4, 0, 1,-1,
		 2, 1, 5, 6,-1,
		 6, 5, 1, 2,-1,
		 3, 2, 6, 7,-1,
		 7, 6, 2, 3,-1,
		 7, 6, 5, 4,-1,
		 4, 5, 6, 7,-1,
		]
	} #IndexedFaceSet
} #Polyhedron
Separator { #Polyhedron
	DEF COORD160 Coordinate3 {
		point [
		 -0.0762 1.0744 -5.9436,
		 -0.0737 1.0668 -5.9436,
		 0.0025 1.0922 -5.9436,
		 0.0000 1.0998 -5.9436,
		 -0.0762 1.0744 -3.8100,
		 -0.0737 1.0668 -3.8100,
		 0.0025 1.0922 -3.8100,
		 0.0000 1.0998 -3.8100
		]
	} #Coordinate3
	Material {
		ambientColor      0.2500 0.2500 0.2500  #ambientColor
		diffuseColor      1.0000 1.0000 1.0000  #diffuseColor
		transparency      0.0000                #transparency
	} #Material

	IndexedFaceSet {
		coordIndex [ 
		 0, 1, 2, 3,-1,
		 3, 2, 1, 0,-1,
		 0, 3, 7, 4,-1,
		 4, 7, 3, 0,-1,
		 1, 0, 4, 5,-1,
		 5, 4, 0, 1,-1,
		 2, 1, 5, 6,-1,
		 6, 5, 1, 2,-1,
		 3, 2, 6, 7,-1,
		 7, 6, 2, 3,-1,
		 7, 6, 5, 4,-1,
		 4, 5, 6, 7,-1,
		]
	} #IndexedFaceSet
} #Polyhedron
Separator { #Polyhedron
	DEF COORD161 Coordinate3 {
		point [
		 -0.0762 0.9728 -5.9436,
		 -0.0737 0.9652 -5.9436,
		 0.0025 0.9906 -5.9436,
		 0.0000 0.9982 -5.9436,
		 -0.0762 0.9728 -3.8100,
		 -0.0737 0.9652 -3.8100,
		 0.0025 0.9906 -3.8100,
		 0.0000 0.9982 -3.8100
		]
	} #Coordinate3
	Material {
		ambientColor      0.2500 0.2500 0.2500  #ambientColor
		diffuseColor      1.0000 1.0000 1.0000  #diffuseColor
		transparency      0.0000                #transparency
	} #Material

	IndexedFaceSet {
		coordIndex [ 
		 0, 1, 2, 3,-1,
		 3, 2, 1, 0,-1,
		 0, 3, 7, 4,-1,
		 4, 7, 3, 0,-1,
		 1, 0, 4, 5,-1,
		 5, 4, 0, 1,-1,
		 2, 1, 5, 6,-1,
		 6, 5, 1, 2,-1,
		 3, 2, 6, 7,-1,
		 7, 6, 2, 3,-1,
		 7, 6, 5, 4,-1,
		 4, 5, 6, 7,-1,
		]
	} #IndexedFaceSet
} #Polyhedron
Separator { #Polyhedron
	DEF COORD162 Coordinate3 {
		point [
		 -0.0762 0.8712 -5.9436,
		 -0.0737 0.8636 -5.9436,
		 0.0025 0.8890 -5.9436,
		 0.0000 0.8966 -5.9436,
		 -0.0762 0.8712 -3.8100,
		 -0.0737 0.8636 -3.8100,
		 0.0025 0.8890 -3.8100,
		 0.0000 0.8966 -3.8100
		]
	} #Coordinate3
	Material {
		ambientColor      0.2500 0.2500 0.2500  #ambientColor
		diffuseColor      1.0000 1.0000 1.0000  #diffuseColor
		transparency      0.0000                #transparency
	} #Material

	IndexedFaceSet {
		coordIndex [ 
		 0, 1, 2, 3,-1,
		 3, 2, 1, 0,-1,
		 0, 3, 7, 4,-1,
		 4, 7, 3, 0,-1,
		 1, 0, 4, 5,-1,
		 5, 4, 0, 1,-1,
		 2, 1, 5, 6,-1,
		 6, 5, 1, 2,-1,
		 3, 2, 6, 7,-1,
		 7, 6, 2, 3,-1,
		 7, 6, 5, 4,-1,
		 4, 5, 6, 7,-1,
		]
	} #IndexedFaceSet
} #Polyhedron
Separator { #Polyhedron
	DEF COORD163 Coordinate3 {
		point [
		 -0.0762 0.7696 -5.9436,
		 -0.0737 0.7620 -5.9436,
		 0.0025 0.7874 -5.9436,
		 0.0000 0.7950 -5.9436,
		 -0.0762 0.7696 -3.8100,
		 -0.0737 0.7620 -3.8100,
		 0.0025 0.7874 -3.8100,
		 0.0000 0.7950 -3.8100
		]
	} #Coordinate3
	Material {
		ambientColor      0.2500 0.2500 0.2500  #ambientColor
		diffuseColor      1.0000 1.0000 1.0000  #diffuseColor
		transparency      0.0000                #transparency
	} #Material

	IndexedFaceSet {
		coordIndex [ 
		 0, 1, 2, 3,-1,
		 3, 2, 1, 0,-1,
		 0, 3, 7, 4,-1,
		 4, 7, 3, 0,-1,
		 1, 0, 4, 5,-1,
		 5, 4, 0, 1,-1,
		 2, 1, 5, 6,-1,
		 6, 5, 1, 2,-1,
		 3, 2, 6, 7,-1,
		 7, 6, 2, 3,-1,
		 7, 6, 5, 4,-1,
		 4, 5, 6, 7,-1,
		]
	} #IndexedFaceSet
} #Polyhedron
Separator { #Polyhedron
	DEF COORD164 Coordinate3 {
		point [
		 -0.0762 0.6680 -5.9436,
		 -0.0737 0.6604 -5.9436,
		 0.0025 0.6858 -5.9436,
		 0.0000 0.6934 -5.9436,
		 -0.0762 0.6680 -3.8100,
		 -0.0737 0.6604 -3.8100,
		 0.0025 0.6858 -3.8100,
		 0.0000 0.6934 -3.8100
		]
	} #Coordinate3
	Material {
		ambientColor      0.2500 0.2500 0.2500  #ambientColor
		diffuseColor      1.0000 1.0000 1.0000  #diffuseColor
		transparency      0.0000                #transparency
	} #Material

	IndexedFaceSet {
		coordIndex [ 
		 0, 1, 2, 3,-1,
		 3, 2, 1, 0,-1,
		 0, 3, 7, 4,-1,
		 4, 7, 3, 0,-1,
		 1, 0, 4, 5,-1,
		 5, 4, 0, 1,-1,
		 2, 1, 5, 6,-1,
		 6, 5, 1, 2,-1,
		 3, 2, 6, 7,-1,
		 7, 6, 2, 3,-1,
		 7, 6, 5, 4,-1,
		 4, 5, 6, 7,-1,
		]
	} #IndexedFaceSet
} #Polyhedron
Separator { #Polyhedron
	DEF COORD165 Coordinate3 {
		point [
		 -0.0762 0.5664 -5.9436,
		 -0.0737 0.5588 -5.9436,
		 0.0025 0.5842 -5.9436,
		 0.0000 0.5918 -5.9436,
		 -0.0762 0.5664 -3.8100,
		 -0.0737 0.5588 -3.8100,
		 0.0025 0.5842 -3.8100,
		 0.0000 0.5918 -3.8100
		]
	} #Coordinate3
	Material {
		ambientColor      0.2500 0.2500 0.2500  #ambientColor
		diffuseColor      1.0000 1.0000 1.0000  #diffuseColor
		transparency      0.0000                #transparency
	} #Material

	IndexedFaceSet {
		coordIndex [ 
		 0, 1, 2, 3,-1,
		 3, 2, 1, 0,-1,
		 0, 3, 7, 4,-1,
		 4, 7, 3, 0,-1,
		 1, 0, 4, 5,-1,
		 5, 4, 0, 1,-1,
		 2, 1, 5, 6,-1,
		 6, 5, 1, 2,-1,
		 3, 2, 6, 7,-1,
		 7, 6, 2, 3,-1,
		 7, 6, 5, 4,-1,
		 4, 5, 6, 7,-1,
		]
	} #IndexedFaceSet
} #Polyhedron
Separator { #Polyhedron
	DEF COORD166 Coordinate3 {
		point [
		 -0.0762 0.4648 -5.9436,
		 -0.0737 0.4572 -5.9436,
		 0.0025 0.4826 -5.9436,
		 0.0000 0.4902 -5.9436,
		 -0.0762 0.4648 -3.8100,
		 -0.0737 0.4572 -3.8100,
		 0.0025 0.4826 -3.8100,
		 0.0000 0.4902 -3.8100
		]
	} #Coordinate3
	Material {
		ambientColor      0.2500 0.2500 0.2500  #ambientColor
		diffuseColor      1.0000 1.0000 1.0000  #diffuseColor
		transparency      0.0000                #transparency
	} #Material

	IndexedFaceSet {
		coordIndex [ 
		 0, 1, 2, 3,-1,
		 3, 2, 1, 0,-1,
		 0, 3, 7, 4,-1,
		 4, 7, 3, 0,-1,
		 1, 0, 4, 5,-1,
		 5, 4, 0, 1,-1,
		 2, 1, 5, 6,-1,
		 6, 5, 1, 2,-1,
		 3, 2, 6, 7,-1,
		 7, 6, 2, 3,-1,
		 7, 6, 5, 4,-1,
		 4, 5, 6, 7,-1,
		]
	} #IndexedFaceSet
} #Polyhedron
Separator { #Polyhedron
	DEF COORD167 Coordinate3 {
		point [
		 -0.0762 0.3632 -5.9436,
		 -0.0737 0.3556 -5.9436,
		 0.0025 0.3810 -5.9436,
		 0.0000 0.3886 -5.9436,
		 -0.0762 0.3632 -3.8100,
		 -0.0737 0.3556 -3.8100,
		 0.0025 0.3810 -3.8100,
		 0.0000 0.3886 -3.8100
		]
	} #Coordinate3
	Material {
		ambientColor      0.2500 0.2500 0.2500  #ambientColor
		diffuseColor      1.0000 1.0000 1.0000  #diffuseColor
		transparency      0.0000                #transparency
	} #Material

	IndexedFaceSet {
		coordIndex [ 
		 0, 1, 2, 3,-1,
		 3, 2, 1, 0,-1,
		 0, 3, 7, 4,-1,
		 4, 7, 3, 0,-1,
		 1, 0, 4, 5,-1,
		 5, 4, 0, 1,-1,
		 2, 1, 5, 6,-1,
		 6, 5, 1, 2,-1,
		 3, 2, 6, 7,-1,
		 7, 6, 2, 3,-1,
		 7, 6, 5, 4,-1,
		 4, 5, 6, 7,-1,
		]
	} #IndexedFaceSet
} #Polyhedron
Separator { #Polyhedron
	DEF COORD168 Coordinate3 {
		point [
		 -0.0762 0.2616 -5.9436,
		 -0.0737 0.2540 -5.9436,
		 0.0025 0.2794 -5.9436,
		 0.0000 0.2870 -5.9436,
		 -0.0762 0.2616 -3.8100,
		 -0.0737 0.2540 -3.8100,
		 0.0025 0.2794 -3.8100,
		 0.0000 0.2870 -3.8100
		]
	} #Coordinate3
	Material {
		ambientColor      0.2500 0.2500 0.2500  #ambientColor
		diffuseColor      1.0000 1.0000 1.0000  #diffuseColor
		transparency      0.0000                #transparency
	} #Material

	IndexedFaceSet {
		coordIndex [ 
		 0, 1, 2, 3,-1,
		 3, 2, 1, 0,-1,
		 0, 3, 7, 4,-1,
		 4, 7, 3, 0,-1,
		 1, 0, 4, 5,-1,
		 5, 4, 0, 1,-1,
		 2, 1, 5, 6,-1,
		 6, 5, 1, 2,-1,
		 3, 2, 6, 7,-1,
		 7, 6, 2, 3,-1,
		 7, 6, 5, 4,-1,
		 4, 5, 6, 7,-1,
		]
	} #IndexedFaceSet
} #Polyhedron
Separator { #Polyhedron
	DEF COORD169 Coordinate3 {
		point [
		 -0.0762 0.1600 -5.9436,
		 -0.0737 0.1524 -5.9436,
		 0.0025 0.1778 -5.9436,
		 0.0000 0.1854 -5.9436,
		 -0.0762 0.1600 -3.8100,
		 -0.0737 0.1524 -3.8100,
		 0.0025 0.1778 -3.8100,
		 0.0000 0.1854 -3.8100
		]
	} #Coordinate3
	Material {
		ambientColor      0.2500 0.2500 0.2500  #ambientColor
		diffuseColor      1.0000 1.0000 1.0000  #diffuseColor
		transparency      0.0000                #transparency
	} #Material

	IndexedFaceSet {
		coordIndex [ 
		 0, 1, 2, 3,-1,
		 3, 2, 1, 0,-1,
		 0, 3, 7, 4,-1,
		 4, 7, 3, 0,-1,
		 1, 0, 4, 5,-1,
		 5, 4, 0, 1,-1,
		 2, 1, 5, 6,-1,
		 6, 5, 1, 2,-1,
		 3, 2, 6, 7,-1,
		 7, 6, 2, 3,-1,
		 7, 6, 5, 4,-1,
		 4, 5, 6, 7,-1,
		]
	} #IndexedFaceSet
} #Polyhedron
Separator { #Polyhedron
	DEF COORD170 Coordinate3 {
		point [
		 -2.2860 2.8016 -6.0198,
		 -2.2860 2.7940 -6.0224,
		 -2.2860 2.8194 -6.0986,
		 -2.2860 2.8270 -6.0960,
		 -0.1524 2.8016 -6.0198,
		 -0.1524 2.7940 -6.0224,
		 -0.1524 2.8194 -6.0986,
		 -0.1524 2.8270 -6.0960
		]
	} #Coordinate3
	Material {
		ambientColor      0.2500 0.2500 0.2500  #ambientColor
		diffuseColor      1.0000 1.0000 1.0000  #diffuseColor
		transparency      0.0000                #transparency
	} #Material

	IndexedFaceSet {
		coordIndex [ 
		 0, 1, 2, 3,-1,
		 3, 2, 1, 0,-1,
		 0, 3, 7, 4,-1,
		 4, 7, 3, 0,-1,
		 1, 0, 4, 5,-1,
		 5, 4, 0, 1,-1,
		 2, 1, 5, 6,-1,
		 6, 5, 1, 2,-1,
		 3, 2, 6, 7,-1,
		 7, 6, 2, 3,-1,
		 7, 6, 5, 4,-1,
		 4, 5, 6, 7,-1,
		]
	} #IndexedFaceSet
} #Polyhedron
Separator { #Polyhedron
	DEF COORD171 Coordinate3 {
		point [
		 -2.2860 2.7000 -6.0198,
		 -2.2860 2.6924 -6.0224,
		 -2.2860 2.7178 -6.0986,
		 -2.2860 2.7254 -6.0960,
		 -0.1524 2.7000 -6.0198,
		 -0.1524 2.6924 -6.0224,
		 -0.1524 2.7178 -6.0986,
		 -0.1524 2.7254 -6.0960
		]
	} #Coordinate3
	Material {
		ambientColor      0.2500 0.2500 0.2500  #ambientColor
		diffuseColor      1.0000 1.0000 1.0000  #diffuseColor
		transparency      0.0000                #transparency
	} #Material

	IndexedFaceSet {
		coordIndex [ 
		 0, 1, 2, 3,-1,
		 3, 2, 1, 0,-1,
		 0, 3, 7, 4,-1,
		 4, 7, 3, 0,-1,
		 1, 0, 4, 5,-1,
		 5, 4, 0, 1,-1,
		 2, 1, 5, 6,-1,
		 6, 5, 1, 2,-1,
		 3, 2, 6, 7,-1,
		 7, 6, 2, 3,-1,
		 7, 6, 5, 4,-1,
		 4, 5, 6, 7,-1,
		]
	} #IndexedFaceSet
} #Polyhedron
Separator { #Polyhedron
	DEF COORD172 Coordinate3 {
		point [
		 -2.2860 2.5984 -6.0198,
		 -2.2860 2.5908 -6.0224,
		 -2.2860 2.6162 -6.0986,
		 -2.2860 2.6238 -6.0960,
		 -0.1524 2.5984 -6.0198,
		 -0.1524 2.5908 -6.0224,
		 -0.1524 2.6162 -6.0986,
		 -0.1524 2.6238 -6.0960
		]
	} #Coordinate3
	Material {
		ambientColor      0.2500 0.2500 0.2500  #ambientColor
		diffuseColor      1.0000 1.0000 1.0000  #diffuseColor
		transparency      0.0000                #transparency
	} #Material

	IndexedFaceSet {
		coordIndex [ 
		 0, 1, 2, 3,-1,
		 3, 2, 1, 0,-1,
		 0, 3, 7, 4,-1,
		 4, 7, 3, 0,-1,
		 1, 0, 4, 5,-1,
		 5, 4, 0, 1,-1,
		 2, 1, 5, 6,-1,
		 6, 5, 1, 2,-1,
		 3, 2, 6, 7,-1,
		 7, 6, 2, 3,-1,
		 7, 6, 5, 4,-1,
		 4, 5, 6, 7,-1,
		]
	} #IndexedFaceSet
} #Polyhedron
Separator { #Polyhedron
	DEF COORD173 Coordinate3 {
		point [
		 -2.2860 2.4968 -6.0198,
		 -2.2860 2.4892 -6.0224,
		 -2.2860 2.5146 -6.0986,
		 -2.2860 2.5222 -6.0960,
		 -0.1524 2.4968 -6.0198,
		 -0.1524 2.4892 -6.0224,
		 -0.1524 2.5146 -6.0986,
		 -0.1524 2.5222 -6.0960
		]
	} #Coordinate3
	Material {
		ambientColor      0.2500 0.2500 0.2500  #ambientColor
		diffuseColor      1.0000 1.0000 1.0000  #diffuseColor
		transparency      0.0000                #transparency
	} #Material

	IndexedFaceSet {
		coordIndex [ 
		 0, 1, 2, 3,-1,
		 3, 2, 1, 0,-1,
		 0, 3, 7, 4,-1,
		 4, 7, 3, 0,-1,
		 1, 0, 4, 5,-1,
		 5, 4, 0, 1,-1,
		 2, 1, 5, 6,-1,
		 6, 5, 1, 2,-1,
		 3, 2, 6, 7,-1,
		 7, 6, 2, 3,-1,
		 7, 6, 5, 4,-1,
		 4, 5, 6, 7,-1,
		]
	} #IndexedFaceSet
} #Polyhedron
Separator { #Polyhedron
	DEF COORD174 Coordinate3 {
		point [
		 -2.2860 2.3952 -6.0198,
		 -2.2860 2.3876 -6.0224,
		 -2.2860 2.4130 -6.0986,
		 -2.2860 2.4206 -6.0960,
		 -0.1524 2.3952 -6.0198,
		 -0.1524 2.3876 -6.0224,
		 -0.1524 2.4130 -6.0986,
		 -0.1524 2.4206 -6.0960
		]
	} #Coordinate3
	Material {
		ambientColor      0.2500 0.2500 0.2500  #ambientColor
		diffuseColor      1.0000 1.0000 1.0000  #diffuseColor
		transparency      0.0000                #transparency
	} #Material

	IndexedFaceSet {
		coordIndex [ 
		 0, 1, 2, 3,-1,
		 3, 2, 1, 0,-1,
		 0, 3, 7, 4,-1,
		 4, 7, 3, 0,-1,
		 1, 0, 4, 5,-1,
		 5, 4, 0, 1,-1,
		 2, 1, 5, 6,-1,
		 6, 5, 1, 2,-1,
		 3, 2, 6, 7,-1,
		 7, 6, 2, 3,-1,
		 7, 6, 5, 4,-1,
		 4, 5, 6, 7,-1,
		]
	} #IndexedFaceSet
} #Polyhedron
Separator { #Polyhedron
	DEF COORD175 Coordinate3 {
		point [
		 -2.2860 2.2936 -6.0198,
		 -2.2860 2.2860 -6.0224,
		 -2.2860 2.3114 -6.0986,
		 -2.2860 2.3190 -6.0960,
		 -0.1524 2.2936 -6.0198,
		 -0.1524 2.2860 -6.0224,
		 -0.1524 2.3114 -6.0986,
		 -0.1524 2.3190 -6.0960
		]
	} #Coordinate3
	Material {
		ambientColor      0.2500 0.2500 0.2500  #ambientColor
		diffuseColor      1.0000 1.0000 1.0000  #diffuseColor
		transparency      0.0000                #transparency
	} #Material

	IndexedFaceSet {
		coordIndex [ 
		 0, 1, 2, 3,-1,
		 3, 2, 1, 0,-1,
		 0, 3, 7, 4,-1,
		 4, 7, 3, 0,-1,
		 1, 0, 4, 5,-1,
		 5, 4, 0, 1,-1,
		 2, 1, 5, 6,-1,
		 6, 5, 1, 2,-1,
		 3, 2, 6, 7,-1,
		 7, 6, 2, 3,-1,
		 7, 6, 5, 4,-1,
		 4, 5, 6, 7,-1,
		]
	} #IndexedFaceSet
} #Polyhedron
Separator { #Polyhedron
	DEF COORD176 Coordinate3 {
		point [
		 -2.2860 2.1920 -6.0198,
		 -2.2860 2.1844 -6.0224,
		 -2.2860 2.2098 -6.0986,
		 -2.2860 2.2174 -6.0960,
		 -0.1524 2.1920 -6.0198,
		 -0.1524 2.1844 -6.0224,
		 -0.1524 2.2098 -6.0986,
		 -0.1524 2.2174 -6.0960
		]
	} #Coordinate3
	Material {
		ambientColor      0.2500 0.2500 0.2500  #ambientColor
		diffuseColor      1.0000 1.0000 1.0000  #diffuseColor
		transparency      0.0000                #transparency
	} #Material

	IndexedFaceSet {
		coordIndex [ 
		 0, 1, 2, 3,-1,
		 3, 2, 1, 0,-1,
		 0, 3, 7, 4,-1,
		 4, 7, 3, 0,-1,
		 1, 0, 4, 5,-1,
		 5, 4, 0, 1,-1,
		 2, 1, 5, 6,-1,
		 6, 5, 1, 2,-1,
		 3, 2, 6, 7,-1,
		 7, 6, 2, 3,-1,
		 7, 6, 5, 4,-1,
		 4, 5, 6, 7,-1,
		]
	} #IndexedFaceSet
} #Polyhedron
Separator { #Polyhedron
	DEF COORD177 Coordinate3 {
		point [
		 -2.2860 2.0904 -6.0198,
		 -2.2860 2.0828 -6.0224,
		 -2.2860 2.1082 -6.0986,
		 -2.2860 2.1158 -6.0960,
		 -0.1524 2.0904 -6.0198,
		 -0.1524 2.0828 -6.0224,
		 -0.1524 2.1082 -6.0986,
		 -0.1524 2.1158 -6.0960
		]
	} #Coordinate3
	Material {
		ambientColor      0.2500 0.2500 0.2500  #ambientColor
		diffuseColor      1.0000 1.0000 1.0000  #diffuseColor
		transparency      0.0000                #transparency
	} #Material

	IndexedFaceSet {
		coordIndex [ 
		 0, 1, 2, 3,-1,
		 3, 2, 1, 0,-1,
		 0, 3, 7, 4,-1,
		 4, 7, 3, 0,-1,
		 1, 0, 4, 5,-1,
		 5, 4, 0, 1,-1,
		 2, 1, 5, 6,-1,
		 6, 5, 1, 2,-1,
		 3, 2, 6, 7,-1,
		 7, 6, 2, 3,-1,
		 7, 6, 5, 4,-1,
		 4, 5, 6, 7,-1,
		]
	} #IndexedFaceSet
} #Polyhedron
Separator { #Polyhedron
	DEF COORD178 Coordinate3 {
		point [
		 -2.2860 1.9888 -6.0198,
		 -2.2860 1.9812 -6.0224,
		 -2.2860 2.0066 -6.0986,
		 -2.2860 2.0142 -6.0960,
		 -0.1524 1.9888 -6.0198,
		 -0.1524 1.9812 -6.0224,
		 -0.1524 2.0066 -6.0986,
		 -0.1524 2.0142 -6.0960
		]
	} #Coordinate3
	Material {
		ambientColor      0.2500 0.2500 0.2500  #ambientColor
		diffuseColor      1.0000 1.0000 1.0000  #diffuseColor
		transparency      0.0000                #transparency
	} #Material

	IndexedFaceSet {
		coordIndex [ 
		 0, 1, 2, 3,-1,
		 3, 2, 1, 0,-1,
		 0, 3, 7, 4,-1,
		 4, 7, 3, 0,-1,
		 1, 0, 4, 5,-1,
		 5, 4, 0, 1,-1,
		 2, 1, 5, 6,-1,
		 6, 5, 1, 2,-1,
		 3, 2, 6, 7,-1,
		 7, 6, 2, 3,-1,
		 7, 6, 5, 4,-1,
		 4, 5, 6, 7,-1,
		]
	} #IndexedFaceSet
} #Polyhedron
Separator { #Polyhedron
	DEF COORD179 Coordinate3 {
		point [
		 -2.2860 1.8872 -6.0198,
		 -2.2860 1.8796 -6.0224,
		 -2.2860 1.9050 -6.0986,
		 -2.2860 1.9126 -6.0960,
		 -0.1524 1.8872 -6.0198,
		 -0.1524 1.8796 -6.0224,
		 -0.1524 1.9050 -6.0986,
		 -0.1524 1.9126 -6.0960
		]
	} #Coordinate3
	Material {
		ambientColor      0.2500 0.2500 0.2500  #ambientColor
		diffuseColor      1.0000 1.0000 1.0000  #diffuseColor
		transparency      0.0000                #transparency
	} #Material

	IndexedFaceSet {
		coordIndex [ 
		 0, 1, 2, 3,-1,
		 3, 2, 1, 0,-1,
		 0, 3, 7, 4,-1,
		 4, 7, 3, 0,-1,
		 1, 0, 4, 5,-1,
		 5, 4, 0, 1,-1,
		 2, 1, 5, 6,-1,
		 6, 5, 1, 2,-1,
		 3, 2, 6, 7,-1,
		 7, 6, 2, 3,-1,
		 7, 6, 5, 4,-1,
		 4, 5, 6, 7,-1,
		]
	} #IndexedFaceSet
} #Polyhedron
Separator { #Polyhedron
	DEF COORD180 Coordinate3 {
		point [
		 -2.2860 1.7856 -6.0198,
		 -2.2860 1.7780 -6.0224,
		 -2.2860 1.8034 -6.0986,
		 -2.2860 1.8110 -6.0960,
		 -0.1524 1.7856 -6.0198,
		 -0.1524 1.7780 -6.0224,
		 -0.1524 1.8034 -6.0986,
		 -0.1524 1.8110 -6.0960
		]
	} #Coordinate3
	Material {
		ambientColor      0.2500 0.2500 0.2500  #ambientColor
		diffuseColor      1.0000 1.0000 1.0000  #diffuseColor
		transparency      0.0000                #transparency
	} #Material

	IndexedFaceSet {
		coordIndex [ 
		 0, 1, 2, 3,-1,
		 3, 2, 1, 0,-1,
		 0, 3, 7, 4,-1,
		 4, 7, 3, 0,-1,
		 1, 0, 4, 5,-1,
		 5, 4, 0, 1,-1,
		 2, 1, 5, 6,-1,
		 6, 5, 1, 2,-1,
		 3, 2, 6, 7,-1,
		 7, 6, 2, 3,-1,
		 7, 6, 5, 4,-1,
		 4, 5, 6, 7,-1,
		]
	} #IndexedFaceSet
} #Polyhedron
Separator { #Polyhedron
	DEF COORD181 Coordinate3 {
		point [
		 -2.2860 1.6840 -6.0198,
		 -2.2860 1.6764 -6.0224,
		 -2.2860 1.7018 -6.0986,
		 -2.2860 1.7094 -6.0960,
		 -0.1524 1.6840 -6.0198,
		 -0.1524 1.6764 -6.0224,
		 -0.1524 1.7018 -6.0986,
		 -0.1524 1.7094 -6.0960
		]
	} #Coordinate3
	Material {
		ambientColor      0.2500 0.2500 0.2500  #ambientColor
		diffuseColor      1.0000 1.0000 1.0000  #diffuseColor
		transparency      0.0000                #transparency
	} #Material

	IndexedFaceSet {
		coordIndex [ 
		 0, 1, 2, 3,-1,
		 3, 2, 1, 0,-1,
		 0, 3, 7, 4,-1,
		 4, 7, 3, 0,-1,
		 1, 0, 4, 5,-1,
		 5, 4, 0, 1,-1,
		 2, 1, 5, 6,-1,
		 6, 5, 1, 2,-1,
		 3, 2, 6, 7,-1,
		 7, 6, 2, 3,-1,
		 7, 6, 5, 4,-1,
		 4, 5, 6, 7,-1,
		]
	} #IndexedFaceSet
} #Polyhedron
Separator { #Polyhedron
	DEF COORD182 Coordinate3 {
		point [
		 -2.2860 1.5824 -6.0198,
		 -2.2860 1.5748 -6.0224,
		 -2.2860 1.6002 -6.0986,
		 -2.2860 1.6078 -6.0960,
		 -0.1524 1.5824 -6.0198,
		 -0.1524 1.5748 -6.0224,
		 -0.1524 1.6002 -6.0986,
		 -0.1524 1.6078 -6.0960
		]
	} #Coordinate3
	Material {
		ambientColor      0.2500 0.2500 0.2500  #ambientColor
		diffuseColor      1.0000 1.0000 1.0000  #diffuseColor
		transparency      0.0000                #transparency
	} #Material

	IndexedFaceSet {
		coordIndex [ 
		 0, 1, 2, 3,-1,
		 3, 2, 1, 0,-1,
		 0, 3, 7, 4,-1,
		 4, 7, 3, 0,-1,
		 1, 0, 4, 5,-1,
		 5, 4, 0, 1,-1,
		 2, 1, 5, 6,-1,
		 6, 5, 1, 2,-1,
		 3, 2, 6, 7,-1,
		 7, 6, 2, 3,-1,
		 7, 6, 5, 4,-1,
		 4, 5, 6, 7,-1,
		]
	} #IndexedFaceSet
} #Polyhedron
Separator { #Polyhedron
	DEF COORD183 Coordinate3 {
		point [
		 -2.2860 1.4808 -6.0198,
		 -2.2860 1.4732 -6.0224,
		 -2.2860 1.4986 -6.0986,
		 -2.2860 1.5062 -6.0960,
		 -0.1524 1.4808 -6.0198,
		 -0.1524 1.4732 -6.0224,
		 -0.1524 1.4986 -6.0986,
		 -0.1524 1.5062 -6.0960
		]
	} #Coordinate3
	Material {
		ambientColor      0.2500 0.2500 0.2500  #ambientColor
		diffuseColor      1.0000 1.0000 1.0000  #diffuseColor
		transparency      0.0000                #transparency
	} #Material

	IndexedFaceSet {
		coordIndex [ 
		 0, 1, 2, 3,-1,
		 3, 2, 1, 0,-1,
		 0, 3, 7, 4,-1,
		 4, 7, 3, 0,-1,
		 1, 0, 4, 5,-1,
		 5, 4, 0, 1,-1,
		 2, 1, 5, 6,-1,
		 6, 5, 1, 2,-1,
		 3, 2, 6, 7,-1,
		 7, 6, 2, 3,-1,
		 7, 6, 5, 4,-1,
		 4, 5, 6, 7,-1,
		]
	} #IndexedFaceSet
} #Polyhedron
Separator { #Polyhedron
	DEF COORD184 Coordinate3 {
		point [
		 -2.2860 1.3792 -6.0198,
		 -2.2860 1.3716 -6.0224,
		 -2.2860 1.3970 -6.0986,
		 -2.2860 1.4046 -6.0960,
		 -0.1524 1.3792 -6.0198,
		 -0.1524 1.3716 -6.0224,
		 -0.1524 1.3970 -6.0986,
		 -0.1524 1.4046 -6.0960
		]
	} #Coordinate3
	Material {
		ambientColor      0.2500 0.2500 0.2500  #ambientColor
		diffuseColor      1.0000 1.0000 1.0000  #diffuseColor
		transparency      0.0000                #transparency
	} #Material

	IndexedFaceSet {
		coordIndex [ 
		 0, 1, 2, 3,-1,
		 3, 2, 1, 0,-1,
		 0, 3, 7, 4,-1,
		 4, 7, 3, 0,-1,
		 1, 0, 4, 5,-1,
		 5, 4, 0, 1,-1,
		 2, 1, 5, 6,-1,
		 6, 5, 1, 2,-1,
		 3, 2, 6, 7,-1,
		 7, 6, 2, 3,-1,
		 7, 6, 5, 4,-1,
		 4, 5, 6, 7,-1,
		]
	} #IndexedFaceSet
} #Polyhedron
Separator { #Polyhedron
	DEF COORD185 Coordinate3 {
		point [
		 -2.2860 1.2776 -6.0198,
		 -2.2860 1.2700 -6.0224,
		 -2.2860 1.2954 -6.0986,
		 -2.2860 1.3030 -6.0960,
		 -0.1524 1.2776 -6.0198,
		 -0.1524 1.2700 -6.0224,
		 -0.1524 1.2954 -6.0986,
		 -0.1524 1.3030 -6.0960
		]
	} #Coordinate3
	Material {
		ambientColor      0.2500 0.2500 0.2500  #ambientColor
		diffuseColor      1.0000 1.0000 1.0000  #diffuseColor
		transparency      0.0000                #transparency
	} #Material

	IndexedFaceSet {
		coordIndex [ 
		 0, 1, 2, 3,-1,
		 3, 2, 1, 0,-1,
		 0, 3, 7, 4,-1,
		 4, 7, 3, 0,-1,
		 1, 0, 4, 5,-1,
		 5, 4, 0, 1,-1,
		 2, 1, 5, 6,-1,
		 6, 5, 1, 2,-1,
		 3, 2, 6, 7,-1,
		 7, 6, 2, 3,-1,
		 7, 6, 5, 4,-1,
		 4, 5, 6, 7,-1,
		]
	} #IndexedFaceSet
} #Polyhedron
Separator { #Polyhedron
	DEF COORD186 Coordinate3 {
		point [
		 -2.2860 1.1760 -6.0198,
		 -2.2860 1.1684 -6.0224,
		 -2.2860 1.1938 -6.0986,
		 -2.2860 1.2014 -6.0960,
		 -0.1524 1.1760 -6.0198,
		 -0.1524 1.1684 -6.0224,
		 -0.1524 1.1938 -6.0986,
		 -0.1524 1.2014 -6.0960
		]
	} #Coordinate3
	Material {
		ambientColor      0.2500 0.2500 0.2500  #ambientColor
		diffuseColor      1.0000 1.0000 1.0000  #diffuseColor
		transparency      0.0000                #transparency
	} #Material

	IndexedFaceSet {
		coordIndex [ 
		 0, 1, 2, 3,-1,
		 3, 2, 1, 0,-1,
		 0, 3, 7, 4,-1,
		 4, 7, 3, 0,-1,
		 1, 0, 4, 5,-1,
		 5, 4, 0, 1,-1,
		 2, 1, 5, 6,-1,
		 6, 5, 1, 2,-1,
		 3, 2, 6, 7,-1,
		 7, 6, 2, 3,-1,
		 7, 6, 5, 4,-1,
		 4, 5, 6, 7,-1,
		]
	} #IndexedFaceSet
} #Polyhedron
Separator { #Polyhedron
	DEF COORD187 Coordinate3 {
		point [
		 -2.2860 1.0744 -6.0198,
		 -2.2860 1.0668 -6.0224,
		 -2.2860 1.0922 -6.0986,
		 -2.2860 1.0998 -6.0960,
		 -0.1524 1.0744 -6.0198,
		 -0.1524 1.0668 -6.0224,
		 -0.1524 1.0922 -6.0986,
		 -0.1524 1.0998 -6.0960
		]
	} #Coordinate3
	Material {
		ambientColor      0.2500 0.2500 0.2500  #ambientColor
		diffuseColor      1.0000 1.0000 1.0000  #diffuseColor
		transparency      0.0000                #transparency
	} #Material

	IndexedFaceSet {
		coordIndex [ 
		 0, 1, 2, 3,-1,
		 3, 2, 1, 0,-1,
		 0, 3, 7, 4,-1,
		 4, 7, 3, 0,-1,
		 1, 0, 4, 5,-1,
		 5, 4, 0, 1,-1,
		 2, 1, 5, 6,-1,
		 6, 5, 1, 2,-1,
		 3, 2, 6, 7,-1,
		 7, 6, 2, 3,-1,
		 7, 6, 5, 4,-1,
		 4, 5, 6, 7,-1,
		]
	} #IndexedFaceSet
} #Polyhedron
Separator { #Polyhedron
	DEF COORD188 Coordinate3 {
		point [
		 -2.2860 0.9728 -6.0198,
		 -2.2860 0.9652 -6.0224,
		 -2.2860 0.9906 -6.0986,
		 -2.2860 0.9982 -6.0960,
		 -0.1524 0.9728 -6.0198,
		 -0.1524 0.9652 -6.0224,
		 -0.1524 0.9906 -6.0986,
		 -0.1524 0.9982 -6.0960
		]
	} #Coordinate3
	Material {
		ambientColor      0.2500 0.2500 0.2500  #ambientColor
		diffuseColor      1.0000 1.0000 1.0000  #diffuseColor
		transparency      0.0000                #transparency
	} #Material

	IndexedFaceSet {
		coordIndex [ 
		 0, 1, 2, 3,-1,
		 3, 2, 1, 0,-1,
		 0, 3, 7, 4,-1,
		 4, 7, 3, 0,-1,
		 1, 0, 4, 5,-1,
		 5, 4, 0, 1,-1,
		 2, 1, 5, 6,-1,
		 6, 5, 1, 2,-1,
		 3, 2, 6, 7,-1,
		 7, 6, 2, 3,-1,
		 7, 6, 5, 4,-1,
		 4, 5, 6, 7,-1,
		]
	} #IndexedFaceSet
} #Polyhedron
Separator { #Polyhedron
	DEF COORD189 Coordinate3 {
		point [
		 -2.2860 0.8712 -6.0198,
		 -2.2860 0.8636 -6.0224,
		 -2.2860 0.8890 -6.0986,
		 -2.2860 0.8966 -6.0960,
		 -0.1524 0.8712 -6.0198,
		 -0.1524 0.8636 -6.0224,
		 -0.1524 0.8890 -6.0986,
		 -0.1524 0.8966 -6.0960
		]
	} #Coordinate3
	Material {
		ambientColor      0.2500 0.2500 0.2500  #ambientColor
		diffuseColor      1.0000 1.0000 1.0000  #diffuseColor
		transparency      0.0000                #transparency
	} #Material

	IndexedFaceSet {
		coordIndex [ 
		 0, 1, 2, 3,-1,
		 3, 2, 1, 0,-1,
		 0, 3, 7, 4,-1,
		 4, 7, 3, 0,-1,
		 1, 0, 4, 5,-1,
		 5, 4, 0, 1,-1,
		 2, 1, 5, 6,-1,
		 6, 5, 1, 2,-1,
		 3, 2, 6, 7,-1,
		 7, 6, 2, 3,-1,
		 7, 6, 5, 4,-1,
		 4, 5, 6, 7,-1,
		]
	} #IndexedFaceSet
} #Polyhedron
Separator { #Polyhedron
	DEF COORD190 Coordinate3 {
		point [
		 -2.2860 0.7696 -6.0198,
		 -2.2860 0.7620 -6.0224,
		 -2.2860 0.7874 -6.0986,
		 -2.2860 0.7950 -6.0960,
		 -0.1524 0.7696 -6.0198,
		 -0.1524 0.7620 -6.0224,
		 -0.1524 0.7874 -6.0986,
		 -0.1524 0.7950 -6.0960
		]
	} #Coordinate3
	Material {
		ambientColor      0.2500 0.2500 0.2500  #ambientColor
		diffuseColor      1.0000 1.0000 1.0000  #diffuseColor
		transparency      0.0000                #transparency
	} #Material

	IndexedFaceSet {
		coordIndex [ 
		 0, 1, 2, 3,-1,
		 3, 2, 1, 0,-1,
		 0, 3, 7, 4,-1,
		 4, 7, 3, 0,-1,
		 1, 0, 4, 5,-1,
		 5, 4, 0, 1,-1,
		 2, 1, 5, 6,-1,
		 6, 5, 1, 2,-1,
		 3, 2, 6, 7,-1,
		 7, 6, 2, 3,-1,
		 7, 6, 5, 4,-1,
		 4, 5, 6, 7,-1,
		]
	} #IndexedFaceSet
} #Polyhedron
Separator { #Polyhedron
	DEF COORD191 Coordinate3 {
		point [
		 -2.2860 0.6680 -6.0198,
		 -2.2860 0.6604 -6.0224,
		 -2.2860 0.6858 -6.0986,
		 -2.2860 0.6934 -6.0960,
		 -0.1524 0.6680 -6.0198,
		 -0.1524 0.6604 -6.0224,
		 -0.1524 0.6858 -6.0986,
		 -0.1524 0.6934 -6.0960
		]
	} #Coordinate3
	Material {
		ambientColor      0.2500 0.2500 0.2500  #ambientColor
		diffuseColor      1.0000 1.0000 1.0000  #diffuseColor
		transparency      0.0000                #transparency
	} #Material

	IndexedFaceSet {
		coordIndex [ 
		 0, 1, 2, 3,-1,
		 3, 2, 1, 0,-1,
		 0, 3, 7, 4,-1,
		 4, 7, 3, 0,-1,
		 1, 0, 4, 5,-1,
		 5, 4, 0, 1,-1,
		 2, 1, 5, 6,-1,
		 6, 5, 1, 2,-1,
		 3, 2, 6, 7,-1,
		 7, 6, 2, 3,-1,
		 7, 6, 5, 4,-1,
		 4, 5, 6, 7,-1,
		]
	} #IndexedFaceSet
} #Polyhedron
Separator { #Polyhedron
	DEF COORD192 Coordinate3 {
		point [
		 -2.2860 0.5664 -6.0198,
		 -2.2860 0.5588 -6.0224,
		 -2.2860 0.5842 -6.0986,
		 -2.2860 0.5918 -6.0960,
		 -0.1524 0.5664 -6.0198,
		 -0.1524 0.5588 -6.0224,
		 -0.1524 0.5842 -6.0986,
		 -0.1524 0.5918 -6.0960
		]
	} #Coordinate3
	Material {
		ambientColor      0.2500 0.2500 0.2500  #ambientColor
		diffuseColor      1.0000 1.0000 1.0000  #diffuseColor
		transparency      0.0000                #transparency
	} #Material

	IndexedFaceSet {
		coordIndex [ 
		 0, 1, 2, 3,-1,
		 3, 2, 1, 0,-1,
		 0, 3, 7, 4,-1,
		 4, 7, 3, 0,-1,
		 1, 0, 4, 5,-1,
		 5, 4, 0, 1,-1,
		 2, 1, 5, 6,-1,
		 6, 5, 1, 2,-1,
		 3, 2, 6, 7,-1,
		 7, 6, 2, 3,-1,
		 7, 6, 5, 4,-1,
		 4, 5, 6, 7,-1,
		]
	} #IndexedFaceSet
} #Polyhedron
Separator { #Polyhedron
	DEF COORD193 Coordinate3 {
		point [
		 -2.2860 0.4648 -6.0198,
		 -2.2860 0.4572 -6.0224,
		 -2.2860 0.4826 -6.0986,
		 -2.2860 0.4902 -6.0960,
		 -0.1524 0.4648 -6.0198,
		 -0.1524 0.4572 -6.0224,
		 -0.1524 0.4826 -6.0986,
		 -0.1524 0.4902 -6.0960
		]
	} #Coordinate3
	Material {
		ambientColor      0.2500 0.2500 0.2500  #ambientColor
		diffuseColor      1.0000 1.0000 1.0000  #diffuseColor
		transparency      0.0000                #transparency
	} #Material

	IndexedFaceSet {
		coordIndex [ 
		 0, 1, 2, 3,-1,
		 3, 2, 1, 0,-1,
		 0, 3, 7, 4,-1,
		 4, 7, 3, 0,-1,
		 1, 0, 4, 5,-1,
		 5, 4, 0, 1,-1,
		 2, 1, 5, 6,-1,
		 6, 5, 1, 2,-1,
		 3, 2, 6, 7,-1,
		 7, 6, 2, 3,-1,
		 7, 6, 5, 4,-1,
		 4, 5, 6, 7,-1,
		]
	} #IndexedFaceSet
} #Polyhedron
Separator { #Polyhedron
	DEF COORD194 Coordinate3 {
		point [
		 -2.2860 0.3632 -6.0198,
		 -2.2860 0.3556 -6.0224,
		 -2.2860 0.3810 -6.0986,
		 -2.2860 0.3886 -6.0960,
		 -0.1524 0.3632 -6.0198,
		 -0.1524 0.3556 -6.0224,
		 -0.1524 0.3810 -6.0986,
		 -0.1524 0.3886 -6.0960
		]
	} #Coordinate3
	Material {
		ambientColor      0.2500 0.2500 0.2500  #ambientColor
		diffuseColor      1.0000 1.0000 1.0000  #diffuseColor
		transparency      0.0000                #transparency
	} #Material

	IndexedFaceSet {
		coordIndex [ 
		 0, 1, 2, 3,-1,
		 3, 2, 1, 0,-1,
		 0, 3, 7, 4,-1,
		 4, 7, 3, 0,-1,
		 1, 0, 4, 5,-1,
		 5, 4, 0, 1,-1,
		 2, 1, 5, 6,-1,
		 6, 5, 1, 2,-1,
		 3, 2, 6, 7,-1,
		 7, 6, 2, 3,-1,
		 7, 6, 5, 4,-1,
		 4, 5, 6, 7,-1,
		]
	} #IndexedFaceSet
} #Polyhedron
Separator { #Polyhedron
	DEF COORD195 Coordinate3 {
		point [
		 -2.2860 0.2616 -6.0198,
		 -2.2860 0.2540 -6.0224,
		 -2.2860 0.2794 -6.0986,
		 -2.2860 0.2870 -6.0960,
		 -0.1524 0.2616 -6.0198,
		 -0.1524 0.2540 -6.0224,
		 -0.1524 0.2794 -6.0986,
		 -0.1524 0.2870 -6.0960
		]
	} #Coordinate3
	Material {
		ambientColor      0.2500 0.2500 0.2500  #ambientColor
		diffuseColor      1.0000 1.0000 1.0000  #diffuseColor
		transparency      0.0000                #transparency
	} #Material

	IndexedFaceSet {
		coordIndex [ 
		 0, 1, 2, 3,-1,
		 3, 2, 1, 0,-1,
		 0, 3, 7, 4,-1,
		 4, 7, 3, 0,-1,
		 1, 0, 4, 5,-1,
		 5, 4, 0, 1,-1,
		 2, 1, 5, 6,-1,
		 6, 5, 1, 2,-1,
		 3, 2, 6, 7,-1,
		 7, 6, 2, 3,-1,
		 7, 6, 5, 4,-1,
		 4, 5, 6, 7,-1,
		]
	} #IndexedFaceSet
} #Polyhedron
Separator { #Polyhedron
	DEF COORD196 Coordinate3 {
		point [
		 -2.2860 0.1600 -6.0198,
		 -2.2860 0.1524 -6.0224,
		 -2.2860 0.1778 -6.0986,
		 -2.2860 0.1854 -6.0960,
		 -0.1524 0.1600 -6.0198,
		 -0.1524 0.1524 -6.0224,
		 -0.1524 0.1778 -6.0986,
		 -0.1524 0.1854 -6.0960
		]
	} #Coordinate3
	Material {
		ambientColor      0.2500 0.2500 0.2500  #ambientColor
		diffuseColor      1.0000 1.0000 1.0000  #diffuseColor
		transparency      0.0000                #transparency
	} #Material

	IndexedFaceSet {
		coordIndex [ 
		 0, 1, 2, 3,-1,
		 3, 2, 1, 0,-1,
		 0, 3, 7, 4,-1,
		 4, 7, 3, 0,-1,
		 1, 0, 4, 5,-1,
		 5, 4, 0, 1,-1,
		 2, 1, 5, 6,-1,
		 6, 5, 1, 2,-1,
		 3, 2, 6, 7,-1,
		 7, 6, 2, 3,-1,
		 7, 6, 5, 4,-1,
		 4, 5, 6, 7,-1,
		]
	} #IndexedFaceSet
} #Polyhedron
Separator { #Polyhedron
	DEF COORD197 Coordinate3 {
		point [
		 -4.5720 2.8016 -6.0198,
		 -4.5720 2.7940 -6.0224,
		 -4.5720 2.8194 -6.0986,
		 -4.5720 2.8270 -6.0960,
		 -2.4384 2.8016 -6.0198,
		 -2.4384 2.7940 -6.0224,
		 -2.4384 2.8194 -6.0986,
		 -2.4384 2.8270 -6.0960
		]
	} #Coordinate3
	Material {
		ambientColor      0.2500 0.2500 0.2500  #ambientColor
		diffuseColor      1.0000 1.0000 1.0000  #diffuseColor
		transparency      0.0000                #transparency
	} #Material

	Texture2 {
		filename ""  #filename
		wrapS REPEAT 
		wrapT REPEAT 
	} #Texture2

	IndexedFaceSet {
		coordIndex [ 
		 0, 1, 2, 3,-1,
		 3, 2, 1, 0,-1,
		 0, 3, 7, 4,-1,
		 4, 7, 3, 0,-1,
		 1, 0, 4, 5,-1,
		 5, 4, 0, 1,-1,
		 2, 1, 5, 6,-1,
		 6, 5, 1, 2,-1,
		 3, 2, 6, 7,-1,
		 7, 6, 2, 3,-1,
		 7, 6, 5, 4,-1,
		 4, 5, 6, 7,-1,
		]
	} #IndexedFaceSet
} #Polyhedron
Separator { #Polyhedron
	DEF COORD198 Coordinate3 {
		point [
		 -4.5720 2.7000 -6.0198,
		 -4.5720 2.6924 -6.0224,
		 -4.5720 2.7178 -6.0986,
		 -4.5720 2.7254 -6.0960,
		 -2.4384 2.7000 -6.0198,
		 -2.4384 2.6924 -6.0224,
		 -2.4384 2.7178 -6.0986,
		 -2.4384 2.7254 -6.0960
		]
	} #Coordinate3
	Material {
		ambientColor      0.2500 0.2500 0.2500  #ambientColor
		diffuseColor      1.0000 1.0000 1.0000  #diffuseColor
		transparency      0.0000                #transparency
	} #Material

	IndexedFaceSet {
		coordIndex [ 
		 0, 1, 2, 3,-1,
		 3, 2, 1, 0,-1,
		 0, 3, 7, 4,-1,
		 4, 7, 3, 0,-1,
		 1, 0, 4, 5,-1,
		 5, 4, 0, 1,-1,
		 2, 1, 5, 6,-1,
		 6, 5, 1, 2,-1,
		 3, 2, 6, 7,-1,
		 7, 6, 2, 3,-1,
		 7, 6, 5, 4,-1,
		 4, 5, 6, 7,-1,
		]
	} #IndexedFaceSet
} #Polyhedron
Separator { #Polyhedron
	DEF COORD199 Coordinate3 {
		point [
		 -4.5720 2.5984 -6.0198,
		 -4.5720 2.5908 -6.0224,
		 -4.5720 2.6162 -6.0986,
		 -4.5720 2.6238 -6.0960,
		 -2.4384 2.5984 -6.0198,
		 -2.4384 2.5908 -6.0224,
		 -2.4384 2.6162 -6.0986,
		 -2.4384 2.6238 -6.0960
		]
	} #Coordinate3
	Material {
		ambientColor      0.2500 0.2500 0.2500  #ambientColor
		diffuseColor      1.0000 1.0000 1.0000  #diffuseColor
		transparency      0.0000                #transparency
	} #Material

	IndexedFaceSet {
		coordIndex [ 
		 0, 1, 2, 3,-1,
		 3, 2, 1, 0,-1,
		 0, 3, 7, 4,-1,
		 4, 7, 3, 0,-1,
		 1, 0, 4, 5,-1,
		 5, 4, 0, 1,-1,
		 2, 1, 5, 6,-1,
		 6, 5, 1, 2,-1,
		 3, 2, 6, 7,-1,
		 7, 6, 2, 3,-1,
		 7, 6, 5, 4,-1,
		 4, 5, 6, 7,-1,
		]
	} #IndexedFaceSet
} #Polyhedron
Separator { #Polyhedron
	DEF COORD200 Coordinate3 {
		point [
		 -4.5720 2.4968 -6.0198,
		 -4.5720 2.4892 -6.0224,
		 -4.5720 2.5146 -6.0986,
		 -4.5720 2.5222 -6.0960,
		 -2.4384 2.4968 -6.0198,
		 -2.4384 2.4892 -6.0224,
		 -2.4384 2.5146 -6.0986,
		 -2.4384 2.5222 -6.0960
		]
	} #Coordinate3
	Material {
		ambientColor      0.2500 0.2500 0.2500  #ambientColor
		diffuseColor      1.0000 1.0000 1.0000  #diffuseColor
		transparency      0.0000                #transparency
	} #Material

	IndexedFaceSet {
		coordIndex [ 
		 0, 1, 2, 3,-1,
		 3, 2, 1, 0,-1,
		 0, 3, 7, 4,-1,
		 4, 7, 3, 0,-1,
		 1, 0, 4, 5,-1,
		 5, 4, 0, 1,-1,
		 2, 1, 5, 6,-1,
		 6, 5, 1, 2,-1,
		 3, 2, 6, 7,-1,
		 7, 6, 2, 3,-1,
		 7, 6, 5, 4,-1,
		 4, 5, 6, 7,-1,
		]
	} #IndexedFaceSet
} #Polyhedron
Separator { #Polyhedron
	DEF COORD201 Coordinate3 {
		point [
		 -4.5720 2.3952 -6.0198,
		 -4.5720 2.3876 -6.0224,
		 -4.5720 2.4130 -6.0986,
		 -4.5720 2.4206 -6.0960,
		 -2.4384 2.3952 -6.0198,
		 -2.4384 2.3876 -6.0224,
		 -2.4384 2.4130 -6.0986,
		 -2.4384 2.4206 -6.0960
		]
	} #Coordinate3
	Material {
		ambientColor      0.2500 0.2500 0.2500  #ambientColor
		diffuseColor      1.0000 1.0000 1.0000  #diffuseColor
		transparency      0.0000                #transparency
	} #Material

	IndexedFaceSet {
		coordIndex [ 
		 0, 1, 2, 3,-1,
		 3, 2, 1, 0,-1,
		 0, 3, 7, 4,-1,
		 4, 7, 3, 0,-1,
		 1, 0, 4, 5,-1,
		 5, 4, 0, 1,-1,
		 2, 1, 5, 6,-1,
		 6, 5, 1, 2,-1,
		 3, 2, 6, 7,-1,
		 7, 6, 2, 3,-1,
		 7, 6, 5, 4,-1,
		 4, 5, 6, 7,-1,
		]
	} #IndexedFaceSet
} #Polyhedron
Separator { #Polyhedron
	DEF COORD202 Coordinate3 {
		point [
		 -4.5720 2.2936 -6.0198,
		 -4.5720 2.2860 -6.0224,
		 -4.5720 2.3114 -6.0986,
		 -4.5720 2.3190 -6.0960,
		 -2.4384 2.2936 -6.0198,
		 -2.4384 2.2860 -6.0224,
		 -2.4384 2.3114 -6.0986,
		 -2.4384 2.3190 -6.0960
		]
	} #Coordinate3
	Material {
		ambientColor      0.2500 0.2500 0.2500  #ambientColor
		diffuseColor      1.0000 1.0000 1.0000  #diffuseColor
		transparency      0.0000                #transparency
	} #Material

	IndexedFaceSet {
		coordIndex [ 
		 0, 1, 2, 3,-1,
		 3, 2, 1, 0,-1,
		 0, 3, 7, 4,-1,
		 4, 7, 3, 0,-1,
		 1, 0, 4, 5,-1,
		 5, 4, 0, 1,-1,
		 2, 1, 5, 6,-1,
		 6, 5, 1, 2,-1,
		 3, 2, 6, 7,-1,
		 7, 6, 2, 3,-1,
		 7, 6, 5, 4,-1,
		 4, 5, 6, 7,-1,
		]
	} #IndexedFaceSet
} #Polyhedron
Separator { #Polyhedron
	DEF COORD203 Coordinate3 {
		point [
		 -4.5720 2.1920 -6.0198,
		 -4.5720 2.1844 -6.0224,
		 -4.5720 2.2098 -6.0986,
		 -4.5720 2.2174 -6.0960,
		 -2.4384 2.1920 -6.0198,
		 -2.4384 2.1844 -6.0224,
		 -2.4384 2.2098 -6.0986,
		 -2.4384 2.2174 -6.0960
		]
	} #Coordinate3
	Material {
		ambientColor      0.2500 0.2500 0.2500  #ambientColor
		diffuseColor      1.0000 1.0000 1.0000  #diffuseColor
		transparency      0.0000                #transparency
	} #Material

	IndexedFaceSet {
		coordIndex [ 
		 0, 1, 2, 3,-1,
		 3, 2, 1, 0,-1,
		 0, 3, 7, 4,-1,
		 4, 7, 3, 0,-1,
		 1, 0, 4, 5,-1,
		 5, 4, 0, 1,-1,
		 2, 1, 5, 6,-1,
		 6, 5, 1, 2,-1,
		 3, 2, 6, 7,-1,
		 7, 6, 2, 3,-1,
		 7, 6, 5, 4,-1,
		 4, 5, 6, 7,-1,
		]
	} #IndexedFaceSet
} #Polyhedron
Separator { #Polyhedron
	DEF COORD204 Coordinate3 {
		point [
		 -4.5720 2.0904 -6.0198,
		 -4.5720 2.0828 -6.0224,
		 -4.5720 2.1082 -6.0986,
		 -4.5720 2.1158 -6.0960,
		 -2.4384 2.0904 -6.0198,
		 -2.4384 2.0828 -6.0224,
		 -2.4384 2.1082 -6.0986,
		 -2.4384 2.1158 -6.0960
		]
	} #Coordinate3
	Material {
		ambientColor      0.2500 0.2500 0.2500  #ambientColor
		diffuseColor      1.0000 1.0000 1.0000  #diffuseColor
		transparency      0.0000                #transparency
	} #Material

	IndexedFaceSet {
		coordIndex [ 
		 0, 1, 2, 3,-1,
		 3, 2, 1, 0,-1,
		 0, 3, 7, 4,-1,
		 4, 7, 3, 0,-1,
		 1, 0, 4, 5,-1,
		 5, 4, 0, 1,-1,
		 2, 1, 5, 6,-1,
		 6, 5, 1, 2,-1,
		 3, 2, 6, 7,-1,
		 7, 6, 2, 3,-1,
		 7, 6, 5, 4,-1,
		 4, 5, 6, 7,-1,
		]
	} #IndexedFaceSet
} #Polyhedron
Separator { #Polyhedron
	DEF COORD205 Coordinate3 {
		point [
		 -4.5720 1.9888 -6.0198,
		 -4.5720 1.9812 -6.0224,
		 -4.5720 2.0066 -6.0986,
		 -4.5720 2.0142 -6.0960,
		 -2.4384 1.9888 -6.0198,
		 -2.4384 1.9812 -6.0224,
		 -2.4384 2.0066 -6.0986,
		 -2.4384 2.0142 -6.0960
		]
	} #Coordinate3
	Material {
		ambientColor      0.2500 0.2500 0.2500  #ambientColor
		diffuseColor      1.0000 1.0000 1.0000  #diffuseColor
		transparency      0.0000                #transparency
	} #Material

	IndexedFaceSet {
		coordIndex [ 
		 0, 1, 2, 3,-1,
		 3, 2, 1, 0,-1,
		 0, 3, 7, 4,-1,
		 4, 7, 3, 0,-1,
		 1, 0, 4, 5,-1,
		 5, 4, 0, 1,-1,
		 2, 1, 5, 6,-1,
		 6, 5, 1, 2,-1,
		 3, 2, 6, 7,-1,
		 7, 6, 2, 3,-1,
		 7, 6, 5, 4,-1,
		 4, 5, 6, 7,-1,
		]
	} #IndexedFaceSet
} #Polyhedron
Separator { #Polyhedron
	DEF COORD206 Coordinate3 {
		point [
		 -4.5720 1.8872 -6.0198,
		 -4.5720 1.8796 -6.0224,
		 -4.5720 1.9050 -6.0986,
		 -4.5720 1.9126 -6.0960,
		 -2.4384 1.8872 -6.0198,
		 -2.4384 1.8796 -6.0224,
		 -2.4384 1.9050 -6.0986,
		 -2.4384 1.9126 -6.0960
		]
	} #Coordinate3
	Material {
		ambientColor      0.2500 0.2500 0.2500  #ambientColor
		diffuseColor      1.0000 1.0000 1.0000  #diffuseColor
		transparency      0.0000                #transparency
	} #Material

	IndexedFaceSet {
		coordIndex [ 
		 0, 1, 2, 3,-1,
		 3, 2, 1, 0,-1,
		 0, 3, 7, 4,-1,
		 4, 7, 3, 0,-1,
		 1, 0, 4, 5,-1,
		 5, 4, 0, 1,-1,
		 2, 1, 5, 6,-1,
		 6, 5, 1, 2,-1,
		 3, 2, 6, 7,-1,
		 7, 6, 2, 3,-1,
		 7, 6, 5, 4,-1,
		 4, 5, 6, 7,-1,
		]
	} #IndexedFaceSet
} #Polyhedron
Separator { #Polyhedron
	DEF COORD207 Coordinate3 {
		point [
		 -4.5720 1.7856 -6.0198,
		 -4.5720 1.7780 -6.0224,
		 -4.5720 1.8034 -6.0986,
		 -4.5720 1.8110 -6.0960,
		 -2.4384 1.7856 -6.0198,
		 -2.4384 1.7780 -6.0224,
		 -2.4384 1.8034 -6.0986,
		 -2.4384 1.8110 -6.0960
		]
	} #Coordinate3
	Material {
		ambientColor      0.2500 0.2500 0.2500  #ambientColor
		diffuseColor      1.0000 1.0000 1.0000  #diffuseColor
		transparency      0.0000                #transparency
	} #Material

	IndexedFaceSet {
		coordIndex [ 
		 0, 1, 2, 3,-1,
		 3, 2, 1, 0,-1,
		 0, 3, 7, 4,-1,
		 4, 7, 3, 0,-1,
		 1, 0, 4, 5,-1,
		 5, 4, 0, 1,-1,
		 2, 1, 5, 6,-1,
		 6, 5, 1, 2,-1,
		 3, 2, 6, 7,-1,
		 7, 6, 2, 3,-1,
		 7, 6, 5, 4,-1,
		 4, 5, 6, 7,-1,
		]
	} #IndexedFaceSet
} #Polyhedron
Separator { #Polyhedron
	DEF COORD208 Coordinate3 {
		point [
		 -4.5720 1.6840 -6.0198,
		 -4.5720 1.6764 -6.0224,
		 -4.5720 1.7018 -6.0986,
		 -4.5720 1.7094 -6.0960,
		 -2.4384 1.6840 -6.0198,
		 -2.4384 1.6764 -6.0224,
		 -2.4384 1.7018 -6.0986,
		 -2.4384 1.7094 -6.0960
		]
	} #Coordinate3
	Material {
		ambientColor      0.2500 0.2500 0.2500  #ambientColor
		diffuseColor      1.0000 1.0000 1.0000  #diffuseColor
		transparency      0.0000                #transparency
	} #Material

	IndexedFaceSet {
		coordIndex [ 
		 0, 1, 2, 3,-1,
		 3, 2, 1, 0,-1,
		 0, 3, 7, 4,-1,
		 4, 7, 3, 0,-1,
		 1, 0, 4, 5,-1,
		 5, 4, 0, 1,-1,
		 2, 1, 5, 6,-1,
		 6, 5, 1, 2,-1,
		 3, 2, 6, 7,-1,
		 7, 6, 2, 3,-1,
		 7, 6, 5, 4,-1,
		 4, 5, 6, 7,-1,
		]
	} #IndexedFaceSet
} #Polyhedron
Separator { #Polyhedron
	DEF COORD209 Coordinate3 {
		point [
		 -4.5720 1.5824 -6.0198,
		 -4.5720 1.5748 -6.0224,
		 -4.5720 1.6002 -6.0986,
		 -4.5720 1.6078 -6.0960,
		 -2.4384 1.5824 -6.0198,
		 -2.4384 1.5748 -6.0224,
		 -2.4384 1.6002 -6.0986,
		 -2.4384 1.6078 -6.0960
		]
	} #Coordinate3
	Material {
		ambientColor      0.2500 0.2500 0.2500  #ambientColor
		diffuseColor      1.0000 1.0000 1.0000  #diffuseColor
		transparency      0.0000                #transparency
	} #Material

	IndexedFaceSet {
		coordIndex [ 
		 0, 1, 2, 3,-1,
		 3, 2, 1, 0,-1,
		 0, 3, 7, 4,-1,
		 4, 7, 3, 0,-1,
		 1, 0, 4, 5,-1,
		 5, 4, 0, 1,-1,
		 2, 1, 5, 6,-1,
		 6, 5, 1, 2,-1,
		 3, 2, 6, 7,-1,
		 7, 6, 2, 3,-1,
		 7, 6, 5, 4,-1,
		 4, 5, 6, 7,-1,
		]
	} #IndexedFaceSet
} #Polyhedron
Separator { #Polyhedron
	DEF COORD210 Coordinate3 {
		point [
		 -4.5720 1.4808 -6.0198,
		 -4.5720 1.4732 -6.0224,
		 -4.5720 1.4986 -6.0986,
		 -4.5720 1.5062 -6.0960,
		 -2.4384 1.4808 -6.0198,
		 -2.4384 1.4732 -6.0224,
		 -2.4384 1.4986 -6.0986,
		 -2.4384 1.5062 -6.0960
		]
	} #Coordinate3
	Material {
		ambientColor      0.2500 0.2500 0.2500  #ambientColor
		diffuseColor      1.0000 1.0000 1.0000  #diffuseColor
		transparency      0.0000                #transparency
	} #Material

	IndexedFaceSet {
		coordIndex [ 
		 0, 1, 2, 3,-1,
		 3, 2, 1, 0,-1,
		 0, 3, 7, 4,-1,
		 4, 7, 3, 0,-1,
		 1, 0, 4, 5,-1,
		 5, 4, 0, 1,-1,
		 2, 1, 5, 6,-1,
		 6, 5, 1, 2,-1,
		 3, 2, 6, 7,-1,
		 7, 6, 2, 3,-1,
		 7, 6, 5, 4,-1,
		 4, 5, 6, 7,-1,
		]
	} #IndexedFaceSet
} #Polyhedron
Separator { #Polyhedron
	DEF COORD211 Coordinate3 {
		point [
		 -4.5720 1.3792 -6.0198,
		 -4.5720 1.3716 -6.0224,
		 -4.5720 1.3970 -6.0986,
		 -4.5720 1.4046 -6.0960,
		 -2.4384 1.3792 -6.0198,
		 -2.4384 1.3716 -6.0224,
		 -2.4384 1.3970 -6.0986,
		 -2.4384 1.4046 -6.0960
		]
	} #Coordinate3
	Material {
		ambientColor      0.2500 0.2500 0.2500  #ambientColor
		diffuseColor      1.0000 1.0000 1.0000  #diffuseColor
		transparency      0.0000                #transparency
	} #Material

	IndexedFaceSet {
		coordIndex [ 
		 0, 1, 2, 3,-1,
		 3, 2, 1, 0,-1,
		 0, 3, 7, 4,-1,
		 4, 7, 3, 0,-1,
		 1, 0, 4, 5,-1,
		 5, 4, 0, 1,-1,
		 2, 1, 5, 6,-1,
		 6, 5, 1, 2,-1,
		 3, 2, 6, 7,-1,
		 7, 6, 2, 3,-1,
		 7, 6, 5, 4,-1,
		 4, 5, 6, 7,-1,
		]
	} #IndexedFaceSet
} #Polyhedron
Separator { #Polyhedron
	DEF COORD212 Coordinate3 {
		point [
		 -4.5720 1.2776 -6.0198,
		 -4.5720 1.2700 -6.0224,
		 -4.5720 1.2954 -6.0986,
		 -4.5720 1.3030 -6.0960,
		 -2.4384 1.2776 -6.0198,
		 -2.4384 1.2700 -6.0224,
		 -2.4384 1.2954 -6.0986,
		 -2.4384 1.3030 -6.0960
		]
	} #Coordinate3
	Material {
		ambientColor      0.2500 0.2500 0.2500  #ambientColor
		diffuseColor      1.0000 1.0000 1.0000  #diffuseColor
		transparency      0.0000                #transparency
	} #Material

	IndexedFaceSet {
		coordIndex [ 
		 0, 1, 2, 3,-1,
		 3, 2, 1, 0,-1,
		 0, 3, 7, 4,-1,
		 4, 7, 3, 0,-1,
		 1, 0, 4, 5,-1,
		 5, 4, 0, 1,-1,
		 2, 1, 5, 6,-1,
		 6, 5, 1, 2,-1,
		 3, 2, 6, 7,-1,
		 7, 6, 2, 3,-1,
		 7, 6, 5, 4,-1,
		 4, 5, 6, 7,-1,
		]
	} #IndexedFaceSet
} #Polyhedron
Separator { #Polyhedron
	DEF COORD213 Coordinate3 {
		point [
		 -4.5720 1.1760 -6.0198,
		 -4.5720 1.1684 -6.0224,
		 -4.5720 1.1938 -6.0986,
		 -4.5720 1.2014 -6.0960,
		 -2.4384 1.1760 -6.0198,
		 -2.4384 1.1684 -6.0224,
		 -2.4384 1.1938 -6.0986,
		 -2.4384 1.2014 -6.0960
		]
	} #Coordinate3
	Material {
		ambientColor      0.2500 0.2500 0.2500  #ambientColor
		diffuseColor      1.0000 1.0000 1.0000  #diffuseColor
		transparency      0.0000                #transparency
	} #Material

	IndexedFaceSet {
		coordIndex [ 
		 0, 1, 2, 3,-1,
		 3, 2, 1, 0,-1,
		 0, 3, 7, 4,-1,
		 4, 7, 3, 0,-1,
		 1, 0, 4, 5,-1,
		 5, 4, 0, 1,-1,
		 2, 1, 5, 6,-1,
		 6, 5, 1, 2,-1,
		 3, 2, 6, 7,-1,
		 7, 6, 2, 3,-1,
		 7, 6, 5, 4,-1,
		 4, 5, 6, 7,-1,
		]
	} #IndexedFaceSet
} #Polyhedron
Separator { #Polyhedron
	DEF COORD214 Coordinate3 {
		point [
		 -4.5720 1.0744 -6.0198,
		 -4.5720 1.0668 -6.0224,
		 -4.5720 1.0922 -6.0986,
		 -4.5720 1.0998 -6.0960,
		 -2.4384 1.0744 -6.0198,
		 -2.4384 1.0668 -6.0224,
		 -2.4384 1.0922 -6.0986,
		 -2.4384 1.0998 -6.0960
		]
	} #Coordinate3
	Material {
		ambientColor      0.2500 0.2500 0.2500  #ambientColor
		diffuseColor      1.0000 1.0000 1.0000  #diffuseColor
		transparency      0.0000                #transparency
	} #Material

	IndexedFaceSet {
		coordIndex [ 
		 0, 1, 2, 3,-1,
		 3, 2, 1, 0,-1,
		 0, 3, 7, 4,-1,
		 4, 7, 3, 0,-1,
		 1, 0, 4, 5,-1,
		 5, 4, 0, 1,-1,
		 2, 1, 5, 6,-1,
		 6, 5, 1, 2,-1,
		 3, 2, 6, 7,-1,
		 7, 6, 2, 3,-1,
		 7, 6, 5, 4,-1,
		 4, 5, 6, 7,-1,
		]
	} #IndexedFaceSet
} #Polyhedron
Separator { #Polyhedron
	DEF COORD215 Coordinate3 {
		point [
		 -4.5720 0.9728 -6.0198,
		 -4.5720 0.9652 -6.0224,
		 -4.5720 0.9906 -6.0986,
		 -4.5720 0.9982 -6.0960,
		 -2.4384 0.9728 -6.0198,
		 -2.4384 0.9652 -6.0224,
		 -2.4384 0.9906 -6.0986,
		 -2.4384 0.9982 -6.0960
		]
	} #Coordinate3
	Material {
		ambientColor      0.2500 0.2500 0.2500  #ambientColor
		diffuseColor      1.0000 1.0000 1.0000  #diffuseColor
		transparency      0.0000                #transparency
	} #Material

	IndexedFaceSet {
		coordIndex [ 
		 0, 1, 2, 3,-1,
		 3, 2, 1, 0,-1,
		 0, 3, 7, 4,-1,
		 4, 7, 3, 0,-1,
		 1, 0, 4, 5,-1,
		 5, 4, 0, 1,-1,
		 2, 1, 5, 6,-1,
		 6, 5, 1, 2,-1,
		 3, 2, 6, 7,-1,
		 7, 6, 2, 3,-1,
		 7, 6, 5, 4,-1,
		 4, 5, 6, 7,-1,
		]
	} #IndexedFaceSet
} #Polyhedron
Separator { #Polyhedron
	DEF COORD216 Coordinate3 {
		point [
		 -4.5720 0.8712 -6.0198,
		 -4.5720 0.8636 -6.0224,
		 -4.5720 0.8890 -6.0986,
		 -4.5720 0.8966 -6.0960,
		 -2.4384 0.8712 -6.0198,
		 -2.4384 0.8636 -6.0224,
		 -2.4384 0.8890 -6.0986,
		 -2.4384 0.8966 -6.0960
		]
	} #Coordinate3
	Material {
		ambientColor      0.2500 0.2500 0.2500  #ambientColor
		diffuseColor      1.0000 1.0000 1.0000  #diffuseColor
		transparency      0.0000                #transparency
	} #Material

	IndexedFaceSet {
		coordIndex [ 
		 0, 1, 2, 3,-1,
		 3, 2, 1, 0,-1,
		 0, 3, 7, 4,-1,
		 4, 7, 3, 0,-1,
		 1, 0, 4, 5,-1,
		 5, 4, 0, 1,-1,
		 2, 1, 5, 6,-1,
		 6, 5, 1, 2,-1,
		 3, 2, 6, 7,-1,
		 7, 6, 2, 3,-1,
		 7, 6, 5, 4,-1,
		 4, 5, 6, 7,-1,
		]
	} #IndexedFaceSet
} #Polyhedron
Separator { #Polyhedron
	DEF COORD217 Coordinate3 {
		point [
		 -4.5720 0.7696 -6.0198,
		 -4.5720 0.7620 -6.0224,
		 -4.5720 0.7874 -6.0986,
		 -4.5720 0.7950 -6.0960,
		 -2.4384 0.7696 -6.0198,
		 -2.4384 0.7620 -6.0224,
		 -2.4384 0.7874 -6.0986,
		 -2.4384 0.7950 -6.0960
		]
	} #Coordinate3
	Material {
		ambientColor      0.2500 0.2500 0.2500  #ambientColor
		diffuseColor      1.0000 1.0000 1.0000  #diffuseColor
		transparency      0.0000                #transparency
	} #Material

	IndexedFaceSet {
		coordIndex [ 
		 0, 1, 2, 3,-1,
		 3, 2, 1, 0,-1,
		 0, 3, 7, 4,-1,
		 4, 7, 3, 0,-1,
		 1, 0, 4, 5,-1,
		 5, 4, 0, 1,-1,
		 2, 1, 5, 6,-1,
		 6, 5, 1, 2,-1,
		 3, 2, 6, 7,-1,
		 7, 6, 2, 3,-1,
		 7, 6, 5, 4,-1,
		 4, 5, 6, 7,-1,
		]
	} #IndexedFaceSet
} #Polyhedron
Separator { #Polyhedron
	DEF COORD218 Coordinate3 {
		point [
		 -4.5720 0.6680 -6.0198,
		 -4.5720 0.6604 -6.0224,
		 -4.5720 0.6858 -6.0986,
		 -4.5720 0.6934 -6.0960,
		 -2.4384 0.6680 -6.0198,
		 -2.4384 0.6604 -6.0224,
		 -2.4384 0.6858 -6.0986,
		 -2.4384 0.6934 -6.0960
		]
	} #Coordinate3
	Material {
		ambientColor      0.2500 0.2500 0.2500  #ambientColor
		diffuseColor      1.0000 1.0000 1.0000  #diffuseColor
		transparency      0.0000                #transparency
	} #Material

	IndexedFaceSet {
		coordIndex [ 
		 0, 1, 2, 3,-1,
		 3, 2, 1, 0,-1,
		 0, 3, 7, 4,-1,
		 4, 7, 3, 0,-1,
		 1, 0, 4, 5,-1,
		 5, 4, 0, 1,-1,
		 2, 1, 5, 6,-1,
		 6, 5, 1, 2,-1,
		 3, 2, 6, 7,-1,
		 7, 6, 2, 3,-1,
		 7, 6, 5, 4,-1,
		 4, 5, 6, 7,-1,
		]
	} #IndexedFaceSet
} #Polyhedron
Separator { #Polyhedron
	DEF COORD219 Coordinate3 {
		point [
		 -4.5720 0.5664 -6.0198,
		 -4.5720 0.5588 -6.0224,
		 -4.5720 0.5842 -6.0986,
		 -4.5720 0.5918 -6.0960,
		 -2.4384 0.5664 -6.0198,
		 -2.4384 0.5588 -6.0224,
		 -2.4384 0.5842 -6.0986,
		 -2.4384 0.5918 -6.0960
		]
	} #Coordinate3
	Material {
		ambientColor      0.2500 0.2500 0.2500  #ambientColor
		diffuseColor      1.0000 1.0000 1.0000  #diffuseColor
		transparency      0.0000                #transparency
	} #Material

	IndexedFaceSet {
		coordIndex [ 
		 0, 1, 2, 3,-1,
		 3, 2, 1, 0,-1,
		 0, 3, 7, 4,-1,
		 4, 7, 3, 0,-1,
		 1, 0, 4, 5,-1,
		 5, 4, 0, 1,-1,
		 2, 1, 5, 6,-1,
		 6, 5, 1, 2,-1,
		 3, 2, 6, 7,-1,
		 7, 6, 2, 3,-1,
		 7, 6, 5, 4,-1,
		 4, 5, 6, 7,-1,
		]
	} #IndexedFaceSet
} #Polyhedron
Separator { #Polyhedron
	DEF COORD220 Coordinate3 {
		point [
		 -4.5720 0.4648 -6.0198,
		 -4.5720 0.4572 -6.0224,
		 -4.5720 0.4826 -6.0986,
		 -4.5720 0.4902 -6.0960,
		 -2.4384 0.4648 -6.0198,
		 -2.4384 0.4572 -6.0224,
		 -2.4384 0.4826 -6.0986,
		 -2.4384 0.4902 -6.0960
		]
	} #Coordinate3
	Material {
		ambientColor      0.2500 0.2500 0.2500  #ambientColor
		diffuseColor      1.0000 1.0000 1.0000  #diffuseColor
		transparency      0.0000                #transparency
	} #Material

	IndexedFaceSet {
		coordIndex [ 
		 0, 1, 2, 3,-1,
		 3, 2, 1, 0,-1,
		 0, 3, 7, 4,-1,
		 4, 7, 3, 0,-1,
		 1, 0, 4, 5,-1,
		 5, 4, 0, 1,-1,
		 2, 1, 5, 6,-1,
		 6, 5, 1, 2,-1,
		 3, 2, 6, 7,-1,
		 7, 6, 2, 3,-1,
		 7, 6, 5, 4,-1,
		 4, 5, 6, 7,-1,
		]
	} #IndexedFaceSet
} #Polyhedron
Separator { #Polyhedron
	DEF COORD221 Coordinate3 {
		point [
		 -4.5720 0.3632 -6.0198,
		 -4.5720 0.3556 -6.0224,
		 -4.5720 0.3810 -6.0986,
		 -4.5720 0.3886 -6.0960,
		 -2.4384 0.3632 -6.0198,
		 -2.4384 0.3556 -6.0224,
		 -2.4384 0.3810 -6.0986,
		 -2.4384 0.3886 -6.0960
		]
	} #Coordinate3
	Material {
		ambientColor      0.2500 0.2500 0.2500  #ambientColor
		diffuseColor      1.0000 1.0000 1.0000  #diffuseColor
		transparency      0.0000                #transparency
	} #Material

	IndexedFaceSet {
		coordIndex [ 
		 0, 1, 2, 3,-1,
		 3, 2, 1, 0,-1,
		 0, 3, 7, 4,-1,
		 4, 7, 3, 0,-1,
		 1, 0, 4, 5,-1,
		 5, 4, 0, 1,-1,
		 2, 1, 5, 6,-1,
		 6, 5, 1, 2,-1,
		 3, 2, 6, 7,-1,
		 7, 6, 2, 3,-1,
		 7, 6, 5, 4,-1,
		 4, 5, 6, 7,-1,
		]
	} #IndexedFaceSet
} #Polyhedron
Separator { #Polyhedron
	DEF COORD222 Coordinate3 {
		point [
		 -4.5720 0.2616 -6.0198,
		 -4.5720 0.2540 -6.0224,
		 -4.5720 0.2794 -6.0986,
		 -4.5720 0.2870 -6.0960,
		 -2.4384 0.2616 -6.0198,
		 -2.4384 0.2540 -6.0224,
		 -2.4384 0.2794 -6.0986,
		 -2.4384 0.2870 -6.0960
		]
	} #Coordinate3
	Material {
		ambientColor      0.2500 0.2500 0.2500  #ambientColor
		diffuseColor      1.0000 1.0000 1.0000  #diffuseColor
		transparency      0.0000                #transparency
	} #Material

	IndexedFaceSet {
		coordIndex [ 
		 0, 1, 2, 3,-1,
		 3, 2, 1, 0,-1,
		 0, 3, 7, 4,-1,
		 4, 7, 3, 0,-1,
		 1, 0, 4, 5,-1,
		 5, 4, 0, 1,-1,
		 2, 1, 5, 6,-1,
		 6, 5, 1, 2,-1,
		 3, 2, 6, 7,-1,
		 7, 6, 2, 3,-1,
		 7, 6, 5, 4,-1,
		 4, 5, 6, 7,-1,
		]
	} #IndexedFaceSet
} #Polyhedron
Separator { #Polyhedron
	DEF COORD223 Coordinate3 {
		point [
		 -4.5720 0.1600 -6.0198,
		 -4.5720 0.1524 -6.0224,
		 -4.5720 0.1778 -6.0986,
		 -4.5720 0.1854 -6.0960,
		 -2.4384 0.1600 -6.0198,
		 -2.4384 0.1524 -6.0224,
		 -2.4384 0.1778 -6.0986,
		 -2.4384 0.1854 -6.0960
		]
	} #Coordinate3
	Material {
		ambientColor      0.2500 0.2500 0.2500  #ambientColor
		diffuseColor      1.0000 1.0000 1.0000  #diffuseColor
		transparency      0.0000                #transparency
	} #Material

	IndexedFaceSet {
		coordIndex [ 
		 0, 1, 2, 3,-1,
		 3, 2, 1, 0,-1,
		 0, 3, 7, 4,-1,
		 4, 7, 3, 0,-1,
		 1, 0, 4, 5,-1,
		 5, 4, 0, 1,-1,
		 2, 1, 5, 6,-1,
		 6, 5, 1, 2,-1,
		 3, 2, 6, 7,-1,
		 7, 6, 2, 3,-1,
		 7, 6, 5, 4,-1,
		 4, 5, 6, 7,-1,
		]
	} #IndexedFaceSet
} #Polyhedron
Separator { #Polyhedron
	DEF COORD224 Coordinate3 {
		point [
		 -0.0762 2.8016 -3.6576,
		 -0.0737 2.7940 -3.6576,
		 0.0025 2.8194 -3.6576,
		 0.0000 2.8270 -3.6576,
		 -0.0762 2.8016 -1.5240,
		 -0.0737 2.7940 -1.5240,
		 0.0025 2.8194 -1.5240,
		 0.0000 2.8270 -1.5240
		]
	} #Coordinate3
	Material {
		ambientColor      0.2500 0.2500 0.2500  #ambientColor
		diffuseColor      1.0000 1.0000 1.0000  #diffuseColor
		transparency      0.0000                #transparency
	} #Material

	IndexedFaceSet {
		coordIndex [ 
		 0, 1, 2, 3,-1,
		 3, 2, 1, 0,-1,
		 0, 3, 7, 4,-1,
		 4, 7, 3, 0,-1,
		 1, 0, 4, 5,-1,
		 5, 4, 0, 1,-1,
		 2, 1, 5, 6,-1,
		 6, 5, 1, 2,-1,
		 3, 2, 6, 7,-1,
		 7, 6, 2, 3,-1,
		 7, 6, 5, 4,-1,
		 4, 5, 6, 7,-1,
		]
	} #IndexedFaceSet
} #Polyhedron
Separator { #Polyhedron
	DEF COORD225 Coordinate3 {
		point [
		 -0.0762 2.7000 -3.6576,
		 -0.0737 2.6924 -3.6576,
		 0.0025 2.7178 -3.6576,
		 0.0000 2.7254 -3.6576,
		 -0.0762 2.7000 -1.5240,
		 -0.0737 2.6924 -1.5240,
		 0.0025 2.7178 -1.5240,
		 0.0000 2.7254 -1.5240
		]
	} #Coordinate3
	Material {
		ambientColor      0.2500 0.2500 0.2500  #ambientColor
		diffuseColor      1.0000 1.0000 1.0000  #diffuseColor
		transparency      0.0000                #transparency
	} #Material

	IndexedFaceSet {
		coordIndex [ 
		 0, 1, 2, 3,-1,
		 3, 2, 1, 0,-1,
		 0, 3, 7, 4,-1,
		 4, 7, 3, 0,-1,
		 1, 0, 4, 5,-1,
		 5, 4, 0, 1,-1,
		 2, 1, 5, 6,-1,
		 6, 5, 1, 2,-1,
		 3, 2, 6, 7,-1,
		 7, 6, 2, 3,-1,
		 7, 6, 5, 4,-1,
		 4, 5, 6, 7,-1,
		]
	} #IndexedFaceSet
} #Polyhedron
Separator { #Polyhedron
	DEF COORD226 Coordinate3 {
		point [
		 -0.0762 2.5984 -3.6576,
		 -0.0737 2.5908 -3.6576,
		 0.0025 2.6162 -3.6576,
		 0.0000 2.6238 -3.6576,
		 -0.0762 2.5984 -1.5240,
		 -0.0737 2.5908 -1.5240,
		 0.0025 2.6162 -1.5240,
		 0.0000 2.6238 -1.5240
		]
	} #Coordinate3
	Material {
		ambientColor      0.2500 0.2500 0.2500  #ambientColor
		diffuseColor      1.0000 1.0000 1.0000  #diffuseColor
		transparency      0.0000                #transparency
	} #Material

	IndexedFaceSet {
		coordIndex [ 
		 0, 1, 2, 3,-1,
		 3, 2, 1, 0,-1,
		 0, 3, 7, 4,-1,
		 4, 7, 3, 0,-1,
		 1, 0, 4, 5,-1,
		 5, 4, 0, 1,-1,
		 2, 1, 5, 6,-1,
		 6, 5, 1, 2,-1,
		 3, 2, 6, 7,-1,
		 7, 6, 2, 3,-1,
		 7, 6, 5, 4,-1,
		 4, 5, 6, 7,-1,
		]
	} #IndexedFaceSet
} #Polyhedron
Separator { #Polyhedron
	DEF COORD227 Coordinate3 {
		point [
		 -0.0762 2.4968 -3.6576,
		 -0.0737 2.4892 -3.6576,
		 0.0025 2.5146 -3.6576,
		 0.0000 2.5222 -3.6576,
		 -0.0762 2.4968 -1.5240,
		 -0.0737 2.4892 -1.5240,
		 0.0025 2.5146 -1.5240,
		 0.0000 2.5222 -1.5240
		]
	} #Coordinate3
	Material {
		ambientColor      0.2500 0.2500 0.2500  #ambientColor
		diffuseColor      1.0000 1.0000 1.0000  #diffuseColor
		transparency      0.0000                #transparency
	} #Material

	IndexedFaceSet {
		coordIndex [ 
		 0, 1, 2, 3,-1,
		 3, 2, 1, 0,-1,
		 0, 3, 7, 4,-1,
		 4, 7, 3, 0,-1,
		 1, 0, 4, 5,-1,
		 5, 4, 0, 1,-1,
		 2, 1, 5, 6,-1,
		 6, 5, 1, 2,-1,
		 3, 2, 6, 7,-1,
		 7, 6, 2, 3,-1,
		 7, 6, 5, 4,-1,
		 4, 5, 6, 7,-1,
		]
	} #IndexedFaceSet
} #Polyhedron
Separator { #Polyhedron
	DEF COORD228 Coordinate3 {
		point [
		 -0.0762 2.3952 -3.6576,
		 -0.0737 2.3876 -3.6576,
		 0.0025 2.4130 -3.6576,
		 0.0000 2.4206 -3.6576,
		 -0.0762 2.3952 -1.5240,
		 -0.0737 2.3876 -1.5240,
		 0.0025 2.4130 -1.5240,
		 0.0000 2.4206 -1.5240
		]
	} #Coordinate3
	Material {
		ambientColor      0.2500 0.2500 0.2500  #ambientColor
		diffuseColor      1.0000 1.0000 1.0000  #diffuseColor
		transparency      0.0000                #transparency
	} #Material

	IndexedFaceSet {
		coordIndex [ 
		 0, 1, 2, 3,-1,
		 3, 2, 1, 0,-1,
		 0, 3, 7, 4,-1,
		 4, 7, 3, 0,-1,
		 1, 0, 4, 5,-1,
		 5, 4, 0, 1,-1,
		 2, 1, 5, 6,-1,
		 6, 5, 1, 2,-1,
		 3, 2, 6, 7,-1,
		 7, 6, 2, 3,-1,
		 7, 6, 5, 4,-1,
		 4, 5, 6, 7,-1,
		]
	} #IndexedFaceSet
} #Polyhedron
Separator { #Polyhedron
	DEF COORD229 Coordinate3 {
		point [
		 -0.0762 2.2936 -3.6576,
		 -0.0737 2.2860 -3.6576,
		 0.0025 2.3114 -3.6576,
		 0.0000 2.3190 -3.6576,
		 -0.0762 2.2936 -1.5240,
		 -0.0737 2.2860 -1.5240,
		 0.0025 2.3114 -1.5240,
		 0.0000 2.3190 -1.5240
		]
	} #Coordinate3
	Material {
		ambientColor      0.2500 0.2500 0.2500  #ambientColor
		diffuseColor      1.0000 1.0000 1.0000  #diffuseColor
		transparency      0.0000                #transparency
	} #Material

	IndexedFaceSet {
		coordIndex [ 
		 0, 1, 2, 3,-1,
		 3, 2, 1, 0,-1,
		 0, 3, 7, 4,-1,
		 4, 7, 3, 0,-1,
		 1, 0, 4, 5,-1,
		 5, 4, 0, 1,-1,
		 2, 1, 5, 6,-1,
		 6, 5, 1, 2,-1,
		 3, 2, 6, 7,-1,
		 7, 6, 2, 3,-1,
		 7, 6, 5, 4,-1,
		 4, 5, 6, 7,-1,
		]
	} #IndexedFaceSet
} #Polyhedron
Separator { #Polyhedron
	DEF COORD230 Coordinate3 {
		point [
		 -0.0762 2.1920 -3.6576,
		 -0.0737 2.1844 -3.6576,
		 0.0025 2.2098 -3.6576,
		 0.0000 2.2174 -3.6576,
		 -0.0762 2.1920 -1.5240,
		 -0.0737 2.1844 -1.5240,
		 0.0025 2.2098 -1.5240,
		 0.0000 2.2174 -1.5240
		]
	} #Coordinate3
	Material {
		ambientColor      0.2500 0.2500 0.2500  #ambientColor
		diffuseColor      1.0000 1.0000 1.0000  #diffuseColor
		transparency      0.0000                #transparency
	} #Material

	IndexedFaceSet {
		coordIndex [ 
		 0, 1, 2, 3,-1,
		 3, 2, 1, 0,-1,
		 0, 3, 7, 4,-1,
		 4, 7, 3, 0,-1,
		 1, 0, 4, 5,-1,
		 5, 4, 0, 1,-1,
		 2, 1, 5, 6,-1,
		 6, 5, 1, 2,-1,
		 3, 2, 6, 7,-1,
		 7, 6, 2, 3,-1,
		 7, 6, 5, 4,-1,
		 4, 5, 6, 7,-1,
		]
	} #IndexedFaceSet
} #Polyhedron
Separator { #Polyhedron
	DEF COORD231 Coordinate3 {
		point [
		 -0.0762 2.0904 -3.6576,
		 -0.0737 2.0828 -3.6576,
		 0.0025 2.1082 -3.6576,
		 0.0000 2.1158 -3.6576,
		 -0.0762 2.0904 -1.5240,
		 -0.0737 2.0828 -1.5240,
		 0.0025 2.1082 -1.5240,
		 0.0000 2.1158 -1.5240
		]
	} #Coordinate3
	Material {
		ambientColor      0.2500 0.2500 0.2500  #ambientColor
		diffuseColor      1.0000 1.0000 1.0000  #diffuseColor
		transparency      0.0000                #transparency
	} #Material

	IndexedFaceSet {
		coordIndex [ 
		 0, 1, 2, 3,-1,
		 3, 2, 1, 0,-1,
		 0, 3, 7, 4,-1,
		 4, 7, 3, 0,-1,
		 1, 0, 4, 5,-1,
		 5, 4, 0, 1,-1,
		 2, 1, 5, 6,-1,
		 6, 5, 1, 2,-1,
		 3, 2, 6, 7,-1,
		 7, 6, 2, 3,-1,
		 7, 6, 5, 4,-1,
		 4, 5, 6, 7,-1,
		]
	} #IndexedFaceSet
} #Polyhedron
Separator { #Polyhedron
	DEF COORD232 Coordinate3 {
		point [
		 -0.0762 1.9888 -3.6576,
		 -0.0737 1.9812 -3.6576,
		 0.0025 2.0066 -3.6576,
		 0.0000 2.0142 -3.6576,
		 -0.0762 1.9888 -1.5240,
		 -0.0737 1.9812 -1.5240,
		 0.0025 2.0066 -1.5240,
		 0.0000 2.0142 -1.5240
		]
	} #Coordinate3
	Material {
		ambientColor      0.2500 0.2500 0.2500  #ambientColor
		diffuseColor      1.0000 1.0000 1.0000  #diffuseColor
		transparency      0.0000                #transparency
	} #Material

	IndexedFaceSet {
		coordIndex [ 
		 0, 1, 2, 3,-1,
		 3, 2, 1, 0,-1,
		 0, 3, 7, 4,-1,
		 4, 7, 3, 0,-1,
		 1, 0, 4, 5,-1,
		 5, 4, 0, 1,-1,
		 2, 1, 5, 6,-1,
		 6, 5, 1, 2,-1,
		 3, 2, 6, 7,-1,
		 7, 6, 2, 3,-1,
		 7, 6, 5, 4,-1,
		 4, 5, 6, 7,-1,
		]
	} #IndexedFaceSet
} #Polyhedron
Separator { #Polyhedron
	DEF COORD233 Coordinate3 {
		point [
		 -0.0762 1.8872 -3.6576,
		 -0.0737 1.8796 -3.6576,
		 0.0025 1.9050 -3.6576,
		 0.0000 1.9126 -3.6576,
		 -0.0762 1.8872 -1.5240,
		 -0.0737 1.8796 -1.5240,
		 0.0025 1.9050 -1.5240,
		 0.0000 1.9126 -1.5240
		]
	} #Coordinate3
	Material {
		ambientColor      0.2500 0.2500 0.2500  #ambientColor
		diffuseColor      1.0000 1.0000 1.0000  #diffuseColor
		transparency      0.0000                #transparency
	} #Material

	IndexedFaceSet {
		coordIndex [ 
		 0, 1, 2, 3,-1,
		 3, 2, 1, 0,-1,
		 0, 3, 7, 4,-1,
		 4, 7, 3, 0,-1,
		 1, 0, 4, 5,-1,
		 5, 4, 0, 1,-1,
		 2, 1, 5, 6,-1,
		 6, 5, 1, 2,-1,
		 3, 2, 6, 7,-1,
		 7, 6, 2, 3,-1,
		 7, 6, 5, 4,-1,
		 4, 5, 6, 7,-1,
		]
	} #IndexedFaceSet
} #Polyhedron
Separator { #Polyhedron
	DEF COORD234 Coordinate3 {
		point [
		 -0.0762 1.7856 -3.6576,
		 -0.0737 1.7780 -3.6576,
		 0.0025 1.8034 -3.6576,
		 0.0000 1.8110 -3.6576,
		 -0.0762 1.7856 -1.5240,
		 -0.0737 1.7780 -1.5240,
		 0.0025 1.8034 -1.5240,
		 0.0000 1.8110 -1.5240
		]
	} #Coordinate3
	Material {
		ambientColor      0.2500 0.2500 0.2500  #ambientColor
		diffuseColor      1.0000 1.0000 1.0000  #diffuseColor
		transparency      0.0000                #transparency
	} #Material

	IndexedFaceSet {
		coordIndex [ 
		 0, 1, 2, 3,-1,
		 3, 2, 1, 0,-1,
		 0, 3, 7, 4,-1,
		 4, 7, 3, 0,-1,
		 1, 0, 4, 5,-1,
		 5, 4, 0, 1,-1,
		 2, 1, 5, 6,-1,
		 6, 5, 1, 2,-1,
		 3, 2, 6, 7,-1,
		 7, 6, 2, 3,-1,
		 7, 6, 5, 4,-1,
		 4, 5, 6, 7,-1,
		]
	} #IndexedFaceSet
} #Polyhedron
Separator { #Polyhedron
	DEF COORD235 Coordinate3 {
		point [
		 -0.0762 1.6840 -3.6576,
		 -0.0737 1.6764 -3.6576,
		 0.0025 1.7018 -3.6576,
		 0.0000 1.7094 -3.6576,
		 -0.0762 1.6840 -1.5240,
		 -0.0737 1.6764 -1.5240,
		 0.0025 1.7018 -1.5240,
		 0.0000 1.7094 -1.5240
		]
	} #Coordinate3
	Material {
		ambientColor      0.2500 0.2500 0.2500  #ambientColor
		diffuseColor      1.0000 1.0000 1.0000  #diffuseColor
		transparency      0.0000                #transparency
	} #Material

	IndexedFaceSet {
		coordIndex [ 
		 0, 1, 2, 3,-1,
		 3, 2, 1, 0,-1,
		 0, 3, 7, 4,-1,
		 4, 7, 3, 0,-1,
		 1, 0, 4, 5,-1,
		 5, 4, 0, 1,-1,
		 2, 1, 5, 6,-1,
		 6, 5, 1, 2,-1,
		 3, 2, 6, 7,-1,
		 7, 6, 2, 3,-1,
		 7, 6, 5, 4,-1,
		 4, 5, 6, 7,-1,
		]
	} #IndexedFaceSet
} #Polyhedron
Separator { #Polyhedron
	DEF COORD236 Coordinate3 {
		point [
		 -0.0762 1.5824 -3.6576,
		 -0.0737 1.5748 -3.6576,
		 0.0025 1.6002 -3.6576,
		 0.0000 1.6078 -3.6576,
		 -0.0762 1.5824 -1.5240,
		 -0.0737 1.5748 -1.5240,
		 0.0025 1.6002 -1.5240,
		 0.0000 1.6078 -1.5240
		]
	} #Coordinate3
	Material {
		ambientColor      0.2500 0.2500 0.2500  #ambientColor
		diffuseColor      1.0000 1.0000 1.0000  #diffuseColor
		transparency      0.0000                #transparency
	} #Material

	IndexedFaceSet {
		coordIndex [ 
		 0, 1, 2, 3,-1,
		 3, 2, 1, 0,-1,
		 0, 3, 7, 4,-1,
		 4, 7, 3, 0,-1,
		 1, 0, 4, 5,-1,
		 5, 4, 0, 1,-1,
		 2, 1, 5, 6,-1,
		 6, 5, 1, 2,-1,
		 3, 2, 6, 7,-1,
		 7, 6, 2, 3,-1,
		 7, 6, 5, 4,-1,
		 4, 5, 6, 7,-1,
		]
	} #IndexedFaceSet
} #Polyhedron
Separator { #Polyhedron
	DEF COORD237 Coordinate3 {
		point [
		 -0.0762 1.4808 -3.6576,
		 -0.0737 1.4732 -3.6576,
		 0.0025 1.4986 -3.6576,
		 0.0000 1.5062 -3.6576,
		 -0.0762 1.4808 -1.5240,
		 -0.0737 1.4732 -1.5240,
		 0.0025 1.4986 -1.5240,
		 0.0000 1.5062 -1.5240
		]
	} #Coordinate3
	Material {
		ambientColor      0.2500 0.2500 0.2500  #ambientColor
		diffuseColor      1.0000 1.0000 1.0000  #diffuseColor
		transparency      0.0000                #transparency
	} #Material

	IndexedFaceSet {
		coordIndex [ 
		 0, 1, 2, 3,-1,
		 3, 2, 1, 0,-1,
		 0, 3, 7, 4,-1,
		 4, 7, 3, 0,-1,
		 1, 0, 4, 5,-1,
		 5, 4, 0, 1,-1,
		 2, 1, 5, 6,-1,
		 6, 5, 1, 2,-1,
		 3, 2, 6, 7,-1,
		 7, 6, 2, 3,-1,
		 7, 6, 5, 4,-1,
		 4, 5, 6, 7,-1,
		]
	} #IndexedFaceSet
} #Polyhedron
Separator { #Polyhedron
	DEF COORD238 Coordinate3 {
		point [
		 -0.0762 1.3792 -3.6576,
		 -0.0737 1.3716 -3.6576,
		 0.0025 1.3970 -3.6576,
		 0.0000 1.4046 -3.6576,
		 -0.0762 1.3792 -1.5240,
		 -0.0737 1.3716 -1.5240,
		 0.0025 1.3970 -1.5240,
		 0.0000 1.4046 -1.5240
		]
	} #Coordinate3
	Material {
		ambientColor      0.2500 0.2500 0.2500  #ambientColor
		diffuseColor      1.0000 1.0000 1.0000  #diffuseColor
		transparency      0.0000                #transparency
	} #Material

	IndexedFaceSet {
		coordIndex [ 
		 0, 1, 2, 3,-1,
		 3, 2, 1, 0,-1,
		 0, 3, 7, 4,-1,
		 4, 7, 3, 0,-1,
		 1, 0, 4, 5,-1,
		 5, 4, 0, 1,-1,
		 2, 1, 5, 6,-1,
		 6, 5, 1, 2,-1,
		 3, 2, 6, 7,-1,
		 7, 6, 2, 3,-1,
		 7, 6, 5, 4,-1,
		 4, 5, 6, 7,-1,
		]
	} #IndexedFaceSet
} #Polyhedron
Separator { #Polyhedron
	DEF COORD239 Coordinate3 {
		point [
		 -0.0762 1.2776 -3.6576,
		 -0.0737 1.2700 -3.6576,
		 0.0025 1.2954 -3.6576,
		 0.0000 1.3030 -3.6576,
		 -0.0762 1.2776 -1.5240,
		 -0.0737 1.2700 -1.5240,
		 0.0025 1.2954 -1.5240,
		 0.0000 1.3030 -1.5240
		]
	} #Coordinate3
	Material {
		ambientColor      0.2500 0.2500 0.2500  #ambientColor
		diffuseColor      1.0000 1.0000 1.0000  #diffuseColor
		transparency      0.0000                #transparency
	} #Material

	IndexedFaceSet {
		coordIndex [ 
		 0, 1, 2, 3,-1,
		 3, 2, 1, 0,-1,
		 0, 3, 7, 4,-1,
		 4, 7, 3, 0,-1,
		 1, 0, 4, 5,-1,
		 5, 4, 0, 1,-1,
		 2, 1, 5, 6,-1,
		 6, 5, 1, 2,-1,
		 3, 2, 6, 7,-1,
		 7, 6, 2, 3,-1,
		 7, 6, 5, 4,-1,
		 4, 5, 6, 7,-1,
		]
	} #IndexedFaceSet
} #Polyhedron
Separator { #Polyhedron
	DEF COORD240 Coordinate3 {
		point [
		 -0.0762 1.1760 -3.6576,
		 -0.0737 1.1684 -3.6576,
		 0.0025 1.1938 -3.6576,
		 0.0000 1.2014 -3.6576,
		 -0.0762 1.1760 -1.5240,
		 -0.0737 1.1684 -1.5240,
		 0.0025 1.1938 -1.5240,
		 0.0000 1.2014 -1.5240
		]
	} #Coordinate3
	Material {
		ambientColor      0.2500 0.2500 0.2500  #ambientColor
		diffuseColor      1.0000 1.0000 1.0000  #diffuseColor
		transparency      0.0000                #transparency
	} #Material

	IndexedFaceSet {
		coordIndex [ 
		 0, 1, 2, 3,-1,
		 3, 2, 1, 0,-1,
		 0, 3, 7, 4,-1,
		 4, 7, 3, 0,-1,
		 1, 0, 4, 5,-1,
		 5, 4, 0, 1,-1,
		 2, 1, 5, 6,-1,
		 6, 5, 1, 2,-1,
		 3, 2, 6, 7,-1,
		 7, 6, 2, 3,-1,
		 7, 6, 5, 4,-1,
		 4, 5, 6, 7,-1,
		]
	} #IndexedFaceSet
} #Polyhedron
Separator { #Polyhedron
	DEF COORD241 Coordinate3 {
		point [
		 -0.0762 1.0744 -3.6576,
		 -0.0737 1.0668 -3.6576,
		 0.0025 1.0922 -3.6576,
		 0.0000 1.0998 -3.6576,
		 -0.0762 1.0744 -1.5240,
		 -0.0737 1.0668 -1.5240,
		 0.0025 1.0922 -1.5240,
		 0.0000 1.0998 -1.5240
		]
	} #Coordinate3
	Material {
		ambientColor      0.2500 0.2500 0.2500  #ambientColor
		diffuseColor      1.0000 1.0000 1.0000  #diffuseColor
		transparency      0.0000                #transparency
	} #Material

	IndexedFaceSet {
		coordIndex [ 
		 0, 1, 2, 3,-1,
		 3, 2, 1, 0,-1,
		 0, 3, 7, 4,-1,
		 4, 7, 3, 0,-1,
		 1, 0, 4, 5,-1,
		 5, 4, 0, 1,-1,
		 2, 1, 5, 6,-1,
		 6, 5, 1, 2,-1,
		 3, 2, 6, 7,-1,
		 7, 6, 2, 3,-1,
		 7, 6, 5, 4,-1,
		 4, 5, 6, 7,-1,
		]
	} #IndexedFaceSet
} #Polyhedron
Separator { #Polyhedron
	DEF COORD242 Coordinate3 {
		point [
		 -0.0762 0.9728 -3.6576,
		 -0.0737 0.9652 -3.6576,
		 0.0025 0.9906 -3.6576,
		 0.0000 0.9982 -3.6576,
		 -0.0762 0.9728 -1.5240,
		 -0.0737 0.9652 -1.5240,
		 0.0025 0.9906 -1.5240,
		 0.0000 0.9982 -1.5240
		]
	} #Coordinate3
	Material {
		ambientColor      0.2500 0.2500 0.2500  #ambientColor
		diffuseColor      1.0000 1.0000 1.0000  #diffuseColor
		transparency      0.0000                #transparency
	} #Material

	IndexedFaceSet {
		coordIndex [ 
		 0, 1, 2, 3,-1,
		 3, 2, 1, 0,-1,
		 0, 3, 7, 4,-1,
		 4, 7, 3, 0,-1,
		 1, 0, 4, 5,-1,
		 5, 4, 0, 1,-1,
		 2, 1, 5, 6,-1,
		 6, 5, 1, 2,-1,
		 3, 2, 6, 7,-1,
		 7, 6, 2, 3,-1,
		 7, 6, 5, 4,-1,
		 4, 5, 6, 7,-1,
		]
	} #IndexedFaceSet
} #Polyhedron
Separator { #Polyhedron
	DEF COORD243 Coordinate3 {
		point [
		 -0.0762 0.8712 -3.6576,
		 -0.0737 0.8636 -3.6576,
		 0.0025 0.8890 -3.6576,
		 0.0000 0.8966 -3.6576,
		 -0.0762 0.8712 -1.5240,
		 -0.0737 0.8636 -1.5240,
		 0.0025 0.8890 -1.5240,
		 0.0000 0.8966 -1.5240
		]
	} #Coordinate3
	Material {
		ambientColor      0.2500 0.2500 0.2500  #ambientColor
		diffuseColor      1.0000 1.0000 1.0000  #diffuseColor
		transparency      0.0000                #transparency
	} #Material

	IndexedFaceSet {
		coordIndex [ 
		 0, 1, 2, 3,-1,
		 3, 2, 1, 0,-1,
		 0, 3, 7, 4,-1,
		 4, 7, 3, 0,-1,
		 1, 0, 4, 5,-1,
		 5, 4, 0, 1,-1,
		 2, 1, 5, 6,-1,
		 6, 5, 1, 2,-1,
		 3, 2, 6, 7,-1,
		 7, 6, 2, 3,-1,
		 7, 6, 5, 4,-1,
		 4, 5, 6, 7,-1,
		]
	} #IndexedFaceSet
} #Polyhedron
Separator { #Polyhedron
	DEF COORD244 Coordinate3 {
		point [
		 -0.0762 0.7696 -3.6576,
		 -0.0737 0.7620 -3.6576,
		 0.0025 0.7874 -3.6576,
		 0.0000 0.7950 -3.6576,
		 -0.0762 0.7696 -1.5240,
		 -0.0737 0.7620 -1.5240,
		 0.0025 0.7874 -1.5240,
		 0.0000 0.7950 -1.5240
		]
	} #Coordinate3
	Material {
		ambientColor      0.2500 0.2500 0.2500  #ambientColor
		diffuseColor      1.0000 1.0000 1.0000  #diffuseColor
		transparency      0.0000                #transparency
	} #Material

	IndexedFaceSet {
		coordIndex [ 
		 0, 1, 2, 3,-1,
		 3, 2, 1, 0,-1,
		 0, 3, 7, 4,-1,
		 4, 7, 3, 0,-1,
		 1, 0, 4, 5,-1,
		 5, 4, 0, 1,-1,
		 2, 1, 5, 6,-1,
		 6, 5, 1, 2,-1,
		 3, 2, 6, 7,-1,
		 7, 6, 2, 3,-1,
		 7, 6, 5, 4,-1,
		 4, 5, 6, 7,-1,
		]
	} #IndexedFaceSet
} #Polyhedron
Separator { #Polyhedron
	DEF COORD245 Coordinate3 {
		point [
		 -0.0762 0.6680 -3.6576,
		 -0.0737 0.6604 -3.6576,
		 0.0025 0.6858 -3.6576,
		 0.0000 0.6934 -3.6576,
		 -0.0762 0.6680 -1.5240,
		 -0.0737 0.6604 -1.5240,
		 0.0025 0.6858 -1.5240,
		 0.0000 0.6934 -1.5240
		]
	} #Coordinate3
	Material {
		ambientColor      0.2500 0.2500 0.2500  #ambientColor
		diffuseColor      1.0000 1.0000 1.0000  #diffuseColor
		transparency      0.0000                #transparency
	} #Material

	IndexedFaceSet {
		coordIndex [ 
		 0, 1, 2, 3,-1,
		 3, 2, 1, 0,-1,
		 0, 3, 7, 4,-1,
		 4, 7, 3, 0,-1,
		 1, 0, 4, 5,-1,
		 5, 4, 0, 1,-1,
		 2, 1, 5, 6,-1,
		 6, 5, 1, 2,-1,
		 3, 2, 6, 7,-1,
		 7, 6, 2, 3,-1,
		 7, 6, 5, 4,-1,
		 4, 5, 6, 7,-1,
		]
	} #IndexedFaceSet
} #Polyhedron
Separator { #Polyhedron
	DEF COORD246 Coordinate3 {
		point [
		 -0.0762 0.5664 -3.6576,
		 -0.0737 0.5588 -3.6576,
		 0.0025 0.5842 -3.6576,
		 0.0000 0.5918 -3.6576,
		 -0.0762 0.5664 -1.5240,
		 -0.0737 0.5588 -1.5240,
		 0.0025 0.5842 -1.5240,
		 0.0000 0.5918 -1.5240
		]
	} #Coordinate3
	Material {
		ambientColor      0.2500 0.2500 0.2500  #ambientColor
		diffuseColor      1.0000 1.0000 1.0000  #diffuseColor
		transparency      0.0000                #transparency
	} #Material

	IndexedFaceSet {
		coordIndex [ 
		 0, 1, 2, 3,-1,
		 3, 2, 1, 0,-1,
		 0, 3, 7, 4,-1,
		 4, 7, 3, 0,-1,
		 1, 0, 4, 5,-1,
		 5, 4, 0, 1,-1,
		 2, 1, 5, 6,-1,
		 6, 5, 1, 2,-1,
		 3, 2, 6, 7,-1,
		 7, 6, 2, 3,-1,
		 7, 6, 5, 4,-1,
		 4, 5, 6, 7,-1,
		]
	} #IndexedFaceSet
} #Polyhedron
Separator { #Polyhedron
	DEF COORD247 Coordinate3 {
		point [
		 -0.0762 0.4648 -3.6576,
		 -0.0737 0.4572 -3.6576,
		 0.0025 0.4826 -3.6576,
		 0.0000 0.4902 -3.6576,
		 -0.0762 0.4648 -1.5240,
		 -0.0737 0.4572 -1.5240,
		 0.0025 0.4826 -1.5240,
		 0.0000 0.4902 -1.5240
		]
	} #Coordinate3
	Material {
		ambientColor      0.2500 0.2500 0.2500  #ambientColor
		diffuseColor      1.0000 1.0000 1.0000  #diffuseColor
		transparency      0.0000                #transparency
	} #Material

	IndexedFaceSet {
		coordIndex [ 
		 0, 1, 2, 3,-1,
		 3, 2, 1, 0,-1,
		 0, 3, 7, 4,-1,
		 4, 7, 3, 0,-1,
		 1, 0, 4, 5,-1,
		 5, 4, 0, 1,-1,
		 2, 1, 5, 6,-1,
		 6, 5, 1, 2,-1,
		 3, 2, 6, 7,-1,
		 7, 6, 2, 3,-1,
		 7, 6, 5, 4,-1,
		 4, 5, 6, 7,-1,
		]
	} #IndexedFaceSet
} #Polyhedron
Separator { #Polyhedron
	DEF COORD248 Coordinate3 {
		point [
		 -0.0762 0.3632 -3.6576,
		 -0.0737 0.3556 -3.6576,
		 0.0025 0.3810 -3.6576,
		 0.0000 0.3886 -3.6576,
		 -0.0762 0.3632 -1.5240,
		 -0.0737 0.3556 -1.5240,
		 0.0025 0.3810 -1.5240,
		 0.0000 0.3886 -1.5240
		]
	} #Coordinate3
	Material {
		ambientColor      0.2500 0.2500 0.2500  #ambientColor
		diffuseColor      1.0000 1.0000 1.0000  #diffuseColor
		transparency      0.0000                #transparency
	} #Material

	IndexedFaceSet {
		coordIndex [ 
		 0, 1, 2, 3,-1,
		 3, 2, 1, 0,-1,
		 0, 3, 7, 4,-1,
		 4, 7, 3, 0,-1,
		 1, 0, 4, 5,-1,
		 5, 4, 0, 1,-1,
		 2, 1, 5, 6,-1,
		 6, 5, 1, 2,-1,
		 3, 2, 6, 7,-1,
		 7, 6, 2, 3,-1,
		 7, 6, 5, 4,-1,
		 4, 5, 6, 7,-1,
		]
	} #IndexedFaceSet
} #Polyhedron
Separator { #Polyhedron
	DEF COORD249 Coordinate3 {
		point [
		 -0.0762 0.2616 -3.6576,
		 -0.0737 0.2540 -3.6576,
		 0.0025 0.2794 -3.6576,
		 0.0000 0.2870 -3.6576,
		 -0.0762 0.2616 -1.5240,
		 -0.0737 0.2540 -1.5240,
		 0.0025 0.2794 -1.5240,
		 0.0000 0.2870 -1.5240
		]
	} #Coordinate3
	Material {
		ambientColor      0.2500 0.2500 0.2500  #ambientColor
		diffuseColor      1.0000 1.0000 1.0000  #diffuseColor
		transparency      0.0000                #transparency
	} #Material

	IndexedFaceSet {
		coordIndex [ 
		 0, 1, 2, 3,-1,
		 3, 2, 1, 0,-1,
		 0, 3, 7, 4,-1,
		 4, 7, 3, 0,-1,
		 1, 0, 4, 5,-1,
		 5, 4, 0, 1,-1,
		 2, 1, 5, 6,-1,
		 6, 5, 1, 2,-1,
		 3, 2, 6, 7,-1,
		 7, 6, 2, 3,-1,
		 7, 6, 5, 4,-1,
		 4, 5, 6, 7,-1,
		]
	} #IndexedFaceSet
} #Polyhedron
Separator { #Polyhedron
	DEF COORD250 Coordinate3 {
		point [
		 -0.0762 0.1600 -3.6576,
		 -0.0737 0.1524 -3.6576,
		 0.0025 0.1778 -3.6576,
		 0.0000 0.1854 -3.6576,
		 -0.0762 0.1600 -1.5240,
		 -0.0737 0.1524 -1.5240,
		 0.0025 0.1778 -1.5240,
		 0.0000 0.1854 -1.5240
		]
	} #Coordinate3
	Material {
		ambientColor      0.2500 0.2500 0.2500  #ambientColor
		diffuseColor      1.0000 1.0000 1.0000  #diffuseColor
		transparency      0.0000                #transparency
	} #Material

	IndexedFaceSet {
		coordIndex [ 
		 0, 1, 2, 3,-1,
		 3, 2, 1, 0,-1,
		 0, 3, 7, 4,-1,
		 4, 7, 3, 0,-1,
		 1, 0, 4, 5,-1,
		 5, 4, 0, 1,-1,
		 2, 1, 5, 6,-1,
		 6, 5, 1, 2,-1,
		 3, 2, 6, 7,-1,
		 7, 6, 2, 3,-1,
		 7, 6, 5, 4,-1,
		 4, 5, 6, 7,-1,
		]
	} #IndexedFaceSet
} #Polyhedron
}
