#VRML V1.0 ascii

Separator {
	Info { string "Virtus 3D Website Builder 1.0
	VRML Export Filter
	Virtus Corporation
	114 MacKenan Drive, Suite 100
	Cary, NC 27511
	919-467-9700"}

	DEF BackgroundColor Info{  # Sky color
		string " 0.3 0.8 1.0 "
	}

	DirectionalLight {
		on         TRUE          # SFBool
		intensity  1.0           # SFFloat
		color      0.4 0.4 0.4   # SFColor
		direction  0 0 0   # SFVec3f
	}

	DirectionalLight {
		on         TRUE          # SFBool
		intensity  1.0           # SFFloat
		color      0.5 0.5 0.5   # SFColor
		direction  34 -247 -57   # SFVec3f
	}

	DirectionalLight {
		on         TRUE          # SFBool
		intensity  1.0           # SFFloat
		color      0.4 0.4 0.4   # SFColor
		direction  -209 -104 105   # SFVec3f
	}

	DirectionalLight {
		on         TRUE          # SFBool
		intensity  1.0           # SFFloat
		color      0.5 0.5 0.5   # SFColor
		direction  5 119 -226   # SFVec3f
	}

	PerspectiveCamera {
		position -3.3274 1.6764 -2.5908          #SFVec3f 
		orientation 0 1 0  4.5911     #SFRotation 
		focalDistance  5            #SFFloat 
		heightAngle 2.6979 
	}

	ShapeHints {
		vertexOrdering	CLOCKWISE
		shapeType	SOLID
	}

	Transform {
		translation 0 0 0
		scaleFactor 1.0 1.0 1.0
	}

Separator { #Polyhedron
	DEF COORD0 Coordinate3 {
		point [
		 -0.7874 2.4384 -3.6068,
		 -0.7874 2.4384 -0.5588,
		 -5.2070 2.4384 -0.5588,
		 -5.2070 2.4384 -3.6068,
		 -0.7874 0.0000 -3.6068,
		 -0.7874 0.0000 -0.5588,
		 -5.2070 0.0000 -0.5588,
		 -5.2070 0.0000 -3.6068,
		 -5.2070 1.1876 -3.6068,
		 -0.7874 1.1876 -3.6068,
		 -2.6676 1.1876 -3.6068,
		 -0.7874 1.1876 -3.6068,
		 -0.7874 1.1876 -3.6068,
		 -0.9267 2.2798 -3.6068,
		 -0.9267 1.1876 -3.6068,
		 -0.7874 2.2798 -3.6068,
		 -2.6676 2.2798 -3.6068,
		 -3.3142 2.2798 -3.6068,
		 -3.3142 1.1876 -3.6068,
		 -0.7874 2.2798 -3.6068,
		 -5.2070 2.2798 -3.6068,
		 -5.0551 1.1876 -3.6068,
		 -5.0551 2.2798 -3.6068,
		 -5.2070 1.1876 -3.6068,
		 -5.0551 1.2320 -3.6068,
		 -3.3142 1.2320 -3.6068,
		 -3.8798 1.2326 -3.6068,
		 -3.8798 1.2320 -3.6068,
		 -3.3142 1.2320 -3.6068,
		 -3.3142 1.2326 -3.6068,
		 -3.9306 1.2320 -3.6068,
		 -3.9306 1.2326 -3.6068,
		 -4.4450 1.2326 -3.6068,
		 -4.4450 1.2320 -3.6068,
		 -4.4958 1.2320 -3.6068,
		 -4.4958 1.2326 -3.6068,
		 -5.0551 1.2326 -3.6068,
		 -5.0551 1.2320 -3.6068,
		 -3.3867 1.7082 -3.6068,
		 -3.3867 1.2326 -3.6068,
		 -3.3142 1.2326 -3.6068,
		 -3.3142 1.7082 -3.6068,
		 -3.3845 1.7590 -3.6068,
		 -3.3845 1.7082 -3.6068,
		 -3.3142 1.7082 -3.6068,
		 -3.3142 1.7590 -3.6068,
		 -3.3142 1.7590 -3.6068,
		 -3.3142 2.2345 -3.6068,
		 -3.3867 2.2345 -3.6068,
		 -3.3867 1.7590 -3.6068,
		 -3.8798 2.2353 -3.6068,
		 -3.8798 2.2345 -3.6068,
		 -3.3142 2.2345 -3.6068,
		 -3.3142 2.2353 -3.6068,
		 -3.9306 2.2345 -3.6068,
		 -3.9306 2.2353 -3.6068,
		 -4.4450 2.2353 -3.6068,
		 -4.4450 2.2345 -3.6068,
		 -3.3142 2.2353 -3.6068,
		 -5.0551 2.2353 -3.6068,
		 -4.4958 2.2345 -3.6068,
		 -4.4958 2.2353 -3.6068,
		 -5.0551 2.2345 -3.6068,
		 -5.0551 1.7082 -3.6068,
		 -5.0551 1.2326 -3.6068,
		 -4.9825 1.2326 -3.6068,
		 -4.9825 1.7082 -3.6068,
		 -4.9825 1.7590 -3.6068,
		 -4.9825 2.2345 -3.6068,
		 -5.0551 1.7590 -3.6068,
		 -4.9847 1.7082 -3.6068,
		 -4.9847 1.7590 -3.6068,
		 -5.0551 1.7082 -3.6068,
		 -3.8798 1.7082 -3.6068,
		 -3.8798 1.2326 -3.6068,
		 -3.3867 1.2326 -3.6068,
		 -3.3867 1.7082 -3.6068,
		 -3.9306 1.2326 -3.6068,
		 -3.9306 1.7082 -3.6068,
		 -4.4450 1.7082 -3.6068,
		 -4.4450 1.2326 -3.6068,
		 -4.4958 1.2326 -3.6068,
		 -4.4958 1.7082 -3.6068,
		 -4.9825 1.7082 -3.6068,
		 -3.8798 2.2345 -3.6068,
		 -3.8798 1.7590 -3.6068,
		 -3.3867 1.7590 -3.6068,
		 -3.9306 1.7590 -3.6068,
		 -3.9306 2.2345 -3.6068,
		 -4.4450 2.2345 -3.6068,
		 -4.4450 1.7590 -3.6068,
		 -4.4958 1.7590 -3.6068,
		 -4.4958 2.2345 -3.6068,
		 -4.9825 1.7590 -3.6068,
		 -3.8798 1.7590 -3.6068,
		 -3.8798 1.7082 -3.6068,
		 -3.3845 1.7082 -3.6068,
		 -3.9306 1.7082 -3.6068,
		 -3.9306 1.7590 -3.6068,
		 -4.4450 1.7590 -3.6068,
		 -4.4450 1.7082 -3.6068,
		 -4.4958 1.7082 -3.6068,
		 -4.4958 1.7590 -3.6068,
		 -3.9306 2.2353 -3.6068,
		 -3.8798 2.2353 -3.6068,
		 -2.6676 1.2320 -3.6068,
		 -0.9267 1.2320 -3.6068,
		 -1.4923 1.2326 -3.6068,
		 -1.4923 1.2320 -3.6068,
		 -0.9267 1.2320 -3.6068,
		 -0.9267 1.2326 -3.6068,
		 -1.5431 1.2320 -3.6068,
		 -1.5431 1.2326 -3.6068,
		 -2.0575 1.2326 -3.6068,
		 -2.0575 1.2320 -3.6068,
		 -2.1083 1.2320 -3.6068,
		 -2.1083 1.2326 -3.6068,
		 -2.6676 1.2326 -3.6068,
		 -2.6676 1.2320 -3.6068,
		 -0.9992 1.7082 -3.6068,
		 -0.9992 1.2326 -3.6068,
		 -0.9267 1.2326 -3.6068,
		 -0.9267 1.7082 -3.6068,
		 -0.9970 1.7590 -3.6068,
		 -0.9970 1.7082 -3.6068,
		 -0.9267 1.7082 -3.6068,
		 -0.9267 1.7590 -3.6068,
		 -0.9267 1.7590 -3.6068,
		 -0.9267 2.2345 -3.6068,
		 -0.9992 2.2345 -3.6068,
		 -0.9992 1.7590 -3.6068,
		 -1.4923 2.2353 -3.6068,
		 -1.4923 2.2345 -3.6068,
		 -0.9267 2.2345 -3.6068,
		 -0.9267 2.2353 -3.6068,
		 -1.5431 2.2345 -3.6068,
		 -1.5431 2.2353 -3.6068,
		 -2.0575 2.2353 -3.6068,
		 -2.0575 2.2345 -3.6068,
		 -0.9267 2.2353 -3.6068,
		 -0.9267 2.2798 -3.6068,
		 -2.6676 2.2798 -3.6068,
		 -2.6676 2.2353 -3.6068,
		 -2.1083 2.2345 -3.6068,
		 -2.1083 2.2353 -3.6068,
		 -2.6676 2.2345 -3.6068,
		 -2.6676 1.7082 -3.6068,
		 -2.6676 1.2326 -3.6068,
		 -2.5950 1.2326 -3.6068,
		 -2.5950 1.7082 -3.6068,
		 -2.5950 1.7590 -3.6068,
		 -2.5950 2.2345 -3.6068,
		 -2.6676 1.7590 -3.6068,
		 -2.5972 1.7082 -3.6068,
		 -2.5972 1.7590 -3.6068,
		 -2.6676 1.7082 -3.6068,
		 -1.4923 1.7082 -3.6068,
		 -1.4923 1.2326 -3.6068,
		 -0.9992 1.2326 -3.6068,
		 -0.9992 1.7082 -3.6068,
		 -1.5431 1.2326 -3.6068,
		 -1.5431 1.7082 -3.6068,
		 -2.0575 1.7082 -3.6068,
		 -2.0575 1.2326 -3.6068,
		 -2.1083 1.2326 -3.6068,
		 -2.1083 1.7082 -3.6068,
		 -2.5950 1.7082 -3.6068,
		 -1.4923 2.2345 -3.6068,
		 -1.4923 1.7590 -3.6068,
		 -0.9992 1.7590 -3.6068,
		 -1.5431 1.7590 -3.6068,
		 -1.5431 2.2345 -3.6068,
		 -2.0575 2.2345 -3.6068,
		 -2.0575 1.7590 -3.6068,
		 -2.1083 1.7590 -3.6068,
		 -2.1083 2.2345 -3.6068,
		 -2.5950 1.7590 -3.6068,
		 -1.4923 1.7590 -3.6068,
		 -1.4923 1.7082 -3.6068,
		 -0.9970 1.7082 -3.6068,
		 -1.5431 1.7082 -3.6068,
		 -1.5431 1.7590 -3.6068,
		 -2.0575 1.7590 -3.6068,
		 -2.0575 1.7082 -3.6068,
		 -2.1083 1.7082 -3.6068,
		 -2.1083 1.7590 -3.6068,
		 -1.5431 2.2353 -3.6068,
		 -1.4923 2.2353 -3.6068,
		 -5.2070 0.1143 -3.6068,
		 -5.1562 0.1143 -3.6068,
		 -5.1562 0.0000 -3.6068,
		 -0.7874 1.0287 -3.6068,
		 -0.7874 0.1143 -3.6068,
		 -0.7938 0.1143 -3.6068,
		 -0.7938 1.0287 -3.6068,
		 -0.7874 1.1876 -3.6068,
		 -0.7874 1.0287 -3.6068,
		 -5.2070 1.0287 -3.6068,
		 -5.2070 1.1876 -3.6068,
		 -0.7874 1.1876 -3.6068,
		 -0.7874 1.1876 -3.6068,
		 -0.7874 2.2798 -3.6068,
		 -0.9267 2.2798 -3.6068,
		 -2.6676 2.2798 -3.6068,
		 -5.2070 2.2798 -3.6068,
		 -0.7874 2.2798 -3.6068,
		 -5.2070 1.1876 -3.6068,
		 -5.2070 0.1143 -3.6068,
		 -5.2070 1.0287 -3.6068,
		 -5.1626 1.0287 -3.6068,
		 -5.1626 0.1143 -3.6068,
		 -3.3142 1.2320 -3.6068,
		 -5.0551 1.2320 -3.6068,
		 -3.3142 1.2326 -3.6068,
		 -3.3142 1.2320 -3.6068,
		 -3.8798 1.2326 -3.6068,
		 -4.4450 1.2326 -3.6068,
		 -3.9306 1.2326 -3.6068,
		 -5.0551 1.2320 -3.6068,
		 -5.0551 1.2326 -3.6068,
		 -4.4958 1.2326 -3.6068,
		 -3.3142 1.7082 -3.6068,
		 -3.3142 1.2326 -3.6068,
		 -3.3867 1.7082 -3.6068,
		 -3.3142 1.7590 -3.6068,
		 -3.3142 1.7082 -3.6068,
		 -3.3867 1.7590 -3.6068,
		 -3.3142 2.2345 -3.6068,
		 -3.3142 1.7590 -3.6068,
		 -3.3142 2.2353 -3.6068,
		 -3.3142 2.2345 -3.6068,
		 -3.8798 2.2345 -3.6068,
		 -3.8798 2.2353 -3.6068,
		 -4.4450 2.2345 -3.6068,
		 -3.9306 2.2353 -3.6068,
		 -3.9306 2.2345 -3.6068,
		 -5.0551 2.2353 -3.6068,
		 -3.3142 2.2353 -3.6068,
		 -5.0551 2.2345 -3.6068,
		 -4.4958 2.2345 -3.6068,
		 -4.9825 1.7082 -3.6068,
		 -5.0551 1.2326 -3.6068,
		 -5.0551 1.7082 -3.6068,
		 -5.0551 1.7590 -3.6068,
		 -4.9825 1.7590 -3.6068,
		 -5.0551 1.7082 -3.6068,
		 -3.3867 1.7082 -3.6068,
		 -3.3867 1.2326 -3.6068,
		 -3.8798 1.2326 -3.6068,
		 -3.8798 1.7082 -3.6068,
		 -4.4450 1.2326 -3.6068,
		 -4.4450 1.7082 -3.6068,
		 -3.9306 1.7082 -3.6068,
		 -3.9306 1.2326 -3.6068,
		 -4.9825 1.7082 -3.6068,
		 -4.4958 1.7082 -3.6068,
		 -4.4958 1.2326 -3.6068,
		 -3.3867 1.7590 -3.6068,
		 -3.8798 1.7590 -3.6068,
		 -3.8798 2.2345 -3.6068,
		 -4.4450 1.7590 -3.6068,
		 -4.4450 2.2345 -3.6068,
		 -3.9306 2.2345 -3.6068,
		 -3.9306 1.7590 -3.6068,
		 -4.9825 1.7590 -3.6068,
		 -4.4958 2.2345 -3.6068,
		 -4.4958 1.7590 -3.6068,
		 -3.3845 1.7082 -3.6068,
		 -3.8798 1.7082 -3.6068,
		 -3.8798 1.7590 -3.6068,
		 -4.4450 1.7082 -3.6068,
		 -4.4450 1.7590 -3.6068,
		 -3.9306 1.7590 -3.6068,
		 -3.9306 1.7082 -3.6068,
		 -4.4958 1.7590 -3.6068,
		 -4.4958 1.7082 -3.6068,
		 -0.9267 1.2320 -3.6068,
		 -2.6676 1.2320 -3.6068,
		 -0.9267 1.2326 -3.6068,
		 -0.9267 1.2320 -3.6068,
		 -1.4923 1.2326 -3.6068,
		 -2.0575 1.2326 -3.6068,
		 -1.5431 1.2326 -3.6068,
		 -2.6676 1.2320 -3.6068,
		 -2.6676 1.2326 -3.6068,
		 -2.1083 1.2326 -3.6068,
		 -0.9267 1.7082 -3.6068,
		 -0.9267 1.2326 -3.6068,
		 -0.9992 1.7082 -3.6068,
		 -0.9267 1.7590 -3.6068,
		 -0.9267 1.7082 -3.6068,
		 -0.9992 1.7590 -3.6068,
		 -0.9267 2.2345 -3.6068,
		 -0.9267 1.7590 -3.6068,
		 -0.9267 2.2353 -3.6068,
		 -0.9267 2.2345 -3.6068,
		 -1.4923 2.2345 -3.6068,
		 -1.4923 2.2353 -3.6068,
		 -2.0575 2.2345 -3.6068,
		 -1.5431 2.2353 -3.6068,
		 -1.5431 2.2345 -3.6068,
		 -2.6676 2.2353 -3.6068,
		 -0.9267 2.2353 -3.6068,
		 -2.6676 2.2345 -3.6068,
		 -2.1083 2.2345 -3.6068,
		 -2.5950 1.7082 -3.6068,
		 -2.6676 1.2326 -3.6068,
		 -2.6676 1.7082 -3.6068,
		 -2.6676 1.7590 -3.6068,
		 -2.5950 1.7590 -3.6068,
		 -2.6676 1.7082 -3.6068,
		 -0.9992 1.7082 -3.6068,
		 -0.9992 1.2326 -3.6068,
		 -1.4923 1.2326 -3.6068,
		 -1.4923 1.7082 -3.6068,
		 -2.0575 1.2326 -3.6068,
		 -2.0575 1.7082 -3.6068,
		 -1.5431 1.7082 -3.6068,
		 -1.5431 1.2326 -3.6068,
		 -2.5950 1.7082 -3.6068,
		 -2.1083 1.7082 -3.6068,
		 -2.1083 1.2326 -3.6068,
		 -0.9992 1.7590 -3.6068,
		 -1.4923 1.7590 -3.6068,
		 -1.4923 2.2345 -3.6068,
		 -2.0575 1.7590 -3.6068,
		 -2.0575 2.2345 -3.6068,
		 -1.5431 2.2345 -3.6068,
		 -1.5431 1.7590 -3.6068,
		 -2.5950 1.7590 -3.6068,
		 -2.1083 2.2345 -3.6068,
		 -2.1083 1.7590 -3.6068,
		 -0.9970 1.7082 -3.6068,
		 -1.4923 1.7082 -3.6068,
		 -1.4923 1.7590 -3.6068,
		 -2.0575 1.7082 -3.6068,
		 -2.0575 1.7590 -3.6068,
		 -1.5431 1.7590 -3.6068,
		 -1.5431 1.7082 -3.6068,
		 -2.1083 1.7590 -3.6068,
		 -2.1083 1.7082 -3.6068,
		 -0.7874 0.1143 -0.5588,
		 -0.7874 0.0000 -0.5588,
		 -0.7874 0.0000 -2.8448,
		 -0.7874 0.1143 -2.8448,
		 -0.7874 1.0287 -0.5588,
		 -0.7874 0.1143 -0.5588,
		 -0.7938 0.1143 -2.8448,
		 -0.7938 1.0287 -2.8448,
		 -0.7874 1.0287 -3.6068,
		 -0.7874 1.0287 -0.5588,
		 -5.2070 2.2797 -3.6068,
		 -5.2070 2.2797 -0.5588,
		 -5.2070 1.1875 -3.6068,
		 -5.2070 2.2797 -3.6068,
		 -5.2070 2.2797 -2.9596,
		 -5.2070 1.1875 -2.9596,
		 -5.2070 1.1875 -0.5588,
		 -5.2070 1.1875 -3.6068,
		 -5.2070 2.2797 -0.5588,
		 -5.2070 1.1875 -1.2188,
		 -5.2070 2.2797 -1.2188,
		 -5.2070 2.2353 -2.9596,
		 -5.2070 2.2353 -1.2188,
		 -5.2070 2.2345 -2.9596,
		 -5.2070 2.2353 -2.9596,
		 -5.2070 2.2353 -2.3940,
		 -5.2070 2.2345 -2.3940,
		 -5.2070 2.2345 -2.3432,
		 -5.2070 2.2353 -2.3432,
		 -5.2070 2.2353 -1.8289,
		 -5.2070 2.2345 -1.8289,
		 -5.2070 2.2353 -1.2188,
		 -5.2070 2.2345 -1.2188,
		 -5.2070 2.2345 -1.7781,
		 -5.2070 2.2353 -1.7781,
		 -5.2070 1.7589 -2.9596,
		 -5.2070 2.2345 -2.9596,
		 -5.2070 2.2345 -2.8871,
		 -5.2070 1.7589 -2.8871,
		 -5.2070 1.7081 -2.9596,
		 -5.2070 1.7589 -2.8893,
		 -5.2070 1.7081 -2.8893,
		 -5.2070 1.7081 -2.8871,
		 -5.2070 1.2325 -2.8871,
		 -5.2070 1.2325 -2.9596,
		 -5.2070 1.7081 -2.9596,
		 -5.2070 1.2320 -2.9596,
		 -5.2070 1.2325 -2.9596,
		 -5.2070 1.2325 -2.3940,
		 -5.2070 1.2320 -2.3940,
		 -5.2070 1.2320 -1.2188,
		 -5.2070 1.2320 -2.9596,
		 -5.2070 1.2320 -2.3432,
		 -5.2070 1.2325 -2.3432,
		 -5.2070 1.2325 -1.8289,
		 -5.2070 1.2320 -1.8289,
		 -5.2070 1.2325 -1.2188,
		 -5.2070 1.2320 -1.7781,
		 -5.2070 1.2325 -1.7781,
		 -5.2070 1.7589 -1.2913,
		 -5.2070 2.2345 -1.2913,
		 -5.2070 2.2345 -1.2188,
		 -5.2070 1.7589 -1.2188,
		 -5.2070 1.7081 -1.2188,
		 -5.2070 1.2325 -1.2913,
		 -5.2070 1.7081 -1.2913,
		 -5.2070 1.7589 -1.2188,
		 -5.2070 1.7081 -1.2891,
		 -5.2070 1.7589 -1.2891,
		 -5.2070 1.7589 -2.8871,
		 -5.2070 2.2345 -2.8871,
		 -5.2070 2.2345 -2.3940,
		 -5.2070 1.7589 -2.3940,
		 -5.2070 1.7081 -2.3940,
		 -5.2070 1.2325 -2.3940,
		 -5.2070 1.7081 -2.8871,
		 -5.2070 1.7589 -2.3432,
		 -5.2070 2.2345 -2.3432,
		 -5.2070 2.2345 -1.8289,
		 -5.2070 1.7589 -1.8289,
		 -5.2070 1.7081 -1.8289,
		 -5.2070 1.2325 -1.8289,
		 -5.2070 1.2325 -2.3432,
		 -5.2070 1.7081 -2.3432,
		 -5.2070 1.7589 -1.7781,
		 -5.2070 2.2345 -1.7781,
		 -5.2070 1.7589 -1.2913,
		 -5.2070 1.7081 -1.2913,
		 -5.2070 1.2325 -1.7781,
		 -5.2070 1.7081 -1.7781,
		 -5.2070 1.7589 -2.3940,
		 -5.2070 2.2353 -2.3432,
		 -5.2070 1.7589 -2.3432,
		 -5.2070 1.7081 -2.3432,
		 -5.2070 1.7081 -2.3940,
		 -5.2070 1.7589 -1.8289,
		 -5.2070 1.7589 -1.7781,
		 -5.2070 1.7081 -1.7781,
		 -5.2070 1.2320 -1.7781,
		 -5.2070 1.2320 -1.8289,
		 -5.2070 1.7081 -1.8289,
		 -5.2070 2.2797 -0.5588,
		 -5.2070 2.2797 -3.6068,
		 -5.2070 2.2797 -3.6068,
		 -5.2070 1.1875 -3.6068,
		 -5.2070 1.1875 -3.6068,
		 -5.2070 1.0287 -3.6068,
		 -5.2070 1.0287 -0.5588,
		 -5.2070 1.1875 -0.5588,
		 -5.2070 2.2797 -0.5588,
		 -5.1562 0.1143 -2.8448,
		 -5.1562 0.0000 -2.8448,
		 -5.2070 0.1143 -0.5588,
		 -5.1626 1.0287 -2.8448,
		 -5.1626 0.1143 -2.8448,
		 -5.2070 1.0287 -0.5588,
		 -5.2070 2.2353 -1.2188,
		 -5.2070 2.2353 -2.9596,
		 -5.2070 2.2345 -2.3940,
		 -5.2070 2.2353 -2.9596,
		 -5.2070 2.2345 -2.9596,
		 -5.2070 2.2345 -1.8289,
		 -5.2070 2.2353 -2.3432,
		 -5.2070 2.2345 -2.3432,
		 -5.2070 2.2345 -1.7781,
		 -5.2070 2.2345 -1.2188,
		 -5.2070 2.2353 -1.2188,
		 -5.2070 1.7589 -2.8871,
		 -5.2070 2.2345 -2.9596,
		 -5.2070 1.7589 -2.9596,
		 -5.2070 1.7081 -2.9596,
		 -5.2070 1.7081 -2.9596,
		 -5.2070 1.2325 -2.9596,
		 -5.2070 1.7081 -2.8871,
		 -5.2070 1.2325 -2.3940,
		 -5.2070 1.2325 -2.9596,
		 -5.2070 1.2320 -2.9596,
		 -5.2070 1.2320 -2.9596,
		 -5.2070 1.2320 -1.2188,
		 -5.2070 1.2320 -1.8289,
		 -5.2070 1.2325 -1.8289,
		 -5.2070 1.2325 -2.3432,
		 -5.2070 1.2325 -1.7781,
		 -5.2070 1.2320 -1.7781,
		 -5.2070 1.2325 -1.2188,
		 -5.2070 1.7589 -1.2188,
		 -5.2070 2.2345 -1.2188,
		 -5.2070 1.7589 -1.2913,
		 -5.2070 1.7081 -1.2913,
		 -5.2070 1.7081 -1.2188,
		 -5.2070 1.7589 -1.2188,
		 -5.2070 1.7589 -2.3940,
		 -5.2070 2.2345 -2.3940,
		 -5.2070 2.2345 -2.8871,
		 -5.2070 1.7589 -2.8871,
		 -5.2070 1.7081 -2.8871,
		 -5.2070 1.2325 -2.3940,
		 -5.2070 1.7081 -2.3940,
		 -5.2070 1.7589 -1.8289,
		 -5.2070 2.2345 -1.8289,
		 -5.2070 2.2345 -2.3432,
		 -5.2070 1.7589 -2.3432,
		 -5.2070 1.7081 -2.3432,
		 -5.2070 1.2325 -2.3432,
		 -5.2070 1.2325 -1.8289,
		 -5.2070 1.7081 -1.8289,
		 -5.2070 1.7589 -1.2913,
		 -5.2070 2.2345 -1.7781,
		 -5.2070 1.7589 -1.7781,
		 -5.2070 1.7081 -1.7781,
		 -5.2070 1.2325 -1.7781,
		 -5.2070 1.7081 -1.2913,
		 -5.2070 1.7589 -2.3432,
		 -5.2070 1.7589 -2.3940,
		 -5.2070 1.7081 -2.3940,
		 -5.2070 1.7081 -2.3432,
		 -5.2070 1.7589 -1.7781,
		 -5.2070 1.7589 -1.8289,
		 -5.2070 1.7081 -1.8289,
		 -5.2070 1.7081 -1.7781,
		 -0.7874 0.0000 -2.8448,
		 -5.2070 0.0000 -2.8448,
		 -5.1562 0.0000 -3.6068,
		 -5.1562 0.0000 -2.8448
		]
	} #Coordinate3
	Material {
		ambientColor      0.2500 0.2500 0.2500  #ambientColor
		diffuseColor      1.0000 1.0000 1.0000  #diffuseColor
		transparency      0.0000                #transparency
	} #Material

	Texture2 {
		filename ""  #filename
		wrapS REPEAT 
		wrapT REPEAT 
	} #Texture2

	IndexedFaceSet {
		coordIndex [ 
		 3, 2, 1, 0,-1,
		 8, 7, 4, 9,-1,
		 10, 11, 12,-1,
		 13, 14, 12, 15,-1,
		 10, 16, 17, 18,-1,
		 19, 0, 3, 20,-1,
		 21, 22, 20, 23,-1,
		]
	} #IndexedFaceSet
	Material {
		ambientColor      0.0833 0.0833 0.0000  #ambientColor
		diffuseColor      0.3333 0.3333 0.0000  #diffuseColor
		transparency      0.0000                #transparency
	} #Material

	IndexedFaceSet {
		coordIndex [ 
		 24, 21, 18, 25,-1,
		 26, 27, 28, 29,-1,
		 30, 31, 32, 33,-1,
		 34, 35, 36, 37,-1,
		 38, 39, 40, 41,-1,
		 42, 43, 44, 45,-1,
		 46, 47, 48, 49,-1,
		 50, 51, 52, 53,-1,
		 54, 55, 56, 57,-1,
		 58, 17, 22, 59,-1,
		 60, 61, 59, 62,-1,
		 63, 64, 65, 66,-1,
		 67, 68, 62, 69,-1,
		 70, 71, 69, 72,-1,
		]
	} #IndexedFaceSet
	Material {
		ambientColor      0.1392 0.1392 0.2500  #ambientColor
		diffuseColor      0.5569 0.5569 1.0000  #diffuseColor
		transparency      0.4980                #transparency
	} #Material

	IndexedFaceSet {
		coordIndex [ 
		 73, 74, 75, 76,-1,
		 77, 78, 79, 80,-1,
		 81, 82, 83, 65,-1,
		 84, 85, 86, 48,-1,
		 87, 88, 89, 90,-1,
		 91, 92, 68, 93,-1,
		]
	} #IndexedFaceSet
	Material {
		ambientColor      0.0833 0.0833 0.0000  #ambientColor
		diffuseColor      0.3333 0.3333 0.0000  #diffuseColor
		transparency      0.0000                #transparency
	} #Material

	IndexedFaceSet {
		coordIndex [ 
		 94, 95, 96, 42,-1,
		 97, 98, 99, 100,-1,
		 101, 102, 71, 70,-1,
		 61, 34, 33, 56,-1,
		 103, 30, 27, 104,-1,
		 105, 10, 14, 106,-1,
		 107, 108, 109, 110,-1,
		 111, 112, 113, 114,-1,
		 115, 116, 117, 118,-1,
		 119, 120, 121, 122,-1,
		 123, 124, 125, 126,-1,
		 127, 128, 129, 130,-1,
		 131, 132, 133, 134,-1,
		 135, 136, 137, 138,-1,
		 139, 140, 141, 142,-1,
		 143, 144, 142, 145,-1,
		 146, 147, 148, 149,-1,
		 150, 151, 145, 152,-1,
		 153, 154, 152, 155,-1,
		]
	} #IndexedFaceSet
	Material {
		ambientColor      0.1392 0.1392 0.2500  #ambientColor
		diffuseColor      0.5569 0.5569 1.0000  #diffuseColor
		transparency      0.4980                #transparency
	} #Material

	IndexedFaceSet {
		coordIndex [ 
		 156, 157, 158, 159,-1,
		 160, 161, 162, 163,-1,
		 164, 165, 166, 148,-1,
		 167, 168, 169, 129,-1,
		 170, 171, 172, 173,-1,
		 174, 175, 151, 176,-1,
		]
	} #IndexedFaceSet
	Material {
		ambientColor      0.0833 0.0833 0.0000  #ambientColor
		diffuseColor      0.3333 0.3333 0.0000  #diffuseColor
		transparency      0.0000                #transparency
	} #Material

	IndexedFaceSet {
		coordIndex [ 
		 177, 178, 179, 123,-1,
		 180, 181, 182, 183,-1,
		 184, 185, 154, 153,-1,
		 144, 115, 114, 137,-1,
		 186, 111, 108, 187,-1,
		]
	} #IndexedFaceSet
	Material {
		ambientColor      0.2500 0.2000 0.1500  #ambientColor
		diffuseColor      1.0000 0.8000 0.6000  #diffuseColor
		transparency      0.0000                #transparency
	} #Material

	IndexedFaceSet {
		coordIndex [ 
		 7, 188, 189, 190,-1,
		 191, 192, 193, 194,-1,
		 195, 196, 197, 198,-1,
		 199, 200, 10,-1,
		 201, 199, 14, 202,-1,
		 18, 17, 203, 10,-1,
		 204, 3, 0, 205,-1,
		 206, 204, 22, 21,-1,
		 207, 208, 209, 210,-1,
		]
	} #IndexedFaceSet
	Material {
		ambientColor      0.0833 0.0833 0.0000  #ambientColor
		diffuseColor      0.3333 0.3333 0.0000  #diffuseColor
		transparency      0.0000                #transparency
	} #Material

	IndexedFaceSet {
		coordIndex [ 
		 211, 18, 21, 212,-1,
		 213, 214, 27, 215,-1,
		 33, 216, 217, 30,-1,
		 218, 219, 220, 34,-1,
		 221, 222, 39, 223,-1,
		 224, 225, 43, 42,-1,
		 226, 48, 227, 228,-1,
		 229, 230, 231, 232,-1,
		 233, 56, 234, 235,-1,
		 236, 22, 17, 237,-1,
		 238, 236, 61, 239,-1,
		 240, 65, 241, 242,-1,
		 243, 238, 68, 244,-1,
		 245, 243, 71, 70,-1,
		]
	} #IndexedFaceSet
	Material {
		ambientColor      0.1392 0.1392 0.2500  #ambientColor
		diffuseColor      0.5569 0.5569 1.0000  #diffuseColor
		transparency      0.4980                #transparency
	} #Material

	IndexedFaceSet {
		coordIndex [ 
		 246, 247, 248, 249,-1,
		 250, 251, 252, 253,-1,
		 65, 254, 255, 256,-1,
		 48, 257, 258, 259,-1,
		 260, 261, 262, 263,-1,
		 264, 68, 265, 266,-1,
		]
	} #IndexedFaceSet
	Material {
		ambientColor      0.0833 0.0833 0.0000  #ambientColor
		diffuseColor      0.3333 0.3333 0.0000  #diffuseColor
		transparency      0.0000                #transparency
	} #Material

	IndexedFaceSet {
		coordIndex [ 
		 42, 267, 268, 269,-1,
		 270, 271, 272, 273,-1,
		 70, 71, 274, 275,-1,
		 56, 33, 34, 61,-1,
		 104, 27, 30, 103,-1,
		 276, 14, 10, 277,-1,
		 278, 279, 108, 280,-1,
		 114, 281, 282, 111,-1,
		 283, 284, 285, 115,-1,
		 286, 287, 120, 288,-1,
		 289, 290, 124, 123,-1,
		 291, 129, 292, 293,-1,
		 294, 295, 296, 297,-1,
		 298, 137, 299, 300,-1,
		 301, 141, 140, 302,-1,
		 303, 301, 144, 304,-1,
		 305, 148, 306, 307,-1,
		 308, 303, 151, 309,-1,
		 310, 308, 154, 153,-1,
		]
	} #IndexedFaceSet
	Material {
		ambientColor      0.1392 0.1392 0.2500  #ambientColor
		diffuseColor      0.5569 0.5569 1.0000  #diffuseColor
		transparency      0.4980                #transparency
	} #Material

	IndexedFaceSet {
		coordIndex [ 
		 311, 312, 313, 314,-1,
		 315, 316, 317, 318,-1,
		 148, 319, 320, 321,-1,
		 129, 322, 323, 324,-1,
		 325, 326, 327, 328,-1,
		 329, 151, 330, 331,-1,
		]
	} #IndexedFaceSet
	Material {
		ambientColor      0.0833 0.0833 0.0000  #ambientColor
		diffuseColor      0.3333 0.3333 0.0000  #diffuseColor
		transparency      0.0000                #transparency
	} #Material

	IndexedFaceSet {
		coordIndex [ 
		 123, 332, 333, 334,-1,
		 335, 336, 337, 338,-1,
		 153, 154, 339, 340,-1,
		 137, 114, 115, 144,-1,
		 187, 108, 111, 186,-1,
		]
	} #IndexedFaceSet
	Material {
		ambientColor      0.2500 0.2500 0.2500  #ambientColor
		diffuseColor      1.0000 1.0000 1.0000  #diffuseColor
		transparency      0.0000                #transparency
	} #Material

	IndexedFaceSet {
		coordIndex [ 
		 2, 1, 5, 6,-1,
		]
	} #IndexedFaceSet
	Material {
		ambientColor      0.2500 0.2000 0.1500  #ambientColor
		diffuseColor      1.0000 0.8000 0.6000  #diffuseColor
		transparency      0.0000                #transparency
	} #Material

	IndexedFaceSet {
		coordIndex [ 
		 6, 5, 1, 2,-1,
		]
	} #IndexedFaceSet
	Material {
		ambientColor      0.2500 0.2500 0.2500  #ambientColor
		diffuseColor      1.0000 1.0000 1.0000  #diffuseColor
		transparency      0.0000                #transparency
	} #Material

	IndexedFaceSet {
		coordIndex [ 
		 351, 3, 2, 352,-1,
		 353, 354, 355, 356,-1,
		 357, 6, 7, 358,-1,
		 359, 357, 360, 361,-1,
		]
	} #IndexedFaceSet
	Material {
		ambientColor      0.0833 0.0833 0.0000  #ambientColor
		diffuseColor      0.3333 0.3333 0.0000  #diffuseColor
		transparency      0.0000                #transparency
	} #Material

	IndexedFaceSet {
		coordIndex [ 
		 362, 355, 361, 363,-1,
		 364, 365, 366, 367,-1,
		 368, 369, 370, 371,-1,
		 372, 373, 374, 375,-1,
		 376, 377, 378, 379,-1,
		 380, 376, 381, 382,-1,
		 383, 384, 385, 386,-1,
		 387, 388, 389, 390,-1,
		 391, 360, 356, 392,-1,
		 393, 394, 395, 396,-1,
		 397, 391, 398, 399,-1,
		 400, 401, 402, 403,-1,
		 404, 397, 405, 406,-1,
		 407, 404, 408, 409,-1,
		]
	} #IndexedFaceSet
	Material {
		ambientColor      0.1392 0.1392 0.2500  #ambientColor
		diffuseColor      0.5569 0.5569 1.0000  #diffuseColor
		transparency      0.4980                #transparency
	} #Material

	IndexedFaceSet {
		coordIndex [ 
		 410, 411, 412, 413,-1,
		 414, 415, 384, 416,-1,
		 417, 418, 419, 420,-1,
		 421, 422, 423, 424,-1,
		 425, 426, 401, 427,-1,
		 428, 405, 429, 430,-1,
		]
	} #IndexedFaceSet
	Material {
		ambientColor      0.0833 0.0833 0.0000  #ambientColor
		diffuseColor      0.3333 0.3333 0.0000  #diffuseColor
		transparency      0.0000                #transparency
	} #Material

	IndexedFaceSet {
		coordIndex [ 
		 431, 366, 432, 433,-1,
		 434, 393, 390, 435,-1,
		 436, 370, 375, 437,-1,
		 438, 439, 440, 441,-1,
		 409, 408, 382, 381,-1,
		]
	} #IndexedFaceSet
	Material {
		ambientColor      0.2500 0.2000 0.1500  #ambientColor
		diffuseColor      1.0000 0.8000 0.6000  #diffuseColor
		transparency      0.0000                #transparency
	} #Material

	IndexedFaceSet {
		coordIndex [ 
		 442, 2, 3, 443,-1,
		 356, 355, 444, 445,-1,
		 446, 447, 448, 449,-1,
		 361, 360, 449, 450,-1,
		 451, 452, 6, 453,-1,
		 454, 455, 453, 456,-1,
		]
	} #IndexedFaceSet
	Material {
		ambientColor      0.0833 0.0833 0.0000  #ambientColor
		diffuseColor      0.3333 0.3333 0.0000  #diffuseColor
		transparency      0.0000                #transparency
	} #Material

	IndexedFaceSet {
		coordIndex [ 
		 457, 361, 355, 458,-1,
		 459, 366, 460, 461,-1,
		 462, 370, 463, 464,-1,
		 375, 465, 466, 467,-1,
		 468, 378, 469, 470,-1,
		 382, 381, 470, 471,-1,
		 472, 473, 384, 474,-1,
		 390, 475, 476, 477,-1,
		 478, 356, 360, 479,-1,
		 480, 481, 482, 393,-1,
		 483, 484, 479, 485,-1,
		 486, 487, 401, 488,-1,
		 489, 405, 485, 490,-1,
		 409, 408, 490, 491,-1,
		]
	} #IndexedFaceSet
	Material {
		ambientColor      0.1392 0.1392 0.2500  #ambientColor
		diffuseColor      0.5569 0.5569 1.0000  #diffuseColor
		transparency      0.4980                #transparency
	} #Material

	IndexedFaceSet {
		coordIndex [ 
		 492, 493, 494, 495,-1,
		 496, 384, 497, 498,-1,
		 499, 500, 501, 502,-1,
		 503, 504, 505, 506,-1,
		 507, 401, 508, 509,-1,
		 510, 511, 405, 512,-1,
		]
	} #IndexedFaceSet
	Material {
		ambientColor      0.0833 0.0833 0.0000  #ambientColor
		diffuseColor      0.3333 0.3333 0.0000  #diffuseColor
		transparency      0.0000                #transparency
	} #Material

	IndexedFaceSet {
		coordIndex [ 
		 513, 432, 366, 514,-1,
		 515, 390, 393, 516,-1,
		 517, 375, 370, 518,-1,
		 519, 440, 439, 520,-1,
		 381, 382, 408, 409,-1,
		]
	} #IndexedFaceSet
	Material {
		ambientColor      0.2500 0.2000 0.1500  #ambientColor
		diffuseColor      1.0000 0.8000 0.6000  #diffuseColor
		transparency      0.0000                #transparency
	} #Material

	IndexedFaceSet {
		coordIndex [ 
		 7, 6, 5, 4,-1,
		 521, 5, 6, 522,-1,
		 523, 524, 522, 7,-1,
		]
	} #IndexedFaceSet
	Separator { #Polyhedron
		WWWAnchor {
			name "myhouse.wrl"
			map NONE
			USE COORD0
			IndexedFaceSet {
				coordIndex [ 
				 1, 0, 4, 5,-1,
				 341, 342, 343, 344,-1,
				 345, 346, 347, 348,-1,
				 349, 0, 1, 350,-1,
				]
			} #IndexedFaceSet
		} #WWWAnchor
	} #Polyhedron
} #Polyhedron
Separator { #Polyhedron
	DEF COORD1 Coordinate3 {
		point [
		 -0.7938 1.0287 -3.6068,
		 -0.7938 1.0287 -2.8448,
		 -5.1626 1.0287 -2.8448,
		 -5.1626 1.0287 -3.6068,
		 -0.7938 0.1143 -3.6068,
		 -0.7938 0.1143 -2.8448,
		 -5.1626 0.1143 -2.8448,
		 -5.1626 0.1143 -3.6068,
		 -5.1626 0.9780 -2.8448,
		 -3.2830 1.0287 -2.8448,
		 -3.2830 0.9780 -2.8448,
		 -2.5019 0.9812 -2.8448,
		 -2.5019 1.0287 -2.8448,
		 -0.7938 0.9812 -2.8448,
		 -2.5019 0.9780 -2.8448,
		 -2.4702 0.9812 -2.8448,
		 -2.4702 0.9780 -2.8448,
		 -0.7938 0.9812 -2.8448,
		 -0.7938 0.9780 -2.8448,
		 -2.0701 0.9780 -2.8448,
		 -2.0701 0.9812 -2.8448,
		 -5.1626 0.1588 -2.8448,
		 -5.1118 0.9780 -2.8448,
		 -5.1118 0.1588 -2.8448,
		 -5.1626 0.1588 -2.8448,
		 -3.2830 0.1588 -2.8448,
		 -3.2830 0.1143 -2.8448,
		 -0.7938 0.1143 -2.8448,
		 -0.7938 0.1588 -2.8448,
		 -2.5019 0.1143 -2.8448,
		 -2.5019 0.1588 -2.8448,
		 -4.5593 0.1588 -2.8448,
		 -4.5593 0.9780 -2.8448,
		 -4.4895 0.9780 -2.8448,
		 -4.4895 0.1588 -2.8448,
		 -0.7938 0.1588 -2.8448,
		 -0.7938 0.1588 -2.8448,
		 -3.9370 0.1588 -2.8448,
		 -3.9370 0.9780 -2.8448,
		 -3.8672 0.9780 -2.8448,
		 -3.8672 0.1588 -2.8448,
		 -0.7938 0.1588 -2.8448,
		 -3.3147 0.9716 -2.8448,
		 -3.3147 0.9780 -2.8448,
		 -3.2830 0.9780 -2.8448,
		 -3.2830 0.9716 -2.8448,
		 -2.5019 0.9716 -2.8448,
		 -2.5019 0.9780 -2.8448,
		 -2.4702 0.9780 -2.8448,
		 -2.4702 0.9716 -2.8448,
		 -1.4034 0.9780 -2.8448,
		 -1.4034 0.9716 -2.8448,
		 -2.0701 0.9716 -2.8448,
		 -2.0701 0.9780 -2.8448,
		 -3.3147 0.8128 -2.8448,
		 -3.2830 0.9716 -2.8448,
		 -3.2830 0.8128 -2.8448,
		 -2.5019 0.8128 -2.8448,
		 -2.5019 0.9716 -2.8448,
		 -2.4702 0.9716 -2.8448,
		 -2.4702 0.8128 -2.8448,
		 -2.0130 0.9716 -2.8448,
		 -2.0130 0.8128 -2.8448,
		 -2.0701 0.8128 -2.8448,
		 -2.0701 0.9716 -2.8448,
		 -3.3147 0.7558 -2.8448,
		 -3.3147 0.8128 -2.8448,
		 -3.2830 0.8128 -2.8448,
		 -3.2830 0.7558 -2.8448,
		 -2.5019 0.7558 -2.8448,
		 -2.5019 0.8128 -2.8448,
		 -2.4702 0.8128 -2.8448,
		 -2.4702 0.7558 -2.8448,
		 -1.4034 0.8128 -2.8448,
		 -1.4034 0.7558 -2.8448,
		 -2.0701 0.7558 -2.8448,
		 -2.0701 0.8128 -2.8448,
		 -3.3147 0.5969 -2.8448,
		 -3.2830 0.7558 -2.8448,
		 -3.2830 0.5969 -2.8448,
		 -2.5019 0.5969 -2.8448,
		 -2.5019 0.7558 -2.8448,
		 -2.4702 0.7558 -2.8448,
		 -2.4702 0.5969 -2.8448,
		 -2.0130 0.7558 -2.8448,
		 -2.0130 0.5969 -2.8448,
		 -2.0701 0.5969 -2.8448,
		 -2.0701 0.7558 -2.8448,
		 -3.3147 0.5462 -2.8448,
		 -3.3147 0.5969 -2.8448,
		 -3.2830 0.5969 -2.8448,
		 -3.2830 0.5462 -2.8448,
		 -2.5019 0.5462 -2.8448,
		 -2.5019 0.5969 -2.8448,
		 -2.4702 0.5969 -2.8448,
		 -2.4702 0.5462 -2.8448,
		 -1.4034 0.5969 -2.8448,
		 -1.4034 0.5462 -2.8448,
		 -2.0701 0.5462 -2.8448,
		 -2.0701 0.5969 -2.8448,
		 -3.3147 0.3874 -2.8448,
		 -3.2830 0.5462 -2.8448,
		 -3.2830 0.3874 -2.8448,
		 -2.5019 0.3874 -2.8448,
		 -2.5019 0.5462 -2.8448,
		 -2.4702 0.5462 -2.8448,
		 -2.4702 0.3874 -2.8448,
		 -2.0130 0.5462 -2.8448,
		 -2.0130 0.3874 -2.8448,
		 -2.0701 0.3874 -2.8448,
		 -2.0701 0.5462 -2.8448,
		 -3.3147 0.3240 -2.8448,
		 -3.3147 0.3874 -2.8448,
		 -3.2830 0.3874 -2.8448,
		 -3.2830 0.3240 -2.8448,
		 -2.5019 0.3240 -2.8448,
		 -2.5019 0.3874 -2.8448,
		 -2.4702 0.3874 -2.8448,
		 -2.4702 0.3240 -2.8448,
		 -1.4034 0.3874 -2.8448,
		 -1.4034 0.3240 -2.8448,
		 -2.0701 0.3240 -2.8448,
		 -2.0701 0.3874 -2.8448,
		 -3.3147 0.2159 -2.8448,
		 -3.2830 0.3240 -2.8448,
		 -3.2830 0.2159 -2.8448,
		 -3.3147 0.1651 -2.8448,
		 -3.3147 0.2159 -2.8448,
		 -3.2830 0.2159 -2.8448,
		 -3.2830 0.1651 -2.8448,
		 -2.5019 0.1651 -2.8448,
		 -2.5019 0.2159 -2.8448,
		 -2.4702 0.2159 -2.8448,
		 -2.4702 0.1651 -2.8448,
		 -2.0130 0.2159 -2.8448,
		 -2.0130 0.1651 -2.8448,
		 -2.0701 0.1651 -2.8448,
		 -2.0701 0.2159 -2.8448,
		 -2.5019 0.2159 -2.8448,
		 -2.5019 0.3240 -2.8448,
		 -2.4702 0.3240 -2.8448,
		 -2.4702 0.2159 -2.8448,
		 -2.0130 0.3240 -2.8448,
		 -2.0130 0.2159 -2.8448,
		 -2.0701 0.2159 -2.8448,
		 -2.0701 0.3240 -2.8448,
		 -3.3147 0.1588 -2.8448,
		 -3.3147 0.1651 -2.8448,
		 -3.2830 0.1651 -2.8448,
		 -3.2830 0.1588 -2.8448,
		 -2.5019 0.1620 -2.8448,
		 -2.5019 0.1651 -2.8448,
		 -2.4702 0.1651 -2.8448,
		 -2.4702 0.1620 -2.8448,
		 -1.4034 0.1620 -2.8448,
		 -1.4034 0.1588 -2.8448,
		 -2.5019 0.1588 -2.8448,
		 -2.5019 0.1620 -2.8448,
		 -1.4034 0.1651 -2.8448,
		 -1.4034 0.1620 -2.8448,
		 -2.0701 0.1620 -2.8448,
		 -2.0701 0.1651 -2.8448,
		 -1.4034 0.3240 -2.8448,
		 -1.4034 0.1651 -2.8448,
		 -1.4605 0.1651 -2.8448,
		 -1.4605 0.3240 -2.8448,
		 -1.4034 0.5462 -2.8448,
		 -1.4034 0.3874 -2.8448,
		 -1.4605 0.3874 -2.8448,
		 -1.4605 0.5462 -2.8448,
		 -1.4034 0.7558 -2.8448,
		 -1.4034 0.5969 -2.8448,
		 -1.4605 0.5969 -2.8448,
		 -1.4605 0.7558 -2.8448,
		 -1.4034 0.9716 -2.8448,
		 -1.4034 0.8128 -2.8448,
		 -1.4605 0.8128 -2.8448,
		 -1.4605 0.9716 -2.8448,
		 -0.7938 0.1588 -2.8448,
		 -1.4034 0.1588 -2.8448,
		 -0.7938 0.9780 -2.8448,
		 -0.8509 0.1588 -2.8448,
		 -0.8509 0.9780 -2.8448,
		 -5.1118 0.6700 -2.8448,
		 -4.5593 0.6700 -2.8448,
		 -5.1118 0.5334 -2.8448,
		 -4.6292 0.6700 -2.8448,
		 -4.6292 0.5334 -2.8448,
		 -4.5593 0.5334 -2.8448,
		 -5.1118 0.5334 -2.8448,
		 -4.5593 0.6700 -2.8448,
		 -4.5593 0.5334 -2.8448,
		 -4.5942 0.5334 -2.8448,
		 -4.5942 0.6700 -2.8448,
		 -4.4895 0.6732 -2.8448,
		 -4.4895 0.9780 -2.8448,
		 -3.9370 0.9780 -2.8448,
		 -3.9370 0.6732 -2.8448,
		 -4.4895 0.5366 -2.8448,
		 -4.0100 0.6732 -2.8448,
		 -4.0100 0.5366 -2.8448,
		 -3.9370 0.5366 -2.8448,
		 -4.4895 0.5366 -2.8448,
		 -3.9370 0.6732 -2.8448,
		 -3.9370 0.5366 -2.8448,
		 -3.9751 0.5366 -2.8448,
		 -3.9751 0.6732 -2.8448,
		 -3.8672 0.6732 -2.8448,
		 -3.8672 0.9780 -2.8448,
		 -3.3147 0.9780 -2.8448,
		 -3.3147 0.6732 -2.8448,
		 -3.8672 0.5366 -2.8448,
		 -3.8322 0.6732 -2.8448,
		 -3.8322 0.5366 -2.8448,
		 -3.3147 0.5366 -2.8448,
		 -3.8672 0.5366 -2.8448,
		 -3.3147 0.6732 -2.8448,
		 -3.3147 0.5366 -2.8448,
		 -3.7973 0.5366 -2.8448,
		 -3.7973 0.6732 -2.8448,
		 -1.4034 0.6732 -2.8448,
		 -1.4034 0.9780 -2.8448,
		 -0.8509 0.9780 -2.8448,
		 -0.8509 0.6732 -2.8448,
		 -1.4034 0.5366 -2.8448,
		 -1.3684 0.6732 -2.8448,
		 -1.3684 0.5366 -2.8448,
		 -0.8509 0.5366 -2.8448,
		 -1.4034 0.5366 -2.8448,
		 -0.8509 0.6732 -2.8448,
		 -0.8509 0.5366 -2.8448,
		 -1.3335 0.5366 -2.8448,
		 -1.3335 0.6732 -2.8448,
		 -2.0130 0.9049 -2.8448,
		 -1.4605 0.9049 -2.8448,
		 -2.0130 0.8699 -2.8448,
		 -1.8034 0.9049 -2.8448,
		 -1.8034 0.8699 -2.8448,
		 -1.4605 0.8699 -2.8448,
		 -2.0130 0.8128 -2.8448,
		 -2.0130 0.8699 -2.8448,
		 -1.4605 0.9049 -2.8448,
		 -1.6668 0.8699 -2.8448,
		 -1.6668 0.9049 -2.8448,
		 -2.0130 0.6922 -2.8448,
		 -1.4605 0.6922 -2.8448,
		 -2.0130 0.6572 -2.8448,
		 -1.8034 0.6922 -2.8448,
		 -1.8034 0.6572 -2.8448,
		 -1.4605 0.6572 -2.8448,
		 -2.0130 0.5969 -2.8448,
		 -2.0130 0.6572 -2.8448,
		 -1.4605 0.6922 -2.8448,
		 -1.6668 0.6572 -2.8448,
		 -1.6668 0.6922 -2.8448,
		 -2.0130 0.4858 -2.8448,
		 -1.4605 0.4858 -2.8448,
		 -2.0130 0.4509 -2.8448,
		 -1.8034 0.4858 -2.8448,
		 -1.8034 0.4509 -2.8448,
		 -1.4605 0.4509 -2.8448,
		 -2.0130 0.3874 -2.8448,
		 -2.0130 0.4509 -2.8448,
		 -1.4605 0.4858 -2.8448,
		 -1.6668 0.4509 -2.8448,
		 -1.6668 0.4858 -2.8448,
		 -2.0130 0.2636 -2.8448,
		 -1.4605 0.2636 -2.8448,
		 -2.0130 0.2286 -2.8448,
		 -1.8034 0.2636 -2.8448,
		 -1.8034 0.2286 -2.8448,
		 -1.4605 0.2286 -2.8448,
		 -2.0130 0.1651 -2.8448,
		 -2.0130 0.2286 -2.8448,
		 -1.4605 0.2636 -2.8448,
		 -1.6668 0.2286 -2.8448,
		 -1.6668 0.2636 -2.8448,
		 -3.2830 0.8128 -2.8448,
		 -3.2830 0.8573 -2.8448,
		 -2.5019 0.8573 -2.8448,
		 -2.5019 0.8128 -2.8448,
		 -3.2830 0.7874 -2.8448,
		 -2.6384 0.8128 -2.8448,
		 -2.6384 0.7874 -2.8448,
		 -2.5019 0.7874 -2.8448,
		 -2.5019 0.2160 -2.8448,
		 -3.2830 0.2160 -2.8448,
		 -3.2830 0.7874 -2.8448,
		 -2.5019 0.8128 -2.8448,
		 -2.5654 0.7874 -2.8448,
		 -2.5654 0.8128 -2.8448,
		 -3.2830 0.2160 -2.8448,
		 -2.5019 0.2160 -2.8448,
		 -3.2830 0.9945 -2.8448,
		 -3.2830 1.0288 -2.8448,
		 -2.5019 1.0288 -2.8448,
		 -2.5019 0.9945 -2.8448,
		 -3.2830 0.9914 -2.8448,
		 -3.1744 0.9945 -2.8448,
		 -3.1943 0.9914 -2.8448,
		 -3.2830 0.9810 -2.8448,
		 -3.2115 0.9810 -2.8448,
		 -3.2830 0.9647 -2.8448,
		 -3.2234 0.9647 -2.8448,
		 -3.2830 0.9451 -2.8448,
		 -3.2282 0.9451 -2.8448,
		 -3.2830 0.9252 -2.8448,
		 -3.2251 0.9252 -2.8448,
		 -3.2830 0.9080 -2.8448,
		 -3.2146 0.9080 -2.8448,
		 -3.2830 0.8961 -2.8448,
		 -3.1984 0.8961 -2.8448,
		 -3.2830 0.8914 -2.8448,
		 -3.1788 0.8914 -2.8448,
		 -3.2830 0.8827 -2.8448,
		 -3.2830 0.8914 -2.8448,
		 -3.0734 0.8914 -2.8448,
		 -3.0734 0.8827 -2.8448,
		 -2.5019 0.8827 -2.8448,
		 -2.5019 0.8573 -2.8448,
		 -3.2830 0.8573 -2.8448,
		 -3.2830 0.8827 -2.8448,
		 -3.0004 0.8827 -2.8448,
		 -3.0004 0.8914 -2.8448,
		 -2.9861 0.8914 -2.8448,
		 -2.9861 0.8827 -2.8448,
		 -2.9131 0.8827 -2.8448,
		 -2.9131 0.8914 -2.8448,
		 -2.8987 0.8914 -2.8448,
		 -2.8987 0.8827 -2.8448,
		 -2.5019 0.8914 -2.8448,
		 -2.8258 0.8827 -2.8448,
		 -2.8258 0.8914 -2.8448,
		 -3.1589 0.8944 -2.8448,
		 -3.0734 0.8944 -2.8448,
		 -3.0734 0.8914 -2.8448,
		 -3.0004 0.8914 -2.8448,
		 -3.0004 0.8944 -2.8448,
		 -2.9861 0.8944 -2.8448,
		 -2.9861 0.8914 -2.8448,
		 -2.9131 0.8914 -2.8448,
		 -2.9131 0.8944 -2.8448,
		 -2.8987 0.8944 -2.8448,
		 -2.8987 0.8914 -2.8448,
		 -2.5019 0.8944 -2.8448,
		 -2.8258 0.8914 -2.8448,
		 -2.8258 0.8944 -2.8448,
		 -3.1589 0.8944 -2.8448,
		 -3.1417 0.9049 -2.8448,
		 -3.0734 0.9049 -2.8448,
		 -3.0734 0.8944 -2.8448,
		 -3.0004 0.8944 -2.8448,
		 -3.0004 0.9049 -2.8448,
		 -2.9861 0.9049 -2.8448,
		 -2.9861 0.8944 -2.8448,
		 -2.9131 0.8944 -2.8448,
		 -2.9131 0.9049 -2.8448,
		 -2.8987 0.9049 -2.8448,
		 -2.8987 0.8944 -2.8448,
		 -2.5019 0.9049 -2.8448,
		 -2.8258 0.8944 -2.8448,
		 -2.8258 0.9049 -2.8448,
		 -3.1393 0.9081 -2.8448,
		 -3.1298 0.9212 -2.8448,
		 -2.5019 0.9212 -2.8448,
		 -2.5019 0.9081 -2.8448,
		 -3.1417 0.9049 -2.8448,
		 -3.0734 0.9081 -2.8448,
		 -3.0734 0.9049 -2.8448,
		 -3.0004 0.9049 -2.8448,
		 -3.0004 0.9081 -2.8448,
		 -2.9861 0.9081 -2.8448,
		 -2.9861 0.9049 -2.8448,
		 -2.9131 0.9049 -2.8448,
		 -2.9131 0.9081 -2.8448,
		 -2.8987 0.9081 -2.8448,
		 -2.8987 0.9049 -2.8448,
		 -2.5019 0.9081 -2.8448,
		 -2.8258 0.9049 -2.8448,
		 -2.8258 0.9081 -2.8448,
		 -2.5019 0.9408 -2.8448,
		 -3.1250 0.9408 -2.8448,
		 -2.5019 0.9607 -2.8448,
		 -3.1281 0.9607 -2.8448,
		 -2.5019 0.9779 -2.8448,
		 -3.1386 0.9779 -2.8448,
		 -2.5019 0.9898 -2.8448,
		 -3.1548 0.9898 -2.8448,
		 -2.5019 0.9945 -2.8448,
		 -3.2172 0.9732 -2.8448,
		 -3.1357 0.9732 -2.8448,
		 -3.2196 0.9699 -2.8448,
		 -3.1789 0.9732 -2.8448,
		 -3.1909 0.9699 -2.8448,
		 -3.2240 0.9622 -2.8448,
		 -3.2007 0.9622 -2.8448,
		 -3.2267 0.9514 -2.8448,
		 -3.2069 0.9514 -2.8448,
		 -3.2272 0.9391 -2.8448,
		 -3.2084 0.9391 -2.8448,
		 -3.2254 0.9271 -2.8448,
		 -3.2051 0.9271 -2.8448,
		 -3.2202 0.9173 -2.8448,
		 -3.1975 0.9173 -2.8448,
		 -3.2165 0.9111 -2.8448,
		 -3.1866 0.9111 -2.8448,
		 -3.2156 0.9096 -2.8448,
		 -3.1743 0.9096 -2.8448,
		 -3.1383 0.9096 -2.8448,
		 -3.2156 0.9096 -2.8448,
		 -3.1359 0.9129 -2.8448,
		 -3.1623 0.9129 -2.8448,
		 -3.1303 0.9205 -2.8448,
		 -3.1525 0.9205 -2.8448,
		 -3.1273 0.9313 -2.8448,
		 -3.1463 0.9313 -2.8448,
		 -3.1255 0.9437 -2.8448,
		 -3.1448 0.9437 -2.8448,
		 -3.1273 0.9556 -2.8448,
		 -3.1481 0.9556 -2.8448,
		 -3.1310 0.9655 -2.8448,
		 -3.1557 0.9655 -2.8448,
		 -3.1348 0.9716 -2.8448,
		 -3.1665 0.9716 -2.8448,
		 -3.1357 0.9732 -2.8448,
		 -2.4702 0.6796 -2.8448,
		 -2.0701 0.6796 -2.8448,
		 -2.4702 0.5430 -2.8448,
		 -2.4352 0.6796 -2.8448,
		 -2.4352 0.5430 -2.8448,
		 -2.0701 0.5430 -2.8448,
		 -2.4702 0.5430 -2.8448,
		 -2.0701 0.6796 -2.8448,
		 -2.0701 0.5430 -2.8448,
		 -2.4003 0.5430 -2.8448,
		 -2.4003 0.6796 -2.8448,
		 -5.1562 0.1143 -2.8448,
		 -5.1562 0.1143 -3.6068
		]
	} #Coordinate3
	Material {
		ambientColor      0.2500 0.2500 0.2500  #ambientColor
		diffuseColor      1.0000 1.0000 1.0000  #diffuseColor
		transparency      0.0000                #transparency
	} #Material

	Texture2 {
		filename ""  #filename
		wrapS REPEAT 
		wrapT REPEAT 
	} #Texture2

	IndexedFaceSet {
		coordIndex [ 
		 3, 2, 1, 0,-1,
		 4, 7, 3, 0,-1,
		 5, 4, 0, 1,-1,
		]
	} #IndexedFaceSet
	Material {
		ambientColor      0.2000 0.1500 0.1000  #ambientColor
		diffuseColor      0.8000 0.6000 0.4000  #diffuseColor
		transparency      0.0000                #transparency
	} #Material

	IndexedFaceSet {
		coordIndex [ 
		 8, 2, 9, 10,-1,
		 11, 12, 1, 13,-1,
		 14, 11, 15, 16,-1,
		 17, 18, 19, 20,-1,
		 21, 8, 22, 23,-1,
		 6, 24, 25, 26,-1,
		 27, 5, 26,-1,
		 28, 27, 29, 30,-1,
		 31, 32, 33, 34,-1,
		 35, 36, 34,-1,
		 37, 38, 39, 40,-1,
		 41, 35, 40,-1,
		 42, 43, 44, 45,-1,
		 46, 47, 48, 49,-1,
		 50, 51, 52, 53,-1,
		 54, 42, 55, 56,-1,
		 57, 58, 59, 60,-1,
		 61, 62, 63, 64,-1,
		 65, 66, 67, 68,-1,
		 69, 70, 71, 72,-1,
		 73, 74, 75, 76,-1,
		 77, 65, 78, 79,-1,
		 80, 81, 82, 83,-1,
		 84, 85, 86, 87,-1,
		 88, 89, 90, 91,-1,
		 92, 93, 94, 95,-1,
		 96, 97, 98, 99,-1,
		 100, 88, 101, 102,-1,
		 103, 104, 105, 106,-1,
		 107, 108, 109, 110,-1,
		 111, 112, 113, 114,-1,
		 115, 116, 117, 118,-1,
		 119, 120, 121, 122,-1,
		 123, 111, 124, 125,-1,
		 126, 127, 128, 129,-1,
		 130, 131, 132, 133,-1,
		 134, 135, 136, 137,-1,
		 138, 139, 140, 141,-1,
		 142, 143, 144, 145,-1,
		 146, 147, 148, 149,-1,
		 150, 151, 152, 153,-1,
		 154, 155, 156, 157,-1,
		 158, 159, 160, 161,-1,
		 162, 163, 164, 165,-1,
		 166, 167, 168, 169,-1,
		 170, 171, 172, 173,-1,
		 174, 175, 176, 177,-1,
		 178, 41, 179,-1,
		 180, 178, 181, 182,-1,
		]
	} #IndexedFaceSet
	Material {
		ambientColor      0.1500 0.1000 0.0500  #ambientColor
		diffuseColor      0.6000 0.4000 0.2000  #diffuseColor
		transparency      0.0000                #transparency
	} #Material

	IndexedFaceSet {
		coordIndex [ 
		 183, 22, 32, 184,-1,
		 185, 183, 186, 187,-1,
		 188, 31, 23, 189,-1,
		 190, 191, 192, 193,-1,
		 194, 195, 196, 197,-1,
		 198, 194, 199, 200,-1,
		 201, 37, 34, 202,-1,
		 203, 204, 205, 206,-1,
		 207, 208, 209, 210,-1,
		 211, 207, 212, 213,-1,
		 214, 146, 40, 215,-1,
		 216, 217, 218, 219,-1,
		 220, 221, 222, 223,-1,
		 224, 220, 225, 226,-1,
		 227, 181, 179, 228,-1,
		 229, 230, 231, 232,-1,
		 233, 61, 177, 234,-1,
		 235, 233, 236, 237,-1,
		 238, 176, 239, 240,-1,
		 241, 238, 242, 243,-1,
		 244, 84, 173, 245,-1,
		 246, 244, 247, 248,-1,
		 249, 172, 250, 251,-1,
		 252, 249, 253, 254,-1,
		 255, 107, 169, 256,-1,
		 257, 255, 258, 259,-1,
		 260, 168, 261, 262,-1,
		 263, 260, 264, 265,-1,
		 266, 142, 165, 267,-1,
		 268, 266, 269, 270,-1,
		 271, 164, 272, 273,-1,
		 274, 271, 275, 276,-1,
		]
	} #IndexedFaceSet
	Material {
		ambientColor      0.2500 0.1500 0.0500  #ambientColor
		diffuseColor      1.0000 0.6000 0.2000  #diffuseColor
		transparency      0.0000                #transparency
	} #Material

	IndexedFaceSet {
		coordIndex [ 
		 226, 225, 232, 231,-1,
		 213, 212, 219, 218,-1,
		 200, 199, 206, 205,-1,
		 187, 186, 193, 192,-1,
		 236, 243, 242, 237,-1,
		 247, 254, 253, 248,-1,
		 258, 265, 264, 259,-1,
		 269, 276, 275, 270,-1,
		]
	} #IndexedFaceSet
	Material {
		ambientColor      0.2500 0.2500 0.2500  #ambientColor
		diffuseColor      1.0000 1.0000 1.0000  #diffuseColor
		transparency      0.0000                #transparency
	} #Material

	IndexedFaceSet {
		coordIndex [ 
		 277, 278, 279, 280,-1,
		 281, 277, 282, 283,-1,
		 284, 285, 286, 287,-1,
		 288, 284, 289, 290,-1,
		]
	} #IndexedFaceSet
	Material {
		ambientColor      0.0000 0.0000 0.0000  #ambientColor
		diffuseColor      0.0000 0.0000 0.0000  #diffuseColor
		transparency      0.0000                #transparency
	} #Material

	IndexedFaceSet {
		coordIndex [ 
		 26, 291, 292, 29,-1,
		]
	} #IndexedFaceSet
	Material {
		ambientColor      0.0833 0.0833 0.0833  #ambientColor
		diffuseColor      0.3333 0.3333 0.3333  #diffuseColor
		transparency      0.0000                #transparency
	} #Material

	IndexedFaceSet {
		coordIndex [ 
		 293, 294, 295, 296,-1,
		 297, 293, 298, 299,-1,
		 300, 297, 299, 301,-1,
		 302, 300, 301, 303,-1,
		 304, 302, 303, 305,-1,
		 306, 304, 305, 307,-1,
		 308, 306, 307, 309,-1,
		 310, 308, 309, 311,-1,
		 312, 310, 311, 313,-1,
		 314, 315, 316, 317,-1,
		 318, 319, 320, 321,-1,
		 322, 323, 324, 325,-1,
		 326, 327, 328, 329,-1,
		 330, 318, 331, 332,-1,
		 313, 333, 334, 335,-1,
		 336, 337, 338, 339,-1,
		 340, 341, 342, 343,-1,
		 344, 330, 345, 346,-1,
		 347, 348, 349, 350,-1,
		 351, 352, 353, 354,-1,
		 355, 356, 357, 358,-1,
		 359, 344, 360, 361,-1,
		 362, 363, 364, 365,-1,
		 366, 362, 367, 368,-1,
		 369, 370, 371, 372,-1,
		 373, 374, 375, 376,-1,
		 377, 359, 378, 379,-1,
		 380, 364, 363, 381,-1,
		 382, 380, 381, 383,-1,
		 384, 382, 383, 385,-1,
		 386, 384, 385, 387,-1,
		 388, 386, 387, 298,-1,
		]
	} #IndexedFaceSet
	Material {
		ambientColor      0.0000 0.0000 0.0000  #ambientColor
		diffuseColor      0.0000 0.0000 0.0000  #diffuseColor
		transparency      0.0000                #transparency
	} #Material

	IndexedFaceSet {
		coordIndex [ 
		 389, 301, 299, 298, 387, 385, 390,-1,
		 391, 389, 392, 393,-1,
		 394, 303, 391, 393, 395,-1,
		 396, 394, 395, 397,-1,
		 398, 305, 396, 397, 399,-1,
		 400, 398, 399, 401,-1,
		 402, 307, 400, 401, 403,-1,
		 404, 402, 403, 405,-1,
		 406, 404, 405, 407,-1,
		 408, 366, 347, 313, 311, 309, 409,-1,
		 410, 408, 407, 411,-1,
		 412, 410, 411, 413,-1,
		 414, 363, 412, 413, 415,-1,
		 416, 381, 414, 415, 417,-1,
		 418, 416, 417, 419,-1,
		 420, 383, 418, 419, 421,-1,
		 422, 420, 421, 423,-1,
		 424, 422, 423, 392,-1,
		]
	} #IndexedFaceSet
	Material {
		ambientColor      0.2500 0.1500 0.0500  #ambientColor
		diffuseColor      1.0000 0.6000 0.2000  #diffuseColor
		transparency      0.0000                #transparency
	} #Material

	IndexedFaceSet {
		coordIndex [ 
		 282, 290, 289, 283,-1,
		]
	} #IndexedFaceSet
	Material {
		ambientColor      0.0000 0.2000 0.0000  #ambientColor
		diffuseColor      0.0000 0.8000 0.0000  #diffuseColor
		transparency      0.0000                #transparency
	} #Material

	IndexedFaceSet {
		coordIndex [ 
		 367, 370, 322, 317,-1,
		 371, 374, 326, 325,-1,
		 375, 379, 331, 329,-1,
		]
	} #IndexedFaceSet
	Material {
		ambientColor      0.1598 0.1598 0.1598  #ambientColor
		diffuseColor      0.6392 0.6392 0.6392  #diffuseColor
		transparency      0.0000                #transparency
	} #Material

	IndexedFaceSet {
		coordIndex [ 
		 411, 407, 405, 403, 401, 399, 397, 395, 393, 392, 423, 421, 419, 417, 415, 413,-1,
		]
	} #IndexedFaceSet
	Material {
		ambientColor      0.1500 0.1000 0.0500  #ambientColor
		diffuseColor      0.6000 0.4000 0.2000  #diffuseColor
		transparency      0.0000                #transparency
	} #Material

	IndexedFaceSet {
		coordIndex [ 
		 425, 15, 20, 426,-1,
		 427, 425, 428, 429,-1,
		 430, 160, 153, 431,-1,
		 432, 433, 434, 435,-1,
		]
	} #IndexedFaceSet
	Material {
		ambientColor      0.2500 0.1500 0.0500  #ambientColor
		diffuseColor      1.0000 0.6000 0.2000  #diffuseColor
		transparency      0.0000                #transparency
	} #Material

	IndexedFaceSet {
		coordIndex [ 
		 429, 428, 435, 434,-1,
		]
	} #IndexedFaceSet
	Material {
		ambientColor      0.2500 0.2500 0.2500  #ambientColor
		diffuseColor      1.0000 1.0000 1.0000  #diffuseColor
		transparency      0.0000                #transparency
	} #Material

	IndexedFaceSet {
		coordIndex [ 
		 6, 5, 1, 2,-1,
		 7, 6, 2, 3,-1,
		 7, 6, 436, 437,-1,
		 4, 5, 6, 7,-1,
		]
	} #IndexedFaceSet
} #Polyhedron
Separator { #Polyhedron
	DEF COORD2 Coordinate3 {
		point [
		 -0.7874 0.1143 -3.6068,
		 -0.7874 0.1143 -2.8448,
		 -5.1562 0.1143 -2.8448,
		 -5.1562 0.1143 -3.6068,
		 -0.7874 0.0000 -3.6068,
		 -0.7874 0.0000 -2.8448,
		 -5.1562 0.0000 -2.8448,
		 -5.1562 0.0000 -3.6068,
		 -0.7938 0.1143 -2.8448,
		 -0.7938 0.1143 -3.6068
		]
	} #Coordinate3
	Material {
		ambientColor      0.0549 0.0549 0.0549  #ambientColor
		diffuseColor      0.2196 0.2196 0.2196  #diffuseColor
		transparency      0.0000                #transparency
	} #Material

	Texture2 {
		filename ""  #filename
		wrapS REPEAT 
		wrapT REPEAT 
	} #Texture2

	IndexedFaceSet {
		coordIndex [ 
		 8, 9, 0, 1,-1,
		 3, 2, 1, 0,-1,
		 4, 7, 3, 0,-1,
		 5, 4, 0, 1,-1,
		 2, 1, 5, 6,-1,
		 6, 5, 1, 2,-1,
		 7, 6, 2, 3,-1,
		 4, 5, 6, 7,-1,
		]
	} #IndexedFaceSet
} #Polyhedron
Separator { #Polyhedron
	DEF COORD3 Coordinate3 {
		point [
		 -0.7938 1.0795 -3.6068,
		 -0.7938 1.0795 -2.7813,
		 -5.1626 1.0795 -2.7813,
		 -5.1626 1.0795 -3.6068,
		 -0.7938 1.0287 -3.6068,
		 -0.7938 1.0287 -2.7813,
		 -5.1626 1.0287 -2.7813,
		 -5.1626 1.0287 -3.6068,
		 -5.1626 1.0287 -2.8448,
		 -0.7938 1.0287 -2.8448
		]
	} #Coordinate3
	Material {
		ambientColor      0.1500 0.1000 0.0500  #ambientColor
		diffuseColor      0.6000 0.4000 0.2000  #diffuseColor
		transparency      0.0000                #transparency
	} #Material

	Texture2 {
		filename ""  #filename
		wrapS REPEAT 
		wrapT REPEAT 
	} #Texture2

	IndexedFaceSet {
		coordIndex [ 
		 0, 1, 2, 3,-1,
		 3, 2, 1, 0,-1,
		 0, 3, 7, 4,-1,
		 4, 7, 3, 0,-1,
		 1, 0, 4, 5,-1,
		 5, 4, 0, 1,-1,
		 2, 1, 5, 6,-1,
		 6, 5, 1, 2,-1,
		 3, 2, 6, 7,-1,
		 7, 6, 2, 3,-1,
		 8, 6, 5, 9,-1,
		 4, 5, 6, 7,-1,
		]
	} #IndexedFaceSet
} #Polyhedron
Separator { #Polyhedron
	DEF COORD4 Coordinate3 {
		point [
		 -4.9655 0.3048 -0.7685,
		 -5.0102 0.3048 -0.8763,
		 -4.9655 0.3048 -0.9841,
		 -4.8578 0.3048 -1.0287,
		 -4.7500 0.3048 -0.9841,
		 -4.7054 0.3048 -0.8763,
		 -4.7500 0.3048 -0.7685,
		 -4.8578 0.3048 -0.7239,
		 -4.8578 -0.6096 -0.8763,
		 -4.8578 0.0000 -0.7747,
		 -4.9296 0.0000 -0.8045,
		 -4.9594 0.0000 -0.8763,
		 -4.9296 0.0000 -0.9481,
		 -4.8578 0.0000 -0.9779,
		 -4.7859 0.0000 -0.9481,
		 -4.7562 0.0000 -0.8763,
		 -4.7859 0.0000 -0.8045
		]
	} #Coordinate3
	Material {
		ambientColor      0.2500 0.2500 0.2500  #ambientColor
		diffuseColor      1.0000 1.0000 1.0000  #diffuseColor
		transparency      1.0000                #transparency
	} #Material

	IndexedFaceSet {
		coordIndex [ 
		 0, 1, 2, 3, 4, 5, 6, 7,-1,
		 7, 6, 5, 4, 3, 2, 1, 0,-1,
		]
	} #IndexedFaceSet
	Material {
		ambientColor      0.1500 0.0500 0.0000  #ambientColor
		diffuseColor      0.6000 0.2000 0.0000  #diffuseColor
		transparency      0.0000                #transparency
	} #Material

	IndexedFaceSet {
		coordIndex [ 
		 0, 7, 9, 10,-1,
		 10, 9, 7, 0,-1,
		 1, 0, 10, 11,-1,
		 11, 10, 0, 1,-1,
		 2, 1, 11, 12,-1,
		 12, 11, 1, 2,-1,
		 3, 2, 12, 13,-1,
		 13, 12, 2, 3,-1,
		 4, 3, 13, 14,-1,
		 14, 13, 3, 4,-1,
		 5, 4, 14, 15,-1,
		 15, 14, 4, 5,-1,
		 6, 5, 15, 16,-1,
		 16, 15, 5, 6,-1,
		 7, 6, 16, 9,-1,
		 9, 16, 6, 7,-1,
		 10, 9, 16, 15, 14, 13, 12, 11,-1,
		 11, 12, 13, 14, 15, 16, 9, 10,-1,
		]
	} #IndexedFaceSet
} #Polyhedron
Separator { #Polyhedron
	DEF COORD5 Coordinate3 {
		point [
		 -4.8578 0.2540 -0.7685,
		 -4.9340 0.2540 -0.8001,
		 -4.9655 0.2540 -0.8763,
		 -4.9340 0.2540 -0.9525,
		 -4.8578 0.2540 -0.9841,
		 -4.7816 0.2540 -0.9525,
		 -4.7500 0.2540 -0.8763,
		 -4.7816 0.2540 -0.8001,
		 -4.8578 0.2032 -0.7685,
		 -4.9340 0.2032 -0.8001,
		 -4.9655 0.2032 -0.8763,
		 -4.9340 0.2032 -0.9525,
		 -4.8578 0.2032 -0.9841,
		 -4.7816 0.2032 -0.9525,
		 -4.7500 0.2032 -0.8763,
		 -4.7816 0.2032 -0.8001
		]
	} #Coordinate3
	Material {
		ambientColor      0.1000 0.0000 0.0000  #ambientColor
		diffuseColor      0.4000 0.0000 0.0000  #diffuseColor
		transparency      0.0000                #transparency
	} #Material

	Texture2 {
		filename ""  #filename
		wrapS REPEAT 
		wrapT REPEAT 
	} #Texture2

	IndexedFaceSet {
		coordIndex [ 
		 0, 1, 2, 3, 4, 5, 6, 7,-1,
		 7, 6, 5, 4, 3, 2, 1, 0,-1,
		 0, 7, 15, 8,-1,
		 8, 15, 7, 0,-1,
		 1, 0, 8, 9,-1,
		 9, 8, 0, 1,-1,
		 2, 1, 9, 10,-1,
		 10, 9, 1, 2,-1,
		 3, 2, 10, 11,-1,
		 11, 10, 2, 3,-1,
		 4, 3, 11, 12,-1,
		 12, 11, 3, 4,-1,
		 5, 4, 12, 13,-1,
		 13, 12, 4, 5,-1,
		 6, 5, 13, 14,-1,
		 14, 13, 5, 6,-1,
		 7, 6, 14, 15,-1,
		 15, 14, 6, 7,-1,
		 15, 14, 13, 12, 11, 10, 9, 8,-1,
		 8, 9, 10, 11, 12, 13, 14, 15,-1,
		]
	} #IndexedFaceSet
} #Polyhedron
Separator { #Polyhedron
	DEF COORD6 Coordinate3 {
		point [
		 -4.8578 1.5240 -0.8404,
		 -4.8832 1.5240 -0.8509,
		 -4.8937 1.5240 -0.8763,
		 -4.8832 1.5240 -0.9017,
		 -4.8578 1.5240 -0.9122,
		 -4.8324 1.5240 -0.9017,
		 -4.8218 1.5240 -0.8763,
		 -4.8324 1.5240 -0.8509,
		 -4.8578 0.1016 -0.8763,
		 -4.8550 0.2540 -0.8736,
		 -4.8578 0.2540 -0.8725,
		 -4.8605 0.2540 -0.8736,
		 -4.8616 0.2540 -0.8763,
		 -4.8605 0.2540 -0.8790,
		 -4.8578 0.2540 -0.8802,
		 -4.8550 0.2540 -0.8790,
		 -4.8539 0.2540 -0.8763
		]
	} #Coordinate3
	Material {
		ambientColor      0.0000 0.1667 0.0000  #ambientColor
		diffuseColor      0.0000 0.6667 0.0000  #diffuseColor
		transparency      0.0000                #transparency
	} #Material

	IndexedFaceSet {
		coordIndex [ 
		 0, 1, 2, 3, 4, 5, 6, 7,-1,
		 7, 6, 5, 4, 3, 2, 1, 0,-1,
		 0, 7, 9, 10,-1,
		 10, 9, 7, 0,-1,
		 1, 0, 10, 11,-1,
		 11, 10, 0, 1,-1,
		 2, 1, 11, 12,-1,
		 12, 11, 1, 2,-1,
		 3, 2, 12, 13,-1,
		 13, 12, 2, 3,-1,
		 4, 3, 13, 14,-1,
		 14, 13, 3, 4,-1,
		 5, 4, 14, 15,-1,
		 15, 14, 4, 5,-1,
		 6, 5, 15, 16,-1,
		 16, 15, 5, 6,-1,
		 7, 6, 16, 9,-1,
		 9, 16, 6, 7,-1,
		 10, 9, 16, 15, 14, 13, 12, 11,-1,
		 11, 12, 13, 14, 15, 16, 9, 10,-1,
		]
	} #IndexedFaceSet
} #Polyhedron
Separator { #Polyhedron
	DEF COORD7 Coordinate3 {
		point [
		 -5.1154 1.4148 -0.7714,
		 -5.1109 1.4264 -0.7892,
		 -5.0964 1.4417 -0.7943,
		 -5.0803 1.4518 -0.7837,
		 -5.0721 1.4507 -0.7636,
		 -5.0766 1.4391 -0.7458,
		 -5.0912 1.4238 -0.7407,
		 -5.1073 1.4137 -0.7513,
		 -4.8008 1.1094 -0.9040,
		 -4.8892 1.1972 -0.8600,
		 -4.8919 1.1978 -0.8657,
		 -4.8937 1.2044 -0.8696,
		 -4.8937 1.2138 -0.8696,
		 -4.8916 1.2206 -0.8650,
		 -4.8886 1.2198 -0.8586,
		 -4.8868 1.2122 -0.8547,
		 -4.8871 1.2029 -0.8555
		]
	} #Coordinate3
	Material {
		ambientColor      0.0000 0.1667 0.0000  #ambientColor
		diffuseColor      0.0000 0.6667 0.0000  #diffuseColor
		transparency      0.0000                #transparency
	} #Material

	IndexedFaceSet {
		coordIndex [ 
		 0, 1, 2, 3, 4, 5, 6, 7,-1,
		 7, 6, 5, 4, 3, 2, 1, 0,-1,
		 0, 7, 9, 10,-1,
		 10, 9, 7, 0,-1,
		 1, 0, 10, 11,-1,
		 11, 10, 0, 1,-1,
		 2, 1, 11, 12,-1,
		 12, 11, 1, 2,-1,
		 3, 2, 12, 13,-1,
		 13, 12, 2, 3,-1,
		 4, 3, 13, 14,-1,
		 14, 13, 3, 4,-1,
		 5, 4, 14, 15,-1,
		 15, 14, 4, 5,-1,
		 6, 5, 15, 16,-1,
		 16, 15, 5, 6,-1,
		 7, 6, 16, 9,-1,
		 9, 16, 6, 7,-1,
		 10, 9, 16, 15, 14, 13, 12, 11,-1,
		 11, 12, 13, 14, 15, 16, 9, 10,-1,
		]
	} #IndexedFaceSet
} #Polyhedron
Separator { #Polyhedron
	DEF COORD8 Coordinate3 {
		point [
		 -4.9615 1.4148 -1.1335,
		 -4.9437 1.4264 -1.1290,
		 -4.9386 1.4417 -1.1145,
		 -4.9493 1.4518 -1.0984,
		 -4.9694 1.4507 -1.0902,
		 -4.9872 1.4391 -1.0948,
		 -4.9923 1.4238 -1.1093,
		 -4.9817 1.4137 -1.1254,
		 -4.8288 1.1094 -0.8189,
		 -4.8729 1.1972 -0.9074,
		 -4.8673 1.1978 -0.9100,
		 -4.8633 1.2044 -0.9119,
		 -4.8634 1.2138 -0.9118,
		 -4.8679 1.2206 -0.9097,
		 -4.8743 1.2198 -0.9067,
		 -4.8782 1.2122 -0.9049,
		 -4.8774 1.2029 -0.9053
		]
	} #Coordinate3
	Material {
		ambientColor      0.0000 0.1667 0.0000  #ambientColor
		diffuseColor      0.0000 0.6667 0.0000  #diffuseColor
		transparency      0.0000                #transparency
	} #Material

	IndexedFaceSet {
		coordIndex [ 
		 0, 1, 2, 3, 4, 5, 6, 7,-1,
		 7, 6, 5, 4, 3, 2, 1, 0,-1,
		 0, 7, 9, 10,-1,
		 10, 9, 7, 0,-1,
		 1, 0, 10, 11,-1,
		 11, 10, 0, 1,-1,
		 2, 1, 11, 12,-1,
		 12, 11, 1, 2,-1,
		 3, 2, 12, 13,-1,
		 13, 12, 2, 3,-1,
		 4, 3, 13, 14,-1,
		 14, 13, 3, 4,-1,
		 5, 4, 14, 15,-1,
		 15, 14, 4, 5,-1,
		 6, 5, 15, 16,-1,
		 16, 15, 5, 6,-1,
		 7, 6, 16, 9,-1,
		 9, 16, 6, 7,-1,
		 10, 9, 16, 15, 14, 13, 12, 11,-1,
		 11, 12, 13, 14, 15, 16, 9, 10,-1,
		]
	} #IndexedFaceSet
} #Polyhedron
Separator { #Polyhedron
	DEF COORD9 Coordinate3 {
		point [
		 -4.7550 1.4148 -0.6194,
		 -4.7728 1.4264 -0.6239,
		 -4.7779 1.4417 -0.6385,
		 -4.7673 1.4518 -0.6546,
		 -4.7472 1.4507 -0.6627,
		 -4.7294 1.4391 -0.6582,
		 -4.7243 1.4237 -0.6437,
		 -4.7349 1.4137 -0.6276,
		 -4.8877 1.1093 -0.9340,
		 -4.8436 1.1971 -0.8456,
		 -4.8493 1.1977 -0.8429,
		 -4.8532 1.2043 -0.8411,
		 -4.8532 1.2138 -0.8411,
		 -4.8486 1.2205 -0.8432,
		 -4.8422 1.2198 -0.8462,
		 -4.8383 1.2121 -0.8480,
		 -4.8391 1.2028 -0.8477
		]
	} #Coordinate3
	Material {
		ambientColor      0.0000 0.1667 0.0000  #ambientColor
		diffuseColor      0.0000 0.6667 0.0000  #diffuseColor
		transparency      0.0000                #transparency
	} #Material

	IndexedFaceSet {
		coordIndex [ 
		 0, 1, 2, 3, 4, 5, 6, 7,-1,
		 7, 6, 5, 4, 3, 2, 1, 0,-1,
		 0, 7, 9, 10,-1,
		 10, 9, 7, 0,-1,
		 1, 0, 10, 11,-1,
		 11, 10, 0, 1,-1,
		 2, 1, 11, 12,-1,
		 12, 11, 1, 2,-1,
		 3, 2, 12, 13,-1,
		 13, 12, 2, 3,-1,
		 4, 3, 13, 14,-1,
		 14, 13, 3, 4,-1,
		 5, 4, 14, 15,-1,
		 15, 14, 4, 5,-1,
		 6, 5, 15, 16,-1,
		 16, 15, 5, 6,-1,
		 7, 6, 16, 9,-1,
		 9, 16, 6, 7,-1,
		 10, 9, 16, 15, 14, 13, 12, 11,-1,
		 11, 12, 13, 14, 15, 16, 9, 10,-1,
		]
	} #IndexedFaceSet
} #Polyhedron
Separator { #Polyhedron
	DEF COORD10 Coordinate3 {
		point [
		 -4.6011 1.4148 -0.9797,
		 -4.6056 1.4264 -0.9619,
		 -4.6202 1.4417 -0.9568,
		 -4.6362 1.4518 -0.9675,
		 -4.6444 1.4507 -0.9876,
		 -4.6399 1.4391 -1.0054,
		 -4.6254 1.4238 -1.0105,
		 -4.6093 1.4137 -0.9998,
		 -4.9157 1.1094 -0.8470,
		 -4.8273 1.1972 -0.8911,
		 -4.8247 1.1978 -0.8855,
		 -4.8228 1.2044 -0.8815,
		 -4.8228 1.2138 -0.8816,
		 -4.8250 1.2206 -0.8861,
		 -4.8280 1.2198 -0.8925,
		 -4.8298 1.2122 -0.8964,
		 -4.8294 1.2029 -0.8956
		]
	} #Coordinate3
	Material {
		ambientColor      0.0000 0.1667 0.0000  #ambientColor
		diffuseColor      0.0000 0.6667 0.0000  #diffuseColor
		transparency      0.0000                #transparency
	} #Material

	IndexedFaceSet {
		coordIndex [ 
		 0, 1, 2, 3, 4, 5, 6, 7,-1,
		 7, 6, 5, 4, 3, 2, 1, 0,-1,
		 0, 7, 9, 10,-1,
		 10, 9, 7, 0,-1,
		 1, 0, 10, 11,-1,
		 11, 10, 0, 1,-1,
		 2, 1, 11, 12,-1,
		 12, 11, 1, 2,-1,
		 3, 2, 12, 13,-1,
		 13, 12, 2, 3,-1,
		 4, 3, 13, 14,-1,
		 14, 13, 3, 4,-1,
		 5, 4, 14, 15,-1,
		 15, 14, 4, 5,-1,
		 6, 5, 15, 16,-1,
		 16, 15, 5, 6,-1,
		 7, 6, 16, 9,-1,
		 9, 16, 6, 7,-1,
		 10, 9, 16, 15, 14, 13, 12, 11,-1,
		 11, 12, 13, 14, 15, 16, 9, 10,-1,
		]
	} #IndexedFaceSet
} #Polyhedron
Separator { #Polyhedron
	DEF COORD11 Coordinate3 {
		point [
		 -5.1064 0.9830 -0.9803,
		 -5.0906 0.9946 -0.9897,
		 -5.0767 1.0099 -0.9830,
		 -5.0728 1.0200 -0.9641,
		 -5.0813 1.0189 -0.9441,
		 -5.0971 1.0073 -0.9347,
		 -5.1109 0.9919 -0.9414,
		 -5.1148 0.9819 -0.9603,
		 -4.7901 0.6776 -0.8516,
		 -4.8838 0.7654 -0.8830,
		 -4.8816 0.7660 -0.8889,
		 -4.8801 0.7726 -0.8930,
		 -4.8802 0.7820 -0.8929,
		 -4.8819 0.7888 -0.8881,
		 -4.8843 0.7880 -0.8815,
		 -4.8858 0.7803 -0.8775,
		 -4.8855 0.7710 -0.8783
		]
	} #Coordinate3
	Material {
		ambientColor      0.0000 0.1667 0.0000  #ambientColor
		diffuseColor      0.0000 0.6667 0.0000  #diffuseColor
		transparency      0.0000                #transparency
	} #Material

	Texture2 {
		filename ""  #filename
		wrapS REPEAT 
		wrapT REPEAT 
	} #Texture2

	IndexedFaceSet {
		coordIndex [ 
		 0, 1, 2, 3, 4, 5, 6, 7,-1,
		 7, 6, 5, 4, 3, 2, 1, 0,-1,
		 0, 7, 9, 10,-1,
		 10, 9, 7, 0,-1,
		 1, 0, 10, 11,-1,
		 11, 10, 0, 1,-1,
		 2, 1, 11, 12,-1,
		 12, 11, 1, 2,-1,
		 3, 2, 12, 13,-1,
		 13, 12, 2, 3,-1,
		 4, 3, 13, 14,-1,
		 14, 13, 3, 4,-1,
		 5, 4, 14, 15,-1,
		 15, 14, 4, 5,-1,
		 6, 5, 15, 16,-1,
		 16, 15, 5, 6,-1,
		 7, 6, 16, 9,-1,
		 9, 16, 6, 7,-1,
		 10, 9, 16, 15, 14, 13, 12, 11,-1,
		 11, 12, 13, 14, 15, 16, 9, 10,-1,
		]
	} #IndexedFaceSet
} #Polyhedron
Separator { #Polyhedron
	DEF COORD12 Coordinate3 {
		point [
		 -4.9637 0.9830 -0.6283,
		 -4.9731 0.9946 -0.6440,
		 -4.9664 1.0099 -0.6579,
		 -4.9475 1.0200 -0.6618,
		 -4.9275 1.0189 -0.6534,
		 -4.9181 1.0073 -0.6376,
		 -4.9248 0.9919 -0.6237,
		 -4.9437 0.9819 -0.6198,
		 -4.8351 0.6775 -0.9445,
		 -4.8664 0.7653 -0.8508,
		 -4.8723 0.7659 -0.8529,
		 -4.8765 0.7725 -0.8545,
		 -4.8764 0.7820 -0.8544,
		 -4.8716 0.7887 -0.8527,
		 -4.8650 0.7879 -0.8503,
		 -4.8610 0.7803 -0.8488,
		 -4.8618 0.7710 -0.8491
		]
	} #Coordinate3
	Material {
		ambientColor      0.0000 0.1667 0.0000  #ambientColor
		diffuseColor      0.0000 0.6667 0.0000  #diffuseColor
		transparency      0.0000                #transparency
	} #Material

	IndexedFaceSet {
		coordIndex [ 
		 0, 1, 2, 3, 4, 5, 6, 7,-1,
		 7, 6, 5, 4, 3, 2, 1, 0,-1,
		 0, 7, 9, 10,-1,
		 10, 9, 7, 0,-1,
		 1, 0, 10, 11,-1,
		 11, 10, 0, 1,-1,
		 2, 1, 11, 12,-1,
		 12, 11, 1, 2,-1,
		 3, 2, 12, 13,-1,
		 13, 12, 2, 3,-1,
		 4, 3, 13, 14,-1,
		 14, 13, 3, 4,-1,
		 5, 4, 14, 15,-1,
		 15, 14, 4, 5,-1,
		 6, 5, 15, 16,-1,
		 16, 15, 5, 6,-1,
		 7, 6, 16, 9,-1,
		 9, 16, 6, 7,-1,
		 10, 9, 16, 15, 14, 13, 12, 11,-1,
		 11, 12, 13, 14, 15, 16, 9, 10,-1,
		]
	} #IndexedFaceSet
} #Polyhedron
Separator { #Polyhedron
	DEF COORD13 Coordinate3 {
		point [
		 -4.6097 0.9830 -0.7703,
		 -4.6254 0.9946 -0.7609,
		 -4.6393 1.0099 -0.7676,
		 -4.6432 1.0200 -0.7864,
		 -4.6347 1.0189 -0.8064,
		 -4.6190 1.0073 -0.8159,
		 -4.6051 0.9919 -0.8092,
		 -4.6012 0.9819 -0.7903,
		 -4.9260 0.6776 -0.8989,
		 -4.8323 0.7654 -0.8676,
		 -4.8344 0.7660 -0.8617,
		 -4.8359 0.7726 -0.8575,
		 -4.8359 0.7820 -0.8576,
		 -4.8341 0.7888 -0.8624,
		 -4.8317 0.7880 -0.8690,
		 -4.8303 0.7804 -0.8730,
		 -4.8306 0.7711 -0.8722
		]
	} #Coordinate3
	Material {
		ambientColor      0.0000 0.1667 0.0000  #ambientColor
		diffuseColor      0.0000 0.6667 0.0000  #diffuseColor
		transparency      0.0000                #transparency
	} #Material

	IndexedFaceSet {
		coordIndex [ 
		 0, 1, 2, 3, 4, 5, 6, 7,-1,
		 7, 6, 5, 4, 3, 2, 1, 0,-1,
		 0, 7, 9, 10,-1,
		 10, 9, 7, 0,-1,
		 1, 0, 10, 11,-1,
		 11, 10, 0, 1,-1,
		 2, 1, 11, 12,-1,
		 12, 11, 1, 2,-1,
		 3, 2, 12, 13,-1,
		 13, 12, 2, 3,-1,
		 4, 3, 13, 14,-1,
		 14, 13, 3, 4,-1,
		 5, 4, 14, 15,-1,
		 15, 14, 4, 5,-1,
		 6, 5, 15, 16,-1,
		 16, 15, 5, 6,-1,
		 7, 6, 16, 9,-1,
		 9, 16, 6, 7,-1,
		 10, 9, 16, 15, 14, 13, 12, 11,-1,
		 11, 12, 13, 14, 15, 16, 9, 10,-1,
		]
	} #IndexedFaceSet
} #Polyhedron
Separator { #Polyhedron
	DEF COORD14 Coordinate3 {
		point [
		 -4.7510 0.9830 -1.1252,
		 -4.7416 0.9946 -1.1094,
		 -4.7483 1.0099 -1.0955,
		 -4.7672 1.0200 -1.0916,
		 -4.7872 1.0189 -1.1001,
		 -4.7966 1.0073 -1.1159,
		 -4.7899 0.9919 -1.1297,
		 -4.7710 0.9819 -1.1336,
		 -4.8796 0.6776 -0.8089,
		 -4.8483 0.7654 -0.9026,
		 -4.8424 0.7660 -0.9004,
		 -4.8383 0.7726 -0.8989,
		 -4.8383 0.7820 -0.8989,
		 -4.8431 0.7888 -0.9007,
		 -4.8497 0.7880 -0.9031,
		 -4.8537 0.7804 -0.9045,
		 -4.8529 0.7711 -0.9043
		]
	} #Coordinate3
	Material {
		ambientColor      0.0000 0.1667 0.0000  #ambientColor
		diffuseColor      0.0000 0.6667 0.0000  #diffuseColor
		transparency      0.0000                #transparency
	} #Material

	IndexedFaceSet {
		coordIndex [ 
		 0, 1, 2, 3, 4, 5, 6, 7,-1,
		 7, 6, 5, 4, 3, 2, 1, 0,-1,
		 0, 7, 9, 10,-1,
		 10, 9, 7, 0,-1,
		 1, 0, 10, 11,-1,
		 11, 10, 0, 1,-1,
		 2, 1, 11, 12,-1,
		 12, 11, 1, 2,-1,
		 3, 2, 12, 13,-1,
		 13, 12, 2, 3,-1,
		 4, 3, 13, 14,-1,
		 14, 13, 3, 4,-1,
		 5, 4, 14, 15,-1,
		 15, 14, 4, 5,-1,
		 6, 5, 15, 16,-1,
		 16, 15, 5, 6,-1,
		 7, 6, 16, 9,-1,
		 9, 16, 6, 7,-1,
		 10, 9, 16, 15, 14, 13, 12, 11,-1,
		 11, 12, 13, 14, 15, 16, 9, 10,-1,
		]
	} #IndexedFaceSet
} #Polyhedron
Separator { #Polyhedron
	DEF COORD15 Coordinate3 {
		point [
		 -1.7588 1.1049 -3.5636,
		 -1.4826 1.1049 -3.4348,
		 -1.5899 1.1049 -3.2046,
		 -1.8662 1.1049 -3.3334,
		 -1.7588 1.0795 -3.5636,
		 -1.4826 1.0795 -3.4348,
		 -1.5899 1.0795 -3.2046,
		 -1.8662 1.0795 -3.3334,
		 -1.7588 1.1017 -3.5636,
		 -1.8662 1.1017 -3.3334,
		 -1.8662 1.0827 -3.3334,
		 -1.7588 1.0827 -3.5636,
		 -1.8662 1.1017 -3.3335,
		 -1.8662 1.0827 -3.3335,
		 -1.7588 1.0827 -3.5636,
		 -1.7588 1.1017 -3.5636,
		 -1.8662 1.1017 -3.3334,
		 -1.7588 1.1017 -3.5636,
		 -1.7588 1.0827 -3.5636,
		 -1.8662 1.0827 -3.3334,
		 -1.5286 1.1049 -3.4563,
		 -1.5286 1.0795 -3.4563,
		 -1.4826 1.0795 -3.4348,
		 -1.7128 1.0795 -3.5422,
		 -1.7128 1.1049 -3.5422,
		 -1.4826 1.0795 -3.4348,
		 -1.4826 1.0827 -3.4348,
		 -1.5899 1.0827 -3.2046,
		 -1.5899 1.1017 -3.2046,
		 -1.4826 1.1017 -3.4348,
		 -1.4839 1.0827 -3.4320,
		 -1.4839 1.1017 -3.4320,
		 -1.4826 1.0827 -3.4348,
		 -1.5899 1.0827 -3.2046,
		 -1.5899 1.1017 -3.2046,
		 -1.5899 1.0827 -3.2046,
		 -1.4826 1.0827 -3.4348,
		 -1.4826 1.1017 -3.4348,
		 -1.5899 1.1017 -3.2046,
		 -1.4826 1.0827 -3.4348,
		 -1.8662 1.1017 -3.3334,
		 -1.5899 1.1017 -3.2046,
		 -1.5899 1.0827 -3.2046,
		 -1.8662 1.0827 -3.3334,
		 -1.5899 1.1017 -3.2046,
		 -1.5899 1.0827 -3.2046,
		 -1.8662 1.0827 -3.3334,
		 -1.8662 1.1017 -3.3334,
		 -1.5899 1.1017 -3.2046,
		 -1.8662 1.1017 -3.3334,
		 -1.8662 1.0827 -3.3334,
		 -1.5899 1.0827 -3.2046
		]
	} #Coordinate3
	Material {
		ambientColor      0.2088 0.2088 0.0000  #ambientColor
		diffuseColor      0.8353 0.8353 0.0000  #diffuseColor
		transparency      0.0000                #transparency
	} #Material

	IndexedFaceSet {
		coordIndex [ 
		 0, 1, 2, 3,-1,
		 3, 2, 1, 0,-1,
		 8, 0, 3, 9,-1,
		 10, 7, 4, 11,-1,
		]
	} #IndexedFaceSet
	Material {
		ambientColor      0.2500 0.2500 0.2500  #ambientColor
		diffuseColor      1.0000 1.0000 1.0000  #diffuseColor
		transparency      0.0000                #transparency
	} #Material

	IndexedFaceSet {
		coordIndex [ 
		 12, 13, 14, 15,-1,
		]
	} #IndexedFaceSet
	Material {
		ambientColor      0.2088 0.2088 0.0000  #ambientColor
		diffuseColor      0.8353 0.8353 0.0000  #diffuseColor
		transparency      0.0000                #transparency
	} #Material

	IndexedFaceSet {
		coordIndex [ 
		 16, 3, 0, 17,-1,
		 18, 4, 7, 19,-1,
		]
	} #IndexedFaceSet
	Material {
		ambientColor      0.2500 0.2500 0.2500  #ambientColor
		diffuseColor      1.0000 1.0000 1.0000  #diffuseColor
		transparency      0.0000                #transparency
	} #Material

	IndexedFaceSet {
		coordIndex [ 
		 15, 14, 13, 12,-1,
		]
	} #IndexedFaceSet
	Material {
		ambientColor      0.2088 0.2088 0.0000  #ambientColor
		diffuseColor      0.8353 0.8353 0.0000  #diffuseColor
		transparency      0.0000                #transparency
	} #Material

	IndexedFaceSet {
		coordIndex [ 
		 20, 21, 22, 1,-1,
		 23, 24, 0, 4,-1,
		]
	} #IndexedFaceSet
	Material {
		ambientColor      0.2500 0.2500 0.2500  #ambientColor
		diffuseColor      1.0000 1.0000 1.0000  #diffuseColor
		transparency      0.0000                #transparency
	} #Material

	IndexedFaceSet {
		coordIndex [ 
		 24, 23, 21, 20,-1,
		]
	} #IndexedFaceSet
	Material {
		ambientColor      0.2088 0.2088 0.0000  #ambientColor
		diffuseColor      0.8353 0.8353 0.0000  #diffuseColor
		transparency      0.0000                #transparency
	} #Material

	IndexedFaceSet {
		coordIndex [ 
		 1, 25, 21, 20,-1,
		 4, 0, 24, 23,-1,
		]
	} #IndexedFaceSet
	Material {
		ambientColor      0.2500 0.2500 0.2500  #ambientColor
		diffuseColor      1.0000 1.0000 1.0000  #diffuseColor
		transparency      0.0000                #transparency
	} #Material

	IndexedFaceSet {
		coordIndex [ 
		 20, 21, 23, 24,-1,
		]
	} #IndexedFaceSet
	Material {
		ambientColor      0.2088 0.2088 0.0000  #ambientColor
		diffuseColor      0.8353 0.8353 0.0000  #diffuseColor
		transparency      0.0000                #transparency
	} #Material

	IndexedFaceSet {
		coordIndex [ 
		 26, 5, 6, 27,-1,
		 28, 2, 1, 29,-1,
		 30, 31, 29, 32,-1,
		]
	} #IndexedFaceSet
	Material {
		ambientColor      0.2500 0.2500 0.2500  #ambientColor
		diffuseColor      1.0000 1.0000 1.0000  #diffuseColor
		transparency      0.0000                #transparency
	} #Material

	IndexedFaceSet {
		coordIndex [ 
		 31, 30, 33, 34,-1,
		]
	} #IndexedFaceSet
	Material {
		ambientColor      0.2088 0.2088 0.0000  #ambientColor
		diffuseColor      0.8353 0.8353 0.0000  #diffuseColor
		transparency      0.0000                #transparency
	} #Material

	IndexedFaceSet {
		coordIndex [ 
		 35, 6, 5, 36,-1,
		 37, 1, 2, 38,-1,
		 39, 37, 31, 30,-1,
		]
	} #IndexedFaceSet
	Material {
		ambientColor      0.2500 0.2500 0.2500  #ambientColor
		diffuseColor      1.0000 1.0000 1.0000  #diffuseColor
		transparency      0.0000                #transparency
	} #Material

	IndexedFaceSet {
		coordIndex [ 
		 34, 33, 30, 31,-1,
		]
	} #IndexedFaceSet
	Material {
		ambientColor      0.2088 0.2088 0.0000  #ambientColor
		diffuseColor      0.8353 0.8353 0.0000  #diffuseColor
		transparency      0.0000                #transparency
	} #Material

	IndexedFaceSet {
		coordIndex [ 
		 40, 3, 2, 41,-1,
		 42, 6, 7, 43,-1,
		]
	} #IndexedFaceSet
	Material {
		ambientColor      0.2500 0.2500 0.2500  #ambientColor
		diffuseColor      1.0000 1.0000 1.0000  #diffuseColor
		transparency      0.0000                #transparency
	} #Material

	IndexedFaceSet {
		coordIndex [ 
		 44, 45, 46, 47,-1,
		]
	} #IndexedFaceSet
	Material {
		ambientColor      0.2088 0.2088 0.0000  #ambientColor
		diffuseColor      0.8353 0.8353 0.0000  #diffuseColor
		transparency      0.0000                #transparency
	} #Material

	IndexedFaceSet {
		coordIndex [ 
		 48, 2, 3, 49,-1,
		 50, 7, 6, 51,-1,
		]
	} #IndexedFaceSet
	Material {
		ambientColor      0.2500 0.2500 0.2500  #ambientColor
		diffuseColor      1.0000 1.0000 1.0000  #diffuseColor
		transparency      0.0000                #transparency
	} #Material

	IndexedFaceSet {
		coordIndex [ 
		 47, 46, 45, 44,-1,
		]
	} #IndexedFaceSet
	Material {
		ambientColor      0.2088 0.2088 0.0000  #ambientColor
		diffuseColor      0.8353 0.8353 0.0000  #diffuseColor
		transparency      0.0000                #transparency
	} #Material

	IndexedFaceSet {
		coordIndex [ 
		 7, 6, 5, 4,-1,
		 4, 5, 6, 7,-1,
		]
	} #IndexedFaceSet
} #Polyhedron
Separator { #Polyhedron
	DEF COORD16 Coordinate3 {
		point [
		 -1.6065 1.1621 -3.2703,
		 -1.8605 1.1621 -3.2703,
		 -1.8605 1.1621 -3.4735,
		 -1.6065 1.1621 -3.4735,
		 -1.6065 1.0859 -3.2703,
		 -1.8605 1.0859 -3.2703,
		 -1.8605 1.0859 -3.4735,
		 -1.6065 1.0859 -3.4735,
		 -1.6065 1.0986 -3.4735,
		 -1.6065 1.0986 -3.2703,
		 -1.6065 1.1494 -3.2830,
		 -1.6065 1.0986 -3.2830,
		 -1.6065 1.0986 -3.2703,
		 -1.6065 1.1494 -3.2703,
		 -1.6065 1.1494 -3.2703,
		 -1.6065 1.1494 -3.4735,
		 -1.6065 1.1494 -3.4735,
		 -1.6065 1.0986 -3.4735,
		 -1.6065 1.0986 -3.2703,
		 -1.6065 1.0986 -3.4735,
		 -1.6065 1.1494 -3.2703,
		 -1.6065 1.0986 -3.2703,
		 -1.6065 1.1494 -3.4735,
		 -1.6065 1.1494 -3.2703,
		 -1.8605 1.1621 -3.2703,
		 -1.8224 1.1621 -3.2703,
		 -1.8224 1.0859 -3.2703,
		 -1.7970 1.0859 -3.2703,
		 -1.7970 1.1621 -3.2703,
		 -1.8605 1.1621 -3.2703,
		 -1.8605 1.1494 -3.4735,
		 -1.8605 1.1494 -3.2703,
		 -1.8605 1.0986 -3.2703,
		 -1.8605 1.0986 -3.4735,
		 -1.8605 1.1494 -3.2703,
		 -1.8605 1.0986 -3.2703,
		 -1.8605 1.0986 -3.2830,
		 -1.8605 1.1494 -3.2830,
		 -1.8605 1.0986 -3.4735,
		 -1.8605 1.1494 -3.4735,
		 -1.8605 1.1494 -3.2703,
		 -1.8605 1.1494 -3.4735,
		 -1.8605 1.0986 -3.4735,
		 -1.8605 1.0986 -3.2703,
		 -1.8605 1.0986 -3.2703,
		 -1.8605 1.1494 -3.2703,
		 -1.8605 1.0986 -3.4735,
		 -1.6065 1.0986 -3.4735,
		 -1.6065 1.1494 -3.4735,
		 -1.8605 1.1494 -3.4735,
		 -1.6065 1.0986 -3.4735,
		 -1.6065 1.1494 -3.4735,
		 -1.8605 1.1494 -3.4735,
		 -1.8605 1.0986 -3.4735,
		 -1.6065 1.0986 -3.4735,
		 -1.8605 1.0986 -3.4735,
		 -1.8605 1.1494 -3.4735,
		 -1.6065 1.1494 -3.4735
		]
	} #Coordinate3
	Material {
		ambientColor      0.0000 0.0500 0.0000  #ambientColor
		diffuseColor      0.0000 0.2000 0.0000  #diffuseColor
		transparency      0.0000                #transparency
	} #Material

	Texture2 {
		filename ""  #filename
		wrapS REPEAT 
		wrapT REPEAT 
	} #Texture2

	IndexedFaceSet {
		coordIndex [ 
		 0, 1, 2, 3,-1,
		 3, 2, 1, 0,-1,
		 8, 7, 4, 9,-1,
		 10, 11, 12, 13,-1,
		 14, 0, 3, 15,-1,
		]
	} #IndexedFaceSet
	Material {
		ambientColor      0.2500 0.2500 0.2500  #ambientColor
		diffuseColor      1.0000 1.0000 1.0000  #diffuseColor
		transparency      0.0000                #transparency
	} #Material

	IndexedFaceSet {
		coordIndex [ 
		 16, 17, 11, 10,-1,
		]
	} #IndexedFaceSet
	Material {
		ambientColor      0.0000 0.0500 0.0000  #ambientColor
		diffuseColor      0.0000 0.2000 0.0000  #diffuseColor
		transparency      0.0000                #transparency
	} #Material

	IndexedFaceSet {
		coordIndex [ 
		 18, 4, 7, 19,-1,
		 20, 21, 11, 10,-1,
		 22, 3, 0, 23,-1,
		]
	} #IndexedFaceSet
	Material {
		ambientColor      0.2500 0.2500 0.2500  #ambientColor
		diffuseColor      1.0000 1.0000 1.0000  #diffuseColor
		transparency      0.0000                #transparency
	} #Material

	IndexedFaceSet {
		coordIndex [ 
		 10, 11, 17, 16,-1,
		]
	} #IndexedFaceSet
	Material {
		ambientColor      0.0000 0.0500 0.0000  #ambientColor
		diffuseColor      0.0000 0.2000 0.0000  #diffuseColor
		transparency      0.0000                #transparency
	} #Material

	IndexedFaceSet {
		coordIndex [ 
		 5, 24, 25, 26,-1,
		 4, 5, 26, 27,-1,
		 0, 4, 27, 28,-1,
		]
	} #IndexedFaceSet
	Material {
		ambientColor      0.2088 0.2088 0.0000  #ambientColor
		diffuseColor      0.8353 0.8353 0.0000  #diffuseColor
		transparency      0.0000                #transparency
	} #Material

	IndexedFaceSet {
		coordIndex [ 
		 28, 27, 26, 25,-1,
		]
	} #IndexedFaceSet
	Material {
		ambientColor      0.0000 0.0500 0.0000  #ambientColor
		diffuseColor      0.0000 0.2000 0.0000  #diffuseColor
		transparency      0.0000                #transparency
	} #Material

	IndexedFaceSet {
		coordIndex [ 
		 26, 25, 29, 5,-1,
		 27, 26, 5, 4,-1,
		 28, 27, 4, 0,-1,
		]
	} #IndexedFaceSet
	Material {
		ambientColor      0.2088 0.2088 0.0000  #ambientColor
		diffuseColor      0.8353 0.8353 0.0000  #diffuseColor
		transparency      0.0000                #transparency
	} #Material

	IndexedFaceSet {
		coordIndex [ 
		 25, 26, 27, 28,-1,
		]
	} #IndexedFaceSet
	Material {
		ambientColor      0.0000 0.0500 0.0000  #ambientColor
		diffuseColor      0.0000 0.2000 0.0000  #diffuseColor
		transparency      0.0000                #transparency
	} #Material

	IndexedFaceSet {
		coordIndex [ 
		 30, 2, 1, 31,-1,
		 32, 5, 6, 33,-1,
		 34, 35, 36, 37,-1,
		]
	} #IndexedFaceSet
	Material {
		ambientColor      0.2500 0.2500 0.2500  #ambientColor
		diffuseColor      1.0000 1.0000 1.0000  #diffuseColor
		transparency      0.0000                #transparency
	} #Material

	IndexedFaceSet {
		coordIndex [ 
		 38, 39, 37, 36,-1,
		]
	} #IndexedFaceSet
	Material {
		ambientColor      0.0000 0.0500 0.0000  #ambientColor
		diffuseColor      0.0000 0.2000 0.0000  #diffuseColor
		transparency      0.0000                #transparency
	} #Material

	IndexedFaceSet {
		coordIndex [ 
		 40, 1, 2, 41,-1,
		 42, 6, 5, 43,-1,
		 37, 36, 44, 45,-1,
		]
	} #IndexedFaceSet
	Material {
		ambientColor      0.2500 0.2500 0.2500  #ambientColor
		diffuseColor      1.0000 1.0000 1.0000  #diffuseColor
		transparency      0.0000                #transparency
	} #Material

	IndexedFaceSet {
		coordIndex [ 
		 36, 37, 39, 38,-1,
		]
	} #IndexedFaceSet
	Material {
		ambientColor      0.0696 0.0000 0.0000  #ambientColor
		diffuseColor      0.2784 0.0000 0.0000  #diffuseColor
		transparency      0.0000                #transparency
	} #Material

	IndexedFaceSet {
		coordIndex [ 
		 46, 6, 7, 47,-1,
		 48, 3, 2, 49,-1,
		]
	} #IndexedFaceSet
	Material {
		ambientColor      0.2500 0.2500 0.2500  #ambientColor
		diffuseColor      1.0000 1.0000 1.0000  #diffuseColor
		transparency      0.0000                #transparency
	} #Material

	IndexedFaceSet {
		coordIndex [ 
		 50, 51, 52, 53,-1,
		]
	} #IndexedFaceSet
	Material {
		ambientColor      0.0696 0.0000 0.0000  #ambientColor
		diffuseColor      0.2784 0.0000 0.0000  #diffuseColor
		transparency      0.0000                #transparency
	} #Material

	IndexedFaceSet {
		coordIndex [ 
		 54, 7, 6, 55,-1,
		 56, 2, 3, 57,-1,
		]
	} #IndexedFaceSet
	Material {
		ambientColor      0.2500 0.2500 0.2500  #ambientColor
		diffuseColor      1.0000 1.0000 1.0000  #diffuseColor
		transparency      0.0000                #transparency
	} #Material

	IndexedFaceSet {
		coordIndex [ 
		 53, 52, 51, 50,-1,
		]
	} #IndexedFaceSet
	Material {
		ambientColor      0.0000 0.0500 0.0000  #ambientColor
		diffuseColor      0.0000 0.2000 0.0000  #diffuseColor
		transparency      0.0000                #transparency
	} #Material

	IndexedFaceSet {
		coordIndex [ 
		 7, 6, 5, 4,-1,
		 4, 5, 6, 7,-1,
		]
	} #IndexedFaceSet
} #Polyhedron
Separator { #Polyhedron
	DEF COORD17 Coordinate3 {
		point [
		 -1.9638 1.1512 -3.5763,
		 -1.7134 1.2679 -3.4475,
		 -1.8107 1.2225 -3.2173,
		 -2.0611 1.1058 -3.3461,
		 -1.9531 1.1281 -3.5763,
		 -1.7027 1.2449 -3.4475,
		 -1.8000 1.1995 -3.2173,
		 -2.0504 1.0828 -3.3461,
		 -1.9625 1.1483 -3.5763,
		 -1.9700 1.1483 -3.5617,
		 -2.0442 1.0857 -3.3608,
		 -1.9544 1.1310 -3.5763,
		 -2.0517 1.0857 -3.3462,
		 -2.0517 1.0857 -3.3461,
		 -2.0442 1.0857 -3.3608,
		 -1.9700 1.1483 -3.5617,
		 -2.0598 1.1029 -3.3461,
		 -2.0598 1.1029 -3.3462,
		 -1.9625 1.1483 -3.5763,
		 -1.9544 1.1310 -3.5763,
		 -1.9700 1.1483 -3.5617,
		 -1.9625 1.1483 -3.5763,
		 -1.9544 1.1310 -3.5763,
		 -2.0442 1.0857 -3.3608,
		 -2.0442 1.0857 -3.3608,
		 -2.0517 1.0857 -3.3461,
		 -2.0598 1.1029 -3.3461,
		 -1.9700 1.1483 -3.5617,
		 -1.9622 1.1476 -3.5763,
		 -1.9114 1.1476 -3.5549,
		 -1.7552 1.2484 -3.4690,
		 -1.7444 1.2254 -3.4690,
		 -1.7444 1.2254 -3.4690,
		 -1.7044 1.2484 -3.4475,
		 -1.7044 1.2484 -3.4475,
		 -1.7552 1.2484 -3.4690,
		 -1.9114 1.1476 -3.5549,
		 -1.9221 1.1706 -3.5549,
		 -1.9221 1.1706 -3.5549,
		 -1.9622 1.1476 -3.5763,
		 -1.9114 1.1476 -3.5549,
		 -1.9622 1.1476 -3.5763,
		 -1.7044 1.2484 -3.4475,
		 -1.7444 1.2254 -3.4690,
		 -1.7552 1.2484 -3.4690,
		 -1.7044 1.2484 -3.4475,
		 -1.9622 1.1476 -3.5763,
		 -1.9221 1.1706 -3.5549,
		 -1.7938 1.2024 -3.2319,
		 -1.8014 1.2024 -3.2173,
		 -1.7133 1.2644 -3.4447,
		 -1.8094 1.2196 -3.2173,
		 -1.7208 1.2644 -3.4300,
		 -1.7208 1.2644 -3.4300,
		 -1.7118 1.2644 -3.4475,
		 -1.7053 1.2472 -3.4447,
		 -1.7038 1.2472 -3.4475,
		 -1.8014 1.2024 -3.2173,
		 -1.7938 1.2024 -3.2319,
		 -1.8094 1.2196 -3.2173,
		 -1.8014 1.2024 -3.2173,
		 -1.7938 1.2024 -3.2319,
		 -1.7208 1.2644 -3.4300,
		 -1.8094 1.2196 -3.2173,
		 -1.7118 1.2644 -3.4475,
		 -1.7208 1.2644 -3.4300,
		 -1.7038 1.2472 -3.4475,
		 -1.7938 1.2024 -3.2319,
		 -1.8169 1.2196 -3.2205,
		 -1.8094 1.2196 -3.2173,
		 -2.0598 1.1029 -3.3461,
		 -1.8094 1.2196 -3.2173,
		 -2.0442 1.0857 -3.3430,
		 -2.0517 1.0857 -3.3461,
		 -1.8013 1.2024 -3.2173,
		 -2.0517 1.0857 -3.3461,
		 -1.8014 1.2024 -3.2173,
		 -2.0598 1.1029 -3.3461,
		 -1.8094 1.2196 -3.2173,
		 -1.8169 1.2196 -3.2205,
		 -2.0598 1.1029 -3.3461,
		 -2.0517 1.0857 -3.3461,
		 -2.0442 1.0857 -3.3430,
		 -1.8013 1.2024 -3.2173
		]
	} #Coordinate3
	Material {
		ambientColor      0.0412 0.0412 0.0412  #ambientColor
		diffuseColor      0.1647 0.1647 0.1647  #diffuseColor
		transparency      0.0000                #transparency
	} #Material

	IndexedFaceSet {
		coordIndex [ 
		 0, 1, 2, 3,-1,
		 3, 2, 1, 0,-1,
		 8, 0, 9,-1,
		 10, 4, 11, 12,-1,
		 13, 7, 14,-1,
		 15, 3, 16, 17, 18,-1,
		]
	} #IndexedFaceSet
	Material {
		ambientColor      0.2500 0.2500 0.2500  #ambientColor
		diffuseColor      1.0000 1.0000 1.0000  #diffuseColor
		transparency      0.0000                #transparency
	} #Material

	IndexedFaceSet {
		coordIndex [ 
		 17, 12, 19, 18,-1,
		]
	} #IndexedFaceSet
	Material {
		ambientColor      0.0412 0.0412 0.0412  #ambientColor
		diffuseColor      0.1647 0.1647 0.1647  #diffuseColor
		transparency      0.0000                #transparency
	} #Material

	IndexedFaceSet {
		coordIndex [ 
		 20, 0, 21,-1,
		 12, 22, 4, 23,-1,
		 24, 7, 25,-1,
		 18, 17, 26, 3, 27,-1,
		]
	} #IndexedFaceSet
	Material {
		ambientColor      0.2500 0.2500 0.2500  #ambientColor
		diffuseColor      1.0000 1.0000 1.0000  #diffuseColor
		transparency      0.0000                #transparency
	} #Material

	IndexedFaceSet {
		coordIndex [ 
		 18, 19, 12, 17,-1,
		]
	} #IndexedFaceSet
	Material {
		ambientColor      0.0412 0.0412 0.0412  #ambientColor
		diffuseColor      0.1647 0.1647 0.1647  #diffuseColor
		transparency      0.0000                #transparency
	} #Material

	IndexedFaceSet {
		coordIndex [ 
		 28, 4, 29,-1,
		 30, 31, 32, 5, 33,-1,
		 34, 1, 35,-1,
		 36, 37, 38, 0, 39,-1,
		]
	} #IndexedFaceSet
	Material {
		ambientColor      0.2500 0.2500 0.2500  #ambientColor
		diffuseColor      1.0000 1.0000 1.0000  #diffuseColor
		transparency      0.0000                #transparency
	} #Material

	IndexedFaceSet {
		coordIndex [ 
		 37, 36, 31, 30,-1,
		]
	} #IndexedFaceSet
	Material {
		ambientColor      0.0412 0.0412 0.0412  #ambientColor
		diffuseColor      0.1647 0.1647 0.1647  #diffuseColor
		transparency      0.0000                #transparency
	} #Material

	IndexedFaceSet {
		coordIndex [ 
		 40, 4, 41,-1,
		 42, 5, 43, 31, 30,-1,
		 44, 1, 45,-1,
		 46, 0, 47, 37, 36,-1,
		]
	} #IndexedFaceSet
	Material {
		ambientColor      0.2500 0.2500 0.2500  #ambientColor
		diffuseColor      1.0000 1.0000 1.0000  #diffuseColor
		transparency      0.0000                #transparency
	} #Material

	IndexedFaceSet {
		coordIndex [ 
		 30, 31, 36, 37,-1,
		]
	} #IndexedFaceSet
	Material {
		ambientColor      0.0412 0.0412 0.0412  #ambientColor
		diffuseColor      0.1647 0.1647 0.1647  #diffuseColor
		transparency      0.0000                #transparency
	} #Material

	IndexedFaceSet {
		coordIndex [ 
		 48, 6, 49,-1,
		 50, 51, 2, 52,-1,
		 53, 1, 54,-1,
		 55, 50, 54, 56,-1,
		 57, 55, 56, 5, 58,-1,
		]
	} #IndexedFaceSet
	Material {
		ambientColor      0.2500 0.2500 0.2500  #ambientColor
		diffuseColor      1.0000 1.0000 1.0000  #diffuseColor
		transparency      0.0000                #transparency
	} #Material

	IndexedFaceSet {
		coordIndex [ 
		 50, 55, 57, 59,-1,
		]
	} #IndexedFaceSet
	Material {
		ambientColor      0.0412 0.0412 0.0412  #ambientColor
		diffuseColor      0.1647 0.1647 0.1647  #diffuseColor
		transparency      0.0000                #transparency
	} #Material

	IndexedFaceSet {
		coordIndex [ 
		 60, 6, 61,-1,
		 62, 2, 63, 50,-1,
		 64, 1, 65,-1,
		 66, 64, 50, 55,-1,
		 67, 5, 66, 55, 57,-1,
		]
	} #IndexedFaceSet
	Material {
		ambientColor      0.2500 0.2500 0.2500  #ambientColor
		diffuseColor      1.0000 1.0000 1.0000  #diffuseColor
		transparency      0.0000                #transparency
	} #Material

	IndexedFaceSet {
		coordIndex [ 
		 59, 57, 55, 50,-1,
		]
	} #IndexedFaceSet
	Material {
		ambientColor      0.0412 0.0412 0.0412  #ambientColor
		diffuseColor      0.1647 0.1647 0.1647  #diffuseColor
		transparency      0.0000                #transparency
	} #Material

	IndexedFaceSet {
		coordIndex [ 
		 68, 2, 69,-1,
		 70, 3, 68, 71,-1,
		 72, 7, 73,-1,
		 74, 6, 72, 75, 76,-1,
		]
	} #IndexedFaceSet
	Material {
		ambientColor      0.2500 0.2500 0.2500  #ambientColor
		diffuseColor      1.0000 1.0000 1.0000  #diffuseColor
		transparency      0.0000                #transparency
	} #Material

	IndexedFaceSet {
		coordIndex [ 
		 71, 76, 75, 77,-1,
		]
	} #IndexedFaceSet
	Material {
		ambientColor      0.0412 0.0412 0.0412  #ambientColor
		diffuseColor      0.1647 0.1647 0.1647  #diffuseColor
		transparency      0.0000                #transparency
	} #Material

	IndexedFaceSet {
		coordIndex [ 
		 78, 2, 79,-1,
		 71, 79, 3, 80,-1,
		 81, 7, 82,-1,
		 76, 75, 82, 6, 83,-1,
		]
	} #IndexedFaceSet
	Material {
		ambientColor      0.2500 0.2500 0.2500  #ambientColor
		diffuseColor      1.0000 1.0000 1.0000  #diffuseColor
		transparency      0.0000                #transparency
	} #Material

	IndexedFaceSet {
		coordIndex [ 
		 77, 75, 76, 71,-1,
		]
	} #IndexedFaceSet
	Material {
		ambientColor      0.0412 0.0412 0.0412  #ambientColor
		diffuseColor      0.1647 0.1647 0.1647  #diffuseColor
		transparency      0.0000                #transparency
	} #Material

	IndexedFaceSet {
		coordIndex [ 
		 7, 6, 5, 4,-1,
		 4, 5, 6, 7,-1,
		]
	} #IndexedFaceSet
} #Polyhedron
Separator { #Polyhedron
	DEF COORD18 Coordinate3 {
		point [
		 -1.0732 1.0795 -3.3338,
		 -1.0732 1.3335 -3.3338,
		 -1.0732 1.3335 -3.5370,
		 -1.0732 1.0795 -3.5370,
		 -1.1494 1.0795 -3.3338,
		 -1.1494 1.3335 -3.3338,
		 -1.1494 1.3335 -3.5370,
		 -1.1494 1.0795 -3.5370,
		 -1.0732 1.0795 -3.3465,
		 -1.0859 1.0795 -3.5370,
		 -1.0859 1.0795 -3.3465,
		 -1.1494 1.0795 -3.3465,
		 -1.0732 1.0795 -3.3465,
		 -1.1367 1.0795 -3.3465,
		 -1.1367 1.0795 -3.5370,
		 -1.0732 1.0795 -3.3465,
		 -1.0732 1.0795 -3.3465,
		 -1.1494 1.0795 -3.3465,
		 -1.1494 1.2954 -3.3338,
		 -1.0732 1.2954 -3.3338,
		 -1.0732 1.2700 -3.3338,
		 -1.1494 1.2700 -3.3338,
		 -1.0732 1.2700 -3.3338,
		 -1.1494 1.2700 -3.3338,
		 -1.1494 1.2954 -3.3338,
		 -1.0732 1.2954 -3.3338,
		 -1.0732 1.2954 -3.3338,
		 -1.1494 1.2954 -3.3338,
		 -1.1494 1.2700 -3.3338,
		 -1.0732 1.2700 -3.3338,
		 -1.0732 1.3335 -3.3465,
		 -1.1494 1.3335 -3.3465,
		 -1.1367 1.3335 -3.5370,
		 -1.1367 1.3335 -3.3465,
		 -1.1494 1.3335 -3.3465,
		 -1.0859 1.3335 -3.3465,
		 -1.0859 1.3335 -3.5370,
		 -1.0732 1.3335 -3.5370,
		 -1.0732 1.3335 -3.3465,
		 -1.1494 1.3335 -3.3465,
		 -1.0732 1.3335 -3.3465,
		 -1.1494 1.3335 -3.3465,
		 -1.0732 1.3335 -3.3465,
		 -1.0732 1.3335 -3.5370,
		 -1.0859 1.3335 -3.5370,
		 -1.0859 1.0795 -3.5370,
		 -1.0732 1.0795 -3.5370,
		 -1.1494 1.3335 -3.5370,
		 -1.1367 1.0795 -3.5370,
		 -1.1367 1.3335 -3.5370,
		 -1.0732 1.0795 -3.5370,
		 -1.1494 1.3335 -3.5370
		]
	} #Coordinate3
	Material {
		ambientColor      0.0696 0.0000 0.0000  #ambientColor
		diffuseColor      0.2784 0.0000 0.0000  #diffuseColor
		transparency      0.0000                #transparency
	} #Material

	IndexedFaceSet {
		coordIndex [ 
		 0, 1, 2, 3,-1,
		 3, 2, 1, 0,-1,
		 8, 3, 9, 10,-1,
		 11, 4, 0, 12,-1,
		 7, 11, 13, 14,-1,
		]
	} #IndexedFaceSet
	Material {
		ambientColor      0.2500 0.2500 0.2500  #ambientColor
		diffuseColor      1.0000 1.0000 1.0000  #diffuseColor
		transparency      0.0000                #transparency
	} #Material

	IndexedFaceSet {
		coordIndex [ 
		 9, 14, 13, 10,-1,
		]
	} #IndexedFaceSet
	Material {
		ambientColor      0.0696 0.0000 0.0000  #ambientColor
		diffuseColor      0.2784 0.0000 0.0000  #diffuseColor
		transparency      0.0000                #transparency
	} #Material

	IndexedFaceSet {
		coordIndex [ 
		 10, 9, 3, 15,-1,
		 16, 0, 4, 17,-1,
		 14, 13, 17, 7,-1,
		]
	} #IndexedFaceSet
	Material {
		ambientColor      0.2500 0.2500 0.2500  #ambientColor
		diffuseColor      1.0000 1.0000 1.0000  #diffuseColor
		transparency      0.0000                #transparency
	} #Material

	IndexedFaceSet {
		coordIndex [ 
		 10, 13, 14, 9,-1,
		]
	} #IndexedFaceSet
	Material {
		ambientColor      0.0696 0.0000 0.0000  #ambientColor
		diffuseColor      0.2784 0.0000 0.0000  #diffuseColor
		transparency      0.0000                #transparency
	} #Material

	IndexedFaceSet {
		coordIndex [ 
		 18, 5, 1, 19,-1,
		 20, 0, 4, 21,-1,
		]
	} #IndexedFaceSet
	Material {
		ambientColor      0.2088 0.2088 0.0000  #ambientColor
		diffuseColor      0.8353 0.8353 0.0000  #diffuseColor
		transparency      0.0000                #transparency
	} #Material

	IndexedFaceSet {
		coordIndex [ 
		 22, 23, 24, 25,-1,
		]
	} #IndexedFaceSet
	Material {
		ambientColor      0.0696 0.0000 0.0000  #ambientColor
		diffuseColor      0.2784 0.0000 0.0000  #diffuseColor
		transparency      0.0000                #transparency
	} #Material

	IndexedFaceSet {
		coordIndex [ 
		 26, 1, 5, 27,-1,
		 28, 4, 0, 29,-1,
		]
	} #IndexedFaceSet
	Material {
		ambientColor      0.2088 0.2088 0.0000  #ambientColor
		diffuseColor      0.8353 0.8353 0.0000  #diffuseColor
		transparency      0.0000                #transparency
	} #Material

	IndexedFaceSet {
		coordIndex [ 
		 25, 24, 23, 22,-1,
		]
	} #IndexedFaceSet
	Material {
		ambientColor      0.0696 0.0000 0.0000  #ambientColor
		diffuseColor      0.2784 0.0000 0.0000  #diffuseColor
		transparency      0.0000                #transparency
	} #Material

	IndexedFaceSet {
		coordIndex [ 
		 30, 1, 5, 31,-1,
		 32, 33, 34, 6,-1,
		 35, 36, 37, 38,-1,
		]
	} #IndexedFaceSet
	Material {
		ambientColor      0.2500 0.2500 0.2500  #ambientColor
		diffuseColor      1.0000 1.0000 1.0000  #diffuseColor
		transparency      0.0000                #transparency
	} #Material

	IndexedFaceSet {
		coordIndex [ 
		 32, 36, 35, 33,-1,
		]
	} #IndexedFaceSet
	Material {
		ambientColor      0.0696 0.0000 0.0000  #ambientColor
		diffuseColor      0.2784 0.0000 0.0000  #diffuseColor
		transparency      0.0000                #transparency
	} #Material

	IndexedFaceSet {
		coordIndex [ 
		 39, 5, 1, 40,-1,
		 6, 41, 33, 32,-1,
		 42, 43, 36, 35,-1,
		]
	} #IndexedFaceSet
	Material {
		ambientColor      0.2500 0.2500 0.2500  #ambientColor
		diffuseColor      1.0000 1.0000 1.0000  #diffuseColor
		transparency      0.0000                #transparency
	} #Material

	IndexedFaceSet {
		coordIndex [ 
		 33, 35, 36, 32,-1,
		]
	} #IndexedFaceSet
	Material {
		ambientColor      0.0696 0.0000 0.0000  #ambientColor
		diffuseColor      0.2784 0.0000 0.0000  #diffuseColor
		transparency      0.0000                #transparency
	} #Material

	IndexedFaceSet {
		coordIndex [ 
		 44, 45, 46, 2,-1,
		 44, 6, 47,-1,
		 48, 49, 47, 7,-1,
		]
	} #IndexedFaceSet
	Material {
		ambientColor      0.2500 0.2500 0.2500  #ambientColor
		diffuseColor      1.0000 1.0000 1.0000  #diffuseColor
		transparency      0.0000                #transparency
	} #Material

	IndexedFaceSet {
		coordIndex [ 
		 48, 45, 44, 49,-1,
		]
	} #IndexedFaceSet
	Material {
		ambientColor      0.0696 0.0000 0.0000  #ambientColor
		diffuseColor      0.2784 0.0000 0.0000  #diffuseColor
		transparency      0.0000                #transparency
	} #Material

	IndexedFaceSet {
		coordIndex [ 
		 2, 50, 45, 44,-1,
		 51, 6, 44,-1,
		 7, 51, 49, 48,-1,
		]
	} #IndexedFaceSet
	Material {
		ambientColor      0.2500 0.2500 0.2500  #ambientColor
		diffuseColor      1.0000 1.0000 1.0000  #diffuseColor
		transparency      0.0000                #transparency
	} #Material

	IndexedFaceSet {
		coordIndex [ 
		 49, 44, 45, 48,-1,
		]
	} #IndexedFaceSet
	Material {
		ambientColor      0.0696 0.0000 0.0000  #ambientColor
		diffuseColor      0.2784 0.0000 0.0000  #diffuseColor
		transparency      0.0000                #transparency
	} #Material

	IndexedFaceSet {
		coordIndex [ 
		 7, 6, 5, 4,-1,
		 4, 5, 6, 7,-1,
		]
	} #IndexedFaceSet
} #Polyhedron
Separator { #Polyhedron
	DEF COORD19 Coordinate3 {
		point [
		 -1.1494 1.0795 -3.3338,
		 -1.1494 1.3335 -3.3338,
		 -1.1494 1.3335 -3.5370,
		 -1.1494 1.0795 -3.5370,
		 -1.2256 1.0795 -3.3338,
		 -1.2256 1.3335 -3.3338,
		 -1.2256 1.3335 -3.5370,
		 -1.2256 1.0795 -3.5370,
		 -1.1494 1.0795 -3.3465,
		 -1.1621 1.0795 -3.5370,
		 -1.1621 1.0795 -3.3465,
		 -1.2256 1.0795 -3.3465,
		 -1.1494 1.0795 -3.3465,
		 -1.2129 1.0795 -3.3465,
		 -1.2129 1.0795 -3.5370,
		 -1.1494 1.0795 -3.3465,
		 -1.1494 1.0795 -3.3465,
		 -1.2256 1.0795 -3.3465,
		 -1.2256 1.2954 -3.3338,
		 -1.1494 1.2954 -3.3338,
		 -1.1494 1.2700 -3.3338,
		 -1.2256 1.2700 -3.3338,
		 -1.1494 1.2700 -3.3338,
		 -1.2256 1.2700 -3.3338,
		 -1.2256 1.2954 -3.3338,
		 -1.1494 1.2954 -3.3338,
		 -1.1494 1.2954 -3.3338,
		 -1.2256 1.2954 -3.3338,
		 -1.2256 1.2700 -3.3338,
		 -1.1494 1.2700 -3.3338,
		 -1.1494 1.3335 -3.3465,
		 -1.2256 1.3335 -3.3465,
		 -1.2129 1.3335 -3.5370,
		 -1.2129 1.3335 -3.3465,
		 -1.2256 1.3335 -3.3465,
		 -1.1621 1.3335 -3.3465,
		 -1.1621 1.3335 -3.5370,
		 -1.1494 1.3335 -3.5370,
		 -1.1494 1.3335 -3.3465,
		 -1.2256 1.3335 -3.3465,
		 -1.1494 1.3335 -3.3465,
		 -1.2256 1.3335 -3.3465,
		 -1.1494 1.3335 -3.3465,
		 -1.1494 1.3335 -3.5370,
		 -1.1621 1.3335 -3.5370,
		 -1.1621 1.0795 -3.5370,
		 -1.1494 1.0795 -3.5370,
		 -1.2256 1.3335 -3.5370,
		 -1.2129 1.0795 -3.5370,
		 -1.2129 1.3335 -3.5370,
		 -1.1494 1.0795 -3.5370,
		 -1.2256 1.3335 -3.5370
		]
	} #Coordinate3
	Material {
		ambientColor      0.0696 0.0000 0.0000  #ambientColor
		diffuseColor      0.2784 0.0000 0.0000  #diffuseColor
		transparency      0.0000                #transparency
	} #Material

	IndexedFaceSet {
		coordIndex [ 
		 0, 1, 2, 3,-1,
		 3, 2, 1, 0,-1,
		 8, 3, 9, 10,-1,
		 11, 4, 0, 12,-1,
		 7, 11, 13, 14,-1,
		]
	} #IndexedFaceSet
	Material {
		ambientColor      0.2500 0.2500 0.2500  #ambientColor
		diffuseColor      1.0000 1.0000 1.0000  #diffuseColor
		transparency      0.0000                #transparency
	} #Material

	IndexedFaceSet {
		coordIndex [ 
		 9, 14, 13, 10,-1,
		]
	} #IndexedFaceSet
	Material {
		ambientColor      0.0696 0.0000 0.0000  #ambientColor
		diffuseColor      0.2784 0.0000 0.0000  #diffuseColor
		transparency      0.0000                #transparency
	} #Material

	IndexedFaceSet {
		coordIndex [ 
		 10, 9, 3, 15,-1,
		 16, 0, 4, 17,-1,
		 14, 13, 17, 7,-1,
		]
	} #IndexedFaceSet
	Material {
		ambientColor      0.2500 0.2500 0.2500  #ambientColor
		diffuseColor      1.0000 1.0000 1.0000  #diffuseColor
		transparency      0.0000                #transparency
	} #Material

	IndexedFaceSet {
		coordIndex [ 
		 10, 13, 14, 9,-1,
		]
	} #IndexedFaceSet
	Material {
		ambientColor      0.0696 0.0000 0.0000  #ambientColor
		diffuseColor      0.2784 0.0000 0.0000  #diffuseColor
		transparency      0.0000                #transparency
	} #Material

	IndexedFaceSet {
		coordIndex [ 
		 18, 5, 1, 19,-1,
		 20, 0, 4, 21,-1,
		]
	} #IndexedFaceSet
	Material {
		ambientColor      0.2088 0.2088 0.0000  #ambientColor
		diffuseColor      0.8353 0.8353 0.0000  #diffuseColor
		transparency      0.0000                #transparency
	} #Material

	IndexedFaceSet {
		coordIndex [ 
		 22, 23, 24, 25,-1,
		]
	} #IndexedFaceSet
	Material {
		ambientColor      0.0696 0.0000 0.0000  #ambientColor
		diffuseColor      0.2784 0.0000 0.0000  #diffuseColor
		transparency      0.0000                #transparency
	} #Material

	IndexedFaceSet {
		coordIndex [ 
		 26, 1, 5, 27,-1,
		 28, 4, 0, 29,-1,
		]
	} #IndexedFaceSet
	Material {
		ambientColor      0.2088 0.2088 0.0000  #ambientColor
		diffuseColor      0.8353 0.8353 0.0000  #diffuseColor
		transparency      0.0000                #transparency
	} #Material

	IndexedFaceSet {
		coordIndex [ 
		 25, 24, 23, 22,-1,
		]
	} #IndexedFaceSet
	Material {
		ambientColor      0.0696 0.0000 0.0000  #ambientColor
		diffuseColor      0.2784 0.0000 0.0000  #diffuseColor
		transparency      0.0000                #transparency
	} #Material

	IndexedFaceSet {
		coordIndex [ 
		 30, 1, 5, 31,-1,
		 32, 33, 34, 6,-1,
		 35, 36, 37, 38,-1,
		]
	} #IndexedFaceSet
	Material {
		ambientColor      0.2500 0.2500 0.2500  #ambientColor
		diffuseColor      1.0000 1.0000 1.0000  #diffuseColor
		transparency      0.0000                #transparency
	} #Material

	IndexedFaceSet {
		coordIndex [ 
		 32, 36, 35, 33,-1,
		]
	} #IndexedFaceSet
	Material {
		ambientColor      0.0696 0.0000 0.0000  #ambientColor
		diffuseColor      0.2784 0.0000 0.0000  #diffuseColor
		transparency      0.0000                #transparency
	} #Material

	IndexedFaceSet {
		coordIndex [ 
		 39, 5, 1, 40,-1,
		 6, 41, 33, 32,-1,
		 42, 43, 36, 35,-1,
		]
	} #IndexedFaceSet
	Material {
		ambientColor      0.2500 0.2500 0.2500  #ambientColor
		diffuseColor      1.0000 1.0000 1.0000  #diffuseColor
		transparency      0.0000                #transparency
	} #Material

	IndexedFaceSet {
		coordIndex [ 
		 33, 35, 36, 32,-1,
		]
	} #IndexedFaceSet
	Material {
		ambientColor      0.0696 0.0000 0.0000  #ambientColor
		diffuseColor      0.2784 0.0000 0.0000  #diffuseColor
		transparency      0.0000                #transparency
	} #Material

	IndexedFaceSet {
		coordIndex [ 
		 44, 45, 46, 2,-1,
		 44, 6, 47,-1,
		 48, 49, 47, 7,-1,
		]
	} #IndexedFaceSet
	Material {
		ambientColor      0.2500 0.2500 0.2500  #ambientColor
		diffuseColor      1.0000 1.0000 1.0000  #diffuseColor
		transparency      0.0000                #transparency
	} #Material

	IndexedFaceSet {
		coordIndex [ 
		 48, 45, 44, 49,-1,
		]
	} #IndexedFaceSet
	Material {
		ambientColor      0.0696 0.0000 0.0000  #ambientColor
		diffuseColor      0.2784 0.0000 0.0000  #diffuseColor
		transparency      0.0000                #transparency
	} #Material

	IndexedFaceSet {
		coordIndex [ 
		 2, 50, 45, 44,-1,
		 51, 6, 44,-1,
		 7, 51, 49, 48,-1,
		]
	} #IndexedFaceSet
	Material {
		ambientColor      0.2500 0.2500 0.2500  #ambientColor
		diffuseColor      1.0000 1.0000 1.0000  #diffuseColor
		transparency      0.0000                #transparency
	} #Material

	IndexedFaceSet {
		coordIndex [ 
		 49, 44, 45, 48,-1,
		]
	} #IndexedFaceSet
	Material {
		ambientColor      0.0696 0.0000 0.0000  #ambientColor
		diffuseColor      0.2784 0.0000 0.0000  #diffuseColor
		transparency      0.0000                #transparency
	} #Material

	IndexedFaceSet {
		coordIndex [ 
		 7, 6, 5, 4,-1,
		 4, 5, 6, 7,-1,
		]
	} #IndexedFaceSet
} #Polyhedron
Separator { #Polyhedron
	DEF COORD20 Coordinate3 {
		point [
		 -0.9208 1.0795 -3.3338,
		 -0.9208 1.3335 -3.3338,
		 -0.9208 1.3335 -3.5370,
		 -0.9208 1.0795 -3.5370,
		 -0.9970 1.0795 -3.3338,
		 -0.9970 1.3335 -3.3338,
		 -0.9970 1.3335 -3.5370,
		 -0.9970 1.0795 -3.5370,
		 -0.9208 1.0795 -3.3465,
		 -0.9335 1.0795 -3.5370,
		 -0.9335 1.0795 -3.3465,
		 -0.9970 1.0795 -3.3465,
		 -0.9208 1.0795 -3.3465,
		 -0.9843 1.0795 -3.3465,
		 -0.9843 1.0795 -3.5370,
		 -0.9208 1.0795 -3.3465,
		 -0.9208 1.0795 -3.3465,
		 -0.9970 1.0795 -3.3465,
		 -0.9970 1.2954 -3.3338,
		 -0.9208 1.2954 -3.3338,
		 -0.9208 1.2700 -3.3338,
		 -0.9970 1.2700 -3.3338,
		 -0.9208 1.2700 -3.3338,
		 -0.9970 1.2700 -3.3338,
		 -0.9970 1.2954 -3.3338,
		 -0.9208 1.2954 -3.3338,
		 -0.9208 1.2954 -3.3338,
		 -0.9970 1.2954 -3.3338,
		 -0.9970 1.2700 -3.3338,
		 -0.9208 1.2700 -3.3338,
		 -0.9208 1.3335 -3.3465,
		 -0.9970 1.3335 -3.3465,
		 -0.9843 1.3335 -3.5370,
		 -0.9843 1.3335 -3.3465,
		 -0.9970 1.3335 -3.3465,
		 -0.9335 1.3335 -3.3465,
		 -0.9335 1.3335 -3.5370,
		 -0.9208 1.3335 -3.5370,
		 -0.9208 1.3335 -3.3465,
		 -0.9970 1.3335 -3.3465,
		 -0.9208 1.3335 -3.3465,
		 -0.9970 1.3335 -3.3465,
		 -0.9208 1.3335 -3.3465,
		 -0.9208 1.3335 -3.5370,
		 -0.9335 1.3335 -3.5370,
		 -0.9335 1.0795 -3.5370,
		 -0.9208 1.0795 -3.5370,
		 -0.9970 1.3335 -3.5370,
		 -0.9843 1.0795 -3.5370,
		 -0.9843 1.3335 -3.5370,
		 -0.9208 1.0795 -3.5370,
		 -0.9970 1.3335 -3.5370
		]
	} #Coordinate3
	Material {
		ambientColor      0.0696 0.0000 0.0000  #ambientColor
		diffuseColor      0.2784 0.0000 0.0000  #diffuseColor
		transparency      0.0000                #transparency
	} #Material

	IndexedFaceSet {
		coordIndex [ 
		 0, 1, 2, 3,-1,
		 3, 2, 1, 0,-1,
		 8, 3, 9, 10,-1,
		 11, 4, 0, 12,-1,
		 7, 11, 13, 14,-1,
		]
	} #IndexedFaceSet
	Material {
		ambientColor      0.2500 0.2500 0.2500  #ambientColor
		diffuseColor      1.0000 1.0000 1.0000  #diffuseColor
		transparency      0.0000                #transparency
	} #Material

	IndexedFaceSet {
		coordIndex [ 
		 9, 14, 13, 10,-1,
		]
	} #IndexedFaceSet
	Material {
		ambientColor      0.0696 0.0000 0.0000  #ambientColor
		diffuseColor      0.2784 0.0000 0.0000  #diffuseColor
		transparency      0.0000                #transparency
	} #Material

	IndexedFaceSet {
		coordIndex [ 
		 10, 9, 3, 15,-1,
		 16, 0, 4, 17,-1,
		 14, 13, 17, 7,-1,
		]
	} #IndexedFaceSet
	Material {
		ambientColor      0.2500 0.2500 0.2500  #ambientColor
		diffuseColor      1.0000 1.0000 1.0000  #diffuseColor
		transparency      0.0000                #transparency
	} #Material

	IndexedFaceSet {
		coordIndex [ 
		 10, 13, 14, 9,-1,
		]
	} #IndexedFaceSet
	Material {
		ambientColor      0.0696 0.0000 0.0000  #ambientColor
		diffuseColor      0.2784 0.0000 0.0000  #diffuseColor
		transparency      0.0000                #transparency
	} #Material

	IndexedFaceSet {
		coordIndex [ 
		 18, 5, 1, 19,-1,
		 20, 0, 4, 21,-1,
		]
	} #IndexedFaceSet
	Material {
		ambientColor      0.2088 0.2088 0.0000  #ambientColor
		diffuseColor      0.8353 0.8353 0.0000  #diffuseColor
		transparency      0.0000                #transparency
	} #Material

	IndexedFaceSet {
		coordIndex [ 
		 22, 23, 24, 25,-1,
		]
	} #IndexedFaceSet
	Material {
		ambientColor      0.0696 0.0000 0.0000  #ambientColor
		diffuseColor      0.2784 0.0000 0.0000  #diffuseColor
		transparency      0.0000                #transparency
	} #Material

	IndexedFaceSet {
		coordIndex [ 
		 26, 1, 5, 27,-1,
		 28, 4, 0, 29,-1,
		]
	} #IndexedFaceSet
	Material {
		ambientColor      0.2088 0.2088 0.0000  #ambientColor
		diffuseColor      0.8353 0.8353 0.0000  #diffuseColor
		transparency      0.0000                #transparency
	} #Material

	IndexedFaceSet {
		coordIndex [ 
		 25, 24, 23, 22,-1,
		]
	} #IndexedFaceSet
	Material {
		ambientColor      0.0696 0.0000 0.0000  #ambientColor
		diffuseColor      0.2784 0.0000 0.0000  #diffuseColor
		transparency      0.0000                #transparency
	} #Material

	IndexedFaceSet {
		coordIndex [ 
		 30, 1, 5, 31,-1,
		 32, 33, 34, 6,-1,
		 35, 36, 37, 38,-1,
		]
	} #IndexedFaceSet
	Material {
		ambientColor      0.2500 0.2500 0.2500  #ambientColor
		diffuseColor      1.0000 1.0000 1.0000  #diffuseColor
		transparency      0.0000                #transparency
	} #Material

	IndexedFaceSet {
		coordIndex [ 
		 32, 36, 35, 33,-1,
		]
	} #IndexedFaceSet
	Material {
		ambientColor      0.0696 0.0000 0.0000  #ambientColor
		diffuseColor      0.2784 0.0000 0.0000  #diffuseColor
		transparency      0.0000                #transparency
	} #Material

	IndexedFaceSet {
		coordIndex [ 
		 39, 5, 1, 40,-1,
		 6, 41, 33, 32,-1,
		 42, 43, 36, 35,-1,
		]
	} #IndexedFaceSet
	Material {
		ambientColor      0.2500 0.2500 0.2500  #ambientColor
		diffuseColor      1.0000 1.0000 1.0000  #diffuseColor
		transparency      0.0000                #transparency
	} #Material

	IndexedFaceSet {
		coordIndex [ 
		 33, 35, 36, 32,-1,
		]
	} #IndexedFaceSet
	Material {
		ambientColor      0.0696 0.0000 0.0000  #ambientColor
		diffuseColor      0.2784 0.0000 0.0000  #diffuseColor
		transparency      0.0000                #transparency
	} #Material

	IndexedFaceSet {
		coordIndex [ 
		 44, 45, 46, 2,-1,
		 44, 6, 47,-1,
		 48, 49, 47, 7,-1,
		]
	} #IndexedFaceSet
	Material {
		ambientColor      0.2500 0.2500 0.2500  #ambientColor
		diffuseColor      1.0000 1.0000 1.0000  #diffuseColor
		transparency      0.0000                #transparency
	} #Material

	IndexedFaceSet {
		coordIndex [ 
		 48, 45, 44, 49,-1,
		]
	} #IndexedFaceSet
	Material {
		ambientColor      0.0696 0.0000 0.0000  #ambientColor
		diffuseColor      0.2784 0.0000 0.0000  #diffuseColor
		transparency      0.0000                #transparency
	} #Material

	IndexedFaceSet {
		coordIndex [ 
		 2, 50, 45, 44,-1,
		 51, 6, 44,-1,
		 7, 51, 49, 48,-1,
		]
	} #IndexedFaceSet
	Material {
		ambientColor      0.2500 0.2500 0.2500  #ambientColor
		diffuseColor      1.0000 1.0000 1.0000  #diffuseColor
		transparency      0.0000                #transparency
	} #Material

	IndexedFaceSet {
		coordIndex [ 
		 49, 44, 45, 48,-1,
		]
	} #IndexedFaceSet
	Material {
		ambientColor      0.0696 0.0000 0.0000  #ambientColor
		diffuseColor      0.2784 0.0000 0.0000  #diffuseColor
		transparency      0.0000                #transparency
	} #Material

	IndexedFaceSet {
		coordIndex [ 
		 7, 6, 5, 4,-1,
		 4, 5, 6, 7,-1,
		]
	} #IndexedFaceSet
} #Polyhedron
Separator { #Polyhedron
	DEF COORD21 Coordinate3 {
		point [
		 -0.9970 1.0795 -3.3338,
		 -0.9970 1.3335 -3.3338,
		 -0.9970 1.3335 -3.5370,
		 -0.9970 1.0795 -3.5370,
		 -1.0732 1.0795 -3.3338,
		 -1.0732 1.3335 -3.3338,
		 -1.0732 1.3335 -3.5370,
		 -1.0732 1.0795 -3.5370,
		 -0.9970 1.0795 -3.3465,
		 -1.0097 1.0795 -3.5370,
		 -1.0097 1.0795 -3.3465,
		 -1.0732 1.0795 -3.3465,
		 -0.9970 1.0795 -3.3465,
		 -1.0605 1.0795 -3.3465,
		 -1.0605 1.0795 -3.5370,
		 -0.9970 1.0795 -3.3465,
		 -0.9970 1.0795 -3.3465,
		 -1.0732 1.0795 -3.3465,
		 -1.0732 1.2954 -3.3338,
		 -0.9970 1.2954 -3.3338,
		 -0.9970 1.2700 -3.3338,
		 -1.0732 1.2700 -3.3338,
		 -0.9970 1.2700 -3.3338,
		 -1.0732 1.2700 -3.3338,
		 -1.0732 1.2954 -3.3338,
		 -0.9970 1.2954 -3.3338,
		 -0.9970 1.2954 -3.3338,
		 -1.0732 1.2954 -3.3338,
		 -1.0732 1.2700 -3.3338,
		 -0.9970 1.2700 -3.3338,
		 -0.9970 1.3335 -3.3465,
		 -1.0732 1.3335 -3.3465,
		 -1.0605 1.3335 -3.5370,
		 -1.0605 1.3335 -3.3465,
		 -1.0732 1.3335 -3.3465,
		 -1.0097 1.3335 -3.3465,
		 -1.0097 1.3335 -3.5370,
		 -0.9970 1.3335 -3.5370,
		 -0.9970 1.3335 -3.3465,
		 -1.0732 1.3335 -3.3465,
		 -0.9970 1.3335 -3.3465,
		 -1.0732 1.3335 -3.3465,
		 -0.9970 1.3335 -3.3465,
		 -0.9970 1.3335 -3.5370,
		 -1.0097 1.3335 -3.5370,
		 -1.0097 1.0795 -3.5370,
		 -0.9970 1.0795 -3.5370,
		 -1.0732 1.3335 -3.5370,
		 -1.0605 1.0795 -3.5370,
		 -1.0605 1.3335 -3.5370,
		 -0.9970 1.0795 -3.5370,
		 -1.0732 1.3335 -3.5370
		]
	} #Coordinate3
	Material {
		ambientColor      0.0696 0.0000 0.0000  #ambientColor
		diffuseColor      0.2784 0.0000 0.0000  #diffuseColor
		transparency      0.0000                #transparency
	} #Material

	IndexedFaceSet {
		coordIndex [ 
		 0, 1, 2, 3,-1,
		 3, 2, 1, 0,-1,
		 8, 3, 9, 10,-1,
		 11, 4, 0, 12,-1,
		 7, 11, 13, 14,-1,
		]
	} #IndexedFaceSet
	Material {
		ambientColor      0.2500 0.2500 0.2500  #ambientColor
		diffuseColor      1.0000 1.0000 1.0000  #diffuseColor
		transparency      0.0000                #transparency
	} #Material

	IndexedFaceSet {
		coordIndex [ 
		 9, 14, 13, 10,-1,
		]
	} #IndexedFaceSet
	Material {
		ambientColor      0.0696 0.0000 0.0000  #ambientColor
		diffuseColor      0.2784 0.0000 0.0000  #diffuseColor
		transparency      0.0000                #transparency
	} #Material

	IndexedFaceSet {
		coordIndex [ 
		 10, 9, 3, 15,-1,
		 16, 0, 4, 17,-1,
		 14, 13, 17, 7,-1,
		]
	} #IndexedFaceSet
	Material {
		ambientColor      0.2500 0.2500 0.2500  #ambientColor
		diffuseColor      1.0000 1.0000 1.0000  #diffuseColor
		transparency      0.0000                #transparency
	} #Material

	IndexedFaceSet {
		coordIndex [ 
		 10, 13, 14, 9,-1,
		]
	} #IndexedFaceSet
	Material {
		ambientColor      0.0696 0.0000 0.0000  #ambientColor
		diffuseColor      0.2784 0.0000 0.0000  #diffuseColor
		transparency      0.0000                #transparency
	} #Material

	IndexedFaceSet {
		coordIndex [ 
		 18, 5, 1, 19,-1,
		 20, 0, 4, 21,-1,
		]
	} #IndexedFaceSet
	Material {
		ambientColor      0.2088 0.2088 0.0000  #ambientColor
		diffuseColor      0.8353 0.8353 0.0000  #diffuseColor
		transparency      0.0000                #transparency
	} #Material

	IndexedFaceSet {
		coordIndex [ 
		 22, 23, 24, 25,-1,
		]
	} #IndexedFaceSet
	Material {
		ambientColor      0.0696 0.0000 0.0000  #ambientColor
		diffuseColor      0.2784 0.0000 0.0000  #diffuseColor
		transparency      0.0000                #transparency
	} #Material

	IndexedFaceSet {
		coordIndex [ 
		 26, 1, 5, 27,-1,
		 28, 4, 0, 29,-1,
		]
	} #IndexedFaceSet
	Material {
		ambientColor      0.2088 0.2088 0.0000  #ambientColor
		diffuseColor      0.8353 0.8353 0.0000  #diffuseColor
		transparency      0.0000                #transparency
	} #Material

	IndexedFaceSet {
		coordIndex [ 
		 25, 24, 23, 22,-1,
		]
	} #IndexedFaceSet
	Material {
		ambientColor      0.0696 0.0000 0.0000  #ambientColor
		diffuseColor      0.2784 0.0000 0.0000  #diffuseColor
		transparency      0.0000                #transparency
	} #Material

	IndexedFaceSet {
		coordIndex [ 
		 30, 1, 5, 31,-1,
		 32, 33, 34, 6,-1,
		 35, 36, 37, 38,-1,
		]
	} #IndexedFaceSet
	Material {
		ambientColor      0.2500 0.2500 0.2500  #ambientColor
		diffuseColor      1.0000 1.0000 1.0000  #diffuseColor
		transparency      0.0000                #transparency
	} #Material

	IndexedFaceSet {
		coordIndex [ 
		 32, 36, 35, 33,-1,
		]
	} #IndexedFaceSet
	Material {
		ambientColor      0.0696 0.0000 0.0000  #ambientColor
		diffuseColor      0.2784 0.0000 0.0000  #diffuseColor
		transparency      0.0000                #transparency
	} #Material

	IndexedFaceSet {
		coordIndex [ 
		 39, 5, 1, 40,-1,
		 6, 41, 33, 32,-1,
		 42, 43, 36, 35,-1,
		]
	} #IndexedFaceSet
	Material {
		ambientColor      0.2500 0.2500 0.2500  #ambientColor
		diffuseColor      1.0000 1.0000 1.0000  #diffuseColor
		transparency      0.0000                #transparency
	} #Material

	IndexedFaceSet {
		coordIndex [ 
		 33, 35, 36, 32,-1,
		]
	} #IndexedFaceSet
	Material {
		ambientColor      0.0696 0.0000 0.0000  #ambientColor
		diffuseColor      0.2784 0.0000 0.0000  #diffuseColor
		transparency      0.0000                #transparency
	} #Material

	IndexedFaceSet {
		coordIndex [ 
		 44, 45, 46, 2,-1,
		 44, 6, 47,-1,
		 48, 49, 47, 7,-1,
		]
	} #IndexedFaceSet
	Material {
		ambientColor      0.2500 0.2500 0.2500  #ambientColor
		diffuseColor      1.0000 1.0000 1.0000  #diffuseColor
		transparency      0.0000                #transparency
	} #Material

	IndexedFaceSet {
		coordIndex [ 
		 48, 45, 44, 49,-1,
		]
	} #IndexedFaceSet
	Material {
		ambientColor      0.0696 0.0000 0.0000  #ambientColor
		diffuseColor      0.2784 0.0000 0.0000  #diffuseColor
		transparency      0.0000                #transparency
	} #Material

	IndexedFaceSet {
		coordIndex [ 
		 2, 50, 45, 44,-1,
		 51, 6, 44,-1,
		 7, 51, 49, 48,-1,
		]
	} #IndexedFaceSet
	Material {
		ambientColor      0.2500 0.2500 0.2500  #ambientColor
		diffuseColor      1.0000 1.0000 1.0000  #diffuseColor
		transparency      0.0000                #transparency
	} #Material

	IndexedFaceSet {
		coordIndex [ 
		 49, 44, 45, 48,-1,
		]
	} #IndexedFaceSet
	Material {
		ambientColor      0.0696 0.0000 0.0000  #ambientColor
		diffuseColor      0.2784 0.0000 0.0000  #diffuseColor
		transparency      0.0000                #transparency
	} #Material

	IndexedFaceSet {
		coordIndex [ 
		 7, 6, 5, 4,-1,
		 4, 5, 6, 7,-1,
		]
	} #IndexedFaceSet
} #Polyhedron
Separator { #Polyhedron
	DEF COORD22 Coordinate3 {
		point [
		 -1.2256 1.0795 -3.3338,
		 -1.2256 1.3335 -3.3338,
		 -1.2256 1.3335 -3.5370,
		 -1.2256 1.0795 -3.5370,
		 -1.3018 1.0795 -3.3338,
		 -1.3018 1.3335 -3.3338,
		 -1.3018 1.3335 -3.5370,
		 -1.3018 1.0795 -3.5370,
		 -1.2256 1.0795 -3.3465,
		 -1.2383 1.0795 -3.5370,
		 -1.2383 1.0795 -3.3465,
		 -1.3018 1.0795 -3.3465,
		 -1.2256 1.0795 -3.3465,
		 -1.2890 1.0795 -3.3465,
		 -1.2890 1.0795 -3.5370,
		 -1.2256 1.0795 -3.3465,
		 -1.2256 1.0795 -3.3465,
		 -1.3018 1.0795 -3.3465,
		 -1.3018 1.2954 -3.3338,
		 -1.2256 1.2954 -3.3338,
		 -1.2256 1.2700 -3.3338,
		 -1.3018 1.2700 -3.3338,
		 -1.2256 1.2700 -3.3338,
		 -1.3017 1.2700 -3.3338,
		 -1.3017 1.2954 -3.3338,
		 -1.2256 1.2954 -3.3338,
		 -1.2256 1.2954 -3.3338,
		 -1.3018 1.2954 -3.3338,
		 -1.3018 1.2700 -3.3338,
		 -1.2256 1.2700 -3.3338,
		 -1.2256 1.3335 -3.3465,
		 -1.3018 1.3335 -3.3465,
		 -1.2890 1.3335 -3.5370,
		 -1.2890 1.3335 -3.3465,
		 -1.3018 1.3335 -3.3465,
		 -1.2383 1.3335 -3.3465,
		 -1.2383 1.3335 -3.5370,
		 -1.2256 1.3335 -3.5370,
		 -1.2256 1.3335 -3.3465,
		 -1.3018 1.3335 -3.3465,
		 -1.2256 1.3335 -3.3465,
		 -1.3018 1.3335 -3.3465,
		 -1.2256 1.3335 -3.3465,
		 -1.2256 1.3335 -3.5370,
		 -1.2383 1.3335 -3.5370,
		 -1.2383 1.0795 -3.5370,
		 -1.2256 1.0795 -3.5370,
		 -1.3018 1.3335 -3.5370,
		 -1.2890 1.0795 -3.5370,
		 -1.2890 1.3335 -3.5370,
		 -1.2256 1.0795 -3.5370,
		 -1.3018 1.3335 -3.5370
		]
	} #Coordinate3
	Material {
		ambientColor      0.0696 0.0000 0.0000  #ambientColor
		diffuseColor      0.2784 0.0000 0.0000  #diffuseColor
		transparency      0.0000                #transparency
	} #Material

	Texture2 {
		filename ""  #filename
		wrapS REPEAT 
		wrapT REPEAT 
	} #Texture2

	IndexedFaceSet {
		coordIndex [ 
		 0, 1, 2, 3,-1,
		 3, 2, 1, 0,-1,
		 8, 3, 9, 10,-1,
		 11, 4, 0, 12,-1,
		 7, 11, 13, 14,-1,
		]
	} #IndexedFaceSet
	Material {
		ambientColor      0.2500 0.2500 0.2500  #ambientColor
		diffuseColor      1.0000 1.0000 1.0000  #diffuseColor
		transparency      0.0000                #transparency
	} #Material

	IndexedFaceSet {
		coordIndex [ 
		 9, 14, 13, 10,-1,
		]
	} #IndexedFaceSet
	Material {
		ambientColor      0.0696 0.0000 0.0000  #ambientColor
		diffuseColor      0.2784 0.0000 0.0000  #diffuseColor
		transparency      0.0000                #transparency
	} #Material

	IndexedFaceSet {
		coordIndex [ 
		 10, 9, 3, 15,-1,
		 16, 0, 4, 17,-1,
		 14, 13, 17, 7,-1,
		]
	} #IndexedFaceSet
	Material {
		ambientColor      0.2500 0.2500 0.2500  #ambientColor
		diffuseColor      1.0000 1.0000 1.0000  #diffuseColor
		transparency      0.0000                #transparency
	} #Material

	IndexedFaceSet {
		coordIndex [ 
		 10, 13, 14, 9,-1,
		]
	} #IndexedFaceSet
	Material {
		ambientColor      0.0696 0.0000 0.0000  #ambientColor
		diffuseColor      0.2784 0.0000 0.0000  #diffuseColor
		transparency      0.0000                #transparency
	} #Material

	IndexedFaceSet {
		coordIndex [ 
		 18, 5, 1, 19,-1,
		 20, 0, 4, 21,-1,
		]
	} #IndexedFaceSet
	Material {
		ambientColor      0.2088 0.2088 0.0000  #ambientColor
		diffuseColor      0.8353 0.8353 0.0000  #diffuseColor
		transparency      0.0000                #transparency
	} #Material

	IndexedFaceSet {
		coordIndex [ 
		 22, 23, 24, 25,-1,
		]
	} #IndexedFaceSet
	Material {
		ambientColor      0.0696 0.0000 0.0000  #ambientColor
		diffuseColor      0.2784 0.0000 0.0000  #diffuseColor
		transparency      0.0000                #transparency
	} #Material

	IndexedFaceSet {
		coordIndex [ 
		 26, 1, 5, 27,-1,
		 28, 4, 0, 29,-1,
		]
	} #IndexedFaceSet
	Material {
		ambientColor      0.2088 0.2088 0.0000  #ambientColor
		diffuseColor      0.8353 0.8353 0.0000  #diffuseColor
		transparency      0.0000                #transparency
	} #Material

	IndexedFaceSet {
		coordIndex [ 
		 25, 24, 23, 22,-1,
		]
	} #IndexedFaceSet
	Material {
		ambientColor      0.0696 0.0000 0.0000  #ambientColor
		diffuseColor      0.2784 0.0000 0.0000  #diffuseColor
		transparency      0.0000                #transparency
	} #Material

	IndexedFaceSet {
		coordIndex [ 
		 30, 1, 5, 31,-1,
		 32, 33, 34, 6,-1,
		 35, 36, 37, 38,-1,
		]
	} #IndexedFaceSet
	Material {
		ambientColor      0.2500 0.2500 0.2500  #ambientColor
		diffuseColor      1.0000 1.0000 1.0000  #diffuseColor
		transparency      0.0000                #transparency
	} #Material

	IndexedFaceSet {
		coordIndex [ 
		 32, 36, 35, 33,-1,
		]
	} #IndexedFaceSet
	Material {
		ambientColor      0.0696 0.0000 0.0000  #ambientColor
		diffuseColor      0.2784 0.0000 0.0000  #diffuseColor
		transparency      0.0000                #transparency
	} #Material

	IndexedFaceSet {
		coordIndex [ 
		 39, 5, 1, 40,-1,
		 6, 41, 33, 32,-1,
		 42, 43, 36, 35,-1,
		]
	} #IndexedFaceSet
	Material {
		ambientColor      0.2500 0.2500 0.2500  #ambientColor
		diffuseColor      1.0000 1.0000 1.0000  #diffuseColor
		transparency      0.0000                #transparency
	} #Material

	IndexedFaceSet {
		coordIndex [ 
		 33, 35, 36, 32,-1,
		]
	} #IndexedFaceSet
	Material {
		ambientColor      0.0696 0.0000 0.0000  #ambientColor
		diffuseColor      0.2784 0.0000 0.0000  #diffuseColor
		transparency      0.0000                #transparency
	} #Material

	IndexedFaceSet {
		coordIndex [ 
		 44, 45, 46, 2,-1,
		 44, 6, 47,-1,
		 48, 49, 47, 7,-1,
		]
	} #IndexedFaceSet
	Material {
		ambientColor      0.2500 0.2500 0.2500  #ambientColor
		diffuseColor      1.0000 1.0000 1.0000  #diffuseColor
		transparency      0.0000                #transparency
	} #Material

	IndexedFaceSet {
		coordIndex [ 
		 48, 45, 44, 49,-1,
		]
	} #IndexedFaceSet
	Material {
		ambientColor      0.0696 0.0000 0.0000  #ambientColor
		diffuseColor      0.2784 0.0000 0.0000  #diffuseColor
		transparency      0.0000                #transparency
	} #Material

	IndexedFaceSet {
		coordIndex [ 
		 2, 50, 45, 44,-1,
		 51, 6, 44,-1,
		 7, 51, 49, 48,-1,
		]
	} #IndexedFaceSet
	Material {
		ambientColor      0.2500 0.2500 0.2500  #ambientColor
		diffuseColor      1.0000 1.0000 1.0000  #diffuseColor
		transparency      0.0000                #transparency
	} #Material

	IndexedFaceSet {
		coordIndex [ 
		 49, 44, 45, 48,-1,
		]
	} #IndexedFaceSet
	Material {
		ambientColor      0.0696 0.0000 0.0000  #ambientColor
		diffuseColor      0.2784 0.0000 0.0000  #diffuseColor
		transparency      0.0000                #transparency
	} #Material

	IndexedFaceSet {
		coordIndex [ 
		 7, 6, 5, 4,-1,
		 4, 5, 6, 7,-1,
		]
	} #IndexedFaceSet
} #Polyhedron
Separator { #Polyhedron
	DEF COORD23 Coordinate3 {
		point [
		 -1.3017 1.0795 -3.3338,
		 -1.3017 1.3335 -3.3338,
		 -1.3017 1.3335 -3.5370,
		 -1.3017 1.0795 -3.5370,
		 -1.3779 1.0795 -3.3338,
		 -1.3779 1.3335 -3.3338,
		 -1.3779 1.3335 -3.5370,
		 -1.3779 1.0795 -3.5370,
		 -1.3017 1.0795 -3.3465,
		 -1.3144 1.0795 -3.5370,
		 -1.3144 1.0795 -3.3465,
		 -1.3779 1.0795 -3.3465,
		 -1.3017 1.0795 -3.3465,
		 -1.3652 1.0795 -3.3465,
		 -1.3652 1.0795 -3.5370,
		 -1.3017 1.0795 -3.3465,
		 -1.3017 1.0795 -3.3465,
		 -1.3779 1.0795 -3.3465,
		 -1.3779 1.2954 -3.3338,
		 -1.3017 1.2954 -3.3338,
		 -1.3017 1.2700 -3.3338,
		 -1.3779 1.2700 -3.3338,
		 -1.3017 1.2700 -3.3338,
		 -1.3779 1.2700 -3.3338,
		 -1.3779 1.2954 -3.3338,
		 -1.3017 1.2954 -3.3338,
		 -1.3017 1.2954 -3.3338,
		 -1.3779 1.2954 -3.3338,
		 -1.3779 1.2700 -3.3338,
		 -1.3017 1.2700 -3.3338,
		 -1.3017 1.3335 -3.3465,
		 -1.3779 1.3335 -3.3465,
		 -1.3652 1.3335 -3.5370,
		 -1.3652 1.3335 -3.3465,
		 -1.3779 1.3335 -3.3465,
		 -1.3144 1.3335 -3.3465,
		 -1.3144 1.3335 -3.5370,
		 -1.3017 1.3335 -3.5370,
		 -1.3017 1.3335 -3.3465,
		 -1.3779 1.3335 -3.3465,
		 -1.3017 1.3335 -3.3465,
		 -1.3779 1.3335 -3.3465,
		 -1.3017 1.3335 -3.3465,
		 -1.3017 1.3335 -3.5370,
		 -1.3144 1.3335 -3.5370,
		 -1.3144 1.0795 -3.5370,
		 -1.3017 1.0795 -3.5370,
		 -1.3779 1.3335 -3.5370,
		 -1.3652 1.0795 -3.5370,
		 -1.3652 1.3335 -3.5370,
		 -1.3017 1.0795 -3.5370,
		 -1.3779 1.3335 -3.5370
		]
	} #Coordinate3
	Material {
		ambientColor      0.0696 0.0000 0.0000  #ambientColor
		diffuseColor      0.2784 0.0000 0.0000  #diffuseColor
		transparency      0.0000                #transparency
	} #Material

	IndexedFaceSet {
		coordIndex [ 
		 0, 1, 2, 3,-1,
		 3, 2, 1, 0,-1,
		 8, 3, 9, 10,-1,
		 11, 4, 0, 12,-1,
		 7, 11, 13, 14,-1,
		]
	} #IndexedFaceSet
	Material {
		ambientColor      0.2500 0.2500 0.2500  #ambientColor
		diffuseColor      1.0000 1.0000 1.0000  #diffuseColor
		transparency      0.0000                #transparency
	} #Material

	IndexedFaceSet {
		coordIndex [ 
		 9, 14, 13, 10,-1,
		]
	} #IndexedFaceSet
	Material {
		ambientColor      0.0696 0.0000 0.0000  #ambientColor
		diffuseColor      0.2784 0.0000 0.0000  #diffuseColor
		transparency      0.0000                #transparency
	} #Material

	IndexedFaceSet {
		coordIndex [ 
		 10, 9, 3, 15,-1,
		 16, 0, 4, 17,-1,
		 14, 13, 17, 7,-1,
		]
	} #IndexedFaceSet
	Material {
		ambientColor      0.2500 0.2500 0.2500  #ambientColor
		diffuseColor      1.0000 1.0000 1.0000  #diffuseColor
		transparency      0.0000                #transparency
	} #Material

	IndexedFaceSet {
		coordIndex [ 
		 10, 13, 14, 9,-1,
		]
	} #IndexedFaceSet
	Material {
		ambientColor      0.0696 0.0000 0.0000  #ambientColor
		diffuseColor      0.2784 0.0000 0.0000  #diffuseColor
		transparency      0.0000                #transparency
	} #Material

	IndexedFaceSet {
		coordIndex [ 
		 18, 5, 1, 19,-1,
		 20, 0, 4, 21,-1,
		]
	} #IndexedFaceSet
	Material {
		ambientColor      0.2088 0.2088 0.0000  #ambientColor
		diffuseColor      0.8353 0.8353 0.0000  #diffuseColor
		transparency      0.0000                #transparency
	} #Material

	IndexedFaceSet {
		coordIndex [ 
		 22, 23, 24, 25,-1,
		]
	} #IndexedFaceSet
	Material {
		ambientColor      0.0696 0.0000 0.0000  #ambientColor
		diffuseColor      0.2784 0.0000 0.0000  #diffuseColor
		transparency      0.0000                #transparency
	} #Material

	IndexedFaceSet {
		coordIndex [ 
		 26, 1, 5, 27,-1,
		 28, 4, 0, 29,-1,
		]
	} #IndexedFaceSet
	Material {
		ambientColor      0.2088 0.2088 0.0000  #ambientColor
		diffuseColor      0.8353 0.8353 0.0000  #diffuseColor
		transparency      0.0000                #transparency
	} #Material

	IndexedFaceSet {
		coordIndex [ 
		 25, 24, 23, 22,-1,
		]
	} #IndexedFaceSet
	Material {
		ambientColor      0.0696 0.0000 0.0000  #ambientColor
		diffuseColor      0.2784 0.0000 0.0000  #diffuseColor
		transparency      0.0000                #transparency
	} #Material

	IndexedFaceSet {
		coordIndex [ 
		 30, 1, 5, 31,-1,
		 32, 33, 34, 6,-1,
		 35, 36, 37, 38,-1,
		]
	} #IndexedFaceSet
	Material {
		ambientColor      0.2500 0.2500 0.2500  #ambientColor
		diffuseColor      1.0000 1.0000 1.0000  #diffuseColor
		transparency      0.0000                #transparency
	} #Material

	IndexedFaceSet {
		coordIndex [ 
		 32, 36, 35, 33,-1,
		]
	} #IndexedFaceSet
	Material {
		ambientColor      0.0696 0.0000 0.0000  #ambientColor
		diffuseColor      0.2784 0.0000 0.0000  #diffuseColor
		transparency      0.0000                #transparency
	} #Material

	IndexedFaceSet {
		coordIndex [ 
		 39, 5, 1, 40,-1,
		 6, 41, 33, 32,-1,
		 42, 43, 36, 35,-1,
		]
	} #IndexedFaceSet
	Material {
		ambientColor      0.2500 0.2500 0.2500  #ambientColor
		diffuseColor      1.0000 1.0000 1.0000  #diffuseColor
		transparency      0.0000                #transparency
	} #Material

	IndexedFaceSet {
		coordIndex [ 
		 33, 35, 36, 32,-1,
		]
	} #IndexedFaceSet
	Material {
		ambientColor      0.0696 0.0000 0.0000  #ambientColor
		diffuseColor      0.2784 0.0000 0.0000  #diffuseColor
		transparency      0.0000                #transparency
	} #Material

	IndexedFaceSet {
		coordIndex [ 
		 44, 45, 46, 2,-1,
		 44, 6, 47,-1,
		 48, 49, 47, 7,-1,
		]
	} #IndexedFaceSet
	Material {
		ambientColor      0.2500 0.2500 0.2500  #ambientColor
		diffuseColor      1.0000 1.0000 1.0000  #diffuseColor
		transparency      0.0000                #transparency
	} #Material

	IndexedFaceSet {
		coordIndex [ 
		 48, 45, 44, 49,-1,
		]
	} #IndexedFaceSet
	Material {
		ambientColor      0.0696 0.0000 0.0000  #ambientColor
		diffuseColor      0.2784 0.0000 0.0000  #diffuseColor
		transparency      0.0000                #transparency
	} #Material

	IndexedFaceSet {
		coordIndex [ 
		 2, 50, 45, 44,-1,
		 51, 6, 44,-1,
		 7, 51, 49, 48,-1,
		]
	} #IndexedFaceSet
	Material {
		ambientColor      0.2500 0.2500 0.2500  #ambientColor
		diffuseColor      1.0000 1.0000 1.0000  #diffuseColor
		transparency      0.0000                #transparency
	} #Material

	IndexedFaceSet {
		coordIndex [ 
		 49, 44, 45, 48,-1,
		]
	} #IndexedFaceSet
	Material {
		ambientColor      0.0696 0.0000 0.0000  #ambientColor
		diffuseColor      0.2784 0.0000 0.0000  #diffuseColor
		transparency      0.0000                #transparency
	} #Material

	IndexedFaceSet {
		coordIndex [ 
		 7, 6, 5, 4,-1,
		 4, 5, 6, 7,-1,
		]
	} #IndexedFaceSet
} #Polyhedron
Separator { #Polyhedron
	DEF COORD24 Coordinate3 {
		point [
		 -0.9208 1.0795 -3.5020,
		 -0.9208 1.2827 -3.5020,
		 -0.9208 1.2827 -3.3750,
		 -0.9208 1.0795 -3.3750,
		 -0.8954 1.0795 -3.5020,
		 -0.8954 1.2827 -3.5020,
		 -0.8954 1.2827 -3.3750,
		 -0.8954 1.0795 -3.3750
		]
	} #Coordinate3
	Material {
		ambientColor      0.0000 0.0000 0.0000  #ambientColor
		diffuseColor      0.0000 0.0000 0.0000  #diffuseColor
		transparency      0.0000                #transparency
	} #Material

	IndexedFaceSet {
		coordIndex [ 
		 0, 1, 2, 3,-1,
		 3, 2, 1, 0,-1,
		 0, 3, 7, 4,-1,
		 4, 7, 3, 0,-1,
		 1, 0, 4, 5,-1,
		 5, 4, 0, 1,-1,
		 2, 1, 5, 6,-1,
		 6, 5, 1, 2,-1,
		 3, 2, 6, 7,-1,
		 7, 6, 2, 3,-1,
		 7, 6, 5, 4,-1,
		 4, 5, 6, 7,-1,
		]
	} #IndexedFaceSet
} #Polyhedron
Separator { #Polyhedron
	DEF COORD25 Coordinate3 {
		point [
		 -1.3780 1.0795 -3.3623,
		 -1.3780 1.2827 -3.3623,
		 -1.3780 1.2827 -3.4893,
		 -1.3780 1.0795 -3.4893,
		 -1.4034 1.0795 -3.3623,
		 -1.4034 1.2827 -3.3623,
		 -1.4034 1.2827 -3.4893,
		 -1.4034 1.0795 -3.4893
		]
	} #Coordinate3
	Material {
		ambientColor      0.0000 0.0000 0.0000  #ambientColor
		diffuseColor      0.0000 0.0000 0.0000  #diffuseColor
		transparency      0.0000                #transparency
	} #Material

	IndexedFaceSet {
		coordIndex [ 
		 0, 1, 2, 3,-1,
		 3, 2, 1, 0,-1,
		 0, 3, 7, 4,-1,
		 4, 7, 3, 0,-1,
		 1, 0, 4, 5,-1,
		 5, 4, 0, 1,-1,
		 2, 1, 5, 6,-1,
		 6, 5, 1, 2,-1,
		 3, 2, 6, 7,-1,
		 7, 6, 2, 3,-1,
		 7, 6, 5, 4,-1,
		 4, 5, 6, 7,-1,
		]
	} #IndexedFaceSet
} #Polyhedron
Separator { #Polyhedron
	DEF COORD26 Coordinate3 {
		point [
		 -1.4034 1.1049 -3.4912,
		 -1.4034 1.0795 -3.4912,
		 -1.4034 1.0795 -3.3642,
		 -1.4034 1.1049 -3.3642,
		 -1.4795 1.1049 -3.4912,
		 -1.4795 1.0795 -3.4912,
		 -1.4795 1.0795 -3.3642,
		 -1.4795 1.1049 -3.3642
		]
	} #Coordinate3
	Material {
		ambientColor      0.0000 0.0000 0.0000  #ambientColor
		diffuseColor      0.0000 0.0000 0.0000  #diffuseColor
		transparency      0.0000                #transparency
	} #Material

	IndexedFaceSet {
		coordIndex [ 
		 0, 1, 2, 3,-1,
		 3, 2, 1, 0,-1,
		 0, 3, 7, 4,-1,
		 4, 7, 3, 0,-1,
		 1, 0, 4, 5,-1,
		 5, 4, 0, 1,-1,
		 2, 1, 5, 6,-1,
		 6, 5, 1, 2,-1,
		 3, 2, 6, 7,-1,
		 7, 6, 2, 3,-1,
		 7, 6, 5, 4,-1,
		 4, 5, 6, 7,-1,
		]
	} #IndexedFaceSet
} #Polyhedron
Separator { #Polyhedron
	DEF COORD27 Coordinate3 {
		point [
		 -0.8954 1.1049 -3.3731,
		 -0.8954 1.0795 -3.3731,
		 -0.8954 1.0795 -3.5001,
		 -0.8954 1.1049 -3.5001,
		 -0.8192 1.1049 -3.3731,
		 -0.8192 1.0795 -3.3731,
		 -0.8192 1.0795 -3.5001,
		 -0.8192 1.1049 -3.5001
		]
	} #Coordinate3
	Material {
		ambientColor      0.0000 0.0000 0.0000  #ambientColor
		diffuseColor      0.0000 0.0000 0.0000  #diffuseColor
		transparency      0.0000                #transparency
	} #Material

	IndexedFaceSet {
		coordIndex [ 
		 0, 1, 2, 3,-1,
		 3, 2, 1, 0,-1,
		 0, 3, 7, 4,-1,
		 4, 7, 3, 0,-1,
		 1, 0, 4, 5,-1,
		 5, 4, 0, 1,-1,
		 2, 1, 5, 6,-1,
		 6, 5, 1, 2,-1,
		 3, 2, 6, 7,-1,
		 7, 6, 2, 3,-1,
		 7, 6, 5, 4,-1,
		 4, 5, 6, 7,-1,
		]
	} #IndexedFaceSet
} #Polyhedron
Separator { #Polyhedron
	DEF COORD28 Coordinate3 {
		point [
		 -0.7874 2.4384 -0.5588,
		 -0.7874 4.2672 -0.5588,
		 -0.7874 2.4384 -3.6068,
		 -5.2070 2.4384 -0.5588,
		 -5.2070 4.2672 -0.5588,
		 -5.2070 2.4384 -3.6068
		]
	} #Coordinate3
	Material {
		ambientColor      0.0833 0.0833 0.0833  #ambientColor
		diffuseColor      0.3333 0.3333 0.3333  #diffuseColor
		transparency      0.0000                #transparency
	} #Material

	IndexedFaceSet {
		coordIndex [ 
		 0, 1, 2,-1,
		 2, 1, 0,-1,
		 3, 5, 2, 0,-1,
		 1, 0, 3, 4,-1,
		 4, 3, 0, 1,-1,
		 2, 1, 4, 5,-1,
		 5, 4, 1, 2,-1,
		 5, 4, 3,-1,
		 3, 4, 5,-1,
		]
	} #IndexedFaceSet
} #Polyhedron
}
