#VRML V1.0 ascii

Separator {
	Info { string "Virtus 3D Website Builder 1.0
	VRML Export Filter
	Virtus Corporation
	114 MacKenan Drive, Suite 100
	Cary, NC 27511
	919-467-9700"}

	DEF BackgroundColor Info{  # Sky color
		string " 0.3 0.8 1.0 "
	}

	DirectionalLight {
		on         TRUE          # SFBool
		intensity  1.0           # SFFloat
		color      0.4 0.4 0.4   # SFColor
		direction  0 0 0   # SFVec3f
	}

	DirectionalLight {
		on         TRUE          # SFBool
		intensity  1.0           # SFFloat
		color      0.5 0.5 0.5   # SFColor
		direction  34 -247 -57   # SFVec3f
	}

	DirectionalLight {
		on         TRUE          # SFBool
		intensity  1.0           # SFFloat
		color      0.4 0.4 0.4   # SFColor
		direction  -209 -104 105   # SFVec3f
	}

	DirectionalLight {
		on         TRUE          # SFBool
		intensity  1.0           # SFFloat
		color      0.5 0.5 0.5   # SFColor
		direction  5 119 -226   # SFVec3f
	}

	PerspectiveCamera {
		position 2.4384 0.3556 9.7536          #SFVec3f 
		orientation 0 1 0  0.0246     #SFRotation 
		focalDistance  5            #SFFloat 
		heightAngle 2.6979 
	}

	ShapeHints {
		vertexOrdering	CLOCKWISE
		shapeType	SOLID
	}

	Transform {
		translation 0 0 0
		scaleFactor 1.0 1.0 1.0
	}

Separator { #Polyhedron
	DEF COORD0 Coordinate3 {
		point [
		 -0.9144 0.0000 -29.1593,
		 17.0681 0.0000 -24.1095,
		 26.2129 0.0000 -7.8232,
		 21.1631 0.0000 10.1593,
		 4.8768 0.0000 19.3040,
		 -13.1057 0.0000 14.2543,
		 -22.2504 0.0000 -2.0320,
		 -17.2007 0.0000 -20.0145,
		 -0.9144 -2.4384 -29.1593,
		 17.0681 -2.4384 -24.1095,
		 26.2129 -2.4384 -7.8232,
		 21.1631 -2.4384 10.1593,
		 4.8768 -2.4384 19.3040,
		 -13.1057 -2.4384 14.2543,
		 -22.2504 -2.4384 -2.0320,
		 -17.2007 -2.4384 -20.0145,
		 24.1016 0.0000 -0.3048,
		 -21.2806 0.0000 -0.3048,
		 0.2159 0.0000 -0.4572,
		 0.2159 0.0000 -0.3048,
		 -21.2806 0.0000 -0.3048,
		 -21.3662 0.0000 -0.4572,
		 -21.3662 0.0000 -0.4572,
		 -21.1092 0.0000 -6.0960,
		 25.7278 0.0000 -6.0960,
		 24.1443 0.0000 -0.4572,
		 0.3683 0.0000 -0.3048,
		 0.3683 0.0000 -0.4572,
		 24.1016 0.0000 -0.3048,
		 -3.0480 0.0000 -6.2484,
		 -3.0480 0.0000 -6.0960,
		 -21.1092 0.0000 -6.0960,
		 -21.0664 0.0000 -6.2484,
		 4.5720 0.0000 -6.0960,
		 4.5720 0.0000 -6.2484,
		 25.7706 0.0000 -6.2484,
		 25.7278 0.0000 -6.0960,
		 -3.0480 0.0000 -6.7056,
		 -3.0480 0.0000 -6.2484,
		 -20.9380 0.0000 -6.7056,
		 -3.0480 0.0000 -9.1440,
		 -3.0480 0.0000 -6.7056,
		 -20.9380 0.0000 -6.7056,
		 -20.2533 0.0000 -9.1440,
		 -7.4676 0.0000 -11.4300,
		 -7.4676 0.0000 -9.1440,
		 -20.2533 0.0000 -9.1440,
		 -19.6113 0.0000 -11.4300,
		 -7.4676 0.0000 -12.1920,
		 -7.4676 0.0000 -11.4300,
		 -19.6113 0.0000 -11.4300,
		 -19.3973 0.0000 -12.1920,
		 -19.3973 0.0000 -12.1920,
		 23.7598 0.0000 -12.1920,
		 25.4712 0.0000 -9.1440,
		 25.8990 0.0000 -6.7056,
		 4.5720 0.0000 -6.7056,
		 4.5720 0.0000 -9.1440,
		 7.9248 0.0000 -9.1440,
		 7.9248 0.0000 -12.1920,
		 25.4712 0.0000 -9.1440,
		 4.5720 0.0000 -6.2484,
		 4.5720 0.0000 -6.7056,
		 25.8990 0.0000 -6.7056,
		 25.7706 0.0000 -6.2484
		]
	} #Coordinate3
	Material {
		ambientColor      0.0000 0.1000 0.0500  #ambientColor
		diffuseColor      0.0000 0.4000 0.2000  #diffuseColor
		transparency      0.0000                #transparency
	} #Material

	IndexedFaceSet {
		coordIndex [ 
		 16, 3, 4, 5, 17,-1,
		 18, 19, 20, 21,-1,
		 22, 6, 23, 24, 25,-1,
		 26, 27, 25, 28,-1,
		 29, 30, 31, 32,-1,
		 33, 34, 35, 36,-1,
		 37, 38, 32, 39,-1,
		 40, 41, 42, 43,-1,
		 44, 45, 46, 47,-1,
		 48, 49, 50, 51,-1,
		 52, 7, 0, 1, 53,-1,
		 54, 2, 55, 56, 57,-1,
		 58, 59, 53, 60,-1,
		 61, 62, 63, 64,-1,
		 7, 6, 5, 4, 3, 2, 1, 0,-1,
		 0, 7, 15, 8,-1,
		 8, 15, 7, 0,-1,
		 1, 0, 8, 9,-1,
		 9, 8, 0, 1,-1,
		 2, 1, 9, 10,-1,
		 10, 9, 1, 2,-1,
		 3, 2, 10, 11,-1,
		 11, 10, 2, 3,-1,
		 4, 3, 11, 12,-1,
		 12, 11, 3, 4,-1,
		 5, 4, 12, 13,-1,
		 13, 12, 4, 5,-1,
		 6, 5, 13, 14,-1,
		 14, 13, 5, 6,-1,
		 7, 6, 14, 15,-1,
		 15, 14, 6, 7,-1,
		 15, 14, 13, 12, 11, 10, 9, 8,-1,
		 8, 9, 10, 11, 12, 13, 14, 15,-1,
		]
	} #IndexedFaceSet
} #Polyhedron
Separator { #Polyhedron
	DEF COORD1 Coordinate3 {
		point [
		 4.5720 2.4384 -12.1920,
		 4.5720 2.4384 -6.0960,
		 -3.0480 2.4384 -6.0960,
		 -3.0480 2.4384 -12.1920,
		 4.5720 0.0000 -12.1920,
		 4.5720 0.0000 -6.0960,
		 -3.0480 0.0000 -6.0960,
		 -3.0480 0.0000 -12.1920,
		 4.5720 0.9144 -12.1920,
		 -3.0480 0.9144 -12.1920,
		 4.5720 2.1336 -12.1920,
		 4.5720 0.9144 -12.1920,
		 1.5240 0.9144 -12.1920,
		 1.5240 2.1336 -12.1920,
		 -3.0480 2.1336 -12.1920,
		 4.5720 2.1336 -12.1920,
		 -3.0480 0.9144 -12.1920,
		 -3.0480 2.1336 -12.1920,
		 -0.9144 2.1336 -12.1920,
		 -0.9144 0.9144 -12.1920,
		 4.5720 2.4384 -9.1440,
		 4.5720 0.0000 -9.1440,
		 4.5720 0.0000 -6.0960,
		 4.5720 0.0002 -6.0960,
		 4.5720 0.0002 -12.1920,
		 4.5720 1.5242 -6.0960,
		 4.5720 0.0002 -10.3632,
		 4.5720 1.5242 -10.3632,
		 4.5720 1.5242 -12.1920,
		 4.5720 1.5242 -6.0960,
		 4.5720 0.0002 -12.1920,
		 4.5720 1.5242 -12.1920,
		 4.5720 1.5242 -11.1253,
		 4.5720 0.0002 -11.1253,
		 -3.0480 1.8289 -6.0960,
		 4.5720 1.8289 -6.0960,
		 -3.0480 0.0001 -6.0960,
		 0.7620 1.8289 -6.0960,
		 0.7620 0.0001 -6.0960,
		 4.5720 0.0001 -6.0960,
		 -3.0480 0.0001 -6.0960,
		 1.5240 1.8034 -6.0960,
		 1.5240 1.8289 -6.0960,
		 4.5720 1.8289 -6.0960,
		 4.5720 1.8034 -6.0960,
		 1.5240 0.3303 -6.0960,
		 1.5240 1.8034 -6.0960,
		 2.1082 1.8034 -6.0960,
		 2.1082 0.3303 -6.0960,
		 4.5720 0.3303 -6.0960,
		 4.5720 0.0001 -6.0960,
		 1.5240 0.0001 -6.0960,
		 1.5240 0.3303 -6.0960,
		 4.5720 1.8034 -6.0960,
		 3.6703 0.3303 -6.0960,
		 3.6703 1.8034 -6.0960,
		 2.1082 1.7019 -6.0960,
		 3.6703 1.7019 -6.0960,
		 2.1082 0.4319 -6.0960,
		 2.1082 1.7019 -6.0960,
		 2.2098 1.7019 -6.0960,
		 2.2098 0.4319 -6.0960,
		 3.6703 0.4319 -6.0960,
		 2.1082 0.4319 -6.0960,
		 3.6703 1.7019 -6.0960,
		 3.5687 0.4319 -6.0960,
		 3.5687 1.7019 -6.0960,
		 2.2098 1.7018 -6.0960,
		 3.5687 1.7018 -6.0960,
		 2.2098 1.4732 -6.0960,
		 2.2098 1.7018 -6.0960,
		 2.4003 1.7018 -6.0960,
		 2.4003 1.4732 -6.0960,
		 2.2098 1.2192 -6.0960,
		 2.2098 1.4224 -6.0960,
		 2.4003 1.4224 -6.0960,
		 2.4003 1.2192 -6.0960,
		 2.2098 0.9652 -6.0960,
		 2.2098 1.1684 -6.0960,
		 2.4003 1.1684 -6.0960,
		 2.4003 0.9652 -6.0960,
		 2.2098 0.7113 -6.0960,
		 2.2098 0.9144 -6.0960,
		 2.4003 0.9144 -6.0960,
		 2.4003 0.7113 -6.0960,
		 2.4003 0.6605 -6.0960,
		 2.4003 0.4319 -6.0960,
		 2.2098 0.6605 -6.0960,
		 2.4511 1.4732 -6.0960,
		 2.4511 1.7018 -6.0960,
		 2.6289 1.7018 -6.0960,
		 2.6289 1.4732 -6.0960,
		 2.4511 1.2192 -6.0960,
		 2.4511 1.4224 -6.0960,
		 2.6289 1.4224 -6.0960,
		 2.6289 1.2192 -6.0960,
		 2.4511 0.9652 -6.0960,
		 2.4511 1.1684 -6.0960,
		 2.6289 1.1684 -6.0960,
		 2.6289 0.9652 -6.0960,
		 2.4511 0.7113 -6.0960,
		 2.4511 0.9144 -6.0960,
		 2.6289 0.9144 -6.0960,
		 2.6289 0.7113 -6.0960,
		 2.6289 0.6605 -6.0960,
		 2.6289 0.4319 -6.0960,
		 2.4511 0.4319 -6.0960,
		 2.4511 0.6605 -6.0960,
		 2.6797 1.4732 -6.0960,
		 2.6797 1.7018 -6.0960,
		 2.8575 1.7018 -6.0960,
		 2.8575 1.4732 -6.0960,
		 2.6797 1.2192 -6.0960,
		 2.6797 1.4224 -6.0960,
		 2.8575 1.4224 -6.0960,
		 2.8575 1.2192 -6.0960,
		 2.6797 0.9652 -6.0960,
		 2.6797 1.1684 -6.0960,
		 2.8575 1.1684 -6.0960,
		 2.8575 0.9652 -6.0960,
		 2.6797 0.7113 -6.0960,
		 2.6797 0.9144 -6.0960,
		 2.8575 0.9144 -6.0960,
		 2.8575 0.7113 -6.0960,
		 2.8575 0.6605 -6.0960,
		 2.8575 0.4319 -6.0960,
		 2.6797 0.4319 -6.0960,
		 2.6797 0.6605 -6.0960,
		 2.9083 1.4732 -6.0960,
		 2.9083 1.7018 -6.0960,
		 3.0861 1.7018 -6.0960,
		 3.0861 1.4732 -6.0960,
		 2.9083 1.2192 -6.0960,
		 2.9083 1.4224 -6.0960,
		 3.0861 1.4224 -6.0960,
		 3.0861 1.2192 -6.0960,
		 2.9083 0.9652 -6.0960,
		 2.9083 1.1684 -6.0960,
		 3.0861 1.1684 -6.0960,
		 3.0861 0.9652 -6.0960,
		 2.9083 0.7113 -6.0960,
		 2.9083 0.9144 -6.0960,
		 3.0861 0.9144 -6.0960,
		 3.0861 0.7113 -6.0960,
		 3.0861 0.6605 -6.0960,
		 3.0861 0.4319 -6.0960,
		 2.9083 0.4319 -6.0960,
		 2.9083 0.6605 -6.0960,
		 3.1369 1.4732 -6.0960,
		 3.1369 1.7018 -6.0960,
		 3.3147 1.7018 -6.0960,
		 3.3147 1.4732 -6.0960,
		 3.1369 1.2192 -6.0960,
		 3.1369 1.4224 -6.0960,
		 3.3147 1.4224 -6.0960,
		 3.3147 1.2192 -6.0960,
		 3.1369 0.9652 -6.0960,
		 3.1369 1.1684 -6.0960,
		 3.3147 1.1684 -6.0960,
		 3.3147 0.9652 -6.0960,
		 3.1369 0.7113 -6.0960,
		 3.1369 0.9144 -6.0960,
		 3.3147 0.9144 -6.0960,
		 3.3147 0.7113 -6.0960,
		 3.3147 0.6605 -6.0960,
		 3.3147 0.4319 -6.0960,
		 3.1369 0.4319 -6.0960,
		 3.1369 0.6605 -6.0960,
		 3.3655 1.4732 -6.0960,
		 3.3655 1.7018 -6.0960,
		 3.5687 1.7018 -6.0960,
		 3.5687 1.4732 -6.0960,
		 3.3655 1.2192 -6.0960,
		 3.3655 1.4224 -6.0960,
		 3.5687 1.4224 -6.0960,
		 3.5687 1.2192 -6.0960,
		 3.3655 0.9652 -6.0960,
		 3.3655 1.1684 -6.0960,
		 3.5687 1.1684 -6.0960,
		 3.5687 0.9652 -6.0960,
		 3.3655 0.7113 -6.0960,
		 3.3655 0.9144 -6.0960,
		 3.5687 0.9144 -6.0960,
		 3.5687 0.7113 -6.0960,
		 3.5687 0.6605 -6.0960,
		 3.3655 0.4319 -6.0960,
		 3.3655 0.6605 -6.0960,
		 2.4003 1.4732 -6.0960,
		 2.4511 1.7018 -6.0960,
		 2.4511 1.4732 -6.0960,
		 2.4003 1.2192 -6.0960,
		 2.4003 1.4224 -6.0960,
		 2.4511 1.4224 -6.0960,
		 2.4511 1.2192 -6.0960,
		 2.4003 0.9652 -6.0960,
		 2.4003 1.1684 -6.0960,
		 2.4511 1.1684 -6.0960,
		 2.4511 0.9652 -6.0960,
		 2.4003 0.7113 -6.0960,
		 2.4003 0.9144 -6.0960,
		 2.4511 0.9144 -6.0960,
		 2.4511 0.7113 -6.0960,
		 2.4511 0.6605 -6.0960,
		 2.4003 0.6605 -6.0960,
		 2.6289 1.4732 -6.0960,
		 2.6289 1.7018 -6.0960,
		 2.6797 1.7018 -6.0960,
		 2.6797 1.4732 -6.0960,
		 2.6289 1.2192 -6.0960,
		 2.6289 1.4224 -6.0960,
		 2.6797 1.4224 -6.0960,
		 2.6797 1.2192 -6.0960,
		 2.6289 0.9652 -6.0960,
		 2.6289 1.1684 -6.0960,
		 2.6797 1.1684 -6.0960,
		 2.6797 0.9652 -6.0960,
		 2.6289 0.7113 -6.0960,
		 2.6289 0.9144 -6.0960,
		 2.6797 0.9144 -6.0960,
		 2.6797 0.7113 -6.0960,
		 2.6797 0.6605 -6.0960,
		 2.6289 0.6605 -6.0960,
		 2.8575 1.4732 -6.0960,
		 2.8575 1.7018 -6.0960,
		 2.9083 1.7018 -6.0960,
		 2.9083 1.4732 -6.0960,
		 2.8575 1.2192 -6.0960,
		 2.8575 1.4224 -6.0960,
		 2.9083 1.4224 -6.0960,
		 2.9083 1.2192 -6.0960,
		 2.8575 0.9652 -6.0960,
		 2.8575 1.1684 -6.0960,
		 2.9083 1.1684 -6.0960,
		 2.9083 0.9652 -6.0960,
		 2.8575 0.7113 -6.0960,
		 2.8575 0.9144 -6.0960,
		 2.9083 0.9144 -6.0960,
		 2.9083 0.7113 -6.0960,
		 2.9083 0.6605 -6.0960,
		 2.8575 0.6605 -6.0960,
		 3.0861 1.4732 -6.0960,
		 3.0861 1.7018 -6.0960,
		 3.1369 1.7018 -6.0960,
		 3.1369 1.4732 -6.0960,
		 3.0861 1.2192 -6.0960,
		 3.0861 1.4224 -6.0960,
		 3.1369 1.4224 -6.0960,
		 3.1369 1.2192 -6.0960,
		 3.0861 0.9652 -6.0960,
		 3.0861 1.1684 -6.0960,
		 3.1369 1.1684 -6.0960,
		 3.1369 0.9652 -6.0960,
		 3.0861 0.7113 -6.0960,
		 3.0861 0.9144 -6.0960,
		 3.1369 0.9144 -6.0960,
		 3.1369 0.7113 -6.0960,
		 3.1369 0.6605 -6.0960,
		 3.0861 0.6605 -6.0960,
		 3.3147 1.4732 -6.0960,
		 3.3147 1.7018 -6.0960,
		 3.3655 1.7018 -6.0960,
		 3.3655 1.4732 -6.0960,
		 3.3147 1.2192 -6.0960,
		 3.3147 1.4224 -6.0960,
		 3.3655 1.4224 -6.0960,
		 3.3655 1.2192 -6.0960,
		 3.3147 0.9652 -6.0960,
		 3.3147 1.1684 -6.0960,
		 3.3655 1.1684 -6.0960,
		 3.3655 0.9652 -6.0960,
		 3.3147 0.7113 -6.0960,
		 3.3147 0.9144 -6.0960,
		 3.3655 0.9144 -6.0960,
		 3.3655 0.7113 -6.0960,
		 3.3655 0.6605 -6.0960,
		 3.3147 0.6605 -6.0960,
		 2.2098 1.4732 -6.0960,
		 3.5687 1.4732 -6.0960,
		 3.5687 1.4224 -6.0960,
		 2.2098 1.4224 -6.0960,
		 2.2098 1.2192 -6.0960,
		 3.5687 1.2192 -6.0960,
		 3.5687 1.1684 -6.0960,
		 2.2098 1.1684 -6.0960,
		 2.2098 0.9652 -6.0960,
		 3.5687 0.9652 -6.0960,
		 3.5687 0.9144 -6.0960,
		 2.2098 0.9144 -6.0960,
		 2.2098 0.7113 -6.0960,
		 3.5687 0.7113 -6.0960,
		 3.5687 0.6605 -6.0960,
		 2.2098 0.6605 -6.0960,
		 4.5720 1.8289 -6.0960,
		 -3.0480 1.8289 -6.0960,
		 -3.0480 0.0001 -6.0960,
		 -3.0480 0.0001 -6.0960,
		 4.5720 0.0001 -6.0960,
		 4.5720 1.8034 -6.0960,
		 4.5720 1.8289 -6.0960,
		 1.5240 1.8034 -6.0960,
		 1.5240 1.8034 -6.0960,
		 1.5240 0.3303 -6.0960,
		 1.5240 0.3303 -6.0960,
		 4.5720 0.0001 -6.0960,
		 4.5720 0.3303 -6.0960,
		 4.5720 1.8034 -6.0960,
		 3.6703 1.7019 -6.0960,
		 2.1082 1.7019 -6.0960,
		 2.1082 1.7019 -6.0960,
		 2.1082 0.4319 -6.0960,
		 2.1082 0.4319 -6.0960,
		 3.6703 0.4319 -6.0960,
		 3.6703 1.7019 -6.0960,
		 3.5687 1.7018 -6.0960,
		 2.2098 1.7018 -6.0960,
		 2.4003 1.4732 -6.0960,
		 2.2098 1.7018 -6.0960,
		 2.2098 1.4732 -6.0960,
		 2.4003 1.2192 -6.0960,
		 2.4003 1.4224 -6.0960,
		 2.2098 1.4224 -6.0960,
		 2.2098 1.2192 -6.0960,
		 2.4003 0.9652 -6.0960,
		 2.4003 1.1684 -6.0960,
		 2.2098 1.1684 -6.0960,
		 2.2098 0.9652 -6.0960,
		 2.4003 0.7113 -6.0960,
		 2.4003 0.9144 -6.0960,
		 2.2098 0.9144 -6.0960,
		 2.2098 0.7113 -6.0960,
		 2.2098 0.6605 -6.0960,
		 2.4003 0.6605 -6.0960,
		 2.6289 1.4732 -6.0960,
		 2.6289 1.7018 -6.0960,
		 2.4511 1.7018 -6.0960,
		 2.4511 1.4732 -6.0960,
		 2.6289 1.2192 -6.0960,
		 2.6289 1.4224 -6.0960,
		 2.4511 1.4224 -6.0960,
		 2.4511 1.2192 -6.0960,
		 2.6289 0.9652 -6.0960,
		 2.6289 1.1684 -6.0960,
		 2.4511 1.1684 -6.0960,
		 2.4511 0.9652 -6.0960,
		 2.6289 0.7113 -6.0960,
		 2.6289 0.9144 -6.0960,
		 2.4511 0.9144 -6.0960,
		 2.4511 0.7113 -6.0960,
		 2.4511 0.6605 -6.0960,
		 2.6289 0.6605 -6.0960,
		 2.8575 1.4732 -6.0960,
		 2.8575 1.7018 -6.0960,
		 2.6797 1.7018 -6.0960,
		 2.6797 1.4732 -6.0960,
		 2.8575 1.2192 -6.0960,
		 2.8575 1.4224 -6.0960,
		 2.6797 1.4224 -6.0960,
		 2.6797 1.2192 -6.0960,
		 2.8575 0.9652 -6.0960,
		 2.8575 1.1684 -6.0960,
		 2.6797 1.1684 -6.0960,
		 2.6797 0.9652 -6.0960,
		 2.8575 0.7113 -6.0960,
		 2.8575 0.9144 -6.0960,
		 2.6797 0.9144 -6.0960,
		 2.6797 0.7113 -6.0960,
		 2.6797 0.6605 -6.0960,
		 2.8575 0.6605 -6.0960,
		 3.0861 1.4732 -6.0960,
		 3.0861 1.7018 -6.0960,
		 2.9083 1.7018 -6.0960,
		 2.9083 1.4732 -6.0960,
		 3.0861 1.2192 -6.0960,
		 3.0861 1.4224 -6.0960,
		 2.9083 1.4224 -6.0960,
		 2.9083 1.2192 -6.0960,
		 3.0861 0.9652 -6.0960,
		 3.0861 1.1684 -6.0960,
		 2.9083 1.1684 -6.0960,
		 2.9083 0.9652 -6.0960,
		 3.0861 0.7113 -6.0960,
		 3.0861 0.9144 -6.0960,
		 2.9083 0.9144 -6.0960,
		 2.9083 0.7113 -6.0960,
		 2.9083 0.6605 -6.0960,
		 3.0861 0.6605 -6.0960,
		 3.3147 1.4732 -6.0960,
		 3.3147 1.7018 -6.0960,
		 3.1369 1.7018 -6.0960,
		 3.1369 1.4732 -6.0960,
		 3.3147 1.2192 -6.0960,
		 3.3147 1.4224 -6.0960,
		 3.1369 1.4224 -6.0960,
		 3.1369 1.2192 -6.0960,
		 3.3147 0.9652 -6.0960,
		 3.3147 1.1684 -6.0960,
		 3.1369 1.1684 -6.0960,
		 3.1369 0.9652 -6.0960,
		 3.3147 0.7113 -6.0960,
		 3.3147 0.9144 -6.0960,
		 3.1369 0.9144 -6.0960,
		 3.1369 0.7113 -6.0960,
		 3.1369 0.6605 -6.0960,
		 3.3147 0.6605 -6.0960,
		 3.5687 1.4732 -6.0960,
		 3.5687 1.7018 -6.0960,
		 3.3655 1.7018 -6.0960,
		 3.3655 1.4732 -6.0960,
		 3.5687 1.2192 -6.0960,
		 3.5687 1.4224 -6.0960,
		 3.3655 1.4224 -6.0960,
		 3.3655 1.2192 -6.0960,
		 3.5687 0.9652 -6.0960,
		 3.5687 1.1684 -6.0960,
		 3.3655 1.1684 -6.0960,
		 3.3655 0.9652 -6.0960,
		 3.5687 0.7113 -6.0960,
		 3.5687 0.9144 -6.0960,
		 3.3655 0.9144 -6.0960,
		 3.3655 0.7113 -6.0960,
		 3.3655 0.6605 -6.0960,
		 3.5687 0.6605 -6.0960,
		 2.4511 1.4732 -6.0960,
		 2.4003 1.4732 -6.0960,
		 2.4511 1.2192 -6.0960,
		 2.4511 1.4224 -6.0960,
		 2.4003 1.4224 -6.0960,
		 2.4003 1.2192 -6.0960,
		 2.4511 0.9652 -6.0960,
		 2.4511 1.1684 -6.0960,
		 2.4003 1.1684 -6.0960,
		 2.4003 0.9652 -6.0960,
		 2.4511 0.7113 -6.0960,
		 2.4511 0.9144 -6.0960,
		 2.4003 0.9144 -6.0960,
		 2.4003 0.7113 -6.0960,
		 2.4003 0.6605 -6.0960,
		 2.4511 0.6605 -6.0960,
		 2.6797 1.4732 -6.0960,
		 2.6289 1.4732 -6.0960,
		 2.6797 1.2192 -6.0960,
		 2.6797 1.4224 -6.0960,
		 2.6289 1.4224 -6.0960,
		 2.6289 1.2192 -6.0960,
		 2.6797 0.9652 -6.0960,
		 2.6797 1.1684 -6.0960,
		 2.6289 1.1684 -6.0960,
		 2.6289 0.9652 -6.0960,
		 2.6797 0.7113 -6.0960,
		 2.6797 0.9144 -6.0960,
		 2.6289 0.9144 -6.0960,
		 2.6289 0.7113 -6.0960,
		 2.6289 0.6605 -6.0960,
		 2.6797 0.6605 -6.0960,
		 2.9083 1.4732 -6.0960,
		 2.8575 1.4732 -6.0960,
		 2.9083 1.2192 -6.0960,
		 2.9083 1.4224 -6.0960,
		 2.8575 1.4224 -6.0960,
		 2.8575 1.2192 -6.0960,
		 2.9083 0.9652 -6.0960,
		 2.9083 1.1684 -6.0960,
		 2.8575 1.1684 -6.0960,
		 2.8575 0.9652 -6.0960,
		 2.9083 0.7113 -6.0960,
		 2.9083 0.9144 -6.0960,
		 2.8575 0.9144 -6.0960,
		 2.8575 0.7113 -6.0960,
		 2.8575 0.6605 -6.0960,
		 2.9083 0.6605 -6.0960,
		 3.1369 1.4732 -6.0960,
		 3.0861 1.4732 -6.0960,
		 3.1369 1.2192 -6.0960,
		 3.1369 1.4224 -6.0960,
		 3.0861 1.4224 -6.0960,
		 3.0861 1.2192 -6.0960,
		 3.1369 0.9652 -6.0960,
		 3.1369 1.1684 -6.0960,
		 3.0861 1.1684 -6.0960,
		 3.0861 0.9652 -6.0960,
		 3.1369 0.7113 -6.0960,
		 3.1369 0.9144 -6.0960,
		 3.0861 0.9144 -6.0960,
		 3.0861 0.7113 -6.0960,
		 3.0861 0.6605 -6.0960,
		 3.1369 0.6605 -6.0960,
		 3.3655 1.4732 -6.0960,
		 3.3147 1.4732 -6.0960,
		 3.3655 1.2192 -6.0960,
		 3.3655 1.4224 -6.0960,
		 3.3147 1.4224 -6.0960,
		 3.3147 1.2192 -6.0960,
		 3.3655 0.9652 -6.0960,
		 3.3655 1.1684 -6.0960,
		 3.3147 1.1684 -6.0960,
		 3.3147 0.9652 -6.0960,
		 3.3655 0.7113 -6.0960,
		 3.3655 0.9144 -6.0960,
		 3.3147 0.9144 -6.0960,
		 3.3147 0.7113 -6.0960,
		 3.3147 0.6605 -6.0960,
		 3.3655 0.6605 -6.0960,
		 -3.0480 1.0287 -6.0960,
		 -3.0480 1.0287 -9.1440,
		 -3.0480 2.4384 -9.1440,
		 -3.0480 0.1143 -6.0960,
		 -3.0480 0.0000 -9.1440,
		 -3.0480 0.1143 -9.1440,
		 -3.0480 1.0287 -6.0960,
		 -3.0480 0.1143 -9.1440,
		 -3.0480 1.0287 -9.1440,
		 -3.0480 1.5750 -6.0960,
		 -3.0480 1.5750 -12.1920,
		 -3.0480 0.0002 -11.2776,
		 -3.0480 1.5750 -11.2776,
		 -3.0480 0.0002 -12.1920,
		 -3.0480 0.0002 -12.1920,
		 -3.0480 0.0002 -6.0960,
		 -3.0480 1.5750 -10.4140,
		 -3.0480 0.0002 -10.4140,
		 -3.0480 0.0002 -6.0960,
		 -3.0480 1.5750 -6.0960,
		 -3.0480 0.8050 -10.4140,
		 -3.0480 0.8050 -11.2776,
		 -3.0480 0.8008 -10.5254,
		 -3.0480 0.8050 -10.5095,
		 -3.0480 0.8008 -11.2776,
		 -3.0480 0.7912 -10.5384,
		 -3.0480 0.7912 -11.2776,
		 -3.0480 0.7776 -10.5465,
		 -3.0480 0.7776 -11.2776,
		 -3.0480 0.7621 -10.5484,
		 -3.0480 0.7621 -11.2776,
		 -3.0480 0.7471 -10.5440,
		 -3.0480 0.7471 -11.2776,
		 -3.0480 0.7348 -10.5338,
		 -3.0480 0.7348 -11.2776,
		 -3.0480 0.7272 -10.5194,
		 -3.0480 0.7272 -11.2776,
		 -3.0480 0.7253 -10.5030,
		 -3.0480 0.7253 -11.2776,
		 -3.0480 0.7253 -11.2776,
		 -3.0480 0.7253 -10.4140,
		 -3.0480 0.7295 -10.4871,
		 -3.0480 0.7295 -10.4140,
		 -3.0480 0.7392 -10.4741,
		 -3.0480 0.7392 -10.4140,
		 -3.0480 0.7528 -10.4660,
		 -3.0480 0.7528 -10.4140,
		 -3.0480 0.7682 -10.4641,
		 -3.0480 0.7682 -10.4140,
		 -3.0480 0.7833 -10.4685,
		 -3.0480 0.7833 -10.4140,
		 -3.0480 0.7955 -10.4787,
		 -3.0480 0.7955 -10.4140,
		 -3.0480 0.8032 -10.4931,
		 -3.0480 0.8032 -10.4140,
		 -3.0480 0.8050 -10.4140,
		 -3.0480 0.0000 -6.7056,
		 4.5720 0.0000 -6.7056,
		 -0.0000 0.0000 -6.2484,
		 -0.0000 0.0000 -6.7056,
		 4.5720 0.0000 -6.2484,
		 4.5720 0.0000 -6.2484,
		 -3.0480 0.0000 -6.2484,
		 -1.5240 0.0000 -6.7056,
		 -1.5240 0.0000 -6.2484,
		 -3.0480 0.0000 -6.2484,
		 -3.0480 0.0000 -6.7056
		]
	} #Coordinate3
	Material {
		ambientColor      0.2500 0.2500 0.2500  #ambientColor
		diffuseColor      1.0000 1.0000 1.0000  #diffuseColor
		transparency      0.0000                #transparency
	} #Material

	Texture2 {
		filename ""  #filename
		wrapS REPEAT 
		wrapT REPEAT 
	} #Texture2

	IndexedFaceSet {
		coordIndex [ 
		 3, 2, 1, 0,-1,
		 0, 3, 7, 4,-1,
		 8, 4, 7, 9,-1,
		 10, 11, 12, 13,-1,
		 14, 3, 0, 15,-1,
		 16, 17, 18, 19,-1,
		 20, 21, 22, 1,-1,
		 23, 5, 4, 24,-1,
		 25, 23, 26, 27,-1,
		 28, 0, 1, 29,-1,
		 30, 31, 32, 33,-1,
		 34, 2, 1, 35,-1,
		 36, 34, 37, 38,-1,
		 39, 5, 6, 40,-1,
		 41, 42, 43, 44,-1,
		 45, 46, 47, 48,-1,
		 49, 50, 51, 52,-1,
		 53, 49, 54, 55,-1,
		]
	} #IndexedFaceSet
	Material {
		ambientColor      0.1735 0.1735 0.1735  #ambientColor
		diffuseColor      0.6941 0.6941 0.6941  #diffuseColor
		transparency      0.0000                #transparency
	} #Material

	IndexedFaceSet {
		coordIndex [ 
		 56, 47, 55, 57,-1,
		 58, 59, 60, 61,-1,
		 62, 54, 48, 63,-1,
		 64, 62, 65, 66,-1,
		]
	} #IndexedFaceSet
	Material {
		ambientColor      0.0833 0.0833 0.2500  #ambientColor
		diffuseColor      0.3333 0.3333 1.0000  #diffuseColor
		transparency      0.4980                #transparency
	} #Material

	IndexedFaceSet {
		coordIndex [ 
		 67, 60, 66, 68,-1,
		 69, 70, 71, 72,-1,
		 73, 74, 75, 76,-1,
		 77, 78, 79, 80,-1,
		 81, 82, 83, 84,-1,
		 85, 86, 61, 87,-1,
		 88, 89, 90, 91,-1,
		 92, 93, 94, 95,-1,
		 96, 97, 98, 99,-1,
		 100, 101, 102, 103,-1,
		 104, 105, 106, 107,-1,
		 108, 109, 110, 111,-1,
		 112, 113, 114, 115,-1,
		 116, 117, 118, 119,-1,
		 120, 121, 122, 123,-1,
		 124, 125, 126, 127,-1,
		 128, 129, 130, 131,-1,
		 132, 133, 134, 135,-1,
		 136, 137, 138, 139,-1,
		 140, 141, 142, 143,-1,
		 144, 145, 146, 147,-1,
		 148, 149, 150, 151,-1,
		 152, 153, 154, 155,-1,
		 156, 157, 158, 159,-1,
		 160, 161, 162, 163,-1,
		 164, 165, 166, 167,-1,
		 168, 169, 170, 171,-1,
		 172, 173, 174, 175,-1,
		 176, 177, 178, 179,-1,
		 180, 181, 182, 183,-1,
		 184, 65, 185, 186,-1,
		]
	} #IndexedFaceSet
	Material {
		ambientColor      0.1735 0.1735 0.1735  #ambientColor
		diffuseColor      0.6941 0.6941 0.6941  #diffuseColor
		transparency      0.0000                #transparency
	} #Material

	IndexedFaceSet {
		coordIndex [ 
		 187, 71, 188, 189,-1,
		 190, 191, 192, 193,-1,
		 194, 195, 196, 197,-1,
		 198, 199, 200, 201,-1,
		 202, 106, 86, 203,-1,
		 204, 205, 206, 207,-1,
		 208, 209, 210, 211,-1,
		 212, 213, 214, 215,-1,
		 216, 217, 218, 219,-1,
		 220, 126, 105, 221,-1,
		 222, 223, 224, 225,-1,
		 226, 227, 228, 229,-1,
		 230, 231, 232, 233,-1,
		 234, 235, 236, 237,-1,
		 238, 146, 125, 239,-1,
		 240, 241, 242, 243,-1,
		 244, 245, 246, 247,-1,
		 248, 249, 250, 251,-1,
		 252, 253, 254, 255,-1,
		 256, 166, 145, 257,-1,
		 258, 259, 260, 261,-1,
		 262, 263, 264, 265,-1,
		 266, 267, 268, 269,-1,
		 270, 271, 272, 273,-1,
		 274, 185, 165, 275,-1,
		 276, 277, 278, 279,-1,
		 280, 281, 282, 283,-1,
		 284, 285, 286, 287,-1,
		 288, 289, 290, 291,-1,
		]
	} #IndexedFaceSet
	Material {
		ambientColor      0.2500 0.2500 0.2500  #ambientColor
		diffuseColor      1.0000 1.0000 1.0000  #diffuseColor
		transparency      0.0000                #transparency
	} #Material

	IndexedFaceSet {
		coordIndex [ 
		 292, 1, 2, 293,-1,
		 38, 37, 293, 294,-1,
		 295, 6, 5, 296,-1,
		 297, 298, 42, 299,-1,
		 48, 47, 300, 301,-1,
		 302, 51, 303, 304,-1,
		 55, 54, 304, 305,-1,
		]
	} #IndexedFaceSet
	Material {
		ambientColor      0.1735 0.1735 0.1735  #ambientColor
		diffuseColor      0.6941 0.6941 0.6941  #diffuseColor
		transparency      0.0000                #transparency
	} #Material

	IndexedFaceSet {
		coordIndex [ 
		 306, 55, 47, 307,-1,
		 61, 60, 308, 309,-1,
		 310, 48, 54, 311,-1,
		 66, 65, 311, 312,-1,
		]
	} #IndexedFaceSet
	Material {
		ambientColor      0.0833 0.0833 0.2500  #ambientColor
		diffuseColor      0.3333 0.3333 1.0000  #diffuseColor
		transparency      0.4980                #transparency
	} #Material

	IndexedFaceSet {
		coordIndex [ 
		 313, 66, 60, 314,-1,
		 315, 71, 316, 317,-1,
		 318, 319, 320, 321,-1,
		 322, 323, 324, 325,-1,
		 326, 327, 328, 329,-1,
		 330, 61, 86, 331,-1,
		 332, 333, 334, 335,-1,
		 336, 337, 338, 339,-1,
		 340, 341, 342, 343,-1,
		 344, 345, 346, 347,-1,
		 348, 106, 105, 349,-1,
		 350, 351, 352, 353,-1,
		 354, 355, 356, 357,-1,
		 358, 359, 360, 361,-1,
		 362, 363, 364, 365,-1,
		 366, 126, 125, 367,-1,
		 368, 369, 370, 371,-1,
		 372, 373, 374, 375,-1,
		 376, 377, 378, 379,-1,
		 380, 381, 382, 383,-1,
		 384, 146, 145, 385,-1,
		 386, 387, 388, 389,-1,
		 390, 391, 392, 393,-1,
		 394, 395, 396, 397,-1,
		 398, 399, 400, 401,-1,
		 402, 166, 165, 403,-1,
		 404, 405, 406, 407,-1,
		 408, 409, 410, 411,-1,
		 412, 413, 414, 415,-1,
		 416, 417, 418, 419,-1,
		 420, 185, 65, 421,-1,
		]
	} #IndexedFaceSet
	Material {
		ambientColor      0.1735 0.1735 0.1735  #ambientColor
		diffuseColor      0.6941 0.6941 0.6941  #diffuseColor
		transparency      0.0000                #transparency
	} #Material

	IndexedFaceSet {
		coordIndex [ 
		 422, 188, 71, 423,-1,
		 424, 425, 426, 427,-1,
		 428, 429, 430, 431,-1,
		 432, 433, 434, 435,-1,
		 436, 86, 106, 437,-1,
		 438, 206, 205, 439,-1,
		 440, 441, 442, 443,-1,
		 444, 445, 446, 447,-1,
		 448, 449, 450, 451,-1,
		 452, 105, 126, 453,-1,
		 454, 224, 223, 455,-1,
		 456, 457, 458, 459,-1,
		 460, 461, 462, 463,-1,
		 464, 465, 466, 467,-1,
		 468, 125, 146, 469,-1,
		 470, 242, 241, 471,-1,
		 472, 473, 474, 475,-1,
		 476, 477, 478, 479,-1,
		 480, 481, 482, 483,-1,
		 484, 145, 166, 485,-1,
		 486, 260, 259, 487,-1,
		 488, 489, 490, 491,-1,
		 492, 493, 494, 495,-1,
		 496, 497, 498, 499,-1,
		 500, 165, 185, 501,-1,
		 279, 278, 277, 276,-1,
		 283, 282, 281, 280,-1,
		 287, 286, 285, 284,-1,
		 291, 290, 289, 288,-1,
		]
	} #IndexedFaceSet
	Material {
		ambientColor      0.1500 0.1000 0.0500  #ambientColor
		diffuseColor      0.6000 0.4000 0.2000  #diffuseColor
		transparency      0.0000                #transparency
	} #Material

	IndexedFaceSet {
		coordIndex [ 
		 2, 502, 503, 504,-1,
		 505, 6, 506, 507,-1,
		 508, 505, 509, 510,-1,
		]
	} #IndexedFaceSet
	Material {
		ambientColor      0.2500 0.2500 0.2500  #ambientColor
		diffuseColor      1.0000 1.0000 1.0000  #diffuseColor
		transparency      0.0000                #transparency
	} #Material

	IndexedFaceSet {
		coordIndex [ 
		 511, 2, 3, 512,-1,
		 513, 514, 512, 515,-1,
		 516, 7, 6, 517,-1,
		 518, 519, 520, 521,-1,
		]
	} #IndexedFaceSet
	Material {
		ambientColor      0.1500 0.1000 0.0500  #ambientColor
		diffuseColor      0.6000 0.4000 0.2000  #diffuseColor
		transparency      0.0000                #transparency
	} #Material

	IndexedFaceSet {
		coordIndex [ 
		 537, 539, 543, 545, 547, 549, 551, 553, 555, 525, 524, 527, 529, 531, 533, 535,-1,
		]
	} #IndexedFaceSet
	Material {
		ambientColor      0.2500 0.2500 0.2500  #ambientColor
		diffuseColor      1.0000 1.0000 1.0000  #diffuseColor
		transparency      0.0000                #transparency
	} #Material

	Texture2 {
		filename "TXTR0001.JPG"  #filename
		wrapS REPEAT 
		wrapT REPEAT 
	} #Texture2

	IndexedFaceSet {
		coordIndex [ 
		 558, 7, 4, 559,-1,
		 560, 561, 559, 562,-1,
		 563, 5, 6, 564,-1,
		 565, 566, 567, 568,-1,
		]
	} #IndexedFaceSet
	Separator { #Polyhedron
		WWWAnchor {
			name "file:///kitchen.wrl"
			map NONE
			USE COORD1
			Material {
				ambientColor      0.2500 0.1500 0.0500  #ambientColor
				diffuseColor      1.0000 0.6000 0.2000  #diffuseColor
				transparency      0.0000                #transparency
			} #Material

			Texture2 {
				filename ""  #filename
				wrapS REPEAT 
				wrapT REPEAT 
			} #Texture2

			IndexedFaceSet {
				coordIndex [ 
				 522, 518, 514, 523,-1,
				 524, 525, 523, 526,-1,
				 527, 524, 526, 528,-1,
				 529, 527, 528, 530,-1,
				 531, 529, 530, 532,-1,
				 533, 531, 532, 534,-1,
				 535, 533, 534, 536,-1,
				 537, 535, 536, 538,-1,
				 539, 537, 538, 540,-1,
				 541, 513, 519, 542,-1,
				 543, 539, 542, 544,-1,
				 545, 543, 544, 546,-1,
				 547, 545, 546, 548,-1,
				 549, 547, 548, 550,-1,
				 551, 549, 550, 552,-1,
				 553, 551, 552, 554,-1,
				 555, 553, 554, 556,-1,
				 525, 555, 556, 557,-1,
				]
			} #IndexedFaceSet
		} #WWWAnchor
	} #Polyhedron
} #Polyhedron
Separator { #Polyhedron
	DEF COORD2 Coordinate3 {
		point [
		 0.4482 2.2098 -8.9184,
		 0.5498 2.2098 -8.9565,
		 0.8128 2.2098 -8.5090,
		 0.6096 2.2098 -8.4328,
		 0.4482 2.1844 -8.9184,
		 0.5498 2.1844 -8.9565,
		 0.8128 2.1844 -8.5090,
		 0.6096 2.1844 -8.4328
		]
	} #Coordinate3
	Material {
		ambientColor      0.2000 0.0500 0.0000  #ambientColor
		diffuseColor      0.8000 0.2000 0.0000  #diffuseColor
		transparency      0.0000                #transparency
	} #Material

	IndexedFaceSet {
		coordIndex [ 
		 0, 1, 2, 3,-1,
		 3, 2, 1, 0,-1,
		 0, 3, 7, 4,-1,
		 4, 7, 3, 0,-1,
		 1, 0, 4, 5,-1,
		 5, 4, 0, 1,-1,
		 2, 1, 5, 6,-1,
		 6, 5, 1, 2,-1,
		 3, 2, 6, 7,-1,
		 7, 6, 2, 3,-1,
		 7, 6, 5, 4,-1,
		 4, 5, 6, 7,-1,
		]
	} #IndexedFaceSet
} #Polyhedron
Separator { #Polyhedron
	DEF COORD3 Coordinate3 {
		point [
		 0.5104 2.3723 -9.2829,
		 0.5770 2.3723 -9.2384,
		 0.6215 2.3723 -9.1718,
		 0.6371 2.3723 -9.0932,
		 0.6215 2.3723 -9.0147,
		 0.5770 2.3723 -8.9480,
		 0.5104 2.3723 -8.9035,
		 0.4318 2.3723 -8.8879,
		 0.3532 2.3723 -8.9035,
		 0.2866 2.3723 -8.9480,
		 0.2421 2.3723 -9.0147,
		 0.2265 2.3723 -9.0932,
		 0.2421 2.3723 -9.1718,
		 0.2866 2.3723 -9.2384,
		 0.3532 2.3723 -9.2829,
		 0.4318 2.3723 -9.2985,
		 0.4318 1.0668 -9.0932,
		 0.4318 2.2179 -9.2743,
		 0.5011 2.2179 -9.2605,
		 0.5598 2.2179 -9.2212,
		 0.5991 2.2179 -9.1625,
		 0.6128 2.2179 -9.0932,
		 0.5991 2.2179 -9.0239,
		 0.5598 2.2179 -8.9652,
		 0.5011 2.2179 -8.9260,
		 0.4318 2.2179 -8.9122,
		 0.3625 2.2179 -8.9260,
		 0.3038 2.2179 -8.9652,
		 0.2645 2.2179 -9.0239,
		 0.2508 2.2179 -9.0932,
		 0.2645 2.2179 -9.1625,
		 0.3038 2.2179 -9.2212,
		 0.3625 2.2179 -9.2605
		]
	} #Coordinate3
	Material {
		ambientColor      0.1392 0.1392 0.1392  #ambientColor
		diffuseColor      0.5569 0.5569 0.5569  #diffuseColor
		transparency      0.0000                #transparency
	} #Material

	IndexedFaceSet {
		coordIndex [ 
		 0, 1, 2, 3, 4, 5, 6, 7, 8, 9, 10, 11, 12, 13, 14, 15,-1,
		 15, 14, 13, 12, 11, 10, 9, 8, 7, 6, 5, 4, 3, 2, 1, 0,-1,
		 0, 15, 17, 18,-1,
		 18, 17, 15, 0,-1,
		 1, 0, 18, 19,-1,
		 19, 18, 0, 1,-1,
		 2, 1, 19, 20,-1,
		 20, 19, 1, 2,-1,
		 3, 2, 20, 21,-1,
		 21, 20, 2, 3,-1,
		 4, 3, 21, 22,-1,
		 22, 21, 3, 4,-1,
		 5, 4, 22, 23,-1,
		 23, 22, 4, 5,-1,
		 6, 5, 23, 24,-1,
		 24, 23, 5, 6,-1,
		 7, 6, 24, 25,-1,
		 25, 24, 6, 7,-1,
		 8, 7, 25, 26,-1,
		 26, 25, 7, 8,-1,
		 9, 8, 26, 27,-1,
		 27, 26, 8, 9,-1,
		 10, 9, 27, 28,-1,
		 28, 27, 9, 10,-1,
		 11, 10, 28, 29,-1,
		 29, 28, 10, 11,-1,
		 12, 11, 29, 30,-1,
		 30, 29, 11, 12,-1,
		 13, 12, 30, 31,-1,
		 31, 30, 12, 13,-1,
		 14, 13, 31, 32,-1,
		 32, 31, 13, 14,-1,
		 15, 14, 32, 17,-1,
		 17, 32, 14, 15,-1,
		 18, 17, 32, 31, 30, 29, 28, 27, 26, 25, 24, 23, 22, 21, 20, 19,-1,
		 19, 20, 21, 22, 23, 24, 25, 26, 27, 28, 29, 30, 31, 32, 17, 18,-1,
		]
	} #IndexedFaceSet
} #Polyhedron
Separator { #Polyhedron
	DEF COORD4 Coordinate3 {
		point [
		 0.4615 2.2025 -9.1649,
		 0.4867 2.2025 -9.1481,
		 0.5035 2.2025 -9.1229,
		 0.5094 2.2025 -9.0932,
		 0.5035 2.2025 -9.0635,
		 0.4867 2.2025 -9.0384,
		 0.4615 2.2025 -9.0215,
		 0.4318 2.2025 -9.0156,
		 0.4021 2.2025 -9.0215,
		 0.3769 2.2025 -9.0384,
		 0.3601 2.2025 -9.0635,
		 0.3542 2.2025 -9.0932,
		 0.3601 2.2025 -9.1229,
		 0.3769 2.2025 -9.1481,
		 0.4021 2.2025 -9.1649,
		 0.4318 2.2025 -9.1708,
		 0.4615 2.1637 -9.1649,
		 0.4867 2.1637 -9.1481,
		 0.5035 2.1637 -9.1229,
		 0.5094 2.1637 -9.0932,
		 0.5035 2.1637 -9.0635,
		 0.4867 2.1637 -9.0384,
		 0.4615 2.1637 -9.0215,
		 0.4318 2.1637 -9.0156,
		 0.4021 2.1637 -9.0215,
		 0.3769 2.1637 -9.0384,
		 0.3601 2.1637 -9.0635,
		 0.3542 2.1637 -9.0932,
		 0.3601 2.1637 -9.1229,
		 0.3769 2.1637 -9.1481,
		 0.4021 2.1637 -9.1649,
		 0.4318 2.1637 -9.1708
		]
	} #Coordinate3
	Material {
		ambientColor      0.1392 0.1392 0.1392  #ambientColor
		diffuseColor      0.5569 0.5569 0.5569  #diffuseColor
		transparency      0.0000                #transparency
	} #Material

	IndexedFaceSet {
		coordIndex [ 
		 0, 1, 2, 3, 4, 5, 6, 7, 8, 9, 10, 11, 12, 13, 14, 15,-1,
		 15, 14, 13, 12, 11, 10, 9, 8, 7, 6, 5, 4, 3, 2, 1, 0,-1,
		 0, 15, 31, 16,-1,
		 16, 31, 15, 0,-1,
		 1, 0, 16, 17,-1,
		 17, 16, 0, 1,-1,
		 2, 1, 17, 18,-1,
		 18, 17, 1, 2,-1,
		 3, 2, 18, 19,-1,
		 19, 18, 2, 3,-1,
		 4, 3, 19, 20,-1,
		 20, 19, 3, 4,-1,
		 5, 4, 20, 21,-1,
		 21, 20, 4, 5,-1,
		 6, 5, 21, 22,-1,
		 22, 21, 5, 6,-1,
		 7, 6, 22, 23,-1,
		 23, 22, 6, 7,-1,
		 8, 7, 23, 24,-1,
		 24, 23, 7, 8,-1,
		 9, 8, 24, 25,-1,
		 25, 24, 8, 9,-1,
		 10, 9, 25, 26,-1,
		 26, 25, 9, 10,-1,
		 11, 10, 26, 27,-1,
		 27, 26, 10, 11,-1,
		 12, 11, 27, 28,-1,
		 28, 27, 11, 12,-1,
		 13, 12, 28, 29,-1,
		 29, 28, 12, 13,-1,
		 14, 13, 29, 30,-1,
		 30, 29, 13, 14,-1,
		 15, 14, 30, 31,-1,
		 31, 30, 14, 15,-1,
		 31, 30, 29, 28, 27, 26, 25, 24, 23, 22, 21, 20, 19, 18, 17, 16,-1,
		 16, 17, 18, 19, 20, 21, 22, 23, 24, 25, 26, 27, 28, 29, 30, 31,-1,
		]
	} #IndexedFaceSet
} #Polyhedron
Separator { #Polyhedron
	DEF COORD5 Coordinate3 {
		point [
		 0.4318 2.1946 -9.0932,
		 0.5138 2.1476 -9.1719,
		 0.5454 2.1476 -9.0909,
		 0.5105 2.1476 -9.0112,
		 0.4294 2.1476 -8.9796,
		 0.3498 2.1476 -9.0146,
		 0.3182 2.1476 -9.0956,
		 0.3532 2.1476 -9.1752,
		 0.4342 2.1476 -9.2068,
		 0.5355 2.1005 -9.1927,
		 0.5755 2.1005 -9.0902,
		 0.5313 2.1005 -8.9895,
		 0.4288 2.1005 -8.9495,
		 0.3281 2.1005 -8.9937,
		 0.2881 2.1005 -9.0962,
		 0.3323 2.1005 -9.1969,
		 0.4348 2.1005 -9.2369,
		 0.5418 2.0534 -9.1987,
		 0.5842 2.0534 -9.0900,
		 0.5373 2.0534 -8.9832,
		 0.4286 2.0534 -8.9408,
		 0.3218 2.0534 -8.9877,
		 0.2794 2.0534 -9.0964,
		 0.3263 2.0534 -9.2032,
		 0.4350 2.0534 -9.2456,
		 0.5355 2.0063 -9.1927,
		 0.5755 2.0063 -9.0902,
		 0.5313 2.0063 -8.9895,
		 0.4288 2.0063 -8.9495,
		 0.3281 2.0063 -8.9937,
		 0.2881 2.0063 -9.0962,
		 0.3323 2.0063 -9.1969,
		 0.4348 2.0063 -9.2369,
		 0.5138 1.9593 -9.1719,
		 0.5454 1.9593 -9.0909,
		 0.5105 1.9593 -9.0112,
		 0.4294 1.9593 -8.9796,
		 0.3498 1.9593 -9.0146,
		 0.3182 1.9593 -9.0956,
		 0.3532 1.9593 -9.1752,
		 0.4342 1.9593 -9.2068,
		 0.4318 1.9122 -9.0932,
		 0.4340 2.1518 -9.1965,
		 0.5063 2.1518 -9.1647,
		 0.5351 2.1518 -9.0911,
		 0.5033 2.1518 -9.0187,
		 0.4296 2.1518 -8.9899,
		 0.3573 2.1518 -9.0217,
		 0.3285 2.1518 -9.0954,
		 0.3603 2.1518 -9.1678
		]
	} #Coordinate3
	Material {
		ambientColor      0.2500 0.2500 0.0412  #ambientColor
		diffuseColor      1.0000 1.0000 0.1647  #diffuseColor
		transparency      0.0000                #transparency
	} #Material

	IndexedFaceSet {
		coordIndex [ 
		 42, 8, 1, 43,-1,
		 43, 1, 8, 42,-1,
		 43, 1, 2, 44,-1,
		 44, 2, 1, 43,-1,
		 44, 2, 3, 45,-1,
		 45, 3, 2, 44,-1,
		 45, 3, 4, 46,-1,
		 46, 4, 3, 45,-1,
		 46, 4, 5, 47,-1,
		 47, 5, 4, 46,-1,
		 47, 5, 6, 48,-1,
		 48, 6, 5, 47,-1,
		 48, 6, 7, 49,-1,
		 49, 7, 6, 48,-1,
		 49, 7, 8, 42,-1,
		 42, 8, 7, 49,-1,
		 1, 8, 16, 9,-1,
		 9, 16, 8, 1,-1,
		 2, 1, 9, 10,-1,
		 10, 9, 1, 2,-1,
		 3, 2, 10, 11,-1,
		 11, 10, 2, 3,-1,
		 4, 3, 11, 12,-1,
		 12, 11, 3, 4,-1,
		 5, 4, 12, 13,-1,
		 13, 12, 4, 5,-1,
		 6, 5, 13, 14,-1,
		 14, 13, 5, 6,-1,
		 7, 6, 14, 15,-1,
		 15, 14, 6, 7,-1,
		 8, 7, 15, 16,-1,
		 16, 15, 7, 8,-1,
		 9, 16, 24, 17,-1,
		 17, 24, 16, 9,-1,
		 10, 9, 17, 18,-1,
		 18, 17, 9, 10,-1,
		 11, 10, 18, 19,-1,
		 19, 18, 10, 11,-1,
		 12, 11, 19, 20,-1,
		 20, 19, 11, 12,-1,
		 13, 12, 20, 21,-1,
		 21, 20, 12, 13,-1,
		 14, 13, 21, 22,-1,
		 22, 21, 13, 14,-1,
		 15, 14, 22, 23,-1,
		 23, 22, 14, 15,-1,
		 16, 15, 23, 24,-1,
		 24, 23, 15, 16,-1,
		 17, 24, 32, 25,-1,
		 25, 32, 24, 17,-1,
		 18, 17, 25, 26,-1,
		 26, 25, 17, 18,-1,
		 19, 18, 26, 27,-1,
		 27, 26, 18, 19,-1,
		 20, 19, 27, 28,-1,
		 28, 27, 19, 20,-1,
		 21, 20, 28, 29,-1,
		 29, 28, 20, 21,-1,
		 22, 21, 29, 30,-1,
		 30, 29, 21, 22,-1,
		 23, 22, 30, 31,-1,
		 31, 30, 22, 23,-1,
		 24, 23, 31, 32,-1,
		 32, 31, 23, 24,-1,
		 25, 32, 40, 33,-1,
		 33, 40, 32, 25,-1,
		 26, 25, 33, 34,-1,
		 34, 33, 25, 26,-1,
		 27, 26, 34, 35,-1,
		 35, 34, 26, 27,-1,
		 28, 27, 35, 36,-1,
		 36, 35, 27, 28,-1,
		 29, 28, 36, 37,-1,
		 37, 36, 28, 29,-1,
		 30, 29, 37, 38,-1,
		 38, 37, 29, 30,-1,
		 31, 30, 38, 39,-1,
		 39, 38, 30, 31,-1,
		 32, 31, 39, 40,-1,
		 40, 39, 31, 32,-1,
		 33, 40, 41,-1,
		 41, 40, 33,-1,
		 34, 33, 41,-1,
		 41, 33, 34,-1,
		 35, 34, 41,-1,
		 41, 34, 35,-1,
		 36, 35, 41,-1,
		 41, 35, 36,-1,
		 37, 36, 41,-1,
		 41, 36, 37,-1,
		 38, 37, 41,-1,
		 41, 37, 38,-1,
		 39, 38, 41,-1,
		 41, 38, 39,-1,
		 40, 39, 41,-1,
		 41, 39, 40,-1,
		 42, 43, 44, 45, 46, 47, 48, 49,-1,
		 49, 48, 47, 46, 45, 44, 43, 42,-1,
		]
	} #IndexedFaceSet
} #Polyhedron
Separator { #Polyhedron
	DEF COORD6 Coordinate3 {
		point [
		 0.4154 2.2098 -9.2681,
		 0.3138 2.2098 -9.2300,
		 0.0508 2.2098 -9.6774,
		 0.2540 2.2098 -9.7536,
		 0.4154 2.1844 -9.2681,
		 0.3138 2.1844 -9.2300,
		 0.0508 2.1844 -9.6774,
		 0.2540 2.1844 -9.7536
		]
	} #Coordinate3
	Material {
		ambientColor      0.2000 0.0500 0.0000  #ambientColor
		diffuseColor      0.8000 0.2000 0.0000  #diffuseColor
		transparency      0.0000                #transparency
	} #Material

	IndexedFaceSet {
		coordIndex [ 
		 0, 1, 2, 3,-1,
		 3, 2, 1, 0,-1,
		 0, 3, 7, 4,-1,
		 4, 7, 3, 0,-1,
		 1, 0, 4, 5,-1,
		 5, 4, 0, 1,-1,
		 2, 1, 5, 6,-1,
		 6, 5, 1, 2,-1,
		 3, 2, 6, 7,-1,
		 7, 6, 2, 3,-1,
		 7, 6, 5, 4,-1,
		 4, 5, 6, 7,-1,
		]
	} #IndexedFaceSet
} #Polyhedron
Separator { #Polyhedron
	DEF COORD7 Coordinate3 {
		point [
		 0.6066 2.2098 -9.1096,
		 0.5685 2.2098 -9.2112,
		 1.0160 2.2098 -9.4742,
		 1.0922 2.2098 -9.2710,
		 0.6066 2.1844 -9.1096,
		 0.5685 2.1844 -9.2112,
		 1.0160 2.1844 -9.4742,
		 1.0922 2.1844 -9.2710
		]
	} #Coordinate3
	Material {
		ambientColor      0.2000 0.0500 0.0000  #ambientColor
		diffuseColor      0.8000 0.2000 0.0000  #diffuseColor
		transparency      0.0000                #transparency
	} #Material

	IndexedFaceSet {
		coordIndex [ 
		 0, 1, 2, 3,-1,
		 3, 2, 1, 0,-1,
		 0, 3, 7, 4,-1,
		 4, 7, 3, 0,-1,
		 1, 0, 4, 5,-1,
		 5, 4, 0, 1,-1,
		 2, 1, 5, 6,-1,
		 6, 5, 1, 2,-1,
		 3, 2, 6, 7,-1,
		 7, 6, 2, 3,-1,
		 7, 6, 5, 4,-1,
		 4, 5, 6, 7,-1,
		]
	} #IndexedFaceSet
} #Polyhedron
Separator { #Polyhedron
	DEF COORD8 Coordinate3 {
		point [
		 0.2570 2.2098 -9.0769,
		 0.2951 2.2098 -8.9753,
		 -0.1524 2.2098 -8.7122,
		 -0.2286 2.2098 -8.9154,
		 0.2570 2.1844 -9.0769,
		 0.2951 2.1844 -8.9753,
		 -0.1524 2.1844 -8.7122,
		 -0.2286 2.1844 -8.9154
		]
	} #Coordinate3
	Material {
		ambientColor      0.2000 0.0500 0.0000  #ambientColor
		diffuseColor      0.8000 0.2000 0.0000  #diffuseColor
		transparency      0.0000                #transparency
	} #Material

	IndexedFaceSet {
		coordIndex [ 
		 0, 1, 2, 3,-1,
		 3, 2, 1, 0,-1,
		 0, 3, 7, 4,-1,
		 4, 7, 3, 0,-1,
		 1, 0, 4, 5,-1,
		 5, 4, 0, 1,-1,
		 2, 1, 5, 6,-1,
		 6, 5, 1, 2,-1,
		 3, 2, 6, 7,-1,
		 7, 6, 2, 3,-1,
		 7, 6, 5, 4,-1,
		 4, 5, 6, 7,-1,
		]
	} #IndexedFaceSet
} #Polyhedron
Separator { #Polyhedron
	DEF COORD9 Coordinate3 {
		point [
		 -0.1524 0.2286 -9.9162,
		 -0.1524 0.2286 -11.6332,
		 0.7620 0.2286 -11.6332,
		 0.7620 0.2286 -9.9162,
		 -0.1524 0.0000 -9.9162,
		 -0.1524 0.0000 -11.6332,
		 0.7620 0.0000 -11.6332,
		 0.7620 0.0000 -9.9162
		]
	} #Coordinate3
	Material {
		ambientColor      0.0480 0.0480 0.0480  #ambientColor
		diffuseColor      0.1922 0.1922 0.1922  #diffuseColor
		transparency      0.0000                #transparency
	} #Material

	IndexedFaceSet {
		coordIndex [ 
		 0, 1, 2, 3,-1,
		 3, 2, 1, 0,-1,
		 0, 3, 7, 4,-1,
		 4, 7, 3, 0,-1,
		 1, 0, 4, 5,-1,
		 5, 4, 0, 1,-1,
		 2, 1, 5, 6,-1,
		 6, 5, 1, 2,-1,
		 3, 2, 6, 7,-1,
		 7, 6, 2, 3,-1,
		 7, 6, 5, 4,-1,
		 4, 5, 6, 7,-1,
		]
	} #IndexedFaceSet
} #Polyhedron
Separator { #Polyhedron
	DEF COORD10 Coordinate3 {
		point [
		 -0.3962 0.2794 -9.7638,
		 -0.3962 0.2794 -11.6332,
		 0.9957 0.2794 -11.6332,
		 0.9957 0.2794 -9.7638,
		 -0.3962 0.2286 -9.7638,
		 -0.3962 0.2286 -11.6332,
		 0.9957 0.2286 -11.6332,
		 0.9957 0.2286 -9.7638
		]
	} #Coordinate3
	Material {
		ambientColor      0.0480 0.0480 0.0480  #ambientColor
		diffuseColor      0.1922 0.1922 0.1922  #diffuseColor
		transparency      0.0000                #transparency
	} #Material

	IndexedFaceSet {
		coordIndex [ 
		 0, 1, 2, 3,-1,
		 3, 2, 1, 0,-1,
		 0, 3, 7, 4,-1,
		 4, 7, 3, 0,-1,
		 1, 0, 4, 5,-1,
		 5, 4, 0, 1,-1,
		 2, 1, 5, 6,-1,
		 6, 5, 1, 2,-1,
		 3, 2, 6, 7,-1,
		 7, 6, 2, 3,-1,
		 7, 6, 5, 4,-1,
		 4, 5, 6, 7,-1,
		]
	} #IndexedFaceSet
} #Polyhedron
Separator { #Polyhedron
	DEF COORD11 Coordinate3 {
		point [
		 -0.3658 0.4572 -9.7943,
		 -0.3658 0.4572 -11.6332,
		 0.9601 0.4572 -11.6332,
		 0.9601 0.4572 -9.7943,
		 -0.3658 0.2794 -9.7943,
		 -0.3658 0.2794 -11.6332,
		 0.9601 0.2794 -11.6332,
		 0.9601 0.2794 -9.7943
		]
	} #Coordinate3
	Material {
		ambientColor      0.2363 0.2363 0.2363  #ambientColor
		diffuseColor      0.9451 0.9451 0.9451  #diffuseColor
		transparency      0.0000                #transparency
	} #Material

	IndexedFaceSet {
		coordIndex [ 
		 0, 1, 2, 3,-1,
		 3, 2, 1, 0,-1,
		 0, 3, 7, 4,-1,
		 4, 7, 3, 0,-1,
		 1, 0, 4, 5,-1,
		 5, 4, 0, 1,-1,
		 2, 1, 5, 6,-1,
		 6, 5, 1, 2,-1,
		 3, 2, 6, 7,-1,
		 7, 6, 2, 3,-1,
		 7, 6, 5, 4,-1,
		 4, 5, 6, 7,-1,
		]
	} #IndexedFaceSet
} #Polyhedron
Separator { #Polyhedron
	DEF COORD12 Coordinate3 {
		point [
		 0.9957 0.7620 -11.9380,
		 0.9957 0.7620 -11.6332,
		 -0.3962 0.7620 -11.6332,
		 -0.3962 0.7620 -11.9380,
		 0.9957 0.0000 -11.9380,
		 0.9957 0.0000 -11.6332,
		 -0.3962 0.0000 -11.6332,
		 -0.3962 0.0000 -11.9380,
		 0.9957 0.7620 -11.7958,
		 -0.3962 0.7620 -11.7958,
		 0.9957 0.4623 -11.6332,
		 -0.3962 0.4623 -11.6332
		]
	} #Coordinate3
	Material {
		ambientColor      0.0480 0.0480 0.0480  #ambientColor
		diffuseColor      0.1922 0.1922 0.1922  #diffuseColor
		transparency      0.0000                #transparency
	} #Material

	IndexedFaceSet {
		coordIndex [ 
		 0, 8, 9, 3,-1,
		 3, 9, 8, 0,-1,
		 0, 3, 7, 4,-1,
		 4, 7, 3, 0,-1,
		 8, 0, 4, 5, 10,-1,
		 10, 5, 4, 0, 8,-1,
		 10, 5, 6, 11,-1,
		 11, 6, 5, 10,-1,
		 3, 9, 11, 6, 7,-1,
		 7, 6, 11, 9, 3,-1,
		 7, 6, 5, 4,-1,
		 4, 5, 6, 7,-1,
		 9, 8, 10, 11,-1,
		 11, 10, 8, 9,-1,
		]
	} #IndexedFaceSet
} #Polyhedron
Separator { #Polyhedron
	DEF COORD13 Coordinate3 {
		point [
		 2.1971 0.6985 -11.8364,
		 2.0689 0.6985 -11.7508,
		 1.9177 0.6985 -11.7207,
		 1.7665 0.6985 -11.7508,
		 1.6383 0.6985 -11.8332,
		 1.5621 0.6985 -11.9253,
		 1.5240 0.6985 -11.9793,
		 1.5240 0.6985 -12.0142,
		 2.3114 0.6985 -12.0142,
		 2.3114 0.6985 -11.9793,
		 2.2733 0.6985 -11.9253,
		 2.1971 0.5588 -11.8364,
		 2.0689 0.5588 -11.7508,
		 1.9177 0.5588 -11.7207,
		 1.7665 0.5588 -11.7508,
		 1.6383 0.5588 -11.8332,
		 1.5621 0.5588 -11.9253,
		 1.5240 0.5588 -11.9793,
		 1.5240 0.5588 -12.0142,
		 2.3114 0.5588 -12.0142,
		 2.3114 0.5588 -11.9793,
		 2.2733 0.5588 -11.9253
		]
	} #Coordinate3
	Material {
		ambientColor      0.1000 0.0500 0.0000  #ambientColor
		diffuseColor      0.4000 0.2000 0.0000  #diffuseColor
		transparency      0.0000                #transparency
	} #Material

	IndexedFaceSet {
		coordIndex [ 
		 0, 1, 2, 3, 4, 5, 6, 7, 8, 9, 10,-1,
		 10, 9, 8, 7, 6, 5, 4, 3, 2, 1, 0,-1,
		 0, 10, 21, 11,-1,
		 11, 21, 10, 0,-1,
		 1, 0, 11, 12,-1,
		 12, 11, 0, 1,-1,
		 2, 1, 12, 13,-1,
		 13, 12, 1, 2,-1,
		 3, 2, 13, 14,-1,
		 14, 13, 2, 3,-1,
		 4, 3, 14, 15,-1,
		 15, 14, 3, 4,-1,
		 5, 4, 15, 16,-1,
		 16, 15, 4, 5,-1,
		 6, 5, 16, 17,-1,
		 17, 16, 5, 6,-1,
		 7, 6, 17, 18,-1,
		 18, 17, 6, 7,-1,
		 8, 7, 18, 19,-1,
		 19, 18, 7, 8,-1,
		 9, 8, 19, 20,-1,
		 20, 19, 8, 9,-1,
		 10, 9, 20, 21,-1,
		 21, 20, 9, 10,-1,
		 21, 20, 19, 18, 17, 16, 15, 14, 13, 12, 11,-1,
		 11, 12, 13, 14, 15, 16, 17, 18, 19, 20, 21,-1,
		]
	} #IndexedFaceSet
} #Polyhedron
Separator { #Polyhedron
	DEF COORD14 Coordinate3 {
		point [
		 1.5589 0.5588 -12.0142,
		 1.5589 0.5588 -11.9793,
		 1.5240 0.5588 -11.9793,
		 1.5240 0.5588 -12.0142,
		 1.5589 0.0000 -12.0142,
		 1.5589 0.0000 -11.9793,
		 1.5240 0.0000 -11.9793,
		 1.5240 0.0000 -12.0142
		]
	} #Coordinate3
	Material {
		ambientColor      0.1000 0.0500 0.0000  #ambientColor
		diffuseColor      0.4000 0.2000 0.0000  #diffuseColor
		transparency      0.0000                #transparency
	} #Material

	IndexedFaceSet {
		coordIndex [ 
		 0, 1, 2, 3,-1,
		 3, 2, 1, 0,-1,
		 0, 3, 7, 4,-1,
		 4, 7, 3, 0,-1,
		 1, 0, 4, 5,-1,
		 5, 4, 0, 1,-1,
		 2, 1, 5, 6,-1,
		 6, 5, 1, 2,-1,
		 3, 2, 6, 7,-1,
		 7, 6, 2, 3,-1,
		 7, 6, 5, 4,-1,
		 4, 5, 6, 7,-1,
		]
	} #IndexedFaceSet
} #Polyhedron
Separator { #Polyhedron
	DEF COORD15 Coordinate3 {
		point [
		 2.3114 0.5588 -12.0142,
		 2.3114 0.5588 -11.9793,
		 2.2765 0.5588 -11.9793,
		 2.2765 0.5588 -12.0142,
		 2.3114 0.0000 -12.0142,
		 2.3114 0.0000 -11.9793,
		 2.2765 0.0000 -11.9793,
		 2.2765 0.0000 -12.0142
		]
	} #Coordinate3
	Material {
		ambientColor      0.1000 0.0500 0.0000  #ambientColor
		diffuseColor      0.4000 0.2000 0.0000  #diffuseColor
		transparency      0.0000                #transparency
	} #Material

	IndexedFaceSet {
		coordIndex [ 
		 0, 1, 2, 3,-1,
		 3, 2, 1, 0,-1,
		 0, 3, 7, 4,-1,
		 4, 7, 3, 0,-1,
		 1, 0, 4, 5,-1,
		 5, 4, 0, 1,-1,
		 2, 1, 5, 6,-1,
		 6, 5, 1, 2,-1,
		 3, 2, 6, 7,-1,
		 7, 6, 2, 3,-1,
		 7, 6, 5, 4,-1,
		 4, 5, 6, 7,-1,
		]
	} #IndexedFaceSet
} #Polyhedron
Separator { #Polyhedron
	DEF COORD16 Coordinate3 {
		point [
		 1.6980 0.5588 -11.8446,
		 1.6805 0.5588 -11.8143,
		 1.6503 0.5588 -11.8318,
		 1.6677 0.5588 -11.8620,
		 1.6980 0.0000 -11.8446,
		 1.6805 0.0000 -11.8143,
		 1.6503 0.0000 -11.8318,
		 1.6677 0.0000 -11.8620
		]
	} #Coordinate3
	Material {
		ambientColor      0.1000 0.0500 0.0000  #ambientColor
		diffuseColor      0.4000 0.2000 0.0000  #diffuseColor
		transparency      0.0000                #transparency
	} #Material

	IndexedFaceSet {
		coordIndex [ 
		 0, 1, 2, 3,-1,
		 3, 2, 1, 0,-1,
		 0, 3, 7, 4,-1,
		 4, 7, 3, 0,-1,
		 1, 0, 4, 5,-1,
		 5, 4, 0, 1,-1,
		 2, 1, 5, 6,-1,
		 6, 5, 1, 2,-1,
		 3, 2, 6, 7,-1,
		 7, 6, 2, 3,-1,
		 7, 6, 5, 4,-1,
		 4, 5, 6, 7,-1,
		]
	} #IndexedFaceSet
} #Polyhedron
Separator { #Polyhedron
	DEF COORD17 Coordinate3 {
		point [
		 2.1564 0.5588 -11.8157,
		 2.1390 0.5588 -11.8459,
		 2.1692 0.5588 -11.8634,
		 2.1867 0.5588 -11.8331,
		 2.1564 0.0000 -11.8157,
		 2.1390 0.0000 -11.8459,
		 2.1692 0.0000 -11.8634,
		 2.1867 0.0000 -11.8331
		]
	} #Coordinate3
	Material {
		ambientColor      0.1000 0.0500 0.0000  #ambientColor
		diffuseColor      0.4000 0.2000 0.0000  #diffuseColor
		transparency      0.0000                #transparency
	} #Material

	IndexedFaceSet {
		coordIndex [ 
		 0, 1, 2, 3,-1,
		 3, 2, 1, 0,-1,
		 0, 3, 7, 4,-1,
		 4, 7, 3, 0,-1,
		 1, 0, 4, 5,-1,
		 5, 4, 0, 1,-1,
		 2, 1, 5, 6,-1,
		 6, 5, 1, 2,-1,
		 3, 2, 6, 7,-1,
		 7, 6, 2, 3,-1,
		 7, 6, 5, 4,-1,
		 4, 5, 6, 7,-1,
		]
	} #IndexedFaceSet
} #Polyhedron
Separator { #Polyhedron
	DEF COORD18 Coordinate3 {
		point [
		 2.2062 0.7243 -11.8356,
		 2.0740 0.7243 -11.7473,
		 1.9181 0.7243 -11.7163,
		 1.7622 0.7243 -11.7473,
		 1.6300 0.7243 -11.8324,
		 1.5514 0.7243 -11.9273,
		 1.5121 0.7243 -11.9830,
		 1.5121 0.7243 -12.0190,
		 2.3241 0.7243 -12.0190,
		 2.3241 0.7243 -11.9830,
		 2.2848 0.7243 -11.9273,
		 2.2062 0.6981 -11.8356,
		 2.0740 0.6981 -11.7473,
		 1.9181 0.6981 -11.7163,
		 1.7622 0.6981 -11.7473,
		 1.6300 0.6981 -11.8324,
		 1.5514 0.6981 -11.9273,
		 1.5121 0.6981 -11.9830,
		 1.5121 0.6981 -12.0190,
		 2.3241 0.6981 -12.0190,
		 2.3241 0.6981 -11.9830,
		 2.2848 0.6981 -11.9273
		]
	} #Coordinate3
	Material {
		ambientColor      0.1000 0.0500 0.0000  #ambientColor
		diffuseColor      0.4000 0.2000 0.0000  #diffuseColor
		transparency      0.0000                #transparency
	} #Material

	IndexedFaceSet {
		coordIndex [ 
		 0, 1, 2, 3, 4, 5, 6, 7, 8, 9, 10,-1,
		 10, 9, 8, 7, 6, 5, 4, 3, 2, 1, 0,-1,
		 0, 10, 21, 11,-1,
		 11, 21, 10, 0,-1,
		 1, 0, 11, 12,-1,
		 12, 11, 0, 1,-1,
		 2, 1, 12, 13,-1,
		 13, 12, 1, 2,-1,
		 3, 2, 13, 14,-1,
		 14, 13, 2, 3,-1,
		 4, 3, 14, 15,-1,
		 15, 14, 3, 4,-1,
		 5, 4, 15, 16,-1,
		 16, 15, 4, 5,-1,
		 6, 5, 16, 17,-1,
		 17, 16, 5, 6,-1,
		 7, 6, 17, 18,-1,
		 18, 17, 6, 7,-1,
		 8, 7, 18, 19,-1,
		 19, 18, 7, 8,-1,
		 9, 8, 19, 20,-1,
		 20, 19, 8, 9,-1,
		 10, 9, 20, 21,-1,
		 21, 20, 9, 10,-1,
		 21, 20, 19, 18, 17, 16, 15, 14, 13, 12, 11,-1,
		 11, 12, 13, 14, 15, 16, 17, 18, 19, 20, 21,-1,
		]
	} #IndexedFaceSet
} #Polyhedron
Separator { #Polyhedron
	DEF COORD19 Coordinate3 {
		point [
		 -2.2860 0.7620 -8.3820,
		 -2.8956 0.7620 -8.3820,
		 -2.8956 0.7620 -9.7536,
		 -2.2860 0.7620 -9.7536,
		 -2.2860 0.7366 -8.3820,
		 -2.8956 0.7366 -8.3820,
		 -2.8956 0.7366 -9.7536,
		 -2.2860 0.7366 -9.7536
		]
	} #Coordinate3
	Material {
		ambientColor      0.1000 0.0500 0.0000  #ambientColor
		diffuseColor      0.4000 0.2000 0.0000  #diffuseColor
		transparency      0.0000                #transparency
	} #Material

	IndexedFaceSet {
		coordIndex [ 
		 0, 1, 2, 3,-1,
		 3, 2, 1, 0,-1,
		 0, 3, 7, 4,-1,
		 4, 7, 3, 0,-1,
		 1, 0, 4, 5,-1,
		 5, 4, 0, 1,-1,
		 2, 1, 5, 6,-1,
		 6, 5, 1, 2,-1,
		 3, 2, 6, 7,-1,
		 7, 6, 2, 3,-1,
		 7, 6, 5, 4,-1,
		 4, 5, 6, 7,-1,
		]
	} #IndexedFaceSet
} #Polyhedron
Separator { #Polyhedron
	DEF COORD20 Coordinate3 {
		point [
		 -2.8702 0.7366 -8.7884,
		 -2.3114 0.7366 -8.7884,
		 -2.3114 0.7366 -8.4582,
		 -2.8702 0.7366 -8.4582,
		 -2.8702 0.4064 -8.7884,
		 -2.3114 0.4064 -8.7884,
		 -2.3114 0.4064 -8.4582,
		 -2.8702 0.4064 -8.4582,
		 -2.3114 0.4191 -8.7884,
		 -2.3114 0.4191 -8.4582,
		 -2.3114 0.5969 -8.4836,
		 -2.3114 0.4191 -8.4836,
		 -2.3114 0.4191 -8.4582,
		 -2.3114 0.5969 -8.4582,
		 -2.3114 0.5969 -8.4582,
		 -2.3114 0.6096 -8.4582,
		 -2.3114 0.6096 -8.7884,
		 -2.3114 0.5969 -8.7884,
		 -2.3114 0.4191 -8.7630,
		 -2.3114 0.5969 -8.7630,
		 -2.3114 0.4191 -8.7884,
		 -2.3114 0.7112 -8.4836,
		 -2.3114 0.6096 -8.4836,
		 -2.3114 0.6096 -8.4582,
		 -2.3114 0.7112 -8.4582,
		 -2.3114 0.7112 -8.4582,
		 -2.3114 0.7112 -8.7884,
		 -2.3114 0.6096 -8.7630,
		 -2.3114 0.7112 -8.7630,
		 -2.3114 0.6096 -8.7884
		]
	} #Coordinate3
	Material {
		ambientColor      0.1000 0.0500 0.0000  #ambientColor
		diffuseColor      0.4000 0.2000 0.0000  #diffuseColor
		transparency      0.0000                #transparency
	} #Material

	Texture2 {
		filename ""  #filename
		wrapS REPEAT 
		wrapT REPEAT 
	} #Texture2

	IndexedFaceSet {
		coordIndex [ 
		 0, 1, 2, 3,-1,
		 3, 2, 1, 0,-1,
		 0, 3, 7, 4,-1,
		 4, 7, 3, 0,-1,
		 1, 0, 4, 5,-1,
		 5, 4, 0, 1,-1,
		 8, 5, 6, 9,-1,
		 10, 11, 12, 13,-1,
		 14, 15, 16, 17,-1,
		 18, 19, 17, 20,-1,
		 21, 22, 23, 24,-1,
		 25, 2, 1, 26,-1,
		 27, 28, 26, 29,-1,
		]
	} #IndexedFaceSet
	Material {
		ambientColor      0.1157 0.0569 0.0000  #ambientColor
		diffuseColor      0.4627 0.2275 0.0000  #diffuseColor
		transparency      0.0000                #transparency
	} #Material

	IndexedFaceSet {
		coordIndex [ 
		 28, 27, 22, 21,-1,
		 19, 18, 11, 10,-1,
		]
	} #IndexedFaceSet
	Material {
		ambientColor      0.1000 0.0500 0.0000  #ambientColor
		diffuseColor      0.4000 0.2000 0.0000  #diffuseColor
		transparency      0.0000                #transparency
	} #Material

	IndexedFaceSet {
		coordIndex [ 
		 6, 5, 1, 2,-1,
		 3, 2, 6, 7,-1,
		 7, 6, 2, 3,-1,
		 7, 6, 5, 4,-1,
		 4, 5, 6, 7,-1,
		]
	} #IndexedFaceSet
} #Polyhedron
Separator { #Polyhedron
	DEF COORD21 Coordinate3 {
		point [
		 -2.8702 0.7366 -9.7028,
		 -2.3114 0.7366 -9.7028,
		 -2.3114 0.7366 -9.3472,
		 -2.8702 0.7366 -9.3472,
		 -2.8702 0.4064 -9.7028,
		 -2.3114 0.4064 -9.7028,
		 -2.3114 0.4064 -9.3472,
		 -2.8702 0.4064 -9.3472,
		 -2.3114 0.4191 -9.7028,
		 -2.3114 0.4191 -9.3472,
		 -2.3114 0.5969 -9.3853,
		 -2.3114 0.4191 -9.3853,
		 -2.3114 0.4191 -9.3472,
		 -2.3114 0.5969 -9.3472,
		 -2.3114 0.6096 -9.7028,
		 -2.3114 0.5969 -9.7028,
		 -2.3114 0.5969 -9.3472,
		 -2.3114 0.6096 -9.3472,
		 -2.3114 0.7112 -9.3853,
		 -2.3114 0.6096 -9.3853,
		 -2.3114 0.6096 -9.3472,
		 -2.3114 0.7112 -9.3472,
		 -2.3114 0.7112 -9.3472,
		 -2.3114 0.7112 -9.7028,
		 -2.3114 0.6096 -9.6647,
		 -2.3114 0.7112 -9.6647,
		 -2.3114 0.6096 -9.7028,
		 -2.3114 0.4191 -9.6647,
		 -2.3114 0.5969 -9.6647,
		 -2.3114 0.4191 -9.7028
		]
	} #Coordinate3
	Material {
		ambientColor      0.1000 0.0500 0.0000  #ambientColor
		diffuseColor      0.4000 0.2000 0.0000  #diffuseColor
		transparency      0.0000                #transparency
	} #Material

	Texture2 {
		filename ""  #filename
		wrapS REPEAT 
		wrapT REPEAT 
	} #Texture2

	IndexedFaceSet {
		coordIndex [ 
		 0, 1, 2, 3,-1,
		 3, 2, 1, 0,-1,
		 0, 3, 7, 4,-1,
		 4, 7, 3, 0,-1,
		 1, 0, 4, 5,-1,
		 5, 4, 0, 1,-1,
		 8, 5, 6, 9,-1,
		 10, 11, 12, 13,-1,
		 14, 15, 16, 17,-1,
		 18, 19, 20, 21,-1,
		 22, 2, 1, 23,-1,
		 24, 25, 23, 26,-1,
		 27, 28, 15, 29,-1,
		]
	} #IndexedFaceSet
	Material {
		ambientColor      0.1157 0.0569 0.0000  #ambientColor
		diffuseColor      0.4627 0.2275 0.0000  #diffuseColor
		transparency      0.0000                #transparency
	} #Material

	IndexedFaceSet {
		coordIndex [ 
		 28, 27, 11, 10,-1,
		 25, 24, 19, 18,-1,
		]
	} #IndexedFaceSet
	Material {
		ambientColor      0.1000 0.0500 0.0000  #ambientColor
		diffuseColor      0.4000 0.2000 0.0000  #diffuseColor
		transparency      0.0000                #transparency
	} #Material

	IndexedFaceSet {
		coordIndex [ 
		 6, 5, 1, 2,-1,
		 3, 2, 6, 7,-1,
		 7, 6, 2, 3,-1,
		 7, 6, 5, 4,-1,
		 4, 5, 6, 7,-1,
		]
	} #IndexedFaceSet
} #Polyhedron
Separator { #Polyhedron
	DEF COORD22 Coordinate3 {
		point [
		 -2.3114 0.7366 -9.7028,
		 -2.3622 0.7366 -9.7028,
		 -2.3622 0.7366 -9.7536,
		 -2.3114 0.7366 -9.7536,
		 -2.3114 0.0000 -9.7028,
		 -2.3622 0.0000 -9.7028,
		 -2.3622 0.0000 -9.7536,
		 -2.3114 0.0000 -9.7536
		]
	} #Coordinate3
	Material {
		ambientColor      0.1000 0.0500 0.0000  #ambientColor
		diffuseColor      0.4000 0.2000 0.0000  #diffuseColor
		transparency      0.0000                #transparency
	} #Material

	Texture2 {
		filename ""  #filename
		wrapS REPEAT 
		wrapT REPEAT 
	} #Texture2

	IndexedFaceSet {
		coordIndex [ 
		 0, 1, 2, 3,-1,
		 3, 2, 1, 0,-1,
		 0, 3, 7, 4,-1,
		 4, 7, 3, 0,-1,
		 1, 0, 4, 5,-1,
		 5, 4, 0, 1,-1,
		 2, 1, 5, 6,-1,
		 6, 5, 1, 2,-1,
		 3, 2, 6, 7,-1,
		 7, 6, 2, 3,-1,
		 7, 6, 5, 4,-1,
		 4, 5, 6, 7,-1,
		]
	} #IndexedFaceSet
} #Polyhedron
Separator { #Polyhedron
	DEF COORD23 Coordinate3 {
		point [
		 -2.8194 0.7366 -9.7028,
		 -2.8702 0.7366 -9.7028,
		 -2.8702 0.7366 -9.7536,
		 -2.8194 0.7366 -9.7536,
		 -2.8194 0.0000 -9.7028,
		 -2.8702 0.0000 -9.7028,
		 -2.8702 0.0000 -9.7536,
		 -2.8194 0.0000 -9.7536
		]
	} #Coordinate3
	Material {
		ambientColor      0.1000 0.0500 0.0000  #ambientColor
		diffuseColor      0.4000 0.2000 0.0000  #diffuseColor
		transparency      0.0000                #transparency
	} #Material

	IndexedFaceSet {
		coordIndex [ 
		 0, 1, 2, 3,-1,
		 3, 2, 1, 0,-1,
		 0, 3, 7, 4,-1,
		 4, 7, 3, 0,-1,
		 1, 0, 4, 5,-1,
		 5, 4, 0, 1,-1,
		 2, 1, 5, 6,-1,
		 6, 5, 1, 2,-1,
		 3, 2, 6, 7,-1,
		 7, 6, 2, 3,-1,
		 7, 6, 5, 4,-1,
		 4, 5, 6, 7,-1,
		]
	} #IndexedFaceSet
} #Polyhedron
Separator { #Polyhedron
	DEF COORD24 Coordinate3 {
		point [
		 -2.3114 0.7366 -8.4074,
		 -2.3622 0.7366 -8.4074,
		 -2.3622 0.7366 -8.4582,
		 -2.3114 0.7366 -8.4582,
		 -2.3114 0.0000 -8.4074,
		 -2.3622 0.0000 -8.4074,
		 -2.3622 0.0000 -8.4582,
		 -2.3114 0.0000 -8.4582
		]
	} #Coordinate3
	Material {
		ambientColor      0.1000 0.0500 0.0000  #ambientColor
		diffuseColor      0.4000 0.2000 0.0000  #diffuseColor
		transparency      0.0000                #transparency
	} #Material

	IndexedFaceSet {
		coordIndex [ 
		 0, 1, 2, 3,-1,
		 3, 2, 1, 0,-1,
		 0, 3, 7, 4,-1,
		 4, 7, 3, 0,-1,
		 1, 0, 4, 5,-1,
		 5, 4, 0, 1,-1,
		 2, 1, 5, 6,-1,
		 6, 5, 1, 2,-1,
		 3, 2, 6, 7,-1,
		 7, 6, 2, 3,-1,
		 7, 6, 5, 4,-1,
		 4, 5, 6, 7,-1,
		]
	} #IndexedFaceSet
} #Polyhedron
Separator { #Polyhedron
	DEF COORD25 Coordinate3 {
		point [
		 -2.8194 0.7366 -8.4074,
		 -2.8702 0.7366 -8.4074,
		 -2.8702 0.7366 -8.4582,
		 -2.8194 0.7366 -8.4582,
		 -2.8194 0.0000 -8.4074,
		 -2.8702 0.0000 -8.4074,
		 -2.8702 0.0000 -8.4582,
		 -2.8194 0.0000 -8.4582
		]
	} #Coordinate3
	Material {
		ambientColor      0.1000 0.0500 0.0000  #ambientColor
		diffuseColor      0.4000 0.2000 0.0000  #diffuseColor
		transparency      0.0000                #transparency
	} #Material

	IndexedFaceSet {
		coordIndex [ 
		 0, 1, 2, 3,-1,
		 3, 2, 1, 0,-1,
		 0, 3, 7, 4,-1,
		 4, 7, 3, 0,-1,
		 1, 0, 4, 5,-1,
		 5, 4, 0, 1,-1,
		 2, 1, 5, 6,-1,
		 6, 5, 1, 2,-1,
		 3, 2, 6, 7,-1,
		 7, 6, 2, 3,-1,
		 7, 6, 5, 4,-1,
		 4, 5, 6, 7,-1,
		]
	} #IndexedFaceSet
} #Polyhedron
Separator { #Polyhedron
	DEF COORD26 Coordinate3 {
		point [
		 -2.8194 0.7366 -8.4582,
		 -2.3622 0.7366 -8.4582,
		 -2.3622 0.7366 -8.4074,
		 -2.8194 0.7366 -8.4074,
		 -2.8194 0.4064 -8.4582,
		 -2.3622 0.4064 -8.4582,
		 -2.3622 0.4064 -8.4074,
		 -2.8194 0.4064 -8.4074
		]
	} #Coordinate3
	Material {
		ambientColor      0.1000 0.0500 0.0000  #ambientColor
		diffuseColor      0.4000 0.2000 0.0000  #diffuseColor
		transparency      0.0000                #transparency
	} #Material

	IndexedFaceSet {
		coordIndex [ 
		 0, 1, 2, 3,-1,
		 3, 2, 1, 0,-1,
		 0, 3, 7, 4,-1,
		 4, 7, 3, 0,-1,
		 1, 0, 4, 5,-1,
		 5, 4, 0, 1,-1,
		 2, 1, 5, 6,-1,
		 6, 5, 1, 2,-1,
		 3, 2, 6, 7,-1,
		 7, 6, 2, 3,-1,
		 7, 6, 5, 4,-1,
		 4, 5, 6, 7,-1,
		]
	} #IndexedFaceSet
} #Polyhedron
Separator { #Polyhedron
	DEF COORD27 Coordinate3 {
		point [
		 -2.8194 0.7366 -9.7536,
		 -2.3622 0.7366 -9.7536,
		 -2.3622 0.7366 -9.7028,
		 -2.8194 0.7366 -9.7028,
		 -2.8194 0.4064 -9.7536,
		 -2.3622 0.4064 -9.7536,
		 -2.3622 0.4064 -9.7028,
		 -2.8194 0.4064 -9.7028
		]
	} #Coordinate3
	Material {
		ambientColor      0.1000 0.0500 0.0000  #ambientColor
		diffuseColor      0.4000 0.2000 0.0000  #diffuseColor
		transparency      0.0000                #transparency
	} #Material

	IndexedFaceSet {
		coordIndex [ 
		 0, 1, 2, 3,-1,
		 3, 2, 1, 0,-1,
		 0, 3, 7, 4,-1,
		 4, 7, 3, 0,-1,
		 1, 0, 4, 5,-1,
		 5, 4, 0, 1,-1,
		 2, 1, 5, 6,-1,
		 6, 5, 1, 2,-1,
		 3, 2, 6, 7,-1,
		 7, 6, 2, 3,-1,
		 7, 6, 5, 4,-1,
		 4, 5, 6, 7,-1,
		]
	} #IndexedFaceSet
} #Polyhedron
Separator { #Polyhedron
	DEF COORD28 Coordinate3 {
		point [
		 -2.6162 0.7366 -8.7884,
		 -2.6162 0.6477 -8.7884,
		 -2.6162 0.6731 -8.8138,
		 -2.6162 0.7366 -8.8138,
		 -2.1463 0.7366 -8.7884,
		 -2.1463 0.6477 -8.7884,
		 -2.1463 0.6731 -8.8138,
		 -2.1463 0.7366 -8.8138
		]
	} #Coordinate3
	Material {
		ambientColor      0.1000 0.0500 0.0000  #ambientColor
		diffuseColor      0.4000 0.2000 0.0000  #diffuseColor
		transparency      0.0000                #transparency
	} #Material

	IndexedFaceSet {
		coordIndex [ 
		 0, 1, 2, 3,-1,
		 3, 2, 1, 0,-1,
		 0, 3, 7, 4,-1,
		 4, 7, 3, 0,-1,
		 1, 0, 4, 5,-1,
		 5, 4, 0, 1,-1,
		 3, 2, 6, 7,-1,
		 7, 6, 2, 3,-1,
		 7, 6, 5, 4,-1,
		 4, 5, 6, 7,-1,
		]
	} #IndexedFaceSet
} #Polyhedron
Separator { #Polyhedron
	DEF COORD29 Coordinate3 {
		point [
		 -2.6162 0.7366 -9.3218,
		 -2.6162 0.6731 -9.3218,
		 -2.6162 0.6477 -9.3472,
		 -2.6162 0.7366 -9.3472,
		 -2.1463 0.7366 -9.3218,
		 -2.1463 0.6731 -9.3218,
		 -2.1463 0.6477 -9.3472,
		 -2.1463 0.7366 -9.3472
		]
	} #Coordinate3
	Material {
		ambientColor      0.1000 0.0500 0.0000  #ambientColor
		diffuseColor      0.4000 0.2000 0.0000  #diffuseColor
		transparency      0.0000                #transparency
	} #Material

	IndexedFaceSet {
		coordIndex [ 
		 0, 1, 2, 3,-1,
		 3, 2, 1, 0,-1,
		 0, 3, 7, 4,-1,
		 4, 7, 3, 0,-1,
		 1, 0, 4, 5,-1,
		 5, 4, 0, 1,-1,
		 2, 1, 5, 6,-1,
		 6, 5, 1, 2,-1,
		 3, 2, 6, 7,-1,
		 7, 6, 2, 3,-1,
		 7, 6, 5, 4,-1,
		 4, 5, 6, 7,-1,
		]
	} #IndexedFaceSet
} #Polyhedron
Separator { #Polyhedron
	DEF COORD30 Coordinate3 {
		point [
		 -2.6162 0.6731 -8.8138,
		 -2.6162 0.6477 -8.7884,
		 -2.6162 0.6477 -9.3472,
		 -2.6162 0.6731 -9.3218,
		 -2.1463 0.6731 -8.8138,
		 -2.1463 0.6477 -8.7884,
		 -2.1463 0.6477 -9.3472,
		 -2.1463 0.6731 -9.3218
		]
	} #Coordinate3
	Material {
		ambientColor      0.1000 0.0500 0.0000  #ambientColor
		diffuseColor      0.4000 0.2000 0.0000  #diffuseColor
		transparency      0.0000                #transparency
	} #Material

	IndexedFaceSet {
		coordIndex [ 
		 0, 1, 2, 3,-1,
		 3, 2, 1, 0,-1,
		 0, 3, 7, 4,-1,
		 4, 7, 3, 0,-1,
		 1, 0, 4, 5,-1,
		 5, 4, 0, 1,-1,
		 2, 1, 5, 6,-1,
		 6, 5, 1, 2,-1,
		 7, 6, 5, 4,-1,
		 4, 5, 6, 7,-1,
		]
	} #IndexedFaceSet
} #Polyhedron
Separator { #Polyhedron
	DEF COORD31 Coordinate3 {
		point [
		 -2.1463 0.6731 -9.3726,
		 -2.0574 0.6731 -9.3726,
		 -2.0574 0.6731 -8.7630,
		 -2.1463 0.6731 -8.7630,
		 -2.1463 0.6477 -9.3726,
		 -2.0574 0.6477 -9.3726,
		 -2.0574 0.6477 -8.7630,
		 -2.1463 0.6477 -8.7630
		]
	} #Coordinate3
	Material {
		ambientColor      0.1000 0.0500 0.0000  #ambientColor
		diffuseColor      0.4000 0.2000 0.0000  #diffuseColor
		transparency      0.0000                #transparency
	} #Material

	Texture2 {
		filename ""  #filename
		wrapS REPEAT 
		wrapT REPEAT 
	} #Texture2

	IndexedFaceSet {
		coordIndex [ 
		 0, 1, 2, 3,-1,
		 3, 2, 1, 0,-1,
		 0, 3, 7, 4,-1,
		 4, 7, 3, 0,-1,
		 1, 0, 4, 5,-1,
		 5, 4, 0, 1,-1,
		 2, 1, 5, 6,-1,
		 6, 5, 1, 2,-1,
		 3, 2, 6, 7,-1,
		 7, 6, 2, 3,-1,
		 7, 6, 5, 4,-1,
		 4, 5, 6, 7,-1,
		]
	} #IndexedFaceSet
} #Polyhedron
Separator { #Polyhedron
	DEF COORD32 Coordinate3 {
		point [
		 -1.2192 1.8034 -12.0650,
		 -1.2192 1.8288 -12.0650,
		 -1.9812 1.8288 -12.0650,
		 -1.9812 1.8034 -12.0650,
		 -1.2192 1.8034 -11.7348,
		 -1.2192 1.8288 -11.7348,
		 -1.9812 1.8288 -11.7348,
		 -1.9812 1.8034 -11.7348
		]
	} #Coordinate3
	Material {
		ambientColor      0.2000 0.1500 0.0500  #ambientColor
		diffuseColor      0.8000 0.6000 0.2000  #diffuseColor
		transparency      0.0000                #transparency
	} #Material

	IndexedFaceSet {
		coordIndex [ 
		 0, 1, 2, 3,-1,
		 3, 2, 1, 0,-1,
		 0, 3, 7, 4,-1,
		 4, 7, 3, 0,-1,
		 1, 0, 4, 5,-1,
		 5, 4, 0, 1,-1,
		 2, 1, 5, 6,-1,
		 6, 5, 1, 2,-1,
		 3, 2, 6, 7,-1,
		 7, 6, 2, 3,-1,
		 7, 6, 5, 4,-1,
		 4, 5, 6, 7,-1,
		]
	} #IndexedFaceSet
} #Polyhedron
Separator { #Polyhedron
	DEF COORD33 Coordinate3 {
		point [
		 -1.9812 1.8034 -12.0396,
		 -1.9812 0.0508 -12.0396,
		 -1.9304 0.0508 -12.0396,
		 -1.9304 1.8034 -12.0396,
		 -1.9812 1.8034 -11.7348,
		 -1.9812 0.0508 -11.7348,
		 -1.9304 0.0508 -11.7348,
		 -1.9304 1.8034 -11.7348
		]
	} #Coordinate3
	Material {
		ambientColor      0.2000 0.1500 0.0500  #ambientColor
		diffuseColor      0.8000 0.6000 0.2000  #diffuseColor
		transparency      0.0000                #transparency
	} #Material

	IndexedFaceSet {
		coordIndex [ 
		 0, 1, 2, 3,-1,
		 3, 2, 1, 0,-1,
		 0, 3, 7, 4,-1,
		 4, 7, 3, 0,-1,
		 1, 0, 4, 5,-1,
		 5, 4, 0, 1,-1,
		 2, 1, 5, 6,-1,
		 6, 5, 1, 2,-1,
		 3, 2, 6, 7,-1,
		 7, 6, 2, 3,-1,
		 7, 6, 5, 4,-1,
		 4, 5, 6, 7,-1,
		]
	} #IndexedFaceSet
} #Polyhedron
Separator { #Polyhedron
	DEF COORD34 Coordinate3 {
		point [
		 -1.2192 1.8034 -12.0650,
		 -1.2192 1.8034 -12.0396,
		 -1.9812 1.8034 -12.0396,
		 -1.9812 1.8034 -12.0650,
		 -1.2192 0.0508 -12.0650,
		 -1.2192 0.0508 -12.0396,
		 -1.9812 0.0508 -12.0396,
		 -1.9812 0.0508 -12.0650
		]
	} #Coordinate3
	Material {
		ambientColor      0.2000 0.1500 0.0500  #ambientColor
		diffuseColor      0.8000 0.6000 0.2000  #diffuseColor
		transparency      0.0000                #transparency
	} #Material

	IndexedFaceSet {
		coordIndex [ 
		 0, 1, 2, 3,-1,
		 3, 2, 1, 0,-1,
		 0, 3, 7, 4,-1,
		 4, 7, 3, 0,-1,
		 1, 0, 4, 5,-1,
		 5, 4, 0, 1,-1,
		 2, 1, 5, 6,-1,
		 6, 5, 1, 2,-1,
		 3, 2, 6, 7,-1,
		 7, 6, 2, 3,-1,
		 7, 6, 5, 4,-1,
		 4, 5, 6, 7,-1,
		]
	} #IndexedFaceSet
} #Polyhedron
Separator { #Polyhedron
	DEF COORD35 Coordinate3 {
		point [
		 -1.9812 0.0508 -12.0650,
		 -1.9812 0.0000 -12.0650,
		 -1.2192 0.0000 -12.0650,
		 -1.2192 0.0508 -12.0650,
		 -1.9812 0.0508 -11.7348,
		 -1.9812 0.0000 -11.7348,
		 -1.2192 0.0000 -11.7348,
		 -1.2192 0.0508 -11.7348
		]
	} #Coordinate3
	Material {
		ambientColor      0.2000 0.1500 0.0500  #ambientColor
		diffuseColor      0.8000 0.6000 0.2000  #diffuseColor
		transparency      0.0000                #transparency
	} #Material

	IndexedFaceSet {
		coordIndex [ 
		 0, 1, 2, 3,-1,
		 3, 2, 1, 0,-1,
		 0, 3, 7, 4,-1,
		 4, 7, 3, 0,-1,
		 1, 0, 4, 5,-1,
		 5, 4, 0, 1,-1,
		 2, 1, 5, 6,-1,
		 6, 5, 1, 2,-1,
		 3, 2, 6, 7,-1,
		 7, 6, 2, 3,-1,
		 7, 6, 5, 4,-1,
		 4, 5, 6, 7,-1,
		]
	} #IndexedFaceSet
} #Polyhedron
Separator { #Polyhedron
	DEF COORD36 Coordinate3 {
		point [
		 -1.2700 1.8034 -12.0396,
		 -1.2700 0.0508 -12.0396,
		 -1.2192 0.0508 -12.0396,
		 -1.2192 1.8034 -12.0396,
		 -1.2700 1.8034 -11.7348,
		 -1.2700 0.0508 -11.7348,
		 -1.2192 0.0508 -11.7348,
		 -1.2192 1.8034 -11.7348
		]
	} #Coordinate3
	Material {
		ambientColor      0.2000 0.1500 0.0500  #ambientColor
		diffuseColor      0.8000 0.6000 0.2000  #diffuseColor
		transparency      0.0000                #transparency
	} #Material

	IndexedFaceSet {
		coordIndex [ 
		 0, 1, 2, 3,-1,
		 3, 2, 1, 0,-1,
		 0, 3, 7, 4,-1,
		 4, 7, 3, 0,-1,
		 1, 0, 4, 5,-1,
		 5, 4, 0, 1,-1,
		 2, 1, 5, 6,-1,
		 6, 5, 1, 2,-1,
		 3, 2, 6, 7,-1,
		 7, 6, 2, 3,-1,
		 7, 6, 5, 4,-1,
		 4, 5, 6, 7,-1,
		]
	} #IndexedFaceSet
} #Polyhedron
Separator { #Polyhedron
	DEF COORD37 Coordinate3 {
		point [
		 -1.9304 1.8034 -11.7602,
		 -1.9304 1.7526 -11.7602,
		 -1.2700 1.7526 -11.7602,
		 -1.2700 1.8034 -11.7602,
		 -1.9304 1.8034 -11.7348,
		 -1.9304 1.7526 -11.7348,
		 -1.2700 1.7526 -11.7348,
		 -1.2700 1.8034 -11.7348
		]
	} #Coordinate3
	Material {
		ambientColor      0.2000 0.1500 0.0500  #ambientColor
		diffuseColor      0.8000 0.6000 0.2000  #diffuseColor
		transparency      0.0000                #transparency
	} #Material

	IndexedFaceSet {
		coordIndex [ 
		 0, 1, 2, 3,-1,
		 3, 2, 1, 0,-1,
		 0, 3, 7, 4,-1,
		 4, 7, 3, 0,-1,
		 1, 0, 4, 5,-1,
		 5, 4, 0, 1,-1,
		 2, 1, 5, 6,-1,
		 6, 5, 1, 2,-1,
		 3, 2, 6, 7,-1,
		 7, 6, 2, 3,-1,
		 7, 6, 5, 4,-1,
		 4, 5, 6, 7,-1,
		]
	} #IndexedFaceSet
} #Polyhedron
Separator { #Polyhedron
	DEF COORD38 Coordinate3 {
		point [
		 -1.9304 1.7526 -11.7602,
		 -1.9304 1.7018 -11.7602,
		 -1.8034 1.7526 -11.7602,
		 -1.9304 1.7526 -11.7348,
		 -1.9304 1.7018 -11.7348,
		 -1.8034 1.7526 -11.7348
		]
	} #Coordinate3
	Material {
		ambientColor      0.2000 0.1500 0.0500  #ambientColor
		diffuseColor      0.8000 0.6000 0.2000  #diffuseColor
		transparency      0.0000                #transparency
	} #Material

	IndexedFaceSet {
		coordIndex [ 
		 0, 1, 2,-1,
		 2, 1, 0,-1,
		 0, 2, 5, 3,-1,
		 3, 5, 2, 0,-1,
		 1, 0, 3, 4,-1,
		 4, 3, 0, 1,-1,
		 2, 1, 4, 5,-1,
		 5, 4, 1, 2,-1,
		 5, 4, 3,-1,
		 3, 4, 5,-1,
		]
	} #IndexedFaceSet
} #Polyhedron
Separator { #Polyhedron
	DEF COORD39 Coordinate3 {
		point [
		 -1.3970 1.7526 -11.7602,
		 -1.2700 1.7018 -11.7602,
		 -1.2700 1.7526 -11.7602,
		 -1.3970 1.7526 -11.7348,
		 -1.2700 1.7018 -11.7348,
		 -1.2700 1.7526 -11.7348
		]
	} #Coordinate3
	Material {
		ambientColor      0.2000 0.1500 0.0500  #ambientColor
		diffuseColor      0.8000 0.6000 0.2000  #diffuseColor
		transparency      0.0000                #transparency
	} #Material

	IndexedFaceSet {
		coordIndex [ 
		 0, 1, 2,-1,
		 2, 1, 0,-1,
		 0, 2, 5, 3,-1,
		 3, 5, 2, 0,-1,
		 1, 0, 3, 4,-1,
		 4, 3, 0, 1,-1,
		 2, 1, 4, 5,-1,
		 5, 4, 1, 2,-1,
		 5, 4, 3,-1,
		 3, 4, 5,-1,
		]
	} #IndexedFaceSet
} #Polyhedron
Separator { #Polyhedron
	DEF COORD40 Coordinate3 {
		point [
		 -1.2700 0.9906 -12.0396,
		 -1.2700 1.0414 -12.0396,
		 -1.9304 1.0414 -12.0396,
		 -1.9304 0.9906 -12.0396,
		 -1.2700 0.9906 -11.7348,
		 -1.2700 1.0414 -11.7348,
		 -1.9304 1.0414 -11.7348,
		 -1.9304 0.9906 -11.7348
		]
	} #Coordinate3
	Material {
		ambientColor      0.2000 0.1500 0.0500  #ambientColor
		diffuseColor      0.8000 0.6000 0.2000  #diffuseColor
		transparency      0.0000                #transparency
	} #Material

	IndexedFaceSet {
		coordIndex [ 
		 0, 1, 2, 3,-1,
		 3, 2, 1, 0,-1,
		 0, 3, 7, 4,-1,
		 4, 7, 3, 0,-1,
		 1, 0, 4, 5,-1,
		 5, 4, 0, 1,-1,
		 2, 1, 5, 6,-1,
		 6, 5, 1, 2,-1,
		 3, 2, 6, 7,-1,
		 7, 6, 2, 3,-1,
		 7, 6, 5, 4,-1,
		 4, 5, 6, 7,-1,
		]
	} #IndexedFaceSet
} #Polyhedron
Separator { #Polyhedron
	DEF COORD41 Coordinate3 {
		point [
		 -1.9304 1.3716 -12.0396,
		 -1.9304 1.3208 -12.0396,
		 -1.2700 1.3208 -12.0396,
		 -1.2700 1.3716 -12.0396,
		 -1.9304 1.3716 -11.7348,
		 -1.9304 1.3208 -11.7348,
		 -1.2700 1.3208 -11.7348,
		 -1.2700 1.3716 -11.7348
		]
	} #Coordinate3
	Material {
		ambientColor      0.2000 0.1500 0.0500  #ambientColor
		diffuseColor      0.8000 0.6000 0.2000  #diffuseColor
		transparency      0.0000                #transparency
	} #Material

	IndexedFaceSet {
		coordIndex [ 
		 0, 1, 2, 3,-1,
		 3, 2, 1, 0,-1,
		 0, 3, 7, 4,-1,
		 4, 7, 3, 0,-1,
		 1, 0, 4, 5,-1,
		 5, 4, 0, 1,-1,
		 2, 1, 5, 6,-1,
		 6, 5, 1, 2,-1,
		 3, 2, 6, 7,-1,
		 7, 6, 2, 3,-1,
		 7, 6, 5, 4,-1,
		 4, 5, 6, 7,-1,
		]
	} #IndexedFaceSet
} #Polyhedron
Separator { #Polyhedron
	DEF COORD42 Coordinate3 {
		point [
		 -1.2700 0.0508 -12.0396,
		 -1.2700 0.7112 -12.0396,
		 -1.9304 0.7112 -12.0396,
		 -1.9304 0.0508 -12.0396,
		 -1.2700 0.0508 -11.7348,
		 -1.2700 0.7112 -11.7348,
		 -1.9304 0.7112 -11.7348,
		 -1.9304 0.0508 -11.7348,
		 -1.9304 0.6604 -11.7348,
		 -1.2700 0.6604 -11.7348,
		 -1.9304 0.6096 -11.7348,
		 -1.9304 0.6604 -11.7348,
		 -1.6002 0.6604 -11.7348,
		 -1.6002 0.6096 -11.7348,
		 -1.9304 0.1016 -11.7348,
		 -1.9304 0.6096 -11.7348,
		 -1.8796 0.6096 -11.7348,
		 -1.8796 0.1016 -11.7348,
		 -1.6002 0.1016 -11.7348,
		 -1.6002 0.0508 -11.7348,
		 -1.9304 0.0508 -11.7348,
		 -1.9304 0.1016 -11.7348,
		 -1.6002 0.6096 -11.7348,
		 -1.6510 0.1016 -11.7348,
		 -1.6510 0.6096 -11.7348,
		 -1.6002 0.6096 -11.7348,
		 -1.6002 0.6604 -11.7348,
		 -1.2700 0.6604 -11.7348,
		 -1.2700 0.6096 -11.7348,
		 -1.6002 0.1016 -11.7348,
		 -1.6002 0.6096 -11.7348,
		 -1.5494 0.6096 -11.7348,
		 -1.5494 0.1016 -11.7348,
		 -1.2700 0.1016 -11.7348,
		 -1.2700 0.0508 -11.7348,
		 -1.6002 0.0508 -11.7348,
		 -1.6002 0.1016 -11.7348,
		 -1.2700 0.6096 -11.7348,
		 -1.3208 0.1016 -11.7348,
		 -1.3208 0.6096 -11.7348,
		 -1.2700 0.6604 -11.7348,
		 -1.9304 0.6604 -11.7348,
		 -1.6002 0.6096 -11.7348,
		 -1.9304 0.6096 -11.7348,
		 -1.9304 0.6096 -11.7348,
		 -1.9304 0.1016 -11.7348,
		 -1.9304 0.1016 -11.7348,
		 -1.6002 0.1016 -11.7348,
		 -1.6002 0.6096 -11.7348,
		 -1.2700 0.6096 -11.7348,
		 -1.6002 0.6096 -11.7348,
		 -1.6002 0.6096 -11.7348,
		 -1.6002 0.1016 -11.7348,
		 -1.6002 0.1016 -11.7348,
		 -1.2700 0.1016 -11.7348,
		 -1.2700 0.6096 -11.7348
		]
	} #Coordinate3
	Material {
		ambientColor      0.2000 0.1500 0.0500  #ambientColor
		diffuseColor      0.8000 0.6000 0.2000  #diffuseColor
		transparency      0.0000                #transparency
	} #Material

	Texture2 {
		filename ""  #filename
		wrapS REPEAT 
		wrapT REPEAT 
	} #Texture2

	IndexedFaceSet {
		coordIndex [ 
		 0, 1, 2, 3,-1,
		 3, 2, 1, 0,-1,
		 0, 3, 7, 4,-1,
		 4, 7, 3, 0,-1,
		 1, 0, 4, 5,-1,
		 5, 4, 0, 1,-1,
		 2, 1, 5, 6,-1,
		 6, 5, 1, 2,-1,
		 3, 2, 6, 7,-1,
		 7, 6, 2, 3,-1,
		 8, 6, 5, 9,-1,
		 10, 11, 12, 13,-1,
		 14, 15, 16, 17,-1,
		 18, 19, 20, 21,-1,
		 22, 18, 23, 24,-1,
		 25, 26, 27, 28,-1,
		 29, 30, 31, 32,-1,
		 33, 34, 35, 36,-1,
		 37, 33, 38, 39,-1,
		 24, 23, 17, 16,-1,
		 39, 38, 32, 31,-1,
		 40, 5, 6, 41,-1,
		 42, 12, 11, 43,-1,
		 17, 16, 44, 45,-1,
		 46, 20, 19, 47,-1,
		 24, 23, 47, 48,-1,
		 49, 27, 26, 50,-1,
		 32, 31, 51, 52,-1,
		 53, 35, 34, 54,-1,
		 39, 38, 54, 55,-1,
		 16, 17, 23, 24,-1,
		 31, 32, 38, 39,-1,
		]
	} #IndexedFaceSet
} #Polyhedron
Separator { #Polyhedron
	DEF COORD43 Coordinate3 {
		point [
		 -2.5382 0.6096 -6.2081,
		 -2.5382 0.0762 -6.2081,
		 -2.5636 0.0762 -6.2521,
		 -2.5636 0.6096 -6.2521,
		 -2.2302 0.6096 -6.3859,
		 -2.2302 0.0762 -6.3859,
		 -2.2556 0.0762 -6.4299,
		 -2.2556 0.6096 -6.4299
		]
	} #Coordinate3
	Material {
		ambientColor      0.2000 0.1500 0.0500  #ambientColor
		diffuseColor      0.8000 0.6000 0.2000  #diffuseColor
		transparency      0.0000                #transparency
	} #Material

	IndexedFaceSet {
		coordIndex [ 
		 0, 1, 2, 3,-1,
		 3, 2, 1, 0,-1,
		 0, 3, 7, 4,-1,
		 4, 7, 3, 0,-1,
		 1, 0, 4, 5,-1,
		 5, 4, 0, 1,-1,
		 2, 1, 5, 6,-1,
		 6, 5, 1, 2,-1,
		 3, 2, 6, 7,-1,
		 7, 6, 2, 3,-1,
		 7, 6, 5, 4,-1,
		 4, 5, 6, 7,-1,
		]
	} #IndexedFaceSet
} #Polyhedron
Separator { #Polyhedron
	DEF COORD44 Coordinate3 {
		point [
		 -2.9031 0.6096 -6.7893,
		 -2.8811 0.6096 -6.8020,
		 -2.5382 0.6096 -6.2081,
		 -2.5602 0.6096 -6.1954,
		 -2.9031 0.0762 -6.7893,
		 -2.8811 0.0762 -6.8020,
		 -2.5382 0.0762 -6.2081,
		 -2.5602 0.0762 -6.1954
		]
	} #Coordinate3
	Material {
		ambientColor      0.2000 0.1500 0.0500  #ambientColor
		diffuseColor      0.8000 0.6000 0.2000  #diffuseColor
		transparency      0.0000                #transparency
	} #Material

	IndexedFaceSet {
		coordIndex [ 
		 0, 1, 2, 3,-1,
		 3, 2, 1, 0,-1,
		 0, 3, 7, 4,-1,
		 4, 7, 3, 0,-1,
		 1, 0, 4, 5,-1,
		 5, 4, 0, 1,-1,
		 2, 1, 5, 6,-1,
		 6, 5, 1, 2,-1,
		 3, 2, 6, 7,-1,
		 7, 6, 2, 3,-1,
		 7, 6, 5, 4,-1,
		 4, 5, 6, 7,-1,
		]
	} #IndexedFaceSet
} #Polyhedron
Separator { #Polyhedron
	DEF COORD45 Coordinate3 {
		point [
		 -2.5602 0.0762 -6.1954,
		 -2.5602 0.0254 -6.1954,
		 -2.9031 0.0254 -6.7893,
		 -2.9031 0.0762 -6.7893,
		 -2.2302 0.0762 -6.3859,
		 -2.2302 0.0254 -6.3859,
		 -2.5731 0.0254 -6.9798,
		 -2.5731 0.0762 -6.9798
		]
	} #Coordinate3
	Material {
		ambientColor      0.2000 0.1500 0.0500  #ambientColor
		diffuseColor      0.8000 0.6000 0.2000  #diffuseColor
		transparency      0.0000                #transparency
	} #Material

	IndexedFaceSet {
		coordIndex [ 
		 0, 1, 2, 3,-1,
		 3, 2, 1, 0,-1,
		 0, 3, 7, 4,-1,
		 4, 7, 3, 0,-1,
		 1, 0, 4, 5,-1,
		 5, 4, 0, 1,-1,
		 2, 1, 5, 6,-1,
		 6, 5, 1, 2,-1,
		 3, 2, 6, 7,-1,
		 7, 6, 2, 3,-1,
		 7, 6, 5, 4,-1,
		 4, 5, 6, 7,-1,
		]
	} #IndexedFaceSet
} #Polyhedron
Separator { #Polyhedron
	DEF COORD46 Coordinate3 {
		point [
		 -2.8557 0.6096 -6.7580,
		 -2.8557 0.0762 -6.7580,
		 -2.8811 0.0762 -6.8020,
		 -2.8811 0.6096 -6.8020,
		 -2.5477 0.6096 -6.9358,
		 -2.5477 0.0762 -6.9358,
		 -2.5731 0.0762 -6.9798,
		 -2.5731 0.6096 -6.9798
		]
	} #Coordinate3
	Material {
		ambientColor      0.2000 0.1500 0.0500  #ambientColor
		diffuseColor      0.8000 0.6000 0.2000  #diffuseColor
		transparency      0.0000                #transparency
	} #Material

	IndexedFaceSet {
		coordIndex [ 
		 0, 1, 2, 3,-1,
		 3, 2, 1, 0,-1,
		 0, 3, 7, 4,-1,
		 4, 7, 3, 0,-1,
		 1, 0, 4, 5,-1,
		 5, 4, 0, 1,-1,
		 2, 1, 5, 6,-1,
		 6, 5, 1, 2,-1,
		 3, 2, 6, 7,-1,
		 7, 6, 2, 3,-1,
		 7, 6, 5, 4,-1,
		 4, 5, 6, 7,-1,
		]
	} #IndexedFaceSet
} #Polyhedron
Separator { #Polyhedron
	DEF COORD47 Coordinate3 {
		point [
		 -2.8557 0.5588 -6.7580,
		 -2.8557 0.6096 -6.7580,
		 -2.5636 0.6096 -6.2521,
		 -2.5636 0.5588 -6.2521,
		 -2.5477 0.5588 -6.9358,
		 -2.5477 0.6096 -6.9358,
		 -2.2556 0.6096 -6.4299,
		 -2.2556 0.5588 -6.4299
		]
	} #Coordinate3
	Material {
		ambientColor      0.2000 0.1500 0.0500  #ambientColor
		diffuseColor      0.8000 0.6000 0.2000  #diffuseColor
		transparency      0.0000                #transparency
	} #Material

	IndexedFaceSet {
		coordIndex [ 
		 0, 1, 2, 3,-1,
		 3, 2, 1, 0,-1,
		 0, 3, 7, 4,-1,
		 4, 7, 3, 0,-1,
		 1, 0, 4, 5,-1,
		 5, 4, 0, 1,-1,
		 2, 1, 5, 6,-1,
		 6, 5, 1, 2,-1,
		 3, 2, 6, 7,-1,
		 7, 6, 2, 3,-1,
		 7, 6, 5, 4,-1,
		 4, 5, 6, 7,-1,
		]
	} #IndexedFaceSet
} #Polyhedron
Separator { #Polyhedron
	DEF COORD48 Coordinate3 {
		point [
		 -2.8557 0.0762 -6.7580,
		 -2.8557 0.3810 -6.7580,
		 -2.5636 0.3810 -6.2521,
		 -2.5636 0.0762 -6.2521,
		 -2.5477 0.0762 -6.9358,
		 -2.5477 0.3810 -6.9358,
		 -2.2556 0.3810 -6.4299,
		 -2.2556 0.0762 -6.4299,
		 -2.4017 0.3810 -6.6828,
		 -2.2556 0.3810 -6.4299,
		 -2.5477 0.1270 -6.9358,
		 -2.4017 0.0762 -6.6828,
		 -2.4017 0.1270 -6.6828,
		 -2.4271 0.3302 -6.7268,
		 -2.4271 0.1270 -6.7268,
		 -2.4017 0.1270 -6.6828,
		 -2.4017 0.3302 -6.6828,
		 -2.4017 0.3302 -6.6828,
		 -2.5477 0.3302 -6.9358,
		 -2.5223 0.1270 -6.8918,
		 -2.5223 0.3302 -6.8918,
		 -2.5477 0.1270 -6.9358,
		 -2.4017 0.1270 -6.6828,
		 -2.2556 0.0762 -6.4299,
		 -2.2556 0.1270 -6.4299,
		 -2.2810 0.3302 -6.4739,
		 -2.2810 0.1270 -6.4739,
		 -2.2556 0.1270 -6.4299,
		 -2.2556 0.3302 -6.4299,
		 -2.2556 0.3302 -6.4299,
		 -2.4017 0.3302 -6.6828,
		 -2.3763 0.1270 -6.6388,
		 -2.3763 0.3302 -6.6388,
		 -2.4017 0.1270 -6.6828,
		 -2.4017 0.1270 -6.6828,
		 -2.5477 0.1270 -6.9358,
		 -2.4017 0.3302 -6.6828,
		 -2.4017 0.1270 -6.6828,
		 -2.5477 0.3302 -6.9358,
		 -2.4017 0.3302 -6.6828,
		 -2.5477 0.1270 -6.9358,
		 -2.2556 0.1270 -6.4299,
		 -2.4017 0.1270 -6.6828,
		 -2.2556 0.3302 -6.4299,
		 -2.2556 0.1270 -6.4299,
		 -2.4017 0.3302 -6.6828,
		 -2.2556 0.3302 -6.4299,
		 -2.4017 0.1270 -6.6828
		]
	} #Coordinate3
	Material {
		ambientColor      0.2000 0.1500 0.0500  #ambientColor
		diffuseColor      0.8000 0.6000 0.2000  #diffuseColor
		transparency      0.0000                #transparency
	} #Material

	IndexedFaceSet {
		coordIndex [ 
		 0, 1, 2, 3,-1,
		 3, 2, 1, 0,-1,
		 0, 3, 7, 4,-1,
		 4, 7, 3, 0,-1,
		 1, 0, 4, 5,-1,
		 5, 4, 0, 1,-1,
		 2, 1, 5, 6,-1,
		 6, 5, 1, 2,-1,
		 3, 2, 6, 7,-1,
		 7, 6, 2, 3,-1,
		 8, 9, 6,-1,
		 10, 4, 11, 12,-1,
		 13, 14, 15, 16,-1,
		 17, 8, 5, 18,-1,
		 19, 20, 18, 21,-1,
		 22, 11, 23, 24,-1,
		 25, 26, 27, 28,-1,
		 29, 9, 8, 30,-1,
		 31, 32, 30, 33,-1,
		 20, 19, 14, 13,-1,
		 32, 31, 26, 25,-1,
		 6, 9, 8,-1,
		 34, 11, 4, 35,-1,
		 36, 37, 14, 13,-1,
		 38, 5, 8, 39,-1,
		 40, 38, 20, 19,-1,
		 41, 23, 11, 42,-1,
		 43, 44, 26, 25,-1,
		 45, 8, 9, 46,-1,
		 47, 45, 32, 31,-1,
		 13, 14, 19, 20,-1,
		 25, 26, 31, 32,-1,
		]
	} #IndexedFaceSet
} #Polyhedron
Separator { #Polyhedron
	DEF COORD49 Coordinate3 {
		point [
		 -2.9378 0.6350 -6.7986,
		 -2.5638 0.6350 -7.0145,
		 -2.1955 0.6350 -6.3766,
		 -2.5695 0.6350 -6.1607,
		 -2.9378 0.6096 -6.7986,
		 -2.5638 0.6096 -7.0145,
		 -2.1955 0.6096 -6.3766,
		 -2.5695 0.6096 -6.1607
		]
	} #Coordinate3
	Material {
		ambientColor      0.2000 0.1500 0.0500  #ambientColor
		diffuseColor      0.8000 0.6000 0.2000  #diffuseColor
		transparency      0.0000                #transparency
	} #Material

	IndexedFaceSet {
		coordIndex [ 
		 0, 1, 2, 3,-1,
		 3, 2, 1, 0,-1,
		 0, 3, 7, 4,-1,
		 4, 7, 3, 0,-1,
		 1, 0, 4, 5,-1,
		 5, 4, 0, 1,-1,
		 2, 1, 5, 6,-1,
		 6, 5, 1, 2,-1,
		 3, 2, 6, 7,-1,
		 7, 6, 2, 3,-1,
		 7, 6, 5, 4,-1,
		 4, 5, 6, 7,-1,
		]
	} #IndexedFaceSet
} #Polyhedron
Separator { #Polyhedron
	DEF COORD50 Coordinate3 {
		point [
		 -2.5670 0.0254 -6.3088,
		 -2.5230 0.0254 -6.3342,
		 -2.4976 0.0254 -6.2902,
		 -2.5416 0.0254 -6.2648,
		 -2.5670 0.0000 -6.3088,
		 -2.5230 0.0000 -6.3342,
		 -2.4976 0.0000 -6.2902,
		 -2.5416 0.0000 -6.2648
		]
	} #Coordinate3
	Material {
		ambientColor      0.0000 0.0000 0.0000  #ambientColor
		diffuseColor      0.0000 0.0000 0.0000  #diffuseColor
		transparency      0.0000                #transparency
	} #Material

	IndexedFaceSet {
		coordIndex [ 
		 0, 1, 2, 3,-1,
		 3, 2, 1, 0,-1,
		 0, 3, 7, 4,-1,
		 4, 7, 3, 0,-1,
		 1, 0, 4, 5,-1,
		 5, 4, 0, 1,-1,
		 2, 1, 5, 6,-1,
		 6, 5, 1, 2,-1,
		 3, 2, 6, 7,-1,
		 7, 6, 2, 3,-1,
		 7, 6, 5, 4,-1,
		 4, 5, 6, 7,-1,
		]
	} #IndexedFaceSet
} #Polyhedron
Separator { #Polyhedron
	DEF COORD51 Coordinate3 {
		point [
		 -2.2776 0.0254 -6.4172,
		 -2.3216 0.0254 -6.3918,
		 -2.3470 0.0254 -6.4358,
		 -2.3030 0.0254 -6.4612,
		 -2.2776 0.0000 -6.4172,
		 -2.3216 0.0000 -6.3918,
		 -2.3470 0.0000 -6.4358,
		 -2.3030 0.0000 -6.4612
		]
	} #Coordinate3
	Material {
		ambientColor      0.0000 0.0000 0.0000  #ambientColor
		diffuseColor      0.0000 0.0000 0.0000  #diffuseColor
		transparency      0.0000                #transparency
	} #Material

	IndexedFaceSet {
		coordIndex [ 
		 0, 1, 2, 3,-1,
		 3, 2, 1, 0,-1,
		 0, 3, 7, 4,-1,
		 4, 7, 3, 0,-1,
		 1, 0, 4, 5,-1,
		 5, 4, 0, 1,-1,
		 2, 1, 5, 6,-1,
		 6, 5, 1, 2,-1,
		 3, 2, 6, 7,-1,
		 7, 6, 2, 3,-1,
		 7, 6, 5, 4,-1,
		 4, 5, 6, 7,-1,
		]
	} #IndexedFaceSet
} #Polyhedron
Separator { #Polyhedron
	DEF COORD52 Coordinate3 {
		point [
		 -2.7545 0.3810 -6.6844,
		 -2.7545 0.4826 -6.6844,
		 -2.5767 0.4826 -6.3765,
		 -2.5767 0.3810 -6.3765,
		 -2.5566 0.3810 -6.7987,
		 -2.5566 0.4826 -6.7987,
		 -2.3788 0.4826 -6.4907,
		 -2.3788 0.3810 -6.4907,
		 -2.5566 0.4064 -6.7987,
		 -2.3788 0.4064 -6.4907,
		 -2.4931 0.4191 -6.6887,
		 -2.4931 0.4064 -6.6887,
		 -2.3788 0.4064 -6.4907,
		 -2.3788 0.4191 -6.4907,
		 -2.5439 0.4064 -6.7767,
		 -2.5439 0.4191 -6.7767,
		 -2.5566 0.4191 -6.7987,
		 -2.5566 0.4064 -6.7987,
		 -2.3915 0.4572 -6.5127,
		 -2.3915 0.4191 -6.5127,
		 -2.3788 0.4191 -6.4907,
		 -2.3788 0.4572 -6.4907,
		 -2.4931 0.4826 -6.6887,
		 -2.4931 0.4572 -6.6887,
		 -2.3788 0.4572 -6.4907,
		 -2.5439 0.4572 -6.7767,
		 -2.5439 0.4826 -6.7767,
		 -2.5566 0.4572 -6.7987,
		 -2.4931 0.4572 -6.6887,
		 -2.4931 0.4191 -6.6887,
		 -2.4804 0.4191 -6.6667,
		 -2.4804 0.4572 -6.6667,
		 -2.5439 0.4191 -6.7767,
		 -2.5439 0.4572 -6.7767,
		 -2.5566 0.4191 -6.7987,
		 -2.4804 0.4191 -6.6667,
		 -2.3788 0.4064 -6.4907,
		 -2.5566 0.4064 -6.7987,
		 -2.3788 0.4191 -6.4907,
		 -2.3788 0.4064 -6.4907,
		 -2.4931 0.4191 -6.6887,
		 -2.5566 0.4064 -6.7987,
		 -2.5566 0.4191 -6.7987,
		 -2.5439 0.4191 -6.7767,
		 -2.3788 0.4572 -6.4907,
		 -2.3788 0.4191 -6.4907,
		 -2.3788 0.4572 -6.4907,
		 -2.4931 0.4572 -6.6887,
		 -2.5566 0.4572 -6.7987,
		 -2.5439 0.4572 -6.7767,
		 -2.4804 0.4191 -6.6667,
		 -2.4931 0.4191 -6.6887,
		 -2.4931 0.4572 -6.6887,
		 -2.5566 0.4191 -6.7987,
		 -2.5439 0.4572 -6.7767,
		 -2.5439 0.4191 -6.7767
		]
	} #Coordinate3
	Material {
		ambientColor      0.0902 0.0902 0.0902  #ambientColor
		diffuseColor      0.3608 0.3608 0.3608  #diffuseColor
		transparency      0.0000                #transparency
	} #Material

	Texture2 {
		filename ""  #filename
		wrapS REPEAT 
		wrapT REPEAT 
	} #Texture2

	IndexedFaceSet {
		coordIndex [ 
		 0, 1, 2, 3,-1,
		 3, 2, 1, 0,-1,
		 0, 3, 7, 4,-1,
		 4, 7, 3, 0,-1,
		 1, 0, 4, 5,-1,
		 5, 4, 0, 1,-1,
		 2, 1, 5, 6,-1,
		 6, 5, 1, 2,-1,
		 3, 2, 6, 7,-1,
		 7, 6, 2, 3,-1,
		 8, 4, 7, 9,-1,
		 10, 11, 12, 13,-1,
		 14, 15, 16, 17,-1,
		 18, 19, 20, 21,-1,
		 22, 23, 24, 6,-1,
		 25, 26, 5, 27,-1,
		 28, 29, 30, 31,-1,
		 32, 33, 27, 34,-1,
		 31, 35, 19, 18,-1,
		]
	} #IndexedFaceSet
	Material {
		ambientColor      0.0000 0.0000 0.0000  #ambientColor
		diffuseColor      0.0000 0.0000 0.0000  #diffuseColor
		transparency      0.0000                #transparency
	} #Material

	IndexedFaceSet {
		coordIndex [ 
		 26, 14, 11, 22,-1,
		]
	} #IndexedFaceSet
	Material {
		ambientColor      0.0902 0.0902 0.0902  #ambientColor
		diffuseColor      0.3608 0.3608 0.3608  #diffuseColor
		transparency      0.0000                #transparency
	} #Material

	IndexedFaceSet {
		coordIndex [ 
		 36, 7, 4, 37,-1,
		 38, 39, 11, 40,-1,
		 41, 42, 43, 14,-1,
		 44, 45, 19, 18,-1,
		 6, 46, 47, 22,-1,
		 48, 5, 26, 49,-1,
		 31, 50, 51, 52,-1,
		 53, 48, 54, 55,-1,
		 18, 19, 35, 31,-1,
		]
	} #IndexedFaceSet
	Material {
		ambientColor      0.0000 0.0000 0.0000  #ambientColor
		diffuseColor      0.0000 0.0000 0.0000  #diffuseColor
		transparency      0.0000                #transparency
	} #Material

	IndexedFaceSet {
		coordIndex [ 
		 22, 11, 14, 26,-1,
		]
	} #IndexedFaceSet
} #Polyhedron
Separator { #Polyhedron
	DEF COORD53 Coordinate3 {
		point [
		 -2.2967 1.0668 -6.4502,
		 -2.6046 1.0668 -6.2724,
		 -2.8586 1.0668 -6.7123,
		 -2.5507 1.0668 -6.8901,
		 -2.2967 0.6350 -6.4502,
		 -2.6046 0.6350 -6.2724,
		 -2.8586 0.6350 -6.7123,
		 -2.5507 0.6350 -6.8901,
		 -2.5507 0.6731 -6.8901,
		 -2.2967 0.6731 -6.4502,
		 -2.3157 1.0287 -6.4831,
		 -2.3157 0.6731 -6.4831,
		 -2.2967 0.6731 -6.4502,
		 -2.2967 1.0287 -6.4502,
		 -2.2967 1.0287 -6.4502,
		 -2.5507 1.0287 -6.8901,
		 -2.5316 0.6731 -6.8571,
		 -2.5316 1.0287 -6.8571,
		 -2.5507 0.6731 -6.8901,
		 -2.5316 0.7366 -6.8571,
		 -2.3157 0.7366 -6.4831,
		 -2.3556 0.9652 -6.5523,
		 -2.4216 0.7366 -6.6666,
		 -2.3157 0.9652 -6.4831,
		 -2.3157 0.9652 -6.4831,
		 -2.5316 0.9652 -6.8571,
		 -2.4876 0.9652 -6.7809,
		 -2.5316 0.9652 -6.8571,
		 -2.5316 0.7366 -6.8571,
		 -2.4370 0.7899 -6.6932,
		 -2.4062 0.7899 -6.6399,
		 -2.3777 0.9450 -6.5904,
		 -2.4229 0.7899 -6.6687,
		 -2.3615 0.9450 -6.5624,
		 -2.4674 0.9457 -6.7459,
		 -2.3613 0.9457 -6.5620,
		 -2.3613 0.9457 -6.5620,
		 -2.4820 0.9457 -6.7711,
		 -2.4370 0.7899 -6.6932,
		 -2.4329 0.8251 -6.6862,
		 -2.4126 0.8251 -6.6509,
		 -2.3932 0.9390 -6.6174,
		 -2.4265 0.8251 -6.6751,
		 -2.3794 0.9390 -6.5934,
		 -2.4592 0.9397 -6.7317,
		 -2.3792 0.9397 -6.5931,
		 -2.3792 0.9397 -6.5931,
		 -2.4657 0.9397 -6.7430,
		 -2.4329 0.8251 -6.6862,
		 -2.2967 0.6731 -6.4502,
		 -2.5507 0.6731 -6.8901,
		 -2.2967 1.0287 -6.4502,
		 -2.2967 0.6731 -6.4502,
		 -2.5507 1.0287 -6.8901,
		 -2.2967 1.0287 -6.4502,
		 -2.5507 0.6731 -6.8901,
		 -2.3157 0.7366 -6.4831,
		 -2.5316 0.7366 -6.8571,
		 -2.3157 0.9652 -6.4831,
		 -2.5316 0.9652 -6.8571,
		 -2.3157 0.9652 -6.4831,
		 -2.5316 0.7366 -6.8571,
		 -2.5316 0.9652 -6.8571,
		 -2.4062 0.7899 -6.6399,
		 -2.4370 0.7899 -6.6932,
		 -2.3615 0.9450 -6.5624,
		 -2.3613 0.9457 -6.5620,
		 -2.4820 0.9457 -6.7711,
		 -2.3613 0.9457 -6.5620,
		 -2.4370 0.7899 -6.6932,
		 -2.4126 0.8251 -6.6509,
		 -2.4329 0.8251 -6.6862,
		 -2.3794 0.9390 -6.5934,
		 -2.3792 0.9397 -6.5931,
		 -2.4657 0.9397 -6.7430,
		 -2.3792 0.9397 -6.5931,
		 -2.4329 0.8251 -6.6862
		]
	} #Coordinate3
	Material {
		ambientColor      0.0000 0.0000 0.0000  #ambientColor
		diffuseColor      0.0000 0.0000 0.0000  #diffuseColor
		transparency      0.0000                #transparency
	} #Material

	Texture2 {
		filename ""  #filename
		wrapS REPEAT 
		wrapT REPEAT 
	} #Texture2

	IndexedFaceSet {
		coordIndex [ 
		 0, 1, 2, 3,-1,
		 3, 2, 1, 0,-1,
		]
	} #IndexedFaceSet
	Material {
		ambientColor      0.1392 0.1392 0.1392  #ambientColor
		diffuseColor      0.5569 0.5569 0.5569  #diffuseColor
		transparency      0.0000                #transparency
	} #Material

	IndexedFaceSet {
		coordIndex [ 
		 8, 7, 4, 9,-1,
		 10, 11, 12, 13,-1,
		 14, 0, 3, 15,-1,
		 16, 17, 15, 18,-1,
		]
	} #IndexedFaceSet
	Material {
		ambientColor      0.0000 0.0000 0.0833  #ambientColor
		diffuseColor      0.0000 0.0000 0.3333  #diffuseColor
		transparency      0.0000                #transparency
	} #Material

	IndexedFaceSet {
		coordIndex [ 
		 19, 16, 11, 20,-1,
		 21, 22, 20, 23,-1,
		 24, 10, 17, 25,-1,
		 22, 26, 27, 28,-1,
		]
	} #IndexedFaceSet
	Material {
		ambientColor      0.0000 0.1392 0.0000  #ambientColor
		diffuseColor      0.0000 0.5569 0.0000  #diffuseColor
		transparency      0.0000                #transparency
	} #Material

	IndexedFaceSet {
		coordIndex [ 
		 29, 22, 30,-1,
		 31, 32, 30, 33,-1,
		 34, 31, 33, 35,-1,
		 36, 21, 26, 37,-1,
		 32, 34, 37, 38,-1,
		]
	} #IndexedFaceSet
	Material {
		ambientColor      0.1245 0.2500 0.1245  #ambientColor
		diffuseColor      0.4980 1.0000 0.4980  #diffuseColor
		transparency      0.0000                #transparency
	} #Material

	IndexedFaceSet {
		coordIndex [ 
		 39, 32, 40,-1,
		 41, 42, 40, 43,-1,
		 44, 41, 43, 45,-1,
		 46, 31, 34, 47,-1,
		 42, 44, 47, 48,-1,
		]
	} #IndexedFaceSet
	Material {
		ambientColor      0.0000 0.0000 0.0833  #ambientColor
		diffuseColor      0.0000 0.0000 0.3333  #diffuseColor
		transparency      0.0000                #transparency
	} #Material

	IndexedFaceSet {
		coordIndex [ 
		 42, 41, 44,-1,
		]
	} #IndexedFaceSet
	Material {
		ambientColor      0.1392 0.1392 0.1392  #ambientColor
		diffuseColor      0.5569 0.5569 0.5569  #diffuseColor
		transparency      0.0000                #transparency
	} #Material

	IndexedFaceSet {
		coordIndex [ 
		 49, 4, 7, 50,-1,
		 51, 52, 11, 10,-1,
		 53, 3, 0, 54,-1,
		 55, 53, 17, 16,-1,
		]
	} #IndexedFaceSet
	Material {
		ambientColor      0.0000 0.0000 0.0833  #ambientColor
		diffuseColor      0.0000 0.0000 0.3333  #diffuseColor
		transparency      0.0000                #transparency
	} #Material

	IndexedFaceSet {
		coordIndex [ 
		 56, 11, 16, 57,-1,
		 58, 56, 22, 21,-1,
		 59, 17, 10, 60,-1,
		 61, 62, 26, 22,-1,
		]
	} #IndexedFaceSet
	Material {
		ambientColor      0.0000 0.1392 0.0000  #ambientColor
		diffuseColor      0.0000 0.5569 0.0000  #diffuseColor
		transparency      0.0000                #transparency
	} #Material

	IndexedFaceSet {
		coordIndex [ 
		 63, 22, 64,-1,
		 65, 63, 32, 31,-1,
		 66, 65, 31, 34,-1,
		 67, 26, 21, 68,-1,
		 69, 67, 34, 32,-1,
		]
	} #IndexedFaceSet
	Material {
		ambientColor      0.1245 0.2500 0.1245  #ambientColor
		diffuseColor      0.4980 1.0000 0.4980  #diffuseColor
		transparency      0.0000                #transparency
	} #Material

	IndexedFaceSet {
		coordIndex [ 
		 70, 32, 71,-1,
		 72, 70, 42, 41,-1,
		 73, 72, 41, 44,-1,
		 74, 34, 31, 75,-1,
		 76, 74, 44, 42,-1,
		]
	} #IndexedFaceSet
	Material {
		ambientColor      0.0000 0.0000 0.0833  #ambientColor
		diffuseColor      0.0000 0.0000 0.3333  #diffuseColor
		transparency      0.0000                #transparency
	} #Material

	IndexedFaceSet {
		coordIndex [ 
		 44, 41, 42,-1,
		]
	} #IndexedFaceSet
	Material {
		ambientColor      0.0000 0.0000 0.0000  #ambientColor
		diffuseColor      0.0000 0.0000 0.0000  #diffuseColor
		transparency      0.0000                #transparency
	} #Material

	IndexedFaceSet {
		coordIndex [ 
		 1, 0, 4, 5,-1,
		 5, 4, 0, 1,-1,
		 2, 1, 5, 6,-1,
		 6, 5, 1, 2,-1,
		 3, 2, 6, 7,-1,
		 7, 6, 2, 3,-1,
		 7, 6, 5, 4,-1,
		 4, 5, 6, 7,-1,
		]
	} #IndexedFaceSet
} #Polyhedron
Separator { #Polyhedron
	DEF COORD54 Coordinate3 {
		point [
		 -2.8337 0.0000 -6.7707,
		 -2.7897 0.0000 -6.7961,
		 -2.7643 0.0000 -6.7521,
		 -2.8083 0.0000 -6.7267,
		 -2.8337 0.0000 -6.7707,
		 -2.7897 0.0000 -6.7961,
		 -2.7643 0.0000 -6.7521,
		 -2.8083 0.0000 -6.7267
		]
	} #Coordinate3
	Material {
		ambientColor      0.0000 0.0000 0.0000  #ambientColor
		diffuseColor      0.0000 0.0000 0.0000  #diffuseColor
		transparency      0.0000                #transparency
	} #Material

	IndexedFaceSet {
		coordIndex [ 
		 0, 1, 2, 3,-1,
		 3, 2, 1, 0,-1,
		 7, 6, 5, 4,-1,
		 4, 5, 6, 7,-1,
		]
	} #IndexedFaceSet
} #Polyhedron
Separator { #Polyhedron
	DEF COORD55 Coordinate3 {
		point [
		 -2.5443 0.0254 -6.8791,
		 -2.5883 0.0254 -6.8537,
		 -2.6137 0.0254 -6.8977,
		 -2.5697 0.0254 -6.9231,
		 -2.5443 0.0000 -6.8791,
		 -2.5883 0.0000 -6.8537,
		 -2.6137 0.0000 -6.8977,
		 -2.5697 0.0000 -6.9231
		]
	} #Coordinate3
	Material {
		ambientColor      0.0000 0.0000 0.0000  #ambientColor
		diffuseColor      0.0000 0.0000 0.0000  #diffuseColor
		transparency      0.0000                #transparency
	} #Material

	IndexedFaceSet {
		coordIndex [ 
		 0, 1, 2, 3,-1,
		 3, 2, 1, 0,-1,
		 0, 3, 7, 4,-1,
		 4, 7, 3, 0,-1,
		 1, 0, 4, 5,-1,
		 5, 4, 0, 1,-1,
		 2, 1, 5, 6,-1,
		 6, 5, 1, 2,-1,
		 3, 2, 6, 7,-1,
		 7, 6, 2, 3,-1,
		 7, 6, 5, 4,-1,
		 4, 5, 6, 7,-1,
		]
	} #IndexedFaceSet
} #Polyhedron
Separator { #Polyhedron
	DEF COORD56 Coordinate3 {
		point [
		 -1.5240 0.6604 -6.2484,
		 -1.5240 0.6604 -6.7056,
		 -0.0000 0.6604 -6.7056,
		 -0.0000 0.6604 -6.2484,
		 -1.5240 0.0000 -6.2484,
		 -1.5240 0.0000 -6.7056,
		 -0.0000 0.0000 -6.7056,
		 -0.0000 0.0000 -6.2484,
		 -1.5240 0.0508 -6.7056,
		 -0.0000 0.0508 -6.7056,
		 -0.0508 0.2033 -6.7056,
		 -0.0508 0.0508 -6.7056,
		 -0.0000 0.2033 -6.7056,
		 -0.0000 0.2033 -6.7056,
		 -0.0000 0.2540 -6.7056,
		 -1.5240 0.2540 -6.7056,
		 -1.5240 0.2033 -6.7056,
		 -0.8636 0.2033 -6.7056,
		 -0.8636 0.0508 -6.7056,
		 -0.6604 0.0508 -6.7056,
		 -0.6604 0.2033 -6.7056,
		 -1.4732 0.0508 -6.7056,
		 -1.4732 0.2033 -6.7056,
		 -1.5240 0.2033 -6.7056,
		 -1.5240 0.0508 -6.7056,
		 -0.0508 0.4064 -6.7056,
		 -0.0508 0.2540 -6.7056,
		 -0.0000 0.4064 -6.7056,
		 -0.0000 0.4064 -6.7056,
		 -0.0000 0.4572 -6.7056,
		 -1.5240 0.4572 -6.7056,
		 -1.5240 0.4064 -6.7056,
		 -0.8636 0.4064 -6.7056,
		 -0.8636 0.2540 -6.7056,
		 -0.6604 0.2540 -6.7056,
		 -0.6604 0.4064 -6.7056,
		 -1.4732 0.2540 -6.7056,
		 -1.4732 0.4064 -6.7056,
		 -1.5240 0.4064 -6.7056,
		 -1.5240 0.2540 -6.7056,
		 -0.0508 0.6096 -6.7056,
		 -0.0508 0.4572 -6.7056,
		 -0.0000 0.6096 -6.7056,
		 -0.0000 0.6096 -6.7056,
		 -1.5240 0.6096 -6.7056,
		 -0.8636 0.6096 -6.7056,
		 -0.8636 0.4572 -6.7056,
		 -0.6604 0.4572 -6.7056,
		 -0.6604 0.6096 -6.7056,
		 -1.4732 0.4572 -6.7056,
		 -1.4732 0.6096 -6.7056,
		 -1.5240 0.6096 -6.7056,
		 -1.5240 0.4572 -6.7056,
		 -0.8636 0.6096 -6.7056,
		 -1.4732 0.6096 -6.7056,
		 -0.8636 0.4064 -6.7056,
		 -1.4732 0.4064 -6.7056,
		 -0.8636 0.2033 -6.7056,
		 -1.4732 0.2033 -6.7056
		]
	} #Coordinate3
	Material {
		ambientColor      0.1500 0.1000 0.0500  #ambientColor
		diffuseColor      0.6000 0.4000 0.2000  #diffuseColor
		transparency      0.0000                #transparency
	} #Material

	Texture2 {
		filename ""  #filename
		wrapS REPEAT 
		wrapT REPEAT 
	} #Texture2

	IndexedFaceSet {
		coordIndex [ 
		 0, 1, 2, 3,-1,
		 3, 2, 1, 0,-1,
		 0, 3, 7, 4,-1,
		 4, 7, 3, 0,-1,
		 1, 0, 4, 5,-1,
		 5, 4, 0, 1,-1,
		 8, 5, 6, 9,-1,
		 10, 11, 9, 12,-1,
		 13, 14, 15, 16,-1,
		 17, 18, 19, 20,-1,
		 21, 22, 23, 24,-1,
		 18, 21, 24, 19,-1,
		 25, 26, 14, 27,-1,
		 28, 29, 30, 31,-1,
		 32, 33, 34, 35,-1,
		 36, 37, 38, 39,-1,
		 33, 36, 39, 34,-1,
		 40, 41, 29, 42,-1,
		 43, 2, 1, 44,-1,
		 45, 46, 47, 48,-1,
		 49, 50, 51, 52,-1,
		 46, 49, 52, 47,-1,
		]
	} #IndexedFaceSet
	Material {
		ambientColor      0.2500 0.1000 0.0500  #ambientColor
		diffuseColor      1.0000 0.4000 0.2000  #diffuseColor
		transparency      0.0000                #transparency
	} #Material

	IndexedFaceSet {
		coordIndex [ 
		 41, 40, 48, 47,-1,
		 26, 25, 35, 34,-1,
		 11, 10, 20, 19,-1,
		 46, 53, 54, 49,-1,
		 33, 55, 56, 36,-1,
		 18, 57, 58, 21,-1,
		]
	} #IndexedFaceSet
	Material {
		ambientColor      0.1500 0.1000 0.0500  #ambientColor
		diffuseColor      0.6000 0.4000 0.2000  #diffuseColor
		transparency      0.0000                #transparency
	} #Material

	IndexedFaceSet {
		coordIndex [ 
		 6, 5, 1, 2,-1,
		 3, 2, 6, 7,-1,
		 7, 6, 2, 3,-1,
		 4, 5, 6, 7,-1,
		]
	} #IndexedFaceSet
} #Polyhedron
Separator { #Polyhedron
	DEF COORD57 Coordinate3 {
		point [
		 1.5240 2.1336 -12.1920,
		 1.5240 2.1336 -12.0904,
		 -0.9144 2.1336 -12.0904,
		 -0.9144 2.1336 -12.1920,
		 1.5240 0.9144 -12.1920,
		 1.5240 0.9144 -12.0904,
		 -0.9144 0.9144 -12.0904,
		 -0.9144 0.9144 -12.1920,
		 -0.9144 2.0829 -12.0904,
		 1.5240 2.0829 -12.0904,
		 -0.9144 0.9652 -12.0904,
		 -0.8636 2.0829 -12.0904,
		 -0.8636 0.9652 -12.0904,
		 1.5240 0.9652 -12.0904,
		 -0.9144 0.9652 -12.0904,
		 1.5240 2.0829 -12.0904,
		 1.5240 0.9652 -12.0904,
		 1.4732 0.9652 -12.0904,
		 1.4732 2.0829 -12.0904
		]
	} #Coordinate3
	Material {
		ambientColor      0.2500 0.2000 0.0000  #ambientColor
		diffuseColor      1.0000 0.8000 0.0000  #diffuseColor
		transparency      0.0000                #transparency
	} #Material

	Texture2 {
		filename ""  #filename
		wrapS REPEAT 
		wrapT REPEAT 
	} #Texture2

	IndexedFaceSet {
		coordIndex [ 
		 0, 1, 2, 3,-1,
		 3, 2, 1, 0,-1,
		 4, 7, 3, 0,-1,
		 1, 0, 4, 5,-1,
		 5, 4, 0, 1,-1,
		]
	} #IndexedFaceSet
	Material {
		ambientColor      0.2500 0.1500 0.0500  #ambientColor
		diffuseColor      1.0000 0.6000 0.2000  #diffuseColor
		transparency      0.0000                #transparency
	} #Material

	IndexedFaceSet {
		coordIndex [ 
		 8, 2, 1, 9,-1,
		 10, 8, 11, 12,-1,
		 13, 5, 6, 14,-1,
		 15, 16, 17, 18,-1,
		]
	} #IndexedFaceSet
	Material {
		ambientColor      0.0275 0.0275 0.2500  #ambientColor
		diffuseColor      0.1098 0.1098 1.0000  #diffuseColor
		transparency      0.0000                #transparency
	} #Material

	Texture2 {
		filename "TXTR0002.JPG"  #filename
		wrapS REPEAT 
		wrapT REPEAT 
	} #Texture2

	IndexedFaceSet {
		coordIndex [ 
		 12, 11, 18, 17,-1,
		]
	} #IndexedFaceSet
	Material {
		ambientColor      0.2500 0.2000 0.0000  #ambientColor
		diffuseColor      1.0000 0.8000 0.0000  #diffuseColor
		transparency      0.0000                #transparency
	} #Material

	Texture2 {
		filename ""  #filename
		wrapS REPEAT 
		wrapT REPEAT 
	} #Texture2

	IndexedFaceSet {
		coordIndex [ 
		 6, 5, 1, 2,-1,
		 3, 2, 6, 7,-1,
		 7, 6, 2, 3,-1,
		 7, 6, 5, 4,-1,
		 4, 5, 6, 7,-1,
		]
	} #IndexedFaceSet
} #Polyhedron
Separator { #Polyhedron
	DEF COORD58 Coordinate3 {
		point [
		 7.9248 2.4384 -12.1920,
		 7.9248 2.4384 -9.1440,
		 4.5720 2.4384 -9.1440,
		 4.5720 2.4384 -12.1920,
		 7.9248 0.0000 -12.1920,
		 7.9248 0.0000 -9.1440,
		 4.5720 0.0000 -9.1440,
		 4.5720 0.0000 -12.1920,
		 4.5720 1.5242 -9.1440,
		 4.5720 1.5242 -12.1920,
		 4.5720 0.0002 -11.1253,
		 4.5720 1.5242 -11.1253,
		 4.5720 0.0002 -12.1920,
		 4.5720 0.0002 -12.1920,
		 4.5720 0.0002 -9.1440,
		 4.5720 1.5242 -10.3632,
		 4.5720 0.0002 -10.3632,
		 4.5720 0.0002 -9.1440,
		 4.5720 1.5242 -9.1440
		]
	} #Coordinate3
	Material {
		ambientColor      0.2500 0.2500 0.2500  #ambientColor
		diffuseColor      1.0000 1.0000 1.0000  #diffuseColor
		transparency      0.0000                #transparency
	} #Material

	Texture2 {
		filename ""  #filename
		wrapS REPEAT 
		wrapT REPEAT 
	} #Texture2

	IndexedFaceSet {
		coordIndex [ 
		 3, 2, 1, 0,-1,
		 0, 3, 7, 4,-1,
		]
	} #IndexedFaceSet
	Texture2 {
		filename "TXTR0003.JPG"  #filename
		wrapS REPEAT 
		wrapT REPEAT 
	} #Texture2

	IndexedFaceSet {
		coordIndex [ 
		 4, 7, 3, 0,-1,
		]
	} #IndexedFaceSet
	Texture2 {
		filename ""  #filename
		wrapS REPEAT 
		wrapT REPEAT 
	} #Texture2

	IndexedFaceSet {
		coordIndex [ 
		 1, 0, 4, 5,-1,
		]
	} #IndexedFaceSet
	Texture2 {
		filename "TXTR0003.JPG"  #filename
		wrapS REPEAT 
		wrapT REPEAT 
	} #Texture2

	IndexedFaceSet {
		coordIndex [ 
		 5, 4, 0, 1,-1,
		]
	} #IndexedFaceSet
	Texture2 {
		filename ""  #filename
		wrapS REPEAT 
		wrapT REPEAT 
	} #Texture2

	IndexedFaceSet {
		coordIndex [ 
		 2, 1, 5, 6,-1,
		]
	} #IndexedFaceSet
	Texture2 {
		filename "TXTR0003.JPG"  #filename
		wrapS REPEAT 
		wrapT REPEAT 
	} #Texture2

	IndexedFaceSet {
		coordIndex [ 
		 6, 5, 1, 2,-1,
		 8, 2, 3, 9,-1,
		 10, 11, 9, 12,-1,
		 13, 7, 6, 14,-1,
		 15, 16, 17, 18,-1,
		]
	} #IndexedFaceSet
	Texture2 {
		filename ""  #filename
		wrapS REPEAT 
		wrapT REPEAT 
	} #Texture2

	IndexedFaceSet {
		coordIndex [ 
		 4, 5, 6, 7,-1,
		]
	} #IndexedFaceSet
} #Polyhedron
Separator { #Polyhedron
	DEF COORD59 Coordinate3 {
		point [
		 4.5720 2.4384 -6.0960,
		 4.5720 4.2672 -9.1440,
		 4.5720 2.4384 -12.1920,
		 -3.0480 2.4384 -6.0960,
		 -3.0480 4.2672 -9.1440,
		 -3.0480 2.4384 -12.1920,
		 4.5720 4.2672 -9.1440,
		 4.5720 2.4384 -9.1440,
		 -3.0480 2.4384 -6.0960,
		 -3.0480 2.4384 -9.1440
		]
	} #Coordinate3
	Material {
		ambientColor      0.2500 0.0000 0.0000  #ambientColor
		diffuseColor      1.0000 0.0000 0.0000  #diffuseColor
		transparency      0.0000                #transparency
	} #Material

	Texture2 {
		filename ""  #filename
		wrapS REPEAT 
		wrapT REPEAT 
	} #Texture2

	IndexedFaceSet {
		coordIndex [ 
		 6, 7, 0,-1,
		 2, 1, 0,-1,
		 3, 5, 2, 0,-1,
		 1, 0, 3, 4,-1,
		 4, 3, 0, 1,-1,
		 2, 1, 4, 5,-1,
		 5, 4, 1, 2,-1,
		 4, 8, 9,-1,
		 3, 4, 5,-1,
		]
	} #IndexedFaceSet
} #Polyhedron
Separator { #Polyhedron
	DEF COORD60 Coordinate3 {
		point [
		 7.9248 2.4384 -9.1440,
		 7.9248 4.2672 -9.1440,
		 7.9248 2.4384 -12.1920,
		 4.5720 2.4384 -9.1440,
		 4.5720 4.2672 -9.1440,
		 4.5720 2.4384 -12.1920
		]
	} #Coordinate3
	Material {
		ambientColor      0.2500 0.0000 0.0000  #ambientColor
		diffuseColor      1.0000 0.0000 0.0000  #diffuseColor
		transparency      0.0000                #transparency
	} #Material

	Texture2 {
		filename ""  #filename
		wrapS REPEAT 
		wrapT REPEAT 
	} #Texture2

	IndexedFaceSet {
		coordIndex [ 
		 0, 1, 2,-1,
		 2, 1, 0,-1,
		 3, 5, 2, 0,-1,
		 1, 0, 3, 4,-1,
		 4, 3, 0, 1,-1,
		 2, 1, 4, 5,-1,
		 5, 4, 1, 2,-1,
		 3, 4, 5,-1,
		]
	} #IndexedFaceSet
} #Polyhedron
Separator { #Polyhedron
	DEF COORD61 Coordinate3 {
		point [
		 0.3683 0.6350 -0.4572,
		 0.3683 0.6350 -0.3048,
		 0.2159 0.6350 -0.3048,
		 0.2159 0.6350 -0.4572,
		 0.3683 0.0000 -0.4572,
		 0.3683 0.0000 -0.3048,
		 0.2159 0.0000 -0.3048,
		 0.2159 0.0000 -0.4572
		]
	} #Coordinate3
	Material {
		ambientColor      0.2500 0.2500 0.2500  #ambientColor
		diffuseColor      1.0000 1.0000 1.0000  #diffuseColor
		transparency      0.0000                #transparency
	} #Material

	Texture2 {
		filename ""  #filename
		wrapS REPEAT 
		wrapT REPEAT 
	} #Texture2

	IndexedFaceSet {
		coordIndex [ 
		 3, 2, 1, 0,-1,
		 0, 3, 7, 4,-1,
		 4, 7, 3, 0,-1,
		 1, 0, 4, 5,-1,
		 5, 4, 0, 1,-1,
		 2, 1, 5, 6,-1,
		 6, 5, 1, 2,-1,
		 3, 2, 6, 7,-1,
		 7, 6, 2, 3,-1,
		 4, 5, 6, 7,-1,
		]
	} #IndexedFaceSet
} #Polyhedron
Separator { #Polyhedron
	DEF COORD62 Coordinate3 {
		point [
		 0.1125 0.6323 -0.8375,
		 0.4717 0.6323 -0.8375,
		 0.5795 0.9556 -0.8375,
		 0.2921 1.1711 -0.8375,
		 0.0047 0.9556 -0.8375,
		 0.1125 0.6323 0.0246,
		 0.4717 0.6323 0.0246,
		 0.5795 0.9556 0.0246,
		 0.2921 1.1711 0.0246,
		 0.0047 0.9556 0.0246,
		 0.4717 0.6323 -0.4572,
		 0.1125 0.6323 -0.4572,
		 0.4717 0.6323 -0.3048,
		 0.4717 0.6323 -0.4572,
		 0.3683 0.6350 -0.4572,
		 0.3683 0.6350 -0.3048,
		 0.1125 0.6323 -0.3048,
		 0.4717 0.6323 -0.3048,
		 0.1125 0.6323 -0.4572,
		 0.2159 0.6350 -0.3048,
		 0.2159 0.6350 -0.4572
		]
	} #Coordinate3
	Material {
		ambientColor      0.0000 0.0000 0.2500  #ambientColor
		diffuseColor      0.0000 0.0000 1.0000  #diffuseColor
		transparency      0.0000                #transparency
	} #Material

	Texture2 {
		filename ""  #filename
		wrapS REPEAT 
		wrapT REPEAT 
	} #Texture2

	IndexedFaceSet {
		coordIndex [ 
		 0, 1, 2, 3, 4,-1,
		 4, 3, 2, 1, 0,-1,
		 0, 4, 9, 5,-1,
		 5, 9, 4, 0,-1,
		 10, 1, 0, 11,-1,
		 12, 13, 14, 15,-1,
		 16, 5, 6, 17,-1,
		 18, 16, 19, 20,-1,
		 6, 5, 0, 1,-1,
		 2, 1, 6, 7,-1,
		 7, 6, 1, 2,-1,
		 3, 2, 7, 8,-1,
		 8, 7, 2, 3,-1,
		 4, 3, 8, 9,-1,
		 9, 8, 3, 4,-1,
		 9, 8, 7, 6, 5,-1,
		 5, 6, 7, 8, 9,-1,
		]
	} #IndexedFaceSet
} #Polyhedron
Separator { #Polyhedron
	DEF COORD63 Coordinate3 {
		point [
		 -3.0480 2.4384 -12.1920,
		 -3.0480 2.4384 -9.1440,
		 -7.4676 2.4384 -9.1440,
		 -7.4676 2.4384 -12.1920,
		 -3.0480 0.0000 -12.1920,
		 -3.0480 0.0000 -9.1440,
		 -7.4676 0.0000 -9.1440,
		 -7.4676 0.0000 -12.1920,
		 -7.4676 1.1876 -12.1920,
		 -3.0480 1.1876 -12.1920,
		 -4.9282 1.1876 -12.1920,
		 -3.0480 1.1876 -12.1920,
		 -3.0480 1.1876 -12.1920,
		 -3.1873 2.2798 -12.1920,
		 -3.1873 1.1876 -12.1920,
		 -3.0480 2.2798 -12.1920,
		 -4.9282 2.2798 -12.1920,
		 -5.5748 2.2798 -12.1920,
		 -5.5748 1.1876 -12.1920,
		 -3.0480 2.2798 -12.1920,
		 -7.4676 2.2798 -12.1920,
		 -7.3157 1.1876 -12.1920,
		 -7.3157 2.2798 -12.1920,
		 -7.4676 1.1876 -12.1920,
		 -7.3157 1.2320 -12.1920,
		 -5.5748 1.2320 -12.1920,
		 -6.1404 1.2326 -12.1920,
		 -6.1404 1.2320 -12.1920,
		 -5.5748 1.2320 -12.1920,
		 -5.5748 1.2326 -12.1920,
		 -6.1912 1.2320 -12.1920,
		 -6.1912 1.2326 -12.1920,
		 -6.7056 1.2326 -12.1920,
		 -6.7056 1.2320 -12.1920,
		 -6.7564 1.2320 -12.1920,
		 -6.7564 1.2326 -12.1920,
		 -7.3157 1.2326 -12.1920,
		 -7.3157 1.2320 -12.1920,
		 -5.6473 1.7082 -12.1920,
		 -5.6473 1.2326 -12.1920,
		 -5.5748 1.2326 -12.1920,
		 -5.5748 1.7082 -12.1920,
		 -5.6451 1.7590 -12.1920,
		 -5.6451 1.7082 -12.1920,
		 -5.5748 1.7082 -12.1920,
		 -5.5748 1.7590 -12.1920,
		 -5.5748 1.7590 -12.1920,
		 -5.5748 2.2345 -12.1920,
		 -5.6473 2.2345 -12.1920,
		 -5.6473 1.7590 -12.1920,
		 -6.1404 2.2353 -12.1920,
		 -6.1404 2.2345 -12.1920,
		 -5.5748 2.2345 -12.1920,
		 -5.5748 2.2353 -12.1920,
		 -6.1912 2.2345 -12.1920,
		 -6.1912 2.2353 -12.1920,
		 -6.7056 2.2353 -12.1920,
		 -6.7056 2.2345 -12.1920,
		 -5.5748 2.2353 -12.1920,
		 -7.3157 2.2353 -12.1920,
		 -6.7564 2.2345 -12.1920,
		 -6.7564 2.2353 -12.1920,
		 -7.3157 2.2345 -12.1920,
		 -7.3157 1.7082 -12.1920,
		 -7.3157 1.2326 -12.1920,
		 -7.2431 1.2326 -12.1920,
		 -7.2431 1.7082 -12.1920,
		 -7.2431 1.7590 -12.1920,
		 -7.2431 2.2345 -12.1920,
		 -7.3157 1.7590 -12.1920,
		 -7.2453 1.7082 -12.1920,
		 -7.2453 1.7590 -12.1920,
		 -7.3157 1.7082 -12.1920,
		 -6.1404 1.7082 -12.1920,
		 -6.1404 1.2326 -12.1920,
		 -5.6473 1.2326 -12.1920,
		 -5.6473 1.7082 -12.1920,
		 -6.1912 1.2326 -12.1920,
		 -6.1912 1.7082 -12.1920,
		 -6.7056 1.7082 -12.1920,
		 -6.7056 1.2326 -12.1920,
		 -6.7564 1.2326 -12.1920,
		 -6.7564 1.7082 -12.1920,
		 -7.2431 1.7082 -12.1920,
		 -6.1404 2.2345 -12.1920,
		 -6.1404 1.7590 -12.1920,
		 -5.6473 1.7590 -12.1920,
		 -6.1912 1.7590 -12.1920,
		 -6.1912 2.2345 -12.1920,
		 -6.7056 2.2345 -12.1920,
		 -6.7056 1.7590 -12.1920,
		 -6.7564 1.7590 -12.1920,
		 -6.7564 2.2345 -12.1920,
		 -7.2431 1.7590 -12.1920,
		 -6.1404 1.7590 -12.1920,
		 -6.1404 1.7082 -12.1920,
		 -5.6451 1.7082 -12.1920,
		 -6.1912 1.7082 -12.1920,
		 -6.1912 1.7590 -12.1920,
		 -6.7056 1.7590 -12.1920,
		 -6.7056 1.7082 -12.1920,
		 -6.7564 1.7082 -12.1920,
		 -6.7564 1.7590 -12.1920,
		 -6.1912 2.2353 -12.1920,
		 -6.1404 2.2353 -12.1920,
		 -4.9282 1.2320 -12.1920,
		 -3.1873 1.2320 -12.1920,
		 -3.7529 1.2326 -12.1920,
		 -3.7529 1.2320 -12.1920,
		 -3.1873 1.2320 -12.1920,
		 -3.1873 1.2326 -12.1920,
		 -3.8037 1.2320 -12.1920,
		 -3.8037 1.2326 -12.1920,
		 -4.3181 1.2326 -12.1920,
		 -4.3181 1.2320 -12.1920,
		 -4.3689 1.2320 -12.1920,
		 -4.3689 1.2326 -12.1920,
		 -4.9282 1.2326 -12.1920,
		 -4.9282 1.2320 -12.1920,
		 -3.2598 1.7082 -12.1920,
		 -3.2598 1.2326 -12.1920,
		 -3.1873 1.2326 -12.1920,
		 -3.1873 1.7082 -12.1920,
		 -3.2576 1.7590 -12.1920,
		 -3.2576 1.7082 -12.1920,
		 -3.1873 1.7082 -12.1920,
		 -3.1873 1.7590 -12.1920,
		 -3.1873 1.7590 -12.1920,
		 -3.1873 2.2345 -12.1920,
		 -3.2598 2.2345 -12.1920,
		 -3.2598 1.7590 -12.1920,
		 -3.7529 2.2353 -12.1920,
		 -3.7529 2.2345 -12.1920,
		 -3.1873 2.2345 -12.1920,
		 -3.1873 2.2353 -12.1920,
		 -3.8037 2.2345 -12.1920,
		 -3.8037 2.2353 -12.1920,
		 -4.3181 2.2353 -12.1920,
		 -4.3181 2.2345 -12.1920,
		 -3.1873 2.2353 -12.1920,
		 -3.1873 2.2798 -12.1920,
		 -4.9282 2.2798 -12.1920,
		 -4.9282 2.2353 -12.1920,
		 -4.3689 2.2345 -12.1920,
		 -4.3689 2.2353 -12.1920,
		 -4.9282 2.2345 -12.1920,
		 -4.9282 1.7082 -12.1920,
		 -4.9282 1.2326 -12.1920,
		 -4.8556 1.2326 -12.1920,
		 -4.8556 1.7082 -12.1920,
		 -4.8556 1.7590 -12.1920,
		 -4.8556 2.2345 -12.1920,
		 -4.9282 1.7590 -12.1920,
		 -4.8578 1.7082 -12.1920,
		 -4.8578 1.7590 -12.1920,
		 -4.9282 1.7082 -12.1920,
		 -3.7529 1.7082 -12.1920,
		 -3.7529 1.2326 -12.1920,
		 -3.2598 1.2326 -12.1920,
		 -3.2598 1.7082 -12.1920,
		 -3.8037 1.2326 -12.1920,
		 -3.8037 1.7082 -12.1920,
		 -4.3181 1.7082 -12.1920,
		 -4.3181 1.2326 -12.1920,
		 -4.3689 1.2326 -12.1920,
		 -4.3689 1.7082 -12.1920,
		 -4.8556 1.7082 -12.1920,
		 -3.7529 2.2345 -12.1920,
		 -3.7529 1.7590 -12.1920,
		 -3.2598 1.7590 -12.1920,
		 -3.8037 1.7590 -12.1920,
		 -3.8037 2.2345 -12.1920,
		 -4.3181 2.2345 -12.1920,
		 -4.3181 1.7590 -12.1920,
		 -4.3689 1.7590 -12.1920,
		 -4.3689 2.2345 -12.1920,
		 -4.8556 1.7590 -12.1920,
		 -3.7529 1.7590 -12.1920,
		 -3.7529 1.7082 -12.1920,
		 -3.2576 1.7082 -12.1920,
		 -3.8037 1.7082 -12.1920,
		 -3.8037 1.7590 -12.1920,
		 -4.3181 1.7590 -12.1920,
		 -4.3181 1.7082 -12.1920,
		 -4.3689 1.7082 -12.1920,
		 -4.3689 1.7590 -12.1920,
		 -3.8037 2.2353 -12.1920,
		 -3.7529 2.2353 -12.1920,
		 -7.4676 0.1143 -12.1920,
		 -7.4168 0.1143 -12.1920,
		 -7.4168 0.0000 -12.1920,
		 -3.0480 1.0287 -12.1920,
		 -3.0480 0.1143 -12.1920,
		 -3.0544 0.1143 -12.1920,
		 -3.0544 1.0287 -12.1920,
		 -3.0480 1.1876 -12.1920,
		 -3.0480 1.0287 -12.1920,
		 -7.4676 1.0287 -12.1920,
		 -7.4676 1.1876 -12.1920,
		 -3.0480 1.1876 -12.1920,
		 -3.0480 1.1876 -12.1920,
		 -3.0480 2.2798 -12.1920,
		 -3.1873 2.2798 -12.1920,
		 -4.9282 2.2798 -12.1920,
		 -7.4676 2.2798 -12.1920,
		 -3.0480 2.2798 -12.1920,
		 -7.4676 1.1876 -12.1920,
		 -7.4676 0.1143 -12.1920,
		 -7.4676 1.0287 -12.1920,
		 -7.4232 1.0287 -12.1920,
		 -7.4232 0.1143 -12.1920,
		 -5.5748 1.2320 -12.1920,
		 -7.3157 1.2320 -12.1920,
		 -5.5748 1.2326 -12.1920,
		 -5.5748 1.2320 -12.1920,
		 -6.1404 1.2326 -12.1920,
		 -6.7056 1.2326 -12.1920,
		 -6.1912 1.2326 -12.1920,
		 -7.3157 1.2320 -12.1920,
		 -7.3157 1.2326 -12.1920,
		 -6.7564 1.2326 -12.1920,
		 -5.5748 1.7082 -12.1920,
		 -5.5748 1.2326 -12.1920,
		 -5.6473 1.7082 -12.1920,
		 -5.5748 1.7590 -12.1920,
		 -5.5748 1.7082 -12.1920,
		 -5.6473 1.7590 -12.1920,
		 -5.5748 2.2345 -12.1920,
		 -5.5748 1.7590 -12.1920,
		 -5.5748 2.2353 -12.1920,
		 -5.5748 2.2345 -12.1920,
		 -6.1404 2.2345 -12.1920,
		 -6.1404 2.2353 -12.1920,
		 -6.7056 2.2345 -12.1920,
		 -6.1912 2.2353 -12.1920,
		 -6.1912 2.2345 -12.1920,
		 -7.3157 2.2353 -12.1920,
		 -5.5748 2.2353 -12.1920,
		 -7.3157 2.2345 -12.1920,
		 -6.7564 2.2345 -12.1920,
		 -7.2431 1.7082 -12.1920,
		 -7.3157 1.2326 -12.1920,
		 -7.3157 1.7082 -12.1920,
		 -7.3157 1.7590 -12.1920,
		 -7.2431 1.7590 -12.1920,
		 -7.3157 1.7082 -12.1920,
		 -5.6473 1.7082 -12.1920,
		 -5.6473 1.2326 -12.1920,
		 -6.1404 1.2326 -12.1920,
		 -6.1404 1.7082 -12.1920,
		 -6.7056 1.2326 -12.1920,
		 -6.7056 1.7082 -12.1920,
		 -6.1912 1.7082 -12.1920,
		 -6.1912 1.2326 -12.1920,
		 -7.2431 1.7082 -12.1920,
		 -6.7564 1.7082 -12.1920,
		 -6.7564 1.2326 -12.1920,
		 -5.6473 1.7590 -12.1920,
		 -6.1404 1.7590 -12.1920,
		 -6.1404 2.2345 -12.1920,
		 -6.7056 1.7590 -12.1920,
		 -6.7056 2.2345 -12.1920,
		 -6.1912 2.2345 -12.1920,
		 -6.1912 1.7590 -12.1920,
		 -7.2431 1.7590 -12.1920,
		 -6.7564 2.2345 -12.1920,
		 -6.7564 1.7590 -12.1920,
		 -5.6451 1.7082 -12.1920,
		 -6.1404 1.7082 -12.1920,
		 -6.1404 1.7590 -12.1920,
		 -6.7056 1.7082 -12.1920,
		 -6.7056 1.7590 -12.1920,
		 -6.1912 1.7590 -12.1920,
		 -6.1912 1.7082 -12.1920,
		 -6.7564 1.7590 -12.1920,
		 -6.7564 1.7082 -12.1920,
		 -3.1873 1.2320 -12.1920,
		 -4.9282 1.2320 -12.1920,
		 -3.1873 1.2326 -12.1920,
		 -3.1873 1.2320 -12.1920,
		 -3.7529 1.2326 -12.1920,
		 -4.3181 1.2326 -12.1920,
		 -3.8037 1.2326 -12.1920,
		 -4.9282 1.2320 -12.1920,
		 -4.9282 1.2326 -12.1920,
		 -4.3689 1.2326 -12.1920,
		 -3.1873 1.7082 -12.1920,
		 -3.1873 1.2326 -12.1920,
		 -3.2598 1.7082 -12.1920,
		 -3.1873 1.7590 -12.1920,
		 -3.1873 1.7082 -12.1920,
		 -3.2598 1.7590 -12.1920,
		 -3.1873 2.2345 -12.1920,
		 -3.1873 1.7590 -12.1920,
		 -3.1873 2.2353 -12.1920,
		 -3.1873 2.2345 -12.1920,
		 -3.7529 2.2345 -12.1920,
		 -3.7529 2.2353 -12.1920,
		 -4.3181 2.2345 -12.1920,
		 -3.8037 2.2353 -12.1920,
		 -3.8037 2.2345 -12.1920,
		 -4.9282 2.2353 -12.1920,
		 -3.1873 2.2353 -12.1920,
		 -4.9282 2.2345 -12.1920,
		 -4.3689 2.2345 -12.1920,
		 -4.8556 1.7082 -12.1920,
		 -4.9282 1.2326 -12.1920,
		 -4.9282 1.7082 -12.1920,
		 -4.9282 1.7590 -12.1920,
		 -4.8556 1.7590 -12.1920,
		 -4.9282 1.7082 -12.1920,
		 -3.2598 1.7082 -12.1920,
		 -3.2598 1.2326 -12.1920,
		 -3.7529 1.2326 -12.1920,
		 -3.7529 1.7082 -12.1920,
		 -4.3181 1.2326 -12.1920,
		 -4.3181 1.7082 -12.1920,
		 -3.8037 1.7082 -12.1920,
		 -3.8037 1.2326 -12.1920,
		 -4.8556 1.7082 -12.1920,
		 -4.3689 1.7082 -12.1920,
		 -4.3689 1.2326 -12.1920,
		 -3.2598 1.7590 -12.1920,
		 -3.7529 1.7590 -12.1920,
		 -3.7529 2.2345 -12.1920,
		 -4.3181 1.7590 -12.1920,
		 -4.3181 2.2345 -12.1920,
		 -3.8037 2.2345 -12.1920,
		 -3.8037 1.7590 -12.1920,
		 -4.8556 1.7590 -12.1920,
		 -4.3689 2.2345 -12.1920,
		 -4.3689 1.7590 -12.1920,
		 -3.2576 1.7082 -12.1920,
		 -3.7529 1.7082 -12.1920,
		 -3.7529 1.7590 -12.1920,
		 -4.3181 1.7082 -12.1920,
		 -4.3181 1.7590 -12.1920,
		 -3.8037 1.7590 -12.1920,
		 -3.8037 1.7082 -12.1920,
		 -4.3689 1.7590 -12.1920,
		 -4.3689 1.7082 -12.1920,
		 -3.0480 0.1143 -9.1440,
		 -3.0480 0.0000 -9.1440,
		 -3.0480 0.0000 -11.4300,
		 -3.0480 0.1143 -11.4300,
		 -3.0480 1.0287 -9.1440,
		 -3.0480 0.1143 -9.1440,
		 -3.0544 0.1143 -11.4300,
		 -3.0544 1.0287 -11.4300,
		 -3.0480 1.0287 -12.1920,
		 -3.0480 1.0287 -9.1440,
		 -7.4676 1.0287 -9.1440,
		 -7.4676 1.0287 -12.1920,
		 -7.4168 0.1143 -11.4300,
		 -7.4168 0.0000 -11.4300,
		 -7.4676 0.1143 -9.1440,
		 -7.4232 1.0287 -11.4300,
		 -7.4232 0.1143 -11.4300,
		 -7.4676 1.0287 -9.1440,
		 -3.0480 0.0000 -11.4300,
		 -7.4676 0.0000 -11.4300,
		 -7.4168 0.0000 -12.1920,
		 -7.4168 0.0000 -11.4300
		]
	} #Coordinate3
	Material {
		ambientColor      0.2500 0.2500 0.2500  #ambientColor
		diffuseColor      1.0000 1.0000 1.0000  #diffuseColor
		transparency      0.0000                #transparency
	} #Material

	Texture2 {
		filename ""  #filename
		wrapS REPEAT 
		wrapT REPEAT 
	} #Texture2

	IndexedFaceSet {
		coordIndex [ 
		 3, 2, 1, 0,-1,
		 8, 7, 4, 9,-1,
		 10, 11, 12,-1,
		 13, 14, 12, 15,-1,
		 10, 16, 17, 18,-1,
		 19, 0, 3, 20,-1,
		 21, 22, 20, 23,-1,
		]
	} #IndexedFaceSet
	Material {
		ambientColor      0.0833 0.0833 0.0000  #ambientColor
		diffuseColor      0.3333 0.3333 0.0000  #diffuseColor
		transparency      0.0000                #transparency
	} #Material

	IndexedFaceSet {
		coordIndex [ 
		 24, 21, 18, 25,-1,
		 26, 27, 28, 29,-1,
		 30, 31, 32, 33,-1,
		 34, 35, 36, 37,-1,
		 38, 39, 40, 41,-1,
		 42, 43, 44, 45,-1,
		 46, 47, 48, 49,-1,
		 50, 51, 52, 53,-1,
		 54, 55, 56, 57,-1,
		 58, 17, 22, 59,-1,
		 60, 61, 59, 62,-1,
		 63, 64, 65, 66,-1,
		 67, 68, 62, 69,-1,
		 70, 71, 69, 72,-1,
		]
	} #IndexedFaceSet
	Material {
		ambientColor      0.1392 0.1392 0.2500  #ambientColor
		diffuseColor      0.5569 0.5569 1.0000  #diffuseColor
		transparency      0.4980                #transparency
	} #Material

	IndexedFaceSet {
		coordIndex [ 
		 73, 74, 75, 76,-1,
		 77, 78, 79, 80,-1,
		 81, 82, 83, 65,-1,
		 84, 85, 86, 48,-1,
		 87, 88, 89, 90,-1,
		 91, 92, 68, 93,-1,
		]
	} #IndexedFaceSet
	Material {
		ambientColor      0.0833 0.0833 0.0000  #ambientColor
		diffuseColor      0.3333 0.3333 0.0000  #diffuseColor
		transparency      0.0000                #transparency
	} #Material

	IndexedFaceSet {
		coordIndex [ 
		 94, 95, 96, 42,-1,
		 97, 98, 99, 100,-1,
		 101, 102, 71, 70,-1,
		 61, 34, 33, 56,-1,
		 103, 30, 27, 104,-1,
		 105, 10, 14, 106,-1,
		 107, 108, 109, 110,-1,
		 111, 112, 113, 114,-1,
		 115, 116, 117, 118,-1,
		 119, 120, 121, 122,-1,
		 123, 124, 125, 126,-1,
		 127, 128, 129, 130,-1,
		 131, 132, 133, 134,-1,
		 135, 136, 137, 138,-1,
		 139, 140, 141, 142,-1,
		 143, 144, 142, 145,-1,
		 146, 147, 148, 149,-1,
		 150, 151, 145, 152,-1,
		 153, 154, 152, 155,-1,
		]
	} #IndexedFaceSet
	Material {
		ambientColor      0.1392 0.1392 0.2500  #ambientColor
		diffuseColor      0.5569 0.5569 1.0000  #diffuseColor
		transparency      0.4980                #transparency
	} #Material

	IndexedFaceSet {
		coordIndex [ 
		 156, 157, 158, 159,-1,
		 160, 161, 162, 163,-1,
		 164, 165, 166, 148,-1,
		 167, 168, 169, 129,-1,
		 170, 171, 172, 173,-1,
		 174, 175, 151, 176,-1,
		]
	} #IndexedFaceSet
	Material {
		ambientColor      0.0833 0.0833 0.0000  #ambientColor
		diffuseColor      0.3333 0.3333 0.0000  #diffuseColor
		transparency      0.0000                #transparency
	} #Material

	IndexedFaceSet {
		coordIndex [ 
		 177, 178, 179, 123,-1,
		 180, 181, 182, 183,-1,
		 184, 185, 154, 153,-1,
		 144, 115, 114, 137,-1,
		 186, 111, 108, 187,-1,
		]
	} #IndexedFaceSet
	Material {
		ambientColor      0.2500 0.2000 0.1500  #ambientColor
		diffuseColor      1.0000 0.8000 0.6000  #diffuseColor
		transparency      0.0000                #transparency
	} #Material

	IndexedFaceSet {
		coordIndex [ 
		 7, 188, 189, 190,-1,
		 191, 192, 193, 194,-1,
		 195, 196, 197, 198,-1,
		 199, 200, 10,-1,
		 201, 199, 14, 202,-1,
		 18, 17, 203, 10,-1,
		 204, 3, 0, 205,-1,
		 206, 204, 22, 21,-1,
		 207, 208, 209, 210,-1,
		]
	} #IndexedFaceSet
	Material {
		ambientColor      0.0833 0.0833 0.0000  #ambientColor
		diffuseColor      0.3333 0.3333 0.0000  #diffuseColor
		transparency      0.0000                #transparency
	} #Material

	IndexedFaceSet {
		coordIndex [ 
		 211, 18, 21, 212,-1,
		 213, 214, 27, 215,-1,
		 33, 216, 217, 30,-1,
		 218, 219, 220, 34,-1,
		 221, 222, 39, 223,-1,
		 224, 225, 43, 42,-1,
		 226, 48, 227, 228,-1,
		 229, 230, 231, 232,-1,
		 233, 56, 234, 235,-1,
		 236, 22, 17, 237,-1,
		 238, 236, 61, 239,-1,
		 240, 65, 241, 242,-1,
		 243, 238, 68, 244,-1,
		 245, 243, 71, 70,-1,
		]
	} #IndexedFaceSet
	Material {
		ambientColor      0.1392 0.1392 0.2500  #ambientColor
		diffuseColor      0.5569 0.5569 1.0000  #diffuseColor
		transparency      0.4980                #transparency
	} #Material

	IndexedFaceSet {
		coordIndex [ 
		 246, 247, 248, 249,-1,
		 250, 251, 252, 253,-1,
		 65, 254, 255, 256,-1,
		 48, 257, 258, 259,-1,
		 260, 261, 262, 263,-1,
		 264, 68, 265, 266,-1,
		]
	} #IndexedFaceSet
	Material {
		ambientColor      0.0833 0.0833 0.0000  #ambientColor
		diffuseColor      0.3333 0.3333 0.0000  #diffuseColor
		transparency      0.0000                #transparency
	} #Material

	IndexedFaceSet {
		coordIndex [ 
		 42, 267, 268, 269,-1,
		 270, 271, 272, 273,-1,
		 70, 71, 274, 275,-1,
		 56, 33, 34, 61,-1,
		 104, 27, 30, 103,-1,
		 276, 14, 10, 277,-1,
		 278, 279, 108, 280,-1,
		 114, 281, 282, 111,-1,
		 283, 284, 285, 115,-1,
		 286, 287, 120, 288,-1,
		 289, 290, 124, 123,-1,
		 291, 129, 292, 293,-1,
		 294, 295, 296, 297,-1,
		 298, 137, 299, 300,-1,
		 301, 141, 140, 302,-1,
		 303, 301, 144, 304,-1,
		 305, 148, 306, 307,-1,
		 308, 303, 151, 309,-1,
		 310, 308, 154, 153,-1,
		]
	} #IndexedFaceSet
	Material {
		ambientColor      0.1392 0.1392 0.2500  #ambientColor
		diffuseColor      0.5569 0.5569 1.0000  #diffuseColor
		transparency      0.4980                #transparency
	} #Material

	IndexedFaceSet {
		coordIndex [ 
		 311, 312, 313, 314,-1,
		 315, 316, 317, 318,-1,
		 148, 319, 320, 321,-1,
		 129, 322, 323, 324,-1,
		 325, 326, 327, 328,-1,
		 329, 151, 330, 331,-1,
		]
	} #IndexedFaceSet
	Material {
		ambientColor      0.0833 0.0833 0.0000  #ambientColor
		diffuseColor      0.3333 0.3333 0.0000  #diffuseColor
		transparency      0.0000                #transparency
	} #Material

	IndexedFaceSet {
		coordIndex [ 
		 123, 332, 333, 334,-1,
		 335, 336, 337, 338,-1,
		 153, 154, 339, 340,-1,
		 137, 114, 115, 144,-1,
		 187, 108, 111, 186,-1,
		]
	} #IndexedFaceSet
	Material {
		ambientColor      0.2500 0.2000 0.1500  #ambientColor
		diffuseColor      1.0000 0.8000 0.6000  #diffuseColor
		transparency      0.0000                #transparency
	} #Material

	IndexedFaceSet {
		coordIndex [ 
		 341, 342, 343, 344,-1,
		 345, 346, 347, 348,-1,
		 349, 0, 1, 350,-1,
		]
	} #IndexedFaceSet
	Material {
		ambientColor      0.2500 0.2500 0.2500  #ambientColor
		diffuseColor      1.0000 1.0000 1.0000  #diffuseColor
		transparency      0.0000                #transparency
	} #Material

	IndexedFaceSet {
		coordIndex [ 
		 2, 1, 5, 6,-1,
		]
	} #IndexedFaceSet
	Material {
		ambientColor      0.2500 0.2000 0.1500  #ambientColor
		diffuseColor      1.0000 0.8000 0.6000  #diffuseColor
		transparency      0.0000                #transparency
	} #Material

	IndexedFaceSet {
		coordIndex [ 
		 6, 5, 1, 2,-1,
		]
	} #IndexedFaceSet
	Material {
		ambientColor      0.2500 0.2500 0.2500  #ambientColor
		diffuseColor      1.0000 1.0000 1.0000  #diffuseColor
		transparency      0.0000                #transparency
	} #Material

	IndexedFaceSet {
		coordIndex [ 
		 3, 2, 6, 7,-1,
		]
	} #IndexedFaceSet
	Material {
		ambientColor      0.2500 0.2000 0.1500  #ambientColor
		diffuseColor      1.0000 0.8000 0.6000  #diffuseColor
		transparency      0.0000                #transparency
	} #Material

	IndexedFaceSet {
		coordIndex [ 
		 351, 2, 3, 352,-1,
		 353, 354, 6, 355,-1,
		 356, 357, 355, 358,-1,
		 359, 5, 6, 360,-1,
		 361, 362, 360, 7,-1,
		]
	} #IndexedFaceSet
} #Polyhedron
Separator { #Polyhedron
	DEF COORD64 Coordinate3 {
		point [
		 -3.0544 1.0287 -12.1920,
		 -3.0544 1.0287 -11.4300,
		 -7.4232 1.0287 -11.4300,
		 -7.4232 1.0287 -12.1920,
		 -3.0544 0.1143 -12.1920,
		 -3.0544 0.1143 -11.4300,
		 -7.4232 0.1143 -11.4300,
		 -7.4232 0.1143 -12.1920,
		 -7.4232 0.9780 -11.4300,
		 -5.5436 1.0287 -11.4300,
		 -5.5436 0.9780 -11.4300,
		 -4.7625 0.9812 -11.4300,
		 -4.7625 1.0287 -11.4300,
		 -3.0544 0.9812 -11.4300,
		 -4.7625 0.9780 -11.4300,
		 -4.7308 0.9812 -11.4300,
		 -4.7308 0.9780 -11.4300,
		 -3.0544 0.9812 -11.4300,
		 -3.0544 0.9780 -11.4300,
		 -4.3307 0.9780 -11.4300,
		 -4.3307 0.9812 -11.4300,
		 -7.4232 0.1588 -11.4300,
		 -7.3724 0.9780 -11.4300,
		 -7.3724 0.1588 -11.4300,
		 -7.4232 0.1588 -11.4300,
		 -5.5436 0.1588 -11.4300,
		 -5.5436 0.1143 -11.4300,
		 -3.0544 0.1143 -11.4300,
		 -3.0544 0.1588 -11.4300,
		 -4.7625 0.1143 -11.4300,
		 -4.7625 0.1588 -11.4300,
		 -6.8199 0.1588 -11.4300,
		 -6.8199 0.9780 -11.4300,
		 -6.7501 0.9780 -11.4300,
		 -6.7501 0.1588 -11.4300,
		 -3.0544 0.1588 -11.4300,
		 -3.0544 0.1588 -11.4300,
		 -6.1976 0.1588 -11.4300,
		 -6.1976 0.9780 -11.4300,
		 -6.1278 0.9780 -11.4300,
		 -6.1278 0.1588 -11.4300,
		 -3.0544 0.1588 -11.4300,
		 -5.5753 0.9716 -11.4300,
		 -5.5753 0.9780 -11.4300,
		 -5.5436 0.9780 -11.4300,
		 -5.5436 0.9716 -11.4300,
		 -4.7625 0.9716 -11.4300,
		 -4.7625 0.9780 -11.4300,
		 -4.7308 0.9780 -11.4300,
		 -4.7308 0.9716 -11.4300,
		 -3.6640 0.9780 -11.4300,
		 -3.6640 0.9716 -11.4300,
		 -4.3307 0.9716 -11.4300,
		 -4.3307 0.9780 -11.4300,
		 -5.5753 0.8128 -11.4300,
		 -5.5436 0.9716 -11.4300,
		 -5.5436 0.8128 -11.4300,
		 -4.7625 0.8128 -11.4300,
		 -4.7625 0.9716 -11.4300,
		 -4.7308 0.9716 -11.4300,
		 -4.7308 0.8128 -11.4300,
		 -4.2736 0.9716 -11.4300,
		 -4.2736 0.8128 -11.4300,
		 -4.3307 0.8128 -11.4300,
		 -4.3307 0.9716 -11.4300,
		 -5.5753 0.7558 -11.4300,
		 -5.5753 0.8128 -11.4300,
		 -5.5436 0.8128 -11.4300,
		 -5.5436 0.7558 -11.4300,
		 -4.7625 0.7558 -11.4300,
		 -4.7625 0.8128 -11.4300,
		 -4.7308 0.8128 -11.4300,
		 -4.7308 0.7558 -11.4300,
		 -3.6640 0.8128 -11.4300,
		 -3.6640 0.7558 -11.4300,
		 -4.3307 0.7558 -11.4300,
		 -4.3307 0.8128 -11.4300,
		 -5.5753 0.5969 -11.4300,
		 -5.5436 0.7558 -11.4300,
		 -5.5436 0.5969 -11.4300,
		 -4.7625 0.5969 -11.4300,
		 -4.7625 0.7558 -11.4300,
		 -4.7308 0.7558 -11.4300,
		 -4.7308 0.5969 -11.4300,
		 -4.2736 0.7558 -11.4300,
		 -4.2736 0.5969 -11.4300,
		 -4.3307 0.5969 -11.4300,
		 -4.3307 0.7558 -11.4300,
		 -5.5753 0.5462 -11.4300,
		 -5.5753 0.5969 -11.4300,
		 -5.5436 0.5969 -11.4300,
		 -5.5436 0.5462 -11.4300,
		 -4.7625 0.5462 -11.4300,
		 -4.7625 0.5969 -11.4300,
		 -4.7308 0.5969 -11.4300,
		 -4.7308 0.5462 -11.4300,
		 -3.6640 0.5969 -11.4300,
		 -3.6640 0.5462 -11.4300,
		 -4.3307 0.5462 -11.4300,
		 -4.3307 0.5969 -11.4300,
		 -5.5753 0.3874 -11.4300,
		 -5.5436 0.5462 -11.4300,
		 -5.5436 0.3874 -11.4300,
		 -4.7625 0.3874 -11.4300,
		 -4.7625 0.5462 -11.4300,
		 -4.7308 0.5462 -11.4300,
		 -4.7308 0.3874 -11.4300,
		 -4.2736 0.5462 -11.4300,
		 -4.2736 0.3874 -11.4300,
		 -4.3307 0.3874 -11.4300,
		 -4.3307 0.5462 -11.4300,
		 -5.5753 0.3240 -11.4300,
		 -5.5753 0.3874 -11.4300,
		 -5.5436 0.3874 -11.4300,
		 -5.5436 0.3240 -11.4300,
		 -4.7625 0.3240 -11.4300,
		 -4.7625 0.3874 -11.4300,
		 -4.7308 0.3874 -11.4300,
		 -4.7308 0.3240 -11.4300,
		 -3.6640 0.3874 -11.4300,
		 -3.6640 0.3240 -11.4300,
		 -4.3307 0.3240 -11.4300,
		 -4.3307 0.3874 -11.4300,
		 -5.5753 0.2159 -11.4300,
		 -5.5436 0.3240 -11.4300,
		 -5.5436 0.2159 -11.4300,
		 -5.5753 0.1651 -11.4300,
		 -5.5753 0.2159 -11.4300,
		 -5.5436 0.2159 -11.4300,
		 -5.5436 0.1651 -11.4300,
		 -4.7625 0.1651 -11.4300,
		 -4.7625 0.2159 -11.4300,
		 -4.7308 0.2159 -11.4300,
		 -4.7308 0.1651 -11.4300,
		 -4.2736 0.2159 -11.4300,
		 -4.2736 0.1651 -11.4300,
		 -4.3307 0.1651 -11.4300,
		 -4.3307 0.2159 -11.4300,
		 -4.7625 0.2159 -11.4300,
		 -4.7625 0.3240 -11.4300,
		 -4.7308 0.3240 -11.4300,
		 -4.7308 0.2159 -11.4300,
		 -4.2736 0.3240 -11.4300,
		 -4.2736 0.2159 -11.4300,
		 -4.3307 0.2159 -11.4300,
		 -4.3307 0.3240 -11.4300,
		 -5.5753 0.1588 -11.4300,
		 -5.5753 0.1651 -11.4300,
		 -5.5436 0.1651 -11.4300,
		 -5.5436 0.1588 -11.4300,
		 -4.7625 0.1620 -11.4300,
		 -4.7625 0.1651 -11.4300,
		 -4.7308 0.1651 -11.4300,
		 -4.7308 0.1620 -11.4300,
		 -3.6640 0.1620 -11.4300,
		 -3.6640 0.1588 -11.4300,
		 -4.7625 0.1588 -11.4300,
		 -4.7625 0.1620 -11.4300,
		 -3.6640 0.1651 -11.4300,
		 -3.6640 0.1620 -11.4300,
		 -4.3307 0.1620 -11.4300,
		 -4.3307 0.1651 -11.4300,
		 -3.6640 0.3240 -11.4300,
		 -3.6640 0.1651 -11.4300,
		 -3.7211 0.1651 -11.4300,
		 -3.7211 0.3240 -11.4300,
		 -3.6640 0.5462 -11.4300,
		 -3.6640 0.3874 -11.4300,
		 -3.7211 0.3874 -11.4300,
		 -3.7211 0.5462 -11.4300,
		 -3.6640 0.7558 -11.4300,
		 -3.6640 0.5969 -11.4300,
		 -3.7211 0.5969 -11.4300,
		 -3.7211 0.7558 -11.4300,
		 -3.6640 0.9716 -11.4300,
		 -3.6640 0.8128 -11.4300,
		 -3.7211 0.8128 -11.4300,
		 -3.7211 0.9716 -11.4300,
		 -3.0544 0.1588 -11.4300,
		 -3.6640 0.1588 -11.4300,
		 -3.0544 0.9780 -11.4300,
		 -3.1115 0.1588 -11.4300,
		 -3.1115 0.9780 -11.4300,
		 -7.3724 0.6700 -11.4300,
		 -6.8199 0.6700 -11.4300,
		 -7.3724 0.5334 -11.4300,
		 -6.8898 0.6700 -11.4300,
		 -6.8898 0.5334 -11.4300,
		 -6.8199 0.5334 -11.4300,
		 -7.3724 0.5334 -11.4300,
		 -6.8199 0.6700 -11.4300,
		 -6.8199 0.5334 -11.4300,
		 -6.8548 0.5334 -11.4300,
		 -6.8548 0.6700 -11.4300,
		 -6.7501 0.6732 -11.4300,
		 -6.7501 0.9780 -11.4300,
		 -6.1976 0.9780 -11.4300,
		 -6.1976 0.6732 -11.4300,
		 -6.7501 0.5366 -11.4300,
		 -6.2706 0.6732 -11.4300,
		 -6.2706 0.5366 -11.4300,
		 -6.1976 0.5366 -11.4300,
		 -6.7501 0.5366 -11.4300,
		 -6.1976 0.6732 -11.4300,
		 -6.1976 0.5366 -11.4300,
		 -6.2357 0.5366 -11.4300,
		 -6.2357 0.6732 -11.4300,
		 -6.1278 0.6732 -11.4300,
		 -6.1278 0.9780 -11.4300,
		 -5.5753 0.9780 -11.4300,
		 -5.5753 0.6732 -11.4300,
		 -6.1278 0.5366 -11.4300,
		 -6.0928 0.6732 -11.4300,
		 -6.0928 0.5366 -11.4300,
		 -5.5753 0.5366 -11.4300,
		 -6.1278 0.5366 -11.4300,
		 -5.5753 0.6732 -11.4300,
		 -5.5753 0.5366 -11.4300,
		 -6.0579 0.5366 -11.4300,
		 -6.0579 0.6732 -11.4300,
		 -3.6640 0.6732 -11.4300,
		 -3.6640 0.9780 -11.4300,
		 -3.1115 0.9780 -11.4300,
		 -3.1115 0.6732 -11.4300,
		 -3.6640 0.5366 -11.4300,
		 -3.6290 0.6732 -11.4300,
		 -3.6290 0.5366 -11.4300,
		 -3.1115 0.5366 -11.4300,
		 -3.6640 0.5366 -11.4300,
		 -3.1115 0.6732 -11.4300,
		 -3.1115 0.5366 -11.4300,
		 -3.5941 0.5366 -11.4300,
		 -3.5941 0.6732 -11.4300,
		 -4.2736 0.9049 -11.4300,
		 -3.7211 0.9049 -11.4300,
		 -4.2736 0.8699 -11.4300,
		 -4.0640 0.9049 -11.4300,
		 -4.0640 0.8699 -11.4300,
		 -3.7211 0.8699 -11.4300,
		 -4.2736 0.8128 -11.4300,
		 -4.2736 0.8699 -11.4300,
		 -3.7211 0.9049 -11.4300,
		 -3.9274 0.8699 -11.4300,
		 -3.9274 0.9049 -11.4300,
		 -4.2736 0.6922 -11.4300,
		 -3.7211 0.6922 -11.4300,
		 -4.2736 0.6572 -11.4300,
		 -4.0640 0.6922 -11.4300,
		 -4.0640 0.6572 -11.4300,
		 -3.7211 0.6572 -11.4300,
		 -4.2736 0.5969 -11.4300,
		 -4.2736 0.6572 -11.4300,
		 -3.7211 0.6922 -11.4300,
		 -3.9274 0.6572 -11.4300,
		 -3.9274 0.6922 -11.4300,
		 -4.2736 0.4858 -11.4300,
		 -3.7211 0.4858 -11.4300,
		 -4.2736 0.4509 -11.4300,
		 -4.0640 0.4858 -11.4300,
		 -4.0640 0.4509 -11.4300,
		 -3.7211 0.4509 -11.4300,
		 -4.2736 0.3874 -11.4300,
		 -4.2736 0.4509 -11.4300,
		 -3.7211 0.4858 -11.4300,
		 -3.9274 0.4509 -11.4300,
		 -3.9274 0.4858 -11.4300,
		 -4.2736 0.2636 -11.4300,
		 -3.7211 0.2636 -11.4300,
		 -4.2736 0.2286 -11.4300,
		 -4.0640 0.2636 -11.4300,
		 -4.0640 0.2286 -11.4300,
		 -3.7211 0.2286 -11.4300,
		 -4.2736 0.1651 -11.4300,
		 -4.2736 0.2286 -11.4300,
		 -3.7211 0.2636 -11.4300,
		 -3.9274 0.2286 -11.4300,
		 -3.9274 0.2636 -11.4300,
		 -5.5436 0.8128 -11.4300,
		 -5.5436 0.8573 -11.4300,
		 -4.7625 0.8573 -11.4300,
		 -4.7625 0.8128 -11.4300,
		 -5.5436 0.7874 -11.4300,
		 -4.8990 0.8128 -11.4300,
		 -4.8990 0.7874 -11.4300,
		 -4.7625 0.7874 -11.4300,
		 -4.7625 0.2160 -11.4300,
		 -5.5436 0.2160 -11.4300,
		 -5.5436 0.7874 -11.4300,
		 -4.7625 0.8128 -11.4300,
		 -4.8260 0.7874 -11.4300,
		 -4.8260 0.8128 -11.4300,
		 -5.5436 0.2160 -11.4300,
		 -4.7625 0.2160 -11.4300,
		 -5.5436 0.9945 -11.4300,
		 -5.5436 1.0288 -11.4300,
		 -4.7625 1.0288 -11.4300,
		 -4.7625 0.9945 -11.4300,
		 -5.5436 0.9914 -11.4300,
		 -5.4350 0.9945 -11.4300,
		 -5.4549 0.9914 -11.4300,
		 -5.5436 0.9810 -11.4300,
		 -5.4721 0.9810 -11.4300,
		 -5.5436 0.9647 -11.4300,
		 -5.4840 0.9647 -11.4300,
		 -5.5436 0.9451 -11.4300,
		 -5.4888 0.9451 -11.4300,
		 -5.5436 0.9252 -11.4300,
		 -5.4857 0.9252 -11.4300,
		 -5.5436 0.9080 -11.4300,
		 -5.4752 0.9080 -11.4300,
		 -5.5436 0.8961 -11.4300,
		 -5.4590 0.8961 -11.4300,
		 -5.5436 0.8914 -11.4300,
		 -5.4394 0.8914 -11.4300,
		 -5.5436 0.8827 -11.4300,
		 -5.5436 0.8914 -11.4300,
		 -5.3340 0.8914 -11.4300,
		 -5.3340 0.8827 -11.4300,
		 -4.7625 0.8827 -11.4300,
		 -4.7625 0.8573 -11.4300,
		 -5.5436 0.8573 -11.4300,
		 -5.5436 0.8827 -11.4300,
		 -5.2610 0.8827 -11.4300,
		 -5.2610 0.8914 -11.4300,
		 -5.2467 0.8914 -11.4300,
		 -5.2467 0.8827 -11.4300,
		 -5.1737 0.8827 -11.4300,
		 -5.1737 0.8914 -11.4300,
		 -5.1593 0.8914 -11.4300,
		 -5.1593 0.8827 -11.4300,
		 -4.7625 0.8914 -11.4300,
		 -5.0864 0.8827 -11.4300,
		 -5.0864 0.8914 -11.4300,
		 -5.4195 0.8944 -11.4300,
		 -5.3340 0.8944 -11.4300,
		 -5.3340 0.8914 -11.4300,
		 -5.2610 0.8914 -11.4300,
		 -5.2610 0.8944 -11.4300,
		 -5.2467 0.8944 -11.4300,
		 -5.2467 0.8914 -11.4300,
		 -5.1737 0.8914 -11.4300,
		 -5.1737 0.8944 -11.4300,
		 -5.1593 0.8944 -11.4300,
		 -5.1593 0.8914 -11.4300,
		 -4.7625 0.8944 -11.4300,
		 -5.0864 0.8914 -11.4300,
		 -5.0864 0.8944 -11.4300,
		 -5.4195 0.8944 -11.4300,
		 -5.4023 0.9049 -11.4300,
		 -5.3340 0.9049 -11.4300,
		 -5.3340 0.8944 -11.4300,
		 -5.2610 0.8944 -11.4300,
		 -5.2610 0.9049 -11.4300,
		 -5.2467 0.9049 -11.4300,
		 -5.2467 0.8944 -11.4300,
		 -5.1737 0.8944 -11.4300,
		 -5.1737 0.9049 -11.4300,
		 -5.1593 0.9049 -11.4300,
		 -5.1593 0.8944 -11.4300,
		 -4.7625 0.9049 -11.4300,
		 -5.0864 0.8944 -11.4300,
		 -5.0864 0.9049 -11.4300,
		 -5.3999 0.9081 -11.4300,
		 -5.3904 0.9212 -11.4300,
		 -4.7625 0.9212 -11.4300,
		 -4.7625 0.9081 -11.4300,
		 -5.4023 0.9049 -11.4300,
		 -5.3340 0.9081 -11.4300,
		 -5.3340 0.9049 -11.4300,
		 -5.2610 0.9049 -11.4300,
		 -5.2610 0.9081 -11.4300,
		 -5.2467 0.9081 -11.4300,
		 -5.2467 0.9049 -11.4300,
		 -5.1737 0.9049 -11.4300,
		 -5.1737 0.9081 -11.4300,
		 -5.1593 0.9081 -11.4300,
		 -5.1593 0.9049 -11.4300,
		 -4.7625 0.9081 -11.4300,
		 -5.0864 0.9049 -11.4300,
		 -5.0864 0.9081 -11.4300,
		 -4.7625 0.9408 -11.4300,
		 -5.3856 0.9408 -11.4300,
		 -4.7625 0.9607 -11.4300,
		 -5.3887 0.9607 -11.4300,
		 -4.7625 0.9779 -11.4300,
		 -5.3992 0.9779 -11.4300,
		 -4.7625 0.9898 -11.4300,
		 -5.4154 0.9898 -11.4300,
		 -4.7625 0.9945 -11.4300,
		 -5.4778 0.9732 -11.4300,
		 -5.3963 0.9732 -11.4300,
		 -5.4803 0.9699 -11.4300,
		 -5.4395 0.9732 -11.4300,
		 -5.4515 0.9699 -11.4300,
		 -5.4846 0.9622 -11.4300,
		 -5.4613 0.9622 -11.4300,
		 -5.4873 0.9514 -11.4300,
		 -5.4675 0.9514 -11.4300,
		 -5.4878 0.9391 -11.4300,
		 -5.4690 0.9391 -11.4300,
		 -5.4860 0.9271 -11.4300,
		 -5.4657 0.9271 -11.4300,
		 -5.4808 0.9173 -11.4300,
		 -5.4581 0.9173 -11.4300,
		 -5.4771 0.9111 -11.4300,
		 -5.4473 0.9111 -11.4300,
		 -5.4762 0.9096 -11.4300,
		 -5.4349 0.9096 -11.4300,
		 -5.3989 0.9096 -11.4300,
		 -5.4762 0.9096 -11.4300,
		 -5.3965 0.9129 -11.4300,
		 -5.4229 0.9129 -11.4300,
		 -5.3909 0.9205 -11.4300,
		 -5.4131 0.9205 -11.4300,
		 -5.3879 0.9313 -11.4300,
		 -5.4069 0.9313 -11.4300,
		 -5.3861 0.9437 -11.4300,
		 -5.4054 0.9437 -11.4300,
		 -5.3879 0.9556 -11.4300,
		 -5.4087 0.9556 -11.4300,
		 -5.3916 0.9655 -11.4300,
		 -5.4163 0.9655 -11.4300,
		 -5.3954 0.9716 -11.4300,
		 -5.4271 0.9716 -11.4300,
		 -5.3963 0.9732 -11.4300,
		 -4.7308 0.6796 -11.4300,
		 -4.3307 0.6796 -11.4300,
		 -4.7308 0.5430 -11.4300,
		 -4.6958 0.6796 -11.4300,
		 -4.6958 0.5430 -11.4300,
		 -4.3307 0.5430 -11.4300,
		 -4.7308 0.5430 -11.4300,
		 -4.3307 0.6796 -11.4300,
		 -4.3307 0.5430 -11.4300,
		 -4.6609 0.5430 -11.4300,
		 -4.6609 0.6796 -11.4300,
		 -7.4168 0.1143 -11.4300,
		 -7.4168 0.1143 -12.1920
		]
	} #Coordinate3
	Material {
		ambientColor      0.2500 0.2500 0.2500  #ambientColor
		diffuseColor      1.0000 1.0000 1.0000  #diffuseColor
		transparency      0.0000                #transparency
	} #Material

	Texture2 {
		filename ""  #filename
		wrapS REPEAT 
		wrapT REPEAT 
	} #Texture2

	IndexedFaceSet {
		coordIndex [ 
		 3, 2, 1, 0,-1,
		 4, 7, 3, 0,-1,
		 5, 4, 0, 1,-1,
		]
	} #IndexedFaceSet
	Material {
		ambientColor      0.2000 0.1500 0.1000  #ambientColor
		diffuseColor      0.8000 0.6000 0.4000  #diffuseColor
		transparency      0.0000                #transparency
	} #Material

	IndexedFaceSet {
		coordIndex [ 
		 8, 2, 9, 10,-1,
		 11, 12, 1, 13,-1,
		 14, 11, 15, 16,-1,
		 17, 18, 19, 20,-1,
		 21, 8, 22, 23,-1,
		 6, 24, 25, 26,-1,
		 27, 5, 26,-1,
		 28, 27, 29, 30,-1,
		 31, 32, 33, 34,-1,
		 35, 36, 34,-1,
		 37, 38, 39, 40,-1,
		 41, 35, 40,-1,
		 42, 43, 44, 45,-1,
		 46, 47, 48, 49,-1,
		 50, 51, 52, 53,-1,
		 54, 42, 55, 56,-1,
		 57, 58, 59, 60,-1,
		 61, 62, 63, 64,-1,
		 65, 66, 67, 68,-1,
		 69, 70, 71, 72,-1,
		 73, 74, 75, 76,-1,
		 77, 65, 78, 79,-1,
		 80, 81, 82, 83,-1,
		 84, 85, 86, 87,-1,
		 88, 89, 90, 91,-1,
		 92, 93, 94, 95,-1,
		 96, 97, 98, 99,-1,
		 100, 88, 101, 102,-1,
		 103, 104, 105, 106,-1,
		 107, 108, 109, 110,-1,
		 111, 112, 113, 114,-1,
		 115, 116, 117, 118,-1,
		 119, 120, 121, 122,-1,
		 123, 111, 124, 125,-1,
		 126, 127, 128, 129,-1,
		 130, 131, 132, 133,-1,
		 134, 135, 136, 137,-1,
		 138, 139, 140, 141,-1,
		 142, 143, 144, 145,-1,
		 146, 147, 148, 149,-1,
		 150, 151, 152, 153,-1,
		 154, 155, 156, 157,-1,
		 158, 159, 160, 161,-1,
		 162, 163, 164, 165,-1,
		 166, 167, 168, 169,-1,
		 170, 171, 172, 173,-1,
		 174, 175, 176, 177,-1,
		 178, 41, 179,-1,
		 180, 178, 181, 182,-1,
		]
	} #IndexedFaceSet
	Material {
		ambientColor      0.1500 0.1000 0.0500  #ambientColor
		diffuseColor      0.6000 0.4000 0.2000  #diffuseColor
		transparency      0.0000                #transparency
	} #Material

	IndexedFaceSet {
		coordIndex [ 
		 183, 22, 32, 184,-1,
		 185, 183, 186, 187,-1,
		 188, 31, 23, 189,-1,
		 190, 191, 192, 193,-1,
		 194, 195, 196, 197,-1,
		 198, 194, 199, 200,-1,
		 201, 37, 34, 202,-1,
		 203, 204, 205, 206,-1,
		 207, 208, 209, 210,-1,
		 211, 207, 212, 213,-1,
		 214, 146, 40, 215,-1,
		 216, 217, 218, 219,-1,
		 220, 221, 222, 223,-1,
		 224, 220, 225, 226,-1,
		 227, 181, 179, 228,-1,
		 229, 230, 231, 232,-1,
		 233, 61, 177, 234,-1,
		 235, 233, 236, 237,-1,
		 238, 176, 239, 240,-1,
		 241, 238, 242, 243,-1,
		 244, 84, 173, 245,-1,
		 246, 244, 247, 248,-1,
		 249, 172, 250, 251,-1,
		 252, 249, 253, 254,-1,
		 255, 107, 169, 256,-1,
		 257, 255, 258, 259,-1,
		 260, 168, 261, 262,-1,
		 263, 260, 264, 265,-1,
		 266, 142, 165, 267,-1,
		 268, 266, 269, 270,-1,
		 271, 164, 272, 273,-1,
		 274, 271, 275, 276,-1,
		]
	} #IndexedFaceSet
	Material {
		ambientColor      0.2500 0.1500 0.0500  #ambientColor
		diffuseColor      1.0000 0.6000 0.2000  #diffuseColor
		transparency      0.0000                #transparency
	} #Material

	IndexedFaceSet {
		coordIndex [ 
		 226, 225, 232, 231,-1,
		 213, 212, 219, 218,-1,
		 200, 199, 206, 205,-1,
		 187, 186, 193, 192,-1,
		 236, 243, 242, 237,-1,
		 247, 254, 253, 248,-1,
		 258, 265, 264, 259,-1,
		 269, 276, 275, 270,-1,
		]
	} #IndexedFaceSet
	Material {
		ambientColor      0.2500 0.2500 0.2500  #ambientColor
		diffuseColor      1.0000 1.0000 1.0000  #diffuseColor
		transparency      0.0000                #transparency
	} #Material

	IndexedFaceSet {
		coordIndex [ 
		 277, 278, 279, 280,-1,
		 281, 277, 282, 283,-1,
		 284, 285, 286, 287,-1,
		 288, 284, 289, 290,-1,
		]
	} #IndexedFaceSet
	Material {
		ambientColor      0.0000 0.0000 0.0000  #ambientColor
		diffuseColor      0.0000 0.0000 0.0000  #diffuseColor
		transparency      0.0000                #transparency
	} #Material

	IndexedFaceSet {
		coordIndex [ 
		 26, 291, 292, 29,-1,
		]
	} #IndexedFaceSet
	Material {
		ambientColor      0.0833 0.0833 0.0833  #ambientColor
		diffuseColor      0.3333 0.3333 0.3333  #diffuseColor
		transparency      0.0000                #transparency
	} #Material

	IndexedFaceSet {
		coordIndex [ 
		 293, 294, 295, 296,-1,
		 297, 293, 298, 299,-1,
		 300, 297, 299, 301,-1,
		 302, 300, 301, 303,-1,
		 304, 302, 303, 305,-1,
		 306, 304, 305, 307,-1,
		 308, 306, 307, 309,-1,
		 310, 308, 309, 311,-1,
		 312, 310, 311, 313,-1,
		 314, 315, 316, 317,-1,
		 318, 319, 320, 321,-1,
		 322, 323, 324, 325,-1,
		 326, 327, 328, 329,-1,
		 330, 318, 331, 332,-1,
		 313, 333, 334, 335,-1,
		 336, 337, 338, 339,-1,
		 340, 341, 342, 343,-1,
		 344, 330, 345, 346,-1,
		 347, 348, 349, 350,-1,
		 351, 352, 353, 354,-1,
		 355, 356, 357, 358,-1,
		 359, 344, 360, 361,-1,
		 362, 363, 364, 365,-1,
		 366, 362, 367, 368,-1,
		 369, 370, 371, 372,-1,
		 373, 374, 375, 376,-1,
		 377, 359, 378, 379,-1,
		 380, 364, 363, 381,-1,
		 382, 380, 381, 383,-1,
		 384, 382, 383, 385,-1,
		 386, 384, 385, 387,-1,
		 388, 386, 387, 298,-1,
		]
	} #IndexedFaceSet
	Material {
		ambientColor      0.0000 0.0000 0.0000  #ambientColor
		diffuseColor      0.0000 0.0000 0.0000  #diffuseColor
		transparency      0.0000                #transparency
	} #Material

	IndexedFaceSet {
		coordIndex [ 
		 389, 301, 299, 298, 387, 385, 390,-1,
		 391, 389, 392, 393,-1,
		 394, 303, 391, 393, 395,-1,
		 396, 394, 395, 397,-1,
		 398, 305, 396, 397, 399,-1,
		 400, 398, 399, 401,-1,
		 402, 307, 400, 401, 403,-1,
		 404, 402, 403, 405,-1,
		 406, 404, 405, 407,-1,
		 408, 366, 347, 313, 311, 309, 409,-1,
		 410, 408, 407, 411,-1,
		 412, 410, 411, 413,-1,
		 414, 363, 412, 413, 415,-1,
		 416, 381, 414, 415, 417,-1,
		 418, 416, 417, 419,-1,
		 420, 383, 418, 419, 421,-1,
		 422, 420, 421, 423,-1,
		 424, 422, 423, 392,-1,
		]
	} #IndexedFaceSet
	Material {
		ambientColor      0.2500 0.1500 0.0500  #ambientColor
		diffuseColor      1.0000 0.6000 0.2000  #diffuseColor
		transparency      0.0000                #transparency
	} #Material

	IndexedFaceSet {
		coordIndex [ 
		 282, 290, 289, 283,-1,
		]
	} #IndexedFaceSet
	Material {
		ambientColor      0.0000 0.2000 0.0000  #ambientColor
		diffuseColor      0.0000 0.8000 0.0000  #diffuseColor
		transparency      0.0000                #transparency
	} #Material

	IndexedFaceSet {
		coordIndex [ 
		 367, 370, 322, 317,-1,
		 371, 374, 326, 325,-1,
		 375, 379, 331, 329,-1,
		]
	} #IndexedFaceSet
	Material {
		ambientColor      0.1598 0.1598 0.1598  #ambientColor
		diffuseColor      0.6392 0.6392 0.6392  #diffuseColor
		transparency      0.0000                #transparency
	} #Material

	IndexedFaceSet {
		coordIndex [ 
		 411, 407, 405, 403, 401, 399, 397, 395, 393, 392, 423, 421, 419, 417, 415, 413,-1,
		]
	} #IndexedFaceSet
	Material {
		ambientColor      0.1500 0.1000 0.0500  #ambientColor
		diffuseColor      0.6000 0.4000 0.2000  #diffuseColor
		transparency      0.0000                #transparency
	} #Material

	IndexedFaceSet {
		coordIndex [ 
		 425, 15, 20, 426,-1,
		 427, 425, 428, 429,-1,
		 430, 160, 153, 431,-1,
		 432, 433, 434, 435,-1,
		]
	} #IndexedFaceSet
	Material {
		ambientColor      0.2500 0.1500 0.0500  #ambientColor
		diffuseColor      1.0000 0.6000 0.2000  #diffuseColor
		transparency      0.0000                #transparency
	} #Material

	IndexedFaceSet {
		coordIndex [ 
		 429, 428, 435, 434,-1,
		]
	} #IndexedFaceSet
	Material {
		ambientColor      0.2500 0.2500 0.2500  #ambientColor
		diffuseColor      1.0000 1.0000 1.0000  #diffuseColor
		transparency      0.0000                #transparency
	} #Material

	IndexedFaceSet {
		coordIndex [ 
		 6, 5, 1, 2,-1,
		 7, 6, 2, 3,-1,
		 7, 6, 436, 437,-1,
		 4, 5, 6, 7,-1,
		]
	} #IndexedFaceSet
} #Polyhedron
Separator { #Polyhedron
	DEF COORD65 Coordinate3 {
		point [
		 -3.0480 0.1143 -12.1920,
		 -3.0480 0.1143 -11.4300,
		 -7.4168 0.1143 -11.4300,
		 -7.4168 0.1143 -12.1920,
		 -3.0480 0.0000 -12.1920,
		 -3.0480 0.0000 -11.4300,
		 -7.4168 0.0000 -11.4300,
		 -7.4168 0.0000 -12.1920,
		 -3.0544 0.1143 -11.4300,
		 -3.0544 0.1143 -12.1920
		]
	} #Coordinate3
	Material {
		ambientColor      0.0549 0.0549 0.0549  #ambientColor
		diffuseColor      0.2196 0.2196 0.2196  #diffuseColor
		transparency      0.0000                #transparency
	} #Material

	Texture2 {
		filename ""  #filename
		wrapS REPEAT 
		wrapT REPEAT 
	} #Texture2

	IndexedFaceSet {
		coordIndex [ 
		 8, 9, 0, 1,-1,
		 3, 2, 1, 0,-1,
		 4, 7, 3, 0,-1,
		 5, 4, 0, 1,-1,
		 2, 1, 5, 6,-1,
		 6, 5, 1, 2,-1,
		 7, 6, 2, 3,-1,
		 4, 5, 6, 7,-1,
		]
	} #IndexedFaceSet
} #Polyhedron
Separator { #Polyhedron
	DEF COORD66 Coordinate3 {
		point [
		 -3.0544 1.0795 -12.1920,
		 -3.0544 1.0795 -11.3665,
		 -7.4232 1.0795 -11.3665,
		 -7.4232 1.0795 -12.1920,
		 -3.0544 1.0287 -12.1920,
		 -3.0544 1.0287 -11.3665,
		 -7.4232 1.0287 -11.3665,
		 -7.4232 1.0287 -12.1920,
		 -7.4232 1.0287 -11.4300,
		 -3.0544 1.0287 -11.4300
		]
	} #Coordinate3
	Material {
		ambientColor      0.1500 0.1000 0.0500  #ambientColor
		diffuseColor      0.6000 0.4000 0.2000  #diffuseColor
		transparency      0.0000                #transparency
	} #Material

	Texture2 {
		filename ""  #filename
		wrapS REPEAT 
		wrapT REPEAT 
	} #Texture2

	IndexedFaceSet {
		coordIndex [ 
		 0, 1, 2, 3,-1,
		 3, 2, 1, 0,-1,
		 0, 3, 7, 4,-1,
		 4, 7, 3, 0,-1,
		 1, 0, 4, 5,-1,
		 5, 4, 0, 1,-1,
		 2, 1, 5, 6,-1,
		 6, 5, 1, 2,-1,
		 3, 2, 6, 7,-1,
		 7, 6, 2, 3,-1,
		 8, 6, 5, 9,-1,
		 4, 5, 6, 7,-1,
		]
	} #IndexedFaceSet
} #Polyhedron
Separator { #Polyhedron
	DEF COORD67 Coordinate3 {
		point [
		 -7.2261 0.3048 -9.3538,
		 -7.2708 0.3048 -9.4615,
		 -7.2261 0.3048 -9.5693,
		 -7.1184 0.3048 -9.6139,
		 -7.0106 0.3048 -9.5693,
		 -6.9660 0.3048 -9.4615,
		 -7.0106 0.3048 -9.3538,
		 -7.1184 0.3048 -9.3091,
		 -7.1184 -0.6096 -9.4615,
		 -7.1184 0.0000 -9.3599,
		 -7.1902 0.0000 -9.3897,
		 -7.2200 0.0000 -9.4615,
		 -7.1902 0.0000 -9.5334,
		 -7.1184 0.0000 -9.5631,
		 -7.0465 0.0000 -9.5334,
		 -7.0168 0.0000 -9.4615,
		 -7.0465 0.0000 -9.3897
		]
	} #Coordinate3
	Material {
		ambientColor      0.2500 0.2500 0.2500  #ambientColor
		diffuseColor      1.0000 1.0000 1.0000  #diffuseColor
		transparency      1.0000                #transparency
	} #Material

	IndexedFaceSet {
		coordIndex [ 
		 0, 1, 2, 3, 4, 5, 6, 7,-1,
		 7, 6, 5, 4, 3, 2, 1, 0,-1,
		]
	} #IndexedFaceSet
	Material {
		ambientColor      0.1500 0.0500 0.0000  #ambientColor
		diffuseColor      0.6000 0.2000 0.0000  #diffuseColor
		transparency      0.0000                #transparency
	} #Material

	IndexedFaceSet {
		coordIndex [ 
		 0, 7, 9, 10,-1,
		 10, 9, 7, 0,-1,
		 1, 0, 10, 11,-1,
		 11, 10, 0, 1,-1,
		 2, 1, 11, 12,-1,
		 12, 11, 1, 2,-1,
		 3, 2, 12, 13,-1,
		 13, 12, 2, 3,-1,
		 4, 3, 13, 14,-1,
		 14, 13, 3, 4,-1,
		 5, 4, 14, 15,-1,
		 15, 14, 4, 5,-1,
		 6, 5, 15, 16,-1,
		 16, 15, 5, 6,-1,
		 7, 6, 16, 9,-1,
		 9, 16, 6, 7,-1,
		 10, 9, 16, 15, 14, 13, 12, 11,-1,
		 11, 12, 13, 14, 15, 16, 9, 10,-1,
		]
	} #IndexedFaceSet
} #Polyhedron
Separator { #Polyhedron
	DEF COORD68 Coordinate3 {
		point [
		 -7.1184 0.2540 -9.3538,
		 -7.1946 0.2540 -9.3853,
		 -7.2261 0.2540 -9.4615,
		 -7.1946 0.2540 -9.5377,
		 -7.1184 0.2540 -9.5693,
		 -7.0422 0.2540 -9.5377,
		 -7.0106 0.2540 -9.4615,
		 -7.0422 0.2540 -9.3853,
		 -7.1184 0.2032 -9.3538,
		 -7.1946 0.2032 -9.3853,
		 -7.2261 0.2032 -9.4615,
		 -7.1946 0.2032 -9.5377,
		 -7.1184 0.2032 -9.5693,
		 -7.0422 0.2032 -9.5377,
		 -7.0106 0.2032 -9.4615,
		 -7.0422 0.2032 -9.3853
		]
	} #Coordinate3
	Material {
		ambientColor      0.1000 0.0000 0.0000  #ambientColor
		diffuseColor      0.4000 0.0000 0.0000  #diffuseColor
		transparency      0.0000                #transparency
	} #Material

	IndexedFaceSet {
		coordIndex [ 
		 0, 1, 2, 3, 4, 5, 6, 7,-1,
		 7, 6, 5, 4, 3, 2, 1, 0,-1,
		 0, 7, 15, 8,-1,
		 8, 15, 7, 0,-1,
		 1, 0, 8, 9,-1,
		 9, 8, 0, 1,-1,
		 2, 1, 9, 10,-1,
		 10, 9, 1, 2,-1,
		 3, 2, 10, 11,-1,
		 11, 10, 2, 3,-1,
		 4, 3, 11, 12,-1,
		 12, 11, 3, 4,-1,
		 5, 4, 12, 13,-1,
		 13, 12, 4, 5,-1,
		 6, 5, 13, 14,-1,
		 14, 13, 5, 6,-1,
		 7, 6, 14, 15,-1,
		 15, 14, 6, 7,-1,
		 15, 14, 13, 12, 11, 10, 9, 8,-1,
		 8, 9, 10, 11, 12, 13, 14, 15,-1,
		]
	} #IndexedFaceSet
} #Polyhedron
Separator { #Polyhedron
	DEF COORD69 Coordinate3 {
		point [
		 -7.1184 1.5240 -9.4256,
		 -7.1438 1.5240 -9.4361,
		 -7.1543 1.5240 -9.4615,
		 -7.1438 1.5240 -9.4869,
		 -7.1184 1.5240 -9.4974,
		 -7.0930 1.5240 -9.4869,
		 -7.0824 1.5240 -9.4615,
		 -7.0930 1.5240 -9.4361,
		 -7.1184 0.1016 -9.4615,
		 -7.1156 0.2540 -9.4588,
		 -7.1184 0.2540 -9.4577,
		 -7.1211 0.2540 -9.4588,
		 -7.1222 0.2540 -9.4615,
		 -7.1211 0.2540 -9.4642,
		 -7.1184 0.2540 -9.4654,
		 -7.1156 0.2540 -9.4642,
		 -7.1145 0.2540 -9.4615
		]
	} #Coordinate3
	Material {
		ambientColor      0.0000 0.1667 0.0000  #ambientColor
		diffuseColor      0.0000 0.6667 0.0000  #diffuseColor
		transparency      0.0000                #transparency
	} #Material

	IndexedFaceSet {
		coordIndex [ 
		 0, 1, 2, 3, 4, 5, 6, 7,-1,
		 7, 6, 5, 4, 3, 2, 1, 0,-1,
		 0, 7, 9, 10,-1,
		 10, 9, 7, 0,-1,
		 1, 0, 10, 11,-1,
		 11, 10, 0, 1,-1,
		 2, 1, 11, 12,-1,
		 12, 11, 1, 2,-1,
		 3, 2, 12, 13,-1,
		 13, 12, 2, 3,-1,
		 4, 3, 13, 14,-1,
		 14, 13, 3, 4,-1,
		 5, 4, 14, 15,-1,
		 15, 14, 4, 5,-1,
		 6, 5, 15, 16,-1,
		 16, 15, 5, 6,-1,
		 7, 6, 16, 9,-1,
		 9, 16, 6, 7,-1,
		 10, 9, 16, 15, 14, 13, 12, 11,-1,
		 11, 12, 13, 14, 15, 16, 9, 10,-1,
		]
	} #IndexedFaceSet
} #Polyhedron
Separator { #Polyhedron
	DEF COORD70 Coordinate3 {
		point [
		 -7.3760 1.4148 -9.3566,
		 -7.3715 1.4264 -9.3745,
		 -7.3570 1.4417 -9.3795,
		 -7.3409 1.4518 -9.3689,
		 -7.3327 1.4507 -9.3488,
		 -7.3373 1.4391 -9.3310,
		 -7.3518 1.4238 -9.3259,
		 -7.3679 1.4137 -9.3365,
		 -7.0614 1.1094 -9.4893,
		 -7.1498 1.1972 -9.4452,
		 -7.1525 1.1978 -9.4509,
		 -7.1543 1.2044 -9.4549,
		 -7.1543 1.2138 -9.4548,
		 -7.1522 1.2206 -9.4502,
		 -7.1492 1.2198 -9.4438,
		 -7.1474 1.2122 -9.4399,
		 -7.1477 1.2029 -9.4407
		]
	} #Coordinate3
	Material {
		ambientColor      0.0000 0.1667 0.0000  #ambientColor
		diffuseColor      0.0000 0.6667 0.0000  #diffuseColor
		transparency      0.0000                #transparency
	} #Material

	IndexedFaceSet {
		coordIndex [ 
		 0, 1, 2, 3, 4, 5, 6, 7,-1,
		 7, 6, 5, 4, 3, 2, 1, 0,-1,
		 0, 7, 9, 10,-1,
		 10, 9, 7, 0,-1,
		 1, 0, 10, 11,-1,
		 11, 10, 0, 1,-1,
		 2, 1, 11, 12,-1,
		 12, 11, 1, 2,-1,
		 3, 2, 12, 13,-1,
		 13, 12, 2, 3,-1,
		 4, 3, 13, 14,-1,
		 14, 13, 3, 4,-1,
		 5, 4, 14, 15,-1,
		 15, 14, 4, 5,-1,
		 6, 5, 15, 16,-1,
		 16, 15, 5, 6,-1,
		 7, 6, 16, 9,-1,
		 9, 16, 6, 7,-1,
		 10, 9, 16, 15, 14, 13, 12, 11,-1,
		 11, 12, 13, 14, 15, 16, 9, 10,-1,
		]
	} #IndexedFaceSet
} #Polyhedron
Separator { #Polyhedron
	DEF COORD71 Coordinate3 {
		point [
		 -7.2222 1.4148 -9.7188,
		 -7.2043 1.4264 -9.7143,
		 -7.1993 1.4417 -9.6997,
		 -7.2099 1.4518 -9.6836,
		 -7.2300 1.4507 -9.6755,
		 -7.2478 1.4391 -9.6800,
		 -7.2529 1.4238 -9.6945,
		 -7.2423 1.4137 -9.7106,
		 -7.0894 1.1094 -9.4041,
		 -7.1335 1.1972 -9.4926,
		 -7.1279 1.1978 -9.4952,
		 -7.1239 1.2044 -9.4971,
		 -7.1240 1.2138 -9.4970,
		 -7.1285 1.2206 -9.4949,
		 -7.1349 1.2198 -9.4919,
		 -7.1388 1.2122 -9.4901,
		 -7.1380 1.2029 -9.4905
		]
	} #Coordinate3
	Material {
		ambientColor      0.0000 0.1667 0.0000  #ambientColor
		diffuseColor      0.0000 0.6667 0.0000  #diffuseColor
		transparency      0.0000                #transparency
	} #Material

	IndexedFaceSet {
		coordIndex [ 
		 0, 1, 2, 3, 4, 5, 6, 7,-1,
		 7, 6, 5, 4, 3, 2, 1, 0,-1,
		 0, 7, 9, 10,-1,
		 10, 9, 7, 0,-1,
		 1, 0, 10, 11,-1,
		 11, 10, 0, 1,-1,
		 2, 1, 11, 12,-1,
		 12, 11, 1, 2,-1,
		 3, 2, 12, 13,-1,
		 13, 12, 2, 3,-1,
		 4, 3, 13, 14,-1,
		 14, 13, 3, 4,-1,
		 5, 4, 14, 15,-1,
		 15, 14, 4, 5,-1,
		 6, 5, 15, 16,-1,
		 16, 15, 5, 6,-1,
		 7, 6, 16, 9,-1,
		 9, 16, 6, 7,-1,
		 10, 9, 16, 15, 14, 13, 12, 11,-1,
		 11, 12, 13, 14, 15, 16, 9, 10,-1,
		]
	} #IndexedFaceSet
} #Polyhedron
Separator { #Polyhedron
	DEF COORD72 Coordinate3 {
		point [
		 -7.0156 1.4148 -9.2047,
		 -7.0334 1.4264 -9.2092,
		 -7.0385 1.4417 -9.2237,
		 -7.0279 1.4518 -9.2398,
		 -7.0078 1.4507 -9.2480,
		 -6.9900 1.4391 -9.2435,
		 -6.9849 1.4237 -9.2289,
		 -6.9955 1.4137 -9.2128,
		 -7.1483 1.1093 -9.5192,
		 -7.1042 1.1971 -9.4308,
		 -7.1099 1.1977 -9.4281,
		 -7.1139 1.2043 -9.4263,
		 -7.1138 1.2138 -9.4263,
		 -7.1092 1.2205 -9.4285,
		 -7.1028 1.2198 -9.4314,
		 -7.0989 1.2121 -9.4332,
		 -7.0997 1.2028 -9.4329
		]
	} #Coordinate3
	Material {
		ambientColor      0.0000 0.1667 0.0000  #ambientColor
		diffuseColor      0.0000 0.6667 0.0000  #diffuseColor
		transparency      0.0000                #transparency
	} #Material

	IndexedFaceSet {
		coordIndex [ 
		 0, 1, 2, 3, 4, 5, 6, 7,-1,
		 7, 6, 5, 4, 3, 2, 1, 0,-1,
		 0, 7, 9, 10,-1,
		 10, 9, 7, 0,-1,
		 1, 0, 10, 11,-1,
		 11, 10, 0, 1,-1,
		 2, 1, 11, 12,-1,
		 12, 11, 1, 2,-1,
		 3, 2, 12, 13,-1,
		 13, 12, 2, 3,-1,
		 4, 3, 13, 14,-1,
		 14, 13, 3, 4,-1,
		 5, 4, 14, 15,-1,
		 15, 14, 4, 5,-1,
		 6, 5, 15, 16,-1,
		 16, 15, 5, 6,-1,
		 7, 6, 16, 9,-1,
		 9, 16, 6, 7,-1,
		 10, 9, 16, 15, 14, 13, 12, 11,-1,
		 11, 12, 13, 14, 15, 16, 9, 10,-1,
		]
	} #IndexedFaceSet
} #Polyhedron
Separator { #Polyhedron
	DEF COORD73 Coordinate3 {
		point [
		 -6.8617 1.4148 -9.5649,
		 -6.8662 1.4264 -9.5471,
		 -6.8808 1.4417 -9.5420,
		 -6.8968 1.4518 -9.5527,
		 -6.9050 1.4507 -9.5728,
		 -6.9005 1.4391 -9.5906,
		 -6.8860 1.4238 -9.5957,
		 -6.8699 1.4137 -9.5851,
		 -7.1763 1.1094 -9.4323,
		 -7.0879 1.1972 -9.4764,
		 -7.0853 1.1978 -9.4707,
		 -7.0834 1.2044 -9.4667,
		 -7.0834 1.2138 -9.4668,
		 -7.0856 1.2206 -9.4714,
		 -7.0886 1.2198 -9.4777,
		 -7.0904 1.2122 -9.4816,
		 -7.0900 1.2029 -9.4808
		]
	} #Coordinate3
	Material {
		ambientColor      0.0000 0.1667 0.0000  #ambientColor
		diffuseColor      0.0000 0.6667 0.0000  #diffuseColor
		transparency      0.0000                #transparency
	} #Material

	IndexedFaceSet {
		coordIndex [ 
		 0, 1, 2, 3, 4, 5, 6, 7,-1,
		 7, 6, 5, 4, 3, 2, 1, 0,-1,
		 0, 7, 9, 10,-1,
		 10, 9, 7, 0,-1,
		 1, 0, 10, 11,-1,
		 11, 10, 0, 1,-1,
		 2, 1, 11, 12,-1,
		 12, 11, 1, 2,-1,
		 3, 2, 12, 13,-1,
		 13, 12, 2, 3,-1,
		 4, 3, 13, 14,-1,
		 14, 13, 3, 4,-1,
		 5, 4, 14, 15,-1,
		 15, 14, 4, 5,-1,
		 6, 5, 15, 16,-1,
		 16, 15, 5, 6,-1,
		 7, 6, 16, 9,-1,
		 9, 16, 6, 7,-1,
		 10, 9, 16, 15, 14, 13, 12, 11,-1,
		 11, 12, 13, 14, 15, 16, 9, 10,-1,
		]
	} #IndexedFaceSet
} #Polyhedron
Separator { #Polyhedron
	DEF COORD74 Coordinate3 {
		point [
		 -7.3670 0.9830 -9.5655,
		 -7.3512 0.9946 -9.5749,
		 -7.3373 1.0099 -9.5682,
		 -7.3334 1.0200 -9.5493,
		 -7.3419 1.0189 -9.5293,
		 -7.3577 1.0073 -9.5199,
		 -7.3716 0.9919 -9.5266,
		 -7.3754 0.9819 -9.5455,
		 -7.0507 0.6776 -9.4368,
		 -7.1444 0.7654 -9.4682,
		 -7.1422 0.7660 -9.4741,
		 -7.1407 0.7726 -9.4782,
		 -7.1408 0.7820 -9.4781,
		 -7.1425 0.7888 -9.4734,
		 -7.1449 0.7880 -9.4668,
		 -7.1464 0.7803 -9.4627,
		 -7.1461 0.7710 -9.4635
		]
	} #Coordinate3
	Material {
		ambientColor      0.0000 0.1667 0.0000  #ambientColor
		diffuseColor      0.0000 0.6667 0.0000  #diffuseColor
		transparency      0.0000                #transparency
	} #Material

	Texture2 {
		filename ""  #filename
		wrapS REPEAT 
		wrapT REPEAT 
	} #Texture2

	IndexedFaceSet {
		coordIndex [ 
		 0, 1, 2, 3, 4, 5, 6, 7,-1,
		 7, 6, 5, 4, 3, 2, 1, 0,-1,
		 0, 7, 9, 10,-1,
		 10, 9, 7, 0,-1,
		 1, 0, 10, 11,-1,
		 11, 10, 0, 1,-1,
		 2, 1, 11, 12,-1,
		 12, 11, 1, 2,-1,
		 3, 2, 12, 13,-1,
		 13, 12, 2, 3,-1,
		 4, 3, 13, 14,-1,
		 14, 13, 3, 4,-1,
		 5, 4, 14, 15,-1,
		 15, 14, 4, 5,-1,
		 6, 5, 15, 16,-1,
		 16, 15, 5, 6,-1,
		 7, 6, 16, 9,-1,
		 9, 16, 6, 7,-1,
		 10, 9, 16, 15, 14, 13, 12, 11,-1,
		 11, 12, 13, 14, 15, 16, 9, 10,-1,
		]
	} #IndexedFaceSet
} #Polyhedron
Separator { #Polyhedron
	DEF COORD75 Coordinate3 {
		point [
		 -7.2243 0.9830 -9.2135,
		 -7.2337 0.9946 -9.2293,
		 -7.2270 1.0099 -9.2432,
		 -7.2081 1.0200 -9.2470,
		 -7.1881 1.0189 -9.2386,
		 -7.1787 1.0073 -9.2228,
		 -7.1854 0.9919 -9.2089,
		 -7.2043 0.9819 -9.2050,
		 -7.0957 0.6775 -9.5297,
		 -7.1270 0.7653 -9.4360,
		 -7.1329 0.7659 -9.4382,
		 -7.1371 0.7725 -9.4397,
		 -7.1370 0.7820 -9.4396,
		 -7.1322 0.7887 -9.4379,
		 -7.1256 0.7879 -9.4355,
		 -7.1216 0.7803 -9.4340,
		 -7.1224 0.7710 -9.4343
		]
	} #Coordinate3
	Material {
		ambientColor      0.0000 0.1667 0.0000  #ambientColor
		diffuseColor      0.0000 0.6667 0.0000  #diffuseColor
		transparency      0.0000                #transparency
	} #Material

	IndexedFaceSet {
		coordIndex [ 
		 0, 1, 2, 3, 4, 5, 6, 7,-1,
		 7, 6, 5, 4, 3, 2, 1, 0,-1,
		 0, 7, 9, 10,-1,
		 10, 9, 7, 0,-1,
		 1, 0, 10, 11,-1,
		 11, 10, 0, 1,-1,
		 2, 1, 11, 12,-1,
		 12, 11, 1, 2,-1,
		 3, 2, 12, 13,-1,
		 13, 12, 2, 3,-1,
		 4, 3, 13, 14,-1,
		 14, 13, 3, 4,-1,
		 5, 4, 14, 15,-1,
		 15, 14, 4, 5,-1,
		 6, 5, 15, 16,-1,
		 16, 15, 5, 6,-1,
		 7, 6, 16, 9,-1,
		 9, 16, 6, 7,-1,
		 10, 9, 16, 15, 14, 13, 12, 11,-1,
		 11, 12, 13, 14, 15, 16, 9, 10,-1,
		]
	} #IndexedFaceSet
} #Polyhedron
Separator { #Polyhedron
	DEF COORD76 Coordinate3 {
		point [
		 -6.8703 0.9830 -9.3555,
		 -6.8860 0.9946 -9.3461,
		 -6.8999 1.0099 -9.3528,
		 -6.9038 1.0200 -9.3717,
		 -6.8953 1.0189 -9.3917,
		 -6.8796 1.0073 -9.4011,
		 -6.8657 0.9919 -9.3944,
		 -6.8618 0.9819 -9.3755,
		 -7.1866 0.6776 -9.4841,
		 -7.0929 0.7654 -9.4528,
		 -7.0950 0.7660 -9.4469,
		 -7.0965 0.7726 -9.4428,
		 -7.0965 0.7820 -9.4428,
		 -7.0947 0.7888 -9.4476,
		 -7.0923 0.7880 -9.4542,
		 -7.0909 0.7804 -9.4582,
		 -7.0912 0.7711 -9.4574
		]
	} #Coordinate3
	Material {
		ambientColor      0.0000 0.1667 0.0000  #ambientColor
		diffuseColor      0.0000 0.6667 0.0000  #diffuseColor
		transparency      0.0000                #transparency
	} #Material

	IndexedFaceSet {
		coordIndex [ 
		 0, 1, 2, 3, 4, 5, 6, 7,-1,
		 7, 6, 5, 4, 3, 2, 1, 0,-1,
		 0, 7, 9, 10,-1,
		 10, 9, 7, 0,-1,
		 1, 0, 10, 11,-1,
		 11, 10, 0, 1,-1,
		 2, 1, 11, 12,-1,
		 12, 11, 1, 2,-1,
		 3, 2, 12, 13,-1,
		 13, 12, 2, 3,-1,
		 4, 3, 13, 14,-1,
		 14, 13, 3, 4,-1,
		 5, 4, 14, 15,-1,
		 15, 14, 4, 5,-1,
		 6, 5, 15, 16,-1,
		 16, 15, 5, 6,-1,
		 7, 6, 16, 9,-1,
		 9, 16, 6, 7,-1,
		 10, 9, 16, 15, 14, 13, 12, 11,-1,
		 11, 12, 13, 14, 15, 16, 9, 10,-1,
		]
	} #IndexedFaceSet
} #Polyhedron
Separator { #Polyhedron
	DEF COORD77 Coordinate3 {
		point [
		 -7.0116 0.9830 -9.7104,
		 -7.0022 0.9946 -9.6946,
		 -7.0089 1.0099 -9.6807,
		 -7.0278 1.0200 -9.6769,
		 -7.0478 1.0189 -9.6853,
		 -7.0572 1.0073 -9.7011,
		 -7.0505 0.9919 -9.7150,
		 -7.0316 0.9819 -9.7188,
		 -7.1402 0.6776 -9.3941,
		 -7.1089 0.7654 -9.4878,
		 -7.1030 0.7660 -9.4856,
		 -7.0989 0.7726 -9.4841,
		 -7.0989 0.7820 -9.4842,
		 -7.1037 0.7888 -9.4859,
		 -7.1103 0.7880 -9.4883,
		 -7.1143 0.7804 -9.4898,
		 -7.1135 0.7711 -9.4895
		]
	} #Coordinate3
	Material {
		ambientColor      0.0000 0.1667 0.0000  #ambientColor
		diffuseColor      0.0000 0.6667 0.0000  #diffuseColor
		transparency      0.0000                #transparency
	} #Material

	IndexedFaceSet {
		coordIndex [ 
		 0, 1, 2, 3, 4, 5, 6, 7,-1,
		 7, 6, 5, 4, 3, 2, 1, 0,-1,
		 0, 7, 9, 10,-1,
		 10, 9, 7, 0,-1,
		 1, 0, 10, 11,-1,
		 11, 10, 0, 1,-1,
		 2, 1, 11, 12,-1,
		 12, 11, 1, 2,-1,
		 3, 2, 12, 13,-1,
		 13, 12, 2, 3,-1,
		 4, 3, 13, 14,-1,
		 14, 13, 3, 4,-1,
		 5, 4, 14, 15,-1,
		 15, 14, 4, 5,-1,
		 6, 5, 15, 16,-1,
		 16, 15, 5, 6,-1,
		 7, 6, 16, 9,-1,
		 9, 16, 6, 7,-1,
		 10, 9, 16, 15, 14, 13, 12, 11,-1,
		 11, 12, 13, 14, 15, 16, 9, 10,-1,
		]
	} #IndexedFaceSet
} #Polyhedron
Separator { #Polyhedron
	DEF COORD78 Coordinate3 {
		point [
		 -4.0194 1.1049 -12.1489,
		 -3.7432 1.1049 -12.0200,
		 -3.8505 1.1049 -11.7898,
		 -4.1268 1.1049 -11.9187,
		 -4.0194 1.0795 -12.1489,
		 -3.7432 1.0795 -12.0200,
		 -3.8505 1.0795 -11.7898,
		 -4.1268 1.0795 -11.9187,
		 -4.0194 1.1017 -12.1489,
		 -4.1268 1.1017 -11.9187,
		 -4.1268 1.0827 -11.9187,
		 -4.0194 1.0827 -12.1489,
		 -4.1268 1.1017 -11.9187,
		 -4.1268 1.0827 -11.9187,
		 -4.0194 1.0827 -12.1489,
		 -4.0194 1.1017 -12.1489,
		 -4.1268 1.1017 -11.9187,
		 -4.0194 1.1017 -12.1489,
		 -4.0194 1.0827 -12.1489,
		 -4.1268 1.0827 -11.9187,
		 -3.7892 1.1049 -12.0415,
		 -3.7892 1.0795 -12.0415,
		 -3.7432 1.0795 -12.0200,
		 -3.9734 1.0795 -12.1274,
		 -3.9734 1.1049 -12.1274,
		 -3.7432 1.0795 -12.0200,
		 -3.7432 1.0827 -12.0200,
		 -3.8505 1.0827 -11.7898,
		 -3.8505 1.1017 -11.7898,
		 -3.7432 1.1017 -12.0200,
		 -3.7445 1.0827 -12.0172,
		 -3.7445 1.1017 -12.0172,
		 -3.7432 1.0827 -12.0200,
		 -3.8505 1.0827 -11.7898,
		 -3.8505 1.1017 -11.7898,
		 -3.8505 1.0827 -11.7898,
		 -3.7432 1.0827 -12.0200,
		 -3.7432 1.1017 -12.0200,
		 -3.8505 1.1017 -11.7898,
		 -3.7432 1.0827 -12.0200,
		 -4.1268 1.1017 -11.9187,
		 -3.8505 1.1017 -11.7898,
		 -3.8505 1.0827 -11.7898,
		 -4.1268 1.0827 -11.9187,
		 -3.8506 1.1017 -11.7899,
		 -3.8506 1.0827 -11.7899,
		 -4.1268 1.0827 -11.9187,
		 -4.1268 1.1017 -11.9187,
		 -3.8505 1.1017 -11.7898,
		 -4.1268 1.1017 -11.9187,
		 -4.1268 1.0827 -11.9187,
		 -3.8505 1.0827 -11.7898
		]
	} #Coordinate3
	Material {
		ambientColor      0.2088 0.2088 0.0000  #ambientColor
		diffuseColor      0.8353 0.8353 0.0000  #diffuseColor
		transparency      0.0000                #transparency
	} #Material

	IndexedFaceSet {
		coordIndex [ 
		 0, 1, 2, 3,-1,
		 3, 2, 1, 0,-1,
		 8, 0, 3, 9,-1,
		 10, 7, 4, 11,-1,
		]
	} #IndexedFaceSet
	Material {
		ambientColor      0.2500 0.2500 0.2500  #ambientColor
		diffuseColor      1.0000 1.0000 1.0000  #diffuseColor
		transparency      0.0000                #transparency
	} #Material

	IndexedFaceSet {
		coordIndex [ 
		 12, 13, 14, 15,-1,
		]
	} #IndexedFaceSet
	Material {
		ambientColor      0.2088 0.2088 0.0000  #ambientColor
		diffuseColor      0.8353 0.8353 0.0000  #diffuseColor
		transparency      0.0000                #transparency
	} #Material

	IndexedFaceSet {
		coordIndex [ 
		 16, 3, 0, 17,-1,
		 18, 4, 7, 19,-1,
		]
	} #IndexedFaceSet
	Material {
		ambientColor      0.2500 0.2500 0.2500  #ambientColor
		diffuseColor      1.0000 1.0000 1.0000  #diffuseColor
		transparency      0.0000                #transparency
	} #Material

	IndexedFaceSet {
		coordIndex [ 
		 15, 14, 13, 12,-1,
		]
	} #IndexedFaceSet
	Material {
		ambientColor      0.2088 0.2088 0.0000  #ambientColor
		diffuseColor      0.8353 0.8353 0.0000  #diffuseColor
		transparency      0.0000                #transparency
	} #Material

	IndexedFaceSet {
		coordIndex [ 
		 20, 21, 22, 1,-1,
		 23, 24, 0, 4,-1,
		]
	} #IndexedFaceSet
	Material {
		ambientColor      0.2500 0.2500 0.2500  #ambientColor
		diffuseColor      1.0000 1.0000 1.0000  #diffuseColor
		transparency      0.0000                #transparency
	} #Material

	IndexedFaceSet {
		coordIndex [ 
		 24, 23, 21, 20,-1,
		]
	} #IndexedFaceSet
	Material {
		ambientColor      0.2088 0.2088 0.0000  #ambientColor
		diffuseColor      0.8353 0.8353 0.0000  #diffuseColor
		transparency      0.0000                #transparency
	} #Material

	IndexedFaceSet {
		coordIndex [ 
		 1, 25, 21, 20,-1,
		 4, 0, 24, 23,-1,
		]
	} #IndexedFaceSet
	Material {
		ambientColor      0.2500 0.2500 0.2500  #ambientColor
		diffuseColor      1.0000 1.0000 1.0000  #diffuseColor
		transparency      0.0000                #transparency
	} #Material

	IndexedFaceSet {
		coordIndex [ 
		 20, 21, 23, 24,-1,
		]
	} #IndexedFaceSet
	Material {
		ambientColor      0.2088 0.2088 0.0000  #ambientColor
		diffuseColor      0.8353 0.8353 0.0000  #diffuseColor
		transparency      0.0000                #transparency
	} #Material

	IndexedFaceSet {
		coordIndex [ 
		 26, 5, 6, 27,-1,
		 28, 2, 1, 29,-1,
		 30, 31, 29, 32,-1,
		]
	} #IndexedFaceSet
	Material {
		ambientColor      0.2500 0.2500 0.2500  #ambientColor
		diffuseColor      1.0000 1.0000 1.0000  #diffuseColor
		transparency      0.0000                #transparency
	} #Material

	IndexedFaceSet {
		coordIndex [ 
		 31, 30, 33, 34,-1,
		]
	} #IndexedFaceSet
	Material {
		ambientColor      0.2088 0.2088 0.0000  #ambientColor
		diffuseColor      0.8353 0.8353 0.0000  #diffuseColor
		transparency      0.0000                #transparency
	} #Material

	IndexedFaceSet {
		coordIndex [ 
		 35, 6, 5, 36,-1,
		 37, 1, 2, 38,-1,
		 39, 37, 31, 30,-1,
		]
	} #IndexedFaceSet
	Material {
		ambientColor      0.2500 0.2500 0.2500  #ambientColor
		diffuseColor      1.0000 1.0000 1.0000  #diffuseColor
		transparency      0.0000                #transparency
	} #Material

	IndexedFaceSet {
		coordIndex [ 
		 34, 33, 30, 31,-1,
		]
	} #IndexedFaceSet
	Material {
		ambientColor      0.2088 0.2088 0.0000  #ambientColor
		diffuseColor      0.8353 0.8353 0.0000  #diffuseColor
		transparency      0.0000                #transparency
	} #Material

	IndexedFaceSet {
		coordIndex [ 
		 40, 3, 2, 41,-1,
		 42, 6, 7, 43,-1,
		]
	} #IndexedFaceSet
	Material {
		ambientColor      0.2500 0.2500 0.2500  #ambientColor
		diffuseColor      1.0000 1.0000 1.0000  #diffuseColor
		transparency      0.0000                #transparency
	} #Material

	IndexedFaceSet {
		coordIndex [ 
		 44, 45, 46, 47,-1,
		]
	} #IndexedFaceSet
	Material {
		ambientColor      0.2088 0.2088 0.0000  #ambientColor
		diffuseColor      0.8353 0.8353 0.0000  #diffuseColor
		transparency      0.0000                #transparency
	} #Material

	IndexedFaceSet {
		coordIndex [ 
		 48, 2, 3, 49,-1,
		 50, 7, 6, 51,-1,
		]
	} #IndexedFaceSet
	Material {
		ambientColor      0.2500 0.2500 0.2500  #ambientColor
		diffuseColor      1.0000 1.0000 1.0000  #diffuseColor
		transparency      0.0000                #transparency
	} #Material

	IndexedFaceSet {
		coordIndex [ 
		 47, 46, 45, 44,-1,
		]
	} #IndexedFaceSet
	Material {
		ambientColor      0.2088 0.2088 0.0000  #ambientColor
		diffuseColor      0.8353 0.8353 0.0000  #diffuseColor
		transparency      0.0000                #transparency
	} #Material

	IndexedFaceSet {
		coordIndex [ 
		 7, 6, 5, 4,-1,
		 4, 5, 6, 7,-1,
		]
	} #IndexedFaceSet
} #Polyhedron
Separator { #Polyhedron
	DEF COORD79 Coordinate3 {
		point [
		 -3.8671 1.1621 -11.8555,
		 -4.1211 1.1621 -11.8555,
		 -4.1211 1.1621 -12.0587,
		 -3.8671 1.1621 -12.0587,
		 -3.8671 1.0859 -11.8555,
		 -4.1211 1.0859 -11.8555,
		 -4.1211 1.0859 -12.0587,
		 -3.8671 1.0859 -12.0587,
		 -3.8671 1.0986 -12.0587,
		 -3.8671 1.0986 -11.8555,
		 -3.8671 1.1494 -11.8682,
		 -3.8671 1.0986 -11.8682,
		 -3.8671 1.0986 -11.8555,
		 -3.8671 1.1494 -11.8555,
		 -3.8671 1.1494 -11.8555,
		 -3.8671 1.1494 -12.0587,
		 -3.8671 1.1494 -12.0587,
		 -3.8671 1.0986 -12.0587,
		 -3.8671 1.0986 -11.8555,
		 -3.8671 1.0986 -12.0587,
		 -3.8671 1.1494 -11.8555,
		 -3.8671 1.0986 -11.8555,
		 -3.8671 1.1494 -12.0587,
		 -3.8671 1.1494 -11.8555,
		 -4.1211 1.1621 -11.8555,
		 -4.0830 1.1621 -11.8555,
		 -4.0830 1.0859 -11.8555,
		 -4.0576 1.0859 -11.8555,
		 -4.0576 1.1621 -11.8555,
		 -4.1211 1.1621 -11.8555,
		 -4.1211 1.1494 -12.0587,
		 -4.1211 1.1494 -11.8555,
		 -4.1211 1.0986 -11.8555,
		 -4.1211 1.0986 -12.0587,
		 -4.1211 1.1494 -11.8555,
		 -4.1211 1.0986 -11.8555,
		 -4.1211 1.0986 -11.8682,
		 -4.1211 1.1494 -11.8682,
		 -4.1211 1.0986 -12.0587,
		 -4.1211 1.1494 -12.0587,
		 -4.1211 1.1494 -11.8555,
		 -4.1211 1.1494 -12.0587,
		 -4.1211 1.0986 -12.0587,
		 -4.1211 1.0986 -11.8555,
		 -4.1211 1.0986 -11.8555,
		 -4.1211 1.1494 -11.8555,
		 -4.1211 1.0986 -12.0587,
		 -3.8671 1.0986 -12.0587,
		 -3.8671 1.1494 -12.0587,
		 -4.1211 1.1494 -12.0587,
		 -3.8671 1.0986 -12.0587,
		 -3.8671 1.1494 -12.0587,
		 -4.1211 1.1494 -12.0587,
		 -4.1211 1.0986 -12.0587,
		 -3.8671 1.0986 -12.0587,
		 -4.1211 1.0986 -12.0587,
		 -4.1211 1.1494 -12.0587,
		 -3.8671 1.1494 -12.0587
		]
	} #Coordinate3
	Material {
		ambientColor      0.0000 0.0500 0.0000  #ambientColor
		diffuseColor      0.0000 0.2000 0.0000  #diffuseColor
		transparency      0.0000                #transparency
	} #Material

	Texture2 {
		filename ""  #filename
		wrapS REPEAT 
		wrapT REPEAT 
	} #Texture2

	IndexedFaceSet {
		coordIndex [ 
		 0, 1, 2, 3,-1,
		 3, 2, 1, 0,-1,
		 8, 7, 4, 9,-1,
		 10, 11, 12, 13,-1,
		 14, 0, 3, 15,-1,
		]
	} #IndexedFaceSet
	Material {
		ambientColor      0.2500 0.2500 0.2500  #ambientColor
		diffuseColor      1.0000 1.0000 1.0000  #diffuseColor
		transparency      0.0000                #transparency
	} #Material

	IndexedFaceSet {
		coordIndex [ 
		 16, 17, 11, 10,-1,
		]
	} #IndexedFaceSet
	Material {
		ambientColor      0.0000 0.0500 0.0000  #ambientColor
		diffuseColor      0.0000 0.2000 0.0000  #diffuseColor
		transparency      0.0000                #transparency
	} #Material

	IndexedFaceSet {
		coordIndex [ 
		 18, 4, 7, 19,-1,
		 20, 21, 11, 10,-1,
		 22, 3, 0, 23,-1,
		]
	} #IndexedFaceSet
	Material {
		ambientColor      0.2500 0.2500 0.2500  #ambientColor
		diffuseColor      1.0000 1.0000 1.0000  #diffuseColor
		transparency      0.0000                #transparency
	} #Material

	IndexedFaceSet {
		coordIndex [ 
		 10, 11, 17, 16,-1,
		]
	} #IndexedFaceSet
	Material {
		ambientColor      0.0000 0.0500 0.0000  #ambientColor
		diffuseColor      0.0000 0.2000 0.0000  #diffuseColor
		transparency      0.0000                #transparency
	} #Material

	IndexedFaceSet {
		coordIndex [ 
		 5, 24, 25, 26,-1,
		 4, 5, 26, 27,-1,
		 0, 4, 27, 28,-1,
		]
	} #IndexedFaceSet
	Material {
		ambientColor      0.2088 0.2088 0.0000  #ambientColor
		diffuseColor      0.8353 0.8353 0.0000  #diffuseColor
		transparency      0.0000                #transparency
	} #Material

	IndexedFaceSet {
		coordIndex [ 
		 28, 27, 26, 25,-1,
		]
	} #IndexedFaceSet
	Material {
		ambientColor      0.0000 0.0500 0.0000  #ambientColor
		diffuseColor      0.0000 0.2000 0.0000  #diffuseColor
		transparency      0.0000                #transparency
	} #Material

	IndexedFaceSet {
		coordIndex [ 
		 26, 25, 29, 5,-1,
		 27, 26, 5, 4,-1,
		 28, 27, 4, 0,-1,
		]
	} #IndexedFaceSet
	Material {
		ambientColor      0.2088 0.2088 0.0000  #ambientColor
		diffuseColor      0.8353 0.8353 0.0000  #diffuseColor
		transparency      0.0000                #transparency
	} #Material

	IndexedFaceSet {
		coordIndex [ 
		 25, 26, 27, 28,-1,
		]
	} #IndexedFaceSet
	Material {
		ambientColor      0.0000 0.0500 0.0000  #ambientColor
		diffuseColor      0.0000 0.2000 0.0000  #diffuseColor
		transparency      0.0000                #transparency
	} #Material

	IndexedFaceSet {
		coordIndex [ 
		 30, 2, 1, 31,-1,
		 32, 5, 6, 33,-1,
		 34, 35, 36, 37,-1,
		]
	} #IndexedFaceSet
	Material {
		ambientColor      0.2500 0.2500 0.2500  #ambientColor
		diffuseColor      1.0000 1.0000 1.0000  #diffuseColor
		transparency      0.0000                #transparency
	} #Material

	IndexedFaceSet {
		coordIndex [ 
		 38, 39, 37, 36,-1,
		]
	} #IndexedFaceSet
	Material {
		ambientColor      0.0000 0.0500 0.0000  #ambientColor
		diffuseColor      0.0000 0.2000 0.0000  #diffuseColor
		transparency      0.0000                #transparency
	} #Material

	IndexedFaceSet {
		coordIndex [ 
		 40, 1, 2, 41,-1,
		 42, 6, 5, 43,-1,
		 37, 36, 44, 45,-1,
		]
	} #IndexedFaceSet
	Material {
		ambientColor      0.2500 0.2500 0.2500  #ambientColor
		diffuseColor      1.0000 1.0000 1.0000  #diffuseColor
		transparency      0.0000                #transparency
	} #Material

	IndexedFaceSet {
		coordIndex [ 
		 36, 37, 39, 38,-1,
		]
	} #IndexedFaceSet
	Material {
		ambientColor      0.0696 0.0000 0.0000  #ambientColor
		diffuseColor      0.2784 0.0000 0.0000  #diffuseColor
		transparency      0.0000                #transparency
	} #Material

	IndexedFaceSet {
		coordIndex [ 
		 46, 6, 7, 47,-1,
		 48, 3, 2, 49,-1,
		]
	} #IndexedFaceSet
	Material {
		ambientColor      0.2500 0.2500 0.2500  #ambientColor
		diffuseColor      1.0000 1.0000 1.0000  #diffuseColor
		transparency      0.0000                #transparency
	} #Material

	IndexedFaceSet {
		coordIndex [ 
		 50, 51, 52, 53,-1,
		]
	} #IndexedFaceSet
	Material {
		ambientColor      0.0696 0.0000 0.0000  #ambientColor
		diffuseColor      0.2784 0.0000 0.0000  #diffuseColor
		transparency      0.0000                #transparency
	} #Material

	IndexedFaceSet {
		coordIndex [ 
		 54, 7, 6, 55,-1,
		 56, 2, 3, 57,-1,
		]
	} #IndexedFaceSet
	Material {
		ambientColor      0.2500 0.2500 0.2500  #ambientColor
		diffuseColor      1.0000 1.0000 1.0000  #diffuseColor
		transparency      0.0000                #transparency
	} #Material

	IndexedFaceSet {
		coordIndex [ 
		 53, 52, 51, 50,-1,
		]
	} #IndexedFaceSet
	Material {
		ambientColor      0.0000 0.0500 0.0000  #ambientColor
		diffuseColor      0.0000 0.2000 0.0000  #diffuseColor
		transparency      0.0000                #transparency
	} #Material

	IndexedFaceSet {
		coordIndex [ 
		 7, 6, 5, 4,-1,
		 4, 5, 6, 7,-1,
		]
	} #IndexedFaceSet
} #Polyhedron
Separator { #Polyhedron
	DEF COORD80 Coordinate3 {
		point [
		 -4.2244 1.1512 -12.1616,
		 -3.9741 1.2679 -12.0327,
		 -4.0714 1.2225 -11.8025,
		 -4.3217 1.1058 -11.9314,
		 -4.2137 1.1281 -12.1616,
		 -3.9633 1.2449 -12.0327,
		 -4.0606 1.1995 -11.8025,
		 -4.3110 1.0828 -11.9314,
		 -4.2231 1.1483 -12.1616,
		 -4.2306 1.1483 -12.1470,
		 -4.3048 1.0857 -11.9460,
		 -4.2150 1.1310 -12.1616,
		 -4.3123 1.0857 -11.9314,
		 -4.3123 1.0857 -11.9314,
		 -4.3048 1.0857 -11.9460,
		 -4.2306 1.1483 -12.1470,
		 -4.3204 1.1029 -11.9314,
		 -4.3204 1.1029 -11.9314,
		 -4.2231 1.1483 -12.1616,
		 -4.2150 1.1310 -12.1616,
		 -4.2306 1.1483 -12.1470,
		 -4.2231 1.1483 -12.1616,
		 -4.2150 1.1310 -12.1616,
		 -4.3048 1.0857 -11.9460,
		 -4.3048 1.0857 -11.9460,
		 -4.3123 1.0857 -11.9314,
		 -4.3204 1.1029 -11.9314,
		 -4.2306 1.1483 -12.1470,
		 -4.2228 1.1476 -12.1616,
		 -4.1720 1.1476 -12.1401,
		 -4.0158 1.2484 -12.0542,
		 -4.0051 1.2254 -12.0542,
		 -4.0051 1.2254 -12.0542,
		 -3.9650 1.2484 -12.0327,
		 -3.9650 1.2484 -12.0327,
		 -4.0158 1.2484 -12.0542,
		 -4.1720 1.1476 -12.1401,
		 -4.1827 1.1706 -12.1401,
		 -4.1827 1.1706 -12.1401,
		 -4.2228 1.1476 -12.1616,
		 -4.1720 1.1476 -12.1401,
		 -4.2228 1.1476 -12.1616,
		 -3.9650 1.2484 -12.0327,
		 -4.0051 1.2254 -12.0542,
		 -4.0158 1.2484 -12.0542,
		 -3.9650 1.2484 -12.0327,
		 -4.2228 1.1476 -12.1616,
		 -4.1827 1.1706 -12.1401,
		 -4.0545 1.2024 -11.8172,
		 -4.0620 1.2024 -11.8025,
		 -3.9739 1.2644 -12.0299,
		 -4.0700 1.2196 -11.8025,
		 -3.9815 1.2644 -12.0153,
		 -3.9815 1.2644 -12.0153,
		 -3.9725 1.2644 -12.0327,
		 -3.9659 1.2472 -12.0299,
		 -3.9644 1.2472 -12.0327,
		 -4.0620 1.2024 -11.8025,
		 -4.0545 1.2024 -11.8172,
		 -4.0700 1.2196 -11.8025,
		 -4.0620 1.2024 -11.8025,
		 -4.0545 1.2024 -11.8172,
		 -3.9815 1.2644 -12.0153,
		 -4.0700 1.2196 -11.8025,
		 -3.9725 1.2644 -12.0327,
		 -3.9815 1.2644 -12.0153,
		 -3.9644 1.2472 -12.0327,
		 -4.0545 1.2024 -11.8172,
		 -4.0775 1.2196 -11.8057,
		 -4.0700 1.2196 -11.8025,
		 -4.3204 1.1029 -11.9314,
		 -4.0700 1.2196 -11.8026,
		 -4.3048 1.0857 -11.9282,
		 -4.3123 1.0857 -11.9314,
		 -4.0620 1.2024 -11.8025,
		 -4.3123 1.0857 -11.9314,
		 -4.0620 1.2024 -11.8026,
		 -4.3204 1.1029 -11.9314,
		 -4.0700 1.2196 -11.8025,
		 -4.0775 1.2196 -11.8057,
		 -4.3204 1.1029 -11.9314,
		 -4.3123 1.0857 -11.9314,
		 -4.3048 1.0857 -11.9282,
		 -4.0620 1.2024 -11.8025
		]
	} #Coordinate3
	Material {
		ambientColor      0.0412 0.0412 0.0412  #ambientColor
		diffuseColor      0.1647 0.1647 0.1647  #diffuseColor
		transparency      0.0000                #transparency
	} #Material

	IndexedFaceSet {
		coordIndex [ 
		 0, 1, 2, 3,-1,
		 3, 2, 1, 0,-1,
		 8, 0, 9,-1,
		 10, 4, 11, 12,-1,
		 13, 7, 14,-1,
		 15, 3, 16, 17, 18,-1,
		]
	} #IndexedFaceSet
	Material {
		ambientColor      0.2500 0.2500 0.2500  #ambientColor
		diffuseColor      1.0000 1.0000 1.0000  #diffuseColor
		transparency      0.0000                #transparency
	} #Material

	IndexedFaceSet {
		coordIndex [ 
		 17, 12, 19, 18,-1,
		]
	} #IndexedFaceSet
	Material {
		ambientColor      0.0412 0.0412 0.0412  #ambientColor
		diffuseColor      0.1647 0.1647 0.1647  #diffuseColor
		transparency      0.0000                #transparency
	} #Material

	IndexedFaceSet {
		coordIndex [ 
		 20, 0, 21,-1,
		 12, 22, 4, 23,-1,
		 24, 7, 25,-1,
		 18, 17, 26, 3, 27,-1,
		]
	} #IndexedFaceSet
	Material {
		ambientColor      0.2500 0.2500 0.2500  #ambientColor
		diffuseColor      1.0000 1.0000 1.0000  #diffuseColor
		transparency      0.0000                #transparency
	} #Material

	IndexedFaceSet {
		coordIndex [ 
		 18, 19, 12, 17,-1,
		]
	} #IndexedFaceSet
	Material {
		ambientColor      0.0412 0.0412 0.0412  #ambientColor
		diffuseColor      0.1647 0.1647 0.1647  #diffuseColor
		transparency      0.0000                #transparency
	} #Material

	IndexedFaceSet {
		coordIndex [ 
		 28, 4, 29,-1,
		 30, 31, 32, 5, 33,-1,
		 34, 1, 35,-1,
		 36, 37, 38, 0, 39,-1,
		]
	} #IndexedFaceSet
	Material {
		ambientColor      0.2500 0.2500 0.2500  #ambientColor
		diffuseColor      1.0000 1.0000 1.0000  #diffuseColor
		transparency      0.0000                #transparency
	} #Material

	IndexedFaceSet {
		coordIndex [ 
		 37, 36, 31, 30,-1,
		]
	} #IndexedFaceSet
	Material {
		ambientColor      0.0412 0.0412 0.0412  #ambientColor
		diffuseColor      0.1647 0.1647 0.1647  #diffuseColor
		transparency      0.0000                #transparency
	} #Material

	IndexedFaceSet {
		coordIndex [ 
		 40, 4, 41,-1,
		 42, 5, 43, 31, 30,-1,
		 44, 1, 45,-1,
		 46, 0, 47, 37, 36,-1,
		]
	} #IndexedFaceSet
	Material {
		ambientColor      0.2500 0.2500 0.2500  #ambientColor
		diffuseColor      1.0000 1.0000 1.0000  #diffuseColor
		transparency      0.0000                #transparency
	} #Material

	IndexedFaceSet {
		coordIndex [ 
		 30, 31, 36, 37,-1,
		]
	} #IndexedFaceSet
	Material {
		ambientColor      0.0412 0.0412 0.0412  #ambientColor
		diffuseColor      0.1647 0.1647 0.1647  #diffuseColor
		transparency      0.0000                #transparency
	} #Material

	IndexedFaceSet {
		coordIndex [ 
		 48, 6, 49,-1,
		 50, 51, 2, 52,-1,
		 53, 1, 54,-1,
		 55, 50, 54, 56,-1,
		 57, 55, 56, 5, 58,-1,
		]
	} #IndexedFaceSet
	Material {
		ambientColor      0.2500 0.2500 0.2500  #ambientColor
		diffuseColor      1.0000 1.0000 1.0000  #diffuseColor
		transparency      0.0000                #transparency
	} #Material

	IndexedFaceSet {
		coordIndex [ 
		 50, 55, 57, 59,-1,
		]
	} #IndexedFaceSet
	Material {
		ambientColor      0.0412 0.0412 0.0412  #ambientColor
		diffuseColor      0.1647 0.1647 0.1647  #diffuseColor
		transparency      0.0000                #transparency
	} #Material

	IndexedFaceSet {
		coordIndex [ 
		 60, 6, 61,-1,
		 62, 2, 63, 50,-1,
		 64, 1, 65,-1,
		 66, 64, 50, 55,-1,
		 67, 5, 66, 55, 57,-1,
		]
	} #IndexedFaceSet
	Material {
		ambientColor      0.2500 0.2500 0.2500  #ambientColor
		diffuseColor      1.0000 1.0000 1.0000  #diffuseColor
		transparency      0.0000                #transparency
	} #Material

	IndexedFaceSet {
		coordIndex [ 
		 59, 57, 55, 50,-1,
		]
	} #IndexedFaceSet
	Material {
		ambientColor      0.0412 0.0412 0.0412  #ambientColor
		diffuseColor      0.1647 0.1647 0.1647  #diffuseColor
		transparency      0.0000                #transparency
	} #Material

	IndexedFaceSet {
		coordIndex [ 
		 68, 2, 69,-1,
		 70, 3, 68, 71,-1,
		 72, 7, 73,-1,
		 74, 6, 72, 75, 76,-1,
		]
	} #IndexedFaceSet
	Material {
		ambientColor      0.2500 0.2500 0.2500  #ambientColor
		diffuseColor      1.0000 1.0000 1.0000  #diffuseColor
		transparency      0.0000                #transparency
	} #Material

	IndexedFaceSet {
		coordIndex [ 
		 71, 76, 75, 77,-1,
		]
	} #IndexedFaceSet
	Material {
		ambientColor      0.0412 0.0412 0.0412  #ambientColor
		diffuseColor      0.1647 0.1647 0.1647  #diffuseColor
		transparency      0.0000                #transparency
	} #Material

	IndexedFaceSet {
		coordIndex [ 
		 78, 2, 79,-1,
		 71, 79, 3, 80,-1,
		 81, 7, 82,-1,
		 76, 75, 82, 6, 83,-1,
		]
	} #IndexedFaceSet
	Material {
		ambientColor      0.2500 0.2500 0.2500  #ambientColor
		diffuseColor      1.0000 1.0000 1.0000  #diffuseColor
		transparency      0.0000                #transparency
	} #Material

	IndexedFaceSet {
		coordIndex [ 
		 77, 75, 76, 71,-1,
		]
	} #IndexedFaceSet
	Material {
		ambientColor      0.0412 0.0412 0.0412  #ambientColor
		diffuseColor      0.1647 0.1647 0.1647  #diffuseColor
		transparency      0.0000                #transparency
	} #Material

	IndexedFaceSet {
		coordIndex [ 
		 7, 6, 5, 4,-1,
		 4, 5, 6, 7,-1,
		]
	} #IndexedFaceSet
} #Polyhedron
Separator { #Polyhedron
	DEF COORD81 Coordinate3 {
		point [
		 -3.3338 1.0795 -11.9190,
		 -3.3338 1.3335 -11.9190,
		 -3.3338 1.3335 -12.1222,
		 -3.3338 1.0795 -12.1222,
		 -3.4100 1.0795 -11.9190,
		 -3.4100 1.3335 -11.9190,
		 -3.4100 1.3335 -12.1222,
		 -3.4100 1.0795 -12.1222,
		 -3.3338 1.0795 -11.9317,
		 -3.3465 1.0795 -12.1222,
		 -3.3465 1.0795 -11.9317,
		 -3.4100 1.0795 -11.9317,
		 -3.3338 1.0795 -11.9317,
		 -3.3973 1.0795 -11.9317,
		 -3.3973 1.0795 -12.1222,
		 -3.3338 1.0795 -11.9317,
		 -3.3338 1.0795 -11.9317,
		 -3.4100 1.0795 -11.9317,
		 -3.4100 1.2954 -11.9190,
		 -3.3338 1.2954 -11.9190,
		 -3.3338 1.2700 -11.9190,
		 -3.4100 1.2700 -11.9190,
		 -3.3338 1.2700 -11.9190,
		 -3.4100 1.2700 -11.9190,
		 -3.4100 1.2954 -11.9190,
		 -3.3338 1.2954 -11.9190,
		 -3.3338 1.2954 -11.9190,
		 -3.4100 1.2954 -11.9190,
		 -3.4100 1.2700 -11.9190,
		 -3.3338 1.2700 -11.9190,
		 -3.3338 1.3335 -11.9317,
		 -3.4100 1.3335 -11.9317,
		 -3.3973 1.3335 -12.1222,
		 -3.3973 1.3335 -11.9317,
		 -3.4100 1.3335 -11.9317,
		 -3.3465 1.3335 -11.9317,
		 -3.3465 1.3335 -12.1222,
		 -3.3338 1.3335 -12.1222,
		 -3.3338 1.3335 -11.9317,
		 -3.4100 1.3335 -11.9317,
		 -3.3338 1.3335 -11.9317,
		 -3.4100 1.3335 -11.9317,
		 -3.3338 1.3335 -11.9317,
		 -3.3338 1.3335 -12.1222,
		 -3.3465 1.3335 -12.1222,
		 -3.3465 1.0795 -12.1222,
		 -3.3338 1.0795 -12.1222,
		 -3.4100 1.3335 -12.1222,
		 -3.3973 1.0795 -12.1222,
		 -3.3973 1.3335 -12.1222,
		 -3.3338 1.0795 -12.1222,
		 -3.4100 1.3335 -12.1222
		]
	} #Coordinate3
	Material {
		ambientColor      0.0696 0.0000 0.0000  #ambientColor
		diffuseColor      0.2784 0.0000 0.0000  #diffuseColor
		transparency      0.0000                #transparency
	} #Material

	IndexedFaceSet {
		coordIndex [ 
		 0, 1, 2, 3,-1,
		 3, 2, 1, 0,-1,
		 8, 3, 9, 10,-1,
		 11, 4, 0, 12,-1,
		 7, 11, 13, 14,-1,
		]
	} #IndexedFaceSet
	Material {
		ambientColor      0.2500 0.2500 0.2500  #ambientColor
		diffuseColor      1.0000 1.0000 1.0000  #diffuseColor
		transparency      0.0000                #transparency
	} #Material

	IndexedFaceSet {
		coordIndex [ 
		 9, 14, 13, 10,-1,
		]
	} #IndexedFaceSet
	Material {
		ambientColor      0.0696 0.0000 0.0000  #ambientColor
		diffuseColor      0.2784 0.0000 0.0000  #diffuseColor
		transparency      0.0000                #transparency
	} #Material

	IndexedFaceSet {
		coordIndex [ 
		 10, 9, 3, 15,-1,
		 16, 0, 4, 17,-1,
		 14, 13, 17, 7,-1,
		]
	} #IndexedFaceSet
	Material {
		ambientColor      0.2500 0.2500 0.2500  #ambientColor
		diffuseColor      1.0000 1.0000 1.0000  #diffuseColor
		transparency      0.0000                #transparency
	} #Material

	IndexedFaceSet {
		coordIndex [ 
		 10, 13, 14, 9,-1,
		]
	} #IndexedFaceSet
	Material {
		ambientColor      0.0696 0.0000 0.0000  #ambientColor
		diffuseColor      0.2784 0.0000 0.0000  #diffuseColor
		transparency      0.0000                #transparency
	} #Material

	IndexedFaceSet {
		coordIndex [ 
		 18, 5, 1, 19,-1,
		 20, 0, 4, 21,-1,
		]
	} #IndexedFaceSet
	Material {
		ambientColor      0.2088 0.2088 0.0000  #ambientColor
		diffuseColor      0.8353 0.8353 0.0000  #diffuseColor
		transparency      0.0000                #transparency
	} #Material

	IndexedFaceSet {
		coordIndex [ 
		 22, 23, 24, 25,-1,
		]
	} #IndexedFaceSet
	Material {
		ambientColor      0.0696 0.0000 0.0000  #ambientColor
		diffuseColor      0.2784 0.0000 0.0000  #diffuseColor
		transparency      0.0000                #transparency
	} #Material

	IndexedFaceSet {
		coordIndex [ 
		 26, 1, 5, 27,-1,
		 28, 4, 0, 29,-1,
		]
	} #IndexedFaceSet
	Material {
		ambientColor      0.2088 0.2088 0.0000  #ambientColor
		diffuseColor      0.8353 0.8353 0.0000  #diffuseColor
		transparency      0.0000                #transparency
	} #Material

	IndexedFaceSet {
		coordIndex [ 
		 25, 24, 23, 22,-1,
		]
	} #IndexedFaceSet
	Material {
		ambientColor      0.0696 0.0000 0.0000  #ambientColor
		diffuseColor      0.2784 0.0000 0.0000  #diffuseColor
		transparency      0.0000                #transparency
	} #Material

	IndexedFaceSet {
		coordIndex [ 
		 30, 1, 5, 31,-1,
		 32, 33, 34, 6,-1,
		 35, 36, 37, 38,-1,
		]
	} #IndexedFaceSet
	Material {
		ambientColor      0.2500 0.2500 0.2500  #ambientColor
		diffuseColor      1.0000 1.0000 1.0000  #diffuseColor
		transparency      0.0000                #transparency
	} #Material

	IndexedFaceSet {
		coordIndex [ 
		 32, 36, 35, 33,-1,
		]
	} #IndexedFaceSet
	Material {
		ambientColor      0.0696 0.0000 0.0000  #ambientColor
		diffuseColor      0.2784 0.0000 0.0000  #diffuseColor
		transparency      0.0000                #transparency
	} #Material

	IndexedFaceSet {
		coordIndex [ 
		 39, 5, 1, 40,-1,
		 6, 41, 33, 32,-1,
		 42, 43, 36, 35,-1,
		]
	} #IndexedFaceSet
	Material {
		ambientColor      0.2500 0.2500 0.2500  #ambientColor
		diffuseColor      1.0000 1.0000 1.0000  #diffuseColor
		transparency      0.0000                #transparency
	} #Material

	IndexedFaceSet {
		coordIndex [ 
		 33, 35, 36, 32,-1,
		]
	} #IndexedFaceSet
	Material {
		ambientColor      0.0696 0.0000 0.0000  #ambientColor
		diffuseColor      0.2784 0.0000 0.0000  #diffuseColor
		transparency      0.0000                #transparency
	} #Material

	IndexedFaceSet {
		coordIndex [ 
		 44, 45, 46, 2,-1,
		 44, 6, 47,-1,
		 48, 49, 47, 7,-1,
		]
	} #IndexedFaceSet
	Material {
		ambientColor      0.2500 0.2500 0.2500  #ambientColor
		diffuseColor      1.0000 1.0000 1.0000  #diffuseColor
		transparency      0.0000                #transparency
	} #Material

	IndexedFaceSet {
		coordIndex [ 
		 48, 45, 44, 49,-1,
		]
	} #IndexedFaceSet
	Material {
		ambientColor      0.0696 0.0000 0.0000  #ambientColor
		diffuseColor      0.2784 0.0000 0.0000  #diffuseColor
		transparency      0.0000                #transparency
	} #Material

	IndexedFaceSet {
		coordIndex [ 
		 2, 50, 45, 44,-1,
		 51, 6, 44,-1,
		 7, 51, 49, 48,-1,
		]
	} #IndexedFaceSet
	Material {
		ambientColor      0.2500 0.2500 0.2500  #ambientColor
		diffuseColor      1.0000 1.0000 1.0000  #diffuseColor
		transparency      0.0000                #transparency
	} #Material

	IndexedFaceSet {
		coordIndex [ 
		 49, 44, 45, 48,-1,
		]
	} #IndexedFaceSet
	Material {
		ambientColor      0.0696 0.0000 0.0000  #ambientColor
		diffuseColor      0.2784 0.0000 0.0000  #diffuseColor
		transparency      0.0000                #transparency
	} #Material

	IndexedFaceSet {
		coordIndex [ 
		 7, 6, 5, 4,-1,
		 4, 5, 6, 7,-1,
		]
	} #IndexedFaceSet
} #Polyhedron
Separator { #Polyhedron
	DEF COORD82 Coordinate3 {
		point [
		 -3.4100 1.0795 -11.9190,
		 -3.4100 1.3335 -11.9190,
		 -3.4100 1.3335 -12.1222,
		 -3.4100 1.0795 -12.1222,
		 -3.4862 1.0795 -11.9190,
		 -3.4862 1.3335 -11.9190,
		 -3.4862 1.3335 -12.1222,
		 -3.4862 1.0795 -12.1222,
		 -3.4100 1.0795 -11.9317,
		 -3.4227 1.0795 -12.1222,
		 -3.4227 1.0795 -11.9317,
		 -3.4862 1.0795 -11.9317,
		 -3.4100 1.0795 -11.9317,
		 -3.4735 1.0795 -11.9317,
		 -3.4735 1.0795 -12.1222,
		 -3.4100 1.0795 -11.9317,
		 -3.4100 1.0795 -11.9317,
		 -3.4862 1.0795 -11.9317,
		 -3.4862 1.2954 -11.9190,
		 -3.4100 1.2954 -11.9190,
		 -3.4100 1.2700 -11.9190,
		 -3.4862 1.2700 -11.9190,
		 -3.4100 1.2700 -11.9190,
		 -3.4862 1.2700 -11.9190,
		 -3.4862 1.2954 -11.9190,
		 -3.4100 1.2954 -11.9190,
		 -3.4100 1.2954 -11.9190,
		 -3.4862 1.2954 -11.9190,
		 -3.4862 1.2700 -11.9190,
		 -3.4100 1.2700 -11.9190,
		 -3.4100 1.3335 -11.9317,
		 -3.4862 1.3335 -11.9317,
		 -3.4735 1.3335 -12.1222,
		 -3.4735 1.3335 -11.9317,
		 -3.4862 1.3335 -11.9317,
		 -3.4227 1.3335 -11.9317,
		 -3.4227 1.3335 -12.1222,
		 -3.4100 1.3335 -12.1222,
		 -3.4100 1.3335 -11.9317,
		 -3.4862 1.3335 -11.9317,
		 -3.4100 1.3335 -11.9317,
		 -3.4862 1.3335 -11.9317,
		 -3.4100 1.3335 -11.9317,
		 -3.4100 1.3335 -12.1222,
		 -3.4227 1.3335 -12.1222,
		 -3.4227 1.0795 -12.1222,
		 -3.4100 1.0795 -12.1222,
		 -3.4862 1.3335 -12.1222,
		 -3.4735 1.0795 -12.1222,
		 -3.4735 1.3335 -12.1222,
		 -3.4100 1.0795 -12.1222,
		 -3.4862 1.3335 -12.1222
		]
	} #Coordinate3
	Material {
		ambientColor      0.0696 0.0000 0.0000  #ambientColor
		diffuseColor      0.2784 0.0000 0.0000  #diffuseColor
		transparency      0.0000                #transparency
	} #Material

	IndexedFaceSet {
		coordIndex [ 
		 0, 1, 2, 3,-1,
		 3, 2, 1, 0,-1,
		 8, 3, 9, 10,-1,
		 11, 4, 0, 12,-1,
		 7, 11, 13, 14,-1,
		]
	} #IndexedFaceSet
	Material {
		ambientColor      0.2500 0.2500 0.2500  #ambientColor
		diffuseColor      1.0000 1.0000 1.0000  #diffuseColor
		transparency      0.0000                #transparency
	} #Material

	IndexedFaceSet {
		coordIndex [ 
		 9, 14, 13, 10,-1,
		]
	} #IndexedFaceSet
	Material {
		ambientColor      0.0696 0.0000 0.0000  #ambientColor
		diffuseColor      0.2784 0.0000 0.0000  #diffuseColor
		transparency      0.0000                #transparency
	} #Material

	IndexedFaceSet {
		coordIndex [ 
		 10, 9, 3, 15,-1,
		 16, 0, 4, 17,-1,
		 14, 13, 17, 7,-1,
		]
	} #IndexedFaceSet
	Material {
		ambientColor      0.2500 0.2500 0.2500  #ambientColor
		diffuseColor      1.0000 1.0000 1.0000  #diffuseColor
		transparency      0.0000                #transparency
	} #Material

	IndexedFaceSet {
		coordIndex [ 
		 10, 13, 14, 9,-1,
		]
	} #IndexedFaceSet
	Material {
		ambientColor      0.0696 0.0000 0.0000  #ambientColor
		diffuseColor      0.2784 0.0000 0.0000  #diffuseColor
		transparency      0.0000                #transparency
	} #Material

	IndexedFaceSet {
		coordIndex [ 
		 18, 5, 1, 19,-1,
		 20, 0, 4, 21,-1,
		]
	} #IndexedFaceSet
	Material {
		ambientColor      0.2088 0.2088 0.0000  #ambientColor
		diffuseColor      0.8353 0.8353 0.0000  #diffuseColor
		transparency      0.0000                #transparency
	} #Material

	IndexedFaceSet {
		coordIndex [ 
		 22, 23, 24, 25,-1,
		]
	} #IndexedFaceSet
	Material {
		ambientColor      0.0696 0.0000 0.0000  #ambientColor
		diffuseColor      0.2784 0.0000 0.0000  #diffuseColor
		transparency      0.0000                #transparency
	} #Material

	IndexedFaceSet {
		coordIndex [ 
		 26, 1, 5, 27,-1,
		 28, 4, 0, 29,-1,
		]
	} #IndexedFaceSet
	Material {
		ambientColor      0.2088 0.2088 0.0000  #ambientColor
		diffuseColor      0.8353 0.8353 0.0000  #diffuseColor
		transparency      0.0000                #transparency
	} #Material

	IndexedFaceSet {
		coordIndex [ 
		 25, 24, 23, 22,-1,
		]
	} #IndexedFaceSet
	Material {
		ambientColor      0.0696 0.0000 0.0000  #ambientColor
		diffuseColor      0.2784 0.0000 0.0000  #diffuseColor
		transparency      0.0000                #transparency
	} #Material

	IndexedFaceSet {
		coordIndex [ 
		 30, 1, 5, 31,-1,
		 32, 33, 34, 6,-1,
		 35, 36, 37, 38,-1,
		]
	} #IndexedFaceSet
	Material {
		ambientColor      0.2500 0.2500 0.2500  #ambientColor
		diffuseColor      1.0000 1.0000 1.0000  #diffuseColor
		transparency      0.0000                #transparency
	} #Material

	IndexedFaceSet {
		coordIndex [ 
		 32, 36, 35, 33,-1,
		]
	} #IndexedFaceSet
	Material {
		ambientColor      0.0696 0.0000 0.0000  #ambientColor
		diffuseColor      0.2784 0.0000 0.0000  #diffuseColor
		transparency      0.0000                #transparency
	} #Material

	IndexedFaceSet {
		coordIndex [ 
		 39, 5, 1, 40,-1,
		 6, 41, 33, 32,-1,
		 42, 43, 36, 35,-1,
		]
	} #IndexedFaceSet
	Material {
		ambientColor      0.2500 0.2500 0.2500  #ambientColor
		diffuseColor      1.0000 1.0000 1.0000  #diffuseColor
		transparency      0.0000                #transparency
	} #Material

	IndexedFaceSet {
		coordIndex [ 
		 33, 35, 36, 32,-1,
		]
	} #IndexedFaceSet
	Material {
		ambientColor      0.0696 0.0000 0.0000  #ambientColor
		diffuseColor      0.2784 0.0000 0.0000  #diffuseColor
		transparency      0.0000                #transparency
	} #Material

	IndexedFaceSet {
		coordIndex [ 
		 44, 45, 46, 2,-1,
		 44, 6, 47,-1,
		 48, 49, 47, 7,-1,
		]
	} #IndexedFaceSet
	Material {
		ambientColor      0.2500 0.2500 0.2500  #ambientColor
		diffuseColor      1.0000 1.0000 1.0000  #diffuseColor
		transparency      0.0000                #transparency
	} #Material

	IndexedFaceSet {
		coordIndex [ 
		 48, 45, 44, 49,-1,
		]
	} #IndexedFaceSet
	Material {
		ambientColor      0.0696 0.0000 0.0000  #ambientColor
		diffuseColor      0.2784 0.0000 0.0000  #diffuseColor
		transparency      0.0000                #transparency
	} #Material

	IndexedFaceSet {
		coordIndex [ 
		 2, 50, 45, 44,-1,
		 51, 6, 44,-1,
		 7, 51, 49, 48,-1,
		]
	} #IndexedFaceSet
	Material {
		ambientColor      0.2500 0.2500 0.2500  #ambientColor
		diffuseColor      1.0000 1.0000 1.0000  #diffuseColor
		transparency      0.0000                #transparency
	} #Material

	IndexedFaceSet {
		coordIndex [ 
		 49, 44, 45, 48,-1,
		]
	} #IndexedFaceSet
	Material {
		ambientColor      0.0696 0.0000 0.0000  #ambientColor
		diffuseColor      0.2784 0.0000 0.0000  #diffuseColor
		transparency      0.0000                #transparency
	} #Material

	IndexedFaceSet {
		coordIndex [ 
		 7, 6, 5, 4,-1,
		 4, 5, 6, 7,-1,
		]
	} #IndexedFaceSet
} #Polyhedron
Separator { #Polyhedron
	DEF COORD83 Coordinate3 {
		point [
		 -3.1814 1.0795 -11.9190,
		 -3.1814 1.3335 -11.9190,
		 -3.1814 1.3335 -12.1222,
		 -3.1814 1.0795 -12.1222,
		 -3.2576 1.0795 -11.9190,
		 -3.2576 1.3335 -11.9190,
		 -3.2576 1.3335 -12.1222,
		 -3.2576 1.0795 -12.1222,
		 -3.1814 1.0795 -11.9317,
		 -3.1941 1.0795 -12.1222,
		 -3.1941 1.0795 -11.9317,
		 -3.2576 1.0795 -11.9317,
		 -3.1814 1.0795 -11.9317,
		 -3.2449 1.0795 -11.9317,
		 -3.2449 1.0795 -12.1222,
		 -3.1814 1.0795 -11.9317,
		 -3.1814 1.0795 -11.9317,
		 -3.2576 1.0795 -11.9317,
		 -3.2576 1.2954 -11.9190,
		 -3.1814 1.2954 -11.9190,
		 -3.1814 1.2700 -11.9190,
		 -3.2576 1.2700 -11.9190,
		 -3.1814 1.2700 -11.9190,
		 -3.2576 1.2700 -11.9190,
		 -3.2576 1.2954 -11.9190,
		 -3.1814 1.2954 -11.9190,
		 -3.1814 1.2954 -11.9190,
		 -3.2576 1.2954 -11.9190,
		 -3.2576 1.2700 -11.9190,
		 -3.1814 1.2700 -11.9190,
		 -3.1814 1.3335 -11.9317,
		 -3.2576 1.3335 -11.9317,
		 -3.2449 1.3335 -12.1222,
		 -3.2449 1.3335 -11.9317,
		 -3.2576 1.3335 -11.9317,
		 -3.1941 1.3335 -11.9317,
		 -3.1941 1.3335 -12.1222,
		 -3.1814 1.3335 -12.1222,
		 -3.1814 1.3335 -11.9317,
		 -3.2576 1.3335 -11.9317,
		 -3.1814 1.3335 -11.9317,
		 -3.2576 1.3335 -11.9317,
		 -3.1814 1.3335 -11.9317,
		 -3.1814 1.3335 -12.1222,
		 -3.1941 1.3335 -12.1222,
		 -3.1941 1.0795 -12.1222,
		 -3.1814 1.0795 -12.1222,
		 -3.2576 1.3335 -12.1222,
		 -3.2449 1.0795 -12.1222,
		 -3.2449 1.3335 -12.1222,
		 -3.1814 1.0795 -12.1222,
		 -3.2576 1.3335 -12.1222
		]
	} #Coordinate3
	Material {
		ambientColor      0.0696 0.0000 0.0000  #ambientColor
		diffuseColor      0.2784 0.0000 0.0000  #diffuseColor
		transparency      0.0000                #transparency
	} #Material

	IndexedFaceSet {
		coordIndex [ 
		 0, 1, 2, 3,-1,
		 3, 2, 1, 0,-1,
		 8, 3, 9, 10,-1,
		 11, 4, 0, 12,-1,
		 7, 11, 13, 14,-1,
		]
	} #IndexedFaceSet
	Material {
		ambientColor      0.2500 0.2500 0.2500  #ambientColor
		diffuseColor      1.0000 1.0000 1.0000  #diffuseColor
		transparency      0.0000                #transparency
	} #Material

	IndexedFaceSet {
		coordIndex [ 
		 9, 14, 13, 10,-1,
		]
	} #IndexedFaceSet
	Material {
		ambientColor      0.0696 0.0000 0.0000  #ambientColor
		diffuseColor      0.2784 0.0000 0.0000  #diffuseColor
		transparency      0.0000                #transparency
	} #Material

	IndexedFaceSet {
		coordIndex [ 
		 10, 9, 3, 15,-1,
		 16, 0, 4, 17,-1,
		 14, 13, 17, 7,-1,
		]
	} #IndexedFaceSet
	Material {
		ambientColor      0.2500 0.2500 0.2500  #ambientColor
		diffuseColor      1.0000 1.0000 1.0000  #diffuseColor
		transparency      0.0000                #transparency
	} #Material

	IndexedFaceSet {
		coordIndex [ 
		 10, 13, 14, 9,-1,
		]
	} #IndexedFaceSet
	Material {
		ambientColor      0.0696 0.0000 0.0000  #ambientColor
		diffuseColor      0.2784 0.0000 0.0000  #diffuseColor
		transparency      0.0000                #transparency
	} #Material

	IndexedFaceSet {
		coordIndex [ 
		 18, 5, 1, 19,-1,
		 20, 0, 4, 21,-1,
		]
	} #IndexedFaceSet
	Material {
		ambientColor      0.2088 0.2088 0.0000  #ambientColor
		diffuseColor      0.8353 0.8353 0.0000  #diffuseColor
		transparency      0.0000                #transparency
	} #Material

	IndexedFaceSet {
		coordIndex [ 
		 22, 23, 24, 25,-1,
		]
	} #IndexedFaceSet
	Material {
		ambientColor      0.0696 0.0000 0.0000  #ambientColor
		diffuseColor      0.2784 0.0000 0.0000  #diffuseColor
		transparency      0.0000                #transparency
	} #Material

	IndexedFaceSet {
		coordIndex [ 
		 26, 1, 5, 27,-1,
		 28, 4, 0, 29,-1,
		]
	} #IndexedFaceSet
	Material {
		ambientColor      0.2088 0.2088 0.0000  #ambientColor
		diffuseColor      0.8353 0.8353 0.0000  #diffuseColor
		transparency      0.0000                #transparency
	} #Material

	IndexedFaceSet {
		coordIndex [ 
		 25, 24, 23, 22,-1,
		]
	} #IndexedFaceSet
	Material {
		ambientColor      0.0696 0.0000 0.0000  #ambientColor
		diffuseColor      0.2784 0.0000 0.0000  #diffuseColor
		transparency      0.0000                #transparency
	} #Material

	IndexedFaceSet {
		coordIndex [ 
		 30, 1, 5, 31,-1,
		 32, 33, 34, 6,-1,
		 35, 36, 37, 38,-1,
		]
	} #IndexedFaceSet
	Material {
		ambientColor      0.2500 0.2500 0.2500  #ambientColor
		diffuseColor      1.0000 1.0000 1.0000  #diffuseColor
		transparency      0.0000                #transparency
	} #Material

	IndexedFaceSet {
		coordIndex [ 
		 32, 36, 35, 33,-1,
		]
	} #IndexedFaceSet
	Material {
		ambientColor      0.0696 0.0000 0.0000  #ambientColor
		diffuseColor      0.2784 0.0000 0.0000  #diffuseColor
		transparency      0.0000                #transparency
	} #Material

	IndexedFaceSet {
		coordIndex [ 
		 39, 5, 1, 40,-1,
		 6, 41, 33, 32,-1,
		 42, 43, 36, 35,-1,
		]
	} #IndexedFaceSet
	Material {
		ambientColor      0.2500 0.2500 0.2500  #ambientColor
		diffuseColor      1.0000 1.0000 1.0000  #diffuseColor
		transparency      0.0000                #transparency
	} #Material

	IndexedFaceSet {
		coordIndex [ 
		 33, 35, 36, 32,-1,
		]
	} #IndexedFaceSet
	Material {
		ambientColor      0.0696 0.0000 0.0000  #ambientColor
		diffuseColor      0.2784 0.0000 0.0000  #diffuseColor
		transparency      0.0000                #transparency
	} #Material

	IndexedFaceSet {
		coordIndex [ 
		 44, 45, 46, 2,-1,
		 44, 6, 47,-1,
		 48, 49, 47, 7,-1,
		]
	} #IndexedFaceSet
	Material {
		ambientColor      0.2500 0.2500 0.2500  #ambientColor
		diffuseColor      1.0000 1.0000 1.0000  #diffuseColor
		transparency      0.0000                #transparency
	} #Material

	IndexedFaceSet {
		coordIndex [ 
		 48, 45, 44, 49,-1,
		]
	} #IndexedFaceSet
	Material {
		ambientColor      0.0696 0.0000 0.0000  #ambientColor
		diffuseColor      0.2784 0.0000 0.0000  #diffuseColor
		transparency      0.0000                #transparency
	} #Material

	IndexedFaceSet {
		coordIndex [ 
		 2, 50, 45, 44,-1,
		 51, 6, 44,-1,
		 7, 51, 49, 48,-1,
		]
	} #IndexedFaceSet
	Material {
		ambientColor      0.2500 0.2500 0.2500  #ambientColor
		diffuseColor      1.0000 1.0000 1.0000  #diffuseColor
		transparency      0.0000                #transparency
	} #Material

	IndexedFaceSet {
		coordIndex [ 
		 49, 44, 45, 48,-1,
		]
	} #IndexedFaceSet
	Material {
		ambientColor      0.0696 0.0000 0.0000  #ambientColor
		diffuseColor      0.2784 0.0000 0.0000  #diffuseColor
		transparency      0.0000                #transparency
	} #Material

	IndexedFaceSet {
		coordIndex [ 
		 7, 6, 5, 4,-1,
		 4, 5, 6, 7,-1,
		]
	} #IndexedFaceSet
} #Polyhedron
Separator { #Polyhedron
	DEF COORD84 Coordinate3 {
		point [
		 -3.2576 1.0795 -11.9190,
		 -3.2576 1.3335 -11.9190,
		 -3.2576 1.3335 -12.1222,
		 -3.2576 1.0795 -12.1222,
		 -3.3338 1.0795 -11.9190,
		 -3.3338 1.3335 -11.9190,
		 -3.3338 1.3335 -12.1222,
		 -3.3338 1.0795 -12.1222,
		 -3.2576 1.0795 -11.9317,
		 -3.2703 1.0795 -12.1222,
		 -3.2703 1.0795 -11.9317,
		 -3.3338 1.0795 -11.9317,
		 -3.2576 1.0795 -11.9317,
		 -3.3211 1.0795 -11.9317,
		 -3.3211 1.0795 -12.1222,
		 -3.2576 1.0795 -11.9317,
		 -3.2576 1.0795 -11.9317,
		 -3.3338 1.0795 -11.9317,
		 -3.3338 1.2954 -11.9190,
		 -3.2576 1.2954 -11.9190,
		 -3.2576 1.2700 -11.9190,
		 -3.3338 1.2700 -11.9190,
		 -3.2576 1.2700 -11.9190,
		 -3.3338 1.2700 -11.9190,
		 -3.3338 1.2954 -11.9190,
		 -3.2576 1.2954 -11.9190,
		 -3.2576 1.2954 -11.9190,
		 -3.3338 1.2954 -11.9190,
		 -3.3338 1.2700 -11.9190,
		 -3.2576 1.2700 -11.9190,
		 -3.2576 1.3335 -11.9317,
		 -3.3338 1.3335 -11.9317,
		 -3.3211 1.3335 -12.1222,
		 -3.3211 1.3335 -11.9317,
		 -3.3338 1.3335 -11.9317,
		 -3.2703 1.3335 -11.9317,
		 -3.2703 1.3335 -12.1222,
		 -3.2576 1.3335 -12.1222,
		 -3.2576 1.3335 -11.9317,
		 -3.3338 1.3335 -11.9317,
		 -3.2576 1.3335 -11.9317,
		 -3.3338 1.3335 -11.9317,
		 -3.2576 1.3335 -11.9317,
		 -3.2576 1.3335 -12.1222,
		 -3.2703 1.3335 -12.1222,
		 -3.2703 1.0795 -12.1222,
		 -3.2576 1.0795 -12.1222,
		 -3.3338 1.3335 -12.1222,
		 -3.3211 1.0795 -12.1222,
		 -3.3211 1.3335 -12.1222,
		 -3.2576 1.0795 -12.1222,
		 -3.3338 1.3335 -12.1222
		]
	} #Coordinate3
	Material {
		ambientColor      0.0696 0.0000 0.0000  #ambientColor
		diffuseColor      0.2784 0.0000 0.0000  #diffuseColor
		transparency      0.0000                #transparency
	} #Material

	IndexedFaceSet {
		coordIndex [ 
		 0, 1, 2, 3,-1,
		 3, 2, 1, 0,-1,
		 8, 3, 9, 10,-1,
		 11, 4, 0, 12,-1,
		 7, 11, 13, 14,-1,
		]
	} #IndexedFaceSet
	Material {
		ambientColor      0.2500 0.2500 0.2500  #ambientColor
		diffuseColor      1.0000 1.0000 1.0000  #diffuseColor
		transparency      0.0000                #transparency
	} #Material

	IndexedFaceSet {
		coordIndex [ 
		 9, 14, 13, 10,-1,
		]
	} #IndexedFaceSet
	Material {
		ambientColor      0.0696 0.0000 0.0000  #ambientColor
		diffuseColor      0.2784 0.0000 0.0000  #diffuseColor
		transparency      0.0000                #transparency
	} #Material

	IndexedFaceSet {
		coordIndex [ 
		 10, 9, 3, 15,-1,
		 16, 0, 4, 17,-1,
		 14, 13, 17, 7,-1,
		]
	} #IndexedFaceSet
	Material {
		ambientColor      0.2500 0.2500 0.2500  #ambientColor
		diffuseColor      1.0000 1.0000 1.0000  #diffuseColor
		transparency      0.0000                #transparency
	} #Material

	IndexedFaceSet {
		coordIndex [ 
		 10, 13, 14, 9,-1,
		]
	} #IndexedFaceSet
	Material {
		ambientColor      0.0696 0.0000 0.0000  #ambientColor
		diffuseColor      0.2784 0.0000 0.0000  #diffuseColor
		transparency      0.0000                #transparency
	} #Material

	IndexedFaceSet {
		coordIndex [ 
		 18, 5, 1, 19,-1,
		 20, 0, 4, 21,-1,
		]
	} #IndexedFaceSet
	Material {
		ambientColor      0.2088 0.2088 0.0000  #ambientColor
		diffuseColor      0.8353 0.8353 0.0000  #diffuseColor
		transparency      0.0000                #transparency
	} #Material

	IndexedFaceSet {
		coordIndex [ 
		 22, 23, 24, 25,-1,
		]
	} #IndexedFaceSet
	Material {
		ambientColor      0.0696 0.0000 0.0000  #ambientColor
		diffuseColor      0.2784 0.0000 0.0000  #diffuseColor
		transparency      0.0000                #transparency
	} #Material

	IndexedFaceSet {
		coordIndex [ 
		 26, 1, 5, 27,-1,
		 28, 4, 0, 29,-1,
		]
	} #IndexedFaceSet
	Material {
		ambientColor      0.2088 0.2088 0.0000  #ambientColor
		diffuseColor      0.8353 0.8353 0.0000  #diffuseColor
		transparency      0.0000                #transparency
	} #Material

	IndexedFaceSet {
		coordIndex [ 
		 25, 24, 23, 22,-1,
		]
	} #IndexedFaceSet
	Material {
		ambientColor      0.0696 0.0000 0.0000  #ambientColor
		diffuseColor      0.2784 0.0000 0.0000  #diffuseColor
		transparency      0.0000                #transparency
	} #Material

	IndexedFaceSet {
		coordIndex [ 
		 30, 1, 5, 31,-1,
		 32, 33, 34, 6,-1,
		 35, 36, 37, 38,-1,
		]
	} #IndexedFaceSet
	Material {
		ambientColor      0.2500 0.2500 0.2500  #ambientColor
		diffuseColor      1.0000 1.0000 1.0000  #diffuseColor
		transparency      0.0000                #transparency
	} #Material

	IndexedFaceSet {
		coordIndex [ 
		 32, 36, 35, 33,-1,
		]
	} #IndexedFaceSet
	Material {
		ambientColor      0.0696 0.0000 0.0000  #ambientColor
		diffuseColor      0.2784 0.0000 0.0000  #diffuseColor
		transparency      0.0000                #transparency
	} #Material

	IndexedFaceSet {
		coordIndex [ 
		 39, 5, 1, 40,-1,
		 6, 41, 33, 32,-1,
		 42, 43, 36, 35,-1,
		]
	} #IndexedFaceSet
	Material {
		ambientColor      0.2500 0.2500 0.2500  #ambientColor
		diffuseColor      1.0000 1.0000 1.0000  #diffuseColor
		transparency      0.0000                #transparency
	} #Material

	IndexedFaceSet {
		coordIndex [ 
		 33, 35, 36, 32,-1,
		]
	} #IndexedFaceSet
	Material {
		ambientColor      0.0696 0.0000 0.0000  #ambientColor
		diffuseColor      0.2784 0.0000 0.0000  #diffuseColor
		transparency      0.0000                #transparency
	} #Material

	IndexedFaceSet {
		coordIndex [ 
		 44, 45, 46, 2,-1,
		 44, 6, 47,-1,
		 48, 49, 47, 7,-1,
		]
	} #IndexedFaceSet
	Material {
		ambientColor      0.2500 0.2500 0.2500  #ambientColor
		diffuseColor      1.0000 1.0000 1.0000  #diffuseColor
		transparency      0.0000                #transparency
	} #Material

	IndexedFaceSet {
		coordIndex [ 
		 48, 45, 44, 49,-1,
		]
	} #IndexedFaceSet
	Material {
		ambientColor      0.0696 0.0000 0.0000  #ambientColor
		diffuseColor      0.2784 0.0000 0.0000  #diffuseColor
		transparency      0.0000                #transparency
	} #Material

	IndexedFaceSet {
		coordIndex [ 
		 2, 50, 45, 44,-1,
		 51, 6, 44,-1,
		 7, 51, 49, 48,-1,
		]
	} #IndexedFaceSet
	Material {
		ambientColor      0.2500 0.2500 0.2500  #ambientColor
		diffuseColor      1.0000 1.0000 1.0000  #diffuseColor
		transparency      0.0000                #transparency
	} #Material

	IndexedFaceSet {
		coordIndex [ 
		 49, 44, 45, 48,-1,
		]
	} #IndexedFaceSet
	Material {
		ambientColor      0.0696 0.0000 0.0000  #ambientColor
		diffuseColor      0.2784 0.0000 0.0000  #diffuseColor
		transparency      0.0000                #transparency
	} #Material

	IndexedFaceSet {
		coordIndex [ 
		 7, 6, 5, 4,-1,
		 4, 5, 6, 7,-1,
		]
	} #IndexedFaceSet
} #Polyhedron
Separator { #Polyhedron
	DEF COORD85 Coordinate3 {
		point [
		 -3.4862 1.0795 -11.9190,
		 -3.4862 1.3335 -11.9190,
		 -3.4862 1.3335 -12.1222,
		 -3.4862 1.0795 -12.1222,
		 -3.5624 1.0795 -11.9190,
		 -3.5624 1.3335 -11.9190,
		 -3.5624 1.3335 -12.1222,
		 -3.5624 1.0795 -12.1222,
		 -3.4862 1.0795 -11.9317,
		 -3.4989 1.0795 -12.1222,
		 -3.4989 1.0795 -11.9317,
		 -3.5624 1.0795 -11.9317,
		 -3.4862 1.0795 -11.9317,
		 -3.5496 1.0795 -11.9317,
		 -3.5496 1.0795 -12.1222,
		 -3.4862 1.0795 -11.9317,
		 -3.4862 1.0795 -11.9317,
		 -3.5624 1.0795 -11.9317,
		 -3.5624 1.2954 -11.9190,
		 -3.4862 1.2954 -11.9190,
		 -3.4862 1.2700 -11.9190,
		 -3.5624 1.2700 -11.9190,
		 -3.4862 1.2700 -11.9190,
		 -3.5623 1.2700 -11.9190,
		 -3.5623 1.2954 -11.9190,
		 -3.4862 1.2954 -11.9190,
		 -3.4862 1.2954 -11.9190,
		 -3.5624 1.2954 -11.9190,
		 -3.5624 1.2700 -11.9190,
		 -3.4862 1.2700 -11.9190,
		 -3.4862 1.3335 -11.9317,
		 -3.5624 1.3335 -11.9317,
		 -3.5496 1.3335 -12.1222,
		 -3.5496 1.3335 -11.9317,
		 -3.5624 1.3335 -11.9317,
		 -3.4989 1.3335 -11.9317,
		 -3.4989 1.3335 -12.1222,
		 -3.4862 1.3335 -12.1222,
		 -3.4862 1.3335 -11.9317,
		 -3.5624 1.3335 -11.9317,
		 -3.4862 1.3335 -11.9317,
		 -3.5624 1.3335 -11.9317,
		 -3.4862 1.3335 -11.9317,
		 -3.4862 1.3335 -12.1222,
		 -3.4989 1.3335 -12.1222,
		 -3.4989 1.0795 -12.1222,
		 -3.4862 1.0795 -12.1222,
		 -3.5624 1.3335 -12.1222,
		 -3.5496 1.0795 -12.1222,
		 -3.5496 1.3335 -12.1222,
		 -3.4862 1.0795 -12.1222,
		 -3.5624 1.3335 -12.1222
		]
	} #Coordinate3
	Material {
		ambientColor      0.0696 0.0000 0.0000  #ambientColor
		diffuseColor      0.2784 0.0000 0.0000  #diffuseColor
		transparency      0.0000                #transparency
	} #Material

	IndexedFaceSet {
		coordIndex [ 
		 0, 1, 2, 3,-1,
		 3, 2, 1, 0,-1,
		 8, 3, 9, 10,-1,
		 11, 4, 0, 12,-1,
		 7, 11, 13, 14,-1,
		]
	} #IndexedFaceSet
	Material {
		ambientColor      0.2500 0.2500 0.2500  #ambientColor
		diffuseColor      1.0000 1.0000 1.0000  #diffuseColor
		transparency      0.0000                #transparency
	} #Material

	IndexedFaceSet {
		coordIndex [ 
		 9, 14, 13, 10,-1,
		]
	} #IndexedFaceSet
	Material {
		ambientColor      0.0696 0.0000 0.0000  #ambientColor
		diffuseColor      0.2784 0.0000 0.0000  #diffuseColor
		transparency      0.0000                #transparency
	} #Material

	IndexedFaceSet {
		coordIndex [ 
		 10, 9, 3, 15,-1,
		 16, 0, 4, 17,-1,
		 14, 13, 17, 7,-1,
		]
	} #IndexedFaceSet
	Material {
		ambientColor      0.2500 0.2500 0.2500  #ambientColor
		diffuseColor      1.0000 1.0000 1.0000  #diffuseColor
		transparency      0.0000                #transparency
	} #Material

	IndexedFaceSet {
		coordIndex [ 
		 10, 13, 14, 9,-1,
		]
	} #IndexedFaceSet
	Material {
		ambientColor      0.0696 0.0000 0.0000  #ambientColor
		diffuseColor      0.2784 0.0000 0.0000  #diffuseColor
		transparency      0.0000                #transparency
	} #Material

	IndexedFaceSet {
		coordIndex [ 
		 18, 5, 1, 19,-1,
		 20, 0, 4, 21,-1,
		]
	} #IndexedFaceSet
	Material {
		ambientColor      0.2088 0.2088 0.0000  #ambientColor
		diffuseColor      0.8353 0.8353 0.0000  #diffuseColor
		transparency      0.0000                #transparency
	} #Material

	IndexedFaceSet {
		coordIndex [ 
		 22, 23, 24, 25,-1,
		]
	} #IndexedFaceSet
	Material {
		ambientColor      0.0696 0.0000 0.0000  #ambientColor
		diffuseColor      0.2784 0.0000 0.0000  #diffuseColor
		transparency      0.0000                #transparency
	} #Material

	IndexedFaceSet {
		coordIndex [ 
		 26, 1, 5, 27,-1,
		 28, 4, 0, 29,-1,
		]
	} #IndexedFaceSet
	Material {
		ambientColor      0.2088 0.2088 0.0000  #ambientColor
		diffuseColor      0.8353 0.8353 0.0000  #diffuseColor
		transparency      0.0000                #transparency
	} #Material

	IndexedFaceSet {
		coordIndex [ 
		 25, 24, 23, 22,-1,
		]
	} #IndexedFaceSet
	Material {
		ambientColor      0.0696 0.0000 0.0000  #ambientColor
		diffuseColor      0.2784 0.0000 0.0000  #diffuseColor
		transparency      0.0000                #transparency
	} #Material

	IndexedFaceSet {
		coordIndex [ 
		 30, 1, 5, 31,-1,
		 32, 33, 34, 6,-1,
		 35, 36, 37, 38,-1,
		]
	} #IndexedFaceSet
	Material {
		ambientColor      0.2500 0.2500 0.2500  #ambientColor
		diffuseColor      1.0000 1.0000 1.0000  #diffuseColor
		transparency      0.0000                #transparency
	} #Material

	IndexedFaceSet {
		coordIndex [ 
		 32, 36, 35, 33,-1,
		]
	} #IndexedFaceSet
	Material {
		ambientColor      0.0696 0.0000 0.0000  #ambientColor
		diffuseColor      0.2784 0.0000 0.0000  #diffuseColor
		transparency      0.0000                #transparency
	} #Material

	IndexedFaceSet {
		coordIndex [ 
		 39, 5, 1, 40,-1,
		 6, 41, 33, 32,-1,
		 42, 43, 36, 35,-1,
		]
	} #IndexedFaceSet
	Material {
		ambientColor      0.2500 0.2500 0.2500  #ambientColor
		diffuseColor      1.0000 1.0000 1.0000  #diffuseColor
		transparency      0.0000                #transparency
	} #Material

	IndexedFaceSet {
		coordIndex [ 
		 33, 35, 36, 32,-1,
		]
	} #IndexedFaceSet
	Material {
		ambientColor      0.0696 0.0000 0.0000  #ambientColor
		diffuseColor      0.2784 0.0000 0.0000  #diffuseColor
		transparency      0.0000                #transparency
	} #Material

	IndexedFaceSet {
		coordIndex [ 
		 44, 45, 46, 2,-1,
		 44, 6, 47,-1,
		 48, 49, 47, 7,-1,
		]
	} #IndexedFaceSet
	Material {
		ambientColor      0.2500 0.2500 0.2500  #ambientColor
		diffuseColor      1.0000 1.0000 1.0000  #diffuseColor
		transparency      0.0000                #transparency
	} #Material

	IndexedFaceSet {
		coordIndex [ 
		 48, 45, 44, 49,-1,
		]
	} #IndexedFaceSet
	Material {
		ambientColor      0.0696 0.0000 0.0000  #ambientColor
		diffuseColor      0.2784 0.0000 0.0000  #diffuseColor
		transparency      0.0000                #transparency
	} #Material

	IndexedFaceSet {
		coordIndex [ 
		 2, 50, 45, 44,-1,
		 51, 6, 44,-1,
		 7, 51, 49, 48,-1,
		]
	} #IndexedFaceSet
	Material {
		ambientColor      0.2500 0.2500 0.2500  #ambientColor
		diffuseColor      1.0000 1.0000 1.0000  #diffuseColor
		transparency      0.0000                #transparency
	} #Material

	IndexedFaceSet {
		coordIndex [ 
		 49, 44, 45, 48,-1,
		]
	} #IndexedFaceSet
	Material {
		ambientColor      0.0696 0.0000 0.0000  #ambientColor
		diffuseColor      0.2784 0.0000 0.0000  #diffuseColor
		transparency      0.0000                #transparency
	} #Material

	IndexedFaceSet {
		coordIndex [ 
		 7, 6, 5, 4,-1,
		 4, 5, 6, 7,-1,
		]
	} #IndexedFaceSet
} #Polyhedron
Separator { #Polyhedron
	DEF COORD86 Coordinate3 {
		point [
		 -3.5623 1.0795 -11.9190,
		 -3.5623 1.3335 -11.9190,
		 -3.5623 1.3335 -12.1222,
		 -3.5623 1.0795 -12.1222,
		 -3.6385 1.0795 -11.9190,
		 -3.6385 1.3335 -11.9190,
		 -3.6385 1.3335 -12.1222,
		 -3.6385 1.0795 -12.1222,
		 -3.5623 1.0795 -11.9317,
		 -3.5750 1.0795 -12.1222,
		 -3.5750 1.0795 -11.9317,
		 -3.6385 1.0795 -11.9317,
		 -3.5623 1.0795 -11.9317,
		 -3.6258 1.0795 -11.9317,
		 -3.6258 1.0795 -12.1222,
		 -3.5623 1.0795 -11.9317,
		 -3.5623 1.0795 -11.9317,
		 -3.6385 1.0795 -11.9317,
		 -3.6385 1.2954 -11.9190,
		 -3.5623 1.2954 -11.9190,
		 -3.5623 1.2700 -11.9190,
		 -3.6385 1.2700 -11.9190,
		 -3.5623 1.2700 -11.9190,
		 -3.6385 1.2700 -11.9190,
		 -3.6385 1.2954 -11.9190,
		 -3.5623 1.2954 -11.9190,
		 -3.5623 1.2954 -11.9190,
		 -3.6385 1.2954 -11.9190,
		 -3.6385 1.2700 -11.9190,
		 -3.5623 1.2700 -11.9190,
		 -3.5623 1.3335 -11.9317,
		 -3.6385 1.3335 -11.9317,
		 -3.6258 1.3335 -12.1222,
		 -3.6258 1.3335 -11.9317,
		 -3.6385 1.3335 -11.9317,
		 -3.5750 1.3335 -11.9317,
		 -3.5750 1.3335 -12.1222,
		 -3.5623 1.3335 -12.1222,
		 -3.5623 1.3335 -11.9317,
		 -3.6385 1.3335 -11.9317,
		 -3.5623 1.3335 -11.9317,
		 -3.6385 1.3335 -11.9317,
		 -3.5623 1.3335 -11.9317,
		 -3.5623 1.3335 -12.1222,
		 -3.5750 1.3335 -12.1222,
		 -3.5750 1.0795 -12.1222,
		 -3.5623 1.0795 -12.1222,
		 -3.6385 1.3335 -12.1222,
		 -3.6258 1.0795 -12.1222,
		 -3.6258 1.3335 -12.1222,
		 -3.5623 1.0795 -12.1222,
		 -3.6385 1.3335 -12.1222
		]
	} #Coordinate3
	Material {
		ambientColor      0.0696 0.0000 0.0000  #ambientColor
		diffuseColor      0.2784 0.0000 0.0000  #diffuseColor
		transparency      0.0000                #transparency
	} #Material

	IndexedFaceSet {
		coordIndex [ 
		 0, 1, 2, 3,-1,
		 3, 2, 1, 0,-1,
		 8, 3, 9, 10,-1,
		 11, 4, 0, 12,-1,
		 7, 11, 13, 14,-1,
		]
	} #IndexedFaceSet
	Material {
		ambientColor      0.2500 0.2500 0.2500  #ambientColor
		diffuseColor      1.0000 1.0000 1.0000  #diffuseColor
		transparency      0.0000                #transparency
	} #Material

	IndexedFaceSet {
		coordIndex [ 
		 9, 14, 13, 10,-1,
		]
	} #IndexedFaceSet
	Material {
		ambientColor      0.0696 0.0000 0.0000  #ambientColor
		diffuseColor      0.2784 0.0000 0.0000  #diffuseColor
		transparency      0.0000                #transparency
	} #Material

	IndexedFaceSet {
		coordIndex [ 
		 10, 9, 3, 15,-1,
		 16, 0, 4, 17,-1,
		 14, 13, 17, 7,-1,
		]
	} #IndexedFaceSet
	Material {
		ambientColor      0.2500 0.2500 0.2500  #ambientColor
		diffuseColor      1.0000 1.0000 1.0000  #diffuseColor
		transparency      0.0000                #transparency
	} #Material

	IndexedFaceSet {
		coordIndex [ 
		 10, 13, 14, 9,-1,
		]
	} #IndexedFaceSet
	Material {
		ambientColor      0.0696 0.0000 0.0000  #ambientColor
		diffuseColor      0.2784 0.0000 0.0000  #diffuseColor
		transparency      0.0000                #transparency
	} #Material

	IndexedFaceSet {
		coordIndex [ 
		 18, 5, 1, 19,-1,
		 20, 0, 4, 21,-1,
		]
	} #IndexedFaceSet
	Material {
		ambientColor      0.2088 0.2088 0.0000  #ambientColor
		diffuseColor      0.8353 0.8353 0.0000  #diffuseColor
		transparency      0.0000                #transparency
	} #Material

	IndexedFaceSet {
		coordIndex [ 
		 22, 23, 24, 25,-1,
		]
	} #IndexedFaceSet
	Material {
		ambientColor      0.0696 0.0000 0.0000  #ambientColor
		diffuseColor      0.2784 0.0000 0.0000  #diffuseColor
		transparency      0.0000                #transparency
	} #Material

	IndexedFaceSet {
		coordIndex [ 
		 26, 1, 5, 27,-1,
		 28, 4, 0, 29,-1,
		]
	} #IndexedFaceSet
	Material {
		ambientColor      0.2088 0.2088 0.0000  #ambientColor
		diffuseColor      0.8353 0.8353 0.0000  #diffuseColor
		transparency      0.0000                #transparency
	} #Material

	IndexedFaceSet {
		coordIndex [ 
		 25, 24, 23, 22,-1,
		]
	} #IndexedFaceSet
	Material {
		ambientColor      0.0696 0.0000 0.0000  #ambientColor
		diffuseColor      0.2784 0.0000 0.0000  #diffuseColor
		transparency      0.0000                #transparency
	} #Material

	IndexedFaceSet {
		coordIndex [ 
		 30, 1, 5, 31,-1,
		 32, 33, 34, 6,-1,
		 35, 36, 37, 38,-1,
		]
	} #IndexedFaceSet
	Material {
		ambientColor      0.2500 0.2500 0.2500  #ambientColor
		diffuseColor      1.0000 1.0000 1.0000  #diffuseColor
		transparency      0.0000                #transparency
	} #Material

	IndexedFaceSet {
		coordIndex [ 
		 32, 36, 35, 33,-1,
		]
	} #IndexedFaceSet
	Material {
		ambientColor      0.0696 0.0000 0.0000  #ambientColor
		diffuseColor      0.2784 0.0000 0.0000  #diffuseColor
		transparency      0.0000                #transparency
	} #Material

	IndexedFaceSet {
		coordIndex [ 
		 39, 5, 1, 40,-1,
		 6, 41, 33, 32,-1,
		 42, 43, 36, 35,-1,
		]
	} #IndexedFaceSet
	Material {
		ambientColor      0.2500 0.2500 0.2500  #ambientColor
		diffuseColor      1.0000 1.0000 1.0000  #diffuseColor
		transparency      0.0000                #transparency
	} #Material

	IndexedFaceSet {
		coordIndex [ 
		 33, 35, 36, 32,-1,
		]
	} #IndexedFaceSet
	Material {
		ambientColor      0.0696 0.0000 0.0000  #ambientColor
		diffuseColor      0.2784 0.0000 0.0000  #diffuseColor
		transparency      0.0000                #transparency
	} #Material

	IndexedFaceSet {
		coordIndex [ 
		 44, 45, 46, 2,-1,
		 44, 6, 47,-1,
		 48, 49, 47, 7,-1,
		]
	} #IndexedFaceSet
	Material {
		ambientColor      0.2500 0.2500 0.2500  #ambientColor
		diffuseColor      1.0000 1.0000 1.0000  #diffuseColor
		transparency      0.0000                #transparency
	} #Material

	IndexedFaceSet {
		coordIndex [ 
		 48, 45, 44, 49,-1,
		]
	} #IndexedFaceSet
	Material {
		ambientColor      0.0696 0.0000 0.0000  #ambientColor
		diffuseColor      0.2784 0.0000 0.0000  #diffuseColor
		transparency      0.0000                #transparency
	} #Material

	IndexedFaceSet {
		coordIndex [ 
		 2, 50, 45, 44,-1,
		 51, 6, 44,-1,
		 7, 51, 49, 48,-1,
		]
	} #IndexedFaceSet
	Material {
		ambientColor      0.2500 0.2500 0.2500  #ambientColor
		diffuseColor      1.0000 1.0000 1.0000  #diffuseColor
		transparency      0.0000                #transparency
	} #Material

	IndexedFaceSet {
		coordIndex [ 
		 49, 44, 45, 48,-1,
		]
	} #IndexedFaceSet
	Material {
		ambientColor      0.0696 0.0000 0.0000  #ambientColor
		diffuseColor      0.2784 0.0000 0.0000  #diffuseColor
		transparency      0.0000                #transparency
	} #Material

	IndexedFaceSet {
		coordIndex [ 
		 7, 6, 5, 4,-1,
		 4, 5, 6, 7,-1,
		]
	} #IndexedFaceSet
} #Polyhedron
Separator { #Polyhedron
	DEF COORD87 Coordinate3 {
		point [
		 -3.1814 1.0795 -12.0872,
		 -3.1814 1.2827 -12.0872,
		 -3.1814 1.2827 -11.9602,
		 -3.1814 1.0795 -11.9602,
		 -3.1560 1.0795 -12.0872,
		 -3.1560 1.2827 -12.0872,
		 -3.1560 1.2827 -11.9602,
		 -3.1560 1.0795 -11.9602
		]
	} #Coordinate3
	Material {
		ambientColor      0.0000 0.0000 0.0000  #ambientColor
		diffuseColor      0.0000 0.0000 0.0000  #diffuseColor
		transparency      0.0000                #transparency
	} #Material

	IndexedFaceSet {
		coordIndex [ 
		 0, 1, 2, 3,-1,
		 3, 2, 1, 0,-1,
		 0, 3, 7, 4,-1,
		 4, 7, 3, 0,-1,
		 1, 0, 4, 5,-1,
		 5, 4, 0, 1,-1,
		 2, 1, 5, 6,-1,
		 6, 5, 1, 2,-1,
		 3, 2, 6, 7,-1,
		 7, 6, 2, 3,-1,
		 7, 6, 5, 4,-1,
		 4, 5, 6, 7,-1,
		]
	} #IndexedFaceSet
} #Polyhedron
Separator { #Polyhedron
	DEF COORD88 Coordinate3 {
		point [
		 -3.6386 1.0795 -11.9475,
		 -3.6386 1.2827 -11.9475,
		 -3.6386 1.2827 -12.0745,
		 -3.6386 1.0795 -12.0745,
		 -3.6640 1.0795 -11.9475,
		 -3.6640 1.2827 -11.9475,
		 -3.6640 1.2827 -12.0745,
		 -3.6640 1.0795 -12.0745
		]
	} #Coordinate3
	Material {
		ambientColor      0.0000 0.0000 0.0000  #ambientColor
		diffuseColor      0.0000 0.0000 0.0000  #diffuseColor
		transparency      0.0000                #transparency
	} #Material

	IndexedFaceSet {
		coordIndex [ 
		 0, 1, 2, 3,-1,
		 3, 2, 1, 0,-1,
		 0, 3, 7, 4,-1,
		 4, 7, 3, 0,-1,
		 1, 0, 4, 5,-1,
		 5, 4, 0, 1,-1,
		 2, 1, 5, 6,-1,
		 6, 5, 1, 2,-1,
		 3, 2, 6, 7,-1,
		 7, 6, 2, 3,-1,
		 7, 6, 5, 4,-1,
		 4, 5, 6, 7,-1,
		]
	} #IndexedFaceSet
} #Polyhedron
Separator { #Polyhedron
	DEF COORD89 Coordinate3 {
		point [
		 -3.6640 1.1049 -12.0764,
		 -3.6640 1.0795 -12.0764,
		 -3.6640 1.0795 -11.9494,
		 -3.6640 1.1049 -11.9494,
		 -3.7402 1.1049 -12.0764,
		 -3.7402 1.0795 -12.0764,
		 -3.7402 1.0795 -11.9494,
		 -3.7402 1.1049 -11.9494
		]
	} #Coordinate3
	Material {
		ambientColor      0.0000 0.0000 0.0000  #ambientColor
		diffuseColor      0.0000 0.0000 0.0000  #diffuseColor
		transparency      0.0000                #transparency
	} #Material

	IndexedFaceSet {
		coordIndex [ 
		 0, 1, 2, 3,-1,
		 3, 2, 1, 0,-1,
		 0, 3, 7, 4,-1,
		 4, 7, 3, 0,-1,
		 1, 0, 4, 5,-1,
		 5, 4, 0, 1,-1,
		 2, 1, 5, 6,-1,
		 6, 5, 1, 2,-1,
		 3, 2, 6, 7,-1,
		 7, 6, 2, 3,-1,
		 7, 6, 5, 4,-1,
		 4, 5, 6, 7,-1,
		]
	} #IndexedFaceSet
} #Polyhedron
Separator { #Polyhedron
	DEF COORD90 Coordinate3 {
		point [
		 -3.1560 1.1049 -11.9584,
		 -3.1560 1.0795 -11.9584,
		 -3.1560 1.0795 -12.0854,
		 -3.1560 1.1049 -12.0854,
		 -3.0798 1.1049 -11.9584,
		 -3.0798 1.0795 -11.9584,
		 -3.0798 1.0795 -12.0854,
		 -3.0798 1.1049 -12.0854
		]
	} #Coordinate3
	Material {
		ambientColor      0.0000 0.0000 0.0000  #ambientColor
		diffuseColor      0.0000 0.0000 0.0000  #diffuseColor
		transparency      0.0000                #transparency
	} #Material

	IndexedFaceSet {
		coordIndex [ 
		 0, 1, 2, 3,-1,
		 3, 2, 1, 0,-1,
		 0, 3, 7, 4,-1,
		 4, 7, 3, 0,-1,
		 1, 0, 4, 5,-1,
		 5, 4, 0, 1,-1,
		 2, 1, 5, 6,-1,
		 6, 5, 1, 2,-1,
		 3, 2, 6, 7,-1,
		 7, 6, 2, 3,-1,
		 7, 6, 5, 4,-1,
		 4, 5, 6, 7,-1,
		]
	} #IndexedFaceSet
} #Polyhedron
Separator { #Polyhedron
	DEF COORD91 Coordinate3 {
		point [
		 -3.0480 2.4384 -9.1440,
		 -3.0480 4.2672 -9.1440,
		 -3.0480 2.4384 -12.1920,
		 -7.4676 2.4384 -9.1440,
		 -7.4676 4.2672 -9.1440,
		 -7.4676 2.4384 -12.1920
		]
	} #Coordinate3
	Material {
		ambientColor      0.0833 0.0833 0.0833  #ambientColor
		diffuseColor      0.3333 0.3333 0.3333  #diffuseColor
		transparency      0.0000                #transparency
	} #Material

	Texture2 {
		filename ""  #filename
		wrapS REPEAT 
		wrapT REPEAT 
	} #Texture2

	IndexedFaceSet {
		coordIndex [ 
		 2, 1, 0,-1,
		 3, 5, 2, 0,-1,
		 1, 0, 3, 4,-1,
		 4, 3, 0, 1,-1,
		 2, 1, 4, 5,-1,
		 5, 4, 1, 2,-1,
		 5, 4, 3,-1,
		 3, 4, 5,-1,
		]
	} #IndexedFaceSet
} #Polyhedron
}
