#VRML V1.0 ascii

Separator {
	Info { string "Virtus 3D Website Builder 1.0
	VRML Export Filter
	Virtus Corporation
	114 MacKenan Drive, Suite 100
	Cary, NC 27511
	919-467-9700"}

	DEF BackgroundColor Info{  # Sky color
		string " 0.3 0.8 1.0 "
	}

	DirectionalLight {
		on         TRUE          # SFBool
		intensity  1.0           # SFFloat
		color      0.4 0.4 0.4   # SFColor
		direction  0 0 0   # SFVec3f
	}

	DirectionalLight {
		on         TRUE          # SFBool
		intensity  1.0           # SFFloat
		color      0.5 0.5 0.5   # SFColor
		direction  34 -247 -57   # SFVec3f
	}

	DirectionalLight {
		on         TRUE          # SFBool
		intensity  1.0           # SFFloat
		color      0.4 0.4 0.4   # SFColor
		direction  -209 -104 105   # SFVec3f
	}

	DirectionalLight {
		on         TRUE          # SFBool
		intensity  1.0           # SFFloat
		color      0.5 0.5 0.5   # SFColor
		direction  5 119 -226   # SFVec3f
	}

	PerspectiveCamera {
		position 4.9022 1.6256 3.4798          #SFVec3f 
		orientation 0 1 0  1.9641     #SFRotation 
		focalDistance  5            #SFFloat 
		heightAngle 2.1726 
	}

	ShapeHints {
		vertexOrdering	CLOCKWISE
		shapeType	SOLID
	}

	Transform {
		translation 0 0 0
		scaleFactor 1.0 1.0 1.0
	}

Separator { #Polyhedron
	DEF COORD0 Coordinate3 {
		point [
		 6.0960 3.0480 -3.9624,
		 6.0960 3.0480 6.0960,
		 -6.0960 3.0480 6.0960,
		 -6.0960 3.0480 -3.9624,
		 -4.2672 3.0480 -6.0960,
		 4.2672 3.0480 -6.0960,
		 6.0960 0.0000 -3.9624,
		 6.0960 0.0000 6.0960,
		 -6.0960 0.0000 6.0960,
		 -6.0960 0.0000 -3.9624,
		 -4.2672 0.0000 -6.0960,
		 4.2672 0.0000 -6.0960,
		 -6.0960 2.4385 6.0960,
		 6.0960 2.4385 6.0960,
		 -6.0960 0.3049 6.0960,
		 -6.0960 2.4385 6.0960,
		 -4.8768 2.4385 6.0960,
		 -4.8768 0.3049 6.0960,
		 -6.0960 0.0001 6.0960,
		 -6.0960 0.3049 6.0960,
		 -2.5908 0.3049 6.0960,
		 -2.5908 0.0001 6.0960,
		 -1.2192 0.3049 6.0960,
		 -1.2192 0.0001 6.0960,
		 -1.3716 0.0001 6.0960,
		 -1.3716 0.3049 6.0960,
		 -2.7432 2.4385 6.0960,
		 -2.7432 2.4385 6.0960,
		 -1.3716 2.4385 6.0960,
		 -2.7432 0.3049 6.0960,
		 -2.5908 2.4385 6.0960,
		 -2.5908 0.3049 6.0960,
		 -1.2192 2.4385 6.0960,
		 -1.3716 0.3049 6.0960,
		 6.0960 0.0001 6.0960,
		 -6.0960 0.0001 6.0960,
		 1.2192 2.4385 6.0960,
		 1.2192 2.4385 6.0960,
		 2.5908 2.4385 6.0960,
		 1.2192 0.3049 6.0960,
		 1.3716 2.4385 6.0960,
		 1.3716 0.3049 6.0960,
		 2.7432 2.4385 6.0960,
		 2.7432 0.3049 6.0960,
		 2.5908 0.3049 6.0960,
		 1.2192 0.0001 6.0960,
		 1.2192 0.3049 6.0960,
		 1.3716 0.3049 6.0960,
		 1.3716 0.0001 6.0960,
		 6.0960 0.3049 6.0960,
		 2.5908 0.0001 6.0960,
		 2.5908 0.3049 6.0960,
		 6.0960 2.4385 6.0960,
		 4.8768 0.3049 6.0960,
		 4.8768 2.4385 6.0960,
		 6.0960 2.4385 6.0960,
		 -6.0960 2.4385 6.0960,
		 -6.0960 2.4385 6.0960,
		 -6.0960 0.3049 6.0960,
		 -2.5908 0.3049 6.0960,
		 -6.0960 0.3049 6.0960,
		 -6.0960 0.0001 6.0960,
		 -1.3716 0.3049 6.0960,
		 -1.2192 0.3049 6.0960,
		 -2.7432 2.4385 6.0960,
		 -2.5908 0.3049 6.0960,
		 -1.3716 0.3049 6.0960,
		 -6.0960 0.0001 6.0960,
		 6.0960 0.0001 6.0960,
		 1.2192 2.4385 6.0960,
		 1.2192 2.4385 6.0960,
		 1.3716 0.3049 6.0960,
		 1.2192 0.3049 6.0960,
		 2.5908 0.3049 6.0960,
		 1.3716 0.3049 6.0960,
		 1.2192 0.3049 6.0960,
		 2.5908 0.3049 6.0960,
		 6.0960 0.3049 6.0960,
		 6.0960 2.4385 6.0960,
		 -4.2672 0.9146 -6.0960,
		 4.2672 0.9146 -6.0960,
		 2.5401 1.0670 -6.0960,
		 2.5401 0.9146 -6.0960,
		 4.2672 0.9146 -6.0960,
		 4.2672 1.0670 -6.0960,
		 2.3877 0.9146 -6.0960,
		 2.3877 1.0670 -6.0960,
		 2.2353 1.0670 -6.0960,
		 2.2353 0.9146 -6.0960,
		 2.0829 0.9146 -6.0960,
		 2.0829 1.0670 -6.0960,
		 1.9305 1.0670 -6.0960,
		 1.9305 0.9146 -6.0960,
		 2.5401 1.2194 -6.0960,
		 2.5401 1.0670 -6.0960,
		 4.2672 1.0670 -6.0960,
		 4.2672 1.2194 -6.0960,
		 2.3877 1.0670 -6.0960,
		 2.3877 1.2194 -6.0960,
		 2.2353 1.2194 -6.0960,
		 2.2353 1.0670 -6.0960,
		 2.0829 1.0670 -6.0960,
		 2.0829 1.2194 -6.0960,
		 -2.0317 1.2194 -6.0960,
		 -2.0317 1.0670 -6.0960,
		 -2.3365 1.2194 -6.0960,
		 -2.3365 1.0670 -6.0960,
		 -2.1841 1.0670 -6.0960,
		 -2.1841 1.2194 -6.0960,
		 -2.4889 1.0670 -6.0960,
		 -2.4889 1.2194 -6.0960,
		 -4.2672 1.2194 -6.0960,
		 -4.2672 1.0670 -6.0960,
		 -2.0317 1.0670 -6.0960,
		 -2.0317 0.9146 -6.0960,
		 -1.8793 0.9146 -6.0960,
		 -1.8793 1.0670 -6.0960,
		 -2.3365 1.0670 -6.0960,
		 -2.3365 0.9146 -6.0960,
		 -2.1841 0.9146 -6.0960,
		 -2.1841 1.0670 -6.0960,
		 -2.4889 0.9146 -6.0960,
		 -2.4889 1.0670 -6.0960,
		 -4.2672 0.9146 -6.0960,
		 2.5401 1.3717 -6.0960,
		 2.5401 1.2194 -6.0960,
		 4.2672 1.2194 -6.0960,
		 4.2672 1.3717 -6.0960,
		 2.3877 1.2194 -6.0960,
		 2.3877 1.3717 -6.0960,
		 2.2353 1.3717 -6.0960,
		 2.2353 1.2194 -6.0960,
		 2.0829 1.2194 -6.0960,
		 2.0829 1.3717 -6.0960,
		 1.9305 1.3717 -6.0960,
		 1.9305 1.2194 -6.0960,
		 3.4770 1.4065 -6.0960,
		 3.3021 1.3717 -6.0960,
		 4.2672 1.3717 -6.0960,
		 4.2672 1.4065 -6.0960,
		 3.6254 1.5057 -6.0960,
		 4.2672 1.5057 -6.0960,
		 3.6377 1.5241 -6.0960,
		 4.2672 1.5241 -6.0960,
		 2.9788 1.5057 -6.0960,
		 2.9665 1.5241 -6.0960,
		 2.5401 1.5241 -6.0960,
		 2.5401 1.5057 -6.0960,
		 3.1271 1.4065 -6.0960,
		 2.5401 1.4065 -6.0960,
		 2.5401 1.3717 -6.0960,
		 2.3877 1.3717 -6.0960,
		 2.3877 1.5241 -6.0960,
		 2.2353 1.5241 -6.0960,
		 2.2353 1.3717 -6.0960,
		 2.0829 1.3717 -6.0960,
		 2.0829 1.5241 -6.0960,
		 -2.0317 1.5241 -6.0960,
		 -2.0317 1.3717 -6.0960,
		 -2.3365 1.5241 -6.0960,
		 -2.3365 1.3717 -6.0960,
		 -2.1841 1.3717 -6.0960,
		 -2.1841 1.5241 -6.0960,
		 -3.0759 1.4065 -6.0960,
		 -3.2508 1.3717 -6.0960,
		 -2.4889 1.3717 -6.0960,
		 -2.4889 1.4065 -6.0960,
		 -2.9276 1.5057 -6.0960,
		 -2.4889 1.5057 -6.0960,
		 -2.9152 1.5241 -6.0960,
		 -2.4889 1.5241 -6.0960,
		 -3.5741 1.5057 -6.0960,
		 -3.5865 1.5241 -6.0960,
		 -4.2672 1.5241 -6.0960,
		 -4.2672 1.5057 -6.0960,
		 -3.4258 1.4065 -6.0960,
		 -4.2672 1.4065 -6.0960,
		 -4.2672 1.3717 -6.0960,
		 -2.0317 1.3717 -6.0960,
		 -2.0317 1.2194 -6.0960,
		 -1.8793 1.2194 -6.0960,
		 -1.8793 1.3717 -6.0960,
		 -2.3365 1.3717 -6.0960,
		 -2.3365 1.2194 -6.0960,
		 -2.1841 1.2194 -6.0960,
		 -2.1841 1.3717 -6.0960,
		 -2.4889 1.2194 -6.0960,
		 -2.4889 1.3717 -6.0960,
		 -4.2672 1.2194 -6.0960,
		 3.7245 1.6540 -6.0960,
		 3.6377 1.5241 -6.0960,
		 4.2672 1.5241 -6.0960,
		 4.2672 1.6540 -6.0960,
		 3.7289 1.6765 -6.0960,
		 4.2672 1.6765 -6.0960,
		 2.8797 1.6540 -6.0960,
		 2.8752 1.6765 -6.0960,
		 2.5401 1.6765 -6.0960,
		 2.5401 1.6540 -6.0960,
		 2.9665 1.5241 -6.0960,
		 2.5401 1.5241 -6.0960,
		 2.3877 1.5241 -6.0960,
		 2.3877 1.6765 -6.0960,
		 2.2353 1.6765 -6.0960,
		 2.2353 1.5241 -6.0960,
		 2.0829 1.5241 -6.0960,
		 2.0829 1.6765 -6.0960,
		 1.9305 1.6765 -6.0960,
		 1.9305 1.5241 -6.0960,
		 3.7593 1.8289 -6.0960,
		 3.7289 1.6765 -6.0960,
		 4.2672 1.6765 -6.0960,
		 4.2672 1.8289 -6.0960,
		 2.8752 1.6765 -6.0960,
		 2.8449 1.8289 -6.0960,
		 2.5401 1.8289 -6.0960,
		 2.5401 1.6765 -6.0960,
		 2.3877 1.6765 -6.0960,
		 2.3877 1.8289 -6.0960,
		 2.2353 1.8289 -6.0960,
		 2.2353 1.6765 -6.0960,
		 2.0829 1.6765 -6.0960,
		 2.0829 1.8289 -6.0960,
		 -2.0317 1.8289 -6.0960,
		 -2.0317 1.6765 -6.0960,
		 -2.3365 1.8289 -6.0960,
		 -2.3365 1.6765 -6.0960,
		 -2.1841 1.6765 -6.0960,
		 -2.1841 1.8289 -6.0960,
		 -2.7937 1.8289 -6.0960,
		 -2.8240 1.6765 -6.0960,
		 -2.4889 1.6765 -6.0960,
		 -2.4889 1.8289 -6.0960,
		 -3.6777 1.6765 -6.0960,
		 -3.7080 1.8289 -6.0960,
		 -4.2672 1.8289 -6.0960,
		 -4.2672 1.6765 -6.0960,
		 -2.0317 1.6765 -6.0960,
		 -2.0317 1.5241 -6.0960,
		 -1.8793 1.5241 -6.0960,
		 -1.8793 1.6765 -6.0960,
		 -2.3365 1.6765 -6.0960,
		 -2.3365 1.5241 -6.0960,
		 -2.1841 1.5241 -6.0960,
		 -2.1841 1.6765 -6.0960,
		 -2.8285 1.6540 -6.0960,
		 -2.9152 1.5241 -6.0960,
		 -2.4889 1.5241 -6.0960,
		 -2.4889 1.6540 -6.0960,
		 -2.8240 1.6765 -6.0960,
		 -2.4889 1.6765 -6.0960,
		 -3.6732 1.6540 -6.0960,
		 -3.6777 1.6765 -6.0960,
		 -4.2672 1.6540 -6.0960,
		 -3.5865 1.5241 -6.0960,
		 -4.2672 1.5241 -6.0960,
		 3.7289 1.9813 -6.0960,
		 3.7593 1.8289 -6.0960,
		 4.2672 1.8289 -6.0960,
		 4.2672 1.9813 -6.0960,
		 2.8449 1.8289 -6.0960,
		 2.8752 1.9813 -6.0960,
		 2.5401 1.9813 -6.0960,
		 2.5401 1.8289 -6.0960,
		 2.3877 1.8289 -6.0960,
		 2.3877 1.9813 -6.0960,
		 2.2353 1.9813 -6.0960,
		 2.2353 1.8289 -6.0960,
		 2.0829 1.8289 -6.0960,
		 2.0829 1.9813 -6.0960,
		 1.9305 1.9813 -6.0960,
		 1.9305 1.8289 -6.0960,
		 3.7245 2.0039 -6.0960,
		 3.7289 1.9813 -6.0960,
		 4.2672 1.9813 -6.0960,
		 4.2672 2.0039 -6.0960,
		 3.6377 2.1337 -6.0960,
		 4.2672 2.1337 -6.0960,
		 2.8797 2.0039 -6.0960,
		 2.9665 2.1337 -6.0960,
		 2.5401 2.1337 -6.0960,
		 2.5401 2.0039 -6.0960,
		 2.8752 1.9813 -6.0960,
		 2.5401 1.9813 -6.0960,
		 2.3877 1.9813 -6.0960,
		 2.3877 2.1337 -6.0960,
		 2.2353 2.1337 -6.0960,
		 2.2353 1.9813 -6.0960,
		 2.0829 1.9813 -6.0960,
		 2.0829 2.1337 -6.0960,
		 -2.0317 2.1337 -6.0960,
		 -2.0317 1.9813 -6.0960,
		 -2.3365 2.1337 -6.0960,
		 -2.3365 1.9813 -6.0960,
		 -2.1841 1.9813 -6.0960,
		 -2.1841 2.1337 -6.0960,
		 -2.8285 2.0039 -6.0960,
		 -2.8240 1.9813 -6.0960,
		 -2.4889 1.9813 -6.0960,
		 -2.4889 2.0039 -6.0960,
		 -2.9152 2.1337 -6.0960,
		 -2.4889 2.1337 -6.0960,
		 -3.6732 2.0039 -6.0960,
		 -3.5865 2.1337 -6.0960,
		 -4.2672 2.1337 -6.0960,
		 -4.2672 2.0039 -6.0960,
		 -3.6777 1.9813 -6.0960,
		 -4.2672 1.9813 -6.0960,
		 -2.0317 1.9813 -6.0960,
		 -2.0317 1.8289 -6.0960,
		 -1.8793 1.8289 -6.0960,
		 -1.8793 1.9813 -6.0960,
		 -2.3365 1.9813 -6.0960,
		 -2.3365 1.8289 -6.0960,
		 -2.1841 1.8289 -6.0960,
		 -2.1841 1.9813 -6.0960,
		 -2.8240 1.9813 -6.0960,
		 -2.7937 1.8289 -6.0960,
		 -2.4889 1.8289 -6.0960,
		 -2.4889 1.9813 -6.0960,
		 -3.7080 1.8289 -6.0960,
		 -3.6777 1.9813 -6.0960,
		 -4.2672 1.8289 -6.0960,
		 3.6254 2.1522 -6.0960,
		 3.6377 2.1337 -6.0960,
		 4.2672 2.1337 -6.0960,
		 4.2672 2.1522 -6.0960,
		 3.4770 2.2513 -6.0960,
		 4.2672 2.2513 -6.0960,
		 3.3021 2.2861 -6.0960,
		 4.2672 2.2861 -6.0960,
		 3.1271 2.2513 -6.0960,
		 2.5401 2.2861 -6.0960,
		 2.5401 2.2513 -6.0960,
		 2.9788 2.1522 -6.0960,
		 2.5401 2.1522 -6.0960,
		 2.9665 2.1337 -6.0960,
		 2.5401 2.1337 -6.0960,
		 2.3877 2.1337 -6.0960,
		 2.3877 2.2861 -6.0960,
		 2.2353 2.2861 -6.0960,
		 2.2353 2.1337 -6.0960,
		 2.0829 2.1337 -6.0960,
		 2.0829 2.2861 -6.0960,
		 1.9305 2.2861 -6.0960,
		 1.9305 2.1337 -6.0960,
		 2.5401 2.4385 -6.0960,
		 2.5401 2.2861 -6.0960,
		 4.2672 2.2861 -6.0960,
		 4.2672 2.4385 -6.0960,
		 2.3877 2.2861 -6.0960,
		 2.3877 2.4385 -6.0960,
		 2.2353 2.4385 -6.0960,
		 2.2353 2.2861 -6.0960,
		 2.0829 2.2861 -6.0960,
		 2.0829 2.4385 -6.0960,
		 -2.0317 2.4385 -6.0960,
		 -2.0317 2.2861 -6.0960,
		 -2.3365 2.4385 -6.0960,
		 -2.3365 2.2861 -6.0960,
		 -2.1841 2.2861 -6.0960,
		 -2.1841 2.4385 -6.0960,
		 -2.4889 2.2861 -6.0960,
		 -2.4889 2.4385 -6.0960,
		 -4.2672 2.4385 -6.0960,
		 -4.2672 2.2861 -6.0960,
		 -2.0317 2.2861 -6.0960,
		 -2.0317 2.1337 -6.0960,
		 -1.8793 2.1337 -6.0960,
		 -1.8793 2.2861 -6.0960,
		 -2.3365 2.2861 -6.0960,
		 -2.3365 2.1337 -6.0960,
		 -2.1841 2.1337 -6.0960,
		 -2.1841 2.2861 -6.0960,
		 -2.9276 2.1522 -6.0960,
		 -2.9152 2.1337 -6.0960,
		 -2.4889 2.1337 -6.0960,
		 -2.4889 2.1522 -6.0960,
		 -3.0759 2.2513 -6.0960,
		 -2.4889 2.2513 -6.0960,
		 -3.2508 2.2861 -6.0960,
		 -2.4889 2.2861 -6.0960,
		 -3.4258 2.2513 -6.0960,
		 -4.2672 2.2513 -6.0960,
		 -3.5741 2.1522 -6.0960,
		 -4.2672 2.1522 -6.0960,
		 -3.5865 2.1337 -6.0960,
		 -4.2672 2.1337 -6.0960,
		 2.5401 2.5909 -6.0960,
		 2.5401 2.4385 -6.0960,
		 4.2672 2.4385 -6.0960,
		 4.2672 2.5909 -6.0960,
		 2.3877 2.4385 -6.0960,
		 2.3877 2.5909 -6.0960,
		 2.2353 2.5909 -6.0960,
		 2.2353 2.4385 -6.0960,
		 2.0829 2.4385 -6.0960,
		 2.0829 2.5909 -6.0960,
		 1.9305 2.5909 -6.0960,
		 1.9305 2.4385 -6.0960,
		 4.2672 2.5909 -6.0960,
		 -4.2672 2.5909 -6.0960,
		 -2.0317 2.5909 -6.0960,
		 -2.0317 2.4385 -6.0960,
		 -1.8793 2.4385 -6.0960,
		 -1.8793 2.5909 -6.0960,
		 -2.3365 2.5909 -6.0960,
		 -2.3365 2.4385 -6.0960,
		 -2.1841 2.4385 -6.0960,
		 -2.1841 2.5909 -6.0960,
		 -2.4889 2.4385 -6.0960,
		 -2.4889 2.5909 -6.0960,
		 -4.2672 2.4385 -6.0960,
		 -1.8793 2.4385 -6.0960,
		 -1.8793 2.1337 -6.0960,
		 -1.8793 1.8289 -6.0960,
		 -1.8793 1.5241 -6.0960,
		 -1.8793 1.2194 -6.0960,
		 -1.8793 0.9146 -6.0960,
		 -2.1841 0.9146 -6.0960,
		 4.2672 0.9146 -6.0960,
		 -4.2672 0.9146 -6.0960,
		 4.2672 1.0670 -6.0960,
		 4.2672 0.9146 -6.0960,
		 2.5401 1.0670 -6.0960,
		 2.2353 1.0670 -6.0960,
		 2.3877 1.0670 -6.0960,
		 2.0829 1.0670 -6.0960,
		 4.2672 1.2194 -6.0960,
		 4.2672 1.0670 -6.0960,
		 2.5401 1.0670 -6.0960,
		 2.5401 1.2194 -6.0960,
		 2.2353 1.0670 -6.0960,
		 2.2353 1.2194 -6.0960,
		 2.3877 1.2194 -6.0960,
		 2.3877 1.0670 -6.0960,
		 -2.0317 1.0670 -6.0960,
		 -2.0317 1.2194 -6.0960,
		 2.0829 1.2194 -6.0960,
		 2.0829 1.0670 -6.0960,
		 -2.1841 1.2194 -6.0960,
		 -2.1841 1.0670 -6.0960,
		 -2.3365 1.0670 -6.0960,
		 -2.3365 1.2194 -6.0960,
		 -4.2672 1.0670 -6.0960,
		 -4.2672 1.2194 -6.0960,
		 -2.4889 1.2194 -6.0960,
		 -2.4889 1.0670 -6.0960,
		 -1.8793 0.9146 -6.0960,
		 -2.0317 1.0670 -6.0960,
		 -2.1841 1.0670 -6.0960,
		 -2.1841 0.9146 -6.0960,
		 -2.3365 1.0670 -6.0960,
		 -4.2672 0.9146 -6.0960,
		 -2.4889 1.0670 -6.0960,
		 4.2672 1.3717 -6.0960,
		 4.2672 1.2194 -6.0960,
		 2.5401 1.2194 -6.0960,
		 2.5401 1.3717 -6.0960,
		 2.2353 1.2194 -6.0960,
		 2.2353 1.3717 -6.0960,
		 2.3877 1.3717 -6.0960,
		 2.3877 1.2194 -6.0960,
		 2.0829 1.3717 -6.0960,
		 2.0829 1.2194 -6.0960,
		 4.2672 1.4065 -6.0960,
		 4.2672 1.3717 -6.0960,
		 4.2672 1.5057 -6.0960,
		 4.2672 1.5241 -6.0960,
		 3.6377 1.5241 -6.0960,
		 2.5401 1.5057 -6.0960,
		 2.5401 1.5241 -6.0960,
		 2.9665 1.5241 -6.0960,
		 2.5401 1.4065 -6.0960,
		 2.5401 1.3717 -6.0960,
		 2.2353 1.3717 -6.0960,
		 2.2353 1.5241 -6.0960,
		 2.3877 1.5241 -6.0960,
		 2.3877 1.3717 -6.0960,
		 -2.0317 1.3717 -6.0960,
		 -2.0317 1.5241 -6.0960,
		 2.0829 1.5241 -6.0960,
		 2.0829 1.3717 -6.0960,
		 -2.1841 1.5241 -6.0960,
		 -2.1841 1.3717 -6.0960,
		 -2.3365 1.3717 -6.0960,
		 -2.3365 1.5241 -6.0960,
		 -2.4889 1.4065 -6.0960,
		 -2.4889 1.3717 -6.0960,
		 -2.4889 1.5057 -6.0960,
		 -2.4889 1.5241 -6.0960,
		 -2.9152 1.5241 -6.0960,
		 -4.2672 1.5057 -6.0960,
		 -4.2672 1.5241 -6.0960,
		 -3.5865 1.5241 -6.0960,
		 -4.2672 1.4065 -6.0960,
		 -4.2672 1.3717 -6.0960,
		 -1.8793 1.2194 -6.0960,
		 -2.0317 1.2194 -6.0960,
		 -2.0317 1.3717 -6.0960,
		 -2.1841 1.3717 -6.0960,
		 -2.1841 1.2194 -6.0960,
		 -2.3365 1.2194 -6.0960,
		 -2.3365 1.3717 -6.0960,
		 -4.2672 1.2194 -6.0960,
		 -2.4889 1.3717 -6.0960,
		 -2.4889 1.2194 -6.0960,
		 4.2672 1.6540 -6.0960,
		 4.2672 1.5241 -6.0960,
		 3.6377 1.5241 -6.0960,
		 4.2672 1.6765 -6.0960,
		 3.7289 1.6765 -6.0960,
		 2.5401 1.6540 -6.0960,
		 2.5401 1.6765 -6.0960,
		 2.8752 1.6765 -6.0960,
		 2.5401 1.5241 -6.0960,
		 2.9665 1.5241 -6.0960,
		 2.2353 1.5241 -6.0960,
		 2.2353 1.6765 -6.0960,
		 2.3877 1.6765 -6.0960,
		 2.3877 1.5241 -6.0960,
		 2.0829 1.6765 -6.0960,
		 2.0829 1.5241 -6.0960,
		 4.2672 1.8289 -6.0960,
		 4.2672 1.6765 -6.0960,
		 3.7289 1.6765 -6.0960,
		 2.5401 1.6765 -6.0960,
		 2.5401 1.8289 -6.0960,
		 2.8449 1.8289 -6.0960,
		 2.8752 1.6765 -6.0960,
		 2.2353 1.6765 -6.0960,
		 2.2353 1.8289 -6.0960,
		 2.3877 1.8289 -6.0960,
		 2.3877 1.6765 -6.0960,
		 -2.0317 1.6765 -6.0960,
		 -2.0317 1.8289 -6.0960,
		 2.0829 1.8289 -6.0960,
		 2.0829 1.6765 -6.0960,
		 -2.1841 1.8289 -6.0960,
		 -2.1841 1.6765 -6.0960,
		 -2.3365 1.6765 -6.0960,
		 -2.3365 1.8289 -6.0960,
		 -2.4889 1.8289 -6.0960,
		 -2.4889 1.6765 -6.0960,
		 -2.8240 1.6765 -6.0960,
		 -4.2672 1.6765 -6.0960,
		 -4.2672 1.8289 -6.0960,
		 -3.7080 1.8289 -6.0960,
		 -3.6777 1.6765 -6.0960,
		 -1.8793 1.5241 -6.0960,
		 -2.0317 1.5241 -6.0960,
		 -2.0317 1.6765 -6.0960,
		 -2.1841 1.6765 -6.0960,
		 -2.1841 1.5241 -6.0960,
		 -2.3365 1.5241 -6.0960,
		 -2.3365 1.6765 -6.0960,
		 -2.4889 1.6540 -6.0960,
		 -2.4889 1.5241 -6.0960,
		 -2.9152 1.5241 -6.0960,
		 -2.4889 1.6765 -6.0960,
		 -2.8240 1.6765 -6.0960,
		 -4.2672 1.6540 -6.0960,
		 -3.6777 1.6765 -6.0960,
		 -4.2672 1.5241 -6.0960,
		 -3.5865 1.5241 -6.0960,
		 4.2672 1.9813 -6.0960,
		 4.2672 1.8289 -6.0960,
		 3.7593 1.8289 -6.0960,
		 3.7289 1.9813 -6.0960,
		 2.5401 1.8289 -6.0960,
		 2.5401 1.9813 -6.0960,
		 2.8752 1.9813 -6.0960,
		 2.2353 1.8289 -6.0960,
		 2.2353 1.9813 -6.0960,
		 2.3877 1.9813 -6.0960,
		 2.3877 1.8289 -6.0960,
		 2.0829 1.9813 -6.0960,
		 2.0829 1.8289 -6.0960,
		 4.2672 2.0039 -6.0960,
		 4.2672 1.9813 -6.0960,
		 3.7289 1.9813 -6.0960,
		 4.2672 2.1337 -6.0960,
		 3.6377 2.1337 -6.0960,
		 2.5401 2.0039 -6.0960,
		 2.5401 2.1337 -6.0960,
		 2.9665 2.1337 -6.0960,
		 2.5401 1.9813 -6.0960,
		 2.8752 1.9813 -6.0960,
		 2.2353 1.9813 -6.0960,
		 2.2353 2.1337 -6.0960,
		 2.3877 2.1337 -6.0960,
		 2.3877 1.9813 -6.0960,
		 -2.0317 1.9813 -6.0960,
		 -2.0317 2.1337 -6.0960,
		 2.0829 2.1337 -6.0960,
		 2.0829 1.9813 -6.0960,
		 -2.1841 2.1337 -6.0960,
		 -2.1841 1.9813 -6.0960,
		 -2.3365 1.9813 -6.0960,
		 -2.3365 2.1337 -6.0960,
		 -2.4889 2.0039 -6.0960,
		 -2.4889 1.9813 -6.0960,
		 -2.8240 1.9813 -6.0960,
		 -2.4889 2.1337 -6.0960,
		 -2.9152 2.1337 -6.0960,
		 -4.2672 2.0039 -6.0960,
		 -4.2672 2.1337 -6.0960,
		 -3.5865 2.1337 -6.0960,
		 -4.2672 1.9813 -6.0960,
		 -3.6777 1.9813 -6.0960,
		 -1.8793 1.8289 -6.0960,
		 -2.0317 1.8289 -6.0960,
		 -2.0317 1.9813 -6.0960,
		 -2.1841 1.9813 -6.0960,
		 -2.1841 1.8289 -6.0960,
		 -2.3365 1.8289 -6.0960,
		 -2.3365 1.9813 -6.0960,
		 -2.4889 1.9813 -6.0960,
		 -2.4889 1.8289 -6.0960,
		 -2.7937 1.8289 -6.0960,
		 -2.8240 1.9813 -6.0960,
		 -4.2672 1.8289 -6.0960,
		 -3.6777 1.9813 -6.0960,
		 4.2672 2.1522 -6.0960,
		 4.2672 2.1337 -6.0960,
		 3.6377 2.1337 -6.0960,
		 4.2672 2.2513 -6.0960,
		 4.2672 2.2861 -6.0960,
		 2.5401 2.2513 -6.0960,
		 2.5401 2.2861 -6.0960,
		 2.5401 2.1522 -6.0960,
		 2.5401 2.1337 -6.0960,
		 2.9665 2.1337 -6.0960,
		 2.2353 2.1337 -6.0960,
		 2.2353 2.2861 -6.0960,
		 2.3877 2.2861 -6.0960,
		 2.3877 2.1337 -6.0960,
		 2.0829 2.2861 -6.0960,
		 2.0829 2.1337 -6.0960,
		 4.2672 2.4385 -6.0960,
		 4.2672 2.2861 -6.0960,
		 2.5401 2.2861 -6.0960,
		 2.5401 2.4385 -6.0960,
		 2.2353 2.2861 -6.0960,
		 2.2353 2.4385 -6.0960,
		 2.3877 2.4385 -6.0960,
		 2.3877 2.2861 -6.0960,
		 -2.0317 2.2861 -6.0960,
		 -2.0317 2.4385 -6.0960,
		 2.0829 2.4385 -6.0960,
		 2.0829 2.2861 -6.0960,
		 -2.1841 2.4385 -6.0960,
		 -2.1841 2.2861 -6.0960,
		 -2.3365 2.2861 -6.0960,
		 -2.3365 2.4385 -6.0960,
		 -4.2672 2.2861 -6.0960,
		 -4.2672 2.4385 -6.0960,
		 -2.4889 2.4385 -6.0960,
		 -2.4889 2.2861 -6.0960,
		 -1.8793 2.1337 -6.0960,
		 -2.0317 2.1337 -6.0960,
		 -2.0317 2.2861 -6.0960,
		 -2.1841 2.2861 -6.0960,
		 -2.1841 2.1337 -6.0960,
		 -2.3365 2.1337 -6.0960,
		 -2.3365 2.2861 -6.0960,
		 -2.4889 2.1522 -6.0960,
		 -2.4889 2.1337 -6.0960,
		 -2.9152 2.1337 -6.0960,
		 -2.4889 2.2513 -6.0960,
		 -2.4889 2.2861 -6.0960,
		 -4.2672 2.2513 -6.0960,
		 -4.2672 2.1522 -6.0960,
		 -4.2672 2.1337 -6.0960,
		 -3.5865 2.1337 -6.0960,
		 4.2672 2.5909 -6.0960,
		 4.2672 2.4385 -6.0960,
		 2.5401 2.4385 -6.0960,
		 2.2353 2.4385 -6.0960,
		 2.3877 2.4385 -6.0960,
		 2.0829 2.4385 -6.0960,
		 -4.2672 2.5909 -6.0960,
		 4.2672 2.5909 -6.0960,
		 -1.8793 2.4385 -6.0960,
		 -2.0317 2.4385 -6.0960,
		 -2.1841 2.4385 -6.0960,
		 -2.3365 2.4385 -6.0960,
		 -4.2672 2.4385 -6.0960,
		 -2.4889 2.4385 -6.0960,
		 4.5720 0.0000 -5.7404,
		 4.2672 0.0000 -6.0960,
		 3.0481 0.0000 -6.0960,
		 3.0481 0.0000 -5.7404,
		 1.5241 0.0000 -5.7404,
		 1.5241 0.0000 -6.0960,
		 0.0002 0.0000 -6.0960,
		 0.0002 0.0000 -5.7404,
		 -1.5237 0.0000 -5.7404,
		 -1.5237 0.0000 -6.0960,
		 -3.0477 0.0000 -6.0960,
		 -3.0477 0.0000 -5.7404,
		 -4.2681 0.0000 -6.0949,
		 -4.5720 0.0000 -5.7404,
		 -4.5040 0.0000 -5.7404,
		 6.0960 0.0000 -3.0480,
		 5.5735 0.0000 -4.5720,
		 4.5720 0.0000 -4.5720,
		 4.5720 0.0000 -3.0480,
		 3.0481 0.0000 -3.0480,
		 3.0481 0.0000 -4.5720,
		 1.5241 0.0000 -4.5720,
		 1.5241 0.0000 -3.0480,
		 0.0002 0.0000 -3.0480,
		 0.0002 0.0000 -4.5720,
		 -1.5237 0.0000 -4.5720,
		 -1.5237 0.0000 -3.0480,
		 -3.0477 0.0000 -3.0480,
		 -3.0477 0.0000 -4.5720,
		 -4.5716 0.0000 -4.5720,
		 -4.5716 0.0000 -3.0480,
		 -6.0960 0.0000 -3.6496,
		 -6.0960 0.0000 -3.0480,
		 -6.0955 0.0000 -3.0480,
		 6.0960 0.0000 -1.5240,
		 6.0960 0.0000 -3.0480,
		 6.0959 0.0000 -3.0480,
		 6.0959 0.0000 -1.5240,
		 6.0960 0.0000 -0.0000,
		 6.0960 0.0000 -1.5240,
		 4.5720 0.0000 -1.5240,
		 4.5720 0.0000 -0.0000,
		 3.0481 0.0000 -0.0000,
		 3.0481 0.0000 -1.5240,
		 1.5241 0.0000 -1.5240,
		 1.5241 0.0000 -0.0000,
		 0.0002 0.0000 -0.0000,
		 0.0002 0.0000 -1.5240,
		 -1.5237 0.0000 -1.5240,
		 -1.5237 0.0000 -0.0000,
		 -3.0477 0.0000 -0.0000,
		 -3.0477 0.0000 -1.5240,
		 -4.5716 0.0000 -1.5240,
		 -4.5716 0.0000 -0.0000,
		 -6.0960 0.0000 -1.5240,
		 -6.0960 0.0000 -0.0000,
		 -6.0956 0.0000 -0.0000,
		 -6.0956 0.0000 -1.5240,
		 6.0960 0.0000 1.5240,
		 6.0960 0.0000 -0.0000,
		 6.0959 0.0000 -0.0000,
		 6.0959 0.0000 1.5240,
		 6.0960 0.0000 3.0480,
		 6.0960 0.0000 1.5240,
		 4.5720 0.0000 1.5240,
		 4.5720 0.0000 3.0480,
		 3.0481 0.0000 3.0480,
		 3.0481 0.0000 1.5240,
		 1.5241 0.0000 1.5240,
		 1.5241 0.0000 3.0480,
		 0.0002 0.0000 3.0480,
		 0.0002 0.0000 1.5240,
		 -1.5238 0.0000 1.5240,
		 -1.5238 0.0000 3.0480,
		 -3.0477 0.0000 3.0480,
		 -3.0477 0.0000 1.5240,
		 -4.5716 0.0000 1.5240,
		 -4.5716 0.0000 3.0480,
		 -6.0960 0.0000 1.5240,
		 -6.0960 0.0000 3.0480,
		 -6.0956 0.0000 3.0480,
		 -6.0956 0.0000 1.5240,
		 6.0960 0.0000 4.5720,
		 6.0960 0.0000 3.0480,
		 6.0959 0.0000 3.0480,
		 6.0959 0.0000 4.5720,
		 6.0960 0.0000 4.5720,
		 4.5720 0.0000 4.5720,
		 4.5720 0.0000 6.0960,
		 3.0481 0.0000 6.0960,
		 3.0481 0.0000 4.5720,
		 1.5241 0.0000 4.5720,
		 1.5241 0.0000 6.0960,
		 0.0002 0.0000 6.0960,
		 0.0002 0.0000 4.5720,
		 -1.5238 0.0000 4.5720,
		 -1.5238 0.0000 6.0960,
		 -3.0477 0.0000 6.0960,
		 -3.0477 0.0000 4.5720,
		 -4.5716 0.0000 4.5720,
		 -4.5716 0.0000 6.0960,
		 -6.0960 0.0000 4.5720,
		 -6.0956 0.0000 6.0960,
		 -6.0956 0.0000 4.5720,
		 4.5720 0.0000 4.5720,
		 4.5720 0.0000 3.0480,
		 3.0481 0.0000 3.0480,
		 3.0481 0.0000 4.5720,
		 1.5241 0.0000 4.5720,
		 1.5241 0.0000 3.0480,
		 0.0002 0.0000 3.0480,
		 0.0002 0.0000 4.5720,
		 -1.5238 0.0000 4.5720,
		 -1.5238 0.0000 3.0480,
		 -3.0477 0.0000 3.0480,
		 -3.0477 0.0000 4.5720,
		 -6.0960 0.0000 3.0480,
		 -4.5716 0.0000 4.5720,
		 -4.5716 0.0000 3.0480,
		 4.5720 0.0000 1.5240,
		 4.5720 0.0000 -0.0000,
		 3.0481 0.0000 -0.0000,
		 3.0481 0.0000 1.5240,
		 1.5241 0.0000 1.5240,
		 1.5241 0.0000 -0.0000,
		 0.0002 0.0000 -0.0000,
		 0.0002 0.0000 1.5240,
		 -1.5237 0.0000 1.5240,
		 -1.5237 0.0000 -0.0000,
		 -3.0477 0.0000 -0.0000,
		 -3.0477 0.0000 1.5240,
		 -6.0960 0.0000 -0.0000,
		 -4.5716 0.0000 1.5240,
		 -4.5716 0.0000 -0.0000,
		 4.5720 0.0000 -1.5240,
		 4.5720 0.0000 -3.0480,
		 3.0481 0.0000 -3.0480,
		 3.0481 0.0000 -1.5240,
		 1.5241 0.0000 -1.5240,
		 1.5241 0.0000 -3.0480,
		 0.0002 0.0000 -3.0480,
		 0.0002 0.0000 -1.5240,
		 -1.5237 0.0000 -1.5240,
		 -1.5237 0.0000 -3.0480,
		 -3.0477 0.0000 -3.0480,
		 -3.0477 0.0000 -1.5240,
		 -6.0960 0.0000 -3.0480,
		 -4.5716 0.0000 -1.5240,
		 -4.5716 0.0000 -3.0480,
		 4.5720 0.0000 -4.5720,
		 4.5720 0.0000 -5.7404,
		 3.0481 0.0000 -5.7404,
		 3.0481 0.0000 -4.5720,
		 1.5241 0.0000 -4.5720,
		 1.5241 0.0000 -5.7404,
		 0.0002 0.0000 -5.7404,
		 0.0002 0.0000 -4.5720,
		 -1.5237 0.0000 -4.5720,
		 -1.5237 0.0000 -5.7404,
		 -3.0477 0.0000 -5.7404,
		 -3.0477 0.0000 -4.5720,
		 -4.6591 0.0000 -5.6388,
		 -5.5735 0.0000 -4.5720,
		 -4.5716 0.0000 -4.5720,
		 -4.5716 0.0000 -5.6388,
		 -4.5720 0.0000 -5.7404,
		 -4.5040 0.0000 -5.7404,
		 4.5720 0.0000 -5.7912,
		 5.6388 0.0000 -4.5720,
		 4.5720 0.0000 -3.0480,
		 4.5720 0.0000 -0.0000,
		 4.5720 0.0000 3.0480,
		 3.0481 0.0000 -4.5720,
		 3.0481 0.0000 -1.5240,
		 3.0481 0.0000 1.5240,
		 3.0481 0.0000 4.5720,
		 1.5241 0.0000 -6.0960,
		 1.5241 0.0000 -3.0480,
		 1.5241 0.0000 -0.0000,
		 1.5241 0.0000 3.0480,
		 0.0002 0.0000 -4.5720,
		 0.0002 0.0000 -1.5240,
		 0.0002 0.0000 1.5240,
		 0.0002 0.0000 4.5720,
		 -1.5237 0.0000 -3.0480,
		 -1.5237 0.0000 -0.0000,
		 -1.5238 0.0000 3.0480,
		 -3.0477 0.0000 -1.5240,
		 -3.0477 0.0000 1.5240,
		 -3.0477 0.0000 4.5720,
		 -4.2674 0.0000 -6.0960,
		 -6.0963 0.0000 -3.9624,
		 -5.6383 0.0000 -4.5720,
		 3.0481 0.0000 -5.7404,
		 4.2672 0.0000 -6.0960,
		 4.5720 0.0000 -5.7404,
		 0.0002 0.0000 -5.7404,
		 1.5241 0.0000 -6.0960,
		 1.5241 0.0000 -5.7404,
		 -3.0477 0.0000 -5.7404,
		 -1.5237 0.0000 -5.7404,
		 -4.5040 0.0000 -5.7404,
		 -4.5720 0.0000 -5.7404,
		 -4.2681 0.0000 -6.0949,
		 5.5735 0.0000 -4.5720,
		 6.0960 0.0000 -3.0480,
		 3.0481 0.0000 -4.5720,
		 0.0002 0.0000 -4.5720,
		 -6.0960 0.0000 -3.0480,
		 -6.0960 0.0000 -3.6496,
		 6.0960 0.0000 -3.0480,
		 6.0960 0.0000 -1.5240,
		 6.0960 0.0000 -1.5240,
		 6.0960 0.0000 -0.0000,
		 3.0481 0.0000 -1.5240,
		 0.0002 0.0000 -1.5240,
		 -3.0477 0.0000 -1.5240,
		 -6.0960 0.0000 -0.0000,
		 -6.0960 0.0000 -1.5240,
		 6.0960 0.0000 -0.0000,
		 6.0960 0.0000 1.5240,
		 6.0960 0.0000 1.5240,
		 6.0960 0.0000 3.0480,
		 3.0481 0.0000 1.5240,
		 0.0002 0.0000 1.5240,
		 -3.0477 0.0000 1.5240,
		 -6.0960 0.0000 3.0480,
		 -6.0960 0.0000 1.5240,
		 6.0960 0.0000 3.0480,
		 6.0960 0.0000 4.5720,
		 6.0960 0.0000 4.5720,
		 3.0481 0.0000 4.5720,
		 0.0002 0.0000 4.5720,
		 -3.0477 0.0000 4.5720,
		 -6.0960 0.0000 4.5720,
		 4.5720 0.0000 3.0480,
		 1.5241 0.0000 3.0480,
		 -1.5238 0.0000 3.0480,
		 -6.0960 0.0000 3.0480,
		 4.5720 0.0000 -0.0000,
		 1.5241 0.0000 -0.0000,
		 -1.5237 0.0000 -0.0000,
		 -6.0960 0.0000 -0.0000,
		 4.5720 0.0000 -3.0480,
		 1.5241 0.0000 -3.0480,
		 -1.5237 0.0000 -3.0480,
		 -6.0960 0.0000 -3.0480,
		 3.0481 0.0000 -5.7404,
		 4.5720 0.0000 -5.7404,
		 0.0002 0.0000 -5.7404,
		 1.5241 0.0000 -5.7404,
		 -3.0477 0.0000 -5.7404,
		 -1.5237 0.0000 -5.7404,
		 -5.5735 0.0000 -4.5720,
		 -4.6591 0.0000 -5.6388,
		 -4.5040 0.0000 -5.7404,
		 -4.5720 0.0000 -5.7404
		]
	} #Coordinate3
	Material {
		ambientColor      0.2500 0.2500 0.2500  #ambientColor
		diffuseColor      1.0000 1.0000 1.0000  #diffuseColor
		transparency      0.0000                #transparency
	} #Material

	IndexedFaceSet {
		coordIndex [ 
		 0, 1, 2, 3, 4, 5,-1,
		 5, 4, 3, 2, 1, 0,-1,
		 0, 5, 11, 6,-1,
		 6, 11, 5, 0,-1,
		 1, 0, 6, 7,-1,
		 7, 6, 0, 1,-1,
		 12, 2, 1, 13,-1,
		 14, 15, 16, 17,-1,
		 18, 19, 20, 21,-1,
		 22, 23, 24, 25,-1,
		 26, 27, 28,-1,
		 29, 26, 30, 31,-1,
		 32, 22, 33, 28,-1,
		 34, 7, 8, 35,-1,
		 36, 37, 38,-1,
		 39, 36, 40, 41,-1,
		 42, 43, 44, 38,-1,
		 45, 46, 47, 48,-1,
		 49, 34, 50, 51,-1,
		 52, 49, 53, 54,-1,
		 55, 1, 2, 56,-1,
		 17, 16, 57, 58,-1,
		 21, 59, 60, 61,-1,
		 62, 24, 23, 63,-1,
		 28, 27, 64,-1,
		 65, 30, 64, 29,-1,
		 28, 66, 63, 32,-1,
		 67, 8, 7, 68,-1,
		 38, 69, 70,-1,
		 71, 40, 70, 72,-1,
		 38, 73, 43, 42,-1,
		 48, 74, 75, 45,-1,
		 76, 50, 68, 77,-1,
		 54, 53, 77, 78,-1,
		 3, 2, 8, 9,-1,
		 9, 8, 2, 3,-1,
		 4, 3, 9, 10,-1,
		 10, 9, 3, 4,-1,
		 79, 10, 11, 80,-1,
		 81, 82, 83, 84,-1,
		 85, 86, 87, 88,-1,
		 89, 90, 91, 92,-1,
		 93, 94, 95, 96,-1,
		 97, 98, 99, 100,-1,
		 101, 102, 103, 104,-1,
		 105, 106, 107, 108,-1,
		 109, 110, 111, 112,-1,
		 113, 114, 115, 116,-1,
		 117, 118, 119, 120,-1,
		 121, 122, 112, 123,-1,
		 124, 125, 126, 127,-1,
		 128, 129, 130, 131,-1,
		 132, 133, 134, 135,-1,
		 136, 137, 138, 139,-1,
		 140, 136, 139, 141,-1,
		 142, 140, 141, 143,-1,
		 144, 145, 146, 147,-1,
		 148, 144, 147, 149,-1,
		 137, 148, 149, 150,-1,
		 151, 152, 153, 154,-1,
		 155, 156, 157, 158,-1,
		 159, 160, 161, 162,-1,
		 163, 164, 165, 166,-1,
		 167, 163, 166, 168,-1,
		 169, 167, 168, 170,-1,
		 171, 172, 173, 174,-1,
		 175, 171, 174, 176,-1,
		 164, 175, 176, 177,-1,
		 178, 179, 180, 181,-1,
		 182, 183, 184, 185,-1,
		 186, 187, 177, 188,-1,
		 189, 190, 191, 192,-1,
		 193, 189, 192, 194,-1,
		 195, 196, 197, 198,-1,
		 199, 195, 198, 200,-1,
		 201, 202, 203, 204,-1,
		 205, 206, 207, 208,-1,
		 209, 210, 211, 212,-1,
		 213, 214, 215, 216,-1,
		 217, 218, 219, 220,-1,
		 221, 222, 223, 224,-1,
		 225, 226, 227, 228,-1,
		 229, 230, 231, 232,-1,
		 233, 234, 235, 236,-1,
		 237, 238, 239, 240,-1,
		 241, 242, 243, 244,-1,
		 245, 246, 247, 248,-1,
		 249, 245, 248, 250,-1,
		 251, 252, 236, 253,-1,
		 254, 251, 253, 255,-1,
		 256, 257, 258, 259,-1,
		 260, 261, 262, 263,-1,
		 264, 265, 266, 267,-1,
		 268, 269, 270, 271,-1,
		 272, 273, 274, 275,-1,
		 276, 272, 275, 277,-1,
		 278, 279, 280, 281,-1,
		 282, 278, 281, 283,-1,
		 284, 285, 286, 287,-1,
		 288, 289, 290, 291,-1,
		 292, 293, 294, 295,-1,
		 296, 297, 298, 299,-1,
		 300, 296, 299, 301,-1,
		 302, 303, 304, 305,-1,
		 306, 302, 305, 307,-1,
		 308, 309, 310, 311,-1,
		 312, 313, 314, 315,-1,
		 316, 317, 318, 319,-1,
		 320, 321, 307, 322,-1,
		 323, 324, 325, 326,-1,
		 327, 323, 326, 328,-1,
		 329, 327, 328, 330,-1,
		 331, 329, 332, 333,-1,
		 334, 331, 333, 335,-1,
		 336, 334, 335, 337,-1,
		 338, 339, 340, 341,-1,
		 342, 343, 344, 345,-1,
		 346, 347, 348, 349,-1,
		 350, 351, 352, 353,-1,
		 354, 355, 356, 357,-1,
		 358, 359, 360, 361,-1,
		 362, 363, 364, 365,-1,
		 366, 367, 368, 369,-1,
		 370, 371, 372, 373,-1,
		 374, 375, 376, 377,-1,
		 378, 374, 377, 379,-1,
		 380, 378, 379, 381,-1,
		 382, 380, 365, 383,-1,
		 384, 382, 383, 385,-1,
		 386, 384, 385, 387,-1,
		 388, 389, 390, 391,-1,
		 392, 393, 394, 395,-1,
		 396, 397, 398, 399,-1,
		 400, 5, 4, 401,-1,
		 402, 403, 404, 405,-1,
		 406, 407, 408, 409,-1,
		 410, 411, 401, 412,-1,
		]
	} #IndexedFaceSet
	Material {
		ambientColor      0.1108 0.1108 0.2500  #ambientColor
		diffuseColor      0.4431 0.4431 1.0000  #diffuseColor
		transparency      0.0000                #transparency
	} #Material

	IndexedFaceSet {
		coordIndex [ 
		 405, 413, 399, 398,-1,
		 369, 414, 345, 344,-1,
		 311, 415, 271, 270,-1,
		 240, 416, 208, 207,-1,
		 181, 417, 135, 134,-1,
		 116, 418, 92, 91,-1,
		 409, 419, 114, 402,-1,
		 411, 121, 118, 406,-1,
		 397, 89, 88, 394,-1,
		 393, 85, 82, 388,-1,
		 331, 334, 278, 260, 195, 144, 148, 137, 136, 140, 189, 209, 272, 323, 327, 329,-1,
		 382, 384, 302, 320, 251, 171, 175, 164, 163, 167, 245, 229, 296, 374, 378, 380,-1,
		]
	} #IndexedFaceSet
	Material {
		ambientColor      0.2500 0.2500 0.2500  #ambientColor
		diffuseColor      1.0000 1.0000 1.0000  #diffuseColor
		transparency      0.0000                #transparency
	} #Material

	IndexedFaceSet {
		coordIndex [ 
		 420, 11, 10, 421,-1,
		 422, 423, 82, 424,-1,
		 88, 425, 426, 85,-1,
		 92, 91, 427, 89,-1,
		 428, 429, 430, 431,-1,
		 432, 433, 434, 435,-1,
		 436, 437, 438, 439,-1,
		 440, 441, 442, 443,-1,
		 444, 445, 446, 447,-1,
		 116, 448, 114, 449,-1,
		 450, 451, 118, 452,-1,
		 453, 444, 454, 121,-1,
		 455, 456, 457, 458,-1,
		 459, 460, 461, 462,-1,
		 135, 134, 463, 464,-1,
		 465, 466, 137, 136,-1,
		 467, 465, 136, 140,-1,
		 468, 467, 140, 469,-1,
		 470, 471, 472, 144,-1,
		 473, 470, 144, 148,-1,
		 474, 473, 148, 137,-1,
		 475, 476, 477, 478,-1,
		 479, 480, 481, 482,-1,
		 483, 484, 485, 486,-1,
		 487, 488, 164, 163,-1,
		 489, 487, 163, 167,-1,
		 490, 489, 167, 491,-1,
		 492, 493, 494, 171,-1,
		 495, 492, 171, 175,-1,
		 496, 495, 175, 164,-1,
		 181, 497, 498, 499,-1,
		 500, 501, 502, 503,-1,
		 504, 496, 505, 506,-1,
		 507, 508, 509, 189,-1,
		 510, 507, 189, 511,-1,
		 512, 513, 514, 195,-1,
		 515, 512, 195, 516,-1,
		 517, 518, 519, 520,-1,
		 208, 207, 521, 522,-1,
		 523, 524, 525, 209,-1,
		 526, 527, 528, 529,-1,
		 530, 531, 532, 533,-1,
		 534, 535, 536, 537,-1,
		 538, 539, 540, 541,-1,
		 542, 543, 544, 229,-1,
		 545, 546, 547, 548,-1,
		 240, 549, 550, 551,-1,
		 552, 553, 554, 555,-1,
		 556, 557, 558, 245,-1,
		 559, 556, 245, 560,-1,
		 561, 545, 562, 251,-1,
		 563, 561, 251, 564,-1,
		 565, 566, 567, 568,-1,
		 569, 570, 571, 260,-1,
		 572, 573, 574, 575,-1,
		 271, 270, 576, 577,-1,
		 578, 579, 580, 272,-1,
		 581, 578, 272, 582,-1,
		 583, 584, 585, 278,-1,
		 586, 583, 278, 587,-1,
		 588, 589, 590, 591,-1,
		 592, 593, 594, 595,-1,
		 596, 597, 598, 599,-1,
		 600, 601, 602, 296,-1,
		 603, 600, 296, 604,-1,
		 605, 606, 607, 302,-1,
		 608, 605, 302, 609,-1,
		 311, 610, 611, 612,-1,
		 613, 614, 615, 616,-1,
		 617, 618, 619, 620,-1,
		 621, 608, 622, 320,-1,
		 623, 624, 625, 323,-1,
		 626, 623, 323, 327,-1,
		 627, 626, 327, 329,-1,
		 628, 629, 329, 331,-1,
		 630, 628, 331, 334,-1,
		 631, 630, 334, 632,-1,
		 633, 634, 635, 636,-1,
		 345, 344, 637, 638,-1,
		 639, 640, 641, 642,-1,
		 643, 644, 645, 646,-1,
		 647, 648, 649, 650,-1,
		 651, 652, 653, 654,-1,
		 655, 656, 657, 658,-1,
		 369, 659, 660, 661,-1,
		 662, 663, 664, 665,-1,
		 666, 667, 668, 374,-1,
		 669, 666, 374, 378,-1,
		 670, 669, 378, 380,-1,
		 671, 655, 380, 382,-1,
		 672, 671, 382, 384,-1,
		 673, 672, 384, 674,-1,
		 675, 676, 677, 388,-1,
		 678, 394, 393, 679,-1,
		 399, 398, 397, 680,-1,
		 681, 4, 5, 682,-1,
		 405, 683, 684, 402,-1,
		 409, 685, 686, 406,-1,
		 687, 681, 411, 688,-1,
		]
	} #IndexedFaceSet
	Material {
		ambientColor      0.1108 0.1108 0.2500  #ambientColor
		diffuseColor      0.4431 0.4431 1.0000  #diffuseColor
		transparency      0.0000                #transparency
	} #Material

	IndexedFaceSet {
		coordIndex [ 
		 398, 399, 413, 405,-1,
		 344, 345, 414, 369,-1,
		 270, 271, 415, 311,-1,
		 207, 208, 416, 240,-1,
		 134, 135, 417, 181,-1,
		 91, 92, 418, 116,-1,
		 402, 114, 419, 409,-1,
		 406, 118, 121, 411,-1,
		 394, 88, 89, 397,-1,
		 388, 82, 85, 393,-1,
		 329, 327, 323, 272, 209, 189, 140, 136, 137, 148, 144, 195, 260, 278, 334, 331,-1,
		 380, 378, 374, 296, 229, 245, 167, 163, 164, 175, 171, 251, 320, 302, 384, 382,-1,
		]
	} #IndexedFaceSet
	Material {
		ambientColor      0.2500 0.2500 0.2500  #ambientColor
		diffuseColor      1.0000 1.0000 1.0000  #diffuseColor
		transparency      0.0000                #transparency
	} #Material

	IndexedFaceSet {
		coordIndex [ 
		 689, 690, 691, 692,-1,
		 693, 694, 695, 696,-1,
		 697, 698, 699, 700,-1,
		 701, 702, 703,-1,
		 704, 6, 705, 706, 707,-1,
		 708, 709, 710, 711,-1,
		 712, 713, 714, 715,-1,
		 716, 717, 718, 719,-1,
		 720, 721, 722,-1,
		 723, 724, 725, 726,-1,
		 727, 728, 729, 730,-1,
		 731, 732, 733, 734,-1,
		 735, 736, 737, 738,-1,
		 739, 740, 741, 742,-1,
		 743, 744, 745, 746,-1,
		 747, 748, 749, 750,-1,
		 751, 752, 753, 754,-1,
		 755, 756, 757, 758,-1,
		 759, 760, 761, 762,-1,
		 763, 764, 765, 766,-1,
		 767, 768, 769, 770,-1,
		 771, 772, 773, 774,-1,
		 7, 775, 776, 777,-1,
		 778, 779, 780, 781,-1,
		 782, 783, 784, 785,-1,
		 786, 787, 788, 789,-1,
		 790, 8, 791, 792,-1,
		 793, 794, 795, 796,-1,
		 797, 798, 799, 800,-1,
		 801, 802, 803, 804,-1,
		 805, 790, 806, 807,-1,
		 808, 809, 810, 811,-1,
		 812, 813, 814, 815,-1,
		 816, 817, 818, 819,-1,
		 820, 767, 821, 822,-1,
		 823, 824, 825, 826,-1,
		 827, 828, 829, 830,-1,
		 831, 832, 833, 834,-1,
		 835, 743, 836, 837,-1,
		 838, 839, 840, 841,-1,
		 842, 843, 844, 845,-1,
		 846, 847, 848, 849,-1,
		 850, 851, 852, 853,-1,
		 854, 850, 853, 855,-1,
		]
	} #IndexedFaceSet
	Material {
		ambientColor      0.0000 0.0000 0.0000  #ambientColor
		diffuseColor      0.0000 0.0000 0.0000  #diffuseColor
		transparency      0.0000                #transparency
	} #Material

	IndexedFaceSet {
		coordIndex [ 
		 856, 838, 857,-1,
		 858, 823, 726, 725,-1,
		 859, 808, 750, 749,-1,
		 860, 793, 774, 773,-1,
		 861, 708, 707, 706,-1,
		 862, 731, 730, 729,-1,
		 863, 755, 754, 753,-1,
		 864, 778, 777, 776,-1,
		 865, 842, 841, 691,-1,
		 866, 827, 826, 825,-1,
		 867, 812, 811, 810,-1,
		 868, 797, 796, 795,-1,
		 869, 712, 711, 710,-1,
		 870, 735, 734, 733,-1,
		 871, 759, 758, 757,-1,
		 872, 782, 781, 780,-1,
		 698, 846, 845, 695,-1,
		 873, 831, 830, 829,-1,
		 874, 816, 815, 814,-1,
		 875, 801, 800, 799,-1,
		 717, 716, 715, 714,-1,
		 876, 739, 738, 737,-1,
		 877, 763, 762, 761,-1,
		 878, 786, 785, 784,-1,
		 853, 852, 849, 699, 879,-1,
		 837, 836, 834, 833,-1,
		 822, 821, 819, 818,-1,
		 807, 806, 804, 803,-1,
		 880, 722, 719, 718, 881,-1,
		 746, 745, 742, 741,-1,
		 770, 769, 766, 765,-1,
		 792, 791, 789, 788,-1,
		]
	} #IndexedFaceSet
	Material {
		ambientColor      0.2500 0.2500 0.2500  #ambientColor
		diffuseColor      1.0000 1.0000 1.0000  #diffuseColor
		transparency      0.0000                #transparency
	} #Material

	IndexedFaceSet {
		coordIndex [ 
		 882, 691, 883, 884,-1,
		 885, 695, 886, 887,-1,
		 888, 699, 698, 889,-1,
		 890, 891, 892,-1,
		 707, 706, 893, 6, 894,-1,
		 711, 710, 895, 708,-1,
		 715, 714, 896, 712,-1,
		 719, 718, 717, 716,-1,
		 722, 897, 898,-1,
		 726, 725, 899, 900,-1,
		 730, 729, 901, 902,-1,
		 734, 733, 903, 731,-1,
		 738, 737, 904, 735,-1,
		 742, 741, 905, 739,-1,
		 746, 745, 906, 907,-1,
		 750, 749, 908, 909,-1,
		 754, 753, 910, 911,-1,
		 758, 757, 912, 755,-1,
		 762, 761, 913, 759,-1,
		 766, 765, 914, 763,-1,
		 770, 769, 915, 916,-1,
		 774, 773, 917, 918,-1,
		 777, 776, 919, 7,-1,
		 781, 780, 920, 778,-1,
		 785, 784, 921, 782,-1,
		 789, 788, 922, 786,-1,
		 792, 791, 8, 923,-1,
		 796, 795, 924, 793,-1,
		 800, 799, 925, 797,-1,
		 804, 803, 926, 801,-1,
		 807, 806, 923, 927,-1,
		 811, 810, 928, 808,-1,
		 815, 814, 929, 812,-1,
		 819, 818, 930, 816,-1,
		 822, 821, 916, 931,-1,
		 826, 825, 932, 823,-1,
		 830, 829, 933, 827,-1,
		 834, 833, 934, 831,-1,
		 837, 836, 907, 935,-1,
		 841, 936, 937, 838,-1,
		 845, 938, 939, 842,-1,
		 849, 940, 941, 846,-1,
		 853, 852, 942, 943,-1,
		 944, 853, 943, 945,-1,
		]
	} #IndexedFaceSet
	Material {
		ambientColor      0.0000 0.0000 0.0000  #ambientColor
		diffuseColor      0.0000 0.0000 0.0000  #diffuseColor
		transparency      0.0000                #transparency
	} #Material

	IndexedFaceSet {
		coordIndex [ 
		 857, 838, 856,-1,
		 725, 726, 823, 858,-1,
		 749, 750, 808, 859,-1,
		 773, 774, 793, 860,-1,
		 706, 707, 708, 861,-1,
		 729, 730, 731, 862,-1,
		 753, 754, 755, 863,-1,
		 776, 777, 778, 864,-1,
		 691, 841, 842, 865,-1,
		 825, 826, 827, 866,-1,
		 810, 811, 812, 867,-1,
		 795, 796, 797, 868,-1,
		 710, 711, 712, 869,-1,
		 733, 734, 735, 870,-1,
		 757, 758, 759, 871,-1,
		 780, 781, 782, 872,-1,
		 695, 845, 846, 698,-1,
		 829, 830, 831, 873,-1,
		 814, 815, 816, 874,-1,
		 799, 800, 801, 875,-1,
		 714, 715, 716, 717,-1,
		 737, 738, 739, 876,-1,
		 761, 762, 763, 877,-1,
		 784, 785, 786, 878,-1,
		 879, 699, 849, 852, 853,-1,
		 833, 834, 836, 837,-1,
		 818, 819, 821, 822,-1,
		 803, 804, 806, 807,-1,
		 881, 718, 719, 722, 880,-1,
		 741, 742, 745, 746,-1,
		 765, 766, 769, 770,-1,
		 788, 789, 791, 792,-1,
		]
	} #IndexedFaceSet
} #Polyhedron
Separator { #Polyhedron
	DEF COORD1 Coordinate3 {
		point [
		 0.0250 0.7112 0.0042,
		 -0.0227 1.1684 0.0216,
		 -0.2853 1.1938 0.1171,
		 0.0272 0.7112 0.0101,
		 -0.0205 1.1684 0.0275,
		 -0.2831 1.1938 0.1231
		]
	} #Coordinate3
	Material {
		ambientColor      0.2500 0.2500 0.2500  #ambientColor
		diffuseColor      1.0000 1.0000 1.0000  #diffuseColor
		transparency      0.4980                #transparency
	} #Material

	IndexedFaceSet {
		coordIndex [ 
		 0, 1, 2,-1,
		 2, 1, 0,-1,
		 0, 2, 5, 3,-1,
		 3, 5, 2, 0,-1,
		 1, 0, 3, 4,-1,
		 4, 3, 0, 1,-1,
		 2, 1, 4, 5,-1,
		 5, 4, 1, 2,-1,
		 5, 4, 3,-1,
		 3, 4, 5,-1,
		]
	} #IndexedFaceSet
} #Polyhedron
Separator { #Polyhedron
	DEF COORD2 Coordinate3 {
		point [
		 0.0977 1.2192 -0.2129,
		 0.0712 1.1938 -0.0628,
		 0.0624 0.7112 -0.0128,
		 0.1039 1.2192 -0.2118,
		 0.0775 1.1938 -0.0617,
		 0.0687 0.7112 -0.0117
		]
	} #Coordinate3
	Material {
		ambientColor      0.2500 0.2500 0.2500  #ambientColor
		diffuseColor      1.0000 1.0000 1.0000  #diffuseColor
		transparency      0.4980                #transparency
	} #Material

	IndexedFaceSet {
		coordIndex [ 
		 0, 1, 2,-1,
		 2, 1, 0,-1,
		 0, 2, 5, 3,-1,
		 3, 5, 2, 0,-1,
		 1, 0, 3, 4,-1,
		 4, 3, 0, 1,-1,
		 2, 1, 4, 5,-1,
		 5, 4, 1, 2,-1,
		 5, 4, 3,-1,
		 3, 4, 5,-1,
		]
	} #IndexedFaceSet
} #Polyhedron
Separator { #Polyhedron
	DEF COORD3 Coordinate3 {
		point [
		 -0.0065 1.3716 0.2155,
		 0.0395 1.2700 0.0438,
		 0.0461 0.7112 0.0193,
		 -0.0126 1.3716 0.2139,
		 0.0334 1.2700 0.0422,
		 0.0400 0.7112 0.0176
		]
	} #Coordinate3
	Material {
		ambientColor      0.2500 0.2500 0.2500  #ambientColor
		diffuseColor      1.0000 1.0000 1.0000  #diffuseColor
		transparency      0.4980                #transparency
	} #Material

	IndexedFaceSet {
		coordIndex [ 
		 0, 1, 2,-1,
		 2, 1, 0,-1,
		 0, 2, 5, 3,-1,
		 3, 5, 2, 0,-1,
		 1, 0, 3, 4,-1,
		 4, 3, 0, 1,-1,
		 2, 1, 4, 5,-1,
		 5, 4, 1, 2,-1,
		 5, 4, 3,-1,
		 3, 4, 5,-1,
		]
	} #IndexedFaceSet
} #Polyhedron
Separator { #Polyhedron
	DEF COORD4 Coordinate3 {
		point [
		 0.0444 0.7112 -0.0017,
		 0.0317 0.9652 -0.0237,
		 -0.0190 1.3462 -0.1117,
		 0.0389 0.7112 0.0015,
		 0.0263 0.9652 -0.0205,
		 -0.0245 1.3462 -0.1085
		]
	} #Coordinate3
	Material {
		ambientColor      0.2500 0.2500 0.2500  #ambientColor
		diffuseColor      1.0000 1.0000 1.0000  #diffuseColor
		transparency      0.4980                #transparency
	} #Material

	IndexedFaceSet {
		coordIndex [ 
		 0, 1, 2,-1,
		 2, 1, 0,-1,
		 0, 2, 5, 3,-1,
		 3, 5, 2, 0,-1,
		 1, 0, 3, 4,-1,
		 4, 3, 0, 1,-1,
		 2, 1, 4, 5,-1,
		 5, 4, 1, 2,-1,
		 5, 4, 3,-1,
		 3, 4, 5,-1,
		]
	} #IndexedFaceSet
} #Polyhedron
Separator { #Polyhedron
	DEF COORD5 Coordinate3 {
		point [
		 0.0672 0.7112 0.0133,
		 0.0994 1.7018 0.0824,
		 0.0672 1.7780 0.0133,
		 0.0614 0.7112 0.0160,
		 0.0936 1.7018 0.0850,
		 0.0614 1.7780 0.0160
		]
	} #Coordinate3
	Material {
		ambientColor      0.2500 0.2500 0.2500  #ambientColor
		diffuseColor      1.0000 1.0000 1.0000  #diffuseColor
		transparency      0.4980                #transparency
	} #Material

	IndexedFaceSet {
		coordIndex [ 
		 0, 1, 2,-1,
		 2, 1, 0,-1,
		 0, 2, 5, 3,-1,
		 3, 5, 2, 0,-1,
		 1, 0, 3, 4,-1,
		 4, 3, 0, 1,-1,
		 2, 1, 4, 5,-1,
		 5, 4, 1, 2,-1,
		 5, 4, 3,-1,
		 3, 4, 5,-1,
		]
	} #IndexedFaceSet
} #Polyhedron
Separator { #Polyhedron
	DEF COORD6 Coordinate3 {
		point [
		 0.3954 1.6002 0.0902,
		 0.2727 1.2954 0.0573,
		 0.3218 1.6510 0.0704,
		 0.3970 1.6002 0.0840,
		 0.2743 1.2954 0.0512,
		 0.3234 1.6510 0.0643
		]
	} #Coordinate3
	Material {
		ambientColor      0.2500 0.2500 0.2500  #ambientColor
		diffuseColor      1.0000 1.0000 1.0000  #diffuseColor
		transparency      0.4980                #transparency
	} #Material

	IndexedFaceSet {
		coordIndex [ 
		 0, 1, 2,-1,
		 2, 1, 0,-1,
		 0, 2, 5, 3,-1,
		 3, 5, 2, 0,-1,
		 1, 0, 3, 4,-1,
		 4, 3, 0, 1,-1,
		 2, 1, 4, 5,-1,
		 5, 4, 1, 2,-1,
		 5, 4, 3,-1,
		 3, 4, 5,-1,
		]
	} #IndexedFaceSet
} #Polyhedron
Separator { #Polyhedron
	DEF COORD7 Coordinate3 {
		point [
		 0.1991 1.8034 0.0376,
		 0.4444 1.7018 0.1033,
		 0.3954 1.6002 0.0902,
		 0.1991 1.7780 0.0376,
		 0.2007 1.8034 0.0314,
		 0.4461 1.7018 0.0972,
		 0.3970 1.6002 0.0840,
		 0.2007 1.7780 0.0314
		]
	} #Coordinate3
	Material {
		ambientColor      0.2500 0.2500 0.2500  #ambientColor
		diffuseColor      1.0000 1.0000 1.0000  #diffuseColor
		transparency      0.4980                #transparency
	} #Material

	IndexedFaceSet {
		coordIndex [ 
		 0, 1, 2, 3,-1,
		 3, 2, 1, 0,-1,
		 0, 3, 7, 4,-1,
		 4, 7, 3, 0,-1,
		 1, 0, 4, 5,-1,
		 5, 4, 0, 1,-1,
		 2, 1, 5, 6,-1,
		 6, 5, 1, 2,-1,
		 3, 2, 6, 7,-1,
		 7, 6, 2, 3,-1,
		 7, 6, 5, 4,-1,
		 4, 5, 6, 7,-1,
		]
	} #IndexedFaceSet
} #Polyhedron
Separator { #Polyhedron
	DEF COORD8 Coordinate3 {
		point [
		 0.0764 0.7112 0.0047,
		 0.1009 1.7526 0.0113,
		 0.1991 1.8034 0.0376,
		 0.0781 0.7112 -0.0014,
		 0.1026 1.7526 0.0051,
		 0.2007 1.8034 0.0314
		]
	} #Coordinate3
	Material {
		ambientColor      0.2500 0.2500 0.2500  #ambientColor
		diffuseColor      1.0000 1.0000 1.0000  #diffuseColor
		transparency      0.4980                #transparency
	} #Material

	IndexedFaceSet {
		coordIndex [ 
		 0, 1, 2,-1,
		 2, 1, 0,-1,
		 0, 2, 5, 3,-1,
		 3, 5, 2, 0,-1,
		 1, 0, 3, 4,-1,
		 4, 3, 0, 1,-1,
		 2, 1, 4, 5,-1,
		 5, 4, 1, 2,-1,
		 5, 4, 3,-1,
		 3, 4, 5,-1,
		]
	} #IndexedFaceSet
} #Polyhedron
Separator { #Polyhedron
	DEF COORD9 Coordinate3 {
		point [
		 -0.0199 1.2700 -0.2955,
		 -0.0133 1.2954 -0.2710,
		 -0.0199 1.3716 -0.2955,
		 -0.0260 1.2700 -0.2938,
		 -0.0194 1.2954 -0.2693,
		 -0.0260 1.3716 -0.2938
		]
	} #Coordinate3
	Material {
		ambientColor      0.2500 0.2500 0.2500  #ambientColor
		diffuseColor      1.0000 1.0000 1.0000  #diffuseColor
		transparency      0.4980                #transparency
	} #Material

	IndexedFaceSet {
		coordIndex [ 
		 0, 1, 2,-1,
		 2, 1, 0,-1,
		 0, 2, 5, 3,-1,
		 3, 5, 2, 0,-1,
		 1, 0, 3, 4,-1,
		 4, 3, 0, 1,-1,
		 2, 1, 4, 5,-1,
		 5, 4, 1, 2,-1,
		 5, 4, 3,-1,
		 3, 4, 5,-1,
		]
	} #IndexedFaceSet
} #Polyhedron
Separator { #Polyhedron
	DEF COORD10 Coordinate3 {
		point [
		 -0.0659 1.8796 -0.4672,
		 -0.0330 1.4732 -0.3446,
		 -0.0527 1.9050 -0.4182,
		 -0.0720 1.8796 -0.4656,
		 -0.0391 1.4732 -0.3429,
		 -0.0589 1.9050 -0.4165
		]
	} #Coordinate3
	Material {
		ambientColor      0.2500 0.2500 0.2500  #ambientColor
		diffuseColor      1.0000 1.0000 1.0000  #diffuseColor
		transparency      0.4980                #transparency
	} #Material

	IndexedFaceSet {
		coordIndex [ 
		 0, 1, 2,-1,
		 2, 1, 0,-1,
		 0, 2, 5, 3,-1,
		 3, 5, 2, 0,-1,
		 1, 0, 3, 4,-1,
		 4, 3, 0, 1,-1,
		 2, 1, 4, 5,-1,
		 5, 4, 1, 2,-1,
		 5, 4, 3,-1,
		 3, 4, 5,-1,
		]
	} #IndexedFaceSet
} #Polyhedron
Separator { #Polyhedron
	DEF COORD11 Coordinate3 {
		point [
		 -0.0330 2.0574 -0.3446,
		 -0.0659 1.9558 -0.4672,
		 -0.0659 1.8796 -0.4672,
		 -0.0199 1.9558 -0.2955,
		 -0.0391 2.0574 -0.3429,
		 -0.0720 1.9558 -0.4656,
		 -0.0720 1.8796 -0.4656,
		 -0.0260 1.9558 -0.2938
		]
	} #Coordinate3
	Material {
		ambientColor      0.2500 0.2500 0.2500  #ambientColor
		diffuseColor      1.0000 1.0000 1.0000  #diffuseColor
		transparency      0.4980                #transparency
	} #Material

	IndexedFaceSet {
		coordIndex [ 
		 0, 1, 2, 3,-1,
		 3, 2, 1, 0,-1,
		 0, 3, 7, 4,-1,
		 4, 7, 3, 0,-1,
		 1, 0, 4, 5,-1,
		 5, 4, 0, 1,-1,
		 2, 1, 5, 6,-1,
		 6, 5, 1, 2,-1,
		 3, 2, 6, 7,-1,
		 7, 6, 2, 3,-1,
		 7, 6, 5, 4,-1,
		 4, 5, 6, 7,-1,
		]
	} #IndexedFaceSet
} #Polyhedron
Separator { #Polyhedron
	DEF COORD12 Coordinate3 {
		point [
		 0.0459 1.6002 -0.0501,
		 -0.0001 2.0574 -0.2219,
		 -0.0330 2.0574 -0.3446,
		 0.0327 1.5748 -0.0992,
		 0.0397 1.6002 -0.0485,
		 -0.0063 2.0574 -0.2202,
		 -0.0391 2.0574 -0.3429,
		 0.0266 1.5748 -0.0976
		]
	} #Coordinate3
	Material {
		ambientColor      0.2500 0.2500 0.2500  #ambientColor
		diffuseColor      1.0000 1.0000 1.0000  #diffuseColor
		transparency      0.4980                #transparency
	} #Material

	IndexedFaceSet {
		coordIndex [ 
		 0, 1, 2, 3,-1,
		 3, 2, 1, 0,-1,
		 0, 3, 7, 4,-1,
		 4, 7, 3, 0,-1,
		 1, 0, 4, 5,-1,
		 5, 4, 0, 1,-1,
		 2, 1, 5, 6,-1,
		 6, 5, 1, 2,-1,
		 3, 2, 6, 7,-1,
		 7, 6, 2, 3,-1,
		 7, 6, 5, 4,-1,
		 4, 5, 6, 7,-1,
		]
	} #IndexedFaceSet
} #Polyhedron
Separator { #Polyhedron
	DEF COORD13 Coordinate3 {
		point [
		 0.0524 0.7112 -0.0256,
		 0.0459 1.6002 -0.0501,
		 0.0327 1.5748 -0.0992,
		 0.0463 0.7112 -0.0240,
		 0.0397 1.6002 -0.0485,
		 0.0266 1.5748 -0.0976
		]
	} #Coordinate3
	Material {
		ambientColor      0.2500 0.2500 0.2500  #ambientColor
		diffuseColor      1.0000 1.0000 1.0000  #diffuseColor
		transparency      0.4980                #transparency
	} #Material

	IndexedFaceSet {
		coordIndex [ 
		 0, 1, 2,-1,
		 2, 1, 0,-1,
		 0, 2, 5, 3,-1,
		 3, 5, 2, 0,-1,
		 1, 0, 3, 4,-1,
		 4, 3, 0, 1,-1,
		 2, 1, 4, 5,-1,
		 5, 4, 1, 2,-1,
		 5, 4, 3,-1,
		 3, 4, 5,-1,
		]
	} #IndexedFaceSet
} #Polyhedron
Separator { #Polyhedron
	DEF COORD14 Coordinate3 {
		point [
		 0.1983 0.5334 -0.4888,
		 0.3741 0.5334 -0.3951,
		 0.5007 0.5334 -0.2413,
		 0.5588 0.5334 -0.0508,
		 0.5396 0.5334 0.1475,
		 0.4459 0.5334 0.3233,
		 0.2921 0.5334 0.4499,
		 0.1016 0.5334 0.5080,
		 -0.0967 0.5334 0.4888,
		 -0.2725 0.5334 0.3951,
		 -0.3991 0.5334 0.2413,
		 -0.4572 0.5334 0.0508,
		 -0.4380 0.5334 -0.1475,
		 -0.3443 0.5334 -0.3233,
		 -0.1905 0.5334 -0.4499,
		 0.0000 0.5334 -0.5080,
		 0.1983 0.3048 -0.4888,
		 0.3741 0.3048 -0.3951,
		 0.5007 0.3048 -0.2413,
		 0.5588 0.3048 -0.0508,
		 0.5396 0.3048 0.1475,
		 0.4459 0.3048 0.3233,
		 0.2921 0.3048 0.4499,
		 0.1016 0.3048 0.5080,
		 -0.0967 0.3048 0.4888,
		 -0.2725 0.3048 0.3951,
		 -0.3991 0.3048 0.2413,
		 -0.4572 0.3048 0.0508,
		 -0.4380 0.3048 -0.1475,
		 -0.3443 0.3048 -0.3233,
		 -0.1905 0.3048 -0.4499,
		 0.0000 0.3048 -0.5080,
		 0.3450 0.5334 0.4064,
		 -0.2513 0.5334 0.4064,
		 -0.0578 0.5334 0.3949,
		 0.1016 0.5334 0.4064,
		 -0.2727 0.5334 0.3949,
		 -0.2006 0.5334 0.3233,
		 -0.3316 0.5334 0.3233,
		 -0.3052 0.5334 0.2025,
		 -0.4109 0.5334 0.2025,
		 -0.3556 0.5334 0.0508,
		 -0.3441 0.5334 -0.1086,
		 -0.4417 0.5334 -0.1086,
		 -0.2725 0.5334 -0.2514,
		 -0.3826 0.5334 -0.2514,
		 -0.1517 0.5334 -0.3560,
		 -0.3046 0.5334 -0.3560,
		 0.0000 0.5334 -0.4064,
		 -0.2434 0.5334 -0.4064,
		 -0.2434 0.5334 -0.4064,
		 0.3529 0.5334 -0.4064,
		 0.1594 0.5334 -0.3949,
		 0.3743 0.5334 -0.3949,
		 0.3022 0.5334 -0.3233,
		 0.4332 0.5334 -0.3233,
		 0.4068 0.5334 -0.2025,
		 0.5125 0.5334 -0.2025,
		 0.4572 0.5334 -0.0508,
		 0.4457 0.5334 0.1086,
		 0.5433 0.5334 0.1086,
		 0.3741 0.5334 0.2514,
		 0.4842 0.5334 0.2514,
		 0.2533 0.5334 0.3560,
		 0.4062 0.5334 0.3560,
		 0.3450 0.5334 0.4064,
		 -0.2513 0.5334 0.4064,
		 0.3450 0.5334 0.4064,
		 -0.2727 0.5334 0.3949,
		 -0.3316 0.5334 0.3233,
		 -0.4109 0.5334 0.2025,
		 -0.4417 0.5334 -0.1086,
		 -0.3826 0.5334 -0.2514,
		 -0.3046 0.5334 -0.3560,
		 -0.2434 0.5334 -0.4064,
		 0.3529 0.5334 -0.4064,
		 -0.2434 0.5334 -0.4064,
		 0.3743 0.5334 -0.3949,
		 0.4332 0.5334 -0.3233,
		 0.5125 0.5334 -0.2025,
		 0.5433 0.5334 0.1086,
		 0.4842 0.5334 0.2514,
		 0.4062 0.5334 0.3560,
		 0.3450 0.5334 0.4064
		]
	} #Coordinate3
	Material {
		ambientColor      0.1324 0.1324 0.1324  #ambientColor
		diffuseColor      0.5294 0.5294 0.5294  #diffuseColor
		transparency      0.0000                #transparency
	} #Material

	IndexedFaceSet {
		coordIndex [ 
		 32, 6, 7, 8, 33,-1,
		 34, 35, 33, 9, 36,-1,
		 37, 34, 36, 38,-1,
		 39, 37, 38, 10, 40,-1,
		 41, 39, 40, 11,-1,
		 42, 41, 11, 43,-1,
		 44, 42, 43, 12, 45,-1,
		 46, 44, 45, 13, 47,-1,
		 48, 46, 47, 49,-1,
		 50, 14, 15, 0, 51,-1,
		 52, 48, 51, 1, 53,-1,
		 54, 52, 53, 55,-1,
		 56, 54, 55, 2, 57,-1,
		 58, 56, 57, 3,-1,
		 59, 58, 3, 60,-1,
		 61, 59, 60, 4, 62,-1,
		 63, 61, 62, 5, 64,-1,
		 35, 63, 64, 65,-1,
		 66, 8, 7, 6, 67,-1,
		 68, 9, 66, 35, 34,-1,
		 69, 68, 34, 37,-1,
		 70, 10, 69, 37, 39,-1,
		 11, 70, 39, 41,-1,
		 71, 11, 41, 42,-1,
		 72, 12, 71, 42, 44,-1,
		 73, 13, 72, 44, 46,-1,
		 74, 73, 46, 48,-1,
		 75, 0, 15, 14, 76,-1,
		 77, 1, 75, 48, 52,-1,
		 78, 77, 52, 54,-1,
		 79, 2, 78, 54, 56,-1,
		 3, 79, 56, 58,-1,
		 80, 3, 58, 59,-1,
		 81, 4, 80, 59, 61,-1,
		 82, 5, 81, 61, 63,-1,
		 83, 82, 63, 35,-1,
		 0, 15, 31, 16,-1,
		 16, 31, 15, 0,-1,
		 1, 0, 16, 17,-1,
		 17, 16, 0, 1,-1,
		 2, 1, 17, 18,-1,
		 18, 17, 1, 2,-1,
		 3, 2, 18, 19,-1,
		 19, 18, 2, 3,-1,
		 4, 3, 19, 20,-1,
		 20, 19, 3, 4,-1,
		 5, 4, 20, 21,-1,
		 21, 20, 4, 5,-1,
		 6, 5, 21, 22,-1,
		 22, 21, 5, 6,-1,
		 7, 6, 22, 23,-1,
		 23, 22, 6, 7,-1,
		 8, 7, 23, 24,-1,
		 24, 23, 7, 8,-1,
		 9, 8, 24, 25,-1,
		 25, 24, 8, 9,-1,
		 10, 9, 25, 26,-1,
		 26, 25, 9, 10,-1,
		 11, 10, 26, 27,-1,
		 27, 26, 10, 11,-1,
		 12, 11, 27, 28,-1,
		 28, 27, 11, 12,-1,
		 13, 12, 28, 29,-1,
		 29, 28, 12, 13,-1,
		 14, 13, 29, 30,-1,
		 30, 29, 13, 14,-1,
		 15, 14, 30, 31,-1,
		 31, 30, 14, 15,-1,
		 31, 30, 29, 28, 27, 26, 25, 24, 23, 22, 21, 20, 19, 18, 17, 16,-1,
		 16, 17, 18, 19, 20, 21, 22, 23, 24, 25, 26, 27, 28, 29, 30, 31,-1,
		]
	} #IndexedFaceSet
} #Polyhedron
Separator { #Polyhedron
	DEF COORD15 Coordinate3 {
		point [
		 0.1594 0.5334 -0.3949,
		 0.3022 0.5334 -0.3233,
		 0.4068 0.5334 -0.2025,
		 0.4572 0.5334 -0.0508,
		 0.4457 0.5334 0.1086,
		 0.3741 0.5334 0.2514,
		 0.2533 0.5334 0.3560,
		 0.1016 0.5334 0.4064,
		 -0.0578 0.5334 0.3949,
		 -0.2006 0.5334 0.3233,
		 -0.3052 0.5334 0.2025,
		 -0.3556 0.5334 0.0508,
		 -0.3441 0.5334 -0.1086,
		 -0.2725 0.5334 -0.2514,
		 -0.1517 0.5334 -0.3560,
		 0.0000 0.5334 -0.4064,
		 0.1594 0.3048 -0.3949,
		 0.3022 0.3048 -0.3233,
		 0.4068 0.3048 -0.2025,
		 0.4572 0.3048 -0.0508,
		 0.4457 0.3048 0.1086,
		 0.3741 0.3048 0.2514,
		 0.2533 0.3048 0.3560,
		 0.1016 0.3048 0.4064,
		 -0.0578 0.3048 0.3949,
		 -0.2006 0.3048 0.3233,
		 -0.3052 0.3048 0.2025,
		 -0.3556 0.3048 0.0508,
		 -0.3441 0.3048 -0.1086,
		 -0.2725 0.3048 -0.2514,
		 -0.1517 0.3048 -0.3560,
		 0.0000 0.3048 -0.4064
		]
	} #Coordinate3
	Material {
		ambientColor      0.1324 0.1324 0.1324  #ambientColor
		diffuseColor      0.5294 0.5294 0.5294  #diffuseColor
		transparency      1.0000                #transparency
	} #Material

	IndexedFaceSet {
		coordIndex [ 
		 15, 14, 13, 12, 11, 10, 9, 8, 7, 6, 5, 4, 3, 2, 1, 0,-1,
		]
	} #IndexedFaceSet
	Material {
		ambientColor      0.1324 0.1324 0.1324  #ambientColor
		diffuseColor      0.5294 0.5294 0.5294  #diffuseColor
		transparency      0.0000                #transparency
	} #Material

	IndexedFaceSet {
		coordIndex [ 
		 0, 15, 31, 16,-1,
		 16, 31, 15, 0,-1,
		 1, 0, 16, 17,-1,
		 17, 16, 0, 1,-1,
		 2, 1, 17, 18,-1,
		 18, 17, 1, 2,-1,
		 3, 2, 18, 19,-1,
		 19, 18, 2, 3,-1,
		 4, 3, 19, 20,-1,
		 20, 19, 3, 4,-1,
		 5, 4, 20, 21,-1,
		 21, 20, 4, 5,-1,
		 6, 5, 21, 22,-1,
		 22, 21, 5, 6,-1,
		 7, 6, 22, 23,-1,
		 23, 22, 6, 7,-1,
		 8, 7, 23, 24,-1,
		 24, 23, 7, 8,-1,
		 9, 8, 24, 25,-1,
		 25, 24, 8, 9,-1,
		 10, 9, 25, 26,-1,
		 26, 25, 9, 10,-1,
		 11, 10, 26, 27,-1,
		 27, 26, 10, 11,-1,
		 12, 11, 27, 28,-1,
		 28, 27, 11, 12,-1,
		 13, 12, 28, 29,-1,
		 29, 28, 12, 13,-1,
		 14, 13, 29, 30,-1,
		 30, 29, 13, 14,-1,
		 15, 14, 30, 31,-1,
		 31, 30, 14, 15,-1,
		 31, 30, 29, 28, 27, 26, 25, 24, 23, 22, 21, 20, 19, 18, 17, 16,-1,
		 16, 17, 18, 19, 20, 21, 22, 23, 24, 25, 26, 27, 28, 29, 30, 31,-1,
		]
	} #IndexedFaceSet
} #Polyhedron
Separator { #Polyhedron
	DEF COORD16 Coordinate3 {
		point [
		 0.2063 0.4572 -0.3755,
		 0.3382 0.4572 -0.2874,
		 0.4263 0.4572 -0.1555,
		 0.4572 0.4572 -0.0000,
		 0.4263 0.4572 0.1555,
		 0.3382 0.4572 0.2874,
		 0.2063 0.4572 0.3755,
		 0.0508 0.4572 0.4064,
		 -0.1047 0.4572 0.3755,
		 -0.2366 0.4572 0.2874,
		 -0.3247 0.4572 0.1555,
		 -0.3556 0.4572 -0.0000,
		 -0.3247 0.4572 -0.1555,
		 -0.2366 0.4572 -0.2874,
		 -0.1047 0.4572 -0.3755,
		 0.0508 0.4572 -0.4064,
		 0.2063 0.4318 -0.3755,
		 0.3382 0.4318 -0.2874,
		 0.4263 0.4318 -0.1555,
		 0.4572 0.4318 -0.0000,
		 0.4263 0.4318 0.1555,
		 0.3382 0.4318 0.2874,
		 0.2063 0.4318 0.3755,
		 0.0508 0.4318 0.4064,
		 -0.1047 0.4318 0.3755,
		 -0.2366 0.4318 0.2874,
		 -0.3247 0.4318 0.1555,
		 -0.3556 0.4318 -0.0000,
		 -0.3247 0.4318 -0.1555,
		 -0.2366 0.4318 -0.2874,
		 -0.1047 0.4318 -0.3755,
		 0.0508 0.4318 -0.4064
		]
	} #Coordinate3
	Material {
		ambientColor      0.2500 0.2500 0.2500  #ambientColor
		diffuseColor      1.0000 1.0000 1.0000  #diffuseColor
		transparency      0.4980                #transparency
	} #Material

	IndexedFaceSet {
		coordIndex [ 
		 0, 1, 2, 3, 4, 5, 6, 7, 8, 9, 10, 11, 12, 13, 14, 15,-1,
		 15, 14, 13, 12, 11, 10, 9, 8, 7, 6, 5, 4, 3, 2, 1, 0,-1,
		 0, 15, 31, 16,-1,
		 16, 31, 15, 0,-1,
		 1, 0, 16, 17,-1,
		 17, 16, 0, 1,-1,
		 2, 1, 17, 18,-1,
		 18, 17, 1, 2,-1,
		 3, 2, 18, 19,-1,
		 19, 18, 2, 3,-1,
		 4, 3, 19, 20,-1,
		 20, 19, 3, 4,-1,
		 5, 4, 20, 21,-1,
		 21, 20, 4, 5,-1,
		 6, 5, 21, 22,-1,
		 22, 21, 5, 6,-1,
		 7, 6, 22, 23,-1,
		 23, 22, 6, 7,-1,
		 8, 7, 23, 24,-1,
		 24, 23, 7, 8,-1,
		 9, 8, 24, 25,-1,
		 25, 24, 8, 9,-1,
		 10, 9, 25, 26,-1,
		 26, 25, 9, 10,-1,
		 11, 10, 26, 27,-1,
		 27, 26, 10, 11,-1,
		 12, 11, 27, 28,-1,
		 28, 27, 11, 12,-1,
		 13, 12, 28, 29,-1,
		 29, 28, 12, 13,-1,
		 14, 13, 29, 30,-1,
		 30, 29, 13, 14,-1,
		 15, 14, 30, 31,-1,
		 31, 30, 14, 15,-1,
		 31, 30, 29, 28, 27, 26, 25, 24, 23, 22, 21, 20, 19, 18, 17, 16,-1,
		 16, 17, 18, 19, 20, 21, 22, 23, 24, 25, 26, 27, 28, 29, 30, 31,-1,
		]
	} #IndexedFaceSet
} #Polyhedron
Separator { #Polyhedron
	DEF COORD17 Coordinate3 {
		point [
		 0.1091 0.4572 -0.1408,
		 0.1586 0.4572 -0.1078,
		 0.1916 0.4572 -0.0583,
		 0.2032 0.4572 -0.0000,
		 0.1916 0.4572 0.0583,
		 0.1586 0.4572 0.1078,
		 0.1091 0.4572 0.1408,
		 0.0508 0.4572 0.1524,
		 -0.0075 0.4572 0.1408,
		 -0.0570 0.4572 0.1078,
		 -0.0900 0.4572 0.0583,
		 -0.1016 0.4572 -0.0000,
		 -0.0900 0.4572 -0.0583,
		 -0.0570 0.4572 -0.1078,
		 -0.0075 0.4572 -0.1408,
		 0.0508 0.4572 -0.1524,
		 0.1091 0.4318 -0.1408,
		 0.1586 0.4318 -0.1078,
		 0.1916 0.4318 -0.0583,
		 0.2032 0.4318 -0.0000,
		 0.1916 0.4318 0.0583,
		 0.1586 0.4318 0.1078,
		 0.1091 0.4318 0.1408,
		 0.0508 0.4318 0.1524,
		 -0.0075 0.4318 0.1408,
		 -0.0570 0.4318 0.1078,
		 -0.0900 0.4318 0.0583,
		 -0.1016 0.4318 -0.0000,
		 -0.0900 0.4318 -0.0583,
		 -0.0570 0.4318 -0.1078,
		 -0.0075 0.4318 -0.1408,
		 0.0508 0.4318 -0.1524
		]
	} #Coordinate3
	Material {
		ambientColor      0.1324 0.1324 0.1324  #ambientColor
		diffuseColor      0.5294 0.5294 0.5294  #diffuseColor
		transparency      0.0000                #transparency
	} #Material

	IndexedFaceSet {
		coordIndex [ 
		 0, 1, 2, 3, 4, 5, 6, 7, 8, 9, 10, 11, 12, 13, 14, 15,-1,
		 15, 14, 13, 12, 11, 10, 9, 8, 7, 6, 5, 4, 3, 2, 1, 0,-1,
		 0, 15, 31, 16,-1,
		 16, 31, 15, 0,-1,
		 1, 0, 16, 17,-1,
		 17, 16, 0, 1,-1,
		 2, 1, 17, 18,-1,
		 18, 17, 1, 2,-1,
		 3, 2, 18, 19,-1,
		 19, 18, 2, 3,-1,
		 4, 3, 19, 20,-1,
		 20, 19, 3, 4,-1,
		 5, 4, 20, 21,-1,
		 21, 20, 4, 5,-1,
		 6, 5, 21, 22,-1,
		 22, 21, 5, 6,-1,
		 7, 6, 22, 23,-1,
		 23, 22, 6, 7,-1,
		 8, 7, 23, 24,-1,
		 24, 23, 7, 8,-1,
		 9, 8, 24, 25,-1,
		 25, 24, 8, 9,-1,
		 10, 9, 25, 26,-1,
		 26, 25, 9, 10,-1,
		 11, 10, 26, 27,-1,
		 27, 26, 10, 11,-1,
		 12, 11, 27, 28,-1,
		 28, 27, 11, 12,-1,
		 13, 12, 28, 29,-1,
		 29, 28, 12, 13,-1,
		 14, 13, 29, 30,-1,
		 30, 29, 13, 14,-1,
		 15, 14, 30, 31,-1,
		 31, 30, 14, 15,-1,
		 31, 30, 29, 28, 27, 26, 25, 24, 23, 22, 21, 20, 19, 18, 17, 16,-1,
		 16, 17, 18, 19, 20, 21, 22, 23, 24, 25, 26, 27, 28, 29, 30, 31,-1,
		]
	} #IndexedFaceSet
} #Polyhedron
Separator { #Polyhedron
	DEF COORD18 Coordinate3 {
		point [
		 0.1091 0.4318 -0.1408,
		 0.1586 0.4318 -0.1078,
		 0.1916 0.4318 -0.0583,
		 0.2032 0.4318 -0.0000,
		 0.1916 0.4318 0.0583,
		 0.1586 0.4318 0.1078,
		 0.1091 0.4318 0.1408,
		 0.0508 0.4318 0.1524,
		 -0.0075 0.4318 0.1408,
		 -0.0570 0.4318 0.1078,
		 -0.0900 0.4318 0.0583,
		 -0.1016 0.4318 -0.0000,
		 -0.0900 0.4318 -0.0583,
		 -0.0570 0.4318 -0.1078,
		 -0.0075 0.4318 -0.1408,
		 0.0508 0.4318 -0.1524,
		 0.1091 0.3048 -0.1408,
		 0.1586 0.3048 -0.1078,
		 0.1916 0.3048 -0.0583,
		 0.2032 0.3048 -0.0000,
		 0.1916 0.3048 0.0583,
		 0.1586 0.3048 0.1078,
		 0.1091 0.3048 0.1408,
		 0.0508 0.3048 0.1524,
		 -0.0075 0.3048 0.1408,
		 -0.0570 0.3048 0.1078,
		 -0.0900 0.3048 0.0583,
		 -0.1016 0.3048 -0.0000,
		 -0.0900 0.3048 -0.0583,
		 -0.0570 0.3048 -0.1078,
		 -0.0075 0.3048 -0.1408,
		 0.0508 0.3048 -0.1524
		]
	} #Coordinate3
	Material {
		ambientColor      0.1324 0.1324 0.1324  #ambientColor
		diffuseColor      0.5294 0.5294 0.5294  #diffuseColor
		transparency      0.0000                #transparency
	} #Material

	IndexedFaceSet {
		coordIndex [ 
		 0, 1, 2, 3, 4, 5, 6, 7, 8, 9, 10, 11, 12, 13, 14, 15,-1,
		 15, 14, 13, 12, 11, 10, 9, 8, 7, 6, 5, 4, 3, 2, 1, 0,-1,
		 0, 15, 31, 16,-1,
		 16, 31, 15, 0,-1,
		 1, 0, 16, 17,-1,
		 17, 16, 0, 1,-1,
		 2, 1, 17, 18,-1,
		 18, 17, 1, 2,-1,
		 3, 2, 18, 19,-1,
		 19, 18, 2, 3,-1,
		 4, 3, 19, 20,-1,
		 20, 19, 3, 4,-1,
		 5, 4, 20, 21,-1,
		 21, 20, 4, 5,-1,
		 6, 5, 21, 22,-1,
		 22, 21, 5, 6,-1,
		 7, 6, 22, 23,-1,
		 23, 22, 6, 7,-1,
		 8, 7, 23, 24,-1,
		 24, 23, 7, 8,-1,
		 9, 8, 24, 25,-1,
		 25, 24, 8, 9,-1,
		 10, 9, 25, 26,-1,
		 26, 25, 9, 10,-1,
		 11, 10, 26, 27,-1,
		 27, 26, 10, 11,-1,
		 12, 11, 27, 28,-1,
		 28, 27, 11, 12,-1,
		 13, 12, 28, 29,-1,
		 29, 28, 12, 13,-1,
		 14, 13, 29, 30,-1,
		 30, 29, 13, 14,-1,
		 15, 14, 30, 31,-1,
		 31, 30, 14, 15,-1,
		 31, 30, 29, 28, 27, 26, 25, 24, 23, 22, 21, 20, 19, 18, 17, 16,-1,
		 16, 17, 18, 19, 20, 21, 22, 23, 24, 25, 26, 27, 28, 29, 30, 31,-1,
		]
	} #IndexedFaceSet
} #Polyhedron
Separator { #Polyhedron
	DEF COORD19 Coordinate3 {
		point [
		 0.1091 0.5334 -0.1408,
		 0.1586 0.5334 -0.1078,
		 0.1916 0.5334 -0.0583,
		 0.2032 0.5334 -0.0000,
		 0.1916 0.5334 0.0583,
		 0.1586 0.5334 0.1078,
		 0.1091 0.5334 0.1408,
		 0.0508 0.5334 0.1524,
		 -0.0075 0.5334 0.1408,
		 -0.0570 0.5334 0.1078,
		 -0.0900 0.5334 0.0583,
		 -0.1016 0.5334 -0.0000,
		 -0.0900 0.5334 -0.0583,
		 -0.0570 0.5334 -0.1078,
		 -0.0075 0.5334 -0.1408,
		 0.0508 0.5334 -0.1524,
		 0.1091 0.4572 -0.1408,
		 0.1586 0.4572 -0.1078,
		 0.1916 0.4572 -0.0583,
		 0.2032 0.4572 -0.0000,
		 0.1916 0.4572 0.0583,
		 0.1586 0.4572 0.1078,
		 0.1091 0.4572 0.1408,
		 0.0508 0.4572 0.1524,
		 -0.0075 0.4572 0.1408,
		 -0.0570 0.4572 0.1078,
		 -0.0900 0.4572 0.0583,
		 -0.1016 0.4572 -0.0000,
		 -0.0900 0.4572 -0.0583,
		 -0.0570 0.4572 -0.1078,
		 -0.0075 0.4572 -0.1408,
		 0.0508 0.4572 -0.1524
		]
	} #Coordinate3
	Material {
		ambientColor      0.1324 0.1324 0.1324  #ambientColor
		diffuseColor      0.5294 0.5294 0.5294  #diffuseColor
		transparency      0.0000                #transparency
	} #Material

	IndexedFaceSet {
		coordIndex [ 
		 0, 1, 2, 3, 4, 5, 6, 7, 8, 9, 10, 11, 12, 13, 14, 15,-1,
		 15, 14, 13, 12, 11, 10, 9, 8, 7, 6, 5, 4, 3, 2, 1, 0,-1,
		 0, 15, 31, 16,-1,
		 16, 31, 15, 0,-1,
		 1, 0, 16, 17,-1,
		 17, 16, 0, 1,-1,
		 2, 1, 17, 18,-1,
		 18, 17, 1, 2,-1,
		 3, 2, 18, 19,-1,
		 19, 18, 2, 3,-1,
		 4, 3, 19, 20,-1,
		 20, 19, 3, 4,-1,
		 5, 4, 20, 21,-1,
		 21, 20, 4, 5,-1,
		 6, 5, 21, 22,-1,
		 22, 21, 5, 6,-1,
		 7, 6, 22, 23,-1,
		 23, 22, 6, 7,-1,
		 8, 7, 23, 24,-1,
		 24, 23, 7, 8,-1,
		 9, 8, 24, 25,-1,
		 25, 24, 8, 9,-1,
		 10, 9, 25, 26,-1,
		 26, 25, 9, 10,-1,
		 11, 10, 26, 27,-1,
		 27, 26, 10, 11,-1,
		 12, 11, 27, 28,-1,
		 28, 27, 11, 12,-1,
		 13, 12, 28, 29,-1,
		 29, 28, 12, 13,-1,
		 14, 13, 29, 30,-1,
		 30, 29, 13, 14,-1,
		 15, 14, 30, 31,-1,
		 31, 30, 14, 15,-1,
		 31, 30, 29, 28, 27, 26, 25, 24, 23, 22, 21, 20, 19, 18, 17, 16,-1,
		 16, 17, 18, 19, 20, 21, 22, 23, 24, 25, 26, 27, 28, 29, 30, 31,-1,
		]
	} #IndexedFaceSet
} #Polyhedron
Separator { #Polyhedron
	DEF COORD20 Coordinate3 {
		point [
		 1.1176 0.0762 -1.0668,
		 1.1176 0.0762 1.0668,
		 -1.0160 0.0762 1.0668,
		 -1.0160 0.0762 -1.0668,
		 1.1176 0.0000 -1.0668,
		 1.1176 0.0000 1.0668,
		 -1.0160 0.0000 1.0668,
		 -1.0160 0.0000 -1.0668,
		 -0.7112 0.0762 0.7620,
		 -0.7112 0.0762 1.0668,
		 -1.0160 0.0762 1.0668,
		 -1.0160 0.0762 0.7620,
		 -0.4064 0.0762 1.0668,
		 -0.4064 0.0762 0.7620,
		 -0.1016 0.0762 0.7620,
		 -0.1016 0.0762 1.0668,
		 0.5080 0.0762 0.7620,
		 0.5080 0.0762 1.0668,
		 0.2032 0.0762 1.0668,
		 0.2032 0.0762 0.7620,
		 0.8128 0.0762 1.0668,
		 0.8128 0.0762 0.7620,
		 1.1176 0.0762 0.7620,
		 -0.7112 0.0762 0.7620,
		 -0.7112 0.0762 0.4572,
		 -0.4064 0.0762 0.4572,
		 -0.4064 0.0762 0.7620,
		 0.2032 0.0762 0.4572,
		 0.2032 0.0762 0.7620,
		 -0.1016 0.0762 0.7620,
		 -0.1016 0.0762 0.4572,
		 0.5080 0.0762 0.7620,
		 0.5080 0.0762 0.4572,
		 0.8128 0.0762 0.4572,
		 0.8128 0.0762 0.7620,
		 -0.7112 0.0762 0.1524,
		 -0.7112 0.0762 0.4572,
		 -1.0160 0.0762 0.4572,
		 -1.0160 0.0762 0.1524,
		 -0.1016 0.0762 0.1524,
		 -0.1016 0.0762 0.4572,
		 -0.4064 0.0762 0.4572,
		 -0.4064 0.0762 0.1524,
		 0.5080 0.0762 0.1524,
		 0.5080 0.0762 0.4572,
		 0.2032 0.0762 0.4572,
		 0.2032 0.0762 0.1524,
		 0.8128 0.0762 0.4572,
		 0.8128 0.0762 0.1524,
		 1.1176 0.0762 0.1524,
		 1.1176 0.0762 0.4572,
		 -0.7112 0.0762 -0.4572,
		 -0.7112 0.0762 -0.1524,
		 -1.0160 0.0762 -0.1524,
		 -1.0160 0.0762 -0.4572,
		 -0.4064 0.0762 -0.1524,
		 -0.4064 0.0762 -0.4572,
		 -0.1016 0.0762 -0.4572,
		 -0.1016 0.0762 -0.1524,
		 0.5080 0.0762 -0.4572,
		 0.5080 0.0762 -0.1524,
		 0.2032 0.0762 -0.1524,
		 0.2032 0.0762 -0.4572,
		 0.8128 0.0762 -0.1524,
		 0.8128 0.0762 -0.4572,
		 1.1176 0.0762 -0.4572,
		 1.1176 0.0762 -0.1524,
		 -0.7112 0.0762 -0.4572,
		 -0.7112 0.0762 -0.7620,
		 -0.4064 0.0762 -0.7620,
		 -0.4064 0.0762 -0.4572,
		 0.2032 0.0762 -0.7620,
		 0.2032 0.0762 -0.4572,
		 -0.1016 0.0762 -0.4572,
		 -0.1016 0.0762 -0.7620,
		 0.5080 0.0762 -0.4572,
		 0.5080 0.0762 -0.7620,
		 0.8128 0.0762 -0.7620,
		 0.8128 0.0762 -0.4572,
		 -0.7112 0.0762 -1.0668,
		 -0.7112 0.0762 -0.7620,
		 -1.0160 0.0762 -0.7620,
		 -0.1016 0.0762 -1.0668,
		 -0.1016 0.0762 -0.7620,
		 -0.4064 0.0762 -0.7620,
		 -0.4064 0.0762 -1.0668,
		 0.5080 0.0762 -1.0668,
		 0.5080 0.0762 -0.7620,
		 0.2032 0.0762 -0.7620,
		 0.2032 0.0762 -1.0668,
		 0.8128 0.0762 -0.7620,
		 0.8128 0.0762 -1.0668,
		 1.1176 0.0762 -0.7620,
		 -0.4064 0.0762 -0.1524,
		 -0.4064 0.0762 0.1524,
		 -0.7112 0.0762 0.1524,
		 -0.7112 0.0762 -0.1524,
		 0.2032 0.0762 -0.1524,
		 0.2032 0.0762 0.1524,
		 -0.1016 0.0762 0.1524,
		 -0.1016 0.0762 -0.1524,
		 0.8128 0.0762 -0.1524,
		 0.8128 0.0762 0.1524,
		 0.5080 0.0762 0.1524,
		 0.5080 0.0762 -0.1524,
		 -0.7112 0.0762 0.1524,
		 -1.0160 0.0762 0.1524,
		 -1.0160 0.0762 -0.1524,
		 -0.4064 0.0762 0.4572,
		 -0.1016 0.0762 0.7620,
		 0.2032 0.0762 1.0668,
		 -1.0160 0.0762 0.7620,
		 -1.0160 0.0762 0.4572,
		 -0.1016 0.0762 0.1524,
		 0.2032 0.0762 0.4572,
		 0.5080 0.0762 0.1524,
		 1.1176 0.0762 0.4572,
		 1.1176 0.0762 0.7620,
		 1.1176 0.0762 -0.1524,
		 1.1176 0.0762 0.1524,
		 -0.4064 0.0762 -0.7620,
		 -0.1016 0.0762 -0.4572,
		 0.2032 0.0762 -0.1524,
		 -1.0160 0.0762 -0.4572,
		 -1.0160 0.0762 -0.7620,
		 0.2032 0.0762 -0.7620,
		 1.1176 0.0762 -0.7620,
		 1.1176 0.0762 -0.4572,
		 -1.0160 0.0762 0.7620,
		 -1.0160 0.0762 1.0668,
		 0.2032 0.0762 1.0668,
		 1.1176 0.0762 0.7620,
		 -0.1016 0.0762 0.7620,
		 -1.0160 0.0762 0.1524,
		 -1.0160 0.0762 0.4572,
		 -0.4064 0.0762 0.4572,
		 0.2032 0.0762 0.4572,
		 1.1176 0.0762 0.4572,
		 1.1176 0.0762 0.1524,
		 -1.0160 0.0762 -0.4572,
		 -1.0160 0.0762 -0.1524,
		 0.2032 0.0762 -0.1524,
		 1.1176 0.0762 -0.1524,
		 1.1176 0.0762 -0.4572,
		 -0.1016 0.0762 -0.4572,
		 -1.0160 0.0762 -0.7620,
		 -0.4064 0.0762 -0.7620,
		 0.2032 0.0762 -0.7620,
		 1.1176 0.0762 -0.7620,
		 -0.7112 0.0762 0.1524,
		 -0.1016 0.0762 0.1524,
		 0.5080 0.0762 0.1524
		]
	} #Coordinate3
	Material {
		ambientColor      0.2500 0.2500 0.2500  #ambientColor
		diffuseColor      1.0000 1.0000 1.0000  #diffuseColor
		transparency      0.0000                #transparency
	} #Material

	IndexedFaceSet {
		coordIndex [ 
		 8, 9, 10, 11,-1,
		 12, 13, 14, 15,-1,
		 16, 17, 18, 19,-1,
		 20, 21, 22, 1,-1,
		 23, 24, 25, 26,-1,
		 27, 28, 29, 30,-1,
		 31, 32, 33, 34,-1,
		 35, 36, 37, 38,-1,
		 39, 40, 41, 42,-1,
		 43, 44, 45, 46,-1,
		 47, 48, 49, 50,-1,
		 51, 52, 53, 54,-1,
		 55, 56, 57, 58,-1,
		 59, 60, 61, 62,-1,
		 63, 64, 65, 66,-1,
		 67, 68, 69, 70,-1,
		 71, 72, 73, 74,-1,
		 75, 76, 77, 78,-1,
		 79, 80, 81, 3,-1,
		 82, 83, 84, 85,-1,
		 86, 87, 88, 89,-1,
		 90, 91, 0, 92,-1,
		 93, 94, 95, 96,-1,
		 97, 98, 99, 100,-1,
		 101, 102, 103, 104,-1,
		]
	} #IndexedFaceSet
	Material {
		ambientColor      0.0000 0.0000 0.0000  #ambientColor
		diffuseColor      0.0000 0.0000 0.0000  #diffuseColor
		transparency      0.0000                #transparency
	} #Material

	IndexedFaceSet {
		coordIndex [ 
		 96, 105, 106, 107,-1,
		 42, 108, 36, 35,-1,
		 30, 109, 26, 25,-1,
		 19, 110, 15, 14,-1,
		 24, 23, 111, 112,-1,
		 13, 12, 9, 8,-1,
		 100, 113, 94, 93,-1,
		 46, 114, 40, 39,-1,
		 104, 115, 98, 97,-1,
		 48, 47, 44, 43,-1,
		 116, 117, 34, 33,-1,
		 32, 31, 28, 27,-1,
		 21, 20, 17, 16,-1,
		 118, 119, 102, 101,-1,
		 85, 120, 80, 79,-1,
		 74, 121, 70, 69,-1,
		 62, 122, 58, 57,-1,
		 68, 67, 123, 124,-1,
		 56, 55, 52, 51,-1,
		 89, 125, 83, 82,-1,
		 91, 90, 87, 86,-1,
		 126, 127, 78, 77,-1,
		 76, 75, 72, 71,-1,
		 64, 63, 60, 59,-1,
		]
	} #IndexedFaceSet
	Material {
		ambientColor      0.2500 0.2500 0.2500  #ambientColor
		diffuseColor      1.0000 1.0000 1.0000  #diffuseColor
		transparency      0.0000                #transparency
	} #Material

	IndexedFaceSet {
		coordIndex [ 
		 128, 129, 9, 8,-1,
		 15, 14, 13, 12,-1,
		 19, 130, 17, 16,-1,
		 1, 131, 21, 20,-1,
		 26, 25, 24, 23,-1,
		 30, 132, 28, 27,-1,
		 34, 33, 32, 31,-1,
		 133, 134, 36, 35,-1,
		 42, 135, 40, 39,-1,
		 46, 136, 44, 43,-1,
		 137, 138, 48, 47,-1,
		 139, 140, 52, 51,-1,
		 58, 57, 56, 55,-1,
		 62, 141, 60, 59,-1,
		 142, 143, 64, 63,-1,
		 70, 69, 68, 67,-1,
		 74, 144, 72, 71,-1,
		 78, 77, 76, 75,-1,
		 3, 145, 80, 79,-1,
		 85, 146, 83, 82,-1,
		 89, 147, 87, 86,-1,
		 148, 0, 91, 90,-1,
		 96, 149, 94, 93,-1,
		 100, 150, 98, 97,-1,
		 104, 151, 102, 101,-1,
		]
	} #IndexedFaceSet
	Material {
		ambientColor      0.0000 0.0000 0.0000  #ambientColor
		diffuseColor      0.0000 0.0000 0.0000  #diffuseColor
		transparency      0.0000                #transparency
	} #Material

	IndexedFaceSet {
		coordIndex [ 
		 107, 106, 105, 96,-1,
		 35, 36, 108, 42,-1,
		 25, 26, 109, 30,-1,
		 14, 15, 110, 19,-1,
		 112, 111, 23, 24,-1,
		 8, 9, 12, 13,-1,
		 93, 94, 113, 100,-1,
		 39, 40, 114, 46,-1,
		 97, 98, 115, 104,-1,
		 43, 44, 47, 48,-1,
		 33, 34, 117, 116,-1,
		 27, 28, 31, 32,-1,
		 16, 17, 20, 21,-1,
		 101, 102, 119, 118,-1,
		 79, 80, 120, 85,-1,
		 69, 70, 121, 74,-1,
		 57, 58, 122, 62,-1,
		 124, 123, 67, 68,-1,
		 51, 52, 55, 56,-1,
		 82, 83, 125, 89,-1,
		 86, 87, 90, 91,-1,
		 77, 78, 127, 126,-1,
		 71, 72, 75, 76,-1,
		 59, 60, 63, 64,-1,
		]
	} #IndexedFaceSet
	Material {
		ambientColor      0.1951 0.1951 0.1951  #ambientColor
		diffuseColor      0.7804 0.7804 0.7804  #diffuseColor
		transparency      0.0000                #transparency
	} #Material

	IndexedFaceSet {
		coordIndex [ 
		 0, 3, 7, 4,-1,
		 4, 7, 3, 0,-1,
		 1, 0, 4, 5,-1,
		 5, 4, 0, 1,-1,
		 2, 1, 5, 6,-1,
		 6, 5, 1, 2,-1,
		 3, 2, 6, 7,-1,
		 7, 6, 2, 3,-1,
		 7, 6, 5, 4,-1,
		 4, 5, 6, 7,-1,
		]
	} #IndexedFaceSet
} #Polyhedron
Separator { #Polyhedron
	DEF COORD21 Coordinate3 {
		point [
		 0.0702 0.7112 -0.0469,
		 0.0867 0.7112 -0.0359,
		 0.0977 0.7112 -0.0194,
		 0.1016 0.7112 -0.0000,
		 0.0977 0.7112 0.0194,
		 0.0867 0.7112 0.0359,
		 0.0702 0.7112 0.0469,
		 0.0508 0.7112 0.0508,
		 0.0314 0.7112 0.0469,
		 0.0149 0.7112 0.0359,
		 0.0039 0.7112 0.0194,
		 0.0000 0.7112 -0.0000,
		 0.0039 0.7112 -0.0194,
		 0.0149 0.7112 -0.0359,
		 0.0314 0.7112 -0.0469,
		 0.0508 0.7112 -0.0508,
		 0.0702 0.5842 -0.0469,
		 0.0867 0.5842 -0.0359,
		 0.0977 0.5842 -0.0194,
		 0.1016 0.5842 -0.0000,
		 0.0977 0.5842 0.0194,
		 0.0867 0.5842 0.0359,
		 0.0702 0.5842 0.0469,
		 0.0508 0.5842 0.0508,
		 0.0314 0.5842 0.0469,
		 0.0149 0.5842 0.0359,
		 0.0039 0.5842 0.0194,
		 0.0000 0.5842 -0.0000,
		 0.0039 0.5842 -0.0194,
		 0.0149 0.5842 -0.0359,
		 0.0314 0.5842 -0.0469,
		 0.0508 0.5842 -0.0508
		]
	} #Coordinate3
	Material {
		ambientColor      0.1324 0.1324 0.1324  #ambientColor
		diffuseColor      0.5294 0.5294 0.5294  #diffuseColor
		transparency      0.0000                #transparency
	} #Material

	IndexedFaceSet {
		coordIndex [ 
		 0, 1, 2, 3, 4, 5, 6, 7, 8, 9, 10, 11, 12, 13, 14, 15,-1,
		 15, 14, 13, 12, 11, 10, 9, 8, 7, 6, 5, 4, 3, 2, 1, 0,-1,
		 0, 15, 31, 16,-1,
		 16, 31, 15, 0,-1,
		 1, 0, 16, 17,-1,
		 17, 16, 0, 1,-1,
		 2, 1, 17, 18,-1,
		 18, 17, 1, 2,-1,
		 3, 2, 18, 19,-1,
		 19, 18, 2, 3,-1,
		 4, 3, 19, 20,-1,
		 20, 19, 3, 4,-1,
		 5, 4, 20, 21,-1,
		 21, 20, 4, 5,-1,
		 6, 5, 21, 22,-1,
		 22, 21, 5, 6,-1,
		 7, 6, 22, 23,-1,
		 23, 22, 6, 7,-1,
		 8, 7, 23, 24,-1,
		 24, 23, 7, 8,-1,
		 9, 8, 24, 25,-1,
		 25, 24, 8, 9,-1,
		 10, 9, 25, 26,-1,
		 26, 25, 9, 10,-1,
		 11, 10, 26, 27,-1,
		 27, 26, 10, 11,-1,
		 12, 11, 27, 28,-1,
		 28, 27, 11, 12,-1,
		 13, 12, 28, 29,-1,
		 29, 28, 12, 13,-1,
		 14, 13, 29, 30,-1,
		 30, 29, 13, 14,-1,
		 15, 14, 30, 31,-1,
		 31, 30, 14, 15,-1,
		 31, 30, 29, 28, 27, 26, 25, 24, 23, 22, 21, 20, 19, 18, 17, 16,-1,
		 16, 17, 18, 19, 20, 21, 22, 23, 24, 25, 26, 27, 28, 29, 30, 31,-1,
		]
	} #IndexedFaceSet
} #Polyhedron
Separator { #Polyhedron
	DEF COORD22 Coordinate3 {
		point [
		 0.1091 0.5842 -0.1408,
		 0.1586 0.5842 -0.1078,
		 0.1916 0.5842 -0.0583,
		 0.2032 0.5842 -0.0000,
		 0.1916 0.5842 0.0583,
		 0.1586 0.5842 0.1078,
		 0.1091 0.5842 0.1408,
		 0.0508 0.5842 0.1524,
		 -0.0075 0.5842 0.1408,
		 -0.0570 0.5842 0.1078,
		 -0.0900 0.5842 0.0583,
		 -0.1016 0.5842 -0.0000,
		 -0.0900 0.5842 -0.0583,
		 -0.0570 0.5842 -0.1078,
		 -0.0075 0.5842 -0.1408,
		 0.0508 0.5842 -0.1524,
		 0.1091 0.5334 -0.1408,
		 0.1586 0.5334 -0.1078,
		 0.1916 0.5334 -0.0583,
		 0.2032 0.5334 -0.0000,
		 0.1916 0.5334 0.0583,
		 0.1586 0.5334 0.1078,
		 0.1091 0.5334 0.1408,
		 0.0508 0.5334 0.1524,
		 -0.0075 0.5334 0.1408,
		 -0.0570 0.5334 0.1078,
		 -0.0900 0.5334 0.0583,
		 -0.1016 0.5334 -0.0000,
		 -0.0900 0.5334 -0.0583,
		 -0.0570 0.5334 -0.1078,
		 -0.0075 0.5334 -0.1408,
		 0.0508 0.5334 -0.1524
		]
	} #Coordinate3
	Material {
		ambientColor      0.1324 0.1324 0.1324  #ambientColor
		diffuseColor      0.5294 0.5294 0.5294  #diffuseColor
		transparency      0.0000                #transparency
	} #Material

	IndexedFaceSet {
		coordIndex [ 
		 0, 1, 2, 3, 4, 5, 6, 7, 8, 9, 10, 11, 12, 13, 14, 15,-1,
		 15, 14, 13, 12, 11, 10, 9, 8, 7, 6, 5, 4, 3, 2, 1, 0,-1,
		 0, 15, 31, 16,-1,
		 16, 31, 15, 0,-1,
		 1, 0, 16, 17,-1,
		 17, 16, 0, 1,-1,
		 2, 1, 17, 18,-1,
		 18, 17, 1, 2,-1,
		 3, 2, 18, 19,-1,
		 19, 18, 2, 3,-1,
		 4, 3, 19, 20,-1,
		 20, 19, 3, 4,-1,
		 5, 4, 20, 21,-1,
		 21, 20, 4, 5,-1,
		 6, 5, 21, 22,-1,
		 22, 21, 5, 6,-1,
		 7, 6, 22, 23,-1,
		 23, 22, 6, 7,-1,
		 8, 7, 23, 24,-1,
		 24, 23, 7, 8,-1,
		 9, 8, 24, 25,-1,
		 25, 24, 8, 9,-1,
		 10, 9, 25, 26,-1,
		 26, 25, 9, 10,-1,
		 11, 10, 26, 27,-1,
		 27, 26, 10, 11,-1,
		 12, 11, 27, 28,-1,
		 28, 27, 11, 12,-1,
		 13, 12, 28, 29,-1,
		 29, 28, 12, 13,-1,
		 14, 13, 29, 30,-1,
		 30, 29, 13, 14,-1,
		 15, 14, 30, 31,-1,
		 31, 30, 14, 15,-1,
		 31, 30, 29, 28, 27, 26, 25, 24, 23, 22, 21, 20, 19, 18, 17, 16,-1,
		 16, 17, 18, 19, 20, 21, 22, 23, 24, 25, 26, 27, 28, 29, 30, 31,-1,
		]
	} #IndexedFaceSet
} #Polyhedron
Separator { #Polyhedron
	DEF COORD23 Coordinate3 {
		point [
		 0.3538 0.3048 -0.8642,
		 0.6615 0.3048 -0.6825,
		 0.8762 0.3048 -0.3969,
		 0.9652 0.3048 -0.0508,
		 0.9150 0.3048 0.3030,
		 0.7333 0.3048 0.6107,
		 0.4477 0.3048 0.8254,
		 0.1016 0.3048 0.9144,
		 -0.2522 0.3048 0.8642,
		 -0.5599 0.3048 0.6825,
		 -0.7746 0.3048 0.3969,
		 -0.8636 0.3048 0.0508,
		 -0.8134 0.3048 -0.3030,
		 -0.6317 0.3048 -0.6107,
		 -0.3461 0.3048 -0.8254,
		 0.0000 0.3048 -0.9144,
		 0.3538 0.0762 -0.8642,
		 0.6615 0.0762 -0.6825,
		 0.8762 0.0762 -0.3969,
		 0.9652 0.0762 -0.0508,
		 0.9150 0.0762 0.3030,
		 0.7333 0.0762 0.6107,
		 0.4477 0.0762 0.8254,
		 0.1016 0.0762 0.9144,
		 -0.2522 0.0762 0.8642,
		 -0.5599 0.0762 0.6825,
		 -0.7746 0.0762 0.3969,
		 -0.8636 0.0762 0.0508,
		 -0.8134 0.0762 -0.3030,
		 -0.6317 0.0762 -0.6107,
		 -0.3461 0.0762 -0.8254,
		 0.0000 0.0762 -0.9144,
		 0.5319 0.3048 0.7620,
		 -0.4253 0.3048 0.7620,
		 -0.2408 0.3048 0.7040,
		 0.0508 0.3048 0.7620,
		 -0.5235 0.3048 0.7040,
		 -0.4880 0.3048 0.5388,
		 -0.6679 0.3048 0.5388,
		 -0.6532 0.3048 0.2916,
		 -0.8016 0.3048 0.2916,
		 -0.7112 0.3048 -0.0000,
		 -0.8564 0.3048 -0.0000,
		 -0.6532 0.3048 -0.2916,
		 -0.8151 0.3048 -0.2916,
		 -0.4880 0.3048 -0.5388,
		 -0.6741 0.3048 -0.5388,
		 -0.2408 0.3048 -0.7040,
		 -0.5075 0.3048 -0.7040,
		 0.0508 0.3048 -0.7620,
		 -0.4303 0.3048 -0.7620,
		 -0.4303 0.3048 -0.7620,
		 0.5269 0.3048 -0.7620,
		 0.3424 0.3048 -0.7040,
		 0.6251 0.3048 -0.7040,
		 0.5896 0.3048 -0.5388,
		 0.7695 0.3048 -0.5388,
		 0.7548 0.3048 -0.2916,
		 0.9032 0.3048 -0.2916,
		 0.8128 0.3048 -0.0000,
		 0.9580 0.3048 -0.0000,
		 0.7548 0.3048 0.2916,
		 0.9167 0.3048 0.2916,
		 0.5896 0.3048 0.5388,
		 0.7757 0.3048 0.5388,
		 0.3424 0.3048 0.7040,
		 0.6091 0.3048 0.7040,
		 0.5319 0.3048 0.7620,
		 -0.4253 0.3048 0.7620,
		 0.5319 0.3048 0.7620,
		 -0.5235 0.3048 0.7040,
		 -0.6679 0.3048 0.5388,
		 -0.8016 0.3048 0.2916,
		 -0.8564 0.3048 -0.0000,
		 -0.8151 0.3048 -0.2916,
		 -0.6741 0.3048 -0.5388,
		 -0.5075 0.3048 -0.7040,
		 -0.4303 0.3048 -0.7620,
		 0.5269 0.3048 -0.7620,
		 -0.4303 0.3048 -0.7620,
		 0.6251 0.3048 -0.7040,
		 0.7695 0.3048 -0.5388,
		 0.9032 0.3048 -0.2916,
		 0.9580 0.3048 -0.0000,
		 0.9167 0.3048 0.2916,
		 0.7757 0.3048 0.5388,
		 0.6091 0.3048 0.7040,
		 0.5319 0.3048 0.7620
		]
	} #Coordinate3
	Material {
		ambientColor      0.1324 0.1324 0.1324  #ambientColor
		diffuseColor      0.5294 0.5294 0.5294  #diffuseColor
		transparency      0.0000                #transparency
	} #Material

	IndexedFaceSet {
		coordIndex [ 
		 32, 6, 7, 8, 33,-1,
		 34, 35, 33, 36,-1,
		 37, 34, 36, 9, 38,-1,
		 39, 37, 38, 10, 40,-1,
		 41, 39, 40, 11, 42,-1,
		 43, 41, 42, 44,-1,
		 45, 43, 44, 12, 46,-1,
		 47, 45, 46, 13, 48,-1,
		 49, 47, 48, 50,-1,
		 51, 14, 15, 0, 52,-1,
		 53, 49, 52, 54,-1,
		 55, 53, 54, 1, 56,-1,
		 57, 55, 56, 2, 58,-1,
		 59, 57, 58, 3, 60,-1,
		 61, 59, 60, 62,-1,
		 63, 61, 62, 4, 64,-1,
		 65, 63, 64, 5, 66,-1,
		 35, 65, 66, 67,-1,
		 68, 8, 7, 6, 69,-1,
		 70, 68, 35, 34,-1,
		 71, 9, 70, 34, 37,-1,
		 72, 10, 71, 37, 39,-1,
		 73, 11, 72, 39, 41,-1,
		 74, 73, 41, 43,-1,
		 75, 12, 74, 43, 45,-1,
		 76, 13, 75, 45, 47,-1,
		 77, 76, 47, 49,-1,
		 78, 0, 15, 14, 79,-1,
		 80, 78, 49, 53,-1,
		 81, 1, 80, 53, 55,-1,
		 82, 2, 81, 55, 57,-1,
		 83, 3, 82, 57, 59,-1,
		 84, 83, 59, 61,-1,
		 85, 4, 84, 61, 63,-1,
		 86, 5, 85, 63, 65,-1,
		 87, 86, 65, 35,-1,
		 0, 15, 31, 16,-1,
		 16, 31, 15, 0,-1,
		 1, 0, 16, 17,-1,
		 17, 16, 0, 1,-1,
		 2, 1, 17, 18,-1,
		 18, 17, 1, 2,-1,
		 3, 2, 18, 19,-1,
		 19, 18, 2, 3,-1,
		 4, 3, 19, 20,-1,
		 20, 19, 3, 4,-1,
		 5, 4, 20, 21,-1,
		 21, 20, 4, 5,-1,
		 6, 5, 21, 22,-1,
		 22, 21, 5, 6,-1,
		 7, 6, 22, 23,-1,
		 23, 22, 6, 7,-1,
		 8, 7, 23, 24,-1,
		 24, 23, 7, 8,-1,
		 9, 8, 24, 25,-1,
		 25, 24, 8, 9,-1,
		 10, 9, 25, 26,-1,
		 26, 25, 9, 10,-1,
		 11, 10, 26, 27,-1,
		 27, 26, 10, 11,-1,
		 12, 11, 27, 28,-1,
		 28, 27, 11, 12,-1,
		 13, 12, 28, 29,-1,
		 29, 28, 12, 13,-1,
		 14, 13, 29, 30,-1,
		 30, 29, 13, 14,-1,
		 15, 14, 30, 31,-1,
		 31, 30, 14, 15,-1,
		 31, 30, 29, 28, 27, 26, 25, 24, 23, 22, 21, 20, 19, 18, 17, 16,-1,
		 16, 17, 18, 19, 20, 21, 22, 23, 24, 25, 26, 27, 28, 29, 30, 31,-1,
		]
	} #IndexedFaceSet
} #Polyhedron
Separator { #Polyhedron
	DEF COORD24 Coordinate3 {
		point [
		 0.3424 0.3048 -0.7040,
		 0.5896 0.3048 -0.5388,
		 0.7548 0.3048 -0.2916,
		 0.8128 0.3048 -0.0000,
		 0.7548 0.3048 0.2916,
		 0.5896 0.3048 0.5388,
		 0.3424 0.3048 0.7040,
		 0.0508 0.3048 0.7620,
		 -0.2408 0.3048 0.7040,
		 -0.4880 0.3048 0.5388,
		 -0.6532 0.3048 0.2916,
		 -0.7112 0.3048 -0.0000,
		 -0.6532 0.3048 -0.2916,
		 -0.4880 0.3048 -0.5388,
		 -0.2408 0.3048 -0.7040,
		 0.0508 0.3048 -0.7620,
		 0.3424 0.0762 -0.7040,
		 0.5896 0.0762 -0.5388,
		 0.7548 0.0762 -0.2916,
		 0.8128 0.0762 -0.0000,
		 0.7548 0.0762 0.2916,
		 0.5896 0.0762 0.5388,
		 0.3424 0.0762 0.7040,
		 0.0508 0.0762 0.7620,
		 -0.2408 0.0762 0.7040,
		 -0.4880 0.0762 0.5388,
		 -0.6532 0.0762 0.2916,
		 -0.7112 0.0762 -0.0000,
		 -0.6532 0.0762 -0.2916,
		 -0.4880 0.0762 -0.5388,
		 -0.2408 0.0762 -0.7040,
		 0.0508 0.0762 -0.7620
		]
	} #Coordinate3
	Material {
		ambientColor      0.1324 0.1324 0.1324  #ambientColor
		diffuseColor      0.5294 0.5294 0.5294  #diffuseColor
		transparency      1.0000                #transparency
	} #Material

	IndexedFaceSet {
		coordIndex [ 
		 15, 14, 13, 12, 11, 10, 9, 8, 7, 6, 5, 4, 3, 2, 1, 0,-1,
		]
	} #IndexedFaceSet
	Material {
		ambientColor      0.1324 0.1324 0.1324  #ambientColor
		diffuseColor      0.5294 0.5294 0.5294  #diffuseColor
		transparency      0.0000                #transparency
	} #Material

	IndexedFaceSet {
		coordIndex [ 
		 0, 15, 31, 16,-1,
		 16, 31, 15, 0,-1,
		 1, 0, 16, 17,-1,
		 17, 16, 0, 1,-1,
		 2, 1, 17, 18,-1,
		 18, 17, 1, 2,-1,
		 3, 2, 18, 19,-1,
		 19, 18, 2, 3,-1,
		 4, 3, 19, 20,-1,
		 20, 19, 3, 4,-1,
		 5, 4, 20, 21,-1,
		 21, 20, 4, 5,-1,
		 6, 5, 21, 22,-1,
		 22, 21, 5, 6,-1,
		 7, 6, 22, 23,-1,
		 23, 22, 6, 7,-1,
		 8, 7, 23, 24,-1,
		 24, 23, 7, 8,-1,
		 9, 8, 24, 25,-1,
		 25, 24, 8, 9,-1,
		 10, 9, 25, 26,-1,
		 26, 25, 9, 10,-1,
		 11, 10, 26, 27,-1,
		 27, 26, 10, 11,-1,
		 12, 11, 27, 28,-1,
		 28, 27, 11, 12,-1,
		 13, 12, 28, 29,-1,
		 29, 28, 12, 13,-1,
		 14, 13, 29, 30,-1,
		 30, 29, 13, 14,-1,
		 15, 14, 30, 31,-1,
		 31, 30, 14, 15,-1,
		 31, 30, 29, 28, 27, 26, 25, 24, 23, 22, 21, 20, 19, 18, 17, 16,-1,
		 16, 17, 18, 19, 20, 21, 22, 23, 24, 25, 26, 27, 28, 29, 30, 31,-1,
		]
	} #IndexedFaceSet
} #Polyhedron
Separator { #Polyhedron
	DEF COORD25 Coordinate3 {
		point [
		 0.2452 0.3048 -0.4693,
		 0.4100 0.3048 -0.3592,
		 0.5201 0.3048 -0.1944,
		 0.5588 0.3048 -0.0000,
		 0.5201 0.3048 0.1944,
		 0.4100 0.3048 0.3592,
		 0.2452 0.3048 0.4693,
		 0.0508 0.3048 0.5080,
		 -0.1436 0.3048 0.4693,
		 -0.3084 0.3048 0.3592,
		 -0.4185 0.3048 0.1944,
		 -0.4572 0.3048 -0.0000,
		 -0.4185 0.3048 -0.1944,
		 -0.3084 0.3048 -0.3592,
		 -0.1436 0.3048 -0.4693,
		 0.0508 0.3048 -0.5080,
		 0.2452 0.2032 -0.4693,
		 0.4100 0.2032 -0.3592,
		 0.5201 0.2032 -0.1944,
		 0.5588 0.2032 -0.0000,
		 0.5201 0.2032 0.1944,
		 0.4100 0.2032 0.3592,
		 0.2452 0.2032 0.4693,
		 0.0508 0.2032 0.5080,
		 -0.1436 0.2032 0.4693,
		 -0.3084 0.2032 0.3592,
		 -0.4185 0.2032 0.1944,
		 -0.4572 0.2032 -0.0000,
		 -0.4185 0.2032 -0.1944,
		 -0.3084 0.2032 -0.3592,
		 -0.1436 0.2032 -0.4693,
		 0.0508 0.2032 -0.5080
		]
	} #Coordinate3
	Material {
		ambientColor      0.1324 0.1324 0.1324  #ambientColor
		diffuseColor      0.5294 0.5294 0.5294  #diffuseColor
		transparency      0.0000                #transparency
	} #Material

	IndexedFaceSet {
		coordIndex [ 
		 0, 1, 2, 3, 4, 5, 6, 7, 8, 9, 10, 11, 12, 13, 14, 15,-1,
		 15, 14, 13, 12, 11, 10, 9, 8, 7, 6, 5, 4, 3, 2, 1, 0,-1,
		 0, 15, 31, 16,-1,
		 16, 31, 15, 0,-1,
		 1, 0, 16, 17,-1,
		 17, 16, 0, 1,-1,
		 2, 1, 17, 18,-1,
		 18, 17, 1, 2,-1,
		 3, 2, 18, 19,-1,
		 19, 18, 2, 3,-1,
		 4, 3, 19, 20,-1,
		 20, 19, 3, 4,-1,
		 5, 4, 20, 21,-1,
		 21, 20, 4, 5,-1,
		 6, 5, 21, 22,-1,
		 22, 21, 5, 6,-1,
		 7, 6, 22, 23,-1,
		 23, 22, 6, 7,-1,
		 8, 7, 23, 24,-1,
		 24, 23, 7, 8,-1,
		 9, 8, 24, 25,-1,
		 25, 24, 8, 9,-1,
		 10, 9, 25, 26,-1,
		 26, 25, 9, 10,-1,
		 11, 10, 26, 27,-1,
		 27, 26, 10, 11,-1,
		 12, 11, 27, 28,-1,
		 28, 27, 11, 12,-1,
		 13, 12, 28, 29,-1,
		 29, 28, 12, 13,-1,
		 14, 13, 29, 30,-1,
		 30, 29, 13, 14,-1,
		 15, 14, 30, 31,-1,
		 31, 30, 14, 15,-1,
		 31, 30, 29, 28, 27, 26, 25, 24, 23, 22, 21, 20, 19, 18, 17, 16,-1,
		 16, 17, 18, 19, 20, 21, 22, 23, 24, 25, 26, 27, 28, 29, 30, 31,-1,
		]
	} #IndexedFaceSet
} #Polyhedron
Separator { #Polyhedron
	DEF COORD26 Coordinate3 {
		point [
		 0.1983 0.1778 -0.4888,
		 0.3741 0.1778 -0.3951,
		 0.5007 0.1778 -0.2413,
		 0.5588 0.1778 -0.0508,
		 0.5396 0.1778 0.1475,
		 0.4459 0.1778 0.3233,
		 0.2921 0.1778 0.4499,
		 0.1016 0.1778 0.5080,
		 -0.0967 0.1778 0.4888,
		 -0.2725 0.1778 0.3951,
		 -0.3991 0.1778 0.2413,
		 -0.4572 0.1778 0.0508,
		 -0.4380 0.1778 -0.1475,
		 -0.3443 0.1778 -0.3233,
		 -0.1905 0.1778 -0.4499,
		 0.0000 0.1778 -0.5080,
		 0.1983 0.0762 -0.4888,
		 0.3741 0.0762 -0.3951,
		 0.5007 0.0762 -0.2413,
		 0.5588 0.0762 -0.0508,
		 0.5396 0.0762 0.1475,
		 0.4459 0.0762 0.3233,
		 0.2921 0.0762 0.4499,
		 0.1016 0.0762 0.5080,
		 -0.0967 0.0762 0.4888,
		 -0.2725 0.0762 0.3951,
		 -0.3991 0.0762 0.2413,
		 -0.4572 0.0762 0.0508,
		 -0.4380 0.0762 -0.1475,
		 -0.3443 0.0762 -0.3233,
		 -0.1905 0.0762 -0.4499,
		 0.0000 0.0762 -0.5080
		]
	} #Coordinate3
	Material {
		ambientColor      0.1324 0.1324 0.1324  #ambientColor
		diffuseColor      0.5294 0.5294 0.5294  #diffuseColor
		transparency      0.0000                #transparency
	} #Material

	IndexedFaceSet {
		coordIndex [ 
		 0, 1, 2, 3, 4, 5, 6, 7, 8, 9, 10, 11, 12, 13, 14, 15,-1,
		 15, 14, 13, 12, 11, 10, 9, 8, 7, 6, 5, 4, 3, 2, 1, 0,-1,
		 0, 15, 31, 16,-1,
		 16, 31, 15, 0,-1,
		 1, 0, 16, 17,-1,
		 17, 16, 0, 1,-1,
		 2, 1, 17, 18,-1,
		 18, 17, 1, 2,-1,
		 3, 2, 18, 19,-1,
		 19, 18, 2, 3,-1,
		 4, 3, 19, 20,-1,
		 20, 19, 3, 4,-1,
		 5, 4, 20, 21,-1,
		 21, 20, 4, 5,-1,
		 6, 5, 21, 22,-1,
		 22, 21, 5, 6,-1,
		 7, 6, 22, 23,-1,
		 23, 22, 6, 7,-1,
		 8, 7, 23, 24,-1,
		 24, 23, 7, 8,-1,
		 9, 8, 24, 25,-1,
		 25, 24, 8, 9,-1,
		 10, 9, 25, 26,-1,
		 26, 25, 9, 10,-1,
		 11, 10, 26, 27,-1,
		 27, 26, 10, 11,-1,
		 12, 11, 27, 28,-1,
		 28, 27, 11, 12,-1,
		 13, 12, 28, 29,-1,
		 29, 28, 12, 13,-1,
		 14, 13, 29, 30,-1,
		 30, 29, 13, 14,-1,
		 15, 14, 30, 31,-1,
		 31, 30, 14, 15,-1,
		 31, 30, 29, 28, 27, 26, 25, 24, 23, 22, 21, 20, 19, 18, 17, 16,-1,
		 16, 17, 18, 19, 20, 21, 22, 23, 24, 25, 26, 27, 28, 29, 30, 31,-1,
		]
	} #IndexedFaceSet
} #Polyhedron
Separator { #Polyhedron
	DEF COORD27 Coordinate3 {
		point [
		 0.0000 0.2032 -0.7617,
		 0.2954 0.2032 -0.7232,
		 0.5535 0.2032 -0.5745,
		 0.7351 0.2032 -0.3384,
		 0.8125 0.2032 -0.0508,
		 0.7740 0.2032 0.2446,
		 0.6253 0.2032 0.5027,
		 0.3892 0.2032 0.6843,
		 0.1016 0.2032 0.7617,
		 -0.1938 0.2032 0.7232,
		 -0.4519 0.2032 0.5745,
		 -0.6335 0.2032 0.3384,
		 -0.7109 0.2032 0.0508,
		 -0.6724 0.2032 -0.2446,
		 -0.5237 0.2032 -0.5027,
		 -0.2876 0.2032 -0.6843,
		 0.0000 0.1778 -0.7617,
		 0.2954 0.1778 -0.7232,
		 0.5535 0.1778 -0.5745,
		 0.7351 0.1778 -0.3384,
		 0.8125 0.1778 -0.0508,
		 0.7740 0.1778 0.2446,
		 0.6253 0.1778 0.5027,
		 0.3892 0.1778 0.6843,
		 0.1016 0.1778 0.7617,
		 -0.1938 0.1778 0.7232,
		 -0.4519 0.1778 0.5745,
		 -0.6335 0.1778 0.3384,
		 -0.7109 0.1778 0.0508,
		 -0.6724 0.1778 -0.2446,
		 -0.5237 0.1778 -0.5027,
		 -0.2876 0.1778 -0.6843
		]
	} #Coordinate3
	Material {
		ambientColor      0.2500 0.2500 0.2500  #ambientColor
		diffuseColor      1.0000 1.0000 1.0000  #diffuseColor
		transparency      0.4980                #transparency
	} #Material

	IndexedFaceSet {
		coordIndex [ 
		 0, 1, 2, 3, 4, 5, 6, 7, 8, 9, 10, 11, 12, 13, 14, 15,-1,
		 15, 14, 13, 12, 11, 10, 9, 8, 7, 6, 5, 4, 3, 2, 1, 0,-1,
		 0, 15, 31, 16,-1,
		 16, 31, 15, 0,-1,
		 1, 0, 16, 17,-1,
		 17, 16, 0, 1,-1,
		 2, 1, 17, 18,-1,
		 18, 17, 1, 2,-1,
		 3, 2, 18, 19,-1,
		 19, 18, 2, 3,-1,
		 4, 3, 19, 20,-1,
		 20, 19, 3, 4,-1,
		 5, 4, 20, 21,-1,
		 21, 20, 4, 5,-1,
		 6, 5, 21, 22,-1,
		 22, 21, 5, 6,-1,
		 7, 6, 22, 23,-1,
		 23, 22, 6, 7,-1,
		 8, 7, 23, 24,-1,
		 24, 23, 7, 8,-1,
		 9, 8, 24, 25,-1,
		 25, 24, 8, 9,-1,
		 10, 9, 25, 26,-1,
		 26, 25, 9, 10,-1,
		 11, 10, 26, 27,-1,
		 27, 26, 10, 11,-1,
		 12, 11, 27, 28,-1,
		 28, 27, 11, 12,-1,
		 13, 12, 28, 29,-1,
		 29, 28, 12, 13,-1,
		 14, 13, 29, 30,-1,
		 30, 29, 13, 14,-1,
		 15, 14, 30, 31,-1,
		 31, 30, 14, 15,-1,
		 31, 30, 29, 28, 27, 26, 25, 24, 23, 22, 21, 20, 19, 18, 17, 16,-1,
		 16, 17, 18, 19, 20, 21, 22, 23, 24, 25, 26, 27, 28, 29, 30, 31,-1,
		]
	} #IndexedFaceSet
} #Polyhedron
Separator { #Polyhedron
	DEF COORD28 Coordinate3 {
		point [
		 0.1983 0.2032 -0.4888,
		 0.3741 0.2032 -0.3951,
		 0.5007 0.2032 -0.2413,
		 0.5588 0.2032 -0.0508,
		 0.5396 0.2032 0.1475,
		 0.4459 0.2032 0.3233,
		 0.2921 0.2032 0.4499,
		 0.1016 0.2032 0.5080,
		 -0.0967 0.2032 0.4888,
		 -0.2725 0.2032 0.3951,
		 -0.3991 0.2032 0.2413,
		 -0.4572 0.2032 0.0508,
		 -0.4380 0.2032 -0.1475,
		 -0.3443 0.2032 -0.3233,
		 -0.1905 0.2032 -0.4499,
		 0.0000 0.2032 -0.5080,
		 0.1983 0.1778 -0.4888,
		 0.3741 0.1778 -0.3951,
		 0.5007 0.1778 -0.2413,
		 0.5588 0.1778 -0.0508,
		 0.5396 0.1778 0.1475,
		 0.4459 0.1778 0.3233,
		 0.2921 0.1778 0.4499,
		 0.1016 0.1778 0.5080,
		 -0.0967 0.1778 0.4888,
		 -0.2725 0.1778 0.3951,
		 -0.3991 0.1778 0.2413,
		 -0.4572 0.1778 0.0508,
		 -0.4380 0.1778 -0.1475,
		 -0.3443 0.1778 -0.3233,
		 -0.1905 0.1778 -0.4499,
		 0.0000 0.1778 -0.5080
		]
	} #Coordinate3
	Material {
		ambientColor      0.1324 0.1324 0.1324  #ambientColor
		diffuseColor      0.5294 0.5294 0.5294  #diffuseColor
		transparency      0.0000                #transparency
	} #Material

	IndexedFaceSet {
		coordIndex [ 
		 0, 1, 2, 3, 4, 5, 6, 7, 8, 9, 10, 11, 12, 13, 14, 15,-1,
		 15, 14, 13, 12, 11, 10, 9, 8, 7, 6, 5, 4, 3, 2, 1, 0,-1,
		 0, 15, 31, 16,-1,
		 16, 31, 15, 0,-1,
		 1, 0, 16, 17,-1,
		 17, 16, 0, 1,-1,
		 2, 1, 17, 18,-1,
		 18, 17, 1, 2,-1,
		 3, 2, 18, 19,-1,
		 19, 18, 2, 3,-1,
		 4, 3, 19, 20,-1,
		 20, 19, 3, 4,-1,
		 5, 4, 20, 21,-1,
		 21, 20, 4, 5,-1,
		 6, 5, 21, 22,-1,
		 22, 21, 5, 6,-1,
		 7, 6, 22, 23,-1,
		 23, 22, 6, 7,-1,
		 8, 7, 23, 24,-1,
		 24, 23, 7, 8,-1,
		 9, 8, 24, 25,-1,
		 25, 24, 8, 9,-1,
		 10, 9, 25, 26,-1,
		 26, 25, 9, 10,-1,
		 11, 10, 26, 27,-1,
		 27, 26, 10, 11,-1,
		 12, 11, 27, 28,-1,
		 28, 27, 11, 12,-1,
		 13, 12, 28, 29,-1,
		 29, 28, 12, 13,-1,
		 14, 13, 29, 30,-1,
		 30, 29, 13, 14,-1,
		 15, 14, 30, 31,-1,
		 31, 30, 14, 15,-1,
		 31, 30, 29, 28, 27, 26, 25, 24, 23, 22, 21, 20, 19, 18, 17, 16,-1,
		 16, 17, 18, 19, 20, 21, 22, 23, 24, 25, 26, 27, 28, 29, 30, 31,-1,
		]
	} #IndexedFaceSet
} #Polyhedron
Separator { #Polyhedron
	DEF COORD29 Coordinate3 {
		point [
		 3.6576 0.9144 -3.5052,
		 3.6576 0.9144 -2.8956,
		 -3.6576 0.9144 -2.8956,
		 -3.6576 0.9144 -3.5052,
		 3.6576 0.0000 -3.5052,
		 3.6576 0.0000 -2.8956,
		 -3.6576 0.0000 -2.8956,
		 -3.6576 0.0000 -3.5052
		]
	} #Coordinate3
	Material {
		ambientColor      0.1598 0.1598 0.1598  #ambientColor
		diffuseColor      0.6392 0.6392 0.6392  #diffuseColor
		transparency      0.0000                #transparency
	} #Material

	IndexedFaceSet {
		coordIndex [ 
		 0, 1, 2, 3,-1,
		 3, 2, 1, 0,-1,
		 0, 3, 7, 4,-1,
		 4, 7, 3, 0,-1,
		 1, 0, 4, 5,-1,
		 5, 4, 0, 1,-1,
		 2, 1, 5, 6,-1,
		 6, 5, 1, 2,-1,
		 3, 2, 6, 7,-1,
		 7, 6, 2, 3,-1,
		 7, 6, 5, 4,-1,
		 4, 5, 6, 7,-1,
		]
	} #IndexedFaceSet
} #Polyhedron
Separator { #Polyhedron
	DEF COORD30 Coordinate3 {
		point [
		 -3.6576 0.9144 -2.8956,
		 -5.3340 0.9144 -4.1148,
		 -5.0292 0.9144 -4.4196,
		 -3.6576 0.9144 -3.5052,
		 -3.6576 0.0000 -2.8956,
		 -5.3340 0.0000 -4.1148,
		 -5.0292 0.0000 -4.4196,
		 -3.6576 0.0000 -3.5052
		]
	} #Coordinate3
	Material {
		ambientColor      0.1598 0.1598 0.1598  #ambientColor
		diffuseColor      0.6392 0.6392 0.6392  #diffuseColor
		transparency      0.0000                #transparency
	} #Material

	IndexedFaceSet {
		coordIndex [ 
		 0, 1, 2, 3,-1,
		 3, 2, 1, 0,-1,
		 0, 3, 7, 4,-1,
		 4, 7, 3, 0,-1,
		 1, 0, 4, 5,-1,
		 5, 4, 0, 1,-1,
		 3, 2, 6, 7,-1,
		 7, 6, 2, 3,-1,
		 7, 6, 5, 4,-1,
		 4, 5, 6, 7,-1,
		]
	} #IndexedFaceSet
} #Polyhedron
Separator { #Polyhedron
	DEF COORD31 Coordinate3 {
		point [
		 3.6576 0.9144 -3.5052,
		 5.0292 0.9144 -4.4196,
		 5.4864 0.9144 -3.9624,
		 3.6576 0.9144 -2.8956,
		 3.6576 0.0000 -3.5052,
		 5.0292 0.0000 -4.4196,
		 5.4864 0.0000 -3.9624,
		 3.6576 0.0000 -2.8956
		]
	} #Coordinate3
	Material {
		ambientColor      0.1598 0.1598 0.1598  #ambientColor
		diffuseColor      0.6392 0.6392 0.6392  #diffuseColor
		transparency      0.0000                #transparency
	} #Material

	IndexedFaceSet {
		coordIndex [ 
		 0, 1, 2, 3,-1,
		 3, 2, 1, 0,-1,
		 0, 3, 7, 4,-1,
		 4, 7, 3, 0,-1,
		 1, 0, 4, 5,-1,
		 5, 4, 0, 1,-1,
		 2, 1, 5, 6,-1,
		 6, 5, 1, 2,-1,
		 3, 2, 6, 7,-1,
		 7, 6, 2, 3,-1,
		 7, 6, 5, 4,-1,
		 4, 5, 6, 7,-1,
		]
	} #IndexedFaceSet
} #Polyhedron
Separator { #Polyhedron
	DEF COORD32 Coordinate3 {
		point [
		 -3.6576 0.6096 -3.5052,
		 -3.6576 0.6096 -3.9624,
		 3.6576 0.6096 -3.9624,
		 3.6576 0.6096 -3.5052,
		 -3.6576 0.4572 -3.5052,
		 -3.6576 0.4572 -3.9624,
		 3.6576 0.4572 -3.9624,
		 3.6576 0.4572 -3.5052
		]
	} #Coordinate3
	Material {
		ambientColor      0.1598 0.1598 0.1598  #ambientColor
		diffuseColor      0.6392 0.6392 0.6392  #diffuseColor
		transparency      0.0000                #transparency
	} #Material

	IndexedFaceSet {
		coordIndex [ 
		 0, 1, 2, 3,-1,
		 3, 2, 1, 0,-1,
		 0, 3, 7, 4,-1,
		 4, 7, 3, 0,-1,
		 1, 0, 4, 5,-1,
		 5, 4, 0, 1,-1,
		 2, 1, 5, 6,-1,
		 6, 5, 1, 2,-1,
		 3, 2, 6, 7,-1,
		 7, 6, 2, 3,-1,
		 7, 6, 5, 4,-1,
		 4, 5, 6, 7,-1,
		]
	} #IndexedFaceSet
} #Polyhedron
Separator { #Polyhedron
	DEF COORD33 Coordinate3 {
		point [
		 -3.6576 0.6096 -3.5052,
		 -5.0292 0.6096 -4.4196,
		 -4.7244 0.6096 -4.7244,
		 -3.6576 0.6096 -3.9624,
		 -3.6576 0.4572 -3.5052,
		 -5.0292 0.4572 -4.4196,
		 -4.7244 0.4572 -4.7244,
		 -3.6576 0.4572 -3.9624
		]
	} #Coordinate3
	Material {
		ambientColor      0.1598 0.1598 0.1598  #ambientColor
		diffuseColor      0.6392 0.6392 0.6392  #diffuseColor
		transparency      0.0000                #transparency
	} #Material

	IndexedFaceSet {
		coordIndex [ 
		 0, 1, 2, 3,-1,
		 3, 2, 1, 0,-1,
		 0, 3, 7, 4,-1,
		 4, 7, 3, 0,-1,
		 1, 0, 4, 5,-1,
		 5, 4, 0, 1,-1,
		 3, 2, 6, 7,-1,
		 7, 6, 2, 3,-1,
		 7, 6, 5, 4,-1,
		 4, 5, 6, 7,-1,
		]
	} #IndexedFaceSet
} #Polyhedron
Separator { #Polyhedron
	DEF COORD34 Coordinate3 {
		point [
		 3.6576 0.6096 -3.9624,
		 4.7244 0.6096 -4.7244,
		 5.0292 0.6096 -4.4196,
		 3.6576 0.6096 -3.5052,
		 3.6576 0.4572 -3.9624,
		 4.7244 0.4572 -4.7244,
		 5.0292 0.4572 -4.4196,
		 3.6576 0.4572 -3.5052
		]
	} #Coordinate3
	Material {
		ambientColor      0.1598 0.1598 0.1598  #ambientColor
		diffuseColor      0.6392 0.6392 0.6392  #diffuseColor
		transparency      0.0000                #transparency
	} #Material

	IndexedFaceSet {
		coordIndex [ 
		 0, 1, 2, 3,-1,
		 3, 2, 1, 0,-1,
		 0, 3, 7, 4,-1,
		 4, 7, 3, 0,-1,
		 1, 0, 4, 5,-1,
		 5, 4, 0, 1,-1,
		 2, 1, 5, 6,-1,
		 6, 5, 1, 2,-1,
		 3, 2, 6, 7,-1,
		 7, 6, 2, 3,-1,
		 7, 6, 5, 4,-1,
		 4, 5, 6, 7,-1,
		]
	} #IndexedFaceSet
} #Polyhedron
Separator { #Polyhedron
	DEF COORD35 Coordinate3 {
		point [
		 -1.8831 0.1524 -5.0254,
		 -1.7254 0.1524 -4.4366,
		 -1.7745 0.1524 -4.4234,
		 -1.9322 0.1524 -5.0123,
		 -1.8831 0.1016 -5.0254,
		 -1.7254 0.1016 -4.4366,
		 -1.7745 0.1016 -4.4234,
		 -1.9322 0.1016 -5.0123
		]
	} #Coordinate3
	Material {
		ambientColor      0.1951 0.1951 0.1951  #ambientColor
		diffuseColor      0.7804 0.7804 0.7804  #diffuseColor
		transparency      0.0000                #transparency
	} #Material

	IndexedFaceSet {
		coordIndex [ 
		 0, 1, 2, 3,-1,
		 3, 2, 1, 0,-1,
		 0, 3, 7, 4,-1,
		 4, 7, 3, 0,-1,
		 1, 0, 4, 5,-1,
		 5, 4, 0, 1,-1,
		 2, 1, 5, 6,-1,
		 6, 5, 1, 2,-1,
		 3, 2, 6, 7,-1,
		 7, 6, 2, 3,-1,
		 7, 6, 5, 4,-1,
		 4, 5, 6, 7,-1,
		]
	} #IndexedFaceSet
} #Polyhedron
Separator { #Polyhedron
	DEF COORD36 Coordinate3 {
		point [
		 -1.8599 0.1524 -4.7424,
		 -1.8468 0.1524 -4.6933,
		 -2.1166 0.1524 -4.6210,
		 -2.1298 0.1524 -4.6701,
		 -1.8599 0.1016 -4.7424,
		 -1.8468 0.1016 -4.6933,
		 -2.1166 0.1016 -4.6210,
		 -2.1298 0.1016 -4.6701
		]
	} #Coordinate3
	Material {
		ambientColor      0.1951 0.1951 0.1951  #ambientColor
		diffuseColor      0.7804 0.7804 0.7804  #diffuseColor
		transparency      0.0000                #transparency
	} #Material

	IndexedFaceSet {
		coordIndex [ 
		 0, 1, 2, 3,-1,
		 3, 2, 1, 0,-1,
		 0, 3, 7, 4,-1,
		 4, 7, 3, 0,-1,
		 1, 0, 4, 5,-1,
		 5, 4, 0, 1,-1,
		 2, 1, 5, 6,-1,
		 6, 5, 1, 2,-1,
		 3, 2, 6, 7,-1,
		 7, 6, 2, 3,-1,
		 7, 6, 5, 4,-1,
		 4, 5, 6, 7,-1,
		]
	} #IndexedFaceSet
} #Polyhedron
Separator { #Polyhedron
	DEF COORD37 Coordinate3 {
		point [
		 -1.5410 0.1524 -4.8278,
		 -1.5278 0.1524 -4.7788,
		 -1.7977 0.1524 -4.7065,
		 -1.8108 0.1524 -4.7555,
		 -1.5410 0.1016 -4.8278,
		 -1.5278 0.1016 -4.7788,
		 -1.7977 0.1016 -4.7065,
		 -1.8108 0.1016 -4.7555
		]
	} #Coordinate3
	Material {
		ambientColor      0.1951 0.1951 0.1951  #ambientColor
		diffuseColor      0.7804 0.7804 0.7804  #diffuseColor
		transparency      0.0000                #transparency
	} #Material

	IndexedFaceSet {
		coordIndex [ 
		 0, 1, 2, 3,-1,
		 3, 2, 1, 0,-1,
		 0, 3, 7, 4,-1,
		 4, 7, 3, 0,-1,
		 1, 0, 4, 5,-1,
		 5, 4, 0, 1,-1,
		 2, 1, 5, 6,-1,
		 6, 5, 1, 2,-1,
		 3, 2, 6, 7,-1,
		 7, 6, 2, 3,-1,
		 7, 6, 5, 4,-1,
		 4, 5, 6, 7,-1,
		]
	} #IndexedFaceSet
} #Polyhedron
Separator { #Polyhedron
	DEF COORD38 Coordinate3 {
		point [
		 -2.0970 0.1016 -4.6647,
		 -2.0923 0.1016 -4.6631,
		 -2.0886 0.1016 -4.6598,
		 -2.0864 0.1016 -4.6554,
		 -2.0861 0.1016 -4.6504,
		 -2.0877 0.1016 -4.6458,
		 -2.0910 0.1016 -4.6420,
		 -2.0954 0.1016 -4.6398,
		 -2.1003 0.1016 -4.6395,
		 -2.1050 0.1016 -4.6411,
		 -2.1088 0.1016 -4.6444,
		 -2.1110 0.1016 -4.6488,
		 -2.1113 0.1016 -4.6538,
		 -2.1097 0.1016 -4.6585,
		 -2.1064 0.1016 -4.6622,
		 -2.1020 0.1016 -4.6644,
		 -2.0970 0.0508 -4.6647,
		 -2.0923 0.0508 -4.6631,
		 -2.0886 0.0508 -4.6598,
		 -2.0864 0.0508 -4.6554,
		 -2.0861 0.0508 -4.6504,
		 -2.0877 0.0508 -4.6458,
		 -2.0910 0.0508 -4.6420,
		 -2.0954 0.0508 -4.6398,
		 -2.1003 0.0508 -4.6395,
		 -2.1050 0.0508 -4.6411,
		 -2.1088 0.0508 -4.6444,
		 -2.1110 0.0508 -4.6488,
		 -2.1113 0.0508 -4.6538,
		 -2.1097 0.0508 -4.6585,
		 -2.1064 0.0508 -4.6622,
		 -2.1020 0.0508 -4.6644
		]
	} #Coordinate3
	Material {
		ambientColor      0.1951 0.1951 0.1951  #ambientColor
		diffuseColor      0.7804 0.7804 0.7804  #diffuseColor
		transparency      0.0000                #transparency
	} #Material

	IndexedFaceSet {
		coordIndex [ 
		 0, 1, 2, 3, 4, 5, 6, 7, 8, 9, 10, 11, 12, 13, 14, 15,-1,
		 15, 14, 13, 12, 11, 10, 9, 8, 7, 6, 5, 4, 3, 2, 1, 0,-1,
		 0, 15, 31, 16,-1,
		 16, 31, 15, 0,-1,
		 1, 0, 16, 17,-1,
		 17, 16, 0, 1,-1,
		 2, 1, 17, 18,-1,
		 18, 17, 1, 2,-1,
		 3, 2, 18, 19,-1,
		 19, 18, 2, 3,-1,
		 4, 3, 19, 20,-1,
		 20, 19, 3, 4,-1,
		 5, 4, 20, 21,-1,
		 21, 20, 4, 5,-1,
		 6, 5, 21, 22,-1,
		 22, 21, 5, 6,-1,
		 7, 6, 22, 23,-1,
		 23, 22, 6, 7,-1,
		 8, 7, 23, 24,-1,
		 24, 23, 7, 8,-1,
		 9, 8, 24, 25,-1,
		 25, 24, 8, 9,-1,
		 10, 9, 25, 26,-1,
		 26, 25, 9, 10,-1,
		 11, 10, 26, 27,-1,
		 27, 26, 10, 11,-1,
		 12, 11, 27, 28,-1,
		 28, 27, 11, 12,-1,
		 13, 12, 28, 29,-1,
		 29, 28, 12, 13,-1,
		 14, 13, 29, 30,-1,
		 30, 29, 13, 14,-1,
		 15, 14, 30, 31,-1,
		 31, 30, 14, 15,-1,
		 31, 30, 29, 28, 27, 26, 25, 24, 23, 22, 21, 20, 19, 18, 17, 16,-1,
		 16, 17, 18, 19, 20, 21, 22, 23, 24, 25, 26, 27, 28, 29, 30, 31,-1,
		]
	} #IndexedFaceSet
} #Polyhedron
Separator { #Polyhedron
	DEF COORD39 Coordinate3 {
		point [
		 -1.8995 0.1016 -5.0069,
		 -1.8948 0.1016 -5.0053,
		 -1.8910 0.1016 -5.0020,
		 -1.8888 0.1016 -4.9976,
		 -1.8885 0.1016 -4.9926,
		 -1.8901 0.1016 -4.9879,
		 -1.8934 0.1016 -4.9842,
		 -1.8978 0.1016 -4.9820,
		 -1.9028 0.1016 -4.9817,
		 -1.9075 0.1016 -4.9833,
		 -1.9112 0.1016 -4.9866,
		 -1.9134 0.1016 -4.9910,
		 -1.9137 0.1016 -4.9959,
		 -1.9121 0.1016 -5.0006,
		 -1.9088 0.1016 -5.0044,
		 -1.9044 0.1016 -5.0066,
		 -1.8995 0.0508 -5.0069,
		 -1.8948 0.0508 -5.0053,
		 -1.8910 0.0508 -5.0020,
		 -1.8888 0.0508 -4.9976,
		 -1.8885 0.0508 -4.9926,
		 -1.8901 0.0508 -4.9879,
		 -1.8934 0.0508 -4.9842,
		 -1.8978 0.0508 -4.9820,
		 -1.9028 0.0508 -4.9817,
		 -1.9075 0.0508 -4.9833,
		 -1.9112 0.0508 -4.9866,
		 -1.9134 0.0508 -4.9910,
		 -1.9137 0.0508 -4.9959,
		 -1.9121 0.0508 -5.0006,
		 -1.9088 0.0508 -5.0044,
		 -1.9044 0.0508 -5.0066
		]
	} #Coordinate3
	Material {
		ambientColor      0.1951 0.1951 0.1951  #ambientColor
		diffuseColor      0.7804 0.7804 0.7804  #diffuseColor
		transparency      0.0000                #transparency
	} #Material

	IndexedFaceSet {
		coordIndex [ 
		 0, 1, 2, 3, 4, 5, 6, 7, 8, 9, 10, 11, 12, 13, 14, 15,-1,
		 15, 14, 13, 12, 11, 10, 9, 8, 7, 6, 5, 4, 3, 2, 1, 0,-1,
		 0, 15, 31, 16,-1,
		 16, 31, 15, 0,-1,
		 1, 0, 16, 17,-1,
		 17, 16, 0, 1,-1,
		 2, 1, 17, 18,-1,
		 18, 17, 1, 2,-1,
		 3, 2, 18, 19,-1,
		 19, 18, 2, 3,-1,
		 4, 3, 19, 20,-1,
		 20, 19, 3, 4,-1,
		 5, 4, 20, 21,-1,
		 21, 20, 4, 5,-1,
		 6, 5, 21, 22,-1,
		 22, 21, 5, 6,-1,
		 7, 6, 22, 23,-1,
		 23, 22, 6, 7,-1,
		 8, 7, 23, 24,-1,
		 24, 23, 7, 8,-1,
		 9, 8, 24, 25,-1,
		 25, 24, 8, 9,-1,
		 10, 9, 25, 26,-1,
		 26, 25, 9, 10,-1,
		 11, 10, 26, 27,-1,
		 27, 26, 10, 11,-1,
		 12, 11, 27, 28,-1,
		 28, 27, 11, 12,-1,
		 13, 12, 28, 29,-1,
		 29, 28, 12, 13,-1,
		 14, 13, 29, 30,-1,
		 30, 29, 13, 14,-1,
		 15, 14, 30, 31,-1,
		 31, 30, 14, 15,-1,
		 31, 30, 29, 28, 27, 26, 25, 24, 23, 22, 21, 20, 19, 18, 17, 16,-1,
		 16, 17, 18, 19, 20, 21, 22, 23, 24, 25, 26, 27, 28, 29, 30, 31,-1,
		]
	} #IndexedFaceSet
} #Polyhedron
Separator { #Polyhedron
	DEF COORD40 Coordinate3 {
		point [
		 -1.7548 0.1016 -4.4671,
		 -1.7501 0.1016 -4.4655,
		 -1.7464 0.1016 -4.4623,
		 -1.7442 0.1016 -4.4578,
		 -1.7439 0.1016 -4.4529,
		 -1.7455 0.1016 -4.4482,
		 -1.7488 0.1016 -4.4445,
		 -1.7532 0.1016 -4.4423,
		 -1.7582 0.1016 -4.4419,
		 -1.7628 0.1016 -4.4435,
		 -1.7666 0.1016 -4.4468,
		 -1.7688 0.1016 -4.4512,
		 -1.7691 0.1016 -4.4562,
		 -1.7675 0.1016 -4.4609,
		 -1.7642 0.1016 -4.4646,
		 -1.7598 0.1016 -4.4668,
		 -1.7548 0.0508 -4.4671,
		 -1.7501 0.0508 -4.4655,
		 -1.7464 0.0508 -4.4623,
		 -1.7442 0.0508 -4.4578,
		 -1.7439 0.0508 -4.4529,
		 -1.7455 0.0508 -4.4482,
		 -1.7488 0.0508 -4.4445,
		 -1.7532 0.0508 -4.4423,
		 -1.7582 0.0508 -4.4419,
		 -1.7628 0.0508 -4.4435,
		 -1.7666 0.0508 -4.4468,
		 -1.7688 0.0508 -4.4512,
		 -1.7691 0.0508 -4.4562,
		 -1.7675 0.0508 -4.4609,
		 -1.7642 0.0508 -4.4646,
		 -1.7598 0.0508 -4.4668
		]
	} #Coordinate3
	Material {
		ambientColor      0.1951 0.1951 0.1951  #ambientColor
		diffuseColor      0.7804 0.7804 0.7804  #diffuseColor
		transparency      0.0000                #transparency
	} #Material

	IndexedFaceSet {
		coordIndex [ 
		 0, 1, 2, 3, 4, 5, 6, 7, 8, 9, 10, 11, 12, 13, 14, 15,-1,
		 15, 14, 13, 12, 11, 10, 9, 8, 7, 6, 5, 4, 3, 2, 1, 0,-1,
		 0, 15, 31, 16,-1,
		 16, 31, 15, 0,-1,
		 1, 0, 16, 17,-1,
		 17, 16, 0, 1,-1,
		 2, 1, 17, 18,-1,
		 18, 17, 1, 2,-1,
		 3, 2, 18, 19,-1,
		 19, 18, 2, 3,-1,
		 4, 3, 19, 20,-1,
		 20, 19, 3, 4,-1,
		 5, 4, 20, 21,-1,
		 21, 20, 4, 5,-1,
		 6, 5, 21, 22,-1,
		 22, 21, 5, 6,-1,
		 7, 6, 22, 23,-1,
		 23, 22, 6, 7,-1,
		 8, 7, 23, 24,-1,
		 24, 23, 7, 8,-1,
		 9, 8, 24, 25,-1,
		 25, 24, 8, 9,-1,
		 10, 9, 25, 26,-1,
		 26, 25, 9, 10,-1,
		 11, 10, 26, 27,-1,
		 27, 26, 10, 11,-1,
		 12, 11, 27, 28,-1,
		 28, 27, 11, 12,-1,
		 13, 12, 28, 29,-1,
		 29, 28, 12, 13,-1,
		 14, 13, 29, 30,-1,
		 30, 29, 13, 14,-1,
		 15, 14, 30, 31,-1,
		 31, 30, 14, 15,-1,
		 31, 30, 29, 28, 27, 26, 25, 24, 23, 22, 21, 20, 19, 18, 17, 16,-1,
		 16, 17, 18, 19, 20, 21, 22, 23, 24, 25, 26, 27, 28, 29, 30, 31,-1,
		]
	} #IndexedFaceSet
} #Polyhedron
Separator { #Polyhedron
	DEF COORD41 Coordinate3 {
		point [
		 -1.5573 0.1016 -4.8093,
		 -1.5526 0.1016 -4.8077,
		 -1.5488 0.1016 -4.8044,
		 -1.5467 0.1016 -4.8000,
		 -1.5463 0.1016 -4.7951,
		 -1.5479 0.1016 -4.7904,
		 -1.5512 0.1016 -4.7866,
		 -1.5556 0.1016 -4.7844,
		 -1.5606 0.1016 -4.7841,
		 -1.5653 0.1016 -4.7857,
		 -1.5690 0.1016 -4.7890,
		 -1.5712 0.1016 -4.7934,
		 -1.5715 0.1016 -4.7984,
		 -1.5699 0.1016 -4.8031,
		 -1.5667 0.1016 -4.8068,
		 -1.5622 0.1016 -4.8090,
		 -1.5573 0.0508 -4.8093,
		 -1.5526 0.0508 -4.8077,
		 -1.5488 0.0508 -4.8044,
		 -1.5467 0.0508 -4.8000,
		 -1.5463 0.0508 -4.7951,
		 -1.5479 0.0508 -4.7904,
		 -1.5512 0.0508 -4.7866,
		 -1.5556 0.0508 -4.7844,
		 -1.5606 0.0508 -4.7841,
		 -1.5653 0.0508 -4.7857,
		 -1.5690 0.0508 -4.7890,
		 -1.5712 0.0508 -4.7934,
		 -1.5715 0.0508 -4.7984,
		 -1.5699 0.0508 -4.8031,
		 -1.5667 0.0508 -4.8068,
		 -1.5622 0.0508 -4.8090
		]
	} #Coordinate3
	Material {
		ambientColor      0.1951 0.1951 0.1951  #ambientColor
		diffuseColor      0.7804 0.7804 0.7804  #diffuseColor
		transparency      0.0000                #transparency
	} #Material

	IndexedFaceSet {
		coordIndex [ 
		 0, 1, 2, 3, 4, 5, 6, 7, 8, 9, 10, 11, 12, 13, 14, 15,-1,
		 15, 14, 13, 12, 11, 10, 9, 8, 7, 6, 5, 4, 3, 2, 1, 0,-1,
		 0, 15, 31, 16,-1,
		 16, 31, 15, 0,-1,
		 1, 0, 16, 17,-1,
		 17, 16, 0, 1,-1,
		 2, 1, 17, 18,-1,
		 18, 17, 1, 2,-1,
		 3, 2, 18, 19,-1,
		 19, 18, 2, 3,-1,
		 4, 3, 19, 20,-1,
		 20, 19, 3, 4,-1,
		 5, 4, 20, 21,-1,
		 21, 20, 4, 5,-1,
		 6, 5, 21, 22,-1,
		 22, 21, 5, 6,-1,
		 7, 6, 22, 23,-1,
		 23, 22, 6, 7,-1,
		 8, 7, 23, 24,-1,
		 24, 23, 7, 8,-1,
		 9, 8, 24, 25,-1,
		 25, 24, 8, 9,-1,
		 10, 9, 25, 26,-1,
		 26, 25, 9, 10,-1,
		 11, 10, 26, 27,-1,
		 27, 26, 10, 11,-1,
		 12, 11, 27, 28,-1,
		 28, 27, 11, 12,-1,
		 13, 12, 28, 29,-1,
		 29, 28, 12, 13,-1,
		 14, 13, 29, 30,-1,
		 30, 29, 13, 14,-1,
		 15, 14, 30, 31,-1,
		 31, 30, 14, 15,-1,
		 31, 30, 29, 28, 27, 26, 25, 24, 23, 22, 21, 20, 19, 18, 17, 16,-1,
		 16, 17, 18, 19, 20, 21, 22, 23, 24, 25, 26, 27, 28, 29, 30, 31,-1,
		]
	} #IndexedFaceSet
} #Polyhedron
Separator { #Polyhedron
	DEF COORD42 Coordinate3 {
		point [
		 -1.7565 0.0508 -4.4545,
		 -1.7545 0.0457 -4.4696,
		 -1.7489 0.0457 -4.4677,
		 -1.7444 0.0457 -4.4638,
		 -1.7418 0.0457 -4.4585,
		 -1.7414 0.0457 -4.4525,
		 -1.7433 0.0457 -4.4469,
		 -1.7472 0.0457 -4.4424,
		 -1.7526 0.0457 -4.4398,
		 -1.7585 0.0457 -4.4394,
		 -1.7641 0.0457 -4.4413,
		 -1.7686 0.0457 -4.4453,
		 -1.7712 0.0457 -4.4506,
		 -1.7716 0.0457 -4.4565,
		 -1.7697 0.0457 -4.4621,
		 -1.7658 0.0457 -4.4666,
		 -1.7604 0.0457 -4.4692,
		 -1.7538 0.0406 -4.4747,
		 -1.7463 0.0406 -4.4721,
		 -1.7404 0.0406 -4.4669,
		 -1.7369 0.0406 -4.4598,
		 -1.7364 0.0406 -4.4519,
		 -1.7389 0.0406 -4.4444,
		 -1.7441 0.0406 -4.4384,
		 -1.7512 0.0406 -4.4349,
		 -1.7592 0.0406 -4.4344,
		 -1.7667 0.0406 -4.4369,
		 -1.7726 0.0406 -4.4422,
		 -1.7761 0.0406 -4.4493,
		 -1.7766 0.0406 -4.4572,
		 -1.7741 0.0406 -4.4647,
		 -1.7689 0.0406 -4.4707,
		 -1.7618 0.0406 -4.4742,
		 -1.7535 0.0356 -4.4776,
		 -1.7449 0.0356 -4.4747,
		 -1.7380 0.0356 -4.4687,
		 -1.7340 0.0356 -4.4606,
		 -1.7334 0.0356 -4.4515,
		 -1.7363 0.0356 -4.4429,
		 -1.7423 0.0356 -4.4361,
		 -1.7505 0.0356 -4.4320,
		 -1.7595 0.0356 -4.4314,
		 -1.7681 0.0356 -4.4344,
		 -1.7750 0.0356 -4.4404,
		 -1.7790 0.0356 -4.4485,
		 -1.7796 0.0356 -4.4576,
		 -1.7767 0.0356 -4.4662,
		 -1.7707 0.0356 -4.4730,
		 -1.7625 0.0356 -4.4770,
		 -1.7532 0.0305 -4.4792,
		 -1.7441 0.0305 -4.4761,
		 -1.7368 0.0305 -4.4697,
		 -1.7325 0.0305 -4.4610,
		 -1.7318 0.0305 -4.4513,
		 -1.7349 0.0305 -4.4421,
		 -1.7413 0.0305 -4.4348,
		 -1.7501 0.0305 -4.4305,
		 -1.7597 0.0305 -4.4299,
		 -1.7689 0.0305 -4.4330,
		 -1.7762 0.0305 -4.4394,
		 -1.7805 0.0305 -4.4481,
		 -1.7812 0.0305 -4.4578,
		 -1.7780 0.0305 -4.4670,
		 -1.7716 0.0305 -4.4743,
		 -1.7629 0.0305 -4.4786,
		 -1.7532 0.0254 -4.4797,
		 -1.7438 0.0254 -4.4765,
		 -1.7363 0.0254 -4.4700,
		 -1.7320 0.0254 -4.4611,
		 -1.7313 0.0254 -4.4512,
		 -1.7345 0.0254 -4.4418,
		 -1.7410 0.0254 -4.4344,
		 -1.7499 0.0254 -4.4300,
		 -1.7598 0.0254 -4.4293,
		 -1.7692 0.0254 -4.4325,
		 -1.7766 0.0254 -4.4391,
		 -1.7810 0.0254 -4.4480,
		 -1.7817 0.0254 -4.4578,
		 -1.7785 0.0254 -4.4672,
		 -1.7720 0.0254 -4.4747,
		 -1.7631 0.0254 -4.4791,
		 -1.7532 0.0203 -4.4792,
		 -1.7441 0.0203 -4.4761,
		 -1.7368 0.0203 -4.4697,
		 -1.7325 0.0203 -4.4610,
		 -1.7318 0.0203 -4.4513,
		 -1.7349 0.0203 -4.4421,
		 -1.7413 0.0203 -4.4348,
		 -1.7501 0.0203 -4.4305,
		 -1.7597 0.0203 -4.4299,
		 -1.7689 0.0203 -4.4330,
		 -1.7762 0.0203 -4.4394,
		 -1.7805 0.0203 -4.4481,
		 -1.7812 0.0203 -4.4578,
		 -1.7780 0.0203 -4.4670,
		 -1.7716 0.0203 -4.4743,
		 -1.7629 0.0203 -4.4786,
		 -1.7535 0.0152 -4.4776,
		 -1.7449 0.0152 -4.4747,
		 -1.7380 0.0152 -4.4687,
		 -1.7340 0.0152 -4.4606,
		 -1.7334 0.0152 -4.4515,
		 -1.7363 0.0152 -4.4429,
		 -1.7423 0.0152 -4.4361,
		 -1.7505 0.0152 -4.4320,
		 -1.7595 0.0152 -4.4314,
		 -1.7681 0.0152 -4.4344,
		 -1.7750 0.0152 -4.4404,
		 -1.7790 0.0152 -4.4485,
		 -1.7796 0.0152 -4.4576,
		 -1.7767 0.0152 -4.4662,
		 -1.7707 0.0152 -4.4730,
		 -1.7625 0.0152 -4.4770,
		 -1.7538 0.0102 -4.4747,
		 -1.7463 0.0102 -4.4721,
		 -1.7404 0.0102 -4.4669,
		 -1.7369 0.0102 -4.4598,
		 -1.7364 0.0102 -4.4519,
		 -1.7389 0.0102 -4.4444,
		 -1.7441 0.0102 -4.4384,
		 -1.7512 0.0102 -4.4349,
		 -1.7592 0.0102 -4.4344,
		 -1.7667 0.0102 -4.4369,
		 -1.7726 0.0102 -4.4422,
		 -1.7761 0.0102 -4.4493,
		 -1.7766 0.0102 -4.4572,
		 -1.7741 0.0102 -4.4647,
		 -1.7689 0.0102 -4.4707,
		 -1.7618 0.0102 -4.4742,
		 -1.7545 0.0051 -4.4696,
		 -1.7489 0.0051 -4.4677,
		 -1.7444 0.0051 -4.4638,
		 -1.7418 0.0051 -4.4585,
		 -1.7414 0.0051 -4.4525,
		 -1.7433 0.0051 -4.4469,
		 -1.7472 0.0051 -4.4424,
		 -1.7526 0.0051 -4.4398,
		 -1.7585 0.0051 -4.4394,
		 -1.7641 0.0051 -4.4413,
		 -1.7686 0.0051 -4.4453,
		 -1.7712 0.0051 -4.4506,
		 -1.7716 0.0051 -4.4565,
		 -1.7697 0.0051 -4.4621,
		 -1.7658 0.0051 -4.4666,
		 -1.7604 0.0051 -4.4692,
		 -1.7565 0.0000 -4.4545
		]
	} #Coordinate3
	Material {
		ambientColor      0.1176 0.1176 0.1176  #ambientColor
		diffuseColor      0.4706 0.4706 0.4706  #diffuseColor
		transparency      0.0000                #transparency
	} #Material

	IndexedFaceSet {
		coordIndex [ 
		 0, 16, 1,-1,
		 1, 16, 0,-1,
		 0, 1, 2,-1,
		 2, 1, 0,-1,
		 0, 2, 3,-1,
		 3, 2, 0,-1,
		 0, 3, 4,-1,
		 4, 3, 0,-1,
		 0, 4, 5,-1,
		 5, 4, 0,-1,
		 0, 5, 6,-1,
		 6, 5, 0,-1,
		 0, 6, 7,-1,
		 7, 6, 0,-1,
		 0, 7, 8,-1,
		 8, 7, 0,-1,
		 0, 8, 9,-1,
		 9, 8, 0,-1,
		 0, 9, 10,-1,
		 10, 9, 0,-1,
		 0, 10, 11,-1,
		 11, 10, 0,-1,
		 0, 11, 12,-1,
		 12, 11, 0,-1,
		 0, 12, 13,-1,
		 13, 12, 0,-1,
		 0, 13, 14,-1,
		 14, 13, 0,-1,
		 0, 14, 15,-1,
		 15, 14, 0,-1,
		 0, 15, 16,-1,
		 16, 15, 0,-1,
		 1, 16, 32, 17,-1,
		 17, 32, 16, 1,-1,
		 2, 1, 17, 18,-1,
		 18, 17, 1, 2,-1,
		 3, 2, 18, 19,-1,
		 19, 18, 2, 3,-1,
		 4, 3, 19, 20,-1,
		 20, 19, 3, 4,-1,
		 5, 4, 20, 21,-1,
		 21, 20, 4, 5,-1,
		 6, 5, 21, 22,-1,
		 22, 21, 5, 6,-1,
		 7, 6, 22, 23,-1,
		 23, 22, 6, 7,-1,
		 8, 7, 23, 24,-1,
		 24, 23, 7, 8,-1,
		 9, 8, 24, 25,-1,
		 25, 24, 8, 9,-1,
		 10, 9, 25, 26,-1,
		 26, 25, 9, 10,-1,
		 11, 10, 26, 27,-1,
		 27, 26, 10, 11,-1,
		 12, 11, 27, 28,-1,
		 28, 27, 11, 12,-1,
		 13, 12, 28, 29,-1,
		 29, 28, 12, 13,-1,
		 14, 13, 29, 30,-1,
		 30, 29, 13, 14,-1,
		 15, 14, 30, 31,-1,
		 31, 30, 14, 15,-1,
		 16, 15, 31, 32,-1,
		 32, 31, 15, 16,-1,
		 17, 32, 48, 33,-1,
		 33, 48, 32, 17,-1,
		 18, 17, 33, 34,-1,
		 34, 33, 17, 18,-1,
		 19, 18, 34, 35,-1,
		 35, 34, 18, 19,-1,
		 20, 19, 35, 36,-1,
		 36, 35, 19, 20,-1,
		 21, 20, 36, 37,-1,
		 37, 36, 20, 21,-1,
		 22, 21, 37, 38,-1,
		 38, 37, 21, 22,-1,
		 23, 22, 38, 39,-1,
		 39, 38, 22, 23,-1,
		 24, 23, 39, 40,-1,
		 40, 39, 23, 24,-1,
		 25, 24, 40, 41,-1,
		 41, 40, 24, 25,-1,
		 26, 25, 41, 42,-1,
		 42, 41, 25, 26,-1,
		 27, 26, 42, 43,-1,
		 43, 42, 26, 27,-1,
		 28, 27, 43, 44,-1,
		 44, 43, 27, 28,-1,
		 29, 28, 44, 45,-1,
		 45, 44, 28, 29,-1,
		 30, 29, 45, 46,-1,
		 46, 45, 29, 30,-1,
		 31, 30, 46, 47,-1,
		 47, 46, 30, 31,-1,
		 32, 31, 47, 48,-1,
		 48, 47, 31, 32,-1,
		 33, 48, 64, 49,-1,
		 49, 64, 48, 33,-1,
		 34, 33, 49, 50,-1,
		 50, 49, 33, 34,-1,
		 35, 34, 50, 51,-1,
		 51, 50, 34, 35,-1,
		 36, 35, 51, 52,-1,
		 52, 51, 35, 36,-1,
		 37, 36, 52, 53,-1,
		 53, 52, 36, 37,-1,
		 38, 37, 53, 54,-1,
		 54, 53, 37, 38,-1,
		 39, 38, 54, 55,-1,
		 55, 54, 38, 39,-1,
		 40, 39, 55, 56,-1,
		 56, 55, 39, 40,-1,
		 41, 40, 56, 57,-1,
		 57, 56, 40, 41,-1,
		 42, 41, 57, 58,-1,
		 58, 57, 41, 42,-1,
		 43, 42, 58, 59,-1,
		 59, 58, 42, 43,-1,
		 44, 43, 59, 60,-1,
		 60, 59, 43, 44,-1,
		 45, 44, 60, 61,-1,
		 61, 60, 44, 45,-1,
		 46, 45, 61, 62,-1,
		 62, 61, 45, 46,-1,
		 47, 46, 62, 63,-1,
		 63, 62, 46, 47,-1,
		 48, 47, 63, 64,-1,
		 64, 63, 47, 48,-1,
		 49, 64, 80, 65,-1,
		 65, 80, 64, 49,-1,
		 50, 49, 65, 66,-1,
		 66, 65, 49, 50,-1,
		 51, 50, 66, 67,-1,
		 67, 66, 50, 51,-1,
		 52, 51, 67, 68,-1,
		 68, 67, 51, 52,-1,
		 53, 52, 68, 69,-1,
		 69, 68, 52, 53,-1,
		 54, 53, 69, 70,-1,
		 70, 69, 53, 54,-1,
		 55, 54, 70, 71,-1,
		 71, 70, 54, 55,-1,
		 56, 55, 71, 72,-1,
		 72, 71, 55, 56,-1,
		 57, 56, 72, 73,-1,
		 73, 72, 56, 57,-1,
		 58, 57, 73, 74,-1,
		 74, 73, 57, 58,-1,
		 59, 58, 74, 75,-1,
		 75, 74, 58, 59,-1,
		 60, 59, 75, 76,-1,
		 76, 75, 59, 60,-1,
		 61, 60, 76, 77,-1,
		 77, 76, 60, 61,-1,
		 62, 61, 77, 78,-1,
		 78, 77, 61, 62,-1,
		 63, 62, 78, 79,-1,
		 79, 78, 62, 63,-1,
		 64, 63, 79, 80,-1,
		 80, 79, 63, 64,-1,
		 65, 80, 96, 81,-1,
		 81, 96, 80, 65,-1,
		 66, 65, 81, 82,-1,
		 82, 81, 65, 66,-1,
		 67, 66, 82, 83,-1,
		 83, 82, 66, 67,-1,
		 68, 67, 83, 84,-1,
		 84, 83, 67, 68,-1,
		 69, 68, 84, 85,-1,
		 85, 84, 68, 69,-1,
		 70, 69, 85, 86,-1,
		 86, 85, 69, 70,-1,
		 71, 70, 86, 87,-1,
		 87, 86, 70, 71,-1,
		 72, 71, 87, 88,-1,
		 88, 87, 71, 72,-1,
		 73, 72, 88, 89,-1,
		 89, 88, 72, 73,-1,
		 74, 73, 89, 90,-1,
		 90, 89, 73, 74,-1,
		 75, 74, 90, 91,-1,
		 91, 90, 74, 75,-1,
		 76, 75, 91, 92,-1,
		 92, 91, 75, 76,-1,
		 77, 76, 92, 93,-1,
		 93, 92, 76, 77,-1,
		 78, 77, 93, 94,-1,
		 94, 93, 77, 78,-1,
		 79, 78, 94, 95,-1,
		 95, 94, 78, 79,-1,
		 80, 79, 95, 96,-1,
		 96, 95, 79, 80,-1,
		 81, 96, 112, 97,-1,
		 97, 112, 96, 81,-1,
		 82, 81, 97, 98,-1,
		 98, 97, 81, 82,-1,
		 83, 82, 98, 99,-1,
		 99, 98, 82, 83,-1,
		 84, 83, 99, 100,-1,
		 100, 99, 83, 84,-1,
		 85, 84, 100, 101,-1,
		 101, 100, 84, 85,-1,
		 86, 85, 101, 102,-1,
		 102, 101, 85, 86,-1,
		 87, 86, 102, 103,-1,
		 103, 102, 86, 87,-1,
		 88, 87, 103, 104,-1,
		 104, 103, 87, 88,-1,
		 89, 88, 104, 105,-1,
		 105, 104, 88, 89,-1,
		 90, 89, 105, 106,-1,
		 106, 105, 89, 90,-1,
		 91, 90, 106, 107,-1,
		 107, 106, 90, 91,-1,
		 92, 91, 107, 108,-1,
		 108, 107, 91, 92,-1,
		 93, 92, 108, 109,-1,
		 109, 108, 92, 93,-1,
		 94, 93, 109, 110,-1,
		 110, 109, 93, 94,-1,
		 95, 94, 110, 111,-1,
		 111, 110, 94, 95,-1,
		 96, 95, 111, 112,-1,
		 112, 111, 95, 96,-1,
		 97, 112, 128, 113,-1,
		 113, 128, 112, 97,-1,
		 98, 97, 113, 114,-1,
		 114, 113, 97, 98,-1,
		 99, 98, 114, 115,-1,
		 115, 114, 98, 99,-1,
		 100, 99, 115, 116,-1,
		 116, 115, 99, 100,-1,
		 101, 100, 116, 117,-1,
		 117, 116, 100, 101,-1,
		 102, 101, 117, 118,-1,
		 118, 117, 101, 102,-1,
		 103, 102, 118, 119,-1,
		 119, 118, 102, 103,-1,
		 104, 103, 119, 120,-1,
		 120, 119, 103, 104,-1,
		 105, 104, 120, 121,-1,
		 121, 120, 104, 105,-1,
		 106, 105, 121, 122,-1,
		 122, 121, 105, 106,-1,
		 107, 106, 122, 123,-1,
		 123, 122, 106, 107,-1,
		 108, 107, 123, 124,-1,
		 124, 123, 107, 108,-1,
		 109, 108, 124, 125,-1,
		 125, 124, 108, 109,-1,
		 110, 109, 125, 126,-1,
		 126, 125, 109, 110,-1,
		 111, 110, 126, 127,-1,
		 127, 126, 110, 111,-1,
		 112, 111, 127, 128,-1,
		 128, 127, 111, 112,-1,
		 113, 128, 144, 129,-1,
		 129, 144, 128, 113,-1,
		 114, 113, 129, 130,-1,
		 130, 129, 113, 114,-1,
		 115, 114, 130, 131,-1,
		 131, 130, 114, 115,-1,
		 116, 115, 131, 132,-1,
		 132, 131, 115, 116,-1,
		 117, 116, 132, 133,-1,
		 133, 132, 116, 117,-1,
		 118, 117, 133, 134,-1,
		 134, 133, 117, 118,-1,
		 119, 118, 134, 135,-1,
		 135, 134, 118, 119,-1,
		 120, 119, 135, 136,-1,
		 136, 135, 119, 120,-1,
		 121, 120, 136, 137,-1,
		 137, 136, 120, 121,-1,
		 122, 121, 137, 138,-1,
		 138, 137, 121, 122,-1,
		 123, 122, 138, 139,-1,
		 139, 138, 122, 123,-1,
		 124, 123, 139, 140,-1,
		 140, 139, 123, 124,-1,
		 125, 124, 140, 141,-1,
		 141, 140, 124, 125,-1,
		 126, 125, 141, 142,-1,
		 142, 141, 125, 126,-1,
		 127, 126, 142, 143,-1,
		 143, 142, 126, 127,-1,
		 128, 127, 143, 144,-1,
		 144, 143, 127, 128,-1,
		 129, 144, 145,-1,
		 145, 144, 129,-1,
		 130, 129, 145,-1,
		 145, 129, 130,-1,
		 131, 130, 145,-1,
		 145, 130, 131,-1,
		 132, 131, 145,-1,
		 145, 131, 132,-1,
		 133, 132, 145,-1,
		 145, 132, 133,-1,
		 134, 133, 145,-1,
		 145, 133, 134,-1,
		 135, 134, 145,-1,
		 145, 134, 135,-1,
		 136, 135, 145,-1,
		 145, 135, 136,-1,
		 137, 136, 145,-1,
		 145, 136, 137,-1,
		 138, 137, 145,-1,
		 145, 137, 138,-1,
		 139, 138, 145,-1,
		 145, 138, 139,-1,
		 140, 139, 145,-1,
		 145, 139, 140,-1,
		 141, 140, 145,-1,
		 145, 140, 141,-1,
		 142, 141, 145,-1,
		 145, 141, 142,-1,
		 143, 142, 145,-1,
		 145, 142, 143,-1,
		 144, 143, 145,-1,
		 145, 143, 144,-1,
		]
	} #IndexedFaceSet
} #Polyhedron
Separator { #Polyhedron
	DEF COORD43 Coordinate3 {
		point [
		 -1.5589 0.0508 -4.7967,
		 -1.5569 0.0457 -4.8118,
		 -1.5513 0.0457 -4.8099,
		 -1.5468 0.0457 -4.8060,
		 -1.5442 0.0457 -4.8007,
		 -1.5438 0.0457 -4.7947,
		 -1.5457 0.0457 -4.7891,
		 -1.5496 0.0457 -4.7846,
		 -1.5550 0.0457 -4.7820,
		 -1.5609 0.0457 -4.7816,
		 -1.5665 0.0457 -4.7835,
		 -1.5710 0.0457 -4.7874,
		 -1.5736 0.0457 -4.7928,
		 -1.5740 0.0457 -4.7987,
		 -1.5721 0.0457 -4.8043,
		 -1.5682 0.0457 -4.8088,
		 -1.5629 0.0457 -4.8114,
		 -1.5563 0.0406 -4.8169,
		 -1.5488 0.0406 -4.8143,
		 -1.5428 0.0406 -4.8091,
		 -1.5393 0.0406 -4.8020,
		 -1.5388 0.0406 -4.7941,
		 -1.5413 0.0406 -4.7866,
		 -1.5466 0.0406 -4.7806,
		 -1.5537 0.0406 -4.7771,
		 -1.5616 0.0406 -4.7766,
		 -1.5691 0.0406 -4.7791,
		 -1.5750 0.0406 -4.7843,
		 -1.5786 0.0406 -4.7915,
		 -1.5791 0.0406 -4.7994,
		 -1.5765 0.0406 -4.8069,
		 -1.5713 0.0406 -4.8128,
		 -1.5642 0.0406 -4.8163,
		 -1.5559 0.0356 -4.8198,
		 -1.5473 0.0356 -4.8169,
		 -1.5405 0.0356 -4.8109,
		 -1.5364 0.0356 -4.8027,
		 -1.5358 0.0356 -4.7937,
		 -1.5388 0.0356 -4.7851,
		 -1.5448 0.0356 -4.7782,
		 -1.5529 0.0356 -4.7742,
		 -1.5620 0.0356 -4.7736,
		 -1.5706 0.0356 -4.7766,
		 -1.5774 0.0356 -4.7825,
		 -1.5814 0.0356 -4.7907,
		 -1.5820 0.0356 -4.7998,
		 -1.5791 0.0356 -4.8084,
		 -1.5731 0.0356 -4.8152,
		 -1.5649 0.0356 -4.8192,
		 -1.5557 0.0305 -4.8214,
		 -1.5465 0.0305 -4.8183,
		 -1.5392 0.0305 -4.8119,
		 -1.5349 0.0305 -4.8032,
		 -1.5343 0.0305 -4.7935,
		 -1.5374 0.0305 -4.7843,
		 -1.5438 0.0305 -4.7770,
		 -1.5525 0.0305 -4.7727,
		 -1.5622 0.0305 -4.7720,
		 -1.5714 0.0305 -4.7752,
		 -1.5787 0.0305 -4.7816,
		 -1.5830 0.0305 -4.7903,
		 -1.5836 0.0305 -4.8000,
		 -1.5805 0.0305 -4.8092,
		 -1.5741 0.0305 -4.8165,
		 -1.5654 0.0305 -4.8208,
		 -1.5556 0.0254 -4.8219,
		 -1.5462 0.0254 -4.8187,
		 -1.5388 0.0254 -4.8122,
		 -1.5344 0.0254 -4.8033,
		 -1.5337 0.0254 -4.7934,
		 -1.5369 0.0254 -4.7840,
		 -1.5435 0.0254 -4.7766,
		 -1.5524 0.0254 -4.7722,
		 -1.5622 0.0254 -4.7715,
		 -1.5716 0.0254 -4.7747,
		 -1.5791 0.0254 -4.7813,
		 -1.5835 0.0254 -4.7901,
		 -1.5841 0.0254 -4.8000,
		 -1.5809 0.0254 -4.8094,
		 -1.5744 0.0254 -4.8169,
		 -1.5655 0.0254 -4.8212,
		 -1.5557 0.0203 -4.8214,
		 -1.5465 0.0203 -4.8183,
		 -1.5392 0.0203 -4.8119,
		 -1.5349 0.0203 -4.8032,
		 -1.5343 0.0203 -4.7935,
		 -1.5374 0.0203 -4.7843,
		 -1.5438 0.0203 -4.7770,
		 -1.5525 0.0203 -4.7727,
		 -1.5622 0.0203 -4.7720,
		 -1.5714 0.0203 -4.7752,
		 -1.5787 0.0203 -4.7816,
		 -1.5830 0.0203 -4.7903,
		 -1.5836 0.0203 -4.8000,
		 -1.5805 0.0203 -4.8092,
		 -1.5741 0.0203 -4.8165,
		 -1.5654 0.0203 -4.8208,
		 -1.5559 0.0152 -4.8198,
		 -1.5473 0.0152 -4.8169,
		 -1.5405 0.0152 -4.8109,
		 -1.5364 0.0152 -4.8027,
		 -1.5358 0.0152 -4.7937,
		 -1.5388 0.0152 -4.7851,
		 -1.5448 0.0152 -4.7782,
		 -1.5529 0.0152 -4.7742,
		 -1.5620 0.0152 -4.7736,
		 -1.5706 0.0152 -4.7766,
		 -1.5774 0.0152 -4.7825,
		 -1.5814 0.0152 -4.7907,
		 -1.5820 0.0152 -4.7998,
		 -1.5791 0.0152 -4.8084,
		 -1.5731 0.0152 -4.8152,
		 -1.5649 0.0152 -4.8192,
		 -1.5563 0.0102 -4.8169,
		 -1.5488 0.0102 -4.8143,
		 -1.5428 0.0102 -4.8091,
		 -1.5393 0.0102 -4.8020,
		 -1.5388 0.0102 -4.7941,
		 -1.5413 0.0102 -4.7866,
		 -1.5466 0.0102 -4.7806,
		 -1.5537 0.0102 -4.7771,
		 -1.5616 0.0102 -4.7766,
		 -1.5691 0.0102 -4.7791,
		 -1.5750 0.0102 -4.7843,
		 -1.5786 0.0102 -4.7915,
		 -1.5791 0.0102 -4.7994,
		 -1.5765 0.0102 -4.8069,
		 -1.5713 0.0102 -4.8128,
		 -1.5642 0.0102 -4.8163,
		 -1.5569 0.0051 -4.8118,
		 -1.5513 0.0051 -4.8099,
		 -1.5468 0.0051 -4.8060,
		 -1.5442 0.0051 -4.8007,
		 -1.5438 0.0051 -4.7947,
		 -1.5457 0.0051 -4.7891,
		 -1.5496 0.0051 -4.7846,
		 -1.5550 0.0051 -4.7820,
		 -1.5609 0.0051 -4.7816,
		 -1.5665 0.0051 -4.7835,
		 -1.5710 0.0051 -4.7874,
		 -1.5736 0.0051 -4.7928,
		 -1.5740 0.0051 -4.7987,
		 -1.5721 0.0051 -4.8043,
		 -1.5682 0.0051 -4.8088,
		 -1.5629 0.0051 -4.8114,
		 -1.5589 0.0000 -4.7967
		]
	} #Coordinate3
	Material {
		ambientColor      0.1176 0.1176 0.1176  #ambientColor
		diffuseColor      0.4706 0.4706 0.4706  #diffuseColor
		transparency      0.0000                #transparency
	} #Material

	IndexedFaceSet {
		coordIndex [ 
		 0, 16, 1,-1,
		 1, 16, 0,-1,
		 0, 1, 2,-1,
		 2, 1, 0,-1,
		 0, 2, 3,-1,
		 3, 2, 0,-1,
		 0, 3, 4,-1,
		 4, 3, 0,-1,
		 0, 4, 5,-1,
		 5, 4, 0,-1,
		 0, 5, 6,-1,
		 6, 5, 0,-1,
		 0, 6, 7,-1,
		 7, 6, 0,-1,
		 0, 7, 8,-1,
		 8, 7, 0,-1,
		 0, 8, 9,-1,
		 9, 8, 0,-1,
		 0, 9, 10,-1,
		 10, 9, 0,-1,
		 0, 10, 11,-1,
		 11, 10, 0,-1,
		 0, 11, 12,-1,
		 12, 11, 0,-1,
		 0, 12, 13,-1,
		 13, 12, 0,-1,
		 0, 13, 14,-1,
		 14, 13, 0,-1,
		 0, 14, 15,-1,
		 15, 14, 0,-1,
		 0, 15, 16,-1,
		 16, 15, 0,-1,
		 1, 16, 32, 17,-1,
		 17, 32, 16, 1,-1,
		 2, 1, 17, 18,-1,
		 18, 17, 1, 2,-1,
		 3, 2, 18, 19,-1,
		 19, 18, 2, 3,-1,
		 4, 3, 19, 20,-1,
		 20, 19, 3, 4,-1,
		 5, 4, 20, 21,-1,
		 21, 20, 4, 5,-1,
		 6, 5, 21, 22,-1,
		 22, 21, 5, 6,-1,
		 7, 6, 22, 23,-1,
		 23, 22, 6, 7,-1,
		 8, 7, 23, 24,-1,
		 24, 23, 7, 8,-1,
		 9, 8, 24, 25,-1,
		 25, 24, 8, 9,-1,
		 10, 9, 25, 26,-1,
		 26, 25, 9, 10,-1,
		 11, 10, 26, 27,-1,
		 27, 26, 10, 11,-1,
		 12, 11, 27, 28,-1,
		 28, 27, 11, 12,-1,
		 13, 12, 28, 29,-1,
		 29, 28, 12, 13,-1,
		 14, 13, 29, 30,-1,
		 30, 29, 13, 14,-1,
		 15, 14, 30, 31,-1,
		 31, 30, 14, 15,-1,
		 16, 15, 31, 32,-1,
		 32, 31, 15, 16,-1,
		 17, 32, 48, 33,-1,
		 33, 48, 32, 17,-1,
		 18, 17, 33, 34,-1,
		 34, 33, 17, 18,-1,
		 19, 18, 34, 35,-1,
		 35, 34, 18, 19,-1,
		 20, 19, 35, 36,-1,
		 36, 35, 19, 20,-1,
		 21, 20, 36, 37,-1,
		 37, 36, 20, 21,-1,
		 22, 21, 37, 38,-1,
		 38, 37, 21, 22,-1,
		 23, 22, 38, 39,-1,
		 39, 38, 22, 23,-1,
		 24, 23, 39, 40,-1,
		 40, 39, 23, 24,-1,
		 25, 24, 40, 41,-1,
		 41, 40, 24, 25,-1,
		 26, 25, 41, 42,-1,
		 42, 41, 25, 26,-1,
		 27, 26, 42, 43,-1,
		 43, 42, 26, 27,-1,
		 28, 27, 43, 44,-1,
		 44, 43, 27, 28,-1,
		 29, 28, 44, 45,-1,
		 45, 44, 28, 29,-1,
		 30, 29, 45, 46,-1,
		 46, 45, 29, 30,-1,
		 31, 30, 46, 47,-1,
		 47, 46, 30, 31,-1,
		 32, 31, 47, 48,-1,
		 48, 47, 31, 32,-1,
		 33, 48, 64, 49,-1,
		 49, 64, 48, 33,-1,
		 34, 33, 49, 50,-1,
		 50, 49, 33, 34,-1,
		 35, 34, 50, 51,-1,
		 51, 50, 34, 35,-1,
		 36, 35, 51, 52,-1,
		 52, 51, 35, 36,-1,
		 37, 36, 52, 53,-1,
		 53, 52, 36, 37,-1,
		 38, 37, 53, 54,-1,
		 54, 53, 37, 38,-1,
		 39, 38, 54, 55,-1,
		 55, 54, 38, 39,-1,
		 40, 39, 55, 56,-1,
		 56, 55, 39, 40,-1,
		 41, 40, 56, 57,-1,
		 57, 56, 40, 41,-1,
		 42, 41, 57, 58,-1,
		 58, 57, 41, 42,-1,
		 43, 42, 58, 59,-1,
		 59, 58, 42, 43,-1,
		 44, 43, 59, 60,-1,
		 60, 59, 43, 44,-1,
		 45, 44, 60, 61,-1,
		 61, 60, 44, 45,-1,
		 46, 45, 61, 62,-1,
		 62, 61, 45, 46,-1,
		 47, 46, 62, 63,-1,
		 63, 62, 46, 47,-1,
		 48, 47, 63, 64,-1,
		 64, 63, 47, 48,-1,
		 49, 64, 80, 65,-1,
		 65, 80, 64, 49,-1,
		 50, 49, 65, 66,-1,
		 66, 65, 49, 50,-1,
		 51, 50, 66, 67,-1,
		 67, 66, 50, 51,-1,
		 52, 51, 67, 68,-1,
		 68, 67, 51, 52,-1,
		 53, 52, 68, 69,-1,
		 69, 68, 52, 53,-1,
		 54, 53, 69, 70,-1,
		 70, 69, 53, 54,-1,
		 55, 54, 70, 71,-1,
		 71, 70, 54, 55,-1,
		 56, 55, 71, 72,-1,
		 72, 71, 55, 56,-1,
		 57, 56, 72, 73,-1,
		 73, 72, 56, 57,-1,
		 58, 57, 73, 74,-1,
		 74, 73, 57, 58,-1,
		 59, 58, 74, 75,-1,
		 75, 74, 58, 59,-1,
		 60, 59, 75, 76,-1,
		 76, 75, 59, 60,-1,
		 61, 60, 76, 77,-1,
		 77, 76, 60, 61,-1,
		 62, 61, 77, 78,-1,
		 78, 77, 61, 62,-1,
		 63, 62, 78, 79,-1,
		 79, 78, 62, 63,-1,
		 64, 63, 79, 80,-1,
		 80, 79, 63, 64,-1,
		 65, 80, 96, 81,-1,
		 81, 96, 80, 65,-1,
		 66, 65, 81, 82,-1,
		 82, 81, 65, 66,-1,
		 67, 66, 82, 83,-1,
		 83, 82, 66, 67,-1,
		 68, 67, 83, 84,-1,
		 84, 83, 67, 68,-1,
		 69, 68, 84, 85,-1,
		 85, 84, 68, 69,-1,
		 70, 69, 85, 86,-1,
		 86, 85, 69, 70,-1,
		 71, 70, 86, 87,-1,
		 87, 86, 70, 71,-1,
		 72, 71, 87, 88,-1,
		 88, 87, 71, 72,-1,
		 73, 72, 88, 89,-1,
		 89, 88, 72, 73,-1,
		 74, 73, 89, 90,-1,
		 90, 89, 73, 74,-1,
		 75, 74, 90, 91,-1,
		 91, 90, 74, 75,-1,
		 76, 75, 91, 92,-1,
		 92, 91, 75, 76,-1,
		 77, 76, 92, 93,-1,
		 93, 92, 76, 77,-1,
		 78, 77, 93, 94,-1,
		 94, 93, 77, 78,-1,
		 79, 78, 94, 95,-1,
		 95, 94, 78, 79,-1,
		 80, 79, 95, 96,-1,
		 96, 95, 79, 80,-1,
		 81, 96, 112, 97,-1,
		 97, 112, 96, 81,-1,
		 82, 81, 97, 98,-1,
		 98, 97, 81, 82,-1,
		 83, 82, 98, 99,-1,
		 99, 98, 82, 83,-1,
		 84, 83, 99, 100,-1,
		 100, 99, 83, 84,-1,
		 85, 84, 100, 101,-1,
		 101, 100, 84, 85,-1,
		 86, 85, 101, 102,-1,
		 102, 101, 85, 86,-1,
		 87, 86, 102, 103,-1,
		 103, 102, 86, 87,-1,
		 88, 87, 103, 104,-1,
		 104, 103, 87, 88,-1,
		 89, 88, 104, 105,-1,
		 105, 104, 88, 89,-1,
		 90, 89, 105, 106,-1,
		 106, 105, 89, 90,-1,
		 91, 90, 106, 107,-1,
		 107, 106, 90, 91,-1,
		 92, 91, 107, 108,-1,
		 108, 107, 91, 92,-1,
		 93, 92, 108, 109,-1,
		 109, 108, 92, 93,-1,
		 94, 93, 109, 110,-1,
		 110, 109, 93, 94,-1,
		 95, 94, 110, 111,-1,
		 111, 110, 94, 95,-1,
		 96, 95, 111, 112,-1,
		 112, 111, 95, 96,-1,
		 97, 112, 128, 113,-1,
		 113, 128, 112, 97,-1,
		 98, 97, 113, 114,-1,
		 114, 113, 97, 98,-1,
		 99, 98, 114, 115,-1,
		 115, 114, 98, 99,-1,
		 100, 99, 115, 116,-1,
		 116, 115, 99, 100,-1,
		 101, 100, 116, 117,-1,
		 117, 116, 100, 101,-1,
		 102, 101, 117, 118,-1,
		 118, 117, 101, 102,-1,
		 103, 102, 118, 119,-1,
		 119, 118, 102, 103,-1,
		 104, 103, 119, 120,-1,
		 120, 119, 103, 104,-1,
		 105, 104, 120, 121,-1,
		 121, 120, 104, 105,-1,
		 106, 105, 121, 122,-1,
		 122, 121, 105, 106,-1,
		 107, 106, 122, 123,-1,
		 123, 122, 106, 107,-1,
		 108, 107, 123, 124,-1,
		 124, 123, 107, 108,-1,
		 109, 108, 124, 125,-1,
		 125, 124, 108, 109,-1,
		 110, 109, 125, 126,-1,
		 126, 125, 109, 110,-1,
		 111, 110, 126, 127,-1,
		 127, 126, 110, 111,-1,
		 112, 111, 127, 128,-1,
		 128, 127, 111, 112,-1,
		 113, 128, 144, 129,-1,
		 129, 144, 128, 113,-1,
		 114, 113, 129, 130,-1,
		 130, 129, 113, 114,-1,
		 115, 114, 130, 131,-1,
		 131, 130, 114, 115,-1,
		 116, 115, 131, 132,-1,
		 132, 131, 115, 116,-1,
		 117, 116, 132, 133,-1,
		 133, 132, 116, 117,-1,
		 118, 117, 133, 134,-1,
		 134, 133, 117, 118,-1,
		 119, 118, 134, 135,-1,
		 135, 134, 118, 119,-1,
		 120, 119, 135, 136,-1,
		 136, 135, 119, 120,-1,
		 121, 120, 136, 137,-1,
		 137, 136, 120, 121,-1,
		 122, 121, 137, 138,-1,
		 138, 137, 121, 122,-1,
		 123, 122, 138, 139,-1,
		 139, 138, 122, 123,-1,
		 124, 123, 139, 140,-1,
		 140, 139, 123, 124,-1,
		 125, 124, 140, 141,-1,
		 141, 140, 124, 125,-1,
		 126, 125, 141, 142,-1,
		 142, 141, 125, 126,-1,
		 127, 126, 142, 143,-1,
		 143, 142, 126, 127,-1,
		 128, 127, 143, 144,-1,
		 144, 143, 127, 128,-1,
		 129, 144, 145,-1,
		 145, 144, 129,-1,
		 130, 129, 145,-1,
		 145, 129, 130,-1,
		 131, 130, 145,-1,
		 145, 130, 131,-1,
		 132, 131, 145,-1,
		 145, 131, 132,-1,
		 133, 132, 145,-1,
		 145, 132, 133,-1,
		 134, 133, 145,-1,
		 145, 133, 134,-1,
		 135, 134, 145,-1,
		 145, 134, 135,-1,
		 136, 135, 145,-1,
		 145, 135, 136,-1,
		 137, 136, 145,-1,
		 145, 136, 137,-1,
		 138, 137, 145,-1,
		 145, 137, 138,-1,
		 139, 138, 145,-1,
		 145, 138, 139,-1,
		 140, 139, 145,-1,
		 145, 139, 140,-1,
		 141, 140, 145,-1,
		 145, 140, 141,-1,
		 142, 141, 145,-1,
		 145, 141, 142,-1,
		 143, 142, 145,-1,
		 145, 142, 143,-1,
		 144, 143, 145,-1,
		 145, 143, 144,-1,
		]
	} #IndexedFaceSet
} #Polyhedron
Separator { #Polyhedron
	DEF COORD44 Coordinate3 {
		point [
		 -1.9011 0.0508 -4.9943,
		 -1.8991 0.0457 -5.0094,
		 -1.8935 0.0457 -5.0075,
		 -1.8890 0.0457 -5.0036,
		 -1.8864 0.0457 -4.9982,
		 -1.8860 0.0457 -4.9923,
		 -1.8879 0.0457 -4.9867,
		 -1.8918 0.0457 -4.9822,
		 -1.8972 0.0457 -4.9796,
		 -1.9031 0.0457 -4.9792,
		 -1.9087 0.0457 -4.9811,
		 -1.9132 0.0457 -4.9850,
		 -1.9158 0.0457 -4.9903,
		 -1.9162 0.0457 -4.9963,
		 -1.9143 0.0457 -5.0019,
		 -1.9104 0.0457 -5.0064,
		 -1.9051 0.0457 -5.0090,
		 -1.8985 0.0406 -5.0144,
		 -1.8909 0.0406 -5.0119,
		 -1.8850 0.0406 -5.0067,
		 -1.8815 0.0406 -4.9995,
		 -1.8810 0.0406 -4.9916,
		 -1.8835 0.0406 -4.9841,
		 -1.8887 0.0406 -4.9782,
		 -1.8959 0.0406 -4.9747,
		 -1.9038 0.0406 -4.9741,
		 -1.9113 0.0406 -4.9767,
		 -1.9172 0.0406 -4.9819,
		 -1.9207 0.0406 -4.9890,
		 -1.9213 0.0406 -4.9969,
		 -1.9187 0.0406 -5.0045,
		 -1.9135 0.0406 -5.0104,
		 -1.9064 0.0406 -5.0139,
		 -1.8981 0.0356 -5.0174,
		 -1.8895 0.0356 -5.0144,
		 -1.8826 0.0356 -5.0085,
		 -1.8786 0.0356 -5.0003,
		 -1.8780 0.0356 -4.9913,
		 -1.8810 0.0356 -4.9826,
		 -1.8869 0.0356 -4.9758,
		 -1.8951 0.0356 -4.9718,
		 -1.9041 0.0356 -4.9712,
		 -1.9128 0.0356 -4.9741,
		 -1.9196 0.0356 -4.9801,
		 -1.9236 0.0356 -4.9883,
		 -1.9242 0.0356 -4.9973,
		 -1.9213 0.0356 -5.0059,
		 -1.9153 0.0356 -5.0128,
		 -1.9071 0.0356 -5.0168,
		 -1.8979 0.0305 -5.0190,
		 -1.8887 0.0305 -5.0158,
		 -1.8814 0.0305 -5.0094,
		 -1.8771 0.0305 -5.0007,
		 -1.8764 0.0305 -4.9910,
		 -1.8796 0.0305 -4.9818,
		 -1.8860 0.0305 -4.9745,
		 -1.8947 0.0305 -4.9703,
		 -1.9044 0.0305 -4.9696,
		 -1.9136 0.0305 -4.9727,
		 -1.9209 0.0305 -4.9791,
		 -1.9251 0.0305 -4.9878,
		 -1.9258 0.0305 -4.9975,
		 -1.9227 0.0305 -5.0067,
		 -1.9163 0.0305 -5.0140,
		 -1.9075 0.0305 -5.0183,
		 -1.8978 0.0254 -5.0195,
		 -1.8884 0.0254 -5.0163,
		 -1.8810 0.0254 -5.0098,
		 -1.8766 0.0254 -5.0009,
		 -1.8759 0.0254 -4.9910,
		 -1.8791 0.0254 -4.9816,
		 -1.8856 0.0254 -4.9741,
		 -1.8945 0.0254 -4.9698,
		 -1.9044 0.0254 -4.9691,
		 -1.9138 0.0254 -4.9723,
		 -1.9213 0.0254 -4.9788,
		 -1.9256 0.0254 -4.9877,
		 -1.9263 0.0254 -4.9976,
		 -1.9231 0.0254 -5.0070,
		 -1.9166 0.0254 -5.0144,
		 -1.9077 0.0254 -5.0188,
		 -1.8979 0.0203 -5.0190,
		 -1.8887 0.0203 -5.0158,
		 -1.8814 0.0203 -5.0094,
		 -1.8771 0.0203 -5.0007,
		 -1.8764 0.0203 -4.9910,
		 -1.8796 0.0203 -4.9818,
		 -1.8860 0.0203 -4.9745,
		 -1.8947 0.0203 -4.9703,
		 -1.9044 0.0203 -4.9696,
		 -1.9136 0.0203 -4.9727,
		 -1.9209 0.0203 -4.9791,
		 -1.9251 0.0203 -4.9878,
		 -1.9258 0.0203 -4.9975,
		 -1.9227 0.0203 -5.0067,
		 -1.9163 0.0203 -5.0140,
		 -1.9075 0.0203 -5.0183,
		 -1.8981 0.0152 -5.0174,
		 -1.8895 0.0152 -5.0144,
		 -1.8826 0.0152 -5.0085,
		 -1.8786 0.0152 -5.0003,
		 -1.8780 0.0152 -4.9913,
		 -1.8810 0.0152 -4.9826,
		 -1.8869 0.0152 -4.9758,
		 -1.8951 0.0152 -4.9718,
		 -1.9041 0.0152 -4.9712,
		 -1.9128 0.0152 -4.9741,
		 -1.9196 0.0152 -4.9801,
		 -1.9236 0.0152 -4.9883,
		 -1.9242 0.0152 -4.9973,
		 -1.9213 0.0152 -5.0059,
		 -1.9153 0.0152 -5.0128,
		 -1.9071 0.0152 -5.0168,
		 -1.8985 0.0102 -5.0144,
		 -1.8909 0.0102 -5.0119,
		 -1.8850 0.0102 -5.0067,
		 -1.8815 0.0102 -4.9995,
		 -1.8810 0.0102 -4.9916,
		 -1.8835 0.0102 -4.9841,
		 -1.8887 0.0102 -4.9782,
		 -1.8959 0.0102 -4.9747,
		 -1.9038 0.0102 -4.9741,
		 -1.9113 0.0102 -4.9767,
		 -1.9172 0.0102 -4.9819,
		 -1.9207 0.0102 -4.9890,
		 -1.9213 0.0102 -4.9969,
		 -1.9187 0.0102 -5.0045,
		 -1.9135 0.0102 -5.0104,
		 -1.9064 0.0102 -5.0139,
		 -1.8991 0.0051 -5.0094,
		 -1.8935 0.0051 -5.0075,
		 -1.8890 0.0051 -5.0036,
		 -1.8864 0.0051 -4.9982,
		 -1.8860 0.0051 -4.9923,
		 -1.8879 0.0051 -4.9867,
		 -1.8918 0.0051 -4.9822,
		 -1.8972 0.0051 -4.9796,
		 -1.9031 0.0051 -4.9792,
		 -1.9087 0.0051 -4.9811,
		 -1.9132 0.0051 -4.9850,
		 -1.9158 0.0051 -4.9903,
		 -1.9162 0.0051 -4.9963,
		 -1.9143 0.0051 -5.0019,
		 -1.9104 0.0051 -5.0064,
		 -1.9051 0.0051 -5.0090,
		 -1.9011 0.0000 -4.9943
		]
	} #Coordinate3
	Material {
		ambientColor      0.1176 0.1176 0.1176  #ambientColor
		diffuseColor      0.4706 0.4706 0.4706  #diffuseColor
		transparency      0.0000                #transparency
	} #Material

	IndexedFaceSet {
		coordIndex [ 
		 0, 16, 1,-1,
		 1, 16, 0,-1,
		 0, 1, 2,-1,
		 2, 1, 0,-1,
		 0, 2, 3,-1,
		 3, 2, 0,-1,
		 0, 3, 4,-1,
		 4, 3, 0,-1,
		 0, 4, 5,-1,
		 5, 4, 0,-1,
		 0, 5, 6,-1,
		 6, 5, 0,-1,
		 0, 6, 7,-1,
		 7, 6, 0,-1,
		 0, 7, 8,-1,
		 8, 7, 0,-1,
		 0, 8, 9,-1,
		 9, 8, 0,-1,
		 0, 9, 10,-1,
		 10, 9, 0,-1,
		 0, 10, 11,-1,
		 11, 10, 0,-1,
		 0, 11, 12,-1,
		 12, 11, 0,-1,
		 0, 12, 13,-1,
		 13, 12, 0,-1,
		 0, 13, 14,-1,
		 14, 13, 0,-1,
		 0, 14, 15,-1,
		 15, 14, 0,-1,
		 0, 15, 16,-1,
		 16, 15, 0,-1,
		 1, 16, 32, 17,-1,
		 17, 32, 16, 1,-1,
		 2, 1, 17, 18,-1,
		 18, 17, 1, 2,-1,
		 3, 2, 18, 19,-1,
		 19, 18, 2, 3,-1,
		 4, 3, 19, 20,-1,
		 20, 19, 3, 4,-1,
		 5, 4, 20, 21,-1,
		 21, 20, 4, 5,-1,
		 6, 5, 21, 22,-1,
		 22, 21, 5, 6,-1,
		 7, 6, 22, 23,-1,
		 23, 22, 6, 7,-1,
		 8, 7, 23, 24,-1,
		 24, 23, 7, 8,-1,
		 9, 8, 24, 25,-1,
		 25, 24, 8, 9,-1,
		 10, 9, 25, 26,-1,
		 26, 25, 9, 10,-1,
		 11, 10, 26, 27,-1,
		 27, 26, 10, 11,-1,
		 12, 11, 27, 28,-1,
		 28, 27, 11, 12,-1,
		 13, 12, 28, 29,-1,
		 29, 28, 12, 13,-1,
		 14, 13, 29, 30,-1,
		 30, 29, 13, 14,-1,
		 15, 14, 30, 31,-1,
		 31, 30, 14, 15,-1,
		 16, 15, 31, 32,-1,
		 32, 31, 15, 16,-1,
		 17, 32, 48, 33,-1,
		 33, 48, 32, 17,-1,
		 18, 17, 33, 34,-1,
		 34, 33, 17, 18,-1,
		 19, 18, 34, 35,-1,
		 35, 34, 18, 19,-1,
		 20, 19, 35, 36,-1,
		 36, 35, 19, 20,-1,
		 21, 20, 36, 37,-1,
		 37, 36, 20, 21,-1,
		 22, 21, 37, 38,-1,
		 38, 37, 21, 22,-1,
		 23, 22, 38, 39,-1,
		 39, 38, 22, 23,-1,
		 24, 23, 39, 40,-1,
		 40, 39, 23, 24,-1,
		 25, 24, 40, 41,-1,
		 41, 40, 24, 25,-1,
		 26, 25, 41, 42,-1,
		 42, 41, 25, 26,-1,
		 27, 26, 42, 43,-1,
		 43, 42, 26, 27,-1,
		 28, 27, 43, 44,-1,
		 44, 43, 27, 28,-1,
		 29, 28, 44, 45,-1,
		 45, 44, 28, 29,-1,
		 30, 29, 45, 46,-1,
		 46, 45, 29, 30,-1,
		 31, 30, 46, 47,-1,
		 47, 46, 30, 31,-1,
		 32, 31, 47, 48,-1,
		 48, 47, 31, 32,-1,
		 33, 48, 64, 49,-1,
		 49, 64, 48, 33,-1,
		 34, 33, 49, 50,-1,
		 50, 49, 33, 34,-1,
		 35, 34, 50, 51,-1,
		 51, 50, 34, 35,-1,
		 36, 35, 51, 52,-1,
		 52, 51, 35, 36,-1,
		 37, 36, 52, 53,-1,
		 53, 52, 36, 37,-1,
		 38, 37, 53, 54,-1,
		 54, 53, 37, 38,-1,
		 39, 38, 54, 55,-1,
		 55, 54, 38, 39,-1,
		 40, 39, 55, 56,-1,
		 56, 55, 39, 40,-1,
		 41, 40, 56, 57,-1,
		 57, 56, 40, 41,-1,
		 42, 41, 57, 58,-1,
		 58, 57, 41, 42,-1,
		 43, 42, 58, 59,-1,
		 59, 58, 42, 43,-1,
		 44, 43, 59, 60,-1,
		 60, 59, 43, 44,-1,
		 45, 44, 60, 61,-1,
		 61, 60, 44, 45,-1,
		 46, 45, 61, 62,-1,
		 62, 61, 45, 46,-1,
		 47, 46, 62, 63,-1,
		 63, 62, 46, 47,-1,
		 48, 47, 63, 64,-1,
		 64, 63, 47, 48,-1,
		 49, 64, 80, 65,-1,
		 65, 80, 64, 49,-1,
		 50, 49, 65, 66,-1,
		 66, 65, 49, 50,-1,
		 51, 50, 66, 67,-1,
		 67, 66, 50, 51,-1,
		 52, 51, 67, 68,-1,
		 68, 67, 51, 52,-1,
		 53, 52, 68, 69,-1,
		 69, 68, 52, 53,-1,
		 54, 53, 69, 70,-1,
		 70, 69, 53, 54,-1,
		 55, 54, 70, 71,-1,
		 71, 70, 54, 55,-1,
		 56, 55, 71, 72,-1,
		 72, 71, 55, 56,-1,
		 57, 56, 72, 73,-1,
		 73, 72, 56, 57,-1,
		 58, 57, 73, 74,-1,
		 74, 73, 57, 58,-1,
		 59, 58, 74, 75,-1,
		 75, 74, 58, 59,-1,
		 60, 59, 75, 76,-1,
		 76, 75, 59, 60,-1,
		 61, 60, 76, 77,-1,
		 77, 76, 60, 61,-1,
		 62, 61, 77, 78,-1,
		 78, 77, 61, 62,-1,
		 63, 62, 78, 79,-1,
		 79, 78, 62, 63,-1,
		 64, 63, 79, 80,-1,
		 80, 79, 63, 64,-1,
		 65, 80, 96, 81,-1,
		 81, 96, 80, 65,-1,
		 66, 65, 81, 82,-1,
		 82, 81, 65, 66,-1,
		 67, 66, 82, 83,-1,
		 83, 82, 66, 67,-1,
		 68, 67, 83, 84,-1,
		 84, 83, 67, 68,-1,
		 69, 68, 84, 85,-1,
		 85, 84, 68, 69,-1,
		 70, 69, 85, 86,-1,
		 86, 85, 69, 70,-1,
		 71, 70, 86, 87,-1,
		 87, 86, 70, 71,-1,
		 72, 71, 87, 88,-1,
		 88, 87, 71, 72,-1,
		 73, 72, 88, 89,-1,
		 89, 88, 72, 73,-1,
		 74, 73, 89, 90,-1,
		 90, 89, 73, 74,-1,
		 75, 74, 90, 91,-1,
		 91, 90, 74, 75,-1,
		 76, 75, 91, 92,-1,
		 92, 91, 75, 76,-1,
		 77, 76, 92, 93,-1,
		 93, 92, 76, 77,-1,
		 78, 77, 93, 94,-1,
		 94, 93, 77, 78,-1,
		 79, 78, 94, 95,-1,
		 95, 94, 78, 79,-1,
		 80, 79, 95, 96,-1,
		 96, 95, 79, 80,-1,
		 81, 96, 112, 97,-1,
		 97, 112, 96, 81,-1,
		 82, 81, 97, 98,-1,
		 98, 97, 81, 82,-1,
		 83, 82, 98, 99,-1,
		 99, 98, 82, 83,-1,
		 84, 83, 99, 100,-1,
		 100, 99, 83, 84,-1,
		 85, 84, 100, 101,-1,
		 101, 100, 84, 85,-1,
		 86, 85, 101, 102,-1,
		 102, 101, 85, 86,-1,
		 87, 86, 102, 103,-1,
		 103, 102, 86, 87,-1,
		 88, 87, 103, 104,-1,
		 104, 103, 87, 88,-1,
		 89, 88, 104, 105,-1,
		 105, 104, 88, 89,-1,
		 90, 89, 105, 106,-1,
		 106, 105, 89, 90,-1,
		 91, 90, 106, 107,-1,
		 107, 106, 90, 91,-1,
		 92, 91, 107, 108,-1,
		 108, 107, 91, 92,-1,
		 93, 92, 108, 109,-1,
		 109, 108, 92, 93,-1,
		 94, 93, 109, 110,-1,
		 110, 109, 93, 94,-1,
		 95, 94, 110, 111,-1,
		 111, 110, 94, 95,-1,
		 96, 95, 111, 112,-1,
		 112, 111, 95, 96,-1,
		 97, 112, 128, 113,-1,
		 113, 128, 112, 97,-1,
		 98, 97, 113, 114,-1,
		 114, 113, 97, 98,-1,
		 99, 98, 114, 115,-1,
		 115, 114, 98, 99,-1,
		 100, 99, 115, 116,-1,
		 116, 115, 99, 100,-1,
		 101, 100, 116, 117,-1,
		 117, 116, 100, 101,-1,
		 102, 101, 117, 118,-1,
		 118, 117, 101, 102,-1,
		 103, 102, 118, 119,-1,
		 119, 118, 102, 103,-1,
		 104, 103, 119, 120,-1,
		 120, 119, 103, 104,-1,
		 105, 104, 120, 121,-1,
		 121, 120, 104, 105,-1,
		 106, 105, 121, 122,-1,
		 122, 121, 105, 106,-1,
		 107, 106, 122, 123,-1,
		 123, 122, 106, 107,-1,
		 108, 107, 123, 124,-1,
		 124, 123, 107, 108,-1,
		 109, 108, 124, 125,-1,
		 125, 124, 108, 109,-1,
		 110, 109, 125, 126,-1,
		 126, 125, 109, 110,-1,
		 111, 110, 126, 127,-1,
		 127, 126, 110, 111,-1,
		 112, 111, 127, 128,-1,
		 128, 127, 111, 112,-1,
		 113, 128, 144, 129,-1,
		 129, 144, 128, 113,-1,
		 114, 113, 129, 130,-1,
		 130, 129, 113, 114,-1,
		 115, 114, 130, 131,-1,
		 131, 130, 114, 115,-1,
		 116, 115, 131, 132,-1,
		 132, 131, 115, 116,-1,
		 117, 116, 132, 133,-1,
		 133, 132, 116, 117,-1,
		 118, 117, 133, 134,-1,
		 134, 133, 117, 118,-1,
		 119, 118, 134, 135,-1,
		 135, 134, 118, 119,-1,
		 120, 119, 135, 136,-1,
		 136, 135, 119, 120,-1,
		 121, 120, 136, 137,-1,
		 137, 136, 120, 121,-1,
		 122, 121, 137, 138,-1,
		 138, 137, 121, 122,-1,
		 123, 122, 138, 139,-1,
		 139, 138, 122, 123,-1,
		 124, 123, 139, 140,-1,
		 140, 139, 123, 124,-1,
		 125, 124, 140, 141,-1,
		 141, 140, 124, 125,-1,
		 126, 125, 141, 142,-1,
		 142, 141, 125, 126,-1,
		 127, 126, 142, 143,-1,
		 143, 142, 126, 127,-1,
		 128, 127, 143, 144,-1,
		 144, 143, 127, 128,-1,
		 129, 144, 145,-1,
		 145, 144, 129,-1,
		 130, 129, 145,-1,
		 145, 129, 130,-1,
		 131, 130, 145,-1,
		 145, 130, 131,-1,
		 132, 131, 145,-1,
		 145, 131, 132,-1,
		 133, 132, 145,-1,
		 145, 132, 133,-1,
		 134, 133, 145,-1,
		 145, 133, 134,-1,
		 135, 134, 145,-1,
		 145, 134, 135,-1,
		 136, 135, 145,-1,
		 145, 135, 136,-1,
		 137, 136, 145,-1,
		 145, 136, 137,-1,
		 138, 137, 145,-1,
		 145, 137, 138,-1,
		 139, 138, 145,-1,
		 145, 138, 139,-1,
		 140, 139, 145,-1,
		 145, 139, 140,-1,
		 141, 140, 145,-1,
		 145, 140, 141,-1,
		 142, 141, 145,-1,
		 145, 141, 142,-1,
		 143, 142, 145,-1,
		 145, 142, 143,-1,
		 144, 143, 145,-1,
		 145, 143, 144,-1,
		]
	} #IndexedFaceSet
} #Polyhedron
Separator { #Polyhedron
	DEF COORD45 Coordinate3 {
		point [
		 -2.0987 0.0508 -4.6521,
		 -2.0967 0.0457 -4.6672,
		 -2.0911 0.0457 -4.6653,
		 -2.0866 0.0457 -4.6614,
		 -2.0840 0.0457 -4.6560,
		 -2.0836 0.0457 -4.6501,
		 -2.0855 0.0457 -4.6445,
		 -2.0894 0.0457 -4.6400,
		 -2.0947 0.0457 -4.6374,
		 -2.1007 0.0457 -4.6370,
		 -2.1063 0.0457 -4.6389,
		 -2.1108 0.0457 -4.6428,
		 -2.1134 0.0457 -4.6482,
		 -2.1138 0.0457 -4.6541,
		 -2.1119 0.0457 -4.6597,
		 -2.1080 0.0457 -4.6642,
		 -2.1026 0.0457 -4.6668,
		 -2.0960 0.0406 -4.6722,
		 -2.0885 0.0406 -4.6697,
		 -2.0826 0.0406 -4.6645,
		 -2.0791 0.0406 -4.6574,
		 -2.0785 0.0406 -4.6495,
		 -2.0811 0.0406 -4.6419,
		 -2.0863 0.0406 -4.6360,
		 -2.0934 0.0406 -4.6325,
		 -2.1013 0.0406 -4.6320,
		 -2.1088 0.0406 -4.6345,
		 -2.1148 0.0406 -4.6397,
		 -2.1183 0.0406 -4.6468,
		 -2.1188 0.0406 -4.6548,
		 -2.1163 0.0406 -4.6623,
		 -2.1111 0.0406 -4.6682,
		 -2.1039 0.0406 -4.6717,
		 -2.0956 0.0356 -4.6752,
		 -2.0870 0.0356 -4.6723,
		 -2.0802 0.0356 -4.6663,
		 -2.0762 0.0356 -4.6581,
		 -2.0756 0.0356 -4.6491,
		 -2.0785 0.0356 -4.6405,
		 -2.0845 0.0356 -4.6336,
		 -2.0927 0.0356 -4.6296,
		 -2.1017 0.0356 -4.6290,
		 -2.1103 0.0356 -4.6319,
		 -2.1172 0.0356 -4.6379,
		 -2.1212 0.0356 -4.6461,
		 -2.1218 0.0356 -4.6551,
		 -2.1188 0.0356 -4.6637,
		 -2.1129 0.0356 -4.6706,
		 -2.1047 0.0356 -4.6746,
		 -2.0954 0.0305 -4.6768,
		 -2.0862 0.0305 -4.6737,
		 -2.0789 0.0305 -4.6673,
		 -2.0746 0.0305 -4.6585,
		 -2.0740 0.0305 -4.6489,
		 -2.0771 0.0305 -4.6397,
		 -2.0835 0.0305 -4.6324,
		 -2.0922 0.0305 -4.6281,
		 -2.1019 0.0305 -4.6274,
		 -2.1111 0.0305 -4.6306,
		 -2.1184 0.0305 -4.6370,
		 -2.1227 0.0305 -4.6457,
		 -2.1234 0.0305 -4.6554,
		 -2.1202 0.0305 -4.6645,
		 -2.1138 0.0305 -4.6718,
		 -2.1051 0.0305 -4.6761,
		 -2.0954 0.0254 -4.6773,
		 -2.0860 0.0254 -4.6741,
		 -2.0785 0.0254 -4.6676,
		 -2.0742 0.0254 -4.6587,
		 -2.0735 0.0254 -4.6488,
		 -2.0767 0.0254 -4.6394,
		 -2.0832 0.0254 -4.6320,
		 -2.0921 0.0254 -4.6276,
		 -2.1020 0.0254 -4.6269,
		 -2.1114 0.0254 -4.6301,
		 -2.1188 0.0254 -4.6366,
		 -2.1232 0.0254 -4.6455,
		 -2.1239 0.0254 -4.6554,
		 -2.1207 0.0254 -4.6648,
		 -2.1141 0.0254 -4.6723,
		 -2.1053 0.0254 -4.6766,
		 -2.0954 0.0203 -4.6768,
		 -2.0862 0.0203 -4.6737,
		 -2.0789 0.0203 -4.6673,
		 -2.0746 0.0203 -4.6585,
		 -2.0740 0.0203 -4.6489,
		 -2.0771 0.0203 -4.6397,
		 -2.0835 0.0203 -4.6324,
		 -2.0922 0.0203 -4.6281,
		 -2.1019 0.0203 -4.6274,
		 -2.1111 0.0203 -4.6306,
		 -2.1184 0.0203 -4.6370,
		 -2.1227 0.0203 -4.6457,
		 -2.1234 0.0203 -4.6554,
		 -2.1202 0.0203 -4.6645,
		 -2.1138 0.0203 -4.6718,
		 -2.1051 0.0203 -4.6761,
		 -2.0956 0.0152 -4.6752,
		 -2.0870 0.0152 -4.6723,
		 -2.0802 0.0152 -4.6663,
		 -2.0762 0.0152 -4.6581,
		 -2.0756 0.0152 -4.6491,
		 -2.0785 0.0152 -4.6405,
		 -2.0845 0.0152 -4.6336,
		 -2.0927 0.0152 -4.6296,
		 -2.1017 0.0152 -4.6290,
		 -2.1103 0.0152 -4.6319,
		 -2.1172 0.0152 -4.6379,
		 -2.1212 0.0152 -4.6461,
		 -2.1218 0.0152 -4.6551,
		 -2.1188 0.0152 -4.6637,
		 -2.1129 0.0152 -4.6706,
		 -2.1047 0.0152 -4.6746,
		 -2.0960 0.0102 -4.6722,
		 -2.0885 0.0102 -4.6697,
		 -2.0826 0.0102 -4.6645,
		 -2.0791 0.0102 -4.6574,
		 -2.0785 0.0102 -4.6495,
		 -2.0811 0.0102 -4.6419,
		 -2.0863 0.0102 -4.6360,
		 -2.0934 0.0102 -4.6325,
		 -2.1013 0.0102 -4.6320,
		 -2.1088 0.0102 -4.6345,
		 -2.1148 0.0102 -4.6397,
		 -2.1183 0.0102 -4.6468,
		 -2.1188 0.0102 -4.6548,
		 -2.1163 0.0102 -4.6623,
		 -2.1111 0.0102 -4.6682,
		 -2.1039 0.0102 -4.6717,
		 -2.0967 0.0051 -4.6672,
		 -2.0911 0.0051 -4.6653,
		 -2.0866 0.0051 -4.6614,
		 -2.0840 0.0051 -4.6560,
		 -2.0836 0.0051 -4.6501,
		 -2.0855 0.0051 -4.6445,
		 -2.0894 0.0051 -4.6400,
		 -2.0947 0.0051 -4.6374,
		 -2.1007 0.0051 -4.6370,
		 -2.1063 0.0051 -4.6389,
		 -2.1108 0.0051 -4.6428,
		 -2.1134 0.0051 -4.6482,
		 -2.1138 0.0051 -4.6541,
		 -2.1119 0.0051 -4.6597,
		 -2.1080 0.0051 -4.6642,
		 -2.1026 0.0051 -4.6668,
		 -2.0987 0.0000 -4.6521
		]
	} #Coordinate3
	Material {
		ambientColor      0.1176 0.1176 0.1176  #ambientColor
		diffuseColor      0.4706 0.4706 0.4706  #diffuseColor
		transparency      0.0000                #transparency
	} #Material

	IndexedFaceSet {
		coordIndex [ 
		 0, 16, 1,-1,
		 1, 16, 0,-1,
		 0, 1, 2,-1,
		 2, 1, 0,-1,
		 0, 2, 3,-1,
		 3, 2, 0,-1,
		 0, 3, 4,-1,
		 4, 3, 0,-1,
		 0, 4, 5,-1,
		 5, 4, 0,-1,
		 0, 5, 6,-1,
		 6, 5, 0,-1,
		 0, 6, 7,-1,
		 7, 6, 0,-1,
		 0, 7, 8,-1,
		 8, 7, 0,-1,
		 0, 8, 9,-1,
		 9, 8, 0,-1,
		 0, 9, 10,-1,
		 10, 9, 0,-1,
		 0, 10, 11,-1,
		 11, 10, 0,-1,
		 0, 11, 12,-1,
		 12, 11, 0,-1,
		 0, 12, 13,-1,
		 13, 12, 0,-1,
		 0, 13, 14,-1,
		 14, 13, 0,-1,
		 0, 14, 15,-1,
		 15, 14, 0,-1,
		 0, 15, 16,-1,
		 16, 15, 0,-1,
		 1, 16, 32, 17,-1,
		 17, 32, 16, 1,-1,
		 2, 1, 17, 18,-1,
		 18, 17, 1, 2,-1,
		 3, 2, 18, 19,-1,
		 19, 18, 2, 3,-1,
		 4, 3, 19, 20,-1,
		 20, 19, 3, 4,-1,
		 5, 4, 20, 21,-1,
		 21, 20, 4, 5,-1,
		 6, 5, 21, 22,-1,
		 22, 21, 5, 6,-1,
		 7, 6, 22, 23,-1,
		 23, 22, 6, 7,-1,
		 8, 7, 23, 24,-1,
		 24, 23, 7, 8,-1,
		 9, 8, 24, 25,-1,
		 25, 24, 8, 9,-1,
		 10, 9, 25, 26,-1,
		 26, 25, 9, 10,-1,
		 11, 10, 26, 27,-1,
		 27, 26, 10, 11,-1,
		 12, 11, 27, 28,-1,
		 28, 27, 11, 12,-1,
		 13, 12, 28, 29,-1,
		 29, 28, 12, 13,-1,
		 14, 13, 29, 30,-1,
		 30, 29, 13, 14,-1,
		 15, 14, 30, 31,-1,
		 31, 30, 14, 15,-1,
		 16, 15, 31, 32,-1,
		 32, 31, 15, 16,-1,
		 17, 32, 48, 33,-1,
		 33, 48, 32, 17,-1,
		 18, 17, 33, 34,-1,
		 34, 33, 17, 18,-1,
		 19, 18, 34, 35,-1,
		 35, 34, 18, 19,-1,
		 20, 19, 35, 36,-1,
		 36, 35, 19, 20,-1,
		 21, 20, 36, 37,-1,
		 37, 36, 20, 21,-1,
		 22, 21, 37, 38,-1,
		 38, 37, 21, 22,-1,
		 23, 22, 38, 39,-1,
		 39, 38, 22, 23,-1,
		 24, 23, 39, 40,-1,
		 40, 39, 23, 24,-1,
		 25, 24, 40, 41,-1,
		 41, 40, 24, 25,-1,
		 26, 25, 41, 42,-1,
		 42, 41, 25, 26,-1,
		 27, 26, 42, 43,-1,
		 43, 42, 26, 27,-1,
		 28, 27, 43, 44,-1,
		 44, 43, 27, 28,-1,
		 29, 28, 44, 45,-1,
		 45, 44, 28, 29,-1,
		 30, 29, 45, 46,-1,
		 46, 45, 29, 30,-1,
		 31, 30, 46, 47,-1,
		 47, 46, 30, 31,-1,
		 32, 31, 47, 48,-1,
		 48, 47, 31, 32,-1,
		 33, 48, 64, 49,-1,
		 49, 64, 48, 33,-1,
		 34, 33, 49, 50,-1,
		 50, 49, 33, 34,-1,
		 35, 34, 50, 51,-1,
		 51, 50, 34, 35,-1,
		 36, 35, 51, 52,-1,
		 52, 51, 35, 36,-1,
		 37, 36, 52, 53,-1,
		 53, 52, 36, 37,-1,
		 38, 37, 53, 54,-1,
		 54, 53, 37, 38,-1,
		 39, 38, 54, 55,-1,
		 55, 54, 38, 39,-1,
		 40, 39, 55, 56,-1,
		 56, 55, 39, 40,-1,
		 41, 40, 56, 57,-1,
		 57, 56, 40, 41,-1,
		 42, 41, 57, 58,-1,
		 58, 57, 41, 42,-1,
		 43, 42, 58, 59,-1,
		 59, 58, 42, 43,-1,
		 44, 43, 59, 60,-1,
		 60, 59, 43, 44,-1,
		 45, 44, 60, 61,-1,
		 61, 60, 44, 45,-1,
		 46, 45, 61, 62,-1,
		 62, 61, 45, 46,-1,
		 47, 46, 62, 63,-1,
		 63, 62, 46, 47,-1,
		 48, 47, 63, 64,-1,
		 64, 63, 47, 48,-1,
		 49, 64, 80, 65,-1,
		 65, 80, 64, 49,-1,
		 50, 49, 65, 66,-1,
		 66, 65, 49, 50,-1,
		 51, 50, 66, 67,-1,
		 67, 66, 50, 51,-1,
		 52, 51, 67, 68,-1,
		 68, 67, 51, 52,-1,
		 53, 52, 68, 69,-1,
		 69, 68, 52, 53,-1,
		 54, 53, 69, 70,-1,
		 70, 69, 53, 54,-1,
		 55, 54, 70, 71,-1,
		 71, 70, 54, 55,-1,
		 56, 55, 71, 72,-1,
		 72, 71, 55, 56,-1,
		 57, 56, 72, 73,-1,
		 73, 72, 56, 57,-1,
		 58, 57, 73, 74,-1,
		 74, 73, 57, 58,-1,
		 59, 58, 74, 75,-1,
		 75, 74, 58, 59,-1,
		 60, 59, 75, 76,-1,
		 76, 75, 59, 60,-1,
		 61, 60, 76, 77,-1,
		 77, 76, 60, 61,-1,
		 62, 61, 77, 78,-1,
		 78, 77, 61, 62,-1,
		 63, 62, 78, 79,-1,
		 79, 78, 62, 63,-1,
		 64, 63, 79, 80,-1,
		 80, 79, 63, 64,-1,
		 65, 80, 96, 81,-1,
		 81, 96, 80, 65,-1,
		 66, 65, 81, 82,-1,
		 82, 81, 65, 66,-1,
		 67, 66, 82, 83,-1,
		 83, 82, 66, 67,-1,
		 68, 67, 83, 84,-1,
		 84, 83, 67, 68,-1,
		 69, 68, 84, 85,-1,
		 85, 84, 68, 69,-1,
		 70, 69, 85, 86,-1,
		 86, 85, 69, 70,-1,
		 71, 70, 86, 87,-1,
		 87, 86, 70, 71,-1,
		 72, 71, 87, 88,-1,
		 88, 87, 71, 72,-1,
		 73, 72, 88, 89,-1,
		 89, 88, 72, 73,-1,
		 74, 73, 89, 90,-1,
		 90, 89, 73, 74,-1,
		 75, 74, 90, 91,-1,
		 91, 90, 74, 75,-1,
		 76, 75, 91, 92,-1,
		 92, 91, 75, 76,-1,
		 77, 76, 92, 93,-1,
		 93, 92, 76, 77,-1,
		 78, 77, 93, 94,-1,
		 94, 93, 77, 78,-1,
		 79, 78, 94, 95,-1,
		 95, 94, 78, 79,-1,
		 80, 79, 95, 96,-1,
		 96, 95, 79, 80,-1,
		 81, 96, 112, 97,-1,
		 97, 112, 96, 81,-1,
		 82, 81, 97, 98,-1,
		 98, 97, 81, 82,-1,
		 83, 82, 98, 99,-1,
		 99, 98, 82, 83,-1,
		 84, 83, 99, 100,-1,
		 100, 99, 83, 84,-1,
		 85, 84, 100, 101,-1,
		 101, 100, 84, 85,-1,
		 86, 85, 101, 102,-1,
		 102, 101, 85, 86,-1,
		 87, 86, 102, 103,-1,
		 103, 102, 86, 87,-1,
		 88, 87, 103, 104,-1,
		 104, 103, 87, 88,-1,
		 89, 88, 104, 105,-1,
		 105, 104, 88, 89,-1,
		 90, 89, 105, 106,-1,
		 106, 105, 89, 90,-1,
		 91, 90, 106, 107,-1,
		 107, 106, 90, 91,-1,
		 92, 91, 107, 108,-1,
		 108, 107, 91, 92,-1,
		 93, 92, 108, 109,-1,
		 109, 108, 92, 93,-1,
		 94, 93, 109, 110,-1,
		 110, 109, 93, 94,-1,
		 95, 94, 110, 111,-1,
		 111, 110, 94, 95,-1,
		 96, 95, 111, 112,-1,
		 112, 111, 95, 96,-1,
		 97, 112, 128, 113,-1,
		 113, 128, 112, 97,-1,
		 98, 97, 113, 114,-1,
		 114, 113, 97, 98,-1,
		 99, 98, 114, 115,-1,
		 115, 114, 98, 99,-1,
		 100, 99, 115, 116,-1,
		 116, 115, 99, 100,-1,
		 101, 100, 116, 117,-1,
		 117, 116, 100, 101,-1,
		 102, 101, 117, 118,-1,
		 118, 117, 101, 102,-1,
		 103, 102, 118, 119,-1,
		 119, 118, 102, 103,-1,
		 104, 103, 119, 120,-1,
		 120, 119, 103, 104,-1,
		 105, 104, 120, 121,-1,
		 121, 120, 104, 105,-1,
		 106, 105, 121, 122,-1,
		 122, 121, 105, 106,-1,
		 107, 106, 122, 123,-1,
		 123, 122, 106, 107,-1,
		 108, 107, 123, 124,-1,
		 124, 123, 107, 108,-1,
		 109, 108, 124, 125,-1,
		 125, 124, 108, 109,-1,
		 110, 109, 125, 126,-1,
		 126, 125, 109, 110,-1,
		 111, 110, 126, 127,-1,
		 127, 126, 110, 111,-1,
		 112, 111, 127, 128,-1,
		 128, 127, 111, 112,-1,
		 113, 128, 144, 129,-1,
		 129, 144, 128, 113,-1,
		 114, 113, 129, 130,-1,
		 130, 129, 113, 114,-1,
		 115, 114, 130, 131,-1,
		 131, 130, 114, 115,-1,
		 116, 115, 131, 132,-1,
		 132, 131, 115, 116,-1,
		 117, 116, 132, 133,-1,
		 133, 132, 116, 117,-1,
		 118, 117, 133, 134,-1,
		 134, 133, 117, 118,-1,
		 119, 118, 134, 135,-1,
		 135, 134, 118, 119,-1,
		 120, 119, 135, 136,-1,
		 136, 135, 119, 120,-1,
		 121, 120, 136, 137,-1,
		 137, 136, 120, 121,-1,
		 122, 121, 137, 138,-1,
		 138, 137, 121, 122,-1,
		 123, 122, 138, 139,-1,
		 139, 138, 122, 123,-1,
		 124, 123, 139, 140,-1,
		 140, 139, 123, 124,-1,
		 125, 124, 140, 141,-1,
		 141, 140, 124, 125,-1,
		 126, 125, 141, 142,-1,
		 142, 141, 125, 126,-1,
		 127, 126, 142, 143,-1,
		 143, 142, 126, 127,-1,
		 128, 127, 143, 144,-1,
		 144, 143, 127, 128,-1,
		 129, 144, 145,-1,
		 145, 144, 129,-1,
		 130, 129, 145,-1,
		 145, 129, 130,-1,
		 131, 130, 145,-1,
		 145, 130, 131,-1,
		 132, 131, 145,-1,
		 145, 131, 132,-1,
		 133, 132, 145,-1,
		 145, 132, 133,-1,
		 134, 133, 145,-1,
		 145, 133, 134,-1,
		 135, 134, 145,-1,
		 145, 134, 135,-1,
		 136, 135, 145,-1,
		 145, 135, 136,-1,
		 137, 136, 145,-1,
		 145, 136, 137,-1,
		 138, 137, 145,-1,
		 145, 137, 138,-1,
		 139, 138, 145,-1,
		 145, 138, 139,-1,
		 140, 139, 145,-1,
		 145, 139, 140,-1,
		 141, 140, 145,-1,
		 145, 140, 141,-1,
		 142, 141, 145,-1,
		 145, 141, 142,-1,
		 143, 142, 145,-1,
		 145, 142, 143,-1,
		 144, 143, 145,-1,
		 145, 143, 144,-1,
		]
	} #IndexedFaceSet
} #Polyhedron
Separator { #Polyhedron
	DEF COORD46 Coordinate3 {
		point [
		 -1.8255 0.4318 -4.7496,
		 -1.8161 0.4318 -4.7464,
		 -1.8087 0.4318 -4.7399,
		 -1.8043 0.4318 -4.7310,
		 -1.8036 0.4318 -4.7211,
		 -1.8068 0.4318 -4.7117,
		 -1.8133 0.4318 -4.7043,
		 -1.8222 0.4318 -4.6999,
		 -1.8321 0.4318 -4.6992,
		 -1.8415 0.4318 -4.7024,
		 -1.8490 0.4318 -4.7089,
		 -1.8533 0.4318 -4.7178,
		 -1.8540 0.4318 -4.7277,
		 -1.8508 0.4318 -4.7371,
		 -1.8443 0.4318 -4.7446,
		 -1.8354 0.4318 -4.7489,
		 -1.8255 0.1524 -4.7496,
		 -1.8161 0.1524 -4.7464,
		 -1.8087 0.1524 -4.7399,
		 -1.8043 0.1524 -4.7310,
		 -1.8036 0.1524 -4.7211,
		 -1.8068 0.1524 -4.7117,
		 -1.8133 0.1524 -4.7043,
		 -1.8222 0.1524 -4.6999,
		 -1.8321 0.1524 -4.6992,
		 -1.8415 0.1524 -4.7024,
		 -1.8490 0.1524 -4.7089,
		 -1.8533 0.1524 -4.7178,
		 -1.8540 0.1524 -4.7277,
		 -1.8508 0.1524 -4.7371,
		 -1.8443 0.1524 -4.7446,
		 -1.8354 0.1524 -4.7489
		]
	} #Coordinate3
	Material {
		ambientColor      0.1951 0.1951 0.1951  #ambientColor
		diffuseColor      0.7804 0.7804 0.7804  #diffuseColor
		transparency      0.0000                #transparency
	} #Material

	IndexedFaceSet {
		coordIndex [ 
		 0, 1, 2, 3, 4, 5, 6, 7, 8, 9, 10, 11, 12, 13, 14, 15,-1,
		 15, 14, 13, 12, 11, 10, 9, 8, 7, 6, 5, 4, 3, 2, 1, 0,-1,
		 0, 15, 31, 16,-1,
		 16, 31, 15, 0,-1,
		 1, 0, 16, 17,-1,
		 17, 16, 0, 1,-1,
		 2, 1, 17, 18,-1,
		 18, 17, 1, 2,-1,
		 3, 2, 18, 19,-1,
		 19, 18, 2, 3,-1,
		 4, 3, 19, 20,-1,
		 20, 19, 3, 4,-1,
		 5, 4, 20, 21,-1,
		 21, 20, 4, 5,-1,
		 6, 5, 21, 22,-1,
		 22, 21, 5, 6,-1,
		 7, 6, 22, 23,-1,
		 23, 22, 6, 7,-1,
		 8, 7, 23, 24,-1,
		 24, 23, 7, 8,-1,
		 9, 8, 24, 25,-1,
		 25, 24, 8, 9,-1,
		 10, 9, 25, 26,-1,
		 26, 25, 9, 10,-1,
		 11, 10, 26, 27,-1,
		 27, 26, 10, 11,-1,
		 12, 11, 27, 28,-1,
		 28, 27, 11, 12,-1,
		 13, 12, 28, 29,-1,
		 29, 28, 12, 13,-1,
		 14, 13, 29, 30,-1,
		 30, 29, 13, 14,-1,
		 15, 14, 30, 31,-1,
		 31, 30, 14, 15,-1,
		 31, 30, 29, 28, 27, 26, 25, 24, 23, 22, 21, 20, 19, 18, 17, 16,-1,
		 16, 17, 18, 19, 20, 21, 22, 23, 24, 25, 26, 27, 28, 29, 30, 31,-1,
		]
	} #IndexedFaceSet
} #Polyhedron
Separator { #Polyhedron
	DEF COORD47 Coordinate3 {
		point [
		 -1.7890 0.4826 -5.0266,
		 -1.6764 0.4826 -4.9884,
		 -1.5870 0.4826 -4.9099,
		 -1.5344 0.4826 -4.8033,
		 -1.5266 0.4826 -4.6846,
		 -1.5648 0.4826 -4.5720,
		 -1.6433 0.4826 -4.4826,
		 -1.7499 0.4826 -4.4300,
		 -1.8686 0.4826 -4.4222,
		 -1.9812 0.4826 -4.4605,
		 -2.0706 0.4826 -4.5389,
		 -2.1232 0.4826 -4.6455,
		 -2.1310 0.4826 -4.7642,
		 -2.0928 0.4826 -4.8768,
		 -2.0143 0.4826 -4.9662,
		 -1.9077 0.4826 -5.0188,
		 -1.7890 0.4572 -5.0266,
		 -1.6764 0.4572 -4.9884,
		 -1.5870 0.4572 -4.9099,
		 -1.5344 0.4572 -4.8033,
		 -1.5266 0.4572 -4.6846,
		 -1.5648 0.4572 -4.5720,
		 -1.6433 0.4572 -4.4826,
		 -1.7499 0.4572 -4.4300,
		 -1.8686 0.4572 -4.4222,
		 -1.9812 0.4572 -4.4605,
		 -2.0706 0.4572 -4.5389,
		 -2.1232 0.4572 -4.6455,
		 -2.1310 0.4572 -4.7642,
		 -2.0928 0.4572 -4.8768,
		 -2.0143 0.4572 -4.9662,
		 -1.9077 0.4572 -5.0188
		]
	} #Coordinate3
	Material {
		ambientColor      0.1951 0.1951 0.1951  #ambientColor
		diffuseColor      0.7804 0.7804 0.7804  #diffuseColor
		transparency      0.0000                #transparency
	} #Material

	IndexedFaceSet {
		coordIndex [ 
		 0, 1, 2, 3, 4, 5, 6, 7, 8, 9, 10, 11, 12, 13, 14, 15,-1,
		 15, 14, 13, 12, 11, 10, 9, 8, 7, 6, 5, 4, 3, 2, 1, 0,-1,
		 0, 15, 31, 16,-1,
		 16, 31, 15, 0,-1,
		 1, 0, 16, 17,-1,
		 17, 16, 0, 1,-1,
		 2, 1, 17, 18,-1,
		 18, 17, 1, 2,-1,
		 3, 2, 18, 19,-1,
		 19, 18, 2, 3,-1,
		 4, 3, 19, 20,-1,
		 20, 19, 3, 4,-1,
		 5, 4, 20, 21,-1,
		 21, 20, 4, 5,-1,
		 6, 5, 21, 22,-1,
		 22, 21, 5, 6,-1,
		 7, 6, 22, 23,-1,
		 23, 22, 6, 7,-1,
		 8, 7, 23, 24,-1,
		 24, 23, 7, 8,-1,
		 9, 8, 24, 25,-1,
		 25, 24, 8, 9,-1,
		 10, 9, 25, 26,-1,
		 26, 25, 9, 10,-1,
		 11, 10, 26, 27,-1,
		 27, 26, 10, 11,-1,
		 12, 11, 27, 28,-1,
		 28, 27, 11, 12,-1,
		 13, 12, 28, 29,-1,
		 29, 28, 12, 13,-1,
		 14, 13, 29, 30,-1,
		 30, 29, 13, 14,-1,
		 15, 14, 30, 31,-1,
		 31, 30, 14, 15,-1,
		 31, 30, 29, 28, 27, 26, 25, 24, 23, 22, 21, 20, 19, 18, 17, 16,-1,
		 16, 17, 18, 19, 20, 21, 22, 23, 24, 25, 26, 27, 28, 29, 30, 31,-1,
		]
	} #IndexedFaceSet
} #Polyhedron
Separator { #Polyhedron
	DEF COORD48 Coordinate3 {
		point [
		 -1.8288 0.5334 -4.7244,
		 -1.8069 0.5232 -4.8906,
		 -1.7450 0.5232 -4.8696,
		 -1.6958 0.5232 -4.8265,
		 -1.6669 0.5232 -4.7678,
		 -1.6626 0.5232 -4.7025,
		 -1.6836 0.5232 -4.6406,
		 -1.7268 0.5232 -4.5914,
		 -1.7854 0.5232 -4.5625,
		 -1.8507 0.5232 -4.5582,
		 -1.9126 0.5232 -4.5792,
		 -1.9618 0.5232 -4.6224,
		 -1.9907 0.5232 -4.6810,
		 -1.9950 0.5232 -4.7463,
		 -1.9740 0.5232 -4.8082,
		 -1.9309 0.5232 -4.8574,
		 -1.8722 0.5232 -4.8863,
		 -1.7996 0.5131 -4.9460,
		 -1.7170 0.5131 -4.9180,
		 -1.6515 0.5131 -4.8605,
		 -1.6129 0.5131 -4.7823,
		 -1.6072 0.5131 -4.6952,
		 -1.6352 0.5131 -4.6126,
		 -1.6927 0.5131 -4.5471,
		 -1.7710 0.5131 -4.5085,
		 -1.8580 0.5131 -4.5028,
		 -1.9406 0.5131 -4.5308,
		 -2.0061 0.5131 -4.5883,
		 -2.0447 0.5131 -4.6666,
		 -2.0504 0.5131 -4.7536,
		 -2.0224 0.5131 -4.8362,
		 -1.9649 0.5131 -4.9017,
		 -1.8866 0.5131 -4.9403,
		 -1.7954 0.5029 -4.9783,
		 -1.7008 0.5029 -4.9462,
		 -1.6256 0.5029 -4.8803,
		 -1.5815 0.5029 -4.7907,
		 -1.5749 0.5029 -4.6910,
		 -1.6070 0.5029 -4.5964,
		 -1.6729 0.5029 -4.5212,
		 -1.7625 0.5029 -4.4771,
		 -1.8622 0.5029 -4.4705,
		 -1.9568 0.5029 -4.5027,
		 -2.0320 0.5029 -4.5685,
		 -2.0762 0.5029 -4.6581,
		 -2.0827 0.5029 -4.7578,
		 -2.0506 0.5029 -4.8525,
		 -1.9847 0.5029 -4.9276,
		 -1.8951 0.5029 -4.9718,
		 -1.7931 0.4928 -4.9958,
		 -1.6919 0.4928 -4.9615,
		 -1.6116 0.4928 -4.8910,
		 -1.5644 0.4928 -4.7952,
		 -1.5574 0.4928 -4.6887,
		 -1.5917 0.4928 -4.5875,
		 -1.6622 0.4928 -4.5072,
		 -1.7580 0.4928 -4.4600,
		 -1.8645 0.4928 -4.4530,
		 -1.9657 0.4928 -4.4873,
		 -2.0460 0.4928 -4.5578,
		 -2.0932 0.4928 -4.6536,
		 -2.1002 0.4928 -4.7602,
		 -2.0659 0.4928 -4.8613,
		 -1.9954 0.4928 -4.9416,
		 -1.8996 0.4928 -4.9888,
		 -1.7923 0.4826 -5.0014,
		 -1.6891 0.4826 -4.9664,
		 -1.6071 0.4826 -4.8945,
		 -1.5589 0.4826 -4.7967,
		 -1.5518 0.4826 -4.6879,
		 -1.5868 0.4826 -4.5847,
		 -1.6587 0.4826 -4.5027,
		 -1.7565 0.4826 -4.4545,
		 -1.8653 0.4826 -4.4474,
		 -1.9685 0.4826 -4.4825,
		 -2.0505 0.4826 -4.5543,
		 -2.0987 0.4826 -4.6521,
		 -2.1058 0.4826 -4.7609,
		 -2.0708 0.4826 -4.8641,
		 -1.9989 0.4826 -4.9461,
		 -1.9011 0.4826 -4.9943
		]
	} #Coordinate3
	Material {
		ambientColor      0.1176 0.1176 0.1176  #ambientColor
		diffuseColor      0.4706 0.4706 0.4706  #diffuseColor
		transparency      0.0000                #transparency
	} #Material

	IndexedFaceSet {
		coordIndex [ 
		 0, 16, 1,-1,
		 1, 16, 0,-1,
		 0, 1, 2,-1,
		 2, 1, 0,-1,
		 0, 2, 3,-1,
		 3, 2, 0,-1,
		 0, 3, 4,-1,
		 4, 3, 0,-1,
		 0, 4, 5,-1,
		 5, 4, 0,-1,
		 0, 5, 6,-1,
		 6, 5, 0,-1,
		 0, 6, 7,-1,
		 7, 6, 0,-1,
		 0, 7, 8,-1,
		 8, 7, 0,-1,
		 0, 8, 9,-1,
		 9, 8, 0,-1,
		 0, 9, 10,-1,
		 10, 9, 0,-1,
		 0, 10, 11,-1,
		 11, 10, 0,-1,
		 0, 11, 12,-1,
		 12, 11, 0,-1,
		 0, 12, 13,-1,
		 13, 12, 0,-1,
		 0, 13, 14,-1,
		 14, 13, 0,-1,
		 0, 14, 15,-1,
		 15, 14, 0,-1,
		 0, 15, 16,-1,
		 16, 15, 0,-1,
		 1, 16, 32, 17,-1,
		 17, 32, 16, 1,-1,
		 2, 1, 17, 18,-1,
		 18, 17, 1, 2,-1,
		 3, 2, 18, 19,-1,
		 19, 18, 2, 3,-1,
		 4, 3, 19, 20,-1,
		 20, 19, 3, 4,-1,
		 5, 4, 20, 21,-1,
		 21, 20, 4, 5,-1,
		 6, 5, 21, 22,-1,
		 22, 21, 5, 6,-1,
		 7, 6, 22, 23,-1,
		 23, 22, 6, 7,-1,
		 8, 7, 23, 24,-1,
		 24, 23, 7, 8,-1,
		 9, 8, 24, 25,-1,
		 25, 24, 8, 9,-1,
		 10, 9, 25, 26,-1,
		 26, 25, 9, 10,-1,
		 11, 10, 26, 27,-1,
		 27, 26, 10, 11,-1,
		 12, 11, 27, 28,-1,
		 28, 27, 11, 12,-1,
		 13, 12, 28, 29,-1,
		 29, 28, 12, 13,-1,
		 14, 13, 29, 30,-1,
		 30, 29, 13, 14,-1,
		 15, 14, 30, 31,-1,
		 31, 30, 14, 15,-1,
		 16, 15, 31, 32,-1,
		 32, 31, 15, 16,-1,
		 17, 32, 48, 33,-1,
		 33, 48, 32, 17,-1,
		 18, 17, 33, 34,-1,
		 34, 33, 17, 18,-1,
		 19, 18, 34, 35,-1,
		 35, 34, 18, 19,-1,
		 20, 19, 35, 36,-1,
		 36, 35, 19, 20,-1,
		 21, 20, 36, 37,-1,
		 37, 36, 20, 21,-1,
		 22, 21, 37, 38,-1,
		 38, 37, 21, 22,-1,
		 23, 22, 38, 39,-1,
		 39, 38, 22, 23,-1,
		 24, 23, 39, 40,-1,
		 40, 39, 23, 24,-1,
		 25, 24, 40, 41,-1,
		 41, 40, 24, 25,-1,
		 26, 25, 41, 42,-1,
		 42, 41, 25, 26,-1,
		 27, 26, 42, 43,-1,
		 43, 42, 26, 27,-1,
		 28, 27, 43, 44,-1,
		 44, 43, 27, 28,-1,
		 29, 28, 44, 45,-1,
		 45, 44, 28, 29,-1,
		 30, 29, 45, 46,-1,
		 46, 45, 29, 30,-1,
		 31, 30, 46, 47,-1,
		 47, 46, 30, 31,-1,
		 32, 31, 47, 48,-1,
		 48, 47, 31, 32,-1,
		 33, 48, 64, 49,-1,
		 49, 64, 48, 33,-1,
		 34, 33, 49, 50,-1,
		 50, 49, 33, 34,-1,
		 35, 34, 50, 51,-1,
		 51, 50, 34, 35,-1,
		 36, 35, 51, 52,-1,
		 52, 51, 35, 36,-1,
		 37, 36, 52, 53,-1,
		 53, 52, 36, 37,-1,
		 38, 37, 53, 54,-1,
		 54, 53, 37, 38,-1,
		 39, 38, 54, 55,-1,
		 55, 54, 38, 39,-1,
		 40, 39, 55, 56,-1,
		 56, 55, 39, 40,-1,
		 41, 40, 56, 57,-1,
		 57, 56, 40, 41,-1,
		 42, 41, 57, 58,-1,
		 58, 57, 41, 42,-1,
		 43, 42, 58, 59,-1,
		 59, 58, 42, 43,-1,
		 44, 43, 59, 60,-1,
		 60, 59, 43, 44,-1,
		 45, 44, 60, 61,-1,
		 61, 60, 44, 45,-1,
		 46, 45, 61, 62,-1,
		 62, 61, 45, 46,-1,
		 47, 46, 62, 63,-1,
		 63, 62, 46, 47,-1,
		 48, 47, 63, 64,-1,
		 64, 63, 47, 48,-1,
		 49, 64, 80, 65,-1,
		 65, 80, 64, 49,-1,
		 50, 49, 65, 66,-1,
		 66, 65, 49, 50,-1,
		 51, 50, 66, 67,-1,
		 67, 66, 50, 51,-1,
		 52, 51, 67, 68,-1,
		 68, 67, 51, 52,-1,
		 53, 52, 68, 69,-1,
		 69, 68, 52, 53,-1,
		 54, 53, 69, 70,-1,
		 70, 69, 53, 54,-1,
		 55, 54, 70, 71,-1,
		 71, 70, 54, 55,-1,
		 56, 55, 71, 72,-1,
		 72, 71, 55, 56,-1,
		 57, 56, 72, 73,-1,
		 73, 72, 56, 57,-1,
		 58, 57, 73, 74,-1,
		 74, 73, 57, 58,-1,
		 59, 58, 74, 75,-1,
		 75, 74, 58, 59,-1,
		 60, 59, 75, 76,-1,
		 76, 75, 59, 60,-1,
		 61, 60, 76, 77,-1,
		 77, 76, 60, 61,-1,
		 62, 61, 77, 78,-1,
		 78, 77, 61, 62,-1,
		 63, 62, 78, 79,-1,
		 79, 78, 62, 63,-1,
		 64, 63, 79, 80,-1,
		 80, 79, 63, 64,-1,
		 80, 79, 78, 77, 76, 75, 74, 73, 72, 71, 70, 69, 68, 67, 66, 65,-1,
		 65, 66, 67, 68, 69, 70, 71, 72, 73, 74, 75, 76, 77, 78, 79, 80,-1,
		]
	} #IndexedFaceSet
} #Polyhedron
Separator { #Polyhedron
	DEF COORD49 Coordinate3 {
		point [
		 -1.8139 0.4572 -4.5706,
		 -1.9486 0.4572 -5.0736,
		 -1.8996 0.4572 -5.0867,
		 -1.7648 0.4572 -4.5838,
		 -1.8139 0.4318 -4.5706,
		 -1.9486 0.4318 -5.0736,
		 -1.8996 0.4318 -5.0867,
		 -1.7648 0.4318 -4.5838
		]
	} #Coordinate3
	Material {
		ambientColor      0.1951 0.1951 0.1951  #ambientColor
		diffuseColor      0.7804 0.7804 0.7804  #diffuseColor
		transparency      0.0000                #transparency
	} #Material

	IndexedFaceSet {
		coordIndex [ 
		 0, 1, 2, 3,-1,
		 3, 2, 1, 0,-1,
		 0, 3, 7, 4,-1,
		 4, 7, 3, 0,-1,
		 1, 0, 4, 5,-1,
		 5, 4, 0, 1,-1,
		 2, 1, 5, 6,-1,
		 6, 5, 1, 2,-1,
		 3, 2, 6, 7,-1,
		 7, 6, 2, 3,-1,
		 7, 6, 5, 4,-1,
		 4, 5, 6, 7,-1,
		]
	} #IndexedFaceSet
} #Polyhedron
Separator { #Polyhedron
	DEF COORD50 Coordinate3 {
		point [
		 -1.7977 0.4572 -4.7064,
		 -1.8108 0.4572 -4.7555,
		 -1.6882 0.4572 -4.7884,
		 -1.6750 0.4572 -4.7393,
		 -1.7977 0.4318 -4.7064,
		 -1.8108 0.4318 -4.7555,
		 -1.6882 0.4318 -4.7884,
		 -1.6750 0.4318 -4.7393
		]
	} #Coordinate3
	Material {
		ambientColor      0.1951 0.1951 0.1951  #ambientColor
		diffuseColor      0.7804 0.7804 0.7804  #diffuseColor
		transparency      0.0000                #transparency
	} #Material

	IndexedFaceSet {
		coordIndex [ 
		 0, 1, 2, 3,-1,
		 3, 2, 1, 0,-1,
		 0, 3, 7, 4,-1,
		 4, 7, 3, 0,-1,
		 1, 0, 4, 5,-1,
		 5, 4, 0, 1,-1,
		 2, 1, 5, 6,-1,
		 6, 5, 1, 2,-1,
		 3, 2, 6, 7,-1,
		 7, 6, 2, 3,-1,
		 7, 6, 5, 4,-1,
		 4, 5, 6, 7,-1,
		]
	} #IndexedFaceSet
} #Polyhedron
Separator { #Polyhedron
	DEF COORD51 Coordinate3 {
		point [
		 -1.9694 0.4572 -4.6604,
		 -1.9826 0.4572 -4.7095,
		 -1.8599 0.4572 -4.7424,
		 -1.8468 0.4572 -4.6933,
		 -1.9694 0.4318 -4.6604,
		 -1.9826 0.4318 -4.7095,
		 -1.8599 0.4318 -4.7424,
		 -1.8468 0.4318 -4.6933
		]
	} #Coordinate3
	Material {
		ambientColor      0.1951 0.1951 0.1951  #ambientColor
		diffuseColor      0.7804 0.7804 0.7804  #diffuseColor
		transparency      0.0000                #transparency
	} #Material

	IndexedFaceSet {
		coordIndex [ 
		 0, 1, 2, 3,-1,
		 3, 2, 1, 0,-1,
		 0, 3, 7, 4,-1,
		 4, 7, 3, 0,-1,
		 1, 0, 4, 5,-1,
		 5, 4, 0, 1,-1,
		 2, 1, 5, 6,-1,
		 6, 5, 1, 2,-1,
		 3, 2, 6, 7,-1,
		 7, 6, 2, 3,-1,
		 7, 6, 5, 4,-1,
		 4, 5, 6, 7,-1,
		]
	} #IndexedFaceSet
} #Polyhedron
Separator { #Polyhedron
	DEF COORD52 Coordinate3 {
		point [
		 -1.9437 0.9652 -5.0552,
		 -2.0264 0.9381 -5.0330,
		 -2.0927 0.8803 -5.0153,
		 -2.1326 0.8006 -5.0046,
		 -2.1400 0.7112 -5.0026,
		 -2.1138 0.6257 -5.0096,
		 -2.0580 0.5570 -5.0246,
		 -1.9810 0.5157 -5.0452,
		 -1.8947 0.5080 -5.0683,
		 -1.8120 0.5351 -5.0905,
		 -1.7457 0.5929 -5.1082,
		 -1.7058 0.6726 -5.1189,
		 -1.6984 0.7620 -5.1209,
		 -1.7246 0.8475 -5.1139,
		 -1.7804 0.9162 -5.0989,
		 -1.8574 0.9575 -5.0783,
		 -1.9388 0.9652 -5.0368,
		 -2.0214 0.9381 -5.0146,
		 -2.0877 0.8803 -4.9969,
		 -2.1276 0.8006 -4.9862,
		 -2.1351 0.7112 -4.9842,
		 -2.1089 0.6257 -4.9912,
		 -2.0530 0.5570 -5.0062,
		 -1.9761 0.5157 -5.0268,
		 -1.8897 0.5080 -5.0499,
		 -1.8071 0.5351 -5.0721,
		 -1.7408 0.5929 -5.0898,
		 -1.7009 0.6726 -5.1005,
		 -1.6934 0.7620 -5.1025,
		 -1.7196 0.8475 -5.0955,
		 -1.7755 0.9162 -5.0805,
		 -1.8524 0.9575 -5.0599
		]
	} #Coordinate3
	Material {
		ambientColor      0.1951 0.1951 0.1951  #ambientColor
		diffuseColor      0.7804 0.7804 0.7804  #diffuseColor
		transparency      0.0000                #transparency
	} #Material

	IndexedFaceSet {
		coordIndex [ 
		 0, 1, 2, 3, 4, 5, 6, 7, 8, 9, 10, 11, 12, 13, 14, 15,-1,
		 15, 14, 13, 12, 11, 10, 9, 8, 7, 6, 5, 4, 3, 2, 1, 0,-1,
		 0, 15, 31, 16,-1,
		 16, 31, 15, 0,-1,
		 1, 0, 16, 17,-1,
		 17, 16, 0, 1,-1,
		 2, 1, 17, 18,-1,
		 18, 17, 1, 2,-1,
		 3, 2, 18, 19,-1,
		 19, 18, 2, 3,-1,
		 4, 3, 19, 20,-1,
		 20, 19, 3, 4,-1,
		 5, 4, 20, 21,-1,
		 21, 20, 4, 5,-1,
		 6, 5, 21, 22,-1,
		 22, 21, 5, 6,-1,
		 7, 6, 22, 23,-1,
		 23, 22, 6, 7,-1,
		 8, 7, 23, 24,-1,
		 24, 23, 7, 8,-1,
		 9, 8, 24, 25,-1,
		 25, 24, 8, 9,-1,
		 10, 9, 25, 26,-1,
		 26, 25, 9, 10,-1,
		 11, 10, 26, 27,-1,
		 27, 26, 10, 11,-1,
		 12, 11, 27, 28,-1,
		 28, 27, 11, 12,-1,
		 13, 12, 28, 29,-1,
		 29, 28, 12, 13,-1,
		 14, 13, 29, 30,-1,
		 30, 29, 13, 14,-1,
		 15, 14, 30, 31,-1,
		 31, 30, 14, 15,-1,
		 31, 30, 29, 28, 27, 26, 25, 24, 23, 22, 21, 20, 19, 18, 17, 16,-1,
		 16, 17, 18, 19, 20, 21, 22, 23, 24, 25, 26, 27, 28, 29, 30, 31,-1,
		]
	} #IndexedFaceSet
} #Polyhedron
Separator { #Polyhedron
	DEF COORD53 Coordinate3 {
		point [
		 -1.9143 0.9398 -5.0434,
		 -1.9894 0.9243 -5.0232,
		 -2.0530 0.8803 -5.0062,
		 -2.0956 0.8144 -4.9948,
		 -2.1105 0.7366 -4.9908,
		 -2.0956 0.6588 -4.9948,
		 -2.0530 0.5929 -5.0062,
		 -1.9894 0.5489 -5.0232,
		 -1.9143 0.5334 -5.0434,
		 -1.8391 0.5489 -5.0635,
		 -1.7755 0.5929 -5.0805,
		 -1.7329 0.6588 -5.0919,
		 -1.7180 0.7366 -5.0959,
		 -1.7329 0.8144 -5.0919,
		 -1.7755 0.8803 -5.0805,
		 -1.8391 0.9243 -5.0635,
		 -1.9129 0.9357 -5.0385,
		 -1.9865 0.9205 -5.0187,
		 -2.0489 0.8774 -5.0020,
		 -2.0906 0.8128 -4.9909,
		 -2.1053 0.7366 -4.9869,
		 -2.0906 0.6604 -4.9909,
		 -2.0489 0.5958 -5.0020,
		 -1.9865 0.5527 -5.0187,
		 -1.9129 0.5375 -5.0385,
		 -1.8393 0.5527 -5.0582,
		 -1.7770 0.5958 -5.0749,
		 -1.7353 0.6604 -5.0861,
		 -1.7206 0.7366 -5.0900,
		 -1.7353 0.8128 -5.0861,
		 -1.7770 0.8774 -5.0749,
		 -1.8393 0.9205 -5.0582,
		 -1.9116 0.9228 -5.0335,
		 -1.9805 0.9087 -5.0151,
		 -2.0388 0.8683 -4.9995,
		 -2.0778 0.8079 -4.9890,
		 -2.0915 0.7366 -4.9854,
		 -2.0778 0.6653 -4.9890,
		 -2.0388 0.6049 -4.9995,
		 -1.9805 0.5645 -5.0151,
		 -1.9116 0.5504 -5.0335,
		 -1.8428 0.5645 -5.0520,
		 -1.7844 0.6049 -5.0676,
		 -1.7454 0.6653 -5.0781,
		 -1.7317 0.7366 -5.0817,
		 -1.7454 0.8079 -5.0781,
		 -1.7844 0.8683 -5.0676,
		 -1.8428 0.9087 -5.0520,
		 -1.9103 0.8992 -5.0286,
		 -1.9704 0.8868 -5.0125,
		 -2.0213 0.8515 -4.9989,
		 -2.0554 0.7988 -4.9898,
		 -2.0673 0.7366 -4.9866,
		 -2.0554 0.6744 -4.9898,
		 -2.0213 0.6217 -4.9989,
		 -1.9704 0.5864 -5.0125,
		 -1.9103 0.5740 -5.0286,
		 -1.8502 0.5864 -5.0447,
		 -1.7993 0.6217 -5.0584,
		 -1.7652 0.6744 -5.0675,
		 -1.7533 0.7366 -5.0707,
		 -1.7652 0.7988 -5.0675,
		 -1.7993 0.8515 -5.0584,
		 -1.8502 0.8868 -5.0447,
		 -1.9090 0.8585 -5.0237,
		 -1.9541 0.8492 -5.0117,
		 -1.9923 0.8228 -5.0014,
		 -2.0178 0.7833 -4.9946,
		 -2.0268 0.7366 -4.9922,
		 -2.0178 0.6899 -4.9946,
		 -1.9923 0.6504 -5.0014,
		 -1.9541 0.6240 -5.0117,
		 -1.9090 0.6147 -5.0237,
		 -1.8639 0.6240 -5.0358,
		 -1.8257 0.6504 -5.0460,
		 -1.8002 0.6899 -5.0529,
		 -1.7912 0.7366 -5.0553,
		 -1.8002 0.7833 -5.0529,
		 -1.8257 0.8228 -5.0460,
		 -1.8639 0.8492 -5.0358,
		 -1.9077 0.7366 -5.0188
		]
	} #Coordinate3
	Material {
		ambientColor      0.1176 0.1176 0.1176  #ambientColor
		diffuseColor      0.4706 0.4706 0.4706  #diffuseColor
		transparency      0.0000                #transparency
	} #Material

	IndexedFaceSet {
		coordIndex [ 
		 0, 1, 2, 3, 4, 5, 6, 7, 8, 9, 10, 11, 12, 13, 14, 15,-1,
		 15, 14, 13, 12, 11, 10, 9, 8, 7, 6, 5, 4, 3, 2, 1, 0,-1,
		 0, 15, 31, 16,-1,
		 16, 31, 15, 0,-1,
		 1, 0, 16, 17,-1,
		 17, 16, 0, 1,-1,
		 2, 1, 17, 18,-1,
		 18, 17, 1, 2,-1,
		 3, 2, 18, 19,-1,
		 19, 18, 2, 3,-1,
		 4, 3, 19, 20,-1,
		 20, 19, 3, 4,-1,
		 5, 4, 20, 21,-1,
		 21, 20, 4, 5,-1,
		 6, 5, 21, 22,-1,
		 22, 21, 5, 6,-1,
		 7, 6, 22, 23,-1,
		 23, 22, 6, 7,-1,
		 8, 7, 23, 24,-1,
		 24, 23, 7, 8,-1,
		 9, 8, 24, 25,-1,
		 25, 24, 8, 9,-1,
		 10, 9, 25, 26,-1,
		 26, 25, 9, 10,-1,
		 11, 10, 26, 27,-1,
		 27, 26, 10, 11,-1,
		 12, 11, 27, 28,-1,
		 28, 27, 11, 12,-1,
		 13, 12, 28, 29,-1,
		 29, 28, 12, 13,-1,
		 14, 13, 29, 30,-1,
		 30, 29, 13, 14,-1,
		 15, 14, 30, 31,-1,
		 31, 30, 14, 15,-1,
		 16, 31, 47, 32,-1,
		 32, 47, 31, 16,-1,
		 17, 16, 32, 33,-1,
		 33, 32, 16, 17,-1,
		 18, 17, 33, 34,-1,
		 34, 33, 17, 18,-1,
		 19, 18, 34, 35,-1,
		 35, 34, 18, 19,-1,
		 20, 19, 35, 36,-1,
		 36, 35, 19, 20,-1,
		 21, 20, 36, 37,-1,
		 37, 36, 20, 21,-1,
		 22, 21, 37, 38,-1,
		 38, 37, 21, 22,-1,
		 23, 22, 38, 39,-1,
		 39, 38, 22, 23,-1,
		 24, 23, 39, 40,-1,
		 40, 39, 23, 24,-1,
		 25, 24, 40, 41,-1,
		 41, 40, 24, 25,-1,
		 26, 25, 41, 42,-1,
		 42, 41, 25, 26,-1,
		 27, 26, 42, 43,-1,
		 43, 42, 26, 27,-1,
		 28, 27, 43, 44,-1,
		 44, 43, 27, 28,-1,
		 29, 28, 44, 45,-1,
		 45, 44, 28, 29,-1,
		 30, 29, 45, 46,-1,
		 46, 45, 29, 30,-1,
		 31, 30, 46, 47,-1,
		 47, 46, 30, 31,-1,
		 32, 47, 63, 48,-1,
		 48, 63, 47, 32,-1,
		 33, 32, 48, 49,-1,
		 49, 48, 32, 33,-1,
		 34, 33, 49, 50,-1,
		 50, 49, 33, 34,-1,
		 35, 34, 50, 51,-1,
		 51, 50, 34, 35,-1,
		 36, 35, 51, 52,-1,
		 52, 51, 35, 36,-1,
		 37, 36, 52, 53,-1,
		 53, 52, 36, 37,-1,
		 38, 37, 53, 54,-1,
		 54, 53, 37, 38,-1,
		 39, 38, 54, 55,-1,
		 55, 54, 38, 39,-1,
		 40, 39, 55, 56,-1,
		 56, 55, 39, 40,-1,
		 41, 40, 56, 57,-1,
		 57, 56, 40, 41,-1,
		 42, 41, 57, 58,-1,
		 58, 57, 41, 42,-1,
		 43, 42, 58, 59,-1,
		 59, 58, 42, 43,-1,
		 44, 43, 59, 60,-1,
		 60, 59, 43, 44,-1,
		 45, 44, 60, 61,-1,
		 61, 60, 44, 45,-1,
		 46, 45, 61, 62,-1,
		 62, 61, 45, 46,-1,
		 47, 46, 62, 63,-1,
		 63, 62, 46, 47,-1,
		 48, 63, 79, 64,-1,
		 64, 79, 63, 48,-1,
		 49, 48, 64, 65,-1,
		 65, 64, 48, 49,-1,
		 50, 49, 65, 66,-1,
		 66, 65, 49, 50,-1,
		 51, 50, 66, 67,-1,
		 67, 66, 50, 51,-1,
		 52, 51, 67, 68,-1,
		 68, 67, 51, 52,-1,
		 53, 52, 68, 69,-1,
		 69, 68, 52, 53,-1,
		 54, 53, 69, 70,-1,
		 70, 69, 53, 54,-1,
		 55, 54, 70, 71,-1,
		 71, 70, 54, 55,-1,
		 56, 55, 71, 72,-1,
		 72, 71, 55, 56,-1,
		 57, 56, 72, 73,-1,
		 73, 72, 56, 57,-1,
		 58, 57, 73, 74,-1,
		 74, 73, 57, 58,-1,
		 59, 58, 74, 75,-1,
		 75, 74, 58, 59,-1,
		 60, 59, 75, 76,-1,
		 76, 75, 59, 60,-1,
		 61, 60, 76, 77,-1,
		 77, 76, 60, 61,-1,
		 62, 61, 77, 78,-1,
		 78, 77, 61, 62,-1,
		 63, 62, 78, 79,-1,
		 79, 78, 62, 63,-1,
		 64, 79, 80,-1,
		 80, 79, 64,-1,
		 65, 64, 80,-1,
		 80, 64, 65,-1,
		 66, 65, 80,-1,
		 80, 65, 66,-1,
		 67, 66, 80,-1,
		 80, 66, 67,-1,
		 68, 67, 80,-1,
		 80, 67, 68,-1,
		 69, 68, 80,-1,
		 80, 68, 69,-1,
		 70, 69, 80,-1,
		 80, 69, 70,-1,
		 71, 70, 80,-1,
		 80, 70, 71,-1,
		 72, 71, 80,-1,
		 80, 71, 72,-1,
		 73, 72, 80,-1,
		 80, 72, 73,-1,
		 74, 73, 80,-1,
		 80, 73, 74,-1,
		 75, 74, 80,-1,
		 80, 74, 75,-1,
		 76, 75, 80,-1,
		 80, 75, 76,-1,
		 77, 76, 80,-1,
		 80, 76, 77,-1,
		 78, 77, 80,-1,
		 80, 77, 78,-1,
		 79, 78, 80,-1,
		 80, 78, 79,-1,
		]
	} #IndexedFaceSet
} #Polyhedron
Separator { #Polyhedron
	DEF COORD54 Coordinate3 {
		point [
		 -1.8996 0.6858 -5.0867,
		 -1.8947 0.6858 -5.0683,
		 -1.9437 0.6858 -5.0552,
		 -1.9487 0.6858 -5.0736,
		 -1.8996 0.4572 -5.0867,
		 -1.8947 0.4572 -5.0683,
		 -1.9437 0.4572 -5.0552,
		 -1.9487 0.4572 -5.0736
		]
	} #Coordinate3
	Material {
		ambientColor      0.1951 0.1951 0.1951  #ambientColor
		diffuseColor      0.7804 0.7804 0.7804  #diffuseColor
		transparency      0.0000                #transparency
	} #Material

	IndexedFaceSet {
		coordIndex [ 
		 0, 1, 2, 3,-1,
		 3, 2, 1, 0,-1,
		 0, 3, 7, 4,-1,
		 4, 7, 3, 0,-1,
		 1, 0, 4, 5,-1,
		 5, 4, 0, 1,-1,
		 2, 1, 5, 6,-1,
		 6, 5, 1, 2,-1,
		 3, 2, 6, 7,-1,
		 7, 6, 2, 3,-1,
		 7, 6, 5, 4,-1,
		 4, 5, 6, 7,-1,
		]
	} #IndexedFaceSet
} #Polyhedron
Separator { #Polyhedron
	DEF COORD55 Coordinate3 {
		point [
		 1.3460 0.1524 -5.0025,
		 1.4519 0.1524 -4.4022,
		 1.4018 0.1524 -4.3934,
		 1.2960 0.1524 -4.9937,
		 1.3460 0.1016 -5.0025,
		 1.4519 0.1016 -4.4022,
		 1.4018 0.1016 -4.3934,
		 1.2960 0.1016 -4.9937
		]
	} #Coordinate3
	Material {
		ambientColor      0.1951 0.1951 0.1951  #ambientColor
		diffuseColor      0.7804 0.7804 0.7804  #diffuseColor
		transparency      0.0000                #transparency
	} #Material

	IndexedFaceSet {
		coordIndex [ 
		 0, 1, 2, 3,-1,
		 3, 2, 1, 0,-1,
		 0, 3, 7, 4,-1,
		 4, 7, 3, 0,-1,
		 1, 0, 4, 5,-1,
		 5, 4, 0, 1,-1,
		 2, 1, 5, 6,-1,
		 6, 5, 1, 2,-1,
		 3, 2, 6, 7,-1,
		 7, 6, 2, 3,-1,
		 7, 6, 5, 4,-1,
		 4, 5, 6, 7,-1,
		]
	} #IndexedFaceSet
} #Polyhedron
Separator { #Polyhedron
	DEF COORD56 Coordinate3 {
		point [
		 1.3445 0.1524 -4.7185,
		 1.3533 0.1524 -4.6685,
		 1.0782 0.1524 -4.6200,
		 1.0693 0.1524 -4.6700,
		 1.3445 0.1016 -4.7185,
		 1.3533 0.1016 -4.6685,
		 1.0782 0.1016 -4.6200,
		 1.0693 0.1016 -4.6700
		]
	} #Coordinate3
	Material {
		ambientColor      0.1951 0.1951 0.1951  #ambientColor
		diffuseColor      0.7804 0.7804 0.7804  #diffuseColor
		transparency      0.0000                #transparency
	} #Material

	IndexedFaceSet {
		coordIndex [ 
		 0, 1, 2, 3,-1,
		 3, 2, 1, 0,-1,
		 0, 3, 7, 4,-1,
		 4, 7, 3, 0,-1,
		 1, 0, 4, 5,-1,
		 5, 4, 0, 1,-1,
		 2, 1, 5, 6,-1,
		 6, 5, 1, 2,-1,
		 3, 2, 6, 7,-1,
		 7, 6, 2, 3,-1,
		 7, 6, 5, 4,-1,
		 4, 5, 6, 7,-1,
		]
	} #IndexedFaceSet
} #Polyhedron
Separator { #Polyhedron
	DEF COORD57 Coordinate3 {
		point [
		 1.6697 0.1524 -4.7759,
		 1.6785 0.1524 -4.7259,
		 1.4033 0.1524 -4.6773,
		 1.3945 0.1524 -4.7274,
		 1.6697 0.1016 -4.7759,
		 1.6785 0.1016 -4.7259,
		 1.4033 0.1016 -4.6773,
		 1.3945 0.1016 -4.7274
		]
	} #Coordinate3
	Material {
		ambientColor      0.1951 0.1951 0.1951  #ambientColor
		diffuseColor      0.7804 0.7804 0.7804  #diffuseColor
		transparency      0.0000                #transparency
	} #Material

	IndexedFaceSet {
		coordIndex [ 
		 0, 1, 2, 3,-1,
		 3, 2, 1, 0,-1,
		 0, 3, 7, 4,-1,
		 4, 7, 3, 0,-1,
		 1, 0, 4, 5,-1,
		 5, 4, 0, 1,-1,
		 2, 1, 5, 6,-1,
		 6, 5, 1, 2,-1,
		 3, 2, 6, 7,-1,
		 7, 6, 2, 3,-1,
		 7, 6, 5, 4,-1,
		 4, 5, 6, 7,-1,
		]
	} #IndexedFaceSet
} #Polyhedron
Separator { #Polyhedron
	DEF COORD58 Coordinate3 {
		point [
		 1.1015 0.1016 -4.6618,
		 1.1060 0.1016 -4.6598,
		 1.1095 0.1016 -4.6563,
		 1.1113 0.1016 -4.6516,
		 1.1112 0.1016 -4.6467,
		 1.1092 0.1016 -4.6421,
		 1.1056 0.1016 -4.6387,
		 1.1010 0.1016 -4.6369,
		 1.0960 0.1016 -4.6370,
		 1.0915 0.1016 -4.6390,
		 1.0881 0.1016 -4.6426,
		 1.0863 0.1016 -4.6472,
		 1.0864 0.1016 -4.6522,
		 1.0884 0.1016 -4.6567,
		 1.0919 0.1016 -4.6601,
		 1.0966 0.1016 -4.6619,
		 1.1015 0.0508 -4.6618,
		 1.1060 0.0508 -4.6598,
		 1.1095 0.0508 -4.6563,
		 1.1113 0.0508 -4.6516,
		 1.1112 0.0508 -4.6467,
		 1.1092 0.0508 -4.6421,
		 1.1056 0.0508 -4.6387,
		 1.1010 0.0508 -4.6369,
		 1.0960 0.0508 -4.6370,
		 1.0915 0.0508 -4.6390,
		 1.0881 0.0508 -4.6426,
		 1.0863 0.0508 -4.6472,
		 1.0864 0.0508 -4.6522,
		 1.0884 0.0508 -4.6567,
		 1.0919 0.0508 -4.6601,
		 1.0966 0.0508 -4.6619
		]
	} #Coordinate3
	Material {
		ambientColor      0.1951 0.1951 0.1951  #ambientColor
		diffuseColor      0.7804 0.7804 0.7804  #diffuseColor
		transparency      0.0000                #transparency
	} #Material

	IndexedFaceSet {
		coordIndex [ 
		 0, 1, 2, 3, 4, 5, 6, 7, 8, 9, 10, 11, 12, 13, 14, 15,-1,
		 15, 14, 13, 12, 11, 10, 9, 8, 7, 6, 5, 4, 3, 2, 1, 0,-1,
		 0, 15, 31, 16,-1,
		 16, 31, 15, 0,-1,
		 1, 0, 16, 17,-1,
		 17, 16, 0, 1,-1,
		 2, 1, 17, 18,-1,
		 18, 17, 1, 2,-1,
		 3, 2, 18, 19,-1,
		 19, 18, 2, 3,-1,
		 4, 3, 19, 20,-1,
		 20, 19, 3, 4,-1,
		 5, 4, 20, 21,-1,
		 21, 20, 4, 5,-1,
		 6, 5, 21, 22,-1,
		 22, 21, 5, 6,-1,
		 7, 6, 22, 23,-1,
		 23, 22, 6, 7,-1,
		 8, 7, 23, 24,-1,
		 24, 23, 7, 8,-1,
		 9, 8, 24, 25,-1,
		 25, 24, 8, 9,-1,
		 10, 9, 25, 26,-1,
		 26, 25, 9, 10,-1,
		 11, 10, 26, 27,-1,
		 27, 26, 10, 11,-1,
		 12, 11, 27, 28,-1,
		 28, 27, 11, 12,-1,
		 13, 12, 28, 29,-1,
		 29, 28, 12, 13,-1,
		 14, 13, 29, 30,-1,
		 30, 29, 13, 14,-1,
		 15, 14, 30, 31,-1,
		 31, 30, 14, 15,-1,
		 31, 30, 29, 28, 27, 26, 25, 24, 23, 22, 21, 20, 19, 18, 17, 16,-1,
		 16, 17, 18, 19, 20, 21, 22, 23, 24, 25, 26, 27, 28, 29, 30, 31,-1,
		]
	} #IndexedFaceSet
} #Polyhedron
Separator { #Polyhedron
	DEF COORD59 Coordinate3 {
		point [
		 1.3282 0.1016 -4.9855,
		 1.3327 0.1016 -4.9835,
		 1.3361 0.1016 -4.9799,
		 1.3379 0.1016 -4.9753,
		 1.3378 0.1016 -4.9704,
		 1.3358 0.1016 -4.9658,
		 1.3322 0.1016 -4.9624,
		 1.3276 0.1016 -4.9606,
		 1.3227 0.1016 -4.9607,
		 1.3181 0.1016 -4.9627,
		 1.3147 0.1016 -4.9663,
		 1.3129 0.1016 -4.9709,
		 1.3130 0.1016 -4.9758,
		 1.3150 0.1016 -4.9804,
		 1.3186 0.1016 -4.9838,
		 1.3232 0.1016 -4.9856,
		 1.3282 0.0508 -4.9855,
		 1.3327 0.0508 -4.9835,
		 1.3361 0.0508 -4.9799,
		 1.3379 0.0508 -4.9753,
		 1.3378 0.0508 -4.9704,
		 1.3358 0.0508 -4.9658,
		 1.3322 0.0508 -4.9624,
		 1.3276 0.0508 -4.9606,
		 1.3227 0.0508 -4.9607,
		 1.3181 0.0508 -4.9627,
		 1.3147 0.0508 -4.9663,
		 1.3129 0.0508 -4.9709,
		 1.3130 0.0508 -4.9758,
		 1.3150 0.0508 -4.9804,
		 1.3186 0.0508 -4.9838,
		 1.3232 0.0508 -4.9856
		]
	} #Coordinate3
	Material {
		ambientColor      0.1951 0.1951 0.1951  #ambientColor
		diffuseColor      0.7804 0.7804 0.7804  #diffuseColor
		transparency      0.0000                #transparency
	} #Material

	IndexedFaceSet {
		coordIndex [ 
		 0, 1, 2, 3, 4, 5, 6, 7, 8, 9, 10, 11, 12, 13, 14, 15,-1,
		 15, 14, 13, 12, 11, 10, 9, 8, 7, 6, 5, 4, 3, 2, 1, 0,-1,
		 0, 15, 31, 16,-1,
		 16, 31, 15, 0,-1,
		 1, 0, 16, 17,-1,
		 17, 16, 0, 1,-1,
		 2, 1, 17, 18,-1,
		 18, 17, 1, 2,-1,
		 3, 2, 18, 19,-1,
		 19, 18, 2, 3,-1,
		 4, 3, 19, 20,-1,
		 20, 19, 3, 4,-1,
		 5, 4, 20, 21,-1,
		 21, 20, 4, 5,-1,
		 6, 5, 21, 22,-1,
		 22, 21, 5, 6,-1,
		 7, 6, 22, 23,-1,
		 23, 22, 6, 7,-1,
		 8, 7, 23, 24,-1,
		 24, 23, 7, 8,-1,
		 9, 8, 24, 25,-1,
		 25, 24, 8, 9,-1,
		 10, 9, 25, 26,-1,
		 26, 25, 9, 10,-1,
		 11, 10, 26, 27,-1,
		 27, 26, 10, 11,-1,
		 12, 11, 27, 28,-1,
		 28, 27, 11, 12,-1,
		 13, 12, 28, 29,-1,
		 29, 28, 12, 13,-1,
		 14, 13, 29, 30,-1,
		 30, 29, 13, 14,-1,
		 15, 14, 30, 31,-1,
		 31, 30, 14, 15,-1,
		 31, 30, 29, 28, 27, 26, 25, 24, 23, 22, 21, 20, 19, 18, 17, 16,-1,
		 16, 17, 18, 19, 20, 21, 22, 23, 24, 25, 26, 27, 28, 29, 30, 31,-1,
		]
	} #IndexedFaceSet
} #Polyhedron
Separator { #Polyhedron
	DEF COORD60 Coordinate3 {
		point [
		 1.4252 0.1016 -4.4352,
		 1.4297 0.1016 -4.4332,
		 1.4331 0.1016 -4.4296,
		 1.4349 0.1016 -4.4250,
		 1.4348 0.1016 -4.4200,
		 1.4328 0.1016 -4.4155,
		 1.4293 0.1016 -4.4121,
		 1.4246 0.1016 -4.4103,
		 1.4197 0.1016 -4.4104,
		 1.4152 0.1016 -4.4124,
		 1.4117 0.1016 -4.4160,
		 1.4099 0.1016 -4.4206,
		 1.4100 0.1016 -4.4255,
		 1.4120 0.1016 -4.4301,
		 1.4156 0.1016 -4.4335,
		 1.4202 0.1016 -4.4353,
		 1.4252 0.0508 -4.4352,
		 1.4297 0.0508 -4.4332,
		 1.4331 0.0508 -4.4296,
		 1.4349 0.0508 -4.4250,
		 1.4348 0.0508 -4.4200,
		 1.4328 0.0508 -4.4155,
		 1.4293 0.0508 -4.4121,
		 1.4246 0.0508 -4.4103,
		 1.4197 0.0508 -4.4104,
		 1.4152 0.0508 -4.4124,
		 1.4117 0.0508 -4.4160,
		 1.4099 0.0508 -4.4206,
		 1.4100 0.0508 -4.4255,
		 1.4120 0.0508 -4.4301,
		 1.4156 0.0508 -4.4335,
		 1.4202 0.0508 -4.4353
		]
	} #Coordinate3
	Material {
		ambientColor      0.1951 0.1951 0.1951  #ambientColor
		diffuseColor      0.7804 0.7804 0.7804  #diffuseColor
		transparency      0.0000                #transparency
	} #Material

	IndexedFaceSet {
		coordIndex [ 
		 0, 1, 2, 3, 4, 5, 6, 7, 8, 9, 10, 11, 12, 13, 14, 15,-1,
		 15, 14, 13, 12, 11, 10, 9, 8, 7, 6, 5, 4, 3, 2, 1, 0,-1,
		 0, 15, 31, 16,-1,
		 16, 31, 15, 0,-1,
		 1, 0, 16, 17,-1,
		 17, 16, 0, 1,-1,
		 2, 1, 17, 18,-1,
		 18, 17, 1, 2,-1,
		 3, 2, 18, 19,-1,
		 19, 18, 2, 3,-1,
		 4, 3, 19, 20,-1,
		 20, 19, 3, 4,-1,
		 5, 4, 20, 21,-1,
		 21, 20, 4, 5,-1,
		 6, 5, 21, 22,-1,
		 22, 21, 5, 6,-1,
		 7, 6, 22, 23,-1,
		 23, 22, 6, 7,-1,
		 8, 7, 23, 24,-1,
		 24, 23, 7, 8,-1,
		 9, 8, 24, 25,-1,
		 25, 24, 8, 9,-1,
		 10, 9, 25, 26,-1,
		 26, 25, 9, 10,-1,
		 11, 10, 26, 27,-1,
		 27, 26, 10, 11,-1,
		 12, 11, 27, 28,-1,
		 28, 27, 11, 12,-1,
		 13, 12, 28, 29,-1,
		 29, 28, 12, 13,-1,
		 14, 13, 29, 30,-1,
		 30, 29, 13, 14,-1,
		 15, 14, 30, 31,-1,
		 31, 30, 14, 15,-1,
		 31, 30, 29, 28, 27, 26, 25, 24, 23, 22, 21, 20, 19, 18, 17, 16,-1,
		 16, 17, 18, 19, 20, 21, 22, 23, 24, 25, 26, 27, 28, 29, 30, 31,-1,
		]
	} #IndexedFaceSet
} #Polyhedron
Separator { #Polyhedron
	DEF COORD61 Coordinate3 {
		point [
		 1.6518 0.1016 -4.7589,
		 1.6564 0.1016 -4.7569,
		 1.6598 0.1016 -4.7533,
		 1.6616 0.1016 -4.7487,
		 1.6615 0.1016 -4.7437,
		 1.6595 0.1016 -4.7392,
		 1.6559 0.1016 -4.7358,
		 1.6513 0.1016 -4.7340,
		 1.6463 0.1016 -4.7341,
		 1.6418 0.1016 -4.7361,
		 1.6384 0.1016 -4.7396,
		 1.6366 0.1016 -4.7443,
		 1.6367 0.1016 -4.7492,
		 1.6387 0.1016 -4.7537,
		 1.6422 0.1016 -4.7572,
		 1.6469 0.1016 -4.7590,
		 1.6518 0.0508 -4.7589,
		 1.6564 0.0508 -4.7569,
		 1.6598 0.0508 -4.7533,
		 1.6616 0.0508 -4.7487,
		 1.6615 0.0508 -4.7437,
		 1.6595 0.0508 -4.7392,
		 1.6559 0.0508 -4.7358,
		 1.6513 0.0508 -4.7340,
		 1.6463 0.0508 -4.7341,
		 1.6418 0.0508 -4.7361,
		 1.6384 0.0508 -4.7396,
		 1.6366 0.0508 -4.7443,
		 1.6367 0.0508 -4.7492,
		 1.6387 0.0508 -4.7537,
		 1.6422 0.0508 -4.7572,
		 1.6469 0.0508 -4.7590
		]
	} #Coordinate3
	Material {
		ambientColor      0.1951 0.1951 0.1951  #ambientColor
		diffuseColor      0.7804 0.7804 0.7804  #diffuseColor
		transparency      0.0000                #transparency
	} #Material

	IndexedFaceSet {
		coordIndex [ 
		 0, 1, 2, 3, 4, 5, 6, 7, 8, 9, 10, 11, 12, 13, 14, 15,-1,
		 15, 14, 13, 12, 11, 10, 9, 8, 7, 6, 5, 4, 3, 2, 1, 0,-1,
		 0, 15, 31, 16,-1,
		 16, 31, 15, 0,-1,
		 1, 0, 16, 17,-1,
		 17, 16, 0, 1,-1,
		 2, 1, 17, 18,-1,
		 18, 17, 1, 2,-1,
		 3, 2, 18, 19,-1,
		 19, 18, 2, 3,-1,
		 4, 3, 19, 20,-1,
		 20, 19, 3, 4,-1,
		 5, 4, 20, 21,-1,
		 21, 20, 4, 5,-1,
		 6, 5, 21, 22,-1,
		 22, 21, 5, 6,-1,
		 7, 6, 22, 23,-1,
		 23, 22, 6, 7,-1,
		 8, 7, 23, 24,-1,
		 24, 23, 7, 8,-1,
		 9, 8, 24, 25,-1,
		 25, 24, 8, 9,-1,
		 10, 9, 25, 26,-1,
		 26, 25, 9, 10,-1,
		 11, 10, 26, 27,-1,
		 27, 26, 10, 11,-1,
		 12, 11, 27, 28,-1,
		 28, 27, 11, 12,-1,
		 13, 12, 28, 29,-1,
		 29, 28, 12, 13,-1,
		 14, 13, 29, 30,-1,
		 30, 29, 13, 14,-1,
		 15, 14, 30, 31,-1,
		 31, 30, 14, 15,-1,
		 31, 30, 29, 28, 27, 26, 25, 24, 23, 22, 21, 20, 19, 18, 17, 16,-1,
		 16, 17, 18, 19, 20, 21, 22, 23, 24, 25, 26, 27, 28, 29, 30, 31,-1,
		]
	} #IndexedFaceSet
} #Polyhedron
Separator { #Polyhedron
	DEF COORD62 Coordinate3 {
		point [
		 1.4224 0.0508 -4.4228,
		 1.4257 0.0457 -4.4377,
		 1.4312 0.0457 -4.4353,
		 1.4353 0.0457 -4.4310,
		 1.4374 0.0457 -4.4254,
		 1.4373 0.0457 -4.4195,
		 1.4349 0.0457 -4.4141,
		 1.4306 0.0457 -4.4099,
		 1.4251 0.0457 -4.4078,
		 1.4191 0.0457 -4.4079,
		 1.4137 0.0457 -4.4103,
		 1.4096 0.0457 -4.4146,
		 1.4074 0.0457 -4.4201,
		 1.4076 0.0457 -4.4261,
		 1.4100 0.0457 -4.4315,
		 1.4142 0.0457 -4.4356,
		 1.4198 0.0457 -4.4378,
		 1.4268 0.0406 -4.4426,
		 1.4341 0.0406 -4.4394,
		 1.4396 0.0406 -4.4337,
		 1.4424 0.0406 -4.4263,
		 1.4423 0.0406 -4.4184,
		 1.4391 0.0406 -4.4111,
		 1.4334 0.0406 -4.4057,
		 1.4260 0.0406 -4.4028,
		 1.4180 0.0406 -4.4030,
		 1.4108 0.0406 -4.4061,
		 1.4053 0.0406 -4.4119,
		 1.4024 0.0406 -4.4193,
		 1.4026 0.0406 -4.4272,
		 1.4058 0.0406 -4.4344,
		 1.4115 0.0406 -4.4399,
		 1.4189 0.0406 -4.4428,
		 1.4275 0.0356 -4.4455,
		 1.4358 0.0356 -4.4419,
		 1.4421 0.0356 -4.4353,
		 1.4454 0.0356 -4.4268,
		 1.4452 0.0356 -4.4178,
		 1.4415 0.0356 -4.4094,
		 1.4349 0.0356 -4.4032,
		 1.4265 0.0356 -4.3999,
		 1.4174 0.0356 -4.4001,
		 1.4091 0.0356 -4.4037,
		 1.4028 0.0356 -4.4103,
		 1.3995 0.0356 -4.4187,
		 1.3997 0.0356 -4.4278,
		 1.4034 0.0356 -4.4361,
		 1.4099 0.0356 -4.4424,
		 1.4184 0.0356 -4.4457,
		 1.4278 0.0305 -4.4471,
		 1.4367 0.0305 -4.4432,
		 1.4434 0.0305 -4.4362,
		 1.4469 0.0305 -4.4271,
		 1.4467 0.0305 -4.4174,
		 1.4428 0.0305 -4.4085,
		 1.4358 0.0305 -4.4018,
		 1.4268 0.0305 -4.3983,
		 1.4170 0.0305 -4.3985,
		 1.4082 0.0305 -4.4024,
		 1.4014 0.0305 -4.4094,
		 1.3979 0.0305 -4.4185,
		 1.3981 0.0305 -4.4282,
		 1.4021 0.0305 -4.4371,
		 1.4091 0.0305 -4.4438,
		 1.4181 0.0305 -4.4473,
		 1.4279 0.0254 -4.4476,
		 1.4370 0.0254 -4.4436,
		 1.4439 0.0254 -4.4364,
		 1.4474 0.0254 -4.4272,
		 1.4472 0.0254 -4.4173,
		 1.4432 0.0254 -4.4082,
		 1.4361 0.0254 -4.4014,
		 1.4268 0.0254 -4.3978,
		 1.4169 0.0254 -4.3980,
		 1.4079 0.0254 -4.4020,
		 1.4010 0.0254 -4.4091,
		 1.3974 0.0254 -4.4184,
		 1.3976 0.0254 -4.4283,
		 1.4016 0.0254 -4.4374,
		 1.4088 0.0254 -4.4442,
		 1.4180 0.0254 -4.4478,
		 1.4278 0.0203 -4.4471,
		 1.4367 0.0203 -4.4432,
		 1.4434 0.0203 -4.4362,
		 1.4469 0.0203 -4.4271,
		 1.4467 0.0203 -4.4174,
		 1.4428 0.0203 -4.4085,
		 1.4358 0.0203 -4.4018,
		 1.4268 0.0203 -4.3983,
		 1.4170 0.0203 -4.3985,
		 1.4082 0.0203 -4.4024,
		 1.4014 0.0203 -4.4094,
		 1.3979 0.0203 -4.4185,
		 1.3981 0.0203 -4.4282,
		 1.4021 0.0203 -4.4371,
		 1.4091 0.0203 -4.4438,
		 1.4181 0.0203 -4.4473,
		 1.4275 0.0152 -4.4455,
		 1.4358 0.0152 -4.4419,
		 1.4421 0.0152 -4.4353,
		 1.4454 0.0152 -4.4268,
		 1.4452 0.0152 -4.4178,
		 1.4415 0.0152 -4.4094,
		 1.4349 0.0152 -4.4032,
		 1.4265 0.0152 -4.3999,
		 1.4174 0.0152 -4.4001,
		 1.4091 0.0152 -4.4037,
		 1.4028 0.0152 -4.4103,
		 1.3995 0.0152 -4.4187,
		 1.3997 0.0152 -4.4278,
		 1.4034 0.0152 -4.4361,
		 1.4099 0.0152 -4.4424,
		 1.4184 0.0152 -4.4457,
		 1.4268 0.0102 -4.4426,
		 1.4341 0.0102 -4.4394,
		 1.4396 0.0102 -4.4337,
		 1.4424 0.0102 -4.4263,
		 1.4423 0.0102 -4.4184,
		 1.4391 0.0102 -4.4111,
		 1.4334 0.0102 -4.4057,
		 1.4260 0.0102 -4.4028,
		 1.4180 0.0102 -4.4030,
		 1.4108 0.0102 -4.4061,
		 1.4053 0.0102 -4.4119,
		 1.4024 0.0102 -4.4193,
		 1.4026 0.0102 -4.4272,
		 1.4058 0.0102 -4.4344,
		 1.4115 0.0102 -4.4399,
		 1.4189 0.0102 -4.4428,
		 1.4257 0.0051 -4.4377,
		 1.4312 0.0051 -4.4353,
		 1.4353 0.0051 -4.4310,
		 1.4374 0.0051 -4.4254,
		 1.4373 0.0051 -4.4195,
		 1.4349 0.0051 -4.4141,
		 1.4306 0.0051 -4.4099,
		 1.4251 0.0051 -4.4078,
		 1.4191 0.0051 -4.4079,
		 1.4137 0.0051 -4.4103,
		 1.4096 0.0051 -4.4146,
		 1.4074 0.0051 -4.4201,
		 1.4076 0.0051 -4.4261,
		 1.4100 0.0051 -4.4315,
		 1.4142 0.0051 -4.4356,
		 1.4198 0.0051 -4.4378,
		 1.4224 0.0000 -4.4228
		]
	} #Coordinate3
	Material {
		ambientColor      0.1176 0.1176 0.1176  #ambientColor
		diffuseColor      0.4706 0.4706 0.4706  #diffuseColor
		transparency      0.0000                #transparency
	} #Material

	IndexedFaceSet {
		coordIndex [ 
		 0, 16, 1,-1,
		 1, 16, 0,-1,
		 0, 1, 2,-1,
		 2, 1, 0,-1,
		 0, 2, 3,-1,
		 3, 2, 0,-1,
		 0, 3, 4,-1,
		 4, 3, 0,-1,
		 0, 4, 5,-1,
		 5, 4, 0,-1,
		 0, 5, 6,-1,
		 6, 5, 0,-1,
		 0, 6, 7,-1,
		 7, 6, 0,-1,
		 0, 7, 8,-1,
		 8, 7, 0,-1,
		 0, 8, 9,-1,
		 9, 8, 0,-1,
		 0, 9, 10,-1,
		 10, 9, 0,-1,
		 0, 10, 11,-1,
		 11, 10, 0,-1,
		 0, 11, 12,-1,
		 12, 11, 0,-1,
		 0, 12, 13,-1,
		 13, 12, 0,-1,
		 0, 13, 14,-1,
		 14, 13, 0,-1,
		 0, 14, 15,-1,
		 15, 14, 0,-1,
		 0, 15, 16,-1,
		 16, 15, 0,-1,
		 1, 16, 32, 17,-1,
		 17, 32, 16, 1,-1,
		 2, 1, 17, 18,-1,
		 18, 17, 1, 2,-1,
		 3, 2, 18, 19,-1,
		 19, 18, 2, 3,-1,
		 4, 3, 19, 20,-1,
		 20, 19, 3, 4,-1,
		 5, 4, 20, 21,-1,
		 21, 20, 4, 5,-1,
		 6, 5, 21, 22,-1,
		 22, 21, 5, 6,-1,
		 7, 6, 22, 23,-1,
		 23, 22, 6, 7,-1,
		 8, 7, 23, 24,-1,
		 24, 23, 7, 8,-1,
		 9, 8, 24, 25,-1,
		 25, 24, 8, 9,-1,
		 10, 9, 25, 26,-1,
		 26, 25, 9, 10,-1,
		 11, 10, 26, 27,-1,
		 27, 26, 10, 11,-1,
		 12, 11, 27, 28,-1,
		 28, 27, 11, 12,-1,
		 13, 12, 28, 29,-1,
		 29, 28, 12, 13,-1,
		 14, 13, 29, 30,-1,
		 30, 29, 13, 14,-1,
		 15, 14, 30, 31,-1,
		 31, 30, 14, 15,-1,
		 16, 15, 31, 32,-1,
		 32, 31, 15, 16,-1,
		 17, 32, 48, 33,-1,
		 33, 48, 32, 17,-1,
		 18, 17, 33, 34,-1,
		 34, 33, 17, 18,-1,
		 19, 18, 34, 35,-1,
		 35, 34, 18, 19,-1,
		 20, 19, 35, 36,-1,
		 36, 35, 19, 20,-1,
		 21, 20, 36, 37,-1,
		 37, 36, 20, 21,-1,
		 22, 21, 37, 38,-1,
		 38, 37, 21, 22,-1,
		 23, 22, 38, 39,-1,
		 39, 38, 22, 23,-1,
		 24, 23, 39, 40,-1,
		 40, 39, 23, 24,-1,
		 25, 24, 40, 41,-1,
		 41, 40, 24, 25,-1,
		 26, 25, 41, 42,-1,
		 42, 41, 25, 26,-1,
		 27, 26, 42, 43,-1,
		 43, 42, 26, 27,-1,
		 28, 27, 43, 44,-1,
		 44, 43, 27, 28,-1,
		 29, 28, 44, 45,-1,
		 45, 44, 28, 29,-1,
		 30, 29, 45, 46,-1,
		 46, 45, 29, 30,-1,
		 31, 30, 46, 47,-1,
		 47, 46, 30, 31,-1,
		 32, 31, 47, 48,-1,
		 48, 47, 31, 32,-1,
		 33, 48, 64, 49,-1,
		 49, 64, 48, 33,-1,
		 34, 33, 49, 50,-1,
		 50, 49, 33, 34,-1,
		 35, 34, 50, 51,-1,
		 51, 50, 34, 35,-1,
		 36, 35, 51, 52,-1,
		 52, 51, 35, 36,-1,
		 37, 36, 52, 53,-1,
		 53, 52, 36, 37,-1,
		 38, 37, 53, 54,-1,
		 54, 53, 37, 38,-1,
		 39, 38, 54, 55,-1,
		 55, 54, 38, 39,-1,
		 40, 39, 55, 56,-1,
		 56, 55, 39, 40,-1,
		 41, 40, 56, 57,-1,
		 57, 56, 40, 41,-1,
		 42, 41, 57, 58,-1,
		 58, 57, 41, 42,-1,
		 43, 42, 58, 59,-1,
		 59, 58, 42, 43,-1,
		 44, 43, 59, 60,-1,
		 60, 59, 43, 44,-1,
		 45, 44, 60, 61,-1,
		 61, 60, 44, 45,-1,
		 46, 45, 61, 62,-1,
		 62, 61, 45, 46,-1,
		 47, 46, 62, 63,-1,
		 63, 62, 46, 47,-1,
		 48, 47, 63, 64,-1,
		 64, 63, 47, 48,-1,
		 49, 64, 80, 65,-1,
		 65, 80, 64, 49,-1,
		 50, 49, 65, 66,-1,
		 66, 65, 49, 50,-1,
		 51, 50, 66, 67,-1,
		 67, 66, 50, 51,-1,
		 52, 51, 67, 68,-1,
		 68, 67, 51, 52,-1,
		 53, 52, 68, 69,-1,
		 69, 68, 52, 53,-1,
		 54, 53, 69, 70,-1,
		 70, 69, 53, 54,-1,
		 55, 54, 70, 71,-1,
		 71, 70, 54, 55,-1,
		 56, 55, 71, 72,-1,
		 72, 71, 55, 56,-1,
		 57, 56, 72, 73,-1,
		 73, 72, 56, 57,-1,
		 58, 57, 73, 74,-1,
		 74, 73, 57, 58,-1,
		 59, 58, 74, 75,-1,
		 75, 74, 58, 59,-1,
		 60, 59, 75, 76,-1,
		 76, 75, 59, 60,-1,
		 61, 60, 76, 77,-1,
		 77, 76, 60, 61,-1,
		 62, 61, 77, 78,-1,
		 78, 77, 61, 62,-1,
		 63, 62, 78, 79,-1,
		 79, 78, 62, 63,-1,
		 64, 63, 79, 80,-1,
		 80, 79, 63, 64,-1,
		 65, 80, 96, 81,-1,
		 81, 96, 80, 65,-1,
		 66, 65, 81, 82,-1,
		 82, 81, 65, 66,-1,
		 67, 66, 82, 83,-1,
		 83, 82, 66, 67,-1,
		 68, 67, 83, 84,-1,
		 84, 83, 67, 68,-1,
		 69, 68, 84, 85,-1,
		 85, 84, 68, 69,-1,
		 70, 69, 85, 86,-1,
		 86, 85, 69, 70,-1,
		 71, 70, 86, 87,-1,
		 87, 86, 70, 71,-1,
		 72, 71, 87, 88,-1,
		 88, 87, 71, 72,-1,
		 73, 72, 88, 89,-1,
		 89, 88, 72, 73,-1,
		 74, 73, 89, 90,-1,
		 90, 89, 73, 74,-1,
		 75, 74, 90, 91,-1,
		 91, 90, 74, 75,-1,
		 76, 75, 91, 92,-1,
		 92, 91, 75, 76,-1,
		 77, 76, 92, 93,-1,
		 93, 92, 76, 77,-1,
		 78, 77, 93, 94,-1,
		 94, 93, 77, 78,-1,
		 79, 78, 94, 95,-1,
		 95, 94, 78, 79,-1,
		 80, 79, 95, 96,-1,
		 96, 95, 79, 80,-1,
		 81, 96, 112, 97,-1,
		 97, 112, 96, 81,-1,
		 82, 81, 97, 98,-1,
		 98, 97, 81, 82,-1,
		 83, 82, 98, 99,-1,
		 99, 98, 82, 83,-1,
		 84, 83, 99, 100,-1,
		 100, 99, 83, 84,-1,
		 85, 84, 100, 101,-1,
		 101, 100, 84, 85,-1,
		 86, 85, 101, 102,-1,
		 102, 101, 85, 86,-1,
		 87, 86, 102, 103,-1,
		 103, 102, 86, 87,-1,
		 88, 87, 103, 104,-1,
		 104, 103, 87, 88,-1,
		 89, 88, 104, 105,-1,
		 105, 104, 88, 89,-1,
		 90, 89, 105, 106,-1,
		 106, 105, 89, 90,-1,
		 91, 90, 106, 107,-1,
		 107, 106, 90, 91,-1,
		 92, 91, 107, 108,-1,
		 108, 107, 91, 92,-1,
		 93, 92, 108, 109,-1,
		 109, 108, 92, 93,-1,
		 94, 93, 109, 110,-1,
		 110, 109, 93, 94,-1,
		 95, 94, 110, 111,-1,
		 111, 110, 94, 95,-1,
		 96, 95, 111, 112,-1,
		 112, 111, 95, 96,-1,
		 97, 112, 128, 113,-1,
		 113, 128, 112, 97,-1,
		 98, 97, 113, 114,-1,
		 114, 113, 97, 98,-1,
		 99, 98, 114, 115,-1,
		 115, 114, 98, 99,-1,
		 100, 99, 115, 116,-1,
		 116, 115, 99, 100,-1,
		 101, 100, 116, 117,-1,
		 117, 116, 100, 101,-1,
		 102, 101, 117, 118,-1,
		 118, 117, 101, 102,-1,
		 103, 102, 118, 119,-1,
		 119, 118, 102, 103,-1,
		 104, 103, 119, 120,-1,
		 120, 119, 103, 104,-1,
		 105, 104, 120, 121,-1,
		 121, 120, 104, 105,-1,
		 106, 105, 121, 122,-1,
		 122, 121, 105, 106,-1,
		 107, 106, 122, 123,-1,
		 123, 122, 106, 107,-1,
		 108, 107, 123, 124,-1,
		 124, 123, 107, 108,-1,
		 109, 108, 124, 125,-1,
		 125, 124, 108, 109,-1,
		 110, 109, 125, 126,-1,
		 126, 125, 109, 110,-1,
		 111, 110, 126, 127,-1,
		 127, 126, 110, 111,-1,
		 112, 111, 127, 128,-1,
		 128, 127, 111, 112,-1,
		 113, 128, 144, 129,-1,
		 129, 144, 128, 113,-1,
		 114, 113, 129, 130,-1,
		 130, 129, 113, 114,-1,
		 115, 114, 130, 131,-1,
		 131, 130, 114, 115,-1,
		 116, 115, 131, 132,-1,
		 132, 131, 115, 116,-1,
		 117, 116, 132, 133,-1,
		 133, 132, 116, 117,-1,
		 118, 117, 133, 134,-1,
		 134, 133, 117, 118,-1,
		 119, 118, 134, 135,-1,
		 135, 134, 118, 119,-1,
		 120, 119, 135, 136,-1,
		 136, 135, 119, 120,-1,
		 121, 120, 136, 137,-1,
		 137, 136, 120, 121,-1,
		 122, 121, 137, 138,-1,
		 138, 137, 121, 122,-1,
		 123, 122, 138, 139,-1,
		 139, 138, 122, 123,-1,
		 124, 123, 139, 140,-1,
		 140, 139, 123, 124,-1,
		 125, 124, 140, 141,-1,
		 141, 140, 124, 125,-1,
		 126, 125, 141, 142,-1,
		 142, 141, 125, 126,-1,
		 127, 126, 142, 143,-1,
		 143, 142, 126, 127,-1,
		 128, 127, 143, 144,-1,
		 144, 143, 127, 128,-1,
		 129, 144, 145,-1,
		 145, 144, 129,-1,
		 130, 129, 145,-1,
		 145, 129, 130,-1,
		 131, 130, 145,-1,
		 145, 130, 131,-1,
		 132, 131, 145,-1,
		 145, 131, 132,-1,
		 133, 132, 145,-1,
		 145, 132, 133,-1,
		 134, 133, 145,-1,
		 145, 133, 134,-1,
		 135, 134, 145,-1,
		 145, 134, 135,-1,
		 136, 135, 145,-1,
		 145, 135, 136,-1,
		 137, 136, 145,-1,
		 145, 136, 137,-1,
		 138, 137, 145,-1,
		 145, 137, 138,-1,
		 139, 138, 145,-1,
		 145, 138, 139,-1,
		 140, 139, 145,-1,
		 145, 139, 140,-1,
		 141, 140, 145,-1,
		 145, 140, 141,-1,
		 142, 141, 145,-1,
		 145, 141, 142,-1,
		 143, 142, 145,-1,
		 145, 142, 143,-1,
		 144, 143, 145,-1,
		 145, 143, 144,-1,
		]
	} #IndexedFaceSet
} #Polyhedron
Separator { #Polyhedron
	DEF COORD63 Coordinate3 {
		point [
		 1.6491 0.0508 -4.7465,
		 1.6524 0.0457 -4.7613,
		 1.6578 0.0457 -4.7589,
		 1.6619 0.0457 -4.7547,
		 1.6641 0.0457 -4.7491,
		 1.6640 0.0457 -4.7432,
		 1.6616 0.0457 -4.7377,
		 1.6573 0.0457 -4.7336,
		 1.6517 0.0457 -4.7315,
		 1.6458 0.0457 -4.7316,
		 1.6403 0.0457 -4.7340,
		 1.6362 0.0457 -4.7383,
		 1.6341 0.0457 -4.7438,
		 1.6342 0.0457 -4.7498,
		 1.6366 0.0457 -4.7552,
		 1.6409 0.0457 -4.7593,
		 1.6464 0.0457 -4.7615,
		 1.6535 0.0406 -4.7663,
		 1.6607 0.0406 -4.7631,
		 1.6662 0.0406 -4.7574,
		 1.6691 0.0406 -4.7500,
		 1.6689 0.0406 -4.7421,
		 1.6657 0.0406 -4.7348,
		 1.6600 0.0406 -4.7293,
		 1.6526 0.0406 -4.7265,
		 1.6447 0.0406 -4.7266,
		 1.6374 0.0406 -4.7298,
		 1.6319 0.0406 -4.7355,
		 1.6291 0.0406 -4.7429,
		 1.6292 0.0406 -4.7509,
		 1.6324 0.0406 -4.7581,
		 1.6382 0.0406 -4.7636,
		 1.6455 0.0406 -4.7665,
		 1.6541 0.0356 -4.7692,
		 1.6624 0.0356 -4.7655,
		 1.6687 0.0356 -4.7590,
		 1.6720 0.0356 -4.7505,
		 1.6718 0.0356 -4.7414,
		 1.6681 0.0356 -4.7331,
		 1.6616 0.0356 -4.7268,
		 1.6531 0.0356 -4.7235,
		 1.6440 0.0356 -4.7237,
		 1.6357 0.0356 -4.7274,
		 1.6294 0.0356 -4.7340,
		 1.6261 0.0356 -4.7424,
		 1.6263 0.0356 -4.7515,
		 1.6300 0.0356 -4.7598,
		 1.6366 0.0356 -4.7661,
		 1.6450 0.0356 -4.7694,
		 1.6545 0.0305 -4.7708,
		 1.6633 0.0305 -4.7668,
		 1.6701 0.0305 -4.7598,
		 1.6736 0.0305 -4.7508,
		 1.6734 0.0305 -4.7411,
		 1.6695 0.0305 -4.7322,
		 1.6624 0.0305 -4.7255,
		 1.6534 0.0305 -4.7220,
		 1.6437 0.0305 -4.7222,
		 1.6348 0.0305 -4.7261,
		 1.6281 0.0305 -4.7331,
		 1.6246 0.0305 -4.7421,
		 1.6248 0.0305 -4.7518,
		 1.6287 0.0305 -4.7607,
		 1.6357 0.0305 -4.7675,
		 1.6448 0.0305 -4.7710,
		 1.6546 0.0254 -4.7713,
		 1.6636 0.0254 -4.7673,
		 1.6705 0.0254 -4.7601,
		 1.6741 0.0254 -4.7509,
		 1.6739 0.0254 -4.7410,
		 1.6699 0.0254 -4.7319,
		 1.6627 0.0254 -4.7250,
		 1.6535 0.0254 -4.7214,
		 1.6436 0.0254 -4.7217,
		 1.6345 0.0254 -4.7257,
		 1.6277 0.0254 -4.7328,
		 1.6241 0.0254 -4.7421,
		 1.6243 0.0254 -4.7520,
		 1.6283 0.0254 -4.7610,
		 1.6354 0.0254 -4.7679,
		 1.6447 0.0254 -4.7715,
		 1.6545 0.0203 -4.7708,
		 1.6633 0.0203 -4.7668,
		 1.6701 0.0203 -4.7598,
		 1.6736 0.0203 -4.7508,
		 1.6734 0.0203 -4.7411,
		 1.6695 0.0203 -4.7322,
		 1.6624 0.0203 -4.7255,
		 1.6534 0.0203 -4.7220,
		 1.6437 0.0203 -4.7222,
		 1.6348 0.0203 -4.7261,
		 1.6281 0.0203 -4.7331,
		 1.6246 0.0203 -4.7421,
		 1.6248 0.0203 -4.7518,
		 1.6287 0.0203 -4.7607,
		 1.6357 0.0203 -4.7675,
		 1.6448 0.0203 -4.7710,
		 1.6541 0.0152 -4.7692,
		 1.6624 0.0152 -4.7655,
		 1.6687 0.0152 -4.7590,
		 1.6720 0.0152 -4.7505,
		 1.6718 0.0152 -4.7414,
		 1.6681 0.0152 -4.7331,
		 1.6616 0.0152 -4.7268,
		 1.6531 0.0152 -4.7235,
		 1.6440 0.0152 -4.7237,
		 1.6357 0.0152 -4.7274,
		 1.6294 0.0152 -4.7340,
		 1.6261 0.0152 -4.7424,
		 1.6263 0.0152 -4.7515,
		 1.6300 0.0152 -4.7598,
		 1.6366 0.0152 -4.7661,
		 1.6450 0.0152 -4.7694,
		 1.6535 0.0102 -4.7663,
		 1.6607 0.0102 -4.7631,
		 1.6662 0.0102 -4.7574,
		 1.6691 0.0102 -4.7500,
		 1.6689 0.0102 -4.7421,
		 1.6657 0.0102 -4.7348,
		 1.6600 0.0102 -4.7293,
		 1.6526 0.0102 -4.7265,
		 1.6447 0.0102 -4.7266,
		 1.6374 0.0102 -4.7298,
		 1.6319 0.0102 -4.7355,
		 1.6291 0.0102 -4.7429,
		 1.6292 0.0102 -4.7509,
		 1.6324 0.0102 -4.7581,
		 1.6382 0.0102 -4.7636,
		 1.6455 0.0102 -4.7665,
		 1.6524 0.0051 -4.7613,
		 1.6578 0.0051 -4.7589,
		 1.6619 0.0051 -4.7547,
		 1.6641 0.0051 -4.7491,
		 1.6640 0.0051 -4.7432,
		 1.6616 0.0051 -4.7377,
		 1.6573 0.0051 -4.7336,
		 1.6517 0.0051 -4.7315,
		 1.6458 0.0051 -4.7316,
		 1.6403 0.0051 -4.7340,
		 1.6362 0.0051 -4.7383,
		 1.6341 0.0051 -4.7438,
		 1.6342 0.0051 -4.7498,
		 1.6366 0.0051 -4.7552,
		 1.6409 0.0051 -4.7593,
		 1.6464 0.0051 -4.7615,
		 1.6491 0.0000 -4.7465
		]
	} #Coordinate3
	Material {
		ambientColor      0.1176 0.1176 0.1176  #ambientColor
		diffuseColor      0.4706 0.4706 0.4706  #diffuseColor
		transparency      0.0000                #transparency
	} #Material

	IndexedFaceSet {
		coordIndex [ 
		 0, 16, 1,-1,
		 1, 16, 0,-1,
		 0, 1, 2,-1,
		 2, 1, 0,-1,
		 0, 2, 3,-1,
		 3, 2, 0,-1,
		 0, 3, 4,-1,
		 4, 3, 0,-1,
		 0, 4, 5,-1,
		 5, 4, 0,-1,
		 0, 5, 6,-1,
		 6, 5, 0,-1,
		 0, 6, 7,-1,
		 7, 6, 0,-1,
		 0, 7, 8,-1,
		 8, 7, 0,-1,
		 0, 8, 9,-1,
		 9, 8, 0,-1,
		 0, 9, 10,-1,
		 10, 9, 0,-1,
		 0, 10, 11,-1,
		 11, 10, 0,-1,
		 0, 11, 12,-1,
		 12, 11, 0,-1,
		 0, 12, 13,-1,
		 13, 12, 0,-1,
		 0, 13, 14,-1,
		 14, 13, 0,-1,
		 0, 14, 15,-1,
		 15, 14, 0,-1,
		 0, 15, 16,-1,
		 16, 15, 0,-1,
		 1, 16, 32, 17,-1,
		 17, 32, 16, 1,-1,
		 2, 1, 17, 18,-1,
		 18, 17, 1, 2,-1,
		 3, 2, 18, 19,-1,
		 19, 18, 2, 3,-1,
		 4, 3, 19, 20,-1,
		 20, 19, 3, 4,-1,
		 5, 4, 20, 21,-1,
		 21, 20, 4, 5,-1,
		 6, 5, 21, 22,-1,
		 22, 21, 5, 6,-1,
		 7, 6, 22, 23,-1,
		 23, 22, 6, 7,-1,
		 8, 7, 23, 24,-1,
		 24, 23, 7, 8,-1,
		 9, 8, 24, 25,-1,
		 25, 24, 8, 9,-1,
		 10, 9, 25, 26,-1,
		 26, 25, 9, 10,-1,
		 11, 10, 26, 27,-1,
		 27, 26, 10, 11,-1,
		 12, 11, 27, 28,-1,
		 28, 27, 11, 12,-1,
		 13, 12, 28, 29,-1,
		 29, 28, 12, 13,-1,
		 14, 13, 29, 30,-1,
		 30, 29, 13, 14,-1,
		 15, 14, 30, 31,-1,
		 31, 30, 14, 15,-1,
		 16, 15, 31, 32,-1,
		 32, 31, 15, 16,-1,
		 17, 32, 48, 33,-1,
		 33, 48, 32, 17,-1,
		 18, 17, 33, 34,-1,
		 34, 33, 17, 18,-1,
		 19, 18, 34, 35,-1,
		 35, 34, 18, 19,-1,
		 20, 19, 35, 36,-1,
		 36, 35, 19, 20,-1,
		 21, 20, 36, 37,-1,
		 37, 36, 20, 21,-1,
		 22, 21, 37, 38,-1,
		 38, 37, 21, 22,-1,
		 23, 22, 38, 39,-1,
		 39, 38, 22, 23,-1,
		 24, 23, 39, 40,-1,
		 40, 39, 23, 24,-1,
		 25, 24, 40, 41,-1,
		 41, 40, 24, 25,-1,
		 26, 25, 41, 42,-1,
		 42, 41, 25, 26,-1,
		 27, 26, 42, 43,-1,
		 43, 42, 26, 27,-1,
		 28, 27, 43, 44,-1,
		 44, 43, 27, 28,-1,
		 29, 28, 44, 45,-1,
		 45, 44, 28, 29,-1,
		 30, 29, 45, 46,-1,
		 46, 45, 29, 30,-1,
		 31, 30, 46, 47,-1,
		 47, 46, 30, 31,-1,
		 32, 31, 47, 48,-1,
		 48, 47, 31, 32,-1,
		 33, 48, 64, 49,-1,
		 49, 64, 48, 33,-1,
		 34, 33, 49, 50,-1,
		 50, 49, 33, 34,-1,
		 35, 34, 50, 51,-1,
		 51, 50, 34, 35,-1,
		 36, 35, 51, 52,-1,
		 52, 51, 35, 36,-1,
		 37, 36, 52, 53,-1,
		 53, 52, 36, 37,-1,
		 38, 37, 53, 54,-1,
		 54, 53, 37, 38,-1,
		 39, 38, 54, 55,-1,
		 55, 54, 38, 39,-1,
		 40, 39, 55, 56,-1,
		 56, 55, 39, 40,-1,
		 41, 40, 56, 57,-1,
		 57, 56, 40, 41,-1,
		 42, 41, 57, 58,-1,
		 58, 57, 41, 42,-1,
		 43, 42, 58, 59,-1,
		 59, 58, 42, 43,-1,
		 44, 43, 59, 60,-1,
		 60, 59, 43, 44,-1,
		 45, 44, 60, 61,-1,
		 61, 60, 44, 45,-1,
		 46, 45, 61, 62,-1,
		 62, 61, 45, 46,-1,
		 47, 46, 62, 63,-1,
		 63, 62, 46, 47,-1,
		 48, 47, 63, 64,-1,
		 64, 63, 47, 48,-1,
		 49, 64, 80, 65,-1,
		 65, 80, 64, 49,-1,
		 50, 49, 65, 66,-1,
		 66, 65, 49, 50,-1,
		 51, 50, 66, 67,-1,
		 67, 66, 50, 51,-1,
		 52, 51, 67, 68,-1,
		 68, 67, 51, 52,-1,
		 53, 52, 68, 69,-1,
		 69, 68, 52, 53,-1,
		 54, 53, 69, 70,-1,
		 70, 69, 53, 54,-1,
		 55, 54, 70, 71,-1,
		 71, 70, 54, 55,-1,
		 56, 55, 71, 72,-1,
		 72, 71, 55, 56,-1,
		 57, 56, 72, 73,-1,
		 73, 72, 56, 57,-1,
		 58, 57, 73, 74,-1,
		 74, 73, 57, 58,-1,
		 59, 58, 74, 75,-1,
		 75, 74, 58, 59,-1,
		 60, 59, 75, 76,-1,
		 76, 75, 59, 60,-1,
		 61, 60, 76, 77,-1,
		 77, 76, 60, 61,-1,
		 62, 61, 77, 78,-1,
		 78, 77, 61, 62,-1,
		 63, 62, 78, 79,-1,
		 79, 78, 62, 63,-1,
		 64, 63, 79, 80,-1,
		 80, 79, 63, 64,-1,
		 65, 80, 96, 81,-1,
		 81, 96, 80, 65,-1,
		 66, 65, 81, 82,-1,
		 82, 81, 65, 66,-1,
		 67, 66, 82, 83,-1,
		 83, 82, 66, 67,-1,
		 68, 67, 83, 84,-1,
		 84, 83, 67, 68,-1,
		 69, 68, 84, 85,-1,
		 85, 84, 68, 69,-1,
		 70, 69, 85, 86,-1,
		 86, 85, 69, 70,-1,
		 71, 70, 86, 87,-1,
		 87, 86, 70, 71,-1,
		 72, 71, 87, 88,-1,
		 88, 87, 71, 72,-1,
		 73, 72, 88, 89,-1,
		 89, 88, 72, 73,-1,
		 74, 73, 89, 90,-1,
		 90, 89, 73, 74,-1,
		 75, 74, 90, 91,-1,
		 91, 90, 74, 75,-1,
		 76, 75, 91, 92,-1,
		 92, 91, 75, 76,-1,
		 77, 76, 92, 93,-1,
		 93, 92, 76, 77,-1,
		 78, 77, 93, 94,-1,
		 94, 93, 77, 78,-1,
		 79, 78, 94, 95,-1,
		 95, 94, 78, 79,-1,
		 80, 79, 95, 96,-1,
		 96, 95, 79, 80,-1,
		 81, 96, 112, 97,-1,
		 97, 112, 96, 81,-1,
		 82, 81, 97, 98,-1,
		 98, 97, 81, 82,-1,
		 83, 82, 98, 99,-1,
		 99, 98, 82, 83,-1,
		 84, 83, 99, 100,-1,
		 100, 99, 83, 84,-1,
		 85, 84, 100, 101,-1,
		 101, 100, 84, 85,-1,
		 86, 85, 101, 102,-1,
		 102, 101, 85, 86,-1,
		 87, 86, 102, 103,-1,
		 103, 102, 86, 87,-1,
		 88, 87, 103, 104,-1,
		 104, 103, 87, 88,-1,
		 89, 88, 104, 105,-1,
		 105, 104, 88, 89,-1,
		 90, 89, 105, 106,-1,
		 106, 105, 89, 90,-1,
		 91, 90, 106, 107,-1,
		 107, 106, 90, 91,-1,
		 92, 91, 107, 108,-1,
		 108, 107, 91, 92,-1,
		 93, 92, 108, 109,-1,
		 109, 108, 92, 93,-1,
		 94, 93, 109, 110,-1,
		 110, 109, 93, 94,-1,
		 95, 94, 110, 111,-1,
		 111, 110, 94, 95,-1,
		 96, 95, 111, 112,-1,
		 112, 111, 95, 96,-1,
		 97, 112, 128, 113,-1,
		 113, 128, 112, 97,-1,
		 98, 97, 113, 114,-1,
		 114, 113, 97, 98,-1,
		 99, 98, 114, 115,-1,
		 115, 114, 98, 99,-1,
		 100, 99, 115, 116,-1,
		 116, 115, 99, 100,-1,
		 101, 100, 116, 117,-1,
		 117, 116, 100, 101,-1,
		 102, 101, 117, 118,-1,
		 118, 117, 101, 102,-1,
		 103, 102, 118, 119,-1,
		 119, 118, 102, 103,-1,
		 104, 103, 119, 120,-1,
		 120, 119, 103, 104,-1,
		 105, 104, 120, 121,-1,
		 121, 120, 104, 105,-1,
		 106, 105, 121, 122,-1,
		 122, 121, 105, 106,-1,
		 107, 106, 122, 123,-1,
		 123, 122, 106, 107,-1,
		 108, 107, 123, 124,-1,
		 124, 123, 107, 108,-1,
		 109, 108, 124, 125,-1,
		 125, 124, 108, 109,-1,
		 110, 109, 125, 126,-1,
		 126, 125, 109, 110,-1,
		 111, 110, 126, 127,-1,
		 127, 126, 110, 111,-1,
		 112, 111, 127, 128,-1,
		 128, 127, 111, 112,-1,
		 113, 128, 144, 129,-1,
		 129, 144, 128, 113,-1,
		 114, 113, 129, 130,-1,
		 130, 129, 113, 114,-1,
		 115, 114, 130, 131,-1,
		 131, 130, 114, 115,-1,
		 116, 115, 131, 132,-1,
		 132, 131, 115, 116,-1,
		 117, 116, 132, 133,-1,
		 133, 132, 116, 117,-1,
		 118, 117, 133, 134,-1,
		 134, 133, 117, 118,-1,
		 119, 118, 134, 135,-1,
		 135, 134, 118, 119,-1,
		 120, 119, 135, 136,-1,
		 136, 135, 119, 120,-1,
		 121, 120, 136, 137,-1,
		 137, 136, 120, 121,-1,
		 122, 121, 137, 138,-1,
		 138, 137, 121, 122,-1,
		 123, 122, 138, 139,-1,
		 139, 138, 122, 123,-1,
		 124, 123, 139, 140,-1,
		 140, 139, 123, 124,-1,
		 125, 124, 140, 141,-1,
		 141, 140, 124, 125,-1,
		 126, 125, 141, 142,-1,
		 142, 141, 125, 126,-1,
		 127, 126, 142, 143,-1,
		 143, 142, 126, 127,-1,
		 128, 127, 143, 144,-1,
		 144, 143, 127, 128,-1,
		 129, 144, 145,-1,
		 145, 144, 129,-1,
		 130, 129, 145,-1,
		 145, 129, 130,-1,
		 131, 130, 145,-1,
		 145, 130, 131,-1,
		 132, 131, 145,-1,
		 145, 131, 132,-1,
		 133, 132, 145,-1,
		 145, 132, 133,-1,
		 134, 133, 145,-1,
		 145, 133, 134,-1,
		 135, 134, 145,-1,
		 145, 134, 135,-1,
		 136, 135, 145,-1,
		 145, 135, 136,-1,
		 137, 136, 145,-1,
		 145, 136, 137,-1,
		 138, 137, 145,-1,
		 145, 137, 138,-1,
		 139, 138, 145,-1,
		 145, 138, 139,-1,
		 140, 139, 145,-1,
		 145, 139, 140,-1,
		 141, 140, 145,-1,
		 145, 140, 141,-1,
		 142, 141, 145,-1,
		 145, 141, 142,-1,
		 143, 142, 145,-1,
		 145, 142, 143,-1,
		 144, 143, 145,-1,
		 145, 143, 144,-1,
		]
	} #IndexedFaceSet
} #Polyhedron
Separator { #Polyhedron
	DEF COORD64 Coordinate3 {
		point [
		 1.3254 0.0508 -4.9731,
		 1.3287 0.0457 -4.9880,
		 1.3341 0.0457 -4.9856,
		 1.3383 0.0457 -4.9813,
		 1.3404 0.0457 -4.9757,
		 1.3403 0.0457 -4.9698,
		 1.3379 0.0457 -4.9644,
		 1.3336 0.0457 -4.9602,
		 1.3280 0.0457 -4.9581,
		 1.3221 0.0457 -4.9582,
		 1.3167 0.0457 -4.9606,
		 1.3125 0.0457 -4.9649,
		 1.3104 0.0457 -4.9705,
		 1.3105 0.0457 -4.9764,
		 1.3129 0.0457 -4.9818,
		 1.3172 0.0457 -4.9860,
		 1.3228 0.0457 -4.9881,
		 1.3298 0.0406 -4.9929,
		 1.3371 0.0406 -4.9897,
		 1.3425 0.0406 -4.9840,
		 1.3454 0.0406 -4.9766,
		 1.3452 0.0406 -4.9687,
		 1.3420 0.0406 -4.9614,
		 1.3363 0.0406 -4.9560,
		 1.3289 0.0406 -4.9531,
		 1.3210 0.0406 -4.9533,
		 1.3137 0.0406 -4.9565,
		 1.3083 0.0406 -4.9622,
		 1.3054 0.0406 -4.9696,
		 1.3056 0.0406 -4.9775,
		 1.3088 0.0406 -4.9848,
		 1.3145 0.0406 -4.9902,
		 1.3219 0.0406 -4.9931,
		 1.3304 0.0356 -4.9958,
		 1.3388 0.0356 -4.9922,
		 1.3450 0.0356 -4.9856,
		 1.3483 0.0356 -4.9771,
		 1.3481 0.0356 -4.9681,
		 1.3445 0.0356 -4.9597,
		 1.3379 0.0356 -4.9535,
		 1.3294 0.0356 -4.9502,
		 1.3204 0.0356 -4.9504,
		 1.3121 0.0356 -4.9540,
		 1.3058 0.0356 -4.9606,
		 1.3025 0.0356 -4.9691,
		 1.3027 0.0356 -4.9781,
		 1.3063 0.0356 -4.9865,
		 1.3129 0.0356 -4.9927,
		 1.3214 0.0356 -4.9960,
		 1.3308 0.0305 -4.9974,
		 1.3397 0.0305 -4.9935,
		 1.3464 0.0305 -4.9865,
		 1.3499 0.0305 -4.9774,
		 1.3497 0.0305 -4.9677,
		 1.3458 0.0305 -4.9588,
		 1.3388 0.0305 -4.9521,
		 1.3297 0.0305 -4.9486,
		 1.3200 0.0305 -4.9488,
		 1.3111 0.0305 -4.9527,
		 1.3044 0.0305 -4.9597,
		 1.3009 0.0305 -4.9688,
		 1.3011 0.0305 -4.9785,
		 1.3050 0.0305 -4.9874,
		 1.3120 0.0305 -4.9941,
		 1.3211 0.0305 -4.9976,
		 1.3309 0.0254 -4.9979,
		 1.3400 0.0254 -4.9939,
		 1.3468 0.0254 -4.9867,
		 1.3504 0.0254 -4.9775,
		 1.3502 0.0254 -4.9676,
		 1.3462 0.0254 -4.9585,
		 1.3390 0.0254 -4.9517,
		 1.3298 0.0254 -4.9481,
		 1.3199 0.0254 -4.9483,
		 1.3108 0.0254 -4.9523,
		 1.3040 0.0254 -4.9595,
		 1.3004 0.0254 -4.9687,
		 1.3006 0.0254 -4.9786,
		 1.3046 0.0254 -4.9877,
		 1.3118 0.0254 -4.9945,
		 1.3210 0.0254 -4.9981,
		 1.3308 0.0203 -4.9974,
		 1.3397 0.0203 -4.9935,
		 1.3464 0.0203 -4.9865,
		 1.3499 0.0203 -4.9774,
		 1.3497 0.0203 -4.9677,
		 1.3458 0.0203 -4.9588,
		 1.3388 0.0203 -4.9521,
		 1.3297 0.0203 -4.9486,
		 1.3200 0.0203 -4.9488,
		 1.3111 0.0203 -4.9527,
		 1.3044 0.0203 -4.9597,
		 1.3009 0.0203 -4.9688,
		 1.3011 0.0203 -4.9785,
		 1.3050 0.0203 -4.9874,
		 1.3120 0.0203 -4.9941,
		 1.3211 0.0203 -4.9976,
		 1.3304 0.0152 -4.9958,
		 1.3388 0.0152 -4.9922,
		 1.3450 0.0152 -4.9856,
		 1.3483 0.0152 -4.9771,
		 1.3481 0.0152 -4.9681,
		 1.3445 0.0152 -4.9597,
		 1.3379 0.0152 -4.9535,
		 1.3294 0.0152 -4.9502,
		 1.3204 0.0152 -4.9504,
		 1.3121 0.0152 -4.9540,
		 1.3058 0.0152 -4.9606,
		 1.3025 0.0152 -4.9691,
		 1.3027 0.0152 -4.9781,
		 1.3063 0.0152 -4.9865,
		 1.3129 0.0152 -4.9927,
		 1.3214 0.0152 -4.9960,
		 1.3298 0.0102 -4.9929,
		 1.3371 0.0102 -4.9897,
		 1.3425 0.0102 -4.9840,
		 1.3454 0.0102 -4.9766,
		 1.3452 0.0102 -4.9687,
		 1.3420 0.0102 -4.9614,
		 1.3363 0.0102 -4.9560,
		 1.3289 0.0102 -4.9531,
		 1.3210 0.0102 -4.9533,
		 1.3137 0.0102 -4.9565,
		 1.3083 0.0102 -4.9622,
		 1.3054 0.0102 -4.9696,
		 1.3056 0.0102 -4.9775,
		 1.3088 0.0102 -4.9848,
		 1.3145 0.0102 -4.9902,
		 1.3219 0.0102 -4.9931,
		 1.3287 0.0051 -4.9880,
		 1.3341 0.0051 -4.9856,
		 1.3383 0.0051 -4.9813,
		 1.3404 0.0051 -4.9757,
		 1.3403 0.0051 -4.9698,
		 1.3379 0.0051 -4.9644,
		 1.3336 0.0051 -4.9602,
		 1.3280 0.0051 -4.9581,
		 1.3221 0.0051 -4.9582,
		 1.3167 0.0051 -4.9606,
		 1.3125 0.0051 -4.9649,
		 1.3104 0.0051 -4.9705,
		 1.3105 0.0051 -4.9764,
		 1.3129 0.0051 -4.9818,
		 1.3172 0.0051 -4.9860,
		 1.3228 0.0051 -4.9881,
		 1.3254 0.0000 -4.9731
		]
	} #Coordinate3
	Material {
		ambientColor      0.1176 0.1176 0.1176  #ambientColor
		diffuseColor      0.4706 0.4706 0.4706  #diffuseColor
		transparency      0.0000                #transparency
	} #Material

	IndexedFaceSet {
		coordIndex [ 
		 0, 16, 1,-1,
		 1, 16, 0,-1,
		 0, 1, 2,-1,
		 2, 1, 0,-1,
		 0, 2, 3,-1,
		 3, 2, 0,-1,
		 0, 3, 4,-1,
		 4, 3, 0,-1,
		 0, 4, 5,-1,
		 5, 4, 0,-1,
		 0, 5, 6,-1,
		 6, 5, 0,-1,
		 0, 6, 7,-1,
		 7, 6, 0,-1,
		 0, 7, 8,-1,
		 8, 7, 0,-1,
		 0, 8, 9,-1,
		 9, 8, 0,-1,
		 0, 9, 10,-1,
		 10, 9, 0,-1,
		 0, 10, 11,-1,
		 11, 10, 0,-1,
		 0, 11, 12,-1,
		 12, 11, 0,-1,
		 0, 12, 13,-1,
		 13, 12, 0,-1,
		 0, 13, 14,-1,
		 14, 13, 0,-1,
		 0, 14, 15,-1,
		 15, 14, 0,-1,
		 0, 15, 16,-1,
		 16, 15, 0,-1,
		 1, 16, 32, 17,-1,
		 17, 32, 16, 1,-1,
		 2, 1, 17, 18,-1,
		 18, 17, 1, 2,-1,
		 3, 2, 18, 19,-1,
		 19, 18, 2, 3,-1,
		 4, 3, 19, 20,-1,
		 20, 19, 3, 4,-1,
		 5, 4, 20, 21,-1,
		 21, 20, 4, 5,-1,
		 6, 5, 21, 22,-1,
		 22, 21, 5, 6,-1,
		 7, 6, 22, 23,-1,
		 23, 22, 6, 7,-1,
		 8, 7, 23, 24,-1,
		 24, 23, 7, 8,-1,
		 9, 8, 24, 25,-1,
		 25, 24, 8, 9,-1,
		 10, 9, 25, 26,-1,
		 26, 25, 9, 10,-1,
		 11, 10, 26, 27,-1,
		 27, 26, 10, 11,-1,
		 12, 11, 27, 28,-1,
		 28, 27, 11, 12,-1,
		 13, 12, 28, 29,-1,
		 29, 28, 12, 13,-1,
		 14, 13, 29, 30,-1,
		 30, 29, 13, 14,-1,
		 15, 14, 30, 31,-1,
		 31, 30, 14, 15,-1,
		 16, 15, 31, 32,-1,
		 32, 31, 15, 16,-1,
		 17, 32, 48, 33,-1,
		 33, 48, 32, 17,-1,
		 18, 17, 33, 34,-1,
		 34, 33, 17, 18,-1,
		 19, 18, 34, 35,-1,
		 35, 34, 18, 19,-1,
		 20, 19, 35, 36,-1,
		 36, 35, 19, 20,-1,
		 21, 20, 36, 37,-1,
		 37, 36, 20, 21,-1,
		 22, 21, 37, 38,-1,
		 38, 37, 21, 22,-1,
		 23, 22, 38, 39,-1,
		 39, 38, 22, 23,-1,
		 24, 23, 39, 40,-1,
		 40, 39, 23, 24,-1,
		 25, 24, 40, 41,-1,
		 41, 40, 24, 25,-1,
		 26, 25, 41, 42,-1,
		 42, 41, 25, 26,-1,
		 27, 26, 42, 43,-1,
		 43, 42, 26, 27,-1,
		 28, 27, 43, 44,-1,
		 44, 43, 27, 28,-1,
		 29, 28, 44, 45,-1,
		 45, 44, 28, 29,-1,
		 30, 29, 45, 46,-1,
		 46, 45, 29, 30,-1,
		 31, 30, 46, 47,-1,
		 47, 46, 30, 31,-1,
		 32, 31, 47, 48,-1,
		 48, 47, 31, 32,-1,
		 33, 48, 64, 49,-1,
		 49, 64, 48, 33,-1,
		 34, 33, 49, 50,-1,
		 50, 49, 33, 34,-1,
		 35, 34, 50, 51,-1,
		 51, 50, 34, 35,-1,
		 36, 35, 51, 52,-1,
		 52, 51, 35, 36,-1,
		 37, 36, 52, 53,-1,
		 53, 52, 36, 37,-1,
		 38, 37, 53, 54,-1,
		 54, 53, 37, 38,-1,
		 39, 38, 54, 55,-1,
		 55, 54, 38, 39,-1,
		 40, 39, 55, 56,-1,
		 56, 55, 39, 40,-1,
		 41, 40, 56, 57,-1,
		 57, 56, 40, 41,-1,
		 42, 41, 57, 58,-1,
		 58, 57, 41, 42,-1,
		 43, 42, 58, 59,-1,
		 59, 58, 42, 43,-1,
		 44, 43, 59, 60,-1,
		 60, 59, 43, 44,-1,
		 45, 44, 60, 61,-1,
		 61, 60, 44, 45,-1,
		 46, 45, 61, 62,-1,
		 62, 61, 45, 46,-1,
		 47, 46, 62, 63,-1,
		 63, 62, 46, 47,-1,
		 48, 47, 63, 64,-1,
		 64, 63, 47, 48,-1,
		 49, 64, 80, 65,-1,
		 65, 80, 64, 49,-1,
		 50, 49, 65, 66,-1,
		 66, 65, 49, 50,-1,
		 51, 50, 66, 67,-1,
		 67, 66, 50, 51,-1,
		 52, 51, 67, 68,-1,
		 68, 67, 51, 52,-1,
		 53, 52, 68, 69,-1,
		 69, 68, 52, 53,-1,
		 54, 53, 69, 70,-1,
		 70, 69, 53, 54,-1,
		 55, 54, 70, 71,-1,
		 71, 70, 54, 55,-1,
		 56, 55, 71, 72,-1,
		 72, 71, 55, 56,-1,
		 57, 56, 72, 73,-1,
		 73, 72, 56, 57,-1,
		 58, 57, 73, 74,-1,
		 74, 73, 57, 58,-1,
		 59, 58, 74, 75,-1,
		 75, 74, 58, 59,-1,
		 60, 59, 75, 76,-1,
		 76, 75, 59, 60,-1,
		 61, 60, 76, 77,-1,
		 77, 76, 60, 61,-1,
		 62, 61, 77, 78,-1,
		 78, 77, 61, 62,-1,
		 63, 62, 78, 79,-1,
		 79, 78, 62, 63,-1,
		 64, 63, 79, 80,-1,
		 80, 79, 63, 64,-1,
		 65, 80, 96, 81,-1,
		 81, 96, 80, 65,-1,
		 66, 65, 81, 82,-1,
		 82, 81, 65, 66,-1,
		 67, 66, 82, 83,-1,
		 83, 82, 66, 67,-1,
		 68, 67, 83, 84,-1,
		 84, 83, 67, 68,-1,
		 69, 68, 84, 85,-1,
		 85, 84, 68, 69,-1,
		 70, 69, 85, 86,-1,
		 86, 85, 69, 70,-1,
		 71, 70, 86, 87,-1,
		 87, 86, 70, 71,-1,
		 72, 71, 87, 88,-1,
		 88, 87, 71, 72,-1,
		 73, 72, 88, 89,-1,
		 89, 88, 72, 73,-1,
		 74, 73, 89, 90,-1,
		 90, 89, 73, 74,-1,
		 75, 74, 90, 91,-1,
		 91, 90, 74, 75,-1,
		 76, 75, 91, 92,-1,
		 92, 91, 75, 76,-1,
		 77, 76, 92, 93,-1,
		 93, 92, 76, 77,-1,
		 78, 77, 93, 94,-1,
		 94, 93, 77, 78,-1,
		 79, 78, 94, 95,-1,
		 95, 94, 78, 79,-1,
		 80, 79, 95, 96,-1,
		 96, 95, 79, 80,-1,
		 81, 96, 112, 97,-1,
		 97, 112, 96, 81,-1,
		 82, 81, 97, 98,-1,
		 98, 97, 81, 82,-1,
		 83, 82, 98, 99,-1,
		 99, 98, 82, 83,-1,
		 84, 83, 99, 100,-1,
		 100, 99, 83, 84,-1,
		 85, 84, 100, 101,-1,
		 101, 100, 84, 85,-1,
		 86, 85, 101, 102,-1,
		 102, 101, 85, 86,-1,
		 87, 86, 102, 103,-1,
		 103, 102, 86, 87,-1,
		 88, 87, 103, 104,-1,
		 104, 103, 87, 88,-1,
		 89, 88, 104, 105,-1,
		 105, 104, 88, 89,-1,
		 90, 89, 105, 106,-1,
		 106, 105, 89, 90,-1,
		 91, 90, 106, 107,-1,
		 107, 106, 90, 91,-1,
		 92, 91, 107, 108,-1,
		 108, 107, 91, 92,-1,
		 93, 92, 108, 109,-1,
		 109, 108, 92, 93,-1,
		 94, 93, 109, 110,-1,
		 110, 109, 93, 94,-1,
		 95, 94, 110, 111,-1,
		 111, 110, 94, 95,-1,
		 96, 95, 111, 112,-1,
		 112, 111, 95, 96,-1,
		 97, 112, 128, 113,-1,
		 113, 128, 112, 97,-1,
		 98, 97, 113, 114,-1,
		 114, 113, 97, 98,-1,
		 99, 98, 114, 115,-1,
		 115, 114, 98, 99,-1,
		 100, 99, 115, 116,-1,
		 116, 115, 99, 100,-1,
		 101, 100, 116, 117,-1,
		 117, 116, 100, 101,-1,
		 102, 101, 117, 118,-1,
		 118, 117, 101, 102,-1,
		 103, 102, 118, 119,-1,
		 119, 118, 102, 103,-1,
		 104, 103, 119, 120,-1,
		 120, 119, 103, 104,-1,
		 105, 104, 120, 121,-1,
		 121, 120, 104, 105,-1,
		 106, 105, 121, 122,-1,
		 122, 121, 105, 106,-1,
		 107, 106, 122, 123,-1,
		 123, 122, 106, 107,-1,
		 108, 107, 123, 124,-1,
		 124, 123, 107, 108,-1,
		 109, 108, 124, 125,-1,
		 125, 124, 108, 109,-1,
		 110, 109, 125, 126,-1,
		 126, 125, 109, 110,-1,
		 111, 110, 126, 127,-1,
		 127, 126, 110, 111,-1,
		 112, 111, 127, 128,-1,
		 128, 127, 111, 112,-1,
		 113, 128, 144, 129,-1,
		 129, 144, 128, 113,-1,
		 114, 113, 129, 130,-1,
		 130, 129, 113, 114,-1,
		 115, 114, 130, 131,-1,
		 131, 130, 114, 115,-1,
		 116, 115, 131, 132,-1,
		 132, 131, 115, 116,-1,
		 117, 116, 132, 133,-1,
		 133, 132, 116, 117,-1,
		 118, 117, 133, 134,-1,
		 134, 133, 117, 118,-1,
		 119, 118, 134, 135,-1,
		 135, 134, 118, 119,-1,
		 120, 119, 135, 136,-1,
		 136, 135, 119, 120,-1,
		 121, 120, 136, 137,-1,
		 137, 136, 120, 121,-1,
		 122, 121, 137, 138,-1,
		 138, 137, 121, 122,-1,
		 123, 122, 138, 139,-1,
		 139, 138, 122, 123,-1,
		 124, 123, 139, 140,-1,
		 140, 139, 123, 124,-1,
		 125, 124, 140, 141,-1,
		 141, 140, 124, 125,-1,
		 126, 125, 141, 142,-1,
		 142, 141, 125, 126,-1,
		 127, 126, 142, 143,-1,
		 143, 142, 126, 127,-1,
		 128, 127, 143, 144,-1,
		 144, 143, 127, 128,-1,
		 129, 144, 145,-1,
		 145, 144, 129,-1,
		 130, 129, 145,-1,
		 145, 129, 130,-1,
		 131, 130, 145,-1,
		 145, 130, 131,-1,
		 132, 131, 145,-1,
		 145, 131, 132,-1,
		 133, 132, 145,-1,
		 145, 132, 133,-1,
		 134, 133, 145,-1,
		 145, 133, 134,-1,
		 135, 134, 145,-1,
		 145, 134, 135,-1,
		 136, 135, 145,-1,
		 145, 135, 136,-1,
		 137, 136, 145,-1,
		 145, 136, 137,-1,
		 138, 137, 145,-1,
		 145, 137, 138,-1,
		 139, 138, 145,-1,
		 145, 138, 139,-1,
		 140, 139, 145,-1,
		 145, 139, 140,-1,
		 141, 140, 145,-1,
		 145, 140, 141,-1,
		 142, 141, 145,-1,
		 145, 141, 142,-1,
		 143, 142, 145,-1,
		 145, 142, 143,-1,
		 144, 143, 145,-1,
		 145, 143, 144,-1,
		]
	} #IndexedFaceSet
} #Polyhedron
Separator { #Polyhedron
	DEF COORD65 Coordinate3 {
		point [
		 1.0988 0.0508 -4.6494,
		 1.1021 0.0457 -4.6643,
		 1.1075 0.0457 -4.6619,
		 1.1116 0.0457 -4.6576,
		 1.1138 0.0457 -4.6521,
		 1.1136 0.0457 -4.6461,
		 1.1112 0.0457 -4.6407,
		 1.1070 0.0457 -4.6366,
		 1.1014 0.0457 -4.6344,
		 1.0955 0.0457 -4.6346,
		 1.0900 0.0457 -4.6369,
		 1.0859 0.0457 -4.6412,
		 1.0838 0.0457 -4.6468,
		 1.0839 0.0457 -4.6527,
		 1.0863 0.0457 -4.6582,
		 1.0906 0.0457 -4.6623,
		 1.0961 0.0457 -4.6644,
		 1.1032 0.0406 -4.6693,
		 1.1104 0.0406 -4.6661,
		 1.1159 0.0406 -4.6603,
		 1.1188 0.0406 -4.6530,
		 1.1186 0.0406 -4.6450,
		 1.1154 0.0406 -4.6378,
		 1.1097 0.0406 -4.6323,
		 1.1023 0.0406 -4.6294,
		 1.0944 0.0406 -4.6296,
		 1.0871 0.0406 -4.6328,
		 1.0816 0.0406 -4.6385,
		 1.0788 0.0406 -4.6459,
		 1.0789 0.0406 -4.6538,
		 1.0821 0.0406 -4.6611,
		 1.0878 0.0406 -4.6666,
		 1.0952 0.0406 -4.6694,
		 1.1038 0.0356 -4.6722,
		 1.1121 0.0356 -4.6685,
		 1.1184 0.0356 -4.6619,
		 1.1217 0.0356 -4.6535,
		 1.1215 0.0356 -4.6444,
		 1.1178 0.0356 -4.6361,
		 1.1113 0.0356 -4.6298,
		 1.1028 0.0356 -4.6265,
		 1.0937 0.0356 -4.6267,
		 1.0854 0.0356 -4.6304,
		 1.0791 0.0356 -4.6369,
		 1.0758 0.0356 -4.6454,
		 1.0760 0.0356 -4.6545,
		 1.0797 0.0356 -4.6628,
		 1.0863 0.0356 -4.6691,
		 1.0947 0.0356 -4.6724,
		 1.1042 0.0305 -4.6737,
		 1.1130 0.0305 -4.6698,
		 1.1198 0.0305 -4.6628,
		 1.1233 0.0305 -4.6538,
		 1.1231 0.0305 -4.6440,
		 1.1191 0.0305 -4.6352,
		 1.1121 0.0305 -4.6284,
		 1.1031 0.0305 -4.6249,
		 1.0934 0.0305 -4.6251,
		 1.0845 0.0305 -4.6290,
		 1.0778 0.0305 -4.6361,
		 1.0743 0.0305 -4.6451,
		 1.0745 0.0305 -4.6548,
		 1.0784 0.0305 -4.6637,
		 1.0854 0.0305 -4.6704,
		 1.0944 0.0305 -4.6739,
		 1.1043 0.0254 -4.6742,
		 1.1133 0.0254 -4.6702,
		 1.1202 0.0254 -4.6631,
		 1.1238 0.0254 -4.6538,
		 1.1236 0.0254 -4.6439,
		 1.1196 0.0254 -4.6349,
		 1.1124 0.0254 -4.6280,
		 1.1032 0.0254 -4.6244,
		 1.0933 0.0254 -4.6246,
		 1.0842 0.0254 -4.6286,
		 1.0773 0.0254 -4.6358,
		 1.0738 0.0254 -4.6450,
		 1.0740 0.0254 -4.6549,
		 1.0780 0.0254 -4.6640,
		 1.0851 0.0254 -4.6709,
		 1.0944 0.0254 -4.6744,
		 1.1042 0.0203 -4.6737,
		 1.1130 0.0203 -4.6698,
		 1.1198 0.0203 -4.6628,
		 1.1233 0.0203 -4.6538,
		 1.1231 0.0203 -4.6440,
		 1.1191 0.0203 -4.6352,
		 1.1121 0.0203 -4.6284,
		 1.1031 0.0203 -4.6249,
		 1.0934 0.0203 -4.6251,
		 1.0845 0.0203 -4.6290,
		 1.0778 0.0203 -4.6361,
		 1.0743 0.0203 -4.6451,
		 1.0745 0.0203 -4.6548,
		 1.0784 0.0203 -4.6637,
		 1.0854 0.0203 -4.6704,
		 1.0944 0.0203 -4.6739,
		 1.1038 0.0152 -4.6722,
		 1.1121 0.0152 -4.6685,
		 1.1184 0.0152 -4.6619,
		 1.1217 0.0152 -4.6535,
		 1.1215 0.0152 -4.6444,
		 1.1178 0.0152 -4.6361,
		 1.1113 0.0152 -4.6298,
		 1.1028 0.0152 -4.6265,
		 1.0937 0.0152 -4.6267,
		 1.0854 0.0152 -4.6304,
		 1.0791 0.0152 -4.6369,
		 1.0758 0.0152 -4.6454,
		 1.0760 0.0152 -4.6545,
		 1.0797 0.0152 -4.6628,
		 1.0863 0.0152 -4.6691,
		 1.0947 0.0152 -4.6724,
		 1.1032 0.0102 -4.6693,
		 1.1104 0.0102 -4.6661,
		 1.1159 0.0102 -4.6603,
		 1.1188 0.0102 -4.6530,
		 1.1186 0.0102 -4.6450,
		 1.1154 0.0102 -4.6378,
		 1.1097 0.0102 -4.6323,
		 1.1023 0.0102 -4.6294,
		 1.0944 0.0102 -4.6296,
		 1.0871 0.0102 -4.6328,
		 1.0816 0.0102 -4.6385,
		 1.0788 0.0102 -4.6459,
		 1.0789 0.0102 -4.6538,
		 1.0821 0.0102 -4.6611,
		 1.0878 0.0102 -4.6666,
		 1.0952 0.0102 -4.6694,
		 1.1021 0.0051 -4.6643,
		 1.1075 0.0051 -4.6619,
		 1.1116 0.0051 -4.6576,
		 1.1138 0.0051 -4.6521,
		 1.1136 0.0051 -4.6461,
		 1.1112 0.0051 -4.6407,
		 1.1070 0.0051 -4.6366,
		 1.1014 0.0051 -4.6344,
		 1.0955 0.0051 -4.6346,
		 1.0900 0.0051 -4.6369,
		 1.0859 0.0051 -4.6412,
		 1.0838 0.0051 -4.6468,
		 1.0839 0.0051 -4.6527,
		 1.0863 0.0051 -4.6582,
		 1.0906 0.0051 -4.6623,
		 1.0961 0.0051 -4.6644,
		 1.0988 0.0000 -4.6494
		]
	} #Coordinate3
	Material {
		ambientColor      0.1176 0.1176 0.1176  #ambientColor
		diffuseColor      0.4706 0.4706 0.4706  #diffuseColor
		transparency      0.0000                #transparency
	} #Material

	IndexedFaceSet {
		coordIndex [ 
		 0, 16, 1,-1,
		 1, 16, 0,-1,
		 0, 1, 2,-1,
		 2, 1, 0,-1,
		 0, 2, 3,-1,
		 3, 2, 0,-1,
		 0, 3, 4,-1,
		 4, 3, 0,-1,
		 0, 4, 5,-1,
		 5, 4, 0,-1,
		 0, 5, 6,-1,
		 6, 5, 0,-1,
		 0, 6, 7,-1,
		 7, 6, 0,-1,
		 0, 7, 8,-1,
		 8, 7, 0,-1,
		 0, 8, 9,-1,
		 9, 8, 0,-1,
		 0, 9, 10,-1,
		 10, 9, 0,-1,
		 0, 10, 11,-1,
		 11, 10, 0,-1,
		 0, 11, 12,-1,
		 12, 11, 0,-1,
		 0, 12, 13,-1,
		 13, 12, 0,-1,
		 0, 13, 14,-1,
		 14, 13, 0,-1,
		 0, 14, 15,-1,
		 15, 14, 0,-1,
		 0, 15, 16,-1,
		 16, 15, 0,-1,
		 1, 16, 32, 17,-1,
		 17, 32, 16, 1,-1,
		 2, 1, 17, 18,-1,
		 18, 17, 1, 2,-1,
		 3, 2, 18, 19,-1,
		 19, 18, 2, 3,-1,
		 4, 3, 19, 20,-1,
		 20, 19, 3, 4,-1,
		 5, 4, 20, 21,-1,
		 21, 20, 4, 5,-1,
		 6, 5, 21, 22,-1,
		 22, 21, 5, 6,-1,
		 7, 6, 22, 23,-1,
		 23, 22, 6, 7,-1,
		 8, 7, 23, 24,-1,
		 24, 23, 7, 8,-1,
		 9, 8, 24, 25,-1,
		 25, 24, 8, 9,-1,
		 10, 9, 25, 26,-1,
		 26, 25, 9, 10,-1,
		 11, 10, 26, 27,-1,
		 27, 26, 10, 11,-1,
		 12, 11, 27, 28,-1,
		 28, 27, 11, 12,-1,
		 13, 12, 28, 29,-1,
		 29, 28, 12, 13,-1,
		 14, 13, 29, 30,-1,
		 30, 29, 13, 14,-1,
		 15, 14, 30, 31,-1,
		 31, 30, 14, 15,-1,
		 16, 15, 31, 32,-1,
		 32, 31, 15, 16,-1,
		 17, 32, 48, 33,-1,
		 33, 48, 32, 17,-1,
		 18, 17, 33, 34,-1,
		 34, 33, 17, 18,-1,
		 19, 18, 34, 35,-1,
		 35, 34, 18, 19,-1,
		 20, 19, 35, 36,-1,
		 36, 35, 19, 20,-1,
		 21, 20, 36, 37,-1,
		 37, 36, 20, 21,-1,
		 22, 21, 37, 38,-1,
		 38, 37, 21, 22,-1,
		 23, 22, 38, 39,-1,
		 39, 38, 22, 23,-1,
		 24, 23, 39, 40,-1,
		 40, 39, 23, 24,-1,
		 25, 24, 40, 41,-1,
		 41, 40, 24, 25,-1,
		 26, 25, 41, 42,-1,
		 42, 41, 25, 26,-1,
		 27, 26, 42, 43,-1,
		 43, 42, 26, 27,-1,
		 28, 27, 43, 44,-1,
		 44, 43, 27, 28,-1,
		 29, 28, 44, 45,-1,
		 45, 44, 28, 29,-1,
		 30, 29, 45, 46,-1,
		 46, 45, 29, 30,-1,
		 31, 30, 46, 47,-1,
		 47, 46, 30, 31,-1,
		 32, 31, 47, 48,-1,
		 48, 47, 31, 32,-1,
		 33, 48, 64, 49,-1,
		 49, 64, 48, 33,-1,
		 34, 33, 49, 50,-1,
		 50, 49, 33, 34,-1,
		 35, 34, 50, 51,-1,
		 51, 50, 34, 35,-1,
		 36, 35, 51, 52,-1,
		 52, 51, 35, 36,-1,
		 37, 36, 52, 53,-1,
		 53, 52, 36, 37,-1,
		 38, 37, 53, 54,-1,
		 54, 53, 37, 38,-1,
		 39, 38, 54, 55,-1,
		 55, 54, 38, 39,-1,
		 40, 39, 55, 56,-1,
		 56, 55, 39, 40,-1,
		 41, 40, 56, 57,-1,
		 57, 56, 40, 41,-1,
		 42, 41, 57, 58,-1,
		 58, 57, 41, 42,-1,
		 43, 42, 58, 59,-1,
		 59, 58, 42, 43,-1,
		 44, 43, 59, 60,-1,
		 60, 59, 43, 44,-1,
		 45, 44, 60, 61,-1,
		 61, 60, 44, 45,-1,
		 46, 45, 61, 62,-1,
		 62, 61, 45, 46,-1,
		 47, 46, 62, 63,-1,
		 63, 62, 46, 47,-1,
		 48, 47, 63, 64,-1,
		 64, 63, 47, 48,-1,
		 49, 64, 80, 65,-1,
		 65, 80, 64, 49,-1,
		 50, 49, 65, 66,-1,
		 66, 65, 49, 50,-1,
		 51, 50, 66, 67,-1,
		 67, 66, 50, 51,-1,
		 52, 51, 67, 68,-1,
		 68, 67, 51, 52,-1,
		 53, 52, 68, 69,-1,
		 69, 68, 52, 53,-1,
		 54, 53, 69, 70,-1,
		 70, 69, 53, 54,-1,
		 55, 54, 70, 71,-1,
		 71, 70, 54, 55,-1,
		 56, 55, 71, 72,-1,
		 72, 71, 55, 56,-1,
		 57, 56, 72, 73,-1,
		 73, 72, 56, 57,-1,
		 58, 57, 73, 74,-1,
		 74, 73, 57, 58,-1,
		 59, 58, 74, 75,-1,
		 75, 74, 58, 59,-1,
		 60, 59, 75, 76,-1,
		 76, 75, 59, 60,-1,
		 61, 60, 76, 77,-1,
		 77, 76, 60, 61,-1,
		 62, 61, 77, 78,-1,
		 78, 77, 61, 62,-1,
		 63, 62, 78, 79,-1,
		 79, 78, 62, 63,-1,
		 64, 63, 79, 80,-1,
		 80, 79, 63, 64,-1,
		 65, 80, 96, 81,-1,
		 81, 96, 80, 65,-1,
		 66, 65, 81, 82,-1,
		 82, 81, 65, 66,-1,
		 67, 66, 82, 83,-1,
		 83, 82, 66, 67,-1,
		 68, 67, 83, 84,-1,
		 84, 83, 67, 68,-1,
		 69, 68, 84, 85,-1,
		 85, 84, 68, 69,-1,
		 70, 69, 85, 86,-1,
		 86, 85, 69, 70,-1,
		 71, 70, 86, 87,-1,
		 87, 86, 70, 71,-1,
		 72, 71, 87, 88,-1,
		 88, 87, 71, 72,-1,
		 73, 72, 88, 89,-1,
		 89, 88, 72, 73,-1,
		 74, 73, 89, 90,-1,
		 90, 89, 73, 74,-1,
		 75, 74, 90, 91,-1,
		 91, 90, 74, 75,-1,
		 76, 75, 91, 92,-1,
		 92, 91, 75, 76,-1,
		 77, 76, 92, 93,-1,
		 93, 92, 76, 77,-1,
		 78, 77, 93, 94,-1,
		 94, 93, 77, 78,-1,
		 79, 78, 94, 95,-1,
		 95, 94, 78, 79,-1,
		 80, 79, 95, 96,-1,
		 96, 95, 79, 80,-1,
		 81, 96, 112, 97,-1,
		 97, 112, 96, 81,-1,
		 82, 81, 97, 98,-1,
		 98, 97, 81, 82,-1,
		 83, 82, 98, 99,-1,
		 99, 98, 82, 83,-1,
		 84, 83, 99, 100,-1,
		 100, 99, 83, 84,-1,
		 85, 84, 100, 101,-1,
		 101, 100, 84, 85,-1,
		 86, 85, 101, 102,-1,
		 102, 101, 85, 86,-1,
		 87, 86, 102, 103,-1,
		 103, 102, 86, 87,-1,
		 88, 87, 103, 104,-1,
		 104, 103, 87, 88,-1,
		 89, 88, 104, 105,-1,
		 105, 104, 88, 89,-1,
		 90, 89, 105, 106,-1,
		 106, 105, 89, 90,-1,
		 91, 90, 106, 107,-1,
		 107, 106, 90, 91,-1,
		 92, 91, 107, 108,-1,
		 108, 107, 91, 92,-1,
		 93, 92, 108, 109,-1,
		 109, 108, 92, 93,-1,
		 94, 93, 109, 110,-1,
		 110, 109, 93, 94,-1,
		 95, 94, 110, 111,-1,
		 111, 110, 94, 95,-1,
		 96, 95, 111, 112,-1,
		 112, 111, 95, 96,-1,
		 97, 112, 128, 113,-1,
		 113, 128, 112, 97,-1,
		 98, 97, 113, 114,-1,
		 114, 113, 97, 98,-1,
		 99, 98, 114, 115,-1,
		 115, 114, 98, 99,-1,
		 100, 99, 115, 116,-1,
		 116, 115, 99, 100,-1,
		 101, 100, 116, 117,-1,
		 117, 116, 100, 101,-1,
		 102, 101, 117, 118,-1,
		 118, 117, 101, 102,-1,
		 103, 102, 118, 119,-1,
		 119, 118, 102, 103,-1,
		 104, 103, 119, 120,-1,
		 120, 119, 103, 104,-1,
		 105, 104, 120, 121,-1,
		 121, 120, 104, 105,-1,
		 106, 105, 121, 122,-1,
		 122, 121, 105, 106,-1,
		 107, 106, 122, 123,-1,
		 123, 122, 106, 107,-1,
		 108, 107, 123, 124,-1,
		 124, 123, 107, 108,-1,
		 109, 108, 124, 125,-1,
		 125, 124, 108, 109,-1,
		 110, 109, 125, 126,-1,
		 126, 125, 109, 110,-1,
		 111, 110, 126, 127,-1,
		 127, 126, 110, 111,-1,
		 112, 111, 127, 128,-1,
		 128, 127, 111, 112,-1,
		 113, 128, 144, 129,-1,
		 129, 144, 128, 113,-1,
		 114, 113, 129, 130,-1,
		 130, 129, 113, 114,-1,
		 115, 114, 130, 131,-1,
		 131, 130, 114, 115,-1,
		 116, 115, 131, 132,-1,
		 132, 131, 115, 116,-1,
		 117, 116, 132, 133,-1,
		 133, 132, 116, 117,-1,
		 118, 117, 133, 134,-1,
		 134, 133, 117, 118,-1,
		 119, 118, 134, 135,-1,
		 135, 134, 118, 119,-1,
		 120, 119, 135, 136,-1,
		 136, 135, 119, 120,-1,
		 121, 120, 136, 137,-1,
		 137, 136, 120, 121,-1,
		 122, 121, 137, 138,-1,
		 138, 137, 121, 122,-1,
		 123, 122, 138, 139,-1,
		 139, 138, 122, 123,-1,
		 124, 123, 139, 140,-1,
		 140, 139, 123, 124,-1,
		 125, 124, 140, 141,-1,
		 141, 140, 124, 125,-1,
		 126, 125, 141, 142,-1,
		 142, 141, 125, 126,-1,
		 127, 126, 142, 143,-1,
		 143, 142, 126, 127,-1,
		 128, 127, 143, 144,-1,
		 144, 143, 127, 128,-1,
		 129, 144, 145,-1,
		 145, 144, 129,-1,
		 130, 129, 145,-1,
		 145, 129, 130,-1,
		 131, 130, 145,-1,
		 145, 130, 131,-1,
		 132, 131, 145,-1,
		 145, 131, 132,-1,
		 133, 132, 145,-1,
		 145, 132, 133,-1,
		 134, 133, 145,-1,
		 145, 133, 134,-1,
		 135, 134, 145,-1,
		 145, 134, 135,-1,
		 136, 135, 145,-1,
		 145, 135, 136,-1,
		 137, 136, 145,-1,
		 145, 136, 137,-1,
		 138, 137, 145,-1,
		 145, 137, 138,-1,
		 139, 138, 145,-1,
		 145, 138, 139,-1,
		 140, 139, 145,-1,
		 145, 139, 140,-1,
		 141, 140, 145,-1,
		 145, 140, 141,-1,
		 142, 141, 145,-1,
		 145, 141, 142,-1,
		 143, 142, 145,-1,
		 145, 142, 143,-1,
		 144, 143, 145,-1,
		 145, 143, 144,-1,
		]
	} #IndexedFaceSet
} #Polyhedron
Separator { #Polyhedron
	DEF COORD66 Coordinate3 {
		point [
		 1.3794 0.4318 -4.7227,
		 1.3885 0.4318 -4.7188,
		 1.3953 0.4318 -4.7116,
		 1.3989 0.4318 -4.7024,
		 1.3987 0.4318 -4.6924,
		 1.3947 0.4318 -4.6834,
		 1.3876 0.4318 -4.6765,
		 1.3783 0.4318 -4.6729,
		 1.3684 0.4318 -4.6731,
		 1.3594 0.4318 -4.6771,
		 1.3525 0.4318 -4.6843,
		 1.3489 0.4318 -4.6935,
		 1.3491 0.4318 -4.7034,
		 1.3531 0.4318 -4.7125,
		 1.3603 0.4318 -4.7194,
		 1.3695 0.4318 -4.7230,
		 1.3794 0.1524 -4.7227,
		 1.3885 0.1524 -4.7188,
		 1.3953 0.1524 -4.7116,
		 1.3989 0.1524 -4.7024,
		 1.3987 0.1524 -4.6924,
		 1.3947 0.1524 -4.6834,
		 1.3876 0.1524 -4.6765,
		 1.3783 0.1524 -4.6729,
		 1.3684 0.1524 -4.6731,
		 1.3594 0.1524 -4.6771,
		 1.3525 0.1524 -4.6843,
		 1.3489 0.1524 -4.6935,
		 1.3491 0.1524 -4.7034,
		 1.3531 0.1524 -4.7125,
		 1.3603 0.1524 -4.7194,
		 1.3695 0.1524 -4.7230
		]
	} #Coordinate3
	Material {
		ambientColor      0.1951 0.1951 0.1951  #ambientColor
		diffuseColor      0.7804 0.7804 0.7804  #diffuseColor
		transparency      0.0000                #transparency
	} #Material

	IndexedFaceSet {
		coordIndex [ 
		 0, 1, 2, 3, 4, 5, 6, 7, 8, 9, 10, 11, 12, 13, 14, 15,-1,
		 15, 14, 13, 12, 11, 10, 9, 8, 7, 6, 5, 4, 3, 2, 1, 0,-1,
		 0, 15, 31, 16,-1,
		 16, 31, 15, 0,-1,
		 1, 0, 16, 17,-1,
		 17, 16, 0, 1,-1,
		 2, 1, 17, 18,-1,
		 18, 17, 1, 2,-1,
		 3, 2, 18, 19,-1,
		 19, 18, 2, 3,-1,
		 4, 3, 19, 20,-1,
		 20, 19, 3, 4,-1,
		 5, 4, 20, 21,-1,
		 21, 20, 4, 5,-1,
		 6, 5, 21, 22,-1,
		 22, 21, 5, 6,-1,
		 7, 6, 22, 23,-1,
		 23, 22, 6, 7,-1,
		 8, 7, 23, 24,-1,
		 24, 23, 7, 8,-1,
		 9, 8, 24, 25,-1,
		 25, 24, 8, 9,-1,
		 10, 9, 25, 26,-1,
		 26, 25, 9, 10,-1,
		 11, 10, 26, 27,-1,
		 27, 26, 10, 11,-1,
		 12, 11, 27, 28,-1,
		 28, 27, 11, 12,-1,
		 13, 12, 28, 29,-1,
		 29, 28, 12, 13,-1,
		 14, 13, 29, 30,-1,
		 30, 29, 13, 14,-1,
		 15, 14, 30, 31,-1,
		 31, 30, 14, 15,-1,
		 31, 30, 29, 28, 27, 26, 25, 24, 23, 22, 21, 20, 19, 18, 17, 16,-1,
		 16, 17, 18, 19, 20, 21, 22, 23, 24, 25, 26, 27, 28, 29, 30, 31,-1,
		]
	} #IndexedFaceSet
} #Polyhedron
Separator { #Polyhedron
	DEF COORD67 Coordinate3 {
		point [
		 1.4399 0.4826 -4.9955,
		 1.5487 0.4826 -4.9476,
		 1.6310 0.4826 -4.8617,
		 1.6741 0.4826 -4.7509,
		 1.6715 0.4826 -4.6320,
		 1.6236 0.4826 -4.5231,
		 1.5377 0.4826 -4.4409,
		 1.4268 0.4826 -4.3978,
		 1.3079 0.4826 -4.4004,
		 1.1991 0.4826 -4.4483,
		 1.1169 0.4826 -4.5342,
		 1.0738 0.4826 -4.6450,
		 1.0763 0.4826 -4.7639,
		 1.1242 0.4826 -4.8728,
		 1.2102 0.4826 -4.9550,
		 1.3210 0.4826 -4.9981,
		 1.4399 0.4572 -4.9955,
		 1.5487 0.4572 -4.9476,
		 1.6310 0.4572 -4.8617,
		 1.6741 0.4572 -4.7509,
		 1.6715 0.4572 -4.6320,
		 1.6236 0.4572 -4.5231,
		 1.5377 0.4572 -4.4409,
		 1.4268 0.4572 -4.3978,
		 1.3079 0.4572 -4.4004,
		 1.1991 0.4572 -4.4483,
		 1.1169 0.4572 -4.5342,
		 1.0738 0.4572 -4.6450,
		 1.0763 0.4572 -4.7639,
		 1.1242 0.4572 -4.8728,
		 1.2102 0.4572 -4.9550,
		 1.3210 0.4572 -4.9981
		]
	} #Coordinate3
	Material {
		ambientColor      0.1951 0.1951 0.1951  #ambientColor
		diffuseColor      0.7804 0.7804 0.7804  #diffuseColor
		transparency      0.0000                #transparency
	} #Material

	IndexedFaceSet {
		coordIndex [ 
		 0, 1, 2, 3, 4, 5, 6, 7, 8, 9, 10, 11, 12, 13, 14, 15,-1,
		 15, 14, 13, 12, 11, 10, 9, 8, 7, 6, 5, 4, 3, 2, 1, 0,-1,
		 0, 15, 31, 16,-1,
		 16, 31, 15, 0,-1,
		 1, 0, 16, 17,-1,
		 17, 16, 0, 1,-1,
		 2, 1, 17, 18,-1,
		 18, 17, 1, 2,-1,
		 3, 2, 18, 19,-1,
		 19, 18, 2, 3,-1,
		 4, 3, 19, 20,-1,
		 20, 19, 3, 4,-1,
		 5, 4, 20, 21,-1,
		 21, 20, 4, 5,-1,
		 6, 5, 21, 22,-1,
		 22, 21, 5, 6,-1,
		 7, 6, 22, 23,-1,
		 23, 22, 6, 7,-1,
		 8, 7, 23, 24,-1,
		 24, 23, 7, 8,-1,
		 9, 8, 24, 25,-1,
		 25, 24, 8, 9,-1,
		 10, 9, 25, 26,-1,
		 26, 25, 9, 10,-1,
		 11, 10, 26, 27,-1,
		 27, 26, 10, 11,-1,
		 12, 11, 27, 28,-1,
		 28, 27, 11, 12,-1,
		 13, 12, 28, 29,-1,
		 29, 28, 12, 13,-1,
		 14, 13, 29, 30,-1,
		 30, 29, 13, 14,-1,
		 15, 14, 30, 31,-1,
		 31, 30, 14, 15,-1,
		 31, 30, 29, 28, 27, 26, 25, 24, 23, 22, 21, 20, 19, 18, 17, 16,-1,
		 16, 17, 18, 19, 20, 21, 22, 23, 24, 25, 26, 27, 28, 29, 30, 31,-1,
		]
	} #IndexedFaceSet
} #Polyhedron
Separator { #Polyhedron
	DEF COORD68 Coordinate3 {
		point [
		 1.3739 0.5334 -4.6979,
		 1.4102 0.5232 -4.8616,
		 1.4701 0.5232 -4.8353,
		 1.5153 0.5232 -4.7880,
		 1.5390 0.5232 -4.7271,
		 1.5376 0.5232 -4.6617,
		 1.5112 0.5232 -4.6018,
		 1.4640 0.5232 -4.5566,
		 1.4030 0.5232 -4.5329,
		 1.3376 0.5232 -4.5343,
		 1.2778 0.5232 -4.5606,
		 1.2325 0.5232 -4.6079,
		 1.2088 0.5232 -4.6688,
		 1.2103 0.5232 -4.7342,
		 1.2366 0.5232 -4.7941,
		 1.2838 0.5232 -4.8393,
		 1.3448 0.5232 -4.8630,
		 1.4223 0.5131 -4.9162,
		 1.5021 0.5131 -4.8810,
		 1.5624 0.5131 -4.8180,
		 1.5940 0.5131 -4.7368,
		 1.5921 0.5131 -4.6496,
		 1.5570 0.5131 -4.5697,
		 1.4940 0.5131 -4.5094,
		 1.4127 0.5131 -4.4778,
		 1.3255 0.5131 -4.4797,
		 1.2457 0.5131 -4.5148,
		 1.1854 0.5131 -4.5778,
		 1.1538 0.5131 -4.6591,
		 1.1557 0.5131 -4.7463,
		 1.1908 0.5131 -4.8262,
		 1.2538 0.5131 -4.8865,
		 1.3351 0.5131 -4.9181,
		 1.4293 0.5029 -4.9479,
		 1.5208 0.5029 -4.9077,
		 1.5899 0.5029 -4.8355,
		 1.6261 0.5029 -4.7424,
		 1.6239 0.5029 -4.6425,
		 1.5837 0.5029 -4.5511,
		 1.5115 0.5029 -4.4820,
		 1.4184 0.5029 -4.4458,
		 1.3185 0.5029 -4.4479,
		 1.2270 0.5029 -4.4882,
		 1.1580 0.5029 -4.5604,
		 1.1217 0.5029 -4.6535,
		 1.1239 0.5029 -4.7534,
		 1.1642 0.5029 -4.8448,
		 1.2363 0.5029 -4.9139,
		 1.3295 0.5029 -4.9501,
		 1.4332 0.4928 -4.9652,
		 1.5309 0.4928 -4.9222,
		 1.6048 0.4928 -4.8450,
		 1.6435 0.4928 -4.7455,
		 1.6412 0.4928 -4.6387,
		 1.5982 0.4928 -4.5409,
		 1.5210 0.4928 -4.4671,
		 1.4215 0.4928 -4.4284,
		 1.3147 0.4928 -4.4307,
		 1.2169 0.4928 -4.4737,
		 1.1430 0.4928 -4.5509,
		 1.1043 0.4928 -4.6504,
		 1.1067 0.4928 -4.7572,
		 1.1497 0.4928 -4.8550,
		 1.2268 0.4928 -4.9288,
		 1.3264 0.4928 -4.9675,
		 1.4344 0.4826 -4.9707,
		 1.5342 0.4826 -4.9268,
		 1.6096 0.4826 -4.8481,
		 1.6491 0.4826 -4.7465,
		 1.6467 0.4826 -4.6375,
		 1.6028 0.4826 -4.5377,
		 1.5240 0.4826 -4.4623,
		 1.4224 0.4826 -4.4228,
		 1.3134 0.4826 -4.4252,
		 1.2137 0.4826 -4.4691,
		 1.1383 0.4826 -4.5478,
		 1.0988 0.4826 -4.6494,
		 1.1011 0.4826 -4.7584,
		 1.1450 0.4826 -4.8582,
		 1.2238 0.4826 -4.9336,
		 1.3254 0.4826 -4.9731
		]
	} #Coordinate3
	Material {
		ambientColor      0.1176 0.1176 0.1176  #ambientColor
		diffuseColor      0.4706 0.4706 0.4706  #diffuseColor
		transparency      0.0000                #transparency
	} #Material

	IndexedFaceSet {
		coordIndex [ 
		 0, 16, 1,-1,
		 1, 16, 0,-1,
		 0, 1, 2,-1,
		 2, 1, 0,-1,
		 0, 2, 3,-1,
		 3, 2, 0,-1,
		 0, 3, 4,-1,
		 4, 3, 0,-1,
		 0, 4, 5,-1,
		 5, 4, 0,-1,
		 0, 5, 6,-1,
		 6, 5, 0,-1,
		 0, 6, 7,-1,
		 7, 6, 0,-1,
		 0, 7, 8,-1,
		 8, 7, 0,-1,
		 0, 8, 9,-1,
		 9, 8, 0,-1,
		 0, 9, 10,-1,
		 10, 9, 0,-1,
		 0, 10, 11,-1,
		 11, 10, 0,-1,
		 0, 11, 12,-1,
		 12, 11, 0,-1,
		 0, 12, 13,-1,
		 13, 12, 0,-1,
		 0, 13, 14,-1,
		 14, 13, 0,-1,
		 0, 14, 15,-1,
		 15, 14, 0,-1,
		 0, 15, 16,-1,
		 16, 15, 0,-1,
		 1, 16, 32, 17,-1,
		 17, 32, 16, 1,-1,
		 2, 1, 17, 18,-1,
		 18, 17, 1, 2,-1,
		 3, 2, 18, 19,-1,
		 19, 18, 2, 3,-1,
		 4, 3, 19, 20,-1,
		 20, 19, 3, 4,-1,
		 5, 4, 20, 21,-1,
		 21, 20, 4, 5,-1,
		 6, 5, 21, 22,-1,
		 22, 21, 5, 6,-1,
		 7, 6, 22, 23,-1,
		 23, 22, 6, 7,-1,
		 8, 7, 23, 24,-1,
		 24, 23, 7, 8,-1,
		 9, 8, 24, 25,-1,
		 25, 24, 8, 9,-1,
		 10, 9, 25, 26,-1,
		 26, 25, 9, 10,-1,
		 11, 10, 26, 27,-1,
		 27, 26, 10, 11,-1,
		 12, 11, 27, 28,-1,
		 28, 27, 11, 12,-1,
		 13, 12, 28, 29,-1,
		 29, 28, 12, 13,-1,
		 14, 13, 29, 30,-1,
		 30, 29, 13, 14,-1,
		 15, 14, 30, 31,-1,
		 31, 30, 14, 15,-1,
		 16, 15, 31, 32,-1,
		 32, 31, 15, 16,-1,
		 17, 32, 48, 33,-1,
		 33, 48, 32, 17,-1,
		 18, 17, 33, 34,-1,
		 34, 33, 17, 18,-1,
		 19, 18, 34, 35,-1,
		 35, 34, 18, 19,-1,
		 20, 19, 35, 36,-1,
		 36, 35, 19, 20,-1,
		 21, 20, 36, 37,-1,
		 37, 36, 20, 21,-1,
		 22, 21, 37, 38,-1,
		 38, 37, 21, 22,-1,
		 23, 22, 38, 39,-1,
		 39, 38, 22, 23,-1,
		 24, 23, 39, 40,-1,
		 40, 39, 23, 24,-1,
		 25, 24, 40, 41,-1,
		 41, 40, 24, 25,-1,
		 26, 25, 41, 42,-1,
		 42, 41, 25, 26,-1,
		 27, 26, 42, 43,-1,
		 43, 42, 26, 27,-1,
		 28, 27, 43, 44,-1,
		 44, 43, 27, 28,-1,
		 29, 28, 44, 45,-1,
		 45, 44, 28, 29,-1,
		 30, 29, 45, 46,-1,
		 46, 45, 29, 30,-1,
		 31, 30, 46, 47,-1,
		 47, 46, 30, 31,-1,
		 32, 31, 47, 48,-1,
		 48, 47, 31, 32,-1,
		 33, 48, 64, 49,-1,
		 49, 64, 48, 33,-1,
		 34, 33, 49, 50,-1,
		 50, 49, 33, 34,-1,
		 35, 34, 50, 51,-1,
		 51, 50, 34, 35,-1,
		 36, 35, 51, 52,-1,
		 52, 51, 35, 36,-1,
		 37, 36, 52, 53,-1,
		 53, 52, 36, 37,-1,
		 38, 37, 53, 54,-1,
		 54, 53, 37, 38,-1,
		 39, 38, 54, 55,-1,
		 55, 54, 38, 39,-1,
		 40, 39, 55, 56,-1,
		 56, 55, 39, 40,-1,
		 41, 40, 56, 57,-1,
		 57, 56, 40, 41,-1,
		 42, 41, 57, 58,-1,
		 58, 57, 41, 42,-1,
		 43, 42, 58, 59,-1,
		 59, 58, 42, 43,-1,
		 44, 43, 59, 60,-1,
		 60, 59, 43, 44,-1,
		 45, 44, 60, 61,-1,
		 61, 60, 44, 45,-1,
		 46, 45, 61, 62,-1,
		 62, 61, 45, 46,-1,
		 47, 46, 62, 63,-1,
		 63, 62, 46, 47,-1,
		 48, 47, 63, 64,-1,
		 64, 63, 47, 48,-1,
		 49, 64, 80, 65,-1,
		 65, 80, 64, 49,-1,
		 50, 49, 65, 66,-1,
		 66, 65, 49, 50,-1,
		 51, 50, 66, 67,-1,
		 67, 66, 50, 51,-1,
		 52, 51, 67, 68,-1,
		 68, 67, 51, 52,-1,
		 53, 52, 68, 69,-1,
		 69, 68, 52, 53,-1,
		 54, 53, 69, 70,-1,
		 70, 69, 53, 54,-1,
		 55, 54, 70, 71,-1,
		 71, 70, 54, 55,-1,
		 56, 55, 71, 72,-1,
		 72, 71, 55, 56,-1,
		 57, 56, 72, 73,-1,
		 73, 72, 56, 57,-1,
		 58, 57, 73, 74,-1,
		 74, 73, 57, 58,-1,
		 59, 58, 74, 75,-1,
		 75, 74, 58, 59,-1,
		 60, 59, 75, 76,-1,
		 76, 75, 59, 60,-1,
		 61, 60, 76, 77,-1,
		 77, 76, 60, 61,-1,
		 62, 61, 77, 78,-1,
		 78, 77, 61, 62,-1,
		 63, 62, 78, 79,-1,
		 79, 78, 62, 63,-1,
		 64, 63, 79, 80,-1,
		 80, 79, 63, 64,-1,
		 80, 79, 78, 77, 76, 75, 74, 73, 72, 71, 70, 69, 68, 67, 66, 65,-1,
		 65, 66, 67, 68, 69, 70, 71, 72, 73, 74, 75, 76, 77, 78, 79, 80,-1,
		]
	} #IndexedFaceSet
} #Polyhedron
Separator { #Polyhedron
	DEF COORD69 Coordinate3 {
		point [
		 1.3754 0.4572 -4.5435,
		 1.2850 0.4572 -5.0562,
		 1.3350 0.4572 -5.0651,
		 1.4254 0.4572 -4.5523,
		 1.3754 0.4318 -4.5435,
		 1.2850 0.4318 -5.0562,
		 1.3350 0.4318 -5.0651,
		 1.4254 0.4318 -4.5523
		]
	} #Coordinate3
	Material {
		ambientColor      0.1951 0.1951 0.1951  #ambientColor
		diffuseColor      0.7804 0.7804 0.7804  #diffuseColor
		transparency      0.0000                #transparency
	} #Material

	IndexedFaceSet {
		coordIndex [ 
		 0, 1, 2, 3,-1,
		 3, 2, 1, 0,-1,
		 0, 3, 7, 4,-1,
		 4, 7, 3, 0,-1,
		 1, 0, 4, 5,-1,
		 5, 4, 0, 1,-1,
		 2, 1, 5, 6,-1,
		 6, 5, 1, 2,-1,
		 3, 2, 6, 7,-1,
		 7, 6, 2, 3,-1,
		 7, 6, 5, 4,-1,
		 4, 5, 6, 7,-1,
		]
	} #IndexedFaceSet
} #Polyhedron
Separator { #Polyhedron
	DEF COORD70 Coordinate3 {
		point [
		 1.4033 0.4572 -4.6773,
		 1.3945 0.4572 -4.7274,
		 1.5196 0.4572 -4.7494,
		 1.5284 0.4572 -4.6994,
		 1.4033 0.4318 -4.6773,
		 1.3945 0.4318 -4.7274,
		 1.5196 0.4318 -4.7494,
		 1.5284 0.4318 -4.6994
		]
	} #Coordinate3
	Material {
		ambientColor      0.1951 0.1951 0.1951  #ambientColor
		diffuseColor      0.7804 0.7804 0.7804  #diffuseColor
		transparency      0.0000                #transparency
	} #Material

	IndexedFaceSet {
		coordIndex [ 
		 0, 1, 2, 3,-1,
		 3, 2, 1, 0,-1,
		 0, 3, 7, 4,-1,
		 4, 7, 3, 0,-1,
		 1, 0, 4, 5,-1,
		 5, 4, 0, 1,-1,
		 2, 1, 5, 6,-1,
		 6, 5, 1, 2,-1,
		 3, 2, 6, 7,-1,
		 7, 6, 2, 3,-1,
		 7, 6, 5, 4,-1,
		 4, 5, 6, 7,-1,
		]
	} #IndexedFaceSet
} #Polyhedron
Separator { #Polyhedron
	DEF COORD71 Coordinate3 {
		point [
		 1.2282 0.4572 -4.6465,
		 1.2194 0.4572 -4.6965,
		 1.3445 0.4572 -4.7185,
		 1.3533 0.4572 -4.6685,
		 1.2282 0.4318 -4.6465,
		 1.2194 0.4318 -4.6965,
		 1.3445 0.4318 -4.7185,
		 1.3533 0.4318 -4.6685
		]
	} #Coordinate3
	Material {
		ambientColor      0.1951 0.1951 0.1951  #ambientColor
		diffuseColor      0.7804 0.7804 0.7804  #diffuseColor
		transparency      0.0000                #transparency
	} #Material

	IndexedFaceSet {
		coordIndex [ 
		 0, 1, 2, 3,-1,
		 3, 2, 1, 0,-1,
		 0, 3, 7, 4,-1,
		 4, 7, 3, 0,-1,
		 1, 0, 4, 5,-1,
		 5, 4, 0, 1,-1,
		 2, 1, 5, 6,-1,
		 6, 5, 1, 2,-1,
		 3, 2, 6, 7,-1,
		 7, 6, 2, 3,-1,
		 7, 6, 5, 4,-1,
		 4, 5, 6, 7,-1,
		]
	} #IndexedFaceSet
} #Polyhedron
Separator { #Polyhedron
	DEF COORD72 Coordinate3 {
		point [
		 1.2883 0.9652 -5.0375,
		 1.2040 0.9381 -5.0226,
		 1.1364 0.8803 -5.0107,
		 1.0957 0.8006 -5.0035,
		 1.0881 0.7112 -5.0022,
		 1.1149 0.6257 -5.0069,
		 1.1718 0.5570 -5.0169,
		 1.2502 0.5157 -5.0308,
		 1.3383 0.5080 -5.0463,
		 1.4225 0.5351 -5.0612,
		 1.4901 0.5929 -5.0731,
		 1.5308 0.6726 -5.0803,
		 1.5384 0.7620 -5.0816,
		 1.5117 0.8475 -5.0769,
		 1.4548 0.9162 -5.0668,
		 1.3763 0.9575 -5.0530,
		 1.2916 0.9652 -5.0187,
		 1.2073 0.9381 -5.0039,
		 1.1397 0.8803 -4.9919,
		 1.0990 0.8006 -4.9848,
		 1.0915 0.7112 -4.9834,
		 1.1182 0.6257 -4.9881,
		 1.1751 0.5570 -4.9982,
		 1.2535 0.5157 -5.0120,
		 1.3416 0.5080 -5.0275,
		 1.4258 0.5351 -5.0424,
		 1.4935 0.5929 -5.0543,
		 1.5341 0.6726 -5.0615,
		 1.5417 0.7620 -5.0628,
		 1.5150 0.8475 -5.0581,
		 1.4581 0.9162 -5.0481,
		 1.3796 0.9575 -5.0342
		]
	} #Coordinate3
	Material {
		ambientColor      0.1951 0.1951 0.1951  #ambientColor
		diffuseColor      0.7804 0.7804 0.7804  #diffuseColor
		transparency      0.0000                #transparency
	} #Material

	IndexedFaceSet {
		coordIndex [ 
		 0, 1, 2, 3, 4, 5, 6, 7, 8, 9, 10, 11, 12, 13, 14, 15,-1,
		 15, 14, 13, 12, 11, 10, 9, 8, 7, 6, 5, 4, 3, 2, 1, 0,-1,
		 0, 15, 31, 16,-1,
		 16, 31, 15, 0,-1,
		 1, 0, 16, 17,-1,
		 17, 16, 0, 1,-1,
		 2, 1, 17, 18,-1,
		 18, 17, 1, 2,-1,
		 3, 2, 18, 19,-1,
		 19, 18, 2, 3,-1,
		 4, 3, 19, 20,-1,
		 20, 19, 3, 4,-1,
		 5, 4, 20, 21,-1,
		 21, 20, 4, 5,-1,
		 6, 5, 21, 22,-1,
		 22, 21, 5, 6,-1,
		 7, 6, 22, 23,-1,
		 23, 22, 6, 7,-1,
		 8, 7, 23, 24,-1,
		 24, 23, 7, 8,-1,
		 9, 8, 24, 25,-1,
		 25, 24, 8, 9,-1,
		 10, 9, 25, 26,-1,
		 26, 25, 9, 10,-1,
		 11, 10, 26, 27,-1,
		 27, 26, 10, 11,-1,
		 12, 11, 27, 28,-1,
		 28, 27, 11, 12,-1,
		 13, 12, 28, 29,-1,
		 29, 28, 12, 13,-1,
		 14, 13, 29, 30,-1,
		 30, 29, 13, 14,-1,
		 15, 14, 30, 31,-1,
		 31, 30, 14, 15,-1,
		 31, 30, 29, 28, 27, 26, 25, 24, 23, 22, 21, 20, 19, 18, 17, 16,-1,
		 16, 17, 18, 19, 20, 21, 22, 23, 24, 25, 26, 27, 28, 29, 30, 31,-1,
		]
	} #IndexedFaceSet
} #Polyhedron
Separator { #Polyhedron
	DEF COORD73 Coordinate3 {
		point [
		 1.3166 0.9398 -5.0231,
		 1.2400 0.9243 -5.0096,
		 1.1751 0.8803 -4.9982,
		 1.1317 0.8144 -4.9905,
		 1.1165 0.7366 -4.9878,
		 1.1317 0.6588 -4.9905,
		 1.1751 0.5929 -4.9982,
		 1.2400 0.5489 -5.0096,
		 1.3166 0.5334 -5.0231,
		 1.3932 0.5489 -5.0366,
		 1.4581 0.5929 -5.0481,
		 1.5015 0.6588 -5.0557,
		 1.5167 0.7366 -5.0584,
		 1.5015 0.8144 -5.0557,
		 1.4581 0.8803 -5.0481,
		 1.3932 0.9243 -5.0366,
		 1.3175 0.9357 -5.0181,
		 1.2424 0.9205 -5.0049,
		 1.1788 0.8774 -4.9937,
		 1.1363 0.8128 -4.9862,
		 1.1214 0.7366 -4.9836,
		 1.1363 0.6604 -4.9862,
		 1.1788 0.5958 -4.9937,
		 1.2424 0.5527 -5.0049,
		 1.3175 0.5375 -5.0181,
		 1.3925 0.5527 -5.0314,
		 1.4561 0.5958 -5.0426,
		 1.4986 0.6604 -5.0501,
		 1.5135 0.7366 -5.0527,
		 1.4986 0.8128 -5.0501,
		 1.4561 0.8774 -5.0426,
		 1.3925 0.9205 -5.0314,
		 1.3183 0.9228 -5.0131,
		 1.2482 0.9087 -5.0007,
		 1.1887 0.8683 -4.9903,
		 1.1489 0.8079 -4.9832,
		 1.1349 0.7366 -4.9808,
		 1.1489 0.6653 -4.9832,
		 1.1887 0.6049 -4.9903,
		 1.2482 0.5645 -5.0007,
		 1.3183 0.5504 -5.0131,
		 1.3885 0.5645 -5.0255,
		 1.4480 0.6049 -5.0360,
		 1.4878 0.6653 -5.0430,
		 1.5017 0.7366 -5.0455,
		 1.4878 0.8079 -5.0430,
		 1.4480 0.8683 -5.0360,
		 1.3885 0.9087 -5.0255,
		 1.3192 0.8992 -5.0081,
		 1.2580 0.8868 -4.9973,
		 1.2060 0.8515 -4.9882,
		 1.1713 0.7988 -4.9820,
		 1.1591 0.7366 -4.9799,
		 1.1713 0.6744 -4.9820,
		 1.2060 0.6217 -4.9882,
		 1.2580 0.5864 -4.9973,
		 1.3192 0.5740 -5.0081,
		 1.3805 0.5864 -5.0189,
		 1.4324 0.6217 -5.0281,
		 1.4671 0.6744 -5.0342,
		 1.4793 0.7366 -5.0363,
		 1.4671 0.7988 -5.0342,
		 1.4324 0.8515 -5.0281,
		 1.3805 0.8868 -5.0189,
		 1.3201 0.8585 -5.0031,
		 1.2742 0.8492 -4.9950,
		 1.2352 0.8228 -4.9881,
		 1.2092 0.7833 -4.9836,
		 1.2000 0.7366 -4.9819,
		 1.2092 0.6899 -4.9836,
		 1.2352 0.6504 -4.9881,
		 1.2742 0.6240 -4.9950,
		 1.3201 0.6147 -5.0031,
		 1.3661 0.6240 -5.0112,
		 1.4050 0.6504 -5.0181,
		 1.4310 0.6899 -5.0227,
		 1.4402 0.7366 -5.0243,
		 1.4310 0.7833 -5.0227,
		 1.4050 0.8228 -5.0181,
		 1.3661 0.8492 -5.0112,
		 1.3210 0.7366 -4.9981
		]
	} #Coordinate3
	Material {
		ambientColor      0.1176 0.1176 0.1176  #ambientColor
		diffuseColor      0.4706 0.4706 0.4706  #diffuseColor
		transparency      0.0000                #transparency
	} #Material

	IndexedFaceSet {
		coordIndex [ 
		 0, 1, 2, 3, 4, 5, 6, 7, 8, 9, 10, 11, 12, 13, 14, 15,-1,
		 15, 14, 13, 12, 11, 10, 9, 8, 7, 6, 5, 4, 3, 2, 1, 0,-1,
		 0, 15, 31, 16,-1,
		 16, 31, 15, 0,-1,
		 1, 0, 16, 17,-1,
		 17, 16, 0, 1,-1,
		 2, 1, 17, 18,-1,
		 18, 17, 1, 2,-1,
		 3, 2, 18, 19,-1,
		 19, 18, 2, 3,-1,
		 4, 3, 19, 20,-1,
		 20, 19, 3, 4,-1,
		 5, 4, 20, 21,-1,
		 21, 20, 4, 5,-1,
		 6, 5, 21, 22,-1,
		 22, 21, 5, 6,-1,
		 7, 6, 22, 23,-1,
		 23, 22, 6, 7,-1,
		 8, 7, 23, 24,-1,
		 24, 23, 7, 8,-1,
		 9, 8, 24, 25,-1,
		 25, 24, 8, 9,-1,
		 10, 9, 25, 26,-1,
		 26, 25, 9, 10,-1,
		 11, 10, 26, 27,-1,
		 27, 26, 10, 11,-1,
		 12, 11, 27, 28,-1,
		 28, 27, 11, 12,-1,
		 13, 12, 28, 29,-1,
		 29, 28, 12, 13,-1,
		 14, 13, 29, 30,-1,
		 30, 29, 13, 14,-1,
		 15, 14, 30, 31,-1,
		 31, 30, 14, 15,-1,
		 16, 31, 47, 32,-1,
		 32, 47, 31, 16,-1,
		 17, 16, 32, 33,-1,
		 33, 32, 16, 17,-1,
		 18, 17, 33, 34,-1,
		 34, 33, 17, 18,-1,
		 19, 18, 34, 35,-1,
		 35, 34, 18, 19,-1,
		 20, 19, 35, 36,-1,
		 36, 35, 19, 20,-1,
		 21, 20, 36, 37,-1,
		 37, 36, 20, 21,-1,
		 22, 21, 37, 38,-1,
		 38, 37, 21, 22,-1,
		 23, 22, 38, 39,-1,
		 39, 38, 22, 23,-1,
		 24, 23, 39, 40,-1,
		 40, 39, 23, 24,-1,
		 25, 24, 40, 41,-1,
		 41, 40, 24, 25,-1,
		 26, 25, 41, 42,-1,
		 42, 41, 25, 26,-1,
		 27, 26, 42, 43,-1,
		 43, 42, 26, 27,-1,
		 28, 27, 43, 44,-1,
		 44, 43, 27, 28,-1,
		 29, 28, 44, 45,-1,
		 45, 44, 28, 29,-1,
		 30, 29, 45, 46,-1,
		 46, 45, 29, 30,-1,
		 31, 30, 46, 47,-1,
		 47, 46, 30, 31,-1,
		 32, 47, 63, 48,-1,
		 48, 63, 47, 32,-1,
		 33, 32, 48, 49,-1,
		 49, 48, 32, 33,-1,
		 34, 33, 49, 50,-1,
		 50, 49, 33, 34,-1,
		 35, 34, 50, 51,-1,
		 51, 50, 34, 35,-1,
		 36, 35, 51, 52,-1,
		 52, 51, 35, 36,-1,
		 37, 36, 52, 53,-1,
		 53, 52, 36, 37,-1,
		 38, 37, 53, 54,-1,
		 54, 53, 37, 38,-1,
		 39, 38, 54, 55,-1,
		 55, 54, 38, 39,-1,
		 40, 39, 55, 56,-1,
		 56, 55, 39, 40,-1,
		 41, 40, 56, 57,-1,
		 57, 56, 40, 41,-1,
		 42, 41, 57, 58,-1,
		 58, 57, 41, 42,-1,
		 43, 42, 58, 59,-1,
		 59, 58, 42, 43,-1,
		 44, 43, 59, 60,-1,
		 60, 59, 43, 44,-1,
		 45, 44, 60, 61,-1,
		 61, 60, 44, 45,-1,
		 46, 45, 61, 62,-1,
		 62, 61, 45, 46,-1,
		 47, 46, 62, 63,-1,
		 63, 62, 46, 47,-1,
		 48, 63, 79, 64,-1,
		 64, 79, 63, 48,-1,
		 49, 48, 64, 65,-1,
		 65, 64, 48, 49,-1,
		 50, 49, 65, 66,-1,
		 66, 65, 49, 50,-1,
		 51, 50, 66, 67,-1,
		 67, 66, 50, 51,-1,
		 52, 51, 67, 68,-1,
		 68, 67, 51, 52,-1,
		 53, 52, 68, 69,-1,
		 69, 68, 52, 53,-1,
		 54, 53, 69, 70,-1,
		 70, 69, 53, 54,-1,
		 55, 54, 70, 71,-1,
		 71, 70, 54, 55,-1,
		 56, 55, 71, 72,-1,
		 72, 71, 55, 56,-1,
		 57, 56, 72, 73,-1,
		 73, 72, 56, 57,-1,
		 58, 57, 73, 74,-1,
		 74, 73, 57, 58,-1,
		 59, 58, 74, 75,-1,
		 75, 74, 58, 59,-1,
		 60, 59, 75, 76,-1,
		 76, 75, 59, 60,-1,
		 61, 60, 76, 77,-1,
		 77, 76, 60, 61,-1,
		 62, 61, 77, 78,-1,
		 78, 77, 61, 62,-1,
		 63, 62, 78, 79,-1,
		 79, 78, 62, 63,-1,
		 64, 79, 80,-1,
		 80, 79, 64,-1,
		 65, 64, 80,-1,
		 80, 64, 65,-1,
		 66, 65, 80,-1,
		 80, 65, 66,-1,
		 67, 66, 80,-1,
		 80, 66, 67,-1,
		 68, 67, 80,-1,
		 80, 67, 68,-1,
		 69, 68, 80,-1,
		 80, 68, 69,-1,
		 70, 69, 80,-1,
		 80, 69, 70,-1,
		 71, 70, 80,-1,
		 80, 70, 71,-1,
		 72, 71, 80,-1,
		 80, 71, 72,-1,
		 73, 72, 80,-1,
		 80, 72, 73,-1,
		 74, 73, 80,-1,
		 80, 73, 74,-1,
		 75, 74, 80,-1,
		 80, 74, 75,-1,
		 76, 75, 80,-1,
		 80, 75, 76,-1,
		 77, 76, 80,-1,
		 80, 76, 77,-1,
		 78, 77, 80,-1,
		 80, 77, 78,-1,
		 79, 78, 80,-1,
		 80, 78, 79,-1,
		]
	} #IndexedFaceSet
} #Polyhedron
Separator { #Polyhedron
	DEF COORD74 Coordinate3 {
		point [
		 1.3350 0.6858 -5.0651,
		 1.3383 0.6858 -5.0463,
		 1.2883 0.6858 -5.0375,
		 1.2850 0.6858 -5.0562,
		 1.3350 0.4572 -5.0651,
		 1.3383 0.4572 -5.0463,
		 1.2883 0.4572 -5.0375,
		 1.2850 0.4572 -5.0562
		]
	} #Coordinate3
	Material {
		ambientColor      0.1951 0.1951 0.1951  #ambientColor
		diffuseColor      0.7804 0.7804 0.7804  #diffuseColor
		transparency      0.0000                #transparency
	} #Material

	IndexedFaceSet {
		coordIndex [ 
		 0, 1, 2, 3,-1,
		 3, 2, 1, 0,-1,
		 0, 3, 7, 4,-1,
		 4, 7, 3, 0,-1,
		 1, 0, 4, 5,-1,
		 5, 4, 0, 1,-1,
		 2, 1, 5, 6,-1,
		 6, 5, 1, 2,-1,
		 3, 2, 6, 7,-1,
		 7, 6, 2, 3,-1,
		 7, 6, 5, 4,-1,
		 4, 5, 6, 7,-1,
		]
	} #IndexedFaceSet
} #Polyhedron
Separator { #Polyhedron
	DEF COORD75 Coordinate3 {
		point [
		 4.3362 2.1336 -6.0193,
		 4.3362 0.0000 -6.0193,
		 4.9240 0.0000 -5.3189,
		 4.9240 2.1336 -5.3189,
		 4.2973 2.1336 -5.9867,
		 4.2973 0.0000 -5.9867,
		 4.8851 0.0000 -5.2862,
		 4.8851 2.1336 -5.2862
		]
	} #Coordinate3
	Material {
		ambientColor      0.1735 0.1735 0.1735  #ambientColor
		diffuseColor      0.6941 0.6941 0.6941  #diffuseColor
		transparency      0.0000                #transparency
	} #Material

	IndexedFaceSet {
		coordIndex [ 
		 0, 1, 2, 3,-1,
		 3, 2, 1, 0,-1,
		 0, 3, 7, 4,-1,
		 4, 7, 3, 0,-1,
		 1, 0, 4, 5,-1,
		 5, 4, 0, 1,-1,
		 2, 1, 5, 6,-1,
		 6, 5, 1, 2,-1,
		 3, 2, 6, 7,-1,
		 7, 6, 2, 3,-1,
		 7, 6, 5, 4,-1,
		 4, 5, 6, 7,-1,
		]
	} #IndexedFaceSet
} #Polyhedron
Separator { #Polyhedron
	DEF COORD76 Coordinate3 {
		point [
		 5.0056 0.9652 -5.2216,
		 5.0056 0.8382 -5.2216,
		 5.1689 0.8382 -5.0270,
		 5.1689 0.9652 -5.0270,
		 4.9667 0.9652 -5.1889,
		 4.9667 0.8382 -5.1889,
		 5.1300 0.8382 -4.9944,
		 5.1300 0.9652 -4.9944
		]
	} #Coordinate3
	Material {
		ambientColor      0.1176 0.1176 0.1176  #ambientColor
		diffuseColor      0.4706 0.4706 0.4706  #diffuseColor
		transparency      0.0000                #transparency
	} #Material

	IndexedFaceSet {
		coordIndex [ 
		 0, 1, 2, 3,-1,
		 3, 2, 1, 0,-1,
		 0, 3, 7, 4,-1,
		 4, 7, 3, 0,-1,
		 1, 0, 4, 5,-1,
		 5, 4, 0, 1,-1,
		 2, 1, 5, 6,-1,
		 6, 5, 1, 2,-1,
		 3, 2, 6, 7,-1,
		 7, 6, 2, 3,-1,
		 7, 6, 5, 4,-1,
		 4, 5, 6, 7,-1,
		]
	} #IndexedFaceSet
} #Polyhedron
Separator { #Polyhedron
	DEF COORD77 Coordinate3 {
		point [
		 4.9667 0.8382 -5.1889,
		 5.1300 0.8382 -4.9944,
		 5.1300 0.8890 -4.9944,
		 5.0810 0.9652 -5.0527,
		 4.9667 0.9652 -5.1889,
		 4.9278 0.8382 -5.1563,
		 5.0910 0.8382 -4.9617,
		 5.0910 0.8890 -4.9617,
		 5.0421 0.9652 -5.0201,
		 4.9278 0.9652 -5.1563,
		 4.9278 0.9398 -5.1563,
		 5.0584 0.9398 -5.0006,
		 4.9278 0.9271 -5.1563,
		 4.9278 0.9398 -5.1563,
		 4.9359 0.9398 -5.1465,
		 4.9359 0.9271 -5.1465,
		 4.9278 0.9144 -5.1563,
		 4.9278 0.9271 -5.1563,
		 5.0665 0.9271 -4.9909,
		 5.0747 0.9144 -4.9812,
		 4.9278 0.9017 -5.1563,
		 4.9278 0.9144 -5.1563,
		 4.9359 0.9144 -5.1465,
		 4.9359 0.9017 -5.1465,
		 4.9278 0.8890 -5.1563,
		 4.9278 0.9017 -5.1563,
		 5.0829 0.9017 -4.9714,
		 4.9278 0.8763 -5.1563,
		 4.9359 0.8890 -5.1465,
		 4.9359 0.8763 -5.1465,
		 5.0910 0.8763 -4.9617,
		 4.9278 0.8763 -5.1563,
		 5.0910 0.8763 -4.9617,
		 4.9604 0.8763 -5.1174,
		 4.9604 0.8890 -5.1174,
		 5.0747 0.9144 -4.9812,
		 4.9604 0.9017 -5.1174,
		 4.9604 0.9144 -5.1174,
		 5.0584 0.9398 -5.0006,
		 4.9604 0.9271 -5.1174,
		 4.9604 0.9398 -5.1174,
		 5.0584 0.9398 -5.0006,
		 4.9278 0.9398 -5.1563,
		 4.9278 0.9398 -5.1563,
		 4.9278 0.9271 -5.1563,
		 5.0747 0.9144 -4.9812,
		 5.0665 0.9271 -4.9909,
		 4.9278 0.9271 -5.1563,
		 4.9278 0.9144 -5.1563,
		 4.9278 0.9144 -5.1563,
		 4.9278 0.9017 -5.1563,
		 5.0829 0.9017 -4.9714,
		 4.9278 0.9017 -5.1563,
		 4.9278 0.8890 -5.1563,
		 4.9278 0.8763 -5.1563,
		 4.9278 0.8763 -5.1563,
		 5.0910 0.8763 -4.9617,
		 5.0910 0.8763 -4.9617,
		 5.0747 0.9144 -4.9812,
		 5.0584 0.9398 -5.0006
		]
	} #Coordinate3
	Material {
		ambientColor      0.1804 0.1804 0.1804  #ambientColor
		diffuseColor      0.7216 0.7216 0.7216  #diffuseColor
		transparency      0.0000                #transparency
	} #Material

	IndexedFaceSet {
		coordIndex [ 
		 0, 1, 2, 3, 4,-1,
		 4, 3, 2, 1, 0,-1,
		 0, 4, 9, 5,-1,
		 5, 9, 4, 0,-1,
		 1, 0, 5, 6,-1,
		 6, 5, 0, 1,-1,
		 2, 1, 6, 7,-1,
		 7, 6, 1, 2,-1,
		 3, 2, 7, 8,-1,
		 8, 7, 2, 3,-1,
		 4, 3, 8, 9,-1,
		 9, 8, 3, 4,-1,
		 10, 9, 8, 11,-1,
		 12, 13, 14, 15,-1,
		 16, 17, 18, 19,-1,
		 20, 21, 22, 23,-1,
		 24, 25, 26, 7,-1,
		 27, 24, 28, 29,-1,
		 30, 6, 5, 31,-1,
		 7, 32, 33, 34,-1,
		 35, 26, 36, 37,-1,
		 38, 18, 39, 40,-1,
		]
	} #IndexedFaceSet
	Material {
		ambientColor      0.2500 0.0000 0.0000  #ambientColor
		diffuseColor      1.0000 0.0000 0.0000  #diffuseColor
		transparency      0.0000                #transparency
	} #Material

	IndexedFaceSet {
		coordIndex [ 
		 40, 39, 15, 14,-1,
		 37, 36, 23, 22,-1,
		]
	} #IndexedFaceSet
	Material {
		ambientColor      0.0000 0.1500 0.0000  #ambientColor
		diffuseColor      0.0000 0.6000 0.0000  #diffuseColor
		transparency      0.0000                #transparency
	} #Material

	IndexedFaceSet {
		coordIndex [ 
		 29, 28, 34, 33,-1,
		]
	} #IndexedFaceSet
	Material {
		ambientColor      0.1804 0.1804 0.1804  #ambientColor
		diffuseColor      0.7216 0.7216 0.7216  #diffuseColor
		transparency      0.0000                #transparency
	} #Material

	IndexedFaceSet {
		coordIndex [ 
		 41, 8, 9, 42,-1,
		 15, 14, 43, 44,-1,
		 45, 46, 47, 48,-1,
		 23, 22, 49, 50,-1,
		 7, 51, 52, 53,-1,
		 29, 28, 53, 54,-1,
		 55, 5, 6, 56,-1,
		 34, 33, 57, 7,-1,
		 37, 36, 51, 58,-1,
		 40, 39, 46, 59,-1,
		]
	} #IndexedFaceSet
	Material {
		ambientColor      0.2500 0.0000 0.0000  #ambientColor
		diffuseColor      1.0000 0.0000 0.0000  #diffuseColor
		transparency      0.0000                #transparency
	} #Material

	IndexedFaceSet {
		coordIndex [ 
		 14, 15, 39, 40,-1,
		 22, 23, 36, 37,-1,
		]
	} #IndexedFaceSet
	Material {
		ambientColor      0.0000 0.1500 0.0000  #ambientColor
		diffuseColor      0.0000 0.6000 0.0000  #diffuseColor
		transparency      0.0000                #transparency
	} #Material

	IndexedFaceSet {
		coordIndex [ 
		 33, 34, 28, 29,-1,
		]
	} #IndexedFaceSet
} #Polyhedron
Separator { #Polyhedron
	DEF COORD78 Coordinate3 {
		point [
		 4.7953 0.9144 -5.3932,
		 4.7884 0.9449 -5.3875,
		 4.7809 0.9426 -5.3964,
		 4.7746 0.9360 -5.4040,
		 4.7703 0.9261 -5.4091,
		 4.7689 0.9144 -5.4109,
		 4.7703 0.9027 -5.4091,
		 4.7746 0.8928 -5.4040,
		 4.7809 0.8862 -5.3964,
		 4.7884 0.8839 -5.3875,
		 4.7959 0.8862 -5.3786,
		 4.8023 0.8928 -5.3710,
		 4.8065 0.9027 -5.3659,
		 4.8080 0.9144 -5.3642,
		 4.8065 0.9261 -5.3659,
		 4.8023 0.9360 -5.3710,
		 4.7959 0.9426 -5.3786,
		 4.7816 0.9550 -5.3818,
		 4.7716 0.9519 -5.3937,
		 4.7632 0.9431 -5.4038,
		 4.7575 0.9300 -5.4106,
		 4.7555 0.9144 -5.4129,
		 4.7575 0.8988 -5.4106,
		 4.7632 0.8857 -5.4038,
		 4.7716 0.8769 -5.3937,
		 4.7816 0.8738 -5.3818,
		 4.7916 0.8769 -5.3699,
		 4.8001 0.8857 -5.3598,
		 4.8058 0.8988 -5.3530,
		 4.8078 0.9144 -5.3507,
		 4.8058 0.9300 -5.3530,
		 4.8001 0.9431 -5.3598,
		 4.7916 0.9519 -5.3699,
		 4.7748 0.9610 -5.3761,
		 4.7634 0.9574 -5.3897,
		 4.7537 0.9473 -5.4013,
		 4.7472 0.9322 -5.4090,
		 4.7449 0.9144 -5.4118,
		 4.7472 0.8966 -5.4090,
		 4.7537 0.8815 -5.4013,
		 4.7634 0.8714 -5.3897,
		 4.7748 0.8678 -5.3761,
		 4.7863 0.8714 -5.3624,
		 4.7960 0.8815 -5.3509,
		 4.8025 0.8966 -5.3431,
		 4.8048 0.9144 -5.3404,
		 4.8025 0.9322 -5.3431,
		 4.7960 0.9473 -5.3509,
		 4.7863 0.9574 -5.3624,
		 4.7680 0.9642 -5.3704,
		 4.7558 0.9604 -5.3850,
		 4.7454 0.9496 -5.3973,
		 4.7385 0.9334 -5.4056,
		 4.7360 0.9144 -5.4085,
		 4.7385 0.8954 -5.4056,
		 4.7454 0.8792 -5.3973,
		 4.7558 0.8684 -5.3850,
		 4.7680 0.8646 -5.3704,
		 4.7803 0.8684 -5.3558,
		 4.7906 0.8792 -5.3434,
		 4.7976 0.8954 -5.3351,
		 4.8000 0.9144 -5.3322,
		 4.7976 0.9334 -5.3351,
		 4.7906 0.9496 -5.3434,
		 4.7803 0.9604 -5.3558,
		 4.7612 0.9652 -5.3647,
		 4.7487 0.9613 -5.3795,
		 4.7381 0.9503 -5.3922,
		 4.7310 0.9338 -5.4006,
		 4.7286 0.9144 -5.4036,
		 4.7310 0.8950 -5.4006,
		 4.7381 0.8785 -5.3922,
		 4.7487 0.8675 -5.3795,
		 4.7612 0.8636 -5.3647,
		 4.7737 0.8675 -5.3498,
		 4.7843 0.8785 -5.3371,
		 4.7914 0.8950 -5.3287,
		 4.7939 0.9144 -5.3257,
		 4.7914 0.9338 -5.3287,
		 4.7843 0.9503 -5.3371,
		 4.7737 0.9613 -5.3498,
		 4.7544 0.9642 -5.3589,
		 4.7422 0.9604 -5.3735,
		 4.7318 0.9496 -5.3859,
		 4.7248 0.9334 -5.3942,
		 4.7224 0.9144 -5.3971,
		 4.7248 0.8954 -5.3942,
		 4.7318 0.8792 -5.3859,
		 4.7422 0.8684 -5.3735,
		 4.7544 0.8646 -5.3589,
		 4.7666 0.8684 -5.3444,
		 4.7770 0.8792 -5.3320,
		 4.7840 0.8954 -5.3237,
		 4.7864 0.9144 -5.3208,
		 4.7840 0.9334 -5.3237,
		 4.7770 0.9496 -5.3320,
		 4.7666 0.9604 -5.3444,
		 4.7476 0.9610 -5.3532,
		 4.7361 0.9574 -5.3669,
		 4.7264 0.9473 -5.3784,
		 4.7199 0.9322 -5.3862,
		 4.7177 0.9144 -5.3889,
		 4.7199 0.8966 -5.3862,
		 4.7264 0.8815 -5.3784,
		 4.7361 0.8714 -5.3669,
		 4.7476 0.8678 -5.3532,
		 4.7590 0.8714 -5.3396,
		 4.7687 0.8815 -5.3280,
		 4.7752 0.8966 -5.3203,
		 4.7775 0.9144 -5.3176,
		 4.7752 0.9322 -5.3203,
		 4.7687 0.9473 -5.3280,
		 4.7590 0.9574 -5.3396,
		 4.7408 0.9550 -5.3475,
		 4.7308 0.9519 -5.3594,
		 4.7223 0.9431 -5.3695,
		 4.7166 0.9300 -5.3763,
		 4.7147 0.9144 -5.3786,
		 4.7166 0.8988 -5.3763,
		 4.7223 0.8857 -5.3695,
		 4.7308 0.8769 -5.3594,
		 4.7408 0.8738 -5.3475,
		 4.7508 0.8769 -5.3356,
		 4.7592 0.8857 -5.3255,
		 4.7649 0.8988 -5.3188,
		 4.7669 0.9144 -5.3164,
		 4.7649 0.9300 -5.3188,
		 4.7592 0.9431 -5.3255,
		 4.7508 0.9519 -5.3356,
		 4.7340 0.9449 -5.3418,
		 4.7265 0.9426 -5.3507,
		 4.7201 0.9360 -5.3583,
		 4.7159 0.9261 -5.3634,
		 4.7144 0.9144 -5.3652,
		 4.7159 0.9027 -5.3634,
		 4.7201 0.8928 -5.3583,
		 4.7265 0.8862 -5.3507,
		 4.7340 0.8839 -5.3418,
		 4.7415 0.8862 -5.3329,
		 4.7478 0.8928 -5.3253,
		 4.7521 0.9027 -5.3202,
		 4.7536 0.9144 -5.3185,
		 4.7521 0.9261 -5.3202,
		 4.7478 0.9360 -5.3253,
		 4.7415 0.9426 -5.3329,
		 4.7272 0.9144 -5.3361
		]
	} #Coordinate3
	Material {
		ambientColor      0.1804 0.1804 0.1804  #ambientColor
		diffuseColor      0.7216 0.7216 0.7216  #diffuseColor
		transparency      0.0000                #transparency
	} #Material

	IndexedFaceSet {
		coordIndex [ 
		 0, 16, 1,-1,
		 1, 16, 0,-1,
		 0, 1, 2,-1,
		 2, 1, 0,-1,
		 0, 2, 3,-1,
		 3, 2, 0,-1,
		 0, 3, 4,-1,
		 4, 3, 0,-1,
		 0, 4, 5,-1,
		 5, 4, 0,-1,
		 0, 5, 6,-1,
		 6, 5, 0,-1,
		 0, 6, 7,-1,
		 7, 6, 0,-1,
		 0, 7, 8,-1,
		 8, 7, 0,-1,
		 0, 8, 9,-1,
		 9, 8, 0,-1,
		 0, 9, 10,-1,
		 10, 9, 0,-1,
		 0, 10, 11,-1,
		 11, 10, 0,-1,
		 0, 11, 12,-1,
		 12, 11, 0,-1,
		 0, 12, 13,-1,
		 13, 12, 0,-1,
		 0, 13, 14,-1,
		 14, 13, 0,-1,
		 0, 14, 15,-1,
		 15, 14, 0,-1,
		 0, 15, 16,-1,
		 16, 15, 0,-1,
		 1, 16, 32, 17,-1,
		 17, 32, 16, 1,-1,
		 2, 1, 17, 18,-1,
		 18, 17, 1, 2,-1,
		 3, 2, 18, 19,-1,
		 19, 18, 2, 3,-1,
		 4, 3, 19, 20,-1,
		 20, 19, 3, 4,-1,
		 5, 4, 20, 21,-1,
		 21, 20, 4, 5,-1,
		 6, 5, 21, 22,-1,
		 22, 21, 5, 6,-1,
		 7, 6, 22, 23,-1,
		 23, 22, 6, 7,-1,
		 8, 7, 23, 24,-1,
		 24, 23, 7, 8,-1,
		 9, 8, 24, 25,-1,
		 25, 24, 8, 9,-1,
		 10, 9, 25, 26,-1,
		 26, 25, 9, 10,-1,
		 11, 10, 26, 27,-1,
		 27, 26, 10, 11,-1,
		 12, 11, 27, 28,-1,
		 28, 27, 11, 12,-1,
		 13, 12, 28, 29,-1,
		 29, 28, 12, 13,-1,
		 14, 13, 29, 30,-1,
		 30, 29, 13, 14,-1,
		 15, 14, 30, 31,-1,
		 31, 30, 14, 15,-1,
		 16, 15, 31, 32,-1,
		 32, 31, 15, 16,-1,
		 17, 32, 48, 33,-1,
		 33, 48, 32, 17,-1,
		 18, 17, 33, 34,-1,
		 34, 33, 17, 18,-1,
		 19, 18, 34, 35,-1,
		 35, 34, 18, 19,-1,
		 20, 19, 35, 36,-1,
		 36, 35, 19, 20,-1,
		 21, 20, 36, 37,-1,
		 37, 36, 20, 21,-1,
		 22, 21, 37, 38,-1,
		 38, 37, 21, 22,-1,
		 23, 22, 38, 39,-1,
		 39, 38, 22, 23,-1,
		 24, 23, 39, 40,-1,
		 40, 39, 23, 24,-1,
		 25, 24, 40, 41,-1,
		 41, 40, 24, 25,-1,
		 26, 25, 41, 42,-1,
		 42, 41, 25, 26,-1,
		 27, 26, 42, 43,-1,
		 43, 42, 26, 27,-1,
		 28, 27, 43, 44,-1,
		 44, 43, 27, 28,-1,
		 29, 28, 44, 45,-1,
		 45, 44, 28, 29,-1,
		 30, 29, 45, 46,-1,
		 46, 45, 29, 30,-1,
		 31, 30, 46, 47,-1,
		 47, 46, 30, 31,-1,
		 32, 31, 47, 48,-1,
		 48, 47, 31, 32,-1,
		 33, 48, 64, 49,-1,
		 49, 64, 48, 33,-1,
		 34, 33, 49, 50,-1,
		 50, 49, 33, 34,-1,
		 35, 34, 50, 51,-1,
		 51, 50, 34, 35,-1,
		 36, 35, 51, 52,-1,
		 52, 51, 35, 36,-1,
		 37, 36, 52, 53,-1,
		 53, 52, 36, 37,-1,
		 38, 37, 53, 54,-1,
		 54, 53, 37, 38,-1,
		 39, 38, 54, 55,-1,
		 55, 54, 38, 39,-1,
		 40, 39, 55, 56,-1,
		 56, 55, 39, 40,-1,
		 41, 40, 56, 57,-1,
		 57, 56, 40, 41,-1,
		 42, 41, 57, 58,-1,
		 58, 57, 41, 42,-1,
		 43, 42, 58, 59,-1,
		 59, 58, 42, 43,-1,
		 44, 43, 59, 60,-1,
		 60, 59, 43, 44,-1,
		 45, 44, 60, 61,-1,
		 61, 60, 44, 45,-1,
		 46, 45, 61, 62,-1,
		 62, 61, 45, 46,-1,
		 47, 46, 62, 63,-1,
		 63, 62, 46, 47,-1,
		 48, 47, 63, 64,-1,
		 64, 63, 47, 48,-1,
		 49, 64, 80, 65,-1,
		 65, 80, 64, 49,-1,
		 50, 49, 65, 66,-1,
		 66, 65, 49, 50,-1,
		 51, 50, 66, 67,-1,
		 67, 66, 50, 51,-1,
		 52, 51, 67, 68,-1,
		 68, 67, 51, 52,-1,
		 53, 52, 68, 69,-1,
		 69, 68, 52, 53,-1,
		 54, 53, 69, 70,-1,
		 70, 69, 53, 54,-1,
		 55, 54, 70, 71,-1,
		 71, 70, 54, 55,-1,
		 56, 55, 71, 72,-1,
		 72, 71, 55, 56,-1,
		 57, 56, 72, 73,-1,
		 73, 72, 56, 57,-1,
		 58, 57, 73, 74,-1,
		 74, 73, 57, 58,-1,
		 59, 58, 74, 75,-1,
		 75, 74, 58, 59,-1,
		 60, 59, 75, 76,-1,
		 76, 75, 59, 60,-1,
		 61, 60, 76, 77,-1,
		 77, 76, 60, 61,-1,
		 62, 61, 77, 78,-1,
		 78, 77, 61, 62,-1,
		 63, 62, 78, 79,-1,
		 79, 78, 62, 63,-1,
		 64, 63, 79, 80,-1,
		 80, 79, 63, 64,-1,
		 65, 80, 96, 81,-1,
		 81, 96, 80, 65,-1,
		 66, 65, 81, 82,-1,
		 82, 81, 65, 66,-1,
		 67, 66, 82, 83,-1,
		 83, 82, 66, 67,-1,
		 68, 67, 83, 84,-1,
		 84, 83, 67, 68,-1,
		 69, 68, 84, 85,-1,
		 85, 84, 68, 69,-1,
		 70, 69, 85, 86,-1,
		 86, 85, 69, 70,-1,
		 71, 70, 86, 87,-1,
		 87, 86, 70, 71,-1,
		 72, 71, 87, 88,-1,
		 88, 87, 71, 72,-1,
		 73, 72, 88, 89,-1,
		 89, 88, 72, 73,-1,
		 74, 73, 89, 90,-1,
		 90, 89, 73, 74,-1,
		 75, 74, 90, 91,-1,
		 91, 90, 74, 75,-1,
		 76, 75, 91, 92,-1,
		 92, 91, 75, 76,-1,
		 77, 76, 92, 93,-1,
		 93, 92, 76, 77,-1,
		 78, 77, 93, 94,-1,
		 94, 93, 77, 78,-1,
		 79, 78, 94, 95,-1,
		 95, 94, 78, 79,-1,
		 80, 79, 95, 96,-1,
		 96, 95, 79, 80,-1,
		 81, 96, 112, 97,-1,
		 97, 112, 96, 81,-1,
		 82, 81, 97, 98,-1,
		 98, 97, 81, 82,-1,
		 83, 82, 98, 99,-1,
		 99, 98, 82, 83,-1,
		 84, 83, 99, 100,-1,
		 100, 99, 83, 84,-1,
		 85, 84, 100, 101,-1,
		 101, 100, 84, 85,-1,
		 86, 85, 101, 102,-1,
		 102, 101, 85, 86,-1,
		 87, 86, 102, 103,-1,
		 103, 102, 86, 87,-1,
		 88, 87, 103, 104,-1,
		 104, 103, 87, 88,-1,
		 89, 88, 104, 105,-1,
		 105, 104, 88, 89,-1,
		 90, 89, 105, 106,-1,
		 106, 105, 89, 90,-1,
		 91, 90, 106, 107,-1,
		 107, 106, 90, 91,-1,
		 92, 91, 107, 108,-1,
		 108, 107, 91, 92,-1,
		 93, 92, 108, 109,-1,
		 109, 108, 92, 93,-1,
		 94, 93, 109, 110,-1,
		 110, 109, 93, 94,-1,
		 95, 94, 110, 111,-1,
		 111, 110, 94, 95,-1,
		 96, 95, 111, 112,-1,
		 112, 111, 95, 96,-1,
		 97, 112, 128, 113,-1,
		 113, 128, 112, 97,-1,
		 98, 97, 113, 114,-1,
		 114, 113, 97, 98,-1,
		 99, 98, 114, 115,-1,
		 115, 114, 98, 99,-1,
		 100, 99, 115, 116,-1,
		 116, 115, 99, 100,-1,
		 101, 100, 116, 117,-1,
		 117, 116, 100, 101,-1,
		 102, 101, 117, 118,-1,
		 118, 117, 101, 102,-1,
		 103, 102, 118, 119,-1,
		 119, 118, 102, 103,-1,
		 104, 103, 119, 120,-1,
		 120, 119, 103, 104,-1,
		 105, 104, 120, 121,-1,
		 121, 120, 104, 105,-1,
		 106, 105, 121, 122,-1,
		 122, 121, 105, 106,-1,
		 107, 106, 122, 123,-1,
		 123, 122, 106, 107,-1,
		 108, 107, 123, 124,-1,
		 124, 123, 107, 108,-1,
		 109, 108, 124, 125,-1,
		 125, 124, 108, 109,-1,
		 110, 109, 125, 126,-1,
		 126, 125, 109, 110,-1,
		 111, 110, 126, 127,-1,
		 127, 126, 110, 111,-1,
		 112, 111, 127, 128,-1,
		 128, 127, 111, 112,-1,
		 113, 128, 144, 129,-1,
		 129, 144, 128, 113,-1,
		 114, 113, 129, 130,-1,
		 130, 129, 113, 114,-1,
		 115, 114, 130, 131,-1,
		 131, 130, 114, 115,-1,
		 116, 115, 131, 132,-1,
		 132, 131, 115, 116,-1,
		 117, 116, 132, 133,-1,
		 133, 132, 116, 117,-1,
		 118, 117, 133, 134,-1,
		 134, 133, 117, 118,-1,
		 119, 118, 134, 135,-1,
		 135, 134, 118, 119,-1,
		 120, 119, 135, 136,-1,
		 136, 135, 119, 120,-1,
		 121, 120, 136, 137,-1,
		 137, 136, 120, 121,-1,
		 122, 121, 137, 138,-1,
		 138, 137, 121, 122,-1,
		 123, 122, 138, 139,-1,
		 139, 138, 122, 123,-1,
		 124, 123, 139, 140,-1,
		 140, 139, 123, 124,-1,
		 125, 124, 140, 141,-1,
		 141, 140, 124, 125,-1,
		 126, 125, 141, 142,-1,
		 142, 141, 125, 126,-1,
		 127, 126, 142, 143,-1,
		 143, 142, 126, 127,-1,
		 128, 127, 143, 144,-1,
		 144, 143, 127, 128,-1,
		 129, 144, 145,-1,
		 145, 144, 129,-1,
		 130, 129, 145,-1,
		 145, 129, 130,-1,
		 131, 130, 145,-1,
		 145, 130, 131,-1,
		 132, 131, 145,-1,
		 145, 131, 132,-1,
		 133, 132, 145,-1,
		 145, 132, 133,-1,
		 134, 133, 145,-1,
		 145, 133, 134,-1,
		 135, 134, 145,-1,
		 145, 134, 135,-1,
		 136, 135, 145,-1,
		 145, 135, 136,-1,
		 137, 136, 145,-1,
		 145, 136, 137,-1,
		 138, 137, 145,-1,
		 145, 137, 138,-1,
		 139, 138, 145,-1,
		 145, 138, 139,-1,
		 140, 139, 145,-1,
		 145, 139, 140,-1,
		 141, 140, 145,-1,
		 145, 140, 141,-1,
		 142, 141, 145,-1,
		 145, 141, 142,-1,
		 143, 142, 145,-1,
		 145, 142, 143,-1,
		 144, 143, 145,-1,
		 145, 143, 144,-1,
		]
	} #IndexedFaceSet
} #Polyhedron
Separator { #Polyhedron
	DEF COORD79 Coordinate3 {
		point [
		 4.5403 2.2987 -5.7761,
		 4.4430 2.2987 -5.6945,
		 4.2879 2.2987 -5.8793,
		 4.3852 2.2987 -5.9610,
		 4.5403 2.2098 -5.7761,
		 4.4430 2.2098 -5.6945,
		 4.2879 2.2098 -5.8793,
		 4.3852 2.2098 -5.9610
		]
	} #Coordinate3
	Material {
		ambientColor      0.1176 0.1176 0.1176  #ambientColor
		diffuseColor      0.4706 0.4706 0.4706  #diffuseColor
		transparency      0.0000                #transparency
	} #Material

	IndexedFaceSet {
		coordIndex [ 
		 0, 1, 2, 3,-1,
		 3, 2, 1, 0,-1,
		 0, 3, 7, 4,-1,
		 4, 7, 3, 0,-1,
		 1, 0, 4, 5,-1,
		 5, 4, 0, 1,-1,
		 2, 1, 5, 6,-1,
		 6, 5, 1, 2,-1,
		 3, 2, 6, 7,-1,
		 7, 6, 2, 3,-1,
		 7, 6, 5, 4,-1,
		 4, 5, 6, 7,-1,
		]
	} #IndexedFaceSet
} #Polyhedron
Separator { #Polyhedron
	DEF COORD80 Coordinate3 {
		point [
		 4.4964 2.2352 -5.4864,
		 4.4725 2.2352 -5.4777,
		 4.3210 2.2352 -5.8942,
		 4.3448 2.2352 -5.9028,
		 4.4964 2.2098 -5.4864,
		 4.4725 2.2098 -5.4777,
		 4.3210 2.2098 -5.8942,
		 4.3448 2.2098 -5.9028
		]
	} #Coordinate3
	Material {
		ambientColor      0.2500 0.2500 0.0000  #ambientColor
		diffuseColor      1.0000 1.0000 0.0000  #diffuseColor
		transparency      0.0000                #transparency
	} #Material

	IndexedFaceSet {
		coordIndex [ 
		 0, 1, 2, 3,-1,
		 3, 2, 1, 0,-1,
		 0, 3, 7, 4,-1,
		 4, 7, 3, 0,-1,
		 1, 0, 4, 5,-1,
		 5, 4, 0, 1,-1,
		 2, 1, 5, 6,-1,
		 6, 5, 1, 2,-1,
		 3, 2, 6, 7,-1,
		 7, 6, 2, 3,-1,
		 7, 6, 5, 4,-1,
		 4, 5, 6, 7,-1,
		]
	} #IndexedFaceSet
} #Polyhedron
Separator { #Polyhedron
	DEF COORD81 Coordinate3 {
		point [
		 4.5293 2.1844 -5.4835,
		 4.5073 2.1844 -5.4708,
		 4.2779 2.1844 -5.8683,
		 4.2999 2.1844 -5.8810,
		 4.5293 2.1590 -5.4835,
		 4.5073 2.1590 -5.4708,
		 4.2779 2.1590 -5.8683,
		 4.2999 2.1590 -5.8810
		]
	} #Coordinate3
	Material {
		ambientColor      0.2500 0.2500 0.0000  #ambientColor
		diffuseColor      1.0000 1.0000 0.0000  #diffuseColor
		transparency      0.0000                #transparency
	} #Material

	IndexedFaceSet {
		coordIndex [ 
		 0, 1, 2, 3,-1,
		 3, 2, 1, 0,-1,
		 0, 3, 7, 4,-1,
		 4, 7, 3, 0,-1,
		 1, 0, 4, 5,-1,
		 5, 4, 0, 1,-1,
		 2, 1, 5, 6,-1,
		 6, 5, 1, 2,-1,
		 3, 2, 6, 7,-1,
		 7, 6, 2, 3,-1,
		 7, 6, 5, 4,-1,
		 4, 5, 6, 7,-1,
		]
	} #IndexedFaceSet
} #Polyhedron
Separator { #Polyhedron
	DEF COORD82 Coordinate3 {
		point [
		 4.5014 2.1590 -5.7435,
		 4.4430 2.1590 -5.6945,
		 4.2879 2.1590 -5.8793,
		 4.3463 2.1590 -5.9283,
		 4.5014 2.1336 -5.7435,
		 4.4430 2.1336 -5.6945,
		 4.2879 2.1336 -5.8793,
		 4.3463 2.1336 -5.9283
		]
	} #Coordinate3
	Material {
		ambientColor      0.1176 0.1176 0.1176  #ambientColor
		diffuseColor      0.4706 0.4706 0.4706  #diffuseColor
		transparency      0.0000                #transparency
	} #Material

	IndexedFaceSet {
		coordIndex [ 
		 0, 1, 2, 3,-1,
		 3, 2, 1, 0,-1,
		 0, 3, 7, 4,-1,
		 4, 7, 3, 0,-1,
		 1, 0, 4, 5,-1,
		 5, 4, 0, 1,-1,
		 2, 1, 5, 6,-1,
		 6, 5, 1, 2,-1,
		 3, 2, 6, 7,-1,
		 7, 6, 2, 3,-1,
		 7, 6, 5, 4,-1,
		 4, 5, 6, 7,-1,
		]
	} #IndexedFaceSet
} #Polyhedron
Separator { #Polyhedron
	DEF COORD83 Coordinate3 {
		point [
		 6.0960 2.1336 -2.1336,
		 6.0960 0.0000 -2.1336,
		 6.0960 0.0000 -1.2192,
		 6.0960 2.1336 -1.2192,
		 6.0452 2.1336 -2.1336,
		 6.0452 0.0000 -2.1336,
		 6.0452 0.0000 -1.2192,
		 6.0452 2.1336 -1.2192
		]
	} #Coordinate3
	Material {
		ambientColor      0.1735 0.1735 0.1735  #ambientColor
		diffuseColor      0.6941 0.6941 0.6941  #diffuseColor
		transparency      0.0000                #transparency
	} #Material

	IndexedFaceSet {
		coordIndex [ 
		 0, 1, 2, 3,-1,
		 3, 2, 1, 0,-1,
		 0, 3, 7, 4,-1,
		 4, 7, 3, 0,-1,
		 1, 0, 4, 5,-1,
		 5, 4, 0, 1,-1,
		 2, 1, 5, 6,-1,
		 6, 5, 1, 2,-1,
		 3, 2, 6, 7,-1,
		 7, 6, 2, 3,-1,
		 7, 6, 5, 4,-1,
		 4, 5, 6, 7,-1,
		]
	} #IndexedFaceSet
} #Polyhedron
Separator { #Polyhedron
	DEF COORD84 Coordinate3 {
		point [
		 6.0452 0.9144 -1.3589,
		 6.0363 0.9449 -1.3589,
		 6.0363 0.9426 -1.3706,
		 6.0363 0.9360 -1.3805,
		 6.0363 0.9261 -1.3871,
		 6.0363 0.9144 -1.3894,
		 6.0363 0.9027 -1.3871,
		 6.0363 0.8928 -1.3805,
		 6.0363 0.8862 -1.3706,
		 6.0363 0.8839 -1.3589,
		 6.0363 0.8862 -1.3472,
		 6.0363 0.8928 -1.3374,
		 6.0363 0.9027 -1.3307,
		 6.0363 0.9144 -1.3284,
		 6.0363 0.9261 -1.3307,
		 6.0363 0.9360 -1.3374,
		 6.0363 0.9426 -1.3472,
		 6.0274 0.9550 -1.3589,
		 6.0274 0.9519 -1.3745,
		 6.0274 0.9431 -1.3876,
		 6.0274 0.9300 -1.3965,
		 6.0274 0.9144 -1.3995,
		 6.0274 0.8988 -1.3965,
		 6.0274 0.8857 -1.3876,
		 6.0274 0.8769 -1.3745,
		 6.0274 0.8738 -1.3589,
		 6.0274 0.8769 -1.3434,
		 6.0274 0.8857 -1.3302,
		 6.0274 0.8988 -1.3214,
		 6.0274 0.9144 -1.3183,
		 6.0274 0.9300 -1.3214,
		 6.0274 0.9431 -1.3302,
		 6.0274 0.9519 -1.3434,
		 6.0185 0.9610 -1.3589,
		 6.0185 0.9574 -1.3767,
		 6.0185 0.9473 -1.3918,
		 6.0185 0.9322 -1.4019,
		 6.0185 0.9144 -1.4055,
		 6.0185 0.8966 -1.4019,
		 6.0185 0.8815 -1.3918,
		 6.0185 0.8714 -1.3767,
		 6.0185 0.8678 -1.3589,
		 6.0185 0.8714 -1.3411,
		 6.0185 0.8815 -1.3260,
		 6.0185 0.8966 -1.3159,
		 6.0185 0.9144 -1.3123,
		 6.0185 0.9322 -1.3159,
		 6.0185 0.9473 -1.3260,
		 6.0185 0.9574 -1.3411,
		 6.0097 0.9642 -1.3589,
		 6.0097 0.9604 -1.3780,
		 6.0097 0.9496 -1.3941,
		 6.0097 0.9334 -1.4049,
		 6.0097 0.9144 -1.4087,
		 6.0097 0.8954 -1.4049,
		 6.0097 0.8792 -1.3941,
		 6.0097 0.8684 -1.3780,
		 6.0097 0.8646 -1.3589,
		 6.0097 0.8684 -1.3399,
		 6.0097 0.8792 -1.3237,
		 6.0097 0.8954 -1.3129,
		 6.0097 0.9144 -1.3091,
		 6.0097 0.9334 -1.3129,
		 6.0097 0.9496 -1.3237,
		 6.0097 0.9604 -1.3399,
		 6.0008 0.9652 -1.3589,
		 6.0008 0.9613 -1.3783,
		 6.0008 0.9503 -1.3948,
		 6.0008 0.9338 -1.4058,
		 6.0008 0.9144 -1.4097,
		 6.0008 0.8950 -1.4058,
		 6.0008 0.8785 -1.3948,
		 6.0008 0.8675 -1.3783,
		 6.0008 0.8636 -1.3589,
		 6.0008 0.8675 -1.3395,
		 6.0008 0.8785 -1.3230,
		 6.0008 0.8950 -1.3120,
		 6.0008 0.9144 -1.3081,
		 6.0008 0.9338 -1.3120,
		 6.0008 0.9503 -1.3230,
		 6.0008 0.9613 -1.3395,
		 5.9919 0.9642 -1.3589,
		 5.9919 0.9604 -1.3780,
		 5.9919 0.9496 -1.3941,
		 5.9919 0.9334 -1.4049,
		 5.9919 0.9144 -1.4087,
		 5.9919 0.8954 -1.4049,
		 5.9919 0.8792 -1.3941,
		 5.9919 0.8684 -1.3780,
		 5.9919 0.8646 -1.3589,
		 5.9919 0.8684 -1.3399,
		 5.9919 0.8792 -1.3237,
		 5.9919 0.8954 -1.3129,
		 5.9919 0.9144 -1.3091,
		 5.9919 0.9334 -1.3129,
		 5.9919 0.9496 -1.3237,
		 5.9919 0.9604 -1.3399,
		 5.9830 0.9610 -1.3589,
		 5.9830 0.9574 -1.3767,
		 5.9830 0.9473 -1.3918,
		 5.9830 0.9322 -1.4019,
		 5.9830 0.9144 -1.4055,
		 5.9830 0.8966 -1.4019,
		 5.9830 0.8815 -1.3918,
		 5.9830 0.8714 -1.3767,
		 5.9830 0.8678 -1.3589,
		 5.9830 0.8714 -1.3411,
		 5.9830 0.8815 -1.3260,
		 5.9830 0.8966 -1.3159,
		 5.9830 0.9144 -1.3123,
		 5.9830 0.9322 -1.3159,
		 5.9830 0.9473 -1.3260,
		 5.9830 0.9574 -1.3411,
		 5.9741 0.9550 -1.3589,
		 5.9741 0.9519 -1.3745,
		 5.9741 0.9431 -1.3876,
		 5.9741 0.9300 -1.3965,
		 5.9741 0.9144 -1.3995,
		 5.9741 0.8988 -1.3965,
		 5.9741 0.8857 -1.3876,
		 5.9741 0.8769 -1.3745,
		 5.9741 0.8738 -1.3589,
		 5.9741 0.8769 -1.3434,
		 5.9741 0.8857 -1.3302,
		 5.9741 0.8988 -1.3214,
		 5.9741 0.9144 -1.3183,
		 5.9741 0.9300 -1.3214,
		 5.9741 0.9431 -1.3302,
		 5.9741 0.9519 -1.3434,
		 5.9652 0.9449 -1.3589,
		 5.9652 0.9426 -1.3706,
		 5.9652 0.9360 -1.3805,
		 5.9652 0.9261 -1.3871,
		 5.9652 0.9144 -1.3894,
		 5.9652 0.9027 -1.3871,
		 5.9652 0.8928 -1.3805,
		 5.9652 0.8862 -1.3706,
		 5.9652 0.8839 -1.3589,
		 5.9652 0.8862 -1.3472,
		 5.9652 0.8928 -1.3374,
		 5.9652 0.9027 -1.3307,
		 5.9652 0.9144 -1.3284,
		 5.9652 0.9261 -1.3307,
		 5.9652 0.9360 -1.3374,
		 5.9652 0.9426 -1.3472,
		 5.9563 0.9144 -1.3589
		]
	} #Coordinate3
	Material {
		ambientColor      0.1804 0.1804 0.1804  #ambientColor
		diffuseColor      0.7216 0.7216 0.7216  #diffuseColor
		transparency      0.0000                #transparency
	} #Material

	IndexedFaceSet {
		coordIndex [ 
		 0, 16, 1,-1,
		 1, 16, 0,-1,
		 0, 1, 2,-1,
		 2, 1, 0,-1,
		 0, 2, 3,-1,
		 3, 2, 0,-1,
		 0, 3, 4,-1,
		 4, 3, 0,-1,
		 0, 4, 5,-1,
		 5, 4, 0,-1,
		 0, 5, 6,-1,
		 6, 5, 0,-1,
		 0, 6, 7,-1,
		 7, 6, 0,-1,
		 0, 7, 8,-1,
		 8, 7, 0,-1,
		 0, 8, 9,-1,
		 9, 8, 0,-1,
		 0, 9, 10,-1,
		 10, 9, 0,-1,
		 0, 10, 11,-1,
		 11, 10, 0,-1,
		 0, 11, 12,-1,
		 12, 11, 0,-1,
		 0, 12, 13,-1,
		 13, 12, 0,-1,
		 0, 13, 14,-1,
		 14, 13, 0,-1,
		 0, 14, 15,-1,
		 15, 14, 0,-1,
		 0, 15, 16,-1,
		 16, 15, 0,-1,
		 1, 16, 32, 17,-1,
		 17, 32, 16, 1,-1,
		 2, 1, 17, 18,-1,
		 18, 17, 1, 2,-1,
		 3, 2, 18, 19,-1,
		 19, 18, 2, 3,-1,
		 4, 3, 19, 20,-1,
		 20, 19, 3, 4,-1,
		 5, 4, 20, 21,-1,
		 21, 20, 4, 5,-1,
		 6, 5, 21, 22,-1,
		 22, 21, 5, 6,-1,
		 7, 6, 22, 23,-1,
		 23, 22, 6, 7,-1,
		 8, 7, 23, 24,-1,
		 24, 23, 7, 8,-1,
		 9, 8, 24, 25,-1,
		 25, 24, 8, 9,-1,
		 10, 9, 25, 26,-1,
		 26, 25, 9, 10,-1,
		 11, 10, 26, 27,-1,
		 27, 26, 10, 11,-1,
		 12, 11, 27, 28,-1,
		 28, 27, 11, 12,-1,
		 13, 12, 28, 29,-1,
		 29, 28, 12, 13,-1,
		 14, 13, 29, 30,-1,
		 30, 29, 13, 14,-1,
		 15, 14, 30, 31,-1,
		 31, 30, 14, 15,-1,
		 16, 15, 31, 32,-1,
		 32, 31, 15, 16,-1,
		 17, 32, 48, 33,-1,
		 33, 48, 32, 17,-1,
		 18, 17, 33, 34,-1,
		 34, 33, 17, 18,-1,
		 19, 18, 34, 35,-1,
		 35, 34, 18, 19,-1,
		 20, 19, 35, 36,-1,
		 36, 35, 19, 20,-1,
		 21, 20, 36, 37,-1,
		 37, 36, 20, 21,-1,
		 22, 21, 37, 38,-1,
		 38, 37, 21, 22,-1,
		 23, 22, 38, 39,-1,
		 39, 38, 22, 23,-1,
		 24, 23, 39, 40,-1,
		 40, 39, 23, 24,-1,
		 25, 24, 40, 41,-1,
		 41, 40, 24, 25,-1,
		 26, 25, 41, 42,-1,
		 42, 41, 25, 26,-1,
		 27, 26, 42, 43,-1,
		 43, 42, 26, 27,-1,
		 28, 27, 43, 44,-1,
		 44, 43, 27, 28,-1,
		 29, 28, 44, 45,-1,
		 45, 44, 28, 29,-1,
		 30, 29, 45, 46,-1,
		 46, 45, 29, 30,-1,
		 31, 30, 46, 47,-1,
		 47, 46, 30, 31,-1,
		 32, 31, 47, 48,-1,
		 48, 47, 31, 32,-1,
		 33, 48, 64, 49,-1,
		 49, 64, 48, 33,-1,
		 34, 33, 49, 50,-1,
		 50, 49, 33, 34,-1,
		 35, 34, 50, 51,-1,
		 51, 50, 34, 35,-1,
		 36, 35, 51, 52,-1,
		 52, 51, 35, 36,-1,
		 37, 36, 52, 53,-1,
		 53, 52, 36, 37,-1,
		 38, 37, 53, 54,-1,
		 54, 53, 37, 38,-1,
		 39, 38, 54, 55,-1,
		 55, 54, 38, 39,-1,
		 40, 39, 55, 56,-1,
		 56, 55, 39, 40,-1,
		 41, 40, 56, 57,-1,
		 57, 56, 40, 41,-1,
		 42, 41, 57, 58,-1,
		 58, 57, 41, 42,-1,
		 43, 42, 58, 59,-1,
		 59, 58, 42, 43,-1,
		 44, 43, 59, 60,-1,
		 60, 59, 43, 44,-1,
		 45, 44, 60, 61,-1,
		 61, 60, 44, 45,-1,
		 46, 45, 61, 62,-1,
		 62, 61, 45, 46,-1,
		 47, 46, 62, 63,-1,
		 63, 62, 46, 47,-1,
		 48, 47, 63, 64,-1,
		 64, 63, 47, 48,-1,
		 49, 64, 80, 65,-1,
		 65, 80, 64, 49,-1,
		 50, 49, 65, 66,-1,
		 66, 65, 49, 50,-1,
		 51, 50, 66, 67,-1,
		 67, 66, 50, 51,-1,
		 52, 51, 67, 68,-1,
		 68, 67, 51, 52,-1,
		 53, 52, 68, 69,-1,
		 69, 68, 52, 53,-1,
		 54, 53, 69, 70,-1,
		 70, 69, 53, 54,-1,
		 55, 54, 70, 71,-1,
		 71, 70, 54, 55,-1,
		 56, 55, 71, 72,-1,
		 72, 71, 55, 56,-1,
		 57, 56, 72, 73,-1,
		 73, 72, 56, 57,-1,
		 58, 57, 73, 74,-1,
		 74, 73, 57, 58,-1,
		 59, 58, 74, 75,-1,
		 75, 74, 58, 59,-1,
		 60, 59, 75, 76,-1,
		 76, 75, 59, 60,-1,
		 61, 60, 76, 77,-1,
		 77, 76, 60, 61,-1,
		 62, 61, 77, 78,-1,
		 78, 77, 61, 62,-1,
		 63, 62, 78, 79,-1,
		 79, 78, 62, 63,-1,
		 64, 63, 79, 80,-1,
		 80, 79, 63, 64,-1,
		 65, 80, 96, 81,-1,
		 81, 96, 80, 65,-1,
		 66, 65, 81, 82,-1,
		 82, 81, 65, 66,-1,
		 67, 66, 82, 83,-1,
		 83, 82, 66, 67,-1,
		 68, 67, 83, 84,-1,
		 84, 83, 67, 68,-1,
		 69, 68, 84, 85,-1,
		 85, 84, 68, 69,-1,
		 70, 69, 85, 86,-1,
		 86, 85, 69, 70,-1,
		 71, 70, 86, 87,-1,
		 87, 86, 70, 71,-1,
		 72, 71, 87, 88,-1,
		 88, 87, 71, 72,-1,
		 73, 72, 88, 89,-1,
		 89, 88, 72, 73,-1,
		 74, 73, 89, 90,-1,
		 90, 89, 73, 74,-1,
		 75, 74, 90, 91,-1,
		 91, 90, 74, 75,-1,
		 76, 75, 91, 92,-1,
		 92, 91, 75, 76,-1,
		 77, 76, 92, 93,-1,
		 93, 92, 76, 77,-1,
		 78, 77, 93, 94,-1,
		 94, 93, 77, 78,-1,
		 79, 78, 94, 95,-1,
		 95, 94, 78, 79,-1,
		 80, 79, 95, 96,-1,
		 96, 95, 79, 80,-1,
		 81, 96, 112, 97,-1,
		 97, 112, 96, 81,-1,
		 82, 81, 97, 98,-1,
		 98, 97, 81, 82,-1,
		 83, 82, 98, 99,-1,
		 99, 98, 82, 83,-1,
		 84, 83, 99, 100,-1,
		 100, 99, 83, 84,-1,
		 85, 84, 100, 101,-1,
		 101, 100, 84, 85,-1,
		 86, 85, 101, 102,-1,
		 102, 101, 85, 86,-1,
		 87, 86, 102, 103,-1,
		 103, 102, 86, 87,-1,
		 88, 87, 103, 104,-1,
		 104, 103, 87, 88,-1,
		 89, 88, 104, 105,-1,
		 105, 104, 88, 89,-1,
		 90, 89, 105, 106,-1,
		 106, 105, 89, 90,-1,
		 91, 90, 106, 107,-1,
		 107, 106, 90, 91,-1,
		 92, 91, 107, 108,-1,
		 108, 107, 91, 92,-1,
		 93, 92, 108, 109,-1,
		 109, 108, 92, 93,-1,
		 94, 93, 109, 110,-1,
		 110, 109, 93, 94,-1,
		 95, 94, 110, 111,-1,
		 111, 110, 94, 95,-1,
		 96, 95, 111, 112,-1,
		 112, 111, 95, 96,-1,
		 97, 112, 128, 113,-1,
		 113, 128, 112, 97,-1,
		 98, 97, 113, 114,-1,
		 114, 113, 97, 98,-1,
		 99, 98, 114, 115,-1,
		 115, 114, 98, 99,-1,
		 100, 99, 115, 116,-1,
		 116, 115, 99, 100,-1,
		 101, 100, 116, 117,-1,
		 117, 116, 100, 101,-1,
		 102, 101, 117, 118,-1,
		 118, 117, 101, 102,-1,
		 103, 102, 118, 119,-1,
		 119, 118, 102, 103,-1,
		 104, 103, 119, 120,-1,
		 120, 119, 103, 104,-1,
		 105, 104, 120, 121,-1,
		 121, 120, 104, 105,-1,
		 106, 105, 121, 122,-1,
		 122, 121, 105, 106,-1,
		 107, 106, 122, 123,-1,
		 123, 122, 106, 107,-1,
		 108, 107, 123, 124,-1,
		 124, 123, 107, 108,-1,
		 109, 108, 124, 125,-1,
		 125, 124, 108, 109,-1,
		 110, 109, 125, 126,-1,
		 126, 125, 109, 110,-1,
		 111, 110, 126, 127,-1,
		 127, 126, 110, 111,-1,
		 112, 111, 127, 128,-1,
		 128, 127, 111, 112,-1,
		 113, 128, 144, 129,-1,
		 129, 144, 128, 113,-1,
		 114, 113, 129, 130,-1,
		 130, 129, 113, 114,-1,
		 115, 114, 130, 131,-1,
		 131, 130, 114, 115,-1,
		 116, 115, 131, 132,-1,
		 132, 131, 115, 116,-1,
		 117, 116, 132, 133,-1,
		 133, 132, 116, 117,-1,
		 118, 117, 133, 134,-1,
		 134, 133, 117, 118,-1,
		 119, 118, 134, 135,-1,
		 135, 134, 118, 119,-1,
		 120, 119, 135, 136,-1,
		 136, 135, 119, 120,-1,
		 121, 120, 136, 137,-1,
		 137, 136, 120, 121,-1,
		 122, 121, 137, 138,-1,
		 138, 137, 121, 122,-1,
		 123, 122, 138, 139,-1,
		 139, 138, 122, 123,-1,
		 124, 123, 139, 140,-1,
		 140, 139, 123, 124,-1,
		 125, 124, 140, 141,-1,
		 141, 140, 124, 125,-1,
		 126, 125, 141, 142,-1,
		 142, 141, 125, 126,-1,
		 127, 126, 142, 143,-1,
		 143, 142, 126, 127,-1,
		 128, 127, 143, 144,-1,
		 144, 143, 127, 128,-1,
		 129, 144, 145,-1,
		 145, 144, 129,-1,
		 130, 129, 145,-1,
		 145, 129, 130,-1,
		 131, 130, 145,-1,
		 145, 130, 131,-1,
		 132, 131, 145,-1,
		 145, 131, 132,-1,
		 133, 132, 145,-1,
		 145, 132, 133,-1,
		 134, 133, 145,-1,
		 145, 133, 134,-1,
		 135, 134, 145,-1,
		 145, 134, 135,-1,
		 136, 135, 145,-1,
		 145, 135, 136,-1,
		 137, 136, 145,-1,
		 145, 136, 137,-1,
		 138, 137, 145,-1,
		 145, 137, 138,-1,
		 139, 138, 145,-1,
		 145, 138, 139,-1,
		 140, 139, 145,-1,
		 145, 139, 140,-1,
		 141, 140, 145,-1,
		 145, 140, 141,-1,
		 142, 141, 145,-1,
		 145, 141, 142,-1,
		 143, 142, 145,-1,
		 145, 142, 143,-1,
		 144, 143, 145,-1,
		 145, 143, 144,-1,
		]
	} #IndexedFaceSet
} #Polyhedron
Separator { #Polyhedron
	DEF COORD85 Coordinate3 {
		point [
		 -6.0960 2.1336 -1.2192,
		 -6.0960 0.0000 -1.2192,
		 -6.0960 0.0000 -2.1336,
		 -6.0960 2.1336 -2.1336,
		 -6.0452 2.1336 -1.2192,
		 -6.0452 0.0000 -1.2192,
		 -6.0452 0.0000 -2.1336,
		 -6.0452 2.1336 -2.1336
		]
	} #Coordinate3
	Material {
		ambientColor      0.1735 0.1735 0.1735  #ambientColor
		diffuseColor      0.6941 0.6941 0.6941  #diffuseColor
		transparency      0.0000                #transparency
	} #Material

	IndexedFaceSet {
		coordIndex [ 
		 0, 1, 2, 3,-1,
		 3, 2, 1, 0,-1,
		 0, 3, 7, 4,-1,
		 4, 7, 3, 0,-1,
		 1, 0, 4, 5,-1,
		 5, 4, 0, 1,-1,
		 2, 1, 5, 6,-1,
		 6, 5, 1, 2,-1,
		 3, 2, 6, 7,-1,
		 7, 6, 2, 3,-1,
		 7, 6, 5, 4,-1,
		 4, 5, 6, 7,-1,
		]
	} #IndexedFaceSet
} #Polyhedron
Separator { #Polyhedron
	DEF COORD86 Coordinate3 {
		point [
		 -6.0452 0.9144 -1.9939,
		 -6.0363 0.9449 -1.9939,
		 -6.0363 0.9426 -1.9822,
		 -6.0363 0.9360 -1.9724,
		 -6.0363 0.9261 -1.9657,
		 -6.0363 0.9144 -1.9634,
		 -6.0363 0.9027 -1.9657,
		 -6.0363 0.8928 -1.9724,
		 -6.0363 0.8862 -1.9822,
		 -6.0363 0.8839 -1.9939,
		 -6.0363 0.8862 -2.0056,
		 -6.0363 0.8928 -2.0155,
		 -6.0363 0.9027 -2.0221,
		 -6.0363 0.9144 -2.0244,
		 -6.0363 0.9261 -2.0221,
		 -6.0363 0.9360 -2.0155,
		 -6.0363 0.9426 -2.0056,
		 -6.0274 0.9550 -1.9939,
		 -6.0274 0.9519 -1.9784,
		 -6.0274 0.9431 -1.9652,
		 -6.0274 0.9300 -1.9564,
		 -6.0274 0.9144 -1.9533,
		 -6.0274 0.8988 -1.9564,
		 -6.0274 0.8857 -1.9652,
		 -6.0274 0.8769 -1.9784,
		 -6.0274 0.8738 -1.9939,
		 -6.0274 0.8769 -2.0095,
		 -6.0274 0.8857 -2.0226,
		 -6.0274 0.8988 -2.0315,
		 -6.0274 0.9144 -2.0345,
		 -6.0274 0.9300 -2.0315,
		 -6.0274 0.9431 -2.0226,
		 -6.0274 0.9519 -2.0095,
		 -6.0185 0.9610 -1.9939,
		 -6.0185 0.9574 -1.9761,
		 -6.0185 0.9473 -1.9610,
		 -6.0185 0.9322 -1.9509,
		 -6.0185 0.9144 -1.9473,
		 -6.0185 0.8966 -1.9509,
		 -6.0185 0.8815 -1.9610,
		 -6.0185 0.8714 -1.9761,
		 -6.0185 0.8678 -1.9939,
		 -6.0185 0.8714 -2.0117,
		 -6.0185 0.8815 -2.0268,
		 -6.0185 0.8966 -2.0369,
		 -6.0185 0.9144 -2.0405,
		 -6.0185 0.9322 -2.0369,
		 -6.0185 0.9473 -2.0268,
		 -6.0185 0.9574 -2.0117,
		 -6.0097 0.9642 -1.9939,
		 -6.0097 0.9604 -1.9749,
		 -6.0097 0.9496 -1.9587,
		 -6.0097 0.9334 -1.9479,
		 -6.0097 0.9144 -1.9441,
		 -6.0097 0.8954 -1.9479,
		 -6.0097 0.8792 -1.9587,
		 -6.0097 0.8684 -1.9749,
		 -6.0097 0.8646 -1.9939,
		 -6.0097 0.8684 -2.0130,
		 -6.0097 0.8792 -2.0291,
		 -6.0097 0.8954 -2.0399,
		 -6.0097 0.9144 -2.0437,
		 -6.0097 0.9334 -2.0399,
		 -6.0097 0.9496 -2.0291,
		 -6.0097 0.9604 -2.0130,
		 -6.0008 0.9652 -1.9939,
		 -6.0008 0.9613 -1.9745,
		 -6.0008 0.9503 -1.9580,
		 -6.0008 0.9338 -1.9470,
		 -6.0008 0.9144 -1.9431,
		 -6.0008 0.8950 -1.9470,
		 -6.0008 0.8785 -1.9580,
		 -6.0008 0.8675 -1.9745,
		 -6.0008 0.8636 -1.9939,
		 -6.0008 0.8675 -2.0133,
		 -6.0008 0.8785 -2.0298,
		 -6.0008 0.8950 -2.0408,
		 -6.0008 0.9144 -2.0447,
		 -6.0008 0.9338 -2.0408,
		 -6.0008 0.9503 -2.0298,
		 -6.0008 0.9613 -2.0133,
		 -5.9919 0.9642 -1.9939,
		 -5.9919 0.9604 -1.9749,
		 -5.9919 0.9496 -1.9587,
		 -5.9919 0.9334 -1.9479,
		 -5.9919 0.9144 -1.9441,
		 -5.9919 0.8954 -1.9479,
		 -5.9919 0.8792 -1.9587,
		 -5.9919 0.8684 -1.9749,
		 -5.9919 0.8646 -1.9939,
		 -5.9919 0.8684 -2.0130,
		 -5.9919 0.8792 -2.0291,
		 -5.9919 0.8954 -2.0399,
		 -5.9919 0.9144 -2.0437,
		 -5.9919 0.9334 -2.0399,
		 -5.9919 0.9496 -2.0291,
		 -5.9919 0.9604 -2.0130,
		 -5.9830 0.9610 -1.9939,
		 -5.9830 0.9574 -1.9761,
		 -5.9830 0.9473 -1.9610,
		 -5.9830 0.9322 -1.9509,
		 -5.9830 0.9144 -1.9473,
		 -5.9830 0.8966 -1.9509,
		 -5.9830 0.8815 -1.9610,
		 -5.9830 0.8714 -1.9761,
		 -5.9830 0.8678 -1.9939,
		 -5.9830 0.8714 -2.0117,
		 -5.9830 0.8815 -2.0268,
		 -5.9830 0.8966 -2.0369,
		 -5.9830 0.9144 -2.0405,
		 -5.9830 0.9322 -2.0369,
		 -5.9830 0.9473 -2.0268,
		 -5.9830 0.9574 -2.0117,
		 -5.9741 0.9550 -1.9939,
		 -5.9741 0.9519 -1.9784,
		 -5.9741 0.9431 -1.9652,
		 -5.9741 0.9300 -1.9564,
		 -5.9741 0.9144 -1.9533,
		 -5.9741 0.8988 -1.9564,
		 -5.9741 0.8857 -1.9652,
		 -5.9741 0.8769 -1.9784,
		 -5.9741 0.8738 -1.9939,
		 -5.9741 0.8769 -2.0095,
		 -5.9741 0.8857 -2.0226,
		 -5.9741 0.8988 -2.0315,
		 -5.9741 0.9144 -2.0345,
		 -5.9741 0.9300 -2.0315,
		 -5.9741 0.9431 -2.0226,
		 -5.9741 0.9519 -2.0095,
		 -5.9652 0.9449 -1.9939,
		 -5.9652 0.9426 -1.9822,
		 -5.9652 0.9360 -1.9724,
		 -5.9652 0.9261 -1.9657,
		 -5.9652 0.9144 -1.9634,
		 -5.9652 0.9027 -1.9657,
		 -5.9652 0.8928 -1.9724,
		 -5.9652 0.8862 -1.9822,
		 -5.9652 0.8839 -1.9939,
		 -5.9652 0.8862 -2.0056,
		 -5.9652 0.8928 -2.0155,
		 -5.9652 0.9027 -2.0221,
		 -5.9652 0.9144 -2.0244,
		 -5.9652 0.9261 -2.0221,
		 -5.9652 0.9360 -2.0155,
		 -5.9652 0.9426 -2.0056,
		 -5.9563 0.9144 -1.9939
		]
	} #Coordinate3
	Material {
		ambientColor      0.1804 0.1804 0.1804  #ambientColor
		diffuseColor      0.7216 0.7216 0.7216  #diffuseColor
		transparency      0.0000                #transparency
	} #Material

	IndexedFaceSet {
		coordIndex [ 
		 0, 16, 1,-1,
		 1, 16, 0,-1,
		 0, 1, 2,-1,
		 2, 1, 0,-1,
		 0, 2, 3,-1,
		 3, 2, 0,-1,
		 0, 3, 4,-1,
		 4, 3, 0,-1,
		 0, 4, 5,-1,
		 5, 4, 0,-1,
		 0, 5, 6,-1,
		 6, 5, 0,-1,
		 0, 6, 7,-1,
		 7, 6, 0,-1,
		 0, 7, 8,-1,
		 8, 7, 0,-1,
		 0, 8, 9,-1,
		 9, 8, 0,-1,
		 0, 9, 10,-1,
		 10, 9, 0,-1,
		 0, 10, 11,-1,
		 11, 10, 0,-1,
		 0, 11, 12,-1,
		 12, 11, 0,-1,
		 0, 12, 13,-1,
		 13, 12, 0,-1,
		 0, 13, 14,-1,
		 14, 13, 0,-1,
		 0, 14, 15,-1,
		 15, 14, 0,-1,
		 0, 15, 16,-1,
		 16, 15, 0,-1,
		 1, 16, 32, 17,-1,
		 17, 32, 16, 1,-1,
		 2, 1, 17, 18,-1,
		 18, 17, 1, 2,-1,
		 3, 2, 18, 19,-1,
		 19, 18, 2, 3,-1,
		 4, 3, 19, 20,-1,
		 20, 19, 3, 4,-1,
		 5, 4, 20, 21,-1,
		 21, 20, 4, 5,-1,
		 6, 5, 21, 22,-1,
		 22, 21, 5, 6,-1,
		 7, 6, 22, 23,-1,
		 23, 22, 6, 7,-1,
		 8, 7, 23, 24,-1,
		 24, 23, 7, 8,-1,
		 9, 8, 24, 25,-1,
		 25, 24, 8, 9,-1,
		 10, 9, 25, 26,-1,
		 26, 25, 9, 10,-1,
		 11, 10, 26, 27,-1,
		 27, 26, 10, 11,-1,
		 12, 11, 27, 28,-1,
		 28, 27, 11, 12,-1,
		 13, 12, 28, 29,-1,
		 29, 28, 12, 13,-1,
		 14, 13, 29, 30,-1,
		 30, 29, 13, 14,-1,
		 15, 14, 30, 31,-1,
		 31, 30, 14, 15,-1,
		 16, 15, 31, 32,-1,
		 32, 31, 15, 16,-1,
		 17, 32, 48, 33,-1,
		 33, 48, 32, 17,-1,
		 18, 17, 33, 34,-1,
		 34, 33, 17, 18,-1,
		 19, 18, 34, 35,-1,
		 35, 34, 18, 19,-1,
		 20, 19, 35, 36,-1,
		 36, 35, 19, 20,-1,
		 21, 20, 36, 37,-1,
		 37, 36, 20, 21,-1,
		 22, 21, 37, 38,-1,
		 38, 37, 21, 22,-1,
		 23, 22, 38, 39,-1,
		 39, 38, 22, 23,-1,
		 24, 23, 39, 40,-1,
		 40, 39, 23, 24,-1,
		 25, 24, 40, 41,-1,
		 41, 40, 24, 25,-1,
		 26, 25, 41, 42,-1,
		 42, 41, 25, 26,-1,
		 27, 26, 42, 43,-1,
		 43, 42, 26, 27,-1,
		 28, 27, 43, 44,-1,
		 44, 43, 27, 28,-1,
		 29, 28, 44, 45,-1,
		 45, 44, 28, 29,-1,
		 30, 29, 45, 46,-1,
		 46, 45, 29, 30,-1,
		 31, 30, 46, 47,-1,
		 47, 46, 30, 31,-1,
		 32, 31, 47, 48,-1,
		 48, 47, 31, 32,-1,
		 33, 48, 64, 49,-1,
		 49, 64, 48, 33,-1,
		 34, 33, 49, 50,-1,
		 50, 49, 33, 34,-1,
		 35, 34, 50, 51,-1,
		 51, 50, 34, 35,-1,
		 36, 35, 51, 52,-1,
		 52, 51, 35, 36,-1,
		 37, 36, 52, 53,-1,
		 53, 52, 36, 37,-1,
		 38, 37, 53, 54,-1,
		 54, 53, 37, 38,-1,
		 39, 38, 54, 55,-1,
		 55, 54, 38, 39,-1,
		 40, 39, 55, 56,-1,
		 56, 55, 39, 40,-1,
		 41, 40, 56, 57,-1,
		 57, 56, 40, 41,-1,
		 42, 41, 57, 58,-1,
		 58, 57, 41, 42,-1,
		 43, 42, 58, 59,-1,
		 59, 58, 42, 43,-1,
		 44, 43, 59, 60,-1,
		 60, 59, 43, 44,-1,
		 45, 44, 60, 61,-1,
		 61, 60, 44, 45,-1,
		 46, 45, 61, 62,-1,
		 62, 61, 45, 46,-1,
		 47, 46, 62, 63,-1,
		 63, 62, 46, 47,-1,
		 48, 47, 63, 64,-1,
		 64, 63, 47, 48,-1,
		 49, 64, 80, 65,-1,
		 65, 80, 64, 49,-1,
		 50, 49, 65, 66,-1,
		 66, 65, 49, 50,-1,
		 51, 50, 66, 67,-1,
		 67, 66, 50, 51,-1,
		 52, 51, 67, 68,-1,
		 68, 67, 51, 52,-1,
		 53, 52, 68, 69,-1,
		 69, 68, 52, 53,-1,
		 54, 53, 69, 70,-1,
		 70, 69, 53, 54,-1,
		 55, 54, 70, 71,-1,
		 71, 70, 54, 55,-1,
		 56, 55, 71, 72,-1,
		 72, 71, 55, 56,-1,
		 57, 56, 72, 73,-1,
		 73, 72, 56, 57,-1,
		 58, 57, 73, 74,-1,
		 74, 73, 57, 58,-1,
		 59, 58, 74, 75,-1,
		 75, 74, 58, 59,-1,
		 60, 59, 75, 76,-1,
		 76, 75, 59, 60,-1,
		 61, 60, 76, 77,-1,
		 77, 76, 60, 61,-1,
		 62, 61, 77, 78,-1,
		 78, 77, 61, 62,-1,
		 63, 62, 78, 79,-1,
		 79, 78, 62, 63,-1,
		 64, 63, 79, 80,-1,
		 80, 79, 63, 64,-1,
		 65, 80, 96, 81,-1,
		 81, 96, 80, 65,-1,
		 66, 65, 81, 82,-1,
		 82, 81, 65, 66,-1,
		 67, 66, 82, 83,-1,
		 83, 82, 66, 67,-1,
		 68, 67, 83, 84,-1,
		 84, 83, 67, 68,-1,
		 69, 68, 84, 85,-1,
		 85, 84, 68, 69,-1,
		 70, 69, 85, 86,-1,
		 86, 85, 69, 70,-1,
		 71, 70, 86, 87,-1,
		 87, 86, 70, 71,-1,
		 72, 71, 87, 88,-1,
		 88, 87, 71, 72,-1,
		 73, 72, 88, 89,-1,
		 89, 88, 72, 73,-1,
		 74, 73, 89, 90,-1,
		 90, 89, 73, 74,-1,
		 75, 74, 90, 91,-1,
		 91, 90, 74, 75,-1,
		 76, 75, 91, 92,-1,
		 92, 91, 75, 76,-1,
		 77, 76, 92, 93,-1,
		 93, 92, 76, 77,-1,
		 78, 77, 93, 94,-1,
		 94, 93, 77, 78,-1,
		 79, 78, 94, 95,-1,
		 95, 94, 78, 79,-1,
		 80, 79, 95, 96,-1,
		 96, 95, 79, 80,-1,
		 81, 96, 112, 97,-1,
		 97, 112, 96, 81,-1,
		 82, 81, 97, 98,-1,
		 98, 97, 81, 82,-1,
		 83, 82, 98, 99,-1,
		 99, 98, 82, 83,-1,
		 84, 83, 99, 100,-1,
		 100, 99, 83, 84,-1,
		 85, 84, 100, 101,-1,
		 101, 100, 84, 85,-1,
		 86, 85, 101, 102,-1,
		 102, 101, 85, 86,-1,
		 87, 86, 102, 103,-1,
		 103, 102, 86, 87,-1,
		 88, 87, 103, 104,-1,
		 104, 103, 87, 88,-1,
		 89, 88, 104, 105,-1,
		 105, 104, 88, 89,-1,
		 90, 89, 105, 106,-1,
		 106, 105, 89, 90,-1,
		 91, 90, 106, 107,-1,
		 107, 106, 90, 91,-1,
		 92, 91, 107, 108,-1,
		 108, 107, 91, 92,-1,
		 93, 92, 108, 109,-1,
		 109, 108, 92, 93,-1,
		 94, 93, 109, 110,-1,
		 110, 109, 93, 94,-1,
		 95, 94, 110, 111,-1,
		 111, 110, 94, 95,-1,
		 96, 95, 111, 112,-1,
		 112, 111, 95, 96,-1,
		 97, 112, 128, 113,-1,
		 113, 128, 112, 97,-1,
		 98, 97, 113, 114,-1,
		 114, 113, 97, 98,-1,
		 99, 98, 114, 115,-1,
		 115, 114, 98, 99,-1,
		 100, 99, 115, 116,-1,
		 116, 115, 99, 100,-1,
		 101, 100, 116, 117,-1,
		 117, 116, 100, 101,-1,
		 102, 101, 117, 118,-1,
		 118, 117, 101, 102,-1,
		 103, 102, 118, 119,-1,
		 119, 118, 102, 103,-1,
		 104, 103, 119, 120,-1,
		 120, 119, 103, 104,-1,
		 105, 104, 120, 121,-1,
		 121, 120, 104, 105,-1,
		 106, 105, 121, 122,-1,
		 122, 121, 105, 106,-1,
		 107, 106, 122, 123,-1,
		 123, 122, 106, 107,-1,
		 108, 107, 123, 124,-1,
		 124, 123, 107, 108,-1,
		 109, 108, 124, 125,-1,
		 125, 124, 108, 109,-1,
		 110, 109, 125, 126,-1,
		 126, 125, 109, 110,-1,
		 111, 110, 126, 127,-1,
		 127, 126, 110, 111,-1,
		 112, 111, 127, 128,-1,
		 128, 127, 111, 112,-1,
		 113, 128, 144, 129,-1,
		 129, 144, 128, 113,-1,
		 114, 113, 129, 130,-1,
		 130, 129, 113, 114,-1,
		 115, 114, 130, 131,-1,
		 131, 130, 114, 115,-1,
		 116, 115, 131, 132,-1,
		 132, 131, 115, 116,-1,
		 117, 116, 132, 133,-1,
		 133, 132, 116, 117,-1,
		 118, 117, 133, 134,-1,
		 134, 133, 117, 118,-1,
		 119, 118, 134, 135,-1,
		 135, 134, 118, 119,-1,
		 120, 119, 135, 136,-1,
		 136, 135, 119, 120,-1,
		 121, 120, 136, 137,-1,
		 137, 136, 120, 121,-1,
		 122, 121, 137, 138,-1,
		 138, 137, 121, 122,-1,
		 123, 122, 138, 139,-1,
		 139, 138, 122, 123,-1,
		 124, 123, 139, 140,-1,
		 140, 139, 123, 124,-1,
		 125, 124, 140, 141,-1,
		 141, 140, 124, 125,-1,
		 126, 125, 141, 142,-1,
		 142, 141, 125, 126,-1,
		 127, 126, 142, 143,-1,
		 143, 142, 126, 127,-1,
		 128, 127, 143, 144,-1,
		 144, 143, 127, 128,-1,
		 129, 144, 145,-1,
		 145, 144, 129,-1,
		 130, 129, 145,-1,
		 145, 129, 130,-1,
		 131, 130, 145,-1,
		 145, 130, 131,-1,
		 132, 131, 145,-1,
		 145, 131, 132,-1,
		 133, 132, 145,-1,
		 145, 132, 133,-1,
		 134, 133, 145,-1,
		 145, 133, 134,-1,
		 135, 134, 145,-1,
		 145, 134, 135,-1,
		 136, 135, 145,-1,
		 145, 135, 136,-1,
		 137, 136, 145,-1,
		 145, 136, 137,-1,
		 138, 137, 145,-1,
		 145, 137, 138,-1,
		 139, 138, 145,-1,
		 145, 138, 139,-1,
		 140, 139, 145,-1,
		 145, 139, 140,-1,
		 141, 140, 145,-1,
		 145, 140, 141,-1,
		 142, 141, 145,-1,
		 145, 141, 142,-1,
		 143, 142, 145,-1,
		 145, 142, 143,-1,
		 144, 143, 145,-1,
		 145, 143, 144,-1,
		]
	} #IndexedFaceSet
} #Polyhedron
Separator { #Polyhedron
	DEF COORD87 Coordinate3 {
		point [
		 -1.1462 0.9652 -3.2786,
		 -1.0711 0.9652 -3.1175,
		 -1.1171 0.9652 -3.0960,
		 -1.1923 0.9652 -3.2572,
		 -1.1462 0.9398 -3.2786,
		 -1.0711 0.9398 -3.1175,
		 -1.1171 0.9398 -3.0960,
		 -1.1923 0.9398 -3.2572
		]
	} #Coordinate3
	Material {
		ambientColor      0.0549 0.0549 0.0549  #ambientColor
		diffuseColor      0.2196 0.2196 0.2196  #diffuseColor
		transparency      0.0000                #transparency
	} #Material

	IndexedFaceSet {
		coordIndex [ 
		 0, 1, 2, 3,-1,
		 3, 2, 1, 0,-1,
		 0, 3, 7, 4,-1,
		 4, 7, 3, 0,-1,
		 1, 0, 4, 5,-1,
		 5, 4, 0, 1,-1,
		 2, 1, 5, 6,-1,
		 6, 5, 1, 2,-1,
		 3, 2, 6, 7,-1,
		 7, 6, 2, 3,-1,
		 7, 6, 5, 4,-1,
		 4, 5, 6, 7,-1,
		]
	} #IndexedFaceSet
} #Polyhedron
Separator { #Polyhedron
	DEF COORD88 Coordinate3 {
		point [
		 -1.1862 0.9525 -3.0638,
		 -1.2613 0.9525 -3.2250,
		 -1.1923 0.9525 -3.2572,
		 -1.1171 0.9525 -3.0960,
		 -1.1862 0.9398 -3.0638,
		 -1.2613 0.9398 -3.2250,
		 -1.1923 0.9398 -3.2572,
		 -1.1171 0.9398 -3.0960,
		 -1.1681 0.9525 -3.0723,
		 -1.1901 0.9525 -3.0723,
		 -1.1952 0.9525 -3.0982,
		 -1.1831 0.9525 -3.0723,
		 -1.2022 0.9525 -3.0982,
		 -1.1643 0.9525 -3.1126,
		 -1.2089 0.9525 -3.1126,
		 -1.1255 0.9525 -3.0991,
		 -1.1318 0.9525 -3.1126,
		 -1.1248 0.9525 -3.1126,
		 -1.1185 0.9525 -3.0991,
		 -1.1681 0.9525 -3.0723,
		 -1.2046 0.9525 -3.1183,
		 -1.2019 0.9525 -3.1126,
		 -1.2116 0.9525 -3.1183,
		 -1.1922 0.9525 -3.1241,
		 -1.2143 0.9525 -3.1241,
		 -1.2099 0.9525 -3.1298,
		 -1.2073 0.9525 -3.1241,
		 -1.2169 0.9525 -3.1298,
		 -1.2009 0.9525 -3.1340,
		 -1.2189 0.9525 -3.1340,
		 -1.1859 0.9525 -3.1340,
		 -1.1709 0.9525 -3.1340,
		 -1.1922 0.9525 -3.1241,
		 -1.1616 0.9525 -3.1313,
		 -1.1629 0.9525 -3.1340,
		 -1.1348 0.9525 -3.1340,
		 -1.1336 0.9525 -3.1313,
		 -1.1376 0.9525 -3.1250,
		 -1.1643 0.9525 -3.1126,
		 -1.1752 0.9525 -3.1250,
		 -1.1752 0.9525 -3.1250,
		 -1.1306 0.9525 -3.1250,
		 -1.1318 0.9525 -3.1126,
		 -1.1248 0.9525 -3.1126,
		 -1.1976 0.9525 -3.1356,
		 -1.2009 0.9525 -3.1340,
		 -1.2196 0.9525 -3.1356,
		 -1.2133 0.9525 -3.1371,
		 -1.2126 0.9525 -3.1356,
		 -1.2203 0.9525 -3.1371,
		 -1.2094 0.9525 -3.1371,
		 -1.1943 0.9525 -3.1371,
		 -1.1976 0.9525 -3.1356,
		 -1.1859 0.9525 -3.1340,
		 -1.1793 0.9525 -3.1371,
		 -1.1643 0.9525 -3.1371,
		 -1.1709 0.9525 -3.1340,
		 -1.2146 0.9525 -3.1398,
		 -1.2133 0.9525 -3.1371,
		 -1.2203 0.9525 -3.1371,
		 -1.2216 0.9525 -3.1398,
		 -1.2094 0.9525 -3.1371,
		 -1.2036 0.9525 -3.1398,
		 -1.1886 0.9525 -3.1398,
		 -1.1943 0.9525 -3.1371,
		 -1.1793 0.9525 -3.1371,
		 -1.1736 0.9525 -3.1398,
		 -1.1585 0.9525 -3.1398,
		 -1.1573 0.9525 -3.1371,
		 -1.1629 0.9525 -3.1340,
		 -1.1643 0.9525 -3.1371,
		 -1.1558 0.9525 -3.1340,
		 -1.2153 0.9525 -3.1413,
		 -1.2146 0.9525 -3.1398,
		 -1.2223 0.9525 -3.1413,
		 -1.2071 0.9525 -3.1452,
		 -1.2241 0.9525 -3.1452,
		 -1.2036 0.9525 -3.1398,
		 -1.1921 0.9525 -3.1452,
		 -1.1771 0.9525 -3.1452,
		 -1.1886 0.9525 -3.1398,
		 -1.1670 0.9525 -3.1429,
		 -1.1680 0.9525 -3.1452,
		 -1.1470 0.9525 -3.1452,
		 -1.1519 0.9525 -3.1429,
		 -1.1736 0.9525 -3.1398,
		 -1.1585 0.9525 -3.1398,
		 -1.2063 0.9525 -3.1455,
		 -1.2071 0.9525 -3.1452,
		 -1.2241 0.9525 -3.1452,
		 -1.2243 0.9525 -3.1455,
		 -1.1921 0.9525 -3.1452,
		 -1.1913 0.9525 -3.1455,
		 -1.1762 0.9525 -3.1455,
		 -1.1771 0.9525 -3.1452,
		 -1.1680 0.9525 -3.1452,
		 -1.1682 0.9525 -3.1455,
		 -1.1402 0.9525 -3.1455,
		 -1.1400 0.9525 -3.1452,
		 -1.1997 0.9525 -3.1486,
		 -1.2063 0.9525 -3.1455,
		 -1.2257 0.9525 -3.1486,
		 -1.1913 0.9525 -3.1455,
		 -1.1847 0.9525 -3.1486,
		 -1.1697 0.9525 -3.1486,
		 -1.1762 0.9525 -3.1455,
		 -1.1939 0.9525 -3.1513,
		 -1.1997 0.9525 -3.1486,
		 -1.2257 0.9525 -3.1486,
		 -1.2270 0.9525 -3.1513,
		 -1.1847 0.9525 -3.1486,
		 -1.1789 0.9525 -3.1513,
		 -1.1639 0.9525 -3.1513,
		 -1.1626 0.9525 -3.1486,
		 -1.1682 0.9525 -3.1455,
		 -1.1697 0.9525 -3.1486,
		 -1.1612 0.9525 -3.1455,
		 -1.1906 0.9525 -3.1528,
		 -1.1939 0.9525 -3.1513,
		 -1.2277 0.9525 -3.1528,
		 -1.2224 0.9525 -3.1567,
		 -1.2207 0.9525 -3.1528,
		 -1.2295 0.9525 -3.1567,
		 -1.2149 0.9525 -3.1555,
		 -1.2154 0.9525 -3.1567,
		 -1.1824 0.9525 -3.1567,
		 -1.1849 0.9525 -3.1555,
		 -1.1906 0.9525 -3.1528,
		 -1.1723 0.9525 -3.1544,
		 -1.1734 0.9525 -3.1567,
		 -1.1524 0.9525 -3.1567,
		 -1.1573 0.9525 -3.1544,
		 -1.1789 0.9525 -3.1513,
		 -1.1639 0.9525 -3.1513,
		 -1.2226 0.9525 -3.1570,
		 -1.2224 0.9525 -3.1567,
		 -1.2295 0.9525 -3.1567,
		 -1.2296 0.9525 -3.1570,
		 -1.2154 0.9525 -3.1567,
		 -1.2156 0.9525 -3.1570,
		 -1.1816 0.9525 -3.1570,
		 -1.1824 0.9525 -3.1567,
		 -1.1734 0.9525 -3.1567,
		 -1.1736 0.9525 -3.1570,
		 -1.1456 0.9525 -3.1570,
		 -1.1454 0.9525 -3.1567,
		 -1.2232 0.9525 -3.1582,
		 -1.2226 0.9525 -3.1570,
		 -1.2302 0.9525 -3.1582,
		 -1.2156 0.9525 -3.1570,
		 -1.2162 0.9525 -3.1582,
		 -1.1791 0.9525 -3.1582,
		 -1.1816 0.9525 -3.1570,
		 -1.1736 0.9525 -3.1570,
		 -1.1741 0.9525 -3.1582,
		 -1.1671 0.9525 -3.1582,
		 -1.1666 0.9525 -3.1570,
		 -1.1641 0.9525 -3.1582,
		 -1.1461 0.9525 -3.1582,
		 -1.1456 0.9525 -3.1570,
		 -1.1497 0.9525 -3.1509,
		 -1.1524 0.9525 -3.1567,
		 -1.1427 0.9525 -3.1509,
		 -1.1402 0.9525 -3.1455,
		 -1.1443 0.9525 -3.1394,
		 -1.1470 0.9525 -3.1452,
		 -1.1373 0.9525 -3.1394,
		 -1.1348 0.9525 -3.1340,
		 -1.2234 0.9525 -3.1586,
		 -1.2232 0.9525 -3.1582,
		 -1.2304 0.9525 -3.1586,
		 -1.2176 0.9525 -3.1613,
		 -1.2316 0.9525 -3.1613,
		 -1.2316 0.9525 -3.1613,
		 -1.2327 0.9525 -3.1636,
		 -1.2117 0.9525 -3.1636,
		 -1.2106 0.9525 -3.1613,
		 -1.2162 0.9525 -3.1582,
		 -1.2092 0.9525 -3.1582,
		 -1.1750 0.9525 -3.1601,
		 -1.1791 0.9525 -3.1582,
		 -1.2051 0.9525 -3.1601,
		 -1.2051 0.9525 -3.1601,
		 -1.1993 0.9525 -3.1628,
		 -1.1693 0.9525 -3.1628,
		 -1.1680 0.9525 -3.1601,
		 -1.1741 0.9525 -3.1582,
		 -1.1671 0.9525 -3.1582,
		 -1.1676 0.9525 -3.1636,
		 -1.1976 0.9525 -3.1636,
		 -1.1551 0.9525 -3.1624,
		 -1.1556 0.9525 -3.1636,
		 -1.1486 0.9525 -3.1636,
		 -1.1481 0.9525 -3.1624,
		 -1.1641 0.9525 -3.1582,
		 -1.1461 0.9525 -3.1582,
		 -1.2120 0.9525 -3.1644,
		 -1.2117 0.9525 -3.1636,
		 -1.2330 0.9525 -3.1644,
		 -1.2282 0.9525 -3.1689,
		 -1.2260 0.9525 -3.1644,
		 -1.2352 0.9525 -3.1689,
		 -1.2203 0.9525 -3.1670,
		 -1.2212 0.9525 -3.1689,
		 -1.2142 0.9525 -3.1689,
		 -1.2133 0.9525 -3.1670,
		 -1.2120 0.9525 -3.1644,
		 -1.1578 0.9525 -3.1682,
		 -1.1676 0.9525 -3.1636,
		 -1.1976 0.9525 -3.1636,
		 -1.1878 0.9525 -3.1682,
		 -1.1878 0.9525 -3.1682,
		 -1.1861 0.9525 -3.1689,
		 -1.1511 0.9525 -3.1689,
		 -1.1507 0.9525 -3.1682,
		 -1.1556 0.9525 -3.1636,
		 -1.1486 0.9525 -3.1636,
		 -1.2285 0.9525 -3.1697,
		 -1.2282 0.9525 -3.1689,
		 -1.2355 0.9525 -3.1697,
		 -1.2212 0.9525 -3.1689,
		 -1.2215 0.9525 -3.1697,
		 -1.2145 0.9525 -3.1697,
		 -1.2142 0.9525 -3.1689,
		 -1.2287 0.9525 -3.1701,
		 -1.2285 0.9525 -3.1697,
		 -1.2357 0.9525 -3.1701,
		 -1.2230 0.9525 -3.1728,
		 -1.2370 0.9525 -3.1728,
		 -1.2370 0.9525 -3.1728,
		 -1.2380 0.9525 -3.1751,
		 -1.2170 0.9525 -3.1751,
		 -1.2160 0.9525 -3.1728,
		 -1.2215 0.9525 -3.1697,
		 -1.2145 0.9525 -3.1697,
		 -1.2174 0.9525 -3.1759,
		 -1.2170 0.9525 -3.1751,
		 -1.2384 0.9525 -3.1759,
		 -1.2335 0.9525 -3.1805,
		 -1.2314 0.9525 -3.1759,
		 -1.2406 0.9525 -3.1805,
		 -1.2256 0.9525 -3.1785,
		 -1.2265 0.9525 -3.1805,
		 -1.2195 0.9525 -3.1805,
		 -1.2186 0.9525 -3.1785,
		 -1.2174 0.9525 -3.1759,
		 -1.2339 0.9525 -3.1812,
		 -1.2335 0.9525 -3.1805,
		 -1.2409 0.9525 -3.1812,
		 -1.2265 0.9525 -3.1805,
		 -1.2269 0.9525 -3.1812,
		 -1.2199 0.9525 -3.1812,
		 -1.2195 0.9525 -3.1805,
		 -1.2341 0.9525 -3.1816,
		 -1.2339 0.9525 -3.1812,
		 -1.2411 0.9525 -3.1816,
		 -1.2283 0.9525 -3.1843,
		 -1.2423 0.9525 -3.1843,
		 -1.2423 0.9525 -3.1843,
		 -1.2431 0.9525 -3.1858,
		 -1.2220 0.9525 -3.1858,
		 -1.2213 0.9525 -3.1843,
		 -1.2269 0.9525 -3.1812,
		 -1.2199 0.9525 -3.1812,
		 -1.2224 0.9525 -3.1866,
		 -1.2220 0.9525 -3.1858,
		 -1.2431 0.9525 -3.1858,
		 -1.2434 0.9525 -3.1866,
		 -1.2228 0.9525 -3.1874,
		 -1.2224 0.9525 -3.1866,
		 -1.2438 0.9525 -3.1874,
		 -1.2389 0.9525 -3.1920,
		 -1.2368 0.9525 -3.1874,
		 -1.2459 0.9525 -3.1920,
		 -1.2310 0.9525 -3.1901,
		 -1.2319 0.9525 -3.1920,
		 -1.2249 0.9525 -3.1920,
		 -1.2240 0.9525 -3.1901,
		 -1.2228 0.9525 -3.1874,
		 -1.2393 0.9525 -3.1927,
		 -1.2389 0.9525 -3.1920,
		 -1.2459 0.9525 -3.1920,
		 -1.2463 0.9525 -3.1927,
		 -1.2319 0.9525 -3.1920,
		 -1.2323 0.9525 -3.1927,
		 -1.2253 0.9525 -3.1927,
		 -1.2249 0.9525 -3.1920,
		 -1.2395 0.9525 -3.1931,
		 -1.2393 0.9525 -3.1927,
		 -1.2465 0.9525 -3.1931,
		 -1.2337 0.9525 -3.1958,
		 -1.2477 0.9525 -3.1958,
		 -1.2477 0.9525 -3.1958,
		 -1.2484 0.9525 -3.1973,
		 -1.2274 0.9525 -3.1973,
		 -1.2267 0.9525 -3.1958,
		 -1.2323 0.9525 -3.1927,
		 -1.2253 0.9525 -3.1927,
		 -1.2278 0.9525 -3.1981,
		 -1.2274 0.9525 -3.1973,
		 -1.2484 0.9525 -3.1973,
		 -1.2488 0.9525 -3.1981,
		 -1.2303 0.9525 -3.2035,
		 -1.2278 0.9525 -3.1981,
		 -1.2513 0.9525 -3.2035,
		 -1.2306 0.9525 -3.2043,
		 -1.2303 0.9525 -3.2035,
		 -1.2513 0.9525 -3.2035,
		 -1.2516 0.9525 -3.2043,
		 -1.2298 0.9525 -3.2046,
		 -1.2518 0.9525 -3.2046,
		 -1.1818 0.9525 -3.2046,
		 -1.1812 0.9525 -3.2035,
		 -1.1882 0.9525 -3.2035,
		 -1.1888 0.9525 -3.2046,
		 -1.1742 0.9525 -3.2035,
		 -1.1748 0.9525 -3.2046,
		 -1.1678 0.9525 -3.2046,
		 -1.1672 0.9525 -3.2035,
		 -1.1656 0.9525 -3.2000,
		 -1.1643 0.9525 -3.1973,
		 -1.1854 0.9525 -3.1973,
		 -1.1866 0.9525 -3.2000,
		 -1.1812 0.9525 -3.2035,
		 -1.1796 0.9525 -3.2000,
		 -1.1882 0.9525 -3.2035,
		 -1.1739 0.9525 -3.2027,
		 -1.1742 0.9525 -3.2035,
		 -1.1672 0.9525 -3.2035,
		 -1.1668 0.9525 -3.2027,
		 -1.1656 0.9525 -3.2000,
		 -1.1769 0.9525 -3.1943,
		 -1.1759 0.9525 -3.1920,
		 -1.1829 0.9525 -3.1920,
		 -1.1839 0.9525 -3.1943,
		 -1.1712 0.9525 -3.1969,
		 -1.1852 0.9525 -3.1969,
		 -1.1852 0.9525 -3.1969,
		 -1.1854 0.9525 -3.1973,
		 -1.1642 0.9525 -3.1969,
		 -1.1688 0.9525 -3.1920,
		 -1.1618 0.9525 -3.1920,
		 -1.1759 0.9525 -3.1920,
		 -1.1730 0.9525 -3.1858,
		 -1.1800 0.9525 -3.1858,
		 -1.1829 0.9525 -3.1920,
		 -1.1660 0.9525 -3.1858,
		 -1.1688 0.9525 -3.1920,
		 -1.1618 0.9525 -3.1920,
		 -1.1590 0.9525 -3.1858,
		 -1.1549 0.9525 -3.1770,
		 -1.1536 0.9525 -3.1743,
		 -1.1746 0.9525 -3.1743,
		 -1.1759 0.9525 -3.1770,
		 -1.1730 0.9525 -3.1858,
		 -1.1689 0.9525 -3.1770,
		 -1.1800 0.9525 -3.1858,
		 -1.1631 0.9525 -3.1797,
		 -1.1660 0.9525 -3.1858,
		 -1.1590 0.9525 -3.1858,
		 -1.1561 0.9525 -3.1797,
		 -1.1549 0.9525 -3.1770,
		 -1.1861 0.9525 -3.1689,
		 -1.1511 0.9525 -3.1689,
		 -1.2529 0.9525 -3.2219,
		 -1.2448 0.9525 -3.2046,
		 -1.2599 0.9525 -3.2219,
		 -1.1953 0.9525 -3.2487,
		 -1.2103 0.9525 -3.2487,
		 -1.2103 0.9525 -3.2487,
		 -1.1883 0.9525 -3.2487,
		 -1.1873 0.9525 -3.2315,
		 -1.1803 0.9525 -3.2315,
		 -1.2208 0.9525 -3.2088,
		 -1.2298 0.9525 -3.2046,
		 -1.2358 0.9525 -3.2088,
		 -1.2191 0.9525 -3.2096,
		 -1.2208 0.9525 -3.2088,
		 -1.2358 0.9525 -3.2088,
		 -1.2341 0.9525 -3.2096,
		 -1.2076 0.9525 -3.2150,
		 -1.2191 0.9525 -3.2096,
		 -1.2226 0.9525 -3.2150,
		 -1.1961 0.9525 -3.2204,
		 -1.2076 0.9525 -3.2150,
		 -1.2226 0.9525 -3.2150,
		 -1.2111 0.9525 -3.2204,
		 -1.1903 0.9525 -3.2230,
		 -1.1891 0.9525 -3.2204,
		 -1.2111 0.9525 -3.2204,
		 -1.2054 0.9525 -3.2230,
		 -1.1846 0.9525 -3.2257,
		 -1.1996 0.9525 -3.2257,
		 -1.1996 0.9525 -3.2257,
		 -1.1776 0.9525 -3.2257,
		 -1.1821 0.9525 -3.2204,
		 -1.1751 0.9525 -3.2204,
		 -1.1891 0.9525 -3.2204,
		 -1.1866 0.9525 -3.2150,
		 -1.1936 0.9525 -3.2150,
		 -1.1796 0.9525 -3.2150,
		 -1.1821 0.9525 -3.2204,
		 -1.1751 0.9525 -3.2204,
		 -1.1726 0.9525 -3.2150,
		 -1.1866 0.9525 -3.2150,
		 -1.1837 0.9525 -3.2088,
		 -1.1907 0.9525 -3.2088,
		 -1.1936 0.9525 -3.2150,
		 -1.1767 0.9525 -3.2088,
		 -1.1796 0.9525 -3.2150,
		 -1.1726 0.9525 -3.2150,
		 -1.1697 0.9525 -3.2088,
		 -1.1837 0.9525 -3.2088,
		 -1.1818 0.9525 -3.2046,
		 -1.1888 0.9525 -3.2046,
		 -1.1907 0.9525 -3.2088,
		 -1.1748 0.9525 -3.2046,
		 -1.1767 0.9525 -3.2088,
		 -1.1697 0.9525 -3.2088,
		 -1.1678 0.9525 -3.2046,
		 -1.1915 0.9525 -3.1805,
		 -1.2030 0.9525 -3.1751,
		 -1.1915 0.9525 -3.1805,
		 -1.1861 0.9525 -3.1689,
		 -1.2145 0.9525 -3.1697,
		 -1.2030 0.9525 -3.1751,
		 -1.1976 0.9525 -3.1636,
		 -1.2030 0.9525 -3.1751,
		 -1.2084 0.9525 -3.1866,
		 -1.1969 0.9525 -3.1920,
		 -1.1915 0.9525 -3.1805,
		 -1.2199 0.9525 -3.1812,
		 -1.2084 0.9525 -3.1866,
		 -1.2030 0.9525 -3.1751,
		 -1.1915 0.9525 -3.1805,
		 -1.1969 0.9525 -3.1920,
		 -1.2084 0.9525 -3.1866,
		 -1.2138 0.9525 -3.1981,
		 -1.2022 0.9525 -3.2035,
		 -1.1969 0.9525 -3.1920,
		 -1.2253 0.9525 -3.1927,
		 -1.2138 0.9525 -3.1981,
		 -1.2084 0.9525 -3.1866,
		 -1.1969 0.9525 -3.1920,
		 -1.2022 0.9525 -3.2035,
		 -1.2138 0.9525 -3.1981,
		 -1.2022 0.9525 -3.2035,
		 -1.2138 0.9525 -3.1981,
		 -1.2022 0.9525 -3.2035,
		 -1.2076 0.9525 -3.2150,
		 -1.1617 0.9525 -3.0823,
		 -1.1878 0.9525 -3.0823,
		 -1.1847 0.9525 -3.0832,
		 -1.1842 0.9525 -3.0823,
		 -1.1882 0.9525 -3.0832,
		 -1.1822 0.9525 -3.0832,
		 -1.1597 0.9525 -3.0832,
		 -1.1617 0.9525 -3.0823,
		 -1.1856 0.9525 -3.0851,
		 -1.1847 0.9525 -3.0832,
		 -1.1891 0.9525 -3.0851,
		 -1.1835 0.9525 -3.0861,
		 -1.1895 0.9525 -3.0861,
		 -1.1822 0.9525 -3.0832,
		 -1.1760 0.9525 -3.0861,
		 -1.1685 0.9525 -3.0861,
		 -1.1672 0.9525 -3.0832,
		 -1.1737 0.9525 -3.0907,
		 -1.1835 0.9525 -3.0861,
		 -1.1917 0.9525 -3.0907,
		 -1.1670 0.9525 -3.0903,
		 -1.1672 0.9525 -3.0907,
		 -1.1586 0.9525 -3.0907,
		 -1.1595 0.9525 -3.0903,
		 -1.1760 0.9525 -3.0861,
		 -1.1685 0.9525 -3.0861,
		 -1.1816 0.9525 -3.0916,
		 -1.1812 0.9525 -3.0907,
		 -1.1921 0.9525 -3.0916,
		 -1.1716 0.9525 -3.0916,
		 -1.1737 0.9525 -3.0907,
		 -1.1791 0.9525 -3.0916,
		 -1.1672 0.9525 -3.0907,
		 -1.1676 0.9525 -3.0916,
		 -1.1566 0.9525 -3.0916,
		 -1.1586 0.9525 -3.0907,
		 -1.1825 0.9525 -3.0936,
		 -1.1816 0.9525 -3.0916,
		 -1.1930 0.9525 -3.0936,
		 -1.1805 0.9525 -3.0945,
		 -1.1935 0.9525 -3.0945,
		 -1.1683 0.9525 -3.0932,
		 -1.1716 0.9525 -3.0916,
		 -1.1791 0.9525 -3.0916,
		 -1.1758 0.9525 -3.0932,
		 -1.1758 0.9525 -3.0932,
		 -1.1730 0.9525 -3.0945,
		 -1.1654 0.9525 -3.0945,
		 -1.1648 0.9525 -3.0932,
		 -1.1676 0.9525 -3.0916,
		 -1.1641 0.9525 -3.0916,
		 -1.1702 0.9525 -3.0993,
		 -1.1805 0.9525 -3.0945,
		 -1.1927 0.9525 -3.0993,
		 -1.1730 0.9525 -3.0945,
		 -1.1627 0.9525 -3.0993,
		 -1.1552 0.9525 -3.0993,
		 -1.1654 0.9525 -3.0945,
		 -1.1477 0.9525 -3.0993,
		 -1.1402 0.9525 -3.0993,
		 -1.1566 0.9525 -3.0916,
		 -1.1355 0.9525 -3.0980,
		 -1.1361 0.9525 -3.0993,
		 -1.1256 0.9525 -3.0993,
		 -1.1280 0.9525 -3.0980,
		 -1.1597 0.9525 -3.0832,
		 -1.1669 0.9525 -3.1008,
		 -1.1702 0.9525 -3.0993,
		 -1.1895 0.9525 -3.1008,
		 -1.1627 0.9525 -3.0993,
		 -1.1594 0.9525 -3.1008,
		 -1.1519 0.9525 -3.1008,
		 -1.1552 0.9525 -3.0993,
		 -1.1477 0.9525 -3.0993,
		 -1.1444 0.9525 -3.1008,
		 -1.1369 0.9525 -3.1008,
		 -1.1402 0.9525 -3.0993,
		 -1.1766 0.9525 -3.1033,
		 -1.1754 0.9525 -3.1008,
		 -1.1895 0.9525 -3.1008,
		 -1.1841 0.9525 -3.1033,
		 -1.1696 0.9525 -3.1066,
		 -1.1771 0.9525 -3.1066,
		 -1.1744 0.9525 -3.1008,
		 -1.1621 0.9525 -3.1066,
		 -1.1546 0.9525 -3.1066,
		 -1.1669 0.9525 -3.1008,
		 -1.1594 0.9525 -3.1008,
		 -1.1471 0.9525 -3.1066,
		 -1.1395 0.9525 -3.1066,
		 -1.1519 0.9525 -3.1008,
		 -1.1573 0.9525 -3.1124,
		 -1.1696 0.9525 -3.1066,
		 -1.1771 0.9525 -3.1066,
		 -1.1648 0.9525 -3.1124,
		 -1.1621 0.9525 -3.1066,
		 -1.1497 0.9525 -3.1124,
		 -1.1422 0.9525 -3.1124,
		 -1.1546 0.9525 -3.1066,
		 -1.1449 0.9525 -3.1181,
		 -1.1573 0.9525 -3.1124,
		 -1.1648 0.9525 -3.1124,
		 -1.1524 0.9525 -3.1181,
		 -1.1524 0.9525 -3.1181,
		 -1.1496 0.9525 -3.1194,
		 -1.1420 0.9525 -3.1194,
		 -1.1414 0.9525 -3.1181,
		 -1.1436 0.9525 -3.1152,
		 -1.1401 0.9525 -3.1152,
		 -1.1497 0.9525 -3.1124,
		 -1.1387 0.9525 -3.1124,
		 -1.1409 0.9525 -3.1095,
		 -1.1422 0.9525 -3.1124,
		 -1.1374 0.9525 -3.1095,
		 -1.1471 0.9525 -3.1066,
		 -1.1360 0.9525 -3.1066,
		 -1.1382 0.9525 -3.1037,
		 -1.1395 0.9525 -3.1066,
		 -1.1347 0.9525 -3.1037,
		 -1.1444 0.9525 -3.1008,
		 -1.1334 0.9525 -3.1008,
		 -1.1361 0.9525 -3.0993,
		 -1.1369 0.9525 -3.1008,
		 -1.1326 0.9525 -3.0993,
		 -1.1392 0.9525 -3.1208,
		 -1.1467 0.9525 -3.1208,
		 -1.1467 0.9525 -3.1208,
		 -1.1357 0.9525 -3.1208,
		 -1.1298 0.9525 -3.1006,
		 -1.1263 0.9525 -3.1006,
		 -1.1256 0.9525 -3.0993,
		 -1.1752 0.9525 -3.1005,
		 -1.1901 0.9525 -3.0723,
		 -1.1681 0.9525 -3.0723,
		 -1.2022 0.9525 -3.0982,
		 -1.2089 0.9525 -3.1126,
		 -1.1643 0.9525 -3.1126,
		 -1.1185 0.9525 -3.0991,
		 -1.1248 0.9525 -3.1126,
		 -1.1318 0.9525 -3.1126,
		 -1.1681 0.9525 -3.0723,
		 -1.2116 0.9525 -3.1183,
		 -1.2143 0.9525 -3.1241,
		 -1.1922 0.9525 -3.1241,
		 -1.2169 0.9525 -3.1298,
		 -1.2189 0.9525 -3.1340,
		 -1.2009 0.9525 -3.1340,
		 -1.1922 0.9525 -3.1241,
		 -1.1709 0.9525 -3.1340,
		 -1.1859 0.9525 -3.1340,
		 -1.1336 0.9525 -3.1313,
		 -1.1348 0.9525 -3.1340,
		 -1.1629 0.9525 -3.1340,
		 -1.1752 0.9525 -3.1250,
		 -1.1643 0.9525 -3.1126,
		 -1.1306 0.9525 -3.1250,
		 -1.1752 0.9525 -3.1250,
		 -1.1248 0.9525 -3.1126,
		 -1.1318 0.9525 -3.1126,
		 -1.2196 0.9525 -3.1356,
		 -1.2009 0.9525 -3.1340,
		 -1.1976 0.9525 -3.1356,
		 -1.2203 0.9525 -3.1371,
		 -1.2133 0.9525 -3.1371,
		 -1.1976 0.9525 -3.1356,
		 -1.1943 0.9525 -3.1371,
		 -1.2094 0.9525 -3.1371,
		 -1.1709 0.9525 -3.1340,
		 -1.1643 0.9525 -3.1371,
		 -1.1793 0.9525 -3.1371,
		 -1.1859 0.9525 -3.1340,
		 -1.2216 0.9525 -3.1398,
		 -1.2203 0.9525 -3.1371,
		 -1.2133 0.9525 -3.1371,
		 -1.2146 0.9525 -3.1398,
		 -1.1943 0.9525 -3.1371,
		 -1.1886 0.9525 -3.1398,
		 -1.2036 0.9525 -3.1398,
		 -1.2094 0.9525 -3.1371,
		 -1.1573 0.9525 -3.1371,
		 -1.1585 0.9525 -3.1398,
		 -1.1736 0.9525 -3.1398,
		 -1.1793 0.9525 -3.1371,
		 -1.1629 0.9525 -3.1340,
		 -1.2223 0.9525 -3.1413,
		 -1.2146 0.9525 -3.1398,
		 -1.2241 0.9525 -3.1452,
		 -1.2071 0.9525 -3.1452,
		 -1.1886 0.9525 -3.1398,
		 -1.1771 0.9525 -3.1452,
		 -1.1921 0.9525 -3.1452,
		 -1.2036 0.9525 -3.1398,
		 -1.1519 0.9525 -3.1429,
		 -1.1470 0.9525 -3.1452,
		 -1.1680 0.9525 -3.1452,
		 -1.1736 0.9525 -3.1398,
		 -1.2243 0.9525 -3.1455,
		 -1.2241 0.9525 -3.1452,
		 -1.2071 0.9525 -3.1452,
		 -1.2063 0.9525 -3.1455,
		 -1.1771 0.9525 -3.1452,
		 -1.1762 0.9525 -3.1455,
		 -1.1913 0.9525 -3.1455,
		 -1.1921 0.9525 -3.1452,
		 -1.1400 0.9525 -3.1452,
		 -1.1402 0.9525 -3.1455,
		 -1.1682 0.9525 -3.1455,
		 -1.1680 0.9525 -3.1452,
		 -1.2257 0.9525 -3.1486,
		 -1.2063 0.9525 -3.1455,
		 -1.1997 0.9525 -3.1486,
		 -1.1762 0.9525 -3.1455,
		 -1.1697 0.9525 -3.1486,
		 -1.1847 0.9525 -3.1486,
		 -1.1913 0.9525 -3.1455,
		 -1.2270 0.9525 -3.1513,
		 -1.2257 0.9525 -3.1486,
		 -1.1997 0.9525 -3.1486,
		 -1.1939 0.9525 -3.1513,
		 -1.1626 0.9525 -3.1486,
		 -1.1639 0.9525 -3.1513,
		 -1.1789 0.9525 -3.1513,
		 -1.1847 0.9525 -3.1486,
		 -1.1682 0.9525 -3.1455,
		 -1.2277 0.9525 -3.1528,
		 -1.1939 0.9525 -3.1513,
		 -1.1906 0.9525 -3.1528,
		 -1.2295 0.9525 -3.1567,
		 -1.2224 0.9525 -3.1567,
		 -1.1849 0.9525 -3.1555,
		 -1.1824 0.9525 -3.1567,
		 -1.2154 0.9525 -3.1567,
		 -1.1906 0.9525 -3.1528,
		 -1.1573 0.9525 -3.1544,
		 -1.1524 0.9525 -3.1567,
		 -1.1734 0.9525 -3.1567,
		 -1.1789 0.9525 -3.1513,
		 -1.2296 0.9525 -3.1570,
		 -1.2295 0.9525 -3.1567,
		 -1.2224 0.9525 -3.1567,
		 -1.2226 0.9525 -3.1570,
		 -1.1824 0.9525 -3.1567,
		 -1.1816 0.9525 -3.1570,
		 -1.2156 0.9525 -3.1570,
		 -1.2154 0.9525 -3.1567,
		 -1.1454 0.9525 -3.1567,
		 -1.1456 0.9525 -3.1570,
		 -1.1736 0.9525 -3.1570,
		 -1.1734 0.9525 -3.1567,
		 -1.2302 0.9525 -3.1582,
		 -1.2226 0.9525 -3.1570,
		 -1.2232 0.9525 -3.1582,
		 -1.1816 0.9525 -3.1570,
		 -1.1791 0.9525 -3.1582,
		 -1.2162 0.9525 -3.1582,
		 -1.2156 0.9525 -3.1570,
		 -1.1671 0.9525 -3.1582,
		 -1.1741 0.9525 -3.1582,
		 -1.1736 0.9525 -3.1570,
		 -1.1456 0.9525 -3.1570,
		 -1.1461 0.9525 -3.1582,
		 -1.1641 0.9525 -3.1582,
		 -1.1427 0.9525 -3.1509,
		 -1.1402 0.9525 -3.1455,
		 -1.1373 0.9525 -3.1394,
		 -1.1348 0.9525 -3.1340,
		 -1.2304 0.9525 -3.1586,
		 -1.2232 0.9525 -3.1582,
		 -1.2316 0.9525 -3.1613,
		 -1.2106 0.9525 -3.1613,
		 -1.2117 0.9525 -3.1636,
		 -1.2327 0.9525 -3.1636,
		 -1.2316 0.9525 -3.1613,
		 -1.2162 0.9525 -3.1582,
		 -1.2051 0.9525 -3.1601,
		 -1.1791 0.9525 -3.1582,
		 -1.1680 0.9525 -3.1601,
		 -1.1993 0.9525 -3.1628,
		 -1.2051 0.9525 -3.1601,
		 -1.1671 0.9525 -3.1582,
		 -1.1741 0.9525 -3.1582,
		 -1.1976 0.9525 -3.1636,
		 -1.1676 0.9525 -3.1636,
		 -1.1481 0.9525 -3.1624,
		 -1.1486 0.9525 -3.1636,
		 -1.1556 0.9525 -3.1636,
		 -1.1461 0.9525 -3.1582,
		 -1.1641 0.9525 -3.1582,
		 -1.2330 0.9525 -3.1644,
		 -1.2117 0.9525 -3.1636,
		 -1.2120 0.9525 -3.1644,
		 -1.2352 0.9525 -3.1689,
		 -1.2282 0.9525 -3.1689,
		 -1.2133 0.9525 -3.1670,
		 -1.2142 0.9525 -3.1689,
		 -1.2212 0.9525 -3.1689,
		 -1.2120 0.9525 -3.1644,
		 -1.1878 0.9525 -3.1682,
		 -1.1676 0.9525 -3.1636,
		 -1.1507 0.9525 -3.1682,
		 -1.1511 0.9525 -3.1689,
		 -1.1861 0.9525 -3.1689,
		 -1.1878 0.9525 -3.1682,
		 -1.1486 0.9525 -3.1636,
		 -1.1556 0.9525 -3.1636,
		 -1.2355 0.9525 -3.1697,
		 -1.2282 0.9525 -3.1689,
		 -1.2285 0.9525 -3.1697,
		 -1.2142 0.9525 -3.1689,
		 -1.2145 0.9525 -3.1697,
		 -1.2215 0.9525 -3.1697,
		 -1.2212 0.9525 -3.1689,
		 -1.2357 0.9525 -3.1701,
		 -1.2285 0.9525 -3.1697,
		 -1.2370 0.9525 -3.1728,
		 -1.2160 0.9525 -3.1728,
		 -1.2170 0.9525 -3.1751,
		 -1.2380 0.9525 -3.1751,
		 -1.2370 0.9525 -3.1728,
		 -1.2215 0.9525 -3.1697,
		 -1.2384 0.9525 -3.1759,
		 -1.2170 0.9525 -3.1751,
		 -1.2174 0.9525 -3.1759,
		 -1.2406 0.9525 -3.1805,
		 -1.2335 0.9525 -3.1805,
		 -1.2186 0.9525 -3.1785,
		 -1.2195 0.9525 -3.1805,
		 -1.2265 0.9525 -3.1805,
		 -1.2174 0.9525 -3.1759,
		 -1.2409 0.9525 -3.1812,
		 -1.2335 0.9525 -3.1805,
		 -1.2339 0.9525 -3.1812,
		 -1.2195 0.9525 -3.1805,
		 -1.2199 0.9525 -3.1812,
		 -1.2269 0.9525 -3.1812,
		 -1.2265 0.9525 -3.1805,
		 -1.2411 0.9525 -3.1816,
		 -1.2339 0.9525 -3.1812,
		 -1.2423 0.9525 -3.1843,
		 -1.2213 0.9525 -3.1843,
		 -1.2220 0.9525 -3.1858,
		 -1.2431 0.9525 -3.1858,
		 -1.2423 0.9525 -3.1843,
		 -1.2269 0.9525 -3.1812,
		 -1.2434 0.9525 -3.1866,
		 -1.2431 0.9525 -3.1858,
		 -1.2220 0.9525 -3.1858,
		 -1.2224 0.9525 -3.1866,
		 -1.2438 0.9525 -3.1874,
		 -1.2224 0.9525 -3.1866,
		 -1.2228 0.9525 -3.1874,
		 -1.2459 0.9525 -3.1920,
		 -1.2389 0.9525 -3.1920,
		 -1.2240 0.9525 -3.1901,
		 -1.2249 0.9525 -3.1920,
		 -1.2319 0.9525 -3.1920,
		 -1.2228 0.9525 -3.1874,
		 -1.2463 0.9525 -3.1927,
		 -1.2459 0.9525 -3.1920,
		 -1.2389 0.9525 -3.1920,
		 -1.2393 0.9525 -3.1927,
		 -1.2249 0.9525 -3.1920,
		 -1.2253 0.9525 -3.1927,
		 -1.2323 0.9525 -3.1927,
		 -1.2319 0.9525 -3.1920,
		 -1.2465 0.9525 -3.1931,
		 -1.2393 0.9525 -3.1927,
		 -1.2477 0.9525 -3.1958,
		 -1.2267 0.9525 -3.1958,
		 -1.2274 0.9525 -3.1973,
		 -1.2484 0.9525 -3.1973,
		 -1.2477 0.9525 -3.1958,
		 -1.2323 0.9525 -3.1927,
		 -1.2488 0.9525 -3.1981,
		 -1.2484 0.9525 -3.1973,
		 -1.2274 0.9525 -3.1973,
		 -1.2278 0.9525 -3.1981,
		 -1.2513 0.9525 -3.2035,
		 -1.2278 0.9525 -3.1981,
		 -1.2303 0.9525 -3.2035,
		 -1.2516 0.9525 -3.2043,
		 -1.2513 0.9525 -3.2035,
		 -1.2303 0.9525 -3.2035,
		 -1.2518 0.9525 -3.2046,
		 -1.2298 0.9525 -3.2046,
		 -1.1888 0.9525 -3.2046,
		 -1.1882 0.9525 -3.2035,
		 -1.1812 0.9525 -3.2035,
		 -1.1818 0.9525 -3.2046,
		 -1.1672 0.9525 -3.2035,
		 -1.1678 0.9525 -3.2046,
		 -1.1748 0.9525 -3.2046,
		 -1.1742 0.9525 -3.2035,
		 -1.1866 0.9525 -3.2000,
		 -1.1643 0.9525 -3.1973,
		 -1.1656 0.9525 -3.2000,
		 -1.1882 0.9525 -3.2035,
		 -1.1812 0.9525 -3.2035,
		 -1.1668 0.9525 -3.2027,
		 -1.1672 0.9525 -3.2035,
		 -1.1742 0.9525 -3.2035,
		 -1.1656 0.9525 -3.2000,
		 -1.1839 0.9525 -3.1943,
		 -1.1829 0.9525 -3.1920,
		 -1.1759 0.9525 -3.1920,
		 -1.1852 0.9525 -3.1969,
		 -1.1642 0.9525 -3.1969,
		 -1.1852 0.9525 -3.1969,
		 -1.1618 0.9525 -3.1920,
		 -1.1688 0.9525 -3.1920,
		 -1.1829 0.9525 -3.1920,
		 -1.1730 0.9525 -3.1858,
		 -1.1759 0.9525 -3.1920,
		 -1.1590 0.9525 -3.1858,
		 -1.1618 0.9525 -3.1920,
		 -1.1688 0.9525 -3.1920,
		 -1.1660 0.9525 -3.1858,
		 -1.1759 0.9525 -3.1770,
		 -1.1536 0.9525 -3.1743,
		 -1.1549 0.9525 -3.1770,
		 -1.1730 0.9525 -3.1858,
		 -1.1561 0.9525 -3.1797,
		 -1.1590 0.9525 -3.1858,
		 -1.1660 0.9525 -3.1858,
		 -1.1549 0.9525 -3.1770,
		 -1.1511 0.9525 -3.1689,
		 -1.2599 0.9525 -3.2219,
		 -1.2103 0.9525 -3.2487,
		 -1.1883 0.9525 -3.2487,
		 -1.2103 0.9525 -3.2487,
		 -1.1803 0.9525 -3.2315,
		 -1.2358 0.9525 -3.2088,
		 -1.2298 0.9525 -3.2046,
		 -1.2208 0.9525 -3.2088,
		 -1.2341 0.9525 -3.2096,
		 -1.2358 0.9525 -3.2088,
		 -1.2208 0.9525 -3.2088,
		 -1.2226 0.9525 -3.2150,
		 -1.2111 0.9525 -3.2204,
		 -1.2226 0.9525 -3.2150,
		 -1.2076 0.9525 -3.2150,
		 -1.2054 0.9525 -3.2230,
		 -1.2111 0.9525 -3.2204,
		 -1.1891 0.9525 -3.2204,
		 -1.1996 0.9525 -3.2257,
		 -1.1776 0.9525 -3.2257,
		 -1.1996 0.9525 -3.2257,
		 -1.1751 0.9525 -3.2204,
		 -1.1821 0.9525 -3.2204,
		 -1.1936 0.9525 -3.2150,
		 -1.1866 0.9525 -3.2150,
		 -1.1891 0.9525 -3.2204,
		 -1.1726 0.9525 -3.2150,
		 -1.1751 0.9525 -3.2204,
		 -1.1821 0.9525 -3.2204,
		 -1.1796 0.9525 -3.2150,
		 -1.1936 0.9525 -3.2150,
		 -1.1837 0.9525 -3.2088,
		 -1.1866 0.9525 -3.2150,
		 -1.1697 0.9525 -3.2088,
		 -1.1726 0.9525 -3.2150,
		 -1.1796 0.9525 -3.2150,
		 -1.1767 0.9525 -3.2088,
		 -1.1888 0.9525 -3.2046,
		 -1.1818 0.9525 -3.2046,
		 -1.1837 0.9525 -3.2088,
		 -1.1678 0.9525 -3.2046,
		 -1.1697 0.9525 -3.2088,
		 -1.1767 0.9525 -3.2088,
		 -1.1748 0.9525 -3.2046,
		 -1.1878 0.9525 -3.0823,
		 -1.1617 0.9525 -3.0823,
		 -1.1882 0.9525 -3.0832,
		 -1.1847 0.9525 -3.0832,
		 -1.1617 0.9525 -3.0823,
		 -1.1597 0.9525 -3.0832,
		 -1.1822 0.9525 -3.0832,
		 -1.1891 0.9525 -3.0851,
		 -1.1847 0.9525 -3.0832,
		 -1.1895 0.9525 -3.0861,
		 -1.1835 0.9525 -3.0861,
		 -1.1685 0.9525 -3.0861,
		 -1.1760 0.9525 -3.0861,
		 -1.1822 0.9525 -3.0832,
		 -1.1917 0.9525 -3.0907,
		 -1.1835 0.9525 -3.0861,
		 -1.1737 0.9525 -3.0907,
		 -1.1595 0.9525 -3.0903,
		 -1.1586 0.9525 -3.0907,
		 -1.1672 0.9525 -3.0907,
		 -1.1760 0.9525 -3.0861,
		 -1.1921 0.9525 -3.0916,
		 -1.1816 0.9525 -3.0916,
		 -1.1791 0.9525 -3.0916,
		 -1.1737 0.9525 -3.0907,
		 -1.1716 0.9525 -3.0916,
		 -1.1586 0.9525 -3.0907,
		 -1.1566 0.9525 -3.0916,
		 -1.1676 0.9525 -3.0916,
		 -1.1672 0.9525 -3.0907,
		 -1.1930 0.9525 -3.0936,
		 -1.1816 0.9525 -3.0916,
		 -1.1935 0.9525 -3.0945,
		 -1.1805 0.9525 -3.0945,
		 -1.1758 0.9525 -3.0932,
		 -1.1791 0.9525 -3.0916,
		 -1.1716 0.9525 -3.0916,
		 -1.1648 0.9525 -3.0932,
		 -1.1654 0.9525 -3.0945,
		 -1.1730 0.9525 -3.0945,
		 -1.1758 0.9525 -3.0932,
		 -1.1676 0.9525 -3.0916,
		 -1.1927 0.9525 -3.0993,
		 -1.1805 0.9525 -3.0945,
		 -1.1702 0.9525 -3.0993,
		 -1.1552 0.9525 -3.0993,
		 -1.1627 0.9525 -3.0993,
		 -1.1730 0.9525 -3.0945,
		 -1.1566 0.9525 -3.0916,
		 -1.1402 0.9525 -3.0993,
		 -1.1477 0.9525 -3.0993,
		 -1.1280 0.9525 -3.0980,
		 -1.1256 0.9525 -3.0993,
		 -1.1361 0.9525 -3.0993,
		 -1.1597 0.9525 -3.0832,
		 -1.1895 0.9525 -3.1008,
		 -1.1702 0.9525 -3.0993,
		 -1.1669 0.9525 -3.1008,
		 -1.1552 0.9525 -3.0993,
		 -1.1519 0.9525 -3.1008,
		 -1.1594 0.9525 -3.1008,
		 -1.1627 0.9525 -3.0993,
		 -1.1402 0.9525 -3.0993,
		 -1.1369 0.9525 -3.1008,
		 -1.1444 0.9525 -3.1008,
		 -1.1477 0.9525 -3.0993,
		 -1.1841 0.9525 -3.1033,
		 -1.1895 0.9525 -3.1008,
		 -1.1754 0.9525 -3.1008,
		 -1.1771 0.9525 -3.1066,
		 -1.1696 0.9525 -3.1066,
		 -1.1669 0.9525 -3.1008,
		 -1.1546 0.9525 -3.1066,
		 -1.1621 0.9525 -3.1066,
		 -1.1744 0.9525 -3.1008,
		 -1.1519 0.9525 -3.1008,
		 -1.1395 0.9525 -3.1066,
		 -1.1471 0.9525 -3.1066,
		 -1.1594 0.9525 -3.1008,
		 -1.1648 0.9525 -3.1124,
		 -1.1771 0.9525 -3.1066,
		 -1.1696 0.9525 -3.1066,
		 -1.1573 0.9525 -3.1124,
		 -1.1546 0.9525 -3.1066,
		 -1.1422 0.9525 -3.1124,
		 -1.1497 0.9525 -3.1124,
		 -1.1621 0.9525 -3.1066,
		 -1.1524 0.9525 -3.1181,
		 -1.1648 0.9525 -3.1124,
		 -1.1573 0.9525 -3.1124,
		 -1.1414 0.9525 -3.1181,
		 -1.1496 0.9525 -3.1194,
		 -1.1524 0.9525 -3.1181,
		 -1.1401 0.9525 -3.1152,
		 -1.1387 0.9525 -3.1124,
		 -1.1497 0.9525 -3.1124,
		 -1.1374 0.9525 -3.1095,
		 -1.1360 0.9525 -3.1066,
		 -1.1471 0.9525 -3.1066,
		 -1.1347 0.9525 -3.1037,
		 -1.1334 0.9525 -3.1008,
		 -1.1444 0.9525 -3.1008,
		 -1.1361 0.9525 -3.0993,
		 -1.1467 0.9525 -3.1208,
		 -1.1357 0.9525 -3.1208,
		 -1.1467 0.9525 -3.1208,
		 -1.1263 0.9525 -3.1006,
		 -1.1256 0.9525 -3.0993
		]
	} #Coordinate3
	Material {
		ambientColor      0.0549 0.0549 0.0549  #ambientColor
		diffuseColor      0.2196 0.2196 0.2196  #diffuseColor
		transparency      0.0000                #transparency
	} #Material

	IndexedFaceSet {
		coordIndex [ 
		 8, 0, 9,-1,
		 10, 11, 9, 12,-1,
		 13, 10, 12, 14,-1,
		 15, 16, 17, 18,-1,
		 11, 15, 18, 3, 19,-1,
		 20, 21, 14, 22,-1,
		 23, 20, 22, 24,-1,
		 25, 26, 24, 27,-1,
		 28, 25, 27, 29,-1,
		 26, 30, 31, 32,-1,
		 33, 34, 35, 36,-1,
		 37, 38, 21, 39,-1,
		 40, 33, 36, 41,-1,
		 42, 37, 41, 43,-1,
		 44, 45, 29, 46,-1,
		 47, 48, 46, 49,-1,
		 48, 50, 51, 52,-1,
		 53, 54, 55, 56,-1,
		 57, 58, 59, 60,-1,
		 61, 62, 63, 64,-1,
		 65, 66, 67, 68,-1,
		 69, 70, 68, 71,-1,
		 72, 73, 60, 74,-1,
		 75, 72, 74, 76,-1,
		 77, 78, 79, 80,-1,
		 81, 82, 83, 84,-1,
		 85, 81, 84, 86,-1,
		 87, 88, 89, 90,-1,
		 91, 92, 93, 94,-1,
		 95, 96, 97, 98,-1,
		 99, 100, 90, 101,-1,
		 102, 103, 104, 105,-1,
		 106, 107, 108, 109,-1,
		 110, 111, 112, 113,-1,
		 114, 115, 113, 116,-1,
		 117, 118, 109, 119,-1,
		 120, 121, 119, 122,-1,
		 123, 124, 125, 126,-1,
		 121, 123, 126, 127,-1,
		 128, 129, 130, 131,-1,
		 132, 128, 131, 133,-1,
		 134, 135, 136, 137,-1,
		 138, 139, 140, 141,-1,
		 142, 143, 144, 145,-1,
		 146, 147, 137, 148,-1,
		 149, 150, 151, 152,-1,
		 153, 154, 155, 156,-1,
		 156, 157, 158, 159,-1,
		 160, 161, 145, 162,-1,
		 116, 160, 162, 163,-1,
		 164, 165, 98, 166,-1,
		 71, 164, 166, 167,-1,
		 168, 169, 148, 170,-1,
		 171, 168, 170, 172,-1,
		 173, 174, 175, 176,-1,
		 177, 171, 176, 178,-1,
		 179, 180, 178, 181,-1,
		 182, 183, 184, 185,-1,
		 186, 179, 185, 187,-1,
		 188, 184, 183, 189,-1,
		 190, 191, 192, 193,-1,
		 194, 190, 193, 195,-1,
		 196, 197, 174, 198,-1,
		 199, 200, 198, 201,-1,
		 202, 203, 204, 205,-1,
		 200, 202, 205, 206,-1,
		 207, 208, 209, 210,-1,
		 211, 212, 213, 214,-1,
		 215, 207, 214, 216,-1,
		 217, 218, 201, 219,-1,
		 220, 221, 222, 223,-1,
		 224, 225, 219, 226,-1,
		 227, 224, 226, 228,-1,
		 229, 230, 231, 232,-1,
		 233, 227, 232, 234,-1,
		 235, 236, 230, 237,-1,
		 238, 239, 237, 240,-1,
		 241, 242, 243, 244,-1,
		 239, 241, 244, 245,-1,
		 246, 247, 240, 248,-1,
		 249, 250, 251, 252,-1,
		 253, 254, 248, 255,-1,
		 256, 253, 255, 257,-1,
		 258, 259, 260, 261,-1,
		 262, 256, 261, 263,-1,
		 264, 265, 266, 267,-1,
		 268, 269, 267, 270,-1,
		 271, 272, 270, 273,-1,
		 274, 275, 276, 277,-1,
		 272, 274, 277, 278,-1,
		 279, 280, 281, 282,-1,
		 283, 284, 285, 286,-1,
		 287, 288, 282, 289,-1,
		 290, 287, 289, 291,-1,
		 292, 293, 294, 295,-1,
		 296, 290, 295, 297,-1,
		 298, 299, 300, 301,-1,
		 302, 303, 301, 304,-1,
		 305, 306, 307, 308,-1,
		 309, 305, 308, 310,-1,
		 311, 312, 313, 314,-1,
		 315, 316, 317, 318,-1,
		 319, 320, 321, 322,-1,
		 323, 324, 322, 325,-1,
		 326, 327, 328, 329,-1,
		 324, 326, 329, 330,-1,
		 331, 332, 333, 334,-1,
		 335, 331, 334, 336,-1,
		 337, 338, 320, 339,-1,
		 340, 335, 339, 341,-1,
		 342, 343, 344, 345,-1,
		 346, 347, 348, 349,-1,
		 350, 351, 352, 353,-1,
		 354, 355, 353, 356,-1,
		 357, 358, 359, 360,-1,
		 355, 357, 360, 361,-1,
		 362, 352, 351, 363,-1,
		 364, 365, 310, 366,-1,
		 367, 364, 366, 1, 368,-1,
		 369, 2, 370,-1,
		 371, 367, 370, 372,-1,
		 373, 374, 365, 375,-1,
		 376, 377, 378, 379,-1,
		 380, 381, 379, 382,-1,
		 383, 384, 385, 386,-1,
		 387, 388, 389, 390,-1,
		 391, 387, 390, 392,-1,
		 393, 371, 372, 394,-1,
		 395, 391, 394, 396,-1,
		 397, 398, 399, 383,-1,
		 400, 401, 402, 403,-1,
		 404, 405, 406, 407,-1,
		 408, 409, 410, 411,-1,
		 412, 413, 414, 415,-1,
		 416, 417, 418, 419,-1,
		]
	} #IndexedFaceSet
	Material {
		ambientColor      0.0902 0.0902 0.0902  #ambientColor
		diffuseColor      0.3608 0.3608 0.3608  #diffuseColor
		transparency      0.0000                #transparency
	} #Material

	IndexedFaceSet {
		coordIndex [ 
		 365, 364, 367, 371,-1,
		 362, 420, 356, 352,-1,
		 209, 421, 422, 423,-1,
		 178, 424, 425, 426,-1,
		 427, 428, 429, 430,-1,
		 234, 431, 432, 433,-1,
		 434, 435, 338, 344,-1,
		 436, 437, 438, 439,-1,
		 263, 440, 441, 442,-1,
		 443, 444, 415, 321,-1,
		 445, 381, 380, 446,-1,
		 297, 305, 376, 447,-1,
		 448, 449, 383, 406,-1,
		 71, 86, 165, 164,-1,
		 116, 133, 161, 160,-1,
		 156, 184, 207, 190,-1,
		 21, 20, 70, 33,-1,
		 26, 25, 115, 81,-1,
		 48, 72, 179, 128,-1,
		 121, 168, 171, 123,-1,
		 200, 224, 227, 202,-1,
		 239, 253, 256, 241,-1,
		 272, 287, 290, 274,-1,
		 355, 331, 335, 357,-1,
		 324, 387, 391, 326,-1,
		 450, 11, 451,-1,
		 452, 453, 451, 454,-1,
		 453, 455, 456, 457,-1,
		 458, 459, 454, 460,-1,
		 461, 458, 460, 462,-1,
		 463, 464, 465, 466,-1,
		 467, 468, 462, 469,-1,
		 470, 471, 472, 473,-1,
		 474, 470, 473, 475,-1,
		 476, 477, 469, 478,-1,
		 479, 480, 477, 481,-1,
		 482, 483, 484, 485,-1,
		 486, 487, 478, 488,-1,
		 489, 486, 488, 490,-1,
		 491, 492, 493, 494,-1,
		 495, 496, 497, 498,-1,
		 499, 491, 498, 500,-1,
		 501, 502, 490, 10, 503,-1,
		 504, 505, 506, 507,-1,
		 500, 508, 509, 510,-1,
		 511, 512, 513, 15, 514,-1,
		 466, 511, 514, 515,-1,
		 516, 517, 503, 518,-1,
		 519, 520, 521, 522,-1,
		 523, 524, 525, 526,-1,
		 527, 528, 529, 530,-1,
		 531, 527, 530, 532,-1,
		 533, 534, 535, 536,-1,
		 537, 538, 539, 540,-1,
		 541, 542, 543, 544,-1,
		 545, 546, 547, 548,-1,
		 549, 550, 551, 552,-1,
		 553, 554, 555, 556,-1,
		 557, 549, 556, 558,-1,
		 559, 557, 558, 560,-1,
		 561, 562, 560, 563,-1,
		 564, 561, 563, 565,-1,
		 566, 567, 565, 568,-1,
		 569, 566, 568, 570,-1,
		 571, 572, 570, 573,-1,
		 574, 555, 554, 575,-1,
		 576, 37, 577,-1,
		 578, 574, 577, 579,-1,
		 573, 578, 579, 580,-1,
		]
	} #IndexedFaceSet
	Material {
		ambientColor      0.0000 0.2500 0.0000  #ambientColor
		diffuseColor      0.0000 1.0000 0.0000  #diffuseColor
		transparency      0.0000                #transparency
	} #Material

	IndexedFaceSet {
		coordIndex [ 
		 573, 555, 574, 578,-1,
		 466, 475, 572, 511,-1,
		 500, 507, 567, 566,-1,
		 477, 486, 562, 561,-1,
		 453, 458, 491, 470,-1,
		 581, 527, 549, 557,-1,
		]
	} #IndexedFaceSet
	Material {
		ambientColor      0.0549 0.0549 0.0549  #ambientColor
		diffuseColor      0.2196 0.2196 0.2196  #diffuseColor
		transparency      0.0000                #transparency
	} #Material

	IndexedFaceSet {
		coordIndex [ 
		 582, 0, 583,-1,
		 584, 582, 11, 10,-1,
		 585, 584, 10, 586,-1,
		 587, 588, 589, 15,-1,
		 590, 3, 587, 15, 11,-1,
		 591, 585, 21, 20,-1,
		 592, 591, 20, 593,-1,
		 594, 592, 26, 25,-1,
		 595, 594, 25, 596,-1,
		 597, 598, 599, 26,-1,
		 600, 601, 602, 33,-1,
		 603, 21, 604, 37,-1,
		 605, 600, 33, 606,-1,
		 607, 605, 37, 608,-1,
		 609, 595, 610, 611,-1,
		 612, 609, 48, 613,-1,
		 614, 615, 616, 48,-1,
		 617, 618, 619, 620,-1,
		 621, 622, 623, 624,-1,
		 625, 626, 627, 628,-1,
		 629, 630, 631, 632,-1,
		 71, 629, 70, 633,-1,
		 634, 621, 635, 72,-1,
		 636, 634, 72, 637,-1,
		 638, 639, 640, 641,-1,
		 642, 643, 644, 81,-1,
		 86, 642, 81, 645,-1,
		 646, 647, 648, 649,-1,
		 650, 651, 652, 653,-1,
		 654, 655, 656, 657,-1,
		 658, 646, 659, 660,-1,
		 661, 662, 663, 664,-1,
		 665, 666, 667, 668,-1,
		 669, 670, 671, 672,-1,
		 116, 669, 115, 673,-1,
		 674, 665, 675, 676,-1,
		 677, 674, 121, 678,-1,
		 679, 680, 681, 123,-1,
		 682, 679, 123, 121,-1,
		 683, 684, 685, 128,-1,
		 133, 683, 128, 686,-1,
		 687, 688, 689, 690,-1,
		 691, 692, 693, 694,-1,
		 695, 696, 697, 698,-1,
		 699, 687, 700, 701,-1,
		 702, 703, 704, 705,-1,
		 156, 706, 707, 708,-1,
		 709, 710, 711, 156,-1,
		 712, 695, 161, 160,-1,
		 713, 712, 160, 116,-1,
		 714, 654, 165, 164,-1,
		 715, 714, 164, 71,-1,
		 716, 699, 717, 168,-1,
		 718, 716, 168, 171,-1,
		 719, 720, 721, 722,-1,
		 178, 719, 171, 723,-1,
		 724, 178, 725, 179,-1,
		 726, 184, 727, 728,-1,
		 729, 726, 179, 730,-1,
		 731, 727, 184, 732,-1,
		 733, 734, 735, 190,-1,
		 736, 733, 190, 737,-1,
		 738, 721, 739, 740,-1,
		 741, 738, 200, 742,-1,
		 743, 744, 745, 202,-1,
		 746, 743, 202, 200,-1,
		 747, 209, 748, 207,-1,
		 749, 750, 751, 752,-1,
		 753, 749, 207, 754,-1,
		 755, 741, 756, 757,-1,
		 758, 759, 760, 761,-1,
		 762, 755, 763, 224,-1,
		 764, 762, 224, 227,-1,
		 765, 766, 767, 768,-1,
		 234, 765, 227, 769,-1,
		 770, 767, 771, 772,-1,
		 773, 770, 239, 774,-1,
		 775, 776, 777, 241,-1,
		 778, 775, 241, 239,-1,
		 779, 773, 780, 781,-1,
		 782, 783, 784, 785,-1,
		 786, 779, 787, 253,-1,
		 788, 786, 253, 256,-1,
		 789, 790, 791, 792,-1,
		 263, 789, 256, 793,-1,
		 794, 795, 796, 797,-1,
		 798, 794, 799, 800,-1,
		 801, 798, 272, 802,-1,
		 803, 804, 805, 274,-1,
		 806, 803, 274, 272,-1,
		 807, 808, 809, 810,-1,
		 811, 812, 813, 814,-1,
		 815, 807, 816, 287,-1,
		 817, 815, 287, 290,-1,
		 818, 819, 820, 821,-1,
		 297, 818, 290, 822,-1,
		 823, 824, 825, 826,-1,
		 827, 823, 828, 829,-1,
		 830, 831, 832, 305,-1,
		 833, 830, 305, 834,-1,
		 835, 836, 837, 838,-1,
		 839, 840, 841, 842,-1,
		 843, 321, 844, 845,-1,
		 846, 843, 324, 847,-1,
		 848, 849, 850, 326,-1,
		 851, 848, 326, 324,-1,
		 852, 853, 854, 331,-1,
		 855, 852, 331, 335,-1,
		 856, 844, 338, 857,-1,
		 858, 856, 335, 859,-1,
		 860, 344, 861, 862,-1,
		 863, 864, 865, 866,-1,
		 867, 352, 868, 869,-1,
		 356, 867, 355, 870,-1,
		 871, 872, 873, 357,-1,
		 874, 871, 357, 355,-1,
		 875, 868, 352, 362,-1,
		 876, 833, 365, 364,-1,
		 877, 1, 876, 364, 367,-1,
		 878, 2, 879,-1,
		 880, 878, 367, 371,-1,
		 881, 365, 882, 883,-1,
		 884, 885, 886, 376,-1,
		 887, 884, 381, 380,-1,
		 888, 889, 890, 383,-1,
		 891, 892, 893, 387,-1,
		 894, 891, 387, 391,-1,
		 895, 880, 371, 896,-1,
		 897, 895, 391, 898,-1,
		 383, 899, 900, 901,-1,
		 902, 903, 904, 905,-1,
		 906, 406, 907, 908,-1,
		 909, 910, 911, 912,-1,
		 415, 913, 914, 915,-1,
		 916, 917, 918, 919,-1,
		]
	} #IndexedFaceSet
	Material {
		ambientColor      0.0902 0.0902 0.0902  #ambientColor
		diffuseColor      0.3608 0.3608 0.3608  #diffuseColor
		transparency      0.0000                #transparency
	} #Material

	IndexedFaceSet {
		coordIndex [ 
		 371, 367, 364, 365,-1,
		 352, 356, 420, 362,-1,
		 423, 422, 421, 209,-1,
		 426, 425, 424, 178,-1,
		 430, 429, 428, 427,-1,
		 433, 432, 431, 234,-1,
		 344, 338, 435, 434,-1,
		 439, 438, 437, 436,-1,
		 442, 441, 440, 263,-1,
		 321, 415, 444, 443,-1,
		 446, 380, 381, 445,-1,
		 447, 376, 305, 297,-1,
		 406, 383, 449, 448,-1,
		 164, 165, 86, 71,-1,
		 160, 161, 133, 116,-1,
		 190, 207, 184, 156,-1,
		 33, 70, 20, 21,-1,
		 81, 115, 25, 26,-1,
		 128, 179, 72, 48,-1,
		 123, 171, 168, 121,-1,
		 202, 227, 224, 200,-1,
		 241, 256, 253, 239,-1,
		 274, 290, 287, 272,-1,
		 357, 335, 331, 355,-1,
		 326, 391, 387, 324,-1,
		 920, 11, 921,-1,
		 922, 920, 453, 923,-1,
		 924, 925, 926, 453,-1,
		 927, 922, 928, 458,-1,
		 929, 927, 458, 930,-1,
		 466, 931, 932, 933,-1,
		 934, 929, 935, 936,-1,
		 937, 938, 939, 470,-1,
		 475, 937, 470, 940,-1,
		 941, 934, 477, 942,-1,
		 943, 477, 944, 945,-1,
		 946, 947, 948, 949,-1,
		 950, 941, 951, 486,-1,
		 952, 950, 486, 953,-1,
		 954, 955, 956, 491,-1,
		 957, 958, 959, 960,-1,
		 500, 957, 491, 961,-1,
		 962, 10, 952, 963, 964,-1,
		 507, 965, 966, 967,-1,
		 968, 969, 970, 500,-1,
		 971, 15, 972, 973, 511,-1,
		 974, 971, 511, 466,-1,
		 975, 962, 976, 977,-1,
		 978, 979, 980, 981,-1,
		 982, 983, 984, 985,-1,
		 986, 987, 988, 527,-1,
		 989, 986, 527, 990,-1,
		 991, 992, 993, 994,-1,
		 995, 996, 997, 998,-1,
		 999, 1000, 1001, 1002,-1,
		 1003, 1004, 1005, 1006,-1,
		 1007, 1008, 1009, 549,-1,
		 1010, 555, 1011, 1012,-1,
		 1013, 1010, 549, 557,-1,
		 1014, 1013, 557, 1015,-1,
		 1016, 1014, 562, 561,-1,
		 1017, 1016, 561, 1018,-1,
		 1019, 1017, 567, 566,-1,
		 1020, 1019, 566, 1021,-1,
		 573, 1020, 572, 1022,-1,
		 1023, 1011, 555, 574,-1,
		 1024, 37, 1025,-1,
		 1026, 1024, 574, 578,-1,
		 1027, 1026, 578, 573,-1,
		]
	} #IndexedFaceSet
	Material {
		ambientColor      0.0000 0.2500 0.0000  #ambientColor
		diffuseColor      0.0000 1.0000 0.0000  #diffuseColor
		transparency      0.0000                #transparency
	} #Material

	IndexedFaceSet {
		coordIndex [ 
		 578, 574, 555, 573,-1,
		 511, 572, 475, 466,-1,
		 566, 567, 507, 500,-1,
		 561, 562, 486, 477,-1,
		 470, 491, 458, 453,-1,
		 557, 549, 527, 581,-1,
		]
	} #IndexedFaceSet
	Material {
		ambientColor      0.0549 0.0549 0.0549  #ambientColor
		diffuseColor      0.2196 0.2196 0.2196  #diffuseColor
		transparency      0.0000                #transparency
	} #Material

	IndexedFaceSet {
		coordIndex [ 
		 0, 3, 7, 4,-1,
		 4, 7, 3, 0,-1,
		 1, 0, 4, 5,-1,
		 5, 4, 0, 1,-1,
		 2, 1, 5, 6,-1,
		 6, 5, 1, 2,-1,
		 3, 2, 6, 7,-1,
		 7, 6, 2, 3,-1,
		 7, 6, 5, 4,-1,
		 4, 5, 6, 7,-1,
		]
	} #IndexedFaceSet
} #Polyhedron
Separator { #Polyhedron
	DEF COORD89 Coordinate3 {
		point [
		 -1.1462 0.9398 -3.2786,
		 -1.0711 0.9398 -3.1175,
		 -1.1862 0.9398 -3.0638,
		 -1.2613 0.9398 -3.2250,
		 -1.1462 0.9144 -3.2786,
		 -1.0711 0.9144 -3.1175,
		 -1.1862 0.9144 -3.0638,
		 -1.2613 0.9144 -3.2250
		]
	} #Coordinate3
	Material {
		ambientColor      0.0549 0.0549 0.0549  #ambientColor
		diffuseColor      0.2196 0.2196 0.2196  #diffuseColor
		transparency      0.0000                #transparency
	} #Material

	IndexedFaceSet {
		coordIndex [ 
		 0, 1, 2, 3,-1,
		 3, 2, 1, 0,-1,
		 0, 3, 7, 4,-1,
		 4, 7, 3, 0,-1,
		 1, 0, 4, 5,-1,
		 5, 4, 0, 1,-1,
		 2, 1, 5, 6,-1,
		 6, 5, 1, 2,-1,
		 3, 2, 6, 7,-1,
		 7, 6, 2, 3,-1,
		 7, 6, 5, 4,-1,
		 4, 5, 6, 7,-1,
		]
	} #IndexedFaceSet
} #Polyhedron
Separator { #Polyhedron
	DEF COORD90 Coordinate3 {
		point [
		 -1.6256 0.9271 -3.3528,
		 -1.6256 0.9271 -3.0988,
		 -1.7780 0.9271 -3.0988,
		 -1.7780 0.9271 -3.3528,
		 -1.6256 0.9208 -3.3528,
		 -1.6256 0.9208 -3.0988,
		 -1.7780 0.9208 -3.0988,
		 -1.7780 0.9208 -3.3528
		]
	} #Coordinate3
	Material {
		ambientColor      0.2500 0.2500 0.2500  #ambientColor
		diffuseColor      1.0000 1.0000 1.0000  #diffuseColor
		transparency      0.0000                #transparency
	} #Material

	IndexedFaceSet {
		coordIndex [ 
		 0, 1, 2, 3,-1,
		 3, 2, 1, 0,-1,
		 0, 3, 7, 4,-1,
		 4, 7, 3, 0,-1,
		 1, 0, 4, 5,-1,
		 5, 4, 0, 1,-1,
		 2, 1, 5, 6,-1,
		 6, 5, 1, 2,-1,
		 3, 2, 6, 7,-1,
		 7, 6, 2, 3,-1,
		 7, 6, 5, 4,-1,
		 4, 5, 6, 7,-1,
		]
	} #IndexedFaceSet
} #Polyhedron
Separator { #Polyhedron
	DEF COORD91 Coordinate3 {
		point [
		 -1.6965 0.9366 -3.3825,
		 -1.5333 0.9366 -3.1879,
		 -1.6500 0.9366 -3.0899,
		 -1.8133 0.9366 -3.2845,
		 -1.6965 0.9303 -3.3825,
		 -1.5333 0.9303 -3.1879,
		 -1.6500 0.9303 -3.0899,
		 -1.8133 0.9303 -3.2845
		]
	} #Coordinate3
	Material {
		ambientColor      0.2500 0.2500 0.2500  #ambientColor
		diffuseColor      1.0000 1.0000 1.0000  #diffuseColor
		transparency      0.0000                #transparency
	} #Material

	IndexedFaceSet {
		coordIndex [ 
		 0, 1, 2, 3,-1,
		 3, 2, 1, 0,-1,
		 0, 3, 7, 4,-1,
		 4, 7, 3, 0,-1,
		 1, 0, 4, 5,-1,
		 5, 4, 0, 1,-1,
		 2, 1, 5, 6,-1,
		 6, 5, 1, 2,-1,
		 3, 2, 6, 7,-1,
		 7, 6, 2, 3,-1,
		 7, 6, 5, 4,-1,
		 4, 5, 6, 7,-1,
		]
	} #IndexedFaceSet
} #Polyhedron
Separator { #Polyhedron
	DEF COORD92 Coordinate3 {
		point [
		 -2.0320 0.9271 -3.3528,
		 -2.0320 0.9271 -3.0988,
		 -2.1844 0.9271 -3.0988,
		 -2.1844 0.9271 -3.3528,
		 -2.0320 0.9208 -3.3528,
		 -2.0320 0.9208 -3.0988,
		 -2.1844 0.9208 -3.0988,
		 -2.1844 0.9208 -3.3528
		]
	} #Coordinate3
	Material {
		ambientColor      0.2500 0.2500 0.2500  #ambientColor
		diffuseColor      1.0000 1.0000 1.0000  #diffuseColor
		transparency      0.0000                #transparency
	} #Material

	IndexedFaceSet {
		coordIndex [ 
		 0, 1, 2, 3,-1,
		 3, 2, 1, 0,-1,
		 0, 3, 7, 4,-1,
		 4, 7, 3, 0,-1,
		 1, 0, 4, 5,-1,
		 5, 4, 0, 1,-1,
		 2, 1, 5, 6,-1,
		 6, 5, 1, 2,-1,
		 3, 2, 6, 7,-1,
		 7, 6, 2, 3,-1,
		 7, 6, 5, 4,-1,
		 4, 5, 6, 7,-1,
		]
	} #IndexedFaceSet
} #Polyhedron
Separator { #Polyhedron
	DEF COORD93 Coordinate3 {
		point [
		 -3.5448 0.9271 -3.3658,
		 -3.6316 0.9271 -3.1271,
		 -3.7748 0.9271 -3.1792,
		 -3.6880 0.9271 -3.4179,
		 -3.5448 0.9208 -3.3658,
		 -3.6316 0.9208 -3.1271,
		 -3.7748 0.9208 -3.1792,
		 -3.6880 0.9208 -3.4179
		]
	} #Coordinate3
	Material {
		ambientColor      0.2500 0.2500 0.2500  #ambientColor
		diffuseColor      1.0000 1.0000 1.0000  #diffuseColor
		transparency      0.0000                #transparency
	} #Material

	IndexedFaceSet {
		coordIndex [ 
		 0, 1, 2, 3,-1,
		 3, 2, 1, 0,-1,
		 0, 3, 7, 4,-1,
		 4, 7, 3, 0,-1,
		 1, 0, 4, 5,-1,
		 5, 4, 0, 1,-1,
		 2, 1, 5, 6,-1,
		 6, 5, 1, 2,-1,
		 3, 2, 6, 7,-1,
		 7, 6, 2, 3,-1,
		 7, 6, 5, 4,-1,
		 4, 5, 6, 7,-1,
		]
	} #IndexedFaceSet
} #Polyhedron
Separator { #Polyhedron
	DEF COORD94 Coordinate3 {
		point [
		 1.9304 0.9271 -3.2512,
		 1.9304 0.9271 -2.9972,
		 1.7780 0.9271 -2.9972,
		 1.7780 0.9271 -3.2512,
		 1.9304 0.9208 -3.2512,
		 1.9304 0.9208 -2.9972,
		 1.7780 0.9208 -2.9972,
		 1.7780 0.9208 -3.2512
		]
	} #Coordinate3
	Material {
		ambientColor      0.2500 0.2500 0.2500  #ambientColor
		diffuseColor      1.0000 1.0000 1.0000  #diffuseColor
		transparency      0.0000                #transparency
	} #Material

	IndexedFaceSet {
		coordIndex [ 
		 0, 1, 2, 3,-1,
		 3, 2, 1, 0,-1,
		 0, 3, 7, 4,-1,
		 4, 7, 3, 0,-1,
		 1, 0, 4, 5,-1,
		 5, 4, 0, 1,-1,
		 2, 1, 5, 6,-1,
		 6, 5, 1, 2,-1,
		 3, 2, 6, 7,-1,
		 7, 6, 2, 3,-1,
		 7, 6, 5, 4,-1,
		 4, 5, 6, 7,-1,
		]
	} #IndexedFaceSet
} #Polyhedron
Separator { #Polyhedron
	DEF COORD95 Coordinate3 {
		point [
		 3.5052 0.9271 -3.3528,
		 3.5052 0.9271 -3.0988,
		 3.3528 0.9271 -3.0988,
		 3.3528 0.9271 -3.3528,
		 3.5052 0.9208 -3.3528,
		 3.5052 0.9208 -3.0988,
		 3.3528 0.9208 -3.0988,
		 3.3528 0.9208 -3.3528
		]
	} #Coordinate3
	Material {
		ambientColor      0.2500 0.2500 0.2500  #ambientColor
		diffuseColor      1.0000 1.0000 1.0000  #diffuseColor
		transparency      0.0000                #transparency
	} #Material

	IndexedFaceSet {
		coordIndex [ 
		 0, 1, 2, 3,-1,
		 3, 2, 1, 0,-1,
		 0, 3, 7, 4,-1,
		 4, 7, 3, 0,-1,
		 1, 0, 4, 5,-1,
		 5, 4, 0, 1,-1,
		 2, 1, 5, 6,-1,
		 6, 5, 1, 2,-1,
		 3, 2, 6, 7,-1,
		 7, 6, 2, 3,-1,
		 7, 6, 5, 4,-1,
		 4, 5, 6, 7,-1,
		]
	} #IndexedFaceSet
} #Polyhedron
Separator { #Polyhedron
	DEF COORD96 Coordinate3 {
		point [
		 3.2512 0.9271 -3.3528,
		 3.2512 0.9271 -3.0988,
		 3.0988 0.9271 -3.0988,
		 3.0988 0.9271 -3.3528,
		 3.2512 0.9208 -3.3528,
		 3.2512 0.9208 -3.0988,
		 3.0988 0.9208 -3.0988,
		 3.0988 0.9208 -3.3528
		]
	} #Coordinate3
	Material {
		ambientColor      0.2500 0.2500 0.2500  #ambientColor
		diffuseColor      1.0000 1.0000 1.0000  #diffuseColor
		transparency      0.0000                #transparency
	} #Material

	IndexedFaceSet {
		coordIndex [ 
		 0, 1, 2, 3,-1,
		 3, 2, 1, 0,-1,
		 0, 3, 7, 4,-1,
		 4, 7, 3, 0,-1,
		 1, 0, 4, 5,-1,
		 5, 4, 0, 1,-1,
		 2, 1, 5, 6,-1,
		 6, 5, 1, 2,-1,
		 3, 2, 6, 7,-1,
		 7, 6, 2, 3,-1,
		 7, 6, 5, 4,-1,
		 4, 5, 6, 7,-1,
		]
	} #IndexedFaceSet
} #Polyhedron
Separator { #Polyhedron
	DEF COORD97 Coordinate3 {
		point [
		 4.3863 0.6223 -4.4549,
		 4.5809 0.6223 -4.2916,
		 4.4829 0.6223 -4.1749,
		 4.2884 0.6223 -4.3381,
		 4.3863 0.6160 -4.4549,
		 4.5809 0.6160 -4.2916,
		 4.4829 0.6160 -4.1749,
		 4.2884 0.6160 -4.3381
		]
	} #Coordinate3
	Material {
		ambientColor      0.2500 0.2500 0.2500  #ambientColor
		diffuseColor      1.0000 1.0000 1.0000  #diffuseColor
		transparency      0.0000                #transparency
	} #Material

	IndexedFaceSet {
		coordIndex [ 
		 0, 1, 2, 3,-1,
		 3, 2, 1, 0,-1,
		 0, 3, 7, 4,-1,
		 4, 7, 3, 0,-1,
		 1, 0, 4, 5,-1,
		 5, 4, 0, 1,-1,
		 2, 1, 5, 6,-1,
		 6, 5, 1, 2,-1,
		 3, 2, 6, 7,-1,
		 7, 6, 2, 3,-1,
		 7, 6, 5, 4,-1,
		 4, 5, 6, 7,-1,
		]
	} #IndexedFaceSet
} #Polyhedron
Separator { #Polyhedron
	DEF COORD98 Coordinate3 {
		point [
		 1.6764 0.6223 -3.8100,
		 1.6764 0.6223 -3.5560,
		 1.5240 0.6223 -3.5560,
		 1.5240 0.6223 -3.8100,
		 1.6764 0.6160 -3.8100,
		 1.6764 0.6160 -3.5560,
		 1.5240 0.6160 -3.5560,
		 1.5240 0.6160 -3.8100
		]
	} #Coordinate3
	Material {
		ambientColor      0.2500 0.2500 0.2500  #ambientColor
		diffuseColor      1.0000 1.0000 1.0000  #diffuseColor
		transparency      0.0000                #transparency
	} #Material

	IndexedFaceSet {
		coordIndex [ 
		 0, 1, 2, 3,-1,
		 3, 2, 1, 0,-1,
		 0, 3, 7, 4,-1,
		 4, 7, 3, 0,-1,
		 1, 0, 4, 5,-1,
		 5, 4, 0, 1,-1,
		 2, 1, 5, 6,-1,
		 6, 5, 1, 2,-1,
		 3, 2, 6, 7,-1,
		 7, 6, 2, 3,-1,
		 7, 6, 5, 4,-1,
		 4, 5, 6, 7,-1,
		]
	} #IndexedFaceSet
} #Polyhedron
Separator { #Polyhedron
	DEF COORD99 Coordinate3 {
		point [
		 1.8796 0.6223 -3.8608,
		 1.8796 0.6223 -3.6068,
		 1.7272 0.6223 -3.6068,
		 1.7272 0.6223 -3.8608,
		 1.8796 0.6160 -3.8608,
		 1.8796 0.6160 -3.6068,
		 1.7272 0.6160 -3.6068,
		 1.7272 0.6160 -3.8608
		]
	} #Coordinate3
	Material {
		ambientColor      0.2500 0.2500 0.2500  #ambientColor
		diffuseColor      1.0000 1.0000 1.0000  #diffuseColor
		transparency      0.0000                #transparency
	} #Material

	IndexedFaceSet {
		coordIndex [ 
		 0, 1, 2, 3,-1,
		 3, 2, 1, 0,-1,
		 0, 3, 7, 4,-1,
		 4, 7, 3, 0,-1,
		 1, 0, 4, 5,-1,
		 5, 4, 0, 1,-1,
		 2, 1, 5, 6,-1,
		 6, 5, 1, 2,-1,
		 3, 2, 6, 7,-1,
		 7, 6, 2, 3,-1,
		 7, 6, 5, 4,-1,
		 4, 5, 6, 7,-1,
		]
	} #IndexedFaceSet
} #Polyhedron
Separator { #Polyhedron
	DEF COORD100 Coordinate3 {
		point [
		 0.4064 0.6223 -3.8608,
		 0.4064 0.6223 -3.6068,
		 0.2540 0.6223 -3.6068,
		 0.2540 0.6223 -3.8608,
		 0.4064 0.6160 -3.8608,
		 0.4064 0.6160 -3.6068,
		 0.2540 0.6160 -3.6068,
		 0.2540 0.6160 -3.8608
		]
	} #Coordinate3
	Material {
		ambientColor      0.2500 0.2500 0.2500  #ambientColor
		diffuseColor      1.0000 1.0000 1.0000  #diffuseColor
		transparency      0.0000                #transparency
	} #Material

	IndexedFaceSet {
		coordIndex [ 
		 0, 1, 2, 3,-1,
		 3, 2, 1, 0,-1,
		 0, 3, 7, 4,-1,
		 4, 7, 3, 0,-1,
		 1, 0, 4, 5,-1,
		 5, 4, 0, 1,-1,
		 2, 1, 5, 6,-1,
		 6, 5, 1, 2,-1,
		 3, 2, 6, 7,-1,
		 7, 6, 2, 3,-1,
		 7, 6, 5, 4,-1,
		 4, 5, 6, 7,-1,
		]
	} #IndexedFaceSet
} #Polyhedron
Separator { #Polyhedron
	DEF COORD101 Coordinate3 {
		point [
		 -2.2860 0.6223 -3.8608,
		 -2.2860 0.6223 -3.6068,
		 -2.4384 0.6223 -3.6068,
		 -2.4384 0.6223 -3.8608,
		 -2.2860 0.6160 -3.8608,
		 -2.2860 0.6160 -3.6068,
		 -2.4384 0.6160 -3.6068,
		 -2.4384 0.6160 -3.8608
		]
	} #Coordinate3
	Material {
		ambientColor      0.2500 0.2500 0.2500  #ambientColor
		diffuseColor      1.0000 1.0000 1.0000  #diffuseColor
		transparency      0.0000                #transparency
	} #Material

	IndexedFaceSet {
		coordIndex [ 
		 0, 1, 2, 3,-1,
		 3, 2, 1, 0,-1,
		 0, 3, 7, 4,-1,
		 4, 7, 3, 0,-1,
		 1, 0, 4, 5,-1,
		 5, 4, 0, 1,-1,
		 2, 1, 5, 6,-1,
		 6, 5, 1, 2,-1,
		 3, 2, 6, 7,-1,
		 7, 6, 2, 3,-1,
		 7, 6, 5, 4,-1,
		 4, 5, 6, 7,-1,
		]
	} #IndexedFaceSet
} #Polyhedron
Separator { #Polyhedron
	DEF COORD102 Coordinate3 {
		point [
		 -1.7272 0.6223 -3.9116,
		 -1.7272 0.6223 -3.6576,
		 -1.8796 0.6223 -3.6576,
		 -1.8796 0.6223 -3.9116,
		 -1.7272 0.6160 -3.9116,
		 -1.7272 0.6160 -3.6576,
		 -1.8796 0.6160 -3.6576,
		 -1.8796 0.6160 -3.9116
		]
	} #Coordinate3
	Material {
		ambientColor      0.2500 0.2500 0.2500  #ambientColor
		diffuseColor      1.0000 1.0000 1.0000  #diffuseColor
		transparency      0.0000                #transparency
	} #Material

	IndexedFaceSet {
		coordIndex [ 
		 0, 1, 2, 3,-1,
		 3, 2, 1, 0,-1,
		 0, 3, 7, 4,-1,
		 4, 7, 3, 0,-1,
		 1, 0, 4, 5,-1,
		 5, 4, 0, 1,-1,
		 2, 1, 5, 6,-1,
		 6, 5, 1, 2,-1,
		 3, 2, 6, 7,-1,
		 7, 6, 2, 3,-1,
		 7, 6, 5, 4,-1,
		 4, 5, 6, 7,-1,
		]
	} #IndexedFaceSet
} #Polyhedron
Separator { #Polyhedron
	DEF COORD103 Coordinate3 {
		point [
		 -3.6767 0.6223 -3.9389,
		 -3.7636 0.6223 -3.7002,
		 -3.9068 0.6223 -3.7523,
		 -3.8199 0.6223 -3.9910,
		 -3.6767 0.6160 -3.9389,
		 -3.7636 0.6160 -3.7002,
		 -3.9068 0.6160 -3.7523,
		 -3.8199 0.6160 -3.9910
		]
	} #Coordinate3
	Material {
		ambientColor      0.2500 0.2500 0.2500  #ambientColor
		diffuseColor      1.0000 1.0000 1.0000  #diffuseColor
		transparency      0.0000                #transparency
	} #Material

	IndexedFaceSet {
		coordIndex [ 
		 0, 1, 2, 3,-1,
		 3, 2, 1, 0,-1,
		 0, 3, 7, 4,-1,
		 4, 7, 3, 0,-1,
		 1, 0, 4, 5,-1,
		 5, 4, 0, 1,-1,
		 2, 1, 5, 6,-1,
		 6, 5, 1, 2,-1,
		 3, 2, 6, 7,-1,
		 7, 6, 2, 3,-1,
		 7, 6, 5, 4,-1,
		 4, 5, 6, 7,-1,
		]
	} #IndexedFaceSet
} #Polyhedron
Separator { #Polyhedron
	DEF COORD104 Coordinate3 {
		point [
		 0.8888 2.4892 5.2080,
		 1.1572 2.4892 5.6097,
		 1.2515 2.4892 6.0836,
		 -1.2250 2.4892 6.0836,
		 -1.1308 2.4892 5.6097,
		 -0.8624 2.4892 5.2080,
		 -0.4607 2.4892 4.9396,
		 0.0132 2.4892 4.8453,
		 0.4870 2.4892 4.9396,
		 0.8888 0.0000 5.2080,
		 1.1572 0.0000 5.6097,
		 1.2515 0.0000 6.0836,
		 -1.2250 0.0000 6.0836,
		 -1.1308 0.0000 5.6097,
		 -0.8624 0.0000 5.2080,
		 -0.4607 0.0000 4.9396,
		 0.0132 0.0000 4.8453,
		 0.4870 0.0000 4.9396
		]
	} #Coordinate3
	Material {
		ambientColor      0.2500 0.2500 0.2500  #ambientColor
		diffuseColor      1.0000 1.0000 1.0000  #diffuseColor
		transparency      0.4980                #transparency
	} #Material

	IndexedFaceSet {
		coordIndex [ 
		 0, 1, 2, 3, 4, 5, 6, 7, 8,-1,
		 8, 7, 6, 5, 4, 3, 2, 1, 0,-1,
		]
	} #IndexedFaceSet
	Material {
		ambientColor      0.2500 0.2500 0.2500  #ambientColor
		diffuseColor      1.0000 1.0000 1.0000  #diffuseColor
		transparency      1.0000                #transparency
	} #Material

	IndexedFaceSet {
		coordIndex [ 
		 0, 8, 17, 9,-1,
		 9, 17, 8, 0,-1,
		]
	} #IndexedFaceSet
	Material {
		ambientColor      0.2500 0.2500 0.2500  #ambientColor
		diffuseColor      1.0000 1.0000 1.0000  #diffuseColor
		transparency      0.4980                #transparency
	} #Material

	IndexedFaceSet {
		coordIndex [ 
		 1, 0, 9, 10,-1,
		 10, 9, 0, 1,-1,
		 2, 1, 10, 11,-1,
		 11, 10, 1, 2,-1,
		]
	} #IndexedFaceSet
	Material {
		ambientColor      0.2500 0.2500 0.2500  #ambientColor
		diffuseColor      1.0000 1.0000 1.0000  #diffuseColor
		transparency      1.0000                #transparency
	} #Material

	IndexedFaceSet {
		coordIndex [ 
		 3, 2, 11, 12,-1,
		 12, 11, 2, 3,-1,
		]
	} #IndexedFaceSet
	Material {
		ambientColor      0.2500 0.2500 0.2500  #ambientColor
		diffuseColor      1.0000 1.0000 1.0000  #diffuseColor
		transparency      0.4980                #transparency
	} #Material

	IndexedFaceSet {
		coordIndex [ 
		 4, 3, 12, 13,-1,
		 13, 12, 3, 4,-1,
		 5, 4, 13, 14,-1,
		 14, 13, 4, 5,-1,
		]
	} #IndexedFaceSet
	Material {
		ambientColor      0.2500 0.2500 0.2500  #ambientColor
		diffuseColor      1.0000 1.0000 1.0000  #diffuseColor
		transparency      1.0000                #transparency
	} #Material

	IndexedFaceSet {
		coordIndex [ 
		 6, 5, 14, 15,-1,
		 15, 14, 5, 6,-1,
		 7, 6, 15, 16,-1,
		 16, 15, 6, 7,-1,
		 8, 7, 16, 17,-1,
		 17, 16, 7, 8,-1,
		]
	} #IndexedFaceSet
	Material {
		ambientColor      0.2500 0.2500 0.2500  #ambientColor
		diffuseColor      1.0000 1.0000 1.0000  #diffuseColor
		transparency      0.4980                #transparency
	} #Material

	IndexedFaceSet {
		coordIndex [ 
		 17, 16, 15, 14, 13, 12, 11, 10, 9,-1,
		 9, 10, 11, 12, 13, 14, 15, 16, 17,-1,
		]
	} #IndexedFaceSet
} #Polyhedron
Separator { #Polyhedron
	DEF COORD105 Coordinate3 {
		point [
		 -0.1305 2.4384 6.0297,
		 -0.0989 2.4384 5.9788,
		 -0.0503 2.4384 5.9439,
		 0.0080 2.4384 5.9302,
		 0.0671 2.4384 5.9399,
		 0.1180 2.4384 5.9715,
		 0.1529 2.4384 6.0201,
		 0.1666 2.4384 6.0784,
		 -0.1402 2.4384 6.0888,
		 -0.1305 0.0000 6.0297,
		 -0.0989 0.0000 5.9788,
		 -0.0503 0.0000 5.9439,
		 0.0080 0.0000 5.9302,
		 0.0671 0.0000 5.9399,
		 0.1180 0.0000 5.9715,
		 0.1529 0.0000 6.0201,
		 0.1666 0.0000 6.0784,
		 -0.1402 0.0000 6.0888
		]
	} #Coordinate3
	Material {
		ambientColor      0.1324 0.1324 0.1324  #ambientColor
		diffuseColor      0.5294 0.5294 0.5294  #diffuseColor
		transparency      0.0000                #transparency
	} #Material

	IndexedFaceSet {
		coordIndex [ 
		 0, 1, 2, 3, 4, 5, 6, 7, 8,-1,
		 8, 7, 6, 5, 4, 3, 2, 1, 0,-1,
		 0, 8, 17, 9,-1,
		 9, 17, 8, 0,-1,
		 1, 0, 9, 10,-1,
		 10, 9, 0, 1,-1,
		 2, 1, 10, 11,-1,
		 11, 10, 1, 2,-1,
		 3, 2, 11, 12,-1,
		 12, 11, 2, 3,-1,
		 4, 3, 12, 13,-1,
		 13, 12, 3, 4,-1,
		 5, 4, 13, 14,-1,
		 14, 13, 4, 5,-1,
		 6, 5, 14, 15,-1,
		 15, 14, 5, 6,-1,
		 7, 6, 15, 16,-1,
		 16, 15, 6, 7,-1,
		 8, 7, 16, 17,-1,
		 17, 16, 7, 8,-1,
		 17, 16, 15, 14, 13, 12, 11, 10, 9,-1,
		 9, 10, 11, 12, 13, 14, 15, 16, 17,-1,
		]
	} #IndexedFaceSet
} #Polyhedron
Separator { #Polyhedron
	DEF COORD106 Coordinate3 {
		point [
		 0.1030 2.4384 5.9579,
		 0.8573 2.4384 5.2035,
		 0.8932 2.4384 5.2394,
		 0.1389 2.4384 5.9938,
		 0.1030 0.0000 5.9579,
		 0.8573 0.0000 5.2035,
		 0.8932 0.0000 5.2394,
		 0.1389 0.0000 5.9938,
		 0.6059 1.3716 5.4550,
		 0.6059 1.0670 5.4550,
		 0.8214 1.0670 5.2394,
		 0.8214 1.3716 5.2394,
		 0.8573 1.3716 5.2754,
		 0.8573 1.0670 5.2754,
		 0.6418 1.0670 5.4909,
		 0.6418 1.3716 5.4909
		]
	} #Coordinate3
	Material {
		ambientColor      0.2500 0.2500 0.2500  #ambientColor
		diffuseColor      1.0000 1.0000 1.0000  #diffuseColor
		transparency      0.4980                #transparency
	} #Material

	IndexedFaceSet {
		coordIndex [ 
		 0, 1, 2, 3,-1,
		 3, 2, 1, 0,-1,
		]
	} #IndexedFaceSet
	Material {
		ambientColor      0.1324 0.1324 0.1324  #ambientColor
		diffuseColor      0.5294 0.5294 0.5294  #diffuseColor
		transparency      0.0000                #transparency
	} #Material

	IndexedFaceSet {
		coordIndex [ 
		 8, 9, 10, 11,-1,
		 11, 10, 9, 8,-1,
		 12, 13, 14, 15,-1,
		 15, 14, 13, 12,-1,
		]
	} #IndexedFaceSet
	Material {
		ambientColor      0.2500 0.2500 0.2500  #ambientColor
		diffuseColor      1.0000 1.0000 1.0000  #diffuseColor
		transparency      0.4980                #transparency
	} #Material

	IndexedFaceSet {
		coordIndex [ 
		 7, 6, 5, 4,-1,
		 4, 5, 6, 7,-1,
		]
	} #IndexedFaceSet
} #Polyhedron
Separator { #Polyhedron
	DEF COORD107 Coordinate3 {
		point [
		 -0.1125 2.4384 5.9938,
		 -0.8669 2.4384 5.2395,
		 -0.8309 2.4384 5.2035,
		 -0.0766 2.4384 5.9579,
		 -0.1125 0.0000 5.9938,
		 -0.8669 0.0000 5.2395,
		 -0.8309 0.0000 5.2035,
		 -0.0766 0.0000 5.9579,
		 -0.6154 1.3716 5.4909,
		 -0.6154 1.0670 5.4909,
		 -0.8310 1.0670 5.2754,
		 -0.8310 1.3716 5.2754,
		 -0.7950 1.3716 5.2395,
		 -0.7950 1.0670 5.2395,
		 -0.5795 1.0670 5.4550,
		 -0.5795 1.3716 5.4550
		]
	} #Coordinate3
	Material {
		ambientColor      0.2500 0.2500 0.2500  #ambientColor
		diffuseColor      1.0000 1.0000 1.0000  #diffuseColor
		transparency      0.4980                #transparency
	} #Material

	IndexedFaceSet {
		coordIndex [ 
		 0, 1, 2, 3,-1,
		 3, 2, 1, 0,-1,
		]
	} #IndexedFaceSet
	Material {
		ambientColor      0.1324 0.1324 0.1324  #ambientColor
		diffuseColor      0.5294 0.5294 0.5294  #diffuseColor
		transparency      0.0000                #transparency
	} #Material

	IndexedFaceSet {
		coordIndex [ 
		 8, 9, 10, 11,-1,
		 11, 10, 9, 8,-1,
		 12, 13, 14, 15,-1,
		 15, 14, 13, 12,-1,
		]
	} #IndexedFaceSet
	Material {
		ambientColor      0.2500 0.2500 0.2500  #ambientColor
		diffuseColor      1.0000 1.0000 1.0000  #diffuseColor
		transparency      0.4980                #transparency
	} #Material

	IndexedFaceSet {
		coordIndex [ 
		 7, 6, 5, 4,-1,
		 4, 5, 6, 7,-1,
		]
	} #IndexedFaceSet
} #Polyhedron
Separator { #Polyhedron
	DEF COORD108 Coordinate3 {
		point [
		 -0.4582 2.4892 4.9455,
		 0.0132 2.4892 4.8517,
		 0.4846 2.4892 4.9455,
		 0.8843 2.4892 5.2125,
		 1.1513 2.4892 5.6122,
		 1.2451 2.4892 6.0836,
		 -1.2187 2.4892 6.0836,
		 -1.1249 2.4892 5.6122,
		 -0.8579 2.4892 5.2125,
		 -0.4582 2.4384 4.9455,
		 0.0132 2.4384 4.8517,
		 0.4846 2.4384 4.9455,
		 0.8843 2.4384 5.2125,
		 1.1513 2.4384 5.6122,
		 1.2451 2.4384 6.0836,
		 -1.2187 2.4384 6.0836,
		 -1.1249 2.4384 5.6122,
		 -0.8579 2.4384 5.2125,
		 -1.2187 2.4892 6.0836,
		 -1.0663 2.4892 5.6365,
		 -1.1552 2.4892 6.0836,
		 -1.2187 2.4892 6.0836,
		 -1.1298 2.4892 5.6365,
		 -0.8130 2.4892 5.2574,
		 -0.8879 2.4892 5.2574,
		 -0.4339 2.4892 5.0041,
		 -0.5460 2.4892 5.0041,
		 0.0132 2.4892 4.9152,
		 -0.3060 2.4892 4.9152,
		 -0.3060 2.4892 4.9152,
		 0.3324 2.4892 4.9152,
		 0.4603 2.4892 5.0041,
		 0.5724 2.4892 5.0041,
		 0.8394 2.4892 5.2574,
		 0.9143 2.4892 5.2574,
		 1.0927 2.4892 5.6365,
		 1.1562 2.4892 5.6365,
		 1.1816 2.4892 6.0836,
		 -1.2187 2.4892 6.0836,
		 -1.1298 2.4892 5.6365,
		 -1.2187 2.4892 6.0836,
		 -0.8879 2.4892 5.2574,
		 -0.5460 2.4892 5.0041,
		 -0.3060 2.4892 4.9152,
		 0.3324 2.4892 4.9152,
		 -0.3060 2.4892 4.9152,
		 0.5724 2.4892 5.0041,
		 0.9143 2.4892 5.2574,
		 1.1562 2.4892 5.6365,
		 1.1816 2.4892 6.0836,
		 -1.1552 2.4892 6.0836,
		 -1.1552 2.4384 6.0836,
		 1.1816 2.4384 6.0836,
		 1.1816 2.4892 6.0836,
		 0.3324 2.4384 4.9152,
		 -0.3060 2.4384 4.9152,
		 0.5724 2.4384 5.0041,
		 0.0132 2.4384 4.9152,
		 0.4603 2.4384 5.0041,
		 0.9143 2.4384 5.2574,
		 0.8394 2.4384 5.2574,
		 1.1562 2.4384 5.6365,
		 1.0927 2.4384 5.6365,
		 1.1816 2.4384 6.0836,
		 -1.1552 2.4384 6.0836,
		 -1.1298 2.4384 5.6365,
		 -1.0663 2.4384 5.6365,
		 -0.8879 2.4384 5.2574,
		 -0.8130 2.4384 5.2574,
		 -0.5460 2.4384 5.0041,
		 -0.4339 2.4384 5.0041,
		 -0.3060 2.4384 4.9152,
		 -0.3060 2.4384 4.9152,
		 0.3324 2.4384 4.9152,
		 0.5724 2.4384 5.0041,
		 0.9143 2.4384 5.2574,
		 1.1562 2.4384 5.6365,
		 1.1816 2.4384 6.0836,
		 -1.1298 2.4384 5.6365,
		 -0.8879 2.4384 5.2574,
		 -0.5460 2.4384 5.0041,
		 -0.3060 2.4384 4.9152
		]
	} #Coordinate3
	Material {
		ambientColor      0.1324 0.1324 0.1324  #ambientColor
		diffuseColor      0.5294 0.5294 0.5294  #diffuseColor
		transparency      0.0000                #transparency
	} #Material

	IndexedFaceSet {
		coordIndex [ 
		 5, 6, 18,-1,
		 19, 20, 21, 22,-1,
		 23, 19, 22, 7, 24,-1,
		 25, 23, 24, 8, 26,-1,
		 27, 25, 26, 0, 28,-1,
		 29, 1, 30,-1,
		 31, 27, 30, 2, 32,-1,
		 33, 31, 32, 3, 34,-1,
		 35, 33, 34, 4, 36,-1,
		 37, 35, 36, 5,-1,
		 38, 6, 5,-1,
		 39, 40, 20, 19,-1,
		 41, 7, 39, 19, 23,-1,
		 42, 8, 41, 23, 25,-1,
		 43, 0, 42, 25, 27,-1,
		 44, 1, 45,-1,
		 46, 2, 44, 27, 31,-1,
		 47, 3, 46, 31, 33,-1,
		 48, 4, 47, 33, 35,-1,
		 5, 48, 35, 49,-1,
		 0, 8, 17, 9,-1,
		 9, 17, 8, 0,-1,
		 1, 0, 9, 10,-1,
		 10, 9, 0, 1,-1,
		 2, 1, 10, 11,-1,
		 11, 10, 1, 2,-1,
		 3, 2, 11, 12,-1,
		 12, 11, 2, 3,-1,
		 4, 3, 12, 13,-1,
		 13, 12, 3, 4,-1,
		 5, 4, 13, 14,-1,
		 14, 13, 4, 5,-1,
		 15, 6, 50, 51,-1,
		 5, 14, 52, 53,-1,
		 51, 50, 6, 15,-1,
		 53, 52, 14, 5,-1,
		 7, 6, 15, 16,-1,
		 16, 15, 6, 7,-1,
		 8, 7, 16, 17,-1,
		 17, 16, 7, 8,-1,
		 54, 10, 55,-1,
		 56, 11, 54, 57, 58,-1,
		 59, 12, 56, 58, 60,-1,
		 61, 13, 59, 60, 62,-1,
		 14, 61, 62, 63,-1,
		 15, 14, 64,-1,
		 65, 15, 64, 66,-1,
		 67, 16, 65, 66, 68,-1,
		 69, 17, 67, 68, 70,-1,
		 71, 9, 69, 70, 57,-1,
		 72, 10, 73,-1,
		 58, 57, 73, 11, 74,-1,
		 60, 58, 74, 12, 75,-1,
		 62, 60, 75, 13, 76,-1,
		 77, 62, 76, 14,-1,
		 64, 14, 15,-1,
		 66, 64, 15, 78,-1,
		 68, 66, 78, 16, 79,-1,
		 70, 68, 79, 17, 80,-1,
		 57, 70, 80, 9, 81,-1,
		]
	} #IndexedFaceSet
} #Polyhedron
Separator { #Polyhedron
	DEF COORD109 Coordinate3 {
		point [
		 -0.4339 2.4892 5.0041,
		 0.0132 2.4892 4.9152,
		 0.4603 2.4892 5.0041,
		 0.8394 2.4892 5.2574,
		 1.0927 2.4892 5.6365,
		 1.1816 2.4892 6.0836,
		 -1.1552 2.4892 6.0836,
		 -1.0663 2.4892 5.6365,
		 -0.8130 2.4892 5.2574,
		 -0.4339 2.4384 5.0041,
		 0.0132 2.4384 4.9152,
		 0.4603 2.4384 5.0041,
		 0.8394 2.4384 5.2574,
		 1.0927 2.4384 5.6365,
		 1.1816 2.4384 6.0836,
		 -1.1552 2.4384 6.0836,
		 -1.0663 2.4384 5.6365,
		 -0.8130 2.4384 5.2574
		]
	} #Coordinate3
	Material {
		ambientColor      0.1324 0.1324 0.1324  #ambientColor
		diffuseColor      0.5294 0.5294 0.5294  #diffuseColor
		transparency      1.0000                #transparency
	} #Material

	IndexedFaceSet {
		coordIndex [ 
		 8, 7, 6, 5, 4, 3, 2, 1, 0,-1,
		]
	} #IndexedFaceSet
	Material {
		ambientColor      0.1324 0.1324 0.1324  #ambientColor
		diffuseColor      0.5294 0.5294 0.5294  #diffuseColor
		transparency      0.0000                #transparency
	} #Material

	IndexedFaceSet {
		coordIndex [ 
		 0, 8, 17, 9,-1,
		 9, 17, 8, 0,-1,
		 1, 0, 9, 10,-1,
		 10, 9, 0, 1,-1,
		 2, 1, 10, 11,-1,
		 11, 10, 1, 2,-1,
		 3, 2, 11, 12,-1,
		 12, 11, 2, 3,-1,
		 4, 3, 12, 13,-1,
		 13, 12, 3, 4,-1,
		 5, 4, 13, 14,-1,
		 14, 13, 4, 5,-1,
		]
	} #IndexedFaceSet
	Material {
		ambientColor      0.1324 0.1324 0.1324  #ambientColor
		diffuseColor      0.5294 0.5294 0.5294  #diffuseColor
		transparency      1.0000                #transparency
	} #Material

	IndexedFaceSet {
		coordIndex [ 
		 15, 14, 5, 6,-1,
		]
	} #IndexedFaceSet
	Material {
		ambientColor      0.1324 0.1324 0.1324  #ambientColor
		diffuseColor      0.5294 0.5294 0.5294  #diffuseColor
		transparency      0.0000                #transparency
	} #Material

	IndexedFaceSet {
		coordIndex [ 
		 7, 6, 15, 16,-1,
		 16, 15, 6, 7,-1,
		 8, 7, 16, 17,-1,
		 17, 16, 7, 8,-1,
		]
	} #IndexedFaceSet
	Material {
		ambientColor      0.1324 0.1324 0.1324  #ambientColor
		diffuseColor      0.5294 0.5294 0.5294  #diffuseColor
		transparency      1.0000                #transparency
	} #Material

	IndexedFaceSet {
		coordIndex [ 
		 9, 10, 11, 12, 13, 14, 15, 16, 17,-1,
		]
	} #IndexedFaceSet
} #Polyhedron
Separator { #Polyhedron
	DEF COORD110 Coordinate3 {
		point [
		 -0.7771 2.4892 5.2574,
		 -0.0766 2.4892 5.9579,
		 -0.1125 2.4892 5.9938,
		 -0.8130 2.4892 5.2933,
		 -0.7771 2.4384 5.2574,
		 -0.0766 2.4384 5.9579,
		 -0.1125 2.4384 5.9938,
		 -0.8130 2.4384 5.2933
		]
	} #Coordinate3
	Material {
		ambientColor      0.1324 0.1324 0.1324  #ambientColor
		diffuseColor      0.5294 0.5294 0.5294  #diffuseColor
		transparency      0.0000                #transparency
	} #Material

	IndexedFaceSet {
		coordIndex [ 
		 0, 1, 2, 3,-1,
		 3, 2, 1, 0,-1,
		 7, 6, 5, 4,-1,
		 4, 5, 6, 7,-1,
		]
	} #IndexedFaceSet
} #Polyhedron
Separator { #Polyhedron
	DEF COORD111 Coordinate3 {
		point [
		 0.8035 2.4892 5.2574,
		 0.8394 2.4892 5.2933,
		 0.1389 2.4892 5.9938,
		 0.1030 2.4892 5.9579,
		 0.8035 2.4384 5.2574,
		 0.8394 2.4384 5.2933,
		 0.1389 2.4384 5.9938,
		 0.1030 2.4384 5.9579
		]
	} #Coordinate3
	Material {
		ambientColor      0.1324 0.1324 0.1324  #ambientColor
		diffuseColor      0.5294 0.5294 0.5294  #diffuseColor
		transparency      0.0000                #transparency
	} #Material

	IndexedFaceSet {
		coordIndex [ 
		 0, 1, 2, 3,-1,
		 3, 2, 1, 0,-1,
		 7, 6, 5, 4,-1,
		 4, 5, 6, 7,-1,
		]
	} #IndexedFaceSet
} #Polyhedron
Separator { #Polyhedron
	DEF COORD112 Coordinate3 {
		point [
		 2.5908 2.4384 6.0833,
		 2.5908 0.0000 6.0833,
		 2.5400 0.0000 6.0833,
		 2.5400 2.4384 6.0833,
		 2.5908 2.4384 6.0706,
		 2.5908 0.0000 6.0706,
		 2.5400 0.0000 6.0706,
		 2.5400 2.4384 6.0706
		]
	} #Coordinate3
	Material {
		ambientColor      0.1324 0.1324 0.1324  #ambientColor
		diffuseColor      0.5294 0.5294 0.5294  #diffuseColor
		transparency      0.0000                #transparency
	} #Material

	IndexedFaceSet {
		coordIndex [ 
		 0, 1, 2, 3,-1,
		 3, 2, 1, 0,-1,
		 0, 3, 7, 4,-1,
		 4, 7, 3, 0,-1,
		 1, 0, 4, 5,-1,
		 5, 4, 0, 1,-1,
		 2, 1, 5, 6,-1,
		 6, 5, 1, 2,-1,
		 3, 2, 6, 7,-1,
		 7, 6, 2, 3,-1,
		 7, 6, 5, 4,-1,
		 4, 5, 6, 7,-1,
		]
	} #IndexedFaceSet
} #Polyhedron
Separator { #Polyhedron
	DEF COORD113 Coordinate3 {
		point [
		 1.3716 0.0000 6.0833,
		 1.3716 2.4384 6.0833,
		 1.4224 2.4384 6.0833,
		 1.4224 0.0000 6.0833,
		 1.3716 0.0000 6.0706,
		 1.3716 2.4384 6.0706,
		 1.4224 2.4384 6.0706,
		 1.4224 0.0000 6.0706
		]
	} #Coordinate3
	Material {
		ambientColor      0.1324 0.1324 0.1324  #ambientColor
		diffuseColor      0.5294 0.5294 0.5294  #diffuseColor
		transparency      0.0000                #transparency
	} #Material

	IndexedFaceSet {
		coordIndex [ 
		 0, 1, 2, 3,-1,
		 3, 2, 1, 0,-1,
		 0, 3, 7, 4,-1,
		 4, 7, 3, 0,-1,
		 1, 0, 4, 5,-1,
		 5, 4, 0, 1,-1,
		 2, 1, 5, 6,-1,
		 6, 5, 1, 2,-1,
		 3, 2, 6, 7,-1,
		 7, 6, 2, 3,-1,
		 7, 6, 5, 4,-1,
		 4, 5, 6, 7,-1,
		]
	} #IndexedFaceSet
} #Polyhedron
Separator { #Polyhedron
	DEF COORD114 Coordinate3 {
		point [
		 2.5400 2.4384 6.0833,
		 2.5400 2.3876 6.0833,
		 1.4224 2.3876 6.0833,
		 1.4224 2.4384 6.0833,
		 2.5400 2.4384 6.0706,
		 2.5400 2.3876 6.0706,
		 1.4224 2.3876 6.0706,
		 1.4224 2.4384 6.0706
		]
	} #Coordinate3
	Material {
		ambientColor      0.1324 0.1324 0.1324  #ambientColor
		diffuseColor      0.5294 0.5294 0.5294  #diffuseColor
		transparency      0.0000                #transparency
	} #Material

	IndexedFaceSet {
		coordIndex [ 
		 0, 1, 2, 3,-1,
		 3, 2, 1, 0,-1,
		 0, 3, 7, 4,-1,
		 4, 7, 3, 0,-1,
		 1, 0, 4, 5,-1,
		 5, 4, 0, 1,-1,
		 2, 1, 5, 6,-1,
		 6, 5, 1, 2,-1,
		 3, 2, 6, 7,-1,
		 7, 6, 2, 3,-1,
		 7, 6, 5, 4,-1,
		 4, 5, 6, 7,-1,
		]
	} #IndexedFaceSet
} #Polyhedron
Separator { #Polyhedron
	DEF COORD115 Coordinate3 {
		point [
		 2.5400 0.1524 6.0833,
		 2.5400 0.0000 6.0833,
		 1.4224 0.0000 6.0833,
		 1.4224 0.1524 6.0833,
		 2.5400 0.1524 6.0706,
		 2.5400 0.0000 6.0706,
		 1.4224 0.0000 6.0706,
		 1.4224 0.1524 6.0706
		]
	} #Coordinate3
	Material {
		ambientColor      0.1324 0.1324 0.1324  #ambientColor
		diffuseColor      0.5294 0.5294 0.5294  #diffuseColor
		transparency      0.0000                #transparency
	} #Material

	IndexedFaceSet {
		coordIndex [ 
		 0, 1, 2, 3,-1,
		 3, 2, 1, 0,-1,
		 0, 3, 7, 4,-1,
		 4, 7, 3, 0,-1,
		 1, 0, 4, 5,-1,
		 5, 4, 0, 1,-1,
		 2, 1, 5, 6,-1,
		 6, 5, 1, 2,-1,
		 3, 2, 6, 7,-1,
		 7, 6, 2, 3,-1,
		 7, 6, 5, 4,-1,
		 4, 5, 6, 7,-1,
		]
	} #IndexedFaceSet
} #Polyhedron
Separator { #Polyhedron
	DEF COORD116 Coordinate3 {
		point [
		 2.5400 0.6604 6.0833,
		 2.5400 0.6096 6.0833,
		 1.4224 0.6096 6.0833,
		 1.4224 0.6604 6.0833,
		 2.5400 0.6604 6.0706,
		 2.5400 0.6096 6.0706,
		 1.4224 0.6096 6.0706,
		 1.4224 0.6604 6.0706
		]
	} #Coordinate3
	Material {
		ambientColor      0.1324 0.1324 0.1324  #ambientColor
		diffuseColor      0.5294 0.5294 0.5294  #diffuseColor
		transparency      0.0000                #transparency
	} #Material

	IndexedFaceSet {
		coordIndex [ 
		 0, 1, 2, 3,-1,
		 3, 2, 1, 0,-1,
		 0, 3, 7, 4,-1,
		 4, 7, 3, 0,-1,
		 1, 0, 4, 5,-1,
		 5, 4, 0, 1,-1,
		 2, 1, 5, 6,-1,
		 6, 5, 1, 2,-1,
		 3, 2, 6, 7,-1,
		 7, 6, 2, 3,-1,
		 7, 6, 5, 4,-1,
		 4, 5, 6, 7,-1,
		]
	} #IndexedFaceSet
} #Polyhedron
Separator { #Polyhedron
	DEF COORD117 Coordinate3 {
		point [
		 1.6764 1.4224 6.0833,
		 1.6764 1.1176 6.0833,
		 1.5240 1.1176 6.0833,
		 1.5240 1.4224 6.0833,
		 1.6764 1.4224 6.0706,
		 1.6764 1.1176 6.0706,
		 1.5240 1.1176 6.0706,
		 1.5240 1.4224 6.0706
		]
	} #Coordinate3
	Material {
		ambientColor      0.1324 0.1324 0.1324  #ambientColor
		diffuseColor      0.5294 0.5294 0.5294  #diffuseColor
		transparency      0.0000                #transparency
	} #Material

	IndexedFaceSet {
		coordIndex [ 
		 0, 1, 2, 3,-1,
		 3, 2, 1, 0,-1,
		 0, 3, 7, 4,-1,
		 4, 7, 3, 0,-1,
		 1, 0, 4, 5,-1,
		 5, 4, 0, 1,-1,
		 2, 1, 5, 6,-1,
		 6, 5, 1, 2,-1,
		 3, 2, 6, 7,-1,
		 7, 6, 2, 3,-1,
		 7, 6, 5, 4,-1,
		 4, 5, 6, 7,-1,
		]
	} #IndexedFaceSet
} #Polyhedron
Separator { #Polyhedron
	DEF COORD118 Coordinate3 {
		point [
		 -2.5908 2.4384 6.0833,
		 -2.5908 0.0000 6.0833,
		 -2.5400 0.0000 6.0833,
		 -2.5400 2.4384 6.0833,
		 -2.5908 2.4384 6.0960,
		 -2.5908 0.0000 6.0960,
		 -2.5400 0.0000 6.0960,
		 -2.5400 2.4384 6.0960
		]
	} #Coordinate3
	Material {
		ambientColor      0.1324 0.1324 0.1324  #ambientColor
		diffuseColor      0.5294 0.5294 0.5294  #diffuseColor
		transparency      0.0000                #transparency
	} #Material

	IndexedFaceSet {
		coordIndex [ 
		 0, 1, 2, 3,-1,
		 3, 2, 1, 0,-1,
		 0, 3, 7, 4,-1,
		 4, 7, 3, 0,-1,
		 1, 0, 4, 5,-1,
		 5, 4, 0, 1,-1,
		 2, 1, 5, 6,-1,
		 6, 5, 1, 2,-1,
		 3, 2, 6, 7,-1,
		 7, 6, 2, 3,-1,
		 7, 6, 5, 4,-1,
		 4, 5, 6, 7,-1,
		]
	} #IndexedFaceSet
} #Polyhedron
Separator { #Polyhedron
	DEF COORD119 Coordinate3 {
		point [
		 -1.3716 0.0000 6.0833,
		 -1.3716 2.4384 6.0833,
		 -1.4224 2.4384 6.0833,
		 -1.4224 0.0000 6.0833,
		 -1.3716 0.0000 6.0960,
		 -1.3716 2.4384 6.0960,
		 -1.4224 2.4384 6.0960,
		 -1.4224 0.0000 6.0960
		]
	} #Coordinate3
	Material {
		ambientColor      0.1324 0.1324 0.1324  #ambientColor
		diffuseColor      0.5294 0.5294 0.5294  #diffuseColor
		transparency      0.0000                #transparency
	} #Material

	IndexedFaceSet {
		coordIndex [ 
		 0, 1, 2, 3,-1,
		 3, 2, 1, 0,-1,
		 0, 3, 7, 4,-1,
		 4, 7, 3, 0,-1,
		 1, 0, 4, 5,-1,
		 5, 4, 0, 1,-1,
		 2, 1, 5, 6,-1,
		 6, 5, 1, 2,-1,
		 3, 2, 6, 7,-1,
		 7, 6, 2, 3,-1,
		 7, 6, 5, 4,-1,
		 4, 5, 6, 7,-1,
		]
	} #IndexedFaceSet
} #Polyhedron
Separator { #Polyhedron
	DEF COORD120 Coordinate3 {
		point [
		 -2.5400 2.4384 6.0833,
		 -2.5400 2.3876 6.0833,
		 -1.4224 2.3876 6.0833,
		 -1.4224 2.4384 6.0833,
		 -2.5400 2.4384 6.0960,
		 -2.5400 2.3876 6.0960,
		 -1.4224 2.3876 6.0960,
		 -1.4224 2.4384 6.0960
		]
	} #Coordinate3
	Material {
		ambientColor      0.1324 0.1324 0.1324  #ambientColor
		diffuseColor      0.5294 0.5294 0.5294  #diffuseColor
		transparency      0.0000                #transparency
	} #Material

	IndexedFaceSet {
		coordIndex [ 
		 0, 1, 2, 3,-1,
		 3, 2, 1, 0,-1,
		 0, 3, 7, 4,-1,
		 4, 7, 3, 0,-1,
		 1, 0, 4, 5,-1,
		 5, 4, 0, 1,-1,
		 2, 1, 5, 6,-1,
		 6, 5, 1, 2,-1,
		 3, 2, 6, 7,-1,
		 7, 6, 2, 3,-1,
		 7, 6, 5, 4,-1,
		 4, 5, 6, 7,-1,
		]
	} #IndexedFaceSet
} #Polyhedron
Separator { #Polyhedron
	DEF COORD121 Coordinate3 {
		point [
		 -2.5400 0.1524 6.0833,
		 -2.5400 0.0000 6.0833,
		 -1.4224 0.0000 6.0833,
		 -1.4224 0.1524 6.0833,
		 -2.5400 0.1524 6.0960,
		 -2.5400 0.0000 6.0960,
		 -1.4224 0.0000 6.0960,
		 -1.4224 0.1524 6.0960
		]
	} #Coordinate3
	Material {
		ambientColor      0.1324 0.1324 0.1324  #ambientColor
		diffuseColor      0.5294 0.5294 0.5294  #diffuseColor
		transparency      0.0000                #transparency
	} #Material

	IndexedFaceSet {
		coordIndex [ 
		 0, 1, 2, 3,-1,
		 3, 2, 1, 0,-1,
		 0, 3, 7, 4,-1,
		 4, 7, 3, 0,-1,
		 1, 0, 4, 5,-1,
		 5, 4, 0, 1,-1,
		 2, 1, 5, 6,-1,
		 6, 5, 1, 2,-1,
		 3, 2, 6, 7,-1,
		 7, 6, 2, 3,-1,
		 7, 6, 5, 4,-1,
		 4, 5, 6, 7,-1,
		]
	} #IndexedFaceSet
} #Polyhedron
Separator { #Polyhedron
	DEF COORD122 Coordinate3 {
		point [
		 -2.5400 0.6604 6.0833,
		 -2.5400 0.6096 6.0833,
		 -1.4224 0.6096 6.0833,
		 -1.4224 0.6604 6.0833,
		 -2.5400 0.6604 6.0960,
		 -2.5400 0.6096 6.0960,
		 -1.4224 0.6096 6.0960,
		 -1.4224 0.6604 6.0960
		]
	} #Coordinate3
	Material {
		ambientColor      0.1324 0.1324 0.1324  #ambientColor
		diffuseColor      0.5294 0.5294 0.5294  #diffuseColor
		transparency      0.0000                #transparency
	} #Material

	IndexedFaceSet {
		coordIndex [ 
		 0, 1, 2, 3,-1,
		 3, 2, 1, 0,-1,
		 0, 3, 7, 4,-1,
		 4, 7, 3, 0,-1,
		 1, 0, 4, 5,-1,
		 5, 4, 0, 1,-1,
		 2, 1, 5, 6,-1,
		 6, 5, 1, 2,-1,
		 3, 2, 6, 7,-1,
		 7, 6, 2, 3,-1,
		 7, 6, 5, 4,-1,
		 4, 5, 6, 7,-1,
		]
	} #IndexedFaceSet
} #Polyhedron
Separator { #Polyhedron
	DEF COORD123 Coordinate3 {
		point [
		 -1.6764 1.4224 6.0833,
		 -1.6764 1.1176 6.0833,
		 -1.5240 1.1176 6.0833,
		 -1.5240 1.4224 6.0833,
		 -1.6764 1.4224 6.0960,
		 -1.6764 1.1176 6.0960,
		 -1.5240 1.1176 6.0960,
		 -1.5240 1.4224 6.0960
		]
	} #Coordinate3
	Material {
		ambientColor      0.1324 0.1324 0.1324  #ambientColor
		diffuseColor      0.5294 0.5294 0.5294  #diffuseColor
		transparency      0.0000                #transparency
	} #Material

	IndexedFaceSet {
		coordIndex [ 
		 0, 1, 2, 3,-1,
		 3, 2, 1, 0,-1,
		 0, 3, 7, 4,-1,
		 4, 7, 3, 0,-1,
		 1, 0, 4, 5,-1,
		 5, 4, 0, 1,-1,
		 2, 1, 5, 6,-1,
		 6, 5, 1, 2,-1,
		 3, 2, 6, 7,-1,
		 7, 6, 2, 3,-1,
		 7, 6, 5, 4,-1,
		 4, 5, 6, 7,-1,
		]
	} #IndexedFaceSet
} #Polyhedron
Separator { #Polyhedron
	DEF COORD124 Coordinate3 {
		point [
		 -4.8514 3.0480 4.9276,
		 -4.8514 3.0480 5.1816,
		 -4.9022 3.0480 5.1816,
		 -4.9022 3.0480 4.9276,
		 -4.8514 0.0000 4.9276,
		 -4.8514 0.0000 5.1816,
		 -4.9022 0.0000 5.1816,
		 -4.9022 0.0000 4.9276
		]
	} #Coordinate3
	Material {
		ambientColor      0.2500 0.2500 0.2500  #ambientColor
		diffuseColor      1.0000 1.0000 1.0000  #diffuseColor
		transparency      0.0000                #transparency
	} #Material

	IndexedFaceSet {
		coordIndex [ 
		 0, 1, 2, 3,-1,
		 3, 2, 1, 0,-1,
		 0, 3, 7, 4,-1,
		 4, 7, 3, 0,-1,
		 1, 0, 4, 5,-1,
		 5, 4, 0, 1,-1,
		 2, 1, 5, 6,-1,
		 6, 5, 1, 2,-1,
		 3, 2, 6, 7,-1,
		 7, 6, 2, 3,-1,
		 7, 6, 5, 4,-1,
		 4, 5, 6, 7,-1,
		]
	} #IndexedFaceSet
} #Polyhedron
Separator { #Polyhedron
	DEF COORD125 Coordinate3 {
		point [
		 -5.1054 3.0480 5.1816,
		 -5.1054 3.0480 4.9276,
		 -5.0546 3.0480 4.9276,
		 -5.0546 3.0480 5.1816,
		 -5.1054 0.0000 5.1816,
		 -5.1054 0.0000 4.9276,
		 -5.0546 0.0000 4.9276,
		 -5.0546 0.0000 5.1816
		]
	} #Coordinate3
	Material {
		ambientColor      0.2500 0.2500 0.2500  #ambientColor
		diffuseColor      1.0000 1.0000 1.0000  #diffuseColor
		transparency      0.0000                #transparency
	} #Material

	IndexedFaceSet {
		coordIndex [ 
		 0, 1, 2, 3,-1,
		 3, 2, 1, 0,-1,
		 0, 3, 7, 4,-1,
		 4, 7, 3, 0,-1,
		 1, 0, 4, 5,-1,
		 5, 4, 0, 1,-1,
		 2, 1, 5, 6,-1,
		 6, 5, 1, 2,-1,
		 3, 2, 6, 7,-1,
		 7, 6, 2, 3,-1,
		 7, 6, 5, 4,-1,
		 4, 5, 6, 7,-1,
		]
	} #IndexedFaceSet
} #Polyhedron
Separator { #Polyhedron
	DEF COORD126 Coordinate3 {
		point [
		 -5.0038 3.0480 4.8768,
		 -5.0038 3.0480 5.2324,
		 -5.0546 3.0480 5.2324,
		 -5.0546 3.0480 4.8768,
		 -5.0038 0.0000 4.8768,
		 -5.0038 0.0000 5.2324,
		 -5.0546 0.0000 5.2324,
		 -5.0546 0.0000 4.8768
		]
	} #Coordinate3
	Material {
		ambientColor      0.2500 0.2500 0.2500  #ambientColor
		diffuseColor      1.0000 1.0000 1.0000  #diffuseColor
		transparency      0.0000                #transparency
	} #Material

	IndexedFaceSet {
		coordIndex [ 
		 0, 1, 2, 3,-1,
		 3, 2, 1, 0,-1,
		 0, 3, 7, 4,-1,
		 4, 7, 3, 0,-1,
		 1, 0, 4, 5,-1,
		 5, 4, 0, 1,-1,
		 2, 1, 5, 6,-1,
		 6, 5, 1, 2,-1,
		 3, 2, 6, 7,-1,
		 7, 6, 2, 3,-1,
		 7, 6, 5, 4,-1,
		 4, 5, 6, 7,-1,
		]
	} #IndexedFaceSet
} #Polyhedron
Separator { #Polyhedron
	DEF COORD127 Coordinate3 {
		point [
		 -4.9022 3.0480 4.8768,
		 -4.9022 3.0480 5.2324,
		 -4.9530 3.0480 5.2324,
		 -4.9530 3.0480 4.8768,
		 -4.9022 0.0000 4.8768,
		 -4.9022 0.0000 5.2324,
		 -4.9530 0.0000 5.2324,
		 -4.9530 0.0000 4.8768
		]
	} #Coordinate3
	Material {
		ambientColor      0.2500 0.2500 0.2500  #ambientColor
		diffuseColor      1.0000 1.0000 1.0000  #diffuseColor
		transparency      0.0000                #transparency
	} #Material

	IndexedFaceSet {
		coordIndex [ 
		 0, 1, 2, 3,-1,
		 3, 2, 1, 0,-1,
		 0, 3, 7, 4,-1,
		 4, 7, 3, 0,-1,
		 1, 0, 4, 5,-1,
		 5, 4, 0, 1,-1,
		 2, 1, 5, 6,-1,
		 6, 5, 1, 2,-1,
		 3, 2, 6, 7,-1,
		 7, 6, 2, 3,-1,
		 7, 6, 5, 4,-1,
		 4, 5, 6, 7,-1,
		]
	} #IndexedFaceSet
} #Polyhedron
Separator { #Polyhedron
	DEF COORD128 Coordinate3 {
		point [
		 -4.9530 3.0480 4.9276,
		 -4.9530 3.0480 5.1816,
		 -5.0038 3.0480 5.1816,
		 -5.0038 3.0480 4.9276,
		 -4.9530 0.0000 4.9276,
		 -4.9530 0.0000 5.1816,
		 -5.0038 0.0000 5.1816,
		 -5.0038 0.0000 4.9276
		]
	} #Coordinate3
	Material {
		ambientColor      0.2500 0.2500 0.2500  #ambientColor
		diffuseColor      1.0000 1.0000 1.0000  #diffuseColor
		transparency      0.0000                #transparency
	} #Material

	IndexedFaceSet {
		coordIndex [ 
		 0, 1, 2, 3,-1,
		 3, 2, 1, 0,-1,
		 0, 3, 7, 4,-1,
		 4, 7, 3, 0,-1,
		 1, 0, 4, 5,-1,
		 5, 4, 0, 1,-1,
		 2, 1, 5, 6,-1,
		 6, 5, 1, 2,-1,
		 3, 2, 6, 7,-1,
		 7, 6, 2, 3,-1,
		 7, 6, 5, 4,-1,
		 4, 5, 6, 7,-1,
		]
	} #IndexedFaceSet
} #Polyhedron
Separator { #Polyhedron
	DEF COORD129 Coordinate3 {
		point [
		 -5.1054 3.0480 5.1816,
		 -5.1054 3.0480 5.2324,
		 -5.1562 3.0480 5.2324,
		 -5.1562 3.0480 5.1816,
		 -5.1054 0.0000 5.1816,
		 -5.1054 0.0000 5.2324,
		 -5.1562 0.0000 5.2324,
		 -5.1562 0.0000 5.1816
		]
	} #Coordinate3
	Material {
		ambientColor      0.2500 0.2500 0.2500  #ambientColor
		diffuseColor      1.0000 1.0000 1.0000  #diffuseColor
		transparency      0.0000                #transparency
	} #Material

	IndexedFaceSet {
		coordIndex [ 
		 0, 1, 2, 3,-1,
		 3, 2, 1, 0,-1,
		 0, 3, 7, 4,-1,
		 4, 7, 3, 0,-1,
		 1, 0, 4, 5,-1,
		 5, 4, 0, 1,-1,
		 2, 1, 5, 6,-1,
		 6, 5, 1, 2,-1,
		 3, 2, 6, 7,-1,
		 7, 6, 2, 3,-1,
		 7, 6, 5, 4,-1,
		 4, 5, 6, 7,-1,
		]
	} #IndexedFaceSet
} #Polyhedron
Separator { #Polyhedron
	DEF COORD130 Coordinate3 {
		point [
		 -5.1054 3.0480 5.0800,
		 -5.1054 3.0480 5.1308,
		 -5.1562 3.0480 5.1308,
		 -5.1562 3.0480 5.0800,
		 -5.1054 0.0000 5.0800,
		 -5.1054 0.0000 5.1308,
		 -5.1562 0.0000 5.1308,
		 -5.1562 0.0000 5.0800
		]
	} #Coordinate3
	Material {
		ambientColor      0.2500 0.2500 0.2500  #ambientColor
		diffuseColor      1.0000 1.0000 1.0000  #diffuseColor
		transparency      0.0000                #transparency
	} #Material

	IndexedFaceSet {
		coordIndex [ 
		 0, 1, 2, 3,-1,
		 3, 2, 1, 0,-1,
		 0, 3, 7, 4,-1,
		 4, 7, 3, 0,-1,
		 1, 0, 4, 5,-1,
		 5, 4, 0, 1,-1,
		 2, 1, 5, 6,-1,
		 6, 5, 1, 2,-1,
		 3, 2, 6, 7,-1,
		 7, 6, 2, 3,-1,
		 7, 6, 5, 4,-1,
		 4, 5, 6, 7,-1,
		]
	} #IndexedFaceSet
} #Polyhedron
Separator { #Polyhedron
	DEF COORD131 Coordinate3 {
		point [
		 -5.1054 3.0480 4.9784,
		 -5.1054 3.0480 5.0292,
		 -5.1562 3.0480 5.0292,
		 -5.1562 3.0480 4.9784,
		 -5.1054 0.0000 4.9784,
		 -5.1054 0.0000 5.0292,
		 -5.1562 0.0000 5.0292,
		 -5.1562 0.0000 4.9784
		]
	} #Coordinate3
	Material {
		ambientColor      0.2500 0.2500 0.2500  #ambientColor
		diffuseColor      1.0000 1.0000 1.0000  #diffuseColor
		transparency      0.0000                #transparency
	} #Material

	IndexedFaceSet {
		coordIndex [ 
		 0, 1, 2, 3,-1,
		 3, 2, 1, 0,-1,
		 0, 3, 7, 4,-1,
		 4, 7, 3, 0,-1,
		 1, 0, 4, 5,-1,
		 5, 4, 0, 1,-1,
		 2, 1, 5, 6,-1,
		 6, 5, 1, 2,-1,
		 3, 2, 6, 7,-1,
		 7, 6, 2, 3,-1,
		 7, 6, 5, 4,-1,
		 4, 5, 6, 7,-1,
		]
	} #IndexedFaceSet
} #Polyhedron
Separator { #Polyhedron
	DEF COORD132 Coordinate3 {
		point [
		 -5.1054 3.0480 4.8768,
		 -5.1054 3.0480 4.9276,
		 -5.1562 3.0480 4.9276,
		 -5.1562 3.0480 4.8768,
		 -5.1054 0.0000 4.8768,
		 -5.1054 0.0000 4.9276,
		 -5.1562 0.0000 4.9276,
		 -5.1562 0.0000 4.8768
		]
	} #Coordinate3
	Material {
		ambientColor      0.2500 0.2500 0.2500  #ambientColor
		diffuseColor      1.0000 1.0000 1.0000  #diffuseColor
		transparency      0.0000                #transparency
	} #Material

	IndexedFaceSet {
		coordIndex [ 
		 0, 1, 2, 3,-1,
		 3, 2, 1, 0,-1,
		 0, 3, 7, 4,-1,
		 4, 7, 3, 0,-1,
		 1, 0, 4, 5,-1,
		 5, 4, 0, 1,-1,
		 2, 1, 5, 6,-1,
		 6, 5, 1, 2,-1,
		 3, 2, 6, 7,-1,
		 7, 6, 2, 3,-1,
		 7, 6, 5, 4,-1,
		 4, 5, 6, 7,-1,
		]
	} #IndexedFaceSet
} #Polyhedron
Separator { #Polyhedron
	DEF COORD133 Coordinate3 {
		point [
		 -4.8006 3.0480 4.8768,
		 -4.8006 3.0480 4.9276,
		 -4.8514 3.0480 4.9276,
		 -4.8514 3.0480 4.8768,
		 -4.8006 0.0000 4.8768,
		 -4.8006 0.0000 4.9276,
		 -4.8514 0.0000 4.9276,
		 -4.8514 0.0000 4.8768
		]
	} #Coordinate3
	Material {
		ambientColor      0.2500 0.2500 0.2500  #ambientColor
		diffuseColor      1.0000 1.0000 1.0000  #diffuseColor
		transparency      0.0000                #transparency
	} #Material

	IndexedFaceSet {
		coordIndex [ 
		 0, 1, 2, 3,-1,
		 3, 2, 1, 0,-1,
		 0, 3, 7, 4,-1,
		 4, 7, 3, 0,-1,
		 1, 0, 4, 5,-1,
		 5, 4, 0, 1,-1,
		 2, 1, 5, 6,-1,
		 6, 5, 1, 2,-1,
		 3, 2, 6, 7,-1,
		 7, 6, 2, 3,-1,
		 7, 6, 5, 4,-1,
		 4, 5, 6, 7,-1,
		]
	} #IndexedFaceSet
} #Polyhedron
Separator { #Polyhedron
	DEF COORD134 Coordinate3 {
		point [
		 -4.8006 3.0480 4.9784,
		 -4.8006 3.0480 5.0292,
		 -4.8514 3.0480 5.0292,
		 -4.8514 3.0480 4.9784,
		 -4.8006 0.0000 4.9784,
		 -4.8006 0.0000 5.0292,
		 -4.8514 0.0000 5.0292,
		 -4.8514 0.0000 4.9784
		]
	} #Coordinate3
	Material {
		ambientColor      0.2500 0.2500 0.2500  #ambientColor
		diffuseColor      1.0000 1.0000 1.0000  #diffuseColor
		transparency      0.0000                #transparency
	} #Material

	IndexedFaceSet {
		coordIndex [ 
		 0, 1, 2, 3,-1,
		 3, 2, 1, 0,-1,
		 0, 3, 7, 4,-1,
		 4, 7, 3, 0,-1,
		 1, 0, 4, 5,-1,
		 5, 4, 0, 1,-1,
		 2, 1, 5, 6,-1,
		 6, 5, 1, 2,-1,
		 3, 2, 6, 7,-1,
		 7, 6, 2, 3,-1,
		 7, 6, 5, 4,-1,
		 4, 5, 6, 7,-1,
		]
	} #IndexedFaceSet
} #Polyhedron
Separator { #Polyhedron
	DEF COORD135 Coordinate3 {
		point [
		 -4.8006 3.0480 5.0800,
		 -4.8006 3.0480 5.1308,
		 -4.8514 3.0480 5.1308,
		 -4.8514 3.0480 5.0800,
		 -4.8006 0.0000 5.0800,
		 -4.8006 0.0000 5.1308,
		 -4.8514 0.0000 5.1308,
		 -4.8514 0.0000 5.0800
		]
	} #Coordinate3
	Material {
		ambientColor      0.2500 0.2500 0.2500  #ambientColor
		diffuseColor      1.0000 1.0000 1.0000  #diffuseColor
		transparency      0.0000                #transparency
	} #Material

	IndexedFaceSet {
		coordIndex [ 
		 0, 1, 2, 3,-1,
		 3, 2, 1, 0,-1,
		 0, 3, 7, 4,-1,
		 4, 7, 3, 0,-1,
		 1, 0, 4, 5,-1,
		 5, 4, 0, 1,-1,
		 2, 1, 5, 6,-1,
		 6, 5, 1, 2,-1,
		 3, 2, 6, 7,-1,
		 7, 6, 2, 3,-1,
		 7, 6, 5, 4,-1,
		 4, 5, 6, 7,-1,
		]
	} #IndexedFaceSet
} #Polyhedron
Separator { #Polyhedron
	DEF COORD136 Coordinate3 {
		point [
		 -4.8006 3.0480 5.1816,
		 -4.8006 3.0480 5.2324,
		 -4.8514 3.0480 5.2324,
		 -4.8514 3.0480 5.1816,
		 -4.8006 0.0000 5.1816,
		 -4.8006 0.0000 5.2324,
		 -4.8514 0.0000 5.2324,
		 -4.8514 0.0000 5.1816
		]
	} #Coordinate3
	Material {
		ambientColor      0.2500 0.2500 0.2500  #ambientColor
		diffuseColor      1.0000 1.0000 1.0000  #diffuseColor
		transparency      0.0000                #transparency
	} #Material

	IndexedFaceSet {
		coordIndex [ 
		 0, 1, 2, 3,-1,
		 3, 2, 1, 0,-1,
		 0, 3, 7, 4,-1,
		 4, 7, 3, 0,-1,
		 1, 0, 4, 5,-1,
		 5, 4, 0, 1,-1,
		 2, 1, 5, 6,-1,
		 6, 5, 1, 2,-1,
		 3, 2, 6, 7,-1,
		 7, 6, 2, 3,-1,
		 7, 6, 5, 4,-1,
		 4, 5, 6, 7,-1,
		]
	} #IndexedFaceSet
} #Polyhedron
Separator { #Polyhedron
	DEF COORD137 Coordinate3 {
		point [
		 4.9022 3.0480 4.9276,
		 4.9022 3.0480 5.1816,
		 4.8514 3.0480 5.1816,
		 4.8514 3.0480 4.9276,
		 4.9022 0.0000 4.9276,
		 4.9022 0.0000 5.1816,
		 4.8514 0.0000 5.1816,
		 4.8514 0.0000 4.9276
		]
	} #Coordinate3
	Material {
		ambientColor      0.2500 0.2500 0.2500  #ambientColor
		diffuseColor      1.0000 1.0000 1.0000  #diffuseColor
		transparency      0.0000                #transparency
	} #Material

	IndexedFaceSet {
		coordIndex [ 
		 0, 1, 2, 3,-1,
		 3, 2, 1, 0,-1,
		 0, 3, 7, 4,-1,
		 4, 7, 3, 0,-1,
		 1, 0, 4, 5,-1,
		 5, 4, 0, 1,-1,
		 2, 1, 5, 6,-1,
		 6, 5, 1, 2,-1,
		 3, 2, 6, 7,-1,
		 7, 6, 2, 3,-1,
		 7, 6, 5, 4,-1,
		 4, 5, 6, 7,-1,
		]
	} #IndexedFaceSet
} #Polyhedron
Separator { #Polyhedron
	DEF COORD138 Coordinate3 {
		point [
		 4.6482 3.0480 5.1816,
		 4.6482 3.0480 4.9276,
		 4.6990 3.0480 4.9276,
		 4.6990 3.0480 5.1816,
		 4.6482 0.0000 5.1816,
		 4.6482 0.0000 4.9276,
		 4.6990 0.0000 4.9276,
		 4.6990 0.0000 5.1816
		]
	} #Coordinate3
	Material {
		ambientColor      0.2500 0.2500 0.2500  #ambientColor
		diffuseColor      1.0000 1.0000 1.0000  #diffuseColor
		transparency      0.0000                #transparency
	} #Material

	IndexedFaceSet {
		coordIndex [ 
		 0, 1, 2, 3,-1,
		 3, 2, 1, 0,-1,
		 0, 3, 7, 4,-1,
		 4, 7, 3, 0,-1,
		 1, 0, 4, 5,-1,
		 5, 4, 0, 1,-1,
		 2, 1, 5, 6,-1,
		 6, 5, 1, 2,-1,
		 3, 2, 6, 7,-1,
		 7, 6, 2, 3,-1,
		 7, 6, 5, 4,-1,
		 4, 5, 6, 7,-1,
		]
	} #IndexedFaceSet
} #Polyhedron
Separator { #Polyhedron
	DEF COORD139 Coordinate3 {
		point [
		 4.7498 3.0480 4.8768,
		 4.7498 3.0480 5.2324,
		 4.6990 3.0480 5.2324,
		 4.6990 3.0480 4.8768,
		 4.7498 0.0000 4.8768,
		 4.7498 0.0000 5.2324,
		 4.6990 0.0000 5.2324,
		 4.6990 0.0000 4.8768
		]
	} #Coordinate3
	Material {
		ambientColor      0.2500 0.2500 0.2500  #ambientColor
		diffuseColor      1.0000 1.0000 1.0000  #diffuseColor
		transparency      0.0000                #transparency
	} #Material

	IndexedFaceSet {
		coordIndex [ 
		 0, 1, 2, 3,-1,
		 3, 2, 1, 0,-1,
		 0, 3, 7, 4,-1,
		 4, 7, 3, 0,-1,
		 1, 0, 4, 5,-1,
		 5, 4, 0, 1,-1,
		 2, 1, 5, 6,-1,
		 6, 5, 1, 2,-1,
		 3, 2, 6, 7,-1,
		 7, 6, 2, 3,-1,
		 7, 6, 5, 4,-1,
		 4, 5, 6, 7,-1,
		]
	} #IndexedFaceSet
} #Polyhedron
Separator { #Polyhedron
	DEF COORD140 Coordinate3 {
		point [
		 4.8514 3.0480 4.8768,
		 4.8514 3.0480 5.2324,
		 4.8006 3.0480 5.2324,
		 4.8006 3.0480 4.8768,
		 4.8514 0.0000 4.8768,
		 4.8514 0.0000 5.2324,
		 4.8006 0.0000 5.2324,
		 4.8006 0.0000 4.8768
		]
	} #Coordinate3
	Material {
		ambientColor      0.2500 0.2500 0.2500  #ambientColor
		diffuseColor      1.0000 1.0000 1.0000  #diffuseColor
		transparency      0.0000                #transparency
	} #Material

	IndexedFaceSet {
		coordIndex [ 
		 0, 1, 2, 3,-1,
		 3, 2, 1, 0,-1,
		 0, 3, 7, 4,-1,
		 4, 7, 3, 0,-1,
		 1, 0, 4, 5,-1,
		 5, 4, 0, 1,-1,
		 2, 1, 5, 6,-1,
		 6, 5, 1, 2,-1,
		 3, 2, 6, 7,-1,
		 7, 6, 2, 3,-1,
		 7, 6, 5, 4,-1,
		 4, 5, 6, 7,-1,
		]
	} #IndexedFaceSet
} #Polyhedron
Separator { #Polyhedron
	DEF COORD141 Coordinate3 {
		point [
		 4.8006 3.0480 4.9276,
		 4.8006 3.0480 5.1816,
		 4.7498 3.0480 5.1816,
		 4.7498 3.0480 4.9276,
		 4.8006 0.0000 4.9276,
		 4.8006 0.0000 5.1816,
		 4.7498 0.0000 5.1816,
		 4.7498 0.0000 4.9276
		]
	} #Coordinate3
	Material {
		ambientColor      0.2500 0.2500 0.2500  #ambientColor
		diffuseColor      1.0000 1.0000 1.0000  #diffuseColor
		transparency      0.0000                #transparency
	} #Material

	IndexedFaceSet {
		coordIndex [ 
		 0, 1, 2, 3,-1,
		 3, 2, 1, 0,-1,
		 0, 3, 7, 4,-1,
		 4, 7, 3, 0,-1,
		 1, 0, 4, 5,-1,
		 5, 4, 0, 1,-1,
		 2, 1, 5, 6,-1,
		 6, 5, 1, 2,-1,
		 3, 2, 6, 7,-1,
		 7, 6, 2, 3,-1,
		 7, 6, 5, 4,-1,
		 4, 5, 6, 7,-1,
		]
	} #IndexedFaceSet
} #Polyhedron
Separator { #Polyhedron
	DEF COORD142 Coordinate3 {
		point [
		 4.6482 3.0480 5.1816,
		 4.6482 3.0480 5.2324,
		 4.5974 3.0480 5.2324,
		 4.5974 3.0480 5.1816,
		 4.6482 0.0000 5.1816,
		 4.6482 0.0000 5.2324,
		 4.5974 0.0000 5.2324,
		 4.5974 0.0000 5.1816
		]
	} #Coordinate3
	Material {
		ambientColor      0.2500 0.2500 0.2500  #ambientColor
		diffuseColor      1.0000 1.0000 1.0000  #diffuseColor
		transparency      0.0000                #transparency
	} #Material

	IndexedFaceSet {
		coordIndex [ 
		 0, 1, 2, 3,-1,
		 3, 2, 1, 0,-1,
		 0, 3, 7, 4,-1,
		 4, 7, 3, 0,-1,
		 1, 0, 4, 5,-1,
		 5, 4, 0, 1,-1,
		 2, 1, 5, 6,-1,
		 6, 5, 1, 2,-1,
		 3, 2, 6, 7,-1,
		 7, 6, 2, 3,-1,
		 7, 6, 5, 4,-1,
		 4, 5, 6, 7,-1,
		]
	} #IndexedFaceSet
} #Polyhedron
Separator { #Polyhedron
	DEF COORD143 Coordinate3 {
		point [
		 4.6482 3.0480 5.0800,
		 4.6482 3.0480 5.1308,
		 4.5974 3.0480 5.1308,
		 4.5974 3.0480 5.0800,
		 4.6482 0.0000 5.0800,
		 4.6482 0.0000 5.1308,
		 4.5974 0.0000 5.1308,
		 4.5974 0.0000 5.0800
		]
	} #Coordinate3
	Material {
		ambientColor      0.2500 0.2500 0.2500  #ambientColor
		diffuseColor      1.0000 1.0000 1.0000  #diffuseColor
		transparency      0.0000                #transparency
	} #Material

	IndexedFaceSet {
		coordIndex [ 
		 0, 1, 2, 3,-1,
		 3, 2, 1, 0,-1,
		 0, 3, 7, 4,-1,
		 4, 7, 3, 0,-1,
		 1, 0, 4, 5,-1,
		 5, 4, 0, 1,-1,
		 2, 1, 5, 6,-1,
		 6, 5, 1, 2,-1,
		 3, 2, 6, 7,-1,
		 7, 6, 2, 3,-1,
		 7, 6, 5, 4,-1,
		 4, 5, 6, 7,-1,
		]
	} #IndexedFaceSet
} #Polyhedron
Separator { #Polyhedron
	DEF COORD144 Coordinate3 {
		point [
		 4.6482 3.0480 4.9784,
		 4.6482 3.0480 5.0292,
		 4.5974 3.0480 5.0292,
		 4.5974 3.0480 4.9784,
		 4.6482 0.0000 4.9784,
		 4.6482 0.0000 5.0292,
		 4.5974 0.0000 5.0292,
		 4.5974 0.0000 4.9784
		]
	} #Coordinate3
	Material {
		ambientColor      0.2500 0.2500 0.2500  #ambientColor
		diffuseColor      1.0000 1.0000 1.0000  #diffuseColor
		transparency      0.0000                #transparency
	} #Material

	IndexedFaceSet {
		coordIndex [ 
		 0, 1, 2, 3,-1,
		 3, 2, 1, 0,-1,
		 0, 3, 7, 4,-1,
		 4, 7, 3, 0,-1,
		 1, 0, 4, 5,-1,
		 5, 4, 0, 1,-1,
		 2, 1, 5, 6,-1,
		 6, 5, 1, 2,-1,
		 3, 2, 6, 7,-1,
		 7, 6, 2, 3,-1,
		 7, 6, 5, 4,-1,
		 4, 5, 6, 7,-1,
		]
	} #IndexedFaceSet
} #Polyhedron
Separator { #Polyhedron
	DEF COORD145 Coordinate3 {
		point [
		 4.6482 3.0480 4.8768,
		 4.6482 3.0480 4.9276,
		 4.5974 3.0480 4.9276,
		 4.5974 3.0480 4.8768,
		 4.6482 0.0000 4.8768,
		 4.6482 0.0000 4.9276,
		 4.5974 0.0000 4.9276,
		 4.5974 0.0000 4.8768
		]
	} #Coordinate3
	Material {
		ambientColor      0.2500 0.2500 0.2500  #ambientColor
		diffuseColor      1.0000 1.0000 1.0000  #diffuseColor
		transparency      0.0000                #transparency
	} #Material

	IndexedFaceSet {
		coordIndex [ 
		 0, 1, 2, 3,-1,
		 3, 2, 1, 0,-1,
		 0, 3, 7, 4,-1,
		 4, 7, 3, 0,-1,
		 1, 0, 4, 5,-1,
		 5, 4, 0, 1,-1,
		 2, 1, 5, 6,-1,
		 6, 5, 1, 2,-1,
		 3, 2, 6, 7,-1,
		 7, 6, 2, 3,-1,
		 7, 6, 5, 4,-1,
		 4, 5, 6, 7,-1,
		]
	} #IndexedFaceSet
} #Polyhedron
Separator { #Polyhedron
	DEF COORD146 Coordinate3 {
		point [
		 4.9530 3.0480 4.8768,
		 4.9530 3.0480 4.9276,
		 4.9022 3.0480 4.9276,
		 4.9022 3.0480 4.8768,
		 4.9530 0.0000 4.8768,
		 4.9530 0.0000 4.9276,
		 4.9022 0.0000 4.9276,
		 4.9022 0.0000 4.8768
		]
	} #Coordinate3
	Material {
		ambientColor      0.2500 0.2500 0.2500  #ambientColor
		diffuseColor      1.0000 1.0000 1.0000  #diffuseColor
		transparency      0.0000                #transparency
	} #Material

	IndexedFaceSet {
		coordIndex [ 
		 0, 1, 2, 3,-1,
		 3, 2, 1, 0,-1,
		 0, 3, 7, 4,-1,
		 4, 7, 3, 0,-1,
		 1, 0, 4, 5,-1,
		 5, 4, 0, 1,-1,
		 2, 1, 5, 6,-1,
		 6, 5, 1, 2,-1,
		 3, 2, 6, 7,-1,
		 7, 6, 2, 3,-1,
		 7, 6, 5, 4,-1,
		 4, 5, 6, 7,-1,
		]
	} #IndexedFaceSet
} #Polyhedron
Separator { #Polyhedron
	DEF COORD147 Coordinate3 {
		point [
		 4.9530 3.0480 4.9784,
		 4.9530 3.0480 5.0292,
		 4.9022 3.0480 5.0292,
		 4.9022 3.0480 4.9784,
		 4.9530 0.0000 4.9784,
		 4.9530 0.0000 5.0292,
		 4.9022 0.0000 5.0292,
		 4.9022 0.0000 4.9784
		]
	} #Coordinate3
	Material {
		ambientColor      0.2500 0.2500 0.2500  #ambientColor
		diffuseColor      1.0000 1.0000 1.0000  #diffuseColor
		transparency      0.0000                #transparency
	} #Material

	IndexedFaceSet {
		coordIndex [ 
		 0, 1, 2, 3,-1,
		 3, 2, 1, 0,-1,
		 0, 3, 7, 4,-1,
		 4, 7, 3, 0,-1,
		 1, 0, 4, 5,-1,
		 5, 4, 0, 1,-1,
		 2, 1, 5, 6,-1,
		 6, 5, 1, 2,-1,
		 3, 2, 6, 7,-1,
		 7, 6, 2, 3,-1,
		 7, 6, 5, 4,-1,
		 4, 5, 6, 7,-1,
		]
	} #IndexedFaceSet
} #Polyhedron
Separator { #Polyhedron
	DEF COORD148 Coordinate3 {
		point [
		 4.9530 3.0480 5.0800,
		 4.9530 3.0480 5.1308,
		 4.9022 3.0480 5.1308,
		 4.9022 3.0480 5.0800,
		 4.9530 0.0000 5.0800,
		 4.9530 0.0000 5.1308,
		 4.9022 0.0000 5.1308,
		 4.9022 0.0000 5.0800
		]
	} #Coordinate3
	Material {
		ambientColor      0.2500 0.2500 0.2500  #ambientColor
		diffuseColor      1.0000 1.0000 1.0000  #diffuseColor
		transparency      0.0000                #transparency
	} #Material

	IndexedFaceSet {
		coordIndex [ 
		 0, 1, 2, 3,-1,
		 3, 2, 1, 0,-1,
		 0, 3, 7, 4,-1,
		 4, 7, 3, 0,-1,
		 1, 0, 4, 5,-1,
		 5, 4, 0, 1,-1,
		 2, 1, 5, 6,-1,
		 6, 5, 1, 2,-1,
		 3, 2, 6, 7,-1,
		 7, 6, 2, 3,-1,
		 7, 6, 5, 4,-1,
		 4, 5, 6, 7,-1,
		]
	} #IndexedFaceSet
} #Polyhedron
Separator { #Polyhedron
	DEF COORD149 Coordinate3 {
		point [
		 4.9530 3.0480 5.1816,
		 4.9530 3.0480 5.2324,
		 4.9022 3.0480 5.2324,
		 4.9022 3.0480 5.1816,
		 4.9530 0.0000 5.1816,
		 4.9530 0.0000 5.2324,
		 4.9022 0.0000 5.2324,
		 4.9022 0.0000 5.1816
		]
	} #Coordinate3
	Material {
		ambientColor      0.2500 0.2500 0.2500  #ambientColor
		diffuseColor      1.0000 1.0000 1.0000  #diffuseColor
		transparency      0.0000                #transparency
	} #Material

	IndexedFaceSet {
		coordIndex [ 
		 0, 1, 2, 3,-1,
		 3, 2, 1, 0,-1,
		 0, 3, 7, 4,-1,
		 4, 7, 3, 0,-1,
		 1, 0, 4, 5,-1,
		 5, 4, 0, 1,-1,
		 2, 1, 5, 6,-1,
		 6, 5, 1, 2,-1,
		 3, 2, 6, 7,-1,
		 7, 6, 2, 3,-1,
		 7, 6, 5, 4,-1,
		 4, 5, 6, 7,-1,
		]
	} #IndexedFaceSet
} #Polyhedron
}
