#VRML V1.0 ascii

Separator {
	Info { string "Virtus 3D Website Builder 1.0
	VRML Export Filter
	Virtus Corporation
	114 MacKenan Drive, Suite 100
	Cary, NC 27511
	919-467-9700"}

	DEF BackgroundColor Info{  # Sky color
		string " 0.3 0.8 1.0 "
	}

	DirectionalLight {
		on         TRUE          # SFBool
		intensity  1.0           # SFFloat
		color      0.4 0.4 0.4   # SFColor
		direction  0 0 0   # SFVec3f
	}

	DirectionalLight {
		on         TRUE          # SFBool
		intensity  1.0           # SFFloat
		color      0.5 0.5 0.5   # SFColor
		direction  34 -247 -57   # SFVec3f
	}

	DirectionalLight {
		on         TRUE          # SFBool
		intensity  1.0           # SFFloat
		color      0.4 0.4 0.4   # SFColor
		direction  -209 -104 105   # SFVec3f
	}

	DirectionalLight {
		on         TRUE          # SFBool
		intensity  1.0           # SFFloat
		color      0.5 0.5 0.5   # SFColor
		direction  5 119 -226   # SFVec3f
	}

	PerspectiveCamera {
		position 4.4450 1.5240 -2.9972          #SFVec3f 
		orientation 0 1 0  1.0312     #SFRotation 
		focalDistance  5            #SFFloat 
		heightAngle 2.1726 
	}

	ShapeHints {
		vertexOrdering	CLOCKWISE
		shapeType	SOLID
	}

	Transform {
		translation 0 0 0
		scaleFactor 1.0 1.0 1.0
	}

Separator { #Polyhedron
	DEF COORD0 Coordinate3 {
		point [
		 6.0960 2.4384 -9.1440,
		 6.0960 2.4384 -0.0000,
		 -6.0960 2.4384 -0.0000,
		 -6.0960 2.4384 -9.1440,
		 6.0960 0.0000 -9.1440,
		 6.0960 0.0000 -0.0000,
		 -6.0960 0.0000 -0.0000,
		 -6.0960 0.0000 -9.1440
		]
	} #Coordinate3
	Material {
		ambientColor      0.2500 0.2500 0.2500  #ambientColor
		diffuseColor      1.0000 1.0000 1.0000  #diffuseColor
		transparency      0.0000                #transparency
	} #Material

	IndexedFaceSet {
		coordIndex [ 
		 0, 1, 2, 3,-1,
		 3, 2, 1, 0,-1,
		 0, 3, 7, 4,-1,
		 4, 7, 3, 0,-1,
		 1, 0, 4, 5,-1,
		 5, 4, 0, 1,-1,
		 2, 1, 5, 6,-1,
		 6, 5, 1, 2,-1,
		 3, 2, 6, 7,-1,
		 7, 6, 2, 3,-1,
		 7, 6, 5, 4,-1,
		 4, 5, 6, 7,-1,
		]
	} #IndexedFaceSet
} #Polyhedron
Separator { #Polyhedron
	DEF COORD1 Coordinate3 {
		point [
		 3.0480 0.9144 -5.7912,
		 3.0480 0.9144 -4.2672,
		 -3.0480 0.9144 -4.2672,
		 -3.0480 0.9144 -5.7912,
		 3.0480 0.7620 -5.7912,
		 3.0480 0.7620 -4.2672,
		 -3.0480 0.7620 -4.2672,
		 -3.0480 0.7620 -5.7912
		]
	} #Coordinate3
	Material {
		ambientColor      0.0902 0.0902 0.0902  #ambientColor
		diffuseColor      0.3608 0.3608 0.3608  #diffuseColor
		transparency      0.0000                #transparency
	} #Material

	Texture2 {
		filename ""  #filename
		wrapS REPEAT 
		wrapT REPEAT 
	} #Texture2

	IndexedFaceSet {
		coordIndex [ 
		 0, 1, 2, 3,-1,
		 3, 2, 1, 0,-1,
		 0, 3, 7, 4,-1,
		 4, 7, 3, 0,-1,
		 1, 0, 4, 5,-1,
		 5, 4, 0, 1,-1,
		 2, 1, 5, 6,-1,
		 6, 5, 1, 2,-1,
		 3, 2, 6, 7,-1,
		 7, 6, 2, 3,-1,
		 7, 6, 5, 4,-1,
		 4, 5, 6, 7,-1,
		]
	} #IndexedFaceSet
} #Polyhedron
Separator { #Polyhedron
	DEF COORD2 Coordinate3 {
		point [
		 3.0480 0.9144 -4.2672,
		 3.0480 0.9144 -7.0104,
		 4.5720 0.9144 -7.0104,
		 4.5720 0.9144 -4.2672,
		 3.0480 0.7620 -4.2672,
		 3.0480 0.7620 -7.0104,
		 4.5720 0.7620 -7.0104,
		 4.5720 0.7620 -4.2672
		]
	} #Coordinate3
	Material {
		ambientColor      0.0902 0.0902 0.0902  #ambientColor
		diffuseColor      0.3608 0.3608 0.3608  #diffuseColor
		transparency      0.0000                #transparency
	} #Material

	IndexedFaceSet {
		coordIndex [ 
		 0, 1, 2, 3,-1,
		 3, 2, 1, 0,-1,
		 0, 3, 7, 4,-1,
		 4, 7, 3, 0,-1,
		 1, 0, 4, 5,-1,
		 5, 4, 0, 1,-1,
		 2, 1, 5, 6,-1,
		 6, 5, 1, 2,-1,
		 3, 2, 6, 7,-1,
		 7, 6, 2, 3,-1,
		 7, 6, 5, 4,-1,
		 4, 5, 6, 7,-1,
		]
	} #IndexedFaceSet
} #Polyhedron
Separator { #Polyhedron
	DEF COORD3 Coordinate3 {
		point [
		 -4.5720 0.9144 -4.2672,
		 -4.5720 0.9144 -7.3152,
		 -3.0480 0.9144 -7.3152,
		 -3.0480 0.9144 -4.2672,
		 -4.5720 0.7620 -4.2672,
		 -4.5720 0.7620 -7.3152,
		 -3.0480 0.7620 -7.3152,
		 -3.0480 0.7620 -4.2672
		]
	} #Coordinate3
	Material {
		ambientColor      0.0902 0.0902 0.0902  #ambientColor
		diffuseColor      0.3608 0.3608 0.3608  #diffuseColor
		transparency      0.0000                #transparency
	} #Material

	IndexedFaceSet {
		coordIndex [ 
		 0, 1, 2, 3,-1,
		 3, 2, 1, 0,-1,
		 0, 3, 7, 4,-1,
		 4, 7, 3, 0,-1,
		 1, 0, 4, 5,-1,
		 5, 4, 0, 1,-1,
		 2, 1, 5, 6,-1,
		 6, 5, 1, 2,-1,
		 3, 2, 6, 7,-1,
		 7, 6, 2, 3,-1,
		 7, 6, 5, 4,-1,
		 4, 5, 6, 7,-1,
		]
	} #IndexedFaceSet
} #Polyhedron
Separator { #Polyhedron
	DEF COORD4 Coordinate3 {
		point [
		 -3.0480 0.7620 -7.3152,
		 -3.0480 0.7620 -5.7912,
		 -3.3528 0.7620 -5.7912,
		 -3.3528 0.7620 -7.3152,
		 -3.0480 0.0000 -7.3152,
		 -3.0480 0.0000 -5.7912,
		 -3.3528 0.0000 -5.7912,
		 -3.3528 0.0000 -7.3152
		]
	} #Coordinate3
	Material {
		ambientColor      0.0902 0.0902 0.0902  #ambientColor
		diffuseColor      0.3608 0.3608 0.3608  #diffuseColor
		transparency      0.0000                #transparency
	} #Material

	IndexedFaceSet {
		coordIndex [ 
		 0, 1, 2, 3,-1,
		 3, 2, 1, 0,-1,
		 0, 3, 7, 4,-1,
		 4, 7, 3, 0,-1,
		 1, 0, 4, 5,-1,
		 5, 4, 0, 1,-1,
		 2, 1, 5, 6,-1,
		 6, 5, 1, 2,-1,
		 3, 2, 6, 7,-1,
		 7, 6, 2, 3,-1,
		 7, 6, 5, 4,-1,
		 4, 5, 6, 7,-1,
		]
	} #IndexedFaceSet
} #Polyhedron
Separator { #Polyhedron
	DEF COORD5 Coordinate3 {
		point [
		 3.3528 0.7620 -5.7912,
		 3.3528 0.7620 -5.4864,
		 -3.3528 0.7620 -5.4864,
		 -3.3528 0.7620 -5.7912,
		 3.3528 0.0000 -5.7912,
		 3.3528 0.0000 -5.4864,
		 -3.3528 0.0000 -5.4864,
		 -3.3528 0.0000 -5.7912
		]
	} #Coordinate3
	Material {
		ambientColor      0.0902 0.0902 0.0902  #ambientColor
		diffuseColor      0.3608 0.3608 0.3608  #diffuseColor
		transparency      0.0000                #transparency
	} #Material

	IndexedFaceSet {
		coordIndex [ 
		 0, 1, 2, 3,-1,
		 3, 2, 1, 0,-1,
		 0, 3, 7, 4,-1,
		 4, 7, 3, 0,-1,
		 1, 0, 4, 5,-1,
		 5, 4, 0, 1,-1,
		 2, 1, 5, 6,-1,
		 6, 5, 1, 2,-1,
		 3, 2, 6, 7,-1,
		 7, 6, 2, 3,-1,
		 7, 6, 5, 4,-1,
		 4, 5, 6, 7,-1,
		]
	} #IndexedFaceSet
} #Polyhedron
Separator { #Polyhedron
	DEF COORD6 Coordinate3 {
		point [
		 3.0480 0.7620 -5.7912,
		 3.0480 0.7620 -7.0104,
		 3.3528 0.7620 -7.0104,
		 3.3528 0.7620 -5.7912,
		 3.0480 0.0000 -5.7912,
		 3.0480 0.0000 -7.0104,
		 3.3528 0.0000 -7.0104,
		 3.3528 0.0000 -5.7912
		]
	} #Coordinate3
	Material {
		ambientColor      0.0902 0.0902 0.0902  #ambientColor
		diffuseColor      0.3608 0.3608 0.3608  #diffuseColor
		transparency      0.0000                #transparency
	} #Material

	IndexedFaceSet {
		coordIndex [ 
		 0, 1, 2, 3,-1,
		 3, 2, 1, 0,-1,
		 0, 3, 7, 4,-1,
		 4, 7, 3, 0,-1,
		 1, 0, 4, 5,-1,
		 5, 4, 0, 1,-1,
		 2, 1, 5, 6,-1,
		 6, 5, 1, 2,-1,
		 3, 2, 6, 7,-1,
		 7, 6, 2, 3,-1,
		 7, 6, 5, 4,-1,
		 4, 5, 6, 7,-1,
		]
	} #IndexedFaceSet
} #Polyhedron
Separator { #Polyhedron
	DEF COORD7 Coordinate3 {
		point [
		 5.4984 0.1524 -5.8119,
		 4.9256 0.1524 -5.6034,
		 4.8995 0.1524 -5.6750,
		 5.4724 0.1524 -5.8835,
		 5.4984 0.1016 -5.8119,
		 4.9256 0.1016 -5.6034,
		 4.8995 0.1016 -5.6750,
		 5.4724 0.1016 -5.8835
		]
	} #Coordinate3
	Material {
		ambientColor      0.1951 0.1951 0.1951  #ambientColor
		diffuseColor      0.7804 0.7804 0.7804  #diffuseColor
		transparency      0.0000                #transparency
	} #Material

	IndexedFaceSet {
		coordIndex [ 
		 0, 1, 2, 3,-1,
		 3, 2, 1, 0,-1,
		 0, 3, 7, 4,-1,
		 4, 7, 3, 0,-1,
		 1, 0, 4, 5,-1,
		 5, 4, 0, 1,-1,
		 2, 1, 5, 6,-1,
		 6, 5, 1, 2,-1,
		 3, 2, 6, 7,-1,
		 7, 6, 2, 3,-1,
		 7, 6, 5, 4,-1,
		 4, 5, 6, 7,-1,
		]
	} #IndexedFaceSet
} #Polyhedron
Separator { #Polyhedron
	DEF COORD8 Coordinate3 {
		point [
		 5.2218 0.1524 -5.7923,
		 5.1502 0.1524 -5.7662,
		 5.0589 0.1524 -6.0169,
		 5.1305 0.1524 -6.0429,
		 5.2218 0.1016 -5.7923,
		 5.1502 0.1016 -5.7662,
		 5.0589 0.1016 -6.0169,
		 5.1305 0.1016 -6.0429
		]
	} #Coordinate3
	Material {
		ambientColor      0.1951 0.1951 0.1951  #ambientColor
		diffuseColor      0.7804 0.7804 0.7804  #diffuseColor
		transparency      0.0000                #transparency
	} #Material

	IndexedFaceSet {
		coordIndex [ 
		 0, 1, 2, 3,-1,
		 3, 2, 1, 0,-1,
		 0, 3, 7, 4,-1,
		 4, 7, 3, 0,-1,
		 1, 0, 4, 5,-1,
		 5, 4, 0, 1,-1,
		 2, 1, 5, 6,-1,
		 6, 5, 1, 2,-1,
		 3, 2, 6, 7,-1,
		 7, 6, 2, 3,-1,
		 7, 6, 5, 4,-1,
		 4, 5, 6, 7,-1,
		]
	} #IndexedFaceSet
} #Polyhedron
Separator { #Polyhedron
	DEF COORD9 Coordinate3 {
		point [
		 5.3390 0.1524 -5.4701,
		 5.2674 0.1524 -5.4440,
		 5.1762 0.1524 -5.6946,
		 5.2478 0.1524 -5.7207,
		 5.3390 0.1016 -5.4701,
		 5.2674 0.1016 -5.4440,
		 5.1762 0.1016 -5.6946,
		 5.2478 0.1016 -5.7207
		]
	} #Coordinate3
	Material {
		ambientColor      0.1951 0.1951 0.1951  #ambientColor
		diffuseColor      0.7804 0.7804 0.7804  #diffuseColor
		transparency      0.0000                #transparency
	} #Material

	IndexedFaceSet {
		coordIndex [ 
		 0, 1, 2, 3,-1,
		 3, 2, 1, 0,-1,
		 0, 3, 7, 4,-1,
		 4, 7, 3, 0,-1,
		 1, 0, 4, 5,-1,
		 5, 4, 0, 1,-1,
		 2, 1, 5, 6,-1,
		 6, 5, 1, 2,-1,
		 3, 2, 6, 7,-1,
		 7, 6, 2, 3,-1,
		 7, 6, 5, 4,-1,
		 4, 5, 6, 7,-1,
		]
	} #IndexedFaceSet
} #Polyhedron
Separator { #Polyhedron
	DEF COORD10 Coordinate3 {
		point [
		 5.1161 0.1016 -6.0055,
		 5.1149 0.1016 -6.0006,
		 5.1120 0.1016 -5.9966,
		 5.1078 0.1016 -5.9941,
		 5.1029 0.1016 -5.9933,
		 5.0981 0.1016 -5.9945,
		 5.0941 0.1016 -5.9974,
		 5.0915 0.1016 -6.0017,
		 5.0907 0.1016 -6.0066,
		 5.0919 0.1016 -6.0114,
		 5.0949 0.1016 -6.0154,
		 5.0991 0.1016 -6.0179,
		 5.1040 0.1016 -6.0187,
		 5.1088 0.1016 -6.0175,
		 5.1128 0.1016 -6.0146,
		 5.1154 0.1016 -6.0104,
		 5.1161 0.0508 -6.0055,
		 5.1149 0.0508 -6.0006,
		 5.1120 0.0508 -5.9966,
		 5.1078 0.0508 -5.9941,
		 5.1029 0.0508 -5.9933,
		 5.0981 0.0508 -5.9945,
		 5.0941 0.0508 -5.9974,
		 5.0915 0.0508 -6.0017,
		 5.0907 0.0508 -6.0066,
		 5.0919 0.0508 -6.0114,
		 5.0949 0.0508 -6.0154,
		 5.0991 0.0508 -6.0179,
		 5.1040 0.0508 -6.0187,
		 5.1088 0.0508 -6.0175,
		 5.1128 0.0508 -6.0146,
		 5.1154 0.0508 -6.0104
		]
	} #Coordinate3
	Material {
		ambientColor      0.1951 0.1951 0.1951  #ambientColor
		diffuseColor      0.7804 0.7804 0.7804  #diffuseColor
		transparency      0.0000                #transparency
	} #Material

	IndexedFaceSet {
		coordIndex [ 
		 0, 1, 2, 3, 4, 5, 6, 7, 8, 9, 10, 11, 12, 13, 14, 15,-1,
		 15, 14, 13, 12, 11, 10, 9, 8, 7, 6, 5, 4, 3, 2, 1, 0,-1,
		 0, 15, 31, 16,-1,
		 16, 31, 15, 0,-1,
		 1, 0, 16, 17,-1,
		 17, 16, 0, 1,-1,
		 2, 1, 17, 18,-1,
		 18, 17, 1, 2,-1,
		 3, 2, 18, 19,-1,
		 19, 18, 2, 3,-1,
		 4, 3, 19, 20,-1,
		 20, 19, 3, 4,-1,
		 5, 4, 20, 21,-1,
		 21, 20, 4, 5,-1,
		 6, 5, 21, 22,-1,
		 22, 21, 5, 6,-1,
		 7, 6, 22, 23,-1,
		 23, 22, 6, 7,-1,
		 8, 7, 23, 24,-1,
		 24, 23, 7, 8,-1,
		 9, 8, 24, 25,-1,
		 25, 24, 8, 9,-1,
		 10, 9, 25, 26,-1,
		 26, 25, 9, 10,-1,
		 11, 10, 26, 27,-1,
		 27, 26, 10, 11,-1,
		 12, 11, 27, 28,-1,
		 28, 27, 11, 12,-1,
		 13, 12, 28, 29,-1,
		 29, 28, 12, 13,-1,
		 14, 13, 29, 30,-1,
		 30, 29, 13, 14,-1,
		 15, 14, 30, 31,-1,
		 31, 30, 14, 15,-1,
		 31, 30, 29, 28, 27, 26, 25, 24, 23, 22, 21, 20, 19, 18, 17, 16,-1,
		 16, 17, 18, 19, 20, 21, 22, 23, 24, 25, 26, 27, 28, 29, 30, 31,-1,
		]
	} #IndexedFaceSet
} #Polyhedron
Separator { #Polyhedron
	DEF COORD11 Coordinate3 {
		point [
		 5.4742 0.1016 -5.8385,
		 5.4730 0.1016 -5.8337,
		 5.4701 0.1016 -5.8297,
		 5.4659 0.1016 -5.8271,
		 5.4610 0.1016 -5.8263,
		 5.4562 0.1016 -5.8275,
		 5.4522 0.1016 -5.8304,
		 5.4496 0.1016 -5.8347,
		 5.4488 0.1016 -5.8396,
		 5.4500 0.1016 -5.8444,
		 5.4529 0.1016 -5.8484,
		 5.4572 0.1016 -5.8510,
		 5.4621 0.1016 -5.8517,
		 5.4669 0.1016 -5.8505,
		 5.4709 0.1016 -5.8476,
		 5.4735 0.1016 -5.8434,
		 5.4742 0.0508 -5.8385,
		 5.4730 0.0508 -5.8337,
		 5.4701 0.0508 -5.8297,
		 5.4659 0.0508 -5.8271,
		 5.4610 0.0508 -5.8263,
		 5.4562 0.0508 -5.8275,
		 5.4522 0.0508 -5.8304,
		 5.4496 0.0508 -5.8347,
		 5.4488 0.0508 -5.8396,
		 5.4500 0.0508 -5.8444,
		 5.4529 0.0508 -5.8484,
		 5.4572 0.0508 -5.8510,
		 5.4621 0.0508 -5.8517,
		 5.4669 0.0508 -5.8505,
		 5.4709 0.0508 -5.8476,
		 5.4735 0.0508 -5.8434
		]
	} #Coordinate3
	Material {
		ambientColor      0.1951 0.1951 0.1951  #ambientColor
		diffuseColor      0.7804 0.7804 0.7804  #diffuseColor
		transparency      0.0000                #transparency
	} #Material

	IndexedFaceSet {
		coordIndex [ 
		 0, 1, 2, 3, 4, 5, 6, 7, 8, 9, 10, 11, 12, 13, 14, 15,-1,
		 15, 14, 13, 12, 11, 10, 9, 8, 7, 6, 5, 4, 3, 2, 1, 0,-1,
		 0, 15, 31, 16,-1,
		 16, 31, 15, 0,-1,
		 1, 0, 16, 17,-1,
		 17, 16, 0, 1,-1,
		 2, 1, 17, 18,-1,
		 18, 17, 1, 2,-1,
		 3, 2, 18, 19,-1,
		 19, 18, 2, 3,-1,
		 4, 3, 19, 20,-1,
		 20, 19, 3, 4,-1,
		 5, 4, 20, 21,-1,
		 21, 20, 4, 5,-1,
		 6, 5, 21, 22,-1,
		 22, 21, 5, 6,-1,
		 7, 6, 22, 23,-1,
		 23, 22, 6, 7,-1,
		 8, 7, 23, 24,-1,
		 24, 23, 7, 8,-1,
		 9, 8, 24, 25,-1,
		 25, 24, 8, 9,-1,
		 10, 9, 25, 26,-1,
		 26, 25, 9, 10,-1,
		 11, 10, 26, 27,-1,
		 27, 26, 10, 11,-1,
		 12, 11, 27, 28,-1,
		 28, 27, 11, 12,-1,
		 13, 12, 28, 29,-1,
		 29, 28, 12, 13,-1,
		 14, 13, 29, 30,-1,
		 30, 29, 13, 14,-1,
		 15, 14, 30, 31,-1,
		 31, 30, 14, 15,-1,
		 31, 30, 29, 28, 27, 26, 25, 24, 23, 22, 21, 20, 19, 18, 17, 16,-1,
		 16, 17, 18, 19, 20, 21, 22, 23, 24, 25, 26, 27, 28, 29, 30, 31,-1,
		]
	} #IndexedFaceSet
} #Polyhedron
Separator { #Polyhedron
	DEF COORD12 Coordinate3 {
		point [
		 4.9491 0.1016 -5.6474,
		 4.9480 0.1016 -5.6426,
		 4.9450 0.1016 -5.6386,
		 4.9408 0.1016 -5.6360,
		 4.9359 0.1016 -5.6352,
		 4.9311 0.1016 -5.6364,
		 4.9271 0.1016 -5.6393,
		 4.9245 0.1016 -5.6436,
		 4.9238 0.1016 -5.6485,
		 4.9249 0.1016 -5.6533,
		 4.9279 0.1016 -5.6573,
		 4.9321 0.1016 -5.6599,
		 4.9370 0.1016 -5.6606,
		 4.9418 0.1016 -5.6594,
		 4.9458 0.1016 -5.6565,
		 4.9484 0.1016 -5.6523,
		 4.9491 0.0508 -5.6474,
		 4.9480 0.0508 -5.6426,
		 4.9450 0.0508 -5.6386,
		 4.9408 0.0508 -5.6360,
		 4.9359 0.0508 -5.6352,
		 4.9311 0.0508 -5.6364,
		 4.9271 0.0508 -5.6393,
		 4.9245 0.0508 -5.6436,
		 4.9238 0.0508 -5.6485,
		 4.9249 0.0508 -5.6533,
		 4.9279 0.0508 -5.6573,
		 4.9321 0.0508 -5.6599,
		 4.9370 0.0508 -5.6606,
		 4.9418 0.0508 -5.6594,
		 4.9458 0.0508 -5.6565,
		 4.9484 0.0508 -5.6523
		]
	} #Coordinate3
	Material {
		ambientColor      0.1951 0.1951 0.1951  #ambientColor
		diffuseColor      0.7804 0.7804 0.7804  #diffuseColor
		transparency      0.0000                #transparency
	} #Material

	IndexedFaceSet {
		coordIndex [ 
		 0, 1, 2, 3, 4, 5, 6, 7, 8, 9, 10, 11, 12, 13, 14, 15,-1,
		 15, 14, 13, 12, 11, 10, 9, 8, 7, 6, 5, 4, 3, 2, 1, 0,-1,
		 0, 15, 31, 16,-1,
		 16, 31, 15, 0,-1,
		 1, 0, 16, 17,-1,
		 17, 16, 0, 1,-1,
		 2, 1, 17, 18,-1,
		 18, 17, 1, 2,-1,
		 3, 2, 18, 19,-1,
		 19, 18, 2, 3,-1,
		 4, 3, 19, 20,-1,
		 20, 19, 3, 4,-1,
		 5, 4, 20, 21,-1,
		 21, 20, 4, 5,-1,
		 6, 5, 21, 22,-1,
		 22, 21, 5, 6,-1,
		 7, 6, 22, 23,-1,
		 23, 22, 6, 7,-1,
		 8, 7, 23, 24,-1,
		 24, 23, 7, 8,-1,
		 9, 8, 24, 25,-1,
		 25, 24, 8, 9,-1,
		 10, 9, 25, 26,-1,
		 26, 25, 9, 10,-1,
		 11, 10, 26, 27,-1,
		 27, 26, 10, 11,-1,
		 12, 11, 27, 28,-1,
		 28, 27, 11, 12,-1,
		 13, 12, 28, 29,-1,
		 29, 28, 12, 13,-1,
		 14, 13, 29, 30,-1,
		 30, 29, 13, 14,-1,
		 15, 14, 30, 31,-1,
		 31, 30, 14, 15,-1,
		 31, 30, 29, 28, 27, 26, 25, 24, 23, 22, 21, 20, 19, 18, 17, 16,-1,
		 16, 17, 18, 19, 20, 21, 22, 23, 24, 25, 26, 27, 28, 29, 30, 31,-1,
		]
	} #IndexedFaceSet
} #Polyhedron
Separator { #Polyhedron
	DEF COORD13 Coordinate3 {
		point [
		 5.3072 0.1016 -5.4804,
		 5.3061 0.1016 -5.4756,
		 5.3031 0.1016 -5.4716,
		 5.2989 0.1016 -5.4690,
		 5.2940 0.1016 -5.4682,
		 5.2892 0.1016 -5.4694,
		 5.2852 0.1016 -5.4724,
		 5.2826 0.1016 -5.4766,
		 5.2819 0.1016 -5.4815,
		 5.2830 0.1016 -5.4863,
		 5.2860 0.1016 -5.4903,
		 5.2902 0.1016 -5.4929,
		 5.2951 0.1016 -5.4936,
		 5.2999 0.1016 -5.4924,
		 5.3039 0.1016 -5.4895,
		 5.3065 0.1016 -5.4853,
		 5.3072 0.0508 -5.4804,
		 5.3061 0.0508 -5.4756,
		 5.3031 0.0508 -5.4716,
		 5.2989 0.0508 -5.4690,
		 5.2940 0.0508 -5.4682,
		 5.2892 0.0508 -5.4694,
		 5.2852 0.0508 -5.4724,
		 5.2826 0.0508 -5.4766,
		 5.2819 0.0508 -5.4815,
		 5.2830 0.0508 -5.4863,
		 5.2860 0.0508 -5.4903,
		 5.2902 0.0508 -5.4929,
		 5.2951 0.0508 -5.4936,
		 5.2999 0.0508 -5.4924,
		 5.3039 0.0508 -5.4895,
		 5.3065 0.0508 -5.4853
		]
	} #Coordinate3
	Material {
		ambientColor      0.1951 0.1951 0.1951  #ambientColor
		diffuseColor      0.7804 0.7804 0.7804  #diffuseColor
		transparency      0.0000                #transparency
	} #Material

	IndexedFaceSet {
		coordIndex [ 
		 0, 1, 2, 3, 4, 5, 6, 7, 8, 9, 10, 11, 12, 13, 14, 15,-1,
		 15, 14, 13, 12, 11, 10, 9, 8, 7, 6, 5, 4, 3, 2, 1, 0,-1,
		 0, 15, 31, 16,-1,
		 16, 31, 15, 0,-1,
		 1, 0, 16, 17,-1,
		 17, 16, 0, 1,-1,
		 2, 1, 17, 18,-1,
		 18, 17, 1, 2,-1,
		 3, 2, 18, 19,-1,
		 19, 18, 2, 3,-1,
		 4, 3, 19, 20,-1,
		 20, 19, 3, 4,-1,
		 5, 4, 20, 21,-1,
		 21, 20, 4, 5,-1,
		 6, 5, 21, 22,-1,
		 22, 21, 5, 6,-1,
		 7, 6, 22, 23,-1,
		 23, 22, 6, 7,-1,
		 8, 7, 23, 24,-1,
		 24, 23, 7, 8,-1,
		 9, 8, 24, 25,-1,
		 25, 24, 8, 9,-1,
		 10, 9, 25, 26,-1,
		 26, 25, 9, 10,-1,
		 11, 10, 26, 27,-1,
		 27, 26, 10, 11,-1,
		 12, 11, 27, 28,-1,
		 28, 27, 11, 12,-1,
		 13, 12, 28, 29,-1,
		 29, 28, 12, 13,-1,
		 14, 13, 29, 30,-1,
		 30, 29, 13, 14,-1,
		 15, 14, 30, 31,-1,
		 31, 30, 14, 15,-1,
		 31, 30, 29, 28, 27, 26, 25, 24, 23, 22, 21, 20, 19, 18, 17, 16,-1,
		 16, 17, 18, 19, 20, 21, 22, 23, 24, 25, 26, 27, 28, 29, 30, 31,-1,
		]
	} #IndexedFaceSet
} #Polyhedron
Separator { #Polyhedron
	DEF COORD14 Coordinate3 {
		point [
		 4.9364 0.0508 -5.6479,
		 4.9517 0.0457 -5.6473,
		 4.9503 0.0457 -5.6415,
		 4.9467 0.0457 -5.6367,
		 4.9417 0.0457 -5.6336,
		 4.9358 0.0457 -5.6327,
		 4.9300 0.0457 -5.6341,
		 4.9252 0.0457 -5.6376,
		 4.9221 0.0457 -5.6427,
		 4.9212 0.0457 -5.6486,
		 4.9226 0.0457 -5.6544,
		 4.9262 0.0457 -5.6592,
		 4.9312 0.0457 -5.6622,
		 4.9371 0.0457 -5.6631,
		 4.9429 0.0457 -5.6617,
		 4.9477 0.0457 -5.6582,
		 4.9508 0.0457 -5.6531,
		 4.9567 0.0406 -5.6470,
		 4.9549 0.0406 -5.6393,
		 4.9502 0.0406 -5.6329,
		 4.9434 0.0406 -5.6288,
		 4.9356 0.0406 -5.6276,
		 4.9279 0.0406 -5.6295,
		 4.9215 0.0406 -5.6342,
		 4.9174 0.0406 -5.6410,
		 4.9161 0.0406 -5.6488,
		 4.9180 0.0406 -5.6565,
		 4.9227 0.0406 -5.6629,
		 4.9295 0.0406 -5.6670,
		 4.9373 0.0406 -5.6682,
		 4.9450 0.0406 -5.6663,
		 4.9514 0.0406 -5.6616,
		 4.9555 0.0406 -5.6549,
		 4.9597 0.0356 -5.6469,
		 4.9575 0.0356 -5.6381,
		 4.9522 0.0356 -5.6308,
		 4.9444 0.0356 -5.6260,
		 4.9354 0.0356 -5.6247,
		 4.9266 0.0356 -5.6268,
		 4.9193 0.0356 -5.6322,
		 4.9146 0.0356 -5.6400,
		 4.9132 0.0356 -5.6489,
		 4.9154 0.0356 -5.6578,
		 4.9207 0.0356 -5.6651,
		 4.9285 0.0356 -5.6698,
		 4.9375 0.0356 -5.6712,
		 4.9463 0.0356 -5.6690,
		 4.9536 0.0356 -5.6636,
		 4.9583 0.0356 -5.6559,
		 4.9613 0.0305 -5.6468,
		 4.9590 0.0305 -5.6374,
		 4.9533 0.0305 -5.6296,
		 4.9450 0.0305 -5.6245,
		 4.9354 0.0305 -5.6231,
		 4.9259 0.0305 -5.6254,
		 4.9181 0.0305 -5.6311,
		 4.9131 0.0305 -5.6394,
		 4.9116 0.0305 -5.6490,
		 4.9139 0.0305 -5.6584,
		 4.9196 0.0305 -5.6663,
		 4.9279 0.0305 -5.6713,
		 4.9375 0.0305 -5.6728,
		 4.9470 0.0305 -5.6705,
		 4.9548 0.0305 -5.6647,
		 4.9598 0.0305 -5.6564,
		 4.9618 0.0254 -5.6468,
		 4.9595 0.0254 -5.6372,
		 4.9536 0.0254 -5.6292,
		 4.9451 0.0254 -5.6241,
		 4.9353 0.0254 -5.6225,
		 4.9257 0.0254 -5.6249,
		 4.9177 0.0254 -5.6308,
		 4.9126 0.0254 -5.6392,
		 4.9111 0.0254 -5.6490,
		 4.9134 0.0254 -5.6587,
		 4.9193 0.0254 -5.6666,
		 4.9278 0.0254 -5.6718,
		 4.9376 0.0254 -5.6733,
		 4.9472 0.0254 -5.6709,
		 4.9552 0.0254 -5.6651,
		 4.9603 0.0254 -5.6566,
		 4.9613 0.0203 -5.6468,
		 4.9590 0.0203 -5.6374,
		 4.9533 0.0203 -5.6296,
		 4.9450 0.0203 -5.6245,
		 4.9354 0.0203 -5.6231,
		 4.9259 0.0203 -5.6254,
		 4.9181 0.0203 -5.6311,
		 4.9131 0.0203 -5.6394,
		 4.9116 0.0203 -5.6490,
		 4.9139 0.0203 -5.6584,
		 4.9196 0.0203 -5.6663,
		 4.9279 0.0203 -5.6713,
		 4.9375 0.0203 -5.6728,
		 4.9470 0.0203 -5.6705,
		 4.9548 0.0203 -5.6647,
		 4.9598 0.0203 -5.6564,
		 4.9597 0.0152 -5.6469,
		 4.9575 0.0152 -5.6381,
		 4.9522 0.0152 -5.6308,
		 4.9444 0.0152 -5.6260,
		 4.9354 0.0152 -5.6247,
		 4.9266 0.0152 -5.6268,
		 4.9193 0.0152 -5.6322,
		 4.9146 0.0152 -5.6400,
		 4.9132 0.0152 -5.6489,
		 4.9154 0.0152 -5.6578,
		 4.9207 0.0152 -5.6651,
		 4.9285 0.0152 -5.6698,
		 4.9375 0.0152 -5.6712,
		 4.9463 0.0152 -5.6690,
		 4.9536 0.0152 -5.6636,
		 4.9583 0.0152 -5.6559,
		 4.9567 0.0102 -5.6470,
		 4.9549 0.0102 -5.6393,
		 4.9502 0.0102 -5.6329,
		 4.9434 0.0102 -5.6288,
		 4.9356 0.0102 -5.6276,
		 4.9279 0.0102 -5.6295,
		 4.9215 0.0102 -5.6342,
		 4.9174 0.0102 -5.6410,
		 4.9161 0.0102 -5.6488,
		 4.9180 0.0102 -5.6565,
		 4.9227 0.0102 -5.6629,
		 4.9295 0.0102 -5.6670,
		 4.9373 0.0102 -5.6682,
		 4.9450 0.0102 -5.6663,
		 4.9514 0.0102 -5.6616,
		 4.9555 0.0102 -5.6549,
		 4.9517 0.0051 -5.6473,
		 4.9503 0.0051 -5.6415,
		 4.9467 0.0051 -5.6367,
		 4.9417 0.0051 -5.6336,
		 4.9358 0.0051 -5.6327,
		 4.9300 0.0051 -5.6341,
		 4.9252 0.0051 -5.6376,
		 4.9221 0.0051 -5.6427,
		 4.9212 0.0051 -5.6486,
		 4.9226 0.0051 -5.6544,
		 4.9262 0.0051 -5.6592,
		 4.9312 0.0051 -5.6622,
		 4.9371 0.0051 -5.6631,
		 4.9429 0.0051 -5.6617,
		 4.9477 0.0051 -5.6582,
		 4.9508 0.0051 -5.6531,
		 4.9364 0.0000 -5.6479
		]
	} #Coordinate3
	Material {
		ambientColor      0.1176 0.1176 0.1176  #ambientColor
		diffuseColor      0.4706 0.4706 0.4706  #diffuseColor
		transparency      0.0000                #transparency
	} #Material

	IndexedFaceSet {
		coordIndex [ 
		 0, 16, 1,-1,
		 1, 16, 0,-1,
		 0, 1, 2,-1,
		 2, 1, 0,-1,
		 0, 2, 3,-1,
		 3, 2, 0,-1,
		 0, 3, 4,-1,
		 4, 3, 0,-1,
		 0, 4, 5,-1,
		 5, 4, 0,-1,
		 0, 5, 6,-1,
		 6, 5, 0,-1,
		 0, 6, 7,-1,
		 7, 6, 0,-1,
		 0, 7, 8,-1,
		 8, 7, 0,-1,
		 0, 8, 9,-1,
		 9, 8, 0,-1,
		 0, 9, 10,-1,
		 10, 9, 0,-1,
		 0, 10, 11,-1,
		 11, 10, 0,-1,
		 0, 11, 12,-1,
		 12, 11, 0,-1,
		 0, 12, 13,-1,
		 13, 12, 0,-1,
		 0, 13, 14,-1,
		 14, 13, 0,-1,
		 0, 14, 15,-1,
		 15, 14, 0,-1,
		 0, 15, 16,-1,
		 16, 15, 0,-1,
		 1, 16, 32, 17,-1,
		 17, 32, 16, 1,-1,
		 2, 1, 17, 18,-1,
		 18, 17, 1, 2,-1,
		 3, 2, 18, 19,-1,
		 19, 18, 2, 3,-1,
		 4, 3, 19, 20,-1,
		 20, 19, 3, 4,-1,
		 5, 4, 20, 21,-1,
		 21, 20, 4, 5,-1,
		 6, 5, 21, 22,-1,
		 22, 21, 5, 6,-1,
		 7, 6, 22, 23,-1,
		 23, 22, 6, 7,-1,
		 8, 7, 23, 24,-1,
		 24, 23, 7, 8,-1,
		 9, 8, 24, 25,-1,
		 25, 24, 8, 9,-1,
		 10, 9, 25, 26,-1,
		 26, 25, 9, 10,-1,
		 11, 10, 26, 27,-1,
		 27, 26, 10, 11,-1,
		 12, 11, 27, 28,-1,
		 28, 27, 11, 12,-1,
		 13, 12, 28, 29,-1,
		 29, 28, 12, 13,-1,
		 14, 13, 29, 30,-1,
		 30, 29, 13, 14,-1,
		 15, 14, 30, 31,-1,
		 31, 30, 14, 15,-1,
		 16, 15, 31, 32,-1,
		 32, 31, 15, 16,-1,
		 17, 32, 48, 33,-1,
		 33, 48, 32, 17,-1,
		 18, 17, 33, 34,-1,
		 34, 33, 17, 18,-1,
		 19, 18, 34, 35,-1,
		 35, 34, 18, 19,-1,
		 20, 19, 35, 36,-1,
		 36, 35, 19, 20,-1,
		 21, 20, 36, 37,-1,
		 37, 36, 20, 21,-1,
		 22, 21, 37, 38,-1,
		 38, 37, 21, 22,-1,
		 23, 22, 38, 39,-1,
		 39, 38, 22, 23,-1,
		 24, 23, 39, 40,-1,
		 40, 39, 23, 24,-1,
		 25, 24, 40, 41,-1,
		 41, 40, 24, 25,-1,
		 26, 25, 41, 42,-1,
		 42, 41, 25, 26,-1,
		 27, 26, 42, 43,-1,
		 43, 42, 26, 27,-1,
		 28, 27, 43, 44,-1,
		 44, 43, 27, 28,-1,
		 29, 28, 44, 45,-1,
		 45, 44, 28, 29,-1,
		 30, 29, 45, 46,-1,
		 46, 45, 29, 30,-1,
		 31, 30, 46, 47,-1,
		 47, 46, 30, 31,-1,
		 32, 31, 47, 48,-1,
		 48, 47, 31, 32,-1,
		 33, 48, 64, 49,-1,
		 49, 64, 48, 33,-1,
		 34, 33, 49, 50,-1,
		 50, 49, 33, 34,-1,
		 35, 34, 50, 51,-1,
		 51, 50, 34, 35,-1,
		 36, 35, 51, 52,-1,
		 52, 51, 35, 36,-1,
		 37, 36, 52, 53,-1,
		 53, 52, 36, 37,-1,
		 38, 37, 53, 54,-1,
		 54, 53, 37, 38,-1,
		 39, 38, 54, 55,-1,
		 55, 54, 38, 39,-1,
		 40, 39, 55, 56,-1,
		 56, 55, 39, 40,-1,
		 41, 40, 56, 57,-1,
		 57, 56, 40, 41,-1,
		 42, 41, 57, 58,-1,
		 58, 57, 41, 42,-1,
		 43, 42, 58, 59,-1,
		 59, 58, 42, 43,-1,
		 44, 43, 59, 60,-1,
		 60, 59, 43, 44,-1,
		 45, 44, 60, 61,-1,
		 61, 60, 44, 45,-1,
		 46, 45, 61, 62,-1,
		 62, 61, 45, 46,-1,
		 47, 46, 62, 63,-1,
		 63, 62, 46, 47,-1,
		 48, 47, 63, 64,-1,
		 64, 63, 47, 48,-1,
		 49, 64, 80, 65,-1,
		 65, 80, 64, 49,-1,
		 50, 49, 65, 66,-1,
		 66, 65, 49, 50,-1,
		 51, 50, 66, 67,-1,
		 67, 66, 50, 51,-1,
		 52, 51, 67, 68,-1,
		 68, 67, 51, 52,-1,
		 53, 52, 68, 69,-1,
		 69, 68, 52, 53,-1,
		 54, 53, 69, 70,-1,
		 70, 69, 53, 54,-1,
		 55, 54, 70, 71,-1,
		 71, 70, 54, 55,-1,
		 56, 55, 71, 72,-1,
		 72, 71, 55, 56,-1,
		 57, 56, 72, 73,-1,
		 73, 72, 56, 57,-1,
		 58, 57, 73, 74,-1,
		 74, 73, 57, 58,-1,
		 59, 58, 74, 75,-1,
		 75, 74, 58, 59,-1,
		 60, 59, 75, 76,-1,
		 76, 75, 59, 60,-1,
		 61, 60, 76, 77,-1,
		 77, 76, 60, 61,-1,
		 62, 61, 77, 78,-1,
		 78, 77, 61, 62,-1,
		 63, 62, 78, 79,-1,
		 79, 78, 62, 63,-1,
		 64, 63, 79, 80,-1,
		 80, 79, 63, 64,-1,
		 65, 80, 96, 81,-1,
		 81, 96, 80, 65,-1,
		 66, 65, 81, 82,-1,
		 82, 81, 65, 66,-1,
		 67, 66, 82, 83,-1,
		 83, 82, 66, 67,-1,
		 68, 67, 83, 84,-1,
		 84, 83, 67, 68,-1,
		 69, 68, 84, 85,-1,
		 85, 84, 68, 69,-1,
		 70, 69, 85, 86,-1,
		 86, 85, 69, 70,-1,
		 71, 70, 86, 87,-1,
		 87, 86, 70, 71,-1,
		 72, 71, 87, 88,-1,
		 88, 87, 71, 72,-1,
		 73, 72, 88, 89,-1,
		 89, 88, 72, 73,-1,
		 74, 73, 89, 90,-1,
		 90, 89, 73, 74,-1,
		 75, 74, 90, 91,-1,
		 91, 90, 74, 75,-1,
		 76, 75, 91, 92,-1,
		 92, 91, 75, 76,-1,
		 77, 76, 92, 93,-1,
		 93, 92, 76, 77,-1,
		 78, 77, 93, 94,-1,
		 94, 93, 77, 78,-1,
		 79, 78, 94, 95,-1,
		 95, 94, 78, 79,-1,
		 80, 79, 95, 96,-1,
		 96, 95, 79, 80,-1,
		 81, 96, 112, 97,-1,
		 97, 112, 96, 81,-1,
		 82, 81, 97, 98,-1,
		 98, 97, 81, 82,-1,
		 83, 82, 98, 99,-1,
		 99, 98, 82, 83,-1,
		 84, 83, 99, 100,-1,
		 100, 99, 83, 84,-1,
		 85, 84, 100, 101,-1,
		 101, 100, 84, 85,-1,
		 86, 85, 101, 102,-1,
		 102, 101, 85, 86,-1,
		 87, 86, 102, 103,-1,
		 103, 102, 86, 87,-1,
		 88, 87, 103, 104,-1,
		 104, 103, 87, 88,-1,
		 89, 88, 104, 105,-1,
		 105, 104, 88, 89,-1,
		 90, 89, 105, 106,-1,
		 106, 105, 89, 90,-1,
		 91, 90, 106, 107,-1,
		 107, 106, 90, 91,-1,
		 92, 91, 107, 108,-1,
		 108, 107, 91, 92,-1,
		 93, 92, 108, 109,-1,
		 109, 108, 92, 93,-1,
		 94, 93, 109, 110,-1,
		 110, 109, 93, 94,-1,
		 95, 94, 110, 111,-1,
		 111, 110, 94, 95,-1,
		 96, 95, 111, 112,-1,
		 112, 111, 95, 96,-1,
		 97, 112, 128, 113,-1,
		 113, 128, 112, 97,-1,
		 98, 97, 113, 114,-1,
		 114, 113, 97, 98,-1,
		 99, 98, 114, 115,-1,
		 115, 114, 98, 99,-1,
		 100, 99, 115, 116,-1,
		 116, 115, 99, 100,-1,
		 101, 100, 116, 117,-1,
		 117, 116, 100, 101,-1,
		 102, 101, 117, 118,-1,
		 118, 117, 101, 102,-1,
		 103, 102, 118, 119,-1,
		 119, 118, 102, 103,-1,
		 104, 103, 119, 120,-1,
		 120, 119, 103, 104,-1,
		 105, 104, 120, 121,-1,
		 121, 120, 104, 105,-1,
		 106, 105, 121, 122,-1,
		 122, 121, 105, 106,-1,
		 107, 106, 122, 123,-1,
		 123, 122, 106, 107,-1,
		 108, 107, 123, 124,-1,
		 124, 123, 107, 108,-1,
		 109, 108, 124, 125,-1,
		 125, 124, 108, 109,-1,
		 110, 109, 125, 126,-1,
		 126, 125, 109, 110,-1,
		 111, 110, 126, 127,-1,
		 127, 126, 110, 111,-1,
		 112, 111, 127, 128,-1,
		 128, 127, 111, 112,-1,
		 113, 128, 144, 129,-1,
		 129, 144, 128, 113,-1,
		 114, 113, 129, 130,-1,
		 130, 129, 113, 114,-1,
		 115, 114, 130, 131,-1,
		 131, 130, 114, 115,-1,
		 116, 115, 131, 132,-1,
		 132, 131, 115, 116,-1,
		 117, 116, 132, 133,-1,
		 133, 132, 116, 117,-1,
		 118, 117, 133, 134,-1,
		 134, 133, 117, 118,-1,
		 119, 118, 134, 135,-1,
		 135, 134, 118, 119,-1,
		 120, 119, 135, 136,-1,
		 136, 135, 119, 120,-1,
		 121, 120, 136, 137,-1,
		 137, 136, 120, 121,-1,
		 122, 121, 137, 138,-1,
		 138, 137, 121, 122,-1,
		 123, 122, 138, 139,-1,
		 139, 138, 122, 123,-1,
		 124, 123, 139, 140,-1,
		 140, 139, 123, 124,-1,
		 125, 124, 140, 141,-1,
		 141, 140, 124, 125,-1,
		 126, 125, 141, 142,-1,
		 142, 141, 125, 126,-1,
		 127, 126, 142, 143,-1,
		 143, 142, 126, 127,-1,
		 128, 127, 143, 144,-1,
		 144, 143, 127, 128,-1,
		 129, 144, 145,-1,
		 145, 144, 129,-1,
		 130, 129, 145,-1,
		 145, 129, 130,-1,
		 131, 130, 145,-1,
		 145, 130, 131,-1,
		 132, 131, 145,-1,
		 145, 131, 132,-1,
		 133, 132, 145,-1,
		 145, 132, 133,-1,
		 134, 133, 145,-1,
		 145, 133, 134,-1,
		 135, 134, 145,-1,
		 145, 134, 135,-1,
		 136, 135, 145,-1,
		 145, 135, 136,-1,
		 137, 136, 145,-1,
		 145, 136, 137,-1,
		 138, 137, 145,-1,
		 145, 137, 138,-1,
		 139, 138, 145,-1,
		 145, 138, 139,-1,
		 140, 139, 145,-1,
		 145, 139, 140,-1,
		 141, 140, 145,-1,
		 145, 140, 141,-1,
		 142, 141, 145,-1,
		 145, 141, 142,-1,
		 143, 142, 145,-1,
		 145, 142, 143,-1,
		 144, 143, 145,-1,
		 145, 143, 144,-1,
		]
	} #IndexedFaceSet
} #Polyhedron
Separator { #Polyhedron
	DEF COORD15 Coordinate3 {
		point [
		 5.2945 0.0508 -5.4809,
		 5.3098 0.0457 -5.4803,
		 5.3084 0.0457 -5.4745,
		 5.3048 0.0457 -5.4697,
		 5.2998 0.0457 -5.4666,
		 5.2939 0.0457 -5.4657,
		 5.2881 0.0457 -5.4671,
		 5.2833 0.0457 -5.4706,
		 5.2802 0.0457 -5.4757,
		 5.2793 0.0457 -5.4816,
		 5.2807 0.0457 -5.4874,
		 5.2842 0.0457 -5.4922,
		 5.2893 0.0457 -5.4953,
		 5.2952 0.0457 -5.4962,
		 5.3010 0.0457 -5.4947,
		 5.3058 0.0457 -5.4912,
		 5.3089 0.0457 -5.4861,
		 5.3148 0.0406 -5.4800,
		 5.3130 0.0406 -5.4723,
		 5.3083 0.0406 -5.4660,
		 5.3015 0.0406 -5.4618,
		 5.2937 0.0406 -5.4606,
		 5.2860 0.0406 -5.4625,
		 5.2796 0.0406 -5.4672,
		 5.2754 0.0406 -5.4740,
		 5.2742 0.0406 -5.4818,
		 5.2761 0.0406 -5.4895,
		 5.2808 0.0406 -5.4959,
		 5.2876 0.0406 -5.5000,
		 5.2954 0.0406 -5.5012,
		 5.3031 0.0406 -5.4993,
		 5.3095 0.0406 -5.4947,
		 5.3136 0.0406 -5.4879,
		 5.3178 0.0356 -5.4799,
		 5.3156 0.0356 -5.4711,
		 5.3103 0.0356 -5.4638,
		 5.3025 0.0356 -5.4591,
		 5.2935 0.0356 -5.4577,
		 5.2847 0.0356 -5.4598,
		 5.2774 0.0356 -5.4652,
		 5.2727 0.0356 -5.4730,
		 5.2713 0.0356 -5.4819,
		 5.2734 0.0356 -5.4908,
		 5.2788 0.0356 -5.4981,
		 5.2866 0.0356 -5.5028,
		 5.2956 0.0356 -5.5042,
		 5.3044 0.0356 -5.5020,
		 5.3117 0.0356 -5.4967,
		 5.3164 0.0356 -5.4889,
		 5.3194 0.0305 -5.4798,
		 5.3171 0.0305 -5.4704,
		 5.3114 0.0305 -5.4626,
		 5.3031 0.0305 -5.4575,
		 5.2935 0.0305 -5.4561,
		 5.2840 0.0305 -5.4584,
		 5.2762 0.0305 -5.4641,
		 5.2712 0.0305 -5.4724,
		 5.2697 0.0305 -5.4820,
		 5.2720 0.0305 -5.4915,
		 5.2777 0.0305 -5.4993,
		 5.2860 0.0305 -5.5043,
		 5.2956 0.0305 -5.5058,
		 5.3051 0.0305 -5.5035,
		 5.3129 0.0305 -5.4977,
		 5.3179 0.0305 -5.4894,
		 5.3199 0.0254 -5.4798,
		 5.3176 0.0254 -5.4702,
		 5.3117 0.0254 -5.4622,
		 5.3032 0.0254 -5.4571,
		 5.2934 0.0254 -5.4556,
		 5.2838 0.0254 -5.4579,
		 5.2758 0.0254 -5.4638,
		 5.2707 0.0254 -5.4722,
		 5.2692 0.0254 -5.4820,
		 5.2715 0.0254 -5.4917,
		 5.2774 0.0254 -5.4997,
		 5.2859 0.0254 -5.5048,
		 5.2957 0.0254 -5.5063,
		 5.3053 0.0254 -5.5040,
		 5.3133 0.0254 -5.4981,
		 5.3184 0.0254 -5.4896,
		 5.3194 0.0203 -5.4798,
		 5.3171 0.0203 -5.4704,
		 5.3114 0.0203 -5.4626,
		 5.3031 0.0203 -5.4575,
		 5.2935 0.0203 -5.4561,
		 5.2840 0.0203 -5.4584,
		 5.2762 0.0203 -5.4641,
		 5.2712 0.0203 -5.4724,
		 5.2697 0.0203 -5.4820,
		 5.2720 0.0203 -5.4915,
		 5.2777 0.0203 -5.4993,
		 5.2860 0.0203 -5.5043,
		 5.2956 0.0203 -5.5058,
		 5.3051 0.0203 -5.5035,
		 5.3129 0.0203 -5.4977,
		 5.3179 0.0203 -5.4894,
		 5.3178 0.0152 -5.4799,
		 5.3156 0.0152 -5.4711,
		 5.3103 0.0152 -5.4638,
		 5.3025 0.0152 -5.4591,
		 5.2935 0.0152 -5.4577,
		 5.2847 0.0152 -5.4598,
		 5.2774 0.0152 -5.4652,
		 5.2727 0.0152 -5.4730,
		 5.2713 0.0152 -5.4819,
		 5.2734 0.0152 -5.4908,
		 5.2788 0.0152 -5.4981,
		 5.2866 0.0152 -5.5028,
		 5.2956 0.0152 -5.5042,
		 5.3044 0.0152 -5.5020,
		 5.3117 0.0152 -5.4967,
		 5.3164 0.0152 -5.4889,
		 5.3148 0.0102 -5.4800,
		 5.3130 0.0102 -5.4723,
		 5.3083 0.0102 -5.4660,
		 5.3015 0.0102 -5.4618,
		 5.2937 0.0102 -5.4606,
		 5.2860 0.0102 -5.4625,
		 5.2796 0.0102 -5.4672,
		 5.2754 0.0102 -5.4740,
		 5.2742 0.0102 -5.4818,
		 5.2761 0.0102 -5.4895,
		 5.2808 0.0102 -5.4959,
		 5.2876 0.0102 -5.5000,
		 5.2954 0.0102 -5.5012,
		 5.3031 0.0102 -5.4993,
		 5.3095 0.0102 -5.4947,
		 5.3136 0.0102 -5.4879,
		 5.3098 0.0051 -5.4803,
		 5.3084 0.0051 -5.4745,
		 5.3048 0.0051 -5.4697,
		 5.2998 0.0051 -5.4666,
		 5.2939 0.0051 -5.4657,
		 5.2881 0.0051 -5.4671,
		 5.2833 0.0051 -5.4706,
		 5.2802 0.0051 -5.4757,
		 5.2793 0.0051 -5.4816,
		 5.2807 0.0051 -5.4874,
		 5.2842 0.0051 -5.4922,
		 5.2893 0.0051 -5.4953,
		 5.2952 0.0051 -5.4962,
		 5.3010 0.0051 -5.4947,
		 5.3058 0.0051 -5.4912,
		 5.3089 0.0051 -5.4861,
		 5.2945 0.0000 -5.4809
		]
	} #Coordinate3
	Material {
		ambientColor      0.1176 0.1176 0.1176  #ambientColor
		diffuseColor      0.4706 0.4706 0.4706  #diffuseColor
		transparency      0.0000                #transparency
	} #Material

	IndexedFaceSet {
		coordIndex [ 
		 0, 16, 1,-1,
		 1, 16, 0,-1,
		 0, 1, 2,-1,
		 2, 1, 0,-1,
		 0, 2, 3,-1,
		 3, 2, 0,-1,
		 0, 3, 4,-1,
		 4, 3, 0,-1,
		 0, 4, 5,-1,
		 5, 4, 0,-1,
		 0, 5, 6,-1,
		 6, 5, 0,-1,
		 0, 6, 7,-1,
		 7, 6, 0,-1,
		 0, 7, 8,-1,
		 8, 7, 0,-1,
		 0, 8, 9,-1,
		 9, 8, 0,-1,
		 0, 9, 10,-1,
		 10, 9, 0,-1,
		 0, 10, 11,-1,
		 11, 10, 0,-1,
		 0, 11, 12,-1,
		 12, 11, 0,-1,
		 0, 12, 13,-1,
		 13, 12, 0,-1,
		 0, 13, 14,-1,
		 14, 13, 0,-1,
		 0, 14, 15,-1,
		 15, 14, 0,-1,
		 0, 15, 16,-1,
		 16, 15, 0,-1,
		 1, 16, 32, 17,-1,
		 17, 32, 16, 1,-1,
		 2, 1, 17, 18,-1,
		 18, 17, 1, 2,-1,
		 3, 2, 18, 19,-1,
		 19, 18, 2, 3,-1,
		 4, 3, 19, 20,-1,
		 20, 19, 3, 4,-1,
		 5, 4, 20, 21,-1,
		 21, 20, 4, 5,-1,
		 6, 5, 21, 22,-1,
		 22, 21, 5, 6,-1,
		 7, 6, 22, 23,-1,
		 23, 22, 6, 7,-1,
		 8, 7, 23, 24,-1,
		 24, 23, 7, 8,-1,
		 9, 8, 24, 25,-1,
		 25, 24, 8, 9,-1,
		 10, 9, 25, 26,-1,
		 26, 25, 9, 10,-1,
		 11, 10, 26, 27,-1,
		 27, 26, 10, 11,-1,
		 12, 11, 27, 28,-1,
		 28, 27, 11, 12,-1,
		 13, 12, 28, 29,-1,
		 29, 28, 12, 13,-1,
		 14, 13, 29, 30,-1,
		 30, 29, 13, 14,-1,
		 15, 14, 30, 31,-1,
		 31, 30, 14, 15,-1,
		 16, 15, 31, 32,-1,
		 32, 31, 15, 16,-1,
		 17, 32, 48, 33,-1,
		 33, 48, 32, 17,-1,
		 18, 17, 33, 34,-1,
		 34, 33, 17, 18,-1,
		 19, 18, 34, 35,-1,
		 35, 34, 18, 19,-1,
		 20, 19, 35, 36,-1,
		 36, 35, 19, 20,-1,
		 21, 20, 36, 37,-1,
		 37, 36, 20, 21,-1,
		 22, 21, 37, 38,-1,
		 38, 37, 21, 22,-1,
		 23, 22, 38, 39,-1,
		 39, 38, 22, 23,-1,
		 24, 23, 39, 40,-1,
		 40, 39, 23, 24,-1,
		 25, 24, 40, 41,-1,
		 41, 40, 24, 25,-1,
		 26, 25, 41, 42,-1,
		 42, 41, 25, 26,-1,
		 27, 26, 42, 43,-1,
		 43, 42, 26, 27,-1,
		 28, 27, 43, 44,-1,
		 44, 43, 27, 28,-1,
		 29, 28, 44, 45,-1,
		 45, 44, 28, 29,-1,
		 30, 29, 45, 46,-1,
		 46, 45, 29, 30,-1,
		 31, 30, 46, 47,-1,
		 47, 46, 30, 31,-1,
		 32, 31, 47, 48,-1,
		 48, 47, 31, 32,-1,
		 33, 48, 64, 49,-1,
		 49, 64, 48, 33,-1,
		 34, 33, 49, 50,-1,
		 50, 49, 33, 34,-1,
		 35, 34, 50, 51,-1,
		 51, 50, 34, 35,-1,
		 36, 35, 51, 52,-1,
		 52, 51, 35, 36,-1,
		 37, 36, 52, 53,-1,
		 53, 52, 36, 37,-1,
		 38, 37, 53, 54,-1,
		 54, 53, 37, 38,-1,
		 39, 38, 54, 55,-1,
		 55, 54, 38, 39,-1,
		 40, 39, 55, 56,-1,
		 56, 55, 39, 40,-1,
		 41, 40, 56, 57,-1,
		 57, 56, 40, 41,-1,
		 42, 41, 57, 58,-1,
		 58, 57, 41, 42,-1,
		 43, 42, 58, 59,-1,
		 59, 58, 42, 43,-1,
		 44, 43, 59, 60,-1,
		 60, 59, 43, 44,-1,
		 45, 44, 60, 61,-1,
		 61, 60, 44, 45,-1,
		 46, 45, 61, 62,-1,
		 62, 61, 45, 46,-1,
		 47, 46, 62, 63,-1,
		 63, 62, 46, 47,-1,
		 48, 47, 63, 64,-1,
		 64, 63, 47, 48,-1,
		 49, 64, 80, 65,-1,
		 65, 80, 64, 49,-1,
		 50, 49, 65, 66,-1,
		 66, 65, 49, 50,-1,
		 51, 50, 66, 67,-1,
		 67, 66, 50, 51,-1,
		 52, 51, 67, 68,-1,
		 68, 67, 51, 52,-1,
		 53, 52, 68, 69,-1,
		 69, 68, 52, 53,-1,
		 54, 53, 69, 70,-1,
		 70, 69, 53, 54,-1,
		 55, 54, 70, 71,-1,
		 71, 70, 54, 55,-1,
		 56, 55, 71, 72,-1,
		 72, 71, 55, 56,-1,
		 57, 56, 72, 73,-1,
		 73, 72, 56, 57,-1,
		 58, 57, 73, 74,-1,
		 74, 73, 57, 58,-1,
		 59, 58, 74, 75,-1,
		 75, 74, 58, 59,-1,
		 60, 59, 75, 76,-1,
		 76, 75, 59, 60,-1,
		 61, 60, 76, 77,-1,
		 77, 76, 60, 61,-1,
		 62, 61, 77, 78,-1,
		 78, 77, 61, 62,-1,
		 63, 62, 78, 79,-1,
		 79, 78, 62, 63,-1,
		 64, 63, 79, 80,-1,
		 80, 79, 63, 64,-1,
		 65, 80, 96, 81,-1,
		 81, 96, 80, 65,-1,
		 66, 65, 81, 82,-1,
		 82, 81, 65, 66,-1,
		 67, 66, 82, 83,-1,
		 83, 82, 66, 67,-1,
		 68, 67, 83, 84,-1,
		 84, 83, 67, 68,-1,
		 69, 68, 84, 85,-1,
		 85, 84, 68, 69,-1,
		 70, 69, 85, 86,-1,
		 86, 85, 69, 70,-1,
		 71, 70, 86, 87,-1,
		 87, 86, 70, 71,-1,
		 72, 71, 87, 88,-1,
		 88, 87, 71, 72,-1,
		 73, 72, 88, 89,-1,
		 89, 88, 72, 73,-1,
		 74, 73, 89, 90,-1,
		 90, 89, 73, 74,-1,
		 75, 74, 90, 91,-1,
		 91, 90, 74, 75,-1,
		 76, 75, 91, 92,-1,
		 92, 91, 75, 76,-1,
		 77, 76, 92, 93,-1,
		 93, 92, 76, 77,-1,
		 78, 77, 93, 94,-1,
		 94, 93, 77, 78,-1,
		 79, 78, 94, 95,-1,
		 95, 94, 78, 79,-1,
		 80, 79, 95, 96,-1,
		 96, 95, 79, 80,-1,
		 81, 96, 112, 97,-1,
		 97, 112, 96, 81,-1,
		 82, 81, 97, 98,-1,
		 98, 97, 81, 82,-1,
		 83, 82, 98, 99,-1,
		 99, 98, 82, 83,-1,
		 84, 83, 99, 100,-1,
		 100, 99, 83, 84,-1,
		 85, 84, 100, 101,-1,
		 101, 100, 84, 85,-1,
		 86, 85, 101, 102,-1,
		 102, 101, 85, 86,-1,
		 87, 86, 102, 103,-1,
		 103, 102, 86, 87,-1,
		 88, 87, 103, 104,-1,
		 104, 103, 87, 88,-1,
		 89, 88, 104, 105,-1,
		 105, 104, 88, 89,-1,
		 90, 89, 105, 106,-1,
		 106, 105, 89, 90,-1,
		 91, 90, 106, 107,-1,
		 107, 106, 90, 91,-1,
		 92, 91, 107, 108,-1,
		 108, 107, 91, 92,-1,
		 93, 92, 108, 109,-1,
		 109, 108, 92, 93,-1,
		 94, 93, 109, 110,-1,
		 110, 109, 93, 94,-1,
		 95, 94, 110, 111,-1,
		 111, 110, 94, 95,-1,
		 96, 95, 111, 112,-1,
		 112, 111, 95, 96,-1,
		 97, 112, 128, 113,-1,
		 113, 128, 112, 97,-1,
		 98, 97, 113, 114,-1,
		 114, 113, 97, 98,-1,
		 99, 98, 114, 115,-1,
		 115, 114, 98, 99,-1,
		 100, 99, 115, 116,-1,
		 116, 115, 99, 100,-1,
		 101, 100, 116, 117,-1,
		 117, 116, 100, 101,-1,
		 102, 101, 117, 118,-1,
		 118, 117, 101, 102,-1,
		 103, 102, 118, 119,-1,
		 119, 118, 102, 103,-1,
		 104, 103, 119, 120,-1,
		 120, 119, 103, 104,-1,
		 105, 104, 120, 121,-1,
		 121, 120, 104, 105,-1,
		 106, 105, 121, 122,-1,
		 122, 121, 105, 106,-1,
		 107, 106, 122, 123,-1,
		 123, 122, 106, 107,-1,
		 108, 107, 123, 124,-1,
		 124, 123, 107, 108,-1,
		 109, 108, 124, 125,-1,
		 125, 124, 108, 109,-1,
		 110, 109, 125, 126,-1,
		 126, 125, 109, 110,-1,
		 111, 110, 126, 127,-1,
		 127, 126, 110, 111,-1,
		 112, 111, 127, 128,-1,
		 128, 127, 111, 112,-1,
		 113, 128, 144, 129,-1,
		 129, 144, 128, 113,-1,
		 114, 113, 129, 130,-1,
		 130, 129, 113, 114,-1,
		 115, 114, 130, 131,-1,
		 131, 130, 114, 115,-1,
		 116, 115, 131, 132,-1,
		 132, 131, 115, 116,-1,
		 117, 116, 132, 133,-1,
		 133, 132, 116, 117,-1,
		 118, 117, 133, 134,-1,
		 134, 133, 117, 118,-1,
		 119, 118, 134, 135,-1,
		 135, 134, 118, 119,-1,
		 120, 119, 135, 136,-1,
		 136, 135, 119, 120,-1,
		 121, 120, 136, 137,-1,
		 137, 136, 120, 121,-1,
		 122, 121, 137, 138,-1,
		 138, 137, 121, 122,-1,
		 123, 122, 138, 139,-1,
		 139, 138, 122, 123,-1,
		 124, 123, 139, 140,-1,
		 140, 139, 123, 124,-1,
		 125, 124, 140, 141,-1,
		 141, 140, 124, 125,-1,
		 126, 125, 141, 142,-1,
		 142, 141, 125, 126,-1,
		 127, 126, 142, 143,-1,
		 143, 142, 126, 127,-1,
		 128, 127, 143, 144,-1,
		 144, 143, 127, 128,-1,
		 129, 144, 145,-1,
		 145, 144, 129,-1,
		 130, 129, 145,-1,
		 145, 129, 130,-1,
		 131, 130, 145,-1,
		 145, 130, 131,-1,
		 132, 131, 145,-1,
		 145, 131, 132,-1,
		 133, 132, 145,-1,
		 145, 132, 133,-1,
		 134, 133, 145,-1,
		 145, 133, 134,-1,
		 135, 134, 145,-1,
		 145, 134, 135,-1,
		 136, 135, 145,-1,
		 145, 135, 136,-1,
		 137, 136, 145,-1,
		 145, 136, 137,-1,
		 138, 137, 145,-1,
		 145, 137, 138,-1,
		 139, 138, 145,-1,
		 145, 138, 139,-1,
		 140, 139, 145,-1,
		 145, 139, 140,-1,
		 141, 140, 145,-1,
		 145, 140, 141,-1,
		 142, 141, 145,-1,
		 145, 141, 142,-1,
		 143, 142, 145,-1,
		 145, 142, 143,-1,
		 144, 143, 145,-1,
		 145, 143, 144,-1,
		]
	} #IndexedFaceSet
} #Polyhedron
Separator { #Polyhedron
	DEF COORD16 Coordinate3 {
		point [
		 5.4615 0.0508 -5.8390,
		 5.4768 0.0457 -5.8384,
		 5.4753 0.0457 -5.8326,
		 5.4718 0.0457 -5.8278,
		 5.4667 0.0457 -5.8247,
		 5.4609 0.0457 -5.8238,
		 5.4551 0.0457 -5.8252,
		 5.4503 0.0457 -5.8287,
		 5.4472 0.0457 -5.8338,
		 5.4463 0.0457 -5.8397,
		 5.4477 0.0457 -5.8455,
		 5.4512 0.0457 -5.8503,
		 5.4563 0.0457 -5.8533,
		 5.4622 0.0457 -5.8543,
		 5.4680 0.0457 -5.8528,
		 5.4728 0.0457 -5.8493,
		 5.4758 0.0457 -5.8442,
		 5.4818 0.0406 -5.8381,
		 5.4799 0.0406 -5.8304,
		 5.4753 0.0406 -5.8240,
		 5.4685 0.0406 -5.8199,
		 5.4606 0.0406 -5.8187,
		 5.4529 0.0406 -5.8206,
		 5.4465 0.0406 -5.8253,
		 5.4424 0.0406 -5.8321,
		 5.4412 0.0406 -5.8399,
		 5.4431 0.0406 -5.8476,
		 5.4478 0.0406 -5.8540,
		 5.4546 0.0406 -5.8581,
		 5.4624 0.0406 -5.8593,
		 5.4701 0.0406 -5.8574,
		 5.4765 0.0406 -5.8528,
		 5.4806 0.0406 -5.8460,
		 5.4848 0.0356 -5.8380,
		 5.4826 0.0356 -5.8292,
		 5.4773 0.0356 -5.8219,
		 5.4695 0.0356 -5.8172,
		 5.4605 0.0356 -5.8158,
		 5.4517 0.0356 -5.8179,
		 5.4444 0.0356 -5.8233,
		 5.4397 0.0356 -5.8311,
		 5.4383 0.0356 -5.8400,
		 5.4404 0.0356 -5.8489,
		 5.4458 0.0356 -5.8562,
		 5.4536 0.0356 -5.8609,
		 5.4625 0.0356 -5.8623,
		 5.4714 0.0356 -5.8601,
		 5.4787 0.0356 -5.8548,
		 5.4834 0.0356 -5.8470,
		 5.4864 0.0305 -5.8379,
		 5.4841 0.0305 -5.8285,
		 5.4783 0.0305 -5.8207,
		 5.4700 0.0305 -5.8156,
		 5.4604 0.0305 -5.8142,
		 5.4510 0.0305 -5.8165,
		 5.4432 0.0305 -5.8222,
		 5.4381 0.0305 -5.8305,
		 5.4367 0.0305 -5.8401,
		 5.4390 0.0305 -5.8495,
		 5.4447 0.0305 -5.8574,
		 5.4530 0.0305 -5.8624,
		 5.4626 0.0305 -5.8639,
		 5.4720 0.0305 -5.8616,
		 5.4799 0.0305 -5.8558,
		 5.4849 0.0305 -5.8475,
		 5.4869 0.0254 -5.8379,
		 5.4845 0.0254 -5.8283,
		 5.4787 0.0254 -5.8203,
		 5.4702 0.0254 -5.8152,
		 5.4604 0.0254 -5.8137,
		 5.4508 0.0254 -5.8160,
		 5.4428 0.0254 -5.8219,
		 5.4377 0.0254 -5.8303,
		 5.4362 0.0254 -5.8401,
		 5.4385 0.0254 -5.8498,
		 5.4444 0.0254 -5.8578,
		 5.4528 0.0254 -5.8629,
		 5.4626 0.0254 -5.8644,
		 5.4723 0.0254 -5.8620,
		 5.4803 0.0254 -5.8562,
		 5.4854 0.0254 -5.8477,
		 5.4864 0.0203 -5.8379,
		 5.4841 0.0203 -5.8285,
		 5.4783 0.0203 -5.8207,
		 5.4700 0.0203 -5.8156,
		 5.4604 0.0203 -5.8142,
		 5.4510 0.0203 -5.8165,
		 5.4432 0.0203 -5.8222,
		 5.4381 0.0203 -5.8305,
		 5.4367 0.0203 -5.8401,
		 5.4390 0.0203 -5.8495,
		 5.4447 0.0203 -5.8574,
		 5.4530 0.0203 -5.8624,
		 5.4626 0.0203 -5.8639,
		 5.4720 0.0203 -5.8616,
		 5.4799 0.0203 -5.8558,
		 5.4849 0.0203 -5.8475,
		 5.4848 0.0152 -5.8380,
		 5.4826 0.0152 -5.8292,
		 5.4773 0.0152 -5.8219,
		 5.4695 0.0152 -5.8172,
		 5.4605 0.0152 -5.8158,
		 5.4517 0.0152 -5.8179,
		 5.4444 0.0152 -5.8233,
		 5.4397 0.0152 -5.8311,
		 5.4383 0.0152 -5.8400,
		 5.4404 0.0152 -5.8489,
		 5.4458 0.0152 -5.8562,
		 5.4536 0.0152 -5.8609,
		 5.4625 0.0152 -5.8623,
		 5.4714 0.0152 -5.8601,
		 5.4787 0.0152 -5.8548,
		 5.4834 0.0152 -5.8470,
		 5.4818 0.0102 -5.8381,
		 5.4799 0.0102 -5.8304,
		 5.4753 0.0102 -5.8240,
		 5.4685 0.0102 -5.8199,
		 5.4606 0.0102 -5.8187,
		 5.4529 0.0102 -5.8206,
		 5.4465 0.0102 -5.8253,
		 5.4424 0.0102 -5.8321,
		 5.4412 0.0102 -5.8399,
		 5.4431 0.0102 -5.8476,
		 5.4478 0.0102 -5.8540,
		 5.4546 0.0102 -5.8581,
		 5.4624 0.0102 -5.8593,
		 5.4701 0.0102 -5.8574,
		 5.4765 0.0102 -5.8528,
		 5.4806 0.0102 -5.8460,
		 5.4768 0.0051 -5.8384,
		 5.4753 0.0051 -5.8326,
		 5.4718 0.0051 -5.8278,
		 5.4667 0.0051 -5.8247,
		 5.4609 0.0051 -5.8238,
		 5.4551 0.0051 -5.8252,
		 5.4503 0.0051 -5.8287,
		 5.4472 0.0051 -5.8338,
		 5.4463 0.0051 -5.8397,
		 5.4477 0.0051 -5.8455,
		 5.4512 0.0051 -5.8503,
		 5.4563 0.0051 -5.8533,
		 5.4622 0.0051 -5.8543,
		 5.4680 0.0051 -5.8528,
		 5.4728 0.0051 -5.8493,
		 5.4758 0.0051 -5.8442,
		 5.4615 0.0000 -5.8390
		]
	} #Coordinate3
	Material {
		ambientColor      0.1176 0.1176 0.1176  #ambientColor
		diffuseColor      0.4706 0.4706 0.4706  #diffuseColor
		transparency      0.0000                #transparency
	} #Material

	IndexedFaceSet {
		coordIndex [ 
		 0, 16, 1,-1,
		 1, 16, 0,-1,
		 0, 1, 2,-1,
		 2, 1, 0,-1,
		 0, 2, 3,-1,
		 3, 2, 0,-1,
		 0, 3, 4,-1,
		 4, 3, 0,-1,
		 0, 4, 5,-1,
		 5, 4, 0,-1,
		 0, 5, 6,-1,
		 6, 5, 0,-1,
		 0, 6, 7,-1,
		 7, 6, 0,-1,
		 0, 7, 8,-1,
		 8, 7, 0,-1,
		 0, 8, 9,-1,
		 9, 8, 0,-1,
		 0, 9, 10,-1,
		 10, 9, 0,-1,
		 0, 10, 11,-1,
		 11, 10, 0,-1,
		 0, 11, 12,-1,
		 12, 11, 0,-1,
		 0, 12, 13,-1,
		 13, 12, 0,-1,
		 0, 13, 14,-1,
		 14, 13, 0,-1,
		 0, 14, 15,-1,
		 15, 14, 0,-1,
		 0, 15, 16,-1,
		 16, 15, 0,-1,
		 1, 16, 32, 17,-1,
		 17, 32, 16, 1,-1,
		 2, 1, 17, 18,-1,
		 18, 17, 1, 2,-1,
		 3, 2, 18, 19,-1,
		 19, 18, 2, 3,-1,
		 4, 3, 19, 20,-1,
		 20, 19, 3, 4,-1,
		 5, 4, 20, 21,-1,
		 21, 20, 4, 5,-1,
		 6, 5, 21, 22,-1,
		 22, 21, 5, 6,-1,
		 7, 6, 22, 23,-1,
		 23, 22, 6, 7,-1,
		 8, 7, 23, 24,-1,
		 24, 23, 7, 8,-1,
		 9, 8, 24, 25,-1,
		 25, 24, 8, 9,-1,
		 10, 9, 25, 26,-1,
		 26, 25, 9, 10,-1,
		 11, 10, 26, 27,-1,
		 27, 26, 10, 11,-1,
		 12, 11, 27, 28,-1,
		 28, 27, 11, 12,-1,
		 13, 12, 28, 29,-1,
		 29, 28, 12, 13,-1,
		 14, 13, 29, 30,-1,
		 30, 29, 13, 14,-1,
		 15, 14, 30, 31,-1,
		 31, 30, 14, 15,-1,
		 16, 15, 31, 32,-1,
		 32, 31, 15, 16,-1,
		 17, 32, 48, 33,-1,
		 33, 48, 32, 17,-1,
		 18, 17, 33, 34,-1,
		 34, 33, 17, 18,-1,
		 19, 18, 34, 35,-1,
		 35, 34, 18, 19,-1,
		 20, 19, 35, 36,-1,
		 36, 35, 19, 20,-1,
		 21, 20, 36, 37,-1,
		 37, 36, 20, 21,-1,
		 22, 21, 37, 38,-1,
		 38, 37, 21, 22,-1,
		 23, 22, 38, 39,-1,
		 39, 38, 22, 23,-1,
		 24, 23, 39, 40,-1,
		 40, 39, 23, 24,-1,
		 25, 24, 40, 41,-1,
		 41, 40, 24, 25,-1,
		 26, 25, 41, 42,-1,
		 42, 41, 25, 26,-1,
		 27, 26, 42, 43,-1,
		 43, 42, 26, 27,-1,
		 28, 27, 43, 44,-1,
		 44, 43, 27, 28,-1,
		 29, 28, 44, 45,-1,
		 45, 44, 28, 29,-1,
		 30, 29, 45, 46,-1,
		 46, 45, 29, 30,-1,
		 31, 30, 46, 47,-1,
		 47, 46, 30, 31,-1,
		 32, 31, 47, 48,-1,
		 48, 47, 31, 32,-1,
		 33, 48, 64, 49,-1,
		 49, 64, 48, 33,-1,
		 34, 33, 49, 50,-1,
		 50, 49, 33, 34,-1,
		 35, 34, 50, 51,-1,
		 51, 50, 34, 35,-1,
		 36, 35, 51, 52,-1,
		 52, 51, 35, 36,-1,
		 37, 36, 52, 53,-1,
		 53, 52, 36, 37,-1,
		 38, 37, 53, 54,-1,
		 54, 53, 37, 38,-1,
		 39, 38, 54, 55,-1,
		 55, 54, 38, 39,-1,
		 40, 39, 55, 56,-1,
		 56, 55, 39, 40,-1,
		 41, 40, 56, 57,-1,
		 57, 56, 40, 41,-1,
		 42, 41, 57, 58,-1,
		 58, 57, 41, 42,-1,
		 43, 42, 58, 59,-1,
		 59, 58, 42, 43,-1,
		 44, 43, 59, 60,-1,
		 60, 59, 43, 44,-1,
		 45, 44, 60, 61,-1,
		 61, 60, 44, 45,-1,
		 46, 45, 61, 62,-1,
		 62, 61, 45, 46,-1,
		 47, 46, 62, 63,-1,
		 63, 62, 46, 47,-1,
		 48, 47, 63, 64,-1,
		 64, 63, 47, 48,-1,
		 49, 64, 80, 65,-1,
		 65, 80, 64, 49,-1,
		 50, 49, 65, 66,-1,
		 66, 65, 49, 50,-1,
		 51, 50, 66, 67,-1,
		 67, 66, 50, 51,-1,
		 52, 51, 67, 68,-1,
		 68, 67, 51, 52,-1,
		 53, 52, 68, 69,-1,
		 69, 68, 52, 53,-1,
		 54, 53, 69, 70,-1,
		 70, 69, 53, 54,-1,
		 55, 54, 70, 71,-1,
		 71, 70, 54, 55,-1,
		 56, 55, 71, 72,-1,
		 72, 71, 55, 56,-1,
		 57, 56, 72, 73,-1,
		 73, 72, 56, 57,-1,
		 58, 57, 73, 74,-1,
		 74, 73, 57, 58,-1,
		 59, 58, 74, 75,-1,
		 75, 74, 58, 59,-1,
		 60, 59, 75, 76,-1,
		 76, 75, 59, 60,-1,
		 61, 60, 76, 77,-1,
		 77, 76, 60, 61,-1,
		 62, 61, 77, 78,-1,
		 78, 77, 61, 62,-1,
		 63, 62, 78, 79,-1,
		 79, 78, 62, 63,-1,
		 64, 63, 79, 80,-1,
		 80, 79, 63, 64,-1,
		 65, 80, 96, 81,-1,
		 81, 96, 80, 65,-1,
		 66, 65, 81, 82,-1,
		 82, 81, 65, 66,-1,
		 67, 66, 82, 83,-1,
		 83, 82, 66, 67,-1,
		 68, 67, 83, 84,-1,
		 84, 83, 67, 68,-1,
		 69, 68, 84, 85,-1,
		 85, 84, 68, 69,-1,
		 70, 69, 85, 86,-1,
		 86, 85, 69, 70,-1,
		 71, 70, 86, 87,-1,
		 87, 86, 70, 71,-1,
		 72, 71, 87, 88,-1,
		 88, 87, 71, 72,-1,
		 73, 72, 88, 89,-1,
		 89, 88, 72, 73,-1,
		 74, 73, 89, 90,-1,
		 90, 89, 73, 74,-1,
		 75, 74, 90, 91,-1,
		 91, 90, 74, 75,-1,
		 76, 75, 91, 92,-1,
		 92, 91, 75, 76,-1,
		 77, 76, 92, 93,-1,
		 93, 92, 76, 77,-1,
		 78, 77, 93, 94,-1,
		 94, 93, 77, 78,-1,
		 79, 78, 94, 95,-1,
		 95, 94, 78, 79,-1,
		 80, 79, 95, 96,-1,
		 96, 95, 79, 80,-1,
		 81, 96, 112, 97,-1,
		 97, 112, 96, 81,-1,
		 82, 81, 97, 98,-1,
		 98, 97, 81, 82,-1,
		 83, 82, 98, 99,-1,
		 99, 98, 82, 83,-1,
		 84, 83, 99, 100,-1,
		 100, 99, 83, 84,-1,
		 85, 84, 100, 101,-1,
		 101, 100, 84, 85,-1,
		 86, 85, 101, 102,-1,
		 102, 101, 85, 86,-1,
		 87, 86, 102, 103,-1,
		 103, 102, 86, 87,-1,
		 88, 87, 103, 104,-1,
		 104, 103, 87, 88,-1,
		 89, 88, 104, 105,-1,
		 105, 104, 88, 89,-1,
		 90, 89, 105, 106,-1,
		 106, 105, 89, 90,-1,
		 91, 90, 106, 107,-1,
		 107, 106, 90, 91,-1,
		 92, 91, 107, 108,-1,
		 108, 107, 91, 92,-1,
		 93, 92, 108, 109,-1,
		 109, 108, 92, 93,-1,
		 94, 93, 109, 110,-1,
		 110, 109, 93, 94,-1,
		 95, 94, 110, 111,-1,
		 111, 110, 94, 95,-1,
		 96, 95, 111, 112,-1,
		 112, 111, 95, 96,-1,
		 97, 112, 128, 113,-1,
		 113, 128, 112, 97,-1,
		 98, 97, 113, 114,-1,
		 114, 113, 97, 98,-1,
		 99, 98, 114, 115,-1,
		 115, 114, 98, 99,-1,
		 100, 99, 115, 116,-1,
		 116, 115, 99, 100,-1,
		 101, 100, 116, 117,-1,
		 117, 116, 100, 101,-1,
		 102, 101, 117, 118,-1,
		 118, 117, 101, 102,-1,
		 103, 102, 118, 119,-1,
		 119, 118, 102, 103,-1,
		 104, 103, 119, 120,-1,
		 120, 119, 103, 104,-1,
		 105, 104, 120, 121,-1,
		 121, 120, 104, 105,-1,
		 106, 105, 121, 122,-1,
		 122, 121, 105, 106,-1,
		 107, 106, 122, 123,-1,
		 123, 122, 106, 107,-1,
		 108, 107, 123, 124,-1,
		 124, 123, 107, 108,-1,
		 109, 108, 124, 125,-1,
		 125, 124, 108, 109,-1,
		 110, 109, 125, 126,-1,
		 126, 125, 109, 110,-1,
		 111, 110, 126, 127,-1,
		 127, 126, 110, 111,-1,
		 112, 111, 127, 128,-1,
		 128, 127, 111, 112,-1,
		 113, 128, 144, 129,-1,
		 129, 144, 128, 113,-1,
		 114, 113, 129, 130,-1,
		 130, 129, 113, 114,-1,
		 115, 114, 130, 131,-1,
		 131, 130, 114, 115,-1,
		 116, 115, 131, 132,-1,
		 132, 131, 115, 116,-1,
		 117, 116, 132, 133,-1,
		 133, 132, 116, 117,-1,
		 118, 117, 133, 134,-1,
		 134, 133, 117, 118,-1,
		 119, 118, 134, 135,-1,
		 135, 134, 118, 119,-1,
		 120, 119, 135, 136,-1,
		 136, 135, 119, 120,-1,
		 121, 120, 136, 137,-1,
		 137, 136, 120, 121,-1,
		 122, 121, 137, 138,-1,
		 138, 137, 121, 122,-1,
		 123, 122, 138, 139,-1,
		 139, 138, 122, 123,-1,
		 124, 123, 139, 140,-1,
		 140, 139, 123, 124,-1,
		 125, 124, 140, 141,-1,
		 141, 140, 124, 125,-1,
		 126, 125, 141, 142,-1,
		 142, 141, 125, 126,-1,
		 127, 126, 142, 143,-1,
		 143, 142, 126, 127,-1,
		 128, 127, 143, 144,-1,
		 144, 143, 127, 128,-1,
		 129, 144, 145,-1,
		 145, 144, 129,-1,
		 130, 129, 145,-1,
		 145, 129, 130,-1,
		 131, 130, 145,-1,
		 145, 130, 131,-1,
		 132, 131, 145,-1,
		 145, 131, 132,-1,
		 133, 132, 145,-1,
		 145, 132, 133,-1,
		 134, 133, 145,-1,
		 145, 133, 134,-1,
		 135, 134, 145,-1,
		 145, 134, 135,-1,
		 136, 135, 145,-1,
		 145, 135, 136,-1,
		 137, 136, 145,-1,
		 145, 136, 137,-1,
		 138, 137, 145,-1,
		 145, 137, 138,-1,
		 139, 138, 145,-1,
		 145, 138, 139,-1,
		 140, 139, 145,-1,
		 145, 139, 140,-1,
		 141, 140, 145,-1,
		 145, 140, 141,-1,
		 142, 141, 145,-1,
		 145, 141, 142,-1,
		 143, 142, 145,-1,
		 145, 142, 143,-1,
		 144, 143, 145,-1,
		 145, 143, 144,-1,
		]
	} #IndexedFaceSet
} #Polyhedron
Separator { #Polyhedron
	DEF COORD17 Coordinate3 {
		point [
		 5.1034 0.0508 -6.0060,
		 5.1187 0.0457 -6.0053,
		 5.1172 0.0457 -5.9996,
		 5.1137 0.0457 -5.9948,
		 5.1086 0.0457 -5.9917,
		 5.1028 0.0457 -5.9908,
		 5.0970 0.0457 -5.9922,
		 5.0922 0.0457 -5.9957,
		 5.0891 0.0457 -6.0008,
		 5.0882 0.0457 -6.0067,
		 5.0896 0.0457 -6.0125,
		 5.0931 0.0457 -6.0172,
		 5.0982 0.0457 -6.0203,
		 5.1041 0.0457 -6.0212,
		 5.1099 0.0457 -6.0198,
		 5.1147 0.0457 -6.0163,
		 5.1178 0.0457 -6.0112,
		 5.1237 0.0406 -6.0051,
		 5.1218 0.0406 -5.9974,
		 5.1172 0.0406 -5.9910,
		 5.1104 0.0406 -5.9869,
		 5.1025 0.0406 -5.9857,
		 5.0948 0.0406 -5.9876,
		 5.0885 0.0406 -5.9923,
		 5.0843 0.0406 -5.9991,
		 5.0831 0.0406 -6.0069,
		 5.0850 0.0406 -6.0146,
		 5.0897 0.0406 -6.0210,
		 5.0965 0.0406 -6.0251,
		 5.1043 0.0406 -6.0263,
		 5.1120 0.0406 -6.0244,
		 5.1184 0.0406 -6.0197,
		 5.1225 0.0406 -6.0130,
		 5.1267 0.0356 -6.0050,
		 5.1245 0.0356 -5.9962,
		 5.1192 0.0356 -5.9888,
		 5.1114 0.0356 -5.9841,
		 5.1024 0.0356 -5.9828,
		 5.0936 0.0356 -5.9849,
		 5.0863 0.0356 -5.9903,
		 5.0816 0.0356 -5.9981,
		 5.0802 0.0356 -6.0070,
		 5.0823 0.0356 -6.0159,
		 5.0877 0.0356 -6.0232,
		 5.0955 0.0356 -6.0279,
		 5.1044 0.0356 -6.0293,
		 5.1133 0.0356 -6.0271,
		 5.1206 0.0356 -6.0217,
		 5.1253 0.0356 -6.0140,
		 5.1283 0.0305 -6.0049,
		 5.1260 0.0305 -5.9955,
		 5.1202 0.0305 -5.9877,
		 5.1119 0.0305 -5.9826,
		 5.1023 0.0305 -5.9811,
		 5.0929 0.0305 -5.9835,
		 5.0851 0.0305 -5.9892,
		 5.0800 0.0305 -5.9975,
		 5.0786 0.0305 -6.0071,
		 5.0809 0.0305 -6.0165,
		 5.0866 0.0305 -6.0244,
		 5.0949 0.0305 -6.0294,
		 5.1045 0.0305 -6.0309,
		 5.1140 0.0305 -6.0286,
		 5.1218 0.0305 -6.0228,
		 5.1268 0.0305 -6.0145,
		 5.1288 0.0254 -6.0049,
		 5.1265 0.0254 -5.9953,
		 5.1206 0.0254 -5.9873,
		 5.1121 0.0254 -5.9821,
		 5.1023 0.0254 -5.9806,
		 5.0927 0.0254 -5.9830,
		 5.0847 0.0254 -5.9889,
		 5.0796 0.0254 -5.9973,
		 5.0781 0.0254 -6.0071,
		 5.0804 0.0254 -6.0167,
		 5.0863 0.0254 -6.0247,
		 5.0947 0.0254 -6.0299,
		 5.1045 0.0254 -6.0314,
		 5.1142 0.0254 -6.0290,
		 5.1222 0.0254 -6.0232,
		 5.1273 0.0254 -6.0147,
		 5.1283 0.0203 -6.0049,
		 5.1260 0.0203 -5.9955,
		 5.1202 0.0203 -5.9877,
		 5.1119 0.0203 -5.9826,
		 5.1023 0.0203 -5.9811,
		 5.0929 0.0203 -5.9835,
		 5.0851 0.0203 -5.9892,
		 5.0800 0.0203 -5.9975,
		 5.0786 0.0203 -6.0071,
		 5.0809 0.0203 -6.0165,
		 5.0866 0.0203 -6.0244,
		 5.0949 0.0203 -6.0294,
		 5.1045 0.0203 -6.0309,
		 5.1140 0.0203 -6.0286,
		 5.1218 0.0203 -6.0228,
		 5.1268 0.0203 -6.0145,
		 5.1267 0.0152 -6.0050,
		 5.1245 0.0152 -5.9962,
		 5.1192 0.0152 -5.9888,
		 5.1114 0.0152 -5.9841,
		 5.1024 0.0152 -5.9828,
		 5.0936 0.0152 -5.9849,
		 5.0863 0.0152 -5.9903,
		 5.0816 0.0152 -5.9981,
		 5.0802 0.0152 -6.0070,
		 5.0823 0.0152 -6.0159,
		 5.0877 0.0152 -6.0232,
		 5.0955 0.0152 -6.0279,
		 5.1044 0.0152 -6.0293,
		 5.1133 0.0152 -6.0271,
		 5.1206 0.0152 -6.0217,
		 5.1253 0.0152 -6.0140,
		 5.1237 0.0102 -6.0051,
		 5.1218 0.0102 -5.9974,
		 5.1172 0.0102 -5.9910,
		 5.1104 0.0102 -5.9869,
		 5.1025 0.0102 -5.9857,
		 5.0948 0.0102 -5.9876,
		 5.0885 0.0102 -5.9923,
		 5.0843 0.0102 -5.9991,
		 5.0831 0.0102 -6.0069,
		 5.0850 0.0102 -6.0146,
		 5.0897 0.0102 -6.0210,
		 5.0965 0.0102 -6.0251,
		 5.1043 0.0102 -6.0263,
		 5.1120 0.0102 -6.0244,
		 5.1184 0.0102 -6.0197,
		 5.1225 0.0102 -6.0130,
		 5.1187 0.0051 -6.0053,
		 5.1172 0.0051 -5.9996,
		 5.1137 0.0051 -5.9948,
		 5.1086 0.0051 -5.9917,
		 5.1028 0.0051 -5.9908,
		 5.0970 0.0051 -5.9922,
		 5.0922 0.0051 -5.9957,
		 5.0891 0.0051 -6.0008,
		 5.0882 0.0051 -6.0067,
		 5.0896 0.0051 -6.0125,
		 5.0931 0.0051 -6.0172,
		 5.0982 0.0051 -6.0203,
		 5.1041 0.0051 -6.0212,
		 5.1099 0.0051 -6.0198,
		 5.1147 0.0051 -6.0163,
		 5.1178 0.0051 -6.0112,
		 5.1034 0.0000 -6.0060
		]
	} #Coordinate3
	Material {
		ambientColor      0.1176 0.1176 0.1176  #ambientColor
		diffuseColor      0.4706 0.4706 0.4706  #diffuseColor
		transparency      0.0000                #transparency
	} #Material

	IndexedFaceSet {
		coordIndex [ 
		 0, 16, 1,-1,
		 1, 16, 0,-1,
		 0, 1, 2,-1,
		 2, 1, 0,-1,
		 0, 2, 3,-1,
		 3, 2, 0,-1,
		 0, 3, 4,-1,
		 4, 3, 0,-1,
		 0, 4, 5,-1,
		 5, 4, 0,-1,
		 0, 5, 6,-1,
		 6, 5, 0,-1,
		 0, 6, 7,-1,
		 7, 6, 0,-1,
		 0, 7, 8,-1,
		 8, 7, 0,-1,
		 0, 8, 9,-1,
		 9, 8, 0,-1,
		 0, 9, 10,-1,
		 10, 9, 0,-1,
		 0, 10, 11,-1,
		 11, 10, 0,-1,
		 0, 11, 12,-1,
		 12, 11, 0,-1,
		 0, 12, 13,-1,
		 13, 12, 0,-1,
		 0, 13, 14,-1,
		 14, 13, 0,-1,
		 0, 14, 15,-1,
		 15, 14, 0,-1,
		 0, 15, 16,-1,
		 16, 15, 0,-1,
		 1, 16, 32, 17,-1,
		 17, 32, 16, 1,-1,
		 2, 1, 17, 18,-1,
		 18, 17, 1, 2,-1,
		 3, 2, 18, 19,-1,
		 19, 18, 2, 3,-1,
		 4, 3, 19, 20,-1,
		 20, 19, 3, 4,-1,
		 5, 4, 20, 21,-1,
		 21, 20, 4, 5,-1,
		 6, 5, 21, 22,-1,
		 22, 21, 5, 6,-1,
		 7, 6, 22, 23,-1,
		 23, 22, 6, 7,-1,
		 8, 7, 23, 24,-1,
		 24, 23, 7, 8,-1,
		 9, 8, 24, 25,-1,
		 25, 24, 8, 9,-1,
		 10, 9, 25, 26,-1,
		 26, 25, 9, 10,-1,
		 11, 10, 26, 27,-1,
		 27, 26, 10, 11,-1,
		 12, 11, 27, 28,-1,
		 28, 27, 11, 12,-1,
		 13, 12, 28, 29,-1,
		 29, 28, 12, 13,-1,
		 14, 13, 29, 30,-1,
		 30, 29, 13, 14,-1,
		 15, 14, 30, 31,-1,
		 31, 30, 14, 15,-1,
		 16, 15, 31, 32,-1,
		 32, 31, 15, 16,-1,
		 17, 32, 48, 33,-1,
		 33, 48, 32, 17,-1,
		 18, 17, 33, 34,-1,
		 34, 33, 17, 18,-1,
		 19, 18, 34, 35,-1,
		 35, 34, 18, 19,-1,
		 20, 19, 35, 36,-1,
		 36, 35, 19, 20,-1,
		 21, 20, 36, 37,-1,
		 37, 36, 20, 21,-1,
		 22, 21, 37, 38,-1,
		 38, 37, 21, 22,-1,
		 23, 22, 38, 39,-1,
		 39, 38, 22, 23,-1,
		 24, 23, 39, 40,-1,
		 40, 39, 23, 24,-1,
		 25, 24, 40, 41,-1,
		 41, 40, 24, 25,-1,
		 26, 25, 41, 42,-1,
		 42, 41, 25, 26,-1,
		 27, 26, 42, 43,-1,
		 43, 42, 26, 27,-1,
		 28, 27, 43, 44,-1,
		 44, 43, 27, 28,-1,
		 29, 28, 44, 45,-1,
		 45, 44, 28, 29,-1,
		 30, 29, 45, 46,-1,
		 46, 45, 29, 30,-1,
		 31, 30, 46, 47,-1,
		 47, 46, 30, 31,-1,
		 32, 31, 47, 48,-1,
		 48, 47, 31, 32,-1,
		 33, 48, 64, 49,-1,
		 49, 64, 48, 33,-1,
		 34, 33, 49, 50,-1,
		 50, 49, 33, 34,-1,
		 35, 34, 50, 51,-1,
		 51, 50, 34, 35,-1,
		 36, 35, 51, 52,-1,
		 52, 51, 35, 36,-1,
		 37, 36, 52, 53,-1,
		 53, 52, 36, 37,-1,
		 38, 37, 53, 54,-1,
		 54, 53, 37, 38,-1,
		 39, 38, 54, 55,-1,
		 55, 54, 38, 39,-1,
		 40, 39, 55, 56,-1,
		 56, 55, 39, 40,-1,
		 41, 40, 56, 57,-1,
		 57, 56, 40, 41,-1,
		 42, 41, 57, 58,-1,
		 58, 57, 41, 42,-1,
		 43, 42, 58, 59,-1,
		 59, 58, 42, 43,-1,
		 44, 43, 59, 60,-1,
		 60, 59, 43, 44,-1,
		 45, 44, 60, 61,-1,
		 61, 60, 44, 45,-1,
		 46, 45, 61, 62,-1,
		 62, 61, 45, 46,-1,
		 47, 46, 62, 63,-1,
		 63, 62, 46, 47,-1,
		 48, 47, 63, 64,-1,
		 64, 63, 47, 48,-1,
		 49, 64, 80, 65,-1,
		 65, 80, 64, 49,-1,
		 50, 49, 65, 66,-1,
		 66, 65, 49, 50,-1,
		 51, 50, 66, 67,-1,
		 67, 66, 50, 51,-1,
		 52, 51, 67, 68,-1,
		 68, 67, 51, 52,-1,
		 53, 52, 68, 69,-1,
		 69, 68, 52, 53,-1,
		 54, 53, 69, 70,-1,
		 70, 69, 53, 54,-1,
		 55, 54, 70, 71,-1,
		 71, 70, 54, 55,-1,
		 56, 55, 71, 72,-1,
		 72, 71, 55, 56,-1,
		 57, 56, 72, 73,-1,
		 73, 72, 56, 57,-1,
		 58, 57, 73, 74,-1,
		 74, 73, 57, 58,-1,
		 59, 58, 74, 75,-1,
		 75, 74, 58, 59,-1,
		 60, 59, 75, 76,-1,
		 76, 75, 59, 60,-1,
		 61, 60, 76, 77,-1,
		 77, 76, 60, 61,-1,
		 62, 61, 77, 78,-1,
		 78, 77, 61, 62,-1,
		 63, 62, 78, 79,-1,
		 79, 78, 62, 63,-1,
		 64, 63, 79, 80,-1,
		 80, 79, 63, 64,-1,
		 65, 80, 96, 81,-1,
		 81, 96, 80, 65,-1,
		 66, 65, 81, 82,-1,
		 82, 81, 65, 66,-1,
		 67, 66, 82, 83,-1,
		 83, 82, 66, 67,-1,
		 68, 67, 83, 84,-1,
		 84, 83, 67, 68,-1,
		 69, 68, 84, 85,-1,
		 85, 84, 68, 69,-1,
		 70, 69, 85, 86,-1,
		 86, 85, 69, 70,-1,
		 71, 70, 86, 87,-1,
		 87, 86, 70, 71,-1,
		 72, 71, 87, 88,-1,
		 88, 87, 71, 72,-1,
		 73, 72, 88, 89,-1,
		 89, 88, 72, 73,-1,
		 74, 73, 89, 90,-1,
		 90, 89, 73, 74,-1,
		 75, 74, 90, 91,-1,
		 91, 90, 74, 75,-1,
		 76, 75, 91, 92,-1,
		 92, 91, 75, 76,-1,
		 77, 76, 92, 93,-1,
		 93, 92, 76, 77,-1,
		 78, 77, 93, 94,-1,
		 94, 93, 77, 78,-1,
		 79, 78, 94, 95,-1,
		 95, 94, 78, 79,-1,
		 80, 79, 95, 96,-1,
		 96, 95, 79, 80,-1,
		 81, 96, 112, 97,-1,
		 97, 112, 96, 81,-1,
		 82, 81, 97, 98,-1,
		 98, 97, 81, 82,-1,
		 83, 82, 98, 99,-1,
		 99, 98, 82, 83,-1,
		 84, 83, 99, 100,-1,
		 100, 99, 83, 84,-1,
		 85, 84, 100, 101,-1,
		 101, 100, 84, 85,-1,
		 86, 85, 101, 102,-1,
		 102, 101, 85, 86,-1,
		 87, 86, 102, 103,-1,
		 103, 102, 86, 87,-1,
		 88, 87, 103, 104,-1,
		 104, 103, 87, 88,-1,
		 89, 88, 104, 105,-1,
		 105, 104, 88, 89,-1,
		 90, 89, 105, 106,-1,
		 106, 105, 89, 90,-1,
		 91, 90, 106, 107,-1,
		 107, 106, 90, 91,-1,
		 92, 91, 107, 108,-1,
		 108, 107, 91, 92,-1,
		 93, 92, 108, 109,-1,
		 109, 108, 92, 93,-1,
		 94, 93, 109, 110,-1,
		 110, 109, 93, 94,-1,
		 95, 94, 110, 111,-1,
		 111, 110, 94, 95,-1,
		 96, 95, 111, 112,-1,
		 112, 111, 95, 96,-1,
		 97, 112, 128, 113,-1,
		 113, 128, 112, 97,-1,
		 98, 97, 113, 114,-1,
		 114, 113, 97, 98,-1,
		 99, 98, 114, 115,-1,
		 115, 114, 98, 99,-1,
		 100, 99, 115, 116,-1,
		 116, 115, 99, 100,-1,
		 101, 100, 116, 117,-1,
		 117, 116, 100, 101,-1,
		 102, 101, 117, 118,-1,
		 118, 117, 101, 102,-1,
		 103, 102, 118, 119,-1,
		 119, 118, 102, 103,-1,
		 104, 103, 119, 120,-1,
		 120, 119, 103, 104,-1,
		 105, 104, 120, 121,-1,
		 121, 120, 104, 105,-1,
		 106, 105, 121, 122,-1,
		 122, 121, 105, 106,-1,
		 107, 106, 122, 123,-1,
		 123, 122, 106, 107,-1,
		 108, 107, 123, 124,-1,
		 124, 123, 107, 108,-1,
		 109, 108, 124, 125,-1,
		 125, 124, 108, 109,-1,
		 110, 109, 125, 126,-1,
		 126, 125, 109, 110,-1,
		 111, 110, 126, 127,-1,
		 127, 126, 110, 111,-1,
		 112, 111, 127, 128,-1,
		 128, 127, 111, 112,-1,
		 113, 128, 144, 129,-1,
		 129, 144, 128, 113,-1,
		 114, 113, 129, 130,-1,
		 130, 129, 113, 114,-1,
		 115, 114, 130, 131,-1,
		 131, 130, 114, 115,-1,
		 116, 115, 131, 132,-1,
		 132, 131, 115, 116,-1,
		 117, 116, 132, 133,-1,
		 133, 132, 116, 117,-1,
		 118, 117, 133, 134,-1,
		 134, 133, 117, 118,-1,
		 119, 118, 134, 135,-1,
		 135, 134, 118, 119,-1,
		 120, 119, 135, 136,-1,
		 136, 135, 119, 120,-1,
		 121, 120, 136, 137,-1,
		 137, 136, 120, 121,-1,
		 122, 121, 137, 138,-1,
		 138, 137, 121, 122,-1,
		 123, 122, 138, 139,-1,
		 139, 138, 122, 123,-1,
		 124, 123, 139, 140,-1,
		 140, 139, 123, 124,-1,
		 125, 124, 140, 141,-1,
		 141, 140, 124, 125,-1,
		 126, 125, 141, 142,-1,
		 142, 141, 125, 126,-1,
		 127, 126, 142, 143,-1,
		 143, 142, 126, 127,-1,
		 128, 127, 143, 144,-1,
		 144, 143, 127, 128,-1,
		 129, 144, 145,-1,
		 145, 144, 129,-1,
		 130, 129, 145,-1,
		 145, 129, 130,-1,
		 131, 130, 145,-1,
		 145, 130, 131,-1,
		 132, 131, 145,-1,
		 145, 131, 132,-1,
		 133, 132, 145,-1,
		 145, 132, 133,-1,
		 134, 133, 145,-1,
		 145, 133, 134,-1,
		 135, 134, 145,-1,
		 145, 134, 135,-1,
		 136, 135, 145,-1,
		 145, 135, 136,-1,
		 137, 136, 145,-1,
		 145, 136, 137,-1,
		 138, 137, 145,-1,
		 145, 137, 138,-1,
		 139, 138, 145,-1,
		 145, 138, 139,-1,
		 140, 139, 145,-1,
		 145, 139, 140,-1,
		 141, 140, 145,-1,
		 145, 140, 141,-1,
		 142, 141, 145,-1,
		 145, 141, 142,-1,
		 143, 142, 145,-1,
		 145, 142, 143,-1,
		 144, 143, 145,-1,
		 145, 143, 144,-1,
		]
	} #IndexedFaceSet
} #Polyhedron
Separator { #Polyhedron
	DEF COORD18 Coordinate3 {
		point [
		 5.2371 0.4318 -5.7418,
		 5.2335 0.4318 -5.7274,
		 5.2247 0.4318 -5.7154,
		 5.2120 0.4318 -5.7077,
		 5.1973 0.4318 -5.7054,
		 5.1829 0.4318 -5.7089,
		 5.1709 0.4318 -5.7177,
		 5.1632 0.4318 -5.7304,
		 5.1609 0.4318 -5.7451,
		 5.1645 0.4318 -5.7596,
		 5.1732 0.4318 -5.7716,
		 5.1860 0.4318 -5.7793,
		 5.2006 0.4318 -5.7815,
		 5.2151 0.4318 -5.7780,
		 5.2271 0.4318 -5.7692,
		 5.2348 0.4318 -5.7565,
		 5.2371 0.1524 -5.7418,
		 5.2335 0.1524 -5.7274,
		 5.2247 0.1524 -5.7154,
		 5.2120 0.1524 -5.7077,
		 5.1973 0.1524 -5.7054,
		 5.1829 0.1524 -5.7089,
		 5.1709 0.1524 -5.7177,
		 5.1632 0.1524 -5.7304,
		 5.1609 0.1524 -5.7451,
		 5.1645 0.1524 -5.7596,
		 5.1732 0.1524 -5.7716,
		 5.1860 0.1524 -5.7793,
		 5.2006 0.1524 -5.7815,
		 5.2151 0.1524 -5.7780,
		 5.2271 0.1524 -5.7692,
		 5.2348 0.1524 -5.7565
		]
	} #Coordinate3
	Material {
		ambientColor      0.1951 0.1951 0.1951  #ambientColor
		diffuseColor      0.7804 0.7804 0.7804  #diffuseColor
		transparency      0.0000                #transparency
	} #Material

	IndexedFaceSet {
		coordIndex [ 
		 0, 1, 2, 3, 4, 5, 6, 7, 8, 9, 10, 11, 12, 13, 14, 15,-1,
		 15, 14, 13, 12, 11, 10, 9, 8, 7, 6, 5, 4, 3, 2, 1, 0,-1,
		 0, 15, 31, 16,-1,
		 16, 31, 15, 0,-1,
		 1, 0, 16, 17,-1,
		 17, 16, 0, 1,-1,
		 2, 1, 17, 18,-1,
		 18, 17, 1, 2,-1,
		 3, 2, 18, 19,-1,
		 19, 18, 2, 3,-1,
		 4, 3, 19, 20,-1,
		 20, 19, 3, 4,-1,
		 5, 4, 20, 21,-1,
		 21, 20, 4, 5,-1,
		 6, 5, 21, 22,-1,
		 22, 21, 5, 6,-1,
		 7, 6, 22, 23,-1,
		 23, 22, 6, 7,-1,
		 8, 7, 23, 24,-1,
		 24, 23, 7, 8,-1,
		 9, 8, 24, 25,-1,
		 25, 24, 8, 9,-1,
		 10, 9, 25, 26,-1,
		 26, 25, 9, 10,-1,
		 11, 10, 26, 27,-1,
		 27, 26, 10, 11,-1,
		 12, 11, 27, 28,-1,
		 28, 27, 11, 12,-1,
		 13, 12, 28, 29,-1,
		 29, 28, 12, 13,-1,
		 14, 13, 29, 30,-1,
		 30, 29, 13, 14,-1,
		 15, 14, 30, 31,-1,
		 31, 30, 14, 15,-1,
		 31, 30, 29, 28, 27, 26, 25, 24, 23, 22, 21, 20, 19, 18, 17, 16,-1,
		 16, 17, 18, 19, 20, 21, 22, 23, 24, 25, 26, 27, 28, 29, 30, 31,-1,
		]
	} #IndexedFaceSet
} #Polyhedron
Separator { #Polyhedron
	DEF COORD19 Coordinate3 {
		point [
		 5.3334 0.5334 -6.1168,
		 5.5419 0.5334 -5.5439,
		 5.0646 0.5334 -5.3702,
		 4.9343 0.5334 -5.4309,
		 4.7953 0.5334 -5.8128,
		 4.8561 0.5334 -5.9430,
		 5.3334 0.4318 -6.1168,
		 5.5419 0.4318 -5.5439,
		 5.0646 0.4318 -5.3702,
		 4.9343 0.4318 -5.4309,
		 4.7953 0.4318 -5.8128,
		 4.8561 0.4318 -5.9430
		]
	} #Coordinate3
	Material {
		ambientColor      0.1951 0.1951 0.1951  #ambientColor
		diffuseColor      0.7804 0.7804 0.7804  #diffuseColor
		transparency      0.0000                #transparency
	} #Material

	IndexedFaceSet {
		coordIndex [ 
		 0, 1, 2, 3, 4, 5,-1,
		 5, 4, 3, 2, 1, 0,-1,
		 0, 5, 11, 6,-1,
		 6, 11, 5, 0,-1,
		 1, 0, 6, 7,-1,
		 7, 6, 0, 1,-1,
		 2, 1, 7, 8,-1,
		 8, 7, 1, 2,-1,
		 3, 2, 8, 9,-1,
		 9, 8, 2, 3,-1,
		 4, 3, 9, 10,-1,
		 10, 9, 3, 4,-1,
		 5, 4, 10, 11,-1,
		 11, 10, 4, 5,-1,
		 11, 10, 9, 8, 7, 6,-1,
		 6, 7, 8, 9, 10, 11,-1,
		]
	} #IndexedFaceSet
} #Polyhedron
Separator { #Polyhedron
	DEF COORD20 Coordinate3 {
		point [
		 5.3334 0.8636 -6.1167,
		 5.2987 0.8636 -6.2122,
		 5.2987 0.4826 -6.2122,
		 5.3334 0.4318 -6.1167,
		 4.8561 0.8636 -5.9430,
		 4.8213 0.8636 -6.0385,
		 4.8213 0.4826 -6.0385,
		 4.8561 0.4318 -5.9430
		]
	} #Coordinate3
	Material {
		ambientColor      0.1951 0.1951 0.1951  #ambientColor
		diffuseColor      0.7804 0.7804 0.7804  #diffuseColor
		transparency      0.0000                #transparency
	} #Material

	IndexedFaceSet {
		coordIndex [ 
		 0, 1, 2, 3,-1,
		 3, 2, 1, 0,-1,
		 0, 3, 7, 4,-1,
		 4, 7, 3, 0,-1,
		 1, 0, 4, 5,-1,
		 5, 4, 0, 1,-1,
		 2, 1, 5, 6,-1,
		 6, 5, 1, 2,-1,
		 3, 2, 6, 7,-1,
		 7, 6, 2, 3,-1,
		 7, 6, 5, 4,-1,
		 4, 5, 6, 7,-1,
		]
	} #IndexedFaceSet
} #Polyhedron
Separator { #Polyhedron
	DEF COORD21 Coordinate3 {
		point [
		 5.5419 0.4318 -5.5439,
		 5.5767 0.4826 -5.4485,
		 5.5767 0.8636 -5.4485,
		 5.5419 0.8636 -5.5439,
		 5.0645 0.4318 -5.3702,
		 5.0993 0.4826 -5.2747,
		 5.0993 0.8636 -5.2747,
		 5.0645 0.8636 -5.3702
		]
	} #Coordinate3
	Material {
		ambientColor      0.1951 0.1951 0.1951  #ambientColor
		diffuseColor      0.7804 0.7804 0.7804  #diffuseColor
		transparency      0.0000                #transparency
	} #Material

	IndexedFaceSet {
		coordIndex [ 
		 0, 1, 2, 3,-1,
		 3, 2, 1, 0,-1,
		 0, 3, 7, 4,-1,
		 4, 7, 3, 0,-1,
		 1, 0, 4, 5,-1,
		 5, 4, 0, 1,-1,
		 2, 1, 5, 6,-1,
		 6, 5, 1, 2,-1,
		 3, 2, 6, 7,-1,
		 7, 6, 2, 3,-1,
		 7, 6, 5, 4,-1,
		 4, 5, 6, 7,-1,
		]
	} #IndexedFaceSet
} #Polyhedron
Separator { #Polyhedron
	DEF COORD22 Coordinate3 {
		point [
		 5.6374 0.4318 -5.5787,
		 5.6721 0.4826 -5.4832,
		 5.6721 1.2446 -5.4832,
		 5.6547 1.3208 -5.5309,
		 5.6287 1.3462 -5.6025,
		 5.4376 1.3462 -6.1276,
		 5.4115 1.3208 -6.1992,
		 5.3941 1.2446 -6.2470,
		 5.3941 0.4826 -6.2470,
		 5.4289 0.4318 -6.1515,
		 5.5419 0.4318 -5.5439,
		 5.5767 0.4826 -5.4485,
		 5.5767 1.2446 -5.4485,
		 5.5593 1.3208 -5.4962,
		 5.5332 1.3462 -5.5678,
		 5.3421 1.3462 -6.0929,
		 5.3160 1.3208 -6.1645,
		 5.2987 1.2446 -6.2122,
		 5.2987 0.4826 -6.2122,
		 5.3334 0.4318 -6.1168,
		 5.6721 0.5715 -5.4832,
		 5.3941 0.5715 -6.2470,
		 5.3414 0.4318 -6.1197,
		 5.5499 0.4318 -5.5468,
		 5.6164 0.4826 -5.4629,
		 5.3384 0.4826 -6.2267,
		 5.6634 1.2827 -5.5071,
		 5.4028 1.2827 -6.2231,
		 5.6309 1.3208 -5.5222,
		 5.5889 1.3462 -5.5881,
		 5.3978 1.3462 -6.1132,
		 5.3876 1.3208 -6.1906
		]
	} #Coordinate3
	Material {
		ambientColor      0.1951 0.1951 0.1951  #ambientColor
		diffuseColor      0.7804 0.7804 0.7804  #diffuseColor
		transparency      0.0000                #transparency
	} #Material

	IndexedFaceSet {
		coordIndex [ 
		 20, 2, 26, 27, 7, 21,-1,
		 21, 7, 27, 26, 2, 20,-1,
		 22, 19, 10, 23,-1,
		 23, 10, 19, 22,-1,
		 23, 10, 11, 24,-1,
		 24, 11, 10, 23,-1,
		 2, 20, 24, 11, 12,-1,
		 12, 11, 24, 20, 2,-1,
		 26, 2, 12, 13, 28,-1,
		 28, 13, 12, 2, 26,-1,
		 28, 13, 14, 29,-1,
		 29, 14, 13, 28,-1,
		 29, 14, 15, 30,-1,
		 30, 15, 14, 29,-1,
		 30, 15, 16, 31,-1,
		 31, 16, 15, 30,-1,
		 7, 27, 31, 16, 17,-1,
		 17, 16, 31, 27, 7,-1,
		 21, 7, 17, 18, 25,-1,
		 25, 18, 17, 7, 21,-1,
		 25, 18, 19, 22,-1,
		 22, 19, 18, 25,-1,
		 19, 18, 17, 16, 15, 14, 13, 12, 11, 10,-1,
		 10, 11, 12, 13, 14, 15, 16, 17, 18, 19,-1,
		 20, 21, 25, 22, 23, 24,-1,
		 24, 23, 22, 25, 21, 20,-1,
		 27, 26, 28, 29, 30, 31,-1,
		 31, 30, 29, 28, 26, 27,-1,
		]
	} #IndexedFaceSet
} #Polyhedron
Separator { #Polyhedron
	DEF COORD23 Coordinate3 {
		point [
		 5.1513 0.5842 -5.7261,
		 5.2606 0.5740 -5.9605,
		 5.3857 0.5740 -5.6168,
		 5.0992 0.5740 -5.5125,
		 5.0211 0.5740 -5.5490,
		 4.9377 0.5740 -5.7781,
		 4.9741 0.5740 -5.8563,
		 5.2970 0.5639 -6.0386,
		 5.4638 0.5639 -5.5804,
		 5.0819 0.5639 -5.4414,
		 4.9777 0.5639 -5.4899,
		 4.8665 0.5639 -5.7955,
		 4.9151 0.5639 -5.8996,
		 5.3182 0.5537 -6.0841,
		 5.5093 0.5537 -5.5591,
		 5.0718 0.5537 -5.3999,
		 4.9524 0.5537 -5.4556,
		 4.8251 0.5537 -5.8056,
		 4.8807 0.5537 -5.9249,
		 5.3297 0.5436 -6.1089,
		 5.5340 0.5436 -5.5476,
		 5.0663 0.5436 -5.3774,
		 4.9387 0.5436 -5.4369,
		 4.8025 0.5436 -5.8110,
		 4.8620 0.5436 -5.9386,
		 5.3334 0.5334 -6.1168,
		 5.5419 0.5334 -5.5439,
		 5.0646 0.5334 -5.3702,
		 4.9343 0.5334 -5.4309,
		 4.7953 0.5334 -5.8128,
		 4.8561 0.5334 -5.9430
		]
	} #Coordinate3
	Material {
		ambientColor      0.1324 0.1324 0.1324  #ambientColor
		diffuseColor      0.5294 0.5294 0.5294  #diffuseColor
		transparency      0.0000                #transparency
	} #Material

	IndexedFaceSet {
		coordIndex [ 
		 0, 6, 1,-1,
		 1, 6, 0,-1,
		 0, 1, 2,-1,
		 2, 1, 0,-1,
		 0, 2, 3,-1,
		 3, 2, 0,-1,
		 0, 3, 4,-1,
		 4, 3, 0,-1,
		 0, 4, 5,-1,
		 5, 4, 0,-1,
		 0, 5, 6,-1,
		 6, 5, 0,-1,
		 1, 6, 12, 7,-1,
		 7, 12, 6, 1,-1,
		 2, 1, 7, 8,-1,
		 8, 7, 1, 2,-1,
		 3, 2, 8, 9,-1,
		 9, 8, 2, 3,-1,
		 4, 3, 9, 10,-1,
		 10, 9, 3, 4,-1,
		 5, 4, 10, 11,-1,
		 11, 10, 4, 5,-1,
		 6, 5, 11, 12,-1,
		 12, 11, 5, 6,-1,
		 7, 12, 18, 13,-1,
		 13, 18, 12, 7,-1,
		 8, 7, 13, 14,-1,
		 14, 13, 7, 8,-1,
		 9, 8, 14, 15,-1,
		 15, 14, 8, 9,-1,
		 10, 9, 15, 16,-1,
		 16, 15, 9, 10,-1,
		 11, 10, 16, 17,-1,
		 17, 16, 10, 11,-1,
		 12, 11, 17, 18,-1,
		 18, 17, 11, 12,-1,
		 13, 18, 24, 19,-1,
		 19, 24, 18, 13,-1,
		 14, 13, 19, 20,-1,
		 20, 19, 13, 14,-1,
		 15, 14, 20, 21,-1,
		 21, 20, 14, 15,-1,
		 16, 15, 21, 22,-1,
		 22, 21, 15, 16,-1,
		 17, 16, 22, 23,-1,
		 23, 22, 16, 17,-1,
		 18, 17, 23, 24,-1,
		 24, 23, 17, 18,-1,
		 19, 24, 30, 25,-1,
		 25, 30, 24, 19,-1,
		 20, 19, 25, 26,-1,
		 26, 25, 19, 20,-1,
		 21, 20, 26, 27,-1,
		 27, 26, 20, 21,-1,
		 22, 21, 27, 28,-1,
		 28, 27, 21, 22,-1,
		 23, 22, 28, 29,-1,
		 29, 28, 22, 23,-1,
		 24, 23, 29, 30,-1,
		 30, 29, 23, 24,-1,
		 30, 29, 28, 27, 26, 25,-1,
		 25, 26, 27, 28, 29, 30,-1,
		]
	} #IndexedFaceSet
} #Polyhedron
Separator { #Polyhedron
	DEF COORD24 Coordinate3 {
		point [
		 5.0774 0.9144 -6.0776,
		 5.2102 0.9042 -6.1584,
		 5.2310 0.9042 -6.1011,
		 4.9446 0.9042 -5.9968,
		 4.9237 0.9042 -6.0541,
		 5.2544 0.8941 -6.1853,
		 5.2822 0.8941 -6.1089,
		 4.9003 0.8941 -5.9699,
		 4.8725 0.8941 -6.0463,
		 5.2802 0.8839 -6.2010,
		 5.3120 0.8839 -6.1135,
		 4.8745 0.8839 -5.9542,
		 4.8427 0.8839 -6.0417,
		 5.2942 0.8738 -6.2095,
		 5.3282 0.8738 -6.1160,
		 4.8605 0.8738 -5.9457,
		 4.8265 0.8738 -6.0393,
		 5.2987 0.8636 -6.2122,
		 5.3334 0.8636 -6.1167,
		 4.8561 0.8636 -5.9430,
		 4.8213 0.8636 -6.0385
		]
	} #Coordinate3
	Material {
		ambientColor      0.1324 0.1324 0.1324  #ambientColor
		diffuseColor      0.5294 0.5294 0.5294  #diffuseColor
		transparency      0.0000                #transparency
	} #Material

	IndexedFaceSet {
		coordIndex [ 
		 0, 4, 1,-1,
		 1, 4, 0,-1,
		 0, 1, 2,-1,
		 2, 1, 0,-1,
		 0, 2, 3,-1,
		 3, 2, 0,-1,
		 0, 3, 4,-1,
		 4, 3, 0,-1,
		 1, 4, 8, 5,-1,
		 5, 8, 4, 1,-1,
		 2, 1, 5, 6,-1,
		 6, 5, 1, 2,-1,
		 3, 2, 6, 7,-1,
		 7, 6, 2, 3,-1,
		 4, 3, 7, 8,-1,
		 8, 7, 3, 4,-1,
		 5, 8, 12, 9,-1,
		 9, 12, 8, 5,-1,
		 6, 5, 9, 10,-1,
		 10, 9, 5, 6,-1,
		 7, 6, 10, 11,-1,
		 11, 10, 6, 7,-1,
		 8, 7, 11, 12,-1,
		 12, 11, 7, 8,-1,
		 9, 12, 16, 13,-1,
		 13, 16, 12, 9,-1,
		 10, 9, 13, 14,-1,
		 14, 13, 9, 10,-1,
		 11, 10, 14, 15,-1,
		 15, 14, 10, 11,-1,
		 12, 11, 15, 16,-1,
		 16, 15, 11, 12,-1,
		 13, 16, 20, 17,-1,
		 17, 20, 16, 13,-1,
		 14, 13, 17, 18,-1,
		 18, 17, 13, 14,-1,
		 15, 14, 18, 19,-1,
		 19, 18, 14, 15,-1,
		 16, 15, 19, 20,-1,
		 20, 19, 15, 16,-1,
		 20, 19, 18, 17,-1,
		 17, 18, 19, 20,-1,
		]
	} #IndexedFaceSet
} #Polyhedron
Separator { #Polyhedron
	DEF COORD25 Coordinate3 {
		point [
		 5.3206 0.9144 -5.4093,
		 5.4742 0.9042 -5.4328,
		 5.1878 0.9042 -5.3286,
		 5.1670 0.9042 -5.3859,
		 5.4534 0.9042 -5.4901,
		 5.5254 0.8941 -5.4406,
		 5.1436 0.8941 -5.3016,
		 5.1158 0.8941 -5.3780,
		 5.4976 0.8941 -5.5170,
		 5.5553 0.8839 -5.4452,
		 5.1178 0.8839 -5.2860,
		 5.0859 0.8839 -5.3735,
		 5.5234 0.8839 -5.5327,
		 5.5715 0.8738 -5.4477,
		 5.1038 0.8738 -5.2774,
		 5.0697 0.8738 -5.3710,
		 5.5374 0.8738 -5.5412,
		 5.5767 0.8636 -5.4485,
		 5.0993 0.8636 -5.2747,
		 5.0645 0.8636 -5.3702,
		 5.5419 0.8636 -5.5439
		]
	} #Coordinate3
	Material {
		ambientColor      0.1324 0.1324 0.1324  #ambientColor
		diffuseColor      0.5294 0.5294 0.5294  #diffuseColor
		transparency      0.0000                #transparency
	} #Material

	IndexedFaceSet {
		coordIndex [ 
		 0, 4, 1,-1,
		 1, 4, 0,-1,
		 0, 1, 2,-1,
		 2, 1, 0,-1,
		 0, 2, 3,-1,
		 3, 2, 0,-1,
		 0, 3, 4,-1,
		 4, 3, 0,-1,
		 1, 4, 8, 5,-1,
		 5, 8, 4, 1,-1,
		 2, 1, 5, 6,-1,
		 6, 5, 1, 2,-1,
		 3, 2, 6, 7,-1,
		 7, 6, 2, 3,-1,
		 4, 3, 7, 8,-1,
		 8, 7, 3, 4,-1,
		 5, 8, 12, 9,-1,
		 9, 12, 8, 5,-1,
		 6, 5, 9, 10,-1,
		 10, 9, 5, 6,-1,
		 7, 6, 10, 11,-1,
		 11, 10, 6, 7,-1,
		 8, 7, 11, 12,-1,
		 12, 11, 7, 8,-1,
		 9, 12, 16, 13,-1,
		 13, 16, 12, 9,-1,
		 10, 9, 13, 14,-1,
		 14, 13, 9, 10,-1,
		 11, 10, 14, 15,-1,
		 15, 14, 10, 11,-1,
		 12, 11, 15, 16,-1,
		 16, 15, 11, 12,-1,
		 13, 16, 20, 17,-1,
		 17, 20, 16, 13,-1,
		 14, 13, 17, 18,-1,
		 18, 17, 13, 14,-1,
		 15, 14, 18, 19,-1,
		 19, 18, 14, 15,-1,
		 16, 15, 19, 20,-1,
		 20, 19, 15, 16,-1,
		 20, 19, 18, 17,-1,
		 17, 18, 19, 20,-1,
		]
	} #IndexedFaceSet
} #Polyhedron
Separator { #Polyhedron
	DEF COORD26 Coordinate3 {
		point [
		 5.5419 0.4318 -5.5439,
		 5.5767 0.4826 -5.4485,
		 5.5767 1.2446 -5.4485,
		 5.5593 1.3208 -5.4962,
		 5.5332 1.3462 -5.5678,
		 5.3421 1.3462 -6.0929,
		 5.3160 1.3208 -6.1645,
		 5.2987 1.2446 -6.2122,
		 5.2987 0.4826 -6.2122,
		 5.3334 0.4318 -6.1168,
		 5.5303 0.4374 -5.5462,
		 5.5643 0.4872 -5.4527,
		 5.5643 1.2338 -5.4527,
		 5.5473 1.3085 -5.4995,
		 5.5217 1.3334 -5.5696,
		 5.3345 1.3334 -6.0841,
		 5.3090 1.3085 -6.1543,
		 5.2919 1.2338 -6.2010,
		 5.2919 0.4872 -6.2010,
		 5.3260 0.4374 -6.1075,
		 5.5141 0.4551 -5.5609,
		 5.5460 0.5017 -5.4734,
		 5.5460 1.2001 -5.4734,
		 5.5300 1.2699 -5.5171,
		 5.5061 1.2932 -5.5828,
		 5.3310 1.2932 -6.0640,
		 5.3071 1.2699 -6.1296,
		 5.2912 1.2001 -6.1734,
		 5.2912 0.5017 -6.1734,
		 5.3230 0.4551 -6.0859,
		 5.4924 0.4877 -5.5908,
		 5.5202 0.5283 -5.5144,
		 5.5202 1.1379 -5.5144,
		 5.5063 1.1989 -5.5526,
		 5.4855 1.2192 -5.6099,
		 5.3326 1.2192 -6.0300,
		 5.3117 1.1989 -6.0872,
		 5.2978 1.1379 -6.1254,
		 5.2978 0.5283 -6.1254,
		 5.3256 0.4877 -6.0491,
		 5.4620 0.5436 -5.6446,
		 5.4829 0.5740 -5.5873,
		 5.4829 1.0312 -5.5873,
		 5.4724 1.0770 -5.6159,
		 5.4568 1.0922 -5.6589,
		 5.3421 1.0922 -5.9740,
		 5.3265 1.0770 -6.0169,
		 5.3161 1.0312 -6.0456,
		 5.3161 0.5740 -6.0456,
		 5.3369 0.5436 -5.9883,
		 5.3899 0.7112 -5.8130
		]
	} #Coordinate3
	Material {
		ambientColor      0.1324 0.1324 0.1324  #ambientColor
		diffuseColor      0.5294 0.5294 0.5294  #diffuseColor
		transparency      0.0000                #transparency
	} #Material

	IndexedFaceSet {
		coordIndex [ 
		 0, 1, 2, 3, 4, 5, 6, 7, 8, 9,-1,
		 9, 8, 7, 6, 5, 4, 3, 2, 1, 0,-1,
		 0, 9, 19, 10,-1,
		 10, 19, 9, 0,-1,
		 1, 0, 10, 11,-1,
		 11, 10, 0, 1,-1,
		 2, 1, 11, 12,-1,
		 12, 11, 1, 2,-1,
		 3, 2, 12, 13,-1,
		 13, 12, 2, 3,-1,
		 4, 3, 13, 14,-1,
		 14, 13, 3, 4,-1,
		 5, 4, 14, 15,-1,
		 15, 14, 4, 5,-1,
		 6, 5, 15, 16,-1,
		 16, 15, 5, 6,-1,
		 7, 6, 16, 17,-1,
		 17, 16, 6, 7,-1,
		 8, 7, 17, 18,-1,
		 18, 17, 7, 8,-1,
		 9, 8, 18, 19,-1,
		 19, 18, 8, 9,-1,
		 10, 19, 29, 20,-1,
		 20, 29, 19, 10,-1,
		 11, 10, 20, 21,-1,
		 21, 20, 10, 11,-1,
		 12, 11, 21, 22,-1,
		 22, 21, 11, 12,-1,
		 13, 12, 22, 23,-1,
		 23, 22, 12, 13,-1,
		 14, 13, 23, 24,-1,
		 24, 23, 13, 14,-1,
		 15, 14, 24, 25,-1,
		 25, 24, 14, 15,-1,
		 16, 15, 25, 26,-1,
		 26, 25, 15, 16,-1,
		 17, 16, 26, 27,-1,
		 27, 26, 16, 17,-1,
		 18, 17, 27, 28,-1,
		 28, 27, 17, 18,-1,
		 19, 18, 28, 29,-1,
		 29, 28, 18, 19,-1,
		 20, 29, 39, 30,-1,
		 30, 39, 29, 20,-1,
		 21, 20, 30, 31,-1,
		 31, 30, 20, 21,-1,
		 22, 21, 31, 32,-1,
		 32, 31, 21, 22,-1,
		 23, 22, 32, 33,-1,
		 33, 32, 22, 23,-1,
		 24, 23, 33, 34,-1,
		 34, 33, 23, 24,-1,
		 25, 24, 34, 35,-1,
		 35, 34, 24, 25,-1,
		 26, 25, 35, 36,-1,
		 36, 35, 25, 26,-1,
		 27, 26, 36, 37,-1,
		 37, 36, 26, 27,-1,
		 28, 27, 37, 38,-1,
		 38, 37, 27, 28,-1,
		 29, 28, 38, 39,-1,
		 39, 38, 28, 29,-1,
		 30, 39, 49, 40,-1,
		 40, 49, 39, 30,-1,
		 31, 30, 40, 41,-1,
		 41, 40, 30, 31,-1,
		 32, 31, 41, 42,-1,
		 42, 41, 31, 32,-1,
		 33, 32, 42, 43,-1,
		 43, 42, 32, 33,-1,
		 34, 33, 43, 44,-1,
		 44, 43, 33, 34,-1,
		 35, 34, 44, 45,-1,
		 45, 44, 34, 35,-1,
		 36, 35, 45, 46,-1,
		 46, 45, 35, 36,-1,
		 37, 36, 46, 47,-1,
		 47, 46, 36, 37,-1,
		 38, 37, 47, 48,-1,
		 48, 47, 37, 38,-1,
		 39, 38, 48, 49,-1,
		 49, 48, 38, 39,-1,
		 40, 49, 50,-1,
		 50, 49, 40,-1,
		 41, 40, 50,-1,
		 50, 40, 41,-1,
		 42, 41, 50,-1,
		 50, 41, 42,-1,
		 43, 42, 50,-1,
		 50, 42, 43,-1,
		 44, 43, 50,-1,
		 50, 43, 44,-1,
		 45, 44, 50,-1,
		 50, 44, 45,-1,
		 46, 45, 50,-1,
		 50, 45, 46,-1,
		 47, 46, 50,-1,
		 50, 46, 47,-1,
		 48, 47, 50,-1,
		 50, 47, 48,-1,
		 49, 48, 50,-1,
		 50, 48, 49,-1,
		]
	} #IndexedFaceSet
} #Polyhedron
Separator { #Polyhedron
	DEF COORD27 Coordinate3 {
		point [
		 -5.4811 0.1524 -5.5262,
		 -4.9286 0.1524 -5.7838,
		 -4.8964 0.1524 -5.7147,
		 -5.4489 0.1524 -5.4571,
		 -5.4811 0.1016 -5.5262,
		 -4.9286 0.1016 -5.7838,
		 -4.8964 0.1016 -5.7147,
		 -5.4489 0.1016 -5.4571
		]
	} #Coordinate3
	Material {
		ambientColor      0.1951 0.1951 0.1951  #ambientColor
		diffuseColor      0.7804 0.7804 0.7804  #diffuseColor
		transparency      0.0000                #transparency
	} #Material

	IndexedFaceSet {
		coordIndex [ 
		 0, 1, 2, 3,-1,
		 3, 2, 1, 0,-1,
		 0, 3, 7, 4,-1,
		 4, 7, 3, 0,-1,
		 1, 0, 4, 5,-1,
		 5, 4, 0, 1,-1,
		 2, 1, 5, 6,-1,
		 6, 5, 1, 2,-1,
		 3, 2, 6, 7,-1,
		 7, 6, 2, 3,-1,
		 7, 6, 5, 4,-1,
		 4, 5, 6, 7,-1,
		]
	} #IndexedFaceSet
} #Polyhedron
Separator { #Polyhedron
	DEF COORD28 Coordinate3 {
		point [
		 -5.2072 0.1524 -5.5698,
		 -5.1382 0.1524 -5.6020,
		 -5.0255 0.1524 -5.3603,
		 -5.0945 0.1524 -5.3281,
		 -5.2072 0.1016 -5.5698,
		 -5.1382 0.1016 -5.6020,
		 -5.0255 0.1016 -5.3603,
		 -5.0945 0.1016 -5.3281
		]
	} #Coordinate3
	Material {
		ambientColor      0.1951 0.1951 0.1951  #ambientColor
		diffuseColor      0.7804 0.7804 0.7804  #diffuseColor
		transparency      0.0000                #transparency
	} #Material

	IndexedFaceSet {
		coordIndex [ 
		 0, 1, 2, 3,-1,
		 3, 2, 1, 0,-1,
		 0, 3, 7, 4,-1,
		 4, 7, 3, 0,-1,
		 1, 0, 4, 5,-1,
		 5, 4, 0, 1,-1,
		 2, 1, 5, 6,-1,
		 6, 5, 1, 2,-1,
		 3, 2, 6, 7,-1,
		 7, 6, 2, 3,-1,
		 7, 6, 5, 4,-1,
		 4, 5, 6, 7,-1,
		]
	} #IndexedFaceSet
} #Polyhedron
Separator { #Polyhedron
	DEF COORD29 Coordinate3 {
		point [
		 -5.3521 0.1524 -5.8806,
		 -5.2831 0.1524 -5.9128,
		 -5.1704 0.1524 -5.6711,
		 -5.2394 0.1524 -5.6389,
		 -5.3521 0.1016 -5.8806,
		 -5.2831 0.1016 -5.9128,
		 -5.1704 0.1016 -5.6711,
		 -5.2394 0.1016 -5.6389
		]
	} #Coordinate3
	Material {
		ambientColor      0.1951 0.1951 0.1951  #ambientColor
		diffuseColor      0.7804 0.7804 0.7804  #diffuseColor
		transparency      0.0000                #transparency
	} #Material

	IndexedFaceSet {
		coordIndex [ 
		 0, 1, 2, 3,-1,
		 3, 2, 1, 0,-1,
		 0, 3, 7, 4,-1,
		 4, 7, 3, 0,-1,
		 1, 0, 4, 5,-1,
		 5, 4, 0, 1,-1,
		 2, 1, 5, 6,-1,
		 6, 5, 1, 2,-1,
		 3, 2, 6, 7,-1,
		 7, 6, 2, 3,-1,
		 7, 6, 5, 4,-1,
		 4, 5, 6, 7,-1,
		]
	} #IndexedFaceSet
} #Polyhedron
Separator { #Polyhedron
	DEF COORD30 Coordinate3 {
		point [
		 -5.0834 0.1016 -5.3667,
		 -5.0827 0.1016 -5.3716,
		 -5.0801 0.1016 -5.3758,
		 -5.0761 0.1016 -5.3787,
		 -5.0713 0.1016 -5.3799,
		 -5.0664 0.1016 -5.3792,
		 -5.0621 0.1016 -5.3766,
		 -5.0592 0.1016 -5.3726,
		 -5.0580 0.1016 -5.3678,
		 -5.0588 0.1016 -5.3629,
		 -5.0614 0.1016 -5.3586,
		 -5.0654 0.1016 -5.3557,
		 -5.0702 0.1016 -5.3545,
		 -5.0751 0.1016 -5.3553,
		 -5.0793 0.1016 -5.3579,
		 -5.0822 0.1016 -5.3619,
		 -5.0834 0.0508 -5.3667,
		 -5.0827 0.0508 -5.3716,
		 -5.0801 0.0508 -5.3758,
		 -5.0761 0.0508 -5.3787,
		 -5.0713 0.0508 -5.3799,
		 -5.0664 0.0508 -5.3792,
		 -5.0621 0.0508 -5.3766,
		 -5.0592 0.0508 -5.3726,
		 -5.0580 0.0508 -5.3678,
		 -5.0588 0.0508 -5.3629,
		 -5.0614 0.0508 -5.3586,
		 -5.0654 0.0508 -5.3557,
		 -5.0702 0.0508 -5.3545,
		 -5.0751 0.0508 -5.3553,
		 -5.0793 0.0508 -5.3579,
		 -5.0822 0.0508 -5.3619
		]
	} #Coordinate3
	Material {
		ambientColor      0.1951 0.1951 0.1951  #ambientColor
		diffuseColor      0.7804 0.7804 0.7804  #diffuseColor
		transparency      0.0000                #transparency
	} #Material

	IndexedFaceSet {
		coordIndex [ 
		 0, 1, 2, 3, 4, 5, 6, 7, 8, 9, 10, 11, 12, 13, 14, 15,-1,
		 15, 14, 13, 12, 11, 10, 9, 8, 7, 6, 5, 4, 3, 2, 1, 0,-1,
		 0, 15, 31, 16,-1,
		 16, 31, 15, 0,-1,
		 1, 0, 16, 17,-1,
		 17, 16, 0, 1,-1,
		 2, 1, 17, 18,-1,
		 18, 17, 1, 2,-1,
		 3, 2, 18, 19,-1,
		 19, 18, 2, 3,-1,
		 4, 3, 19, 20,-1,
		 20, 19, 3, 4,-1,
		 5, 4, 20, 21,-1,
		 21, 20, 4, 5,-1,
		 6, 5, 21, 22,-1,
		 22, 21, 5, 6,-1,
		 7, 6, 22, 23,-1,
		 23, 22, 6, 7,-1,
		 8, 7, 23, 24,-1,
		 24, 23, 7, 8,-1,
		 9, 8, 24, 25,-1,
		 25, 24, 8, 9,-1,
		 10, 9, 25, 26,-1,
		 26, 25, 9, 10,-1,
		 11, 10, 26, 27,-1,
		 27, 26, 10, 11,-1,
		 12, 11, 27, 28,-1,
		 28, 27, 11, 12,-1,
		 13, 12, 28, 29,-1,
		 29, 28, 12, 13,-1,
		 14, 13, 29, 30,-1,
		 30, 29, 13, 14,-1,
		 15, 14, 30, 31,-1,
		 31, 30, 14, 15,-1,
		 31, 30, 29, 28, 27, 26, 25, 24, 23, 22, 21, 20, 19, 18, 17, 16,-1,
		 16, 17, 18, 19, 20, 21, 22, 23, 24, 25, 26, 27, 28, 29, 30, 31,-1,
		]
	} #IndexedFaceSet
} #Polyhedron
Separator { #Polyhedron
	DEF COORD31 Coordinate3 {
		point [
		 -5.4547 0.1016 -5.5018,
		 -5.4539 0.1016 -5.5067,
		 -5.4514 0.1016 -5.5110,
		 -5.4474 0.1016 -5.5139,
		 -5.4426 0.1016 -5.5151,
		 -5.4377 0.1016 -5.5143,
		 -5.4334 0.1016 -5.5117,
		 -5.4305 0.1016 -5.5077,
		 -5.4293 0.1016 -5.5029,
		 -5.4301 0.1016 -5.4980,
		 -5.4326 0.1016 -5.4938,
		 -5.4366 0.1016 -5.4909,
		 -5.4414 0.1016 -5.4897,
		 -5.4463 0.1016 -5.4904,
		 -5.4506 0.1016 -5.4930,
		 -5.4535 0.1016 -5.4970,
		 -5.4547 0.0508 -5.5018,
		 -5.4539 0.0508 -5.5067,
		 -5.4514 0.0508 -5.5110,
		 -5.4474 0.0508 -5.5139,
		 -5.4426 0.0508 -5.5151,
		 -5.4377 0.0508 -5.5143,
		 -5.4334 0.0508 -5.5117,
		 -5.4305 0.0508 -5.5077,
		 -5.4293 0.0508 -5.5029,
		 -5.4301 0.0508 -5.4980,
		 -5.4326 0.0508 -5.4938,
		 -5.4366 0.0508 -5.4909,
		 -5.4414 0.0508 -5.4897,
		 -5.4463 0.0508 -5.4904,
		 -5.4506 0.0508 -5.4930,
		 -5.4535 0.0508 -5.4970
		]
	} #Coordinate3
	Material {
		ambientColor      0.1951 0.1951 0.1951  #ambientColor
		diffuseColor      0.7804 0.7804 0.7804  #diffuseColor
		transparency      0.0000                #transparency
	} #Material

	IndexedFaceSet {
		coordIndex [ 
		 0, 1, 2, 3, 4, 5, 6, 7, 8, 9, 10, 11, 12, 13, 14, 15,-1,
		 15, 14, 13, 12, 11, 10, 9, 8, 7, 6, 5, 4, 3, 2, 1, 0,-1,
		 0, 15, 31, 16,-1,
		 16, 31, 15, 0,-1,
		 1, 0, 16, 17,-1,
		 17, 16, 0, 1,-1,
		 2, 1, 17, 18,-1,
		 18, 17, 1, 2,-1,
		 3, 2, 18, 19,-1,
		 19, 18, 2, 3,-1,
		 4, 3, 19, 20,-1,
		 20, 19, 3, 4,-1,
		 5, 4, 20, 21,-1,
		 21, 20, 4, 5,-1,
		 6, 5, 21, 22,-1,
		 22, 21, 5, 6,-1,
		 7, 6, 22, 23,-1,
		 23, 22, 6, 7,-1,
		 8, 7, 23, 24,-1,
		 24, 23, 7, 8,-1,
		 9, 8, 24, 25,-1,
		 25, 24, 8, 9,-1,
		 10, 9, 25, 26,-1,
		 26, 25, 9, 10,-1,
		 11, 10, 26, 27,-1,
		 27, 26, 10, 11,-1,
		 12, 11, 27, 28,-1,
		 28, 27, 11, 12,-1,
		 13, 12, 28, 29,-1,
		 29, 28, 12, 13,-1,
		 14, 13, 29, 30,-1,
		 30, 29, 13, 14,-1,
		 15, 14, 30, 31,-1,
		 31, 30, 14, 15,-1,
		 31, 30, 29, 28, 27, 26, 25, 24, 23, 22, 21, 20, 19, 18, 17, 16,-1,
		 16, 17, 18, 19, 20, 21, 22, 23, 24, 25, 26, 27, 28, 29, 30, 31,-1,
		]
	} #IndexedFaceSet
} #Polyhedron
Separator { #Polyhedron
	DEF COORD32 Coordinate3 {
		point [
		 -4.9483 0.1016 -5.7379,
		 -4.9475 0.1016 -5.7428,
		 -4.9449 0.1016 -5.7471,
		 -4.9410 0.1016 -5.7500,
		 -4.9361 0.1016 -5.7512,
		 -4.9312 0.1016 -5.7504,
		 -4.9270 0.1016 -5.7479,
		 -4.9241 0.1016 -5.7439,
		 -4.9229 0.1016 -5.7391,
		 -4.9237 0.1016 -5.7342,
		 -4.9262 0.1016 -5.7299,
		 -4.9302 0.1016 -5.7270,
		 -4.9350 0.1016 -5.7258,
		 -4.9399 0.1016 -5.7266,
		 -4.9442 0.1016 -5.7291,
		 -4.9471 0.1016 -5.7331,
		 -4.9483 0.0508 -5.7379,
		 -4.9475 0.0508 -5.7428,
		 -4.9449 0.0508 -5.7471,
		 -4.9410 0.0508 -5.7500,
		 -4.9361 0.0508 -5.7512,
		 -4.9312 0.0508 -5.7504,
		 -4.9270 0.0508 -5.7479,
		 -4.9241 0.0508 -5.7439,
		 -4.9229 0.0508 -5.7391,
		 -4.9237 0.0508 -5.7342,
		 -4.9262 0.0508 -5.7299,
		 -4.9302 0.0508 -5.7270,
		 -4.9350 0.0508 -5.7258,
		 -4.9399 0.0508 -5.7266,
		 -4.9442 0.0508 -5.7291,
		 -4.9471 0.0508 -5.7331
		]
	} #Coordinate3
	Material {
		ambientColor      0.1951 0.1951 0.1951  #ambientColor
		diffuseColor      0.7804 0.7804 0.7804  #diffuseColor
		transparency      0.0000                #transparency
	} #Material

	IndexedFaceSet {
		coordIndex [ 
		 0, 1, 2, 3, 4, 5, 6, 7, 8, 9, 10, 11, 12, 13, 14, 15,-1,
		 15, 14, 13, 12, 11, 10, 9, 8, 7, 6, 5, 4, 3, 2, 1, 0,-1,
		 0, 15, 31, 16,-1,
		 16, 31, 15, 0,-1,
		 1, 0, 16, 17,-1,
		 17, 16, 0, 1,-1,
		 2, 1, 17, 18,-1,
		 18, 17, 1, 2,-1,
		 3, 2, 18, 19,-1,
		 19, 18, 2, 3,-1,
		 4, 3, 19, 20,-1,
		 20, 19, 3, 4,-1,
		 5, 4, 20, 21,-1,
		 21, 20, 4, 5,-1,
		 6, 5, 21, 22,-1,
		 22, 21, 5, 6,-1,
		 7, 6, 22, 23,-1,
		 23, 22, 6, 7,-1,
		 8, 7, 23, 24,-1,
		 24, 23, 7, 8,-1,
		 9, 8, 24, 25,-1,
		 25, 24, 8, 9,-1,
		 10, 9, 25, 26,-1,
		 26, 25, 9, 10,-1,
		 11, 10, 26, 27,-1,
		 27, 26, 10, 11,-1,
		 12, 11, 27, 28,-1,
		 28, 27, 11, 12,-1,
		 13, 12, 28, 29,-1,
		 29, 28, 12, 13,-1,
		 14, 13, 29, 30,-1,
		 30, 29, 13, 14,-1,
		 15, 14, 30, 31,-1,
		 31, 30, 14, 15,-1,
		 31, 30, 29, 28, 27, 26, 25, 24, 23, 22, 21, 20, 19, 18, 17, 16,-1,
		 16, 17, 18, 19, 20, 21, 22, 23, 24, 25, 26, 27, 28, 29, 30, 31,-1,
		]
	} #IndexedFaceSet
} #Polyhedron
Separator { #Polyhedron
	DEF COORD33 Coordinate3 {
		point [
		 -5.3195 0.1016 -5.8731,
		 -5.3188 0.1016 -5.8780,
		 -5.3162 0.1016 -5.8822,
		 -5.3122 0.1016 -5.8852,
		 -5.3074 0.1016 -5.8863,
		 -5.3025 0.1016 -5.8856,
		 -5.2983 0.1016 -5.8830,
		 -5.2953 0.1016 -5.8790,
		 -5.2942 0.1016 -5.8742,
		 -5.2949 0.1016 -5.8693,
		 -5.2975 0.1016 -5.8651,
		 -5.3015 0.1016 -5.8621,
		 -5.3063 0.1016 -5.8610,
		 -5.3112 0.1016 -5.8617,
		 -5.3154 0.1016 -5.8643,
		 -5.3184 0.1016 -5.8683,
		 -5.3195 0.0508 -5.8731,
		 -5.3188 0.0508 -5.8780,
		 -5.3162 0.0508 -5.8822,
		 -5.3122 0.0508 -5.8852,
		 -5.3074 0.0508 -5.8863,
		 -5.3025 0.0508 -5.8856,
		 -5.2983 0.0508 -5.8830,
		 -5.2953 0.0508 -5.8790,
		 -5.2942 0.0508 -5.8742,
		 -5.2949 0.0508 -5.8693,
		 -5.2975 0.0508 -5.8651,
		 -5.3015 0.0508 -5.8621,
		 -5.3063 0.0508 -5.8610,
		 -5.3112 0.0508 -5.8617,
		 -5.3154 0.0508 -5.8643,
		 -5.3184 0.0508 -5.8683
		]
	} #Coordinate3
	Material {
		ambientColor      0.1951 0.1951 0.1951  #ambientColor
		diffuseColor      0.7804 0.7804 0.7804  #diffuseColor
		transparency      0.0000                #transparency
	} #Material

	IndexedFaceSet {
		coordIndex [ 
		 0, 1, 2, 3, 4, 5, 6, 7, 8, 9, 10, 11, 12, 13, 14, 15,-1,
		 15, 14, 13, 12, 11, 10, 9, 8, 7, 6, 5, 4, 3, 2, 1, 0,-1,
		 0, 15, 31, 16,-1,
		 16, 31, 15, 0,-1,
		 1, 0, 16, 17,-1,
		 17, 16, 0, 1,-1,
		 2, 1, 17, 18,-1,
		 18, 17, 1, 2,-1,
		 3, 2, 18, 19,-1,
		 19, 18, 2, 3,-1,
		 4, 3, 19, 20,-1,
		 20, 19, 3, 4,-1,
		 5, 4, 20, 21,-1,
		 21, 20, 4, 5,-1,
		 6, 5, 21, 22,-1,
		 22, 21, 5, 6,-1,
		 7, 6, 22, 23,-1,
		 23, 22, 6, 7,-1,
		 8, 7, 23, 24,-1,
		 24, 23, 7, 8,-1,
		 9, 8, 24, 25,-1,
		 25, 24, 8, 9,-1,
		 10, 9, 25, 26,-1,
		 26, 25, 9, 10,-1,
		 11, 10, 26, 27,-1,
		 27, 26, 10, 11,-1,
		 12, 11, 27, 28,-1,
		 28, 27, 11, 12,-1,
		 13, 12, 28, 29,-1,
		 29, 28, 12, 13,-1,
		 14, 13, 29, 30,-1,
		 30, 29, 13, 14,-1,
		 15, 14, 30, 31,-1,
		 31, 30, 14, 15,-1,
		 31, 30, 29, 28, 27, 26, 25, 24, 23, 22, 21, 20, 19, 18, 17, 16,-1,
		 16, 17, 18, 19, 20, 21, 22, 23, 24, 25, 26, 27, 28, 29, 30, 31,-1,
		]
	} #IndexedFaceSet
} #Polyhedron
Separator { #Polyhedron
	DEF COORD34 Coordinate3 {
		point [
		 -4.9356 0.0508 -5.7385,
		 -4.9508 0.0457 -5.7378,
		 -4.9499 0.0457 -5.7437,
		 -4.9468 0.0457 -5.7488,
		 -4.9420 0.0457 -5.7523,
		 -4.9362 0.0457 -5.7537,
		 -4.9304 0.0457 -5.7528,
		 -4.9253 0.0457 -5.7497,
		 -4.9218 0.0457 -5.7449,
		 -4.9204 0.0457 -5.7392,
		 -4.9213 0.0457 -5.7333,
		 -4.9243 0.0457 -5.7282,
		 -4.9291 0.0457 -5.7247,
		 -4.9349 0.0457 -5.7233,
		 -4.9408 0.0457 -5.7242,
		 -4.9459 0.0457 -5.7273,
		 -4.9494 0.0457 -5.7321,
		 -4.9559 0.0406 -5.7376,
		 -4.9547 0.0406 -5.7455,
		 -4.9506 0.0406 -5.7522,
		 -4.9442 0.0406 -5.7569,
		 -4.9365 0.0406 -5.7588,
		 -4.9286 0.0406 -5.7576,
		 -4.9219 0.0406 -5.7535,
		 -4.9172 0.0406 -5.7471,
		 -4.9153 0.0406 -5.7394,
		 -4.9165 0.0406 -5.7316,
		 -4.9206 0.0406 -5.7248,
		 -4.9270 0.0406 -5.7201,
		 -4.9347 0.0406 -5.7182,
		 -4.9425 0.0406 -5.7194,
		 -4.9493 0.0406 -5.7235,
		 -4.9540 0.0406 -5.7299,
		 -4.9588 0.0356 -5.7375,
		 -4.9575 0.0356 -5.7465,
		 -4.9527 0.0356 -5.7542,
		 -4.9454 0.0356 -5.7596,
		 -4.9366 0.0356 -5.7618,
		 -4.9276 0.0356 -5.7604,
		 -4.9199 0.0356 -5.7557,
		 -4.9145 0.0356 -5.7483,
		 -4.9123 0.0356 -5.7395,
		 -4.9137 0.0356 -5.7305,
		 -4.9184 0.0356 -5.7228,
		 -4.9257 0.0356 -5.7174,
		 -4.9346 0.0356 -5.7152,
		 -4.9435 0.0356 -5.7166,
		 -4.9513 0.0356 -5.7213,
		 -4.9567 0.0356 -5.7287,
		 -4.9604 0.0305 -5.7374,
		 -4.9590 0.0305 -5.7470,
		 -4.9539 0.0305 -5.7553,
		 -4.9461 0.0305 -5.7611,
		 -4.9367 0.0305 -5.7634,
		 -4.9271 0.0305 -5.7619,
		 -4.9188 0.0305 -5.7568,
		 -4.9130 0.0305 -5.7490,
		 -4.9107 0.0305 -5.7396,
		 -4.9122 0.0305 -5.7300,
		 -4.9172 0.0305 -5.7217,
		 -4.9251 0.0305 -5.7159,
		 -4.9345 0.0305 -5.7136,
		 -4.9441 0.0305 -5.7151,
		 -4.9524 0.0305 -5.7202,
		 -4.9581 0.0305 -5.7280,
		 -4.9610 0.0254 -5.7374,
		 -4.9595 0.0254 -5.7472,
		 -4.9543 0.0254 -5.7557,
		 -4.9463 0.0254 -5.7615,
		 -4.9367 0.0254 -5.7639,
		 -4.9269 0.0254 -5.7624,
		 -4.9184 0.0254 -5.7572,
		 -4.9126 0.0254 -5.7492,
		 -4.9102 0.0254 -5.7396,
		 -4.9117 0.0254 -5.7298,
		 -4.9169 0.0254 -5.7213,
		 -4.9249 0.0254 -5.7155,
		 -4.9345 0.0254 -5.7131,
		 -4.9443 0.0254 -5.7146,
		 -4.9527 0.0254 -5.7198,
		 -4.9586 0.0254 -5.7278,
		 -4.9604 0.0203 -5.7374,
		 -4.9590 0.0203 -5.7470,
		 -4.9539 0.0203 -5.7553,
		 -4.9461 0.0203 -5.7611,
		 -4.9367 0.0203 -5.7634,
		 -4.9271 0.0203 -5.7619,
		 -4.9188 0.0203 -5.7568,
		 -4.9130 0.0203 -5.7490,
		 -4.9107 0.0203 -5.7396,
		 -4.9122 0.0203 -5.7300,
		 -4.9172 0.0203 -5.7217,
		 -4.9251 0.0203 -5.7159,
		 -4.9345 0.0203 -5.7136,
		 -4.9441 0.0203 -5.7151,
		 -4.9524 0.0203 -5.7202,
		 -4.9581 0.0203 -5.7280,
		 -4.9588 0.0152 -5.7375,
		 -4.9575 0.0152 -5.7465,
		 -4.9527 0.0152 -5.7542,
		 -4.9454 0.0152 -5.7596,
		 -4.9366 0.0152 -5.7618,
		 -4.9276 0.0152 -5.7604,
		 -4.9199 0.0152 -5.7557,
		 -4.9145 0.0152 -5.7483,
		 -4.9123 0.0152 -5.7395,
		 -4.9137 0.0152 -5.7305,
		 -4.9184 0.0152 -5.7228,
		 -4.9257 0.0152 -5.7174,
		 -4.9346 0.0152 -5.7152,
		 -4.9435 0.0152 -5.7166,
		 -4.9513 0.0152 -5.7213,
		 -4.9567 0.0152 -5.7287,
		 -4.9559 0.0102 -5.7376,
		 -4.9547 0.0102 -5.7455,
		 -4.9506 0.0102 -5.7522,
		 -4.9442 0.0102 -5.7569,
		 -4.9365 0.0102 -5.7588,
		 -4.9286 0.0102 -5.7576,
		 -4.9219 0.0102 -5.7535,
		 -4.9172 0.0102 -5.7471,
		 -4.9153 0.0102 -5.7394,
		 -4.9165 0.0102 -5.7316,
		 -4.9206 0.0102 -5.7248,
		 -4.9270 0.0102 -5.7201,
		 -4.9347 0.0102 -5.7182,
		 -4.9425 0.0102 -5.7194,
		 -4.9493 0.0102 -5.7235,
		 -4.9540 0.0102 -5.7299,
		 -4.9508 0.0051 -5.7378,
		 -4.9499 0.0051 -5.7437,
		 -4.9468 0.0051 -5.7488,
		 -4.9420 0.0051 -5.7523,
		 -4.9362 0.0051 -5.7537,
		 -4.9304 0.0051 -5.7528,
		 -4.9253 0.0051 -5.7497,
		 -4.9218 0.0051 -5.7449,
		 -4.9204 0.0051 -5.7392,
		 -4.9213 0.0051 -5.7333,
		 -4.9243 0.0051 -5.7282,
		 -4.9291 0.0051 -5.7247,
		 -4.9349 0.0051 -5.7233,
		 -4.9408 0.0051 -5.7242,
		 -4.9459 0.0051 -5.7273,
		 -4.9494 0.0051 -5.7321,
		 -4.9356 0.0000 -5.7385
		]
	} #Coordinate3
	Material {
		ambientColor      0.1176 0.1176 0.1176  #ambientColor
		diffuseColor      0.4706 0.4706 0.4706  #diffuseColor
		transparency      0.0000                #transparency
	} #Material

	IndexedFaceSet {
		coordIndex [ 
		 0, 16, 1,-1,
		 1, 16, 0,-1,
		 0, 1, 2,-1,
		 2, 1, 0,-1,
		 0, 2, 3,-1,
		 3, 2, 0,-1,
		 0, 3, 4,-1,
		 4, 3, 0,-1,
		 0, 4, 5,-1,
		 5, 4, 0,-1,
		 0, 5, 6,-1,
		 6, 5, 0,-1,
		 0, 6, 7,-1,
		 7, 6, 0,-1,
		 0, 7, 8,-1,
		 8, 7, 0,-1,
		 0, 8, 9,-1,
		 9, 8, 0,-1,
		 0, 9, 10,-1,
		 10, 9, 0,-1,
		 0, 10, 11,-1,
		 11, 10, 0,-1,
		 0, 11, 12,-1,
		 12, 11, 0,-1,
		 0, 12, 13,-1,
		 13, 12, 0,-1,
		 0, 13, 14,-1,
		 14, 13, 0,-1,
		 0, 14, 15,-1,
		 15, 14, 0,-1,
		 0, 15, 16,-1,
		 16, 15, 0,-1,
		 1, 16, 32, 17,-1,
		 17, 32, 16, 1,-1,
		 2, 1, 17, 18,-1,
		 18, 17, 1, 2,-1,
		 3, 2, 18, 19,-1,
		 19, 18, 2, 3,-1,
		 4, 3, 19, 20,-1,
		 20, 19, 3, 4,-1,
		 5, 4, 20, 21,-1,
		 21, 20, 4, 5,-1,
		 6, 5, 21, 22,-1,
		 22, 21, 5, 6,-1,
		 7, 6, 22, 23,-1,
		 23, 22, 6, 7,-1,
		 8, 7, 23, 24,-1,
		 24, 23, 7, 8,-1,
		 9, 8, 24, 25,-1,
		 25, 24, 8, 9,-1,
		 10, 9, 25, 26,-1,
		 26, 25, 9, 10,-1,
		 11, 10, 26, 27,-1,
		 27, 26, 10, 11,-1,
		 12, 11, 27, 28,-1,
		 28, 27, 11, 12,-1,
		 13, 12, 28, 29,-1,
		 29, 28, 12, 13,-1,
		 14, 13, 29, 30,-1,
		 30, 29, 13, 14,-1,
		 15, 14, 30, 31,-1,
		 31, 30, 14, 15,-1,
		 16, 15, 31, 32,-1,
		 32, 31, 15, 16,-1,
		 17, 32, 48, 33,-1,
		 33, 48, 32, 17,-1,
		 18, 17, 33, 34,-1,
		 34, 33, 17, 18,-1,
		 19, 18, 34, 35,-1,
		 35, 34, 18, 19,-1,
		 20, 19, 35, 36,-1,
		 36, 35, 19, 20,-1,
		 21, 20, 36, 37,-1,
		 37, 36, 20, 21,-1,
		 22, 21, 37, 38,-1,
		 38, 37, 21, 22,-1,
		 23, 22, 38, 39,-1,
		 39, 38, 22, 23,-1,
		 24, 23, 39, 40,-1,
		 40, 39, 23, 24,-1,
		 25, 24, 40, 41,-1,
		 41, 40, 24, 25,-1,
		 26, 25, 41, 42,-1,
		 42, 41, 25, 26,-1,
		 27, 26, 42, 43,-1,
		 43, 42, 26, 27,-1,
		 28, 27, 43, 44,-1,
		 44, 43, 27, 28,-1,
		 29, 28, 44, 45,-1,
		 45, 44, 28, 29,-1,
		 30, 29, 45, 46,-1,
		 46, 45, 29, 30,-1,
		 31, 30, 46, 47,-1,
		 47, 46, 30, 31,-1,
		 32, 31, 47, 48,-1,
		 48, 47, 31, 32,-1,
		 33, 48, 64, 49,-1,
		 49, 64, 48, 33,-1,
		 34, 33, 49, 50,-1,
		 50, 49, 33, 34,-1,
		 35, 34, 50, 51,-1,
		 51, 50, 34, 35,-1,
		 36, 35, 51, 52,-1,
		 52, 51, 35, 36,-1,
		 37, 36, 52, 53,-1,
		 53, 52, 36, 37,-1,
		 38, 37, 53, 54,-1,
		 54, 53, 37, 38,-1,
		 39, 38, 54, 55,-1,
		 55, 54, 38, 39,-1,
		 40, 39, 55, 56,-1,
		 56, 55, 39, 40,-1,
		 41, 40, 56, 57,-1,
		 57, 56, 40, 41,-1,
		 42, 41, 57, 58,-1,
		 58, 57, 41, 42,-1,
		 43, 42, 58, 59,-1,
		 59, 58, 42, 43,-1,
		 44, 43, 59, 60,-1,
		 60, 59, 43, 44,-1,
		 45, 44, 60, 61,-1,
		 61, 60, 44, 45,-1,
		 46, 45, 61, 62,-1,
		 62, 61, 45, 46,-1,
		 47, 46, 62, 63,-1,
		 63, 62, 46, 47,-1,
		 48, 47, 63, 64,-1,
		 64, 63, 47, 48,-1,
		 49, 64, 80, 65,-1,
		 65, 80, 64, 49,-1,
		 50, 49, 65, 66,-1,
		 66, 65, 49, 50,-1,
		 51, 50, 66, 67,-1,
		 67, 66, 50, 51,-1,
		 52, 51, 67, 68,-1,
		 68, 67, 51, 52,-1,
		 53, 52, 68, 69,-1,
		 69, 68, 52, 53,-1,
		 54, 53, 69, 70,-1,
		 70, 69, 53, 54,-1,
		 55, 54, 70, 71,-1,
		 71, 70, 54, 55,-1,
		 56, 55, 71, 72,-1,
		 72, 71, 55, 56,-1,
		 57, 56, 72, 73,-1,
		 73, 72, 56, 57,-1,
		 58, 57, 73, 74,-1,
		 74, 73, 57, 58,-1,
		 59, 58, 74, 75,-1,
		 75, 74, 58, 59,-1,
		 60, 59, 75, 76,-1,
		 76, 75, 59, 60,-1,
		 61, 60, 76, 77,-1,
		 77, 76, 60, 61,-1,
		 62, 61, 77, 78,-1,
		 78, 77, 61, 62,-1,
		 63, 62, 78, 79,-1,
		 79, 78, 62, 63,-1,
		 64, 63, 79, 80,-1,
		 80, 79, 63, 64,-1,
		 65, 80, 96, 81,-1,
		 81, 96, 80, 65,-1,
		 66, 65, 81, 82,-1,
		 82, 81, 65, 66,-1,
		 67, 66, 82, 83,-1,
		 83, 82, 66, 67,-1,
		 68, 67, 83, 84,-1,
		 84, 83, 67, 68,-1,
		 69, 68, 84, 85,-1,
		 85, 84, 68, 69,-1,
		 70, 69, 85, 86,-1,
		 86, 85, 69, 70,-1,
		 71, 70, 86, 87,-1,
		 87, 86, 70, 71,-1,
		 72, 71, 87, 88,-1,
		 88, 87, 71, 72,-1,
		 73, 72, 88, 89,-1,
		 89, 88, 72, 73,-1,
		 74, 73, 89, 90,-1,
		 90, 89, 73, 74,-1,
		 75, 74, 90, 91,-1,
		 91, 90, 74, 75,-1,
		 76, 75, 91, 92,-1,
		 92, 91, 75, 76,-1,
		 77, 76, 92, 93,-1,
		 93, 92, 76, 77,-1,
		 78, 77, 93, 94,-1,
		 94, 93, 77, 78,-1,
		 79, 78, 94, 95,-1,
		 95, 94, 78, 79,-1,
		 80, 79, 95, 96,-1,
		 96, 95, 79, 80,-1,
		 81, 96, 112, 97,-1,
		 97, 112, 96, 81,-1,
		 82, 81, 97, 98,-1,
		 98, 97, 81, 82,-1,
		 83, 82, 98, 99,-1,
		 99, 98, 82, 83,-1,
		 84, 83, 99, 100,-1,
		 100, 99, 83, 84,-1,
		 85, 84, 100, 101,-1,
		 101, 100, 84, 85,-1,
		 86, 85, 101, 102,-1,
		 102, 101, 85, 86,-1,
		 87, 86, 102, 103,-1,
		 103, 102, 86, 87,-1,
		 88, 87, 103, 104,-1,
		 104, 103, 87, 88,-1,
		 89, 88, 104, 105,-1,
		 105, 104, 88, 89,-1,
		 90, 89, 105, 106,-1,
		 106, 105, 89, 90,-1,
		 91, 90, 106, 107,-1,
		 107, 106, 90, 91,-1,
		 92, 91, 107, 108,-1,
		 108, 107, 91, 92,-1,
		 93, 92, 108, 109,-1,
		 109, 108, 92, 93,-1,
		 94, 93, 109, 110,-1,
		 110, 109, 93, 94,-1,
		 95, 94, 110, 111,-1,
		 111, 110, 94, 95,-1,
		 96, 95, 111, 112,-1,
		 112, 111, 95, 96,-1,
		 97, 112, 128, 113,-1,
		 113, 128, 112, 97,-1,
		 98, 97, 113, 114,-1,
		 114, 113, 97, 98,-1,
		 99, 98, 114, 115,-1,
		 115, 114, 98, 99,-1,
		 100, 99, 115, 116,-1,
		 116, 115, 99, 100,-1,
		 101, 100, 116, 117,-1,
		 117, 116, 100, 101,-1,
		 102, 101, 117, 118,-1,
		 118, 117, 101, 102,-1,
		 103, 102, 118, 119,-1,
		 119, 118, 102, 103,-1,
		 104, 103, 119, 120,-1,
		 120, 119, 103, 104,-1,
		 105, 104, 120, 121,-1,
		 121, 120, 104, 105,-1,
		 106, 105, 121, 122,-1,
		 122, 121, 105, 106,-1,
		 107, 106, 122, 123,-1,
		 123, 122, 106, 107,-1,
		 108, 107, 123, 124,-1,
		 124, 123, 107, 108,-1,
		 109, 108, 124, 125,-1,
		 125, 124, 108, 109,-1,
		 110, 109, 125, 126,-1,
		 126, 125, 109, 110,-1,
		 111, 110, 126, 127,-1,
		 127, 126, 110, 111,-1,
		 112, 111, 127, 128,-1,
		 128, 127, 111, 112,-1,
		 113, 128, 144, 129,-1,
		 129, 144, 128, 113,-1,
		 114, 113, 129, 130,-1,
		 130, 129, 113, 114,-1,
		 115, 114, 130, 131,-1,
		 131, 130, 114, 115,-1,
		 116, 115, 131, 132,-1,
		 132, 131, 115, 116,-1,
		 117, 116, 132, 133,-1,
		 133, 132, 116, 117,-1,
		 118, 117, 133, 134,-1,
		 134, 133, 117, 118,-1,
		 119, 118, 134, 135,-1,
		 135, 134, 118, 119,-1,
		 120, 119, 135, 136,-1,
		 136, 135, 119, 120,-1,
		 121, 120, 136, 137,-1,
		 137, 136, 120, 121,-1,
		 122, 121, 137, 138,-1,
		 138, 137, 121, 122,-1,
		 123, 122, 138, 139,-1,
		 139, 138, 122, 123,-1,
		 124, 123, 139, 140,-1,
		 140, 139, 123, 124,-1,
		 125, 124, 140, 141,-1,
		 141, 140, 124, 125,-1,
		 126, 125, 141, 142,-1,
		 142, 141, 125, 126,-1,
		 127, 126, 142, 143,-1,
		 143, 142, 126, 127,-1,
		 128, 127, 143, 144,-1,
		 144, 143, 127, 128,-1,
		 129, 144, 145,-1,
		 145, 144, 129,-1,
		 130, 129, 145,-1,
		 145, 129, 130,-1,
		 131, 130, 145,-1,
		 145, 130, 131,-1,
		 132, 131, 145,-1,
		 145, 131, 132,-1,
		 133, 132, 145,-1,
		 145, 132, 133,-1,
		 134, 133, 145,-1,
		 145, 133, 134,-1,
		 135, 134, 145,-1,
		 145, 134, 135,-1,
		 136, 135, 145,-1,
		 145, 135, 136,-1,
		 137, 136, 145,-1,
		 145, 136, 137,-1,
		 138, 137, 145,-1,
		 145, 137, 138,-1,
		 139, 138, 145,-1,
		 145, 138, 139,-1,
		 140, 139, 145,-1,
		 145, 139, 140,-1,
		 141, 140, 145,-1,
		 145, 140, 141,-1,
		 142, 141, 145,-1,
		 145, 141, 142,-1,
		 143, 142, 145,-1,
		 145, 142, 143,-1,
		 144, 143, 145,-1,
		 145, 143, 144,-1,
		]
	} #IndexedFaceSet
} #Polyhedron
Separator { #Polyhedron
	DEF COORD35 Coordinate3 {
		point [
		 -5.3069 0.0508 -5.8736,
		 -5.3221 0.0457 -5.8730,
		 -5.3212 0.0457 -5.8789,
		 -5.3181 0.0457 -5.8839,
		 -5.3133 0.0457 -5.8875,
		 -5.3075 0.0457 -5.8889,
		 -5.3016 0.0457 -5.8880,
		 -5.2966 0.0457 -5.8849,
		 -5.2930 0.0457 -5.8801,
		 -5.2916 0.0457 -5.8743,
		 -5.2925 0.0457 -5.8684,
		 -5.2956 0.0457 -5.8633,
		 -5.3004 0.0457 -5.8598,
		 -5.3062 0.0457 -5.8584,
		 -5.3121 0.0457 -5.8593,
		 -5.3172 0.0457 -5.8624,
		 -5.3207 0.0457 -5.8672,
		 -5.3272 0.0406 -5.8728,
		 -5.3260 0.0406 -5.8806,
		 -5.3218 0.0406 -5.8874,
		 -5.3154 0.0406 -5.8921,
		 -5.3077 0.0406 -5.8939,
		 -5.2999 0.0406 -5.8927,
		 -5.2931 0.0406 -5.8886,
		 -5.2884 0.0406 -5.8822,
		 -5.2866 0.0406 -5.8745,
		 -5.2878 0.0406 -5.8667,
		 -5.2919 0.0406 -5.8599,
		 -5.2983 0.0406 -5.8552,
		 -5.3060 0.0406 -5.8533,
		 -5.3138 0.0406 -5.8546,
		 -5.3206 0.0406 -5.8587,
		 -5.3253 0.0406 -5.8651,
		 -5.3301 0.0356 -5.8726,
		 -5.3287 0.0356 -5.8816,
		 -5.3240 0.0356 -5.8894,
		 -5.3167 0.0356 -5.8947,
		 -5.3079 0.0356 -5.8969,
		 -5.2989 0.0356 -5.8955,
		 -5.2911 0.0356 -5.8908,
		 -5.2858 0.0356 -5.8835,
		 -5.2836 0.0356 -5.8747,
		 -5.2850 0.0356 -5.8657,
		 -5.2897 0.0356 -5.8579,
		 -5.2970 0.0356 -5.8525,
		 -5.3058 0.0356 -5.8504,
		 -5.3148 0.0356 -5.8518,
		 -5.3226 0.0356 -5.8565,
		 -5.3280 0.0356 -5.8638,
		 -5.3317 0.0305 -5.8726,
		 -5.3302 0.0305 -5.8822,
		 -5.3252 0.0305 -5.8905,
		 -5.3174 0.0305 -5.8962,
		 -5.3079 0.0305 -5.8985,
		 -5.2983 0.0305 -5.8970,
		 -5.2900 0.0305 -5.8920,
		 -5.2843 0.0305 -5.8842,
		 -5.2820 0.0305 -5.8747,
		 -5.2835 0.0305 -5.8651,
		 -5.2885 0.0305 -5.8568,
		 -5.2963 0.0305 -5.8511,
		 -5.3058 0.0305 -5.8488,
		 -5.3154 0.0305 -5.8503,
		 -5.3237 0.0305 -5.8553,
		 -5.3294 0.0305 -5.8631,
		 -5.3322 0.0254 -5.8725,
		 -5.3307 0.0254 -5.8823,
		 -5.3256 0.0254 -5.8908,
		 -5.3176 0.0254 -5.8967,
		 -5.3080 0.0254 -5.8990,
		 -5.2982 0.0254 -5.8975,
		 -5.2897 0.0254 -5.8924,
		 -5.2838 0.0254 -5.8844,
		 -5.2815 0.0254 -5.8748,
		 -5.2830 0.0254 -5.8650,
		 -5.2881 0.0254 -5.8565,
		 -5.2961 0.0254 -5.8506,
		 -5.3058 0.0254 -5.8483,
		 -5.3155 0.0254 -5.8498,
		 -5.3240 0.0254 -5.8549,
		 -5.3299 0.0254 -5.8629,
		 -5.3317 0.0203 -5.8726,
		 -5.3302 0.0203 -5.8822,
		 -5.3252 0.0203 -5.8905,
		 -5.3174 0.0203 -5.8962,
		 -5.3079 0.0203 -5.8985,
		 -5.2983 0.0203 -5.8970,
		 -5.2900 0.0203 -5.8920,
		 -5.2843 0.0203 -5.8842,
		 -5.2820 0.0203 -5.8747,
		 -5.2835 0.0203 -5.8651,
		 -5.2885 0.0203 -5.8568,
		 -5.2963 0.0203 -5.8511,
		 -5.3058 0.0203 -5.8488,
		 -5.3154 0.0203 -5.8503,
		 -5.3237 0.0203 -5.8553,
		 -5.3294 0.0203 -5.8631,
		 -5.3301 0.0152 -5.8726,
		 -5.3287 0.0152 -5.8816,
		 -5.3240 0.0152 -5.8894,
		 -5.3167 0.0152 -5.8947,
		 -5.3079 0.0152 -5.8969,
		 -5.2989 0.0152 -5.8955,
		 -5.2911 0.0152 -5.8908,
		 -5.2858 0.0152 -5.8835,
		 -5.2836 0.0152 -5.8747,
		 -5.2850 0.0152 -5.8657,
		 -5.2897 0.0152 -5.8579,
		 -5.2970 0.0152 -5.8525,
		 -5.3058 0.0152 -5.8504,
		 -5.3148 0.0152 -5.8518,
		 -5.3226 0.0152 -5.8565,
		 -5.3280 0.0152 -5.8638,
		 -5.3272 0.0102 -5.8728,
		 -5.3260 0.0102 -5.8806,
		 -5.3218 0.0102 -5.8874,
		 -5.3154 0.0102 -5.8921,
		 -5.3077 0.0102 -5.8939,
		 -5.2999 0.0102 -5.8927,
		 -5.2931 0.0102 -5.8886,
		 -5.2884 0.0102 -5.8822,
		 -5.2866 0.0102 -5.8745,
		 -5.2878 0.0102 -5.8667,
		 -5.2919 0.0102 -5.8599,
		 -5.2983 0.0102 -5.8552,
		 -5.3060 0.0102 -5.8533,
		 -5.3138 0.0102 -5.8546,
		 -5.3206 0.0102 -5.8587,
		 -5.3253 0.0102 -5.8651,
		 -5.3221 0.0051 -5.8730,
		 -5.3212 0.0051 -5.8789,
		 -5.3181 0.0051 -5.8839,
		 -5.3133 0.0051 -5.8875,
		 -5.3075 0.0051 -5.8889,
		 -5.3016 0.0051 -5.8880,
		 -5.2966 0.0051 -5.8849,
		 -5.2930 0.0051 -5.8801,
		 -5.2916 0.0051 -5.8743,
		 -5.2925 0.0051 -5.8684,
		 -5.2956 0.0051 -5.8633,
		 -5.3004 0.0051 -5.8598,
		 -5.3062 0.0051 -5.8584,
		 -5.3121 0.0051 -5.8593,
		 -5.3172 0.0051 -5.8624,
		 -5.3207 0.0051 -5.8672,
		 -5.3069 0.0000 -5.8736
		]
	} #Coordinate3
	Material {
		ambientColor      0.1176 0.1176 0.1176  #ambientColor
		diffuseColor      0.4706 0.4706 0.4706  #diffuseColor
		transparency      0.0000                #transparency
	} #Material

	IndexedFaceSet {
		coordIndex [ 
		 0, 16, 1,-1,
		 1, 16, 0,-1,
		 0, 1, 2,-1,
		 2, 1, 0,-1,
		 0, 2, 3,-1,
		 3, 2, 0,-1,
		 0, 3, 4,-1,
		 4, 3, 0,-1,
		 0, 4, 5,-1,
		 5, 4, 0,-1,
		 0, 5, 6,-1,
		 6, 5, 0,-1,
		 0, 6, 7,-1,
		 7, 6, 0,-1,
		 0, 7, 8,-1,
		 8, 7, 0,-1,
		 0, 8, 9,-1,
		 9, 8, 0,-1,
		 0, 9, 10,-1,
		 10, 9, 0,-1,
		 0, 10, 11,-1,
		 11, 10, 0,-1,
		 0, 11, 12,-1,
		 12, 11, 0,-1,
		 0, 12, 13,-1,
		 13, 12, 0,-1,
		 0, 13, 14,-1,
		 14, 13, 0,-1,
		 0, 14, 15,-1,
		 15, 14, 0,-1,
		 0, 15, 16,-1,
		 16, 15, 0,-1,
		 1, 16, 32, 17,-1,
		 17, 32, 16, 1,-1,
		 2, 1, 17, 18,-1,
		 18, 17, 1, 2,-1,
		 3, 2, 18, 19,-1,
		 19, 18, 2, 3,-1,
		 4, 3, 19, 20,-1,
		 20, 19, 3, 4,-1,
		 5, 4, 20, 21,-1,
		 21, 20, 4, 5,-1,
		 6, 5, 21, 22,-1,
		 22, 21, 5, 6,-1,
		 7, 6, 22, 23,-1,
		 23, 22, 6, 7,-1,
		 8, 7, 23, 24,-1,
		 24, 23, 7, 8,-1,
		 9, 8, 24, 25,-1,
		 25, 24, 8, 9,-1,
		 10, 9, 25, 26,-1,
		 26, 25, 9, 10,-1,
		 11, 10, 26, 27,-1,
		 27, 26, 10, 11,-1,
		 12, 11, 27, 28,-1,
		 28, 27, 11, 12,-1,
		 13, 12, 28, 29,-1,
		 29, 28, 12, 13,-1,
		 14, 13, 29, 30,-1,
		 30, 29, 13, 14,-1,
		 15, 14, 30, 31,-1,
		 31, 30, 14, 15,-1,
		 16, 15, 31, 32,-1,
		 32, 31, 15, 16,-1,
		 17, 32, 48, 33,-1,
		 33, 48, 32, 17,-1,
		 18, 17, 33, 34,-1,
		 34, 33, 17, 18,-1,
		 19, 18, 34, 35,-1,
		 35, 34, 18, 19,-1,
		 20, 19, 35, 36,-1,
		 36, 35, 19, 20,-1,
		 21, 20, 36, 37,-1,
		 37, 36, 20, 21,-1,
		 22, 21, 37, 38,-1,
		 38, 37, 21, 22,-1,
		 23, 22, 38, 39,-1,
		 39, 38, 22, 23,-1,
		 24, 23, 39, 40,-1,
		 40, 39, 23, 24,-1,
		 25, 24, 40, 41,-1,
		 41, 40, 24, 25,-1,
		 26, 25, 41, 42,-1,
		 42, 41, 25, 26,-1,
		 27, 26, 42, 43,-1,
		 43, 42, 26, 27,-1,
		 28, 27, 43, 44,-1,
		 44, 43, 27, 28,-1,
		 29, 28, 44, 45,-1,
		 45, 44, 28, 29,-1,
		 30, 29, 45, 46,-1,
		 46, 45, 29, 30,-1,
		 31, 30, 46, 47,-1,
		 47, 46, 30, 31,-1,
		 32, 31, 47, 48,-1,
		 48, 47, 31, 32,-1,
		 33, 48, 64, 49,-1,
		 49, 64, 48, 33,-1,
		 34, 33, 49, 50,-1,
		 50, 49, 33, 34,-1,
		 35, 34, 50, 51,-1,
		 51, 50, 34, 35,-1,
		 36, 35, 51, 52,-1,
		 52, 51, 35, 36,-1,
		 37, 36, 52, 53,-1,
		 53, 52, 36, 37,-1,
		 38, 37, 53, 54,-1,
		 54, 53, 37, 38,-1,
		 39, 38, 54, 55,-1,
		 55, 54, 38, 39,-1,
		 40, 39, 55, 56,-1,
		 56, 55, 39, 40,-1,
		 41, 40, 56, 57,-1,
		 57, 56, 40, 41,-1,
		 42, 41, 57, 58,-1,
		 58, 57, 41, 42,-1,
		 43, 42, 58, 59,-1,
		 59, 58, 42, 43,-1,
		 44, 43, 59, 60,-1,
		 60, 59, 43, 44,-1,
		 45, 44, 60, 61,-1,
		 61, 60, 44, 45,-1,
		 46, 45, 61, 62,-1,
		 62, 61, 45, 46,-1,
		 47, 46, 62, 63,-1,
		 63, 62, 46, 47,-1,
		 48, 47, 63, 64,-1,
		 64, 63, 47, 48,-1,
		 49, 64, 80, 65,-1,
		 65, 80, 64, 49,-1,
		 50, 49, 65, 66,-1,
		 66, 65, 49, 50,-1,
		 51, 50, 66, 67,-1,
		 67, 66, 50, 51,-1,
		 52, 51, 67, 68,-1,
		 68, 67, 51, 52,-1,
		 53, 52, 68, 69,-1,
		 69, 68, 52, 53,-1,
		 54, 53, 69, 70,-1,
		 70, 69, 53, 54,-1,
		 55, 54, 70, 71,-1,
		 71, 70, 54, 55,-1,
		 56, 55, 71, 72,-1,
		 72, 71, 55, 56,-1,
		 57, 56, 72, 73,-1,
		 73, 72, 56, 57,-1,
		 58, 57, 73, 74,-1,
		 74, 73, 57, 58,-1,
		 59, 58, 74, 75,-1,
		 75, 74, 58, 59,-1,
		 60, 59, 75, 76,-1,
		 76, 75, 59, 60,-1,
		 61, 60, 76, 77,-1,
		 77, 76, 60, 61,-1,
		 62, 61, 77, 78,-1,
		 78, 77, 61, 62,-1,
		 63, 62, 78, 79,-1,
		 79, 78, 62, 63,-1,
		 64, 63, 79, 80,-1,
		 80, 79, 63, 64,-1,
		 65, 80, 96, 81,-1,
		 81, 96, 80, 65,-1,
		 66, 65, 81, 82,-1,
		 82, 81, 65, 66,-1,
		 67, 66, 82, 83,-1,
		 83, 82, 66, 67,-1,
		 68, 67, 83, 84,-1,
		 84, 83, 67, 68,-1,
		 69, 68, 84, 85,-1,
		 85, 84, 68, 69,-1,
		 70, 69, 85, 86,-1,
		 86, 85, 69, 70,-1,
		 71, 70, 86, 87,-1,
		 87, 86, 70, 71,-1,
		 72, 71, 87, 88,-1,
		 88, 87, 71, 72,-1,
		 73, 72, 88, 89,-1,
		 89, 88, 72, 73,-1,
		 74, 73, 89, 90,-1,
		 90, 89, 73, 74,-1,
		 75, 74, 90, 91,-1,
		 91, 90, 74, 75,-1,
		 76, 75, 91, 92,-1,
		 92, 91, 75, 76,-1,
		 77, 76, 92, 93,-1,
		 93, 92, 76, 77,-1,
		 78, 77, 93, 94,-1,
		 94, 93, 77, 78,-1,
		 79, 78, 94, 95,-1,
		 95, 94, 78, 79,-1,
		 80, 79, 95, 96,-1,
		 96, 95, 79, 80,-1,
		 81, 96, 112, 97,-1,
		 97, 112, 96, 81,-1,
		 82, 81, 97, 98,-1,
		 98, 97, 81, 82,-1,
		 83, 82, 98, 99,-1,
		 99, 98, 82, 83,-1,
		 84, 83, 99, 100,-1,
		 100, 99, 83, 84,-1,
		 85, 84, 100, 101,-1,
		 101, 100, 84, 85,-1,
		 86, 85, 101, 102,-1,
		 102, 101, 85, 86,-1,
		 87, 86, 102, 103,-1,
		 103, 102, 86, 87,-1,
		 88, 87, 103, 104,-1,
		 104, 103, 87, 88,-1,
		 89, 88, 104, 105,-1,
		 105, 104, 88, 89,-1,
		 90, 89, 105, 106,-1,
		 106, 105, 89, 90,-1,
		 91, 90, 106, 107,-1,
		 107, 106, 90, 91,-1,
		 92, 91, 107, 108,-1,
		 108, 107, 91, 92,-1,
		 93, 92, 108, 109,-1,
		 109, 108, 92, 93,-1,
		 94, 93, 109, 110,-1,
		 110, 109, 93, 94,-1,
		 95, 94, 110, 111,-1,
		 111, 110, 94, 95,-1,
		 96, 95, 111, 112,-1,
		 112, 111, 95, 96,-1,
		 97, 112, 128, 113,-1,
		 113, 128, 112, 97,-1,
		 98, 97, 113, 114,-1,
		 114, 113, 97, 98,-1,
		 99, 98, 114, 115,-1,
		 115, 114, 98, 99,-1,
		 100, 99, 115, 116,-1,
		 116, 115, 99, 100,-1,
		 101, 100, 116, 117,-1,
		 117, 116, 100, 101,-1,
		 102, 101, 117, 118,-1,
		 118, 117, 101, 102,-1,
		 103, 102, 118, 119,-1,
		 119, 118, 102, 103,-1,
		 104, 103, 119, 120,-1,
		 120, 119, 103, 104,-1,
		 105, 104, 120, 121,-1,
		 121, 120, 104, 105,-1,
		 106, 105, 121, 122,-1,
		 122, 121, 105, 106,-1,
		 107, 106, 122, 123,-1,
		 123, 122, 106, 107,-1,
		 108, 107, 123, 124,-1,
		 124, 123, 107, 108,-1,
		 109, 108, 124, 125,-1,
		 125, 124, 108, 109,-1,
		 110, 109, 125, 126,-1,
		 126, 125, 109, 110,-1,
		 111, 110, 126, 127,-1,
		 127, 126, 110, 111,-1,
		 112, 111, 127, 128,-1,
		 128, 127, 111, 112,-1,
		 113, 128, 144, 129,-1,
		 129, 144, 128, 113,-1,
		 114, 113, 129, 130,-1,
		 130, 129, 113, 114,-1,
		 115, 114, 130, 131,-1,
		 131, 130, 114, 115,-1,
		 116, 115, 131, 132,-1,
		 132, 131, 115, 116,-1,
		 117, 116, 132, 133,-1,
		 133, 132, 116, 117,-1,
		 118, 117, 133, 134,-1,
		 134, 133, 117, 118,-1,
		 119, 118, 134, 135,-1,
		 135, 134, 118, 119,-1,
		 120, 119, 135, 136,-1,
		 136, 135, 119, 120,-1,
		 121, 120, 136, 137,-1,
		 137, 136, 120, 121,-1,
		 122, 121, 137, 138,-1,
		 138, 137, 121, 122,-1,
		 123, 122, 138, 139,-1,
		 139, 138, 122, 123,-1,
		 124, 123, 139, 140,-1,
		 140, 139, 123, 124,-1,
		 125, 124, 140, 141,-1,
		 141, 140, 124, 125,-1,
		 126, 125, 141, 142,-1,
		 142, 141, 125, 126,-1,
		 127, 126, 142, 143,-1,
		 143, 142, 126, 127,-1,
		 128, 127, 143, 144,-1,
		 144, 143, 127, 128,-1,
		 129, 144, 145,-1,
		 145, 144, 129,-1,
		 130, 129, 145,-1,
		 145, 129, 130,-1,
		 131, 130, 145,-1,
		 145, 130, 131,-1,
		 132, 131, 145,-1,
		 145, 131, 132,-1,
		 133, 132, 145,-1,
		 145, 132, 133,-1,
		 134, 133, 145,-1,
		 145, 133, 134,-1,
		 135, 134, 145,-1,
		 145, 134, 135,-1,
		 136, 135, 145,-1,
		 145, 135, 136,-1,
		 137, 136, 145,-1,
		 145, 136, 137,-1,
		 138, 137, 145,-1,
		 145, 137, 138,-1,
		 139, 138, 145,-1,
		 145, 138, 139,-1,
		 140, 139, 145,-1,
		 145, 139, 140,-1,
		 141, 140, 145,-1,
		 145, 140, 141,-1,
		 142, 141, 145,-1,
		 145, 141, 142,-1,
		 143, 142, 145,-1,
		 145, 142, 143,-1,
		 144, 143, 145,-1,
		 145, 143, 144,-1,
		]
	} #IndexedFaceSet
} #Polyhedron
Separator { #Polyhedron
	DEF COORD36 Coordinate3 {
		point [
		 -5.4420 0.0508 -5.5024,
		 -5.4572 0.0457 -5.5017,
		 -5.4563 0.0457 -5.5076,
		 -5.4532 0.0457 -5.5127,
		 -5.4484 0.0457 -5.5162,
		 -5.4427 0.0457 -5.5176,
		 -5.4368 0.0457 -5.5167,
		 -5.4317 0.0457 -5.5136,
		 -5.4282 0.0457 -5.5088,
		 -5.4268 0.0457 -5.5030,
		 -5.4277 0.0457 -5.4972,
		 -5.4308 0.0457 -5.4921,
		 -5.4356 0.0457 -5.4886,
		 -5.4413 0.0457 -5.4871,
		 -5.4472 0.0457 -5.4881,
		 -5.4523 0.0457 -5.4911,
		 -5.4558 0.0457 -5.4959,
		 -5.4623 0.0406 -5.5015,
		 -5.4611 0.0406 -5.5093,
		 -5.4570 0.0406 -5.5161,
		 -5.4506 0.0406 -5.5208,
		 -5.4429 0.0406 -5.5227,
		 -5.4351 0.0406 -5.5215,
		 -5.4283 0.0406 -5.5174,
		 -5.4236 0.0406 -5.5110,
		 -5.4217 0.0406 -5.5033,
		 -5.4229 0.0406 -5.4954,
		 -5.4270 0.0406 -5.4886,
		 -5.4334 0.0406 -5.4840,
		 -5.4411 0.0406 -5.4821,
		 -5.4490 0.0406 -5.4833,
		 -5.4557 0.0406 -5.4874,
		 -5.4604 0.0406 -5.4938,
		 -5.4653 0.0356 -5.5014,
		 -5.4639 0.0356 -5.5103,
		 -5.4592 0.0356 -5.5181,
		 -5.4518 0.0356 -5.5235,
		 -5.4430 0.0356 -5.5256,
		 -5.4340 0.0356 -5.5242,
		 -5.4263 0.0356 -5.5195,
		 -5.4209 0.0356 -5.5122,
		 -5.4187 0.0356 -5.5034,
		 -5.4201 0.0356 -5.4944,
		 -5.4248 0.0356 -5.4866,
		 -5.4322 0.0356 -5.4813,
		 -5.4410 0.0356 -5.4791,
		 -5.4500 0.0356 -5.4805,
		 -5.4577 0.0356 -5.4852,
		 -5.4631 0.0356 -5.4925,
		 -5.4669 0.0305 -5.5013,
		 -5.4654 0.0305 -5.5109,
		 -5.4603 0.0305 -5.5192,
		 -5.4525 0.0305 -5.5249,
		 -5.4431 0.0305 -5.5272,
		 -5.4335 0.0305 -5.5258,
		 -5.4252 0.0305 -5.5207,
		 -5.4194 0.0305 -5.5129,
		 -5.4171 0.0305 -5.5035,
		 -5.4186 0.0305 -5.4939,
		 -5.4237 0.0305 -5.4856,
		 -5.4315 0.0305 -5.4798,
		 -5.4409 0.0305 -5.4775,
		 -5.4505 0.0305 -5.4790,
		 -5.4588 0.0305 -5.4840,
		 -5.4646 0.0305 -5.4919,
		 -5.4674 0.0254 -5.5013,
		 -5.4659 0.0254 -5.5111,
		 -5.4607 0.0254 -5.5195,
		 -5.4527 0.0254 -5.5254,
		 -5.4431 0.0254 -5.5277,
		 -5.4333 0.0254 -5.5262,
		 -5.4248 0.0254 -5.5211,
		 -5.4190 0.0254 -5.5131,
		 -5.4166 0.0254 -5.5035,
		 -5.4181 0.0254 -5.4937,
		 -5.4233 0.0254 -5.4852,
		 -5.4313 0.0254 -5.4794,
		 -5.4409 0.0254 -5.4770,
		 -5.4507 0.0254 -5.4785,
		 -5.4592 0.0254 -5.4836,
		 -5.4650 0.0254 -5.4916,
		 -5.4669 0.0203 -5.5013,
		 -5.4654 0.0203 -5.5109,
		 -5.4603 0.0203 -5.5192,
		 -5.4525 0.0203 -5.5249,
		 -5.4431 0.0203 -5.5272,
		 -5.4335 0.0203 -5.5258,
		 -5.4252 0.0203 -5.5207,
		 -5.4194 0.0203 -5.5129,
		 -5.4171 0.0203 -5.5035,
		 -5.4186 0.0203 -5.4939,
		 -5.4237 0.0203 -5.4856,
		 -5.4315 0.0203 -5.4798,
		 -5.4409 0.0203 -5.4775,
		 -5.4505 0.0203 -5.4790,
		 -5.4588 0.0203 -5.4840,
		 -5.4646 0.0203 -5.4919,
		 -5.4653 0.0152 -5.5014,
		 -5.4639 0.0152 -5.5103,
		 -5.4592 0.0152 -5.5181,
		 -5.4518 0.0152 -5.5235,
		 -5.4430 0.0152 -5.5256,
		 -5.4340 0.0152 -5.5242,
		 -5.4263 0.0152 -5.5195,
		 -5.4209 0.0152 -5.5122,
		 -5.4187 0.0152 -5.5034,
		 -5.4201 0.0152 -5.4944,
		 -5.4248 0.0152 -5.4866,
		 -5.4322 0.0152 -5.4813,
		 -5.4410 0.0152 -5.4791,
		 -5.4500 0.0152 -5.4805,
		 -5.4577 0.0152 -5.4852,
		 -5.4631 0.0152 -5.4925,
		 -5.4623 0.0102 -5.5015,
		 -5.4611 0.0102 -5.5093,
		 -5.4570 0.0102 -5.5161,
		 -5.4506 0.0102 -5.5208,
		 -5.4429 0.0102 -5.5227,
		 -5.4351 0.0102 -5.5215,
		 -5.4283 0.0102 -5.5174,
		 -5.4236 0.0102 -5.5110,
		 -5.4217 0.0102 -5.5033,
		 -5.4229 0.0102 -5.4954,
		 -5.4270 0.0102 -5.4886,
		 -5.4334 0.0102 -5.4840,
		 -5.4411 0.0102 -5.4821,
		 -5.4490 0.0102 -5.4833,
		 -5.4557 0.0102 -5.4874,
		 -5.4604 0.0102 -5.4938,
		 -5.4572 0.0051 -5.5017,
		 -5.4563 0.0051 -5.5076,
		 -5.4532 0.0051 -5.5127,
		 -5.4484 0.0051 -5.5162,
		 -5.4427 0.0051 -5.5176,
		 -5.4368 0.0051 -5.5167,
		 -5.4317 0.0051 -5.5136,
		 -5.4282 0.0051 -5.5088,
		 -5.4268 0.0051 -5.5030,
		 -5.4277 0.0051 -5.4972,
		 -5.4308 0.0051 -5.4921,
		 -5.4356 0.0051 -5.4886,
		 -5.4413 0.0051 -5.4871,
		 -5.4472 0.0051 -5.4881,
		 -5.4523 0.0051 -5.4911,
		 -5.4558 0.0051 -5.4959,
		 -5.4420 0.0000 -5.5024
		]
	} #Coordinate3
	Material {
		ambientColor      0.1176 0.1176 0.1176  #ambientColor
		diffuseColor      0.4706 0.4706 0.4706  #diffuseColor
		transparency      0.0000                #transparency
	} #Material

	IndexedFaceSet {
		coordIndex [ 
		 0, 16, 1,-1,
		 1, 16, 0,-1,
		 0, 1, 2,-1,
		 2, 1, 0,-1,
		 0, 2, 3,-1,
		 3, 2, 0,-1,
		 0, 3, 4,-1,
		 4, 3, 0,-1,
		 0, 4, 5,-1,
		 5, 4, 0,-1,
		 0, 5, 6,-1,
		 6, 5, 0,-1,
		 0, 6, 7,-1,
		 7, 6, 0,-1,
		 0, 7, 8,-1,
		 8, 7, 0,-1,
		 0, 8, 9,-1,
		 9, 8, 0,-1,
		 0, 9, 10,-1,
		 10, 9, 0,-1,
		 0, 10, 11,-1,
		 11, 10, 0,-1,
		 0, 11, 12,-1,
		 12, 11, 0,-1,
		 0, 12, 13,-1,
		 13, 12, 0,-1,
		 0, 13, 14,-1,
		 14, 13, 0,-1,
		 0, 14, 15,-1,
		 15, 14, 0,-1,
		 0, 15, 16,-1,
		 16, 15, 0,-1,
		 1, 16, 32, 17,-1,
		 17, 32, 16, 1,-1,
		 2, 1, 17, 18,-1,
		 18, 17, 1, 2,-1,
		 3, 2, 18, 19,-1,
		 19, 18, 2, 3,-1,
		 4, 3, 19, 20,-1,
		 20, 19, 3, 4,-1,
		 5, 4, 20, 21,-1,
		 21, 20, 4, 5,-1,
		 6, 5, 21, 22,-1,
		 22, 21, 5, 6,-1,
		 7, 6, 22, 23,-1,
		 23, 22, 6, 7,-1,
		 8, 7, 23, 24,-1,
		 24, 23, 7, 8,-1,
		 9, 8, 24, 25,-1,
		 25, 24, 8, 9,-1,
		 10, 9, 25, 26,-1,
		 26, 25, 9, 10,-1,
		 11, 10, 26, 27,-1,
		 27, 26, 10, 11,-1,
		 12, 11, 27, 28,-1,
		 28, 27, 11, 12,-1,
		 13, 12, 28, 29,-1,
		 29, 28, 12, 13,-1,
		 14, 13, 29, 30,-1,
		 30, 29, 13, 14,-1,
		 15, 14, 30, 31,-1,
		 31, 30, 14, 15,-1,
		 16, 15, 31, 32,-1,
		 32, 31, 15, 16,-1,
		 17, 32, 48, 33,-1,
		 33, 48, 32, 17,-1,
		 18, 17, 33, 34,-1,
		 34, 33, 17, 18,-1,
		 19, 18, 34, 35,-1,
		 35, 34, 18, 19,-1,
		 20, 19, 35, 36,-1,
		 36, 35, 19, 20,-1,
		 21, 20, 36, 37,-1,
		 37, 36, 20, 21,-1,
		 22, 21, 37, 38,-1,
		 38, 37, 21, 22,-1,
		 23, 22, 38, 39,-1,
		 39, 38, 22, 23,-1,
		 24, 23, 39, 40,-1,
		 40, 39, 23, 24,-1,
		 25, 24, 40, 41,-1,
		 41, 40, 24, 25,-1,
		 26, 25, 41, 42,-1,
		 42, 41, 25, 26,-1,
		 27, 26, 42, 43,-1,
		 43, 42, 26, 27,-1,
		 28, 27, 43, 44,-1,
		 44, 43, 27, 28,-1,
		 29, 28, 44, 45,-1,
		 45, 44, 28, 29,-1,
		 30, 29, 45, 46,-1,
		 46, 45, 29, 30,-1,
		 31, 30, 46, 47,-1,
		 47, 46, 30, 31,-1,
		 32, 31, 47, 48,-1,
		 48, 47, 31, 32,-1,
		 33, 48, 64, 49,-1,
		 49, 64, 48, 33,-1,
		 34, 33, 49, 50,-1,
		 50, 49, 33, 34,-1,
		 35, 34, 50, 51,-1,
		 51, 50, 34, 35,-1,
		 36, 35, 51, 52,-1,
		 52, 51, 35, 36,-1,
		 37, 36, 52, 53,-1,
		 53, 52, 36, 37,-1,
		 38, 37, 53, 54,-1,
		 54, 53, 37, 38,-1,
		 39, 38, 54, 55,-1,
		 55, 54, 38, 39,-1,
		 40, 39, 55, 56,-1,
		 56, 55, 39, 40,-1,
		 41, 40, 56, 57,-1,
		 57, 56, 40, 41,-1,
		 42, 41, 57, 58,-1,
		 58, 57, 41, 42,-1,
		 43, 42, 58, 59,-1,
		 59, 58, 42, 43,-1,
		 44, 43, 59, 60,-1,
		 60, 59, 43, 44,-1,
		 45, 44, 60, 61,-1,
		 61, 60, 44, 45,-1,
		 46, 45, 61, 62,-1,
		 62, 61, 45, 46,-1,
		 47, 46, 62, 63,-1,
		 63, 62, 46, 47,-1,
		 48, 47, 63, 64,-1,
		 64, 63, 47, 48,-1,
		 49, 64, 80, 65,-1,
		 65, 80, 64, 49,-1,
		 50, 49, 65, 66,-1,
		 66, 65, 49, 50,-1,
		 51, 50, 66, 67,-1,
		 67, 66, 50, 51,-1,
		 52, 51, 67, 68,-1,
		 68, 67, 51, 52,-1,
		 53, 52, 68, 69,-1,
		 69, 68, 52, 53,-1,
		 54, 53, 69, 70,-1,
		 70, 69, 53, 54,-1,
		 55, 54, 70, 71,-1,
		 71, 70, 54, 55,-1,
		 56, 55, 71, 72,-1,
		 72, 71, 55, 56,-1,
		 57, 56, 72, 73,-1,
		 73, 72, 56, 57,-1,
		 58, 57, 73, 74,-1,
		 74, 73, 57, 58,-1,
		 59, 58, 74, 75,-1,
		 75, 74, 58, 59,-1,
		 60, 59, 75, 76,-1,
		 76, 75, 59, 60,-1,
		 61, 60, 76, 77,-1,
		 77, 76, 60, 61,-1,
		 62, 61, 77, 78,-1,
		 78, 77, 61, 62,-1,
		 63, 62, 78, 79,-1,
		 79, 78, 62, 63,-1,
		 64, 63, 79, 80,-1,
		 80, 79, 63, 64,-1,
		 65, 80, 96, 81,-1,
		 81, 96, 80, 65,-1,
		 66, 65, 81, 82,-1,
		 82, 81, 65, 66,-1,
		 67, 66, 82, 83,-1,
		 83, 82, 66, 67,-1,
		 68, 67, 83, 84,-1,
		 84, 83, 67, 68,-1,
		 69, 68, 84, 85,-1,
		 85, 84, 68, 69,-1,
		 70, 69, 85, 86,-1,
		 86, 85, 69, 70,-1,
		 71, 70, 86, 87,-1,
		 87, 86, 70, 71,-1,
		 72, 71, 87, 88,-1,
		 88, 87, 71, 72,-1,
		 73, 72, 88, 89,-1,
		 89, 88, 72, 73,-1,
		 74, 73, 89, 90,-1,
		 90, 89, 73, 74,-1,
		 75, 74, 90, 91,-1,
		 91, 90, 74, 75,-1,
		 76, 75, 91, 92,-1,
		 92, 91, 75, 76,-1,
		 77, 76, 92, 93,-1,
		 93, 92, 76, 77,-1,
		 78, 77, 93, 94,-1,
		 94, 93, 77, 78,-1,
		 79, 78, 94, 95,-1,
		 95, 94, 78, 79,-1,
		 80, 79, 95, 96,-1,
		 96, 95, 79, 80,-1,
		 81, 96, 112, 97,-1,
		 97, 112, 96, 81,-1,
		 82, 81, 97, 98,-1,
		 98, 97, 81, 82,-1,
		 83, 82, 98, 99,-1,
		 99, 98, 82, 83,-1,
		 84, 83, 99, 100,-1,
		 100, 99, 83, 84,-1,
		 85, 84, 100, 101,-1,
		 101, 100, 84, 85,-1,
		 86, 85, 101, 102,-1,
		 102, 101, 85, 86,-1,
		 87, 86, 102, 103,-1,
		 103, 102, 86, 87,-1,
		 88, 87, 103, 104,-1,
		 104, 103, 87, 88,-1,
		 89, 88, 104, 105,-1,
		 105, 104, 88, 89,-1,
		 90, 89, 105, 106,-1,
		 106, 105, 89, 90,-1,
		 91, 90, 106, 107,-1,
		 107, 106, 90, 91,-1,
		 92, 91, 107, 108,-1,
		 108, 107, 91, 92,-1,
		 93, 92, 108, 109,-1,
		 109, 108, 92, 93,-1,
		 94, 93, 109, 110,-1,
		 110, 109, 93, 94,-1,
		 95, 94, 110, 111,-1,
		 111, 110, 94, 95,-1,
		 96, 95, 111, 112,-1,
		 112, 111, 95, 96,-1,
		 97, 112, 128, 113,-1,
		 113, 128, 112, 97,-1,
		 98, 97, 113, 114,-1,
		 114, 113, 97, 98,-1,
		 99, 98, 114, 115,-1,
		 115, 114, 98, 99,-1,
		 100, 99, 115, 116,-1,
		 116, 115, 99, 100,-1,
		 101, 100, 116, 117,-1,
		 117, 116, 100, 101,-1,
		 102, 101, 117, 118,-1,
		 118, 117, 101, 102,-1,
		 103, 102, 118, 119,-1,
		 119, 118, 102, 103,-1,
		 104, 103, 119, 120,-1,
		 120, 119, 103, 104,-1,
		 105, 104, 120, 121,-1,
		 121, 120, 104, 105,-1,
		 106, 105, 121, 122,-1,
		 122, 121, 105, 106,-1,
		 107, 106, 122, 123,-1,
		 123, 122, 106, 107,-1,
		 108, 107, 123, 124,-1,
		 124, 123, 107, 108,-1,
		 109, 108, 124, 125,-1,
		 125, 124, 108, 109,-1,
		 110, 109, 125, 126,-1,
		 126, 125, 109, 110,-1,
		 111, 110, 126, 127,-1,
		 127, 126, 110, 111,-1,
		 112, 111, 127, 128,-1,
		 128, 127, 111, 112,-1,
		 113, 128, 144, 129,-1,
		 129, 144, 128, 113,-1,
		 114, 113, 129, 130,-1,
		 130, 129, 113, 114,-1,
		 115, 114, 130, 131,-1,
		 131, 130, 114, 115,-1,
		 116, 115, 131, 132,-1,
		 132, 131, 115, 116,-1,
		 117, 116, 132, 133,-1,
		 133, 132, 116, 117,-1,
		 118, 117, 133, 134,-1,
		 134, 133, 117, 118,-1,
		 119, 118, 134, 135,-1,
		 135, 134, 118, 119,-1,
		 120, 119, 135, 136,-1,
		 136, 135, 119, 120,-1,
		 121, 120, 136, 137,-1,
		 137, 136, 120, 121,-1,
		 122, 121, 137, 138,-1,
		 138, 137, 121, 122,-1,
		 123, 122, 138, 139,-1,
		 139, 138, 122, 123,-1,
		 124, 123, 139, 140,-1,
		 140, 139, 123, 124,-1,
		 125, 124, 140, 141,-1,
		 141, 140, 124, 125,-1,
		 126, 125, 141, 142,-1,
		 142, 141, 125, 126,-1,
		 127, 126, 142, 143,-1,
		 143, 142, 126, 127,-1,
		 128, 127, 143, 144,-1,
		 144, 143, 127, 128,-1,
		 129, 144, 145,-1,
		 145, 144, 129,-1,
		 130, 129, 145,-1,
		 145, 129, 130,-1,
		 131, 130, 145,-1,
		 145, 130, 131,-1,
		 132, 131, 145,-1,
		 145, 131, 132,-1,
		 133, 132, 145,-1,
		 145, 132, 133,-1,
		 134, 133, 145,-1,
		 145, 133, 134,-1,
		 135, 134, 145,-1,
		 145, 134, 135,-1,
		 136, 135, 145,-1,
		 145, 135, 136,-1,
		 137, 136, 145,-1,
		 145, 136, 137,-1,
		 138, 137, 145,-1,
		 145, 137, 138,-1,
		 139, 138, 145,-1,
		 145, 138, 139,-1,
		 140, 139, 145,-1,
		 145, 139, 140,-1,
		 141, 140, 145,-1,
		 145, 140, 141,-1,
		 142, 141, 145,-1,
		 145, 141, 142,-1,
		 143, 142, 145,-1,
		 145, 142, 143,-1,
		 144, 143, 145,-1,
		 145, 143, 144,-1,
		]
	} #IndexedFaceSet
} #Polyhedron
Separator { #Polyhedron
	DEF COORD37 Coordinate3 {
		point [
		 -5.0707 0.0508 -5.3672,
		 -5.0860 0.0457 -5.3666,
		 -5.0850 0.0457 -5.3724,
		 -5.0820 0.0457 -5.3775,
		 -5.0772 0.0457 -5.3810,
		 -5.0714 0.0457 -5.3825,
		 -5.0655 0.0457 -5.3815,
		 -5.0604 0.0457 -5.3785,
		 -5.0569 0.0457 -5.3737,
		 -5.0555 0.0457 -5.3679,
		 -5.0564 0.0457 -5.3620,
		 -5.0595 0.0457 -5.3569,
		 -5.0643 0.0457 -5.3534,
		 -5.0701 0.0457 -5.3520,
		 -5.0759 0.0457 -5.3529,
		 -5.0810 0.0457 -5.3560,
		 -5.0845 0.0457 -5.3608,
		 -5.0910 0.0406 -5.3663,
		 -5.0898 0.0406 -5.3742,
		 -5.0857 0.0406 -5.3810,
		 -5.0793 0.0406 -5.3856,
		 -5.0716 0.0406 -5.3875,
		 -5.0638 0.0406 -5.3863,
		 -5.0570 0.0406 -5.3822,
		 -5.0523 0.0406 -5.3758,
		 -5.0504 0.0406 -5.3681,
		 -5.0516 0.0406 -5.3603,
		 -5.0557 0.0406 -5.3535,
		 -5.0621 0.0406 -5.3488,
		 -5.0698 0.0406 -5.3469,
		 -5.0777 0.0406 -5.3481,
		 -5.0845 0.0406 -5.3522,
		 -5.0891 0.0406 -5.3586,
		 -5.0940 0.0356 -5.3662,
		 -5.0926 0.0356 -5.3752,
		 -5.0879 0.0356 -5.3830,
		 -5.0806 0.0356 -5.3883,
		 -5.0717 0.0356 -5.3905,
		 -5.0628 0.0356 -5.3891,
		 -5.0550 0.0356 -5.3844,
		 -5.0496 0.0356 -5.3771,
		 -5.0475 0.0356 -5.3682,
		 -5.0489 0.0356 -5.3593,
		 -5.0536 0.0356 -5.3515,
		 -5.0609 0.0356 -5.3461,
		 -5.0697 0.0356 -5.3440,
		 -5.0787 0.0356 -5.3454,
		 -5.0865 0.0356 -5.3501,
		 -5.0918 0.0356 -5.3574,
		 -5.0956 0.0305 -5.3661,
		 -5.0941 0.0305 -5.3757,
		 -5.0891 0.0305 -5.3840,
		 -5.0812 0.0305 -5.3898,
		 -5.0718 0.0305 -5.3921,
		 -5.0622 0.0305 -5.3906,
		 -5.0539 0.0305 -5.3856,
		 -5.0482 0.0305 -5.3777,
		 -5.0459 0.0305 -5.3683,
		 -5.0473 0.0305 -5.3587,
		 -5.0524 0.0305 -5.3504,
		 -5.0602 0.0305 -5.3447,
		 -5.0696 0.0305 -5.3424,
		 -5.0792 0.0305 -5.3438,
		 -5.0875 0.0305 -5.3489,
		 -5.0933 0.0305 -5.3567,
		 -5.0961 0.0254 -5.3661,
		 -5.0946 0.0254 -5.3759,
		 -5.0895 0.0254 -5.3844,
		 -5.0815 0.0254 -5.3902,
		 -5.0718 0.0254 -5.3926,
		 -5.0620 0.0254 -5.3911,
		 -5.0536 0.0254 -5.3860,
		 -5.0477 0.0254 -5.3780,
		 -5.0454 0.0254 -5.3683,
		 -5.0469 0.0254 -5.3585,
		 -5.0520 0.0254 -5.3501,
		 -5.0600 0.0254 -5.3442,
		 -5.0696 0.0254 -5.3419,
		 -5.0794 0.0254 -5.3434,
		 -5.0879 0.0254 -5.3485,
		 -5.0937 0.0254 -5.3565,
		 -5.0956 0.0203 -5.3661,
		 -5.0941 0.0203 -5.3757,
		 -5.0891 0.0203 -5.3840,
		 -5.0812 0.0203 -5.3898,
		 -5.0718 0.0203 -5.3921,
		 -5.0622 0.0203 -5.3906,
		 -5.0539 0.0203 -5.3856,
		 -5.0482 0.0203 -5.3777,
		 -5.0459 0.0203 -5.3683,
		 -5.0473 0.0203 -5.3587,
		 -5.0524 0.0203 -5.3504,
		 -5.0602 0.0203 -5.3447,
		 -5.0696 0.0203 -5.3424,
		 -5.0792 0.0203 -5.3438,
		 -5.0875 0.0203 -5.3489,
		 -5.0933 0.0203 -5.3567,
		 -5.0940 0.0152 -5.3662,
		 -5.0926 0.0152 -5.3752,
		 -5.0879 0.0152 -5.3830,
		 -5.0806 0.0152 -5.3883,
		 -5.0717 0.0152 -5.3905,
		 -5.0628 0.0152 -5.3891,
		 -5.0550 0.0152 -5.3844,
		 -5.0496 0.0152 -5.3771,
		 -5.0475 0.0152 -5.3682,
		 -5.0489 0.0152 -5.3593,
		 -5.0536 0.0152 -5.3515,
		 -5.0609 0.0152 -5.3461,
		 -5.0697 0.0152 -5.3440,
		 -5.0787 0.0152 -5.3454,
		 -5.0865 0.0152 -5.3501,
		 -5.0918 0.0152 -5.3574,
		 -5.0910 0.0102 -5.3663,
		 -5.0898 0.0102 -5.3742,
		 -5.0857 0.0102 -5.3810,
		 -5.0793 0.0102 -5.3856,
		 -5.0716 0.0102 -5.3875,
		 -5.0638 0.0102 -5.3863,
		 -5.0570 0.0102 -5.3822,
		 -5.0523 0.0102 -5.3758,
		 -5.0504 0.0102 -5.3681,
		 -5.0516 0.0102 -5.3603,
		 -5.0557 0.0102 -5.3535,
		 -5.0621 0.0102 -5.3488,
		 -5.0698 0.0102 -5.3469,
		 -5.0777 0.0102 -5.3481,
		 -5.0845 0.0102 -5.3522,
		 -5.0891 0.0102 -5.3586,
		 -5.0860 0.0051 -5.3666,
		 -5.0850 0.0051 -5.3724,
		 -5.0820 0.0051 -5.3775,
		 -5.0772 0.0051 -5.3810,
		 -5.0714 0.0051 -5.3825,
		 -5.0655 0.0051 -5.3815,
		 -5.0604 0.0051 -5.3785,
		 -5.0569 0.0051 -5.3737,
		 -5.0555 0.0051 -5.3679,
		 -5.0564 0.0051 -5.3620,
		 -5.0595 0.0051 -5.3569,
		 -5.0643 0.0051 -5.3534,
		 -5.0701 0.0051 -5.3520,
		 -5.0759 0.0051 -5.3529,
		 -5.0810 0.0051 -5.3560,
		 -5.0845 0.0051 -5.3608,
		 -5.0707 0.0000 -5.3672
		]
	} #Coordinate3
	Material {
		ambientColor      0.1176 0.1176 0.1176  #ambientColor
		diffuseColor      0.4706 0.4706 0.4706  #diffuseColor
		transparency      0.0000                #transparency
	} #Material

	IndexedFaceSet {
		coordIndex [ 
		 0, 16, 1,-1,
		 1, 16, 0,-1,
		 0, 1, 2,-1,
		 2, 1, 0,-1,
		 0, 2, 3,-1,
		 3, 2, 0,-1,
		 0, 3, 4,-1,
		 4, 3, 0,-1,
		 0, 4, 5,-1,
		 5, 4, 0,-1,
		 0, 5, 6,-1,
		 6, 5, 0,-1,
		 0, 6, 7,-1,
		 7, 6, 0,-1,
		 0, 7, 8,-1,
		 8, 7, 0,-1,
		 0, 8, 9,-1,
		 9, 8, 0,-1,
		 0, 9, 10,-1,
		 10, 9, 0,-1,
		 0, 10, 11,-1,
		 11, 10, 0,-1,
		 0, 11, 12,-1,
		 12, 11, 0,-1,
		 0, 12, 13,-1,
		 13, 12, 0,-1,
		 0, 13, 14,-1,
		 14, 13, 0,-1,
		 0, 14, 15,-1,
		 15, 14, 0,-1,
		 0, 15, 16,-1,
		 16, 15, 0,-1,
		 1, 16, 32, 17,-1,
		 17, 32, 16, 1,-1,
		 2, 1, 17, 18,-1,
		 18, 17, 1, 2,-1,
		 3, 2, 18, 19,-1,
		 19, 18, 2, 3,-1,
		 4, 3, 19, 20,-1,
		 20, 19, 3, 4,-1,
		 5, 4, 20, 21,-1,
		 21, 20, 4, 5,-1,
		 6, 5, 21, 22,-1,
		 22, 21, 5, 6,-1,
		 7, 6, 22, 23,-1,
		 23, 22, 6, 7,-1,
		 8, 7, 23, 24,-1,
		 24, 23, 7, 8,-1,
		 9, 8, 24, 25,-1,
		 25, 24, 8, 9,-1,
		 10, 9, 25, 26,-1,
		 26, 25, 9, 10,-1,
		 11, 10, 26, 27,-1,
		 27, 26, 10, 11,-1,
		 12, 11, 27, 28,-1,
		 28, 27, 11, 12,-1,
		 13, 12, 28, 29,-1,
		 29, 28, 12, 13,-1,
		 14, 13, 29, 30,-1,
		 30, 29, 13, 14,-1,
		 15, 14, 30, 31,-1,
		 31, 30, 14, 15,-1,
		 16, 15, 31, 32,-1,
		 32, 31, 15, 16,-1,
		 17, 32, 48, 33,-1,
		 33, 48, 32, 17,-1,
		 18, 17, 33, 34,-1,
		 34, 33, 17, 18,-1,
		 19, 18, 34, 35,-1,
		 35, 34, 18, 19,-1,
		 20, 19, 35, 36,-1,
		 36, 35, 19, 20,-1,
		 21, 20, 36, 37,-1,
		 37, 36, 20, 21,-1,
		 22, 21, 37, 38,-1,
		 38, 37, 21, 22,-1,
		 23, 22, 38, 39,-1,
		 39, 38, 22, 23,-1,
		 24, 23, 39, 40,-1,
		 40, 39, 23, 24,-1,
		 25, 24, 40, 41,-1,
		 41, 40, 24, 25,-1,
		 26, 25, 41, 42,-1,
		 42, 41, 25, 26,-1,
		 27, 26, 42, 43,-1,
		 43, 42, 26, 27,-1,
		 28, 27, 43, 44,-1,
		 44, 43, 27, 28,-1,
		 29, 28, 44, 45,-1,
		 45, 44, 28, 29,-1,
		 30, 29, 45, 46,-1,
		 46, 45, 29, 30,-1,
		 31, 30, 46, 47,-1,
		 47, 46, 30, 31,-1,
		 32, 31, 47, 48,-1,
		 48, 47, 31, 32,-1,
		 33, 48, 64, 49,-1,
		 49, 64, 48, 33,-1,
		 34, 33, 49, 50,-1,
		 50, 49, 33, 34,-1,
		 35, 34, 50, 51,-1,
		 51, 50, 34, 35,-1,
		 36, 35, 51, 52,-1,
		 52, 51, 35, 36,-1,
		 37, 36, 52, 53,-1,
		 53, 52, 36, 37,-1,
		 38, 37, 53, 54,-1,
		 54, 53, 37, 38,-1,
		 39, 38, 54, 55,-1,
		 55, 54, 38, 39,-1,
		 40, 39, 55, 56,-1,
		 56, 55, 39, 40,-1,
		 41, 40, 56, 57,-1,
		 57, 56, 40, 41,-1,
		 42, 41, 57, 58,-1,
		 58, 57, 41, 42,-1,
		 43, 42, 58, 59,-1,
		 59, 58, 42, 43,-1,
		 44, 43, 59, 60,-1,
		 60, 59, 43, 44,-1,
		 45, 44, 60, 61,-1,
		 61, 60, 44, 45,-1,
		 46, 45, 61, 62,-1,
		 62, 61, 45, 46,-1,
		 47, 46, 62, 63,-1,
		 63, 62, 46, 47,-1,
		 48, 47, 63, 64,-1,
		 64, 63, 47, 48,-1,
		 49, 64, 80, 65,-1,
		 65, 80, 64, 49,-1,
		 50, 49, 65, 66,-1,
		 66, 65, 49, 50,-1,
		 51, 50, 66, 67,-1,
		 67, 66, 50, 51,-1,
		 52, 51, 67, 68,-1,
		 68, 67, 51, 52,-1,
		 53, 52, 68, 69,-1,
		 69, 68, 52, 53,-1,
		 54, 53, 69, 70,-1,
		 70, 69, 53, 54,-1,
		 55, 54, 70, 71,-1,
		 71, 70, 54, 55,-1,
		 56, 55, 71, 72,-1,
		 72, 71, 55, 56,-1,
		 57, 56, 72, 73,-1,
		 73, 72, 56, 57,-1,
		 58, 57, 73, 74,-1,
		 74, 73, 57, 58,-1,
		 59, 58, 74, 75,-1,
		 75, 74, 58, 59,-1,
		 60, 59, 75, 76,-1,
		 76, 75, 59, 60,-1,
		 61, 60, 76, 77,-1,
		 77, 76, 60, 61,-1,
		 62, 61, 77, 78,-1,
		 78, 77, 61, 62,-1,
		 63, 62, 78, 79,-1,
		 79, 78, 62, 63,-1,
		 64, 63, 79, 80,-1,
		 80, 79, 63, 64,-1,
		 65, 80, 96, 81,-1,
		 81, 96, 80, 65,-1,
		 66, 65, 81, 82,-1,
		 82, 81, 65, 66,-1,
		 67, 66, 82, 83,-1,
		 83, 82, 66, 67,-1,
		 68, 67, 83, 84,-1,
		 84, 83, 67, 68,-1,
		 69, 68, 84, 85,-1,
		 85, 84, 68, 69,-1,
		 70, 69, 85, 86,-1,
		 86, 85, 69, 70,-1,
		 71, 70, 86, 87,-1,
		 87, 86, 70, 71,-1,
		 72, 71, 87, 88,-1,
		 88, 87, 71, 72,-1,
		 73, 72, 88, 89,-1,
		 89, 88, 72, 73,-1,
		 74, 73, 89, 90,-1,
		 90, 89, 73, 74,-1,
		 75, 74, 90, 91,-1,
		 91, 90, 74, 75,-1,
		 76, 75, 91, 92,-1,
		 92, 91, 75, 76,-1,
		 77, 76, 92, 93,-1,
		 93, 92, 76, 77,-1,
		 78, 77, 93, 94,-1,
		 94, 93, 77, 78,-1,
		 79, 78, 94, 95,-1,
		 95, 94, 78, 79,-1,
		 80, 79, 95, 96,-1,
		 96, 95, 79, 80,-1,
		 81, 96, 112, 97,-1,
		 97, 112, 96, 81,-1,
		 82, 81, 97, 98,-1,
		 98, 97, 81, 82,-1,
		 83, 82, 98, 99,-1,
		 99, 98, 82, 83,-1,
		 84, 83, 99, 100,-1,
		 100, 99, 83, 84,-1,
		 85, 84, 100, 101,-1,
		 101, 100, 84, 85,-1,
		 86, 85, 101, 102,-1,
		 102, 101, 85, 86,-1,
		 87, 86, 102, 103,-1,
		 103, 102, 86, 87,-1,
		 88, 87, 103, 104,-1,
		 104, 103, 87, 88,-1,
		 89, 88, 104, 105,-1,
		 105, 104, 88, 89,-1,
		 90, 89, 105, 106,-1,
		 106, 105, 89, 90,-1,
		 91, 90, 106, 107,-1,
		 107, 106, 90, 91,-1,
		 92, 91, 107, 108,-1,
		 108, 107, 91, 92,-1,
		 93, 92, 108, 109,-1,
		 109, 108, 92, 93,-1,
		 94, 93, 109, 110,-1,
		 110, 109, 93, 94,-1,
		 95, 94, 110, 111,-1,
		 111, 110, 94, 95,-1,
		 96, 95, 111, 112,-1,
		 112, 111, 95, 96,-1,
		 97, 112, 128, 113,-1,
		 113, 128, 112, 97,-1,
		 98, 97, 113, 114,-1,
		 114, 113, 97, 98,-1,
		 99, 98, 114, 115,-1,
		 115, 114, 98, 99,-1,
		 100, 99, 115, 116,-1,
		 116, 115, 99, 100,-1,
		 101, 100, 116, 117,-1,
		 117, 116, 100, 101,-1,
		 102, 101, 117, 118,-1,
		 118, 117, 101, 102,-1,
		 103, 102, 118, 119,-1,
		 119, 118, 102, 103,-1,
		 104, 103, 119, 120,-1,
		 120, 119, 103, 104,-1,
		 105, 104, 120, 121,-1,
		 121, 120, 104, 105,-1,
		 106, 105, 121, 122,-1,
		 122, 121, 105, 106,-1,
		 107, 106, 122, 123,-1,
		 123, 122, 106, 107,-1,
		 108, 107, 123, 124,-1,
		 124, 123, 107, 108,-1,
		 109, 108, 124, 125,-1,
		 125, 124, 108, 109,-1,
		 110, 109, 125, 126,-1,
		 126, 125, 109, 110,-1,
		 111, 110, 126, 127,-1,
		 127, 126, 110, 111,-1,
		 112, 111, 127, 128,-1,
		 128, 127, 111, 112,-1,
		 113, 128, 144, 129,-1,
		 129, 144, 128, 113,-1,
		 114, 113, 129, 130,-1,
		 130, 129, 113, 114,-1,
		 115, 114, 130, 131,-1,
		 131, 130, 114, 115,-1,
		 116, 115, 131, 132,-1,
		 132, 131, 115, 116,-1,
		 117, 116, 132, 133,-1,
		 133, 132, 116, 117,-1,
		 118, 117, 133, 134,-1,
		 134, 133, 117, 118,-1,
		 119, 118, 134, 135,-1,
		 135, 134, 118, 119,-1,
		 120, 119, 135, 136,-1,
		 136, 135, 119, 120,-1,
		 121, 120, 136, 137,-1,
		 137, 136, 120, 121,-1,
		 122, 121, 137, 138,-1,
		 138, 137, 121, 122,-1,
		 123, 122, 138, 139,-1,
		 139, 138, 122, 123,-1,
		 124, 123, 139, 140,-1,
		 140, 139, 123, 124,-1,
		 125, 124, 140, 141,-1,
		 141, 140, 124, 125,-1,
		 126, 125, 141, 142,-1,
		 142, 141, 125, 126,-1,
		 127, 126, 142, 143,-1,
		 143, 142, 126, 127,-1,
		 128, 127, 143, 144,-1,
		 144, 143, 127, 128,-1,
		 129, 144, 145,-1,
		 145, 144, 129,-1,
		 130, 129, 145,-1,
		 145, 129, 130,-1,
		 131, 130, 145,-1,
		 145, 130, 131,-1,
		 132, 131, 145,-1,
		 145, 131, 132,-1,
		 133, 132, 145,-1,
		 145, 132, 133,-1,
		 134, 133, 145,-1,
		 145, 133, 134,-1,
		 135, 134, 145,-1,
		 145, 134, 135,-1,
		 136, 135, 145,-1,
		 145, 135, 136,-1,
		 137, 136, 145,-1,
		 145, 136, 137,-1,
		 138, 137, 145,-1,
		 145, 137, 138,-1,
		 139, 138, 145,-1,
		 145, 138, 139,-1,
		 140, 139, 145,-1,
		 145, 139, 140,-1,
		 141, 140, 145,-1,
		 145, 140, 141,-1,
		 142, 141, 145,-1,
		 145, 141, 142,-1,
		 143, 142, 145,-1,
		 145, 142, 143,-1,
		 144, 143, 145,-1,
		 145, 143, 144,-1,
		]
	} #IndexedFaceSet
} #Polyhedron
Separator { #Polyhedron
	DEF COORD38 Coordinate3 {
		point [
		 -5.2269 0.4318 -5.6188,
		 -5.2246 0.4318 -5.6335,
		 -5.2169 0.4318 -5.6462,
		 -5.2049 0.4318 -5.6550,
		 -5.1905 0.4318 -5.6585,
		 -5.1758 0.4318 -5.6562,
		 -5.1631 0.4318 -5.6485,
		 -5.1543 0.4318 -5.6365,
		 -5.1507 0.4318 -5.6221,
		 -5.1530 0.4318 -5.6074,
		 -5.1607 0.4318 -5.5947,
		 -5.1727 0.4318 -5.5859,
		 -5.1871 0.4318 -5.5824,
		 -5.2018 0.4318 -5.5846,
		 -5.2145 0.4318 -5.5923,
		 -5.2233 0.4318 -5.6043,
		 -5.2269 0.1524 -5.6188,
		 -5.2246 0.1524 -5.6335,
		 -5.2169 0.1524 -5.6462,
		 -5.2049 0.1524 -5.6550,
		 -5.1905 0.1524 -5.6585,
		 -5.1758 0.1524 -5.6562,
		 -5.1631 0.1524 -5.6485,
		 -5.1543 0.1524 -5.6365,
		 -5.1507 0.1524 -5.6221,
		 -5.1530 0.1524 -5.6074,
		 -5.1607 0.1524 -5.5947,
		 -5.1727 0.1524 -5.5859,
		 -5.1871 0.1524 -5.5824,
		 -5.2018 0.1524 -5.5846,
		 -5.2145 0.1524 -5.5923,
		 -5.2233 0.1524 -5.6043
		]
	} #Coordinate3
	Material {
		ambientColor      0.1951 0.1951 0.1951  #ambientColor
		diffuseColor      0.7804 0.7804 0.7804  #diffuseColor
		transparency      0.0000                #transparency
	} #Material

	IndexedFaceSet {
		coordIndex [ 
		 0, 1, 2, 3, 4, 5, 6, 7, 8, 9, 10, 11, 12, 13, 14, 15,-1,
		 15, 14, 13, 12, 11, 10, 9, 8, 7, 6, 5, 4, 3, 2, 1, 0,-1,
		 0, 15, 31, 16,-1,
		 16, 31, 15, 0,-1,
		 1, 0, 16, 17,-1,
		 17, 16, 0, 1,-1,
		 2, 1, 17, 18,-1,
		 18, 17, 1, 2,-1,
		 3, 2, 18, 19,-1,
		 19, 18, 2, 3,-1,
		 4, 3, 19, 20,-1,
		 20, 19, 3, 4,-1,
		 5, 4, 20, 21,-1,
		 21, 20, 4, 5,-1,
		 6, 5, 21, 22,-1,
		 22, 21, 5, 6,-1,
		 7, 6, 22, 23,-1,
		 23, 22, 6, 7,-1,
		 8, 7, 23, 24,-1,
		 24, 23, 7, 8,-1,
		 9, 8, 24, 25,-1,
		 25, 24, 8, 9,-1,
		 10, 9, 25, 26,-1,
		 26, 25, 9, 10,-1,
		 11, 10, 26, 27,-1,
		 27, 26, 10, 11,-1,
		 12, 11, 27, 28,-1,
		 28, 27, 11, 12,-1,
		 13, 12, 28, 29,-1,
		 29, 28, 12, 13,-1,
		 14, 13, 29, 30,-1,
		 30, 29, 13, 14,-1,
		 15, 14, 30, 31,-1,
		 31, 30, 14, 15,-1,
		 31, 30, 29, 28, 27, 26, 25, 24, 23, 22, 21, 20, 19, 18, 17, 16,-1,
		 16, 17, 18, 19, 20, 21, 22, 23, 24, 25, 26, 27, 28, 29, 30, 31,-1,
		]
	} #IndexedFaceSet
} #Polyhedron
Separator { #Polyhedron
	DEF COORD39 Coordinate3 {
		point [
		 -5.2902 0.5334 -5.2369,
		 -5.5478 0.5334 -5.7893,
		 -5.0874 0.5334 -6.0040,
		 -4.9524 0.5334 -5.9549,
		 -4.7806 0.5334 -5.5865,
		 -4.8298 0.5334 -5.4515,
		 -5.2902 0.4318 -5.2369,
		 -5.5478 0.4318 -5.7893,
		 -5.0874 0.4318 -6.0040,
		 -4.9524 0.4318 -5.9549,
		 -4.7806 0.4318 -5.5865,
		 -4.8298 0.4318 -5.4515
		]
	} #Coordinate3
	Material {
		ambientColor      0.1951 0.1951 0.1951  #ambientColor
		diffuseColor      0.7804 0.7804 0.7804  #diffuseColor
		transparency      0.0000                #transparency
	} #Material

	IndexedFaceSet {
		coordIndex [ 
		 0, 1, 2, 3, 4, 5,-1,
		 5, 4, 3, 2, 1, 0,-1,
		 0, 5, 11, 6,-1,
		 6, 11, 5, 0,-1,
		 1, 0, 6, 7,-1,
		 7, 6, 0, 1,-1,
		 2, 1, 7, 8,-1,
		 8, 7, 1, 2,-1,
		 3, 2, 8, 9,-1,
		 9, 8, 2, 3,-1,
		 4, 3, 9, 10,-1,
		 10, 9, 3, 4,-1,
		 5, 4, 10, 11,-1,
		 11, 10, 4, 5,-1,
		 11, 10, 9, 8, 7, 6,-1,
		 6, 7, 8, 9, 10, 11,-1,
		]
	} #IndexedFaceSet
} #Polyhedron
Separator { #Polyhedron
	DEF COORD40 Coordinate3 {
		point [
		 -5.2902 0.8636 -5.2369,
		 -5.2473 0.8636 -5.1448,
		 -5.2473 0.4826 -5.1448,
		 -5.2902 0.4318 -5.2369,
		 -4.8298 0.8636 -5.4515,
		 -4.7869 0.8636 -5.3595,
		 -4.7869 0.4826 -5.3595,
		 -4.8298 0.4318 -5.4515
		]
	} #Coordinate3
	Material {
		ambientColor      0.1951 0.1951 0.1951  #ambientColor
		diffuseColor      0.7804 0.7804 0.7804  #diffuseColor
		transparency      0.0000                #transparency
	} #Material

	IndexedFaceSet {
		coordIndex [ 
		 0, 1, 2, 3,-1,
		 3, 2, 1, 0,-1,
		 0, 3, 7, 4,-1,
		 4, 7, 3, 0,-1,
		 1, 0, 4, 5,-1,
		 5, 4, 0, 1,-1,
		 2, 1, 5, 6,-1,
		 6, 5, 1, 2,-1,
		 3, 2, 6, 7,-1,
		 7, 6, 2, 3,-1,
		 7, 6, 5, 4,-1,
		 4, 5, 6, 7,-1,
		]
	} #IndexedFaceSet
} #Polyhedron
Separator { #Polyhedron
	DEF COORD41 Coordinate3 {
		point [
		 -5.5478 0.4318 -5.7893,
		 -5.5907 0.4826 -5.8814,
		 -5.5907 0.8636 -5.8814,
		 -5.5478 0.8636 -5.7893,
		 -5.0874 0.4318 -6.0040,
		 -5.1303 0.4826 -6.0961,
		 -5.1303 0.8636 -6.0961,
		 -5.0874 0.8636 -6.0040
		]
	} #Coordinate3
	Material {
		ambientColor      0.1951 0.1951 0.1951  #ambientColor
		diffuseColor      0.7804 0.7804 0.7804  #diffuseColor
		transparency      0.0000                #transparency
	} #Material

	IndexedFaceSet {
		coordIndex [ 
		 0, 1, 2, 3,-1,
		 3, 2, 1, 0,-1,
		 0, 3, 7, 4,-1,
		 4, 7, 3, 0,-1,
		 1, 0, 4, 5,-1,
		 5, 4, 0, 1,-1,
		 2, 1, 5, 6,-1,
		 6, 5, 1, 2,-1,
		 3, 2, 6, 7,-1,
		 7, 6, 2, 3,-1,
		 7, 6, 5, 4,-1,
		 4, 5, 6, 7,-1,
		]
	} #IndexedFaceSet
} #Polyhedron
Separator { #Polyhedron
	DEF COORD42 Coordinate3 {
		point [
		 -5.6399 0.4318 -5.7464,
		 -5.6828 0.4826 -5.8385,
		 -5.6828 1.2446 -5.8385,
		 -5.6613 1.3208 -5.7925,
		 -5.6291 1.3462 -5.7234,
		 -5.3930 1.3462 -5.2169,
		 -5.3608 1.3208 -5.1479,
		 -5.3393 1.2446 -5.1018,
		 -5.3393 0.4826 -5.1018,
		 -5.3823 0.4318 -5.1939,
		 -5.5478 0.4318 -5.7894,
		 -5.5907 0.4826 -5.8814,
		 -5.5907 1.2446 -5.8814,
		 -5.5692 1.3208 -5.8354,
		 -5.5370 1.3462 -5.7663,
		 -5.3009 1.3462 -5.2599,
		 -5.2687 1.3208 -5.1908,
		 -5.2472 1.2446 -5.1448,
		 -5.2472 0.4826 -5.1448,
		 -5.2902 0.4318 -5.2369,
		 -5.6828 0.5715 -5.8385,
		 -5.3393 0.5715 -5.1018,
		 -5.2979 0.4318 -5.2333,
		 -5.5555 0.4318 -5.7858,
		 -5.6291 0.4826 -5.8635,
		 -5.2856 0.4826 -5.1269,
		 -5.6721 1.2827 -5.8155,
		 -5.3501 1.2827 -5.1249,
		 -5.6383 1.3208 -5.8032,
		 -5.5908 1.3462 -5.7413,
		 -5.3546 1.3462 -5.2348,
		 -5.3378 1.3208 -5.1586
		]
	} #Coordinate3
	Material {
		ambientColor      0.1951 0.1951 0.1951  #ambientColor
		diffuseColor      0.7804 0.7804 0.7804  #diffuseColor
		transparency      0.0000                #transparency
	} #Material

	IndexedFaceSet {
		coordIndex [ 
		 20, 2, 26, 27, 7, 21,-1,
		 21, 7, 27, 26, 2, 20,-1,
		 22, 19, 10, 23,-1,
		 23, 10, 19, 22,-1,
		 23, 10, 11, 24,-1,
		 24, 11, 10, 23,-1,
		 2, 20, 24, 11, 12,-1,
		 12, 11, 24, 20, 2,-1,
		 26, 2, 12, 13, 28,-1,
		 28, 13, 12, 2, 26,-1,
		 28, 13, 14, 29,-1,
		 29, 14, 13, 28,-1,
		 29, 14, 15, 30,-1,
		 30, 15, 14, 29,-1,
		 30, 15, 16, 31,-1,
		 31, 16, 15, 30,-1,
		 7, 27, 31, 16, 17,-1,
		 17, 16, 31, 27, 7,-1,
		 21, 7, 17, 18, 25,-1,
		 25, 18, 17, 7, 21,-1,
		 25, 18, 19, 22,-1,
		 22, 19, 18, 25,-1,
		 19, 18, 17, 16, 15, 14, 13, 12, 11, 10,-1,
		 10, 11, 12, 13, 14, 15, 16, 17, 18, 19,-1,
		 20, 21, 25, 22, 23, 24,-1,
		 24, 23, 22, 25, 21, 20,-1,
		 27, 26, 28, 29, 30, 31,-1,
		 31, 30, 29, 28, 26, 27,-1,
		]
	} #IndexedFaceSet
} #Polyhedron
Separator { #Polyhedron
	DEF COORD43 Coordinate3 {
		point [
		 -5.1428 0.5842 -5.6419,
		 -5.2312 0.5740 -5.3989,
		 -5.3858 0.5740 -5.7304,
		 -5.1095 0.5740 -5.8592,
		 -5.0285 0.5740 -5.8297,
		 -4.9255 0.5740 -5.6087,
		 -4.9550 0.5740 -5.5277,
		 -5.2607 0.5639 -5.3179,
		 -5.4668 0.5639 -5.7599,
		 -5.0985 0.5639 -5.9316,
		 -4.9905 0.5639 -5.8923,
		 -4.8531 0.5639 -5.5976,
		 -4.8924 0.5639 -5.4896,
		 -5.2779 0.5537 -5.2707,
		 -5.5140 0.5537 -5.7770,
		 -5.0920 0.5537 -5.9738,
		 -4.9683 0.5537 -5.9287,
		 -4.8109 0.5537 -5.5912,
		 -4.8559 0.5537 -5.4674,
		 -5.2872 0.5436 -5.2450,
		 -5.5396 0.5436 -5.7864,
		 -5.0885 0.5436 -5.9967,
		 -4.9562 0.5436 -5.9485,
		 -4.7880 0.5436 -5.5877,
		 -4.8361 0.5436 -5.4554,
		 -5.2902 0.5334 -5.2369,
		 -5.5478 0.5334 -5.7893,
		 -5.0874 0.5334 -6.0040,
		 -4.9524 0.5334 -5.9549,
		 -4.7806 0.5334 -5.5865,
		 -4.8298 0.5334 -5.4515
		]
	} #Coordinate3
	Material {
		ambientColor      0.1324 0.1324 0.1324  #ambientColor
		diffuseColor      0.5294 0.5294 0.5294  #diffuseColor
		transparency      0.0000                #transparency
	} #Material

	IndexedFaceSet {
		coordIndex [ 
		 0, 6, 1,-1,
		 1, 6, 0,-1,
		 0, 1, 2,-1,
		 2, 1, 0,-1,
		 0, 2, 3,-1,
		 3, 2, 0,-1,
		 0, 3, 4,-1,
		 4, 3, 0,-1,
		 0, 4, 5,-1,
		 5, 4, 0,-1,
		 0, 5, 6,-1,
		 6, 5, 0,-1,
		 1, 6, 12, 7,-1,
		 7, 12, 6, 1,-1,
		 2, 1, 7, 8,-1,
		 8, 7, 1, 2,-1,
		 3, 2, 8, 9,-1,
		 9, 8, 2, 3,-1,
		 4, 3, 9, 10,-1,
		 10, 9, 3, 4,-1,
		 5, 4, 10, 11,-1,
		 11, 10, 4, 5,-1,
		 6, 5, 11, 12,-1,
		 12, 11, 5, 6,-1,
		 7, 12, 18, 13,-1,
		 13, 18, 12, 7,-1,
		 8, 7, 13, 14,-1,
		 14, 13, 7, 8,-1,
		 9, 8, 14, 15,-1,
		 15, 14, 8, 9,-1,
		 10, 9, 15, 16,-1,
		 16, 15, 9, 10,-1,
		 11, 10, 16, 17,-1,
		 17, 16, 10, 11,-1,
		 12, 11, 17, 18,-1,
		 18, 17, 11, 12,-1,
		 13, 18, 24, 19,-1,
		 19, 24, 18, 13,-1,
		 14, 13, 19, 20,-1,
		 20, 19, 13, 14,-1,
		 15, 14, 20, 21,-1,
		 21, 20, 14, 15,-1,
		 16, 15, 21, 22,-1,
		 22, 21, 15, 16,-1,
		 17, 16, 22, 23,-1,
		 23, 22, 16, 17,-1,
		 18, 17, 23, 24,-1,
		 24, 23, 17, 18,-1,
		 19, 24, 30, 25,-1,
		 25, 30, 24, 19,-1,
		 20, 19, 25, 26,-1,
		 26, 25, 19, 20,-1,
		 21, 20, 26, 27,-1,
		 27, 26, 20, 21,-1,
		 22, 21, 27, 28,-1,
		 28, 27, 21, 22,-1,
		 23, 22, 28, 29,-1,
		 29, 28, 22, 23,-1,
		 24, 23, 29, 30,-1,
		 30, 29, 23, 24,-1,
		 30, 29, 28, 27, 26, 25,-1,
		 25, 26, 27, 28, 29, 30,-1,
		]
	} #IndexedFaceSet
} #Polyhedron
Separator { #Polyhedron
	DEF COORD44 Coordinate3 {
		point [
		 -5.0385 0.9144 -5.2982,
		 -5.1638 0.9042 -5.2061,
		 -5.1895 0.9042 -5.2614,
		 -4.9133 0.9042 -5.3902,
		 -4.8875 0.9042 -5.3349,
		 -5.2055 0.8941 -5.1755,
		 -5.2399 0.8941 -5.2491,
		 -4.8715 0.8941 -5.4209,
		 -4.8372 0.8941 -5.3472,
		 -5.2298 0.8839 -5.1576,
		 -5.2692 0.8839 -5.2420,
		 -4.8472 0.8839 -5.4387,
		 -4.8079 0.8839 -5.3543,
		 -5.2430 0.8738 -5.1479,
		 -5.2851 0.8738 -5.2381,
		 -4.8340 0.8738 -5.4484,
		 -4.7919 0.8738 -5.3582,
		 -5.2473 0.8636 -5.1448,
		 -5.2902 0.8636 -5.2369,
		 -4.8298 0.8636 -5.4515,
		 -4.7869 0.8636 -5.3595
		]
	} #Coordinate3
	Material {
		ambientColor      0.1324 0.1324 0.1324  #ambientColor
		diffuseColor      0.5294 0.5294 0.5294  #diffuseColor
		transparency      0.0000                #transparency
	} #Material

	IndexedFaceSet {
		coordIndex [ 
		 0, 4, 1,-1,
		 1, 4, 0,-1,
		 0, 1, 2,-1,
		 2, 1, 0,-1,
		 0, 2, 3,-1,
		 3, 2, 0,-1,
		 0, 3, 4,-1,
		 4, 3, 0,-1,
		 1, 4, 8, 5,-1,
		 5, 8, 4, 1,-1,
		 2, 1, 5, 6,-1,
		 6, 5, 1, 2,-1,
		 3, 2, 6, 7,-1,
		 7, 6, 2, 3,-1,
		 4, 3, 7, 8,-1,
		 8, 7, 3, 4,-1,
		 5, 8, 12, 9,-1,
		 9, 12, 8, 5,-1,
		 6, 5, 9, 10,-1,
		 10, 9, 5, 6,-1,
		 7, 6, 10, 11,-1,
		 11, 10, 6, 7,-1,
		 8, 7, 11, 12,-1,
		 12, 11, 7, 8,-1,
		 9, 12, 16, 13,-1,
		 13, 16, 12, 9,-1,
		 10, 9, 13, 14,-1,
		 14, 13, 9, 10,-1,
		 11, 10, 14, 15,-1,
		 15, 14, 10, 11,-1,
		 12, 11, 15, 16,-1,
		 16, 15, 11, 12,-1,
		 13, 16, 20, 17,-1,
		 17, 20, 16, 13,-1,
		 14, 13, 17, 18,-1,
		 18, 17, 13, 14,-1,
		 15, 14, 18, 19,-1,
		 19, 18, 14, 15,-1,
		 16, 15, 19, 20,-1,
		 20, 19, 15, 16,-1,
		 20, 19, 18, 17,-1,
		 17, 18, 19, 20,-1,
		]
	} #IndexedFaceSet
} #Polyhedron
Separator { #Polyhedron
	DEF COORD45 Coordinate3 {
		point [
		 -5.3391 0.9144 -5.9427,
		 -5.4901 0.9042 -5.9059,
		 -5.2138 0.9042 -6.0347,
		 -5.1881 0.9042 -5.9795,
		 -5.4643 0.9042 -5.8507,
		 -5.5404 0.8941 -5.8937,
		 -5.1721 0.8941 -6.0654,
		 -5.1377 0.8941 -5.9917,
		 -5.5060 0.8941 -5.8200,
		 -5.5697 0.8839 -5.8865,
		 -5.1478 0.8839 -6.0833,
		 -5.1084 0.8839 -5.9989,
		 -5.5304 0.8839 -5.8021,
		 -5.5856 0.8738 -5.8826,
		 -5.1345 0.8738 -6.0930,
		 -5.0925 0.8738 -6.0028,
		 -5.5436 0.8738 -5.7924,
		 -5.5907 0.8636 -5.8814,
		 -5.1303 0.8636 -6.0961,
		 -5.0874 0.8636 -6.0040,
		 -5.5478 0.8636 -5.7893
		]
	} #Coordinate3
	Material {
		ambientColor      0.1324 0.1324 0.1324  #ambientColor
		diffuseColor      0.5294 0.5294 0.5294  #diffuseColor
		transparency      0.0000                #transparency
	} #Material

	IndexedFaceSet {
		coordIndex [ 
		 0, 4, 1,-1,
		 1, 4, 0,-1,
		 0, 1, 2,-1,
		 2, 1, 0,-1,
		 0, 2, 3,-1,
		 3, 2, 0,-1,
		 0, 3, 4,-1,
		 4, 3, 0,-1,
		 1, 4, 8, 5,-1,
		 5, 8, 4, 1,-1,
		 2, 1, 5, 6,-1,
		 6, 5, 1, 2,-1,
		 3, 2, 6, 7,-1,
		 7, 6, 2, 3,-1,
		 4, 3, 7, 8,-1,
		 8, 7, 3, 4,-1,
		 5, 8, 12, 9,-1,
		 9, 12, 8, 5,-1,
		 6, 5, 9, 10,-1,
		 10, 9, 5, 6,-1,
		 7, 6, 10, 11,-1,
		 11, 10, 6, 7,-1,
		 8, 7, 11, 12,-1,
		 12, 11, 7, 8,-1,
		 9, 12, 16, 13,-1,
		 13, 16, 12, 9,-1,
		 10, 9, 13, 14,-1,
		 14, 13, 9, 10,-1,
		 11, 10, 14, 15,-1,
		 15, 14, 10, 11,-1,
		 12, 11, 15, 16,-1,
		 16, 15, 11, 12,-1,
		 13, 16, 20, 17,-1,
		 17, 20, 16, 13,-1,
		 14, 13, 17, 18,-1,
		 18, 17, 13, 14,-1,
		 15, 14, 18, 19,-1,
		 19, 18, 14, 15,-1,
		 16, 15, 19, 20,-1,
		 20, 19, 15, 16,-1,
		 20, 19, 18, 17,-1,
		 17, 18, 19, 20,-1,
		]
	} #IndexedFaceSet
} #Polyhedron
Separator { #Polyhedron
	DEF COORD46 Coordinate3 {
		point [
		 -5.5478 0.4318 -5.7893,
		 -5.5907 0.4826 -5.8814,
		 -5.5907 1.2446 -5.8814,
		 -5.5693 1.3208 -5.8354,
		 -5.5371 1.3462 -5.7663,
		 -5.3009 1.3462 -5.2599,
		 -5.2687 1.3208 -5.1908,
		 -5.2472 1.2446 -5.1448,
		 -5.2472 0.4826 -5.1448,
		 -5.2902 0.4318 -5.2369,
		 -5.5360 0.4374 -5.7881,
		 -5.5780 0.4872 -5.8783,
		 -5.5780 1.2338 -5.8783,
		 -5.5570 1.3085 -5.8332,
		 -5.5255 1.3334 -5.7655,
		 -5.2941 1.3334 -5.2693,
		 -5.2625 1.3085 -5.2016,
		 -5.2415 1.2338 -5.1565,
		 -5.2415 0.4872 -5.1565,
		 -5.2836 0.4374 -5.2467,
		 -5.5186 0.4551 -5.7749,
		 -5.5580 0.5017 -5.8593,
		 -5.5580 1.2001 -5.8593,
		 -5.5383 1.2699 -5.8171,
		 -5.5088 1.2932 -5.7538,
		 -5.2924 1.2932 -5.2896,
		 -5.2628 1.2699 -5.2263,
		 -5.2432 1.2001 -5.1841,
		 -5.2432 0.5017 -5.1841,
		 -5.2825 0.4551 -5.2685,
		 -5.4944 0.4877 -5.7470,
		 -5.5287 0.5283 -5.8206,
		 -5.5287 1.1379 -5.8206,
		 -5.5116 1.1989 -5.7838,
		 -5.4858 1.2192 -5.7286,
		 -5.2969 1.2192 -5.3234,
		 -5.2711 1.1989 -5.2682,
		 -5.2540 1.1379 -5.2313,
		 -5.2540 0.5283 -5.2313,
		 -5.2883 0.4877 -5.3050,
		 -5.4594 0.5436 -5.6960,
		 -5.4852 0.5740 -5.7513,
		 -5.4852 1.0312 -5.7513,
		 -5.4723 1.0770 -5.7236,
		 -5.4530 1.0922 -5.6822,
		 -5.3113 1.0922 -5.3783,
		 -5.2920 1.0770 -5.3369,
		 -5.2791 1.0312 -5.3093,
		 -5.2791 0.5740 -5.3093,
		 -5.3049 0.5436 -5.3645,
		 -5.3729 0.7112 -5.5346
		]
	} #Coordinate3
	Material {
		ambientColor      0.1324 0.1324 0.1324  #ambientColor
		diffuseColor      0.5294 0.5294 0.5294  #diffuseColor
		transparency      0.0000                #transparency
	} #Material

	IndexedFaceSet {
		coordIndex [ 
		 0, 1, 2, 3, 4, 5, 6, 7, 8, 9,-1,
		 9, 8, 7, 6, 5, 4, 3, 2, 1, 0,-1,
		 0, 9, 19, 10,-1,
		 10, 19, 9, 0,-1,
		 1, 0, 10, 11,-1,
		 11, 10, 0, 1,-1,
		 2, 1, 11, 12,-1,
		 12, 11, 1, 2,-1,
		 3, 2, 12, 13,-1,
		 13, 12, 2, 3,-1,
		 4, 3, 13, 14,-1,
		 14, 13, 3, 4,-1,
		 5, 4, 14, 15,-1,
		 15, 14, 4, 5,-1,
		 6, 5, 15, 16,-1,
		 16, 15, 5, 6,-1,
		 7, 6, 16, 17,-1,
		 17, 16, 6, 7,-1,
		 8, 7, 17, 18,-1,
		 18, 17, 7, 8,-1,
		 9, 8, 18, 19,-1,
		 19, 18, 8, 9,-1,
		 10, 19, 29, 20,-1,
		 20, 29, 19, 10,-1,
		 11, 10, 20, 21,-1,
		 21, 20, 10, 11,-1,
		 12, 11, 21, 22,-1,
		 22, 21, 11, 12,-1,
		 13, 12, 22, 23,-1,
		 23, 22, 12, 13,-1,
		 14, 13, 23, 24,-1,
		 24, 23, 13, 14,-1,
		 15, 14, 24, 25,-1,
		 25, 24, 14, 15,-1,
		 16, 15, 25, 26,-1,
		 26, 25, 15, 16,-1,
		 17, 16, 26, 27,-1,
		 27, 26, 16, 17,-1,
		 18, 17, 27, 28,-1,
		 28, 27, 17, 18,-1,
		 19, 18, 28, 29,-1,
		 29, 28, 18, 19,-1,
		 20, 29, 39, 30,-1,
		 30, 39, 29, 20,-1,
		 21, 20, 30, 31,-1,
		 31, 30, 20, 21,-1,
		 22, 21, 31, 32,-1,
		 32, 31, 21, 22,-1,
		 23, 22, 32, 33,-1,
		 33, 32, 22, 23,-1,
		 24, 23, 33, 34,-1,
		 34, 33, 23, 24,-1,
		 25, 24, 34, 35,-1,
		 35, 34, 24, 25,-1,
		 26, 25, 35, 36,-1,
		 36, 35, 25, 26,-1,
		 27, 26, 36, 37,-1,
		 37, 36, 26, 27,-1,
		 28, 27, 37, 38,-1,
		 38, 37, 27, 28,-1,
		 29, 28, 38, 39,-1,
		 39, 38, 28, 29,-1,
		 30, 39, 49, 40,-1,
		 40, 49, 39, 30,-1,
		 31, 30, 40, 41,-1,
		 41, 40, 30, 31,-1,
		 32, 31, 41, 42,-1,
		 42, 41, 31, 32,-1,
		 33, 32, 42, 43,-1,
		 43, 42, 32, 33,-1,
		 34, 33, 43, 44,-1,
		 44, 43, 33, 34,-1,
		 35, 34, 44, 45,-1,
		 45, 44, 34, 35,-1,
		 36, 35, 45, 46,-1,
		 46, 45, 35, 36,-1,
		 37, 36, 46, 47,-1,
		 47, 46, 36, 37,-1,
		 38, 37, 47, 48,-1,
		 48, 47, 37, 38,-1,
		 39, 38, 48, 49,-1,
		 49, 48, 38, 39,-1,
		 40, 49, 50,-1,
		 50, 49, 40,-1,
		 41, 40, 50,-1,
		 50, 40, 41,-1,
		 42, 41, 50,-1,
		 50, 41, 42,-1,
		 43, 42, 50,-1,
		 50, 42, 43,-1,
		 44, 43, 50,-1,
		 50, 43, 44,-1,
		 45, 44, 50,-1,
		 50, 44, 45,-1,
		 46, 45, 50,-1,
		 50, 45, 46,-1,
		 47, 46, 50,-1,
		 50, 46, 47,-1,
		 48, 47, 50,-1,
		 50, 47, 48,-1,
		 49, 48, 50,-1,
		 50, 48, 49,-1,
		]
	} #IndexedFaceSet
} #Polyhedron
Separator { #Polyhedron
	DEF COORD47 Coordinate3 {
		point [
		 3.0410 0.1524 -3.3402,
		 2.8832 0.1524 -3.9290,
		 2.9568 0.1524 -3.9487,
		 3.1146 0.1524 -3.3599,
		 3.0410 0.1016 -3.3402,
		 2.8832 0.1016 -3.9290,
		 2.9568 0.1016 -3.9487,
		 3.1146 0.1016 -3.3599
		]
	} #Coordinate3
	Material {
		ambientColor      0.1951 0.1951 0.1951  #ambientColor
		diffuseColor      0.7804 0.7804 0.7804  #diffuseColor
		transparency      0.0000                #transparency
	} #Material

	IndexedFaceSet {
		coordIndex [ 
		 0, 1, 2, 3,-1,
		 3, 2, 1, 0,-1,
		 0, 3, 7, 4,-1,
		 4, 7, 3, 0,-1,
		 1, 0, 4, 5,-1,
		 5, 4, 0, 1,-1,
		 2, 1, 5, 6,-1,
		 6, 5, 1, 2,-1,
		 3, 2, 6, 7,-1,
		 7, 6, 2, 3,-1,
		 7, 6, 5, 4,-1,
		 4, 5, 6, 7,-1,
		]
	} #IndexedFaceSet
} #Polyhedron
Separator { #Polyhedron
	DEF COORD48 Coordinate3 {
		point [
		 3.0456 0.1524 -3.6175,
		 3.0258 0.1524 -3.6911,
		 3.2834 0.1524 -3.7601,
		 3.3032 0.1524 -3.6865,
		 3.0456 0.1016 -3.6175,
		 3.0258 0.1016 -3.6911,
		 3.2834 0.1016 -3.7601,
		 3.3032 0.1016 -3.6865
		]
	} #Coordinate3
	Material {
		ambientColor      0.1951 0.1951 0.1951  #ambientColor
		diffuseColor      0.7804 0.7804 0.7804  #diffuseColor
		transparency      0.0000                #transparency
	} #Material

	IndexedFaceSet {
		coordIndex [ 
		 0, 1, 2, 3,-1,
		 3, 2, 1, 0,-1,
		 0, 3, 7, 4,-1,
		 4, 7, 3, 0,-1,
		 1, 0, 4, 5,-1,
		 5, 4, 0, 1,-1,
		 2, 1, 5, 6,-1,
		 6, 5, 1, 2,-1,
		 3, 2, 6, 7,-1,
		 7, 6, 2, 3,-1,
		 7, 6, 5, 4,-1,
		 4, 5, 6, 7,-1,
		]
	} #IndexedFaceSet
} #Polyhedron
Separator { #Polyhedron
	DEF COORD49 Coordinate3 {
		point [
		 2.7144 0.1524 -3.5288,
		 2.6947 0.1524 -3.6024,
		 2.9523 0.1524 -3.6714,
		 2.9720 0.1524 -3.5978,
		 2.7144 0.1016 -3.5288,
		 2.6947 0.1016 -3.6024,
		 2.9523 0.1016 -3.6714,
		 2.9720 0.1016 -3.5978
		]
	} #Coordinate3
	Material {
		ambientColor      0.1951 0.1951 0.1951  #ambientColor
		diffuseColor      0.7804 0.7804 0.7804  #diffuseColor
		transparency      0.0000                #transparency
	} #Material

	IndexedFaceSet {
		coordIndex [ 
		 0, 1, 2, 3,-1,
		 3, 2, 1, 0,-1,
		 0, 3, 7, 4,-1,
		 4, 7, 3, 0,-1,
		 1, 0, 4, 5,-1,
		 5, 4, 0, 1,-1,
		 2, 1, 5, 6,-1,
		 6, 5, 1, 2,-1,
		 3, 2, 6, 7,-1,
		 7, 6, 2, 3,-1,
		 7, 6, 5, 4,-1,
		 4, 5, 6, 7,-1,
		]
	} #IndexedFaceSet
} #Polyhedron
Separator { #Polyhedron
	DEF COORD50 Coordinate3 {
		point [
		 3.2671 0.1016 -3.7042,
		 3.2624 0.1016 -3.7058,
		 3.2587 0.1016 -3.7090,
		 3.2565 0.1016 -3.7135,
		 3.2562 0.1016 -3.7184,
		 3.2578 0.1016 -3.7231,
		 3.2610 0.1016 -3.7268,
		 3.2655 0.1016 -3.7290,
		 3.2704 0.1016 -3.7293,
		 3.2751 0.1016 -3.7278,
		 3.2788 0.1016 -3.7245,
		 3.2810 0.1016 -3.7200,
		 3.2814 0.1016 -3.7151,
		 3.2798 0.1016 -3.7104,
		 3.2765 0.1016 -3.7067,
		 3.2721 0.1016 -3.7045,
		 3.2671 0.0508 -3.7042,
		 3.2624 0.0508 -3.7058,
		 3.2587 0.0508 -3.7090,
		 3.2565 0.0508 -3.7135,
		 3.2562 0.0508 -3.7184,
		 3.2578 0.0508 -3.7231,
		 3.2610 0.0508 -3.7268,
		 3.2655 0.0508 -3.7290,
		 3.2704 0.0508 -3.7293,
		 3.2751 0.0508 -3.7278,
		 3.2788 0.0508 -3.7245,
		 3.2810 0.0508 -3.7200,
		 3.2814 0.0508 -3.7151,
		 3.2798 0.0508 -3.7104,
		 3.2765 0.0508 -3.7067,
		 3.2721 0.0508 -3.7045
		]
	} #Coordinate3
	Material {
		ambientColor      0.1951 0.1951 0.1951  #ambientColor
		diffuseColor      0.7804 0.7804 0.7804  #diffuseColor
		transparency      0.0000                #transparency
	} #Material

	IndexedFaceSet {
		coordIndex [ 
		 0, 1, 2, 3, 4, 5, 6, 7, 8, 9, 10, 11, 12, 13, 14, 15,-1,
		 15, 14, 13, 12, 11, 10, 9, 8, 7, 6, 5, 4, 3, 2, 1, 0,-1,
		 0, 15, 31, 16,-1,
		 16, 31, 15, 0,-1,
		 1, 0, 16, 17,-1,
		 17, 16, 0, 1,-1,
		 2, 1, 17, 18,-1,
		 18, 17, 1, 2,-1,
		 3, 2, 18, 19,-1,
		 19, 18, 2, 3,-1,
		 4, 3, 19, 20,-1,
		 20, 19, 3, 4,-1,
		 5, 4, 20, 21,-1,
		 21, 20, 4, 5,-1,
		 6, 5, 21, 22,-1,
		 22, 21, 5, 6,-1,
		 7, 6, 22, 23,-1,
		 23, 22, 6, 7,-1,
		 8, 7, 23, 24,-1,
		 24, 23, 7, 8,-1,
		 9, 8, 24, 25,-1,
		 25, 24, 8, 9,-1,
		 10, 9, 25, 26,-1,
		 26, 25, 9, 10,-1,
		 11, 10, 26, 27,-1,
		 27, 26, 10, 11,-1,
		 12, 11, 27, 28,-1,
		 28, 27, 11, 12,-1,
		 13, 12, 28, 29,-1,
		 29, 28, 12, 13,-1,
		 14, 13, 29, 30,-1,
		 30, 29, 13, 14,-1,
		 15, 14, 30, 31,-1,
		 31, 30, 14, 15,-1,
		 31, 30, 29, 28, 27, 26, 25, 24, 23, 22, 21, 20, 19, 18, 17, 16,-1,
		 16, 17, 18, 19, 20, 21, 22, 23, 24, 25, 26, 27, 28, 29, 30, 31,-1,
		]
	} #IndexedFaceSet
} #Polyhedron
Separator { #Polyhedron
	DEF COORD51 Coordinate3 {
		point [
		 3.0696 0.1016 -3.3620,
		 3.0649 0.1016 -3.3636,
		 3.0611 0.1016 -3.3669,
		 3.0590 0.1016 -3.3713,
		 3.0586 0.1016 -3.3763,
		 3.0602 0.1016 -3.3809,
		 3.0635 0.1016 -3.3847,
		 3.0679 0.1016 -3.3869,
		 3.0729 0.1016 -3.3872,
		 3.0776 0.1016 -3.3856,
		 3.0813 0.1016 -3.3823,
		 3.0835 0.1016 -3.3779,
		 3.0838 0.1016 -3.3729,
		 3.0822 0.1016 -3.3682,
		 3.0790 0.1016 -3.3645,
		 3.0745 0.1016 -3.3623,
		 3.0696 0.0508 -3.3620,
		 3.0649 0.0508 -3.3636,
		 3.0611 0.0508 -3.3669,
		 3.0590 0.0508 -3.3713,
		 3.0586 0.0508 -3.3763,
		 3.0602 0.0508 -3.3809,
		 3.0635 0.0508 -3.3847,
		 3.0679 0.0508 -3.3869,
		 3.0729 0.0508 -3.3872,
		 3.0776 0.0508 -3.3856,
		 3.0813 0.0508 -3.3823,
		 3.0835 0.0508 -3.3779,
		 3.0838 0.0508 -3.3729,
		 3.0822 0.0508 -3.3682,
		 3.0790 0.0508 -3.3645,
		 3.0745 0.0508 -3.3623
		]
	} #Coordinate3
	Material {
		ambientColor      0.1951 0.1951 0.1951  #ambientColor
		diffuseColor      0.7804 0.7804 0.7804  #diffuseColor
		transparency      0.0000                #transparency
	} #Material

	IndexedFaceSet {
		coordIndex [ 
		 0, 1, 2, 3, 4, 5, 6, 7, 8, 9, 10, 11, 12, 13, 14, 15,-1,
		 15, 14, 13, 12, 11, 10, 9, 8, 7, 6, 5, 4, 3, 2, 1, 0,-1,
		 0, 15, 31, 16,-1,
		 16, 31, 15, 0,-1,
		 1, 0, 16, 17,-1,
		 17, 16, 0, 1,-1,
		 2, 1, 17, 18,-1,
		 18, 17, 1, 2,-1,
		 3, 2, 18, 19,-1,
		 19, 18, 2, 3,-1,
		 4, 3, 19, 20,-1,
		 20, 19, 3, 4,-1,
		 5, 4, 20, 21,-1,
		 21, 20, 4, 5,-1,
		 6, 5, 21, 22,-1,
		 22, 21, 5, 6,-1,
		 7, 6, 22, 23,-1,
		 23, 22, 6, 7,-1,
		 8, 7, 23, 24,-1,
		 24, 23, 7, 8,-1,
		 9, 8, 24, 25,-1,
		 25, 24, 8, 9,-1,
		 10, 9, 25, 26,-1,
		 26, 25, 9, 10,-1,
		 11, 10, 26, 27,-1,
		 27, 26, 10, 11,-1,
		 12, 11, 27, 28,-1,
		 28, 27, 11, 12,-1,
		 13, 12, 28, 29,-1,
		 29, 28, 12, 13,-1,
		 14, 13, 29, 30,-1,
		 30, 29, 13, 14,-1,
		 15, 14, 30, 31,-1,
		 31, 30, 14, 15,-1,
		 31, 30, 29, 28, 27, 26, 25, 24, 23, 22, 21, 20, 19, 18, 17, 16,-1,
		 16, 17, 18, 19, 20, 21, 22, 23, 24, 25, 26, 27, 28, 29, 30, 31,-1,
		]
	} #IndexedFaceSet
} #Polyhedron
Separator { #Polyhedron
	DEF COORD52 Coordinate3 {
		point [
		 2.9249 0.1016 -3.9017,
		 2.9203 0.1016 -3.9033,
		 2.9165 0.1016 -3.9066,
		 2.9143 0.1016 -3.9110,
		 2.9140 0.1016 -3.9160,
		 2.9156 0.1016 -3.9207,
		 2.9189 0.1016 -3.9244,
		 2.9233 0.1016 -3.9266,
		 2.9283 0.1016 -3.9269,
		 2.9330 0.1016 -3.9253,
		 2.9367 0.1016 -3.9220,
		 2.9389 0.1016 -3.9176,
		 2.9392 0.1016 -3.9126,
		 2.9376 0.1016 -3.9080,
		 2.9343 0.1016 -3.9042,
		 2.9299 0.1016 -3.9020,
		 2.9249 0.0508 -3.9017,
		 2.9203 0.0508 -3.9033,
		 2.9165 0.0508 -3.9066,
		 2.9143 0.0508 -3.9110,
		 2.9140 0.0508 -3.9160,
		 2.9156 0.0508 -3.9207,
		 2.9189 0.0508 -3.9244,
		 2.9233 0.0508 -3.9266,
		 2.9283 0.0508 -3.9269,
		 2.9330 0.0508 -3.9253,
		 2.9367 0.0508 -3.9220,
		 2.9389 0.0508 -3.9176,
		 2.9392 0.0508 -3.9126,
		 2.9376 0.0508 -3.9080,
		 2.9343 0.0508 -3.9042,
		 2.9299 0.0508 -3.9020
		]
	} #Coordinate3
	Material {
		ambientColor      0.1951 0.1951 0.1951  #ambientColor
		diffuseColor      0.7804 0.7804 0.7804  #diffuseColor
		transparency      0.0000                #transparency
	} #Material

	IndexedFaceSet {
		coordIndex [ 
		 0, 1, 2, 3, 4, 5, 6, 7, 8, 9, 10, 11, 12, 13, 14, 15,-1,
		 15, 14, 13, 12, 11, 10, 9, 8, 7, 6, 5, 4, 3, 2, 1, 0,-1,
		 0, 15, 31, 16,-1,
		 16, 31, 15, 0,-1,
		 1, 0, 16, 17,-1,
		 17, 16, 0, 1,-1,
		 2, 1, 17, 18,-1,
		 18, 17, 1, 2,-1,
		 3, 2, 18, 19,-1,
		 19, 18, 2, 3,-1,
		 4, 3, 19, 20,-1,
		 20, 19, 3, 4,-1,
		 5, 4, 20, 21,-1,
		 21, 20, 4, 5,-1,
		 6, 5, 21, 22,-1,
		 22, 21, 5, 6,-1,
		 7, 6, 22, 23,-1,
		 23, 22, 6, 7,-1,
		 8, 7, 23, 24,-1,
		 24, 23, 7, 8,-1,
		 9, 8, 24, 25,-1,
		 25, 24, 8, 9,-1,
		 10, 9, 25, 26,-1,
		 26, 25, 9, 10,-1,
		 11, 10, 26, 27,-1,
		 27, 26, 10, 11,-1,
		 12, 11, 27, 28,-1,
		 28, 27, 11, 12,-1,
		 13, 12, 28, 29,-1,
		 29, 28, 12, 13,-1,
		 14, 13, 29, 30,-1,
		 30, 29, 13, 14,-1,
		 15, 14, 30, 31,-1,
		 31, 30, 14, 15,-1,
		 31, 30, 29, 28, 27, 26, 25, 24, 23, 22, 21, 20, 19, 18, 17, 16,-1,
		 16, 17, 18, 19, 20, 21, 22, 23, 24, 25, 26, 27, 28, 29, 30, 31,-1,
		]
	} #IndexedFaceSet
} #Polyhedron
Separator { #Polyhedron
	DEF COORD53 Coordinate3 {
		point [
		 2.7274 0.1016 -3.5596,
		 2.7227 0.1016 -3.5611,
		 2.7190 0.1016 -3.5644,
		 2.7168 0.1016 -3.5689,
		 2.7165 0.1016 -3.5738,
		 2.7181 0.1016 -3.5785,
		 2.7213 0.1016 -3.5822,
		 2.7258 0.1016 -3.5844,
		 2.7307 0.1016 -3.5847,
		 2.7354 0.1016 -3.5831,
		 2.7391 0.1016 -3.5799,
		 2.7413 0.1016 -3.5754,
		 2.7417 0.1016 -3.5705,
		 2.7401 0.1016 -3.5658,
		 2.7368 0.1016 -3.5621,
		 2.7323 0.1016 -3.5599,
		 2.7274 0.0508 -3.5596,
		 2.7227 0.0508 -3.5611,
		 2.7190 0.0508 -3.5644,
		 2.7168 0.0508 -3.5689,
		 2.7165 0.0508 -3.5738,
		 2.7181 0.0508 -3.5785,
		 2.7213 0.0508 -3.5822,
		 2.7258 0.0508 -3.5844,
		 2.7307 0.0508 -3.5847,
		 2.7354 0.0508 -3.5831,
		 2.7391 0.0508 -3.5799,
		 2.7413 0.0508 -3.5754,
		 2.7417 0.0508 -3.5705,
		 2.7401 0.0508 -3.5658,
		 2.7368 0.0508 -3.5621,
		 2.7323 0.0508 -3.5599
		]
	} #Coordinate3
	Material {
		ambientColor      0.1951 0.1951 0.1951  #ambientColor
		diffuseColor      0.7804 0.7804 0.7804  #diffuseColor
		transparency      0.0000                #transparency
	} #Material

	IndexedFaceSet {
		coordIndex [ 
		 0, 1, 2, 3, 4, 5, 6, 7, 8, 9, 10, 11, 12, 13, 14, 15,-1,
		 15, 14, 13, 12, 11, 10, 9, 8, 7, 6, 5, 4, 3, 2, 1, 0,-1,
		 0, 15, 31, 16,-1,
		 16, 31, 15, 0,-1,
		 1, 0, 16, 17,-1,
		 17, 16, 0, 1,-1,
		 2, 1, 17, 18,-1,
		 18, 17, 1, 2,-1,
		 3, 2, 18, 19,-1,
		 19, 18, 2, 3,-1,
		 4, 3, 19, 20,-1,
		 20, 19, 3, 4,-1,
		 5, 4, 20, 21,-1,
		 21, 20, 4, 5,-1,
		 6, 5, 21, 22,-1,
		 22, 21, 5, 6,-1,
		 7, 6, 22, 23,-1,
		 23, 22, 6, 7,-1,
		 8, 7, 23, 24,-1,
		 24, 23, 7, 8,-1,
		 9, 8, 24, 25,-1,
		 25, 24, 8, 9,-1,
		 10, 9, 25, 26,-1,
		 26, 25, 9, 10,-1,
		 11, 10, 26, 27,-1,
		 27, 26, 10, 11,-1,
		 12, 11, 27, 28,-1,
		 28, 27, 11, 12,-1,
		 13, 12, 28, 29,-1,
		 29, 28, 12, 13,-1,
		 14, 13, 29, 30,-1,
		 30, 29, 13, 14,-1,
		 15, 14, 30, 31,-1,
		 31, 30, 14, 15,-1,
		 31, 30, 29, 28, 27, 26, 25, 24, 23, 22, 21, 20, 19, 18, 17, 16,-1,
		 16, 17, 18, 19, 20, 21, 22, 23, 24, 25, 26, 27, 28, 29, 30, 31,-1,
		]
	} #IndexedFaceSet
} #Polyhedron
Separator { #Polyhedron
	DEF COORD54 Coordinate3 {
		point [
		 2.9266 0.0508 -3.9143,
		 2.9246 0.0457 -3.8992,
		 2.9190 0.0457 -3.9011,
		 2.9145 0.0457 -3.9050,
		 2.9119 0.0457 -3.9104,
		 2.9115 0.0457 -3.9163,
		 2.9134 0.0457 -3.9219,
		 2.9173 0.0457 -3.9264,
		 2.9227 0.0457 -3.9290,
		 2.9286 0.0457 -3.9294,
		 2.9342 0.0457 -3.9275,
		 2.9387 0.0457 -3.9236,
		 2.9413 0.0457 -3.9182,
		 2.9417 0.0457 -3.9123,
		 2.9398 0.0457 -3.9067,
		 2.9359 0.0457 -3.9022,
		 2.9306 0.0457 -3.8996,
		 2.9240 0.0406 -3.8942,
		 2.9164 0.0406 -3.8967,
		 2.9105 0.0406 -3.9019,
		 2.9070 0.0406 -3.9090,
		 2.9065 0.0406 -3.9170,
		 2.9090 0.0406 -3.9245,
		 2.9142 0.0406 -3.9304,
		 2.9213 0.0406 -3.9339,
		 2.9293 0.0406 -3.9344,
		 2.9368 0.0406 -3.9319,
		 2.9427 0.0406 -3.9267,
		 2.9462 0.0406 -3.9196,
		 2.9468 0.0406 -3.9117,
		 2.9442 0.0406 -3.9041,
		 2.9390 0.0406 -3.8982,
		 2.9319 0.0406 -3.8947,
		 2.9236 0.0356 -3.8912,
		 2.9150 0.0356 -3.8941,
		 2.9081 0.0356 -3.9001,
		 2.9041 0.0356 -3.9083,
		 2.9035 0.0356 -3.9173,
		 2.9064 0.0356 -3.9259,
		 2.9124 0.0356 -3.9328,
		 2.9206 0.0356 -3.9368,
		 2.9296 0.0356 -3.9374,
		 2.9382 0.0356 -3.9345,
		 2.9451 0.0356 -3.9285,
		 2.9491 0.0356 -3.9203,
		 2.9497 0.0356 -3.9113,
		 2.9468 0.0356 -3.9027,
		 2.9408 0.0356 -3.8958,
		 2.9326 0.0356 -3.8918,
		 2.9234 0.0305 -3.8896,
		 2.9142 0.0305 -3.8928,
		 2.9069 0.0305 -3.8992,
		 2.9026 0.0305 -3.9079,
		 2.9019 0.0305 -3.9176,
		 2.9051 0.0305 -3.9267,
		 2.9115 0.0305 -3.9340,
		 2.9202 0.0305 -3.9383,
		 2.9299 0.0305 -3.9390,
		 2.9390 0.0305 -3.9359,
		 2.9463 0.0305 -3.9295,
		 2.9506 0.0305 -3.9207,
		 2.9513 0.0305 -3.9111,
		 2.9482 0.0305 -3.9019,
		 2.9418 0.0305 -3.8946,
		 2.9330 0.0305 -3.8903,
		 2.9233 0.0254 -3.8891,
		 2.9139 0.0254 -3.8923,
		 2.9065 0.0254 -3.8988,
		 2.9021 0.0254 -3.9077,
		 2.9014 0.0254 -3.9176,
		 2.9046 0.0254 -3.9270,
		 2.9111 0.0254 -3.9345,
		 2.9200 0.0254 -3.9388,
		 2.9299 0.0254 -3.9395,
		 2.9393 0.0254 -3.9363,
		 2.9468 0.0254 -3.9298,
		 2.9511 0.0254 -3.9209,
		 2.9518 0.0254 -3.9110,
		 2.9486 0.0254 -3.9016,
		 2.9421 0.0254 -3.8942,
		 2.9332 0.0254 -3.8898,
		 2.9234 0.0203 -3.8896,
		 2.9142 0.0203 -3.8928,
		 2.9069 0.0203 -3.8992,
		 2.9026 0.0203 -3.9079,
		 2.9019 0.0203 -3.9176,
		 2.9051 0.0203 -3.9267,
		 2.9115 0.0203 -3.9340,
		 2.9202 0.0203 -3.9383,
		 2.9299 0.0203 -3.9390,
		 2.9390 0.0203 -3.9359,
		 2.9463 0.0203 -3.9295,
		 2.9506 0.0203 -3.9207,
		 2.9513 0.0203 -3.9111,
		 2.9482 0.0203 -3.9019,
		 2.9418 0.0203 -3.8946,
		 2.9330 0.0203 -3.8903,
		 2.9236 0.0152 -3.8912,
		 2.9150 0.0152 -3.8941,
		 2.9081 0.0152 -3.9001,
		 2.9041 0.0152 -3.9083,
		 2.9035 0.0152 -3.9173,
		 2.9064 0.0152 -3.9259,
		 2.9124 0.0152 -3.9328,
		 2.9206 0.0152 -3.9368,
		 2.9296 0.0152 -3.9374,
		 2.9382 0.0152 -3.9345,
		 2.9451 0.0152 -3.9285,
		 2.9491 0.0152 -3.9203,
		 2.9497 0.0152 -3.9113,
		 2.9468 0.0152 -3.9027,
		 2.9408 0.0152 -3.8958,
		 2.9326 0.0152 -3.8918,
		 2.9240 0.0102 -3.8942,
		 2.9164 0.0102 -3.8967,
		 2.9105 0.0102 -3.9019,
		 2.9070 0.0102 -3.9090,
		 2.9065 0.0102 -3.9170,
		 2.9090 0.0102 -3.9245,
		 2.9142 0.0102 -3.9304,
		 2.9213 0.0102 -3.9339,
		 2.9293 0.0102 -3.9344,
		 2.9368 0.0102 -3.9319,
		 2.9427 0.0102 -3.9267,
		 2.9462 0.0102 -3.9196,
		 2.9468 0.0102 -3.9117,
		 2.9442 0.0102 -3.9041,
		 2.9390 0.0102 -3.8982,
		 2.9319 0.0102 -3.8947,
		 2.9246 0.0051 -3.8992,
		 2.9190 0.0051 -3.9011,
		 2.9145 0.0051 -3.9050,
		 2.9119 0.0051 -3.9104,
		 2.9115 0.0051 -3.9163,
		 2.9134 0.0051 -3.9219,
		 2.9173 0.0051 -3.9264,
		 2.9227 0.0051 -3.9290,
		 2.9286 0.0051 -3.9294,
		 2.9342 0.0051 -3.9275,
		 2.9387 0.0051 -3.9236,
		 2.9413 0.0051 -3.9182,
		 2.9417 0.0051 -3.9123,
		 2.9398 0.0051 -3.9067,
		 2.9359 0.0051 -3.9022,
		 2.9306 0.0051 -3.8996,
		 2.9266 0.0000 -3.9143
		]
	} #Coordinate3
	Material {
		ambientColor      0.1176 0.1176 0.1176  #ambientColor
		diffuseColor      0.4706 0.4706 0.4706  #diffuseColor
		transparency      0.0000                #transparency
	} #Material

	IndexedFaceSet {
		coordIndex [ 
		 0, 16, 1,-1,
		 1, 16, 0,-1,
		 0, 1, 2,-1,
		 2, 1, 0,-1,
		 0, 2, 3,-1,
		 3, 2, 0,-1,
		 0, 3, 4,-1,
		 4, 3, 0,-1,
		 0, 4, 5,-1,
		 5, 4, 0,-1,
		 0, 5, 6,-1,
		 6, 5, 0,-1,
		 0, 6, 7,-1,
		 7, 6, 0,-1,
		 0, 7, 8,-1,
		 8, 7, 0,-1,
		 0, 8, 9,-1,
		 9, 8, 0,-1,
		 0, 9, 10,-1,
		 10, 9, 0,-1,
		 0, 10, 11,-1,
		 11, 10, 0,-1,
		 0, 11, 12,-1,
		 12, 11, 0,-1,
		 0, 12, 13,-1,
		 13, 12, 0,-1,
		 0, 13, 14,-1,
		 14, 13, 0,-1,
		 0, 14, 15,-1,
		 15, 14, 0,-1,
		 0, 15, 16,-1,
		 16, 15, 0,-1,
		 1, 16, 32, 17,-1,
		 17, 32, 16, 1,-1,
		 2, 1, 17, 18,-1,
		 18, 17, 1, 2,-1,
		 3, 2, 18, 19,-1,
		 19, 18, 2, 3,-1,
		 4, 3, 19, 20,-1,
		 20, 19, 3, 4,-1,
		 5, 4, 20, 21,-1,
		 21, 20, 4, 5,-1,
		 6, 5, 21, 22,-1,
		 22, 21, 5, 6,-1,
		 7, 6, 22, 23,-1,
		 23, 22, 6, 7,-1,
		 8, 7, 23, 24,-1,
		 24, 23, 7, 8,-1,
		 9, 8, 24, 25,-1,
		 25, 24, 8, 9,-1,
		 10, 9, 25, 26,-1,
		 26, 25, 9, 10,-1,
		 11, 10, 26, 27,-1,
		 27, 26, 10, 11,-1,
		 12, 11, 27, 28,-1,
		 28, 27, 11, 12,-1,
		 13, 12, 28, 29,-1,
		 29, 28, 12, 13,-1,
		 14, 13, 29, 30,-1,
		 30, 29, 13, 14,-1,
		 15, 14, 30, 31,-1,
		 31, 30, 14, 15,-1,
		 16, 15, 31, 32,-1,
		 32, 31, 15, 16,-1,
		 17, 32, 48, 33,-1,
		 33, 48, 32, 17,-1,
		 18, 17, 33, 34,-1,
		 34, 33, 17, 18,-1,
		 19, 18, 34, 35,-1,
		 35, 34, 18, 19,-1,
		 20, 19, 35, 36,-1,
		 36, 35, 19, 20,-1,
		 21, 20, 36, 37,-1,
		 37, 36, 20, 21,-1,
		 22, 21, 37, 38,-1,
		 38, 37, 21, 22,-1,
		 23, 22, 38, 39,-1,
		 39, 38, 22, 23,-1,
		 24, 23, 39, 40,-1,
		 40, 39, 23, 24,-1,
		 25, 24, 40, 41,-1,
		 41, 40, 24, 25,-1,
		 26, 25, 41, 42,-1,
		 42, 41, 25, 26,-1,
		 27, 26, 42, 43,-1,
		 43, 42, 26, 27,-1,
		 28, 27, 43, 44,-1,
		 44, 43, 27, 28,-1,
		 29, 28, 44, 45,-1,
		 45, 44, 28, 29,-1,
		 30, 29, 45, 46,-1,
		 46, 45, 29, 30,-1,
		 31, 30, 46, 47,-1,
		 47, 46, 30, 31,-1,
		 32, 31, 47, 48,-1,
		 48, 47, 31, 32,-1,
		 33, 48, 64, 49,-1,
		 49, 64, 48, 33,-1,
		 34, 33, 49, 50,-1,
		 50, 49, 33, 34,-1,
		 35, 34, 50, 51,-1,
		 51, 50, 34, 35,-1,
		 36, 35, 51, 52,-1,
		 52, 51, 35, 36,-1,
		 37, 36, 52, 53,-1,
		 53, 52, 36, 37,-1,
		 38, 37, 53, 54,-1,
		 54, 53, 37, 38,-1,
		 39, 38, 54, 55,-1,
		 55, 54, 38, 39,-1,
		 40, 39, 55, 56,-1,
		 56, 55, 39, 40,-1,
		 41, 40, 56, 57,-1,
		 57, 56, 40, 41,-1,
		 42, 41, 57, 58,-1,
		 58, 57, 41, 42,-1,
		 43, 42, 58, 59,-1,
		 59, 58, 42, 43,-1,
		 44, 43, 59, 60,-1,
		 60, 59, 43, 44,-1,
		 45, 44, 60, 61,-1,
		 61, 60, 44, 45,-1,
		 46, 45, 61, 62,-1,
		 62, 61, 45, 46,-1,
		 47, 46, 62, 63,-1,
		 63, 62, 46, 47,-1,
		 48, 47, 63, 64,-1,
		 64, 63, 47, 48,-1,
		 49, 64, 80, 65,-1,
		 65, 80, 64, 49,-1,
		 50, 49, 65, 66,-1,
		 66, 65, 49, 50,-1,
		 51, 50, 66, 67,-1,
		 67, 66, 50, 51,-1,
		 52, 51, 67, 68,-1,
		 68, 67, 51, 52,-1,
		 53, 52, 68, 69,-1,
		 69, 68, 52, 53,-1,
		 54, 53, 69, 70,-1,
		 70, 69, 53, 54,-1,
		 55, 54, 70, 71,-1,
		 71, 70, 54, 55,-1,
		 56, 55, 71, 72,-1,
		 72, 71, 55, 56,-1,
		 57, 56, 72, 73,-1,
		 73, 72, 56, 57,-1,
		 58, 57, 73, 74,-1,
		 74, 73, 57, 58,-1,
		 59, 58, 74, 75,-1,
		 75, 74, 58, 59,-1,
		 60, 59, 75, 76,-1,
		 76, 75, 59, 60,-1,
		 61, 60, 76, 77,-1,
		 77, 76, 60, 61,-1,
		 62, 61, 77, 78,-1,
		 78, 77, 61, 62,-1,
		 63, 62, 78, 79,-1,
		 79, 78, 62, 63,-1,
		 64, 63, 79, 80,-1,
		 80, 79, 63, 64,-1,
		 65, 80, 96, 81,-1,
		 81, 96, 80, 65,-1,
		 66, 65, 81, 82,-1,
		 82, 81, 65, 66,-1,
		 67, 66, 82, 83,-1,
		 83, 82, 66, 67,-1,
		 68, 67, 83, 84,-1,
		 84, 83, 67, 68,-1,
		 69, 68, 84, 85,-1,
		 85, 84, 68, 69,-1,
		 70, 69, 85, 86,-1,
		 86, 85, 69, 70,-1,
		 71, 70, 86, 87,-1,
		 87, 86, 70, 71,-1,
		 72, 71, 87, 88,-1,
		 88, 87, 71, 72,-1,
		 73, 72, 88, 89,-1,
		 89, 88, 72, 73,-1,
		 74, 73, 89, 90,-1,
		 90, 89, 73, 74,-1,
		 75, 74, 90, 91,-1,
		 91, 90, 74, 75,-1,
		 76, 75, 91, 92,-1,
		 92, 91, 75, 76,-1,
		 77, 76, 92, 93,-1,
		 93, 92, 76, 77,-1,
		 78, 77, 93, 94,-1,
		 94, 93, 77, 78,-1,
		 79, 78, 94, 95,-1,
		 95, 94, 78, 79,-1,
		 80, 79, 95, 96,-1,
		 96, 95, 79, 80,-1,
		 81, 96, 112, 97,-1,
		 97, 112, 96, 81,-1,
		 82, 81, 97, 98,-1,
		 98, 97, 81, 82,-1,
		 83, 82, 98, 99,-1,
		 99, 98, 82, 83,-1,
		 84, 83, 99, 100,-1,
		 100, 99, 83, 84,-1,
		 85, 84, 100, 101,-1,
		 101, 100, 84, 85,-1,
		 86, 85, 101, 102,-1,
		 102, 101, 85, 86,-1,
		 87, 86, 102, 103,-1,
		 103, 102, 86, 87,-1,
		 88, 87, 103, 104,-1,
		 104, 103, 87, 88,-1,
		 89, 88, 104, 105,-1,
		 105, 104, 88, 89,-1,
		 90, 89, 105, 106,-1,
		 106, 105, 89, 90,-1,
		 91, 90, 106, 107,-1,
		 107, 106, 90, 91,-1,
		 92, 91, 107, 108,-1,
		 108, 107, 91, 92,-1,
		 93, 92, 108, 109,-1,
		 109, 108, 92, 93,-1,
		 94, 93, 109, 110,-1,
		 110, 109, 93, 94,-1,
		 95, 94, 110, 111,-1,
		 111, 110, 94, 95,-1,
		 96, 95, 111, 112,-1,
		 112, 111, 95, 96,-1,
		 97, 112, 128, 113,-1,
		 113, 128, 112, 97,-1,
		 98, 97, 113, 114,-1,
		 114, 113, 97, 98,-1,
		 99, 98, 114, 115,-1,
		 115, 114, 98, 99,-1,
		 100, 99, 115, 116,-1,
		 116, 115, 99, 100,-1,
		 101, 100, 116, 117,-1,
		 117, 116, 100, 101,-1,
		 102, 101, 117, 118,-1,
		 118, 117, 101, 102,-1,
		 103, 102, 118, 119,-1,
		 119, 118, 102, 103,-1,
		 104, 103, 119, 120,-1,
		 120, 119, 103, 104,-1,
		 105, 104, 120, 121,-1,
		 121, 120, 104, 105,-1,
		 106, 105, 121, 122,-1,
		 122, 121, 105, 106,-1,
		 107, 106, 122, 123,-1,
		 123, 122, 106, 107,-1,
		 108, 107, 123, 124,-1,
		 124, 123, 107, 108,-1,
		 109, 108, 124, 125,-1,
		 125, 124, 108, 109,-1,
		 110, 109, 125, 126,-1,
		 126, 125, 109, 110,-1,
		 111, 110, 126, 127,-1,
		 127, 126, 110, 111,-1,
		 112, 111, 127, 128,-1,
		 128, 127, 111, 112,-1,
		 113, 128, 144, 129,-1,
		 129, 144, 128, 113,-1,
		 114, 113, 129, 130,-1,
		 130, 129, 113, 114,-1,
		 115, 114, 130, 131,-1,
		 131, 130, 114, 115,-1,
		 116, 115, 131, 132,-1,
		 132, 131, 115, 116,-1,
		 117, 116, 132, 133,-1,
		 133, 132, 116, 117,-1,
		 118, 117, 133, 134,-1,
		 134, 133, 117, 118,-1,
		 119, 118, 134, 135,-1,
		 135, 134, 118, 119,-1,
		 120, 119, 135, 136,-1,
		 136, 135, 119, 120,-1,
		 121, 120, 136, 137,-1,
		 137, 136, 120, 121,-1,
		 122, 121, 137, 138,-1,
		 138, 137, 121, 122,-1,
		 123, 122, 138, 139,-1,
		 139, 138, 122, 123,-1,
		 124, 123, 139, 140,-1,
		 140, 139, 123, 124,-1,
		 125, 124, 140, 141,-1,
		 141, 140, 124, 125,-1,
		 126, 125, 141, 142,-1,
		 142, 141, 125, 126,-1,
		 127, 126, 142, 143,-1,
		 143, 142, 126, 127,-1,
		 128, 127, 143, 144,-1,
		 144, 143, 127, 128,-1,
		 129, 144, 145,-1,
		 145, 144, 129,-1,
		 130, 129, 145,-1,
		 145, 129, 130,-1,
		 131, 130, 145,-1,
		 145, 130, 131,-1,
		 132, 131, 145,-1,
		 145, 131, 132,-1,
		 133, 132, 145,-1,
		 145, 132, 133,-1,
		 134, 133, 145,-1,
		 145, 133, 134,-1,
		 135, 134, 145,-1,
		 145, 134, 135,-1,
		 136, 135, 145,-1,
		 145, 135, 136,-1,
		 137, 136, 145,-1,
		 145, 136, 137,-1,
		 138, 137, 145,-1,
		 145, 137, 138,-1,
		 139, 138, 145,-1,
		 145, 138, 139,-1,
		 140, 139, 145,-1,
		 145, 139, 140,-1,
		 141, 140, 145,-1,
		 145, 140, 141,-1,
		 142, 141, 145,-1,
		 145, 141, 142,-1,
		 143, 142, 145,-1,
		 145, 142, 143,-1,
		 144, 143, 145,-1,
		 145, 143, 144,-1,
		]
	} #IndexedFaceSet
} #Polyhedron
Separator { #Polyhedron
	DEF COORD55 Coordinate3 {
		point [
		 2.7291 0.0508 -3.5721,
		 2.7271 0.0457 -3.5570,
		 2.7214 0.0457 -3.5589,
		 2.7170 0.0457 -3.5629,
		 2.7143 0.0457 -3.5682,
		 2.7140 0.0457 -3.5741,
		 2.7159 0.0457 -3.5798,
		 2.7198 0.0457 -3.5842,
		 2.7251 0.0457 -3.5869,
		 2.7311 0.0457 -3.5873,
		 2.7367 0.0457 -3.5853,
		 2.7412 0.0457 -3.5814,
		 2.7438 0.0457 -3.5761,
		 2.7442 0.0457 -3.5702,
		 2.7423 0.0457 -3.5645,
		 2.7383 0.0457 -3.5601,
		 2.7330 0.0457 -3.5574,
		 2.7264 0.0406 -3.5520,
		 2.7189 0.0406 -3.5545,
		 2.7129 0.0406 -3.5598,
		 2.7094 0.0406 -3.5669,
		 2.7089 0.0406 -3.5748,
		 2.7115 0.0406 -3.5823,
		 2.7167 0.0406 -3.5883,
		 2.7238 0.0406 -3.5918,
		 2.7317 0.0406 -3.5923,
		 2.7392 0.0406 -3.5897,
		 2.7452 0.0406 -3.5845,
		 2.7487 0.0406 -3.5774,
		 2.7492 0.0406 -3.5695,
		 2.7467 0.0406 -3.5620,
		 2.7414 0.0406 -3.5560,
		 2.7343 0.0406 -3.5525,
		 2.7260 0.0356 -3.5491,
		 2.7174 0.0356 -3.5520,
		 2.7106 0.0356 -3.5580,
		 2.7066 0.0356 -3.5661,
		 2.7060 0.0356 -3.5752,
		 2.7089 0.0356 -3.5838,
		 2.7149 0.0356 -3.5906,
		 2.7230 0.0356 -3.5946,
		 2.7321 0.0356 -3.5952,
		 2.7407 0.0356 -3.5923,
		 2.7475 0.0356 -3.5863,
		 2.7515 0.0356 -3.5782,
		 2.7521 0.0356 -3.5691,
		 2.7492 0.0356 -3.5605,
		 2.7432 0.0356 -3.5537,
		 2.7351 0.0356 -3.5497,
		 2.7258 0.0305 -3.5475,
		 2.7166 0.0305 -3.5506,
		 2.7093 0.0305 -3.5570,
		 2.7050 0.0305 -3.5657,
		 2.7044 0.0305 -3.5754,
		 2.7075 0.0305 -3.5846,
		 2.7139 0.0305 -3.5919,
		 2.7226 0.0305 -3.5962,
		 2.7323 0.0305 -3.5968,
		 2.7415 0.0305 -3.5937,
		 2.7488 0.0305 -3.5873,
		 2.7531 0.0305 -3.5786,
		 2.7537 0.0305 -3.5689,
		 2.7506 0.0305 -3.5597,
		 2.7442 0.0305 -3.5524,
		 2.7355 0.0305 -3.5481,
		 2.7257 0.0254 -3.5470,
		 2.7164 0.0254 -3.5501,
		 2.7089 0.0254 -3.5567,
		 2.7045 0.0254 -3.5656,
		 2.7039 0.0254 -3.5755,
		 2.7071 0.0254 -3.5848,
		 2.7136 0.0254 -3.5923,
		 2.7225 0.0254 -3.5967,
		 2.7324 0.0254 -3.5973,
		 2.7418 0.0254 -3.5941,
		 2.7492 0.0254 -3.5876,
		 2.7536 0.0254 -3.5787,
		 2.7542 0.0254 -3.5688,
		 2.7511 0.0254 -3.5594,
		 2.7445 0.0254 -3.5520,
		 2.7356 0.0254 -3.5476,
		 2.7258 0.0203 -3.5475,
		 2.7166 0.0203 -3.5506,
		 2.7093 0.0203 -3.5570,
		 2.7050 0.0203 -3.5657,
		 2.7044 0.0203 -3.5754,
		 2.7075 0.0203 -3.5846,
		 2.7139 0.0203 -3.5919,
		 2.7226 0.0203 -3.5962,
		 2.7323 0.0203 -3.5968,
		 2.7415 0.0203 -3.5937,
		 2.7488 0.0203 -3.5873,
		 2.7531 0.0203 -3.5786,
		 2.7537 0.0203 -3.5689,
		 2.7506 0.0203 -3.5597,
		 2.7442 0.0203 -3.5524,
		 2.7355 0.0203 -3.5481,
		 2.7260 0.0152 -3.5491,
		 2.7174 0.0152 -3.5520,
		 2.7106 0.0152 -3.5580,
		 2.7066 0.0152 -3.5661,
		 2.7060 0.0152 -3.5752,
		 2.7089 0.0152 -3.5838,
		 2.7149 0.0152 -3.5906,
		 2.7230 0.0152 -3.5946,
		 2.7321 0.0152 -3.5952,
		 2.7407 0.0152 -3.5923,
		 2.7475 0.0152 -3.5863,
		 2.7515 0.0152 -3.5782,
		 2.7521 0.0152 -3.5691,
		 2.7492 0.0152 -3.5605,
		 2.7432 0.0152 -3.5537,
		 2.7351 0.0152 -3.5497,
		 2.7264 0.0102 -3.5520,
		 2.7189 0.0102 -3.5545,
		 2.7129 0.0102 -3.5598,
		 2.7094 0.0102 -3.5669,
		 2.7089 0.0102 -3.5748,
		 2.7115 0.0102 -3.5823,
		 2.7167 0.0102 -3.5883,
		 2.7238 0.0102 -3.5918,
		 2.7317 0.0102 -3.5923,
		 2.7392 0.0102 -3.5897,
		 2.7452 0.0102 -3.5845,
		 2.7487 0.0102 -3.5774,
		 2.7492 0.0102 -3.5695,
		 2.7467 0.0102 -3.5620,
		 2.7414 0.0102 -3.5560,
		 2.7343 0.0102 -3.5525,
		 2.7271 0.0051 -3.5570,
		 2.7214 0.0051 -3.5589,
		 2.7170 0.0051 -3.5629,
		 2.7143 0.0051 -3.5682,
		 2.7140 0.0051 -3.5741,
		 2.7159 0.0051 -3.5798,
		 2.7198 0.0051 -3.5842,
		 2.7251 0.0051 -3.5869,
		 2.7311 0.0051 -3.5873,
		 2.7367 0.0051 -3.5853,
		 2.7412 0.0051 -3.5814,
		 2.7438 0.0051 -3.5761,
		 2.7442 0.0051 -3.5702,
		 2.7423 0.0051 -3.5645,
		 2.7383 0.0051 -3.5601,
		 2.7330 0.0051 -3.5574,
		 2.7291 0.0000 -3.5721
		]
	} #Coordinate3
	Material {
		ambientColor      0.1176 0.1176 0.1176  #ambientColor
		diffuseColor      0.4706 0.4706 0.4706  #diffuseColor
		transparency      0.0000                #transparency
	} #Material

	IndexedFaceSet {
		coordIndex [ 
		 0, 16, 1,-1,
		 1, 16, 0,-1,
		 0, 1, 2,-1,
		 2, 1, 0,-1,
		 0, 2, 3,-1,
		 3, 2, 0,-1,
		 0, 3, 4,-1,
		 4, 3, 0,-1,
		 0, 4, 5,-1,
		 5, 4, 0,-1,
		 0, 5, 6,-1,
		 6, 5, 0,-1,
		 0, 6, 7,-1,
		 7, 6, 0,-1,
		 0, 7, 8,-1,
		 8, 7, 0,-1,
		 0, 8, 9,-1,
		 9, 8, 0,-1,
		 0, 9, 10,-1,
		 10, 9, 0,-1,
		 0, 10, 11,-1,
		 11, 10, 0,-1,
		 0, 11, 12,-1,
		 12, 11, 0,-1,
		 0, 12, 13,-1,
		 13, 12, 0,-1,
		 0, 13, 14,-1,
		 14, 13, 0,-1,
		 0, 14, 15,-1,
		 15, 14, 0,-1,
		 0, 15, 16,-1,
		 16, 15, 0,-1,
		 1, 16, 32, 17,-1,
		 17, 32, 16, 1,-1,
		 2, 1, 17, 18,-1,
		 18, 17, 1, 2,-1,
		 3, 2, 18, 19,-1,
		 19, 18, 2, 3,-1,
		 4, 3, 19, 20,-1,
		 20, 19, 3, 4,-1,
		 5, 4, 20, 21,-1,
		 21, 20, 4, 5,-1,
		 6, 5, 21, 22,-1,
		 22, 21, 5, 6,-1,
		 7, 6, 22, 23,-1,
		 23, 22, 6, 7,-1,
		 8, 7, 23, 24,-1,
		 24, 23, 7, 8,-1,
		 9, 8, 24, 25,-1,
		 25, 24, 8, 9,-1,
		 10, 9, 25, 26,-1,
		 26, 25, 9, 10,-1,
		 11, 10, 26, 27,-1,
		 27, 26, 10, 11,-1,
		 12, 11, 27, 28,-1,
		 28, 27, 11, 12,-1,
		 13, 12, 28, 29,-1,
		 29, 28, 12, 13,-1,
		 14, 13, 29, 30,-1,
		 30, 29, 13, 14,-1,
		 15, 14, 30, 31,-1,
		 31, 30, 14, 15,-1,
		 16, 15, 31, 32,-1,
		 32, 31, 15, 16,-1,
		 17, 32, 48, 33,-1,
		 33, 48, 32, 17,-1,
		 18, 17, 33, 34,-1,
		 34, 33, 17, 18,-1,
		 19, 18, 34, 35,-1,
		 35, 34, 18, 19,-1,
		 20, 19, 35, 36,-1,
		 36, 35, 19, 20,-1,
		 21, 20, 36, 37,-1,
		 37, 36, 20, 21,-1,
		 22, 21, 37, 38,-1,
		 38, 37, 21, 22,-1,
		 23, 22, 38, 39,-1,
		 39, 38, 22, 23,-1,
		 24, 23, 39, 40,-1,
		 40, 39, 23, 24,-1,
		 25, 24, 40, 41,-1,
		 41, 40, 24, 25,-1,
		 26, 25, 41, 42,-1,
		 42, 41, 25, 26,-1,
		 27, 26, 42, 43,-1,
		 43, 42, 26, 27,-1,
		 28, 27, 43, 44,-1,
		 44, 43, 27, 28,-1,
		 29, 28, 44, 45,-1,
		 45, 44, 28, 29,-1,
		 30, 29, 45, 46,-1,
		 46, 45, 29, 30,-1,
		 31, 30, 46, 47,-1,
		 47, 46, 30, 31,-1,
		 32, 31, 47, 48,-1,
		 48, 47, 31, 32,-1,
		 33, 48, 64, 49,-1,
		 49, 64, 48, 33,-1,
		 34, 33, 49, 50,-1,
		 50, 49, 33, 34,-1,
		 35, 34, 50, 51,-1,
		 51, 50, 34, 35,-1,
		 36, 35, 51, 52,-1,
		 52, 51, 35, 36,-1,
		 37, 36, 52, 53,-1,
		 53, 52, 36, 37,-1,
		 38, 37, 53, 54,-1,
		 54, 53, 37, 38,-1,
		 39, 38, 54, 55,-1,
		 55, 54, 38, 39,-1,
		 40, 39, 55, 56,-1,
		 56, 55, 39, 40,-1,
		 41, 40, 56, 57,-1,
		 57, 56, 40, 41,-1,
		 42, 41, 57, 58,-1,
		 58, 57, 41, 42,-1,
		 43, 42, 58, 59,-1,
		 59, 58, 42, 43,-1,
		 44, 43, 59, 60,-1,
		 60, 59, 43, 44,-1,
		 45, 44, 60, 61,-1,
		 61, 60, 44, 45,-1,
		 46, 45, 61, 62,-1,
		 62, 61, 45, 46,-1,
		 47, 46, 62, 63,-1,
		 63, 62, 46, 47,-1,
		 48, 47, 63, 64,-1,
		 64, 63, 47, 48,-1,
		 49, 64, 80, 65,-1,
		 65, 80, 64, 49,-1,
		 50, 49, 65, 66,-1,
		 66, 65, 49, 50,-1,
		 51, 50, 66, 67,-1,
		 67, 66, 50, 51,-1,
		 52, 51, 67, 68,-1,
		 68, 67, 51, 52,-1,
		 53, 52, 68, 69,-1,
		 69, 68, 52, 53,-1,
		 54, 53, 69, 70,-1,
		 70, 69, 53, 54,-1,
		 55, 54, 70, 71,-1,
		 71, 70, 54, 55,-1,
		 56, 55, 71, 72,-1,
		 72, 71, 55, 56,-1,
		 57, 56, 72, 73,-1,
		 73, 72, 56, 57,-1,
		 58, 57, 73, 74,-1,
		 74, 73, 57, 58,-1,
		 59, 58, 74, 75,-1,
		 75, 74, 58, 59,-1,
		 60, 59, 75, 76,-1,
		 76, 75, 59, 60,-1,
		 61, 60, 76, 77,-1,
		 77, 76, 60, 61,-1,
		 62, 61, 77, 78,-1,
		 78, 77, 61, 62,-1,
		 63, 62, 78, 79,-1,
		 79, 78, 62, 63,-1,
		 64, 63, 79, 80,-1,
		 80, 79, 63, 64,-1,
		 65, 80, 96, 81,-1,
		 81, 96, 80, 65,-1,
		 66, 65, 81, 82,-1,
		 82, 81, 65, 66,-1,
		 67, 66, 82, 83,-1,
		 83, 82, 66, 67,-1,
		 68, 67, 83, 84,-1,
		 84, 83, 67, 68,-1,
		 69, 68, 84, 85,-1,
		 85, 84, 68, 69,-1,
		 70, 69, 85, 86,-1,
		 86, 85, 69, 70,-1,
		 71, 70, 86, 87,-1,
		 87, 86, 70, 71,-1,
		 72, 71, 87, 88,-1,
		 88, 87, 71, 72,-1,
		 73, 72, 88, 89,-1,
		 89, 88, 72, 73,-1,
		 74, 73, 89, 90,-1,
		 90, 89, 73, 74,-1,
		 75, 74, 90, 91,-1,
		 91, 90, 74, 75,-1,
		 76, 75, 91, 92,-1,
		 92, 91, 75, 76,-1,
		 77, 76, 92, 93,-1,
		 93, 92, 76, 77,-1,
		 78, 77, 93, 94,-1,
		 94, 93, 77, 78,-1,
		 79, 78, 94, 95,-1,
		 95, 94, 78, 79,-1,
		 80, 79, 95, 96,-1,
		 96, 95, 79, 80,-1,
		 81, 96, 112, 97,-1,
		 97, 112, 96, 81,-1,
		 82, 81, 97, 98,-1,
		 98, 97, 81, 82,-1,
		 83, 82, 98, 99,-1,
		 99, 98, 82, 83,-1,
		 84, 83, 99, 100,-1,
		 100, 99, 83, 84,-1,
		 85, 84, 100, 101,-1,
		 101, 100, 84, 85,-1,
		 86, 85, 101, 102,-1,
		 102, 101, 85, 86,-1,
		 87, 86, 102, 103,-1,
		 103, 102, 86, 87,-1,
		 88, 87, 103, 104,-1,
		 104, 103, 87, 88,-1,
		 89, 88, 104, 105,-1,
		 105, 104, 88, 89,-1,
		 90, 89, 105, 106,-1,
		 106, 105, 89, 90,-1,
		 91, 90, 106, 107,-1,
		 107, 106, 90, 91,-1,
		 92, 91, 107, 108,-1,
		 108, 107, 91, 92,-1,
		 93, 92, 108, 109,-1,
		 109, 108, 92, 93,-1,
		 94, 93, 109, 110,-1,
		 110, 109, 93, 94,-1,
		 95, 94, 110, 111,-1,
		 111, 110, 94, 95,-1,
		 96, 95, 111, 112,-1,
		 112, 111, 95, 96,-1,
		 97, 112, 128, 113,-1,
		 113, 128, 112, 97,-1,
		 98, 97, 113, 114,-1,
		 114, 113, 97, 98,-1,
		 99, 98, 114, 115,-1,
		 115, 114, 98, 99,-1,
		 100, 99, 115, 116,-1,
		 116, 115, 99, 100,-1,
		 101, 100, 116, 117,-1,
		 117, 116, 100, 101,-1,
		 102, 101, 117, 118,-1,
		 118, 117, 101, 102,-1,
		 103, 102, 118, 119,-1,
		 119, 118, 102, 103,-1,
		 104, 103, 119, 120,-1,
		 120, 119, 103, 104,-1,
		 105, 104, 120, 121,-1,
		 121, 120, 104, 105,-1,
		 106, 105, 121, 122,-1,
		 122, 121, 105, 106,-1,
		 107, 106, 122, 123,-1,
		 123, 122, 106, 107,-1,
		 108, 107, 123, 124,-1,
		 124, 123, 107, 108,-1,
		 109, 108, 124, 125,-1,
		 125, 124, 108, 109,-1,
		 110, 109, 125, 126,-1,
		 126, 125, 109, 110,-1,
		 111, 110, 126, 127,-1,
		 127, 126, 110, 111,-1,
		 112, 111, 127, 128,-1,
		 128, 127, 111, 112,-1,
		 113, 128, 144, 129,-1,
		 129, 144, 128, 113,-1,
		 114, 113, 129, 130,-1,
		 130, 129, 113, 114,-1,
		 115, 114, 130, 131,-1,
		 131, 130, 114, 115,-1,
		 116, 115, 131, 132,-1,
		 132, 131, 115, 116,-1,
		 117, 116, 132, 133,-1,
		 133, 132, 116, 117,-1,
		 118, 117, 133, 134,-1,
		 134, 133, 117, 118,-1,
		 119, 118, 134, 135,-1,
		 135, 134, 118, 119,-1,
		 120, 119, 135, 136,-1,
		 136, 135, 119, 120,-1,
		 121, 120, 136, 137,-1,
		 137, 136, 120, 121,-1,
		 122, 121, 137, 138,-1,
		 138, 137, 121, 122,-1,
		 123, 122, 138, 139,-1,
		 139, 138, 122, 123,-1,
		 124, 123, 139, 140,-1,
		 140, 139, 123, 124,-1,
		 125, 124, 140, 141,-1,
		 141, 140, 124, 125,-1,
		 126, 125, 141, 142,-1,
		 142, 141, 125, 126,-1,
		 127, 126, 142, 143,-1,
		 143, 142, 126, 127,-1,
		 128, 127, 143, 144,-1,
		 144, 143, 127, 128,-1,
		 129, 144, 145,-1,
		 145, 144, 129,-1,
		 130, 129, 145,-1,
		 145, 129, 130,-1,
		 131, 130, 145,-1,
		 145, 130, 131,-1,
		 132, 131, 145,-1,
		 145, 131, 132,-1,
		 133, 132, 145,-1,
		 145, 132, 133,-1,
		 134, 133, 145,-1,
		 145, 133, 134,-1,
		 135, 134, 145,-1,
		 145, 134, 135,-1,
		 136, 135, 145,-1,
		 145, 135, 136,-1,
		 137, 136, 145,-1,
		 145, 136, 137,-1,
		 138, 137, 145,-1,
		 145, 137, 138,-1,
		 139, 138, 145,-1,
		 145, 138, 139,-1,
		 140, 139, 145,-1,
		 145, 139, 140,-1,
		 141, 140, 145,-1,
		 145, 140, 141,-1,
		 142, 141, 145,-1,
		 145, 141, 142,-1,
		 143, 142, 145,-1,
		 145, 142, 143,-1,
		 144, 143, 145,-1,
		 145, 143, 144,-1,
		]
	} #IndexedFaceSet
} #Polyhedron
Separator { #Polyhedron
	DEF COORD56 Coordinate3 {
		point [
		 3.0712 0.0508 -3.3746,
		 3.0692 0.0457 -3.3595,
		 3.0636 0.0457 -3.3614,
		 3.0591 0.0457 -3.3653,
		 3.0565 0.0457 -3.3707,
		 3.0561 0.0457 -3.3766,
		 3.0580 0.0457 -3.3822,
		 3.0619 0.0457 -3.3867,
		 3.0673 0.0457 -3.3893,
		 3.0732 0.0457 -3.3897,
		 3.0788 0.0457 -3.3878,
		 3.0833 0.0457 -3.3839,
		 3.0859 0.0457 -3.3785,
		 3.0863 0.0457 -3.3726,
		 3.0844 0.0457 -3.3670,
		 3.0805 0.0457 -3.3625,
		 3.0752 0.0457 -3.3599,
		 3.0686 0.0406 -3.3545,
		 3.0611 0.0406 -3.3570,
		 3.0551 0.0406 -3.3622,
		 3.0516 0.0406 -3.3693,
		 3.0511 0.0406 -3.3773,
		 3.0536 0.0406 -3.3848,
		 3.0589 0.0406 -3.3907,
		 3.0660 0.0406 -3.3942,
		 3.0739 0.0406 -3.3947,
		 3.0814 0.0406 -3.3922,
		 3.0873 0.0406 -3.3870,
		 3.0908 0.0406 -3.3799,
		 3.0914 0.0406 -3.3719,
		 3.0888 0.0406 -3.3644,
		 3.0836 0.0406 -3.3585,
		 3.0765 0.0406 -3.3550,
		 3.0682 0.0356 -3.3515,
		 3.0596 0.0356 -3.3544,
		 3.0528 0.0356 -3.3604,
		 3.0487 0.0356 -3.3686,
		 3.0481 0.0356 -3.3776,
		 3.0511 0.0356 -3.3862,
		 3.0571 0.0356 -3.3931,
		 3.0652 0.0356 -3.3971,
		 3.0743 0.0356 -3.3977,
		 3.0829 0.0356 -3.3948,
		 3.0897 0.0356 -3.3888,
		 3.0937 0.0356 -3.3806,
		 3.0943 0.0356 -3.3716,
		 3.0914 0.0356 -3.3630,
		 3.0854 0.0356 -3.3561,
		 3.0772 0.0356 -3.3521,
		 3.0680 0.0305 -3.3499,
		 3.0588 0.0305 -3.3530,
		 3.0515 0.0305 -3.3594,
		 3.0472 0.0305 -3.3682,
		 3.0465 0.0305 -3.3778,
		 3.0497 0.0305 -3.3870,
		 3.0561 0.0305 -3.3943,
		 3.0648 0.0305 -3.3986,
		 3.0745 0.0305 -3.3993,
		 3.0837 0.0305 -3.3962,
		 3.0910 0.0305 -3.3897,
		 3.0953 0.0305 -3.3810,
		 3.0959 0.0305 -3.3714,
		 3.0928 0.0305 -3.3622,
		 3.0864 0.0305 -3.3549,
		 3.0777 0.0305 -3.3506,
		 3.0679 0.0254 -3.3494,
		 3.0585 0.0254 -3.3526,
		 3.0511 0.0254 -3.3591,
		 3.0467 0.0254 -3.3680,
		 3.0460 0.0254 -3.3779,
		 3.0492 0.0254 -3.3873,
		 3.0558 0.0254 -3.3948,
		 3.0646 0.0254 -3.3991,
		 3.0745 0.0254 -3.3998,
		 3.0839 0.0254 -3.3966,
		 3.0914 0.0254 -3.3901,
		 3.0958 0.0254 -3.3812,
		 3.0964 0.0254 -3.3713,
		 3.0932 0.0254 -3.3619,
		 3.0867 0.0254 -3.3544,
		 3.0778 0.0254 -3.3501,
		 3.0680 0.0203 -3.3499,
		 3.0588 0.0203 -3.3530,
		 3.0515 0.0203 -3.3594,
		 3.0472 0.0203 -3.3682,
		 3.0465 0.0203 -3.3778,
		 3.0497 0.0203 -3.3870,
		 3.0561 0.0203 -3.3943,
		 3.0648 0.0203 -3.3986,
		 3.0745 0.0203 -3.3993,
		 3.0837 0.0203 -3.3962,
		 3.0910 0.0203 -3.3897,
		 3.0953 0.0203 -3.3810,
		 3.0959 0.0203 -3.3714,
		 3.0928 0.0203 -3.3622,
		 3.0864 0.0203 -3.3549,
		 3.0777 0.0203 -3.3506,
		 3.0682 0.0152 -3.3515,
		 3.0596 0.0152 -3.3544,
		 3.0528 0.0152 -3.3604,
		 3.0487 0.0152 -3.3686,
		 3.0481 0.0152 -3.3776,
		 3.0511 0.0152 -3.3862,
		 3.0571 0.0152 -3.3931,
		 3.0652 0.0152 -3.3971,
		 3.0743 0.0152 -3.3977,
		 3.0829 0.0152 -3.3948,
		 3.0897 0.0152 -3.3888,
		 3.0937 0.0152 -3.3806,
		 3.0943 0.0152 -3.3716,
		 3.0914 0.0152 -3.3630,
		 3.0854 0.0152 -3.3561,
		 3.0772 0.0152 -3.3521,
		 3.0686 0.0102 -3.3545,
		 3.0611 0.0102 -3.3570,
		 3.0551 0.0102 -3.3622,
		 3.0516 0.0102 -3.3693,
		 3.0511 0.0102 -3.3773,
		 3.0536 0.0102 -3.3848,
		 3.0589 0.0102 -3.3907,
		 3.0660 0.0102 -3.3942,
		 3.0739 0.0102 -3.3947,
		 3.0814 0.0102 -3.3922,
		 3.0873 0.0102 -3.3870,
		 3.0908 0.0102 -3.3799,
		 3.0914 0.0102 -3.3719,
		 3.0888 0.0102 -3.3644,
		 3.0836 0.0102 -3.3585,
		 3.0765 0.0102 -3.3550,
		 3.0692 0.0051 -3.3595,
		 3.0636 0.0051 -3.3614,
		 3.0591 0.0051 -3.3653,
		 3.0565 0.0051 -3.3707,
		 3.0561 0.0051 -3.3766,
		 3.0580 0.0051 -3.3822,
		 3.0619 0.0051 -3.3867,
		 3.0673 0.0051 -3.3893,
		 3.0732 0.0051 -3.3897,
		 3.0788 0.0051 -3.3878,
		 3.0833 0.0051 -3.3839,
		 3.0859 0.0051 -3.3785,
		 3.0863 0.0051 -3.3726,
		 3.0844 0.0051 -3.3670,
		 3.0805 0.0051 -3.3625,
		 3.0752 0.0051 -3.3599,
		 3.0712 0.0000 -3.3746
		]
	} #Coordinate3
	Material {
		ambientColor      0.1176 0.1176 0.1176  #ambientColor
		diffuseColor      0.4706 0.4706 0.4706  #diffuseColor
		transparency      0.0000                #transparency
	} #Material

	IndexedFaceSet {
		coordIndex [ 
		 0, 16, 1,-1,
		 1, 16, 0,-1,
		 0, 1, 2,-1,
		 2, 1, 0,-1,
		 0, 2, 3,-1,
		 3, 2, 0,-1,
		 0, 3, 4,-1,
		 4, 3, 0,-1,
		 0, 4, 5,-1,
		 5, 4, 0,-1,
		 0, 5, 6,-1,
		 6, 5, 0,-1,
		 0, 6, 7,-1,
		 7, 6, 0,-1,
		 0, 7, 8,-1,
		 8, 7, 0,-1,
		 0, 8, 9,-1,
		 9, 8, 0,-1,
		 0, 9, 10,-1,
		 10, 9, 0,-1,
		 0, 10, 11,-1,
		 11, 10, 0,-1,
		 0, 11, 12,-1,
		 12, 11, 0,-1,
		 0, 12, 13,-1,
		 13, 12, 0,-1,
		 0, 13, 14,-1,
		 14, 13, 0,-1,
		 0, 14, 15,-1,
		 15, 14, 0,-1,
		 0, 15, 16,-1,
		 16, 15, 0,-1,
		 1, 16, 32, 17,-1,
		 17, 32, 16, 1,-1,
		 2, 1, 17, 18,-1,
		 18, 17, 1, 2,-1,
		 3, 2, 18, 19,-1,
		 19, 18, 2, 3,-1,
		 4, 3, 19, 20,-1,
		 20, 19, 3, 4,-1,
		 5, 4, 20, 21,-1,
		 21, 20, 4, 5,-1,
		 6, 5, 21, 22,-1,
		 22, 21, 5, 6,-1,
		 7, 6, 22, 23,-1,
		 23, 22, 6, 7,-1,
		 8, 7, 23, 24,-1,
		 24, 23, 7, 8,-1,
		 9, 8, 24, 25,-1,
		 25, 24, 8, 9,-1,
		 10, 9, 25, 26,-1,
		 26, 25, 9, 10,-1,
		 11, 10, 26, 27,-1,
		 27, 26, 10, 11,-1,
		 12, 11, 27, 28,-1,
		 28, 27, 11, 12,-1,
		 13, 12, 28, 29,-1,
		 29, 28, 12, 13,-1,
		 14, 13, 29, 30,-1,
		 30, 29, 13, 14,-1,
		 15, 14, 30, 31,-1,
		 31, 30, 14, 15,-1,
		 16, 15, 31, 32,-1,
		 32, 31, 15, 16,-1,
		 17, 32, 48, 33,-1,
		 33, 48, 32, 17,-1,
		 18, 17, 33, 34,-1,
		 34, 33, 17, 18,-1,
		 19, 18, 34, 35,-1,
		 35, 34, 18, 19,-1,
		 20, 19, 35, 36,-1,
		 36, 35, 19, 20,-1,
		 21, 20, 36, 37,-1,
		 37, 36, 20, 21,-1,
		 22, 21, 37, 38,-1,
		 38, 37, 21, 22,-1,
		 23, 22, 38, 39,-1,
		 39, 38, 22, 23,-1,
		 24, 23, 39, 40,-1,
		 40, 39, 23, 24,-1,
		 25, 24, 40, 41,-1,
		 41, 40, 24, 25,-1,
		 26, 25, 41, 42,-1,
		 42, 41, 25, 26,-1,
		 27, 26, 42, 43,-1,
		 43, 42, 26, 27,-1,
		 28, 27, 43, 44,-1,
		 44, 43, 27, 28,-1,
		 29, 28, 44, 45,-1,
		 45, 44, 28, 29,-1,
		 30, 29, 45, 46,-1,
		 46, 45, 29, 30,-1,
		 31, 30, 46, 47,-1,
		 47, 46, 30, 31,-1,
		 32, 31, 47, 48,-1,
		 48, 47, 31, 32,-1,
		 33, 48, 64, 49,-1,
		 49, 64, 48, 33,-1,
		 34, 33, 49, 50,-1,
		 50, 49, 33, 34,-1,
		 35, 34, 50, 51,-1,
		 51, 50, 34, 35,-1,
		 36, 35, 51, 52,-1,
		 52, 51, 35, 36,-1,
		 37, 36, 52, 53,-1,
		 53, 52, 36, 37,-1,
		 38, 37, 53, 54,-1,
		 54, 53, 37, 38,-1,
		 39, 38, 54, 55,-1,
		 55, 54, 38, 39,-1,
		 40, 39, 55, 56,-1,
		 56, 55, 39, 40,-1,
		 41, 40, 56, 57,-1,
		 57, 56, 40, 41,-1,
		 42, 41, 57, 58,-1,
		 58, 57, 41, 42,-1,
		 43, 42, 58, 59,-1,
		 59, 58, 42, 43,-1,
		 44, 43, 59, 60,-1,
		 60, 59, 43, 44,-1,
		 45, 44, 60, 61,-1,
		 61, 60, 44, 45,-1,
		 46, 45, 61, 62,-1,
		 62, 61, 45, 46,-1,
		 47, 46, 62, 63,-1,
		 63, 62, 46, 47,-1,
		 48, 47, 63, 64,-1,
		 64, 63, 47, 48,-1,
		 49, 64, 80, 65,-1,
		 65, 80, 64, 49,-1,
		 50, 49, 65, 66,-1,
		 66, 65, 49, 50,-1,
		 51, 50, 66, 67,-1,
		 67, 66, 50, 51,-1,
		 52, 51, 67, 68,-1,
		 68, 67, 51, 52,-1,
		 53, 52, 68, 69,-1,
		 69, 68, 52, 53,-1,
		 54, 53, 69, 70,-1,
		 70, 69, 53, 54,-1,
		 55, 54, 70, 71,-1,
		 71, 70, 54, 55,-1,
		 56, 55, 71, 72,-1,
		 72, 71, 55, 56,-1,
		 57, 56, 72, 73,-1,
		 73, 72, 56, 57,-1,
		 58, 57, 73, 74,-1,
		 74, 73, 57, 58,-1,
		 59, 58, 74, 75,-1,
		 75, 74, 58, 59,-1,
		 60, 59, 75, 76,-1,
		 76, 75, 59, 60,-1,
		 61, 60, 76, 77,-1,
		 77, 76, 60, 61,-1,
		 62, 61, 77, 78,-1,
		 78, 77, 61, 62,-1,
		 63, 62, 78, 79,-1,
		 79, 78, 62, 63,-1,
		 64, 63, 79, 80,-1,
		 80, 79, 63, 64,-1,
		 65, 80, 96, 81,-1,
		 81, 96, 80, 65,-1,
		 66, 65, 81, 82,-1,
		 82, 81, 65, 66,-1,
		 67, 66, 82, 83,-1,
		 83, 82, 66, 67,-1,
		 68, 67, 83, 84,-1,
		 84, 83, 67, 68,-1,
		 69, 68, 84, 85,-1,
		 85, 84, 68, 69,-1,
		 70, 69, 85, 86,-1,
		 86, 85, 69, 70,-1,
		 71, 70, 86, 87,-1,
		 87, 86, 70, 71,-1,
		 72, 71, 87, 88,-1,
		 88, 87, 71, 72,-1,
		 73, 72, 88, 89,-1,
		 89, 88, 72, 73,-1,
		 74, 73, 89, 90,-1,
		 90, 89, 73, 74,-1,
		 75, 74, 90, 91,-1,
		 91, 90, 74, 75,-1,
		 76, 75, 91, 92,-1,
		 92, 91, 75, 76,-1,
		 77, 76, 92, 93,-1,
		 93, 92, 76, 77,-1,
		 78, 77, 93, 94,-1,
		 94, 93, 77, 78,-1,
		 79, 78, 94, 95,-1,
		 95, 94, 78, 79,-1,
		 80, 79, 95, 96,-1,
		 96, 95, 79, 80,-1,
		 81, 96, 112, 97,-1,
		 97, 112, 96, 81,-1,
		 82, 81, 97, 98,-1,
		 98, 97, 81, 82,-1,
		 83, 82, 98, 99,-1,
		 99, 98, 82, 83,-1,
		 84, 83, 99, 100,-1,
		 100, 99, 83, 84,-1,
		 85, 84, 100, 101,-1,
		 101, 100, 84, 85,-1,
		 86, 85, 101, 102,-1,
		 102, 101, 85, 86,-1,
		 87, 86, 102, 103,-1,
		 103, 102, 86, 87,-1,
		 88, 87, 103, 104,-1,
		 104, 103, 87, 88,-1,
		 89, 88, 104, 105,-1,
		 105, 104, 88, 89,-1,
		 90, 89, 105, 106,-1,
		 106, 105, 89, 90,-1,
		 91, 90, 106, 107,-1,
		 107, 106, 90, 91,-1,
		 92, 91, 107, 108,-1,
		 108, 107, 91, 92,-1,
		 93, 92, 108, 109,-1,
		 109, 108, 92, 93,-1,
		 94, 93, 109, 110,-1,
		 110, 109, 93, 94,-1,
		 95, 94, 110, 111,-1,
		 111, 110, 94, 95,-1,
		 96, 95, 111, 112,-1,
		 112, 111, 95, 96,-1,
		 97, 112, 128, 113,-1,
		 113, 128, 112, 97,-1,
		 98, 97, 113, 114,-1,
		 114, 113, 97, 98,-1,
		 99, 98, 114, 115,-1,
		 115, 114, 98, 99,-1,
		 100, 99, 115, 116,-1,
		 116, 115, 99, 100,-1,
		 101, 100, 116, 117,-1,
		 117, 116, 100, 101,-1,
		 102, 101, 117, 118,-1,
		 118, 117, 101, 102,-1,
		 103, 102, 118, 119,-1,
		 119, 118, 102, 103,-1,
		 104, 103, 119, 120,-1,
		 120, 119, 103, 104,-1,
		 105, 104, 120, 121,-1,
		 121, 120, 104, 105,-1,
		 106, 105, 121, 122,-1,
		 122, 121, 105, 106,-1,
		 107, 106, 122, 123,-1,
		 123, 122, 106, 107,-1,
		 108, 107, 123, 124,-1,
		 124, 123, 107, 108,-1,
		 109, 108, 124, 125,-1,
		 125, 124, 108, 109,-1,
		 110, 109, 125, 126,-1,
		 126, 125, 109, 110,-1,
		 111, 110, 126, 127,-1,
		 127, 126, 110, 111,-1,
		 112, 111, 127, 128,-1,
		 128, 127, 111, 112,-1,
		 113, 128, 144, 129,-1,
		 129, 144, 128, 113,-1,
		 114, 113, 129, 130,-1,
		 130, 129, 113, 114,-1,
		 115, 114, 130, 131,-1,
		 131, 130, 114, 115,-1,
		 116, 115, 131, 132,-1,
		 132, 131, 115, 116,-1,
		 117, 116, 132, 133,-1,
		 133, 132, 116, 117,-1,
		 118, 117, 133, 134,-1,
		 134, 133, 117, 118,-1,
		 119, 118, 134, 135,-1,
		 135, 134, 118, 119,-1,
		 120, 119, 135, 136,-1,
		 136, 135, 119, 120,-1,
		 121, 120, 136, 137,-1,
		 137, 136, 120, 121,-1,
		 122, 121, 137, 138,-1,
		 138, 137, 121, 122,-1,
		 123, 122, 138, 139,-1,
		 139, 138, 122, 123,-1,
		 124, 123, 139, 140,-1,
		 140, 139, 123, 124,-1,
		 125, 124, 140, 141,-1,
		 141, 140, 124, 125,-1,
		 126, 125, 141, 142,-1,
		 142, 141, 125, 126,-1,
		 127, 126, 142, 143,-1,
		 143, 142, 126, 127,-1,
		 128, 127, 143, 144,-1,
		 144, 143, 127, 128,-1,
		 129, 144, 145,-1,
		 145, 144, 129,-1,
		 130, 129, 145,-1,
		 145, 129, 130,-1,
		 131, 130, 145,-1,
		 145, 130, 131,-1,
		 132, 131, 145,-1,
		 145, 131, 132,-1,
		 133, 132, 145,-1,
		 145, 132, 133,-1,
		 134, 133, 145,-1,
		 145, 133, 134,-1,
		 135, 134, 145,-1,
		 145, 134, 135,-1,
		 136, 135, 145,-1,
		 145, 135, 136,-1,
		 137, 136, 145,-1,
		 145, 136, 137,-1,
		 138, 137, 145,-1,
		 145, 137, 138,-1,
		 139, 138, 145,-1,
		 145, 138, 139,-1,
		 140, 139, 145,-1,
		 145, 139, 140,-1,
		 141, 140, 145,-1,
		 145, 140, 141,-1,
		 142, 141, 145,-1,
		 145, 141, 142,-1,
		 143, 142, 145,-1,
		 145, 142, 143,-1,
		 144, 143, 145,-1,
		 145, 143, 144,-1,
		]
	} #IndexedFaceSet
} #Polyhedron
Separator { #Polyhedron
	DEF COORD57 Coordinate3 {
		point [
		 3.2688 0.0508 -3.7168,
		 3.2668 0.0457 -3.7016,
		 3.2611 0.0457 -3.7036,
		 3.2567 0.0457 -3.7075,
		 3.2540 0.0457 -3.7128,
		 3.2537 0.0457 -3.7187,
		 3.2556 0.0457 -3.7244,
		 3.2595 0.0457 -3.7288,
		 3.2648 0.0457 -3.7315,
		 3.2708 0.0457 -3.7319,
		 3.2764 0.0457 -3.7300,
		 3.2809 0.0457 -3.7260,
		 3.2835 0.0457 -3.7207,
		 3.2839 0.0457 -3.7148,
		 3.2820 0.0457 -3.7091,
		 3.2780 0.0457 -3.7047,
		 3.2727 0.0457 -3.7020,
		 3.2661 0.0406 -3.6966,
		 3.2586 0.0406 -3.6992,
		 3.2526 0.0406 -3.7044,
		 3.2491 0.0406 -3.7115,
		 3.2486 0.0406 -3.7194,
		 3.2512 0.0406 -3.7269,
		 3.2564 0.0406 -3.7329,
		 3.2635 0.0406 -3.7364,
		 3.2714 0.0406 -3.7369,
		 3.2789 0.0406 -3.7344,
		 3.2849 0.0406 -3.7291,
		 3.2884 0.0406 -3.7220,
		 3.2889 0.0406 -3.7141,
		 3.2864 0.0406 -3.7066,
		 3.2811 0.0406 -3.7006,
		 3.2740 0.0406 -3.6971,
		 3.2657 0.0356 -3.6937,
		 3.2571 0.0356 -3.6966,
		 3.2503 0.0356 -3.7026,
		 3.2463 0.0356 -3.7107,
		 3.2457 0.0356 -3.7198,
		 3.2486 0.0356 -3.7284,
		 3.2546 0.0356 -3.7352,
		 3.2627 0.0356 -3.7392,
		 3.2718 0.0356 -3.7398,
		 3.2804 0.0356 -3.7369,
		 3.2872 0.0356 -3.7309,
		 3.2913 0.0356 -3.7228,
		 3.2918 0.0356 -3.7137,
		 3.2889 0.0356 -3.7051,
		 3.2829 0.0356 -3.6983,
		 3.2748 0.0356 -3.6943,
		 3.2655 0.0305 -3.6921,
		 3.2563 0.0305 -3.6952,
		 3.2490 0.0305 -3.7016,
		 3.2447 0.0305 -3.7103,
		 3.2441 0.0305 -3.7200,
		 3.2472 0.0305 -3.7292,
		 3.2536 0.0305 -3.7365,
		 3.2623 0.0305 -3.7408,
		 3.2720 0.0305 -3.7414,
		 3.2812 0.0305 -3.7383,
		 3.2885 0.0305 -3.7319,
		 3.2928 0.0305 -3.7232,
		 3.2934 0.0305 -3.7135,
		 3.2903 0.0305 -3.7043,
		 3.2839 0.0305 -3.6970,
		 3.2752 0.0305 -3.6927,
		 3.2655 0.0254 -3.6916,
		 3.2561 0.0254 -3.6948,
		 3.2486 0.0254 -3.7013,
		 3.2442 0.0254 -3.7102,
		 3.2436 0.0254 -3.7201,
		 3.2468 0.0254 -3.7295,
		 3.2533 0.0254 -3.7369,
		 3.2622 0.0254 -3.7413,
		 3.2721 0.0254 -3.7419,
		 3.2815 0.0254 -3.7388,
		 3.2889 0.0254 -3.7322,
		 3.2933 0.0254 -3.7233,
		 3.2939 0.0254 -3.7134,
		 3.2908 0.0254 -3.7041,
		 3.2842 0.0254 -3.6966,
		 3.2753 0.0254 -3.6922,
		 3.2655 0.0203 -3.6921,
		 3.2563 0.0203 -3.6952,
		 3.2490 0.0203 -3.7016,
		 3.2447 0.0203 -3.7103,
		 3.2441 0.0203 -3.7200,
		 3.2472 0.0203 -3.7292,
		 3.2536 0.0203 -3.7365,
		 3.2623 0.0203 -3.7408,
		 3.2720 0.0203 -3.7414,
		 3.2812 0.0203 -3.7383,
		 3.2885 0.0203 -3.7319,
		 3.2928 0.0203 -3.7232,
		 3.2934 0.0203 -3.7135,
		 3.2903 0.0203 -3.7043,
		 3.2839 0.0203 -3.6970,
		 3.2752 0.0203 -3.6927,
		 3.2657 0.0152 -3.6937,
		 3.2571 0.0152 -3.6966,
		 3.2503 0.0152 -3.7026,
		 3.2463 0.0152 -3.7107,
		 3.2457 0.0152 -3.7198,
		 3.2486 0.0152 -3.7284,
		 3.2546 0.0152 -3.7352,
		 3.2627 0.0152 -3.7392,
		 3.2718 0.0152 -3.7398,
		 3.2804 0.0152 -3.7369,
		 3.2872 0.0152 -3.7309,
		 3.2913 0.0152 -3.7228,
		 3.2918 0.0152 -3.7137,
		 3.2889 0.0152 -3.7051,
		 3.2829 0.0152 -3.6983,
		 3.2748 0.0152 -3.6943,
		 3.2661 0.0102 -3.6966,
		 3.2586 0.0102 -3.6992,
		 3.2526 0.0102 -3.7044,
		 3.2491 0.0102 -3.7115,
		 3.2486 0.0102 -3.7194,
		 3.2512 0.0102 -3.7269,
		 3.2564 0.0102 -3.7329,
		 3.2635 0.0102 -3.7364,
		 3.2714 0.0102 -3.7369,
		 3.2789 0.0102 -3.7344,
		 3.2849 0.0102 -3.7291,
		 3.2884 0.0102 -3.7220,
		 3.2889 0.0102 -3.7141,
		 3.2864 0.0102 -3.7066,
		 3.2811 0.0102 -3.7006,
		 3.2740 0.0102 -3.6971,
		 3.2668 0.0051 -3.7016,
		 3.2611 0.0051 -3.7036,
		 3.2567 0.0051 -3.7075,
		 3.2540 0.0051 -3.7128,
		 3.2537 0.0051 -3.7187,
		 3.2556 0.0051 -3.7244,
		 3.2595 0.0051 -3.7288,
		 3.2648 0.0051 -3.7315,
		 3.2708 0.0051 -3.7319,
		 3.2764 0.0051 -3.7300,
		 3.2809 0.0051 -3.7260,
		 3.2835 0.0051 -3.7207,
		 3.2839 0.0051 -3.7148,
		 3.2820 0.0051 -3.7091,
		 3.2780 0.0051 -3.7047,
		 3.2727 0.0051 -3.7020,
		 3.2688 0.0000 -3.7168
		]
	} #Coordinate3
	Material {
		ambientColor      0.1176 0.1176 0.1176  #ambientColor
		diffuseColor      0.4706 0.4706 0.4706  #diffuseColor
		transparency      0.0000                #transparency
	} #Material

	IndexedFaceSet {
		coordIndex [ 
		 0, 16, 1,-1,
		 1, 16, 0,-1,
		 0, 1, 2,-1,
		 2, 1, 0,-1,
		 0, 2, 3,-1,
		 3, 2, 0,-1,
		 0, 3, 4,-1,
		 4, 3, 0,-1,
		 0, 4, 5,-1,
		 5, 4, 0,-1,
		 0, 5, 6,-1,
		 6, 5, 0,-1,
		 0, 6, 7,-1,
		 7, 6, 0,-1,
		 0, 7, 8,-1,
		 8, 7, 0,-1,
		 0, 8, 9,-1,
		 9, 8, 0,-1,
		 0, 9, 10,-1,
		 10, 9, 0,-1,
		 0, 10, 11,-1,
		 11, 10, 0,-1,
		 0, 11, 12,-1,
		 12, 11, 0,-1,
		 0, 12, 13,-1,
		 13, 12, 0,-1,
		 0, 13, 14,-1,
		 14, 13, 0,-1,
		 0, 14, 15,-1,
		 15, 14, 0,-1,
		 0, 15, 16,-1,
		 16, 15, 0,-1,
		 1, 16, 32, 17,-1,
		 17, 32, 16, 1,-1,
		 2, 1, 17, 18,-1,
		 18, 17, 1, 2,-1,
		 3, 2, 18, 19,-1,
		 19, 18, 2, 3,-1,
		 4, 3, 19, 20,-1,
		 20, 19, 3, 4,-1,
		 5, 4, 20, 21,-1,
		 21, 20, 4, 5,-1,
		 6, 5, 21, 22,-1,
		 22, 21, 5, 6,-1,
		 7, 6, 22, 23,-1,
		 23, 22, 6, 7,-1,
		 8, 7, 23, 24,-1,
		 24, 23, 7, 8,-1,
		 9, 8, 24, 25,-1,
		 25, 24, 8, 9,-1,
		 10, 9, 25, 26,-1,
		 26, 25, 9, 10,-1,
		 11, 10, 26, 27,-1,
		 27, 26, 10, 11,-1,
		 12, 11, 27, 28,-1,
		 28, 27, 11, 12,-1,
		 13, 12, 28, 29,-1,
		 29, 28, 12, 13,-1,
		 14, 13, 29, 30,-1,
		 30, 29, 13, 14,-1,
		 15, 14, 30, 31,-1,
		 31, 30, 14, 15,-1,
		 16, 15, 31, 32,-1,
		 32, 31, 15, 16,-1,
		 17, 32, 48, 33,-1,
		 33, 48, 32, 17,-1,
		 18, 17, 33, 34,-1,
		 34, 33, 17, 18,-1,
		 19, 18, 34, 35,-1,
		 35, 34, 18, 19,-1,
		 20, 19, 35, 36,-1,
		 36, 35, 19, 20,-1,
		 21, 20, 36, 37,-1,
		 37, 36, 20, 21,-1,
		 22, 21, 37, 38,-1,
		 38, 37, 21, 22,-1,
		 23, 22, 38, 39,-1,
		 39, 38, 22, 23,-1,
		 24, 23, 39, 40,-1,
		 40, 39, 23, 24,-1,
		 25, 24, 40, 41,-1,
		 41, 40, 24, 25,-1,
		 26, 25, 41, 42,-1,
		 42, 41, 25, 26,-1,
		 27, 26, 42, 43,-1,
		 43, 42, 26, 27,-1,
		 28, 27, 43, 44,-1,
		 44, 43, 27, 28,-1,
		 29, 28, 44, 45,-1,
		 45, 44, 28, 29,-1,
		 30, 29, 45, 46,-1,
		 46, 45, 29, 30,-1,
		 31, 30, 46, 47,-1,
		 47, 46, 30, 31,-1,
		 32, 31, 47, 48,-1,
		 48, 47, 31, 32,-1,
		 33, 48, 64, 49,-1,
		 49, 64, 48, 33,-1,
		 34, 33, 49, 50,-1,
		 50, 49, 33, 34,-1,
		 35, 34, 50, 51,-1,
		 51, 50, 34, 35,-1,
		 36, 35, 51, 52,-1,
		 52, 51, 35, 36,-1,
		 37, 36, 52, 53,-1,
		 53, 52, 36, 37,-1,
		 38, 37, 53, 54,-1,
		 54, 53, 37, 38,-1,
		 39, 38, 54, 55,-1,
		 55, 54, 38, 39,-1,
		 40, 39, 55, 56,-1,
		 56, 55, 39, 40,-1,
		 41, 40, 56, 57,-1,
		 57, 56, 40, 41,-1,
		 42, 41, 57, 58,-1,
		 58, 57, 41, 42,-1,
		 43, 42, 58, 59,-1,
		 59, 58, 42, 43,-1,
		 44, 43, 59, 60,-1,
		 60, 59, 43, 44,-1,
		 45, 44, 60, 61,-1,
		 61, 60, 44, 45,-1,
		 46, 45, 61, 62,-1,
		 62, 61, 45, 46,-1,
		 47, 46, 62, 63,-1,
		 63, 62, 46, 47,-1,
		 48, 47, 63, 64,-1,
		 64, 63, 47, 48,-1,
		 49, 64, 80, 65,-1,
		 65, 80, 64, 49,-1,
		 50, 49, 65, 66,-1,
		 66, 65, 49, 50,-1,
		 51, 50, 66, 67,-1,
		 67, 66, 50, 51,-1,
		 52, 51, 67, 68,-1,
		 68, 67, 51, 52,-1,
		 53, 52, 68, 69,-1,
		 69, 68, 52, 53,-1,
		 54, 53, 69, 70,-1,
		 70, 69, 53, 54,-1,
		 55, 54, 70, 71,-1,
		 71, 70, 54, 55,-1,
		 56, 55, 71, 72,-1,
		 72, 71, 55, 56,-1,
		 57, 56, 72, 73,-1,
		 73, 72, 56, 57,-1,
		 58, 57, 73, 74,-1,
		 74, 73, 57, 58,-1,
		 59, 58, 74, 75,-1,
		 75, 74, 58, 59,-1,
		 60, 59, 75, 76,-1,
		 76, 75, 59, 60,-1,
		 61, 60, 76, 77,-1,
		 77, 76, 60, 61,-1,
		 62, 61, 77, 78,-1,
		 78, 77, 61, 62,-1,
		 63, 62, 78, 79,-1,
		 79, 78, 62, 63,-1,
		 64, 63, 79, 80,-1,
		 80, 79, 63, 64,-1,
		 65, 80, 96, 81,-1,
		 81, 96, 80, 65,-1,
		 66, 65, 81, 82,-1,
		 82, 81, 65, 66,-1,
		 67, 66, 82, 83,-1,
		 83, 82, 66, 67,-1,
		 68, 67, 83, 84,-1,
		 84, 83, 67, 68,-1,
		 69, 68, 84, 85,-1,
		 85, 84, 68, 69,-1,
		 70, 69, 85, 86,-1,
		 86, 85, 69, 70,-1,
		 71, 70, 86, 87,-1,
		 87, 86, 70, 71,-1,
		 72, 71, 87, 88,-1,
		 88, 87, 71, 72,-1,
		 73, 72, 88, 89,-1,
		 89, 88, 72, 73,-1,
		 74, 73, 89, 90,-1,
		 90, 89, 73, 74,-1,
		 75, 74, 90, 91,-1,
		 91, 90, 74, 75,-1,
		 76, 75, 91, 92,-1,
		 92, 91, 75, 76,-1,
		 77, 76, 92, 93,-1,
		 93, 92, 76, 77,-1,
		 78, 77, 93, 94,-1,
		 94, 93, 77, 78,-1,
		 79, 78, 94, 95,-1,
		 95, 94, 78, 79,-1,
		 80, 79, 95, 96,-1,
		 96, 95, 79, 80,-1,
		 81, 96, 112, 97,-1,
		 97, 112, 96, 81,-1,
		 82, 81, 97, 98,-1,
		 98, 97, 81, 82,-1,
		 83, 82, 98, 99,-1,
		 99, 98, 82, 83,-1,
		 84, 83, 99, 100,-1,
		 100, 99, 83, 84,-1,
		 85, 84, 100, 101,-1,
		 101, 100, 84, 85,-1,
		 86, 85, 101, 102,-1,
		 102, 101, 85, 86,-1,
		 87, 86, 102, 103,-1,
		 103, 102, 86, 87,-1,
		 88, 87, 103, 104,-1,
		 104, 103, 87, 88,-1,
		 89, 88, 104, 105,-1,
		 105, 104, 88, 89,-1,
		 90, 89, 105, 106,-1,
		 106, 105, 89, 90,-1,
		 91, 90, 106, 107,-1,
		 107, 106, 90, 91,-1,
		 92, 91, 107, 108,-1,
		 108, 107, 91, 92,-1,
		 93, 92, 108, 109,-1,
		 109, 108, 92, 93,-1,
		 94, 93, 109, 110,-1,
		 110, 109, 93, 94,-1,
		 95, 94, 110, 111,-1,
		 111, 110, 94, 95,-1,
		 96, 95, 111, 112,-1,
		 112, 111, 95, 96,-1,
		 97, 112, 128, 113,-1,
		 113, 128, 112, 97,-1,
		 98, 97, 113, 114,-1,
		 114, 113, 97, 98,-1,
		 99, 98, 114, 115,-1,
		 115, 114, 98, 99,-1,
		 100, 99, 115, 116,-1,
		 116, 115, 99, 100,-1,
		 101, 100, 116, 117,-1,
		 117, 116, 100, 101,-1,
		 102, 101, 117, 118,-1,
		 118, 117, 101, 102,-1,
		 103, 102, 118, 119,-1,
		 119, 118, 102, 103,-1,
		 104, 103, 119, 120,-1,
		 120, 119, 103, 104,-1,
		 105, 104, 120, 121,-1,
		 121, 120, 104, 105,-1,
		 106, 105, 121, 122,-1,
		 122, 121, 105, 106,-1,
		 107, 106, 122, 123,-1,
		 123, 122, 106, 107,-1,
		 108, 107, 123, 124,-1,
		 124, 123, 107, 108,-1,
		 109, 108, 124, 125,-1,
		 125, 124, 108, 109,-1,
		 110, 109, 125, 126,-1,
		 126, 125, 109, 110,-1,
		 111, 110, 126, 127,-1,
		 127, 126, 110, 111,-1,
		 112, 111, 127, 128,-1,
		 128, 127, 111, 112,-1,
		 113, 128, 144, 129,-1,
		 129, 144, 128, 113,-1,
		 114, 113, 129, 130,-1,
		 130, 129, 113, 114,-1,
		 115, 114, 130, 131,-1,
		 131, 130, 114, 115,-1,
		 116, 115, 131, 132,-1,
		 132, 131, 115, 116,-1,
		 117, 116, 132, 133,-1,
		 133, 132, 116, 117,-1,
		 118, 117, 133, 134,-1,
		 134, 133, 117, 118,-1,
		 119, 118, 134, 135,-1,
		 135, 134, 118, 119,-1,
		 120, 119, 135, 136,-1,
		 136, 135, 119, 120,-1,
		 121, 120, 136, 137,-1,
		 137, 136, 120, 121,-1,
		 122, 121, 137, 138,-1,
		 138, 137, 121, 122,-1,
		 123, 122, 138, 139,-1,
		 139, 138, 122, 123,-1,
		 124, 123, 139, 140,-1,
		 140, 139, 123, 124,-1,
		 125, 124, 140, 141,-1,
		 141, 140, 124, 125,-1,
		 126, 125, 141, 142,-1,
		 142, 141, 125, 126,-1,
		 127, 126, 142, 143,-1,
		 143, 142, 126, 127,-1,
		 128, 127, 143, 144,-1,
		 144, 143, 127, 128,-1,
		 129, 144, 145,-1,
		 145, 144, 129,-1,
		 130, 129, 145,-1,
		 145, 129, 130,-1,
		 131, 130, 145,-1,
		 145, 130, 131,-1,
		 132, 131, 145,-1,
		 145, 131, 132,-1,
		 133, 132, 145,-1,
		 145, 132, 133,-1,
		 134, 133, 145,-1,
		 145, 133, 134,-1,
		 135, 134, 145,-1,
		 145, 134, 135,-1,
		 136, 135, 145,-1,
		 145, 135, 136,-1,
		 137, 136, 145,-1,
		 145, 136, 137,-1,
		 138, 137, 145,-1,
		 145, 137, 138,-1,
		 139, 138, 145,-1,
		 145, 138, 139,-1,
		 140, 139, 145,-1,
		 145, 139, 140,-1,
		 141, 140, 145,-1,
		 145, 140, 141,-1,
		 142, 141, 145,-1,
		 145, 141, 142,-1,
		 143, 142, 145,-1,
		 145, 142, 143,-1,
		 144, 143, 145,-1,
		 145, 143, 144,-1,
		]
	} #IndexedFaceSet
} #Polyhedron
Separator { #Polyhedron
	DEF COORD58 Coordinate3 {
		point [
		 2.9939 0.4318 -3.6067,
		 2.9799 0.4318 -3.6115,
		 2.9687 0.4318 -3.6213,
		 2.9621 0.4318 -3.6346,
		 2.9611 0.4318 -3.6494,
		 2.9659 0.4318 -3.6635,
		 2.9757 0.4318 -3.6747,
		 2.9891 0.4318 -3.6813,
		 3.0039 0.4318 -3.6822,
		 3.0180 0.4318 -3.6774,
		 3.0291 0.4318 -3.6676,
		 3.0357 0.4318 -3.6543,
		 3.0367 0.4318 -3.6395,
		 3.0319 0.4318 -3.6254,
		 3.0221 0.4318 -3.6142,
		 3.0088 0.4318 -3.6076,
		 2.9939 0.1524 -3.6067,
		 2.9799 0.1524 -3.6115,
		 2.9687 0.1524 -3.6213,
		 2.9621 0.1524 -3.6346,
		 2.9611 0.1524 -3.6494,
		 2.9659 0.1524 -3.6635,
		 2.9757 0.1524 -3.6747,
		 2.9891 0.1524 -3.6813,
		 3.0039 0.1524 -3.6822,
		 3.0180 0.1524 -3.6774,
		 3.0291 0.1524 -3.6676,
		 3.0357 0.1524 -3.6543,
		 3.0367 0.1524 -3.6395,
		 3.0319 0.1524 -3.6254,
		 3.0221 0.1524 -3.6142,
		 3.0088 0.1524 -3.6076
		]
	} #Coordinate3
	Material {
		ambientColor      0.1951 0.1951 0.1951  #ambientColor
		diffuseColor      0.7804 0.7804 0.7804  #diffuseColor
		transparency      0.0000                #transparency
	} #Material

	IndexedFaceSet {
		coordIndex [ 
		 0, 1, 2, 3, 4, 5, 6, 7, 8, 9, 10, 11, 12, 13, 14, 15,-1,
		 15, 14, 13, 12, 11, 10, 9, 8, 7, 6, 5, 4, 3, 2, 1, 0,-1,
		 0, 15, 31, 16,-1,
		 16, 31, 15, 0,-1,
		 1, 0, 16, 17,-1,
		 17, 16, 0, 1,-1,
		 2, 1, 17, 18,-1,
		 18, 17, 1, 2,-1,
		 3, 2, 18, 19,-1,
		 19, 18, 2, 3,-1,
		 4, 3, 19, 20,-1,
		 20, 19, 3, 4,-1,
		 5, 4, 20, 21,-1,
		 21, 20, 4, 5,-1,
		 6, 5, 21, 22,-1,
		 22, 21, 5, 6,-1,
		 7, 6, 22, 23,-1,
		 23, 22, 6, 7,-1,
		 8, 7, 23, 24,-1,
		 24, 23, 7, 8,-1,
		 9, 8, 24, 25,-1,
		 25, 24, 8, 9,-1,
		 10, 9, 25, 26,-1,
		 26, 25, 9, 10,-1,
		 11, 10, 26, 27,-1,
		 27, 26, 10, 11,-1,
		 12, 11, 27, 28,-1,
		 28, 27, 11, 12,-1,
		 13, 12, 28, 29,-1,
		 29, 28, 12, 13,-1,
		 14, 13, 29, 30,-1,
		 30, 29, 13, 14,-1,
		 15, 14, 30, 31,-1,
		 31, 30, 14, 15,-1,
		 31, 30, 29, 28, 27, 26, 25, 24, 23, 22, 21, 20, 19, 18, 17, 16,-1,
		 16, 17, 18, 19, 20, 21, 22, 23, 24, 25, 26, 27, 28, 29, 30, 31,-1,
		]
	} #IndexedFaceSet
} #Polyhedron
Separator { #Polyhedron
	DEF COORD59 Coordinate3 {
		point [
		 3.3591 0.5334 -3.4780,
		 2.7702 0.5334 -3.3202,
		 2.6388 0.5334 -3.8109,
		 2.7106 0.5334 -3.9353,
		 3.1031 0.5334 -4.0405,
		 3.2276 0.5334 -3.9687,
		 3.3591 0.4318 -3.4780,
		 2.7702 0.4318 -3.3202,
		 2.6388 0.4318 -3.8109,
		 2.7106 0.4318 -3.9353,
		 3.1031 0.4318 -4.0405,
		 3.2276 0.4318 -3.9687
		]
	} #Coordinate3
	Material {
		ambientColor      0.1951 0.1951 0.1951  #ambientColor
		diffuseColor      0.7804 0.7804 0.7804  #diffuseColor
		transparency      0.0000                #transparency
	} #Material

	IndexedFaceSet {
		coordIndex [ 
		 0, 1, 2, 3, 4, 5,-1,
		 5, 4, 3, 2, 1, 0,-1,
		 0, 5, 11, 6,-1,
		 6, 11, 5, 0,-1,
		 1, 0, 6, 7,-1,
		 7, 6, 0, 1,-1,
		 2, 1, 7, 8,-1,
		 8, 7, 1, 2,-1,
		 3, 2, 8, 9,-1,
		 9, 8, 2, 3,-1,
		 4, 3, 9, 10,-1,
		 10, 9, 3, 4,-1,
		 5, 4, 10, 11,-1,
		 11, 10, 4, 5,-1,
		 11, 10, 9, 8, 7, 6,-1,
		 6, 7, 8, 9, 10, 11,-1,
		]
	} #IndexedFaceSet
} #Polyhedron
Separator { #Polyhedron
	DEF COORD60 Coordinate3 {
		point [
		 3.3590 0.8636 -3.4780,
		 3.4572 0.8636 -3.5043,
		 3.4572 0.4826 -3.5043,
		 3.3590 0.4318 -3.4780,
		 3.2275 0.8636 -3.9687,
		 3.3257 0.8636 -3.9950,
		 3.3257 0.4826 -3.9950,
		 3.2275 0.4318 -3.9687
		]
	} #Coordinate3
	Material {
		ambientColor      0.1951 0.1951 0.1951  #ambientColor
		diffuseColor      0.7804 0.7804 0.7804  #diffuseColor
		transparency      0.0000                #transparency
	} #Material

	IndexedFaceSet {
		coordIndex [ 
		 0, 1, 2, 3,-1,
		 3, 2, 1, 0,-1,
		 0, 3, 7, 4,-1,
		 4, 7, 3, 0,-1,
		 1, 0, 4, 5,-1,
		 5, 4, 0, 1,-1,
		 2, 1, 5, 6,-1,
		 6, 5, 1, 2,-1,
		 3, 2, 6, 7,-1,
		 7, 6, 2, 3,-1,
		 7, 6, 5, 4,-1,
		 4, 5, 6, 7,-1,
		]
	} #IndexedFaceSet
} #Polyhedron
Separator { #Polyhedron
	DEF COORD61 Coordinate3 {
		point [
		 2.7703 0.4318 -3.3202,
		 2.6721 0.4826 -3.2939,
		 2.6721 0.8636 -3.2939,
		 2.7703 0.8636 -3.3202,
		 2.6388 0.4318 -3.8109,
		 2.5407 0.4826 -3.7846,
		 2.5407 0.8636 -3.7846,
		 2.6388 0.8636 -3.8109
		]
	} #Coordinate3
	Material {
		ambientColor      0.1951 0.1951 0.1951  #ambientColor
		diffuseColor      0.7804 0.7804 0.7804  #diffuseColor
		transparency      0.0000                #transparency
	} #Material

	IndexedFaceSet {
		coordIndex [ 
		 0, 1, 2, 3,-1,
		 3, 2, 1, 0,-1,
		 0, 3, 7, 4,-1,
		 4, 7, 3, 0,-1,
		 1, 0, 4, 5,-1,
		 5, 4, 0, 1,-1,
		 2, 1, 5, 6,-1,
		 6, 5, 1, 2,-1,
		 3, 2, 6, 7,-1,
		 7, 6, 2, 3,-1,
		 7, 6, 5, 4,-1,
		 4, 5, 6, 7,-1,
		]
	} #IndexedFaceSet
} #Polyhedron
Separator { #Polyhedron
	DEF COORD62 Coordinate3 {
		point [
		 2.7965 0.4318 -3.2221,
		 2.6984 0.4826 -3.1958,
		 2.6984 1.2446 -3.1958,
		 2.7475 1.3208 -3.2090,
		 2.8211 1.3462 -3.2287,
		 3.3608 1.3462 -3.3733,
		 3.4344 1.3208 -3.3930,
		 3.4835 1.2446 -3.4062,
		 3.4835 0.4826 -3.4062,
		 3.3853 0.4318 -3.3799,
		 2.7702 0.4318 -3.3202,
		 2.6721 0.4826 -3.2939,
		 2.6721 1.2446 -3.2939,
		 2.7212 1.3208 -3.3071,
		 2.7948 1.3462 -3.3268,
		 3.3345 1.3462 -3.4715,
		 3.4081 1.3208 -3.4912,
		 3.4572 1.2446 -3.5043,
		 3.4572 0.4826 -3.5043,
		 3.3591 0.4318 -3.4780,
		 2.6984 0.5715 -3.1958,
		 3.4835 0.5715 -3.4062,
		 3.3612 0.4318 -3.4698,
		 2.7724 0.4318 -3.3121,
		 2.6831 0.4826 -3.2531,
		 3.4681 0.4826 -3.4634,
		 2.7229 1.2827 -3.2024,
		 3.4590 1.2827 -3.3996,
		 2.7409 1.3208 -3.2335,
		 2.8101 1.3462 -3.2696,
		 3.3499 1.3462 -3.4142,
		 3.4278 1.3208 -3.4176
		]
	} #Coordinate3
	Material {
		ambientColor      0.1951 0.1951 0.1951  #ambientColor
		diffuseColor      0.7804 0.7804 0.7804  #diffuseColor
		transparency      0.0000                #transparency
	} #Material

	IndexedFaceSet {
		coordIndex [ 
		 20, 2, 26, 27, 7, 21,-1,
		 21, 7, 27, 26, 2, 20,-1,
		 22, 19, 10, 23,-1,
		 23, 10, 19, 22,-1,
		 23, 10, 11, 24,-1,
		 24, 11, 10, 23,-1,
		 2, 20, 24, 11, 12,-1,
		 12, 11, 24, 20, 2,-1,
		 26, 2, 12, 13, 28,-1,
		 28, 13, 12, 2, 26,-1,
		 28, 13, 14, 29,-1,
		 29, 14, 13, 28,-1,
		 29, 14, 15, 30,-1,
		 30, 15, 14, 29,-1,
		 30, 15, 16, 31,-1,
		 31, 16, 15, 30,-1,
		 7, 27, 31, 16, 17,-1,
		 17, 16, 31, 27, 7,-1,
		 21, 7, 17, 18, 25,-1,
		 25, 18, 17, 7, 21,-1,
		 25, 18, 19, 22,-1,
		 22, 19, 18, 25,-1,
		 19, 18, 17, 16, 15, 14, 13, 12, 11, 10,-1,
		 10, 11, 12, 13, 14, 15, 16, 17, 18, 19,-1,
		 20, 21, 25, 22, 23, 24,-1,
		 24, 23, 22, 25, 21, 20,-1,
		 27, 26, 28, 29, 30, 31,-1,
		 31, 30, 29, 28, 26, 27,-1,
		]
	} #IndexedFaceSet
} #Polyhedron
Separator { #Polyhedron
	DEF COORD63 Coordinate3 {
		point [
		 2.9858 0.5842 -3.6935,
		 3.2098 0.5740 -3.5642,
		 2.8565 0.5740 -3.4695,
		 2.7776 0.5740 -3.7639,
		 2.8207 0.5740 -3.8386,
		 3.0562 0.5740 -3.9017,
		 3.1309 0.5740 -3.8586,
		 3.2844 0.5639 -3.5211,
		 2.8134 0.5639 -3.3949,
		 2.7082 0.5639 -3.7874,
		 2.7656 0.5639 -3.8870,
		 3.0797 0.5639 -3.9711,
		 3.1792 0.5639 -3.9136,
		 3.3279 0.5537 -3.4960,
		 2.7882 0.5537 -3.3514,
		 2.6677 0.5537 -3.8011,
		 2.7336 0.5537 -3.9151,
		 3.0933 0.5537 -4.0115,
		 3.2074 0.5537 -3.9457,
		 3.3515 0.5436 -3.4824,
		 2.7746 0.5436 -3.3278,
		 2.6458 0.5436 -3.8085,
		 2.7162 0.5436 -3.9304,
		 3.1008 0.5436 -4.0335,
		 3.2227 0.5436 -3.9631,
		 3.3591 0.5334 -3.4780,
		 2.7702 0.5334 -3.3202,
		 2.6388 0.5334 -3.8109,
		 2.7106 0.5334 -3.9353,
		 3.1031 0.5334 -4.0405,
		 3.2276 0.5334 -3.9687
		]
	} #Coordinate3
	Material {
		ambientColor      0.1324 0.1324 0.1324  #ambientColor
		diffuseColor      0.5294 0.5294 0.5294  #diffuseColor
		transparency      0.0000                #transparency
	} #Material

	IndexedFaceSet {
		coordIndex [ 
		 0, 6, 1,-1,
		 1, 6, 0,-1,
		 0, 1, 2,-1,
		 2, 1, 0,-1,
		 0, 2, 3,-1,
		 3, 2, 0,-1,
		 0, 3, 4,-1,
		 4, 3, 0,-1,
		 0, 4, 5,-1,
		 5, 4, 0,-1,
		 0, 5, 6,-1,
		 6, 5, 0,-1,
		 1, 6, 12, 7,-1,
		 7, 12, 6, 1,-1,
		 2, 1, 7, 8,-1,
		 8, 7, 1, 2,-1,
		 3, 2, 8, 9,-1,
		 9, 8, 2, 3,-1,
		 4, 3, 9, 10,-1,
		 10, 9, 3, 4,-1,
		 5, 4, 10, 11,-1,
		 11, 10, 4, 5,-1,
		 6, 5, 11, 12,-1,
		 12, 11, 5, 6,-1,
		 7, 12, 18, 13,-1,
		 13, 18, 12, 7,-1,
		 8, 7, 13, 14,-1,
		 14, 13, 7, 8,-1,
		 9, 8, 14, 15,-1,
		 15, 14, 8, 9,-1,
		 10, 9, 15, 16,-1,
		 16, 15, 9, 10,-1,
		 11, 10, 16, 17,-1,
		 17, 16, 10, 11,-1,
		 12, 11, 17, 18,-1,
		 18, 17, 11, 12,-1,
		 13, 18, 24, 19,-1,
		 19, 24, 18, 13,-1,
		 14, 13, 19, 20,-1,
		 20, 19, 13, 14,-1,
		 15, 14, 20, 21,-1,
		 21, 20, 14, 15,-1,
		 16, 15, 21, 22,-1,
		 22, 21, 15, 16,-1,
		 17, 16, 22, 23,-1,
		 23, 22, 16, 17,-1,
		 18, 17, 23, 24,-1,
		 24, 23, 17, 18,-1,
		 19, 24, 30, 25,-1,
		 25, 30, 24, 19,-1,
		 20, 19, 25, 26,-1,
		 26, 25, 19, 20,-1,
		 21, 20, 26, 27,-1,
		 27, 26, 20, 21,-1,
		 22, 21, 27, 28,-1,
		 28, 27, 21, 22,-1,
		 23, 22, 28, 29,-1,
		 29, 28, 22, 23,-1,
		 24, 23, 29, 30,-1,
		 30, 29, 23, 24,-1,
		 30, 29, 28, 27, 26, 25,-1,
		 25, 26, 27, 28, 29, 30,-1,
		]
	} #IndexedFaceSet
} #Polyhedron
Separator { #Polyhedron
	DEF COORD64 Coordinate3 {
		point [
		 3.3424 0.9144 -3.7365,
		 3.4112 0.9042 -3.5972,
		 3.3524 0.9042 -3.5814,
		 3.2735 0.9042 -3.8758,
		 3.3324 0.9042 -3.8916,
		 3.4342 0.8941 -3.5507,
		 3.3557 0.8941 -3.5297,
		 3.2505 0.8941 -3.9222,
		 3.3290 0.8941 -3.9433,
		 3.4476 0.8839 -3.5237,
		 3.3576 0.8839 -3.4996,
		 3.2371 0.8839 -3.9493,
		 3.3271 0.8839 -3.9734,
		 3.4549 0.8738 -3.5090,
		 3.3587 0.8738 -3.4832,
		 3.2299 0.8738 -3.9640,
		 3.3260 0.8738 -3.9897,
		 3.4572 0.8636 -3.5043,
		 3.3590 0.8636 -3.4780,
		 3.2275 0.8636 -3.9687,
		 3.3257 0.8636 -3.9950
		]
	} #Coordinate3
	Material {
		ambientColor      0.1324 0.1324 0.1324  #ambientColor
		diffuseColor      0.5294 0.5294 0.5294  #diffuseColor
		transparency      0.0000                #transparency
	} #Material

	IndexedFaceSet {
		coordIndex [ 
		 0, 4, 1,-1,
		 1, 4, 0,-1,
		 0, 1, 2,-1,
		 2, 1, 0,-1,
		 0, 2, 3,-1,
		 3, 2, 0,-1,
		 0, 3, 4,-1,
		 4, 3, 0,-1,
		 1, 4, 8, 5,-1,
		 5, 8, 4, 1,-1,
		 2, 1, 5, 6,-1,
		 6, 5, 1, 2,-1,
		 3, 2, 6, 7,-1,
		 7, 6, 2, 3,-1,
		 4, 3, 7, 8,-1,
		 8, 7, 3, 4,-1,
		 5, 8, 12, 9,-1,
		 9, 12, 8, 5,-1,
		 6, 5, 9, 10,-1,
		 10, 9, 5, 6,-1,
		 7, 6, 10, 11,-1,
		 11, 10, 6, 7,-1,
		 8, 7, 11, 12,-1,
		 12, 11, 7, 8,-1,
		 9, 12, 16, 13,-1,
		 13, 16, 12, 9,-1,
		 10, 9, 13, 14,-1,
		 14, 13, 9, 10,-1,
		 11, 10, 14, 15,-1,
		 15, 14, 10, 11,-1,
		 12, 11, 15, 16,-1,
		 16, 15, 11, 12,-1,
		 13, 16, 20, 17,-1,
		 17, 20, 16, 13,-1,
		 14, 13, 17, 18,-1,
		 18, 17, 13, 14,-1,
		 15, 14, 18, 19,-1,
		 19, 18, 14, 15,-1,
		 16, 15, 19, 20,-1,
		 20, 19, 15, 16,-1,
		 20, 19, 18, 17,-1,
		 17, 18, 19, 20,-1,
		]
	} #IndexedFaceSet
} #Polyhedron
Separator { #Polyhedron
	DEF COORD65 Coordinate3 {
		point [
		 2.6555 0.9144 -3.5524,
		 2.6655 0.9042 -3.3973,
		 2.5866 0.9042 -3.6917,
		 2.6455 0.9042 -3.7075,
		 2.7244 0.9042 -3.4131,
		 2.6688 0.8941 -3.3456,
		 2.5636 0.8941 -3.7382,
		 2.6421 0.8941 -3.7592,
		 2.7473 0.8941 -3.3667,
		 2.6707 0.8839 -3.3155,
		 2.5502 0.8839 -3.7652,
		 2.6402 0.8839 -3.7893,
		 2.7607 0.8839 -3.3396,
		 2.6718 0.8738 -3.2992,
		 2.5430 0.8738 -3.7799,
		 2.6391 0.8738 -3.8057,
		 2.7680 0.8738 -3.3249,
		 2.6721 0.8636 -3.2939,
		 2.5407 0.8636 -3.7846,
		 2.6388 0.8636 -3.8109,
		 2.7703 0.8636 -3.3202
		]
	} #Coordinate3
	Material {
		ambientColor      0.1324 0.1324 0.1324  #ambientColor
		diffuseColor      0.5294 0.5294 0.5294  #diffuseColor
		transparency      0.0000                #transparency
	} #Material

	IndexedFaceSet {
		coordIndex [ 
		 0, 4, 1,-1,
		 1, 4, 0,-1,
		 0, 1, 2,-1,
		 2, 1, 0,-1,
		 0, 2, 3,-1,
		 3, 2, 0,-1,
		 0, 3, 4,-1,
		 4, 3, 0,-1,
		 1, 4, 8, 5,-1,
		 5, 8, 4, 1,-1,
		 2, 1, 5, 6,-1,
		 6, 5, 1, 2,-1,
		 3, 2, 6, 7,-1,
		 7, 6, 2, 3,-1,
		 4, 3, 7, 8,-1,
		 8, 7, 3, 4,-1,
		 5, 8, 12, 9,-1,
		 9, 12, 8, 5,-1,
		 6, 5, 9, 10,-1,
		 10, 9, 5, 6,-1,
		 7, 6, 10, 11,-1,
		 11, 10, 6, 7,-1,
		 8, 7, 11, 12,-1,
		 12, 11, 7, 8,-1,
		 9, 12, 16, 13,-1,
		 13, 16, 12, 9,-1,
		 10, 9, 13, 14,-1,
		 14, 13, 9, 10,-1,
		 11, 10, 14, 15,-1,
		 15, 14, 10, 11,-1,
		 12, 11, 15, 16,-1,
		 16, 15, 11, 12,-1,
		 13, 16, 20, 17,-1,
		 17, 20, 16, 13,-1,
		 14, 13, 17, 18,-1,
		 18, 17, 13, 14,-1,
		 15, 14, 18, 19,-1,
		 19, 18, 14, 15,-1,
		 16, 15, 19, 20,-1,
		 20, 19, 15, 16,-1,
		 20, 19, 18, 17,-1,
		 17, 18, 19, 20,-1,
		]
	} #IndexedFaceSet
} #Polyhedron
Separator { #Polyhedron
	DEF COORD66 Coordinate3 {
		point [
		 2.7702 0.4318 -3.3202,
		 2.6721 0.4826 -3.2939,
		 2.6721 1.2446 -3.2939,
		 2.7212 1.3208 -3.3071,
		 2.7948 1.3462 -3.3268,
		 3.3345 1.3462 -3.4714,
		 3.4081 1.3208 -3.4912,
		 3.4572 1.2446 -3.5043,
		 3.4572 0.4826 -3.5043,
		 3.3591 0.4318 -3.4780,
		 2.7736 0.4374 -3.3316,
		 2.6774 0.4872 -3.3059,
		 2.6774 1.2338 -3.3059,
		 2.7255 1.3085 -3.3188,
		 2.7976 1.3334 -3.3381,
		 3.3264 1.3334 -3.4798,
		 3.3986 1.3085 -3.4991,
		 3.4466 1.2338 -3.5120,
		 3.4466 0.4872 -3.5120,
		 3.3505 0.4374 -3.4862,
		 2.7896 0.4551 -3.3465,
		 2.6996 0.5017 -3.3223,
		 2.6996 1.2001 -3.3223,
		 2.7446 1.2699 -3.3344,
		 2.8120 1.2932 -3.3525,
		 3.3067 1.2932 -3.4850,
		 3.3742 1.2699 -3.5031,
		 3.4192 1.2001 -3.5152,
		 3.4192 0.5017 -3.5152,
		 3.3292 0.4551 -3.4911,
		 2.8212 0.4877 -3.3655,
		 2.7427 0.5283 -3.3444,
		 2.7427 1.1379 -3.3444,
		 2.7820 1.1989 -3.3549,
		 2.8409 1.2192 -3.3707,
		 3.2727 1.2192 -3.4864,
		 3.3315 1.1989 -3.5022,
		 3.3708 1.1379 -3.5127,
		 3.3708 0.5283 -3.5127,
		 3.2923 0.4877 -3.4917,
		 2.8775 0.5436 -3.3910,
		 2.8186 0.5740 -3.3753,
		 2.8186 1.0312 -3.3753,
		 2.8480 1.0770 -3.3832,
		 2.8922 1.0922 -3.3950,
		 3.2161 1.0922 -3.4818,
		 3.2602 1.0770 -3.4936,
		 3.2897 1.0312 -3.5015,
		 3.2897 0.5740 -3.5015,
		 3.2308 0.5436 -3.4857,
		 3.0515 0.7112 -3.4482
		]
	} #Coordinate3
	Material {
		ambientColor      0.1324 0.1324 0.1324  #ambientColor
		diffuseColor      0.5294 0.5294 0.5294  #diffuseColor
		transparency      0.0000                #transparency
	} #Material

	IndexedFaceSet {
		coordIndex [ 
		 0, 1, 2, 3, 4, 5, 6, 7, 8, 9,-1,
		 9, 8, 7, 6, 5, 4, 3, 2, 1, 0,-1,
		 0, 9, 19, 10,-1,
		 10, 19, 9, 0,-1,
		 1, 0, 10, 11,-1,
		 11, 10, 0, 1,-1,
		 2, 1, 11, 12,-1,
		 12, 11, 1, 2,-1,
		 3, 2, 12, 13,-1,
		 13, 12, 2, 3,-1,
		 4, 3, 13, 14,-1,
		 14, 13, 3, 4,-1,
		 5, 4, 14, 15,-1,
		 15, 14, 4, 5,-1,
		 6, 5, 15, 16,-1,
		 16, 15, 5, 6,-1,
		 7, 6, 16, 17,-1,
		 17, 16, 6, 7,-1,
		 8, 7, 17, 18,-1,
		 18, 17, 7, 8,-1,
		 9, 8, 18, 19,-1,
		 19, 18, 8, 9,-1,
		 10, 19, 29, 20,-1,
		 20, 29, 19, 10,-1,
		 11, 10, 20, 21,-1,
		 21, 20, 10, 11,-1,
		 12, 11, 21, 22,-1,
		 22, 21, 11, 12,-1,
		 13, 12, 22, 23,-1,
		 23, 22, 12, 13,-1,
		 14, 13, 23, 24,-1,
		 24, 23, 13, 14,-1,
		 15, 14, 24, 25,-1,
		 25, 24, 14, 15,-1,
		 16, 15, 25, 26,-1,
		 26, 25, 15, 16,-1,
		 17, 16, 26, 27,-1,
		 27, 26, 16, 17,-1,
		 18, 17, 27, 28,-1,
		 28, 27, 17, 18,-1,
		 19, 18, 28, 29,-1,
		 29, 28, 18, 19,-1,
		 20, 29, 39, 30,-1,
		 30, 39, 29, 20,-1,
		 21, 20, 30, 31,-1,
		 31, 30, 20, 21,-1,
		 22, 21, 31, 32,-1,
		 32, 31, 21, 22,-1,
		 23, 22, 32, 33,-1,
		 33, 32, 22, 23,-1,
		 24, 23, 33, 34,-1,
		 34, 33, 23, 24,-1,
		 25, 24, 34, 35,-1,
		 35, 34, 24, 25,-1,
		 26, 25, 35, 36,-1,
		 36, 35, 25, 26,-1,
		 27, 26, 36, 37,-1,
		 37, 36, 26, 27,-1,
		 28, 27, 37, 38,-1,
		 38, 37, 27, 28,-1,
		 29, 28, 38, 39,-1,
		 39, 38, 28, 29,-1,
		 30, 39, 49, 40,-1,
		 40, 49, 39, 30,-1,
		 31, 30, 40, 41,-1,
		 41, 40, 30, 31,-1,
		 32, 31, 41, 42,-1,
		 42, 41, 31, 32,-1,
		 33, 32, 42, 43,-1,
		 43, 42, 32, 33,-1,
		 34, 33, 43, 44,-1,
		 44, 43, 33, 34,-1,
		 35, 34, 44, 45,-1,
		 45, 44, 34, 35,-1,
		 36, 35, 45, 46,-1,
		 46, 45, 35, 36,-1,
		 37, 36, 46, 47,-1,
		 47, 46, 36, 37,-1,
		 38, 37, 47, 48,-1,
		 48, 47, 37, 38,-1,
		 39, 38, 48, 49,-1,
		 49, 48, 38, 39,-1,
		 40, 49, 50,-1,
		 50, 49, 40,-1,
		 41, 40, 50,-1,
		 50, 40, 41,-1,
		 42, 41, 50,-1,
		 50, 41, 42,-1,
		 43, 42, 50,-1,
		 50, 42, 43,-1,
		 44, 43, 50,-1,
		 50, 43, 44,-1,
		 45, 44, 50,-1,
		 50, 44, 45,-1,
		 46, 45, 50,-1,
		 50, 45, 46,-1,
		 47, 46, 50,-1,
		 50, 46, 47,-1,
		 48, 47, 50,-1,
		 50, 47, 48,-1,
		 49, 48, 50,-1,
		 50, 48, 49,-1,
		]
	} #IndexedFaceSet
} #Polyhedron
Separator { #Polyhedron
	DEF COORD67 Coordinate3 {
		point [
		 -3.0361 0.1524 -3.3729,
		 -2.9302 0.1524 -3.9732,
		 -2.8552 0.1524 -3.9600,
		 -2.9610 0.1524 -3.3596,
		 -3.0361 0.1016 -3.3729,
		 -2.9302 0.1016 -3.9732,
		 -2.8552 0.1016 -3.9600,
		 -2.9610 0.1016 -3.3596
		]
	} #Coordinate3
	Material {
		ambientColor      0.1951 0.1951 0.1951  #ambientColor
		diffuseColor      0.7804 0.7804 0.7804  #diffuseColor
		transparency      0.0000                #transparency
	} #Material

	IndexedFaceSet {
		coordIndex [ 
		 0, 1, 2, 3,-1,
		 3, 2, 1, 0,-1,
		 0, 3, 7, 4,-1,
		 4, 7, 3, 0,-1,
		 1, 0, 4, 5,-1,
		 5, 4, 0, 1,-1,
		 2, 1, 5, 6,-1,
		 6, 5, 1, 2,-1,
		 3, 2, 6, 7,-1,
		 7, 6, 2, 3,-1,
		 7, 6, 5, 4,-1,
		 4, 5, 6, 7,-1,
		]
	} #IndexedFaceSet
} #Polyhedron
Separator { #Polyhedron
	DEF COORD68 Coordinate3 {
		point [
		 -2.9147 0.1524 -3.6223,
		 -2.9015 0.1524 -3.6973,
		 -2.6388 0.1524 -3.6510,
		 -2.6521 0.1524 -3.5760,
		 -2.9147 0.1016 -3.6223,
		 -2.9015 0.1016 -3.6973,
		 -2.6388 0.1016 -3.6510,
		 -2.6521 0.1016 -3.5760
		]
	} #Coordinate3
	Material {
		ambientColor      0.1951 0.1951 0.1951  #ambientColor
		diffuseColor      0.7804 0.7804 0.7804  #diffuseColor
		transparency      0.0000                #transparency
	} #Material

	IndexedFaceSet {
		coordIndex [ 
		 0, 1, 2, 3,-1,
		 3, 2, 1, 0,-1,
		 0, 3, 7, 4,-1,
		 4, 7, 3, 0,-1,
		 1, 0, 4, 5,-1,
		 5, 4, 0, 1,-1,
		 2, 1, 5, 6,-1,
		 6, 5, 1, 2,-1,
		 3, 2, 6, 7,-1,
		 7, 6, 2, 3,-1,
		 7, 6, 5, 4,-1,
		 4, 5, 6, 7,-1,
		]
	} #IndexedFaceSet
} #Polyhedron
Separator { #Polyhedron
	DEF COORD69 Coordinate3 {
		point [
		 -3.2524 0.1524 -3.6818,
		 -3.2392 0.1524 -3.7569,
		 -2.9765 0.1524 -3.7106,
		 -2.9897 0.1524 -3.6355,
		 -3.2524 0.1016 -3.6818,
		 -3.2392 0.1016 -3.7569,
		 -2.9765 0.1016 -3.7106,
		 -2.9897 0.1016 -3.6355
		]
	} #Coordinate3
	Material {
		ambientColor      0.1951 0.1951 0.1951  #ambientColor
		diffuseColor      0.7804 0.7804 0.7804  #diffuseColor
		transparency      0.0000                #transparency
	} #Material

	IndexedFaceSet {
		coordIndex [ 
		 0, 1, 2, 3,-1,
		 3, 2, 1, 0,-1,
		 0, 3, 7, 4,-1,
		 4, 7, 3, 0,-1,
		 1, 0, 4, 5,-1,
		 5, 4, 0, 1,-1,
		 2, 1, 5, 6,-1,
		 6, 5, 1, 2,-1,
		 3, 2, 6, 7,-1,
		 7, 6, 2, 3,-1,
		 7, 6, 5, 4,-1,
		 4, 5, 6, 7,-1,
		]
	} #IndexedFaceSet
} #Polyhedron
Separator { #Polyhedron
	DEF COORD70 Coordinate3 {
		point [
		 -2.6773 0.1016 -3.6072,
		 -2.6809 0.1016 -3.6106,
		 -2.6829 0.1016 -3.6152,
		 -2.6830 0.1016 -3.6201,
		 -2.6812 0.1016 -3.6247,
		 -2.6778 0.1016 -3.6283,
		 -2.6732 0.1016 -3.6303,
		 -2.6683 0.1016 -3.6304,
		 -2.6637 0.1016 -3.6286,
		 -2.6601 0.1016 -3.6252,
		 -2.6581 0.1016 -3.6207,
		 -2.6580 0.1016 -3.6157,
		 -2.6598 0.1016 -3.6111,
		 -2.6632 0.1016 -3.6075,
		 -2.6677 0.1016 -3.6055,
		 -2.6727 0.1016 -3.6054,
		 -2.6773 0.0508 -3.6072,
		 -2.6809 0.0508 -3.6106,
		 -2.6829 0.0508 -3.6152,
		 -2.6830 0.0508 -3.6201,
		 -2.6812 0.0508 -3.6247,
		 -2.6778 0.0508 -3.6283,
		 -2.6732 0.0508 -3.6303,
		 -2.6683 0.0508 -3.6304,
		 -2.6637 0.0508 -3.6286,
		 -2.6601 0.0508 -3.6252,
		 -2.6581 0.0508 -3.6207,
		 -2.6580 0.0508 -3.6157,
		 -2.6598 0.0508 -3.6111,
		 -2.6632 0.0508 -3.6075,
		 -2.6677 0.0508 -3.6055,
		 -2.6727 0.0508 -3.6054
		]
	} #Coordinate3
	Material {
		ambientColor      0.1951 0.1951 0.1951  #ambientColor
		diffuseColor      0.7804 0.7804 0.7804  #diffuseColor
		transparency      0.0000                #transparency
	} #Material

	IndexedFaceSet {
		coordIndex [ 
		 0, 1, 2, 3, 4, 5, 6, 7, 8, 9, 10, 11, 12, 13, 14, 15,-1,
		 15, 14, 13, 12, 11, 10, 9, 8, 7, 6, 5, 4, 3, 2, 1, 0,-1,
		 0, 15, 31, 16,-1,
		 16, 31, 15, 0,-1,
		 1, 0, 16, 17,-1,
		 17, 16, 0, 1,-1,
		 2, 1, 17, 18,-1,
		 18, 17, 1, 2,-1,
		 3, 2, 18, 19,-1,
		 19, 18, 2, 3,-1,
		 4, 3, 19, 20,-1,
		 20, 19, 3, 4,-1,
		 5, 4, 20, 21,-1,
		 21, 20, 4, 5,-1,
		 6, 5, 21, 22,-1,
		 22, 21, 5, 6,-1,
		 7, 6, 22, 23,-1,
		 23, 22, 6, 7,-1,
		 8, 7, 23, 24,-1,
		 24, 23, 7, 8,-1,
		 9, 8, 24, 25,-1,
		 25, 24, 8, 9,-1,
		 10, 9, 25, 26,-1,
		 26, 25, 9, 10,-1,
		 11, 10, 26, 27,-1,
		 27, 26, 10, 11,-1,
		 12, 11, 27, 28,-1,
		 28, 27, 11, 12,-1,
		 13, 12, 28, 29,-1,
		 29, 28, 12, 13,-1,
		 14, 13, 29, 30,-1,
		 30, 29, 13, 14,-1,
		 15, 14, 30, 31,-1,
		 31, 30, 14, 15,-1,
		 31, 30, 29, 28, 27, 26, 25, 24, 23, 22, 21, 20, 19, 18, 17, 16,-1,
		 16, 17, 18, 19, 20, 21, 22, 23, 24, 25, 26, 27, 28, 29, 30, 31,-1,
		]
	} #IndexedFaceSet
} #Polyhedron
Separator { #Polyhedron
	DEF COORD71 Coordinate3 {
		point [
		 -3.0009 0.1016 -3.3806,
		 -3.0045 0.1016 -3.3840,
		 -3.0065 0.1016 -3.3885,
		 -3.0066 0.1016 -3.3935,
		 -3.0048 0.1016 -3.3981,
		 -3.0014 0.1016 -3.4017,
		 -2.9969 0.1016 -3.4037,
		 -2.9919 0.1016 -3.4038,
		 -2.9873 0.1016 -3.4020,
		 -2.9837 0.1016 -3.3986,
		 -2.9817 0.1016 -3.3940,
		 -2.9816 0.1016 -3.3891,
		 -2.9834 0.1016 -3.3845,
		 -2.9868 0.1016 -3.3809,
		 -2.9914 0.1016 -3.3789,
		 -2.9963 0.1016 -3.3788,
		 -3.0009 0.0508 -3.3806,
		 -3.0045 0.0508 -3.3840,
		 -3.0065 0.0508 -3.3885,
		 -3.0066 0.0508 -3.3935,
		 -3.0048 0.0508 -3.3981,
		 -3.0014 0.0508 -3.4017,
		 -2.9969 0.0508 -3.4037,
		 -2.9919 0.0508 -3.4038,
		 -2.9873 0.0508 -3.4020,
		 -2.9837 0.0508 -3.3986,
		 -2.9817 0.0508 -3.3940,
		 -2.9816 0.0508 -3.3891,
		 -2.9834 0.0508 -3.3845,
		 -2.9868 0.0508 -3.3809,
		 -2.9914 0.0508 -3.3789,
		 -2.9963 0.0508 -3.3788
		]
	} #Coordinate3
	Material {
		ambientColor      0.1951 0.1951 0.1951  #ambientColor
		diffuseColor      0.7804 0.7804 0.7804  #diffuseColor
		transparency      0.0000                #transparency
	} #Material

	IndexedFaceSet {
		coordIndex [ 
		 0, 1, 2, 3, 4, 5, 6, 7, 8, 9, 10, 11, 12, 13, 14, 15,-1,
		 15, 14, 13, 12, 11, 10, 9, 8, 7, 6, 5, 4, 3, 2, 1, 0,-1,
		 0, 15, 31, 16,-1,
		 16, 31, 15, 0,-1,
		 1, 0, 16, 17,-1,
		 17, 16, 0, 1,-1,
		 2, 1, 17, 18,-1,
		 18, 17, 1, 2,-1,
		 3, 2, 18, 19,-1,
		 19, 18, 2, 3,-1,
		 4, 3, 19, 20,-1,
		 20, 19, 3, 4,-1,
		 5, 4, 20, 21,-1,
		 21, 20, 4, 5,-1,
		 6, 5, 21, 22,-1,
		 22, 21, 5, 6,-1,
		 7, 6, 22, 23,-1,
		 23, 22, 6, 7,-1,
		 8, 7, 23, 24,-1,
		 24, 23, 7, 8,-1,
		 9, 8, 24, 25,-1,
		 25, 24, 8, 9,-1,
		 10, 9, 25, 26,-1,
		 26, 25, 9, 10,-1,
		 11, 10, 26, 27,-1,
		 27, 26, 10, 11,-1,
		 12, 11, 27, 28,-1,
		 28, 27, 11, 12,-1,
		 13, 12, 28, 29,-1,
		 29, 28, 12, 13,-1,
		 14, 13, 29, 30,-1,
		 30, 29, 13, 14,-1,
		 15, 14, 30, 31,-1,
		 31, 30, 14, 15,-1,
		 31, 30, 29, 28, 27, 26, 25, 24, 23, 22, 21, 20, 19, 18, 17, 16,-1,
		 16, 17, 18, 19, 20, 21, 22, 23, 24, 25, 26, 27, 28, 29, 30, 31,-1,
		]
	} #IndexedFaceSet
} #Polyhedron
Separator { #Polyhedron
	DEF COORD72 Coordinate3 {
		point [
		 -2.9039 0.1016 -3.9308,
		 -2.9075 0.1016 -3.9343,
		 -2.9095 0.1016 -3.9388,
		 -2.9096 0.1016 -3.9438,
		 -2.9078 0.1016 -3.9484,
		 -2.9044 0.1016 -3.9520,
		 -2.8999 0.1016 -3.9540,
		 -2.8949 0.1016 -3.9541,
		 -2.8903 0.1016 -3.9523,
		 -2.8867 0.1016 -3.9488,
		 -2.8847 0.1016 -3.9443,
		 -2.8846 0.1016 -3.9393,
		 -2.8864 0.1016 -3.9347,
		 -2.8898 0.1016 -3.9312,
		 -2.8944 0.1016 -3.9292,
		 -2.8993 0.1016 -3.9290,
		 -2.9039 0.0508 -3.9308,
		 -2.9075 0.0508 -3.9343,
		 -2.9095 0.0508 -3.9388,
		 -2.9096 0.0508 -3.9438,
		 -2.9078 0.0508 -3.9484,
		 -2.9044 0.0508 -3.9520,
		 -2.8999 0.0508 -3.9540,
		 -2.8949 0.0508 -3.9541,
		 -2.8903 0.0508 -3.9523,
		 -2.8867 0.0508 -3.9488,
		 -2.8847 0.0508 -3.9443,
		 -2.8846 0.0508 -3.9393,
		 -2.8864 0.0508 -3.9347,
		 -2.8898 0.0508 -3.9312,
		 -2.8944 0.0508 -3.9292,
		 -2.8993 0.0508 -3.9290
		]
	} #Coordinate3
	Material {
		ambientColor      0.1951 0.1951 0.1951  #ambientColor
		diffuseColor      0.7804 0.7804 0.7804  #diffuseColor
		transparency      0.0000                #transparency
	} #Material

	IndexedFaceSet {
		coordIndex [ 
		 0, 1, 2, 3, 4, 5, 6, 7, 8, 9, 10, 11, 12, 13, 14, 15,-1,
		 15, 14, 13, 12, 11, 10, 9, 8, 7, 6, 5, 4, 3, 2, 1, 0,-1,
		 0, 15, 31, 16,-1,
		 16, 31, 15, 0,-1,
		 1, 0, 16, 17,-1,
		 17, 16, 0, 1,-1,
		 2, 1, 17, 18,-1,
		 18, 17, 1, 2,-1,
		 3, 2, 18, 19,-1,
		 19, 18, 2, 3,-1,
		 4, 3, 19, 20,-1,
		 20, 19, 3, 4,-1,
		 5, 4, 20, 21,-1,
		 21, 20, 4, 5,-1,
		 6, 5, 21, 22,-1,
		 22, 21, 5, 6,-1,
		 7, 6, 22, 23,-1,
		 23, 22, 6, 7,-1,
		 8, 7, 23, 24,-1,
		 24, 23, 7, 8,-1,
		 9, 8, 24, 25,-1,
		 25, 24, 8, 9,-1,
		 10, 9, 25, 26,-1,
		 26, 25, 9, 10,-1,
		 11, 10, 26, 27,-1,
		 27, 26, 10, 11,-1,
		 12, 11, 27, 28,-1,
		 28, 27, 11, 12,-1,
		 13, 12, 28, 29,-1,
		 29, 28, 12, 13,-1,
		 14, 13, 29, 30,-1,
		 30, 29, 13, 14,-1,
		 15, 14, 30, 31,-1,
		 31, 30, 14, 15,-1,
		 31, 30, 29, 28, 27, 26, 25, 24, 23, 22, 21, 20, 19, 18, 17, 16,-1,
		 16, 17, 18, 19, 20, 21, 22, 23, 24, 25, 26, 27, 28, 29, 30, 31,-1,
		]
	} #IndexedFaceSet
} #Polyhedron
Separator { #Polyhedron
	DEF COORD73 Coordinate3 {
		point [
		 -3.2276 0.1016 -3.7042,
		 -3.2311 0.1016 -3.7076,
		 -3.2331 0.1016 -3.7122,
		 -3.2332 0.1016 -3.7171,
		 -3.2315 0.1016 -3.7218,
		 -3.2280 0.1016 -3.7253,
		 -3.2235 0.1016 -3.7273,
		 -3.2185 0.1016 -3.7274,
		 -3.2139 0.1016 -3.7256,
		 -3.2103 0.1016 -3.7222,
		 -3.2083 0.1016 -3.7177,
		 -3.2082 0.1016 -3.7127,
		 -3.2100 0.1016 -3.7081,
		 -3.2135 0.1016 -3.7045,
		 -3.2180 0.1016 -3.7025,
		 -3.2229 0.1016 -3.7024,
		 -3.2276 0.0508 -3.7042,
		 -3.2311 0.0508 -3.7076,
		 -3.2331 0.0508 -3.7122,
		 -3.2332 0.0508 -3.7171,
		 -3.2315 0.0508 -3.7218,
		 -3.2280 0.0508 -3.7253,
		 -3.2235 0.0508 -3.7273,
		 -3.2185 0.0508 -3.7274,
		 -3.2139 0.0508 -3.7256,
		 -3.2103 0.0508 -3.7222,
		 -3.2083 0.0508 -3.7177,
		 -3.2082 0.0508 -3.7127,
		 -3.2100 0.0508 -3.7081,
		 -3.2135 0.0508 -3.7045,
		 -3.2180 0.0508 -3.7025,
		 -3.2229 0.0508 -3.7024
		]
	} #Coordinate3
	Material {
		ambientColor      0.1951 0.1951 0.1951  #ambientColor
		diffuseColor      0.7804 0.7804 0.7804  #diffuseColor
		transparency      0.0000                #transparency
	} #Material

	IndexedFaceSet {
		coordIndex [ 
		 0, 1, 2, 3, 4, 5, 6, 7, 8, 9, 10, 11, 12, 13, 14, 15,-1,
		 15, 14, 13, 12, 11, 10, 9, 8, 7, 6, 5, 4, 3, 2, 1, 0,-1,
		 0, 15, 31, 16,-1,
		 16, 31, 15, 0,-1,
		 1, 0, 16, 17,-1,
		 17, 16, 0, 1,-1,
		 2, 1, 17, 18,-1,
		 18, 17, 1, 2,-1,
		 3, 2, 18, 19,-1,
		 19, 18, 2, 3,-1,
		 4, 3, 19, 20,-1,
		 20, 19, 3, 4,-1,
		 5, 4, 20, 21,-1,
		 21, 20, 4, 5,-1,
		 6, 5, 21, 22,-1,
		 22, 21, 5, 6,-1,
		 7, 6, 22, 23,-1,
		 23, 22, 6, 7,-1,
		 8, 7, 23, 24,-1,
		 24, 23, 7, 8,-1,
		 9, 8, 24, 25,-1,
		 25, 24, 8, 9,-1,
		 10, 9, 25, 26,-1,
		 26, 25, 9, 10,-1,
		 11, 10, 26, 27,-1,
		 27, 26, 10, 11,-1,
		 12, 11, 27, 28,-1,
		 28, 27, 11, 12,-1,
		 13, 12, 28, 29,-1,
		 29, 28, 12, 13,-1,
		 14, 13, 29, 30,-1,
		 30, 29, 13, 14,-1,
		 15, 14, 30, 31,-1,
		 31, 30, 14, 15,-1,
		 31, 30, 29, 28, 27, 26, 25, 24, 23, 22, 21, 20, 19, 18, 17, 16,-1,
		 16, 17, 18, 19, 20, 21, 22, 23, 24, 25, 26, 27, 28, 29, 30, 31,-1,
		]
	} #IndexedFaceSet
} #Polyhedron
Separator { #Polyhedron
	DEF COORD74 Coordinate3 {
		point [
		 -2.8971 0.0508 -3.9416,
		 -2.9053 0.0457 -3.9287,
		 -2.9096 0.0457 -3.9328,
		 -2.9120 0.0457 -3.9383,
		 -2.9121 0.0457 -3.9442,
		 -2.9100 0.0457 -3.9497,
		 -2.9058 0.0457 -3.9540,
		 -2.9004 0.0457 -3.9564,
		 -2.8945 0.0457 -3.9566,
		 -2.8889 0.0457 -3.9544,
		 -2.8846 0.0457 -3.9503,
		 -2.8822 0.0457 -3.9449,
		 -2.8821 0.0457 -3.9389,
		 -2.8843 0.0457 -3.9334,
		 -2.8884 0.0457 -3.9291,
		 -2.8938 0.0457 -3.9267,
		 -2.8998 0.0457 -3.9265,
		 -2.9080 0.0406 -3.9244,
		 -2.9138 0.0406 -3.9299,
		 -2.9169 0.0406 -3.9372,
		 -2.9171 0.0406 -3.9451,
		 -2.9142 0.0406 -3.9525,
		 -2.9088 0.0406 -3.9582,
		 -2.9015 0.0406 -3.9614,
		 -2.8936 0.0406 -3.9616,
		 -2.8862 0.0406 -3.9587,
		 -2.8805 0.0406 -3.9532,
		 -2.8773 0.0406 -3.9460,
		 -2.8771 0.0406 -3.9380,
		 -2.8800 0.0406 -3.9306,
		 -2.8855 0.0406 -3.9249,
		 -2.8927 0.0406 -3.9217,
		 -2.9006 0.0406 -3.9215,
		 -2.9096 0.0356 -3.9219,
		 -2.9162 0.0356 -3.9282,
		 -2.9198 0.0356 -3.9365,
		 -2.9200 0.0356 -3.9456,
		 -2.9167 0.0356 -3.9541,
		 -2.9105 0.0356 -3.9606,
		 -2.9021 0.0356 -3.9643,
		 -2.8931 0.0356 -3.9645,
		 -2.8846 0.0356 -3.9612,
		 -2.8780 0.0356 -3.9549,
		 -2.8744 0.0356 -3.9466,
		 -2.8742 0.0356 -3.9375,
		 -2.8775 0.0356 -3.9290,
		 -2.8838 0.0356 -3.9225,
		 -2.8921 0.0356 -3.9188,
		 -2.9011 0.0356 -3.9186,
		 -2.9105 0.0305 -3.9206,
		 -2.9175 0.0305 -3.9273,
		 -2.9214 0.0305 -3.9362,
		 -2.9216 0.0305 -3.9459,
		 -2.9181 0.0305 -3.9549,
		 -2.9114 0.0305 -3.9619,
		 -2.9025 0.0305 -3.9658,
		 -2.8928 0.0305 -3.9661,
		 -2.8837 0.0305 -3.9625,
		 -2.8767 0.0305 -3.9558,
		 -2.8728 0.0305 -3.9469,
		 -2.8726 0.0305 -3.9372,
		 -2.8761 0.0305 -3.9282,
		 -2.8828 0.0305 -3.9212,
		 -2.8917 0.0305 -3.9173,
		 -2.9014 0.0305 -3.9170,
		 -2.9108 0.0254 -3.9201,
		 -2.9179 0.0254 -3.9270,
		 -2.9219 0.0254 -3.9361,
		 -2.9221 0.0254 -3.9460,
		 -2.9185 0.0254 -3.9552,
		 -2.9117 0.0254 -3.9624,
		 -2.9026 0.0254 -3.9664,
		 -2.8927 0.0254 -3.9666,
		 -2.8835 0.0254 -3.9630,
		 -2.8763 0.0254 -3.9561,
		 -2.8723 0.0254 -3.9471,
		 -2.8721 0.0254 -3.9371,
		 -2.8757 0.0254 -3.9279,
		 -2.8825 0.0254 -3.9207,
		 -2.8916 0.0254 -3.9168,
		 -2.9015 0.0254 -3.9165,
		 -2.9105 0.0203 -3.9206,
		 -2.9175 0.0203 -3.9273,
		 -2.9214 0.0203 -3.9362,
		 -2.9216 0.0203 -3.9459,
		 -2.9181 0.0203 -3.9549,
		 -2.9114 0.0203 -3.9619,
		 -2.9025 0.0203 -3.9658,
		 -2.8928 0.0203 -3.9661,
		 -2.8837 0.0203 -3.9625,
		 -2.8767 0.0203 -3.9558,
		 -2.8728 0.0203 -3.9469,
		 -2.8726 0.0203 -3.9372,
		 -2.8761 0.0203 -3.9282,
		 -2.8828 0.0203 -3.9212,
		 -2.8917 0.0203 -3.9173,
		 -2.9014 0.0203 -3.9170,
		 -2.9096 0.0152 -3.9219,
		 -2.9162 0.0152 -3.9282,
		 -2.9198 0.0152 -3.9365,
		 -2.9200 0.0152 -3.9456,
		 -2.9167 0.0152 -3.9541,
		 -2.9105 0.0152 -3.9606,
		 -2.9021 0.0152 -3.9643,
		 -2.8931 0.0152 -3.9645,
		 -2.8846 0.0152 -3.9612,
		 -2.8780 0.0152 -3.9549,
		 -2.8744 0.0152 -3.9466,
		 -2.8742 0.0152 -3.9375,
		 -2.8775 0.0152 -3.9290,
		 -2.8838 0.0152 -3.9225,
		 -2.8921 0.0152 -3.9188,
		 -2.9011 0.0152 -3.9186,
		 -2.9080 0.0102 -3.9244,
		 -2.9138 0.0102 -3.9299,
		 -2.9169 0.0102 -3.9372,
		 -2.9171 0.0102 -3.9451,
		 -2.9142 0.0102 -3.9525,
		 -2.9088 0.0102 -3.9582,
		 -2.9015 0.0102 -3.9614,
		 -2.8936 0.0102 -3.9616,
		 -2.8862 0.0102 -3.9587,
		 -2.8805 0.0102 -3.9532,
		 -2.8773 0.0102 -3.9460,
		 -2.8771 0.0102 -3.9380,
		 -2.8800 0.0102 -3.9306,
		 -2.8855 0.0102 -3.9249,
		 -2.8927 0.0102 -3.9217,
		 -2.9006 0.0102 -3.9215,
		 -2.9053 0.0051 -3.9287,
		 -2.9096 0.0051 -3.9328,
		 -2.9120 0.0051 -3.9383,
		 -2.9121 0.0051 -3.9442,
		 -2.9100 0.0051 -3.9497,
		 -2.9058 0.0051 -3.9540,
		 -2.9004 0.0051 -3.9564,
		 -2.8945 0.0051 -3.9566,
		 -2.8889 0.0051 -3.9544,
		 -2.8846 0.0051 -3.9503,
		 -2.8822 0.0051 -3.9449,
		 -2.8821 0.0051 -3.9389,
		 -2.8843 0.0051 -3.9334,
		 -2.8884 0.0051 -3.9291,
		 -2.8938 0.0051 -3.9267,
		 -2.8998 0.0051 -3.9265,
		 -2.8971 0.0000 -3.9416
		]
	} #Coordinate3
	Material {
		ambientColor      0.1176 0.1176 0.1176  #ambientColor
		diffuseColor      0.4706 0.4706 0.4706  #diffuseColor
		transparency      0.0000                #transparency
	} #Material

	IndexedFaceSet {
		coordIndex [ 
		 0, 16, 1,-1,
		 1, 16, 0,-1,
		 0, 1, 2,-1,
		 2, 1, 0,-1,
		 0, 2, 3,-1,
		 3, 2, 0,-1,
		 0, 3, 4,-1,
		 4, 3, 0,-1,
		 0, 4, 5,-1,
		 5, 4, 0,-1,
		 0, 5, 6,-1,
		 6, 5, 0,-1,
		 0, 6, 7,-1,
		 7, 6, 0,-1,
		 0, 7, 8,-1,
		 8, 7, 0,-1,
		 0, 8, 9,-1,
		 9, 8, 0,-1,
		 0, 9, 10,-1,
		 10, 9, 0,-1,
		 0, 10, 11,-1,
		 11, 10, 0,-1,
		 0, 11, 12,-1,
		 12, 11, 0,-1,
		 0, 12, 13,-1,
		 13, 12, 0,-1,
		 0, 13, 14,-1,
		 14, 13, 0,-1,
		 0, 14, 15,-1,
		 15, 14, 0,-1,
		 0, 15, 16,-1,
		 16, 15, 0,-1,
		 1, 16, 32, 17,-1,
		 17, 32, 16, 1,-1,
		 2, 1, 17, 18,-1,
		 18, 17, 1, 2,-1,
		 3, 2, 18, 19,-1,
		 19, 18, 2, 3,-1,
		 4, 3, 19, 20,-1,
		 20, 19, 3, 4,-1,
		 5, 4, 20, 21,-1,
		 21, 20, 4, 5,-1,
		 6, 5, 21, 22,-1,
		 22, 21, 5, 6,-1,
		 7, 6, 22, 23,-1,
		 23, 22, 6, 7,-1,
		 8, 7, 23, 24,-1,
		 24, 23, 7, 8,-1,
		 9, 8, 24, 25,-1,
		 25, 24, 8, 9,-1,
		 10, 9, 25, 26,-1,
		 26, 25, 9, 10,-1,
		 11, 10, 26, 27,-1,
		 27, 26, 10, 11,-1,
		 12, 11, 27, 28,-1,
		 28, 27, 11, 12,-1,
		 13, 12, 28, 29,-1,
		 29, 28, 12, 13,-1,
		 14, 13, 29, 30,-1,
		 30, 29, 13, 14,-1,
		 15, 14, 30, 31,-1,
		 31, 30, 14, 15,-1,
		 16, 15, 31, 32,-1,
		 32, 31, 15, 16,-1,
		 17, 32, 48, 33,-1,
		 33, 48, 32, 17,-1,
		 18, 17, 33, 34,-1,
		 34, 33, 17, 18,-1,
		 19, 18, 34, 35,-1,
		 35, 34, 18, 19,-1,
		 20, 19, 35, 36,-1,
		 36, 35, 19, 20,-1,
		 21, 20, 36, 37,-1,
		 37, 36, 20, 21,-1,
		 22, 21, 37, 38,-1,
		 38, 37, 21, 22,-1,
		 23, 22, 38, 39,-1,
		 39, 38, 22, 23,-1,
		 24, 23, 39, 40,-1,
		 40, 39, 23, 24,-1,
		 25, 24, 40, 41,-1,
		 41, 40, 24, 25,-1,
		 26, 25, 41, 42,-1,
		 42, 41, 25, 26,-1,
		 27, 26, 42, 43,-1,
		 43, 42, 26, 27,-1,
		 28, 27, 43, 44,-1,
		 44, 43, 27, 28,-1,
		 29, 28, 44, 45,-1,
		 45, 44, 28, 29,-1,
		 30, 29, 45, 46,-1,
		 46, 45, 29, 30,-1,
		 31, 30, 46, 47,-1,
		 47, 46, 30, 31,-1,
		 32, 31, 47, 48,-1,
		 48, 47, 31, 32,-1,
		 33, 48, 64, 49,-1,
		 49, 64, 48, 33,-1,
		 34, 33, 49, 50,-1,
		 50, 49, 33, 34,-1,
		 35, 34, 50, 51,-1,
		 51, 50, 34, 35,-1,
		 36, 35, 51, 52,-1,
		 52, 51, 35, 36,-1,
		 37, 36, 52, 53,-1,
		 53, 52, 36, 37,-1,
		 38, 37, 53, 54,-1,
		 54, 53, 37, 38,-1,
		 39, 38, 54, 55,-1,
		 55, 54, 38, 39,-1,
		 40, 39, 55, 56,-1,
		 56, 55, 39, 40,-1,
		 41, 40, 56, 57,-1,
		 57, 56, 40, 41,-1,
		 42, 41, 57, 58,-1,
		 58, 57, 41, 42,-1,
		 43, 42, 58, 59,-1,
		 59, 58, 42, 43,-1,
		 44, 43, 59, 60,-1,
		 60, 59, 43, 44,-1,
		 45, 44, 60, 61,-1,
		 61, 60, 44, 45,-1,
		 46, 45, 61, 62,-1,
		 62, 61, 45, 46,-1,
		 47, 46, 62, 63,-1,
		 63, 62, 46, 47,-1,
		 48, 47, 63, 64,-1,
		 64, 63, 47, 48,-1,
		 49, 64, 80, 65,-1,
		 65, 80, 64, 49,-1,
		 50, 49, 65, 66,-1,
		 66, 65, 49, 50,-1,
		 51, 50, 66, 67,-1,
		 67, 66, 50, 51,-1,
		 52, 51, 67, 68,-1,
		 68, 67, 51, 52,-1,
		 53, 52, 68, 69,-1,
		 69, 68, 52, 53,-1,
		 54, 53, 69, 70,-1,
		 70, 69, 53, 54,-1,
		 55, 54, 70, 71,-1,
		 71, 70, 54, 55,-1,
		 56, 55, 71, 72,-1,
		 72, 71, 55, 56,-1,
		 57, 56, 72, 73,-1,
		 73, 72, 56, 57,-1,
		 58, 57, 73, 74,-1,
		 74, 73, 57, 58,-1,
		 59, 58, 74, 75,-1,
		 75, 74, 58, 59,-1,
		 60, 59, 75, 76,-1,
		 76, 75, 59, 60,-1,
		 61, 60, 76, 77,-1,
		 77, 76, 60, 61,-1,
		 62, 61, 77, 78,-1,
		 78, 77, 61, 62,-1,
		 63, 62, 78, 79,-1,
		 79, 78, 62, 63,-1,
		 64, 63, 79, 80,-1,
		 80, 79, 63, 64,-1,
		 65, 80, 96, 81,-1,
		 81, 96, 80, 65,-1,
		 66, 65, 81, 82,-1,
		 82, 81, 65, 66,-1,
		 67, 66, 82, 83,-1,
		 83, 82, 66, 67,-1,
		 68, 67, 83, 84,-1,
		 84, 83, 67, 68,-1,
		 69, 68, 84, 85,-1,
		 85, 84, 68, 69,-1,
		 70, 69, 85, 86,-1,
		 86, 85, 69, 70,-1,
		 71, 70, 86, 87,-1,
		 87, 86, 70, 71,-1,
		 72, 71, 87, 88,-1,
		 88, 87, 71, 72,-1,
		 73, 72, 88, 89,-1,
		 89, 88, 72, 73,-1,
		 74, 73, 89, 90,-1,
		 90, 89, 73, 74,-1,
		 75, 74, 90, 91,-1,
		 91, 90, 74, 75,-1,
		 76, 75, 91, 92,-1,
		 92, 91, 75, 76,-1,
		 77, 76, 92, 93,-1,
		 93, 92, 76, 77,-1,
		 78, 77, 93, 94,-1,
		 94, 93, 77, 78,-1,
		 79, 78, 94, 95,-1,
		 95, 94, 78, 79,-1,
		 80, 79, 95, 96,-1,
		 96, 95, 79, 80,-1,
		 81, 96, 112, 97,-1,
		 97, 112, 96, 81,-1,
		 82, 81, 97, 98,-1,
		 98, 97, 81, 82,-1,
		 83, 82, 98, 99,-1,
		 99, 98, 82, 83,-1,
		 84, 83, 99, 100,-1,
		 100, 99, 83, 84,-1,
		 85, 84, 100, 101,-1,
		 101, 100, 84, 85,-1,
		 86, 85, 101, 102,-1,
		 102, 101, 85, 86,-1,
		 87, 86, 102, 103,-1,
		 103, 102, 86, 87,-1,
		 88, 87, 103, 104,-1,
		 104, 103, 87, 88,-1,
		 89, 88, 104, 105,-1,
		 105, 104, 88, 89,-1,
		 90, 89, 105, 106,-1,
		 106, 105, 89, 90,-1,
		 91, 90, 106, 107,-1,
		 107, 106, 90, 91,-1,
		 92, 91, 107, 108,-1,
		 108, 107, 91, 92,-1,
		 93, 92, 108, 109,-1,
		 109, 108, 92, 93,-1,
		 94, 93, 109, 110,-1,
		 110, 109, 93, 94,-1,
		 95, 94, 110, 111,-1,
		 111, 110, 94, 95,-1,
		 96, 95, 111, 112,-1,
		 112, 111, 95, 96,-1,
		 97, 112, 128, 113,-1,
		 113, 128, 112, 97,-1,
		 98, 97, 113, 114,-1,
		 114, 113, 97, 98,-1,
		 99, 98, 114, 115,-1,
		 115, 114, 98, 99,-1,
		 100, 99, 115, 116,-1,
		 116, 115, 99, 100,-1,
		 101, 100, 116, 117,-1,
		 117, 116, 100, 101,-1,
		 102, 101, 117, 118,-1,
		 118, 117, 101, 102,-1,
		 103, 102, 118, 119,-1,
		 119, 118, 102, 103,-1,
		 104, 103, 119, 120,-1,
		 120, 119, 103, 104,-1,
		 105, 104, 120, 121,-1,
		 121, 120, 104, 105,-1,
		 106, 105, 121, 122,-1,
		 122, 121, 105, 106,-1,
		 107, 106, 122, 123,-1,
		 123, 122, 106, 107,-1,
		 108, 107, 123, 124,-1,
		 124, 123, 107, 108,-1,
		 109, 108, 124, 125,-1,
		 125, 124, 108, 109,-1,
		 110, 109, 125, 126,-1,
		 126, 125, 109, 110,-1,
		 111, 110, 126, 127,-1,
		 127, 126, 110, 111,-1,
		 112, 111, 127, 128,-1,
		 128, 127, 111, 112,-1,
		 113, 128, 144, 129,-1,
		 129, 144, 128, 113,-1,
		 114, 113, 129, 130,-1,
		 130, 129, 113, 114,-1,
		 115, 114, 130, 131,-1,
		 131, 130, 114, 115,-1,
		 116, 115, 131, 132,-1,
		 132, 131, 115, 116,-1,
		 117, 116, 132, 133,-1,
		 133, 132, 116, 117,-1,
		 118, 117, 133, 134,-1,
		 134, 133, 117, 118,-1,
		 119, 118, 134, 135,-1,
		 135, 134, 118, 119,-1,
		 120, 119, 135, 136,-1,
		 136, 135, 119, 120,-1,
		 121, 120, 136, 137,-1,
		 137, 136, 120, 121,-1,
		 122, 121, 137, 138,-1,
		 138, 137, 121, 122,-1,
		 123, 122, 138, 139,-1,
		 139, 138, 122, 123,-1,
		 124, 123, 139, 140,-1,
		 140, 139, 123, 124,-1,
		 125, 124, 140, 141,-1,
		 141, 140, 124, 125,-1,
		 126, 125, 141, 142,-1,
		 142, 141, 125, 126,-1,
		 127, 126, 142, 143,-1,
		 143, 142, 126, 127,-1,
		 128, 127, 143, 144,-1,
		 144, 143, 127, 128,-1,
		 129, 144, 145,-1,
		 145, 144, 129,-1,
		 130, 129, 145,-1,
		 145, 129, 130,-1,
		 131, 130, 145,-1,
		 145, 130, 131,-1,
		 132, 131, 145,-1,
		 145, 131, 132,-1,
		 133, 132, 145,-1,
		 145, 132, 133,-1,
		 134, 133, 145,-1,
		 145, 133, 134,-1,
		 135, 134, 145,-1,
		 145, 134, 135,-1,
		 136, 135, 145,-1,
		 145, 135, 136,-1,
		 137, 136, 145,-1,
		 145, 136, 137,-1,
		 138, 137, 145,-1,
		 145, 137, 138,-1,
		 139, 138, 145,-1,
		 145, 138, 139,-1,
		 140, 139, 145,-1,
		 145, 139, 140,-1,
		 141, 140, 145,-1,
		 145, 140, 141,-1,
		 142, 141, 145,-1,
		 145, 141, 142,-1,
		 143, 142, 145,-1,
		 145, 142, 143,-1,
		 144, 143, 145,-1,
		 145, 143, 144,-1,
		]
	} #IndexedFaceSet
} #Polyhedron
Separator { #Polyhedron
	DEF COORD75 Coordinate3 {
		point [
		 -3.2207 0.0508 -3.7149,
		 -3.2289 0.0457 -3.7021,
		 -3.2332 0.0457 -3.7062,
		 -3.2356 0.0457 -3.7116,
		 -3.2358 0.0457 -3.7176,
		 -3.2336 0.0457 -3.7231,
		 -3.2295 0.0457 -3.7274,
		 -3.2240 0.0457 -3.7298,
		 -3.2181 0.0457 -3.7299,
		 -3.2126 0.0457 -3.7278,
		 -3.2083 0.0457 -3.7237,
		 -3.2059 0.0457 -3.7182,
		 -3.2057 0.0457 -3.7123,
		 -3.2079 0.0457 -3.7067,
		 -3.2120 0.0457 -3.7024,
		 -3.2174 0.0457 -3.7001,
		 -3.2234 0.0457 -3.6999,
		 -3.2317 0.0406 -3.6978,
		 -3.2374 0.0406 -3.7033,
		 -3.2406 0.0406 -3.7105,
		 -3.2408 0.0406 -3.7185,
		 -3.2379 0.0406 -3.7258,
		 -3.2324 0.0406 -3.7316,
		 -3.2251 0.0406 -3.7348,
		 -3.2172 0.0406 -3.7349,
		 -3.2098 0.0406 -3.7321,
		 -3.2041 0.0406 -3.7266,
		 -3.2009 0.0406 -3.7193,
		 -3.2007 0.0406 -3.7114,
		 -3.2036 0.0406 -3.7040,
		 -3.2091 0.0406 -3.6983,
		 -3.2163 0.0406 -3.6951,
		 -3.2243 0.0406 -3.6949,
		 -3.2332 0.0356 -3.6953,
		 -3.2398 0.0356 -3.7016,
		 -3.2435 0.0356 -3.7099,
		 -3.2437 0.0356 -3.7190,
		 -3.2404 0.0356 -3.7274,
		 -3.2341 0.0356 -3.7340,
		 -3.2258 0.0356 -3.7377,
		 -3.2167 0.0356 -3.7379,
		 -3.2082 0.0356 -3.7346,
		 -3.2017 0.0356 -3.7283,
		 -3.1980 0.0356 -3.7200,
		 -3.1978 0.0356 -3.7109,
		 -3.2011 0.0356 -3.7024,
		 -3.2074 0.0356 -3.6959,
		 -3.2157 0.0356 -3.6922,
		 -3.2248 0.0356 -3.6920,
		 -3.2341 0.0305 -3.6939,
		 -3.2411 0.0305 -3.7007,
		 -3.2450 0.0305 -3.7095,
		 -3.2453 0.0305 -3.7193,
		 -3.2417 0.0305 -3.7283,
		 -3.2350 0.0305 -3.7353,
		 -3.2261 0.0305 -3.7392,
		 -3.2164 0.0305 -3.7394,
		 -3.2074 0.0305 -3.7359,
		 -3.2004 0.0305 -3.7292,
		 -3.1964 0.0305 -3.7203,
		 -3.1962 0.0305 -3.7106,
		 -3.1998 0.0305 -3.7016,
		 -3.2065 0.0305 -3.6945,
		 -3.2154 0.0305 -3.6906,
		 -3.2251 0.0305 -3.6904,
		 -3.2344 0.0254 -3.6935,
		 -3.2415 0.0254 -3.7004,
		 -3.2455 0.0254 -3.7094,
		 -3.2458 0.0254 -3.7193,
		 -3.2422 0.0254 -3.7286,
		 -3.2353 0.0254 -3.7357,
		 -3.2262 0.0254 -3.7397,
		 -3.2163 0.0254 -3.7399,
		 -3.2071 0.0254 -3.7364,
		 -3.1999 0.0254 -3.7295,
		 -3.1959 0.0254 -3.7204,
		 -3.1957 0.0254 -3.7105,
		 -3.1993 0.0254 -3.7013,
		 -3.2062 0.0254 -3.6941,
		 -3.2152 0.0254 -3.6901,
		 -3.2252 0.0254 -3.6899,
		 -3.2341 0.0203 -3.6939,
		 -3.2411 0.0203 -3.7007,
		 -3.2450 0.0203 -3.7095,
		 -3.2453 0.0203 -3.7193,
		 -3.2417 0.0203 -3.7283,
		 -3.2350 0.0203 -3.7353,
		 -3.2261 0.0203 -3.7392,
		 -3.2164 0.0203 -3.7394,
		 -3.2074 0.0203 -3.7359,
		 -3.2004 0.0203 -3.7292,
		 -3.1964 0.0203 -3.7203,
		 -3.1962 0.0203 -3.7106,
		 -3.1998 0.0203 -3.7016,
		 -3.2065 0.0203 -3.6945,
		 -3.2154 0.0203 -3.6906,
		 -3.2251 0.0203 -3.6904,
		 -3.2332 0.0152 -3.6953,
		 -3.2398 0.0152 -3.7016,
		 -3.2435 0.0152 -3.7099,
		 -3.2437 0.0152 -3.7190,
		 -3.2404 0.0152 -3.7274,
		 -3.2341 0.0152 -3.7340,
		 -3.2258 0.0152 -3.7377,
		 -3.2167 0.0152 -3.7379,
		 -3.2082 0.0152 -3.7346,
		 -3.2017 0.0152 -3.7283,
		 -3.1980 0.0152 -3.7200,
		 -3.1978 0.0152 -3.7109,
		 -3.2011 0.0152 -3.7024,
		 -3.2074 0.0152 -3.6959,
		 -3.2157 0.0152 -3.6922,
		 -3.2248 0.0152 -3.6920,
		 -3.2317 0.0102 -3.6978,
		 -3.2374 0.0102 -3.7033,
		 -3.2406 0.0102 -3.7105,
		 -3.2408 0.0102 -3.7185,
		 -3.2379 0.0102 -3.7258,
		 -3.2324 0.0102 -3.7316,
		 -3.2251 0.0102 -3.7348,
		 -3.2172 0.0102 -3.7349,
		 -3.2098 0.0102 -3.7321,
		 -3.2041 0.0102 -3.7266,
		 -3.2009 0.0102 -3.7193,
		 -3.2007 0.0102 -3.7114,
		 -3.2036 0.0102 -3.7040,
		 -3.2091 0.0102 -3.6983,
		 -3.2163 0.0102 -3.6951,
		 -3.2243 0.0102 -3.6949,
		 -3.2289 0.0051 -3.7021,
		 -3.2332 0.0051 -3.7062,
		 -3.2356 0.0051 -3.7116,
		 -3.2358 0.0051 -3.7176,
		 -3.2336 0.0051 -3.7231,
		 -3.2295 0.0051 -3.7274,
		 -3.2240 0.0051 -3.7298,
		 -3.2181 0.0051 -3.7299,
		 -3.2126 0.0051 -3.7278,
		 -3.2083 0.0051 -3.7237,
		 -3.2059 0.0051 -3.7182,
		 -3.2057 0.0051 -3.7123,
		 -3.2079 0.0051 -3.7067,
		 -3.2120 0.0051 -3.7024,
		 -3.2174 0.0051 -3.7001,
		 -3.2234 0.0051 -3.6999,
		 -3.2207 0.0000 -3.7149
		]
	} #Coordinate3
	Material {
		ambientColor      0.1176 0.1176 0.1176  #ambientColor
		diffuseColor      0.4706 0.4706 0.4706  #diffuseColor
		transparency      0.0000                #transparency
	} #Material

	IndexedFaceSet {
		coordIndex [ 
		 0, 16, 1,-1,
		 1, 16, 0,-1,
		 0, 1, 2,-1,
		 2, 1, 0,-1,
		 0, 2, 3,-1,
		 3, 2, 0,-1,
		 0, 3, 4,-1,
		 4, 3, 0,-1,
		 0, 4, 5,-1,
		 5, 4, 0,-1,
		 0, 5, 6,-1,
		 6, 5, 0,-1,
		 0, 6, 7,-1,
		 7, 6, 0,-1,
		 0, 7, 8,-1,
		 8, 7, 0,-1,
		 0, 8, 9,-1,
		 9, 8, 0,-1,
		 0, 9, 10,-1,
		 10, 9, 0,-1,
		 0, 10, 11,-1,
		 11, 10, 0,-1,
		 0, 11, 12,-1,
		 12, 11, 0,-1,
		 0, 12, 13,-1,
		 13, 12, 0,-1,
		 0, 13, 14,-1,
		 14, 13, 0,-1,
		 0, 14, 15,-1,
		 15, 14, 0,-1,
		 0, 15, 16,-1,
		 16, 15, 0,-1,
		 1, 16, 32, 17,-1,
		 17, 32, 16, 1,-1,
		 2, 1, 17, 18,-1,
		 18, 17, 1, 2,-1,
		 3, 2, 18, 19,-1,
		 19, 18, 2, 3,-1,
		 4, 3, 19, 20,-1,
		 20, 19, 3, 4,-1,
		 5, 4, 20, 21,-1,
		 21, 20, 4, 5,-1,
		 6, 5, 21, 22,-1,
		 22, 21, 5, 6,-1,
		 7, 6, 22, 23,-1,
		 23, 22, 6, 7,-1,
		 8, 7, 23, 24,-1,
		 24, 23, 7, 8,-1,
		 9, 8, 24, 25,-1,
		 25, 24, 8, 9,-1,
		 10, 9, 25, 26,-1,
		 26, 25, 9, 10,-1,
		 11, 10, 26, 27,-1,
		 27, 26, 10, 11,-1,
		 12, 11, 27, 28,-1,
		 28, 27, 11, 12,-1,
		 13, 12, 28, 29,-1,
		 29, 28, 12, 13,-1,
		 14, 13, 29, 30,-1,
		 30, 29, 13, 14,-1,
		 15, 14, 30, 31,-1,
		 31, 30, 14, 15,-1,
		 16, 15, 31, 32,-1,
		 32, 31, 15, 16,-1,
		 17, 32, 48, 33,-1,
		 33, 48, 32, 17,-1,
		 18, 17, 33, 34,-1,
		 34, 33, 17, 18,-1,
		 19, 18, 34, 35,-1,
		 35, 34, 18, 19,-1,
		 20, 19, 35, 36,-1,
		 36, 35, 19, 20,-1,
		 21, 20, 36, 37,-1,
		 37, 36, 20, 21,-1,
		 22, 21, 37, 38,-1,
		 38, 37, 21, 22,-1,
		 23, 22, 38, 39,-1,
		 39, 38, 22, 23,-1,
		 24, 23, 39, 40,-1,
		 40, 39, 23, 24,-1,
		 25, 24, 40, 41,-1,
		 41, 40, 24, 25,-1,
		 26, 25, 41, 42,-1,
		 42, 41, 25, 26,-1,
		 27, 26, 42, 43,-1,
		 43, 42, 26, 27,-1,
		 28, 27, 43, 44,-1,
		 44, 43, 27, 28,-1,
		 29, 28, 44, 45,-1,
		 45, 44, 28, 29,-1,
		 30, 29, 45, 46,-1,
		 46, 45, 29, 30,-1,
		 31, 30, 46, 47,-1,
		 47, 46, 30, 31,-1,
		 32, 31, 47, 48,-1,
		 48, 47, 31, 32,-1,
		 33, 48, 64, 49,-1,
		 49, 64, 48, 33,-1,
		 34, 33, 49, 50,-1,
		 50, 49, 33, 34,-1,
		 35, 34, 50, 51,-1,
		 51, 50, 34, 35,-1,
		 36, 35, 51, 52,-1,
		 52, 51, 35, 36,-1,
		 37, 36, 52, 53,-1,
		 53, 52, 36, 37,-1,
		 38, 37, 53, 54,-1,
		 54, 53, 37, 38,-1,
		 39, 38, 54, 55,-1,
		 55, 54, 38, 39,-1,
		 40, 39, 55, 56,-1,
		 56, 55, 39, 40,-1,
		 41, 40, 56, 57,-1,
		 57, 56, 40, 41,-1,
		 42, 41, 57, 58,-1,
		 58, 57, 41, 42,-1,
		 43, 42, 58, 59,-1,
		 59, 58, 42, 43,-1,
		 44, 43, 59, 60,-1,
		 60, 59, 43, 44,-1,
		 45, 44, 60, 61,-1,
		 61, 60, 44, 45,-1,
		 46, 45, 61, 62,-1,
		 62, 61, 45, 46,-1,
		 47, 46, 62, 63,-1,
		 63, 62, 46, 47,-1,
		 48, 47, 63, 64,-1,
		 64, 63, 47, 48,-1,
		 49, 64, 80, 65,-1,
		 65, 80, 64, 49,-1,
		 50, 49, 65, 66,-1,
		 66, 65, 49, 50,-1,
		 51, 50, 66, 67,-1,
		 67, 66, 50, 51,-1,
		 52, 51, 67, 68,-1,
		 68, 67, 51, 52,-1,
		 53, 52, 68, 69,-1,
		 69, 68, 52, 53,-1,
		 54, 53, 69, 70,-1,
		 70, 69, 53, 54,-1,
		 55, 54, 70, 71,-1,
		 71, 70, 54, 55,-1,
		 56, 55, 71, 72,-1,
		 72, 71, 55, 56,-1,
		 57, 56, 72, 73,-1,
		 73, 72, 56, 57,-1,
		 58, 57, 73, 74,-1,
		 74, 73, 57, 58,-1,
		 59, 58, 74, 75,-1,
		 75, 74, 58, 59,-1,
		 60, 59, 75, 76,-1,
		 76, 75, 59, 60,-1,
		 61, 60, 76, 77,-1,
		 77, 76, 60, 61,-1,
		 62, 61, 77, 78,-1,
		 78, 77, 61, 62,-1,
		 63, 62, 78, 79,-1,
		 79, 78, 62, 63,-1,
		 64, 63, 79, 80,-1,
		 80, 79, 63, 64,-1,
		 65, 80, 96, 81,-1,
		 81, 96, 80, 65,-1,
		 66, 65, 81, 82,-1,
		 82, 81, 65, 66,-1,
		 67, 66, 82, 83,-1,
		 83, 82, 66, 67,-1,
		 68, 67, 83, 84,-1,
		 84, 83, 67, 68,-1,
		 69, 68, 84, 85,-1,
		 85, 84, 68, 69,-1,
		 70, 69, 85, 86,-1,
		 86, 85, 69, 70,-1,
		 71, 70, 86, 87,-1,
		 87, 86, 70, 71,-1,
		 72, 71, 87, 88,-1,
		 88, 87, 71, 72,-1,
		 73, 72, 88, 89,-1,
		 89, 88, 72, 73,-1,
		 74, 73, 89, 90,-1,
		 90, 89, 73, 74,-1,
		 75, 74, 90, 91,-1,
		 91, 90, 74, 75,-1,
		 76, 75, 91, 92,-1,
		 92, 91, 75, 76,-1,
		 77, 76, 92, 93,-1,
		 93, 92, 76, 77,-1,
		 78, 77, 93, 94,-1,
		 94, 93, 77, 78,-1,
		 79, 78, 94, 95,-1,
		 95, 94, 78, 79,-1,
		 80, 79, 95, 96,-1,
		 96, 95, 79, 80,-1,
		 81, 96, 112, 97,-1,
		 97, 112, 96, 81,-1,
		 82, 81, 97, 98,-1,
		 98, 97, 81, 82,-1,
		 83, 82, 98, 99,-1,
		 99, 98, 82, 83,-1,
		 84, 83, 99, 100,-1,
		 100, 99, 83, 84,-1,
		 85, 84, 100, 101,-1,
		 101, 100, 84, 85,-1,
		 86, 85, 101, 102,-1,
		 102, 101, 85, 86,-1,
		 87, 86, 102, 103,-1,
		 103, 102, 86, 87,-1,
		 88, 87, 103, 104,-1,
		 104, 103, 87, 88,-1,
		 89, 88, 104, 105,-1,
		 105, 104, 88, 89,-1,
		 90, 89, 105, 106,-1,
		 106, 105, 89, 90,-1,
		 91, 90, 106, 107,-1,
		 107, 106, 90, 91,-1,
		 92, 91, 107, 108,-1,
		 108, 107, 91, 92,-1,
		 93, 92, 108, 109,-1,
		 109, 108, 92, 93,-1,
		 94, 93, 109, 110,-1,
		 110, 109, 93, 94,-1,
		 95, 94, 110, 111,-1,
		 111, 110, 94, 95,-1,
		 96, 95, 111, 112,-1,
		 112, 111, 95, 96,-1,
		 97, 112, 128, 113,-1,
		 113, 128, 112, 97,-1,
		 98, 97, 113, 114,-1,
		 114, 113, 97, 98,-1,
		 99, 98, 114, 115,-1,
		 115, 114, 98, 99,-1,
		 100, 99, 115, 116,-1,
		 116, 115, 99, 100,-1,
		 101, 100, 116, 117,-1,
		 117, 116, 100, 101,-1,
		 102, 101, 117, 118,-1,
		 118, 117, 101, 102,-1,
		 103, 102, 118, 119,-1,
		 119, 118, 102, 103,-1,
		 104, 103, 119, 120,-1,
		 120, 119, 103, 104,-1,
		 105, 104, 120, 121,-1,
		 121, 120, 104, 105,-1,
		 106, 105, 121, 122,-1,
		 122, 121, 105, 106,-1,
		 107, 106, 122, 123,-1,
		 123, 122, 106, 107,-1,
		 108, 107, 123, 124,-1,
		 124, 123, 107, 108,-1,
		 109, 108, 124, 125,-1,
		 125, 124, 108, 109,-1,
		 110, 109, 125, 126,-1,
		 126, 125, 109, 110,-1,
		 111, 110, 126, 127,-1,
		 127, 126, 110, 111,-1,
		 112, 111, 127, 128,-1,
		 128, 127, 111, 112,-1,
		 113, 128, 144, 129,-1,
		 129, 144, 128, 113,-1,
		 114, 113, 129, 130,-1,
		 130, 129, 113, 114,-1,
		 115, 114, 130, 131,-1,
		 131, 130, 114, 115,-1,
		 116, 115, 131, 132,-1,
		 132, 131, 115, 116,-1,
		 117, 116, 132, 133,-1,
		 133, 132, 116, 117,-1,
		 118, 117, 133, 134,-1,
		 134, 133, 117, 118,-1,
		 119, 118, 134, 135,-1,
		 135, 134, 118, 119,-1,
		 120, 119, 135, 136,-1,
		 136, 135, 119, 120,-1,
		 121, 120, 136, 137,-1,
		 137, 136, 120, 121,-1,
		 122, 121, 137, 138,-1,
		 138, 137, 121, 122,-1,
		 123, 122, 138, 139,-1,
		 139, 138, 122, 123,-1,
		 124, 123, 139, 140,-1,
		 140, 139, 123, 124,-1,
		 125, 124, 140, 141,-1,
		 141, 140, 124, 125,-1,
		 126, 125, 141, 142,-1,
		 142, 141, 125, 126,-1,
		 127, 126, 142, 143,-1,
		 143, 142, 126, 127,-1,
		 128, 127, 143, 144,-1,
		 144, 143, 127, 128,-1,
		 129, 144, 145,-1,
		 145, 144, 129,-1,
		 130, 129, 145,-1,
		 145, 129, 130,-1,
		 131, 130, 145,-1,
		 145, 130, 131,-1,
		 132, 131, 145,-1,
		 145, 131, 132,-1,
		 133, 132, 145,-1,
		 145, 132, 133,-1,
		 134, 133, 145,-1,
		 145, 133, 134,-1,
		 135, 134, 145,-1,
		 145, 134, 135,-1,
		 136, 135, 145,-1,
		 145, 135, 136,-1,
		 137, 136, 145,-1,
		 145, 136, 137,-1,
		 138, 137, 145,-1,
		 145, 137, 138,-1,
		 139, 138, 145,-1,
		 145, 138, 139,-1,
		 140, 139, 145,-1,
		 145, 139, 140,-1,
		 141, 140, 145,-1,
		 145, 140, 141,-1,
		 142, 141, 145,-1,
		 145, 141, 142,-1,
		 143, 142, 145,-1,
		 145, 142, 143,-1,
		 144, 143, 145,-1,
		 145, 143, 144,-1,
		]
	} #IndexedFaceSet
} #Polyhedron
Separator { #Polyhedron
	DEF COORD76 Coordinate3 {
		point [
		 -2.9941 0.0508 -3.3913,
		 -3.0023 0.0457 -3.3784,
		 -3.0066 0.0457 -3.3826,
		 -3.0090 0.0457 -3.3880,
		 -3.0091 0.0457 -3.3939,
		 -3.0070 0.0457 -3.3995,
		 -3.0029 0.0457 -3.4038,
		 -2.9974 0.0457 -3.4062,
		 -2.9915 0.0457 -3.4063,
		 -2.9859 0.0457 -3.4041,
		 -2.9816 0.0457 -3.4000,
		 -2.9792 0.0457 -3.3946,
		 -2.9791 0.0457 -3.3886,
		 -2.9813 0.0457 -3.3831,
		 -2.9854 0.0457 -3.3788,
		 -2.9908 0.0457 -3.3764,
		 -2.9968 0.0457 -3.3763,
		 -3.0050 0.0406 -3.3742,
		 -3.0108 0.0406 -3.3796,
		 -3.0140 0.0406 -3.3869,
		 -3.0141 0.0406 -3.3948,
		 -3.0113 0.0406 -3.4022,
		 -3.0058 0.0406 -3.4079,
		 -2.9985 0.0406 -3.4111,
		 -2.9906 0.0406 -3.4113,
		 -2.9832 0.0406 -3.4084,
		 -2.9775 0.0406 -3.4030,
		 -2.9743 0.0406 -3.3957,
		 -2.9741 0.0406 -3.3878,
		 -2.9770 0.0406 -3.3804,
		 -2.9825 0.0406 -3.3747,
		 -2.9897 0.0406 -3.3715,
		 -2.9976 0.0406 -3.3713,
		 -3.0066 0.0356 -3.3717,
		 -3.0132 0.0356 -3.3779,
		 -3.0168 0.0356 -3.3863,
		 -3.0170 0.0356 -3.3953,
		 -3.0138 0.0356 -3.4038,
		 -3.0075 0.0356 -3.4104,
		 -2.9992 0.0356 -3.4140,
		 -2.9901 0.0356 -3.4142,
		 -2.9816 0.0356 -3.4109,
		 -2.9751 0.0356 -3.4046,
		 -2.9714 0.0356 -3.3963,
		 -2.9712 0.0356 -3.3873,
		 -2.9745 0.0356 -3.3788,
		 -2.9808 0.0356 -3.3722,
		 -2.9891 0.0356 -3.3686,
		 -2.9982 0.0356 -3.3684,
		 -3.0075 0.0305 -3.3703,
		 -3.0145 0.0305 -3.3770,
		 -3.0184 0.0305 -3.3859,
		 -3.0186 0.0305 -3.3956,
		 -3.0151 0.0305 -3.4047,
		 -3.0084 0.0305 -3.4117,
		 -2.9995 0.0305 -3.4156,
		 -2.9898 0.0305 -3.4158,
		 -2.9808 0.0305 -3.4123,
		 -2.9737 0.0305 -3.4056,
		 -2.9698 0.0305 -3.3967,
		 -2.9696 0.0305 -3.3870,
		 -2.9731 0.0305 -3.3779,
		 -2.9798 0.0305 -3.3709,
		 -2.9887 0.0305 -3.3670,
		 -2.9984 0.0305 -3.3668,
		 -3.0078 0.0254 -3.3699,
		 -3.0149 0.0254 -3.3767,
		 -3.0189 0.0254 -3.3858,
		 -3.0191 0.0254 -3.3957,
		 -3.0155 0.0254 -3.4049,
		 -3.0087 0.0254 -3.4121,
		 -2.9996 0.0254 -3.4161,
		 -2.9897 0.0254 -3.4163,
		 -2.9805 0.0254 -3.4127,
		 -2.9733 0.0254 -3.4059,
		 -2.9693 0.0254 -3.3968,
		 -2.9691 0.0254 -3.3869,
		 -2.9727 0.0254 -3.3776,
		 -2.9796 0.0254 -3.3705,
		 -2.9886 0.0254 -3.3665,
		 -2.9985 0.0254 -3.3663,
		 -3.0075 0.0203 -3.3703,
		 -3.0145 0.0203 -3.3770,
		 -3.0184 0.0203 -3.3859,
		 -3.0186 0.0203 -3.3956,
		 -3.0151 0.0203 -3.4047,
		 -3.0084 0.0203 -3.4117,
		 -2.9995 0.0203 -3.4156,
		 -2.9898 0.0203 -3.4158,
		 -2.9808 0.0203 -3.4123,
		 -2.9737 0.0203 -3.4056,
		 -2.9698 0.0203 -3.3967,
		 -2.9696 0.0203 -3.3870,
		 -2.9731 0.0203 -3.3779,
		 -2.9798 0.0203 -3.3709,
		 -2.9887 0.0203 -3.3670,
		 -2.9984 0.0203 -3.3668,
		 -3.0066 0.0152 -3.3717,
		 -3.0132 0.0152 -3.3779,
		 -3.0168 0.0152 -3.3863,
		 -3.0170 0.0152 -3.3953,
		 -3.0138 0.0152 -3.4038,
		 -3.0075 0.0152 -3.4104,
		 -2.9992 0.0152 -3.4140,
		 -2.9901 0.0152 -3.4142,
		 -2.9816 0.0152 -3.4109,
		 -2.9751 0.0152 -3.4046,
		 -2.9714 0.0152 -3.3963,
		 -2.9712 0.0152 -3.3873,
		 -2.9745 0.0152 -3.3788,
		 -2.9808 0.0152 -3.3722,
		 -2.9891 0.0152 -3.3686,
		 -2.9982 0.0152 -3.3684,
		 -3.0050 0.0102 -3.3742,
		 -3.0108 0.0102 -3.3796,
		 -3.0140 0.0102 -3.3869,
		 -3.0141 0.0102 -3.3948,
		 -3.0113 0.0102 -3.4022,
		 -3.0058 0.0102 -3.4079,
		 -2.9985 0.0102 -3.4111,
		 -2.9906 0.0102 -3.4113,
		 -2.9832 0.0102 -3.4084,
		 -2.9775 0.0102 -3.4030,
		 -2.9743 0.0102 -3.3957,
		 -2.9741 0.0102 -3.3878,
		 -2.9770 0.0102 -3.3804,
		 -2.9825 0.0102 -3.3747,
		 -2.9897 0.0102 -3.3715,
		 -2.9976 0.0102 -3.3713,
		 -3.0023 0.0051 -3.3784,
		 -3.0066 0.0051 -3.3826,
		 -3.0090 0.0051 -3.3880,
		 -3.0091 0.0051 -3.3939,
		 -3.0070 0.0051 -3.3995,
		 -3.0029 0.0051 -3.4038,
		 -2.9974 0.0051 -3.4062,
		 -2.9915 0.0051 -3.4063,
		 -2.9859 0.0051 -3.4041,
		 -2.9816 0.0051 -3.4000,
		 -2.9792 0.0051 -3.3946,
		 -2.9791 0.0051 -3.3886,
		 -2.9813 0.0051 -3.3831,
		 -2.9854 0.0051 -3.3788,
		 -2.9908 0.0051 -3.3764,
		 -2.9968 0.0051 -3.3763,
		 -2.9941 0.0000 -3.3913
		]
	} #Coordinate3
	Material {
		ambientColor      0.1176 0.1176 0.1176  #ambientColor
		diffuseColor      0.4706 0.4706 0.4706  #diffuseColor
		transparency      0.0000                #transparency
	} #Material

	IndexedFaceSet {
		coordIndex [ 
		 0, 16, 1,-1,
		 1, 16, 0,-1,
		 0, 1, 2,-1,
		 2, 1, 0,-1,
		 0, 2, 3,-1,
		 3, 2, 0,-1,
		 0, 3, 4,-1,
		 4, 3, 0,-1,
		 0, 4, 5,-1,
		 5, 4, 0,-1,
		 0, 5, 6,-1,
		 6, 5, 0,-1,
		 0, 6, 7,-1,
		 7, 6, 0,-1,
		 0, 7, 8,-1,
		 8, 7, 0,-1,
		 0, 8, 9,-1,
		 9, 8, 0,-1,
		 0, 9, 10,-1,
		 10, 9, 0,-1,
		 0, 10, 11,-1,
		 11, 10, 0,-1,
		 0, 11, 12,-1,
		 12, 11, 0,-1,
		 0, 12, 13,-1,
		 13, 12, 0,-1,
		 0, 13, 14,-1,
		 14, 13, 0,-1,
		 0, 14, 15,-1,
		 15, 14, 0,-1,
		 0, 15, 16,-1,
		 16, 15, 0,-1,
		 1, 16, 32, 17,-1,
		 17, 32, 16, 1,-1,
		 2, 1, 17, 18,-1,
		 18, 17, 1, 2,-1,
		 3, 2, 18, 19,-1,
		 19, 18, 2, 3,-1,
		 4, 3, 19, 20,-1,
		 20, 19, 3, 4,-1,
		 5, 4, 20, 21,-1,
		 21, 20, 4, 5,-1,
		 6, 5, 21, 22,-1,
		 22, 21, 5, 6,-1,
		 7, 6, 22, 23,-1,
		 23, 22, 6, 7,-1,
		 8, 7, 23, 24,-1,
		 24, 23, 7, 8,-1,
		 9, 8, 24, 25,-1,
		 25, 24, 8, 9,-1,
		 10, 9, 25, 26,-1,
		 26, 25, 9, 10,-1,
		 11, 10, 26, 27,-1,
		 27, 26, 10, 11,-1,
		 12, 11, 27, 28,-1,
		 28, 27, 11, 12,-1,
		 13, 12, 28, 29,-1,
		 29, 28, 12, 13,-1,
		 14, 13, 29, 30,-1,
		 30, 29, 13, 14,-1,
		 15, 14, 30, 31,-1,
		 31, 30, 14, 15,-1,
		 16, 15, 31, 32,-1,
		 32, 31, 15, 16,-1,
		 17, 32, 48, 33,-1,
		 33, 48, 32, 17,-1,
		 18, 17, 33, 34,-1,
		 34, 33, 17, 18,-1,
		 19, 18, 34, 35,-1,
		 35, 34, 18, 19,-1,
		 20, 19, 35, 36,-1,
		 36, 35, 19, 20,-1,
		 21, 20, 36, 37,-1,
		 37, 36, 20, 21,-1,
		 22, 21, 37, 38,-1,
		 38, 37, 21, 22,-1,
		 23, 22, 38, 39,-1,
		 39, 38, 22, 23,-1,
		 24, 23, 39, 40,-1,
		 40, 39, 23, 24,-1,
		 25, 24, 40, 41,-1,
		 41, 40, 24, 25,-1,
		 26, 25, 41, 42,-1,
		 42, 41, 25, 26,-1,
		 27, 26, 42, 43,-1,
		 43, 42, 26, 27,-1,
		 28, 27, 43, 44,-1,
		 44, 43, 27, 28,-1,
		 29, 28, 44, 45,-1,
		 45, 44, 28, 29,-1,
		 30, 29, 45, 46,-1,
		 46, 45, 29, 30,-1,
		 31, 30, 46, 47,-1,
		 47, 46, 30, 31,-1,
		 32, 31, 47, 48,-1,
		 48, 47, 31, 32,-1,
		 33, 48, 64, 49,-1,
		 49, 64, 48, 33,-1,
		 34, 33, 49, 50,-1,
		 50, 49, 33, 34,-1,
		 35, 34, 50, 51,-1,
		 51, 50, 34, 35,-1,
		 36, 35, 51, 52,-1,
		 52, 51, 35, 36,-1,
		 37, 36, 52, 53,-1,
		 53, 52, 36, 37,-1,
		 38, 37, 53, 54,-1,
		 54, 53, 37, 38,-1,
		 39, 38, 54, 55,-1,
		 55, 54, 38, 39,-1,
		 40, 39, 55, 56,-1,
		 56, 55, 39, 40,-1,
		 41, 40, 56, 57,-1,
		 57, 56, 40, 41,-1,
		 42, 41, 57, 58,-1,
		 58, 57, 41, 42,-1,
		 43, 42, 58, 59,-1,
		 59, 58, 42, 43,-1,
		 44, 43, 59, 60,-1,
		 60, 59, 43, 44,-1,
		 45, 44, 60, 61,-1,
		 61, 60, 44, 45,-1,
		 46, 45, 61, 62,-1,
		 62, 61, 45, 46,-1,
		 47, 46, 62, 63,-1,
		 63, 62, 46, 47,-1,
		 48, 47, 63, 64,-1,
		 64, 63, 47, 48,-1,
		 49, 64, 80, 65,-1,
		 65, 80, 64, 49,-1,
		 50, 49, 65, 66,-1,
		 66, 65, 49, 50,-1,
		 51, 50, 66, 67,-1,
		 67, 66, 50, 51,-1,
		 52, 51, 67, 68,-1,
		 68, 67, 51, 52,-1,
		 53, 52, 68, 69,-1,
		 69, 68, 52, 53,-1,
		 54, 53, 69, 70,-1,
		 70, 69, 53, 54,-1,
		 55, 54, 70, 71,-1,
		 71, 70, 54, 55,-1,
		 56, 55, 71, 72,-1,
		 72, 71, 55, 56,-1,
		 57, 56, 72, 73,-1,
		 73, 72, 56, 57,-1,
		 58, 57, 73, 74,-1,
		 74, 73, 57, 58,-1,
		 59, 58, 74, 75,-1,
		 75, 74, 58, 59,-1,
		 60, 59, 75, 76,-1,
		 76, 75, 59, 60,-1,
		 61, 60, 76, 77,-1,
		 77, 76, 60, 61,-1,
		 62, 61, 77, 78,-1,
		 78, 77, 61, 62,-1,
		 63, 62, 78, 79,-1,
		 79, 78, 62, 63,-1,
		 64, 63, 79, 80,-1,
		 80, 79, 63, 64,-1,
		 65, 80, 96, 81,-1,
		 81, 96, 80, 65,-1,
		 66, 65, 81, 82,-1,
		 82, 81, 65, 66,-1,
		 67, 66, 82, 83,-1,
		 83, 82, 66, 67,-1,
		 68, 67, 83, 84,-1,
		 84, 83, 67, 68,-1,
		 69, 68, 84, 85,-1,
		 85, 84, 68, 69,-1,
		 70, 69, 85, 86,-1,
		 86, 85, 69, 70,-1,
		 71, 70, 86, 87,-1,
		 87, 86, 70, 71,-1,
		 72, 71, 87, 88,-1,
		 88, 87, 71, 72,-1,
		 73, 72, 88, 89,-1,
		 89, 88, 72, 73,-1,
		 74, 73, 89, 90,-1,
		 90, 89, 73, 74,-1,
		 75, 74, 90, 91,-1,
		 91, 90, 74, 75,-1,
		 76, 75, 91, 92,-1,
		 92, 91, 75, 76,-1,
		 77, 76, 92, 93,-1,
		 93, 92, 76, 77,-1,
		 78, 77, 93, 94,-1,
		 94, 93, 77, 78,-1,
		 79, 78, 94, 95,-1,
		 95, 94, 78, 79,-1,
		 80, 79, 95, 96,-1,
		 96, 95, 79, 80,-1,
		 81, 96, 112, 97,-1,
		 97, 112, 96, 81,-1,
		 82, 81, 97, 98,-1,
		 98, 97, 81, 82,-1,
		 83, 82, 98, 99,-1,
		 99, 98, 82, 83,-1,
		 84, 83, 99, 100,-1,
		 100, 99, 83, 84,-1,
		 85, 84, 100, 101,-1,
		 101, 100, 84, 85,-1,
		 86, 85, 101, 102,-1,
		 102, 101, 85, 86,-1,
		 87, 86, 102, 103,-1,
		 103, 102, 86, 87,-1,
		 88, 87, 103, 104,-1,
		 104, 103, 87, 88,-1,
		 89, 88, 104, 105,-1,
		 105, 104, 88, 89,-1,
		 90, 89, 105, 106,-1,
		 106, 105, 89, 90,-1,
		 91, 90, 106, 107,-1,
		 107, 106, 90, 91,-1,
		 92, 91, 107, 108,-1,
		 108, 107, 91, 92,-1,
		 93, 92, 108, 109,-1,
		 109, 108, 92, 93,-1,
		 94, 93, 109, 110,-1,
		 110, 109, 93, 94,-1,
		 95, 94, 110, 111,-1,
		 111, 110, 94, 95,-1,
		 96, 95, 111, 112,-1,
		 112, 111, 95, 96,-1,
		 97, 112, 128, 113,-1,
		 113, 128, 112, 97,-1,
		 98, 97, 113, 114,-1,
		 114, 113, 97, 98,-1,
		 99, 98, 114, 115,-1,
		 115, 114, 98, 99,-1,
		 100, 99, 115, 116,-1,
		 116, 115, 99, 100,-1,
		 101, 100, 116, 117,-1,
		 117, 116, 100, 101,-1,
		 102, 101, 117, 118,-1,
		 118, 117, 101, 102,-1,
		 103, 102, 118, 119,-1,
		 119, 118, 102, 103,-1,
		 104, 103, 119, 120,-1,
		 120, 119, 103, 104,-1,
		 105, 104, 120, 121,-1,
		 121, 120, 104, 105,-1,
		 106, 105, 121, 122,-1,
		 122, 121, 105, 106,-1,
		 107, 106, 122, 123,-1,
		 123, 122, 106, 107,-1,
		 108, 107, 123, 124,-1,
		 124, 123, 107, 108,-1,
		 109, 108, 124, 125,-1,
		 125, 124, 108, 109,-1,
		 110, 109, 125, 126,-1,
		 126, 125, 109, 110,-1,
		 111, 110, 126, 127,-1,
		 127, 126, 110, 111,-1,
		 112, 111, 127, 128,-1,
		 128, 127, 111, 112,-1,
		 113, 128, 144, 129,-1,
		 129, 144, 128, 113,-1,
		 114, 113, 129, 130,-1,
		 130, 129, 113, 114,-1,
		 115, 114, 130, 131,-1,
		 131, 130, 114, 115,-1,
		 116, 115, 131, 132,-1,
		 132, 131, 115, 116,-1,
		 117, 116, 132, 133,-1,
		 133, 132, 116, 117,-1,
		 118, 117, 133, 134,-1,
		 134, 133, 117, 118,-1,
		 119, 118, 134, 135,-1,
		 135, 134, 118, 119,-1,
		 120, 119, 135, 136,-1,
		 136, 135, 119, 120,-1,
		 121, 120, 136, 137,-1,
		 137, 136, 120, 121,-1,
		 122, 121, 137, 138,-1,
		 138, 137, 121, 122,-1,
		 123, 122, 138, 139,-1,
		 139, 138, 122, 123,-1,
		 124, 123, 139, 140,-1,
		 140, 139, 123, 124,-1,
		 125, 124, 140, 141,-1,
		 141, 140, 124, 125,-1,
		 126, 125, 141, 142,-1,
		 142, 141, 125, 126,-1,
		 127, 126, 142, 143,-1,
		 143, 142, 126, 127,-1,
		 128, 127, 143, 144,-1,
		 144, 143, 127, 128,-1,
		 129, 144, 145,-1,
		 145, 144, 129,-1,
		 130, 129, 145,-1,
		 145, 129, 130,-1,
		 131, 130, 145,-1,
		 145, 130, 131,-1,
		 132, 131, 145,-1,
		 145, 131, 132,-1,
		 133, 132, 145,-1,
		 145, 132, 133,-1,
		 134, 133, 145,-1,
		 145, 133, 134,-1,
		 135, 134, 145,-1,
		 145, 134, 135,-1,
		 136, 135, 145,-1,
		 145, 135, 136,-1,
		 137, 136, 145,-1,
		 145, 136, 137,-1,
		 138, 137, 145,-1,
		 145, 137, 138,-1,
		 139, 138, 145,-1,
		 145, 138, 139,-1,
		 140, 139, 145,-1,
		 145, 139, 140,-1,
		 141, 140, 145,-1,
		 145, 140, 141,-1,
		 142, 141, 145,-1,
		 145, 141, 142,-1,
		 143, 142, 145,-1,
		 145, 142, 143,-1,
		 144, 143, 145,-1,
		 145, 143, 144,-1,
		]
	} #IndexedFaceSet
} #Polyhedron
Separator { #Polyhedron
	DEF COORD77 Coordinate3 {
		point [
		 -2.6705 0.0508 -3.6179,
		 -2.6787 0.0457 -3.6051,
		 -2.6830 0.0457 -3.6092,
		 -2.6854 0.0457 -3.6146,
		 -2.6855 0.0457 -3.6206,
		 -2.6833 0.0457 -3.6261,
		 -2.6792 0.0457 -3.6304,
		 -2.6738 0.0457 -3.6328,
		 -2.6678 0.0457 -3.6329,
		 -2.6623 0.0457 -3.6308,
		 -2.6580 0.0457 -3.6267,
		 -2.6556 0.0457 -3.6212,
		 -2.6555 0.0457 -3.6153,
		 -2.6576 0.0457 -3.6097,
		 -2.6617 0.0457 -3.6054,
		 -2.6672 0.0457 -3.6030,
		 -2.6731 0.0457 -3.6029,
		 -2.6814 0.0406 -3.6008,
		 -2.6871 0.0406 -3.6063,
		 -2.6903 0.0406 -3.6135,
		 -2.6905 0.0406 -3.6214,
		 -2.6876 0.0406 -3.6288,
		 -2.6821 0.0406 -3.6346,
		 -2.6749 0.0406 -3.6378,
		 -2.6670 0.0406 -3.6379,
		 -2.6596 0.0406 -3.6351,
		 -2.6538 0.0406 -3.6296,
		 -2.6506 0.0406 -3.6223,
		 -2.6505 0.0406 -3.6144,
		 -2.6533 0.0406 -3.6070,
		 -2.6588 0.0406 -3.6013,
		 -2.6661 0.0406 -3.5981,
		 -2.6740 0.0406 -3.5979,
		 -2.6830 0.0356 -3.5983,
		 -2.6896 0.0356 -3.6046,
		 -2.6932 0.0356 -3.6129,
		 -2.6934 0.0356 -3.6220,
		 -2.6901 0.0356 -3.6304,
		 -2.6838 0.0356 -3.6370,
		 -2.6755 0.0356 -3.6406,
		 -2.6664 0.0356 -3.6408,
		 -2.6580 0.0356 -3.6375,
		 -2.6514 0.0356 -3.6313,
		 -2.6478 0.0356 -3.6230,
		 -2.6476 0.0356 -3.6139,
		 -2.6509 0.0356 -3.6054,
		 -2.6571 0.0356 -3.5988,
		 -2.6654 0.0356 -3.5952,
		 -2.6745 0.0356 -3.5950,
		 -2.6839 0.0305 -3.5969,
		 -2.6909 0.0305 -3.6036,
		 -2.6948 0.0305 -3.6125,
		 -2.6950 0.0305 -3.6222,
		 -2.6915 0.0305 -3.6313,
		 -2.6848 0.0305 -3.6383,
		 -2.6759 0.0305 -3.6422,
		 -2.6662 0.0305 -3.6424,
		 -2.6571 0.0305 -3.6389,
		 -2.6501 0.0305 -3.6322,
		 -2.6462 0.0305 -3.6233,
		 -2.6460 0.0305 -3.6136,
		 -2.6495 0.0305 -3.6045,
		 -2.6562 0.0305 -3.5975,
		 -2.6651 0.0305 -3.5936,
		 -2.6748 0.0305 -3.5934,
		 -2.6841 0.0254 -3.5965,
		 -2.6913 0.0254 -3.6033,
		 -2.6953 0.0254 -3.6124,
		 -2.6955 0.0254 -3.6223,
		 -2.6919 0.0254 -3.6316,
		 -2.6851 0.0254 -3.6387,
		 -2.6760 0.0254 -3.6427,
		 -2.6661 0.0254 -3.6429,
		 -2.6568 0.0254 -3.6393,
		 -2.6497 0.0254 -3.6325,
		 -2.6457 0.0254 -3.6234,
		 -2.6455 0.0254 -3.6135,
		 -2.6491 0.0254 -3.6043,
		 -2.6559 0.0254 -3.5971,
		 -2.6650 0.0254 -3.5931,
		 -2.6749 0.0254 -3.5929,
		 -2.6839 0.0203 -3.5969,
		 -2.6909 0.0203 -3.6036,
		 -2.6948 0.0203 -3.6125,
		 -2.6950 0.0203 -3.6222,
		 -2.6915 0.0203 -3.6313,
		 -2.6848 0.0203 -3.6383,
		 -2.6759 0.0203 -3.6422,
		 -2.6662 0.0203 -3.6424,
		 -2.6571 0.0203 -3.6389,
		 -2.6501 0.0203 -3.6322,
		 -2.6462 0.0203 -3.6233,
		 -2.6460 0.0203 -3.6136,
		 -2.6495 0.0203 -3.6045,
		 -2.6562 0.0203 -3.5975,
		 -2.6651 0.0203 -3.5936,
		 -2.6748 0.0203 -3.5934,
		 -2.6830 0.0152 -3.5983,
		 -2.6896 0.0152 -3.6046,
		 -2.6932 0.0152 -3.6129,
		 -2.6934 0.0152 -3.6220,
		 -2.6901 0.0152 -3.6304,
		 -2.6838 0.0152 -3.6370,
		 -2.6755 0.0152 -3.6406,
		 -2.6664 0.0152 -3.6408,
		 -2.6580 0.0152 -3.6375,
		 -2.6514 0.0152 -3.6313,
		 -2.6478 0.0152 -3.6230,
		 -2.6476 0.0152 -3.6139,
		 -2.6509 0.0152 -3.6054,
		 -2.6571 0.0152 -3.5988,
		 -2.6654 0.0152 -3.5952,
		 -2.6745 0.0152 -3.5950,
		 -2.6814 0.0102 -3.6008,
		 -2.6871 0.0102 -3.6063,
		 -2.6903 0.0102 -3.6135,
		 -2.6905 0.0102 -3.6214,
		 -2.6876 0.0102 -3.6288,
		 -2.6821 0.0102 -3.6346,
		 -2.6749 0.0102 -3.6378,
		 -2.6670 0.0102 -3.6379,
		 -2.6596 0.0102 -3.6351,
		 -2.6538 0.0102 -3.6296,
		 -2.6506 0.0102 -3.6223,
		 -2.6505 0.0102 -3.6144,
		 -2.6533 0.0102 -3.6070,
		 -2.6588 0.0102 -3.6013,
		 -2.6661 0.0102 -3.5981,
		 -2.6740 0.0102 -3.5979,
		 -2.6787 0.0051 -3.6051,
		 -2.6830 0.0051 -3.6092,
		 -2.6854 0.0051 -3.6146,
		 -2.6855 0.0051 -3.6206,
		 -2.6833 0.0051 -3.6261,
		 -2.6792 0.0051 -3.6304,
		 -2.6738 0.0051 -3.6328,
		 -2.6678 0.0051 -3.6329,
		 -2.6623 0.0051 -3.6308,
		 -2.6580 0.0051 -3.6267,
		 -2.6556 0.0051 -3.6212,
		 -2.6555 0.0051 -3.6153,
		 -2.6576 0.0051 -3.6097,
		 -2.6617 0.0051 -3.6054,
		 -2.6672 0.0051 -3.6030,
		 -2.6731 0.0051 -3.6029,
		 -2.6705 0.0000 -3.6179
		]
	} #Coordinate3
	Material {
		ambientColor      0.1176 0.1176 0.1176  #ambientColor
		diffuseColor      0.4706 0.4706 0.4706  #diffuseColor
		transparency      0.0000                #transparency
	} #Material

	IndexedFaceSet {
		coordIndex [ 
		 0, 16, 1,-1,
		 1, 16, 0,-1,
		 0, 1, 2,-1,
		 2, 1, 0,-1,
		 0, 2, 3,-1,
		 3, 2, 0,-1,
		 0, 3, 4,-1,
		 4, 3, 0,-1,
		 0, 4, 5,-1,
		 5, 4, 0,-1,
		 0, 5, 6,-1,
		 6, 5, 0,-1,
		 0, 6, 7,-1,
		 7, 6, 0,-1,
		 0, 7, 8,-1,
		 8, 7, 0,-1,
		 0, 8, 9,-1,
		 9, 8, 0,-1,
		 0, 9, 10,-1,
		 10, 9, 0,-1,
		 0, 10, 11,-1,
		 11, 10, 0,-1,
		 0, 11, 12,-1,
		 12, 11, 0,-1,
		 0, 12, 13,-1,
		 13, 12, 0,-1,
		 0, 13, 14,-1,
		 14, 13, 0,-1,
		 0, 14, 15,-1,
		 15, 14, 0,-1,
		 0, 15, 16,-1,
		 16, 15, 0,-1,
		 1, 16, 32, 17,-1,
		 17, 32, 16, 1,-1,
		 2, 1, 17, 18,-1,
		 18, 17, 1, 2,-1,
		 3, 2, 18, 19,-1,
		 19, 18, 2, 3,-1,
		 4, 3, 19, 20,-1,
		 20, 19, 3, 4,-1,
		 5, 4, 20, 21,-1,
		 21, 20, 4, 5,-1,
		 6, 5, 21, 22,-1,
		 22, 21, 5, 6,-1,
		 7, 6, 22, 23,-1,
		 23, 22, 6, 7,-1,
		 8, 7, 23, 24,-1,
		 24, 23, 7, 8,-1,
		 9, 8, 24, 25,-1,
		 25, 24, 8, 9,-1,
		 10, 9, 25, 26,-1,
		 26, 25, 9, 10,-1,
		 11, 10, 26, 27,-1,
		 27, 26, 10, 11,-1,
		 12, 11, 27, 28,-1,
		 28, 27, 11, 12,-1,
		 13, 12, 28, 29,-1,
		 29, 28, 12, 13,-1,
		 14, 13, 29, 30,-1,
		 30, 29, 13, 14,-1,
		 15, 14, 30, 31,-1,
		 31, 30, 14, 15,-1,
		 16, 15, 31, 32,-1,
		 32, 31, 15, 16,-1,
		 17, 32, 48, 33,-1,
		 33, 48, 32, 17,-1,
		 18, 17, 33, 34,-1,
		 34, 33, 17, 18,-1,
		 19, 18, 34, 35,-1,
		 35, 34, 18, 19,-1,
		 20, 19, 35, 36,-1,
		 36, 35, 19, 20,-1,
		 21, 20, 36, 37,-1,
		 37, 36, 20, 21,-1,
		 22, 21, 37, 38,-1,
		 38, 37, 21, 22,-1,
		 23, 22, 38, 39,-1,
		 39, 38, 22, 23,-1,
		 24, 23, 39, 40,-1,
		 40, 39, 23, 24,-1,
		 25, 24, 40, 41,-1,
		 41, 40, 24, 25,-1,
		 26, 25, 41, 42,-1,
		 42, 41, 25, 26,-1,
		 27, 26, 42, 43,-1,
		 43, 42, 26, 27,-1,
		 28, 27, 43, 44,-1,
		 44, 43, 27, 28,-1,
		 29, 28, 44, 45,-1,
		 45, 44, 28, 29,-1,
		 30, 29, 45, 46,-1,
		 46, 45, 29, 30,-1,
		 31, 30, 46, 47,-1,
		 47, 46, 30, 31,-1,
		 32, 31, 47, 48,-1,
		 48, 47, 31, 32,-1,
		 33, 48, 64, 49,-1,
		 49, 64, 48, 33,-1,
		 34, 33, 49, 50,-1,
		 50, 49, 33, 34,-1,
		 35, 34, 50, 51,-1,
		 51, 50, 34, 35,-1,
		 36, 35, 51, 52,-1,
		 52, 51, 35, 36,-1,
		 37, 36, 52, 53,-1,
		 53, 52, 36, 37,-1,
		 38, 37, 53, 54,-1,
		 54, 53, 37, 38,-1,
		 39, 38, 54, 55,-1,
		 55, 54, 38, 39,-1,
		 40, 39, 55, 56,-1,
		 56, 55, 39, 40,-1,
		 41, 40, 56, 57,-1,
		 57, 56, 40, 41,-1,
		 42, 41, 57, 58,-1,
		 58, 57, 41, 42,-1,
		 43, 42, 58, 59,-1,
		 59, 58, 42, 43,-1,
		 44, 43, 59, 60,-1,
		 60, 59, 43, 44,-1,
		 45, 44, 60, 61,-1,
		 61, 60, 44, 45,-1,
		 46, 45, 61, 62,-1,
		 62, 61, 45, 46,-1,
		 47, 46, 62, 63,-1,
		 63, 62, 46, 47,-1,
		 48, 47, 63, 64,-1,
		 64, 63, 47, 48,-1,
		 49, 64, 80, 65,-1,
		 65, 80, 64, 49,-1,
		 50, 49, 65, 66,-1,
		 66, 65, 49, 50,-1,
		 51, 50, 66, 67,-1,
		 67, 66, 50, 51,-1,
		 52, 51, 67, 68,-1,
		 68, 67, 51, 52,-1,
		 53, 52, 68, 69,-1,
		 69, 68, 52, 53,-1,
		 54, 53, 69, 70,-1,
		 70, 69, 53, 54,-1,
		 55, 54, 70, 71,-1,
		 71, 70, 54, 55,-1,
		 56, 55, 71, 72,-1,
		 72, 71, 55, 56,-1,
		 57, 56, 72, 73,-1,
		 73, 72, 56, 57,-1,
		 58, 57, 73, 74,-1,
		 74, 73, 57, 58,-1,
		 59, 58, 74, 75,-1,
		 75, 74, 58, 59,-1,
		 60, 59, 75, 76,-1,
		 76, 75, 59, 60,-1,
		 61, 60, 76, 77,-1,
		 77, 76, 60, 61,-1,
		 62, 61, 77, 78,-1,
		 78, 77, 61, 62,-1,
		 63, 62, 78, 79,-1,
		 79, 78, 62, 63,-1,
		 64, 63, 79, 80,-1,
		 80, 79, 63, 64,-1,
		 65, 80, 96, 81,-1,
		 81, 96, 80, 65,-1,
		 66, 65, 81, 82,-1,
		 82, 81, 65, 66,-1,
		 67, 66, 82, 83,-1,
		 83, 82, 66, 67,-1,
		 68, 67, 83, 84,-1,
		 84, 83, 67, 68,-1,
		 69, 68, 84, 85,-1,
		 85, 84, 68, 69,-1,
		 70, 69, 85, 86,-1,
		 86, 85, 69, 70,-1,
		 71, 70, 86, 87,-1,
		 87, 86, 70, 71,-1,
		 72, 71, 87, 88,-1,
		 88, 87, 71, 72,-1,
		 73, 72, 88, 89,-1,
		 89, 88, 72, 73,-1,
		 74, 73, 89, 90,-1,
		 90, 89, 73, 74,-1,
		 75, 74, 90, 91,-1,
		 91, 90, 74, 75,-1,
		 76, 75, 91, 92,-1,
		 92, 91, 75, 76,-1,
		 77, 76, 92, 93,-1,
		 93, 92, 76, 77,-1,
		 78, 77, 93, 94,-1,
		 94, 93, 77, 78,-1,
		 79, 78, 94, 95,-1,
		 95, 94, 78, 79,-1,
		 80, 79, 95, 96,-1,
		 96, 95, 79, 80,-1,
		 81, 96, 112, 97,-1,
		 97, 112, 96, 81,-1,
		 82, 81, 97, 98,-1,
		 98, 97, 81, 82,-1,
		 83, 82, 98, 99,-1,
		 99, 98, 82, 83,-1,
		 84, 83, 99, 100,-1,
		 100, 99, 83, 84,-1,
		 85, 84, 100, 101,-1,
		 101, 100, 84, 85,-1,
		 86, 85, 101, 102,-1,
		 102, 101, 85, 86,-1,
		 87, 86, 102, 103,-1,
		 103, 102, 86, 87,-1,
		 88, 87, 103, 104,-1,
		 104, 103, 87, 88,-1,
		 89, 88, 104, 105,-1,
		 105, 104, 88, 89,-1,
		 90, 89, 105, 106,-1,
		 106, 105, 89, 90,-1,
		 91, 90, 106, 107,-1,
		 107, 106, 90, 91,-1,
		 92, 91, 107, 108,-1,
		 108, 107, 91, 92,-1,
		 93, 92, 108, 109,-1,
		 109, 108, 92, 93,-1,
		 94, 93, 109, 110,-1,
		 110, 109, 93, 94,-1,
		 95, 94, 110, 111,-1,
		 111, 110, 94, 95,-1,
		 96, 95, 111, 112,-1,
		 112, 111, 95, 96,-1,
		 97, 112, 128, 113,-1,
		 113, 128, 112, 97,-1,
		 98, 97, 113, 114,-1,
		 114, 113, 97, 98,-1,
		 99, 98, 114, 115,-1,
		 115, 114, 98, 99,-1,
		 100, 99, 115, 116,-1,
		 116, 115, 99, 100,-1,
		 101, 100, 116, 117,-1,
		 117, 116, 100, 101,-1,
		 102, 101, 117, 118,-1,
		 118, 117, 101, 102,-1,
		 103, 102, 118, 119,-1,
		 119, 118, 102, 103,-1,
		 104, 103, 119, 120,-1,
		 120, 119, 103, 104,-1,
		 105, 104, 120, 121,-1,
		 121, 120, 104, 105,-1,
		 106, 105, 121, 122,-1,
		 122, 121, 105, 106,-1,
		 107, 106, 122, 123,-1,
		 123, 122, 106, 107,-1,
		 108, 107, 123, 124,-1,
		 124, 123, 107, 108,-1,
		 109, 108, 124, 125,-1,
		 125, 124, 108, 109,-1,
		 110, 109, 125, 126,-1,
		 126, 125, 109, 110,-1,
		 111, 110, 126, 127,-1,
		 127, 126, 110, 111,-1,
		 112, 111, 127, 128,-1,
		 128, 127, 111, 112,-1,
		 113, 128, 144, 129,-1,
		 129, 144, 128, 113,-1,
		 114, 113, 129, 130,-1,
		 130, 129, 113, 114,-1,
		 115, 114, 130, 131,-1,
		 131, 130, 114, 115,-1,
		 116, 115, 131, 132,-1,
		 132, 131, 115, 116,-1,
		 117, 116, 132, 133,-1,
		 133, 132, 116, 117,-1,
		 118, 117, 133, 134,-1,
		 134, 133, 117, 118,-1,
		 119, 118, 134, 135,-1,
		 135, 134, 118, 119,-1,
		 120, 119, 135, 136,-1,
		 136, 135, 119, 120,-1,
		 121, 120, 136, 137,-1,
		 137, 136, 120, 121,-1,
		 122, 121, 137, 138,-1,
		 138, 137, 121, 122,-1,
		 123, 122, 138, 139,-1,
		 139, 138, 122, 123,-1,
		 124, 123, 139, 140,-1,
		 140, 139, 123, 124,-1,
		 125, 124, 140, 141,-1,
		 141, 140, 124, 125,-1,
		 126, 125, 141, 142,-1,
		 142, 141, 125, 126,-1,
		 127, 126, 142, 143,-1,
		 143, 142, 126, 127,-1,
		 128, 127, 143, 144,-1,
		 144, 143, 127, 128,-1,
		 129, 144, 145,-1,
		 145, 144, 129,-1,
		 130, 129, 145,-1,
		 145, 129, 130,-1,
		 131, 130, 145,-1,
		 145, 130, 131,-1,
		 132, 131, 145,-1,
		 145, 131, 132,-1,
		 133, 132, 145,-1,
		 145, 132, 133,-1,
		 134, 133, 145,-1,
		 145, 133, 134,-1,
		 135, 134, 145,-1,
		 145, 134, 135,-1,
		 136, 135, 145,-1,
		 145, 135, 136,-1,
		 137, 136, 145,-1,
		 145, 136, 137,-1,
		 138, 137, 145,-1,
		 145, 137, 138,-1,
		 139, 138, 145,-1,
		 145, 138, 139,-1,
		 140, 139, 145,-1,
		 145, 139, 140,-1,
		 141, 140, 145,-1,
		 145, 140, 141,-1,
		 142, 141, 145,-1,
		 145, 141, 142,-1,
		 143, 142, 145,-1,
		 145, 142, 143,-1,
		 144, 143, 145,-1,
		 145, 143, 144,-1,
		]
	} #IndexedFaceSet
} #Polyhedron
Separator { #Polyhedron
	DEF COORD78 Coordinate3 {
		point [
		 -2.9661 0.4318 -3.6343,
		 -2.9768 0.4318 -3.6446,
		 -2.9828 0.4318 -3.6582,
		 -2.9831 0.4318 -3.6730,
		 -2.9777 0.4318 -3.6869,
		 -2.9675 0.4318 -3.6976,
		 -2.9539 0.4318 -3.7036,
		 -2.9390 0.4318 -3.7039,
		 -2.9251 0.4318 -3.6986,
		 -2.9144 0.4318 -3.6883,
		 -2.9084 0.4318 -3.6747,
		 -2.9081 0.4318 -3.6598,
		 -2.9135 0.4318 -3.6460,
		 -2.9238 0.4318 -3.6352,
		 -2.9374 0.4318 -3.6292,
		 -2.9522 0.4318 -3.6289,
		 -2.9661 0.1524 -3.6343,
		 -2.9768 0.1524 -3.6446,
		 -2.9828 0.1524 -3.6582,
		 -2.9831 0.1524 -3.6730,
		 -2.9777 0.1524 -3.6869,
		 -2.9675 0.1524 -3.6976,
		 -2.9539 0.1524 -3.7036,
		 -2.9390 0.1524 -3.7039,
		 -2.9251 0.1524 -3.6986,
		 -2.9144 0.1524 -3.6883,
		 -2.9084 0.1524 -3.6747,
		 -2.9081 0.1524 -3.6598,
		 -2.9135 0.1524 -3.6460,
		 -2.9238 0.1524 -3.6352,
		 -2.9374 0.1524 -3.6292,
		 -2.9522 0.1524 -3.6289
		]
	} #Coordinate3
	Material {
		ambientColor      0.1951 0.1951 0.1951  #ambientColor
		diffuseColor      0.7804 0.7804 0.7804  #diffuseColor
		transparency      0.0000                #transparency
	} #Material

	IndexedFaceSet {
		coordIndex [ 
		 0, 1, 2, 3, 4, 5, 6, 7, 8, 9, 10, 11, 12, 13, 14, 15,-1,
		 15, 14, 13, 12, 11, 10, 9, 8, 7, 6, 5, 4, 3, 2, 1, 0,-1,
		 0, 15, 31, 16,-1,
		 16, 31, 15, 0,-1,
		 1, 0, 16, 17,-1,
		 17, 16, 0, 1,-1,
		 2, 1, 17, 18,-1,
		 18, 17, 1, 2,-1,
		 3, 2, 18, 19,-1,
		 19, 18, 2, 3,-1,
		 4, 3, 19, 20,-1,
		 20, 19, 3, 4,-1,
		 5, 4, 20, 21,-1,
		 21, 20, 4, 5,-1,
		 6, 5, 21, 22,-1,
		 22, 21, 5, 6,-1,
		 7, 6, 22, 23,-1,
		 23, 22, 6, 7,-1,
		 8, 7, 23, 24,-1,
		 24, 23, 7, 8,-1,
		 9, 8, 24, 25,-1,
		 25, 24, 8, 9,-1,
		 10, 9, 25, 26,-1,
		 26, 25, 9, 10,-1,
		 11, 10, 26, 27,-1,
		 27, 26, 10, 11,-1,
		 12, 11, 27, 28,-1,
		 28, 27, 11, 12,-1,
		 13, 12, 28, 29,-1,
		 29, 28, 12, 13,-1,
		 14, 13, 29, 30,-1,
		 30, 29, 13, 14,-1,
		 15, 14, 30, 31,-1,
		 31, 30, 14, 15,-1,
		 31, 30, 29, 28, 27, 26, 25, 24, 23, 22, 21, 20, 19, 18, 17, 16,-1,
		 16, 17, 18, 19, 20, 21, 22, 23, 24, 25, 26, 27, 28, 29, 30, 31,-1,
		]
	} #IndexedFaceSet
} #Polyhedron
Separator { #Polyhedron
	DEF COORD79 Coordinate3 {
		point [
		 -2.6895 0.5334 -3.3634,
		 -3.2899 0.5334 -3.4692,
		 -3.2017 0.5334 -3.9695,
		 -3.0840 0.5334 -4.0519,
		 -2.6838 0.5334 -3.9813,
		 -2.6013 0.5334 -3.8636,
		 -2.6895 0.4318 -3.3634,
		 -3.2899 0.4318 -3.4692,
		 -3.2017 0.4318 -3.9695,
		 -3.0840 0.4318 -4.0519,
		 -2.6838 0.4318 -3.9813,
		 -2.6013 0.4318 -3.8636
		]
	} #Coordinate3
	Material {
		ambientColor      0.1951 0.1951 0.1951  #ambientColor
		diffuseColor      0.7804 0.7804 0.7804  #diffuseColor
		transparency      0.0000                #transparency
	} #Material

	IndexedFaceSet {
		coordIndex [ 
		 0, 1, 2, 3, 4, 5,-1,
		 5, 4, 3, 2, 1, 0,-1,
		 0, 5, 11, 6,-1,
		 6, 11, 5, 0,-1,
		 1, 0, 6, 7,-1,
		 7, 6, 0, 1,-1,
		 2, 1, 7, 8,-1,
		 8, 7, 1, 2,-1,
		 3, 2, 8, 9,-1,
		 9, 8, 2, 3,-1,
		 4, 3, 9, 10,-1,
		 10, 9, 3, 4,-1,
		 5, 4, 10, 11,-1,
		 11, 10, 4, 5,-1,
		 11, 10, 9, 8, 7, 6,-1,
		 6, 7, 8, 9, 10, 11,-1,
		]
	} #IndexedFaceSet
} #Polyhedron
Separator { #Polyhedron
	DEF COORD80 Coordinate3 {
		point [
		 -2.6896 0.8636 -3.3634,
		 -2.5895 0.8636 -3.3457,
		 -2.5895 0.4826 -3.3457,
		 -2.6896 0.4318 -3.3634,
		 -2.6014 0.8636 -3.8636,
		 -2.5013 0.8636 -3.8460,
		 -2.5013 0.4826 -3.8460,
		 -2.6014 0.4318 -3.8636
		]
	} #Coordinate3
	Material {
		ambientColor      0.1951 0.1951 0.1951  #ambientColor
		diffuseColor      0.7804 0.7804 0.7804  #diffuseColor
		transparency      0.0000                #transparency
	} #Material

	IndexedFaceSet {
		coordIndex [ 
		 0, 1, 2, 3,-1,
		 3, 2, 1, 0,-1,
		 0, 3, 7, 4,-1,
		 4, 7, 3, 0,-1,
		 1, 0, 4, 5,-1,
		 5, 4, 0, 1,-1,
		 2, 1, 5, 6,-1,
		 6, 5, 1, 2,-1,
		 3, 2, 6, 7,-1,
		 7, 6, 2, 3,-1,
		 7, 6, 5, 4,-1,
		 4, 5, 6, 7,-1,
		]
	} #IndexedFaceSet
} #Polyhedron
Separator { #Polyhedron
	DEF COORD81 Coordinate3 {
		point [
		 -3.2899 0.4318 -3.4692,
		 -3.3899 0.4826 -3.4868,
		 -3.3899 0.8636 -3.4868,
		 -3.2899 0.8636 -3.4692,
		 -3.2016 0.4318 -3.9695,
		 -3.3017 0.4826 -3.9871,
		 -3.3017 0.8636 -3.9871,
		 -3.2016 0.8636 -3.9695
		]
	} #Coordinate3
	Material {
		ambientColor      0.1951 0.1951 0.1951  #ambientColor
		diffuseColor      0.7804 0.7804 0.7804  #diffuseColor
		transparency      0.0000                #transparency
	} #Material

	IndexedFaceSet {
		coordIndex [ 
		 0, 1, 2, 3,-1,
		 3, 2, 1, 0,-1,
		 0, 3, 7, 4,-1,
		 4, 7, 3, 0,-1,
		 1, 0, 4, 5,-1,
		 5, 4, 0, 1,-1,
		 2, 1, 5, 6,-1,
		 6, 5, 1, 2,-1,
		 3, 2, 6, 7,-1,
		 7, 6, 2, 3,-1,
		 7, 6, 5, 4,-1,
		 4, 5, 6, 7,-1,
		]
	} #IndexedFaceSet
} #Polyhedron
Separator { #Polyhedron
	DEF COORD82 Coordinate3 {
		point [
		 -3.3075 0.4318 -3.3692,
		 -3.4076 0.4826 -3.3868,
		 -3.4076 1.2446 -3.3868,
		 -3.3576 1.3208 -3.3780,
		 -3.2825 1.3462 -3.3648,
		 -2.7322 1.3462 -3.2677,
		 -2.6572 1.3208 -3.2545,
		 -2.6071 1.2446 -3.2457,
		 -2.6071 0.4826 -3.2457,
		 -2.7072 0.4318 -3.2633,
		 -3.2899 0.4318 -3.4692,
		 -3.3899 0.4826 -3.4869,
		 -3.3899 1.2446 -3.4869,
		 -3.3399 1.3208 -3.4781,
		 -3.2649 1.3462 -3.4648,
		 -2.7146 1.3462 -3.3678,
		 -2.6395 1.3208 -3.3546,
		 -2.5895 1.2446 -3.3458,
		 -2.5895 0.4826 -3.3458,
		 -2.6895 0.4318 -3.3634,
		 -3.4076 0.5715 -3.3868,
		 -2.6071 0.5715 -3.2457,
		 -2.6910 0.4318 -3.3551,
		 -3.2914 0.4318 -3.4609,
		 -3.3973 0.4826 -3.4452,
		 -2.5968 0.4826 -3.3041,
		 -3.3826 1.2827 -3.3824,
		 -2.6321 1.2827 -3.2501,
		 -3.3531 1.3208 -3.4030,
		 -3.2752 1.3462 -3.4065,
		 -2.7249 1.3462 -3.3094,
		 -2.6527 1.3208 -3.2795
		]
	} #Coordinate3
	Material {
		ambientColor      0.1951 0.1951 0.1951  #ambientColor
		diffuseColor      0.7804 0.7804 0.7804  #diffuseColor
		transparency      0.0000                #transparency
	} #Material

	IndexedFaceSet {
		coordIndex [ 
		 20, 2, 26, 27, 7, 21,-1,
		 21, 7, 27, 26, 2, 20,-1,
		 22, 19, 10, 23,-1,
		 23, 10, 19, 22,-1,
		 23, 10, 11, 24,-1,
		 24, 11, 10, 23,-1,
		 2, 20, 24, 11, 12,-1,
		 12, 11, 24, 20, 2,-1,
		 26, 2, 12, 13, 28,-1,
		 28, 13, 12, 2, 26,-1,
		 28, 13, 14, 29,-1,
		 29, 14, 13, 28,-1,
		 29, 14, 15, 30,-1,
		 30, 15, 14, 29,-1,
		 30, 15, 16, 31,-1,
		 31, 16, 15, 30,-1,
		 7, 27, 31, 16, 17,-1,
		 17, 16, 31, 27, 7,-1,
		 21, 7, 17, 18, 25,-1,
		 25, 18, 17, 7, 21,-1,
		 25, 18, 19, 22,-1,
		 22, 19, 18, 25,-1,
		 19, 18, 17, 16, 15, 14, 13, 12, 11, 10,-1,
		 10, 11, 12, 13, 14, 15, 16, 17, 18, 19,-1,
		 20, 21, 25, 22, 23, 24,-1,
		 24, 23, 22, 25, 21, 20,-1,
		 27, 26, 28, 29, 30, 31,-1,
		 31, 30, 29, 28, 26, 27,-1,
		]
	} #IndexedFaceSet
} #Polyhedron
Separator { #Polyhedron
	DEF COORD83 Coordinate3 {
		point [
		 -2.9368 0.5842 -3.7164,
		 -2.7884 0.5740 -3.5046,
		 -3.1487 0.5740 -3.5681,
		 -3.0957 0.5740 -3.8683,
		 -3.0251 0.5740 -3.9177,
		 -2.7850 0.5740 -3.8754,
		 -2.7355 0.5740 -3.8048,
		 -2.7390 0.5639 -3.4340,
		 -3.2193 0.5639 -3.5187,
		 -3.1487 0.5639 -3.9189,
		 -3.0545 0.5639 -3.9848,
		 -2.7344 0.5639 -3.9284,
		 -2.6684 0.5639 -3.8342,
		 -2.7102 0.5537 -3.3928,
		 -3.2604 0.5537 -3.4898,
		 -3.1796 0.5537 -3.9484,
		 -3.0717 0.5537 -4.0239,
		 -2.7049 0.5537 -3.9592,
		 -2.6294 0.5537 -3.8513,
		 -2.6945 0.5436 -3.3705,
		 -3.2827 0.5436 -3.4742,
		 -3.1963 0.5436 -3.9644,
		 -3.0810 0.5436 -4.0451,
		 -2.6889 0.5436 -3.9760,
		 -2.6081 0.5436 -3.8607,
		 -2.6895 0.5334 -3.3634,
		 -3.2899 0.5334 -3.4692,
		 -3.2017 0.5334 -3.9695,
		 -3.0840 0.5334 -4.0519,
		 -2.6838 0.5334 -3.9813,
		 -2.6013 0.5334 -3.8636
		]
	} #Coordinate3
	Material {
		ambientColor      0.1324 0.1324 0.1324  #ambientColor
		diffuseColor      0.5294 0.5294 0.5294  #diffuseColor
		transparency      0.0000                #transparency
	} #Material

	IndexedFaceSet {
		coordIndex [ 
		 0, 6, 1,-1,
		 1, 6, 0,-1,
		 0, 1, 2,-1,
		 2, 1, 0,-1,
		 0, 2, 3,-1,
		 3, 2, 0,-1,
		 0, 3, 4,-1,
		 4, 3, 0,-1,
		 0, 4, 5,-1,
		 5, 4, 0,-1,
		 0, 5, 6,-1,
		 6, 5, 0,-1,
		 1, 6, 12, 7,-1,
		 7, 12, 6, 1,-1,
		 2, 1, 7, 8,-1,
		 8, 7, 1, 2,-1,
		 3, 2, 8, 9,-1,
		 9, 8, 2, 3,-1,
		 4, 3, 9, 10,-1,
		 10, 9, 3, 4,-1,
		 5, 4, 10, 11,-1,
		 11, 10, 4, 5,-1,
		 6, 5, 11, 12,-1,
		 12, 11, 5, 6,-1,
		 7, 12, 18, 13,-1,
		 13, 18, 12, 7,-1,
		 8, 7, 13, 14,-1,
		 14, 13, 7, 8,-1,
		 9, 8, 14, 15,-1,
		 15, 14, 8, 9,-1,
		 10, 9, 15, 16,-1,
		 16, 15, 9, 10,-1,
		 11, 10, 16, 17,-1,
		 17, 16, 10, 11,-1,
		 12, 11, 17, 18,-1,
		 18, 17, 11, 12,-1,
		 13, 18, 24, 19,-1,
		 19, 24, 18, 13,-1,
		 14, 13, 19, 20,-1,
		 20, 19, 13, 14,-1,
		 15, 14, 20, 21,-1,
		 21, 20, 14, 15,-1,
		 16, 15, 21, 22,-1,
		 22, 21, 15, 16,-1,
		 17, 16, 22, 23,-1,
		 23, 22, 16, 17,-1,
		 18, 17, 23, 24,-1,
		 24, 23, 17, 18,-1,
		 19, 24, 30, 25,-1,
		 25, 30, 24, 19,-1,
		 20, 19, 25, 26,-1,
		 26, 25, 19, 20,-1,
		 21, 20, 26, 27,-1,
		 27, 26, 20, 21,-1,
		 22, 21, 27, 28,-1,
		 28, 27, 21, 22,-1,
		 23, 22, 28, 29,-1,
		 29, 28, 22, 23,-1,
		 24, 23, 29, 30,-1,
		 30, 29, 23, 24,-1,
		 30, 29, 28, 27, 26, 25,-1,
		 25, 26, 27, 28, 29, 30,-1,
		]
	} #IndexedFaceSet
} #Polyhedron
Separator { #Polyhedron
	DEF COORD84 Coordinate3 {
		point [
		 -2.5954 0.9144 -3.6047,
		 -2.5919 0.9042 -3.4493,
		 -2.6519 0.9042 -3.4599,
		 -2.5990 0.9042 -3.7601,
		 -2.5390 0.9042 -3.7495,
		 -2.5907 0.8941 -3.3975,
		 -2.6708 0.8941 -3.4116,
		 -2.6002 0.8941 -3.8119,
		 -2.5201 0.8941 -3.7977,
		 -2.5900 0.8839 -3.3673,
		 -2.6817 0.8839 -3.3835,
		 -2.6009 0.8839 -3.8420,
		 -2.5092 0.8839 -3.8259,
		 -2.5896 0.8738 -3.3510,
		 -2.6877 0.8738 -3.3682,
		 -2.6013 0.8738 -3.8584,
		 -2.5032 0.8738 -3.8411,
		 -2.5895 0.8636 -3.3457,
		 -2.6896 0.8636 -3.3634,
		 -2.6014 0.8636 -3.8636,
		 -2.5013 0.8636 -3.8460
		]
	} #Coordinate3
	Material {
		ambientColor      0.1324 0.1324 0.1324  #ambientColor
		diffuseColor      0.5294 0.5294 0.5294  #diffuseColor
		transparency      0.0000                #transparency
	} #Material

	IndexedFaceSet {
		coordIndex [ 
		 0, 4, 1,-1,
		 1, 4, 0,-1,
		 0, 1, 2,-1,
		 2, 1, 0,-1,
		 0, 2, 3,-1,
		 3, 2, 0,-1,
		 0, 3, 4,-1,
		 4, 3, 0,-1,
		 1, 4, 8, 5,-1,
		 5, 8, 4, 1,-1,
		 2, 1, 5, 6,-1,
		 6, 5, 1, 2,-1,
		 3, 2, 6, 7,-1,
		 7, 6, 2, 3,-1,
		 4, 3, 7, 8,-1,
		 8, 7, 3, 4,-1,
		 5, 8, 12, 9,-1,
		 9, 12, 8, 5,-1,
		 6, 5, 9, 10,-1,
		 10, 9, 5, 6,-1,
		 7, 6, 10, 11,-1,
		 11, 10, 6, 7,-1,
		 8, 7, 11, 12,-1,
		 12, 11, 7, 8,-1,
		 9, 12, 16, 13,-1,
		 13, 16, 12, 9,-1,
		 10, 9, 13, 14,-1,
		 14, 13, 9, 10,-1,
		 11, 10, 14, 15,-1,
		 15, 14, 10, 11,-1,
		 12, 11, 15, 16,-1,
		 16, 15, 11, 12,-1,
		 13, 16, 20, 17,-1,
		 17, 20, 16, 13,-1,
		 14, 13, 17, 18,-1,
		 18, 17, 13, 14,-1,
		 15, 14, 18, 19,-1,
		 19, 18, 14, 15,-1,
		 16, 15, 19, 20,-1,
		 20, 19, 15, 16,-1,
		 20, 19, 18, 17,-1,
		 17, 18, 19, 20,-1,
		]
	} #IndexedFaceSet
} #Polyhedron
Separator { #Polyhedron
	DEF COORD85 Coordinate3 {
		point [
		 -3.2958 0.9144 -3.7282,
		 -3.3523 0.9042 -3.5834,
		 -3.2993 0.9042 -3.8835,
		 -3.2393 0.9042 -3.8730,
		 -3.2922 0.9042 -3.5728,
		 -3.3711 0.8941 -3.5351,
		 -3.3005 0.8941 -3.9353,
		 -3.2205 0.8941 -3.9212,
		 -3.2910 0.8941 -3.5210,
		 -3.3820 0.8839 -3.5070,
		 -3.3012 0.8839 -3.9655,
		 -3.2095 0.8839 -3.9493,
		 -3.2903 0.8839 -3.4908,
		 -3.3880 0.8738 -3.4917,
		 -3.3016 0.8738 -3.9819,
		 -3.2036 0.8738 -3.9646,
		 -3.2900 0.8738 -3.4744,
		 -3.3899 0.8636 -3.4868,
		 -3.3017 0.8636 -3.9871,
		 -3.2016 0.8636 -3.9695,
		 -3.2899 0.8636 -3.4692
		]
	} #Coordinate3
	Material {
		ambientColor      0.1324 0.1324 0.1324  #ambientColor
		diffuseColor      0.5294 0.5294 0.5294  #diffuseColor
		transparency      0.0000                #transparency
	} #Material

	IndexedFaceSet {
		coordIndex [ 
		 0, 4, 1,-1,
		 1, 4, 0,-1,
		 0, 1, 2,-1,
		 2, 1, 0,-1,
		 0, 2, 3,-1,
		 3, 2, 0,-1,
		 0, 3, 4,-1,
		 4, 3, 0,-1,
		 1, 4, 8, 5,-1,
		 5, 8, 4, 1,-1,
		 2, 1, 5, 6,-1,
		 6, 5, 1, 2,-1,
		 3, 2, 6, 7,-1,
		 7, 6, 2, 3,-1,
		 4, 3, 7, 8,-1,
		 8, 7, 3, 4,-1,
		 5, 8, 12, 9,-1,
		 9, 12, 8, 5,-1,
		 6, 5, 9, 10,-1,
		 10, 9, 5, 6,-1,
		 7, 6, 10, 11,-1,
		 11, 10, 6, 7,-1,
		 8, 7, 11, 12,-1,
		 12, 11, 7, 8,-1,
		 9, 12, 16, 13,-1,
		 13, 16, 12, 9,-1,
		 10, 9, 13, 14,-1,
		 14, 13, 9, 10,-1,
		 11, 10, 14, 15,-1,
		 15, 14, 10, 11,-1,
		 12, 11, 15, 16,-1,
		 16, 15, 11, 12,-1,
		 13, 16, 20, 17,-1,
		 17, 20, 16, 13,-1,
		 14, 13, 17, 18,-1,
		 18, 17, 13, 14,-1,
		 15, 14, 18, 19,-1,
		 19, 18, 14, 15,-1,
		 16, 15, 19, 20,-1,
		 20, 19, 15, 16,-1,
		 20, 19, 18, 17,-1,
		 17, 18, 19, 20,-1,
		]
	} #IndexedFaceSet
} #Polyhedron
Separator { #Polyhedron
	DEF COORD86 Coordinate3 {
		point [
		 -3.2899 0.4318 -3.4692,
		 -3.3899 0.4826 -3.4869,
		 -3.3899 1.2446 -3.4869,
		 -3.3399 1.3208 -3.4780,
		 -3.2649 1.3462 -3.4648,
		 -2.7146 1.3462 -3.3678,
		 -2.6395 1.3208 -3.3546,
		 -2.5895 1.2446 -3.3457,
		 -2.5895 0.4826 -3.3457,
		 -2.6895 0.4318 -3.3634,
		 -3.2820 0.4374 -3.4782,
		 -3.3801 0.4872 -3.4954,
		 -3.3801 1.2338 -3.4954,
		 -3.3311 1.3085 -3.4868,
		 -3.2575 1.3334 -3.4738,
		 -2.7184 1.3334 -3.3788,
		 -2.6448 1.3085 -3.3658,
		 -2.5958 1.2338 -3.3572,
		 -2.5958 0.4872 -3.3572,
		 -2.6938 0.4374 -3.3745,
		 -3.2613 0.4551 -3.4848,
		 -3.3530 0.5017 -3.5010,
		 -3.3530 1.2001 -3.5010,
		 -3.3071 1.2699 -3.4929,
		 -3.2384 1.2932 -3.4808,
		 -2.7340 1.2932 -3.3919,
		 -2.6652 1.2699 -3.3797,
		 -2.6194 1.2001 -3.3716,
		 -2.6194 0.5017 -3.3716,
		 -2.7111 0.4551 -3.3878,
		 -3.2246 0.4877 -3.4887,
		 -3.3046 0.5283 -3.5028,
		 -3.3046 1.1379 -3.5028,
		 -3.2646 1.1989 -3.4957,
		 -3.2045 1.2192 -3.4851,
		 -2.7643 1.2192 -3.4075,
		 -2.7043 1.1989 -3.3969,
		 -2.6642 1.1379 -3.3899,
		 -2.6642 0.5283 -3.3899,
		 -2.7443 0.4877 -3.4040,
		 -3.1628 0.5436 -3.4881,
		 -3.2228 0.5740 -3.4987,
		 -3.2228 1.0312 -3.4987,
		 -3.1928 1.0770 -3.4934,
		 -3.1477 1.0922 -3.4854,
		 -2.8176 1.0922 -3.4272,
		 -2.7725 1.0770 -3.4193,
		 -2.7425 1.0312 -3.4140,
		 -2.7425 0.5740 -3.4140,
		 -2.8026 0.5436 -3.4246,
		 -2.9809 0.7112 -3.4663
		]
	} #Coordinate3
	Material {
		ambientColor      0.1324 0.1324 0.1324  #ambientColor
		diffuseColor      0.5294 0.5294 0.5294  #diffuseColor
		transparency      0.0000                #transparency
	} #Material

	IndexedFaceSet {
		coordIndex [ 
		 0, 1, 2, 3, 4, 5, 6, 7, 8, 9,-1,
		 9, 8, 7, 6, 5, 4, 3, 2, 1, 0,-1,
		 0, 9, 19, 10,-1,
		 10, 19, 9, 0,-1,
		 1, 0, 10, 11,-1,
		 11, 10, 0, 1,-1,
		 2, 1, 11, 12,-1,
		 12, 11, 1, 2,-1,
		 3, 2, 12, 13,-1,
		 13, 12, 2, 3,-1,
		 4, 3, 13, 14,-1,
		 14, 13, 3, 4,-1,
		 5, 4, 14, 15,-1,
		 15, 14, 4, 5,-1,
		 6, 5, 15, 16,-1,
		 16, 15, 5, 6,-1,
		 7, 6, 16, 17,-1,
		 17, 16, 6, 7,-1,
		 8, 7, 17, 18,-1,
		 18, 17, 7, 8,-1,
		 9, 8, 18, 19,-1,
		 19, 18, 8, 9,-1,
		 10, 19, 29, 20,-1,
		 20, 29, 19, 10,-1,
		 11, 10, 20, 21,-1,
		 21, 20, 10, 11,-1,
		 12, 11, 21, 22,-1,
		 22, 21, 11, 12,-1,
		 13, 12, 22, 23,-1,
		 23, 22, 12, 13,-1,
		 14, 13, 23, 24,-1,
		 24, 23, 13, 14,-1,
		 15, 14, 24, 25,-1,
		 25, 24, 14, 15,-1,
		 16, 15, 25, 26,-1,
		 26, 25, 15, 16,-1,
		 17, 16, 26, 27,-1,
		 27, 26, 16, 17,-1,
		 18, 17, 27, 28,-1,
		 28, 27, 17, 18,-1,
		 19, 18, 28, 29,-1,
		 29, 28, 18, 19,-1,
		 20, 29, 39, 30,-1,
		 30, 39, 29, 20,-1,
		 21, 20, 30, 31,-1,
		 31, 30, 20, 21,-1,
		 22, 21, 31, 32,-1,
		 32, 31, 21, 22,-1,
		 23, 22, 32, 33,-1,
		 33, 32, 22, 23,-1,
		 24, 23, 33, 34,-1,
		 34, 33, 23, 24,-1,
		 25, 24, 34, 35,-1,
		 35, 34, 24, 25,-1,
		 26, 25, 35, 36,-1,
		 36, 35, 25, 26,-1,
		 27, 26, 36, 37,-1,
		 37, 36, 26, 27,-1,
		 28, 27, 37, 38,-1,
		 38, 37, 27, 28,-1,
		 29, 28, 38, 39,-1,
		 39, 38, 28, 29,-1,
		 30, 39, 49, 40,-1,
		 40, 49, 39, 30,-1,
		 31, 30, 40, 41,-1,
		 41, 40, 30, 31,-1,
		 32, 31, 41, 42,-1,
		 42, 41, 31, 32,-1,
		 33, 32, 42, 43,-1,
		 43, 42, 32, 33,-1,
		 34, 33, 43, 44,-1,
		 44, 43, 33, 34,-1,
		 35, 34, 44, 45,-1,
		 45, 44, 34, 35,-1,
		 36, 35, 45, 46,-1,
		 46, 45, 35, 36,-1,
		 37, 36, 46, 47,-1,
		 47, 46, 36, 37,-1,
		 38, 37, 47, 48,-1,
		 48, 47, 37, 38,-1,
		 39, 38, 48, 49,-1,
		 49, 48, 38, 39,-1,
		 40, 49, 50,-1,
		 50, 49, 40,-1,
		 41, 40, 50,-1,
		 50, 40, 41,-1,
		 42, 41, 50,-1,
		 50, 41, 42,-1,
		 43, 42, 50,-1,
		 50, 42, 43,-1,
		 44, 43, 50,-1,
		 50, 43, 44,-1,
		 45, 44, 50,-1,
		 50, 44, 45,-1,
		 46, 45, 50,-1,
		 50, 45, 46,-1,
		 47, 46, 50,-1,
		 50, 46, 47,-1,
		 48, 47, 50,-1,
		 50, 47, 48,-1,
		 49, 48, 50,-1,
		 50, 48, 49,-1,
		]
	} #IndexedFaceSet
} #Polyhedron
Separator { #Polyhedron
	DEF COORD87 Coordinate3 {
		point [
		 -0.2413 0.1524 -3.3528,
		 -0.2413 0.1524 -3.9624,
		 -0.1651 0.1524 -3.9624,
		 -0.1651 0.1524 -3.3528,
		 -0.2413 0.1016 -3.3528,
		 -0.2413 0.1016 -3.9624,
		 -0.1651 0.1016 -3.9624,
		 -0.1651 0.1016 -3.3528
		]
	} #Coordinate3
	Material {
		ambientColor      0.1951 0.1951 0.1951  #ambientColor
		diffuseColor      0.7804 0.7804 0.7804  #diffuseColor
		transparency      0.0000                #transparency
	} #Material

	IndexedFaceSet {
		coordIndex [ 
		 0, 1, 2, 3,-1,
		 3, 2, 1, 0,-1,
		 0, 3, 7, 4,-1,
		 4, 7, 3, 0,-1,
		 1, 0, 4, 5,-1,
		 5, 4, 0, 1,-1,
		 2, 1, 5, 6,-1,
		 6, 5, 1, 2,-1,
		 3, 2, 6, 7,-1,
		 7, 6, 2, 3,-1,
		 7, 6, 5, 4,-1,
		 4, 5, 6, 7,-1,
		]
	} #IndexedFaceSet
} #Polyhedron
Separator { #Polyhedron
	DEF COORD88 Coordinate3 {
		point [
		 -0.1651 0.1524 -3.6195,
		 -0.1651 0.1524 -3.6957,
		 0.1016 0.1524 -3.6957,
		 0.1016 0.1524 -3.6195,
		 -0.1651 0.1016 -3.6195,
		 -0.1651 0.1016 -3.6957,
		 0.1016 0.1016 -3.6957,
		 0.1016 0.1016 -3.6195
		]
	} #Coordinate3
	Material {
		ambientColor      0.1951 0.1951 0.1951  #ambientColor
		diffuseColor      0.7804 0.7804 0.7804  #diffuseColor
		transparency      0.0000                #transparency
	} #Material

	IndexedFaceSet {
		coordIndex [ 
		 0, 1, 2, 3,-1,
		 3, 2, 1, 0,-1,
		 0, 3, 7, 4,-1,
		 4, 7, 3, 0,-1,
		 1, 0, 4, 5,-1,
		 5, 4, 0, 1,-1,
		 2, 1, 5, 6,-1,
		 6, 5, 1, 2,-1,
		 3, 2, 6, 7,-1,
		 7, 6, 2, 3,-1,
		 7, 6, 5, 4,-1,
		 4, 5, 6, 7,-1,
		]
	} #IndexedFaceSet
} #Polyhedron
Separator { #Polyhedron
	DEF COORD89 Coordinate3 {
		point [
		 -0.5080 0.1524 -3.6195,
		 -0.5080 0.1524 -3.6957,
		 -0.2413 0.1524 -3.6957,
		 -0.2413 0.1524 -3.6195,
		 -0.5080 0.1016 -3.6195,
		 -0.5080 0.1016 -3.6957,
		 -0.2413 0.1016 -3.6957,
		 -0.2413 0.1016 -3.6195
		]
	} #Coordinate3
	Material {
		ambientColor      0.1951 0.1951 0.1951  #ambientColor
		diffuseColor      0.7804 0.7804 0.7804  #diffuseColor
		transparency      0.0000                #transparency
	} #Material

	IndexedFaceSet {
		coordIndex [ 
		 0, 1, 2, 3,-1,
		 3, 2, 1, 0,-1,
		 0, 3, 7, 4,-1,
		 4, 7, 3, 0,-1,
		 1, 0, 4, 5,-1,
		 5, 4, 0, 1,-1,
		 2, 1, 5, 6,-1,
		 6, 5, 1, 2,-1,
		 3, 2, 6, 7,-1,
		 7, 6, 2, 3,-1,
		 7, 6, 5, 4,-1,
		 4, 5, 6, 7,-1,
		]
	} #IndexedFaceSet
} #Polyhedron
Separator { #Polyhedron
	DEF COORD90 Coordinate3 {
		point [
		 0.0713 0.1016 -3.6459,
		 0.0672 0.1016 -3.6486,
		 0.0644 0.1016 -3.6527,
		 0.0635 0.1016 -3.6576,
		 0.0644 0.1016 -3.6625,
		 0.0672 0.1016 -3.6666,
		 0.0713 0.1016 -3.6693,
		 0.0762 0.1016 -3.6703,
		 0.0810 0.1016 -3.6693,
		 0.0852 0.1016 -3.6666,
		 0.0879 0.1016 -3.6625,
		 0.0889 0.1016 -3.6576,
		 0.0879 0.1016 -3.6527,
		 0.0852 0.1016 -3.6486,
		 0.0810 0.1016 -3.6459,
		 0.0762 0.1016 -3.6449,
		 0.0713 0.0508 -3.6459,
		 0.0672 0.0508 -3.6486,
		 0.0644 0.0508 -3.6527,
		 0.0635 0.0508 -3.6576,
		 0.0644 0.0508 -3.6625,
		 0.0672 0.0508 -3.6666,
		 0.0713 0.0508 -3.6693,
		 0.0762 0.0508 -3.6703,
		 0.0810 0.0508 -3.6693,
		 0.0852 0.0508 -3.6666,
		 0.0879 0.0508 -3.6625,
		 0.0889 0.0508 -3.6576,
		 0.0879 0.0508 -3.6527,
		 0.0852 0.0508 -3.6486,
		 0.0810 0.0508 -3.6459,
		 0.0762 0.0508 -3.6449
		]
	} #Coordinate3
	Material {
		ambientColor      0.1951 0.1951 0.1951  #ambientColor
		diffuseColor      0.7804 0.7804 0.7804  #diffuseColor
		transparency      0.0000                #transparency
	} #Material

	IndexedFaceSet {
		coordIndex [ 
		 0, 1, 2, 3, 4, 5, 6, 7, 8, 9, 10, 11, 12, 13, 14, 15,-1,
		 15, 14, 13, 12, 11, 10, 9, 8, 7, 6, 5, 4, 3, 2, 1, 0,-1,
		 0, 15, 31, 16,-1,
		 16, 31, 15, 0,-1,
		 1, 0, 16, 17,-1,
		 17, 16, 0, 1,-1,
		 2, 1, 17, 18,-1,
		 18, 17, 1, 2,-1,
		 3, 2, 18, 19,-1,
		 19, 18, 2, 3,-1,
		 4, 3, 19, 20,-1,
		 20, 19, 3, 4,-1,
		 5, 4, 20, 21,-1,
		 21, 20, 4, 5,-1,
		 6, 5, 21, 22,-1,
		 22, 21, 5, 6,-1,
		 7, 6, 22, 23,-1,
		 23, 22, 6, 7,-1,
		 8, 7, 23, 24,-1,
		 24, 23, 7, 8,-1,
		 9, 8, 24, 25,-1,
		 25, 24, 8, 9,-1,
		 10, 9, 25, 26,-1,
		 26, 25, 9, 10,-1,
		 11, 10, 26, 27,-1,
		 27, 26, 10, 11,-1,
		 12, 11, 27, 28,-1,
		 28, 27, 11, 12,-1,
		 13, 12, 28, 29,-1,
		 29, 28, 12, 13,-1,
		 14, 13, 29, 30,-1,
		 30, 29, 13, 14,-1,
		 15, 14, 30, 31,-1,
		 31, 30, 14, 15,-1,
		 31, 30, 29, 28, 27, 26, 25, 24, 23, 22, 21, 20, 19, 18, 17, 16,-1,
		 16, 17, 18, 19, 20, 21, 22, 23, 24, 25, 26, 27, 28, 29, 30, 31,-1,
		]
	} #IndexedFaceSet
} #Polyhedron
Separator { #Polyhedron
	DEF COORD91 Coordinate3 {
		point [
		 -0.2080 0.1016 -3.3665,
		 -0.2122 0.1016 -3.3693,
		 -0.2149 0.1016 -3.3734,
		 -0.2159 0.1016 -3.3782,
		 -0.2149 0.1016 -3.3831,
		 -0.2122 0.1016 -3.3872,
		 -0.2080 0.1016 -3.3900,
		 -0.2032 0.1016 -3.3909,
		 -0.1983 0.1016 -3.3900,
		 -0.1942 0.1016 -3.3872,
		 -0.1914 0.1016 -3.3831,
		 -0.1905 0.1016 -3.3782,
		 -0.1914 0.1016 -3.3734,
		 -0.1942 0.1016 -3.3693,
		 -0.1983 0.1016 -3.3665,
		 -0.2032 0.1016 -3.3655,
		 -0.2080 0.0508 -3.3665,
		 -0.2122 0.0508 -3.3693,
		 -0.2149 0.0508 -3.3734,
		 -0.2159 0.0508 -3.3782,
		 -0.2149 0.0508 -3.3831,
		 -0.2122 0.0508 -3.3872,
		 -0.2080 0.0508 -3.3900,
		 -0.2032 0.0508 -3.3909,
		 -0.1983 0.0508 -3.3900,
		 -0.1942 0.0508 -3.3872,
		 -0.1914 0.0508 -3.3831,
		 -0.1905 0.0508 -3.3782,
		 -0.1914 0.0508 -3.3734,
		 -0.1942 0.0508 -3.3693,
		 -0.1983 0.0508 -3.3665,
		 -0.2032 0.0508 -3.3655
		]
	} #Coordinate3
	Material {
		ambientColor      0.1951 0.1951 0.1951  #ambientColor
		diffuseColor      0.7804 0.7804 0.7804  #diffuseColor
		transparency      0.0000                #transparency
	} #Material

	IndexedFaceSet {
		coordIndex [ 
		 0, 1, 2, 3, 4, 5, 6, 7, 8, 9, 10, 11, 12, 13, 14, 15,-1,
		 15, 14, 13, 12, 11, 10, 9, 8, 7, 6, 5, 4, 3, 2, 1, 0,-1,
		 0, 15, 31, 16,-1,
		 16, 31, 15, 0,-1,
		 1, 0, 16, 17,-1,
		 17, 16, 0, 1,-1,
		 2, 1, 17, 18,-1,
		 18, 17, 1, 2,-1,
		 3, 2, 18, 19,-1,
		 19, 18, 2, 3,-1,
		 4, 3, 19, 20,-1,
		 20, 19, 3, 4,-1,
		 5, 4, 20, 21,-1,
		 21, 20, 4, 5,-1,
		 6, 5, 21, 22,-1,
		 22, 21, 5, 6,-1,
		 7, 6, 22, 23,-1,
		 23, 22, 6, 7,-1,
		 8, 7, 23, 24,-1,
		 24, 23, 7, 8,-1,
		 9, 8, 24, 25,-1,
		 25, 24, 8, 9,-1,
		 10, 9, 25, 26,-1,
		 26, 25, 9, 10,-1,
		 11, 10, 26, 27,-1,
		 27, 26, 10, 11,-1,
		 12, 11, 27, 28,-1,
		 28, 27, 11, 12,-1,
		 13, 12, 28, 29,-1,
		 29, 28, 12, 13,-1,
		 14, 13, 29, 30,-1,
		 30, 29, 13, 14,-1,
		 15, 14, 30, 31,-1,
		 31, 30, 14, 15,-1,
		 31, 30, 29, 28, 27, 26, 25, 24, 23, 22, 21, 20, 19, 18, 17, 16,-1,
		 16, 17, 18, 19, 20, 21, 22, 23, 24, 25, 26, 27, 28, 29, 30, 31,-1,
		]
	} #IndexedFaceSet
} #Polyhedron
Separator { #Polyhedron
	DEF COORD92 Coordinate3 {
		point [
		 -0.2080 0.1016 -3.9252,
		 -0.2122 0.1016 -3.9280,
		 -0.2149 0.1016 -3.9321,
		 -0.2159 0.1016 -3.9370,
		 -0.2149 0.1016 -3.9418,
		 -0.2122 0.1016 -3.9459,
		 -0.2080 0.1016 -3.9487,
		 -0.2032 0.1016 -3.9497,
		 -0.1983 0.1016 -3.9487,
		 -0.1942 0.1016 -3.9459,
		 -0.1914 0.1016 -3.9418,
		 -0.1905 0.1016 -3.9370,
		 -0.1914 0.1016 -3.9321,
		 -0.1942 0.1016 -3.9280,
		 -0.1983 0.1016 -3.9252,
		 -0.2032 0.1016 -3.9243,
		 -0.2080 0.0508 -3.9252,
		 -0.2122 0.0508 -3.9280,
		 -0.2149 0.0508 -3.9321,
		 -0.2159 0.0508 -3.9370,
		 -0.2149 0.0508 -3.9418,
		 -0.2122 0.0508 -3.9459,
		 -0.2080 0.0508 -3.9487,
		 -0.2032 0.0508 -3.9497,
		 -0.1983 0.0508 -3.9487,
		 -0.1942 0.0508 -3.9459,
		 -0.1914 0.0508 -3.9418,
		 -0.1905 0.0508 -3.9370,
		 -0.1914 0.0508 -3.9321,
		 -0.1942 0.0508 -3.9280,
		 -0.1983 0.0508 -3.9252,
		 -0.2032 0.0508 -3.9243
		]
	} #Coordinate3
	Material {
		ambientColor      0.1951 0.1951 0.1951  #ambientColor
		diffuseColor      0.7804 0.7804 0.7804  #diffuseColor
		transparency      0.0000                #transparency
	} #Material

	IndexedFaceSet {
		coordIndex [ 
		 0, 1, 2, 3, 4, 5, 6, 7, 8, 9, 10, 11, 12, 13, 14, 15,-1,
		 15, 14, 13, 12, 11, 10, 9, 8, 7, 6, 5, 4, 3, 2, 1, 0,-1,
		 0, 15, 31, 16,-1,
		 16, 31, 15, 0,-1,
		 1, 0, 16, 17,-1,
		 17, 16, 0, 1,-1,
		 2, 1, 17, 18,-1,
		 18, 17, 1, 2,-1,
		 3, 2, 18, 19,-1,
		 19, 18, 2, 3,-1,
		 4, 3, 19, 20,-1,
		 20, 19, 3, 4,-1,
		 5, 4, 20, 21,-1,
		 21, 20, 4, 5,-1,
		 6, 5, 21, 22,-1,
		 22, 21, 5, 6,-1,
		 7, 6, 22, 23,-1,
		 23, 22, 6, 7,-1,
		 8, 7, 23, 24,-1,
		 24, 23, 7, 8,-1,
		 9, 8, 24, 25,-1,
		 25, 24, 8, 9,-1,
		 10, 9, 25, 26,-1,
		 26, 25, 9, 10,-1,
		 11, 10, 26, 27,-1,
		 27, 26, 10, 11,-1,
		 12, 11, 27, 28,-1,
		 28, 27, 11, 12,-1,
		 13, 12, 28, 29,-1,
		 29, 28, 12, 13,-1,
		 14, 13, 29, 30,-1,
		 30, 29, 13, 14,-1,
		 15, 14, 30, 31,-1,
		 31, 30, 14, 15,-1,
		 31, 30, 29, 28, 27, 26, 25, 24, 23, 22, 21, 20, 19, 18, 17, 16,-1,
		 16, 17, 18, 19, 20, 21, 22, 23, 24, 25, 26, 27, 28, 29, 30, 31,-1,
		]
	} #IndexedFaceSet
} #Polyhedron
Separator { #Polyhedron
	DEF COORD93 Coordinate3 {
		point [
		 -0.4874 0.1016 -3.6459,
		 -0.4915 0.1016 -3.6486,
		 -0.4943 0.1016 -3.6527,
		 -0.4952 0.1016 -3.6576,
		 -0.4943 0.1016 -3.6625,
		 -0.4915 0.1016 -3.6666,
		 -0.4874 0.1016 -3.6693,
		 -0.4825 0.1016 -3.6703,
		 -0.4777 0.1016 -3.6693,
		 -0.4736 0.1016 -3.6666,
		 -0.4708 0.1016 -3.6625,
		 -0.4698 0.1016 -3.6576,
		 -0.4708 0.1016 -3.6527,
		 -0.4736 0.1016 -3.6486,
		 -0.4777 0.1016 -3.6459,
		 -0.4825 0.1016 -3.6449,
		 -0.4874 0.0508 -3.6459,
		 -0.4915 0.0508 -3.6486,
		 -0.4943 0.0508 -3.6527,
		 -0.4952 0.0508 -3.6576,
		 -0.4943 0.0508 -3.6625,
		 -0.4915 0.0508 -3.6666,
		 -0.4874 0.0508 -3.6693,
		 -0.4825 0.0508 -3.6703,
		 -0.4777 0.0508 -3.6693,
		 -0.4736 0.0508 -3.6666,
		 -0.4708 0.0508 -3.6625,
		 -0.4698 0.0508 -3.6576,
		 -0.4708 0.0508 -3.6527,
		 -0.4736 0.0508 -3.6486,
		 -0.4777 0.0508 -3.6459,
		 -0.4825 0.0508 -3.6449
		]
	} #Coordinate3
	Material {
		ambientColor      0.1951 0.1951 0.1951  #ambientColor
		diffuseColor      0.7804 0.7804 0.7804  #diffuseColor
		transparency      0.0000                #transparency
	} #Material

	IndexedFaceSet {
		coordIndex [ 
		 0, 1, 2, 3, 4, 5, 6, 7, 8, 9, 10, 11, 12, 13, 14, 15,-1,
		 15, 14, 13, 12, 11, 10, 9, 8, 7, 6, 5, 4, 3, 2, 1, 0,-1,
		 0, 15, 31, 16,-1,
		 16, 31, 15, 0,-1,
		 1, 0, 16, 17,-1,
		 17, 16, 0, 1,-1,
		 2, 1, 17, 18,-1,
		 18, 17, 1, 2,-1,
		 3, 2, 18, 19,-1,
		 19, 18, 2, 3,-1,
		 4, 3, 19, 20,-1,
		 20, 19, 3, 4,-1,
		 5, 4, 20, 21,-1,
		 21, 20, 4, 5,-1,
		 6, 5, 21, 22,-1,
		 22, 21, 5, 6,-1,
		 7, 6, 22, 23,-1,
		 23, 22, 6, 7,-1,
		 8, 7, 23, 24,-1,
		 24, 23, 7, 8,-1,
		 9, 8, 24, 25,-1,
		 25, 24, 8, 9,-1,
		 10, 9, 25, 26,-1,
		 26, 25, 9, 10,-1,
		 11, 10, 26, 27,-1,
		 27, 26, 10, 11,-1,
		 12, 11, 27, 28,-1,
		 28, 27, 11, 12,-1,
		 13, 12, 28, 29,-1,
		 29, 28, 12, 13,-1,
		 14, 13, 29, 30,-1,
		 30, 29, 13, 14,-1,
		 15, 14, 30, 31,-1,
		 31, 30, 14, 15,-1,
		 31, 30, 29, 28, 27, 26, 25, 24, 23, 22, 21, 20, 19, 18, 17, 16,-1,
		 16, 17, 18, 19, 20, 21, 22, 23, 24, 25, 26, 27, 28, 29, 30, 31,-1,
		]
	} #IndexedFaceSet
} #Polyhedron
Separator { #Polyhedron
	DEF COORD94 Coordinate3 {
		point [
		 -0.2032 0.0508 -3.9370,
		 -0.2090 0.0457 -3.9229,
		 -0.2140 0.0457 -3.9262,
		 -0.2173 0.0457 -3.9311,
		 -0.2184 0.0457 -3.9370,
		 -0.2173 0.0457 -3.9428,
		 -0.2140 0.0457 -3.9477,
		 -0.2090 0.0457 -3.9510,
		 -0.2032 0.0457 -3.9522,
		 -0.1973 0.0457 -3.9510,
		 -0.1924 0.0457 -3.9477,
		 -0.1891 0.0457 -3.9428,
		 -0.1879 0.0457 -3.9370,
		 -0.1891 0.0457 -3.9311,
		 -0.1924 0.0457 -3.9262,
		 -0.1973 0.0457 -3.9229,
		 -0.2032 0.0457 -3.9217,
		 -0.2110 0.0406 -3.9182,
		 -0.2175 0.0406 -3.9226,
		 -0.2220 0.0406 -3.9292,
		 -0.2235 0.0406 -3.9370,
		 -0.2220 0.0406 -3.9447,
		 -0.2175 0.0406 -3.9513,
		 -0.2110 0.0406 -3.9557,
		 -0.2032 0.0406 -3.9573,
		 -0.1954 0.0406 -3.9557,
		 -0.1888 0.0406 -3.9513,
		 -0.1844 0.0406 -3.9447,
		 -0.1829 0.0406 -3.9370,
		 -0.1844 0.0406 -3.9292,
		 -0.1888 0.0406 -3.9226,
		 -0.1954 0.0406 -3.9182,
		 -0.2032 0.0406 -3.9166,
		 -0.2121 0.0356 -3.9155,
		 -0.2196 0.0356 -3.9205,
		 -0.2247 0.0356 -3.9281,
		 -0.2265 0.0356 -3.9370,
		 -0.2247 0.0356 -3.9459,
		 -0.2196 0.0356 -3.9534,
		 -0.2121 0.0356 -3.9585,
		 -0.2032 0.0356 -3.9602,
		 -0.1943 0.0356 -3.9585,
		 -0.1867 0.0356 -3.9534,
		 -0.1817 0.0356 -3.9459,
		 -0.1799 0.0356 -3.9370,
		 -0.1817 0.0356 -3.9281,
		 -0.1867 0.0356 -3.9205,
		 -0.1943 0.0356 -3.9155,
		 -0.2032 0.0356 -3.9137,
		 -0.2127 0.0305 -3.9140,
		 -0.2208 0.0305 -3.9194,
		 -0.2262 0.0305 -3.9274,
		 -0.2281 0.0305 -3.9370,
		 -0.2262 0.0305 -3.9465,
		 -0.2208 0.0305 -3.9546,
		 -0.2127 0.0305 -3.9600,
		 -0.2032 0.0305 -3.9619,
		 -0.1937 0.0305 -3.9600,
		 -0.1856 0.0305 -3.9546,
		 -0.1802 0.0305 -3.9465,
		 -0.1783 0.0305 -3.9370,
		 -0.1802 0.0305 -3.9274,
		 -0.1856 0.0305 -3.9194,
		 -0.1937 0.0305 -3.9140,
		 -0.2032 0.0305 -3.9121,
		 -0.2129 0.0254 -3.9135,
		 -0.2211 0.0254 -3.9190,
		 -0.2266 0.0254 -3.9272,
		 -0.2286 0.0254 -3.9370,
		 -0.2266 0.0254 -3.9467,
		 -0.2211 0.0254 -3.9549,
		 -0.2129 0.0254 -3.9604,
		 -0.2032 0.0254 -3.9624,
		 -0.1935 0.0254 -3.9604,
		 -0.1852 0.0254 -3.9549,
		 -0.1797 0.0254 -3.9467,
		 -0.1778 0.0254 -3.9370,
		 -0.1797 0.0254 -3.9272,
		 -0.1852 0.0254 -3.9190,
		 -0.1935 0.0254 -3.9135,
		 -0.2032 0.0254 -3.9116,
		 -0.2127 0.0203 -3.9140,
		 -0.2208 0.0203 -3.9194,
		 -0.2262 0.0203 -3.9274,
		 -0.2281 0.0203 -3.9370,
		 -0.2262 0.0203 -3.9465,
		 -0.2208 0.0203 -3.9546,
		 -0.2127 0.0203 -3.9600,
		 -0.2032 0.0203 -3.9619,
		 -0.1937 0.0203 -3.9600,
		 -0.1856 0.0203 -3.9546,
		 -0.1802 0.0203 -3.9465,
		 -0.1783 0.0203 -3.9370,
		 -0.1802 0.0203 -3.9274,
		 -0.1856 0.0203 -3.9194,
		 -0.1937 0.0203 -3.9140,
		 -0.2032 0.0203 -3.9121,
		 -0.2121 0.0152 -3.9155,
		 -0.2196 0.0152 -3.9205,
		 -0.2247 0.0152 -3.9281,
		 -0.2265 0.0152 -3.9370,
		 -0.2247 0.0152 -3.9459,
		 -0.2196 0.0152 -3.9534,
		 -0.2121 0.0152 -3.9585,
		 -0.2032 0.0152 -3.9602,
		 -0.1943 0.0152 -3.9585,
		 -0.1867 0.0152 -3.9534,
		 -0.1817 0.0152 -3.9459,
		 -0.1799 0.0152 -3.9370,
		 -0.1817 0.0152 -3.9281,
		 -0.1867 0.0152 -3.9205,
		 -0.1943 0.0152 -3.9155,
		 -0.2032 0.0152 -3.9137,
		 -0.2110 0.0102 -3.9182,
		 -0.2175 0.0102 -3.9226,
		 -0.2220 0.0102 -3.9292,
		 -0.2235 0.0102 -3.9370,
		 -0.2220 0.0102 -3.9447,
		 -0.2175 0.0102 -3.9513,
		 -0.2110 0.0102 -3.9557,
		 -0.2032 0.0102 -3.9573,
		 -0.1954 0.0102 -3.9557,
		 -0.1888 0.0102 -3.9513,
		 -0.1844 0.0102 -3.9447,
		 -0.1829 0.0102 -3.9370,
		 -0.1844 0.0102 -3.9292,
		 -0.1888 0.0102 -3.9226,
		 -0.1954 0.0102 -3.9182,
		 -0.2032 0.0102 -3.9166,
		 -0.2090 0.0051 -3.9229,
		 -0.2140 0.0051 -3.9262,
		 -0.2173 0.0051 -3.9311,
		 -0.2184 0.0051 -3.9370,
		 -0.2173 0.0051 -3.9428,
		 -0.2140 0.0051 -3.9477,
		 -0.2090 0.0051 -3.9510,
		 -0.2032 0.0051 -3.9522,
		 -0.1973 0.0051 -3.9510,
		 -0.1924 0.0051 -3.9477,
		 -0.1891 0.0051 -3.9428,
		 -0.1879 0.0051 -3.9370,
		 -0.1891 0.0051 -3.9311,
		 -0.1924 0.0051 -3.9262,
		 -0.1973 0.0051 -3.9229,
		 -0.2032 0.0051 -3.9217,
		 -0.2032 0.0000 -3.9370
		]
	} #Coordinate3
	Material {
		ambientColor      0.1176 0.1176 0.1176  #ambientColor
		diffuseColor      0.4706 0.4706 0.4706  #diffuseColor
		transparency      0.0000                #transparency
	} #Material

	IndexedFaceSet {
		coordIndex [ 
		 0, 16, 1,-1,
		 1, 16, 0,-1,
		 0, 1, 2,-1,
		 2, 1, 0,-1,
		 0, 2, 3,-1,
		 3, 2, 0,-1,
		 0, 3, 4,-1,
		 4, 3, 0,-1,
		 0, 4, 5,-1,
		 5, 4, 0,-1,
		 0, 5, 6,-1,
		 6, 5, 0,-1,
		 0, 6, 7,-1,
		 7, 6, 0,-1,
		 0, 7, 8,-1,
		 8, 7, 0,-1,
		 0, 8, 9,-1,
		 9, 8, 0,-1,
		 0, 9, 10,-1,
		 10, 9, 0,-1,
		 0, 10, 11,-1,
		 11, 10, 0,-1,
		 0, 11, 12,-1,
		 12, 11, 0,-1,
		 0, 12, 13,-1,
		 13, 12, 0,-1,
		 0, 13, 14,-1,
		 14, 13, 0,-1,
		 0, 14, 15,-1,
		 15, 14, 0,-1,
		 0, 15, 16,-1,
		 16, 15, 0,-1,
		 1, 16, 32, 17,-1,
		 17, 32, 16, 1,-1,
		 2, 1, 17, 18,-1,
		 18, 17, 1, 2,-1,
		 3, 2, 18, 19,-1,
		 19, 18, 2, 3,-1,
		 4, 3, 19, 20,-1,
		 20, 19, 3, 4,-1,
		 5, 4, 20, 21,-1,
		 21, 20, 4, 5,-1,
		 6, 5, 21, 22,-1,
		 22, 21, 5, 6,-1,
		 7, 6, 22, 23,-1,
		 23, 22, 6, 7,-1,
		 8, 7, 23, 24,-1,
		 24, 23, 7, 8,-1,
		 9, 8, 24, 25,-1,
		 25, 24, 8, 9,-1,
		 10, 9, 25, 26,-1,
		 26, 25, 9, 10,-1,
		 11, 10, 26, 27,-1,
		 27, 26, 10, 11,-1,
		 12, 11, 27, 28,-1,
		 28, 27, 11, 12,-1,
		 13, 12, 28, 29,-1,
		 29, 28, 12, 13,-1,
		 14, 13, 29, 30,-1,
		 30, 29, 13, 14,-1,
		 15, 14, 30, 31,-1,
		 31, 30, 14, 15,-1,
		 16, 15, 31, 32,-1,
		 32, 31, 15, 16,-1,
		 17, 32, 48, 33,-1,
		 33, 48, 32, 17,-1,
		 18, 17, 33, 34,-1,
		 34, 33, 17, 18,-1,
		 19, 18, 34, 35,-1,
		 35, 34, 18, 19,-1,
		 20, 19, 35, 36,-1,
		 36, 35, 19, 20,-1,
		 21, 20, 36, 37,-1,
		 37, 36, 20, 21,-1,
		 22, 21, 37, 38,-1,
		 38, 37, 21, 22,-1,
		 23, 22, 38, 39,-1,
		 39, 38, 22, 23,-1,
		 24, 23, 39, 40,-1,
		 40, 39, 23, 24,-1,
		 25, 24, 40, 41,-1,
		 41, 40, 24, 25,-1,
		 26, 25, 41, 42,-1,
		 42, 41, 25, 26,-1,
		 27, 26, 42, 43,-1,
		 43, 42, 26, 27,-1,
		 28, 27, 43, 44,-1,
		 44, 43, 27, 28,-1,
		 29, 28, 44, 45,-1,
		 45, 44, 28, 29,-1,
		 30, 29, 45, 46,-1,
		 46, 45, 29, 30,-1,
		 31, 30, 46, 47,-1,
		 47, 46, 30, 31,-1,
		 32, 31, 47, 48,-1,
		 48, 47, 31, 32,-1,
		 33, 48, 64, 49,-1,
		 49, 64, 48, 33,-1,
		 34, 33, 49, 50,-1,
		 50, 49, 33, 34,-1,
		 35, 34, 50, 51,-1,
		 51, 50, 34, 35,-1,
		 36, 35, 51, 52,-1,
		 52, 51, 35, 36,-1,
		 37, 36, 52, 53,-1,
		 53, 52, 36, 37,-1,
		 38, 37, 53, 54,-1,
		 54, 53, 37, 38,-1,
		 39, 38, 54, 55,-1,
		 55, 54, 38, 39,-1,
		 40, 39, 55, 56,-1,
		 56, 55, 39, 40,-1,
		 41, 40, 56, 57,-1,
		 57, 56, 40, 41,-1,
		 42, 41, 57, 58,-1,
		 58, 57, 41, 42,-1,
		 43, 42, 58, 59,-1,
		 59, 58, 42, 43,-1,
		 44, 43, 59, 60,-1,
		 60, 59, 43, 44,-1,
		 45, 44, 60, 61,-1,
		 61, 60, 44, 45,-1,
		 46, 45, 61, 62,-1,
		 62, 61, 45, 46,-1,
		 47, 46, 62, 63,-1,
		 63, 62, 46, 47,-1,
		 48, 47, 63, 64,-1,
		 64, 63, 47, 48,-1,
		 49, 64, 80, 65,-1,
		 65, 80, 64, 49,-1,
		 50, 49, 65, 66,-1,
		 66, 65, 49, 50,-1,
		 51, 50, 66, 67,-1,
		 67, 66, 50, 51,-1,
		 52, 51, 67, 68,-1,
		 68, 67, 51, 52,-1,
		 53, 52, 68, 69,-1,
		 69, 68, 52, 53,-1,
		 54, 53, 69, 70,-1,
		 70, 69, 53, 54,-1,
		 55, 54, 70, 71,-1,
		 71, 70, 54, 55,-1,
		 56, 55, 71, 72,-1,
		 72, 71, 55, 56,-1,
		 57, 56, 72, 73,-1,
		 73, 72, 56, 57,-1,
		 58, 57, 73, 74,-1,
		 74, 73, 57, 58,-1,
		 59, 58, 74, 75,-1,
		 75, 74, 58, 59,-1,
		 60, 59, 75, 76,-1,
		 76, 75, 59, 60,-1,
		 61, 60, 76, 77,-1,
		 77, 76, 60, 61,-1,
		 62, 61, 77, 78,-1,
		 78, 77, 61, 62,-1,
		 63, 62, 78, 79,-1,
		 79, 78, 62, 63,-1,
		 64, 63, 79, 80,-1,
		 80, 79, 63, 64,-1,
		 65, 80, 96, 81,-1,
		 81, 96, 80, 65,-1,
		 66, 65, 81, 82,-1,
		 82, 81, 65, 66,-1,
		 67, 66, 82, 83,-1,
		 83, 82, 66, 67,-1,
		 68, 67, 83, 84,-1,
		 84, 83, 67, 68,-1,
		 69, 68, 84, 85,-1,
		 85, 84, 68, 69,-1,
		 70, 69, 85, 86,-1,
		 86, 85, 69, 70,-1,
		 71, 70, 86, 87,-1,
		 87, 86, 70, 71,-1,
		 72, 71, 87, 88,-1,
		 88, 87, 71, 72,-1,
		 73, 72, 88, 89,-1,
		 89, 88, 72, 73,-1,
		 74, 73, 89, 90,-1,
		 90, 89, 73, 74,-1,
		 75, 74, 90, 91,-1,
		 91, 90, 74, 75,-1,
		 76, 75, 91, 92,-1,
		 92, 91, 75, 76,-1,
		 77, 76, 92, 93,-1,
		 93, 92, 76, 77,-1,
		 78, 77, 93, 94,-1,
		 94, 93, 77, 78,-1,
		 79, 78, 94, 95,-1,
		 95, 94, 78, 79,-1,
		 80, 79, 95, 96,-1,
		 96, 95, 79, 80,-1,
		 81, 96, 112, 97,-1,
		 97, 112, 96, 81,-1,
		 82, 81, 97, 98,-1,
		 98, 97, 81, 82,-1,
		 83, 82, 98, 99,-1,
		 99, 98, 82, 83,-1,
		 84, 83, 99, 100,-1,
		 100, 99, 83, 84,-1,
		 85, 84, 100, 101,-1,
		 101, 100, 84, 85,-1,
		 86, 85, 101, 102,-1,
		 102, 101, 85, 86,-1,
		 87, 86, 102, 103,-1,
		 103, 102, 86, 87,-1,
		 88, 87, 103, 104,-1,
		 104, 103, 87, 88,-1,
		 89, 88, 104, 105,-1,
		 105, 104, 88, 89,-1,
		 90, 89, 105, 106,-1,
		 106, 105, 89, 90,-1,
		 91, 90, 106, 107,-1,
		 107, 106, 90, 91,-1,
		 92, 91, 107, 108,-1,
		 108, 107, 91, 92,-1,
		 93, 92, 108, 109,-1,
		 109, 108, 92, 93,-1,
		 94, 93, 109, 110,-1,
		 110, 109, 93, 94,-1,
		 95, 94, 110, 111,-1,
		 111, 110, 94, 95,-1,
		 96, 95, 111, 112,-1,
		 112, 111, 95, 96,-1,
		 97, 112, 128, 113,-1,
		 113, 128, 112, 97,-1,
		 98, 97, 113, 114,-1,
		 114, 113, 97, 98,-1,
		 99, 98, 114, 115,-1,
		 115, 114, 98, 99,-1,
		 100, 99, 115, 116,-1,
		 116, 115, 99, 100,-1,
		 101, 100, 116, 117,-1,
		 117, 116, 100, 101,-1,
		 102, 101, 117, 118,-1,
		 118, 117, 101, 102,-1,
		 103, 102, 118, 119,-1,
		 119, 118, 102, 103,-1,
		 104, 103, 119, 120,-1,
		 120, 119, 103, 104,-1,
		 105, 104, 120, 121,-1,
		 121, 120, 104, 105,-1,
		 106, 105, 121, 122,-1,
		 122, 121, 105, 106,-1,
		 107, 106, 122, 123,-1,
		 123, 122, 106, 107,-1,
		 108, 107, 123, 124,-1,
		 124, 123, 107, 108,-1,
		 109, 108, 124, 125,-1,
		 125, 124, 108, 109,-1,
		 110, 109, 125, 126,-1,
		 126, 125, 109, 110,-1,
		 111, 110, 126, 127,-1,
		 127, 126, 110, 111,-1,
		 112, 111, 127, 128,-1,
		 128, 127, 111, 112,-1,
		 113, 128, 144, 129,-1,
		 129, 144, 128, 113,-1,
		 114, 113, 129, 130,-1,
		 130, 129, 113, 114,-1,
		 115, 114, 130, 131,-1,
		 131, 130, 114, 115,-1,
		 116, 115, 131, 132,-1,
		 132, 131, 115, 116,-1,
		 117, 116, 132, 133,-1,
		 133, 132, 116, 117,-1,
		 118, 117, 133, 134,-1,
		 134, 133, 117, 118,-1,
		 119, 118, 134, 135,-1,
		 135, 134, 118, 119,-1,
		 120, 119, 135, 136,-1,
		 136, 135, 119, 120,-1,
		 121, 120, 136, 137,-1,
		 137, 136, 120, 121,-1,
		 122, 121, 137, 138,-1,
		 138, 137, 121, 122,-1,
		 123, 122, 138, 139,-1,
		 139, 138, 122, 123,-1,
		 124, 123, 139, 140,-1,
		 140, 139, 123, 124,-1,
		 125, 124, 140, 141,-1,
		 141, 140, 124, 125,-1,
		 126, 125, 141, 142,-1,
		 142, 141, 125, 126,-1,
		 127, 126, 142, 143,-1,
		 143, 142, 126, 127,-1,
		 128, 127, 143, 144,-1,
		 144, 143, 127, 128,-1,
		 129, 144, 145,-1,
		 145, 144, 129,-1,
		 130, 129, 145,-1,
		 145, 129, 130,-1,
		 131, 130, 145,-1,
		 145, 130, 131,-1,
		 132, 131, 145,-1,
		 145, 131, 132,-1,
		 133, 132, 145,-1,
		 145, 132, 133,-1,
		 134, 133, 145,-1,
		 145, 133, 134,-1,
		 135, 134, 145,-1,
		 145, 134, 135,-1,
		 136, 135, 145,-1,
		 145, 135, 136,-1,
		 137, 136, 145,-1,
		 145, 136, 137,-1,
		 138, 137, 145,-1,
		 145, 137, 138,-1,
		 139, 138, 145,-1,
		 145, 138, 139,-1,
		 140, 139, 145,-1,
		 145, 139, 140,-1,
		 141, 140, 145,-1,
		 145, 140, 141,-1,
		 142, 141, 145,-1,
		 145, 141, 142,-1,
		 143, 142, 145,-1,
		 145, 142, 143,-1,
		 144, 143, 145,-1,
		 145, 143, 144,-1,
		]
	} #IndexedFaceSet
} #Polyhedron
Separator { #Polyhedron
	DEF COORD95 Coordinate3 {
		point [
		 -0.4825 0.0508 -3.6576,
		 -0.4884 0.0457 -3.6435,
		 -0.4933 0.0457 -3.6468,
		 -0.4966 0.0457 -3.6518,
		 -0.4978 0.0457 -3.6576,
		 -0.4966 0.0457 -3.6634,
		 -0.4933 0.0457 -3.6684,
		 -0.4884 0.0457 -3.6717,
		 -0.4825 0.0457 -3.6728,
		 -0.4767 0.0457 -3.6717,
		 -0.4718 0.0457 -3.6684,
		 -0.4685 0.0457 -3.6634,
		 -0.4673 0.0457 -3.6576,
		 -0.4685 0.0457 -3.6518,
		 -0.4718 0.0457 -3.6468,
		 -0.4767 0.0457 -3.6435,
		 -0.4825 0.0457 -3.6424,
		 -0.4903 0.0406 -3.6388,
		 -0.4969 0.0406 -3.6432,
		 -0.5013 0.0406 -3.6498,
		 -0.5029 0.0406 -3.6576,
		 -0.5013 0.0406 -3.6654,
		 -0.4969 0.0406 -3.6720,
		 -0.4903 0.0406 -3.6764,
		 -0.4825 0.0406 -3.6779,
		 -0.4748 0.0406 -3.6764,
		 -0.4682 0.0406 -3.6720,
		 -0.4638 0.0406 -3.6654,
		 -0.4622 0.0406 -3.6576,
		 -0.4638 0.0406 -3.6498,
		 -0.4682 0.0406 -3.6432,
		 -0.4748 0.0406 -3.6388,
		 -0.4825 0.0406 -3.6373,
		 -0.4915 0.0356 -3.6361,
		 -0.4990 0.0356 -3.6411,
		 -0.5040 0.0356 -3.6487,
		 -0.5058 0.0356 -3.6576,
		 -0.5040 0.0356 -3.6665,
		 -0.4990 0.0356 -3.6741,
		 -0.4915 0.0356 -3.6791,
		 -0.4825 0.0356 -3.6809,
		 -0.4736 0.0356 -3.6791,
		 -0.4661 0.0356 -3.6741,
		 -0.4610 0.0356 -3.6665,
		 -0.4593 0.0356 -3.6576,
		 -0.4610 0.0356 -3.6487,
		 -0.4661 0.0356 -3.6411,
		 -0.4736 0.0356 -3.6361,
		 -0.4825 0.0356 -3.6343,
		 -0.4921 0.0305 -3.6346,
		 -0.5001 0.0305 -3.6400,
		 -0.5055 0.0305 -3.6481,
		 -0.5074 0.0305 -3.6576,
		 -0.5055 0.0305 -3.6671,
		 -0.5001 0.0305 -3.6752,
		 -0.4921 0.0305 -3.6806,
		 -0.4825 0.0305 -3.6825,
		 -0.4730 0.0305 -3.6806,
		 -0.4649 0.0305 -3.6752,
		 -0.4596 0.0305 -3.6671,
		 -0.4577 0.0305 -3.6576,
		 -0.4596 0.0305 -3.6481,
		 -0.4649 0.0305 -3.6400,
		 -0.4730 0.0305 -3.6346,
		 -0.4825 0.0305 -3.6327,
		 -0.4923 0.0254 -3.6341,
		 -0.5005 0.0254 -3.6396,
		 -0.5060 0.0254 -3.6479,
		 -0.5079 0.0254 -3.6576,
		 -0.5060 0.0254 -3.6673,
		 -0.5005 0.0254 -3.6756,
		 -0.4923 0.0254 -3.6811,
		 -0.4825 0.0254 -3.6830,
		 -0.4728 0.0254 -3.6811,
		 -0.4646 0.0254 -3.6756,
		 -0.4591 0.0254 -3.6673,
		 -0.4571 0.0254 -3.6576,
		 -0.4591 0.0254 -3.6479,
		 -0.4646 0.0254 -3.6396,
		 -0.4728 0.0254 -3.6341,
		 -0.4825 0.0254 -3.6322,
		 -0.4921 0.0203 -3.6346,
		 -0.5001 0.0203 -3.6400,
		 -0.5055 0.0203 -3.6481,
		 -0.5074 0.0203 -3.6576,
		 -0.5055 0.0203 -3.6671,
		 -0.5001 0.0203 -3.6752,
		 -0.4921 0.0203 -3.6806,
		 -0.4825 0.0203 -3.6825,
		 -0.4730 0.0203 -3.6806,
		 -0.4649 0.0203 -3.6752,
		 -0.4596 0.0203 -3.6671,
		 -0.4577 0.0203 -3.6576,
		 -0.4596 0.0203 -3.6481,
		 -0.4649 0.0203 -3.6400,
		 -0.4730 0.0203 -3.6346,
		 -0.4825 0.0203 -3.6327,
		 -0.4915 0.0152 -3.6361,
		 -0.4990 0.0152 -3.6411,
		 -0.5040 0.0152 -3.6487,
		 -0.5058 0.0152 -3.6576,
		 -0.5040 0.0152 -3.6665,
		 -0.4990 0.0152 -3.6741,
		 -0.4915 0.0152 -3.6791,
		 -0.4825 0.0152 -3.6809,
		 -0.4736 0.0152 -3.6791,
		 -0.4661 0.0152 -3.6741,
		 -0.4610 0.0152 -3.6665,
		 -0.4593 0.0152 -3.6576,
		 -0.4610 0.0152 -3.6487,
		 -0.4661 0.0152 -3.6411,
		 -0.4736 0.0152 -3.6361,
		 -0.4825 0.0152 -3.6343,
		 -0.4903 0.0102 -3.6388,
		 -0.4969 0.0102 -3.6432,
		 -0.5013 0.0102 -3.6498,
		 -0.5029 0.0102 -3.6576,
		 -0.5013 0.0102 -3.6654,
		 -0.4969 0.0102 -3.6720,
		 -0.4903 0.0102 -3.6764,
		 -0.4825 0.0102 -3.6779,
		 -0.4748 0.0102 -3.6764,
		 -0.4682 0.0102 -3.6720,
		 -0.4638 0.0102 -3.6654,
		 -0.4622 0.0102 -3.6576,
		 -0.4638 0.0102 -3.6498,
		 -0.4682 0.0102 -3.6432,
		 -0.4748 0.0102 -3.6388,
		 -0.4825 0.0102 -3.6373,
		 -0.4884 0.0051 -3.6435,
		 -0.4933 0.0051 -3.6468,
		 -0.4966 0.0051 -3.6518,
		 -0.4978 0.0051 -3.6576,
		 -0.4966 0.0051 -3.6634,
		 -0.4933 0.0051 -3.6684,
		 -0.4884 0.0051 -3.6717,
		 -0.4825 0.0051 -3.6728,
		 -0.4767 0.0051 -3.6717,
		 -0.4718 0.0051 -3.6684,
		 -0.4685 0.0051 -3.6634,
		 -0.4673 0.0051 -3.6576,
		 -0.4685 0.0051 -3.6518,
		 -0.4718 0.0051 -3.6468,
		 -0.4767 0.0051 -3.6435,
		 -0.4825 0.0051 -3.6424,
		 -0.4825 0.0000 -3.6576
		]
	} #Coordinate3
	Material {
		ambientColor      0.1176 0.1176 0.1176  #ambientColor
		diffuseColor      0.4706 0.4706 0.4706  #diffuseColor
		transparency      0.0000                #transparency
	} #Material

	IndexedFaceSet {
		coordIndex [ 
		 0, 16, 1,-1,
		 1, 16, 0,-1,
		 0, 1, 2,-1,
		 2, 1, 0,-1,
		 0, 2, 3,-1,
		 3, 2, 0,-1,
		 0, 3, 4,-1,
		 4, 3, 0,-1,
		 0, 4, 5,-1,
		 5, 4, 0,-1,
		 0, 5, 6,-1,
		 6, 5, 0,-1,
		 0, 6, 7,-1,
		 7, 6, 0,-1,
		 0, 7, 8,-1,
		 8, 7, 0,-1,
		 0, 8, 9,-1,
		 9, 8, 0,-1,
		 0, 9, 10,-1,
		 10, 9, 0,-1,
		 0, 10, 11,-1,
		 11, 10, 0,-1,
		 0, 11, 12,-1,
		 12, 11, 0,-1,
		 0, 12, 13,-1,
		 13, 12, 0,-1,
		 0, 13, 14,-1,
		 14, 13, 0,-1,
		 0, 14, 15,-1,
		 15, 14, 0,-1,
		 0, 15, 16,-1,
		 16, 15, 0,-1,
		 1, 16, 32, 17,-1,
		 17, 32, 16, 1,-1,
		 2, 1, 17, 18,-1,
		 18, 17, 1, 2,-1,
		 3, 2, 18, 19,-1,
		 19, 18, 2, 3,-1,
		 4, 3, 19, 20,-1,
		 20, 19, 3, 4,-1,
		 5, 4, 20, 21,-1,
		 21, 20, 4, 5,-1,
		 6, 5, 21, 22,-1,
		 22, 21, 5, 6,-1,
		 7, 6, 22, 23,-1,
		 23, 22, 6, 7,-1,
		 8, 7, 23, 24,-1,
		 24, 23, 7, 8,-1,
		 9, 8, 24, 25,-1,
		 25, 24, 8, 9,-1,
		 10, 9, 25, 26,-1,
		 26, 25, 9, 10,-1,
		 11, 10, 26, 27,-1,
		 27, 26, 10, 11,-1,
		 12, 11, 27, 28,-1,
		 28, 27, 11, 12,-1,
		 13, 12, 28, 29,-1,
		 29, 28, 12, 13,-1,
		 14, 13, 29, 30,-1,
		 30, 29, 13, 14,-1,
		 15, 14, 30, 31,-1,
		 31, 30, 14, 15,-1,
		 16, 15, 31, 32,-1,
		 32, 31, 15, 16,-1,
		 17, 32, 48, 33,-1,
		 33, 48, 32, 17,-1,
		 18, 17, 33, 34,-1,
		 34, 33, 17, 18,-1,
		 19, 18, 34, 35,-1,
		 35, 34, 18, 19,-1,
		 20, 19, 35, 36,-1,
		 36, 35, 19, 20,-1,
		 21, 20, 36, 37,-1,
		 37, 36, 20, 21,-1,
		 22, 21, 37, 38,-1,
		 38, 37, 21, 22,-1,
		 23, 22, 38, 39,-1,
		 39, 38, 22, 23,-1,
		 24, 23, 39, 40,-1,
		 40, 39, 23, 24,-1,
		 25, 24, 40, 41,-1,
		 41, 40, 24, 25,-1,
		 26, 25, 41, 42,-1,
		 42, 41, 25, 26,-1,
		 27, 26, 42, 43,-1,
		 43, 42, 26, 27,-1,
		 28, 27, 43, 44,-1,
		 44, 43, 27, 28,-1,
		 29, 28, 44, 45,-1,
		 45, 44, 28, 29,-1,
		 30, 29, 45, 46,-1,
		 46, 45, 29, 30,-1,
		 31, 30, 46, 47,-1,
		 47, 46, 30, 31,-1,
		 32, 31, 47, 48,-1,
		 48, 47, 31, 32,-1,
		 33, 48, 64, 49,-1,
		 49, 64, 48, 33,-1,
		 34, 33, 49, 50,-1,
		 50, 49, 33, 34,-1,
		 35, 34, 50, 51,-1,
		 51, 50, 34, 35,-1,
		 36, 35, 51, 52,-1,
		 52, 51, 35, 36,-1,
		 37, 36, 52, 53,-1,
		 53, 52, 36, 37,-1,
		 38, 37, 53, 54,-1,
		 54, 53, 37, 38,-1,
		 39, 38, 54, 55,-1,
		 55, 54, 38, 39,-1,
		 40, 39, 55, 56,-1,
		 56, 55, 39, 40,-1,
		 41, 40, 56, 57,-1,
		 57, 56, 40, 41,-1,
		 42, 41, 57, 58,-1,
		 58, 57, 41, 42,-1,
		 43, 42, 58, 59,-1,
		 59, 58, 42, 43,-1,
		 44, 43, 59, 60,-1,
		 60, 59, 43, 44,-1,
		 45, 44, 60, 61,-1,
		 61, 60, 44, 45,-1,
		 46, 45, 61, 62,-1,
		 62, 61, 45, 46,-1,
		 47, 46, 62, 63,-1,
		 63, 62, 46, 47,-1,
		 48, 47, 63, 64,-1,
		 64, 63, 47, 48,-1,
		 49, 64, 80, 65,-1,
		 65, 80, 64, 49,-1,
		 50, 49, 65, 66,-1,
		 66, 65, 49, 50,-1,
		 51, 50, 66, 67,-1,
		 67, 66, 50, 51,-1,
		 52, 51, 67, 68,-1,
		 68, 67, 51, 52,-1,
		 53, 52, 68, 69,-1,
		 69, 68, 52, 53,-1,
		 54, 53, 69, 70,-1,
		 70, 69, 53, 54,-1,
		 55, 54, 70, 71,-1,
		 71, 70, 54, 55,-1,
		 56, 55, 71, 72,-1,
		 72, 71, 55, 56,-1,
		 57, 56, 72, 73,-1,
		 73, 72, 56, 57,-1,
		 58, 57, 73, 74,-1,
		 74, 73, 57, 58,-1,
		 59, 58, 74, 75,-1,
		 75, 74, 58, 59,-1,
		 60, 59, 75, 76,-1,
		 76, 75, 59, 60,-1,
		 61, 60, 76, 77,-1,
		 77, 76, 60, 61,-1,
		 62, 61, 77, 78,-1,
		 78, 77, 61, 62,-1,
		 63, 62, 78, 79,-1,
		 79, 78, 62, 63,-1,
		 64, 63, 79, 80,-1,
		 80, 79, 63, 64,-1,
		 65, 80, 96, 81,-1,
		 81, 96, 80, 65,-1,
		 66, 65, 81, 82,-1,
		 82, 81, 65, 66,-1,
		 67, 66, 82, 83,-1,
		 83, 82, 66, 67,-1,
		 68, 67, 83, 84,-1,
		 84, 83, 67, 68,-1,
		 69, 68, 84, 85,-1,
		 85, 84, 68, 69,-1,
		 70, 69, 85, 86,-1,
		 86, 85, 69, 70,-1,
		 71, 70, 86, 87,-1,
		 87, 86, 70, 71,-1,
		 72, 71, 87, 88,-1,
		 88, 87, 71, 72,-1,
		 73, 72, 88, 89,-1,
		 89, 88, 72, 73,-1,
		 74, 73, 89, 90,-1,
		 90, 89, 73, 74,-1,
		 75, 74, 90, 91,-1,
		 91, 90, 74, 75,-1,
		 76, 75, 91, 92,-1,
		 92, 91, 75, 76,-1,
		 77, 76, 92, 93,-1,
		 93, 92, 76, 77,-1,
		 78, 77, 93, 94,-1,
		 94, 93, 77, 78,-1,
		 79, 78, 94, 95,-1,
		 95, 94, 78, 79,-1,
		 80, 79, 95, 96,-1,
		 96, 95, 79, 80,-1,
		 81, 96, 112, 97,-1,
		 97, 112, 96, 81,-1,
		 82, 81, 97, 98,-1,
		 98, 97, 81, 82,-1,
		 83, 82, 98, 99,-1,
		 99, 98, 82, 83,-1,
		 84, 83, 99, 100,-1,
		 100, 99, 83, 84,-1,
		 85, 84, 100, 101,-1,
		 101, 100, 84, 85,-1,
		 86, 85, 101, 102,-1,
		 102, 101, 85, 86,-1,
		 87, 86, 102, 103,-1,
		 103, 102, 86, 87,-1,
		 88, 87, 103, 104,-1,
		 104, 103, 87, 88,-1,
		 89, 88, 104, 105,-1,
		 105, 104, 88, 89,-1,
		 90, 89, 105, 106,-1,
		 106, 105, 89, 90,-1,
		 91, 90, 106, 107,-1,
		 107, 106, 90, 91,-1,
		 92, 91, 107, 108,-1,
		 108, 107, 91, 92,-1,
		 93, 92, 108, 109,-1,
		 109, 108, 92, 93,-1,
		 94, 93, 109, 110,-1,
		 110, 109, 93, 94,-1,
		 95, 94, 110, 111,-1,
		 111, 110, 94, 95,-1,
		 96, 95, 111, 112,-1,
		 112, 111, 95, 96,-1,
		 97, 112, 128, 113,-1,
		 113, 128, 112, 97,-1,
		 98, 97, 113, 114,-1,
		 114, 113, 97, 98,-1,
		 99, 98, 114, 115,-1,
		 115, 114, 98, 99,-1,
		 100, 99, 115, 116,-1,
		 116, 115, 99, 100,-1,
		 101, 100, 116, 117,-1,
		 117, 116, 100, 101,-1,
		 102, 101, 117, 118,-1,
		 118, 117, 101, 102,-1,
		 103, 102, 118, 119,-1,
		 119, 118, 102, 103,-1,
		 104, 103, 119, 120,-1,
		 120, 119, 103, 104,-1,
		 105, 104, 120, 121,-1,
		 121, 120, 104, 105,-1,
		 106, 105, 121, 122,-1,
		 122, 121, 105, 106,-1,
		 107, 106, 122, 123,-1,
		 123, 122, 106, 107,-1,
		 108, 107, 123, 124,-1,
		 124, 123, 107, 108,-1,
		 109, 108, 124, 125,-1,
		 125, 124, 108, 109,-1,
		 110, 109, 125, 126,-1,
		 126, 125, 109, 110,-1,
		 111, 110, 126, 127,-1,
		 127, 126, 110, 111,-1,
		 112, 111, 127, 128,-1,
		 128, 127, 111, 112,-1,
		 113, 128, 144, 129,-1,
		 129, 144, 128, 113,-1,
		 114, 113, 129, 130,-1,
		 130, 129, 113, 114,-1,
		 115, 114, 130, 131,-1,
		 131, 130, 114, 115,-1,
		 116, 115, 131, 132,-1,
		 132, 131, 115, 116,-1,
		 117, 116, 132, 133,-1,
		 133, 132, 116, 117,-1,
		 118, 117, 133, 134,-1,
		 134, 133, 117, 118,-1,
		 119, 118, 134, 135,-1,
		 135, 134, 118, 119,-1,
		 120, 119, 135, 136,-1,
		 136, 135, 119, 120,-1,
		 121, 120, 136, 137,-1,
		 137, 136, 120, 121,-1,
		 122, 121, 137, 138,-1,
		 138, 137, 121, 122,-1,
		 123, 122, 138, 139,-1,
		 139, 138, 122, 123,-1,
		 124, 123, 139, 140,-1,
		 140, 139, 123, 124,-1,
		 125, 124, 140, 141,-1,
		 141, 140, 124, 125,-1,
		 126, 125, 141, 142,-1,
		 142, 141, 125, 126,-1,
		 127, 126, 142, 143,-1,
		 143, 142, 126, 127,-1,
		 128, 127, 143, 144,-1,
		 144, 143, 127, 128,-1,
		 129, 144, 145,-1,
		 145, 144, 129,-1,
		 130, 129, 145,-1,
		 145, 129, 130,-1,
		 131, 130, 145,-1,
		 145, 130, 131,-1,
		 132, 131, 145,-1,
		 145, 131, 132,-1,
		 133, 132, 145,-1,
		 145, 132, 133,-1,
		 134, 133, 145,-1,
		 145, 133, 134,-1,
		 135, 134, 145,-1,
		 145, 134, 135,-1,
		 136, 135, 145,-1,
		 145, 135, 136,-1,
		 137, 136, 145,-1,
		 145, 136, 137,-1,
		 138, 137, 145,-1,
		 145, 137, 138,-1,
		 139, 138, 145,-1,
		 145, 138, 139,-1,
		 140, 139, 145,-1,
		 145, 139, 140,-1,
		 141, 140, 145,-1,
		 145, 140, 141,-1,
		 142, 141, 145,-1,
		 145, 141, 142,-1,
		 143, 142, 145,-1,
		 145, 142, 143,-1,
		 144, 143, 145,-1,
		 145, 143, 144,-1,
		]
	} #IndexedFaceSet
} #Polyhedron
Separator { #Polyhedron
	DEF COORD96 Coordinate3 {
		point [
		 -0.2032 0.0508 -3.3782,
		 -0.2090 0.0457 -3.3642,
		 -0.2140 0.0457 -3.3675,
		 -0.2173 0.0457 -3.3724,
		 -0.2184 0.0457 -3.3782,
		 -0.2173 0.0457 -3.3841,
		 -0.2140 0.0457 -3.3890,
		 -0.2090 0.0457 -3.3923,
		 -0.2032 0.0457 -3.3935,
		 -0.1973 0.0457 -3.3923,
		 -0.1924 0.0457 -3.3890,
		 -0.1891 0.0457 -3.3841,
		 -0.1879 0.0457 -3.3782,
		 -0.1891 0.0457 -3.3724,
		 -0.1924 0.0457 -3.3675,
		 -0.1973 0.0457 -3.3642,
		 -0.2032 0.0457 -3.3630,
		 -0.2110 0.0406 -3.3595,
		 -0.2175 0.0406 -3.3639,
		 -0.2220 0.0406 -3.3705,
		 -0.2235 0.0406 -3.3782,
		 -0.2220 0.0406 -3.3860,
		 -0.2175 0.0406 -3.3926,
		 -0.2110 0.0406 -3.3970,
		 -0.2032 0.0406 -3.3986,
		 -0.1954 0.0406 -3.3970,
		 -0.1888 0.0406 -3.3926,
		 -0.1844 0.0406 -3.3860,
		 -0.1829 0.0406 -3.3782,
		 -0.1844 0.0406 -3.3705,
		 -0.1888 0.0406 -3.3639,
		 -0.1954 0.0406 -3.3595,
		 -0.2032 0.0406 -3.3579,
		 -0.2121 0.0356 -3.3567,
		 -0.2196 0.0356 -3.3618,
		 -0.2247 0.0356 -3.3693,
		 -0.2265 0.0356 -3.3782,
		 -0.2247 0.0356 -3.3872,
		 -0.2196 0.0356 -3.3947,
		 -0.2121 0.0356 -3.3998,
		 -0.2032 0.0356 -3.4015,
		 -0.1943 0.0356 -3.3998,
		 -0.1867 0.0356 -3.3947,
		 -0.1817 0.0356 -3.3872,
		 -0.1799 0.0356 -3.3782,
		 -0.1817 0.0356 -3.3693,
		 -0.1867 0.0356 -3.3618,
		 -0.1943 0.0356 -3.3567,
		 -0.2032 0.0356 -3.3550,
		 -0.2127 0.0305 -3.3553,
		 -0.2208 0.0305 -3.3606,
		 -0.2262 0.0305 -3.3687,
		 -0.2281 0.0305 -3.3782,
		 -0.2262 0.0305 -3.3878,
		 -0.2208 0.0305 -3.3958,
		 -0.2127 0.0305 -3.4012,
		 -0.2032 0.0305 -3.4031,
		 -0.1937 0.0305 -3.4012,
		 -0.1856 0.0305 -3.3958,
		 -0.1802 0.0305 -3.3878,
		 -0.1783 0.0305 -3.3782,
		 -0.1802 0.0305 -3.3687,
		 -0.1856 0.0305 -3.3606,
		 -0.1937 0.0305 -3.3553,
		 -0.2032 0.0305 -3.3534,
		 -0.2129 0.0254 -3.3548,
		 -0.2211 0.0254 -3.3603,
		 -0.2266 0.0254 -3.3685,
		 -0.2286 0.0254 -3.3782,
		 -0.2266 0.0254 -3.3880,
		 -0.2211 0.0254 -3.3962,
		 -0.2129 0.0254 -3.4017,
		 -0.2032 0.0254 -3.4036,
		 -0.1935 0.0254 -3.4017,
		 -0.1852 0.0254 -3.3962,
		 -0.1797 0.0254 -3.3880,
		 -0.1778 0.0254 -3.3782,
		 -0.1797 0.0254 -3.3685,
		 -0.1852 0.0254 -3.3603,
		 -0.1935 0.0254 -3.3548,
		 -0.2032 0.0254 -3.3528,
		 -0.2127 0.0203 -3.3553,
		 -0.2208 0.0203 -3.3606,
		 -0.2262 0.0203 -3.3687,
		 -0.2281 0.0203 -3.3782,
		 -0.2262 0.0203 -3.3878,
		 -0.2208 0.0203 -3.3958,
		 -0.2127 0.0203 -3.4012,
		 -0.2032 0.0203 -3.4031,
		 -0.1937 0.0203 -3.4012,
		 -0.1856 0.0203 -3.3958,
		 -0.1802 0.0203 -3.3878,
		 -0.1783 0.0203 -3.3782,
		 -0.1802 0.0203 -3.3687,
		 -0.1856 0.0203 -3.3606,
		 -0.1937 0.0203 -3.3553,
		 -0.2032 0.0203 -3.3534,
		 -0.2121 0.0152 -3.3567,
		 -0.2196 0.0152 -3.3618,
		 -0.2247 0.0152 -3.3693,
		 -0.2265 0.0152 -3.3782,
		 -0.2247 0.0152 -3.3872,
		 -0.2196 0.0152 -3.3947,
		 -0.2121 0.0152 -3.3998,
		 -0.2032 0.0152 -3.4015,
		 -0.1943 0.0152 -3.3998,
		 -0.1867 0.0152 -3.3947,
		 -0.1817 0.0152 -3.3872,
		 -0.1799 0.0152 -3.3782,
		 -0.1817 0.0152 -3.3693,
		 -0.1867 0.0152 -3.3618,
		 -0.1943 0.0152 -3.3567,
		 -0.2032 0.0152 -3.3550,
		 -0.2110 0.0102 -3.3595,
		 -0.2175 0.0102 -3.3639,
		 -0.2220 0.0102 -3.3705,
		 -0.2235 0.0102 -3.3782,
		 -0.2220 0.0102 -3.3860,
		 -0.2175 0.0102 -3.3926,
		 -0.2110 0.0102 -3.3970,
		 -0.2032 0.0102 -3.3986,
		 -0.1954 0.0102 -3.3970,
		 -0.1888 0.0102 -3.3926,
		 -0.1844 0.0102 -3.3860,
		 -0.1829 0.0102 -3.3782,
		 -0.1844 0.0102 -3.3705,
		 -0.1888 0.0102 -3.3639,
		 -0.1954 0.0102 -3.3595,
		 -0.2032 0.0102 -3.3579,
		 -0.2090 0.0051 -3.3642,
		 -0.2140 0.0051 -3.3675,
		 -0.2173 0.0051 -3.3724,
		 -0.2184 0.0051 -3.3782,
		 -0.2173 0.0051 -3.3841,
		 -0.2140 0.0051 -3.3890,
		 -0.2090 0.0051 -3.3923,
		 -0.2032 0.0051 -3.3935,
		 -0.1973 0.0051 -3.3923,
		 -0.1924 0.0051 -3.3890,
		 -0.1891 0.0051 -3.3841,
		 -0.1879 0.0051 -3.3782,
		 -0.1891 0.0051 -3.3724,
		 -0.1924 0.0051 -3.3675,
		 -0.1973 0.0051 -3.3642,
		 -0.2032 0.0051 -3.3630,
		 -0.2032 0.0000 -3.3782
		]
	} #Coordinate3
	Material {
		ambientColor      0.1176 0.1176 0.1176  #ambientColor
		diffuseColor      0.4706 0.4706 0.4706  #diffuseColor
		transparency      0.0000                #transparency
	} #Material

	IndexedFaceSet {
		coordIndex [ 
		 0, 16, 1,-1,
		 1, 16, 0,-1,
		 0, 1, 2,-1,
		 2, 1, 0,-1,
		 0, 2, 3,-1,
		 3, 2, 0,-1,
		 0, 3, 4,-1,
		 4, 3, 0,-1,
		 0, 4, 5,-1,
		 5, 4, 0,-1,
		 0, 5, 6,-1,
		 6, 5, 0,-1,
		 0, 6, 7,-1,
		 7, 6, 0,-1,
		 0, 7, 8,-1,
		 8, 7, 0,-1,
		 0, 8, 9,-1,
		 9, 8, 0,-1,
		 0, 9, 10,-1,
		 10, 9, 0,-1,
		 0, 10, 11,-1,
		 11, 10, 0,-1,
		 0, 11, 12,-1,
		 12, 11, 0,-1,
		 0, 12, 13,-1,
		 13, 12, 0,-1,
		 0, 13, 14,-1,
		 14, 13, 0,-1,
		 0, 14, 15,-1,
		 15, 14, 0,-1,
		 0, 15, 16,-1,
		 16, 15, 0,-1,
		 1, 16, 32, 17,-1,
		 17, 32, 16, 1,-1,
		 2, 1, 17, 18,-1,
		 18, 17, 1, 2,-1,
		 3, 2, 18, 19,-1,
		 19, 18, 2, 3,-1,
		 4, 3, 19, 20,-1,
		 20, 19, 3, 4,-1,
		 5, 4, 20, 21,-1,
		 21, 20, 4, 5,-1,
		 6, 5, 21, 22,-1,
		 22, 21, 5, 6,-1,
		 7, 6, 22, 23,-1,
		 23, 22, 6, 7,-1,
		 8, 7, 23, 24,-1,
		 24, 23, 7, 8,-1,
		 9, 8, 24, 25,-1,
		 25, 24, 8, 9,-1,
		 10, 9, 25, 26,-1,
		 26, 25, 9, 10,-1,
		 11, 10, 26, 27,-1,
		 27, 26, 10, 11,-1,
		 12, 11, 27, 28,-1,
		 28, 27, 11, 12,-1,
		 13, 12, 28, 29,-1,
		 29, 28, 12, 13,-1,
		 14, 13, 29, 30,-1,
		 30, 29, 13, 14,-1,
		 15, 14, 30, 31,-1,
		 31, 30, 14, 15,-1,
		 16, 15, 31, 32,-1,
		 32, 31, 15, 16,-1,
		 17, 32, 48, 33,-1,
		 33, 48, 32, 17,-1,
		 18, 17, 33, 34,-1,
		 34, 33, 17, 18,-1,
		 19, 18, 34, 35,-1,
		 35, 34, 18, 19,-1,
		 20, 19, 35, 36,-1,
		 36, 35, 19, 20,-1,
		 21, 20, 36, 37,-1,
		 37, 36, 20, 21,-1,
		 22, 21, 37, 38,-1,
		 38, 37, 21, 22,-1,
		 23, 22, 38, 39,-1,
		 39, 38, 22, 23,-1,
		 24, 23, 39, 40,-1,
		 40, 39, 23, 24,-1,
		 25, 24, 40, 41,-1,
		 41, 40, 24, 25,-1,
		 26, 25, 41, 42,-1,
		 42, 41, 25, 26,-1,
		 27, 26, 42, 43,-1,
		 43, 42, 26, 27,-1,
		 28, 27, 43, 44,-1,
		 44, 43, 27, 28,-1,
		 29, 28, 44, 45,-1,
		 45, 44, 28, 29,-1,
		 30, 29, 45, 46,-1,
		 46, 45, 29, 30,-1,
		 31, 30, 46, 47,-1,
		 47, 46, 30, 31,-1,
		 32, 31, 47, 48,-1,
		 48, 47, 31, 32,-1,
		 33, 48, 64, 49,-1,
		 49, 64, 48, 33,-1,
		 34, 33, 49, 50,-1,
		 50, 49, 33, 34,-1,
		 35, 34, 50, 51,-1,
		 51, 50, 34, 35,-1,
		 36, 35, 51, 52,-1,
		 52, 51, 35, 36,-1,
		 37, 36, 52, 53,-1,
		 53, 52, 36, 37,-1,
		 38, 37, 53, 54,-1,
		 54, 53, 37, 38,-1,
		 39, 38, 54, 55,-1,
		 55, 54, 38, 39,-1,
		 40, 39, 55, 56,-1,
		 56, 55, 39, 40,-1,
		 41, 40, 56, 57,-1,
		 57, 56, 40, 41,-1,
		 42, 41, 57, 58,-1,
		 58, 57, 41, 42,-1,
		 43, 42, 58, 59,-1,
		 59, 58, 42, 43,-1,
		 44, 43, 59, 60,-1,
		 60, 59, 43, 44,-1,
		 45, 44, 60, 61,-1,
		 61, 60, 44, 45,-1,
		 46, 45, 61, 62,-1,
		 62, 61, 45, 46,-1,
		 47, 46, 62, 63,-1,
		 63, 62, 46, 47,-1,
		 48, 47, 63, 64,-1,
		 64, 63, 47, 48,-1,
		 49, 64, 80, 65,-1,
		 65, 80, 64, 49,-1,
		 50, 49, 65, 66,-1,
		 66, 65, 49, 50,-1,
		 51, 50, 66, 67,-1,
		 67, 66, 50, 51,-1,
		 52, 51, 67, 68,-1,
		 68, 67, 51, 52,-1,
		 53, 52, 68, 69,-1,
		 69, 68, 52, 53,-1,
		 54, 53, 69, 70,-1,
		 70, 69, 53, 54,-1,
		 55, 54, 70, 71,-1,
		 71, 70, 54, 55,-1,
		 56, 55, 71, 72,-1,
		 72, 71, 55, 56,-1,
		 57, 56, 72, 73,-1,
		 73, 72, 56, 57,-1,
		 58, 57, 73, 74,-1,
		 74, 73, 57, 58,-1,
		 59, 58, 74, 75,-1,
		 75, 74, 58, 59,-1,
		 60, 59, 75, 76,-1,
		 76, 75, 59, 60,-1,
		 61, 60, 76, 77,-1,
		 77, 76, 60, 61,-1,
		 62, 61, 77, 78,-1,
		 78, 77, 61, 62,-1,
		 63, 62, 78, 79,-1,
		 79, 78, 62, 63,-1,
		 64, 63, 79, 80,-1,
		 80, 79, 63, 64,-1,
		 65, 80, 96, 81,-1,
		 81, 96, 80, 65,-1,
		 66, 65, 81, 82,-1,
		 82, 81, 65, 66,-1,
		 67, 66, 82, 83,-1,
		 83, 82, 66, 67,-1,
		 68, 67, 83, 84,-1,
		 84, 83, 67, 68,-1,
		 69, 68, 84, 85,-1,
		 85, 84, 68, 69,-1,
		 70, 69, 85, 86,-1,
		 86, 85, 69, 70,-1,
		 71, 70, 86, 87,-1,
		 87, 86, 70, 71,-1,
		 72, 71, 87, 88,-1,
		 88, 87, 71, 72,-1,
		 73, 72, 88, 89,-1,
		 89, 88, 72, 73,-1,
		 74, 73, 89, 90,-1,
		 90, 89, 73, 74,-1,
		 75, 74, 90, 91,-1,
		 91, 90, 74, 75,-1,
		 76, 75, 91, 92,-1,
		 92, 91, 75, 76,-1,
		 77, 76, 92, 93,-1,
		 93, 92, 76, 77,-1,
		 78, 77, 93, 94,-1,
		 94, 93, 77, 78,-1,
		 79, 78, 94, 95,-1,
		 95, 94, 78, 79,-1,
		 80, 79, 95, 96,-1,
		 96, 95, 79, 80,-1,
		 81, 96, 112, 97,-1,
		 97, 112, 96, 81,-1,
		 82, 81, 97, 98,-1,
		 98, 97, 81, 82,-1,
		 83, 82, 98, 99,-1,
		 99, 98, 82, 83,-1,
		 84, 83, 99, 100,-1,
		 100, 99, 83, 84,-1,
		 85, 84, 100, 101,-1,
		 101, 100, 84, 85,-1,
		 86, 85, 101, 102,-1,
		 102, 101, 85, 86,-1,
		 87, 86, 102, 103,-1,
		 103, 102, 86, 87,-1,
		 88, 87, 103, 104,-1,
		 104, 103, 87, 88,-1,
		 89, 88, 104, 105,-1,
		 105, 104, 88, 89,-1,
		 90, 89, 105, 106,-1,
		 106, 105, 89, 90,-1,
		 91, 90, 106, 107,-1,
		 107, 106, 90, 91,-1,
		 92, 91, 107, 108,-1,
		 108, 107, 91, 92,-1,
		 93, 92, 108, 109,-1,
		 109, 108, 92, 93,-1,
		 94, 93, 109, 110,-1,
		 110, 109, 93, 94,-1,
		 95, 94, 110, 111,-1,
		 111, 110, 94, 95,-1,
		 96, 95, 111, 112,-1,
		 112, 111, 95, 96,-1,
		 97, 112, 128, 113,-1,
		 113, 128, 112, 97,-1,
		 98, 97, 113, 114,-1,
		 114, 113, 97, 98,-1,
		 99, 98, 114, 115,-1,
		 115, 114, 98, 99,-1,
		 100, 99, 115, 116,-1,
		 116, 115, 99, 100,-1,
		 101, 100, 116, 117,-1,
		 117, 116, 100, 101,-1,
		 102, 101, 117, 118,-1,
		 118, 117, 101, 102,-1,
		 103, 102, 118, 119,-1,
		 119, 118, 102, 103,-1,
		 104, 103, 119, 120,-1,
		 120, 119, 103, 104,-1,
		 105, 104, 120, 121,-1,
		 121, 120, 104, 105,-1,
		 106, 105, 121, 122,-1,
		 122, 121, 105, 106,-1,
		 107, 106, 122, 123,-1,
		 123, 122, 106, 107,-1,
		 108, 107, 123, 124,-1,
		 124, 123, 107, 108,-1,
		 109, 108, 124, 125,-1,
		 125, 124, 108, 109,-1,
		 110, 109, 125, 126,-1,
		 126, 125, 109, 110,-1,
		 111, 110, 126, 127,-1,
		 127, 126, 110, 111,-1,
		 112, 111, 127, 128,-1,
		 128, 127, 111, 112,-1,
		 113, 128, 144, 129,-1,
		 129, 144, 128, 113,-1,
		 114, 113, 129, 130,-1,
		 130, 129, 113, 114,-1,
		 115, 114, 130, 131,-1,
		 131, 130, 114, 115,-1,
		 116, 115, 131, 132,-1,
		 132, 131, 115, 116,-1,
		 117, 116, 132, 133,-1,
		 133, 132, 116, 117,-1,
		 118, 117, 133, 134,-1,
		 134, 133, 117, 118,-1,
		 119, 118, 134, 135,-1,
		 135, 134, 118, 119,-1,
		 120, 119, 135, 136,-1,
		 136, 135, 119, 120,-1,
		 121, 120, 136, 137,-1,
		 137, 136, 120, 121,-1,
		 122, 121, 137, 138,-1,
		 138, 137, 121, 122,-1,
		 123, 122, 138, 139,-1,
		 139, 138, 122, 123,-1,
		 124, 123, 139, 140,-1,
		 140, 139, 123, 124,-1,
		 125, 124, 140, 141,-1,
		 141, 140, 124, 125,-1,
		 126, 125, 141, 142,-1,
		 142, 141, 125, 126,-1,
		 127, 126, 142, 143,-1,
		 143, 142, 126, 127,-1,
		 128, 127, 143, 144,-1,
		 144, 143, 127, 128,-1,
		 129, 144, 145,-1,
		 145, 144, 129,-1,
		 130, 129, 145,-1,
		 145, 129, 130,-1,
		 131, 130, 145,-1,
		 145, 130, 131,-1,
		 132, 131, 145,-1,
		 145, 131, 132,-1,
		 133, 132, 145,-1,
		 145, 132, 133,-1,
		 134, 133, 145,-1,
		 145, 133, 134,-1,
		 135, 134, 145,-1,
		 145, 134, 135,-1,
		 136, 135, 145,-1,
		 145, 135, 136,-1,
		 137, 136, 145,-1,
		 145, 136, 137,-1,
		 138, 137, 145,-1,
		 145, 137, 138,-1,
		 139, 138, 145,-1,
		 145, 138, 139,-1,
		 140, 139, 145,-1,
		 145, 139, 140,-1,
		 141, 140, 145,-1,
		 145, 140, 141,-1,
		 142, 141, 145,-1,
		 145, 141, 142,-1,
		 143, 142, 145,-1,
		 145, 142, 143,-1,
		 144, 143, 145,-1,
		 145, 143, 144,-1,
		]
	} #IndexedFaceSet
} #Polyhedron
Separator { #Polyhedron
	DEF COORD97 Coordinate3 {
		point [
		 0.0762 0.0508 -3.6576,
		 0.0704 0.0457 -3.6435,
		 0.0654 0.0457 -3.6468,
		 0.0621 0.0457 -3.6518,
		 0.0609 0.0457 -3.6576,
		 0.0621 0.0457 -3.6634,
		 0.0654 0.0457 -3.6684,
		 0.0704 0.0457 -3.6717,
		 0.0762 0.0457 -3.6728,
		 0.0820 0.0457 -3.6717,
		 0.0870 0.0457 -3.6684,
		 0.0903 0.0457 -3.6634,
		 0.0914 0.0457 -3.6576,
		 0.0903 0.0457 -3.6518,
		 0.0870 0.0457 -3.6468,
		 0.0820 0.0457 -3.6435,
		 0.0762 0.0457 -3.6424,
		 0.0684 0.0406 -3.6388,
		 0.0618 0.0406 -3.6432,
		 0.0574 0.0406 -3.6498,
		 0.0559 0.0406 -3.6576,
		 0.0574 0.0406 -3.6654,
		 0.0618 0.0406 -3.6720,
		 0.0684 0.0406 -3.6764,
		 0.0762 0.0406 -3.6779,
		 0.0840 0.0406 -3.6764,
		 0.0906 0.0406 -3.6720,
		 0.0950 0.0406 -3.6654,
		 0.0965 0.0406 -3.6576,
		 0.0950 0.0406 -3.6498,
		 0.0906 0.0406 -3.6432,
		 0.0840 0.0406 -3.6388,
		 0.0762 0.0406 -3.6373,
		 0.0673 0.0356 -3.6361,
		 0.0597 0.0356 -3.6411,
		 0.0547 0.0356 -3.6487,
		 0.0529 0.0356 -3.6576,
		 0.0547 0.0356 -3.6665,
		 0.0597 0.0356 -3.6741,
		 0.0673 0.0356 -3.6791,
		 0.0762 0.0356 -3.6809,
		 0.0851 0.0356 -3.6791,
		 0.0926 0.0356 -3.6741,
		 0.0977 0.0356 -3.6665,
		 0.0995 0.0356 -3.6576,
		 0.0977 0.0356 -3.6487,
		 0.0926 0.0356 -3.6411,
		 0.0851 0.0356 -3.6361,
		 0.0762 0.0356 -3.6343,
		 0.0667 0.0305 -3.6346,
		 0.0586 0.0305 -3.6400,
		 0.0532 0.0305 -3.6481,
		 0.0513 0.0305 -3.6576,
		 0.0532 0.0305 -3.6671,
		 0.0586 0.0305 -3.6752,
		 0.0667 0.0305 -3.6806,
		 0.0762 0.0305 -3.6825,
		 0.0857 0.0305 -3.6806,
		 0.0938 0.0305 -3.6752,
		 0.0992 0.0305 -3.6671,
		 0.1011 0.0305 -3.6576,
		 0.0992 0.0305 -3.6481,
		 0.0938 0.0305 -3.6400,
		 0.0857 0.0305 -3.6346,
		 0.0762 0.0305 -3.6327,
		 0.0665 0.0254 -3.6341,
		 0.0582 0.0254 -3.6396,
		 0.0527 0.0254 -3.6479,
		 0.0508 0.0254 -3.6576,
		 0.0527 0.0254 -3.6673,
		 0.0582 0.0254 -3.6756,
		 0.0665 0.0254 -3.6811,
		 0.0762 0.0254 -3.6830,
		 0.0859 0.0254 -3.6811,
		 0.0941 0.0254 -3.6756,
		 0.0996 0.0254 -3.6673,
		 0.1016 0.0254 -3.6576,
		 0.0996 0.0254 -3.6479,
		 0.0941 0.0254 -3.6396,
		 0.0859 0.0254 -3.6341,
		 0.0762 0.0254 -3.6322,
		 0.0667 0.0203 -3.6346,
		 0.0586 0.0203 -3.6400,
		 0.0532 0.0203 -3.6481,
		 0.0513 0.0203 -3.6576,
		 0.0532 0.0203 -3.6671,
		 0.0586 0.0203 -3.6752,
		 0.0667 0.0203 -3.6806,
		 0.0762 0.0203 -3.6825,
		 0.0857 0.0203 -3.6806,
		 0.0938 0.0203 -3.6752,
		 0.0992 0.0203 -3.6671,
		 0.1011 0.0203 -3.6576,
		 0.0992 0.0203 -3.6481,
		 0.0938 0.0203 -3.6400,
		 0.0857 0.0203 -3.6346,
		 0.0762 0.0203 -3.6327,
		 0.0673 0.0152 -3.6361,
		 0.0597 0.0152 -3.6411,
		 0.0547 0.0152 -3.6487,
		 0.0529 0.0152 -3.6576,
		 0.0547 0.0152 -3.6665,
		 0.0597 0.0152 -3.6741,
		 0.0673 0.0152 -3.6791,
		 0.0762 0.0152 -3.6809,
		 0.0851 0.0152 -3.6791,
		 0.0926 0.0152 -3.6741,
		 0.0977 0.0152 -3.6665,
		 0.0995 0.0152 -3.6576,
		 0.0977 0.0152 -3.6487,
		 0.0926 0.0152 -3.6411,
		 0.0851 0.0152 -3.6361,
		 0.0762 0.0152 -3.6343,
		 0.0684 0.0102 -3.6388,
		 0.0618 0.0102 -3.6432,
		 0.0574 0.0102 -3.6498,
		 0.0559 0.0102 -3.6576,
		 0.0574 0.0102 -3.6654,
		 0.0618 0.0102 -3.6720,
		 0.0684 0.0102 -3.6764,
		 0.0762 0.0102 -3.6779,
		 0.0840 0.0102 -3.6764,
		 0.0906 0.0102 -3.6720,
		 0.0950 0.0102 -3.6654,
		 0.0965 0.0102 -3.6576,
		 0.0950 0.0102 -3.6498,
		 0.0906 0.0102 -3.6432,
		 0.0840 0.0102 -3.6388,
		 0.0762 0.0102 -3.6373,
		 0.0704 0.0051 -3.6435,
		 0.0654 0.0051 -3.6468,
		 0.0621 0.0051 -3.6518,
		 0.0609 0.0051 -3.6576,
		 0.0621 0.0051 -3.6634,
		 0.0654 0.0051 -3.6684,
		 0.0704 0.0051 -3.6717,
		 0.0762 0.0051 -3.6728,
		 0.0820 0.0051 -3.6717,
		 0.0870 0.0051 -3.6684,
		 0.0903 0.0051 -3.6634,
		 0.0914 0.0051 -3.6576,
		 0.0903 0.0051 -3.6518,
		 0.0870 0.0051 -3.6468,
		 0.0820 0.0051 -3.6435,
		 0.0762 0.0051 -3.6424,
		 0.0762 0.0000 -3.6576
		]
	} #Coordinate3
	Material {
		ambientColor      0.1176 0.1176 0.1176  #ambientColor
		diffuseColor      0.4706 0.4706 0.4706  #diffuseColor
		transparency      0.0000                #transparency
	} #Material

	IndexedFaceSet {
		coordIndex [ 
		 0, 16, 1,-1,
		 1, 16, 0,-1,
		 0, 1, 2,-1,
		 2, 1, 0,-1,
		 0, 2, 3,-1,
		 3, 2, 0,-1,
		 0, 3, 4,-1,
		 4, 3, 0,-1,
		 0, 4, 5,-1,
		 5, 4, 0,-1,
		 0, 5, 6,-1,
		 6, 5, 0,-1,
		 0, 6, 7,-1,
		 7, 6, 0,-1,
		 0, 7, 8,-1,
		 8, 7, 0,-1,
		 0, 8, 9,-1,
		 9, 8, 0,-1,
		 0, 9, 10,-1,
		 10, 9, 0,-1,
		 0, 10, 11,-1,
		 11, 10, 0,-1,
		 0, 11, 12,-1,
		 12, 11, 0,-1,
		 0, 12, 13,-1,
		 13, 12, 0,-1,
		 0, 13, 14,-1,
		 14, 13, 0,-1,
		 0, 14, 15,-1,
		 15, 14, 0,-1,
		 0, 15, 16,-1,
		 16, 15, 0,-1,
		 1, 16, 32, 17,-1,
		 17, 32, 16, 1,-1,
		 2, 1, 17, 18,-1,
		 18, 17, 1, 2,-1,
		 3, 2, 18, 19,-1,
		 19, 18, 2, 3,-1,
		 4, 3, 19, 20,-1,
		 20, 19, 3, 4,-1,
		 5, 4, 20, 21,-1,
		 21, 20, 4, 5,-1,
		 6, 5, 21, 22,-1,
		 22, 21, 5, 6,-1,
		 7, 6, 22, 23,-1,
		 23, 22, 6, 7,-1,
		 8, 7, 23, 24,-1,
		 24, 23, 7, 8,-1,
		 9, 8, 24, 25,-1,
		 25, 24, 8, 9,-1,
		 10, 9, 25, 26,-1,
		 26, 25, 9, 10,-1,
		 11, 10, 26, 27,-1,
		 27, 26, 10, 11,-1,
		 12, 11, 27, 28,-1,
		 28, 27, 11, 12,-1,
		 13, 12, 28, 29,-1,
		 29, 28, 12, 13,-1,
		 14, 13, 29, 30,-1,
		 30, 29, 13, 14,-1,
		 15, 14, 30, 31,-1,
		 31, 30, 14, 15,-1,
		 16, 15, 31, 32,-1,
		 32, 31, 15, 16,-1,
		 17, 32, 48, 33,-1,
		 33, 48, 32, 17,-1,
		 18, 17, 33, 34,-1,
		 34, 33, 17, 18,-1,
		 19, 18, 34, 35,-1,
		 35, 34, 18, 19,-1,
		 20, 19, 35, 36,-1,
		 36, 35, 19, 20,-1,
		 21, 20, 36, 37,-1,
		 37, 36, 20, 21,-1,
		 22, 21, 37, 38,-1,
		 38, 37, 21, 22,-1,
		 23, 22, 38, 39,-1,
		 39, 38, 22, 23,-1,
		 24, 23, 39, 40,-1,
		 40, 39, 23, 24,-1,
		 25, 24, 40, 41,-1,
		 41, 40, 24, 25,-1,
		 26, 25, 41, 42,-1,
		 42, 41, 25, 26,-1,
		 27, 26, 42, 43,-1,
		 43, 42, 26, 27,-1,
		 28, 27, 43, 44,-1,
		 44, 43, 27, 28,-1,
		 29, 28, 44, 45,-1,
		 45, 44, 28, 29,-1,
		 30, 29, 45, 46,-1,
		 46, 45, 29, 30,-1,
		 31, 30, 46, 47,-1,
		 47, 46, 30, 31,-1,
		 32, 31, 47, 48,-1,
		 48, 47, 31, 32,-1,
		 33, 48, 64, 49,-1,
		 49, 64, 48, 33,-1,
		 34, 33, 49, 50,-1,
		 50, 49, 33, 34,-1,
		 35, 34, 50, 51,-1,
		 51, 50, 34, 35,-1,
		 36, 35, 51, 52,-1,
		 52, 51, 35, 36,-1,
		 37, 36, 52, 53,-1,
		 53, 52, 36, 37,-1,
		 38, 37, 53, 54,-1,
		 54, 53, 37, 38,-1,
		 39, 38, 54, 55,-1,
		 55, 54, 38, 39,-1,
		 40, 39, 55, 56,-1,
		 56, 55, 39, 40,-1,
		 41, 40, 56, 57,-1,
		 57, 56, 40, 41,-1,
		 42, 41, 57, 58,-1,
		 58, 57, 41, 42,-1,
		 43, 42, 58, 59,-1,
		 59, 58, 42, 43,-1,
		 44, 43, 59, 60,-1,
		 60, 59, 43, 44,-1,
		 45, 44, 60, 61,-1,
		 61, 60, 44, 45,-1,
		 46, 45, 61, 62,-1,
		 62, 61, 45, 46,-1,
		 47, 46, 62, 63,-1,
		 63, 62, 46, 47,-1,
		 48, 47, 63, 64,-1,
		 64, 63, 47, 48,-1,
		 49, 64, 80, 65,-1,
		 65, 80, 64, 49,-1,
		 50, 49, 65, 66,-1,
		 66, 65, 49, 50,-1,
		 51, 50, 66, 67,-1,
		 67, 66, 50, 51,-1,
		 52, 51, 67, 68,-1,
		 68, 67, 51, 52,-1,
		 53, 52, 68, 69,-1,
		 69, 68, 52, 53,-1,
		 54, 53, 69, 70,-1,
		 70, 69, 53, 54,-1,
		 55, 54, 70, 71,-1,
		 71, 70, 54, 55,-1,
		 56, 55, 71, 72,-1,
		 72, 71, 55, 56,-1,
		 57, 56, 72, 73,-1,
		 73, 72, 56, 57,-1,
		 58, 57, 73, 74,-1,
		 74, 73, 57, 58,-1,
		 59, 58, 74, 75,-1,
		 75, 74, 58, 59,-1,
		 60, 59, 75, 76,-1,
		 76, 75, 59, 60,-1,
		 61, 60, 76, 77,-1,
		 77, 76, 60, 61,-1,
		 62, 61, 77, 78,-1,
		 78, 77, 61, 62,-1,
		 63, 62, 78, 79,-1,
		 79, 78, 62, 63,-1,
		 64, 63, 79, 80,-1,
		 80, 79, 63, 64,-1,
		 65, 80, 96, 81,-1,
		 81, 96, 80, 65,-1,
		 66, 65, 81, 82,-1,
		 82, 81, 65, 66,-1,
		 67, 66, 82, 83,-1,
		 83, 82, 66, 67,-1,
		 68, 67, 83, 84,-1,
		 84, 83, 67, 68,-1,
		 69, 68, 84, 85,-1,
		 85, 84, 68, 69,-1,
		 70, 69, 85, 86,-1,
		 86, 85, 69, 70,-1,
		 71, 70, 86, 87,-1,
		 87, 86, 70, 71,-1,
		 72, 71, 87, 88,-1,
		 88, 87, 71, 72,-1,
		 73, 72, 88, 89,-1,
		 89, 88, 72, 73,-1,
		 74, 73, 89, 90,-1,
		 90, 89, 73, 74,-1,
		 75, 74, 90, 91,-1,
		 91, 90, 74, 75,-1,
		 76, 75, 91, 92,-1,
		 92, 91, 75, 76,-1,
		 77, 76, 92, 93,-1,
		 93, 92, 76, 77,-1,
		 78, 77, 93, 94,-1,
		 94, 93, 77, 78,-1,
		 79, 78, 94, 95,-1,
		 95, 94, 78, 79,-1,
		 80, 79, 95, 96,-1,
		 96, 95, 79, 80,-1,
		 81, 96, 112, 97,-1,
		 97, 112, 96, 81,-1,
		 82, 81, 97, 98,-1,
		 98, 97, 81, 82,-1,
		 83, 82, 98, 99,-1,
		 99, 98, 82, 83,-1,
		 84, 83, 99, 100,-1,
		 100, 99, 83, 84,-1,
		 85, 84, 100, 101,-1,
		 101, 100, 84, 85,-1,
		 86, 85, 101, 102,-1,
		 102, 101, 85, 86,-1,
		 87, 86, 102, 103,-1,
		 103, 102, 86, 87,-1,
		 88, 87, 103, 104,-1,
		 104, 103, 87, 88,-1,
		 89, 88, 104, 105,-1,
		 105, 104, 88, 89,-1,
		 90, 89, 105, 106,-1,
		 106, 105, 89, 90,-1,
		 91, 90, 106, 107,-1,
		 107, 106, 90, 91,-1,
		 92, 91, 107, 108,-1,
		 108, 107, 91, 92,-1,
		 93, 92, 108, 109,-1,
		 109, 108, 92, 93,-1,
		 94, 93, 109, 110,-1,
		 110, 109, 93, 94,-1,
		 95, 94, 110, 111,-1,
		 111, 110, 94, 95,-1,
		 96, 95, 111, 112,-1,
		 112, 111, 95, 96,-1,
		 97, 112, 128, 113,-1,
		 113, 128, 112, 97,-1,
		 98, 97, 113, 114,-1,
		 114, 113, 97, 98,-1,
		 99, 98, 114, 115,-1,
		 115, 114, 98, 99,-1,
		 100, 99, 115, 116,-1,
		 116, 115, 99, 100,-1,
		 101, 100, 116, 117,-1,
		 117, 116, 100, 101,-1,
		 102, 101, 117, 118,-1,
		 118, 117, 101, 102,-1,
		 103, 102, 118, 119,-1,
		 119, 118, 102, 103,-1,
		 104, 103, 119, 120,-1,
		 120, 119, 103, 104,-1,
		 105, 104, 120, 121,-1,
		 121, 120, 104, 105,-1,
		 106, 105, 121, 122,-1,
		 122, 121, 105, 106,-1,
		 107, 106, 122, 123,-1,
		 123, 122, 106, 107,-1,
		 108, 107, 123, 124,-1,
		 124, 123, 107, 108,-1,
		 109, 108, 124, 125,-1,
		 125, 124, 108, 109,-1,
		 110, 109, 125, 126,-1,
		 126, 125, 109, 110,-1,
		 111, 110, 126, 127,-1,
		 127, 126, 110, 111,-1,
		 112, 111, 127, 128,-1,
		 128, 127, 111, 112,-1,
		 113, 128, 144, 129,-1,
		 129, 144, 128, 113,-1,
		 114, 113, 129, 130,-1,
		 130, 129, 113, 114,-1,
		 115, 114, 130, 131,-1,
		 131, 130, 114, 115,-1,
		 116, 115, 131, 132,-1,
		 132, 131, 115, 116,-1,
		 117, 116, 132, 133,-1,
		 133, 132, 116, 117,-1,
		 118, 117, 133, 134,-1,
		 134, 133, 117, 118,-1,
		 119, 118, 134, 135,-1,
		 135, 134, 118, 119,-1,
		 120, 119, 135, 136,-1,
		 136, 135, 119, 120,-1,
		 121, 120, 136, 137,-1,
		 137, 136, 120, 121,-1,
		 122, 121, 137, 138,-1,
		 138, 137, 121, 122,-1,
		 123, 122, 138, 139,-1,
		 139, 138, 122, 123,-1,
		 124, 123, 139, 140,-1,
		 140, 139, 123, 124,-1,
		 125, 124, 140, 141,-1,
		 141, 140, 124, 125,-1,
		 126, 125, 141, 142,-1,
		 142, 141, 125, 126,-1,
		 127, 126, 142, 143,-1,
		 143, 142, 126, 127,-1,
		 128, 127, 143, 144,-1,
		 144, 143, 127, 128,-1,
		 129, 144, 145,-1,
		 145, 144, 129,-1,
		 130, 129, 145,-1,
		 145, 129, 130,-1,
		 131, 130, 145,-1,
		 145, 130, 131,-1,
		 132, 131, 145,-1,
		 145, 131, 132,-1,
		 133, 132, 145,-1,
		 145, 132, 133,-1,
		 134, 133, 145,-1,
		 145, 133, 134,-1,
		 135, 134, 145,-1,
		 145, 134, 135,-1,
		 136, 135, 145,-1,
		 145, 135, 136,-1,
		 137, 136, 145,-1,
		 145, 136, 137,-1,
		 138, 137, 145,-1,
		 145, 137, 138,-1,
		 139, 138, 145,-1,
		 145, 138, 139,-1,
		 140, 139, 145,-1,
		 145, 139, 140,-1,
		 141, 140, 145,-1,
		 145, 140, 141,-1,
		 142, 141, 145,-1,
		 145, 141, 142,-1,
		 143, 142, 145,-1,
		 145, 142, 143,-1,
		 144, 143, 145,-1,
		 145, 143, 144,-1,
		]
	} #IndexedFaceSet
} #Polyhedron
Separator { #Polyhedron
	DEF COORD98 Coordinate3 {
		point [
		 -0.2178 0.4318 -3.6224,
		 -0.2301 0.4318 -3.6307,
		 -0.2384 0.4318 -3.6430,
		 -0.2413 0.4318 -3.6576,
		 -0.2384 0.4318 -3.6722,
		 -0.2301 0.4318 -3.6845,
		 -0.2178 0.4318 -3.6928,
		 -0.2032 0.4318 -3.6957,
		 -0.1886 0.4318 -3.6928,
		 -0.1762 0.4318 -3.6845,
		 -0.1680 0.4318 -3.6722,
		 -0.1651 0.4318 -3.6576,
		 -0.1680 0.4318 -3.6430,
		 -0.1762 0.4318 -3.6307,
		 -0.1886 0.4318 -3.6224,
		 -0.2032 0.4318 -3.6195,
		 -0.2178 0.1524 -3.6224,
		 -0.2301 0.1524 -3.6307,
		 -0.2384 0.1524 -3.6430,
		 -0.2413 0.1524 -3.6576,
		 -0.2384 0.1524 -3.6722,
		 -0.2301 0.1524 -3.6845,
		 -0.2178 0.1524 -3.6928,
		 -0.2032 0.1524 -3.6957,
		 -0.1886 0.1524 -3.6928,
		 -0.1762 0.1524 -3.6845,
		 -0.1680 0.1524 -3.6722,
		 -0.1651 0.1524 -3.6576,
		 -0.1680 0.1524 -3.6430,
		 -0.1762 0.1524 -3.6307,
		 -0.1886 0.1524 -3.6224,
		 -0.2032 0.1524 -3.6195
		]
	} #Coordinate3
	Material {
		ambientColor      0.1951 0.1951 0.1951  #ambientColor
		diffuseColor      0.7804 0.7804 0.7804  #diffuseColor
		transparency      0.0000                #transparency
	} #Material

	IndexedFaceSet {
		coordIndex [ 
		 0, 1, 2, 3, 4, 5, 6, 7, 8, 9, 10, 11, 12, 13, 14, 15,-1,
		 15, 14, 13, 12, 11, 10, 9, 8, 7, 6, 5, 4, 3, 2, 1, 0,-1,
		 0, 15, 31, 16,-1,
		 16, 31, 15, 0,-1,
		 1, 0, 16, 17,-1,
		 17, 16, 0, 1,-1,
		 2, 1, 17, 18,-1,
		 18, 17, 1, 2,-1,
		 3, 2, 18, 19,-1,
		 19, 18, 2, 3,-1,
		 4, 3, 19, 20,-1,
		 20, 19, 3, 4,-1,
		 5, 4, 20, 21,-1,
		 21, 20, 4, 5,-1,
		 6, 5, 21, 22,-1,
		 22, 21, 5, 6,-1,
		 7, 6, 22, 23,-1,
		 23, 22, 6, 7,-1,
		 8, 7, 23, 24,-1,
		 24, 23, 7, 8,-1,
		 9, 8, 24, 25,-1,
		 25, 24, 8, 9,-1,
		 10, 9, 25, 26,-1,
		 26, 25, 9, 10,-1,
		 11, 10, 26, 27,-1,
		 27, 26, 10, 11,-1,
		 12, 11, 27, 28,-1,
		 28, 27, 11, 12,-1,
		 13, 12, 28, 29,-1,
		 29, 28, 12, 13,-1,
		 14, 13, 29, 30,-1,
		 30, 29, 13, 14,-1,
		 15, 14, 30, 31,-1,
		 31, 30, 14, 15,-1,
		 31, 30, 29, 28, 27, 26, 25, 24, 23, 22, 21, 20, 19, 18, 17, 16,-1,
		 16, 17, 18, 19, 20, 21, 22, 23, 24, 25, 26, 27, 28, 29, 30, 31,-1,
		]
	} #IndexedFaceSet
} #Polyhedron
Separator { #Polyhedron
	DEF COORD99 Coordinate3 {
		point [
		 0.1016 0.5334 -3.4036,
		 -0.5080 0.5334 -3.4036,
		 -0.5080 0.5334 -3.9116,
		 -0.4064 0.5334 -4.0132,
		 0.0000 0.5334 -4.0132,
		 0.1016 0.5334 -3.9116,
		 0.1016 0.4318 -3.4036,
		 -0.5080 0.4318 -3.4036,
		 -0.5080 0.4318 -3.9116,
		 -0.4064 0.4318 -4.0132,
		 0.0000 0.4318 -4.0132,
		 0.1016 0.4318 -3.9116
		]
	} #Coordinate3
	Material {
		ambientColor      0.1951 0.1951 0.1951  #ambientColor
		diffuseColor      0.7804 0.7804 0.7804  #diffuseColor
		transparency      0.0000                #transparency
	} #Material

	IndexedFaceSet {
		coordIndex [ 
		 0, 1, 2, 3, 4, 5,-1,
		 5, 4, 3, 2, 1, 0,-1,
		 0, 5, 11, 6,-1,
		 6, 11, 5, 0,-1,
		 1, 0, 6, 7,-1,
		 7, 6, 0, 1,-1,
		 2, 1, 7, 8,-1,
		 8, 7, 1, 2,-1,
		 3, 2, 8, 9,-1,
		 9, 8, 2, 3,-1,
		 4, 3, 9, 10,-1,
		 10, 9, 3, 4,-1,
		 5, 4, 10, 11,-1,
		 11, 10, 4, 5,-1,
		 11, 10, 9, 8, 7, 6,-1,
		 6, 7, 8, 9, 10, 11,-1,
		]
	} #IndexedFaceSet
} #Polyhedron
Separator { #Polyhedron
	DEF COORD100 Coordinate3 {
		point [
		 0.1016 0.8636 -3.4036,
		 0.2032 0.8636 -3.4036,
		 0.2032 0.4826 -3.4036,
		 0.1016 0.4318 -3.4036,
		 0.1016 0.8636 -3.9116,
		 0.2032 0.8636 -3.9116,
		 0.2032 0.4826 -3.9116,
		 0.1016 0.4318 -3.9116
		]
	} #Coordinate3
	Material {
		ambientColor      0.1951 0.1951 0.1951  #ambientColor
		diffuseColor      0.7804 0.7804 0.7804  #diffuseColor
		transparency      0.0000                #transparency
	} #Material

	IndexedFaceSet {
		coordIndex [ 
		 0, 1, 2, 3,-1,
		 3, 2, 1, 0,-1,
		 0, 3, 7, 4,-1,
		 4, 7, 3, 0,-1,
		 1, 0, 4, 5,-1,
		 5, 4, 0, 1,-1,
		 2, 1, 5, 6,-1,
		 6, 5, 1, 2,-1,
		 3, 2, 6, 7,-1,
		 7, 6, 2, 3,-1,
		 7, 6, 5, 4,-1,
		 4, 5, 6, 7,-1,
		]
	} #IndexedFaceSet
} #Polyhedron
Separator { #Polyhedron
	DEF COORD101 Coordinate3 {
		point [
		 -0.5079 0.4318 -3.4036,
		 -0.6095 0.4826 -3.4036,
		 -0.6095 0.8636 -3.4036,
		 -0.5079 0.8636 -3.4036,
		 -0.5079 0.4318 -3.9116,
		 -0.6095 0.4826 -3.9116,
		 -0.6095 0.8636 -3.9116,
		 -0.5079 0.8636 -3.9116
		]
	} #Coordinate3
	Material {
		ambientColor      0.1951 0.1951 0.1951  #ambientColor
		diffuseColor      0.7804 0.7804 0.7804  #diffuseColor
		transparency      0.0000                #transparency
	} #Material

	IndexedFaceSet {
		coordIndex [ 
		 0, 1, 2, 3,-1,
		 3, 2, 1, 0,-1,
		 0, 3, 7, 4,-1,
		 4, 7, 3, 0,-1,
		 1, 0, 4, 5,-1,
		 5, 4, 0, 1,-1,
		 2, 1, 5, 6,-1,
		 6, 5, 1, 2,-1,
		 3, 2, 6, 7,-1,
		 7, 6, 2, 3,-1,
		 7, 6, 5, 4,-1,
		 4, 5, 6, 7,-1,
		]
	} #IndexedFaceSet
} #Polyhedron
Separator { #Polyhedron
	DEF COORD102 Coordinate3 {
		point [
		 -0.5080 0.4318 -3.3021,
		 -0.6096 0.4826 -3.3021,
		 -0.6096 1.2446 -3.3021,
		 -0.5588 1.3208 -3.3021,
		 -0.4826 1.3462 -3.3021,
		 0.0762 1.3462 -3.3021,
		 0.1524 1.3208 -3.3021,
		 0.2032 1.2446 -3.3021,
		 0.2032 0.4826 -3.3021,
		 0.1016 0.4318 -3.3021,
		 -0.5080 0.4318 -3.4037,
		 -0.6096 0.4826 -3.4037,
		 -0.6096 1.2446 -3.4037,
		 -0.5588 1.3208 -3.4037,
		 -0.4826 1.3462 -3.4037,
		 0.0762 1.3462 -3.4037,
		 0.1524 1.3208 -3.4037,
		 0.2032 1.2446 -3.4037,
		 0.2032 0.4826 -3.4037,
		 0.1016 0.4318 -3.4037,
		 -0.6096 0.5715 -3.3021,
		 0.2032 0.5715 -3.3021,
		 0.1016 0.4318 -3.3952,
		 -0.5080 0.4318 -3.3952,
		 -0.6096 0.4826 -3.3613,
		 0.2032 0.4826 -3.3613,
		 -0.5842 1.2827 -3.3021,
		 0.1778 1.2827 -3.3021,
		 -0.5588 1.3208 -3.3275,
		 -0.4826 1.3462 -3.3444,
		 0.0762 1.3462 -3.3444,
		 0.1524 1.3208 -3.3275
		]
	} #Coordinate3
	Material {
		ambientColor      0.1951 0.1951 0.1951  #ambientColor
		diffuseColor      0.7804 0.7804 0.7804  #diffuseColor
		transparency      0.0000                #transparency
	} #Material

	IndexedFaceSet {
		coordIndex [ 
		 20, 2, 26, 27, 7, 21,-1,
		 21, 7, 27, 26, 2, 20,-1,
		 22, 19, 10, 23,-1,
		 23, 10, 19, 22,-1,
		 23, 10, 11, 24,-1,
		 24, 11, 10, 23,-1,
		 2, 20, 24, 11, 12,-1,
		 12, 11, 24, 20, 2,-1,
		 26, 2, 12, 13, 28,-1,
		 28, 13, 12, 2, 26,-1,
		 28, 13, 14, 29,-1,
		 29, 14, 13, 28,-1,
		 29, 14, 15, 30,-1,
		 30, 15, 14, 29,-1,
		 30, 15, 16, 31,-1,
		 31, 16, 15, 30,-1,
		 7, 27, 31, 16, 17,-1,
		 17, 16, 31, 27, 7,-1,
		 21, 7, 17, 18, 25,-1,
		 25, 18, 17, 7, 21,-1,
		 25, 18, 19, 22,-1,
		 22, 19, 18, 25,-1,
		 19, 18, 17, 16, 15, 14, 13, 12, 11, 10,-1,
		 10, 11, 12, 13, 14, 15, 16, 17, 18, 19,-1,
		 20, 21, 25, 22, 23, 24,-1,
		 24, 23, 22, 25, 21, 20,-1,
		 27, 26, 28, 29, 30, 31,-1,
		 31, 30, 29, 28, 26, 27,-1,
		]
	} #IndexedFaceSet
} #Polyhedron
Separator { #Polyhedron
	DEF COORD103 Coordinate3 {
		point [
		 -0.2032 0.5842 -3.7084,
		 -0.0203 0.5740 -3.5255,
		 -0.3861 0.5740 -3.5255,
		 -0.3861 0.5740 -3.8303,
		 -0.3251 0.5740 -3.8913,
		 -0.0813 0.5740 -3.8913,
		 -0.0203 0.5740 -3.8303,
		 0.0407 0.5639 -3.4646,
		 -0.4470 0.5639 -3.4646,
		 -0.4470 0.5639 -3.8710,
		 -0.3657 0.5639 -3.9522,
		 -0.0406 0.5639 -3.9522,
		 0.0407 0.5639 -3.8710,
		 0.0762 0.5537 -3.4291,
		 -0.4825 0.5537 -3.4291,
		 -0.4825 0.5537 -3.8946,
		 -0.3894 0.5537 -3.9877,
		 -0.0169 0.5537 -3.9877,
		 0.0762 0.5537 -3.8946,
		 0.0955 0.5436 -3.4098,
		 -0.5018 0.5436 -3.4098,
		 -0.5018 0.5436 -3.9075,
		 -0.4023 0.5436 -4.0070,
		 -0.0041 0.5436 -4.0070,
		 0.0955 0.5436 -3.9075,
		 0.1016 0.5334 -3.4036,
		 -0.5080 0.5334 -3.4036,
		 -0.5080 0.5334 -3.9116,
		 -0.4064 0.5334 -4.0132,
		 0.0000 0.5334 -4.0132,
		 0.1016 0.5334 -3.9116
		]
	} #Coordinate3
	Material {
		ambientColor      0.1324 0.1324 0.1324  #ambientColor
		diffuseColor      0.5294 0.5294 0.5294  #diffuseColor
		transparency      0.0000                #transparency
	} #Material

	IndexedFaceSet {
		coordIndex [ 
		 0, 6, 1,-1,
		 1, 6, 0,-1,
		 0, 1, 2,-1,
		 2, 1, 0,-1,
		 0, 2, 3,-1,
		 3, 2, 0,-1,
		 0, 3, 4,-1,
		 4, 3, 0,-1,
		 0, 4, 5,-1,
		 5, 4, 0,-1,
		 0, 5, 6,-1,
		 6, 5, 0,-1,
		 1, 6, 12, 7,-1,
		 7, 12, 6, 1,-1,
		 2, 1, 7, 8,-1,
		 8, 7, 1, 2,-1,
		 3, 2, 8, 9,-1,
		 9, 8, 2, 3,-1,
		 4, 3, 9, 10,-1,
		 10, 9, 3, 4,-1,
		 5, 4, 10, 11,-1,
		 11, 10, 4, 5,-1,
		 6, 5, 11, 12,-1,
		 12, 11, 5, 6,-1,
		 7, 12, 18, 13,-1,
		 13, 18, 12, 7,-1,
		 8, 7, 13, 14,-1,
		 14, 13, 7, 8,-1,
		 9, 8, 14, 15,-1,
		 15, 14, 8, 9,-1,
		 10, 9, 15, 16,-1,
		 16, 15, 9, 10,-1,
		 11, 10, 16, 17,-1,
		 17, 16, 10, 11,-1,
		 12, 11, 17, 18,-1,
		 18, 17, 11, 12,-1,
		 13, 18, 24, 19,-1,
		 19, 24, 18, 13,-1,
		 14, 13, 19, 20,-1,
		 20, 19, 13, 14,-1,
		 15, 14, 20, 21,-1,
		 21, 20, 14, 15,-1,
		 16, 15, 21, 22,-1,
		 22, 21, 15, 16,-1,
		 17, 16, 22, 23,-1,
		 23, 22, 16, 17,-1,
		 18, 17, 23, 24,-1,
		 24, 23, 17, 18,-1,
		 19, 24, 30, 25,-1,
		 25, 30, 24, 19,-1,
		 20, 19, 25, 26,-1,
		 26, 25, 19, 20,-1,
		 21, 20, 26, 27,-1,
		 27, 26, 20, 21,-1,
		 22, 21, 27, 28,-1,
		 28, 27, 21, 22,-1,
		 23, 22, 28, 29,-1,
		 29, 28, 22, 23,-1,
		 24, 23, 29, 30,-1,
		 30, 29, 23, 24,-1,
		 30, 29, 28, 27, 26, 25,-1,
		 25, 26, 27, 28, 29, 30,-1,
		]
	} #IndexedFaceSet
} #Polyhedron
Separator { #Polyhedron
	DEF COORD104 Coordinate3 {
		point [
		 0.1524 0.9144 -3.6576,
		 0.1829 0.9042 -3.5052,
		 0.1219 0.9042 -3.5052,
		 0.1219 0.9042 -3.8100,
		 0.1829 0.9042 -3.8100,
		 0.1930 0.8941 -3.4544,
		 0.1117 0.8941 -3.4544,
		 0.1117 0.8941 -3.8608,
		 0.1930 0.8941 -3.8608,
		 0.1989 0.8839 -3.4248,
		 0.1058 0.8839 -3.4248,
		 0.1058 0.8839 -3.8904,
		 0.1989 0.8839 -3.8904,
		 0.2021 0.8738 -3.4087,
		 0.1026 0.8738 -3.4087,
		 0.1026 0.8738 -3.9065,
		 0.2021 0.8738 -3.9065,
		 0.2032 0.8636 -3.4036,
		 0.1016 0.8636 -3.4036,
		 0.1016 0.8636 -3.9116,
		 0.2032 0.8636 -3.9116
		]
	} #Coordinate3
	Material {
		ambientColor      0.1324 0.1324 0.1324  #ambientColor
		diffuseColor      0.5294 0.5294 0.5294  #diffuseColor
		transparency      0.0000                #transparency
	} #Material

	IndexedFaceSet {
		coordIndex [ 
		 0, 4, 1,-1,
		 1, 4, 0,-1,
		 0, 1, 2,-1,
		 2, 1, 0,-1,
		 0, 2, 3,-1,
		 3, 2, 0,-1,
		 0, 3, 4,-1,
		 4, 3, 0,-1,
		 1, 4, 8, 5,-1,
		 5, 8, 4, 1,-1,
		 2, 1, 5, 6,-1,
		 6, 5, 1, 2,-1,
		 3, 2, 6, 7,-1,
		 7, 6, 2, 3,-1,
		 4, 3, 7, 8,-1,
		 8, 7, 3, 4,-1,
		 5, 8, 12, 9,-1,
		 9, 12, 8, 5,-1,
		 6, 5, 9, 10,-1,
		 10, 9, 5, 6,-1,
		 7, 6, 10, 11,-1,
		 11, 10, 6, 7,-1,
		 8, 7, 11, 12,-1,
		 12, 11, 7, 8,-1,
		 9, 12, 16, 13,-1,
		 13, 16, 12, 9,-1,
		 10, 9, 13, 14,-1,
		 14, 13, 9, 10,-1,
		 11, 10, 14, 15,-1,
		 15, 14, 10, 11,-1,
		 12, 11, 15, 16,-1,
		 16, 15, 11, 12,-1,
		 13, 16, 20, 17,-1,
		 17, 20, 16, 13,-1,
		 14, 13, 17, 18,-1,
		 18, 17, 13, 14,-1,
		 15, 14, 18, 19,-1,
		 19, 18, 14, 15,-1,
		 16, 15, 19, 20,-1,
		 20, 19, 15, 16,-1,
		 20, 19, 18, 17,-1,
		 17, 18, 19, 20,-1,
		]
	} #IndexedFaceSet
} #Polyhedron
Separator { #Polyhedron
	DEF COORD105 Coordinate3 {
		point [
		 -0.5587 0.9144 -3.6576,
		 -0.5892 0.9042 -3.5052,
		 -0.5892 0.9042 -3.8100,
		 -0.5283 0.9042 -3.8100,
		 -0.5283 0.9042 -3.5052,
		 -0.5994 0.8941 -3.4544,
		 -0.5994 0.8941 -3.8608,
		 -0.5181 0.8941 -3.8608,
		 -0.5181 0.8941 -3.4544,
		 -0.6053 0.8839 -3.4248,
		 -0.6053 0.8839 -3.8904,
		 -0.5122 0.8839 -3.8904,
		 -0.5122 0.8839 -3.4248,
		 -0.6085 0.8738 -3.4087,
		 -0.6085 0.8738 -3.9065,
		 -0.5090 0.8738 -3.9065,
		 -0.5090 0.8738 -3.4087,
		 -0.6095 0.8636 -3.4036,
		 -0.6095 0.8636 -3.9116,
		 -0.5079 0.8636 -3.9116,
		 -0.5079 0.8636 -3.4036
		]
	} #Coordinate3
	Material {
		ambientColor      0.1324 0.1324 0.1324  #ambientColor
		diffuseColor      0.5294 0.5294 0.5294  #diffuseColor
		transparency      0.0000                #transparency
	} #Material

	IndexedFaceSet {
		coordIndex [ 
		 0, 4, 1,-1,
		 1, 4, 0,-1,
		 0, 1, 2,-1,
		 2, 1, 0,-1,
		 0, 2, 3,-1,
		 3, 2, 0,-1,
		 0, 3, 4,-1,
		 4, 3, 0,-1,
		 1, 4, 8, 5,-1,
		 5, 8, 4, 1,-1,
		 2, 1, 5, 6,-1,
		 6, 5, 1, 2,-1,
		 3, 2, 6, 7,-1,
		 7, 6, 2, 3,-1,
		 4, 3, 7, 8,-1,
		 8, 7, 3, 4,-1,
		 5, 8, 12, 9,-1,
		 9, 12, 8, 5,-1,
		 6, 5, 9, 10,-1,
		 10, 9, 5, 6,-1,
		 7, 6, 10, 11,-1,
		 11, 10, 6, 7,-1,
		 8, 7, 11, 12,-1,
		 12, 11, 7, 8,-1,
		 9, 12, 16, 13,-1,
		 13, 16, 12, 9,-1,
		 10, 9, 13, 14,-1,
		 14, 13, 9, 10,-1,
		 11, 10, 14, 15,-1,
		 15, 14, 10, 11,-1,
		 12, 11, 15, 16,-1,
		 16, 15, 11, 12,-1,
		 13, 16, 20, 17,-1,
		 17, 20, 16, 13,-1,
		 14, 13, 17, 18,-1,
		 18, 17, 13, 14,-1,
		 15, 14, 18, 19,-1,
		 19, 18, 14, 15,-1,
		 16, 15, 19, 20,-1,
		 20, 19, 15, 16,-1,
		 20, 19, 18, 17,-1,
		 17, 18, 19, 20,-1,
		]
	} #IndexedFaceSet
} #Polyhedron
Separator { #Polyhedron
	DEF COORD106 Coordinate3 {
		point [
		 -0.5080 0.4318 -3.4036,
		 -0.6096 0.4826 -3.4036,
		 -0.6096 1.2446 -3.4036,
		 -0.5588 1.3208 -3.4036,
		 -0.4826 1.3462 -3.4036,
		 0.0762 1.3462 -3.4036,
		 0.1524 1.3208 -3.4036,
		 0.2032 1.2446 -3.4036,
		 0.2032 0.4826 -3.4036,
		 0.1016 0.4318 -3.4036,
		 -0.5018 0.4374 -3.4138,
		 -0.6014 0.4872 -3.4138,
		 -0.6014 1.2338 -3.4138,
		 -0.5516 1.3085 -3.4138,
		 -0.4769 1.3334 -3.4138,
		 0.0706 1.3334 -3.4138,
		 0.1452 1.3085 -3.4138,
		 0.1950 1.2338 -3.4138,
		 0.1950 0.4872 -3.4138,
		 0.0955 0.4374 -3.4138,
		 -0.4825 0.4551 -3.4240,
		 -0.5756 0.5017 -3.4240,
		 -0.5756 1.2001 -3.4240,
		 -0.5291 1.2699 -3.4240,
		 -0.4592 1.2932 -3.4240,
		 0.0529 1.2932 -3.4240,
		 0.1227 1.2699 -3.4240,
		 0.1693 1.2001 -3.4240,
		 0.1693 0.5017 -3.4240,
		 0.0762 0.4551 -3.4240,
		 -0.4470 0.4877 -3.4341,
		 -0.5283 0.5283 -3.4341,
		 -0.5283 1.1379 -3.4341,
		 -0.4877 1.1989 -3.4341,
		 -0.4267 1.2192 -3.4341,
		 0.0203 1.2192 -3.4341,
		 0.0813 1.1989 -3.4341,
		 0.1219 1.1379 -3.4341,
		 0.1219 0.5283 -3.4341,
		 0.0407 0.4877 -3.4341,
		 -0.3861 0.5436 -3.4443,
		 -0.4470 0.5740 -3.4443,
		 -0.4470 1.0312 -3.4443,
		 -0.4165 1.0770 -3.4443,
		 -0.3708 1.0922 -3.4443,
		 -0.0355 1.0922 -3.4443,
		 0.0102 1.0770 -3.4443,
		 0.0407 1.0312 -3.4443,
		 0.0407 0.5740 -3.4443,
		 -0.0203 0.5436 -3.4443,
		 -0.2032 0.7112 -3.4544
		]
	} #Coordinate3
	Material {
		ambientColor      0.1324 0.1324 0.1324  #ambientColor
		diffuseColor      0.5294 0.5294 0.5294  #diffuseColor
		transparency      0.0000                #transparency
	} #Material

	IndexedFaceSet {
		coordIndex [ 
		 0, 1, 2, 3, 4, 5, 6, 7, 8, 9,-1,
		 9, 8, 7, 6, 5, 4, 3, 2, 1, 0,-1,
		 0, 9, 19, 10,-1,
		 10, 19, 9, 0,-1,
		 1, 0, 10, 11,-1,
		 11, 10, 0, 1,-1,
		 2, 1, 11, 12,-1,
		 12, 11, 1, 2,-1,
		 3, 2, 12, 13,-1,
		 13, 12, 2, 3,-1,
		 4, 3, 13, 14,-1,
		 14, 13, 3, 4,-1,
		 5, 4, 14, 15,-1,
		 15, 14, 4, 5,-1,
		 6, 5, 15, 16,-1,
		 16, 15, 5, 6,-1,
		 7, 6, 16, 17,-1,
		 17, 16, 6, 7,-1,
		 8, 7, 17, 18,-1,
		 18, 17, 7, 8,-1,
		 9, 8, 18, 19,-1,
		 19, 18, 8, 9,-1,
		 10, 19, 29, 20,-1,
		 20, 29, 19, 10,-1,
		 11, 10, 20, 21,-1,
		 21, 20, 10, 11,-1,
		 12, 11, 21, 22,-1,
		 22, 21, 11, 12,-1,
		 13, 12, 22, 23,-1,
		 23, 22, 12, 13,-1,
		 14, 13, 23, 24,-1,
		 24, 23, 13, 14,-1,
		 15, 14, 24, 25,-1,
		 25, 24, 14, 15,-1,
		 16, 15, 25, 26,-1,
		 26, 25, 15, 16,-1,
		 17, 16, 26, 27,-1,
		 27, 26, 16, 17,-1,
		 18, 17, 27, 28,-1,
		 28, 27, 17, 18,-1,
		 19, 18, 28, 29,-1,
		 29, 28, 18, 19,-1,
		 20, 29, 39, 30,-1,
		 30, 39, 29, 20,-1,
		 21, 20, 30, 31,-1,
		 31, 30, 20, 21,-1,
		 22, 21, 31, 32,-1,
		 32, 31, 21, 22,-1,
		 23, 22, 32, 33,-1,
		 33, 32, 22, 23,-1,
		 24, 23, 33, 34,-1,
		 34, 33, 23, 24,-1,
		 25, 24, 34, 35,-1,
		 35, 34, 24, 25,-1,
		 26, 25, 35, 36,-1,
		 36, 35, 25, 26,-1,
		 27, 26, 36, 37,-1,
		 37, 36, 26, 27,-1,
		 28, 27, 37, 38,-1,
		 38, 37, 27, 28,-1,
		 29, 28, 38, 39,-1,
		 39, 38, 28, 29,-1,
		 30, 39, 49, 40,-1,
		 40, 49, 39, 30,-1,
		 31, 30, 40, 41,-1,
		 41, 40, 30, 31,-1,
		 32, 31, 41, 42,-1,
		 42, 41, 31, 32,-1,
		 33, 32, 42, 43,-1,
		 43, 42, 32, 33,-1,
		 34, 33, 43, 44,-1,
		 44, 43, 33, 34,-1,
		 35, 34, 44, 45,-1,
		 45, 44, 34, 35,-1,
		 36, 35, 45, 46,-1,
		 46, 45, 35, 36,-1,
		 37, 36, 46, 47,-1,
		 47, 46, 36, 37,-1,
		 38, 37, 47, 48,-1,
		 48, 47, 37, 38,-1,
		 39, 38, 48, 49,-1,
		 49, 48, 38, 39,-1,
		 40, 49, 50,-1,
		 50, 49, 40,-1,
		 41, 40, 50,-1,
		 50, 40, 41,-1,
		 42, 41, 50,-1,
		 50, 41, 42,-1,
		 43, 42, 50,-1,
		 50, 42, 43,-1,
		 44, 43, 50,-1,
		 50, 43, 44,-1,
		 45, 44, 50,-1,
		 50, 44, 45,-1,
		 46, 45, 50,-1,
		 50, 45, 46,-1,
		 47, 46, 50,-1,
		 50, 46, 47,-1,
		 48, 47, 50,-1,
		 50, 47, 48,-1,
		 49, 48, 50,-1,
		 50, 48, 49,-1,
		]
	} #IndexedFaceSet
} #Polyhedron
Separator { #Polyhedron
	DEF COORD107 Coordinate3 {
		point [
		 -2.5363 0.9005 -8.6938,
		 -2.5650 0.9093 -8.7348,
		 -2.5234 0.9093 -8.7639,
		 -2.4947 0.9005 -8.7230,
		 -2.6273 0.0000 -8.8238,
		 -2.6560 0.0088 -8.8648,
		 -2.6144 0.0088 -8.8939,
		 -2.5857 0.0000 -8.8529
		]
	} #Coordinate3
	Material {
		ambientColor      0.1245 0.0000 0.0000  #ambientColor
		diffuseColor      0.4980 0.0000 0.0000  #diffuseColor
		transparency      0.0000                #transparency
	} #Material

	IndexedFaceSet {
		coordIndex [ 
		 0, 1, 2, 3,-1,
		 3, 2, 1, 0,-1,
		 0, 3, 7, 4,-1,
		 4, 7, 3, 0,-1,
		 1, 0, 4, 5,-1,
		 5, 4, 0, 1,-1,
		 2, 1, 5, 6,-1,
		 6, 5, 1, 2,-1,
		 3, 2, 6, 7,-1,
		 7, 6, 2, 3,-1,
		 7, 6, 5, 4,-1,
		 4, 5, 6, 7,-1,
		]
	} #IndexedFaceSet
} #Polyhedron
Separator { #Polyhedron
	DEF COORD108 Coordinate3 {
		point [
		 -2.6838 0.0063 -8.4173,
		 -2.4874 1.0690 -8.6682,
		 -2.1845 0.0063 -8.7670,
		 -2.7128 0.0019 -8.4588,
		 -2.5164 1.0646 -8.7097,
		 -2.2135 0.0018 -8.8084,
		 -2.5061 0.9678 -8.6443,
		 -2.4585 0.9678 -8.6776,
		 -2.6744 0.0569 -8.4293,
		 -2.4823 0.9678 -8.6610,
		 -2.6447 0.0569 -8.4501,
		 -2.1989 0.0569 -8.7623,
		 -2.6744 0.0569 -8.4293,
		 -2.4585 0.9678 -8.6776,
		 -2.1989 0.0569 -8.7623,
		 -2.2286 0.0569 -8.7415,
		 -2.4585 0.9678 -8.6776,
		 -2.5061 0.9678 -8.6443,
		 -2.6744 0.0569 -8.4293,
		 -2.6744 0.0569 -8.4293,
		 -2.1989 0.0569 -8.7623,
		 -2.1989 0.0569 -8.7623,
		 -2.4585 0.9678 -8.6776,
		 -2.7035 0.0524 -8.4707,
		 -2.2279 0.0524 -8.8037,
		 -2.5113 0.9634 -8.7024,
		 -2.2576 0.0524 -8.7829,
		 -2.4876 0.9634 -8.7191,
		 -2.4876 0.9634 -8.7191,
		 -2.5351 0.9634 -8.6858,
		 -2.6738 0.0525 -8.4915,
		 -2.7035 0.0525 -8.4707,
		 -2.7035 0.0524 -8.4707,
		 -2.2279 0.0524 -8.8037,
		 -2.7035 0.0524 -8.4707,
		 -2.4876 0.9634 -8.7191,
		 -2.5351 0.9634 -8.6858,
		 -2.4876 0.9634 -8.7191,
		 -2.7035 0.0525 -8.4707,
		 -2.7035 0.0524 -8.4707
		]
	} #Coordinate3
	Material {
		ambientColor      0.1245 0.0000 0.0000  #ambientColor
		diffuseColor      0.4980 0.0000 0.0000  #diffuseColor
		transparency      0.0000                #transparency
	} #Material

	IndexedFaceSet {
		coordIndex [ 
		 6, 1, 7,-1,
		 8, 6, 9, 10,-1,
		 11, 2, 0, 12,-1,
		 13, 14, 15, 9,-1,
		 16, 1, 17,-1,
		 10, 9, 17, 18,-1,
		 19, 0, 2, 20,-1,
		 9, 15, 21, 22,-1,
		 0, 2, 5, 3,-1,
		 3, 5, 2, 0,-1,
		 1, 0, 3, 4,-1,
		 4, 3, 0, 1,-1,
		 2, 1, 4, 5,-1,
		 5, 4, 1, 2,-1,
		 23, 3, 5, 24,-1,
		 25, 26, 24, 27,-1,
		 28, 4, 29,-1,
		 30, 25, 29, 31,-1,
		 26, 30, 31, 32,-1,
		 33, 5, 3, 34,-1,
		 35, 33, 26, 25,-1,
		 36, 4, 37,-1,
		 38, 36, 25, 30,-1,
		 39, 38, 30, 26,-1,
		]
	} #IndexedFaceSet
} #Polyhedron
Separator { #Polyhedron
	DEF COORD109 Coordinate3 {
		point [
		 -2.6447 0.0569 -8.4501,
		 -2.4823 0.9678 -8.6610,
		 -2.2286 0.0569 -8.7415,
		 -2.6738 0.0525 -8.4915,
		 -2.5113 0.9634 -8.7024,
		 -2.2576 0.0524 -8.7829
		]
	} #Coordinate3
	Material {
		ambientColor      0.1245 0.0000 0.0000  #ambientColor
		diffuseColor      0.4980 0.0000 0.0000  #diffuseColor
		transparency      1.0000                #transparency
	} #Material

	Texture2 {
		filename ""  #filename
		wrapS REPEAT 
		wrapT REPEAT 
	} #Texture2

	IndexedFaceSet {
		coordIndex [ 
		 2, 1, 0,-1,
		]
	} #IndexedFaceSet
	Material {
		ambientColor      0.1245 0.0000 0.0000  #ambientColor
		diffuseColor      0.4980 0.0000 0.0000  #diffuseColor
		transparency      0.0000                #transparency
	} #Material

	IndexedFaceSet {
		coordIndex [ 
		 0, 2, 5, 3,-1,
		 3, 5, 2, 0,-1,
		 1, 0, 3, 4,-1,
		 4, 3, 0, 1,-1,
		 2, 1, 4, 5,-1,
		 5, 4, 1, 2,-1,
		]
	} #IndexedFaceSet
	Material {
		ambientColor      0.1245 0.0000 0.0000  #ambientColor
		diffuseColor      0.4980 0.0000 0.0000  #diffuseColor
		transparency      1.0000                #transparency
	} #Material

	IndexedFaceSet {
		coordIndex [ 
		 3, 4, 5,-1,
		]
	} #IndexedFaceSet
} #Polyhedron
Separator { #Polyhedron
	DEF COORD110 Coordinate3 {
		point [
		 -2.7608 0.4662 -8.3502,
		 -2.8065 1.3771 -8.4154,
		 -2.1407 1.3771 -8.8816,
		 -2.0951 0.4661 -8.8164,
		 -2.7899 0.4617 -8.3917,
		 -2.8355 1.3727 -8.4569,
		 -2.1697 1.3726 -8.9231,
		 -2.1241 0.4617 -8.8579
		]
	} #Coordinate3
	Material {
		ambientColor      0.2500 0.2500 0.2500  #ambientColor
		diffuseColor      1.0000 1.0000 1.0000  #diffuseColor
		transparency      0.0000                #transparency
	} #Material

	Texture2 {
		filename ""  #filename
		wrapS REPEAT 
		wrapT REPEAT 
	} #Texture2

	IndexedFaceSet {
		coordIndex [ 
		 0, 1, 2, 3,-1,
		 3, 2, 1, 0,-1,
		 0, 3, 7, 4,-1,
		 4, 7, 3, 0,-1,
		 1, 0, 4, 5,-1,
		 5, 4, 0, 1,-1,
		 2, 1, 5, 6,-1,
		 6, 5, 1, 2,-1,
		 3, 2, 6, 7,-1,
		 7, 6, 2, 3,-1,
		 7, 6, 5, 4,-1,
		 4, 5, 6, 7,-1,
		]
	} #IndexedFaceSet
} #Polyhedron
Separator { #Polyhedron
	DEF COORD111 Coordinate3 {
		point [
		 -2.7173 0.4728 -8.2880,
		 -2.7166 0.4601 -8.2871,
		 -2.7892 0.4491 -8.3907,
		 -2.7899 0.4617 -8.3916,
		 -2.0515 0.4728 -8.7542,
		 -2.0509 0.4601 -8.7533,
		 -2.1234 0.4491 -8.8569,
		 -2.1241 0.4617 -8.8578
		]
	} #Coordinate3
	Material {
		ambientColor      0.2500 0.2500 0.2500  #ambientColor
		diffuseColor      1.0000 1.0000 1.0000  #diffuseColor
		transparency      0.0000                #transparency
	} #Material

	IndexedFaceSet {
		coordIndex [ 
		 0, 1, 2, 3,-1,
		 3, 2, 1, 0,-1,
		 0, 3, 7, 4,-1,
		 4, 7, 3, 0,-1,
		 1, 0, 4, 5,-1,
		 5, 4, 0, 1,-1,
		 2, 1, 5, 6,-1,
		 6, 5, 1, 2,-1,
		 3, 2, 6, 7,-1,
		 7, 6, 2, 3,-1,
		 7, 6, 5, 4,-1,
		 4, 5, 6, 7,-1,
		]
	} #IndexedFaceSet
} #Polyhedron
Separator { #Polyhedron
	DEF COORD112 Coordinate3 {
		point [
		 -2.7108 0.4897 -8.2788,
		 -2.7094 0.4613 -8.2767,
		 -2.7167 0.4601 -8.2871,
		 -2.7181 0.4886 -8.2891,
		 -2.0450 0.4897 -8.7450,
		 -2.0436 0.4612 -8.7429,
		 -2.0509 0.4601 -8.7533,
		 -2.0523 0.4886 -8.7553
		]
	} #Coordinate3
	Material {
		ambientColor      0.2500 0.2500 0.2500  #ambientColor
		diffuseColor      1.0000 1.0000 1.0000  #diffuseColor
		transparency      0.0000                #transparency
	} #Material

	IndexedFaceSet {
		coordIndex [ 
		 0, 1, 2, 3,-1,
		 3, 2, 1, 0,-1,
		 0, 3, 7, 4,-1,
		 4, 7, 3, 0,-1,
		 1, 0, 4, 5,-1,
		 5, 4, 0, 1,-1,
		 2, 1, 5, 6,-1,
		 6, 5, 1, 2,-1,
		 3, 2, 6, 7,-1,
		 7, 6, 2, 3,-1,
		 7, 6, 5, 4,-1,
		 4, 5, 6, 7,-1,
		]
	} #IndexedFaceSet
} #Polyhedron
Separator { #Polyhedron
	DEF COORD113 Coordinate3 {
		point [
		 -2.1878 0.5019 -8.6831,
		 -2.1853 0.4996 -8.6796,
		 -2.1835 0.4957 -8.6770,
		 -2.1827 0.4909 -8.6759,
		 -2.1830 0.4860 -8.6764,
		 -2.1844 0.4817 -8.6783,
		 -2.1866 0.4786 -8.6815,
		 -2.1893 0.4772 -8.6854,
		 -2.1922 0.4777 -8.6894,
		 -2.1947 0.4801 -8.6930,
		 -2.1964 0.4840 -8.6955,
		 -2.1972 0.4887 -8.6966,
		 -2.1969 0.4937 -8.6962,
		 -2.1956 0.4980 -8.6942,
		 -2.1933 0.5011 -8.6911,
		 -2.1906 0.5025 -8.6872,
		 -2.1046 0.5019 -8.7414,
		 -2.1021 0.4996 -8.7379,
		 -2.1003 0.4957 -8.7353,
		 -2.0995 0.4909 -8.7342,
		 -2.0998 0.4860 -8.7346,
		 -2.1012 0.4817 -8.7366,
		 -2.1034 0.4786 -8.7398,
		 -2.1061 0.4772 -8.7436,
		 -2.1089 0.4777 -8.7477,
		 -2.1114 0.4801 -8.7512,
		 -2.1132 0.4840 -8.7538,
		 -2.1140 0.4887 -8.7549,
		 -2.1137 0.4937 -8.7545,
		 -2.1123 0.4980 -8.7525,
		 -2.1101 0.5011 -8.7494,
		 -2.1074 0.5025 -8.7455
		]
	} #Coordinate3
	Material {
		ambientColor      0.1951 0.1951 0.1951  #ambientColor
		diffuseColor      0.7804 0.7804 0.7804  #diffuseColor
		transparency      0.0000                #transparency
	} #Material

	IndexedFaceSet {
		coordIndex [ 
		 0, 1, 2, 3, 4, 5, 6, 7, 8, 9, 10, 11, 12, 13, 14, 15,-1,
		 15, 14, 13, 12, 11, 10, 9, 8, 7, 6, 5, 4, 3, 2, 1, 0,-1,
		 0, 15, 31, 16,-1,
		 16, 31, 15, 0,-1,
		 1, 0, 16, 17,-1,
		 17, 16, 0, 1,-1,
		 2, 1, 17, 18,-1,
		 18, 17, 1, 2,-1,
		 3, 2, 18, 19,-1,
		 19, 18, 2, 3,-1,
		 4, 3, 19, 20,-1,
		 20, 19, 3, 4,-1,
		 5, 4, 20, 21,-1,
		 21, 20, 4, 5,-1,
		 6, 5, 21, 22,-1,
		 22, 21, 5, 6,-1,
		 7, 6, 22, 23,-1,
		 23, 22, 6, 7,-1,
		 8, 7, 23, 24,-1,
		 24, 23, 7, 8,-1,
		 9, 8, 24, 25,-1,
		 25, 24, 8, 9,-1,
		 10, 9, 25, 26,-1,
		 26, 25, 9, 10,-1,
		 11, 10, 26, 27,-1,
		 27, 26, 10, 11,-1,
		 12, 11, 27, 28,-1,
		 28, 27, 11, 12,-1,
		 13, 12, 28, 29,-1,
		 29, 28, 12, 13,-1,
		 14, 13, 29, 30,-1,
		 30, 29, 13, 14,-1,
		 15, 14, 30, 31,-1,
		 31, 30, 14, 15,-1,
		 31, 30, 29, 28, 27, 26, 25, 24, 23, 22, 21, 20, 19, 18, 17, 16,-1,
		 16, 17, 18, 19, 20, 21, 22, 23, 24, 25, 26, 27, 28, 29, 30, 31,-1,
		]
	} #IndexedFaceSet
} #Polyhedron
Separator { #Polyhedron
	DEF COORD114 Coordinate3 {
		point [
		 -2.2294 0.5019 -8.6540,
		 -2.2269 0.4996 -8.6505,
		 -2.2251 0.4957 -8.6479,
		 -2.2243 0.4909 -8.6468,
		 -2.2246 0.4860 -8.6472,
		 -2.2260 0.4817 -8.6492,
		 -2.2282 0.4786 -8.6523,
		 -2.2310 0.4772 -8.6562,
		 -2.2338 0.4777 -8.6603,
		 -2.2363 0.4801 -8.6638,
		 -2.2381 0.4840 -8.6664,
		 -2.2388 0.4887 -8.6675,
		 -2.2385 0.4937 -8.6671,
		 -2.2372 0.4980 -8.6651,
		 -2.2350 0.5011 -8.6619,
		 -2.2322 0.5025 -8.6580,
		 -2.1878 0.5019 -8.6832,
		 -2.1853 0.4996 -8.6796,
		 -2.1835 0.4957 -8.6771,
		 -2.1827 0.4909 -8.6759,
		 -2.1830 0.4860 -8.6764,
		 -2.1844 0.4817 -8.6783,
		 -2.1866 0.4786 -8.6815,
		 -2.1893 0.4772 -8.6854,
		 -2.1922 0.4777 -8.6894,
		 -2.1947 0.4801 -8.6930,
		 -2.1964 0.4840 -8.6955,
		 -2.1972 0.4887 -8.6966,
		 -2.1969 0.4937 -8.6962,
		 -2.1956 0.4980 -8.6942,
		 -2.1933 0.5011 -8.6911,
		 -2.1906 0.5025 -8.6872
		]
	} #Coordinate3
	Material {
		ambientColor      0.2500 0.0000 0.0000  #ambientColor
		diffuseColor      1.0000 0.0000 0.0000  #diffuseColor
		transparency      0.0000                #transparency
	} #Material

	IndexedFaceSet {
		coordIndex [ 
		 0, 1, 2, 3, 4, 5, 6, 7, 8, 9, 10, 11, 12, 13, 14, 15,-1,
		 15, 14, 13, 12, 11, 10, 9, 8, 7, 6, 5, 4, 3, 2, 1, 0,-1,
		 0, 15, 31, 16,-1,
		 16, 31, 15, 0,-1,
		 1, 0, 16, 17,-1,
		 17, 16, 0, 1,-1,
		 2, 1, 17, 18,-1,
		 18, 17, 1, 2,-1,
		 3, 2, 18, 19,-1,
		 19, 18, 2, 3,-1,
		 4, 3, 19, 20,-1,
		 20, 19, 3, 4,-1,
		 5, 4, 20, 21,-1,
		 21, 20, 4, 5,-1,
		 6, 5, 21, 22,-1,
		 22, 21, 5, 6,-1,
		 7, 6, 22, 23,-1,
		 23, 22, 6, 7,-1,
		 8, 7, 23, 24,-1,
		 24, 23, 7, 8,-1,
		 9, 8, 24, 25,-1,
		 25, 24, 8, 9,-1,
		 10, 9, 25, 26,-1,
		 26, 25, 9, 10,-1,
		 11, 10, 26, 27,-1,
		 27, 26, 10, 11,-1,
		 12, 11, 27, 28,-1,
		 28, 27, 11, 12,-1,
		 13, 12, 28, 29,-1,
		 29, 28, 12, 13,-1,
		 14, 13, 29, 30,-1,
		 30, 29, 13, 14,-1,
		 15, 14, 30, 31,-1,
		 31, 30, 14, 15,-1,
		 31, 30, 29, 28, 27, 26, 25, 24, 23, 22, 21, 20, 19, 18, 17, 16,-1,
		 16, 17, 18, 19, 20, 21, 22, 23, 24, 25, 26, 27, 28, 29, 30, 31,-1,
		]
	} #IndexedFaceSet
} #Polyhedron
Separator { #Polyhedron
	DEF COORD115 Coordinate3 {
		point [
		 -2.5606 0.5010 -8.4184,
		 -2.5584 0.4975 -8.4154,
		 -2.5572 0.4929 -8.4136,
		 -2.5571 0.4878 -8.4135,
		 -2.5581 0.4830 -8.4149,
		 -2.5601 0.4792 -8.4178,
		 -2.5627 0.4771 -8.4216,
		 -2.5657 0.4769 -8.4257,
		 -2.5684 0.4787 -8.4297,
		 -2.5706 0.4821 -8.4327,
		 -2.5718 0.4868 -8.4345,
		 -2.5719 0.4919 -8.4346,
		 -2.5709 0.4967 -8.4332,
		 -2.5689 0.5004 -8.4303,
		 -2.5662 0.5026 -8.4265,
		 -2.5633 0.5028 -8.4224,
		 -2.4773 0.5010 -8.4767,
		 -2.4752 0.4975 -8.4736,
		 -2.4740 0.4929 -8.4719,
		 -2.4738 0.4878 -8.4717,
		 -2.4749 0.4830 -8.4732,
		 -2.4769 0.4792 -8.4760,
		 -2.4795 0.4771 -8.4798,
		 -2.4824 0.4769 -8.4840,
		 -2.4852 0.4787 -8.4879,
		 -2.4873 0.4821 -8.4910,
		 -2.4886 0.4868 -8.4928,
		 -2.4887 0.4919 -8.4929,
		 -2.4877 0.4967 -8.4915,
		 -2.4857 0.5004 -8.4886,
		 -2.4830 0.5026 -8.4848,
		 -2.4801 0.5028 -8.4806
		]
	} #Coordinate3
	Material {
		ambientColor      0.1951 0.1951 0.1951  #ambientColor
		diffuseColor      0.7804 0.7804 0.7804  #diffuseColor
		transparency      0.0000                #transparency
	} #Material

	IndexedFaceSet {
		coordIndex [ 
		 0, 1, 2, 3, 4, 5, 6, 7, 8, 9, 10, 11, 12, 13, 14, 15,-1,
		 15, 14, 13, 12, 11, 10, 9, 8, 7, 6, 5, 4, 3, 2, 1, 0,-1,
		 0, 15, 31, 16,-1,
		 16, 31, 15, 0,-1,
		 1, 0, 16, 17,-1,
		 17, 16, 0, 1,-1,
		 2, 1, 17, 18,-1,
		 18, 17, 1, 2,-1,
		 3, 2, 18, 19,-1,
		 19, 18, 2, 3,-1,
		 4, 3, 19, 20,-1,
		 20, 19, 3, 4,-1,
		 5, 4, 20, 21,-1,
		 21, 20, 4, 5,-1,
		 6, 5, 21, 22,-1,
		 22, 21, 5, 6,-1,
		 7, 6, 22, 23,-1,
		 23, 22, 6, 7,-1,
		 8, 7, 23, 24,-1,
		 24, 23, 7, 8,-1,
		 9, 8, 24, 25,-1,
		 25, 24, 8, 9,-1,
		 10, 9, 25, 26,-1,
		 26, 25, 9, 10,-1,
		 11, 10, 26, 27,-1,
		 27, 26, 10, 11,-1,
		 12, 11, 27, 28,-1,
		 28, 27, 11, 12,-1,
		 13, 12, 28, 29,-1,
		 29, 28, 12, 13,-1,
		 14, 13, 29, 30,-1,
		 30, 29, 13, 14,-1,
		 15, 14, 30, 31,-1,
		 31, 30, 14, 15,-1,
		 31, 30, 29, 28, 27, 26, 25, 24, 23, 22, 21, 20, 19, 18, 17, 16,-1,
		 16, 17, 18, 19, 20, 21, 22, 23, 24, 25, 26, 27, 28, 29, 30, 31,-1,
		]
	} #IndexedFaceSet
} #Polyhedron
Separator { #Polyhedron
	DEF COORD116 Coordinate3 {
		point [
		 -2.4791 0.5019 -8.4792,
		 -2.4766 0.4996 -8.4756,
		 -2.4748 0.4957 -8.4731,
		 -2.4740 0.4909 -8.4720,
		 -2.4743 0.4860 -8.4724,
		 -2.4757 0.4817 -8.4744,
		 -2.4779 0.4786 -8.4775,
		 -2.4806 0.4772 -8.4814,
		 -2.4835 0.4777 -8.4855,
		 -2.4859 0.4801 -8.4890,
		 -2.4877 0.4840 -8.4916,
		 -2.4885 0.4887 -8.4927,
		 -2.4882 0.4937 -8.4922,
		 -2.4868 0.4980 -8.4903,
		 -2.4846 0.5011 -8.4871,
		 -2.4819 0.5025 -8.4832,
		 -2.4375 0.5019 -8.5083,
		 -2.4350 0.4996 -8.5048,
		 -2.4332 0.4957 -8.5022,
		 -2.4324 0.4909 -8.5011,
		 -2.4327 0.4860 -8.5015,
		 -2.4341 0.4817 -8.5035,
		 -2.4363 0.4786 -8.5067,
		 -2.4390 0.4772 -8.5106,
		 -2.4418 0.4777 -8.5146,
		 -2.4443 0.4801 -8.5182,
		 -2.4461 0.4840 -8.5207,
		 -2.4469 0.4887 -8.5218,
		 -2.4466 0.4937 -8.5214,
		 -2.4452 0.4980 -8.5194,
		 -2.4430 0.5011 -8.5163,
		 -2.4403 0.5025 -8.5124
		]
	} #Coordinate3
	Material {
		ambientColor      0.0000 0.1000 0.2500  #ambientColor
		diffuseColor      0.0000 0.4000 1.0000  #diffuseColor
		transparency      0.0000                #transparency
	} #Material

	IndexedFaceSet {
		coordIndex [ 
		 0, 1, 2, 3, 4, 5, 6, 7, 8, 9, 10, 11, 12, 13, 14, 15,-1,
		 15, 14, 13, 12, 11, 10, 9, 8, 7, 6, 5, 4, 3, 2, 1, 0,-1,
		 0, 15, 31, 16,-1,
		 16, 31, 15, 0,-1,
		 1, 0, 16, 17,-1,
		 17, 16, 0, 1,-1,
		 2, 1, 17, 18,-1,
		 18, 17, 1, 2,-1,
		 3, 2, 18, 19,-1,
		 19, 18, 2, 3,-1,
		 4, 3, 19, 20,-1,
		 20, 19, 3, 4,-1,
		 5, 4, 20, 21,-1,
		 21, 20, 4, 5,-1,
		 6, 5, 21, 22,-1,
		 22, 21, 5, 6,-1,
		 7, 6, 22, 23,-1,
		 23, 22, 6, 7,-1,
		 8, 7, 23, 24,-1,
		 24, 23, 7, 8,-1,
		 9, 8, 24, 25,-1,
		 25, 24, 8, 9,-1,
		 10, 9, 25, 26,-1,
		 26, 25, 9, 10,-1,
		 11, 10, 26, 27,-1,
		 27, 26, 10, 11,-1,
		 12, 11, 27, 28,-1,
		 28, 27, 11, 12,-1,
		 13, 12, 28, 29,-1,
		 29, 28, 12, 13,-1,
		 14, 13, 29, 30,-1,
		 30, 29, 13, 14,-1,
		 15, 14, 30, 31,-1,
		 31, 30, 14, 15,-1,
		 31, 30, 29, 28, 27, 26, 25, 24, 23, 22, 21, 20, 19, 18, 17, 16,-1,
		 16, 17, 18, 19, 20, 21, 22, 23, 24, 25, 26, 27, 28, 29, 30, 31,-1,
		]
	} #IndexedFaceSet
} #Polyhedron
Separator { #Polyhedron
	DEF COORD117 Coordinate3 {
		point [
		 0.6096 0.9144 -7.3152,
		 0.6096 0.9144 -6.0960,
		 -0.6096 0.9144 -6.0960,
		 -0.6096 0.9144 -7.3152,
		 0.6096 0.7620 -7.3152,
		 0.6096 0.7620 -6.0960,
		 -0.6096 0.7620 -6.0960,
		 -0.6096 0.7620 -7.3152
		]
	} #Coordinate3
	Material {
		ambientColor      0.0902 0.0902 0.0902  #ambientColor
		diffuseColor      0.3608 0.3608 0.3608  #diffuseColor
		transparency      0.0000                #transparency
	} #Material

	Texture2 {
		filename ""  #filename
		wrapS REPEAT 
		wrapT REPEAT 
	} #Texture2

	IndexedFaceSet {
		coordIndex [ 
		 0, 1, 2, 3,-1,
		 3, 2, 1, 0,-1,
		 0, 3, 7, 4,-1,
		 4, 7, 3, 0,-1,
		 1, 0, 4, 5,-1,
		 5, 4, 0, 1,-1,
		 2, 1, 5, 6,-1,
		 6, 5, 1, 2,-1,
		 3, 2, 6, 7,-1,
		 7, 6, 2, 3,-1,
		 7, 6, 5, 4,-1,
		 4, 5, 6, 7,-1,
		]
	} #IndexedFaceSet
} #Polyhedron
Separator { #Polyhedron
	DEF COORD118 Coordinate3 {
		point [
		 0.6096 0.7620 -6.8580,
		 0.6096 0.7620 -6.5532,
		 -0.6096 0.7620 -6.5532,
		 -0.6096 0.7620 -6.8580,
		 0.6096 0.0000 -6.8580,
		 0.6096 0.0000 -6.5532,
		 -0.6096 0.0000 -6.5532,
		 -0.6096 0.0000 -6.8580
		]
	} #Coordinate3
	Material {
		ambientColor      0.0902 0.0902 0.0902  #ambientColor
		diffuseColor      0.3608 0.3608 0.3608  #diffuseColor
		transparency      0.0000                #transparency
	} #Material

	IndexedFaceSet {
		coordIndex [ 
		 0, 1, 2, 3,-1,
		 3, 2, 1, 0,-1,
		 0, 3, 7, 4,-1,
		 4, 7, 3, 0,-1,
		 1, 0, 4, 5,-1,
		 5, 4, 0, 1,-1,
		 2, 1, 5, 6,-1,
		 6, 5, 1, 2,-1,
		 3, 2, 6, 7,-1,
		 7, 6, 2, 3,-1,
		 7, 6, 5, 4,-1,
		 4, 5, 6, 7,-1,
		]
	} #IndexedFaceSet
} #Polyhedron
Separator { #Polyhedron
	DEF COORD119 Coordinate3 {
		point [
		 0.3048 1.0160 -6.2738,
		 0.2540 0.9398 -6.2738,
		 0.1524 0.9144 -6.2738,
		 -0.1524 0.9144 -6.2738,
		 -0.2540 0.9398 -6.2738,
		 -0.3048 1.0160 -6.2738,
		 -0.3048 1.1176 -6.2738,
		 -0.2540 1.1938 -6.2738,
		 -0.1524 1.2192 -6.2738,
		 0.1524 1.2192 -6.2738,
		 0.2540 1.1938 -6.2738,
		 0.3048 1.1176 -6.2738,
		 0.3048 1.0160 -7.1120,
		 0.2540 0.9398 -7.1120,
		 0.1524 0.9144 -7.1120,
		 -0.1524 0.9144 -7.1120,
		 -0.2540 0.9398 -7.1120,
		 -0.3048 1.0160 -7.1120,
		 -0.3048 1.1176 -7.1120,
		 -0.2540 1.1938 -7.1120,
		 -0.1524 1.2192 -7.1120,
		 0.1524 1.2192 -7.1120,
		 0.2540 1.1938 -7.1120,
		 0.3048 1.1176 -7.1120,
		 0.1524 1.2192 -6.3627,
		 -0.1524 1.2192 -6.3627,
		 -0.1270 1.2192 -6.5151,
		 -0.1270 1.2192 -6.3627,
		 -0.1524 1.2192 -6.3627,
		 -0.1524 1.2192 -6.5151,
		 -0.1524 1.2192 -6.5151,
		 0.1524 1.2192 -6.5151,
		 0.1270 1.2192 -6.3627,
		 0.1270 1.2192 -6.5151,
		 0.1524 1.2192 -6.5151,
		 0.1524 1.2192 -6.3627,
		 -0.1524 1.2192 -6.3627,
		 0.1524 1.2192 -6.3627,
		 -0.1524 1.2192 -6.5151,
		 -0.1524 1.2192 -6.3627,
		 0.1524 1.2192 -6.5151,
		 -0.1524 1.2192 -6.5151,
		 0.1524 1.2192 -6.3627,
		 0.1524 1.2192 -6.5151,
		 0.2328 0.9610 -7.1120,
		 0.1397 0.9398 -7.1120,
		 0.2540 0.9398 -7.1120,
		 0.2681 0.9610 -7.1120,
		 0.2794 1.0245 -7.1120,
		 0.3048 1.0245 -7.1120,
		 0.2794 1.1091 -7.1120,
		 0.3048 1.1091 -7.1120,
		 0.2328 1.1726 -7.1120,
		 0.2681 1.1726 -7.1120,
		 0.1397 1.1938 -7.1120,
		 -0.2328 1.1726 -7.1120,
		 -0.1397 1.1938 -7.1120,
		 -0.2540 1.1938 -7.1120,
		 -0.2681 1.1726 -7.1120,
		 -0.2794 1.1091 -7.1120,
		 -0.3048 1.1091 -7.1120,
		 -0.2794 1.0245 -7.1120,
		 -0.3048 1.0245 -7.1120,
		 -0.2328 0.9610 -7.1120,
		 -0.2681 0.9610 -7.1120,
		 -0.1397 0.9398 -7.1120,
		 0.2681 0.9610 -7.1120,
		 0.2540 0.9398 -7.1120,
		 0.3048 1.0245 -7.1120,
		 0.3048 1.1091 -7.1120,
		 0.2681 1.1726 -7.1120,
		 -0.2681 1.1726 -7.1120,
		 -0.2540 1.1938 -7.1120,
		 -0.3048 1.1091 -7.1120,
		 -0.3048 1.0245 -7.1120,
		 -0.2681 0.9610 -7.1120
		]
	} #Coordinate3
	Material {
		ambientColor      0.1951 0.1951 0.1951  #ambientColor
		diffuseColor      0.7804 0.7804 0.7804  #diffuseColor
		transparency      0.0000                #transparency
	} #Material

	IndexedFaceSet {
		coordIndex [ 
		 0, 1, 2, 3, 4, 5, 6, 7, 8, 9, 10, 11,-1,
		 11, 10, 9, 8, 7, 6, 5, 4, 3, 2, 1, 0,-1,
		 0, 11, 23, 12,-1,
		 12, 23, 11, 0,-1,
		 1, 0, 12, 13,-1,
		 13, 12, 0, 1,-1,
		 2, 1, 13, 14,-1,
		 14, 13, 1, 2,-1,
		 3, 2, 14, 15,-1,
		 15, 14, 2, 3,-1,
		 4, 3, 15, 16,-1,
		 16, 15, 3, 4,-1,
		 5, 4, 16, 17,-1,
		 17, 16, 4, 5,-1,
		 6, 5, 17, 18,-1,
		 18, 17, 5, 6,-1,
		 7, 6, 18, 19,-1,
		 19, 18, 6, 7,-1,
		 8, 7, 19, 20,-1,
		 20, 19, 7, 8,-1,
		 24, 9, 8, 25,-1,
		 26, 27, 28, 29,-1,
		 30, 20, 21, 31,-1,
		 32, 33, 34, 35,-1,
		 36, 8, 9, 37,-1,
		 38, 39, 27, 26,-1,
		 40, 21, 20, 41,-1,
		 42, 43, 33, 32,-1,
		 10, 9, 21, 22,-1,
		 22, 21, 9, 10,-1,
		 11, 10, 22, 23,-1,
		 23, 22, 10, 11,-1,
		 44, 45, 46, 47,-1,
		 48, 44, 47, 12, 49,-1,
		 50, 48, 49, 51,-1,
		 52, 50, 51, 23, 53,-1,
		 54, 52, 53, 22,-1,
		 55, 56, 57, 58,-1,
		 59, 55, 58, 18, 60,-1,
		 61, 59, 60, 62,-1,
		 63, 61, 62, 17, 64,-1,
		 65, 63, 64, 16,-1,
		 66, 67, 45, 44,-1,
		 68, 12, 66, 44, 48,-1,
		 69, 68, 48, 50,-1,
		 70, 23, 69, 50, 52,-1,
		 22, 70, 52, 54,-1,
		 71, 72, 56, 55,-1,
		 73, 18, 71, 55, 59,-1,
		 74, 73, 59, 61,-1,
		 75, 17, 74, 61, 63,-1,
		 16, 75, 63, 65,-1,
		]
	} #IndexedFaceSet
} #Polyhedron
Separator { #Polyhedron
	DEF COORD120 Coordinate3 {
		point [
		 0.2794 1.0245 -7.0866,
		 0.2328 0.9610 -7.0866,
		 0.1397 0.9398 -7.0866,
		 -0.1397 0.9398 -7.0866,
		 -0.2328 0.9610 -7.0866,
		 -0.2794 1.0245 -7.0866,
		 -0.2794 1.1091 -7.0866,
		 -0.2328 1.1726 -7.0866,
		 -0.1397 1.1938 -7.0866,
		 0.1397 1.1938 -7.0866,
		 0.2328 1.1726 -7.0866,
		 0.2794 1.1091 -7.0866,
		 0.2794 1.0245 -7.1120,
		 0.2328 0.9610 -7.1120,
		 0.1397 0.9398 -7.1120,
		 -0.1397 0.9398 -7.1120,
		 -0.2328 0.9610 -7.1120,
		 -0.2794 1.0245 -7.1120,
		 -0.2794 1.1091 -7.1120,
		 -0.2328 1.1726 -7.1120,
		 -0.1397 1.1938 -7.1120,
		 0.1397 1.1938 -7.1120,
		 0.2328 1.1726 -7.1120,
		 0.2794 1.1091 -7.1120
		]
	} #Coordinate3
	Material {
		ambientColor      0.1951 0.1951 0.1951  #ambientColor
		diffuseColor      0.7804 0.7804 0.7804  #diffuseColor
		transparency      0.0000                #transparency
	} #Material

	Texture2 {
		filename ""  #filename
		wrapS REPEAT 
		wrapT REPEAT 
	} #Texture2

	IndexedFaceSet {
		coordIndex [ 
		 0, 1, 2, 3, 4, 5, 6, 7, 8, 9, 10, 11,-1,
		 11, 10, 9, 8, 7, 6, 5, 4, 3, 2, 1, 0,-1,
		 0, 11, 23, 12,-1,
		 12, 23, 11, 0,-1,
		 1, 0, 12, 13,-1,
		 13, 12, 0, 1,-1,
		 2, 1, 13, 14,-1,
		 14, 13, 1, 2,-1,
		 3, 2, 14, 15,-1,
		 15, 14, 2, 3,-1,
		 4, 3, 15, 16,-1,
		 16, 15, 3, 4,-1,
		 5, 4, 16, 17,-1,
		 17, 16, 4, 5,-1,
		 6, 5, 17, 18,-1,
		 18, 17, 5, 6,-1,
		 7, 6, 18, 19,-1,
		 19, 18, 6, 7,-1,
		 8, 7, 19, 20,-1,
		 20, 19, 7, 8,-1,
		 9, 8, 20, 21,-1,
		 21, 20, 8, 9,-1,
		 10, 9, 21, 22,-1,
		 22, 21, 9, 10,-1,
		 11, 10, 22, 23,-1,
		 23, 22, 10, 11,-1,
		]
	} #IndexedFaceSet
	Material {
		ambientColor      0.1951 0.1951 0.1951  #ambientColor
		diffuseColor      0.7804 0.7804 0.7804  #diffuseColor
		transparency      1.0000                #transparency
	} #Material

	IndexedFaceSet {
		coordIndex [ 
		 12, 13, 14, 15, 16, 17, 18, 19, 20, 21, 22, 23,-1,
		]
	} #IndexedFaceSet
} #Polyhedron
Separator { #Polyhedron
	DEF COORD121 Coordinate3 {
		point [
		 0.2032 1.1430 -7.0993,
		 0.2304 1.1275 -7.0993,
		 0.2496 1.1027 -7.0993,
		 0.2579 1.0725 -7.0993,
		 0.2540 1.0414 -7.0993,
		 0.2385 1.0142 -7.0993,
		 0.2137 0.9950 -7.0993,
		 0.1835 0.9867 -7.0993,
		 0.1524 0.9906 -7.0993,
		 0.1252 1.0061 -7.0993,
		 0.1060 1.0309 -7.0993,
		 0.0977 1.0611 -7.0993,
		 0.1016 1.0922 -7.0993,
		 0.1171 1.1194 -7.0993,
		 0.1419 1.1386 -7.0993,
		 0.1721 1.1469 -7.0993,
		 0.2032 1.1430 -7.1120,
		 0.2304 1.1275 -7.1120,
		 0.2496 1.1027 -7.1120,
		 0.2579 1.0725 -7.1120,
		 0.2540 1.0414 -7.1120,
		 0.2385 1.0142 -7.1120,
		 0.2137 0.9950 -7.1120,
		 0.1835 0.9867 -7.1120,
		 0.1524 0.9906 -7.1120,
		 0.1252 1.0061 -7.1120,
		 0.1060 1.0309 -7.1120,
		 0.0977 1.0611 -7.1120,
		 0.1016 1.0922 -7.1120,
		 0.1171 1.1194 -7.1120,
		 0.1419 1.1386 -7.1120,
		 0.1721 1.1469 -7.1120
		]
	} #Coordinate3
	Material {
		ambientColor      0.2500 0.0000 0.0000  #ambientColor
		diffuseColor      1.0000 0.0000 0.0000  #diffuseColor
		transparency      0.0000                #transparency
	} #Material

	Texture2 {
		filename ""  #filename
		wrapS REPEAT 
		wrapT REPEAT 
	} #Texture2

	IndexedFaceSet {
		coordIndex [ 
		 0, 1, 2, 3, 4, 5, 6, 7, 8, 9, 10, 11, 12, 13, 14, 15,-1,
		 15, 14, 13, 12, 11, 10, 9, 8, 7, 6, 5, 4, 3, 2, 1, 0,-1,
		 0, 15, 31, 16,-1,
		 16, 31, 15, 0,-1,
		 1, 0, 16, 17,-1,
		 17, 16, 0, 1,-1,
		 2, 1, 17, 18,-1,
		 18, 17, 1, 2,-1,
		 3, 2, 18, 19,-1,
		 19, 18, 2, 3,-1,
		 4, 3, 19, 20,-1,
		 20, 19, 3, 4,-1,
		 5, 4, 20, 21,-1,
		 21, 20, 4, 5,-1,
		 6, 5, 21, 22,-1,
		 22, 21, 5, 6,-1,
		 7, 6, 22, 23,-1,
		 23, 22, 6, 7,-1,
		 8, 7, 23, 24,-1,
		 24, 23, 7, 8,-1,
		 9, 8, 24, 25,-1,
		 25, 24, 8, 9,-1,
		 10, 9, 25, 26,-1,
		 26, 25, 9, 10,-1,
		 11, 10, 26, 27,-1,
		 27, 26, 10, 11,-1,
		 12, 11, 27, 28,-1,
		 28, 27, 11, 12,-1,
		 13, 12, 28, 29,-1,
		 29, 28, 12, 13,-1,
		 14, 13, 29, 30,-1,
		 30, 29, 13, 14,-1,
		 15, 14, 30, 31,-1,
		 31, 30, 14, 15,-1,
		 31, 30, 29, 28, 27, 26, 25, 24, 23, 22, 21, 20, 19, 18, 17, 16,-1,
		 16, 17, 18, 19, 20, 21, 22, 23, 24, 25, 26, 27, 28, 29, 30, 31,-1,
		]
	} #IndexedFaceSet
} #Polyhedron
Separator { #Polyhedron
	DEF COORD122 Coordinate3 {
		point [
		 0.0254 1.1430 -7.0993,
		 0.0526 1.1275 -7.0993,
		 0.0718 1.1027 -7.0993,
		 0.0801 1.0725 -7.0993,
		 0.0762 1.0414 -7.0993,
		 0.0607 1.0142 -7.0993,
		 0.0359 0.9950 -7.0993,
		 0.0057 0.9867 -7.0993,
		 -0.0254 0.9906 -7.0993,
		 -0.0526 1.0061 -7.0993,
		 -0.0718 1.0309 -7.0993,
		 -0.0801 1.0611 -7.0993,
		 -0.0762 1.0922 -7.0993,
		 -0.0607 1.1194 -7.0993,
		 -0.0359 1.1386 -7.0993,
		 -0.0057 1.1469 -7.0993,
		 0.0254 1.1430 -7.1120,
		 0.0526 1.1275 -7.1120,
		 0.0718 1.1027 -7.1120,
		 0.0801 1.0725 -7.1120,
		 0.0762 1.0414 -7.1120,
		 0.0607 1.0142 -7.1120,
		 0.0359 0.9950 -7.1120,
		 0.0057 0.9867 -7.1120,
		 -0.0254 0.9906 -7.1120,
		 -0.0526 1.0061 -7.1120,
		 -0.0718 1.0309 -7.1120,
		 -0.0801 1.0611 -7.1120,
		 -0.0762 1.0922 -7.1120,
		 -0.0607 1.1194 -7.1120,
		 -0.0359 1.1386 -7.1120,
		 -0.0057 1.1469 -7.1120
		]
	} #Coordinate3
	Material {
		ambientColor      0.0000 0.1500 0.0000  #ambientColor
		diffuseColor      0.0000 0.6000 0.0000  #diffuseColor
		transparency      0.0000                #transparency
	} #Material

	IndexedFaceSet {
		coordIndex [ 
		 0, 1, 2, 3, 4, 5, 6, 7, 8, 9, 10, 11, 12, 13, 14, 15,-1,
		 15, 14, 13, 12, 11, 10, 9, 8, 7, 6, 5, 4, 3, 2, 1, 0,-1,
		 0, 15, 31, 16,-1,
		 16, 31, 15, 0,-1,
		 1, 0, 16, 17,-1,
		 17, 16, 0, 1,-1,
		 2, 1, 17, 18,-1,
		 18, 17, 1, 2,-1,
		 3, 2, 18, 19,-1,
		 19, 18, 2, 3,-1,
		 4, 3, 19, 20,-1,
		 20, 19, 3, 4,-1,
		 5, 4, 20, 21,-1,
		 21, 20, 4, 5,-1,
		 6, 5, 21, 22,-1,
		 22, 21, 5, 6,-1,
		 7, 6, 22, 23,-1,
		 23, 22, 6, 7,-1,
		 8, 7, 23, 24,-1,
		 24, 23, 7, 8,-1,
		 9, 8, 24, 25,-1,
		 25, 24, 8, 9,-1,
		 10, 9, 25, 26,-1,
		 26, 25, 9, 10,-1,
		 11, 10, 26, 27,-1,
		 27, 26, 10, 11,-1,
		 12, 11, 27, 28,-1,
		 28, 27, 11, 12,-1,
		 13, 12, 28, 29,-1,
		 29, 28, 12, 13,-1,
		 14, 13, 29, 30,-1,
		 30, 29, 13, 14,-1,
		 15, 14, 30, 31,-1,
		 31, 30, 14, 15,-1,
		 31, 30, 29, 28, 27, 26, 25, 24, 23, 22, 21, 20, 19, 18, 17, 16,-1,
		 16, 17, 18, 19, 20, 21, 22, 23, 24, 25, 26, 27, 28, 29, 30, 31,-1,
		]
	} #IndexedFaceSet
} #Polyhedron
Separator { #Polyhedron
	DEF COORD123 Coordinate3 {
		point [
		 -0.1524 1.1430 -7.0993,
		 -0.1252 1.1275 -7.0993,
		 -0.1060 1.1027 -7.0993,
		 -0.0977 1.0725 -7.0993,
		 -0.1016 1.0414 -7.0993,
		 -0.1171 1.0142 -7.0993,
		 -0.1419 0.9950 -7.0993,
		 -0.1721 0.9867 -7.0993,
		 -0.2032 0.9906 -7.0993,
		 -0.2304 1.0061 -7.0993,
		 -0.2496 1.0309 -7.0993,
		 -0.2579 1.0611 -7.0993,
		 -0.2540 1.0922 -7.0993,
		 -0.2385 1.1194 -7.0993,
		 -0.2137 1.1386 -7.0993,
		 -0.1835 1.1469 -7.0993,
		 -0.1524 1.1430 -7.1120,
		 -0.1252 1.1275 -7.1120,
		 -0.1060 1.1027 -7.1120,
		 -0.0977 1.0725 -7.1120,
		 -0.1016 1.0414 -7.1120,
		 -0.1171 1.0142 -7.1120,
		 -0.1419 0.9950 -7.1120,
		 -0.1721 0.9867 -7.1120,
		 -0.2032 0.9906 -7.1120,
		 -0.2304 1.0061 -7.1120,
		 -0.2496 1.0309 -7.1120,
		 -0.2579 1.0611 -7.1120,
		 -0.2540 1.0922 -7.1120,
		 -0.2385 1.1194 -7.1120,
		 -0.2137 1.1386 -7.1120,
		 -0.1835 1.1469 -7.1120
		]
	} #Coordinate3
	Material {
		ambientColor      0.0000 0.1000 0.2500  #ambientColor
		diffuseColor      0.0000 0.4000 1.0000  #diffuseColor
		transparency      0.0000                #transparency
	} #Material

	IndexedFaceSet {
		coordIndex [ 
		 0, 1, 2, 3, 4, 5, 6, 7, 8, 9, 10, 11, 12, 13, 14, 15,-1,
		 15, 14, 13, 12, 11, 10, 9, 8, 7, 6, 5, 4, 3, 2, 1, 0,-1,
		 0, 15, 31, 16,-1,
		 16, 31, 15, 0,-1,
		 1, 0, 16, 17,-1,
		 17, 16, 0, 1,-1,
		 2, 1, 17, 18,-1,
		 18, 17, 1, 2,-1,
		 3, 2, 18, 19,-1,
		 19, 18, 2, 3,-1,
		 4, 3, 19, 20,-1,
		 20, 19, 3, 4,-1,
		 5, 4, 20, 21,-1,
		 21, 20, 4, 5,-1,
		 6, 5, 21, 22,-1,
		 22, 21, 5, 6,-1,
		 7, 6, 22, 23,-1,
		 23, 22, 6, 7,-1,
		 8, 7, 23, 24,-1,
		 24, 23, 7, 8,-1,
		 9, 8, 24, 25,-1,
		 25, 24, 8, 9,-1,
		 10, 9, 25, 26,-1,
		 26, 25, 9, 10,-1,
		 11, 10, 26, 27,-1,
		 27, 26, 10, 11,-1,
		 12, 11, 27, 28,-1,
		 28, 27, 11, 12,-1,
		 13, 12, 28, 29,-1,
		 29, 28, 12, 13,-1,
		 14, 13, 29, 30,-1,
		 30, 29, 13, 14,-1,
		 15, 14, 30, 31,-1,
		 31, 30, 14, 15,-1,
		 31, 30, 29, 28, 27, 26, 25, 24, 23, 22, 21, 20, 19, 18, 17, 16,-1,
		 16, 17, 18, 19, 20, 21, 22, 23, 24, 25, 26, 27, 28, 29, 30, 31,-1,
		]
	} #IndexedFaceSet
} #Polyhedron
Separator { #Polyhedron
	DEF COORD124 Coordinate3 {
		point [
		 0.1270 1.2192 -6.3627,
		 0.1270 1.1938 -6.3627,
		 -0.1270 1.1938 -6.3627,
		 -0.1270 1.2192 -6.3627,
		 0.1270 1.2192 -6.5151,
		 0.1270 1.1938 -6.5151,
		 -0.1270 1.1938 -6.5151,
		 -0.1270 1.2192 -6.5151,
		 0.1270 1.1938 -6.4961,
		 -0.1270 1.1938 -6.4961,
		 0.1270 1.1938 -6.4897,
		 0.0571 1.1938 -6.4961,
		 0.0571 1.1938 -6.4897,
		 -0.0571 1.1938 -6.4897,
		 -0.0571 1.1938 -6.4834,
		 0.1270 1.1938 -6.4834,
		 0.1270 1.1938 -6.4897,
		 -0.0571 1.1938 -6.4961,
		 -0.0571 1.1938 -6.4897,
		 -0.0381 1.1938 -6.4897,
		 -0.0381 1.1938 -6.4961,
		 0.1270 1.1938 -6.4770,
		 0.0127 1.1938 -6.4834,
		 0.0127 1.1938 -6.4770,
		 -0.0571 1.1938 -6.4834,
		 -0.0571 1.1938 -6.4770,
		 -0.0381 1.1938 -6.4770,
		 -0.0381 1.1938 -6.4834,
		 -0.1270 1.1938 -6.4770,
		 -0.1270 1.1938 -6.4516,
		 0.1270 1.1938 -6.4516,
		 0.1270 1.1938 -6.4770,
		 -0.1270 1.1938 -6.4961,
		 -0.1270 1.1938 -6.4770,
		 -0.1143 1.1938 -6.4770,
		 -0.1143 1.1938 -6.4961,
		 0.1270 1.1938 -6.4453,
		 0.1270 1.1938 -6.4516,
		 0.0825 1.1938 -6.4516,
		 0.0825 1.1938 -6.4453,
		 -0.0571 1.1938 -6.4453,
		 -0.0571 1.1938 -6.4389,
		 0.1270 1.1938 -6.4389,
		 0.1270 1.1938 -6.4453,
		 -0.0571 1.1938 -6.4516,
		 -0.0381 1.1938 -6.4453,
		 -0.0381 1.1938 -6.4516,
		 0.1270 1.1938 -6.4326,
		 0.0254 1.1938 -6.4389,
		 0.0254 1.1938 -6.4326,
		 -0.0571 1.1938 -6.4389,
		 -0.0571 1.1938 -6.4326,
		 -0.0381 1.1938 -6.4326,
		 -0.0381 1.1938 -6.4389,
		 -0.1270 1.1938 -6.4326,
		 -0.1270 1.1938 -6.4072,
		 0.1270 1.1938 -6.4072,
		 0.1270 1.1938 -6.4326,
		 -0.1270 1.1938 -6.4516,
		 -0.1270 1.1938 -6.4326,
		 -0.1143 1.1938 -6.4326,
		 -0.1143 1.1938 -6.4516,
		 0.1270 1.1938 -6.4008,
		 0.0698 1.1938 -6.4072,
		 0.0698 1.1938 -6.4008,
		 0.0190 1.1938 -6.4072,
		 0.0190 1.1938 -6.4008,
		 0.0317 1.1938 -6.4008,
		 0.0317 1.1938 -6.4072,
		 -0.0571 1.1938 -6.4008,
		 -0.0571 1.1938 -6.3945,
		 0.1270 1.1938 -6.3945,
		 0.1270 1.1938 -6.4008,
		 -0.0571 1.1938 -6.4072,
		 -0.0571 1.1938 -6.4008,
		 -0.0381 1.1938 -6.4008,
		 -0.0381 1.1938 -6.4072,
		 0.1270 1.1938 -6.3881,
		 0.0571 1.1938 -6.3945,
		 0.0571 1.1938 -6.3881,
		 -0.0571 1.1938 -6.3945,
		 -0.0571 1.1938 -6.3881,
		 -0.0381 1.1938 -6.3881,
		 -0.0381 1.1938 -6.3945,
		 -0.1270 1.1938 -6.3881,
		 0.1270 1.1938 -6.3881,
		 -0.1270 1.1938 -6.4072,
		 -0.1270 1.1938 -6.3881,
		 -0.1143 1.1938 -6.3881,
		 -0.1143 1.1938 -6.4072,
		 -0.0571 1.1938 -6.3881,
		 -0.0571 1.1938 -6.4326,
		 -0.0571 1.1938 -6.4770,
		 0.0190 1.1938 -6.4008,
		 -0.1270 1.1938 -6.4961,
		 0.1270 1.1938 -6.4961,
		 0.1270 1.1938 -6.4897,
		 0.1270 1.1938 -6.4897,
		 0.1270 1.1938 -6.4834,
		 -0.0571 1.1938 -6.4834,
		 -0.0571 1.1938 -6.4897,
		 -0.0571 1.1938 -6.4897,
		 0.1270 1.1938 -6.4770,
		 -0.0571 1.1938 -6.4770,
		 -0.0571 1.1938 -6.4834,
		 0.1270 1.1938 -6.4770,
		 0.1270 1.1938 -6.4516,
		 -0.1270 1.1938 -6.4516,
		 -0.1270 1.1938 -6.4770,
		 -0.1270 1.1938 -6.4770,
		 -0.1270 1.1938 -6.4961,
		 0.1270 1.1938 -6.4516,
		 0.1270 1.1938 -6.4453,
		 0.1270 1.1938 -6.4453,
		 0.1270 1.1938 -6.4389,
		 -0.0571 1.1938 -6.4389,
		 -0.0571 1.1938 -6.4453,
		 0.1270 1.1938 -6.4326,
		 -0.0571 1.1938 -6.4326,
		 -0.0571 1.1938 -6.4389,
		 0.1270 1.1938 -6.4326,
		 0.1270 1.1938 -6.4072,
		 -0.1270 1.1938 -6.4072,
		 -0.1270 1.1938 -6.4326,
		 -0.1270 1.1938 -6.4326,
		 -0.1270 1.1938 -6.4516,
		 0.1270 1.1938 -6.4008,
		 0.0190 1.1938 -6.4008,
		 0.1270 1.1938 -6.4008,
		 0.1270 1.1938 -6.3945,
		 -0.0571 1.1938 -6.3945,
		 -0.0571 1.1938 -6.4008,
		 -0.0571 1.1938 -6.4008,
		 0.1270 1.1938 -6.3881,
		 -0.0571 1.1938 -6.3881,
		 -0.0571 1.1938 -6.3945,
		 0.1270 1.1938 -6.3881,
		 -0.1270 1.1938 -6.3881,
		 -0.1270 1.1938 -6.3881,
		 -0.1270 1.1938 -6.4072
		]
	} #Coordinate3
	Material {
		ambientColor      0.1951 0.1951 0.1951  #ambientColor
		diffuseColor      0.7804 0.7804 0.7804  #diffuseColor
		transparency      0.0000                #transparency
	} #Material

	IndexedFaceSet {
		coordIndex [ 
		 0, 1, 2, 3,-1,
		 3, 2, 1, 0,-1,
		]
	} #IndexedFaceSet
	Material {
		ambientColor      0.1951 0.1951 0.1951  #ambientColor
		diffuseColor      0.7804 0.7804 0.7804  #diffuseColor
		transparency      1.0000                #transparency
	} #Material

	IndexedFaceSet {
		coordIndex [ 
		 4, 7, 3, 0,-1,
		]
	} #IndexedFaceSet
	Material {
		ambientColor      0.1951 0.1951 0.1951  #ambientColor
		diffuseColor      0.7804 0.7804 0.7804  #diffuseColor
		transparency      0.0000                #transparency
	} #Material

	IndexedFaceSet {
		coordIndex [ 
		 1, 0, 4, 5,-1,
		 5, 4, 0, 1,-1,
		 8, 5, 6, 9,-1,
		 10, 8, 11, 12,-1,
		 13, 14, 15, 16,-1,
		 17, 18, 19, 20,-1,
		 21, 15, 22, 23,-1,
		 24, 25, 26, 27,-1,
		 28, 29, 30, 31,-1,
		 32, 33, 34, 35,-1,
		 36, 37, 38, 39,-1,
		 40, 41, 42, 43,-1,
		 44, 40, 45, 46,-1,
		 47, 42, 48, 49,-1,
		 50, 51, 52, 53,-1,
		 54, 55, 56, 57,-1,
		 58, 59, 60, 61,-1,
		 62, 56, 63, 64,-1,
		 65, 66, 67, 68,-1,
		 69, 70, 71, 72,-1,
		 73, 74, 75, 76,-1,
		 77, 71, 78, 79,-1,
		 80, 81, 82, 83,-1,
		 84, 2, 1, 85,-1,
		 86, 87, 88, 89,-1,
		]
	} #IndexedFaceSet
	Material {
		ambientColor      0.0000 0.0000 0.1500  #ambientColor
		diffuseColor      0.0000 0.0000 0.6000  #diffuseColor
		transparency      0.0000                #transparency
	} #Material

	IndexedFaceSet {
		coordIndex [ 
		 90, 73, 89, 88,-1,
		 91, 44, 61, 60,-1,
		 92, 17, 35, 34,-1,
		]
	} #IndexedFaceSet
	Material {
		ambientColor      0.0971 0.0971 0.0971  #ambientColor
		diffuseColor      0.3882 0.3882 0.3882  #diffuseColor
		transparency      0.0000                #transparency
	} #Material

	IndexedFaceSet {
		coordIndex [ 
		 79, 78, 83, 82,-1,
		 93, 65, 76, 75,-1,
		 49, 48, 53, 52,-1,
		 46, 45, 39, 38,-1,
		 23, 22, 27, 26,-1,
		 12, 11, 20, 19,-1,
		 64, 63, 68, 67,-1,
		]
	} #IndexedFaceSet
	Material {
		ambientColor      0.1951 0.1951 0.1951  #ambientColor
		diffuseColor      0.7804 0.7804 0.7804  #diffuseColor
		transparency      0.0000                #transparency
	} #Material

	IndexedFaceSet {
		coordIndex [ 
		 94, 6, 5, 95,-1,
		 12, 11, 95, 96,-1,
		 97, 98, 99, 100,-1,
		 20, 19, 101, 17,-1,
		 23, 22, 98, 102,-1,
		 27, 26, 103, 104,-1,
		 105, 106, 107, 108,-1,
		 35, 34, 109, 110,-1,
		 39, 38, 111, 112,-1,
		 113, 114, 115, 116,-1,
		 46, 45, 116, 44,-1,
		 49, 48, 114, 117,-1,
		 53, 52, 118, 119,-1,
		 120, 121, 122, 123,-1,
		 61, 60, 124, 125,-1,
		 64, 63, 121, 126,-1,
		 68, 67, 127, 65,-1,
		 128, 129, 130, 131,-1,
		 76, 75, 132, 73,-1,
		 79, 78, 129, 133,-1,
		 83, 82, 134, 135,-1,
		 136, 1, 2, 137,-1,
		 89, 88, 138, 139,-1,
		]
	} #IndexedFaceSet
	Material {
		ambientColor      0.0000 0.0000 0.1500  #ambientColor
		diffuseColor      0.0000 0.0000 0.6000  #diffuseColor
		transparency      0.0000                #transparency
	} #Material

	IndexedFaceSet {
		coordIndex [ 
		 88, 89, 73, 90,-1,
		 60, 61, 44, 91,-1,
		 34, 35, 17, 92,-1,
		]
	} #IndexedFaceSet
	Material {
		ambientColor      0.0971 0.0971 0.0971  #ambientColor
		diffuseColor      0.3882 0.3882 0.3882  #diffuseColor
		transparency      0.0000                #transparency
	} #Material

	IndexedFaceSet {
		coordIndex [ 
		 82, 83, 78, 79,-1,
		 75, 76, 65, 93,-1,
		 52, 53, 48, 49,-1,
		 38, 39, 45, 46,-1,
		 26, 27, 22, 23,-1,
		 19, 20, 11, 12,-1,
		 67, 68, 63, 64,-1,
		]
	} #IndexedFaceSet
	Material {
		ambientColor      0.1951 0.1951 0.1951  #ambientColor
		diffuseColor      0.7804 0.7804 0.7804  #diffuseColor
		transparency      0.0000                #transparency
	} #Material

	IndexedFaceSet {
		coordIndex [ 
		 3, 2, 6, 7,-1,
		 7, 6, 2, 3,-1,
		 7, 6, 5, 4,-1,
		 4, 5, 6, 7,-1,
		]
	} #IndexedFaceSet
} #Polyhedron
Separator { #Polyhedron
	DEF COORD125 Coordinate3 {
		point [
		 0.0254 1.9599 -8.7710,
		 0.0254 1.9511 -8.7210,
		 -0.0254 1.9511 -8.7210,
		 -0.0254 1.9599 -8.7710,
		 0.0254 0.0088 -9.1149,
		 0.0254 0.0000 -9.0649,
		 -0.0254 0.0000 -9.0649,
		 -0.0254 0.0088 -9.1149
		]
	} #Coordinate3
	Material {
		ambientColor      0.1245 0.0000 0.0000  #ambientColor
		diffuseColor      0.4980 0.0000 0.0000  #diffuseColor
		transparency      0.0000                #transparency
	} #Material

	IndexedFaceSet {
		coordIndex [ 
		 0, 1, 2, 3,-1,
		 3, 2, 1, 0,-1,
		 0, 3, 7, 4,-1,
		 4, 7, 3, 0,-1,
		 1, 0, 4, 5,-1,
		 5, 4, 0, 1,-1,
		 2, 1, 5, 6,-1,
		 6, 5, 1, 2,-1,
		 3, 2, 6, 7,-1,
		 7, 6, 2, 3,-1,
		 7, 6, 5, 4,-1,
		 4, 5, 6, 7,-1,
		]
	} #IndexedFaceSet
} #Polyhedron
Separator { #Polyhedron
	DEF COORD126 Coordinate3 {
		point [
		 0.6096 1.9568 -8.6326,
		 0.6096 1.9348 -8.6656,
		 0.6096 1.9018 -8.6876,
		 0.6096 1.8629 -8.6953,
		 0.6096 1.8241 -8.6876,
		 0.6096 1.7911 -8.6656,
		 0.6096 1.7691 -8.6326,
		 0.6096 1.7613 -8.5937,
		 0.6096 1.7691 -8.5549,
		 0.6096 1.7911 -8.5219,
		 0.6096 1.8241 -8.4999,
		 0.6096 1.8629 -8.4921,
		 0.6096 1.9018 -8.4999,
		 0.6096 1.9348 -8.5219,
		 0.6096 1.9568 -8.5549,
		 0.6096 1.9645 -8.5937,
		 -0.6096 1.9568 -8.6326,
		 -0.6096 1.9348 -8.6656,
		 -0.6096 1.9018 -8.6876,
		 -0.6096 1.8629 -8.6953,
		 -0.6096 1.8241 -8.6876,
		 -0.6096 1.7911 -8.6656,
		 -0.6096 1.7691 -8.6326,
		 -0.6096 1.7613 -8.5937,
		 -0.6096 1.7691 -8.5549,
		 -0.6096 1.7911 -8.5219,
		 -0.6096 1.8241 -8.4999,
		 -0.6096 1.8629 -8.4921,
		 -0.6096 1.9018 -8.4999,
		 -0.6096 1.9348 -8.5219,
		 -0.6096 1.9568 -8.5549,
		 -0.6096 1.9645 -8.5937
		]
	} #Coordinate3
	Material {
		ambientColor      0.0971 0.0971 0.0971  #ambientColor
		diffuseColor      0.3882 0.3882 0.3882  #diffuseColor
		transparency      0.0000                #transparency
	} #Material

	IndexedFaceSet {
		coordIndex [ 
		 0, 1, 2, 3, 4, 5, 6, 7, 8, 9, 10, 11, 12, 13, 14, 15,-1,
		 15, 14, 13, 12, 11, 10, 9, 8, 7, 6, 5, 4, 3, 2, 1, 0,-1,
		 0, 15, 31, 16,-1,
		 16, 31, 15, 0,-1,
		 1, 0, 16, 17,-1,
		 17, 16, 0, 1,-1,
		 2, 1, 17, 18,-1,
		 18, 17, 1, 2,-1,
		 3, 2, 18, 19,-1,
		 19, 18, 2, 3,-1,
		 4, 3, 19, 20,-1,
		 20, 19, 3, 4,-1,
		 5, 4, 20, 21,-1,
		 21, 20, 4, 5,-1,
		 6, 5, 21, 22,-1,
		 22, 21, 5, 6,-1,
		 7, 6, 22, 23,-1,
		 23, 22, 6, 7,-1,
		 8, 7, 23, 24,-1,
		 24, 23, 7, 8,-1,
		 9, 8, 24, 25,-1,
		 25, 24, 8, 9,-1,
		 10, 9, 25, 26,-1,
		 26, 25, 9, 10,-1,
		 11, 10, 26, 27,-1,
		 27, 26, 10, 11,-1,
		 12, 11, 27, 28,-1,
		 28, 27, 11, 12,-1,
		 13, 12, 28, 29,-1,
		 29, 28, 12, 13,-1,
		 14, 13, 29, 30,-1,
		 30, 29, 13, 14,-1,
		 15, 14, 30, 31,-1,
		 31, 30, 14, 15,-1,
		 31, 30, 29, 28, 27, 26, 25, 24, 23, 22, 21, 20, 19, 18, 17, 16,-1,
		 16, 17, 18, 19, 20, 21, 22, 23, 24, 25, 26, 27, 28, 29, 30, 31,-1,
		]
	} #IndexedFaceSet
} #Polyhedron
Separator { #Polyhedron
	DEF COORD127 Coordinate3 {
		point [
		 -0.5588 1.7613 -8.5937,
		 -0.5588 0.6437 -8.5937,
		 0.5588 0.6437 -8.5937,
		 0.5588 1.7613 -8.5937,
		 -0.5588 1.7613 -8.5683,
		 -0.5588 0.6437 -8.5683,
		 0.5588 0.6437 -8.5683,
		 0.5588 1.7613 -8.5683
		]
	} #Coordinate3
	Material {
		ambientColor      0.1951 0.1951 0.1951  #ambientColor
		diffuseColor      0.7804 0.7804 0.7804  #diffuseColor
		transparency      0.0000                #transparency
	} #Material

	IndexedFaceSet {
		coordIndex [ 
		 0, 1, 2, 3,-1,
		 3, 2, 1, 0,-1,
		 0, 3, 7, 4,-1,
		 4, 7, 3, 0,-1,
		 1, 0, 4, 5,-1,
		 5, 4, 0, 1,-1,
		 2, 1, 5, 6,-1,
		 6, 5, 1, 2,-1,
		 3, 2, 6, 7,-1,
		 7, 6, 2, 3,-1,
		 7, 6, 5, 4,-1,
		 4, 5, 6, 7,-1,
		]
	} #IndexedFaceSet
} #Polyhedron
Separator { #Polyhedron
	DEF COORD128 Coordinate3 {
		point [
		 0.0000 1.9645 -8.7461,
		 -0.5080 0.0341 -8.7461,
		 0.5080 0.0341 -8.7461,
		 0.0000 1.9645 -8.6953,
		 -0.5080 0.0341 -8.6953,
		 0.5080 0.0341 -8.6953,
		 -0.4946 0.0849 -8.7461,
		 0.4946 0.0849 -8.7461,
		 0.0000 1.8121 -8.7461,
		 0.4572 0.0849 -8.7461,
		 0.4946 0.0849 -8.7461,
		 0.0401 1.8121 -8.7461,
		 0.0401 1.8121 -8.7461,
		 -0.0401 1.8121 -8.7461,
		 -0.4572 0.0849 -8.7461,
		 -0.4946 0.0849 -8.7461,
		 0.4946 0.0849 -8.7461,
		 -0.4946 0.0849 -8.7461,
		 0.0401 1.8121 -8.7461,
		 0.4946 0.0849 -8.7461,
		 -0.0401 1.8121 -8.7461,
		 0.0401 1.8121 -8.7461,
		 -0.4946 0.0849 -8.7461,
		 -0.0401 1.8121 -8.6953,
		 0.0401 1.8121 -8.6953,
		 -0.4946 0.0849 -8.6953,
		 0.0000 1.8121 -8.6953,
		 -0.4572 0.0849 -8.6953,
		 0.4946 0.0849 -8.6953,
		 -0.4946 0.0849 -8.6953,
		 0.0401 1.8121 -8.6953,
		 0.4572 0.0849 -8.6953,
		 0.0401 1.8121 -8.6953,
		 -0.0401 1.8121 -8.6953,
		 -0.4946 0.0849 -8.6953,
		 -0.4946 0.0849 -8.6953,
		 0.4946 0.0849 -8.6953,
		 0.0401 1.8121 -8.6953
		]
	} #Coordinate3
	Material {
		ambientColor      0.1245 0.0000 0.0000  #ambientColor
		diffuseColor      0.4980 0.0000 0.0000  #diffuseColor
		transparency      0.0000                #transparency
	} #Material

	IndexedFaceSet {
		coordIndex [ 
		 6, 1, 2, 7,-1,
		 8, 9, 10, 11,-1,
		 12, 0, 13,-1,
		 14, 8, 13, 15,-1,
		 16, 2, 1, 17,-1,
		 18, 19, 9, 8,-1,
		 20, 0, 21,-1,
		 22, 20, 8, 14,-1,
		 0, 2, 5, 3,-1,
		 3, 5, 2, 0,-1,
		 1, 0, 3, 4,-1,
		 4, 3, 0, 1,-1,
		 2, 1, 4, 5,-1,
		 5, 4, 1, 2,-1,
		 23, 3, 24,-1,
		 25, 23, 26, 27,-1,
		 28, 5, 4, 29,-1,
		 30, 28, 31, 26,-1,
		 32, 3, 33,-1,
		 27, 26, 33, 34,-1,
		 35, 4, 5, 36,-1,
		 26, 31, 36, 37,-1,
		]
	} #IndexedFaceSet
} #Polyhedron
Separator { #Polyhedron
	DEF COORD129 Coordinate3 {
		point [
		 0.0000 1.8121 -8.7461,
		 -0.4572 0.0849 -8.7461,
		 0.4572 0.0849 -8.7461,
		 0.0000 1.8121 -8.6953,
		 -0.4572 0.0849 -8.6953,
		 0.4572 0.0849 -8.6953
		]
	} #Coordinate3
	Material {
		ambientColor      0.1245 0.0000 0.0000  #ambientColor
		diffuseColor      0.4980 0.0000 0.0000  #diffuseColor
		transparency      1.0000                #transparency
	} #Material

	Texture2 {
		filename ""  #filename
		wrapS REPEAT 
		wrapT REPEAT 
	} #Texture2

	IndexedFaceSet {
		coordIndex [ 
		 2, 1, 0,-1,
		]
	} #IndexedFaceSet
	Material {
		ambientColor      0.1245 0.0000 0.0000  #ambientColor
		diffuseColor      0.4980 0.0000 0.0000  #diffuseColor
		transparency      0.0000                #transparency
	} #Material

	IndexedFaceSet {
		coordIndex [ 
		 0, 2, 5, 3,-1,
		 3, 5, 2, 0,-1,
		 1, 0, 3, 4,-1,
		 4, 3, 0, 1,-1,
		 2, 1, 4, 5,-1,
		 5, 4, 1, 2,-1,
		]
	} #IndexedFaceSet
	Material {
		ambientColor      0.1245 0.0000 0.0000  #ambientColor
		diffuseColor      0.4980 0.0000 0.0000  #diffuseColor
		transparency      1.0000                #transparency
	} #Material

	IndexedFaceSet {
		coordIndex [ 
		 3, 4, 5,-1,
		]
	} #IndexedFaceSet
} #Polyhedron
Separator { #Polyhedron
	DEF COORD130 Coordinate3 {
		point [
		 0.9144 2.1336 -0.0000,
		 0.9144 0.0000 -0.0000,
		 0.0000 0.0000 -0.0000,
		 0.0000 2.1336 -0.0000,
		 0.9144 2.1336 -0.0508,
		 0.9144 0.0000 -0.0508,
		 0.0000 0.0000 -0.0508,
		 0.0000 2.1336 -0.0508
		]
	} #Coordinate3
	Material {
		ambientColor      0.1735 0.1735 0.1735  #ambientColor
		diffuseColor      0.6941 0.6941 0.6941  #diffuseColor
		transparency      0.0000                #transparency
	} #Material

	Texture2 {
		filename ""  #filename
		wrapS REPEAT 
		wrapT REPEAT 
	} #Texture2

	IndexedFaceSet {
		coordIndex [ 
		 0, 1, 2, 3,-1,
		 3, 2, 1, 0,-1,
		 0, 3, 7, 4,-1,
		 4, 7, 3, 0,-1,
		 1, 0, 4, 5,-1,
		 5, 4, 0, 1,-1,
		 2, 1, 5, 6,-1,
		 6, 5, 1, 2,-1,
		 3, 2, 6, 7,-1,
		 7, 6, 2, 3,-1,
		 7, 6, 5, 4,-1,
		 4, 5, 6, 7,-1,
		]
	} #IndexedFaceSet
} #Polyhedron
Separator { #Polyhedron
	DEF COORD131 Coordinate3 {
		point [
		 0.1397 0.9144 -0.0508,
		 0.1397 0.9449 -0.0597,
		 0.1514 0.9426 -0.0597,
		 0.1613 0.9360 -0.0597,
		 0.1679 0.9261 -0.0597,
		 0.1702 0.9144 -0.0597,
		 0.1679 0.9027 -0.0597,
		 0.1613 0.8928 -0.0597,
		 0.1514 0.8862 -0.0597,
		 0.1397 0.8839 -0.0597,
		 0.1280 0.8862 -0.0597,
		 0.1182 0.8928 -0.0597,
		 0.1115 0.9027 -0.0597,
		 0.1092 0.9144 -0.0597,
		 0.1115 0.9261 -0.0597,
		 0.1182 0.9360 -0.0597,
		 0.1280 0.9426 -0.0597,
		 0.1397 0.9550 -0.0686,
		 0.1553 0.9519 -0.0686,
		 0.1684 0.9431 -0.0686,
		 0.1773 0.9300 -0.0686,
		 0.1803 0.9144 -0.0686,
		 0.1773 0.8988 -0.0686,
		 0.1684 0.8857 -0.0686,
		 0.1553 0.8769 -0.0686,
		 0.1397 0.8738 -0.0686,
		 0.1242 0.8769 -0.0686,
		 0.1110 0.8857 -0.0686,
		 0.1022 0.8988 -0.0686,
		 0.0991 0.9144 -0.0686,
		 0.1022 0.9300 -0.0686,
		 0.1110 0.9431 -0.0686,
		 0.1242 0.9519 -0.0686,
		 0.1397 0.9610 -0.0775,
		 0.1575 0.9574 -0.0775,
		 0.1726 0.9473 -0.0775,
		 0.1827 0.9322 -0.0775,
		 0.1863 0.9144 -0.0775,
		 0.1827 0.8966 -0.0775,
		 0.1726 0.8815 -0.0775,
		 0.1575 0.8714 -0.0775,
		 0.1397 0.8678 -0.0775,
		 0.1219 0.8714 -0.0775,
		 0.1068 0.8815 -0.0775,
		 0.0967 0.8966 -0.0775,
		 0.0931 0.9144 -0.0775,
		 0.0967 0.9322 -0.0775,
		 0.1068 0.9473 -0.0775,
		 0.1219 0.9574 -0.0775,
		 0.1397 0.9642 -0.0864,
		 0.1588 0.9604 -0.0864,
		 0.1749 0.9496 -0.0864,
		 0.1857 0.9334 -0.0864,
		 0.1895 0.9144 -0.0864,
		 0.1857 0.8954 -0.0864,
		 0.1749 0.8792 -0.0864,
		 0.1588 0.8684 -0.0864,
		 0.1397 0.8646 -0.0864,
		 0.1207 0.8684 -0.0864,
		 0.1045 0.8792 -0.0864,
		 0.0937 0.8954 -0.0864,
		 0.0899 0.9144 -0.0864,
		 0.0937 0.9334 -0.0864,
		 0.1045 0.9496 -0.0864,
		 0.1207 0.9604 -0.0864,
		 0.1397 0.9652 -0.0952,
		 0.1591 0.9613 -0.0952,
		 0.1756 0.9503 -0.0952,
		 0.1866 0.9338 -0.0952,
		 0.1905 0.9144 -0.0952,
		 0.1866 0.8950 -0.0952,
		 0.1756 0.8785 -0.0952,
		 0.1591 0.8675 -0.0952,
		 0.1397 0.8636 -0.0952,
		 0.1203 0.8675 -0.0952,
		 0.1038 0.8785 -0.0952,
		 0.0928 0.8950 -0.0952,
		 0.0889 0.9144 -0.0952,
		 0.0928 0.9338 -0.0952,
		 0.1038 0.9503 -0.0952,
		 0.1203 0.9613 -0.0952,
		 0.1397 0.9642 -0.1041,
		 0.1588 0.9604 -0.1041,
		 0.1749 0.9496 -0.1041,
		 0.1857 0.9334 -0.1041,
		 0.1895 0.9144 -0.1041,
		 0.1857 0.8954 -0.1041,
		 0.1749 0.8792 -0.1041,
		 0.1588 0.8684 -0.1041,
		 0.1397 0.8646 -0.1041,
		 0.1207 0.8684 -0.1041,
		 0.1045 0.8792 -0.1041,
		 0.0937 0.8954 -0.1041,
		 0.0899 0.9144 -0.1041,
		 0.0937 0.9334 -0.1041,
		 0.1045 0.9496 -0.1041,
		 0.1207 0.9604 -0.1041,
		 0.1397 0.9610 -0.1130,
		 0.1575 0.9574 -0.1130,
		 0.1726 0.9473 -0.1130,
		 0.1827 0.9322 -0.1130,
		 0.1863 0.9144 -0.1130,
		 0.1827 0.8966 -0.1130,
		 0.1726 0.8815 -0.1130,
		 0.1575 0.8714 -0.1130,
		 0.1397 0.8678 -0.1130,
		 0.1219 0.8714 -0.1130,
		 0.1068 0.8815 -0.1130,
		 0.0967 0.8966 -0.1130,
		 0.0931 0.9144 -0.1130,
		 0.0967 0.9322 -0.1130,
		 0.1068 0.9473 -0.1130,
		 0.1219 0.9574 -0.1130,
		 0.1397 0.9550 -0.1219,
		 0.1553 0.9519 -0.1219,
		 0.1684 0.9431 -0.1219,
		 0.1773 0.9300 -0.1219,
		 0.1803 0.9144 -0.1219,
		 0.1773 0.8988 -0.1219,
		 0.1684 0.8857 -0.1219,
		 0.1553 0.8769 -0.1219,
		 0.1397 0.8738 -0.1219,
		 0.1242 0.8769 -0.1219,
		 0.1110 0.8857 -0.1219,
		 0.1022 0.8988 -0.1219,
		 0.0991 0.9144 -0.1219,
		 0.1022 0.9300 -0.1219,
		 0.1110 0.9431 -0.1219,
		 0.1242 0.9519 -0.1219,
		 0.1397 0.9449 -0.1308,
		 0.1514 0.9426 -0.1308,
		 0.1613 0.9360 -0.1308,
		 0.1679 0.9261 -0.1308,
		 0.1702 0.9144 -0.1308,
		 0.1679 0.9027 -0.1308,
		 0.1613 0.8928 -0.1308,
		 0.1514 0.8862 -0.1308,
		 0.1397 0.8839 -0.1308,
		 0.1280 0.8862 -0.1308,
		 0.1182 0.8928 -0.1308,
		 0.1115 0.9027 -0.1308,
		 0.1092 0.9144 -0.1308,
		 0.1115 0.9261 -0.1308,
		 0.1182 0.9360 -0.1308,
		 0.1280 0.9426 -0.1308,
		 0.1397 0.9144 -0.1397
		]
	} #Coordinate3
	Material {
		ambientColor      0.1804 0.1804 0.1804  #ambientColor
		diffuseColor      0.7216 0.7216 0.7216  #diffuseColor
		transparency      0.0000                #transparency
	} #Material

	IndexedFaceSet {
		coordIndex [ 
		 0, 16, 1,-1,
		 1, 16, 0,-1,
		 0, 1, 2,-1,
		 2, 1, 0,-1,
		 0, 2, 3,-1,
		 3, 2, 0,-1,
		 0, 3, 4,-1,
		 4, 3, 0,-1,
		 0, 4, 5,-1,
		 5, 4, 0,-1,
		 0, 5, 6,-1,
		 6, 5, 0,-1,
		 0, 6, 7,-1,
		 7, 6, 0,-1,
		 0, 7, 8,-1,
		 8, 7, 0,-1,
		 0, 8, 9,-1,
		 9, 8, 0,-1,
		 0, 9, 10,-1,
		 10, 9, 0,-1,
		 0, 10, 11,-1,
		 11, 10, 0,-1,
		 0, 11, 12,-1,
		 12, 11, 0,-1,
		 0, 12, 13,-1,
		 13, 12, 0,-1,
		 0, 13, 14,-1,
		 14, 13, 0,-1,
		 0, 14, 15,-1,
		 15, 14, 0,-1,
		 0, 15, 16,-1,
		 16, 15, 0,-1,
		 1, 16, 32, 17,-1,
		 17, 32, 16, 1,-1,
		 2, 1, 17, 18,-1,
		 18, 17, 1, 2,-1,
		 3, 2, 18, 19,-1,
		 19, 18, 2, 3,-1,
		 4, 3, 19, 20,-1,
		 20, 19, 3, 4,-1,
		 5, 4, 20, 21,-1,
		 21, 20, 4, 5,-1,
		 6, 5, 21, 22,-1,
		 22, 21, 5, 6,-1,
		 7, 6, 22, 23,-1,
		 23, 22, 6, 7,-1,
		 8, 7, 23, 24,-1,
		 24, 23, 7, 8,-1,
		 9, 8, 24, 25,-1,
		 25, 24, 8, 9,-1,
		 10, 9, 25, 26,-1,
		 26, 25, 9, 10,-1,
		 11, 10, 26, 27,-1,
		 27, 26, 10, 11,-1,
		 12, 11, 27, 28,-1,
		 28, 27, 11, 12,-1,
		 13, 12, 28, 29,-1,
		 29, 28, 12, 13,-1,
		 14, 13, 29, 30,-1,
		 30, 29, 13, 14,-1,
		 15, 14, 30, 31,-1,
		 31, 30, 14, 15,-1,
		 16, 15, 31, 32,-1,
		 32, 31, 15, 16,-1,
		 17, 32, 48, 33,-1,
		 33, 48, 32, 17,-1,
		 18, 17, 33, 34,-1,
		 34, 33, 17, 18,-1,
		 19, 18, 34, 35,-1,
		 35, 34, 18, 19,-1,
		 20, 19, 35, 36,-1,
		 36, 35, 19, 20,-1,
		 21, 20, 36, 37,-1,
		 37, 36, 20, 21,-1,
		 22, 21, 37, 38,-1,
		 38, 37, 21, 22,-1,
		 23, 22, 38, 39,-1,
		 39, 38, 22, 23,-1,
		 24, 23, 39, 40,-1,
		 40, 39, 23, 24,-1,
		 25, 24, 40, 41,-1,
		 41, 40, 24, 25,-1,
		 26, 25, 41, 42,-1,
		 42, 41, 25, 26,-1,
		 27, 26, 42, 43,-1,
		 43, 42, 26, 27,-1,
		 28, 27, 43, 44,-1,
		 44, 43, 27, 28,-1,
		 29, 28, 44, 45,-1,
		 45, 44, 28, 29,-1,
		 30, 29, 45, 46,-1,
		 46, 45, 29, 30,-1,
		 31, 30, 46, 47,-1,
		 47, 46, 30, 31,-1,
		 32, 31, 47, 48,-1,
		 48, 47, 31, 32,-1,
		 33, 48, 64, 49,-1,
		 49, 64, 48, 33,-1,
		 34, 33, 49, 50,-1,
		 50, 49, 33, 34,-1,
		 35, 34, 50, 51,-1,
		 51, 50, 34, 35,-1,
		 36, 35, 51, 52,-1,
		 52, 51, 35, 36,-1,
		 37, 36, 52, 53,-1,
		 53, 52, 36, 37,-1,
		 38, 37, 53, 54,-1,
		 54, 53, 37, 38,-1,
		 39, 38, 54, 55,-1,
		 55, 54, 38, 39,-1,
		 40, 39, 55, 56,-1,
		 56, 55, 39, 40,-1,
		 41, 40, 56, 57,-1,
		 57, 56, 40, 41,-1,
		 42, 41, 57, 58,-1,
		 58, 57, 41, 42,-1,
		 43, 42, 58, 59,-1,
		 59, 58, 42, 43,-1,
		 44, 43, 59, 60,-1,
		 60, 59, 43, 44,-1,
		 45, 44, 60, 61,-1,
		 61, 60, 44, 45,-1,
		 46, 45, 61, 62,-1,
		 62, 61, 45, 46,-1,
		 47, 46, 62, 63,-1,
		 63, 62, 46, 47,-1,
		 48, 47, 63, 64,-1,
		 64, 63, 47, 48,-1,
		 49, 64, 80, 65,-1,
		 65, 80, 64, 49,-1,
		 50, 49, 65, 66,-1,
		 66, 65, 49, 50,-1,
		 51, 50, 66, 67,-1,
		 67, 66, 50, 51,-1,
		 52, 51, 67, 68,-1,
		 68, 67, 51, 52,-1,
		 53, 52, 68, 69,-1,
		 69, 68, 52, 53,-1,
		 54, 53, 69, 70,-1,
		 70, 69, 53, 54,-1,
		 55, 54, 70, 71,-1,
		 71, 70, 54, 55,-1,
		 56, 55, 71, 72,-1,
		 72, 71, 55, 56,-1,
		 57, 56, 72, 73,-1,
		 73, 72, 56, 57,-1,
		 58, 57, 73, 74,-1,
		 74, 73, 57, 58,-1,
		 59, 58, 74, 75,-1,
		 75, 74, 58, 59,-1,
		 60, 59, 75, 76,-1,
		 76, 75, 59, 60,-1,
		 61, 60, 76, 77,-1,
		 77, 76, 60, 61,-1,
		 62, 61, 77, 78,-1,
		 78, 77, 61, 62,-1,
		 63, 62, 78, 79,-1,
		 79, 78, 62, 63,-1,
		 64, 63, 79, 80,-1,
		 80, 79, 63, 64,-1,
		 65, 80, 96, 81,-1,
		 81, 96, 80, 65,-1,
		 66, 65, 81, 82,-1,
		 82, 81, 65, 66,-1,
		 67, 66, 82, 83,-1,
		 83, 82, 66, 67,-1,
		 68, 67, 83, 84,-1,
		 84, 83, 67, 68,-1,
		 69, 68, 84, 85,-1,
		 85, 84, 68, 69,-1,
		 70, 69, 85, 86,-1,
		 86, 85, 69, 70,-1,
		 71, 70, 86, 87,-1,
		 87, 86, 70, 71,-1,
		 72, 71, 87, 88,-1,
		 88, 87, 71, 72,-1,
		 73, 72, 88, 89,-1,
		 89, 88, 72, 73,-1,
		 74, 73, 89, 90,-1,
		 90, 89, 73, 74,-1,
		 75, 74, 90, 91,-1,
		 91, 90, 74, 75,-1,
		 76, 75, 91, 92,-1,
		 92, 91, 75, 76,-1,
		 77, 76, 92, 93,-1,
		 93, 92, 76, 77,-1,
		 78, 77, 93, 94,-1,
		 94, 93, 77, 78,-1,
		 79, 78, 94, 95,-1,
		 95, 94, 78, 79,-1,
		 80, 79, 95, 96,-1,
		 96, 95, 79, 80,-1,
		 81, 96, 112, 97,-1,
		 97, 112, 96, 81,-1,
		 82, 81, 97, 98,-1,
		 98, 97, 81, 82,-1,
		 83, 82, 98, 99,-1,
		 99, 98, 82, 83,-1,
		 84, 83, 99, 100,-1,
		 100, 99, 83, 84,-1,
		 85, 84, 100, 101,-1,
		 101, 100, 84, 85,-1,
		 86, 85, 101, 102,-1,
		 102, 101, 85, 86,-1,
		 87, 86, 102, 103,-1,
		 103, 102, 86, 87,-1,
		 88, 87, 103, 104,-1,
		 104, 103, 87, 88,-1,
		 89, 88, 104, 105,-1,
		 105, 104, 88, 89,-1,
		 90, 89, 105, 106,-1,
		 106, 105, 89, 90,-1,
		 91, 90, 106, 107,-1,
		 107, 106, 90, 91,-1,
		 92, 91, 107, 108,-1,
		 108, 107, 91, 92,-1,
		 93, 92, 108, 109,-1,
		 109, 108, 92, 93,-1,
		 94, 93, 109, 110,-1,
		 110, 109, 93, 94,-1,
		 95, 94, 110, 111,-1,
		 111, 110, 94, 95,-1,
		 96, 95, 111, 112,-1,
		 112, 111, 95, 96,-1,
		 97, 112, 128, 113,-1,
		 113, 128, 112, 97,-1,
		 98, 97, 113, 114,-1,
		 114, 113, 97, 98,-1,
		 99, 98, 114, 115,-1,
		 115, 114, 98, 99,-1,
		 100, 99, 115, 116,-1,
		 116, 115, 99, 100,-1,
		 101, 100, 116, 117,-1,
		 117, 116, 100, 101,-1,
		 102, 101, 117, 118,-1,
		 118, 117, 101, 102,-1,
		 103, 102, 118, 119,-1,
		 119, 118, 102, 103,-1,
		 104, 103, 119, 120,-1,
		 120, 119, 103, 104,-1,
		 105, 104, 120, 121,-1,
		 121, 120, 104, 105,-1,
		 106, 105, 121, 122,-1,
		 122, 121, 105, 106,-1,
		 107, 106, 122, 123,-1,
		 123, 122, 106, 107,-1,
		 108, 107, 123, 124,-1,
		 124, 123, 107, 108,-1,
		 109, 108, 124, 125,-1,
		 125, 124, 108, 109,-1,
		 110, 109, 125, 126,-1,
		 126, 125, 109, 110,-1,
		 111, 110, 126, 127,-1,
		 127, 126, 110, 111,-1,
		 112, 111, 127, 128,-1,
		 128, 127, 111, 112,-1,
		 113, 128, 144, 129,-1,
		 129, 144, 128, 113,-1,
		 114, 113, 129, 130,-1,
		 130, 129, 113, 114,-1,
		 115, 114, 130, 131,-1,
		 131, 130, 114, 115,-1,
		 116, 115, 131, 132,-1,
		 132, 131, 115, 116,-1,
		 117, 116, 132, 133,-1,
		 133, 132, 116, 117,-1,
		 118, 117, 133, 134,-1,
		 134, 133, 117, 118,-1,
		 119, 118, 134, 135,-1,
		 135, 134, 118, 119,-1,
		 120, 119, 135, 136,-1,
		 136, 135, 119, 120,-1,
		 121, 120, 136, 137,-1,
		 137, 136, 120, 121,-1,
		 122, 121, 137, 138,-1,
		 138, 137, 121, 122,-1,
		 123, 122, 138, 139,-1,
		 139, 138, 122, 123,-1,
		 124, 123, 139, 140,-1,
		 140, 139, 123, 124,-1,
		 125, 124, 140, 141,-1,
		 141, 140, 124, 125,-1,
		 126, 125, 141, 142,-1,
		 142, 141, 125, 126,-1,
		 127, 126, 142, 143,-1,
		 143, 142, 126, 127,-1,
		 128, 127, 143, 144,-1,
		 144, 143, 127, 128,-1,
		 129, 144, 145,-1,
		 145, 144, 129,-1,
		 130, 129, 145,-1,
		 145, 129, 130,-1,
		 131, 130, 145,-1,
		 145, 130, 131,-1,
		 132, 131, 145,-1,
		 145, 131, 132,-1,
		 133, 132, 145,-1,
		 145, 132, 133,-1,
		 134, 133, 145,-1,
		 145, 133, 134,-1,
		 135, 134, 145,-1,
		 145, 134, 135,-1,
		 136, 135, 145,-1,
		 145, 135, 136,-1,
		 137, 136, 145,-1,
		 145, 136, 137,-1,
		 138, 137, 145,-1,
		 145, 137, 138,-1,
		 139, 138, 145,-1,
		 145, 138, 139,-1,
		 140, 139, 145,-1,
		 145, 139, 140,-1,
		 141, 140, 145,-1,
		 145, 140, 141,-1,
		 142, 141, 145,-1,
		 145, 141, 142,-1,
		 143, 142, 145,-1,
		 145, 142, 143,-1,
		 144, 143, 145,-1,
		 145, 143, 144,-1,
		]
	} #IndexedFaceSet
} #Polyhedron
Separator { #Polyhedron
	DEF COORD132 Coordinate3 {
		point [
		 0.5969 2.2987 0.0000,
		 0.5969 2.2987 -0.1270,
		 0.8382 2.2987 -0.1270,
		 0.8382 2.2987 0.0000,
		 0.5969 2.2098 0.0000,
		 0.5969 2.2098 -0.1270,
		 0.8382 2.2098 -0.1270,
		 0.8382 2.2098 0.0000
		]
	} #Coordinate3
	Material {
		ambientColor      0.1176 0.1176 0.1176  #ambientColor
		diffuseColor      0.4706 0.4706 0.4706  #diffuseColor
		transparency      0.0000                #transparency
	} #Material

	IndexedFaceSet {
		coordIndex [ 
		 0, 1, 2, 3,-1,
		 3, 2, 1, 0,-1,
		 0, 3, 7, 4,-1,
		 4, 7, 3, 0,-1,
		 1, 0, 4, 5,-1,
		 5, 4, 0, 1,-1,
		 2, 1, 5, 6,-1,
		 6, 5, 1, 2,-1,
		 3, 2, 6, 7,-1,
		 7, 6, 2, 3,-1,
		 7, 6, 5, 4,-1,
		 4, 5, 6, 7,-1,
		]
	} #IndexedFaceSet
} #Polyhedron
Separator { #Polyhedron
	DEF COORD133 Coordinate3 {
		point [
		 0.4032 2.2352 -0.2198,
		 0.4119 2.2352 -0.2437,
		 0.8283 2.2352 -0.0921,
		 0.8196 2.2352 -0.0683,
		 0.4032 2.2098 -0.2198,
		 0.4119 2.2098 -0.2437,
		 0.8283 2.2098 -0.0921,
		 0.8196 2.2098 -0.0683
		]
	} #Coordinate3
	Material {
		ambientColor      0.2500 0.2500 0.0000  #ambientColor
		diffuseColor      1.0000 1.0000 0.0000  #diffuseColor
		transparency      0.0000                #transparency
	} #Material

	IndexedFaceSet {
		coordIndex [ 
		 0, 1, 2, 3,-1,
		 3, 2, 1, 0,-1,
		 0, 3, 7, 4,-1,
		 4, 7, 3, 0,-1,
		 1, 0, 4, 5,-1,
		 5, 4, 0, 1,-1,
		 2, 1, 5, 6,-1,
		 6, 5, 1, 2,-1,
		 3, 2, 6, 7,-1,
		 7, 6, 2, 3,-1,
		 7, 6, 5, 4,-1,
		 4, 5, 6, 7,-1,
		]
	} #IndexedFaceSet
} #Polyhedron
Separator { #Polyhedron
	DEF COORD134 Coordinate3 {
		point [
		 0.3798 2.1844 -0.1965,
		 0.3842 2.1844 -0.2215,
		 0.8362 2.1844 -0.1418,
		 0.8317 2.1844 -0.1168,
		 0.3798 2.1590 -0.1965,
		 0.3842 2.1590 -0.2215,
		 0.8362 2.1590 -0.1418,
		 0.8317 2.1590 -0.1168
		]
	} #Coordinate3
	Material {
		ambientColor      0.2500 0.2500 0.0000  #ambientColor
		diffuseColor      1.0000 1.0000 0.0000  #diffuseColor
		transparency      0.0000                #transparency
	} #Material

	IndexedFaceSet {
		coordIndex [ 
		 0, 1, 2, 3,-1,
		 3, 2, 1, 0,-1,
		 0, 3, 7, 4,-1,
		 4, 7, 3, 0,-1,
		 1, 0, 4, 5,-1,
		 5, 4, 0, 1,-1,
		 2, 1, 5, 6,-1,
		 6, 5, 1, 2,-1,
		 3, 2, 6, 7,-1,
		 7, 6, 2, 3,-1,
		 7, 6, 5, 4,-1,
		 4, 5, 6, 7,-1,
		]
	} #IndexedFaceSet
} #Polyhedron
Separator { #Polyhedron
	DEF COORD135 Coordinate3 {
		point [
		 0.5969 2.1590 -0.0508,
		 0.5969 2.1590 -0.1270,
		 0.8382 2.1590 -0.1270,
		 0.8382 2.1590 -0.0508,
		 0.5969 2.1336 -0.0508,
		 0.5969 2.1336 -0.1270,
		 0.8382 2.1336 -0.1270,
		 0.8382 2.1336 -0.0508
		]
	} #Coordinate3
	Material {
		ambientColor      0.1176 0.1176 0.1176  #ambientColor
		diffuseColor      0.4706 0.4706 0.4706  #diffuseColor
		transparency      0.0000                #transparency
	} #Material

	IndexedFaceSet {
		coordIndex [ 
		 0, 1, 2, 3,-1,
		 3, 2, 1, 0,-1,
		 0, 3, 7, 4,-1,
		 4, 7, 3, 0,-1,
		 1, 0, 4, 5,-1,
		 5, 4, 0, 1,-1,
		 2, 1, 5, 6,-1,
		 6, 5, 1, 2,-1,
		 3, 2, 6, 7,-1,
		 7, 6, 2, 3,-1,
		 7, 6, 5, 4,-1,
		 4, 5, 6, 7,-1,
		]
	} #IndexedFaceSet
} #Polyhedron
Separator { #Polyhedron
	DEF COORD136 Coordinate3 {
		point [
		 -0.0000 2.1336 -0.0000,
		 -0.0000 0.0000 -0.0000,
		 -0.9144 0.0000 -0.0000,
		 -0.9144 2.1336 -0.0000,
		 -0.0000 2.1336 -0.0508,
		 -0.0000 0.0000 -0.0508,
		 -0.9144 0.0000 -0.0508,
		 -0.9144 2.1336 -0.0508
		]
	} #Coordinate3
	Material {
		ambientColor      0.1735 0.1735 0.1735  #ambientColor
		diffuseColor      0.6941 0.6941 0.6941  #diffuseColor
		transparency      0.0000                #transparency
	} #Material

	IndexedFaceSet {
		coordIndex [ 
		 0, 1, 2, 3,-1,
		 3, 2, 1, 0,-1,
		 0, 3, 7, 4,-1,
		 4, 7, 3, 0,-1,
		 1, 0, 4, 5,-1,
		 5, 4, 0, 1,-1,
		 2, 1, 5, 6,-1,
		 6, 5, 1, 2,-1,
		 3, 2, 6, 7,-1,
		 7, 6, 2, 3,-1,
		 7, 6, 5, 4,-1,
		 4, 5, 6, 7,-1,
		]
	} #IndexedFaceSet
} #Polyhedron
Separator { #Polyhedron
	DEF COORD137 Coordinate3 {
		point [
		 -0.1397 0.9144 -0.0508,
		 -0.1397 0.9449 -0.0597,
		 -0.1280 0.9426 -0.0597,
		 -0.1181 0.9360 -0.0597,
		 -0.1115 0.9261 -0.0597,
		 -0.1092 0.9144 -0.0597,
		 -0.1115 0.9027 -0.0597,
		 -0.1181 0.8928 -0.0597,
		 -0.1280 0.8862 -0.0597,
		 -0.1397 0.8839 -0.0597,
		 -0.1514 0.8862 -0.0597,
		 -0.1613 0.8928 -0.0597,
		 -0.1679 0.9027 -0.0597,
		 -0.1702 0.9144 -0.0597,
		 -0.1679 0.9261 -0.0597,
		 -0.1613 0.9360 -0.0597,
		 -0.1514 0.9426 -0.0597,
		 -0.1397 0.9550 -0.0686,
		 -0.1242 0.9519 -0.0686,
		 -0.1110 0.9431 -0.0686,
		 -0.1022 0.9300 -0.0686,
		 -0.0991 0.9144 -0.0686,
		 -0.1022 0.8988 -0.0686,
		 -0.1110 0.8857 -0.0686,
		 -0.1242 0.8769 -0.0686,
		 -0.1397 0.8738 -0.0686,
		 -0.1553 0.8769 -0.0686,
		 -0.1684 0.8857 -0.0686,
		 -0.1772 0.8988 -0.0686,
		 -0.1803 0.9144 -0.0686,
		 -0.1772 0.9300 -0.0686,
		 -0.1684 0.9431 -0.0686,
		 -0.1553 0.9519 -0.0686,
		 -0.1397 0.9610 -0.0775,
		 -0.1219 0.9574 -0.0775,
		 -0.1068 0.9473 -0.0775,
		 -0.0967 0.9322 -0.0775,
		 -0.0931 0.9144 -0.0775,
		 -0.0967 0.8966 -0.0775,
		 -0.1068 0.8815 -0.0775,
		 -0.1219 0.8714 -0.0775,
		 -0.1397 0.8678 -0.0775,
		 -0.1575 0.8714 -0.0775,
		 -0.1726 0.8815 -0.0775,
		 -0.1827 0.8966 -0.0775,
		 -0.1863 0.9144 -0.0775,
		 -0.1827 0.9322 -0.0775,
		 -0.1726 0.9473 -0.0775,
		 -0.1575 0.9574 -0.0775,
		 -0.1397 0.9642 -0.0864,
		 -0.1207 0.9604 -0.0864,
		 -0.1045 0.9496 -0.0864,
		 -0.0937 0.9334 -0.0864,
		 -0.0899 0.9144 -0.0864,
		 -0.0937 0.8954 -0.0864,
		 -0.1045 0.8792 -0.0864,
		 -0.1207 0.8684 -0.0864,
		 -0.1397 0.8646 -0.0864,
		 -0.1587 0.8684 -0.0864,
		 -0.1749 0.8792 -0.0864,
		 -0.1857 0.8954 -0.0864,
		 -0.1895 0.9144 -0.0864,
		 -0.1857 0.9334 -0.0864,
		 -0.1749 0.9496 -0.0864,
		 -0.1587 0.9604 -0.0864,
		 -0.1397 0.9652 -0.0953,
		 -0.1203 0.9613 -0.0953,
		 -0.1038 0.9503 -0.0953,
		 -0.0928 0.9338 -0.0953,
		 -0.0889 0.9144 -0.0953,
		 -0.0928 0.8950 -0.0953,
		 -0.1038 0.8785 -0.0953,
		 -0.1203 0.8675 -0.0953,
		 -0.1397 0.8636 -0.0953,
		 -0.1591 0.8675 -0.0953,
		 -0.1756 0.8785 -0.0953,
		 -0.1866 0.8950 -0.0953,
		 -0.1905 0.9144 -0.0953,
		 -0.1866 0.9338 -0.0953,
		 -0.1756 0.9503 -0.0953,
		 -0.1591 0.9613 -0.0953,
		 -0.1397 0.9642 -0.1041,
		 -0.1207 0.9604 -0.1041,
		 -0.1045 0.9496 -0.1041,
		 -0.0937 0.9334 -0.1041,
		 -0.0899 0.9144 -0.1041,
		 -0.0937 0.8954 -0.1041,
		 -0.1045 0.8792 -0.1041,
		 -0.1207 0.8684 -0.1041,
		 -0.1397 0.8646 -0.1041,
		 -0.1587 0.8684 -0.1041,
		 -0.1749 0.8792 -0.1041,
		 -0.1857 0.8954 -0.1041,
		 -0.1895 0.9144 -0.1041,
		 -0.1857 0.9334 -0.1041,
		 -0.1749 0.9496 -0.1041,
		 -0.1587 0.9604 -0.1041,
		 -0.1397 0.9610 -0.1130,
		 -0.1219 0.9574 -0.1130,
		 -0.1068 0.9473 -0.1130,
		 -0.0967 0.9322 -0.1130,
		 -0.0931 0.9144 -0.1130,
		 -0.0967 0.8966 -0.1130,
		 -0.1068 0.8815 -0.1130,
		 -0.1219 0.8714 -0.1130,
		 -0.1397 0.8678 -0.1130,
		 -0.1575 0.8714 -0.1130,
		 -0.1726 0.8815 -0.1130,
		 -0.1827 0.8966 -0.1130,
		 -0.1863 0.9144 -0.1130,
		 -0.1827 0.9322 -0.1130,
		 -0.1726 0.9473 -0.1130,
		 -0.1575 0.9574 -0.1130,
		 -0.1397 0.9550 -0.1219,
		 -0.1242 0.9519 -0.1219,
		 -0.1110 0.9431 -0.1219,
		 -0.1022 0.9300 -0.1219,
		 -0.0991 0.9144 -0.1219,
		 -0.1022 0.8988 -0.1219,
		 -0.1110 0.8857 -0.1219,
		 -0.1242 0.8769 -0.1219,
		 -0.1397 0.8738 -0.1219,
		 -0.1553 0.8769 -0.1219,
		 -0.1684 0.8857 -0.1219,
		 -0.1772 0.8988 -0.1219,
		 -0.1803 0.9144 -0.1219,
		 -0.1772 0.9300 -0.1219,
		 -0.1684 0.9431 -0.1219,
		 -0.1553 0.9519 -0.1219,
		 -0.1397 0.9449 -0.1308,
		 -0.1280 0.9426 -0.1308,
		 -0.1181 0.9360 -0.1308,
		 -0.1115 0.9261 -0.1308,
		 -0.1092 0.9144 -0.1308,
		 -0.1115 0.9027 -0.1308,
		 -0.1181 0.8928 -0.1308,
		 -0.1280 0.8862 -0.1308,
		 -0.1397 0.8839 -0.1308,
		 -0.1514 0.8862 -0.1308,
		 -0.1613 0.8928 -0.1308,
		 -0.1679 0.9027 -0.1308,
		 -0.1702 0.9144 -0.1308,
		 -0.1679 0.9261 -0.1308,
		 -0.1613 0.9360 -0.1308,
		 -0.1514 0.9426 -0.1308,
		 -0.1397 0.9144 -0.1397
		]
	} #Coordinate3
	Material {
		ambientColor      0.1804 0.1804 0.1804  #ambientColor
		diffuseColor      0.7216 0.7216 0.7216  #diffuseColor
		transparency      0.0000                #transparency
	} #Material

	IndexedFaceSet {
		coordIndex [ 
		 0, 16, 1,-1,
		 1, 16, 0,-1,
		 0, 1, 2,-1,
		 2, 1, 0,-1,
		 0, 2, 3,-1,
		 3, 2, 0,-1,
		 0, 3, 4,-1,
		 4, 3, 0,-1,
		 0, 4, 5,-1,
		 5, 4, 0,-1,
		 0, 5, 6,-1,
		 6, 5, 0,-1,
		 0, 6, 7,-1,
		 7, 6, 0,-1,
		 0, 7, 8,-1,
		 8, 7, 0,-1,
		 0, 8, 9,-1,
		 9, 8, 0,-1,
		 0, 9, 10,-1,
		 10, 9, 0,-1,
		 0, 10, 11,-1,
		 11, 10, 0,-1,
		 0, 11, 12,-1,
		 12, 11, 0,-1,
		 0, 12, 13,-1,
		 13, 12, 0,-1,
		 0, 13, 14,-1,
		 14, 13, 0,-1,
		 0, 14, 15,-1,
		 15, 14, 0,-1,
		 0, 15, 16,-1,
		 16, 15, 0,-1,
		 1, 16, 32, 17,-1,
		 17, 32, 16, 1,-1,
		 2, 1, 17, 18,-1,
		 18, 17, 1, 2,-1,
		 3, 2, 18, 19,-1,
		 19, 18, 2, 3,-1,
		 4, 3, 19, 20,-1,
		 20, 19, 3, 4,-1,
		 5, 4, 20, 21,-1,
		 21, 20, 4, 5,-1,
		 6, 5, 21, 22,-1,
		 22, 21, 5, 6,-1,
		 7, 6, 22, 23,-1,
		 23, 22, 6, 7,-1,
		 8, 7, 23, 24,-1,
		 24, 23, 7, 8,-1,
		 9, 8, 24, 25,-1,
		 25, 24, 8, 9,-1,
		 10, 9, 25, 26,-1,
		 26, 25, 9, 10,-1,
		 11, 10, 26, 27,-1,
		 27, 26, 10, 11,-1,
		 12, 11, 27, 28,-1,
		 28, 27, 11, 12,-1,
		 13, 12, 28, 29,-1,
		 29, 28, 12, 13,-1,
		 14, 13, 29, 30,-1,
		 30, 29, 13, 14,-1,
		 15, 14, 30, 31,-1,
		 31, 30, 14, 15,-1,
		 16, 15, 31, 32,-1,
		 32, 31, 15, 16,-1,
		 17, 32, 48, 33,-1,
		 33, 48, 32, 17,-1,
		 18, 17, 33, 34,-1,
		 34, 33, 17, 18,-1,
		 19, 18, 34, 35,-1,
		 35, 34, 18, 19,-1,
		 20, 19, 35, 36,-1,
		 36, 35, 19, 20,-1,
		 21, 20, 36, 37,-1,
		 37, 36, 20, 21,-1,
		 22, 21, 37, 38,-1,
		 38, 37, 21, 22,-1,
		 23, 22, 38, 39,-1,
		 39, 38, 22, 23,-1,
		 24, 23, 39, 40,-1,
		 40, 39, 23, 24,-1,
		 25, 24, 40, 41,-1,
		 41, 40, 24, 25,-1,
		 26, 25, 41, 42,-1,
		 42, 41, 25, 26,-1,
		 27, 26, 42, 43,-1,
		 43, 42, 26, 27,-1,
		 28, 27, 43, 44,-1,
		 44, 43, 27, 28,-1,
		 29, 28, 44, 45,-1,
		 45, 44, 28, 29,-1,
		 30, 29, 45, 46,-1,
		 46, 45, 29, 30,-1,
		 31, 30, 46, 47,-1,
		 47, 46, 30, 31,-1,
		 32, 31, 47, 48,-1,
		 48, 47, 31, 32,-1,
		 33, 48, 64, 49,-1,
		 49, 64, 48, 33,-1,
		 34, 33, 49, 50,-1,
		 50, 49, 33, 34,-1,
		 35, 34, 50, 51,-1,
		 51, 50, 34, 35,-1,
		 36, 35, 51, 52,-1,
		 52, 51, 35, 36,-1,
		 37, 36, 52, 53,-1,
		 53, 52, 36, 37,-1,
		 38, 37, 53, 54,-1,
		 54, 53, 37, 38,-1,
		 39, 38, 54, 55,-1,
		 55, 54, 38, 39,-1,
		 40, 39, 55, 56,-1,
		 56, 55, 39, 40,-1,
		 41, 40, 56, 57,-1,
		 57, 56, 40, 41,-1,
		 42, 41, 57, 58,-1,
		 58, 57, 41, 42,-1,
		 43, 42, 58, 59,-1,
		 59, 58, 42, 43,-1,
		 44, 43, 59, 60,-1,
		 60, 59, 43, 44,-1,
		 45, 44, 60, 61,-1,
		 61, 60, 44, 45,-1,
		 46, 45, 61, 62,-1,
		 62, 61, 45, 46,-1,
		 47, 46, 62, 63,-1,
		 63, 62, 46, 47,-1,
		 48, 47, 63, 64,-1,
		 64, 63, 47, 48,-1,
		 49, 64, 80, 65,-1,
		 65, 80, 64, 49,-1,
		 50, 49, 65, 66,-1,
		 66, 65, 49, 50,-1,
		 51, 50, 66, 67,-1,
		 67, 66, 50, 51,-1,
		 52, 51, 67, 68,-1,
		 68, 67, 51, 52,-1,
		 53, 52, 68, 69,-1,
		 69, 68, 52, 53,-1,
		 54, 53, 69, 70,-1,
		 70, 69, 53, 54,-1,
		 55, 54, 70, 71,-1,
		 71, 70, 54, 55,-1,
		 56, 55, 71, 72,-1,
		 72, 71, 55, 56,-1,
		 57, 56, 72, 73,-1,
		 73, 72, 56, 57,-1,
		 58, 57, 73, 74,-1,
		 74, 73, 57, 58,-1,
		 59, 58, 74, 75,-1,
		 75, 74, 58, 59,-1,
		 60, 59, 75, 76,-1,
		 76, 75, 59, 60,-1,
		 61, 60, 76, 77,-1,
		 77, 76, 60, 61,-1,
		 62, 61, 77, 78,-1,
		 78, 77, 61, 62,-1,
		 63, 62, 78, 79,-1,
		 79, 78, 62, 63,-1,
		 64, 63, 79, 80,-1,
		 80, 79, 63, 64,-1,
		 65, 80, 96, 81,-1,
		 81, 96, 80, 65,-1,
		 66, 65, 81, 82,-1,
		 82, 81, 65, 66,-1,
		 67, 66, 82, 83,-1,
		 83, 82, 66, 67,-1,
		 68, 67, 83, 84,-1,
		 84, 83, 67, 68,-1,
		 69, 68, 84, 85,-1,
		 85, 84, 68, 69,-1,
		 70, 69, 85, 86,-1,
		 86, 85, 69, 70,-1,
		 71, 70, 86, 87,-1,
		 87, 86, 70, 71,-1,
		 72, 71, 87, 88,-1,
		 88, 87, 71, 72,-1,
		 73, 72, 88, 89,-1,
		 89, 88, 72, 73,-1,
		 74, 73, 89, 90,-1,
		 90, 89, 73, 74,-1,
		 75, 74, 90, 91,-1,
		 91, 90, 74, 75,-1,
		 76, 75, 91, 92,-1,
		 92, 91, 75, 76,-1,
		 77, 76, 92, 93,-1,
		 93, 92, 76, 77,-1,
		 78, 77, 93, 94,-1,
		 94, 93, 77, 78,-1,
		 79, 78, 94, 95,-1,
		 95, 94, 78, 79,-1,
		 80, 79, 95, 96,-1,
		 96, 95, 79, 80,-1,
		 81, 96, 112, 97,-1,
		 97, 112, 96, 81,-1,
		 82, 81, 97, 98,-1,
		 98, 97, 81, 82,-1,
		 83, 82, 98, 99,-1,
		 99, 98, 82, 83,-1,
		 84, 83, 99, 100,-1,
		 100, 99, 83, 84,-1,
		 85, 84, 100, 101,-1,
		 101, 100, 84, 85,-1,
		 86, 85, 101, 102,-1,
		 102, 101, 85, 86,-1,
		 87, 86, 102, 103,-1,
		 103, 102, 86, 87,-1,
		 88, 87, 103, 104,-1,
		 104, 103, 87, 88,-1,
		 89, 88, 104, 105,-1,
		 105, 104, 88, 89,-1,
		 90, 89, 105, 106,-1,
		 106, 105, 89, 90,-1,
		 91, 90, 106, 107,-1,
		 107, 106, 90, 91,-1,
		 92, 91, 107, 108,-1,
		 108, 107, 91, 92,-1,
		 93, 92, 108, 109,-1,
		 109, 108, 92, 93,-1,
		 94, 93, 109, 110,-1,
		 110, 109, 93, 94,-1,
		 95, 94, 110, 111,-1,
		 111, 110, 94, 95,-1,
		 96, 95, 111, 112,-1,
		 112, 111, 95, 96,-1,
		 97, 112, 128, 113,-1,
		 113, 128, 112, 97,-1,
		 98, 97, 113, 114,-1,
		 114, 113, 97, 98,-1,
		 99, 98, 114, 115,-1,
		 115, 114, 98, 99,-1,
		 100, 99, 115, 116,-1,
		 116, 115, 99, 100,-1,
		 101, 100, 116, 117,-1,
		 117, 116, 100, 101,-1,
		 102, 101, 117, 118,-1,
		 118, 117, 101, 102,-1,
		 103, 102, 118, 119,-1,
		 119, 118, 102, 103,-1,
		 104, 103, 119, 120,-1,
		 120, 119, 103, 104,-1,
		 105, 104, 120, 121,-1,
		 121, 120, 104, 105,-1,
		 106, 105, 121, 122,-1,
		 122, 121, 105, 106,-1,
		 107, 106, 122, 123,-1,
		 123, 122, 106, 107,-1,
		 108, 107, 123, 124,-1,
		 124, 123, 107, 108,-1,
		 109, 108, 124, 125,-1,
		 125, 124, 108, 109,-1,
		 110, 109, 125, 126,-1,
		 126, 125, 109, 110,-1,
		 111, 110, 126, 127,-1,
		 127, 126, 110, 111,-1,
		 112, 111, 127, 128,-1,
		 128, 127, 111, 112,-1,
		 113, 128, 144, 129,-1,
		 129, 144, 128, 113,-1,
		 114, 113, 129, 130,-1,
		 130, 129, 113, 114,-1,
		 115, 114, 130, 131,-1,
		 131, 130, 114, 115,-1,
		 116, 115, 131, 132,-1,
		 132, 131, 115, 116,-1,
		 117, 116, 132, 133,-1,
		 133, 132, 116, 117,-1,
		 118, 117, 133, 134,-1,
		 134, 133, 117, 118,-1,
		 119, 118, 134, 135,-1,
		 135, 134, 118, 119,-1,
		 120, 119, 135, 136,-1,
		 136, 135, 119, 120,-1,
		 121, 120, 136, 137,-1,
		 137, 136, 120, 121,-1,
		 122, 121, 137, 138,-1,
		 138, 137, 121, 122,-1,
		 123, 122, 138, 139,-1,
		 139, 138, 122, 123,-1,
		 124, 123, 139, 140,-1,
		 140, 139, 123, 124,-1,
		 125, 124, 140, 141,-1,
		 141, 140, 124, 125,-1,
		 126, 125, 141, 142,-1,
		 142, 141, 125, 126,-1,
		 127, 126, 142, 143,-1,
		 143, 142, 126, 127,-1,
		 128, 127, 143, 144,-1,
		 144, 143, 127, 128,-1,
		 129, 144, 145,-1,
		 145, 144, 129,-1,
		 130, 129, 145,-1,
		 145, 129, 130,-1,
		 131, 130, 145,-1,
		 145, 130, 131,-1,
		 132, 131, 145,-1,
		 145, 131, 132,-1,
		 133, 132, 145,-1,
		 145, 132, 133,-1,
		 134, 133, 145,-1,
		 145, 133, 134,-1,
		 135, 134, 145,-1,
		 145, 134, 135,-1,
		 136, 135, 145,-1,
		 145, 135, 136,-1,
		 137, 136, 145,-1,
		 145, 136, 137,-1,
		 138, 137, 145,-1,
		 145, 137, 138,-1,
		 139, 138, 145,-1,
		 145, 138, 139,-1,
		 140, 139, 145,-1,
		 145, 139, 140,-1,
		 141, 140, 145,-1,
		 145, 140, 141,-1,
		 142, 141, 145,-1,
		 145, 141, 142,-1,
		 143, 142, 145,-1,
		 145, 142, 143,-1,
		 144, 143, 145,-1,
		 145, 143, 144,-1,
		]
	} #IndexedFaceSet
} #Polyhedron
Separator { #Polyhedron
	DEF COORD138 Coordinate3 {
		point [
		 -0.8763 2.2987 -0.0000,
		 -0.8763 2.2987 -0.1270,
		 -0.6350 2.2987 -0.1270,
		 -0.6350 2.2987 -0.0000,
		 -0.8763 2.2098 -0.0000,
		 -0.8763 2.2098 -0.1270,
		 -0.6350 2.2098 -0.1270,
		 -0.6350 2.2098 -0.0000
		]
	} #Coordinate3
	Material {
		ambientColor      0.1176 0.1176 0.1176  #ambientColor
		diffuseColor      0.4706 0.4706 0.4706  #diffuseColor
		transparency      0.0000                #transparency
	} #Material

	IndexedFaceSet {
		coordIndex [ 
		 0, 1, 2, 3,-1,
		 3, 2, 1, 0,-1,
		 0, 3, 7, 4,-1,
		 4, 7, 3, 0,-1,
		 1, 0, 4, 5,-1,
		 5, 4, 0, 1,-1,
		 2, 1, 5, 6,-1,
		 6, 5, 1, 2,-1,
		 3, 2, 6, 7,-1,
		 7, 6, 2, 3,-1,
		 7, 6, 5, 4,-1,
		 4, 5, 6, 7,-1,
		]
	} #IndexedFaceSet
} #Polyhedron
Separator { #Polyhedron
	DEF COORD139 Coordinate3 {
		point [
		 -0.3893 2.2352 -0.1316,
		 -0.3871 2.2352 -0.1063,
		 -0.8285 2.2352 -0.0677,
		 -0.8307 2.2352 -0.0930,
		 -0.3893 2.2098 -0.1316,
		 -0.3871 2.2098 -0.1063,
		 -0.8285 2.2098 -0.0677,
		 -0.8307 2.2098 -0.0930
		]
	} #Coordinate3
	Material {
		ambientColor      0.2500 0.2500 0.0000  #ambientColor
		diffuseColor      1.0000 1.0000 0.0000  #diffuseColor
		transparency      0.0000                #transparency
	} #Material

	IndexedFaceSet {
		coordIndex [ 
		 0, 1, 2, 3,-1,
		 3, 2, 1, 0,-1,
		 0, 3, 7, 4,-1,
		 4, 7, 3, 0,-1,
		 1, 0, 4, 5,-1,
		 5, 4, 0, 1,-1,
		 2, 1, 5, 6,-1,
		 6, 5, 1, 2,-1,
		 3, 2, 6, 7,-1,
		 7, 6, 2, 3,-1,
		 7, 6, 5, 4,-1,
		 4, 5, 6, 7,-1,
		]
	} #IndexedFaceSet
} #Polyhedron
Separator { #Polyhedron
	DEF COORD140 Coordinate3 {
		point [
		 -0.3780 2.1844 -0.1627,
		 -0.3714 2.1844 -0.1382,
		 -0.8146 2.1844 -0.0194,
		 -0.8212 2.1844 -0.0439,
		 -0.3780 2.1590 -0.1627,
		 -0.3714 2.1590 -0.1382,
		 -0.8146 2.1590 -0.0194,
		 -0.8212 2.1590 -0.0439
		]
	} #Coordinate3
	Material {
		ambientColor      0.2500 0.2500 0.0000  #ambientColor
		diffuseColor      1.0000 1.0000 0.0000  #diffuseColor
		transparency      0.0000                #transparency
	} #Material

	IndexedFaceSet {
		coordIndex [ 
		 0, 1, 2, 3,-1,
		 3, 2, 1, 0,-1,
		 0, 3, 7, 4,-1,
		 4, 7, 3, 0,-1,
		 1, 0, 4, 5,-1,
		 5, 4, 0, 1,-1,
		 2, 1, 5, 6,-1,
		 6, 5, 1, 2,-1,
		 3, 2, 6, 7,-1,
		 7, 6, 2, 3,-1,
		 7, 6, 5, 4,-1,
		 4, 5, 6, 7,-1,
		]
	} #IndexedFaceSet
} #Polyhedron
Separator { #Polyhedron
	DEF COORD141 Coordinate3 {
		point [
		 -0.8763 2.1590 -0.0508,
		 -0.8763 2.1590 -0.1270,
		 -0.6350 2.1590 -0.1270,
		 -0.6350 2.1590 -0.0508,
		 -0.8763 2.1336 -0.0508,
		 -0.8763 2.1336 -0.1270,
		 -0.6350 2.1336 -0.1270,
		 -0.6350 2.1336 -0.0508
		]
	} #Coordinate3
	Material {
		ambientColor      0.1176 0.1176 0.1176  #ambientColor
		diffuseColor      0.4706 0.4706 0.4706  #diffuseColor
		transparency      0.0000                #transparency
	} #Material

	IndexedFaceSet {
		coordIndex [ 
		 0, 1, 2, 3,-1,
		 3, 2, 1, 0,-1,
		 0, 3, 7, 4,-1,
		 4, 7, 3, 0,-1,
		 1, 0, 4, 5,-1,
		 5, 4, 0, 1,-1,
		 2, 1, 5, 6,-1,
		 6, 5, 1, 2,-1,
		 3, 2, 6, 7,-1,
		 7, 6, 2, 3,-1,
		 7, 6, 5, 4,-1,
		 4, 5, 6, 7,-1,
		]
	} #IndexedFaceSet
} #Polyhedron
Separator { #Polyhedron
	DEF COORD142 Coordinate3 {
		point [
		 6.0960 2.1336 -3.5052,
		 6.0960 0.0000 -3.5052,
		 6.0960 0.0000 -2.5908,
		 6.0960 2.1336 -2.5908,
		 6.0452 2.1336 -3.5052,
		 6.0452 0.0000 -3.5052,
		 6.0452 0.0000 -2.5908,
		 6.0452 2.1336 -2.5908
		]
	} #Coordinate3
	Material {
		ambientColor      0.1735 0.1735 0.1735  #ambientColor
		diffuseColor      0.6941 0.6941 0.6941  #diffuseColor
		transparency      0.0000                #transparency
	} #Material

	IndexedFaceSet {
		coordIndex [ 
		 0, 1, 2, 3,-1,
		 3, 2, 1, 0,-1,
		 0, 3, 7, 4,-1,
		 4, 7, 3, 0,-1,
		 1, 0, 4, 5,-1,
		 5, 4, 0, 1,-1,
		 2, 1, 5, 6,-1,
		 6, 5, 1, 2,-1,
		 3, 2, 6, 7,-1,
		 7, 6, 2, 3,-1,
		 7, 6, 5, 4,-1,
		 4, 5, 6, 7,-1,
		]
	} #IndexedFaceSet
} #Polyhedron
Separator { #Polyhedron
	DEF COORD143 Coordinate3 {
		point [
		 6.0452 0.9144 -2.7305,
		 6.0363 0.9449 -2.7305,
		 6.0363 0.9426 -2.7422,
		 6.0363 0.9360 -2.7521,
		 6.0363 0.9261 -2.7587,
		 6.0363 0.9144 -2.7610,
		 6.0363 0.9027 -2.7587,
		 6.0363 0.8928 -2.7521,
		 6.0363 0.8862 -2.7422,
		 6.0363 0.8839 -2.7305,
		 6.0363 0.8862 -2.7188,
		 6.0363 0.8928 -2.7090,
		 6.0363 0.9027 -2.7023,
		 6.0363 0.9144 -2.7000,
		 6.0363 0.9261 -2.7023,
		 6.0363 0.9360 -2.7090,
		 6.0363 0.9426 -2.7188,
		 6.0274 0.9550 -2.7305,
		 6.0274 0.9519 -2.7461,
		 6.0274 0.9431 -2.7592,
		 6.0274 0.9300 -2.7681,
		 6.0274 0.9144 -2.7711,
		 6.0274 0.8988 -2.7681,
		 6.0274 0.8857 -2.7592,
		 6.0274 0.8769 -2.7461,
		 6.0274 0.8738 -2.7305,
		 6.0274 0.8769 -2.7150,
		 6.0274 0.8857 -2.7018,
		 6.0274 0.8988 -2.6930,
		 6.0274 0.9144 -2.6899,
		 6.0274 0.9300 -2.6930,
		 6.0274 0.9431 -2.7018,
		 6.0274 0.9519 -2.7150,
		 6.0185 0.9610 -2.7305,
		 6.0185 0.9574 -2.7483,
		 6.0185 0.9473 -2.7634,
		 6.0185 0.9322 -2.7735,
		 6.0185 0.9144 -2.7771,
		 6.0185 0.8966 -2.7735,
		 6.0185 0.8815 -2.7634,
		 6.0185 0.8714 -2.7483,
		 6.0185 0.8678 -2.7305,
		 6.0185 0.8714 -2.7127,
		 6.0185 0.8815 -2.6976,
		 6.0185 0.8966 -2.6875,
		 6.0185 0.9144 -2.6840,
		 6.0185 0.9322 -2.6875,
		 6.0185 0.9473 -2.6976,
		 6.0185 0.9574 -2.7127,
		 6.0097 0.9642 -2.7305,
		 6.0097 0.9604 -2.7496,
		 6.0097 0.9496 -2.7657,
		 6.0097 0.9334 -2.7765,
		 6.0097 0.9144 -2.7803,
		 6.0097 0.8954 -2.7765,
		 6.0097 0.8792 -2.7657,
		 6.0097 0.8684 -2.7496,
		 6.0097 0.8646 -2.7305,
		 6.0097 0.8684 -2.7115,
		 6.0097 0.8792 -2.6953,
		 6.0097 0.8954 -2.6845,
		 6.0097 0.9144 -2.6807,
		 6.0097 0.9334 -2.6845,
		 6.0097 0.9496 -2.6953,
		 6.0097 0.9604 -2.7115,
		 6.0008 0.9652 -2.7305,
		 6.0008 0.9613 -2.7500,
		 6.0008 0.9503 -2.7664,
		 6.0008 0.9338 -2.7774,
		 6.0008 0.9144 -2.7813,
		 6.0008 0.8950 -2.7774,
		 6.0008 0.8785 -2.7664,
		 6.0008 0.8675 -2.7500,
		 6.0008 0.8636 -2.7305,
		 6.0008 0.8675 -2.7111,
		 6.0008 0.8785 -2.6946,
		 6.0008 0.8950 -2.6836,
		 6.0008 0.9144 -2.6797,
		 6.0008 0.9338 -2.6836,
		 6.0008 0.9503 -2.6946,
		 6.0008 0.9613 -2.7111,
		 5.9919 0.9642 -2.7305,
		 5.9919 0.9604 -2.7496,
		 5.9919 0.9496 -2.7657,
		 5.9919 0.9334 -2.7765,
		 5.9919 0.9144 -2.7803,
		 5.9919 0.8954 -2.7765,
		 5.9919 0.8792 -2.7657,
		 5.9919 0.8684 -2.7496,
		 5.9919 0.8646 -2.7305,
		 5.9919 0.8684 -2.7115,
		 5.9919 0.8792 -2.6953,
		 5.9919 0.8954 -2.6845,
		 5.9919 0.9144 -2.6807,
		 5.9919 0.9334 -2.6845,
		 5.9919 0.9496 -2.6953,
		 5.9919 0.9604 -2.7115,
		 5.9830 0.9610 -2.7305,
		 5.9830 0.9574 -2.7483,
		 5.9830 0.9473 -2.7634,
		 5.9830 0.9322 -2.7735,
		 5.9830 0.9144 -2.7771,
		 5.9830 0.8966 -2.7735,
		 5.9830 0.8815 -2.7634,
		 5.9830 0.8714 -2.7483,
		 5.9830 0.8678 -2.7305,
		 5.9830 0.8714 -2.7127,
		 5.9830 0.8815 -2.6976,
		 5.9830 0.8966 -2.6875,
		 5.9830 0.9144 -2.6840,
		 5.9830 0.9322 -2.6875,
		 5.9830 0.9473 -2.6976,
		 5.9830 0.9574 -2.7127,
		 5.9741 0.9550 -2.7305,
		 5.9741 0.9519 -2.7461,
		 5.9741 0.9431 -2.7592,
		 5.9741 0.9300 -2.7681,
		 5.9741 0.9144 -2.7711,
		 5.9741 0.8988 -2.7681,
		 5.9741 0.8857 -2.7592,
		 5.9741 0.8769 -2.7461,
		 5.9741 0.8738 -2.7305,
		 5.9741 0.8769 -2.7150,
		 5.9741 0.8857 -2.7018,
		 5.9741 0.8988 -2.6930,
		 5.9741 0.9144 -2.6899,
		 5.9741 0.9300 -2.6930,
		 5.9741 0.9431 -2.7018,
		 5.9741 0.9519 -2.7150,
		 5.9652 0.9449 -2.7305,
		 5.9652 0.9426 -2.7422,
		 5.9652 0.9360 -2.7521,
		 5.9652 0.9261 -2.7587,
		 5.9652 0.9144 -2.7610,
		 5.9652 0.9027 -2.7587,
		 5.9652 0.8928 -2.7521,
		 5.9652 0.8862 -2.7422,
		 5.9652 0.8839 -2.7305,
		 5.9652 0.8862 -2.7188,
		 5.9652 0.8928 -2.7090,
		 5.9652 0.9027 -2.7023,
		 5.9652 0.9144 -2.7000,
		 5.9652 0.9261 -2.7023,
		 5.9652 0.9360 -2.7090,
		 5.9652 0.9426 -2.7188,
		 5.9563 0.9144 -2.7305
		]
	} #Coordinate3
	Material {
		ambientColor      0.1804 0.1804 0.1804  #ambientColor
		diffuseColor      0.7216 0.7216 0.7216  #diffuseColor
		transparency      0.0000                #transparency
	} #Material

	IndexedFaceSet {
		coordIndex [ 
		 0, 16, 1,-1,
		 1, 16, 0,-1,
		 0, 1, 2,-1,
		 2, 1, 0,-1,
		 0, 2, 3,-1,
		 3, 2, 0,-1,
		 0, 3, 4,-1,
		 4, 3, 0,-1,
		 0, 4, 5,-1,
		 5, 4, 0,-1,
		 0, 5, 6,-1,
		 6, 5, 0,-1,
		 0, 6, 7,-1,
		 7, 6, 0,-1,
		 0, 7, 8,-1,
		 8, 7, 0,-1,
		 0, 8, 9,-1,
		 9, 8, 0,-1,
		 0, 9, 10,-1,
		 10, 9, 0,-1,
		 0, 10, 11,-1,
		 11, 10, 0,-1,
		 0, 11, 12,-1,
		 12, 11, 0,-1,
		 0, 12, 13,-1,
		 13, 12, 0,-1,
		 0, 13, 14,-1,
		 14, 13, 0,-1,
		 0, 14, 15,-1,
		 15, 14, 0,-1,
		 0, 15, 16,-1,
		 16, 15, 0,-1,
		 1, 16, 32, 17,-1,
		 17, 32, 16, 1,-1,
		 2, 1, 17, 18,-1,
		 18, 17, 1, 2,-1,
		 3, 2, 18, 19,-1,
		 19, 18, 2, 3,-1,
		 4, 3, 19, 20,-1,
		 20, 19, 3, 4,-1,
		 5, 4, 20, 21,-1,
		 21, 20, 4, 5,-1,
		 6, 5, 21, 22,-1,
		 22, 21, 5, 6,-1,
		 7, 6, 22, 23,-1,
		 23, 22, 6, 7,-1,
		 8, 7, 23, 24,-1,
		 24, 23, 7, 8,-1,
		 9, 8, 24, 25,-1,
		 25, 24, 8, 9,-1,
		 10, 9, 25, 26,-1,
		 26, 25, 9, 10,-1,
		 11, 10, 26, 27,-1,
		 27, 26, 10, 11,-1,
		 12, 11, 27, 28,-1,
		 28, 27, 11, 12,-1,
		 13, 12, 28, 29,-1,
		 29, 28, 12, 13,-1,
		 14, 13, 29, 30,-1,
		 30, 29, 13, 14,-1,
		 15, 14, 30, 31,-1,
		 31, 30, 14, 15,-1,
		 16, 15, 31, 32,-1,
		 32, 31, 15, 16,-1,
		 17, 32, 48, 33,-1,
		 33, 48, 32, 17,-1,
		 18, 17, 33, 34,-1,
		 34, 33, 17, 18,-1,
		 19, 18, 34, 35,-1,
		 35, 34, 18, 19,-1,
		 20, 19, 35, 36,-1,
		 36, 35, 19, 20,-1,
		 21, 20, 36, 37,-1,
		 37, 36, 20, 21,-1,
		 22, 21, 37, 38,-1,
		 38, 37, 21, 22,-1,
		 23, 22, 38, 39,-1,
		 39, 38, 22, 23,-1,
		 24, 23, 39, 40,-1,
		 40, 39, 23, 24,-1,
		 25, 24, 40, 41,-1,
		 41, 40, 24, 25,-1,
		 26, 25, 41, 42,-1,
		 42, 41, 25, 26,-1,
		 27, 26, 42, 43,-1,
		 43, 42, 26, 27,-1,
		 28, 27, 43, 44,-1,
		 44, 43, 27, 28,-1,
		 29, 28, 44, 45,-1,
		 45, 44, 28, 29,-1,
		 30, 29, 45, 46,-1,
		 46, 45, 29, 30,-1,
		 31, 30, 46, 47,-1,
		 47, 46, 30, 31,-1,
		 32, 31, 47, 48,-1,
		 48, 47, 31, 32,-1,
		 33, 48, 64, 49,-1,
		 49, 64, 48, 33,-1,
		 34, 33, 49, 50,-1,
		 50, 49, 33, 34,-1,
		 35, 34, 50, 51,-1,
		 51, 50, 34, 35,-1,
		 36, 35, 51, 52,-1,
		 52, 51, 35, 36,-1,
		 37, 36, 52, 53,-1,
		 53, 52, 36, 37,-1,
		 38, 37, 53, 54,-1,
		 54, 53, 37, 38,-1,
		 39, 38, 54, 55,-1,
		 55, 54, 38, 39,-1,
		 40, 39, 55, 56,-1,
		 56, 55, 39, 40,-1,
		 41, 40, 56, 57,-1,
		 57, 56, 40, 41,-1,
		 42, 41, 57, 58,-1,
		 58, 57, 41, 42,-1,
		 43, 42, 58, 59,-1,
		 59, 58, 42, 43,-1,
		 44, 43, 59, 60,-1,
		 60, 59, 43, 44,-1,
		 45, 44, 60, 61,-1,
		 61, 60, 44, 45,-1,
		 46, 45, 61, 62,-1,
		 62, 61, 45, 46,-1,
		 47, 46, 62, 63,-1,
		 63, 62, 46, 47,-1,
		 48, 47, 63, 64,-1,
		 64, 63, 47, 48,-1,
		 49, 64, 80, 65,-1,
		 65, 80, 64, 49,-1,
		 50, 49, 65, 66,-1,
		 66, 65, 49, 50,-1,
		 51, 50, 66, 67,-1,
		 67, 66, 50, 51,-1,
		 52, 51, 67, 68,-1,
		 68, 67, 51, 52,-1,
		 53, 52, 68, 69,-1,
		 69, 68, 52, 53,-1,
		 54, 53, 69, 70,-1,
		 70, 69, 53, 54,-1,
		 55, 54, 70, 71,-1,
		 71, 70, 54, 55,-1,
		 56, 55, 71, 72,-1,
		 72, 71, 55, 56,-1,
		 57, 56, 72, 73,-1,
		 73, 72, 56, 57,-1,
		 58, 57, 73, 74,-1,
		 74, 73, 57, 58,-1,
		 59, 58, 74, 75,-1,
		 75, 74, 58, 59,-1,
		 60, 59, 75, 76,-1,
		 76, 75, 59, 60,-1,
		 61, 60, 76, 77,-1,
		 77, 76, 60, 61,-1,
		 62, 61, 77, 78,-1,
		 78, 77, 61, 62,-1,
		 63, 62, 78, 79,-1,
		 79, 78, 62, 63,-1,
		 64, 63, 79, 80,-1,
		 80, 79, 63, 64,-1,
		 65, 80, 96, 81,-1,
		 81, 96, 80, 65,-1,
		 66, 65, 81, 82,-1,
		 82, 81, 65, 66,-1,
		 67, 66, 82, 83,-1,
		 83, 82, 66, 67,-1,
		 68, 67, 83, 84,-1,
		 84, 83, 67, 68,-1,
		 69, 68, 84, 85,-1,
		 85, 84, 68, 69,-1,
		 70, 69, 85, 86,-1,
		 86, 85, 69, 70,-1,
		 71, 70, 86, 87,-1,
		 87, 86, 70, 71,-1,
		 72, 71, 87, 88,-1,
		 88, 87, 71, 72,-1,
		 73, 72, 88, 89,-1,
		 89, 88, 72, 73,-1,
		 74, 73, 89, 90,-1,
		 90, 89, 73, 74,-1,
		 75, 74, 90, 91,-1,
		 91, 90, 74, 75,-1,
		 76, 75, 91, 92,-1,
		 92, 91, 75, 76,-1,
		 77, 76, 92, 93,-1,
		 93, 92, 76, 77,-1,
		 78, 77, 93, 94,-1,
		 94, 93, 77, 78,-1,
		 79, 78, 94, 95,-1,
		 95, 94, 78, 79,-1,
		 80, 79, 95, 96,-1,
		 96, 95, 79, 80,-1,
		 81, 96, 112, 97,-1,
		 97, 112, 96, 81,-1,
		 82, 81, 97, 98,-1,
		 98, 97, 81, 82,-1,
		 83, 82, 98, 99,-1,
		 99, 98, 82, 83,-1,
		 84, 83, 99, 100,-1,
		 100, 99, 83, 84,-1,
		 85, 84, 100, 101,-1,
		 101, 100, 84, 85,-1,
		 86, 85, 101, 102,-1,
		 102, 101, 85, 86,-1,
		 87, 86, 102, 103,-1,
		 103, 102, 86, 87,-1,
		 88, 87, 103, 104,-1,
		 104, 103, 87, 88,-1,
		 89, 88, 104, 105,-1,
		 105, 104, 88, 89,-1,
		 90, 89, 105, 106,-1,
		 106, 105, 89, 90,-1,
		 91, 90, 106, 107,-1,
		 107, 106, 90, 91,-1,
		 92, 91, 107, 108,-1,
		 108, 107, 91, 92,-1,
		 93, 92, 108, 109,-1,
		 109, 108, 92, 93,-1,
		 94, 93, 109, 110,-1,
		 110, 109, 93, 94,-1,
		 95, 94, 110, 111,-1,
		 111, 110, 94, 95,-1,
		 96, 95, 111, 112,-1,
		 112, 111, 95, 96,-1,
		 97, 112, 128, 113,-1,
		 113, 128, 112, 97,-1,
		 98, 97, 113, 114,-1,
		 114, 113, 97, 98,-1,
		 99, 98, 114, 115,-1,
		 115, 114, 98, 99,-1,
		 100, 99, 115, 116,-1,
		 116, 115, 99, 100,-1,
		 101, 100, 116, 117,-1,
		 117, 116, 100, 101,-1,
		 102, 101, 117, 118,-1,
		 118, 117, 101, 102,-1,
		 103, 102, 118, 119,-1,
		 119, 118, 102, 103,-1,
		 104, 103, 119, 120,-1,
		 120, 119, 103, 104,-1,
		 105, 104, 120, 121,-1,
		 121, 120, 104, 105,-1,
		 106, 105, 121, 122,-1,
		 122, 121, 105, 106,-1,
		 107, 106, 122, 123,-1,
		 123, 122, 106, 107,-1,
		 108, 107, 123, 124,-1,
		 124, 123, 107, 108,-1,
		 109, 108, 124, 125,-1,
		 125, 124, 108, 109,-1,
		 110, 109, 125, 126,-1,
		 126, 125, 109, 110,-1,
		 111, 110, 126, 127,-1,
		 127, 126, 110, 111,-1,
		 112, 111, 127, 128,-1,
		 128, 127, 111, 112,-1,
		 113, 128, 144, 129,-1,
		 129, 144, 128, 113,-1,
		 114, 113, 129, 130,-1,
		 130, 129, 113, 114,-1,
		 115, 114, 130, 131,-1,
		 131, 130, 114, 115,-1,
		 116, 115, 131, 132,-1,
		 132, 131, 115, 116,-1,
		 117, 116, 132, 133,-1,
		 133, 132, 116, 117,-1,
		 118, 117, 133, 134,-1,
		 134, 133, 117, 118,-1,
		 119, 118, 134, 135,-1,
		 135, 134, 118, 119,-1,
		 120, 119, 135, 136,-1,
		 136, 135, 119, 120,-1,
		 121, 120, 136, 137,-1,
		 137, 136, 120, 121,-1,
		 122, 121, 137, 138,-1,
		 138, 137, 121, 122,-1,
		 123, 122, 138, 139,-1,
		 139, 138, 122, 123,-1,
		 124, 123, 139, 140,-1,
		 140, 139, 123, 124,-1,
		 125, 124, 140, 141,-1,
		 141, 140, 124, 125,-1,
		 126, 125, 141, 142,-1,
		 142, 141, 125, 126,-1,
		 127, 126, 142, 143,-1,
		 143, 142, 126, 127,-1,
		 128, 127, 143, 144,-1,
		 144, 143, 127, 128,-1,
		 129, 144, 145,-1,
		 145, 144, 129,-1,
		 130, 129, 145,-1,
		 145, 129, 130,-1,
		 131, 130, 145,-1,
		 145, 130, 131,-1,
		 132, 131, 145,-1,
		 145, 131, 132,-1,
		 133, 132, 145,-1,
		 145, 132, 133,-1,
		 134, 133, 145,-1,
		 145, 133, 134,-1,
		 135, 134, 145,-1,
		 145, 134, 135,-1,
		 136, 135, 145,-1,
		 145, 135, 136,-1,
		 137, 136, 145,-1,
		 145, 136, 137,-1,
		 138, 137, 145,-1,
		 145, 137, 138,-1,
		 139, 138, 145,-1,
		 145, 138, 139,-1,
		 140, 139, 145,-1,
		 145, 139, 140,-1,
		 141, 140, 145,-1,
		 145, 140, 141,-1,
		 142, 141, 145,-1,
		 145, 141, 142,-1,
		 143, 142, 145,-1,
		 145, 142, 143,-1,
		 144, 143, 145,-1,
		 145, 143, 144,-1,
		]
	} #IndexedFaceSet
} #Polyhedron
}
