#VRML V1.0 ascii

Separator {
	Info { string "Virtus 3D Website Builder 1.0
	VRML Export Filter
	Virtus Corporation
	114 MacKenan Drive, Suite 100
	Cary, NC 27511
	919-467-9700"}

	DEF BackgroundColor Info{  # Sky color
		string " 0.3 0.8 1.0 "
	}

	DirectionalLight {
		on         TRUE          # SFBool
		intensity  1.0           # SFFloat
		color      0.4 0.4 0.4   # SFColor
		direction  0 0 0   # SFVec3f
	}

	DirectionalLight {
		on         TRUE          # SFBool
		intensity  1.0           # SFFloat
		color      0.5 0.5 0.5   # SFColor
		direction  34 -247 -57   # SFVec3f
	}

	DirectionalLight {
		on         TRUE          # SFBool
		intensity  1.0           # SFFloat
		color      0.4 0.4 0.4   # SFColor
		direction  -209 -104 105   # SFVec3f
	}

	DirectionalLight {
		on         TRUE          # SFBool
		intensity  1.0           # SFFloat
		color      0.5 0.5 0.5   # SFColor
		direction  5 119 -226   # SFVec3f
	}

	PerspectiveCamera {
		position 0.9398 1.1176 4.9530          #SFVec3f 
		orientation 0 1 0  0.2946     #SFRotation 
		focalDistance  5            #SFFloat 
		heightAngle 2.1726 
	}

	ShapeHints {
		vertexOrdering	CLOCKWISE
		shapeType	SOLID
	}

	Transform {
		translation 0 0 0
		scaleFactor 1.0 1.0 1.0
	}

Separator { #Polyhedron
	DEF COORD0 Coordinate3 {
		point [
		 5.1816 3.0480 -6.0960,
		 5.1816 3.0480 2.1336,
		 -5.1816 3.0480 2.1336,
		 -5.1816 3.0480 -6.0960,
		 5.1816 0.0000 -6.0960,
		 5.1816 0.0000 2.1336,
		 -5.1816 0.0000 2.1336,
		 -5.1816 0.0000 -6.0960,
		 5.1816 0.1526 -6.0960,
		 5.1816 0.1526 2.1336,
		 5.1816 0.1527 -3.0482,
		 5.1816 0.1526 2.1336,
		 5.1816 0.1527 2.1336,
		 5.1816 0.1527 -0.3051,
		 5.1816 0.1527 2.1336,
		 5.1816 2.8958 1.8288,
		 5.1816 0.1527 1.8288,
		 5.1816 2.8958 2.1336,
		 5.1816 2.8958 -0.3051,
		 5.1816 2.8958 -0.9143,
		 5.1816 0.1527 -0.9143,
		 5.1816 2.8958 -3.0482,
		 5.1816 2.8958 -3.6573,
		 5.1816 0.1526 -3.6573,
		 5.1816 2.8958 2.1336,
		 5.1816 2.8958 -6.0960,
		 5.1816 0.1526 -5.7912,
		 5.1816 2.8958 -5.7912,
		 5.1816 0.1526 -6.0960,
		 5.1816 2.8958 -3.0482,
		 5.1816 2.8958 -0.9143,
		 5.1816 2.8958 -0.3051,
		 5.1816 2.8958 1.8288,
		 5.1816 0.1526 2.1336,
		 5.1816 0.1526 -6.0960,
		 5.1816 0.1527 2.1336,
		 5.1816 0.1526 2.1336,
		 5.1816 0.1527 2.1336,
		 5.1816 2.8958 2.1336,
		 5.1816 2.8958 1.8288,
		 5.1816 2.8958 -0.9143,
		 5.1816 2.8958 -0.3051,
		 5.1816 2.8958 -3.0482,
		 5.1816 2.8958 -6.0960,
		 5.1816 2.8958 2.1336,
		 5.1816 0.1526 -6.0960,
		 -1.2192 3.0480 2.1336,
		 -1.2192 0.0000 2.1336,
		 1.5240 0.0000 2.1336,
		 1.5240 3.0480 2.1336,
		 5.1816 0.0000 -3.8100,
		 -5.1816 0.0000 -3.8100,
		 5.1816 0.0000 -0.3048,
		 5.1816 0.0000 -3.8100,
		 4.2669 0.0000 -3.8100,
		 4.2669 0.0000 -0.3048,
		 -5.1816 0.0000 -0.3048,
		 5.1816 0.0000 -0.3048,
		 -5.1816 0.0000 -3.8100,
		 -4.4195 0.0000 -0.3048,
		 -4.4195 0.0000 -3.8100,
		 4.2669 0.0000 -3.6576,
		 -4.4195 0.0000 -3.6576,
		 4.2669 0.0000 -0.4572,
		 4.2669 0.0000 -3.6576,
		 4.1145 0.0000 -3.6576,
		 4.1145 0.0000 -0.4572,
		 -4.4195 0.0000 -0.4572,
		 4.2669 0.0000 -0.4572,
		 -4.4195 0.0000 -3.6576,
		 -4.2671 0.0000 -0.4572,
		 -4.2671 0.0000 -3.6576,
		 4.1145 0.0000 -2.8956,
		 -4.2671 0.0000 -2.8956,
		 4.1145 0.0000 -2.7432,
		 4.1145 0.0000 -2.8956,
		 2.4382 0.0000 -2.8956,
		 2.4382 0.0000 -2.7432,
		 2.1334 0.0000 -2.8956,
		 2.1334 0.0000 -2.7432,
		 2.2858 0.0000 -2.7432,
		 2.2858 0.0000 -2.8956,
		 1.8286 0.0000 -2.8956,
		 1.8286 0.0000 -2.7432,
		 1.9810 0.0000 -2.7432,
		 1.9810 0.0000 -2.8956,
		 4.1145 0.0000 -2.5908,
		 4.1145 0.0000 -2.7432,
		 2.4382 0.0000 -2.7432,
		 2.4382 0.0000 -2.5908,
		 2.1334 0.0000 -2.7432,
		 2.1334 0.0000 -2.5908,
		 2.2858 0.0000 -2.5908,
		 2.2858 0.0000 -2.7432,
		 -2.1336 0.0000 -2.7432,
		 -2.1336 0.0000 -2.5908,
		 1.9810 0.0000 -2.5908,
		 1.9810 0.0000 -2.7432,
		 -2.2860 0.0000 -2.5908,
		 -2.2860 0.0000 -2.7432,
		 -2.4384 0.0000 -2.7432,
		 -2.4384 0.0000 -2.5908,
		 -4.2671 0.0000 -2.7432,
		 -4.2671 0.0000 -2.5908,
		 -2.5908 0.0000 -2.5908,
		 -2.5908 0.0000 -2.7432,
		 4.1145 0.0000 -2.5560,
		 4.1145 0.0000 -2.5908,
		 3.2002 0.0000 -2.5908,
		 3.3751 0.0000 -2.5560,
		 4.1145 0.0000 -2.4569,
		 3.5235 0.0000 -2.4569,
		 4.1145 0.0000 -2.4384,
		 3.5358 0.0000 -2.4384,
		 2.4382 0.0000 -2.4569,
		 2.4382 0.0000 -2.4384,
		 2.8646 0.0000 -2.4384,
		 2.8769 0.0000 -2.4569,
		 2.4382 0.0000 -2.5560,
		 3.0252 0.0000 -2.5560,
		 2.4382 0.0000 -2.5908,
		 2.1334 0.0000 -2.5908,
		 2.1334 0.0000 -2.4384,
		 2.2858 0.0000 -2.4384,
		 2.2858 0.0000 -2.5908,
		 1.8286 0.0000 -2.5908,
		 1.8286 0.0000 -2.4384,
		 1.9810 0.0000 -2.4384,
		 1.9810 0.0000 -2.5908,
		 4.1145 0.0000 -2.3086,
		 4.1145 0.0000 -2.4384,
		 3.5358 0.0000 -2.4384,
		 3.6226 0.0000 -2.3086,
		 4.1145 0.0000 -2.2860,
		 3.6270 0.0000 -2.2860,
		 2.4382 0.0000 -2.3086,
		 2.4382 0.0000 -2.2860,
		 2.7733 0.0000 -2.2860,
		 2.7778 0.0000 -2.3086,
		 2.4382 0.0000 -2.4384,
		 2.8646 0.0000 -2.4384,
		 2.1334 0.0000 -2.4384,
		 2.1334 0.0000 -2.2860,
		 2.2858 0.0000 -2.2860,
		 2.2858 0.0000 -2.4384,
		 -2.1336 0.0000 -2.4384,
		 -2.1336 0.0000 -2.2860,
		 1.9810 0.0000 -2.2860,
		 1.9810 0.0000 -2.4384,
		 -2.2860 0.0000 -2.2860,
		 -2.2860 0.0000 -2.4384,
		 -2.4384 0.0000 -2.4384,
		 -2.4384 0.0000 -2.2860,
		 -2.5908 0.0000 -2.3086,
		 -2.5908 0.0000 -2.4384,
		 -3.0171 0.0000 -2.4384,
		 -2.9304 0.0000 -2.3086,
		 -2.5908 0.0000 -2.2860,
		 -2.9259 0.0000 -2.2860,
		 -4.2671 0.0000 -2.3086,
		 -4.2671 0.0000 -2.2860,
		 -3.7796 0.0000 -2.2860,
		 -3.7751 0.0000 -2.3086,
		 -4.2671 0.0000 -2.4384,
		 -3.6884 0.0000 -2.4384,
		 4.1145 0.0000 -2.1336,
		 4.1145 0.0000 -2.2860,
		 3.6270 0.0000 -2.2860,
		 3.6574 0.0000 -2.1336,
		 2.4382 0.0000 -2.2860,
		 2.4382 0.0000 -2.1336,
		 2.7430 0.0000 -2.1336,
		 2.7733 0.0000 -2.2860,
		 2.1334 0.0000 -2.2860,
		 2.1334 0.0000 -2.1336,
		 2.2858 0.0000 -2.1336,
		 2.2858 0.0000 -2.2860,
		 1.8286 0.0000 -2.2860,
		 1.8286 0.0000 -2.1336,
		 1.9810 0.0000 -2.1336,
		 1.9810 0.0000 -2.2860,
		 4.1145 0.0000 -1.9812,
		 4.1145 0.0000 -2.1336,
		 3.6574 0.0000 -2.1336,
		 3.6270 0.0000 -1.9812,
		 2.4382 0.0000 -2.1336,
		 2.4382 0.0000 -1.9812,
		 2.7733 0.0000 -1.9812,
		 2.7430 0.0000 -2.1336,
		 2.1334 0.0000 -2.1336,
		 2.1334 0.0000 -1.9812,
		 2.2858 0.0000 -1.9812,
		 2.2858 0.0000 -2.1336,
		 -2.1336 0.0000 -2.1336,
		 -2.1336 0.0000 -1.9812,
		 1.9810 0.0000 -1.9812,
		 1.9810 0.0000 -2.1336,
		 -2.2860 0.0000 -1.9812,
		 -2.2860 0.0000 -2.1336,
		 -2.4384 0.0000 -2.1336,
		 -2.4384 0.0000 -1.9812,
		 -2.5908 0.0000 -1.9812,
		 -2.5908 0.0000 -2.1336,
		 -2.8956 0.0000 -2.1336,
		 -2.9259 0.0000 -1.9812,
		 -4.2671 0.0000 -2.1336,
		 -4.2671 0.0000 -1.9812,
		 -3.7796 0.0000 -1.9812,
		 -3.8099 0.0000 -2.1336,
		 4.1145 0.0000 -1.9586,
		 4.1145 0.0000 -1.9812,
		 3.6270 0.0000 -1.9812,
		 3.6226 0.0000 -1.9586,
		 4.1145 0.0000 -1.8288,
		 3.5358 0.0000 -1.8288,
		 2.4382 0.0000 -1.9586,
		 2.4382 0.0000 -1.8288,
		 2.8646 0.0000 -1.8288,
		 2.7778 0.0000 -1.9586,
		 2.4382 0.0000 -1.9812,
		 2.7733 0.0000 -1.9812,
		 2.1334 0.0000 -1.9812,
		 2.1334 0.0000 -1.8288,
		 2.2858 0.0000 -1.8288,
		 2.2858 0.0000 -1.9812,
		 1.8286 0.0000 -1.9812,
		 1.8286 0.0000 -1.8288,
		 1.9810 0.0000 -1.8288,
		 1.9810 0.0000 -1.9812,
		 4.1145 0.0000 -1.8103,
		 4.1145 0.0000 -1.8288,
		 3.5358 0.0000 -1.8288,
		 3.5235 0.0000 -1.8103,
		 4.1145 0.0000 -1.7112,
		 3.3751 0.0000 -1.7112,
		 4.1145 0.0000 -1.6764,
		 3.2002 0.0000 -1.6764,
		 2.4382 0.0000 -1.7112,
		 2.4382 0.0000 -1.6764,
		 3.0252 0.0000 -1.7112,
		 2.4382 0.0000 -1.8103,
		 2.8769 0.0000 -1.8103,
		 2.4382 0.0000 -1.8288,
		 2.8646 0.0000 -1.8288,
		 2.1334 0.0000 -1.8288,
		 2.1334 0.0000 -1.6764,
		 2.2858 0.0000 -1.6764,
		 2.2858 0.0000 -1.8288,
		 -2.1336 0.0000 -1.8288,
		 -2.1336 0.0000 -1.6764,
		 1.9810 0.0000 -1.6764,
		 1.9810 0.0000 -1.8288,
		 -2.2860 0.0000 -1.6764,
		 -2.2860 0.0000 -1.8288,
		 -2.4384 0.0000 -1.8288,
		 -2.4384 0.0000 -1.6764,
		 -2.5908 0.0000 -1.8103,
		 -2.5908 0.0000 -1.8288,
		 -3.0171 0.0000 -1.8288,
		 -3.0295 0.0000 -1.8103,
		 -2.5908 0.0000 -1.7112,
		 -3.1778 0.0000 -1.7112,
		 -2.5908 0.0000 -1.6764,
		 -3.3527 0.0000 -1.6764,
		 -4.2671 0.0000 -1.7112,
		 -4.2671 0.0000 -1.6764,
		 -3.5277 0.0000 -1.7112,
		 -4.2671 0.0000 -1.8103,
		 -3.6760 0.0000 -1.8103,
		 -4.2671 0.0000 -1.8288,
		 -3.6884 0.0000 -1.8288,
		 4.1145 0.0000 -1.5240,
		 4.1145 0.0000 -1.6764,
		 2.4382 0.0000 -1.6764,
		 2.4382 0.0000 -1.5240,
		 2.1334 0.0000 -1.6764,
		 2.1334 0.0000 -1.5240,
		 2.2858 0.0000 -1.5240,
		 2.2858 0.0000 -1.6764,
		 1.8286 0.0000 -1.6764,
		 1.8286 0.0000 -1.5240,
		 1.9810 0.0000 -1.5240,
		 1.9810 0.0000 -1.6764,
		 4.1145 0.0000 -1.3716,
		 4.1145 0.0000 -1.5240,
		 2.4382 0.0000 -1.5240,
		 2.4382 0.0000 -1.3716,
		 2.1334 0.0000 -1.5240,
		 2.1334 0.0000 -1.3716,
		 2.2858 0.0000 -1.3716,
		 2.2858 0.0000 -1.5240,
		 -2.1336 0.0000 -1.5240,
		 -2.1336 0.0000 -1.3716,
		 1.9810 0.0000 -1.3716,
		 1.9810 0.0000 -1.5240,
		 -2.2860 0.0000 -1.3716,
		 -2.2860 0.0000 -1.5240,
		 -2.4384 0.0000 -1.5240,
		 -2.4384 0.0000 -1.3716,
		 -4.2671 0.0000 -1.5240,
		 -4.2671 0.0000 -1.3716,
		 -2.5908 0.0000 -1.3716,
		 -2.5908 0.0000 -1.5240,
		 4.1145 0.0000 -1.2192,
		 4.1145 0.0000 -1.3716,
		 2.4382 0.0000 -1.3716,
		 2.4382 0.0000 -1.2192,
		 2.1334 0.0000 -1.3716,
		 2.1334 0.0000 -1.2192,
		 2.2858 0.0000 -1.2192,
		 2.2858 0.0000 -1.3716,
		 1.8286 0.0000 -1.3716,
		 1.8286 0.0000 -1.2192,
		 1.9810 0.0000 -1.2192,
		 1.9810 0.0000 -1.3716,
		 -4.2671 0.0000 -1.2192,
		 4.1145 0.0000 -1.2192,
		 -1.9812 0.0000 -1.2192,
		 -1.9812 0.0000 -1.3716,
		 -2.1336 0.0000 -1.3716,
		 -2.1336 0.0000 -1.2192,
		 -2.2860 0.0000 -1.2192,
		 -2.2860 0.0000 -1.3716,
		 -2.4384 0.0000 -1.3716,
		 -2.4384 0.0000 -1.2192,
		 -4.2671 0.0000 -1.3716,
		 -2.5908 0.0000 -1.2192,
		 -2.5908 0.0000 -1.3716,
		 -1.9812 0.0000 -1.5240,
		 -1.9812 0.0000 -1.6764,
		 -2.1336 0.0000 -1.6764,
		 -2.1336 0.0000 -1.5240,
		 -2.2860 0.0000 -1.5240,
		 -2.2860 0.0000 -1.6764,
		 -2.4384 0.0000 -1.6764,
		 -2.4384 0.0000 -1.5240,
		 -4.2671 0.0000 -1.6764,
		 -2.5908 0.0000 -1.5240,
		 -2.5908 0.0000 -1.6764,
		 -1.9812 0.0000 -1.8288,
		 -1.9812 0.0000 -1.9812,
		 -2.1336 0.0000 -1.9812,
		 -2.1336 0.0000 -1.8288,
		 -2.2860 0.0000 -1.8288,
		 -2.2860 0.0000 -1.9812,
		 -2.4384 0.0000 -1.9812,
		 -2.4384 0.0000 -1.8288,
		 -2.5908 0.0000 -1.9586,
		 -2.5908 0.0000 -1.9812,
		 -2.9259 0.0000 -1.9812,
		 -2.9304 0.0000 -1.9586,
		 -2.5908 0.0000 -1.8288,
		 -3.0171 0.0000 -1.8288,
		 -4.2671 0.0000 -1.9586,
		 -3.6884 0.0000 -1.8288,
		 -3.7751 0.0000 -1.9586,
		 -4.2671 0.0000 -1.9812,
		 -3.7796 0.0000 -1.9812,
		 -1.9812 0.0000 -2.1336,
		 -1.9812 0.0000 -2.2860,
		 -2.1336 0.0000 -2.2860,
		 -2.1336 0.0000 -2.1336,
		 -2.2860 0.0000 -2.1336,
		 -2.2860 0.0000 -2.2860,
		 -2.4384 0.0000 -2.2860,
		 -2.4384 0.0000 -2.1336,
		 -2.5908 0.0000 -2.1336,
		 -2.5908 0.0000 -2.2860,
		 -2.9259 0.0000 -2.2860,
		 -2.8956 0.0000 -2.1336,
		 -4.2671 0.0000 -2.2860,
		 -3.8099 0.0000 -2.1336,
		 -3.7796 0.0000 -2.2860,
		 -1.9812 0.0000 -2.4384,
		 -1.9812 0.0000 -2.5908,
		 -2.1336 0.0000 -2.5908,
		 -2.1336 0.0000 -2.4384,
		 -2.2860 0.0000 -2.4384,
		 -2.2860 0.0000 -2.5908,
		 -2.4384 0.0000 -2.5908,
		 -2.4384 0.0000 -2.4384,
		 -2.5908 0.0000 -2.5560,
		 -2.5908 0.0000 -2.5908,
		 -3.3527 0.0000 -2.5908,
		 -3.1778 0.0000 -2.5560,
		 -2.5908 0.0000 -2.4569,
		 -3.0295 0.0000 -2.4569,
		 -2.5908 0.0000 -2.4384,
		 -3.0171 0.0000 -2.4384,
		 -4.2671 0.0000 -2.4569,
		 -3.6884 0.0000 -2.4384,
		 -3.6760 0.0000 -2.4569,
		 -4.2671 0.0000 -2.5560,
		 -3.5277 0.0000 -2.5560,
		 -4.2671 0.0000 -2.5908,
		 -1.9812 0.0000 -2.7432,
		 -1.9812 0.0000 -2.8956,
		 -2.1336 0.0000 -2.8956,
		 -2.1336 0.0000 -2.7432,
		 -2.2860 0.0000 -2.7432,
		 -2.2860 0.0000 -2.8956,
		 -2.4384 0.0000 -2.8956,
		 -2.4384 0.0000 -2.7432,
		 -4.2671 0.0000 -2.8956,
		 -2.5908 0.0000 -2.7432,
		 -2.5908 0.0000 -2.8956,
		 -1.9812 0.0000 -2.8956,
		 -1.9812 0.0000 -2.5908,
		 -1.9812 0.0000 -2.2860,
		 -1.9812 0.0000 -1.9812,
		 -1.9812 0.0000 -1.6764,
		 -1.9812 0.0000 -1.3716,
		 -2.2860 0.0000 -2.8956,
		 -5.1816 0.0000 -3.8100,
		 5.1816 0.0000 -3.8100,
		 5.1816 0.0000 -3.8100,
		 5.1816 0.0000 -0.3048,
		 5.1816 0.0000 -0.3048,
		 -5.1816 0.0000 -0.3048,
		 -5.1816 0.0000 -3.8100,
		 -4.4195 0.0000 -3.6576,
		 4.2669 0.0000 -3.6576,
		 4.2669 0.0000 -3.6576,
		 4.2669 0.0000 -0.4572,
		 4.2669 0.0000 -0.4572,
		 -4.4195 0.0000 -0.4572,
		 -4.4195 0.0000 -3.6576,
		 -4.2671 0.0000 -2.8956,
		 4.1145 0.0000 -2.8956,
		 2.4382 0.0000 -2.7432,
		 4.1145 0.0000 -2.8956,
		 4.1145 0.0000 -2.7432,
		 2.2858 0.0000 -2.7432,
		 2.1334 0.0000 -2.7432,
		 1.9810 0.0000 -2.7432,
		 2.4382 0.0000 -2.5908,
		 2.4382 0.0000 -2.7432,
		 4.1145 0.0000 -2.7432,
		 4.1145 0.0000 -2.5908,
		 2.2858 0.0000 -2.7432,
		 2.2858 0.0000 -2.5908,
		 2.1334 0.0000 -2.5908,
		 2.1334 0.0000 -2.7432,
		 1.9810 0.0000 -2.7432,
		 1.9810 0.0000 -2.5908,
		 -2.1336 0.0000 -2.5908,
		 -2.1336 0.0000 -2.7432,
		 -2.4384 0.0000 -2.5908,
		 -2.4384 0.0000 -2.7432,
		 -2.2860 0.0000 -2.7432,
		 -2.2860 0.0000 -2.5908,
		 -2.5908 0.0000 -2.7432,
		 -2.5908 0.0000 -2.5908,
		 -4.2671 0.0000 -2.5908,
		 -4.2671 0.0000 -2.7432,
		 4.1145 0.0000 -2.5908,
		 4.1145 0.0000 -2.5560,
		 4.1145 0.0000 -2.4569,
		 3.5358 0.0000 -2.4384,
		 4.1145 0.0000 -2.4384,
		 2.8646 0.0000 -2.4384,
		 2.4382 0.0000 -2.4384,
		 2.4382 0.0000 -2.4569,
		 2.4382 0.0000 -2.5560,
		 2.4382 0.0000 -2.5908,
		 2.2858 0.0000 -2.5908,
		 2.2858 0.0000 -2.4384,
		 2.1334 0.0000 -2.4384,
		 2.1334 0.0000 -2.5908,
		 1.9810 0.0000 -2.5908,
		 1.9810 0.0000 -2.4384,
		 3.5358 0.0000 -2.4384,
		 4.1145 0.0000 -2.4384,
		 4.1145 0.0000 -2.3086,
		 3.6270 0.0000 -2.2860,
		 4.1145 0.0000 -2.2860,
		 2.7733 0.0000 -2.2860,
		 2.4382 0.0000 -2.2860,
		 2.4382 0.0000 -2.3086,
		 2.8646 0.0000 -2.4384,
		 2.4382 0.0000 -2.4384,
		 2.2858 0.0000 -2.4384,
		 2.2858 0.0000 -2.2860,
		 2.1334 0.0000 -2.2860,
		 2.1334 0.0000 -2.4384,
		 1.9810 0.0000 -2.4384,
		 1.9810 0.0000 -2.2860,
		 -2.1336 0.0000 -2.2860,
		 -2.1336 0.0000 -2.4384,
		 -2.4384 0.0000 -2.2860,
		 -2.4384 0.0000 -2.4384,
		 -2.2860 0.0000 -2.4384,
		 -2.2860 0.0000 -2.2860,
		 -3.0171 0.0000 -2.4384,
		 -2.5908 0.0000 -2.4384,
		 -2.5908 0.0000 -2.3086,
		 -2.9259 0.0000 -2.2860,
		 -2.5908 0.0000 -2.2860,
		 -3.7796 0.0000 -2.2860,
		 -4.2671 0.0000 -2.2860,
		 -4.2671 0.0000 -2.3086,
		 -3.6884 0.0000 -2.4384,
		 -4.2671 0.0000 -2.4384,
		 3.6574 0.0000 -2.1336,
		 3.6270 0.0000 -2.2860,
		 4.1145 0.0000 -2.2860,
		 4.1145 0.0000 -2.1336,
		 2.7733 0.0000 -2.2860,
		 2.4382 0.0000 -2.1336,
		 2.4382 0.0000 -2.2860,
		 2.2858 0.0000 -2.2860,
		 2.2858 0.0000 -2.1336,
		 2.1334 0.0000 -2.1336,
		 2.1334 0.0000 -2.2860,
		 1.9810 0.0000 -2.2860,
		 1.9810 0.0000 -2.1336,
		 3.6270 0.0000 -1.9812,
		 4.1145 0.0000 -2.1336,
		 4.1145 0.0000 -1.9812,
		 2.7430 0.0000 -2.1336,
		 2.7733 0.0000 -1.9812,
		 2.4382 0.0000 -1.9812,
		 2.4382 0.0000 -2.1336,
		 2.2858 0.0000 -2.1336,
		 2.2858 0.0000 -1.9812,
		 2.1334 0.0000 -1.9812,
		 2.1334 0.0000 -2.1336,
		 1.9810 0.0000 -2.1336,
		 1.9810 0.0000 -1.9812,
		 -2.1336 0.0000 -1.9812,
		 -2.1336 0.0000 -2.1336,
		 -2.4384 0.0000 -1.9812,
		 -2.4384 0.0000 -2.1336,
		 -2.2860 0.0000 -2.1336,
		 -2.2860 0.0000 -1.9812,
		 -2.9259 0.0000 -1.9812,
		 -2.5908 0.0000 -2.1336,
		 -2.5908 0.0000 -1.9812,
		 -3.8099 0.0000 -2.1336,
		 -3.7796 0.0000 -1.9812,
		 -4.2671 0.0000 -1.9812,
		 -4.2671 0.0000 -2.1336,
		 3.6270 0.0000 -1.9812,
		 4.1145 0.0000 -1.9812,
		 4.1145 0.0000 -1.9586,
		 3.5358 0.0000 -1.8288,
		 4.1145 0.0000 -1.8288,
		 2.8646 0.0000 -1.8288,
		 2.4382 0.0000 -1.8288,
		 2.4382 0.0000 -1.9586,
		 2.7733 0.0000 -1.9812,
		 2.4382 0.0000 -1.9812,
		 2.2858 0.0000 -1.9812,
		 2.2858 0.0000 -1.8288,
		 2.1334 0.0000 -1.8288,
		 2.1334 0.0000 -1.9812,
		 1.9810 0.0000 -1.9812,
		 1.9810 0.0000 -1.8288,
		 3.5358 0.0000 -1.8288,
		 4.1145 0.0000 -1.8288,
		 4.1145 0.0000 -1.8103,
		 4.1145 0.0000 -1.7112,
		 4.1145 0.0000 -1.6764,
		 2.4382 0.0000 -1.6764,
		 2.4382 0.0000 -1.7112,
		 2.4382 0.0000 -1.8103,
		 2.8646 0.0000 -1.8288,
		 2.4382 0.0000 -1.8288,
		 2.2858 0.0000 -1.8288,
		 2.2858 0.0000 -1.6764,
		 2.1334 0.0000 -1.6764,
		 2.1334 0.0000 -1.8288,
		 1.9810 0.0000 -1.8288,
		 1.9810 0.0000 -1.6764,
		 -2.1336 0.0000 -1.6764,
		 -2.1336 0.0000 -1.8288,
		 -2.4384 0.0000 -1.6764,
		 -2.4384 0.0000 -1.8288,
		 -2.2860 0.0000 -1.8288,
		 -2.2860 0.0000 -1.6764,
		 -3.0171 0.0000 -1.8288,
		 -2.5908 0.0000 -1.8288,
		 -2.5908 0.0000 -1.8103,
		 -2.5908 0.0000 -1.7112,
		 -2.5908 0.0000 -1.6764,
		 -4.2671 0.0000 -1.6764,
		 -4.2671 0.0000 -1.7112,
		 -4.2671 0.0000 -1.8103,
		 -3.6884 0.0000 -1.8288,
		 -4.2671 0.0000 -1.8288,
		 2.4382 0.0000 -1.5240,
		 2.4382 0.0000 -1.6764,
		 4.1145 0.0000 -1.6764,
		 4.1145 0.0000 -1.5240,
		 2.2858 0.0000 -1.6764,
		 2.2858 0.0000 -1.5240,
		 2.1334 0.0000 -1.5240,
		 2.1334 0.0000 -1.6764,
		 1.9810 0.0000 -1.6764,
		 1.9810 0.0000 -1.5240,
		 2.4382 0.0000 -1.3716,
		 2.4382 0.0000 -1.5240,
		 4.1145 0.0000 -1.5240,
		 4.1145 0.0000 -1.3716,
		 2.2858 0.0000 -1.5240,
		 2.2858 0.0000 -1.3716,
		 2.1334 0.0000 -1.3716,
		 2.1334 0.0000 -1.5240,
		 1.9810 0.0000 -1.5240,
		 1.9810 0.0000 -1.3716,
		 -2.1336 0.0000 -1.3716,
		 -2.1336 0.0000 -1.5240,
		 -2.4384 0.0000 -1.3716,
		 -2.4384 0.0000 -1.5240,
		 -2.2860 0.0000 -1.5240,
		 -2.2860 0.0000 -1.3716,
		 -2.5908 0.0000 -1.5240,
		 -2.5908 0.0000 -1.3716,
		 -4.2671 0.0000 -1.3716,
		 -4.2671 0.0000 -1.5240,
		 2.4382 0.0000 -1.3716,
		 4.1145 0.0000 -1.3716,
		 4.1145 0.0000 -1.2192,
		 2.2858 0.0000 -1.3716,
		 2.1334 0.0000 -1.3716,
		 1.9810 0.0000 -1.3716,
		 4.1145 0.0000 -1.2192,
		 -4.2671 0.0000 -1.2192,
		 -2.1336 0.0000 -1.3716,
		 -1.9812 0.0000 -1.3716,
		 -2.4384 0.0000 -1.3716,
		 -2.2860 0.0000 -1.3716,
		 -2.5908 0.0000 -1.3716,
		 -4.2671 0.0000 -1.3716,
		 -2.1336 0.0000 -1.5240,
		 -2.1336 0.0000 -1.6764,
		 -1.9812 0.0000 -1.6764,
		 -2.4384 0.0000 -1.5240,
		 -2.4384 0.0000 -1.6764,
		 -2.2860 0.0000 -1.6764,
		 -2.2860 0.0000 -1.5240,
		 -2.5908 0.0000 -1.6764,
		 -2.5908 0.0000 -1.5240,
		 -4.2671 0.0000 -1.6764,
		 -2.1336 0.0000 -1.8288,
		 -2.1336 0.0000 -1.9812,
		 -1.9812 0.0000 -1.9812,
		 -2.4384 0.0000 -1.8288,
		 -2.4384 0.0000 -1.9812,
		 -2.2860 0.0000 -1.9812,
		 -2.2860 0.0000 -1.8288,
		 -2.9259 0.0000 -1.9812,
		 -2.5908 0.0000 -1.9812,
		 -2.5908 0.0000 -1.9586,
		 -3.0171 0.0000 -1.8288,
		 -2.5908 0.0000 -1.8288,
		 -3.6884 0.0000 -1.8288,
		 -4.2671 0.0000 -1.9586,
		 -3.7796 0.0000 -1.9812,
		 -4.2671 0.0000 -1.9812,
		 -2.1336 0.0000 -2.1336,
		 -2.1336 0.0000 -2.2860,
		 -1.9812 0.0000 -2.2860,
		 -2.4384 0.0000 -2.1336,
		 -2.4384 0.0000 -2.2860,
		 -2.2860 0.0000 -2.2860,
		 -2.2860 0.0000 -2.1336,
		 -2.8956 0.0000 -2.1336,
		 -2.9259 0.0000 -2.2860,
		 -2.5908 0.0000 -2.2860,
		 -2.5908 0.0000 -2.1336,
		 -3.7796 0.0000 -2.2860,
		 -4.2671 0.0000 -2.2860,
		 -2.1336 0.0000 -2.4384,
		 -2.1336 0.0000 -2.5908,
		 -1.9812 0.0000 -2.5908,
		 -2.4384 0.0000 -2.4384,
		 -2.4384 0.0000 -2.5908,
		 -2.2860 0.0000 -2.5908,
		 -2.2860 0.0000 -2.4384,
		 -2.5908 0.0000 -2.5908,
		 -2.5908 0.0000 -2.5560,
		 -2.5908 0.0000 -2.4569,
		 -3.0171 0.0000 -2.4384,
		 -2.5908 0.0000 -2.4384,
		 -3.6884 0.0000 -2.4384,
		 -4.2671 0.0000 -2.4569,
		 -4.2671 0.0000 -2.5560,
		 -4.2671 0.0000 -2.5908,
		 -2.1336 0.0000 -2.7432,
		 -1.9812 0.0000 -2.8956,
		 -2.4384 0.0000 -2.7432,
		 -2.2860 0.0000 -2.8956,
		 -2.2860 0.0000 -2.7432,
		 -2.5908 0.0000 -2.7432,
		 -4.2671 0.0000 -2.8956
		]
	} #Coordinate3
	Material {
		ambientColor      0.2500 0.2500 0.2500  #ambientColor
		diffuseColor      1.0000 1.0000 1.0000  #diffuseColor
		transparency      0.0000                #transparency
	} #Material

	Texture2 {
		filename ""  #filename
		wrapS REPEAT 
		wrapT REPEAT 
	} #Texture2

	IndexedFaceSet {
		coordIndex [ 
		 0, 1, 2, 3,-1,
		 3, 2, 1, 0,-1,
		 0, 3, 7, 4,-1,
		 4, 7, 3, 0,-1,
		 8, 4, 5, 9,-1,
		 10, 11, 12,-1,
		 13, 12, 14,-1,
		 15, 16, 14, 17,-1,
		 13, 18, 19, 20,-1,
		 10, 21, 22, 23,-1,
		 24, 1, 0, 25,-1,
		 26, 27, 25, 28,-1,
		]
	} #IndexedFaceSet
	Material {
		ambientColor      0.1667 0.1667 0.2500  #ambientColor
		diffuseColor      0.6667 0.6667 1.0000  #diffuseColor
		transparency      0.4980                #transparency
	} #Material

	IndexedFaceSet {
		coordIndex [ 
		 27, 26, 23, 22,-1,
		 29, 10, 20, 30,-1,
		 31, 13, 16, 32,-1,
		]
	} #IndexedFaceSet
	Material {
		ambientColor      0.2500 0.2500 0.2500  #ambientColor
		diffuseColor      1.0000 1.0000 1.0000  #diffuseColor
		transparency      0.0000                #transparency
	} #Material

	IndexedFaceSet {
		coordIndex [ 
		 33, 5, 4, 34,-1,
		 35, 36, 10,-1,
		 37, 35, 13,-1,
		 38, 37, 16, 39,-1,
		 20, 40, 41, 13,-1,
		 23, 22, 42, 10,-1,
		 43, 0, 1, 44,-1,
		 45, 43, 27, 26,-1,
		]
	} #IndexedFaceSet
	Material {
		ambientColor      0.1667 0.1667 0.2500  #ambientColor
		diffuseColor      0.6667 0.6667 1.0000  #diffuseColor
		transparency      0.4980                #transparency
	} #Material

	IndexedFaceSet {
		coordIndex [ 
		 22, 23, 26, 27,-1,
		 30, 20, 10, 29,-1,
		 32, 16, 13, 31,-1,
		]
	} #IndexedFaceSet
	Material {
		ambientColor      0.2500 0.2500 0.2500  #ambientColor
		diffuseColor      1.0000 1.0000 1.0000  #diffuseColor
		transparency      0.0000                #transparency
	} #Material

	IndexedFaceSet {
		coordIndex [ 
		 6, 2, 46, 47,-1,
		 1, 5, 48, 49,-1,
		 47, 46, 2, 6,-1,
		 49, 48, 5, 1,-1,
		 3, 2, 6, 7,-1,
		 7, 6, 2, 3,-1,
		 50, 4, 7, 51,-1,
		 52, 53, 54, 55,-1,
		 56, 6, 5, 57,-1,
		 58, 56, 59, 60,-1,
		]
	} #IndexedFaceSet
	Material {
		ambientColor      0.1108 0.1108 0.2500  #ambientColor
		diffuseColor      0.4431 0.4431 1.0000  #diffuseColor
		transparency      0.0000                #transparency
	} #Material

	IndexedFaceSet {
		coordIndex [ 
		 61, 54, 60, 62,-1,
		 63, 64, 65, 66,-1,
		 67, 59, 55, 68,-1,
		 69, 67, 70, 71,-1,
		]
	} #IndexedFaceSet
	Material {
		ambientColor      0.1667 0.1667 0.2500  #ambientColor
		diffuseColor      0.6667 0.6667 1.0000  #diffuseColor
		transparency      0.0000                #transparency
	} #Material

	IndexedFaceSet {
		coordIndex [ 
		 72, 65, 71, 73,-1,
		 74, 75, 76, 77,-1,
		 78, 79, 80, 81,-1,
		 82, 83, 84, 85,-1,
		 86, 87, 88, 89,-1,
		 90, 91, 92, 93,-1,
		 94, 95, 96, 97,-1,
		 98, 99, 100, 101,-1,
		 102, 103, 104, 105,-1,
		 106, 107, 108, 109,-1,
		 110, 106, 109, 111,-1,
		 112, 110, 111, 113,-1,
		 114, 115, 116, 117,-1,
		 118, 114, 117, 119,-1,
		 120, 118, 119, 108,-1,
		 121, 122, 123, 124,-1,
		 125, 126, 127, 128,-1,
		 129, 130, 131, 132,-1,
		 133, 129, 132, 134,-1,
		 135, 136, 137, 138,-1,
		 139, 135, 138, 140,-1,
		 141, 142, 143, 144,-1,
		 145, 146, 147, 148,-1,
		 149, 150, 151, 152,-1,
		 153, 154, 155, 156,-1,
		 157, 153, 156, 158,-1,
		 159, 160, 161, 162,-1,
		 163, 159, 162, 164,-1,
		 165, 166, 167, 168,-1,
		 169, 170, 171, 172,-1,
		 173, 174, 175, 176,-1,
		 177, 178, 179, 180,-1,
		 181, 182, 183, 184,-1,
		 185, 186, 187, 188,-1,
		 189, 190, 191, 192,-1,
		 193, 194, 195, 196,-1,
		 197, 198, 199, 200,-1,
		 201, 202, 203, 204,-1,
		 205, 206, 207, 208,-1,
		 209, 210, 211, 212,-1,
		 213, 209, 212, 214,-1,
		 215, 216, 217, 218,-1,
		 219, 215, 218, 220,-1,
		 221, 222, 223, 224,-1,
		 225, 226, 227, 228,-1,
		 229, 230, 231, 232,-1,
		 233, 229, 232, 234,-1,
		 235, 233, 234, 236,-1,
		 237, 238, 236, 239,-1,
		 240, 237, 239, 241,-1,
		 242, 240, 241, 243,-1,
		 244, 245, 246, 247,-1,
		 248, 249, 250, 251,-1,
		 252, 253, 254, 255,-1,
		 256, 257, 258, 259,-1,
		 260, 256, 259, 261,-1,
		 262, 260, 261, 263,-1,
		 264, 265, 263, 266,-1,
		 267, 264, 266, 268,-1,
		 269, 267, 268, 270,-1,
		 271, 272, 273, 274,-1,
		 275, 276, 277, 278,-1,
		 279, 280, 281, 282,-1,
		 283, 284, 285, 286,-1,
		 287, 288, 289, 290,-1,
		 291, 292, 293, 294,-1,
		 295, 296, 297, 298,-1,
		 299, 300, 301, 302,-1,
		 303, 304, 305, 306,-1,
		 307, 308, 309, 310,-1,
		 311, 312, 313, 314,-1,
		 315, 70, 66, 316,-1,
		 317, 318, 319, 320,-1,
		 321, 322, 323, 324,-1,
		 325, 315, 326, 327,-1,
		 328, 329, 330, 331,-1,
		 332, 333, 334, 335,-1,
		 336, 299, 337, 338,-1,
		 339, 340, 341, 342,-1,
		 343, 344, 345, 346,-1,
		 347, 348, 349, 350,-1,
		 351, 347, 350, 352,-1,
		 353, 269, 354, 355,-1,
		 356, 353, 355, 357,-1,
		 358, 359, 360, 361,-1,
		 362, 363, 364, 365,-1,
		 366, 367, 368, 369,-1,
		 370, 205, 371, 372,-1,
		 373, 374, 375, 376,-1,
		 377, 378, 379, 380,-1,
		 381, 382, 383, 384,-1,
		 385, 381, 384, 386,-1,
		 387, 385, 386, 388,-1,
		 389, 163, 390, 391,-1,
		 392, 389, 391, 393,-1,
		 394, 392, 393, 383,-1,
		 395, 396, 397, 398,-1,
		 399, 400, 401, 402,-1,
		 403, 102, 404, 405,-1,
		]
	} #IndexedFaceSet
	Material {
		ambientColor      0.1108 0.1108 0.2500  #ambientColor
		diffuseColor      0.4431 0.4431 1.0000  #diffuseColor
		transparency      0.0000                #transparency
	} #Material

	IndexedFaceSet {
		coordIndex [ 
		 406, 395, 83, 82,-1,
		 407, 373, 126, 125,-1,
		 408, 358, 178, 177,-1,
		 409, 339, 226, 225,-1,
		 410, 328, 280, 279,-1,
		 411, 317, 312, 311,-1,
		 412, 321, 320, 397,-1,
		 405, 326, 324, 401,-1,
		 85, 313, 308, 78,-1,
		 81, 309, 306, 76,-1,
		 119, 117, 138, 171, 218, 241, 239, 236, 234, 232, 212, 183, 132, 111, 109, 108,-1,
		 393, 391, 162, 371, 355, 268, 266, 263, 261, 259, 350, 203, 156, 386, 384, 383,-1,
		]
	} #IndexedFaceSet
	Material {
		ambientColor      0.2500 0.2500 0.2500  #ambientColor
		diffuseColor      1.0000 1.0000 1.0000  #diffuseColor
		transparency      0.0000                #transparency
	} #Material

	IndexedFaceSet {
		coordIndex [ 
		 413, 7, 4, 414,-1,
		 55, 54, 415, 416,-1,
		 417, 5, 6, 418,-1,
		 60, 59, 418, 419,-1,
		]
	} #IndexedFaceSet
	Material {
		ambientColor      0.1108 0.1108 0.2500  #ambientColor
		diffuseColor      0.4431 0.4431 1.0000  #diffuseColor
		transparency      0.0000                #transparency
	} #Material

	IndexedFaceSet {
		coordIndex [ 
		 420, 60, 54, 421,-1,
		 66, 65, 422, 423,-1,
		 424, 55, 59, 425,-1,
		 71, 70, 425, 426,-1,
		]
	} #IndexedFaceSet
	Material {
		ambientColor      0.1667 0.1667 0.2500  #ambientColor
		diffuseColor      0.6667 0.6667 1.0000  #diffuseColor
		transparency      0.0000                #transparency
	} #Material

	IndexedFaceSet {
		coordIndex [ 
		 427, 71, 65, 428,-1,
		 429, 76, 430, 431,-1,
		 81, 432, 433, 78,-1,
		 85, 434, 83, 82,-1,
		 435, 436, 437, 438,-1,
		 439, 440, 441, 442,-1,
		 443, 444, 445, 446,-1,
		 447, 448, 449, 450,-1,
		 451, 452, 453, 454,-1,
		 109, 108, 455, 456,-1,
		 111, 109, 456, 457,-1,
		 458, 111, 457, 459,-1,
		 117, 460, 461, 462,-1,
		 119, 117, 462, 463,-1,
		 108, 119, 463, 464,-1,
		 465, 466, 467, 468,-1,
		 469, 470, 126, 125,-1,
		 132, 471, 472, 473,-1,
		 474, 132, 473, 475,-1,
		 138, 476, 477, 478,-1,
		 479, 138, 478, 480,-1,
		 481, 482, 483, 484,-1,
		 485, 486, 487, 488,-1,
		 489, 490, 491, 492,-1,
		 156, 493, 494, 495,-1,
		 496, 156, 495, 497,-1,
		 162, 498, 499, 500,-1,
		 501, 162, 500, 502,-1,
		 503, 504, 505, 506,-1,
		 507, 171, 508, 509,-1,
		 510, 511, 512, 513,-1,
		 514, 515, 178, 177,-1,
		 516, 183, 517, 518,-1,
		 519, 520, 521, 522,-1,
		 523, 524, 525, 526,-1,
		 527, 528, 529, 530,-1,
		 531, 532, 533, 534,-1,
		 535, 203, 536, 537,-1,
		 538, 539, 540, 541,-1,
		 212, 542, 543, 544,-1,
		 545, 212, 544, 546,-1,
		 218, 547, 548, 549,-1,
		 550, 218, 549, 551,-1,
		 552, 553, 554, 555,-1,
		 556, 557, 226, 225,-1,
		 232, 558, 559, 560,-1,
		 234, 232, 560, 561,-1,
		 236, 234, 561, 562,-1,
		 239, 236, 563, 564,-1,
		 241, 239, 564, 565,-1,
		 566, 241, 565, 567,-1,
		 568, 569, 570, 571,-1,
		 572, 573, 574, 575,-1,
		 576, 577, 578, 579,-1,
		 259, 580, 581, 582,-1,
		 261, 259, 582, 583,-1,
		 263, 261, 583, 584,-1,
		 266, 263, 585, 586,-1,
		 268, 266, 586, 587,-1,
		 588, 268, 587, 589,-1,
		 590, 591, 592, 593,-1,
		 594, 595, 596, 597,-1,
		 598, 599, 280, 279,-1,
		 600, 601, 602, 603,-1,
		 604, 605, 606, 607,-1,
		 608, 609, 610, 611,-1,
		 612, 613, 614, 615,-1,
		 616, 617, 618, 619,-1,
		 306, 620, 621, 622,-1,
		 623, 309, 308, 624,-1,
		 625, 313, 312, 311,-1,
		 626, 66, 70, 627,-1,
		 320, 628, 629, 317,-1,
		 324, 630, 631, 321,-1,
		 632, 326, 627, 633,-1,
		 634, 635, 636, 328,-1,
		 637, 638, 639, 640,-1,
		 641, 642, 619, 643,-1,
		 644, 645, 646, 339,-1,
		 647, 648, 649, 650,-1,
		 350, 651, 652, 653,-1,
		 654, 350, 653, 655,-1,
		 355, 656, 589, 657,-1,
		 658, 355, 657, 659,-1,
		 660, 661, 662, 358,-1,
		 663, 664, 665, 666,-1,
		 667, 668, 669, 670,-1,
		 671, 371, 541, 672,-1,
		 673, 674, 675, 373,-1,
		 676, 677, 678, 679,-1,
		 384, 383, 680, 681,-1,
		 386, 384, 681, 682,-1,
		 683, 386, 682, 684,-1,
		 391, 685, 502, 686,-1,
		 393, 391, 686, 687,-1,
		 383, 393, 687, 688,-1,
		 689, 397, 690, 395,-1,
		 691, 401, 692, 693,-1,
		 405, 694, 454, 695,-1,
		]
	} #IndexedFaceSet
	Material {
		ambientColor      0.1108 0.1108 0.2500  #ambientColor
		diffuseColor      0.4431 0.4431 1.0000  #diffuseColor
		transparency      0.0000                #transparency
	} #Material

	IndexedFaceSet {
		coordIndex [ 
		 82, 83, 395, 406,-1,
		 125, 126, 373, 407,-1,
		 177, 178, 358, 408,-1,
		 225, 226, 339, 409,-1,
		 279, 280, 328, 410,-1,
		 311, 312, 317, 411,-1,
		 397, 320, 321, 412,-1,
		 401, 324, 326, 405,-1,
		 78, 308, 313, 85,-1,
		 76, 306, 309, 81,-1,
		 108, 109, 111, 132, 183, 212, 232, 234, 236, 239, 241, 218, 171, 138, 117, 119,-1,
		 383, 384, 386, 156, 203, 350, 259, 261, 263, 266, 268, 355, 371, 162, 391, 393,-1,
		]
	} #IndexedFaceSet
} #Polyhedron
Separator { #Polyhedron
	DEF COORD1 Coordinate3 {
		point [
		 -2.5356 0.9144 -5.2577,
		 -2.1111 0.9144 -4.7518,
		 -3.8623 0.9144 -3.2824,
		 -4.2868 0.9144 -3.7883,
		 -2.5356 0.8636 -5.2577,
		 -2.1111 0.8636 -4.7518,
		 -3.8623 0.8636 -3.2824,
		 -4.2868 0.8636 -3.7883
		]
	} #Coordinate3
	Material {
		ambientColor      0.1039 0.1039 0.1039  #ambientColor
		diffuseColor      0.4157 0.4157 0.4157  #diffuseColor
		transparency      0.0000                #transparency
	} #Material

	IndexedFaceSet {
		coordIndex [ 
		 0, 1, 2, 3,-1,
		 3, 2, 1, 0,-1,
		 0, 3, 7, 4,-1,
		 4, 7, 3, 0,-1,
		 1, 0, 4, 5,-1,
		 5, 4, 0, 1,-1,
		 2, 1, 5, 6,-1,
		 6, 5, 1, 2,-1,
		 3, 2, 6, 7,-1,
		 7, 6, 2, 3,-1,
		 7, 6, 5, 4,-1,
		 4, 5, 6, 7,-1,
		]
	} #IndexedFaceSet
} #Polyhedron
Separator { #Polyhedron
	DEF COORD2 Coordinate3 {
		point [
		 -2.9462 0.6604 -5.5100,
		 -2.4564 0.6604 -4.9263,
		 -3.9741 0.6604 -3.6528,
		 -4.4639 0.6604 -4.2365,
		 -2.9462 0.6096 -5.5100,
		 -2.4564 0.6096 -4.9263,
		 -3.9741 0.6096 -3.6528,
		 -4.4639 0.6096 -4.2365
		]
	} #Coordinate3
	Material {
		ambientColor      0.1039 0.1039 0.1039  #ambientColor
		diffuseColor      0.4157 0.4157 0.4157  #diffuseColor
		transparency      0.0000                #transparency
	} #Material

	IndexedFaceSet {
		coordIndex [ 
		 0, 1, 2, 3,-1,
		 3, 2, 1, 0,-1,
		 0, 3, 7, 4,-1,
		 4, 7, 3, 0,-1,
		 1, 0, 4, 5,-1,
		 5, 4, 0, 1,-1,
		 2, 1, 5, 6,-1,
		 6, 5, 1, 2,-1,
		 3, 2, 6, 7,-1,
		 7, 6, 2, 3,-1,
		 7, 6, 5, 4,-1,
		 4, 5, 6, 7,-1,
		]
	} #IndexedFaceSet
} #Polyhedron
Separator { #Polyhedron
	DEF COORD3 Coordinate3 {
		point [
		 -2.4564 0.8636 -4.9263,
		 -2.3585 0.8636 -4.8095,
		 -3.8761 0.8636 -3.5361,
		 -3.9741 0.8636 -3.6528,
		 -2.4564 0.0000 -4.9263,
		 -2.3585 0.0000 -4.8095,
		 -3.8761 0.0000 -3.5361,
		 -3.9741 0.0000 -3.6528
		]
	} #Coordinate3
	Material {
		ambientColor      0.1039 0.1039 0.1039  #ambientColor
		diffuseColor      0.4157 0.4157 0.4157  #diffuseColor
		transparency      0.0000                #transparency
	} #Material

	IndexedFaceSet {
		coordIndex [ 
		 0, 1, 2, 3,-1,
		 3, 2, 1, 0,-1,
		 0, 3, 7, 4,-1,
		 4, 7, 3, 0,-1,
		 1, 0, 4, 5,-1,
		 5, 4, 0, 1,-1,
		 2, 1, 5, 6,-1,
		 6, 5, 1, 2,-1,
		 3, 2, 6, 7,-1,
		 7, 6, 2, 3,-1,
		 7, 6, 5, 4,-1,
		 4, 5, 6, 7,-1,
		]
	} #IndexedFaceSet
} #Polyhedron
Separator { #Polyhedron
	DEF COORD4 Coordinate3 {
		point [
		 -2.5745 0.8636 -5.2251,
		 -2.5745 0.0000 -5.2251,
		 -2.2807 0.0000 -4.8748,
		 -2.2807 0.8636 -4.8748,
		 -2.6524 0.8636 -5.1598,
		 -2.6524 0.0000 -5.1598,
		 -2.3585 0.0000 -4.8095,
		 -2.3585 0.8636 -4.8095
		]
	} #Coordinate3
	Material {
		ambientColor      0.1039 0.1039 0.1039  #ambientColor
		diffuseColor      0.4157 0.4157 0.4157  #diffuseColor
		transparency      0.0000                #transparency
	} #Material

	IndexedFaceSet {
		coordIndex [ 
		 0, 1, 2, 3,-1,
		 3, 2, 1, 0,-1,
		 0, 3, 7, 4,-1,
		 4, 7, 3, 0,-1,
		 1, 0, 4, 5,-1,
		 5, 4, 0, 1,-1,
		 2, 1, 5, 6,-1,
		 6, 5, 1, 2,-1,
		 3, 2, 6, 7,-1,
		 7, 6, 2, 3,-1,
		 7, 6, 5, 4,-1,
		 4, 5, 6, 7,-1,
		]
	} #IndexedFaceSet
} #Polyhedron
Separator { #Polyhedron
	DEF COORD5 Coordinate3 {
		point [
		 -2.8684 0.6604 -5.5753,
		 -2.8684 0.0000 -5.5753,
		 -2.5745 0.0000 -5.2250,
		 -2.5745 0.6604 -5.2250,
		 -2.9462 0.6604 -5.5100,
		 -2.9462 0.0000 -5.5100,
		 -2.6524 0.0000 -5.1597,
		 -2.6524 0.6604 -5.1597
		]
	} #Coordinate3
	Material {
		ambientColor      0.1039 0.1039 0.1039  #ambientColor
		diffuseColor      0.4157 0.4157 0.4157  #diffuseColor
		transparency      0.0000                #transparency
	} #Material

	IndexedFaceSet {
		coordIndex [ 
		 0, 1, 2, 3,-1,
		 3, 2, 1, 0,-1,
		 0, 3, 7, 4,-1,
		 4, 7, 3, 0,-1,
		 1, 0, 4, 5,-1,
		 5, 4, 0, 1,-1,
		 2, 1, 5, 6,-1,
		 6, 5, 1, 2,-1,
		 3, 2, 6, 7,-1,
		 7, 6, 2, 3,-1,
		 7, 6, 5, 4,-1,
		 4, 5, 6, 7,-1,
		]
	} #IndexedFaceSet
} #Polyhedron
Separator { #Polyhedron
	DEF COORD6 Coordinate3 {
		point [
		 -4.1700 0.8636 -3.8863,
		 -4.1700 0.0000 -3.8863,
		 -3.8761 0.0000 -3.5361,
		 -3.8761 0.8636 -3.5361,
		 -4.2478 0.8636 -3.8210,
		 -4.2478 0.0000 -3.8210,
		 -3.9539 0.0000 -3.4708,
		 -3.9539 0.8636 -3.4708
		]
	} #Coordinate3
	Material {
		ambientColor      0.1039 0.1039 0.1039  #ambientColor
		diffuseColor      0.4157 0.4157 0.4157  #diffuseColor
		transparency      0.0000                #transparency
	} #Material

	IndexedFaceSet {
		coordIndex [ 
		 0, 1, 2, 3,-1,
		 3, 2, 1, 0,-1,
		 0, 3, 7, 4,-1,
		 4, 7, 3, 0,-1,
		 1, 0, 4, 5,-1,
		 5, 4, 0, 1,-1,
		 2, 1, 5, 6,-1,
		 6, 5, 1, 2,-1,
		 3, 2, 6, 7,-1,
		 7, 6, 2, 3,-1,
		 7, 6, 5, 4,-1,
		 4, 5, 6, 7,-1,
		]
	} #IndexedFaceSet
} #Polyhedron
Separator { #Polyhedron
	DEF COORD7 Coordinate3 {
		point [
		 -4.1700 0.0000 -3.8863,
		 -4.1700 0.6604 -3.8863,
		 -4.4639 0.6604 -4.2365,
		 -4.4639 0.0000 -4.2365,
		 -4.2478 0.0000 -3.8210,
		 -4.2478 0.6604 -3.8210,
		 -4.5417 0.6604 -4.1712,
		 -4.5417 0.0000 -4.1712
		]
	} #Coordinate3
	Material {
		ambientColor      0.1039 0.1039 0.1039  #ambientColor
		diffuseColor      0.4157 0.4157 0.4157  #diffuseColor
		transparency      0.0000                #transparency
	} #Material

	IndexedFaceSet {
		coordIndex [ 
		 0, 1, 2, 3,-1,
		 3, 2, 1, 0,-1,
		 0, 3, 7, 4,-1,
		 4, 7, 3, 0,-1,
		 1, 0, 4, 5,-1,
		 5, 4, 0, 1,-1,
		 2, 1, 5, 6,-1,
		 6, 5, 1, 2,-1,
		 3, 2, 6, 7,-1,
		 7, 6, 2, 3,-1,
		 7, 6, 5, 4,-1,
		 4, 5, 6, 7,-1,
		]
	} #IndexedFaceSet
} #Polyhedron
Separator { #Polyhedron
	DEF COORD8 Coordinate3 {
		point [
		 -2.9637 0.6096 -4.8985,
		 -3.2249 0.6096 -5.2098,
		 -2.9136 0.6096 -5.4711,
		 -2.6524 0.6096 -5.1597,
		 -2.9637 0.0000 -4.8985,
		 -3.2249 0.0000 -5.2098,
		 -2.9136 0.0000 -5.4711,
		 -2.6524 0.0000 -5.1597
		]
	} #Coordinate3
	Material {
		ambientColor      0.2500 0.2500 0.2500  #ambientColor
		diffuseColor      1.0000 1.0000 1.0000  #diffuseColor
		transparency      0.0000                #transparency
	} #Material

	IndexedFaceSet {
		coordIndex [ 
		 0, 1, 2, 3,-1,
		 3, 2, 1, 0,-1,
		 0, 3, 7, 4,-1,
		 4, 7, 3, 0,-1,
		 1, 0, 4, 5,-1,
		 5, 4, 0, 1,-1,
		 2, 1, 5, 6,-1,
		 6, 5, 1, 2,-1,
		 3, 2, 6, 7,-1,
		 7, 6, 2, 3,-1,
		 7, 6, 5, 4,-1,
		 4, 5, 6, 7,-1,
		]
	} #IndexedFaceSet
} #Polyhedron
Separator { #Polyhedron
	DEF COORD9 Coordinate3 {
		point [
		 -4.1199 0.6096 -4.4588,
		 -3.8587 0.6096 -4.1475,
		 -4.1700 0.6096 -3.8863,
		 -4.4312 0.6096 -4.1976,
		 -4.1199 0.0000 -4.4588,
		 -3.8587 0.0000 -4.1475,
		 -4.1700 0.0000 -3.8863,
		 -4.4312 0.0000 -4.1976
		]
	} #Coordinate3
	Material {
		ambientColor      0.2500 0.2500 0.2500  #ambientColor
		diffuseColor      1.0000 1.0000 1.0000  #diffuseColor
		transparency      0.0000                #transparency
	} #Material

	IndexedFaceSet {
		coordIndex [ 
		 0, 1, 2, 3,-1,
		 3, 2, 1, 0,-1,
		 0, 3, 7, 4,-1,
		 4, 7, 3, 0,-1,
		 1, 0, 4, 5,-1,
		 5, 4, 0, 1,-1,
		 2, 1, 5, 6,-1,
		 6, 5, 1, 2,-1,
		 3, 2, 6, 7,-1,
		 7, 6, 2, 3,-1,
		 7, 6, 5, 4,-1,
		 4, 5, 6, 7,-1,
		]
	} #IndexedFaceSet
} #Polyhedron
Separator { #Polyhedron
	DEF COORD10 Coordinate3 {
		point [
		 -2.7678 0.8636 -4.6650,
		 -2.9310 0.8636 -4.8596,
		 -2.6197 0.8636 -5.1208,
		 -2.4564 0.8636 -4.9263,
		 -2.7678 0.6604 -4.6650,
		 -2.9310 0.6604 -4.8596,
		 -2.6197 0.6604 -5.1208,
		 -2.4564 0.6604 -4.9263
		]
	} #Coordinate3
	Material {
		ambientColor      0.2500 0.2500 0.2500  #ambientColor
		diffuseColor      1.0000 1.0000 1.0000  #diffuseColor
		transparency      0.0000                #transparency
	} #Material

	IndexedFaceSet {
		coordIndex [ 
		 0, 1, 2, 3,-1,
		 3, 2, 1, 0,-1,
		 0, 3, 7, 4,-1,
		 4, 7, 3, 0,-1,
		 1, 0, 4, 5,-1,
		 5, 4, 0, 1,-1,
		 2, 1, 5, 6,-1,
		 6, 5, 1, 2,-1,
		 3, 2, 6, 7,-1,
		 7, 6, 2, 3,-1,
		 7, 6, 5, 4,-1,
		 4, 5, 6, 7,-1,
		]
	} #IndexedFaceSet
} #Polyhedron
Separator { #Polyhedron
	DEF COORD11 Coordinate3 {
		point [
		 -3.8260 0.8636 -4.1086,
		 -3.6628 0.8636 -3.9140,
		 -3.9741 0.8636 -3.6528,
		 -4.1373 0.8636 -3.8474,
		 -3.8260 0.6604 -4.1086,
		 -3.6628 0.6604 -3.9140,
		 -3.9741 0.6604 -3.6528,
		 -4.1373 0.6604 -3.8474
		]
	} #Coordinate3
	Material {
		ambientColor      0.2500 0.2500 0.2500  #ambientColor
		diffuseColor      1.0000 1.0000 1.0000  #diffuseColor
		transparency      0.0000                #transparency
	} #Material

	IndexedFaceSet {
		coordIndex [ 
		 0, 1, 2, 3,-1,
		 3, 2, 1, 0,-1,
		 0, 3, 7, 4,-1,
		 4, 7, 3, 0,-1,
		 1, 0, 4, 5,-1,
		 5, 4, 0, 1,-1,
		 2, 1, 5, 6,-1,
		 6, 5, 1, 2,-1,
		 3, 2, 6, 7,-1,
		 7, 6, 2, 3,-1,
		 7, 6, 5, 4,-1,
		 4, 5, 6, 7,-1,
		]
	} #IndexedFaceSet
} #Polyhedron
Separator { #Polyhedron
	DEF COORD12 Coordinate3 {
		point [
		 -3.4870 0.5588 -3.8626,
		 -3.4870 0.5080 -3.8626,
		 -2.7087 0.5080 -4.5157,
		 -2.7087 0.5588 -4.5157,
		 -3.4543 0.5588 -3.8237,
		 -3.4543 0.5080 -3.8237,
		 -2.6760 0.5080 -4.4767,
		 -2.6760 0.5588 -4.4767
		]
	} #Coordinate3
	Material {
		ambientColor      0.0833 0.0833 0.2500  #ambientColor
		diffuseColor      0.3333 0.3333 1.0000  #diffuseColor
		transparency      0.0000                #transparency
	} #Material

	IndexedFaceSet {
		coordIndex [ 
		 0, 1, 2, 3,-1,
		 3, 2, 1, 0,-1,
		 0, 3, 7, 4,-1,
		 4, 7, 3, 0,-1,
		 1, 0, 4, 5,-1,
		 5, 4, 0, 1,-1,
		 2, 1, 5, 6,-1,
		 6, 5, 1, 2,-1,
		 3, 2, 6, 7,-1,
		 7, 6, 2, 3,-1,
		 7, 6, 5, 4,-1,
		 4, 5, 6, 7,-1,
		]
	} #IndexedFaceSet
} #Polyhedron
Separator { #Polyhedron
	DEF COORD13 Coordinate3 {
		point [
		 -3.4870 0.6604 -3.8626,
		 -3.4870 0.6096 -3.8626,
		 -2.7087 0.6096 -4.5157,
		 -2.7087 0.6604 -4.5157,
		 -3.4543 0.6604 -3.8237,
		 -3.4543 0.6096 -3.8237,
		 -2.6760 0.6096 -4.4767,
		 -2.6760 0.6604 -4.4767
		]
	} #Coordinate3
	Material {
		ambientColor      0.0833 0.0833 0.2500  #ambientColor
		diffuseColor      0.3333 0.3333 1.0000  #diffuseColor
		transparency      0.0000                #transparency
	} #Material

	IndexedFaceSet {
		coordIndex [ 
		 0, 1, 2, 3,-1,
		 3, 2, 1, 0,-1,
		 0, 3, 7, 4,-1,
		 4, 7, 3, 0,-1,
		 1, 0, 4, 5,-1,
		 5, 4, 0, 1,-1,
		 2, 1, 5, 6,-1,
		 6, 5, 1, 2,-1,
		 3, 2, 6, 7,-1,
		 7, 6, 2, 3,-1,
		 7, 6, 5, 4,-1,
		 4, 5, 6, 7,-1,
		]
	} #IndexedFaceSet
} #Polyhedron
Separator { #Polyhedron
	DEF COORD14 Coordinate3 {
		point [
		 -3.4870 0.7620 -3.8626,
		 -3.4870 0.7112 -3.8626,
		 -2.7087 0.7112 -4.5157,
		 -2.7087 0.7620 -4.5157,
		 -3.4543 0.7620 -3.8237,
		 -3.4543 0.7112 -3.8237,
		 -2.6760 0.7112 -4.4767,
		 -2.6760 0.7620 -4.4767
		]
	} #Coordinate3
	Material {
		ambientColor      0.0833 0.0833 0.2500  #ambientColor
		diffuseColor      0.3333 0.3333 1.0000  #diffuseColor
		transparency      0.0000                #transparency
	} #Material

	IndexedFaceSet {
		coordIndex [ 
		 0, 1, 2, 3,-1,
		 3, 2, 1, 0,-1,
		 0, 3, 7, 4,-1,
		 4, 7, 3, 0,-1,
		 1, 0, 4, 5,-1,
		 5, 4, 0, 1,-1,
		 2, 1, 5, 6,-1,
		 6, 5, 1, 2,-1,
		 3, 2, 6, 7,-1,
		 7, 6, 2, 3,-1,
		 7, 6, 5, 4,-1,
		 4, 5, 6, 7,-1,
		]
	} #IndexedFaceSet
} #Polyhedron
Separator { #Polyhedron
	DEF COORD15 Coordinate3 {
		point [
		 -3.4870 0.4572 -3.8626,
		 -3.4870 0.4064 -3.8626,
		 -2.7087 0.4064 -4.5157,
		 -2.7087 0.4572 -4.5157,
		 -3.4543 0.4572 -3.8237,
		 -3.4543 0.4064 -3.8237,
		 -2.6760 0.4064 -4.4767,
		 -2.6760 0.4572 -4.4767
		]
	} #Coordinate3
	Material {
		ambientColor      0.0833 0.0833 0.2500  #ambientColor
		diffuseColor      0.3333 0.3333 1.0000  #diffuseColor
		transparency      0.0000                #transparency
	} #Material

	IndexedFaceSet {
		coordIndex [ 
		 0, 1, 2, 3,-1,
		 3, 2, 1, 0,-1,
		 0, 3, 7, 4,-1,
		 4, 7, 3, 0,-1,
		 1, 0, 4, 5,-1,
		 5, 4, 0, 1,-1,
		 2, 1, 5, 6,-1,
		 6, 5, 1, 2,-1,
		 3, 2, 6, 7,-1,
		 7, 6, 2, 3,-1,
		 7, 6, 5, 4,-1,
		 4, 5, 6, 7,-1,
		]
	} #IndexedFaceSet
} #Polyhedron
Separator { #Polyhedron
	DEF COORD16 Coordinate3 {
		point [
		 -3.4870 0.3556 -3.8626,
		 -3.4870 0.3048 -3.8626,
		 -2.7087 0.3048 -4.5157,
		 -2.7087 0.3556 -4.5157,
		 -3.4543 0.3556 -3.8237,
		 -3.4543 0.3048 -3.8237,
		 -2.6760 0.3048 -4.4767,
		 -2.6760 0.3556 -4.4767
		]
	} #Coordinate3
	Material {
		ambientColor      0.0833 0.0833 0.2500  #ambientColor
		diffuseColor      0.3333 0.3333 1.0000  #diffuseColor
		transparency      0.0000                #transparency
	} #Material

	IndexedFaceSet {
		coordIndex [ 
		 0, 1, 2, 3,-1,
		 3, 2, 1, 0,-1,
		 0, 3, 7, 4,-1,
		 4, 7, 3, 0,-1,
		 1, 0, 4, 5,-1,
		 5, 4, 0, 1,-1,
		 2, 1, 5, 6,-1,
		 6, 5, 1, 2,-1,
		 3, 2, 6, 7,-1,
		 7, 6, 2, 3,-1,
		 7, 6, 5, 4,-1,
		 4, 5, 6, 7,-1,
		]
	} #IndexedFaceSet
} #Polyhedron
Separator { #Polyhedron
	DEF COORD17 Coordinate3 {
		point [
		 -3.4870 0.2540 -3.8626,
		 -3.4870 0.2032 -3.8626,
		 -2.7087 0.2032 -4.5157,
		 -2.7087 0.2540 -4.5157,
		 -3.4543 0.2540 -3.8237,
		 -3.4543 0.2032 -3.8237,
		 -2.6760 0.2032 -4.4767,
		 -2.6760 0.2540 -4.4767
		]
	} #Coordinate3
	Material {
		ambientColor      0.0833 0.0833 0.2500  #ambientColor
		diffuseColor      0.3333 0.3333 1.0000  #diffuseColor
		transparency      0.0000                #transparency
	} #Material

	IndexedFaceSet {
		coordIndex [ 
		 0, 1, 2, 3,-1,
		 3, 2, 1, 0,-1,
		 0, 3, 7, 4,-1,
		 4, 7, 3, 0,-1,
		 1, 0, 4, 5,-1,
		 5, 4, 0, 1,-1,
		 2, 1, 5, 6,-1,
		 6, 5, 1, 2,-1,
		 3, 2, 6, 7,-1,
		 7, 6, 2, 3,-1,
		 7, 6, 5, 4,-1,
		 4, 5, 6, 7,-1,
		]
	} #IndexedFaceSet
} #Polyhedron
Separator { #Polyhedron
	DEF COORD18 Coordinate3 {
		point [
		 -2.6698 0.7620 -4.5483,
		 -2.6698 0.2032 -4.5483,
		 -2.6309 0.2032 -4.5810,
		 -2.6309 0.7620 -4.5810,
		 -2.6371 0.7620 -4.5094,
		 -2.6371 0.2032 -4.5094,
		 -2.5982 0.2032 -4.5420,
		 -2.5982 0.7620 -4.5420
		]
	} #Coordinate3
	Material {
		ambientColor      0.0833 0.0833 0.2500  #ambientColor
		diffuseColor      0.3333 0.3333 1.0000  #diffuseColor
		transparency      0.0000                #transparency
	} #Material

	IndexedFaceSet {
		coordIndex [ 
		 0, 1, 2, 3,-1,
		 3, 2, 1, 0,-1,
		 0, 3, 7, 4,-1,
		 4, 7, 3, 0,-1,
		 1, 0, 4, 5,-1,
		 5, 4, 0, 1,-1,
		 2, 1, 5, 6,-1,
		 6, 5, 1, 2,-1,
		 3, 2, 6, 7,-1,
		 7, 6, 2, 3,-1,
		 7, 6, 5, 4,-1,
		 4, 5, 6, 7,-1,
		]
	} #IndexedFaceSet
} #Polyhedron
Separator { #Polyhedron
	DEF COORD19 Coordinate3 {
		point [
		 -2.5920 0.7620 -4.6136,
		 -2.5920 0.2032 -4.6136,
		 -2.5531 0.2032 -4.6463,
		 -2.5531 0.7620 -4.6463,
		 -2.5593 0.7620 -4.5747,
		 -2.5593 0.2032 -4.5747,
		 -2.5204 0.2032 -4.6073,
		 -2.5204 0.7620 -4.6073
		]
	} #Coordinate3
	Material {
		ambientColor      0.0833 0.0833 0.2500  #ambientColor
		diffuseColor      0.3333 0.3333 1.0000  #diffuseColor
		transparency      0.0000                #transparency
	} #Material

	IndexedFaceSet {
		coordIndex [ 
		 0, 1, 2, 3,-1,
		 3, 2, 1, 0,-1,
		 0, 3, 7, 4,-1,
		 4, 7, 3, 0,-1,
		 1, 0, 4, 5,-1,
		 5, 4, 0, 1,-1,
		 2, 1, 5, 6,-1,
		 6, 5, 1, 2,-1,
		 3, 2, 6, 7,-1,
		 7, 6, 2, 3,-1,
		 7, 6, 5, 4,-1,
		 4, 5, 6, 7,-1,
		]
	} #IndexedFaceSet
} #Polyhedron
Separator { #Polyhedron
	DEF COORD20 Coordinate3 {
		point [
		 -3.5648 0.7620 -3.7973,
		 -3.5648 0.2032 -3.7973,
		 -3.5259 0.2032 -3.8300,
		 -3.5259 0.7620 -3.8300,
		 -3.5322 0.7620 -3.7584,
		 -3.5322 0.2032 -3.7584,
		 -3.4932 0.2032 -3.7910,
		 -3.4932 0.7620 -3.7910
		]
	} #Coordinate3
	Material {
		ambientColor      0.0833 0.0833 0.2500  #ambientColor
		diffuseColor      0.3333 0.3333 1.0000  #diffuseColor
		transparency      0.0000                #transparency
	} #Material

	IndexedFaceSet {
		coordIndex [ 
		 0, 1, 2, 3,-1,
		 3, 2, 1, 0,-1,
		 0, 3, 7, 4,-1,
		 4, 7, 3, 0,-1,
		 1, 0, 4, 5,-1,
		 5, 4, 0, 1,-1,
		 2, 1, 5, 6,-1,
		 6, 5, 1, 2,-1,
		 3, 2, 6, 7,-1,
		 7, 6, 2, 3,-1,
		 7, 6, 5, 4,-1,
		 4, 5, 6, 7,-1,
		]
	} #IndexedFaceSet
} #Polyhedron
Separator { #Polyhedron
	DEF COORD21 Coordinate3 {
		point [
		 -3.6426 0.7620 -3.7320,
		 -3.6426 0.2032 -3.7320,
		 -3.6037 0.2032 -3.7647,
		 -3.6037 0.7620 -3.7647,
		 -3.6100 0.7620 -3.6931,
		 -3.6100 0.2032 -3.6931,
		 -3.5711 0.2032 -3.7257,
		 -3.5711 0.7620 -3.7257
		]
	} #Coordinate3
	Material {
		ambientColor      0.0833 0.0833 0.2500  #ambientColor
		diffuseColor      0.3333 0.3333 1.0000  #diffuseColor
		transparency      0.0000                #transparency
	} #Material

	IndexedFaceSet {
		coordIndex [ 
		 0, 1, 2, 3,-1,
		 3, 2, 1, 0,-1,
		 0, 3, 7, 4,-1,
		 4, 7, 3, 0,-1,
		 1, 0, 4, 5,-1,
		 5, 4, 0, 1,-1,
		 2, 1, 5, 6,-1,
		 6, 5, 1, 2,-1,
		 3, 2, 6, 7,-1,
		 7, 6, 2, 3,-1,
		 7, 6, 5, 4,-1,
		 4, 5, 6, 7,-1,
		]
	} #IndexedFaceSet
} #Polyhedron
Separator { #Polyhedron
	DEF COORD22 Coordinate3 {
		point [
		 -2.4363 0.5588 -4.7442,
		 -2.4661 0.5511 -4.7192,
		 -2.4913 0.5290 -4.6980,
		 -2.5082 0.4961 -4.6839,
		 -2.5141 0.4572 -4.6789,
		 -2.5082 0.4183 -4.6839,
		 -2.4913 0.3854 -4.6980,
		 -2.4661 0.3633 -4.7192,
		 -2.4363 0.3556 -4.7442,
		 -2.4065 0.3633 -4.7692,
		 -2.3813 0.3854 -4.7904,
		 -2.3644 0.4183 -4.8046,
		 -2.3585 0.4572 -4.8095,
		 -2.3644 0.4961 -4.8046,
		 -2.3813 0.5290 -4.7904,
		 -2.4065 0.5511 -4.7692,
		 -2.4037 0.5588 -4.7053,
		 -2.4334 0.5511 -4.6803,
		 -2.4587 0.5290 -4.6591,
		 -2.4756 0.4961 -4.6450,
		 -2.4815 0.4572 -4.6400,
		 -2.4756 0.4183 -4.6450,
		 -2.4587 0.3854 -4.6591,
		 -2.4334 0.3633 -4.6803,
		 -2.4037 0.3556 -4.7053,
		 -2.3739 0.3633 -4.7303,
		 -2.3486 0.3854 -4.7515,
		 -2.3318 0.4183 -4.7656,
		 -2.3258 0.4572 -4.7706,
		 -2.3318 0.4961 -4.7656,
		 -2.3486 0.5290 -4.7515,
		 -2.3739 0.5511 -4.7303
		]
	} #Coordinate3
	Material {
		ambientColor      0.0833 0.0833 0.2500  #ambientColor
		diffuseColor      0.3333 0.3333 1.0000  #diffuseColor
		transparency      0.0000                #transparency
	} #Material

	IndexedFaceSet {
		coordIndex [ 
		 0, 1, 2, 3, 4, 5, 6, 7, 8, 9, 10, 11, 12, 13, 14, 15,-1,
		 15, 14, 13, 12, 11, 10, 9, 8, 7, 6, 5, 4, 3, 2, 1, 0,-1,
		 0, 15, 31, 16,-1,
		 16, 31, 15, 0,-1,
		 1, 0, 16, 17,-1,
		 17, 16, 0, 1,-1,
		 2, 1, 17, 18,-1,
		 18, 17, 1, 2,-1,
		 3, 2, 18, 19,-1,
		 19, 18, 2, 3,-1,
		 4, 3, 19, 20,-1,
		 20, 19, 3, 4,-1,
		 5, 4, 20, 21,-1,
		 21, 20, 4, 5,-1,
		 6, 5, 21, 22,-1,
		 22, 21, 5, 6,-1,
		 7, 6, 22, 23,-1,
		 23, 22, 6, 7,-1,
		 8, 7, 23, 24,-1,
		 24, 23, 7, 8,-1,
		 9, 8, 24, 25,-1,
		 25, 24, 8, 9,-1,
		 10, 9, 25, 26,-1,
		 26, 25, 9, 10,-1,
		 11, 10, 26, 27,-1,
		 27, 26, 10, 11,-1,
		 12, 11, 27, 28,-1,
		 28, 27, 11, 12,-1,
		 13, 12, 28, 29,-1,
		 29, 28, 12, 13,-1,
		 14, 13, 29, 30,-1,
		 30, 29, 13, 14,-1,
		 15, 14, 30, 31,-1,
		 31, 30, 14, 15,-1,
		 31, 30, 29, 28, 27, 26, 25, 24, 23, 22, 21, 20, 19, 18, 17, 16,-1,
		 16, 17, 18, 19, 20, 21, 22, 23, 24, 25, 26, 27, 28, 29, 30, 31,-1,
		]
	} #IndexedFaceSet
} #Polyhedron
Separator { #Polyhedron
	DEF COORD23 Coordinate3 {
		point [
		 -3.7594 0.5588 -3.6340,
		 -3.7892 0.5511 -3.6091,
		 -3.8144 0.5290 -3.5879,
		 -3.8313 0.4961 -3.5737,
		 -3.8372 0.4572 -3.5687,
		 -3.8313 0.4183 -3.5737,
		 -3.8144 0.3854 -3.5879,
		 -3.7892 0.3633 -3.6091,
		 -3.7594 0.3556 -3.6340,
		 -3.7296 0.3633 -3.6590,
		 -3.7044 0.3854 -3.6802,
		 -3.6875 0.4183 -3.6944,
		 -3.6816 0.4572 -3.6993,
		 -3.6875 0.4961 -3.6944,
		 -3.7044 0.5290 -3.6802,
		 -3.7296 0.5511 -3.6590,
		 -3.7267 0.5588 -3.5951,
		 -3.7565 0.5511 -3.5701,
		 -3.7818 0.5290 -3.5489,
		 -3.7986 0.4961 -3.5348,
		 -3.8046 0.4572 -3.5298,
		 -3.7986 0.4183 -3.5348,
		 -3.7818 0.3854 -3.5489,
		 -3.7565 0.3633 -3.5701,
		 -3.7267 0.3556 -3.5951,
		 -3.6969 0.3633 -3.6201,
		 -3.6717 0.3854 -3.6413,
		 -3.6548 0.4183 -3.6555,
		 -3.6489 0.4572 -3.6604,
		 -3.6548 0.4961 -3.6555,
		 -3.6717 0.5290 -3.6413,
		 -3.6969 0.5511 -3.6201
		]
	} #Coordinate3
	Material {
		ambientColor      0.0833 0.0833 0.2500  #ambientColor
		diffuseColor      0.3333 0.3333 1.0000  #diffuseColor
		transparency      0.0000                #transparency
	} #Material

	IndexedFaceSet {
		coordIndex [ 
		 0, 1, 2, 3, 4, 5, 6, 7, 8, 9, 10, 11, 12, 13, 14, 15,-1,
		 15, 14, 13, 12, 11, 10, 9, 8, 7, 6, 5, 4, 3, 2, 1, 0,-1,
		 0, 15, 31, 16,-1,
		 16, 31, 15, 0,-1,
		 1, 0, 16, 17,-1,
		 17, 16, 0, 1,-1,
		 2, 1, 17, 18,-1,
		 18, 17, 1, 2,-1,
		 3, 2, 18, 19,-1,
		 19, 18, 2, 3,-1,
		 4, 3, 19, 20,-1,
		 20, 19, 3, 4,-1,
		 5, 4, 20, 21,-1,
		 21, 20, 4, 5,-1,
		 6, 5, 21, 22,-1,
		 22, 21, 5, 6,-1,
		 7, 6, 22, 23,-1,
		 23, 22, 6, 7,-1,
		 8, 7, 23, 24,-1,
		 24, 23, 7, 8,-1,
		 9, 8, 24, 25,-1,
		 25, 24, 8, 9,-1,
		 10, 9, 25, 26,-1,
		 26, 25, 9, 10,-1,
		 11, 10, 26, 27,-1,
		 27, 26, 10, 11,-1,
		 12, 11, 27, 28,-1,
		 28, 27, 11, 12,-1,
		 13, 12, 28, 29,-1,
		 29, 28, 12, 13,-1,
		 14, 13, 29, 30,-1,
		 30, 29, 13, 14,-1,
		 15, 14, 30, 31,-1,
		 31, 30, 14, 15,-1,
		 31, 30, 29, 28, 27, 26, 25, 24, 23, 22, 21, 20, 19, 18, 17, 16,-1,
		 16, 17, 18, 19, 20, 21, 22, 23, 24, 25, 26, 27, 28, 29, 30, 31,-1,
		]
	} #IndexedFaceSet
} #Polyhedron
Separator { #Polyhedron
	DEF COORD24 Coordinate3 {
		point [
		 -2.1082 3.0480 -5.7404,
		 -2.1082 3.0480 -5.4864,
		 -2.1590 3.0480 -5.4864,
		 -2.1590 3.0480 -5.7404,
		 -2.1082 0.0000 -5.7404,
		 -2.1082 0.0000 -5.4864,
		 -2.1590 0.0000 -5.4864,
		 -2.1590 0.0000 -5.7404
		]
	} #Coordinate3
	Material {
		ambientColor      0.2500 0.2500 0.2500  #ambientColor
		diffuseColor      1.0000 1.0000 1.0000  #diffuseColor
		transparency      0.0000                #transparency
	} #Material

	IndexedFaceSet {
		coordIndex [ 
		 0, 1, 2, 3,-1,
		 3, 2, 1, 0,-1,
		 0, 3, 7, 4,-1,
		 4, 7, 3, 0,-1,
		 1, 0, 4, 5,-1,
		 5, 4, 0, 1,-1,
		 2, 1, 5, 6,-1,
		 6, 5, 1, 2,-1,
		 3, 2, 6, 7,-1,
		 7, 6, 2, 3,-1,
		 7, 6, 5, 4,-1,
		 4, 5, 6, 7,-1,
		]
	} #IndexedFaceSet
} #Polyhedron
Separator { #Polyhedron
	DEF COORD25 Coordinate3 {
		point [
		 -2.3622 3.0480 -5.4864,
		 -2.3622 3.0480 -5.7404,
		 -2.3114 3.0480 -5.7404,
		 -2.3114 3.0480 -5.4864,
		 -2.3622 0.0000 -5.4864,
		 -2.3622 0.0000 -5.7404,
		 -2.3114 0.0000 -5.7404,
		 -2.3114 0.0000 -5.4864
		]
	} #Coordinate3
	Material {
		ambientColor      0.2500 0.2500 0.2500  #ambientColor
		diffuseColor      1.0000 1.0000 1.0000  #diffuseColor
		transparency      0.0000                #transparency
	} #Material

	IndexedFaceSet {
		coordIndex [ 
		 0, 1, 2, 3,-1,
		 3, 2, 1, 0,-1,
		 0, 3, 7, 4,-1,
		 4, 7, 3, 0,-1,
		 1, 0, 4, 5,-1,
		 5, 4, 0, 1,-1,
		 2, 1, 5, 6,-1,
		 6, 5, 1, 2,-1,
		 3, 2, 6, 7,-1,
		 7, 6, 2, 3,-1,
		 7, 6, 5, 4,-1,
		 4, 5, 6, 7,-1,
		]
	} #IndexedFaceSet
} #Polyhedron
Separator { #Polyhedron
	DEF COORD26 Coordinate3 {
		point [
		 -2.2606 3.0480 -5.7912,
		 -2.2606 3.0480 -5.4356,
		 -2.3114 3.0480 -5.4356,
		 -2.3114 3.0480 -5.7912,
		 -2.2606 0.0000 -5.7912,
		 -2.2606 0.0000 -5.4356,
		 -2.3114 0.0000 -5.4356,
		 -2.3114 0.0000 -5.7912
		]
	} #Coordinate3
	Material {
		ambientColor      0.2500 0.2500 0.2500  #ambientColor
		diffuseColor      1.0000 1.0000 1.0000  #diffuseColor
		transparency      0.0000                #transparency
	} #Material

	IndexedFaceSet {
		coordIndex [ 
		 0, 1, 2, 3,-1,
		 3, 2, 1, 0,-1,
		 0, 3, 7, 4,-1,
		 4, 7, 3, 0,-1,
		 1, 0, 4, 5,-1,
		 5, 4, 0, 1,-1,
		 2, 1, 5, 6,-1,
		 6, 5, 1, 2,-1,
		 3, 2, 6, 7,-1,
		 7, 6, 2, 3,-1,
		 7, 6, 5, 4,-1,
		 4, 5, 6, 7,-1,
		]
	} #IndexedFaceSet
} #Polyhedron
Separator { #Polyhedron
	DEF COORD27 Coordinate3 {
		point [
		 -2.1590 3.0480 -5.7912,
		 -2.1590 3.0480 -5.4356,
		 -2.2098 3.0480 -5.4356,
		 -2.2098 3.0480 -5.7912,
		 -2.1590 0.0000 -5.7912,
		 -2.1590 0.0000 -5.4356,
		 -2.2098 0.0000 -5.4356,
		 -2.2098 0.0000 -5.7912
		]
	} #Coordinate3
	Material {
		ambientColor      0.2500 0.2500 0.2500  #ambientColor
		diffuseColor      1.0000 1.0000 1.0000  #diffuseColor
		transparency      0.0000                #transparency
	} #Material

	IndexedFaceSet {
		coordIndex [ 
		 0, 1, 2, 3,-1,
		 3, 2, 1, 0,-1,
		 0, 3, 7, 4,-1,
		 4, 7, 3, 0,-1,
		 1, 0, 4, 5,-1,
		 5, 4, 0, 1,-1,
		 2, 1, 5, 6,-1,
		 6, 5, 1, 2,-1,
		 3, 2, 6, 7,-1,
		 7, 6, 2, 3,-1,
		 7, 6, 5, 4,-1,
		 4, 5, 6, 7,-1,
		]
	} #IndexedFaceSet
} #Polyhedron
Separator { #Polyhedron
	DEF COORD28 Coordinate3 {
		point [
		 -2.2098 3.0480 -5.7404,
		 -2.2098 3.0480 -5.4864,
		 -2.2606 3.0480 -5.4864,
		 -2.2606 3.0480 -5.7404,
		 -2.2098 0.0000 -5.7404,
		 -2.2098 0.0000 -5.4864,
		 -2.2606 0.0000 -5.4864,
		 -2.2606 0.0000 -5.7404
		]
	} #Coordinate3
	Material {
		ambientColor      0.2500 0.2500 0.2500  #ambientColor
		diffuseColor      1.0000 1.0000 1.0000  #diffuseColor
		transparency      0.0000                #transparency
	} #Material

	IndexedFaceSet {
		coordIndex [ 
		 0, 1, 2, 3,-1,
		 3, 2, 1, 0,-1,
		 0, 3, 7, 4,-1,
		 4, 7, 3, 0,-1,
		 1, 0, 4, 5,-1,
		 5, 4, 0, 1,-1,
		 2, 1, 5, 6,-1,
		 6, 5, 1, 2,-1,
		 3, 2, 6, 7,-1,
		 7, 6, 2, 3,-1,
		 7, 6, 5, 4,-1,
		 4, 5, 6, 7,-1,
		]
	} #IndexedFaceSet
} #Polyhedron
Separator { #Polyhedron
	DEF COORD29 Coordinate3 {
		point [
		 -2.3622 3.0480 -5.4864,
		 -2.3622 3.0480 -5.4356,
		 -2.4130 3.0480 -5.4356,
		 -2.4130 3.0480 -5.4864,
		 -2.3622 0.0000 -5.4864,
		 -2.3622 0.0000 -5.4356,
		 -2.4130 0.0000 -5.4356,
		 -2.4130 0.0000 -5.4864
		]
	} #Coordinate3
	Material {
		ambientColor      0.2500 0.2500 0.2500  #ambientColor
		diffuseColor      1.0000 1.0000 1.0000  #diffuseColor
		transparency      0.0000                #transparency
	} #Material

	IndexedFaceSet {
		coordIndex [ 
		 0, 1, 2, 3,-1,
		 3, 2, 1, 0,-1,
		 0, 3, 7, 4,-1,
		 4, 7, 3, 0,-1,
		 1, 0, 4, 5,-1,
		 5, 4, 0, 1,-1,
		 2, 1, 5, 6,-1,
		 6, 5, 1, 2,-1,
		 3, 2, 6, 7,-1,
		 7, 6, 2, 3,-1,
		 7, 6, 5, 4,-1,
		 4, 5, 6, 7,-1,
		]
	} #IndexedFaceSet
} #Polyhedron
Separator { #Polyhedron
	DEF COORD30 Coordinate3 {
		point [
		 -2.3622 3.0480 -5.5880,
		 -2.3622 3.0480 -5.5372,
		 -2.4130 3.0480 -5.5372,
		 -2.4130 3.0480 -5.5880,
		 -2.3622 0.0000 -5.5880,
		 -2.3622 0.0000 -5.5372,
		 -2.4130 0.0000 -5.5372,
		 -2.4130 0.0000 -5.5880
		]
	} #Coordinate3
	Material {
		ambientColor      0.2500 0.2500 0.2500  #ambientColor
		diffuseColor      1.0000 1.0000 1.0000  #diffuseColor
		transparency      0.0000                #transparency
	} #Material

	IndexedFaceSet {
		coordIndex [ 
		 0, 1, 2, 3,-1,
		 3, 2, 1, 0,-1,
		 0, 3, 7, 4,-1,
		 4, 7, 3, 0,-1,
		 1, 0, 4, 5,-1,
		 5, 4, 0, 1,-1,
		 2, 1, 5, 6,-1,
		 6, 5, 1, 2,-1,
		 3, 2, 6, 7,-1,
		 7, 6, 2, 3,-1,
		 7, 6, 5, 4,-1,
		 4, 5, 6, 7,-1,
		]
	} #IndexedFaceSet
} #Polyhedron
Separator { #Polyhedron
	DEF COORD31 Coordinate3 {
		point [
		 -2.3622 3.0480 -5.6896,
		 -2.3622 3.0480 -5.6388,
		 -2.4130 3.0480 -5.6388,
		 -2.4130 3.0480 -5.6896,
		 -2.3622 0.0000 -5.6896,
		 -2.3622 0.0000 -5.6388,
		 -2.4130 0.0000 -5.6388,
		 -2.4130 0.0000 -5.6896
		]
	} #Coordinate3
	Material {
		ambientColor      0.2500 0.2500 0.2500  #ambientColor
		diffuseColor      1.0000 1.0000 1.0000  #diffuseColor
		transparency      0.0000                #transparency
	} #Material

	IndexedFaceSet {
		coordIndex [ 
		 0, 1, 2, 3,-1,
		 3, 2, 1, 0,-1,
		 0, 3, 7, 4,-1,
		 4, 7, 3, 0,-1,
		 1, 0, 4, 5,-1,
		 5, 4, 0, 1,-1,
		 2, 1, 5, 6,-1,
		 6, 5, 1, 2,-1,
		 3, 2, 6, 7,-1,
		 7, 6, 2, 3,-1,
		 7, 6, 5, 4,-1,
		 4, 5, 6, 7,-1,
		]
	} #IndexedFaceSet
} #Polyhedron
Separator { #Polyhedron
	DEF COORD32 Coordinate3 {
		point [
		 -2.3622 3.0480 -5.7912,
		 -2.3622 3.0480 -5.7404,
		 -2.4130 3.0480 -5.7404,
		 -2.4130 3.0480 -5.7912,
		 -2.3622 0.0000 -5.7912,
		 -2.3622 0.0000 -5.7404,
		 -2.4130 0.0000 -5.7404,
		 -2.4130 0.0000 -5.7912
		]
	} #Coordinate3
	Material {
		ambientColor      0.2500 0.2500 0.2500  #ambientColor
		diffuseColor      1.0000 1.0000 1.0000  #diffuseColor
		transparency      0.0000                #transparency
	} #Material

	IndexedFaceSet {
		coordIndex [ 
		 0, 1, 2, 3,-1,
		 3, 2, 1, 0,-1,
		 0, 3, 7, 4,-1,
		 4, 7, 3, 0,-1,
		 1, 0, 4, 5,-1,
		 5, 4, 0, 1,-1,
		 2, 1, 5, 6,-1,
		 6, 5, 1, 2,-1,
		 3, 2, 6, 7,-1,
		 7, 6, 2, 3,-1,
		 7, 6, 5, 4,-1,
		 4, 5, 6, 7,-1,
		]
	} #IndexedFaceSet
} #Polyhedron
Separator { #Polyhedron
	DEF COORD33 Coordinate3 {
		point [
		 -2.0574 3.0480 -5.7912,
		 -2.0574 3.0480 -5.7404,
		 -2.1082 3.0480 -5.7404,
		 -2.1082 3.0480 -5.7912,
		 -2.0574 0.0000 -5.7912,
		 -2.0574 0.0000 -5.7404,
		 -2.1082 0.0000 -5.7404,
		 -2.1082 0.0000 -5.7912
		]
	} #Coordinate3
	Material {
		ambientColor      0.2500 0.2500 0.2500  #ambientColor
		diffuseColor      1.0000 1.0000 1.0000  #diffuseColor
		transparency      0.0000                #transparency
	} #Material

	IndexedFaceSet {
		coordIndex [ 
		 0, 1, 2, 3,-1,
		 3, 2, 1, 0,-1,
		 0, 3, 7, 4,-1,
		 4, 7, 3, 0,-1,
		 1, 0, 4, 5,-1,
		 5, 4, 0, 1,-1,
		 2, 1, 5, 6,-1,
		 6, 5, 1, 2,-1,
		 3, 2, 6, 7,-1,
		 7, 6, 2, 3,-1,
		 7, 6, 5, 4,-1,
		 4, 5, 6, 7,-1,
		]
	} #IndexedFaceSet
} #Polyhedron
Separator { #Polyhedron
	DEF COORD34 Coordinate3 {
		point [
		 -2.0574 3.0480 -5.6896,
		 -2.0574 3.0480 -5.6388,
		 -2.1082 3.0480 -5.6388,
		 -2.1082 3.0480 -5.6896,
		 -2.0574 0.0000 -5.6896,
		 -2.0574 0.0000 -5.6388,
		 -2.1082 0.0000 -5.6388,
		 -2.1082 0.0000 -5.6896
		]
	} #Coordinate3
	Material {
		ambientColor      0.2500 0.2500 0.2500  #ambientColor
		diffuseColor      1.0000 1.0000 1.0000  #diffuseColor
		transparency      0.0000                #transparency
	} #Material

	IndexedFaceSet {
		coordIndex [ 
		 0, 1, 2, 3,-1,
		 3, 2, 1, 0,-1,
		 0, 3, 7, 4,-1,
		 4, 7, 3, 0,-1,
		 1, 0, 4, 5,-1,
		 5, 4, 0, 1,-1,
		 2, 1, 5, 6,-1,
		 6, 5, 1, 2,-1,
		 3, 2, 6, 7,-1,
		 7, 6, 2, 3,-1,
		 7, 6, 5, 4,-1,
		 4, 5, 6, 7,-1,
		]
	} #IndexedFaceSet
} #Polyhedron
Separator { #Polyhedron
	DEF COORD35 Coordinate3 {
		point [
		 -2.0574 3.0480 -5.5880,
		 -2.0574 3.0480 -5.5372,
		 -2.1082 3.0480 -5.5372,
		 -2.1082 3.0480 -5.5880,
		 -2.0574 0.0000 -5.5880,
		 -2.0574 0.0000 -5.5372,
		 -2.1082 0.0000 -5.5372,
		 -2.1082 0.0000 -5.5880
		]
	} #Coordinate3
	Material {
		ambientColor      0.2500 0.2500 0.2500  #ambientColor
		diffuseColor      1.0000 1.0000 1.0000  #diffuseColor
		transparency      0.0000                #transparency
	} #Material

	IndexedFaceSet {
		coordIndex [ 
		 0, 1, 2, 3,-1,
		 3, 2, 1, 0,-1,
		 0, 3, 7, 4,-1,
		 4, 7, 3, 0,-1,
		 1, 0, 4, 5,-1,
		 5, 4, 0, 1,-1,
		 2, 1, 5, 6,-1,
		 6, 5, 1, 2,-1,
		 3, 2, 6, 7,-1,
		 7, 6, 2, 3,-1,
		 7, 6, 5, 4,-1,
		 4, 5, 6, 7,-1,
		]
	} #IndexedFaceSet
} #Polyhedron
Separator { #Polyhedron
	DEF COORD36 Coordinate3 {
		point [
		 -2.0574 3.0480 -5.4864,
		 -2.0574 3.0480 -5.4356,
		 -2.1082 3.0480 -5.4356,
		 -2.1082 3.0480 -5.4864,
		 -2.0574 0.0000 -5.4864,
		 -2.0574 0.0000 -5.4356,
		 -2.1082 0.0000 -5.4356,
		 -2.1082 0.0000 -5.4864
		]
	} #Coordinate3
	Material {
		ambientColor      0.2500 0.2500 0.2500  #ambientColor
		diffuseColor      1.0000 1.0000 1.0000  #diffuseColor
		transparency      0.0000                #transparency
	} #Material

	IndexedFaceSet {
		coordIndex [ 
		 0, 1, 2, 3,-1,
		 3, 2, 1, 0,-1,
		 0, 3, 7, 4,-1,
		 4, 7, 3, 0,-1,
		 1, 0, 4, 5,-1,
		 5, 4, 0, 1,-1,
		 2, 1, 5, 6,-1,
		 6, 5, 1, 2,-1,
		 3, 2, 6, 7,-1,
		 7, 6, 2, 3,-1,
		 7, 6, 5, 4,-1,
		 4, 5, 6, 7,-1,
		]
	} #IndexedFaceSet
} #Polyhedron
Separator { #Polyhedron
	DEF COORD37 Coordinate3 {
		point [
		 -4.5466 3.0480 -3.5560,
		 -4.5466 3.0480 -3.3020,
		 -4.5974 3.0480 -3.3020,
		 -4.5974 3.0480 -3.5560,
		 -4.5466 0.0000 -3.5560,
		 -4.5466 0.0000 -3.3020,
		 -4.5974 0.0000 -3.3020,
		 -4.5974 0.0000 -3.5560
		]
	} #Coordinate3
	Material {
		ambientColor      0.2500 0.2500 0.2500  #ambientColor
		diffuseColor      1.0000 1.0000 1.0000  #diffuseColor
		transparency      0.0000                #transparency
	} #Material

	IndexedFaceSet {
		coordIndex [ 
		 0, 1, 2, 3,-1,
		 3, 2, 1, 0,-1,
		 0, 3, 7, 4,-1,
		 4, 7, 3, 0,-1,
		 1, 0, 4, 5,-1,
		 5, 4, 0, 1,-1,
		 2, 1, 5, 6,-1,
		 6, 5, 1, 2,-1,
		 3, 2, 6, 7,-1,
		 7, 6, 2, 3,-1,
		 7, 6, 5, 4,-1,
		 4, 5, 6, 7,-1,
		]
	} #IndexedFaceSet
} #Polyhedron
Separator { #Polyhedron
	DEF COORD38 Coordinate3 {
		point [
		 -4.8006 3.0480 -3.3020,
		 -4.8006 3.0480 -3.5560,
		 -4.7498 3.0480 -3.5560,
		 -4.7498 3.0480 -3.3020,
		 -4.8006 0.0000 -3.3020,
		 -4.8006 0.0000 -3.5560,
		 -4.7498 0.0000 -3.5560,
		 -4.7498 0.0000 -3.3020
		]
	} #Coordinate3
	Material {
		ambientColor      0.2500 0.2500 0.2500  #ambientColor
		diffuseColor      1.0000 1.0000 1.0000  #diffuseColor
		transparency      0.0000                #transparency
	} #Material

	IndexedFaceSet {
		coordIndex [ 
		 0, 1, 2, 3,-1,
		 3, 2, 1, 0,-1,
		 0, 3, 7, 4,-1,
		 4, 7, 3, 0,-1,
		 1, 0, 4, 5,-1,
		 5, 4, 0, 1,-1,
		 2, 1, 5, 6,-1,
		 6, 5, 1, 2,-1,
		 3, 2, 6, 7,-1,
		 7, 6, 2, 3,-1,
		 7, 6, 5, 4,-1,
		 4, 5, 6, 7,-1,
		]
	} #IndexedFaceSet
} #Polyhedron
Separator { #Polyhedron
	DEF COORD39 Coordinate3 {
		point [
		 -4.6990 3.0480 -3.6068,
		 -4.6990 3.0480 -3.2512,
		 -4.7498 3.0480 -3.2512,
		 -4.7498 3.0480 -3.6068,
		 -4.6990 0.0000 -3.6068,
		 -4.6990 0.0000 -3.2512,
		 -4.7498 0.0000 -3.2512,
		 -4.7498 0.0000 -3.6068
		]
	} #Coordinate3
	Material {
		ambientColor      0.2500 0.2500 0.2500  #ambientColor
		diffuseColor      1.0000 1.0000 1.0000  #diffuseColor
		transparency      0.0000                #transparency
	} #Material

	IndexedFaceSet {
		coordIndex [ 
		 0, 1, 2, 3,-1,
		 3, 2, 1, 0,-1,
		 0, 3, 7, 4,-1,
		 4, 7, 3, 0,-1,
		 1, 0, 4, 5,-1,
		 5, 4, 0, 1,-1,
		 2, 1, 5, 6,-1,
		 6, 5, 1, 2,-1,
		 3, 2, 6, 7,-1,
		 7, 6, 2, 3,-1,
		 7, 6, 5, 4,-1,
		 4, 5, 6, 7,-1,
		]
	} #IndexedFaceSet
} #Polyhedron
Separator { #Polyhedron
	DEF COORD40 Coordinate3 {
		point [
		 -4.5974 3.0480 -3.6068,
		 -4.5974 3.0480 -3.2512,
		 -4.6482 3.0480 -3.2512,
		 -4.6482 3.0480 -3.6068,
		 -4.5974 0.0000 -3.6068,
		 -4.5974 0.0000 -3.2512,
		 -4.6482 0.0000 -3.2512,
		 -4.6482 0.0000 -3.6068
		]
	} #Coordinate3
	Material {
		ambientColor      0.2500 0.2500 0.2500  #ambientColor
		diffuseColor      1.0000 1.0000 1.0000  #diffuseColor
		transparency      0.0000                #transparency
	} #Material

	IndexedFaceSet {
		coordIndex [ 
		 0, 1, 2, 3,-1,
		 3, 2, 1, 0,-1,
		 0, 3, 7, 4,-1,
		 4, 7, 3, 0,-1,
		 1, 0, 4, 5,-1,
		 5, 4, 0, 1,-1,
		 2, 1, 5, 6,-1,
		 6, 5, 1, 2,-1,
		 3, 2, 6, 7,-1,
		 7, 6, 2, 3,-1,
		 7, 6, 5, 4,-1,
		 4, 5, 6, 7,-1,
		]
	} #IndexedFaceSet
} #Polyhedron
Separator { #Polyhedron
	DEF COORD41 Coordinate3 {
		point [
		 -4.6482 3.0480 -3.5560,
		 -4.6482 3.0480 -3.3020,
		 -4.6990 3.0480 -3.3020,
		 -4.6990 3.0480 -3.5560,
		 -4.6482 0.0000 -3.5560,
		 -4.6482 0.0000 -3.3020,
		 -4.6990 0.0000 -3.3020,
		 -4.6990 0.0000 -3.5560
		]
	} #Coordinate3
	Material {
		ambientColor      0.2500 0.2500 0.2500  #ambientColor
		diffuseColor      1.0000 1.0000 1.0000  #diffuseColor
		transparency      0.0000                #transparency
	} #Material

	IndexedFaceSet {
		coordIndex [ 
		 0, 1, 2, 3,-1,
		 3, 2, 1, 0,-1,
		 0, 3, 7, 4,-1,
		 4, 7, 3, 0,-1,
		 1, 0, 4, 5,-1,
		 5, 4, 0, 1,-1,
		 2, 1, 5, 6,-1,
		 6, 5, 1, 2,-1,
		 3, 2, 6, 7,-1,
		 7, 6, 2, 3,-1,
		 7, 6, 5, 4,-1,
		 4, 5, 6, 7,-1,
		]
	} #IndexedFaceSet
} #Polyhedron
Separator { #Polyhedron
	DEF COORD42 Coordinate3 {
		point [
		 -4.8006 3.0480 -3.3020,
		 -4.8006 3.0480 -3.2512,
		 -4.8514 3.0480 -3.2512,
		 -4.8514 3.0480 -3.3020,
		 -4.8006 0.0000 -3.3020,
		 -4.8006 0.0000 -3.2512,
		 -4.8514 0.0000 -3.2512,
		 -4.8514 0.0000 -3.3020
		]
	} #Coordinate3
	Material {
		ambientColor      0.2500 0.2500 0.2500  #ambientColor
		diffuseColor      1.0000 1.0000 1.0000  #diffuseColor
		transparency      0.0000                #transparency
	} #Material

	IndexedFaceSet {
		coordIndex [ 
		 0, 1, 2, 3,-1,
		 3, 2, 1, 0,-1,
		 0, 3, 7, 4,-1,
		 4, 7, 3, 0,-1,
		 1, 0, 4, 5,-1,
		 5, 4, 0, 1,-1,
		 2, 1, 5, 6,-1,
		 6, 5, 1, 2,-1,
		 3, 2, 6, 7,-1,
		 7, 6, 2, 3,-1,
		 7, 6, 5, 4,-1,
		 4, 5, 6, 7,-1,
		]
	} #IndexedFaceSet
} #Polyhedron
Separator { #Polyhedron
	DEF COORD43 Coordinate3 {
		point [
		 -4.8006 3.0480 -3.4036,
		 -4.8006 3.0480 -3.3528,
		 -4.8514 3.0480 -3.3528,
		 -4.8514 3.0480 -3.4036,
		 -4.8006 0.0000 -3.4036,
		 -4.8006 0.0000 -3.3528,
		 -4.8514 0.0000 -3.3528,
		 -4.8514 0.0000 -3.4036
		]
	} #Coordinate3
	Material {
		ambientColor      0.2500 0.2500 0.2500  #ambientColor
		diffuseColor      1.0000 1.0000 1.0000  #diffuseColor
		transparency      0.0000                #transparency
	} #Material

	IndexedFaceSet {
		coordIndex [ 
		 0, 1, 2, 3,-1,
		 3, 2, 1, 0,-1,
		 0, 3, 7, 4,-1,
		 4, 7, 3, 0,-1,
		 1, 0, 4, 5,-1,
		 5, 4, 0, 1,-1,
		 2, 1, 5, 6,-1,
		 6, 5, 1, 2,-1,
		 3, 2, 6, 7,-1,
		 7, 6, 2, 3,-1,
		 7, 6, 5, 4,-1,
		 4, 5, 6, 7,-1,
		]
	} #IndexedFaceSet
} #Polyhedron
Separator { #Polyhedron
	DEF COORD44 Coordinate3 {
		point [
		 -4.8006 3.0480 -3.5052,
		 -4.8006 3.0480 -3.4544,
		 -4.8514 3.0480 -3.4544,
		 -4.8514 3.0480 -3.5052,
		 -4.8006 0.0000 -3.5052,
		 -4.8006 0.0000 -3.4544,
		 -4.8514 0.0000 -3.4544,
		 -4.8514 0.0000 -3.5052
		]
	} #Coordinate3
	Material {
		ambientColor      0.2500 0.2500 0.2500  #ambientColor
		diffuseColor      1.0000 1.0000 1.0000  #diffuseColor
		transparency      0.0000                #transparency
	} #Material

	IndexedFaceSet {
		coordIndex [ 
		 0, 1, 2, 3,-1,
		 3, 2, 1, 0,-1,
		 0, 3, 7, 4,-1,
		 4, 7, 3, 0,-1,
		 1, 0, 4, 5,-1,
		 5, 4, 0, 1,-1,
		 2, 1, 5, 6,-1,
		 6, 5, 1, 2,-1,
		 3, 2, 6, 7,-1,
		 7, 6, 2, 3,-1,
		 7, 6, 5, 4,-1,
		 4, 5, 6, 7,-1,
		]
	} #IndexedFaceSet
} #Polyhedron
Separator { #Polyhedron
	DEF COORD45 Coordinate3 {
		point [
		 -4.8006 3.0480 -3.6068,
		 -4.8006 3.0480 -3.5560,
		 -4.8514 3.0480 -3.5560,
		 -4.8514 3.0480 -3.6068,
		 -4.8006 0.0000 -3.6068,
		 -4.8006 0.0000 -3.5560,
		 -4.8514 0.0000 -3.5560,
		 -4.8514 0.0000 -3.6068
		]
	} #Coordinate3
	Material {
		ambientColor      0.2500 0.2500 0.2500  #ambientColor
		diffuseColor      1.0000 1.0000 1.0000  #diffuseColor
		transparency      0.0000                #transparency
	} #Material

	IndexedFaceSet {
		coordIndex [ 
		 0, 1, 2, 3,-1,
		 3, 2, 1, 0,-1,
		 0, 3, 7, 4,-1,
		 4, 7, 3, 0,-1,
		 1, 0, 4, 5,-1,
		 5, 4, 0, 1,-1,
		 2, 1, 5, 6,-1,
		 6, 5, 1, 2,-1,
		 3, 2, 6, 7,-1,
		 7, 6, 2, 3,-1,
		 7, 6, 5, 4,-1,
		 4, 5, 6, 7,-1,
		]
	} #IndexedFaceSet
} #Polyhedron
Separator { #Polyhedron
	DEF COORD46 Coordinate3 {
		point [
		 -4.4958 3.0480 -3.6068,
		 -4.4958 3.0480 -3.5560,
		 -4.5466 3.0480 -3.5560,
		 -4.5466 3.0480 -3.6068,
		 -4.4958 0.0000 -3.6068,
		 -4.4958 0.0000 -3.5560,
		 -4.5466 0.0000 -3.5560,
		 -4.5466 0.0000 -3.6068
		]
	} #Coordinate3
	Material {
		ambientColor      0.2500 0.2500 0.2500  #ambientColor
		diffuseColor      1.0000 1.0000 1.0000  #diffuseColor
		transparency      0.0000                #transparency
	} #Material

	IndexedFaceSet {
		coordIndex [ 
		 0, 1, 2, 3,-1,
		 3, 2, 1, 0,-1,
		 0, 3, 7, 4,-1,
		 4, 7, 3, 0,-1,
		 1, 0, 4, 5,-1,
		 5, 4, 0, 1,-1,
		 2, 1, 5, 6,-1,
		 6, 5, 1, 2,-1,
		 3, 2, 6, 7,-1,
		 7, 6, 2, 3,-1,
		 7, 6, 5, 4,-1,
		 4, 5, 6, 7,-1,
		]
	} #IndexedFaceSet
} #Polyhedron
Separator { #Polyhedron
	DEF COORD47 Coordinate3 {
		point [
		 -4.4958 3.0480 -3.5052,
		 -4.4958 3.0480 -3.4544,
		 -4.5466 3.0480 -3.4544,
		 -4.5466 3.0480 -3.5052,
		 -4.4958 0.0000 -3.5052,
		 -4.4958 0.0000 -3.4544,
		 -4.5466 0.0000 -3.4544,
		 -4.5466 0.0000 -3.5052
		]
	} #Coordinate3
	Material {
		ambientColor      0.2500 0.2500 0.2500  #ambientColor
		diffuseColor      1.0000 1.0000 1.0000  #diffuseColor
		transparency      0.0000                #transparency
	} #Material

	IndexedFaceSet {
		coordIndex [ 
		 0, 1, 2, 3,-1,
		 3, 2, 1, 0,-1,
		 0, 3, 7, 4,-1,
		 4, 7, 3, 0,-1,
		 1, 0, 4, 5,-1,
		 5, 4, 0, 1,-1,
		 2, 1, 5, 6,-1,
		 6, 5, 1, 2,-1,
		 3, 2, 6, 7,-1,
		 7, 6, 2, 3,-1,
		 7, 6, 5, 4,-1,
		 4, 5, 6, 7,-1,
		]
	} #IndexedFaceSet
} #Polyhedron
Separator { #Polyhedron
	DEF COORD48 Coordinate3 {
		point [
		 -4.4958 3.0480 -3.4036,
		 -4.4958 3.0480 -3.3528,
		 -4.5466 3.0480 -3.3528,
		 -4.5466 3.0480 -3.4036,
		 -4.4958 0.0000 -3.4036,
		 -4.4958 0.0000 -3.3528,
		 -4.5466 0.0000 -3.3528,
		 -4.5466 0.0000 -3.4036
		]
	} #Coordinate3
	Material {
		ambientColor      0.2500 0.2500 0.2500  #ambientColor
		diffuseColor      1.0000 1.0000 1.0000  #diffuseColor
		transparency      0.0000                #transparency
	} #Material

	IndexedFaceSet {
		coordIndex [ 
		 0, 1, 2, 3,-1,
		 3, 2, 1, 0,-1,
		 0, 3, 7, 4,-1,
		 4, 7, 3, 0,-1,
		 1, 0, 4, 5,-1,
		 5, 4, 0, 1,-1,
		 2, 1, 5, 6,-1,
		 6, 5, 1, 2,-1,
		 3, 2, 6, 7,-1,
		 7, 6, 2, 3,-1,
		 7, 6, 5, 4,-1,
		 4, 5, 6, 7,-1,
		]
	} #IndexedFaceSet
} #Polyhedron
Separator { #Polyhedron
	DEF COORD49 Coordinate3 {
		point [
		 -4.4958 3.0480 -3.3020,
		 -4.4958 3.0480 -3.2512,
		 -4.5466 3.0480 -3.2512,
		 -4.5466 3.0480 -3.3020,
		 -4.4958 0.0000 -3.3020,
		 -4.4958 0.0000 -3.2512,
		 -4.5466 0.0000 -3.2512,
		 -4.5466 0.0000 -3.3020
		]
	} #Coordinate3
	Material {
		ambientColor      0.2500 0.2500 0.2500  #ambientColor
		diffuseColor      1.0000 1.0000 1.0000  #diffuseColor
		transparency      0.0000                #transparency
	} #Material

	IndexedFaceSet {
		coordIndex [ 
		 0, 1, 2, 3,-1,
		 3, 2, 1, 0,-1,
		 0, 3, 7, 4,-1,
		 4, 7, 3, 0,-1,
		 1, 0, 4, 5,-1,
		 5, 4, 0, 1,-1,
		 2, 1, 5, 6,-1,
		 6, 5, 1, 2,-1,
		 3, 2, 6, 7,-1,
		 7, 6, 2, 3,-1,
		 7, 6, 5, 4,-1,
		 4, 5, 6, 7,-1,
		]
	} #IndexedFaceSet
} #Polyhedron
Separator { #Polyhedron
	DEF COORD50 Coordinate3 {
		point [
		 5.1054 2.8448 -5.7912,
		 5.1079 2.8372 -5.7912,
		 5.1842 2.8626 -5.7912,
		 5.1816 2.8702 -5.7912,
		 5.1054 2.8448 -3.6576,
		 5.1079 2.8372 -3.6576,
		 5.1842 2.8626 -3.6576,
		 5.1816 2.8702 -3.6576
		]
	} #Coordinate3
	Material {
		ambientColor      0.2500 0.2500 0.2500  #ambientColor
		diffuseColor      1.0000 1.0000 1.0000  #diffuseColor
		transparency      0.0000                #transparency
	} #Material

	IndexedFaceSet {
		coordIndex [ 
		 0, 1, 2, 3,-1,
		 3, 2, 1, 0,-1,
		 0, 3, 7, 4,-1,
		 4, 7, 3, 0,-1,
		 1, 0, 4, 5,-1,
		 5, 4, 0, 1,-1,
		 2, 1, 5, 6,-1,
		 6, 5, 1, 2,-1,
		 3, 2, 6, 7,-1,
		 7, 6, 2, 3,-1,
		 7, 6, 5, 4,-1,
		 4, 5, 6, 7,-1,
		]
	} #IndexedFaceSet
} #Polyhedron
Separator { #Polyhedron
	DEF COORD51 Coordinate3 {
		point [
		 5.1054 2.7432 -5.7912,
		 5.1079 2.7356 -5.7912,
		 5.1842 2.7610 -5.7912,
		 5.1816 2.7686 -5.7912,
		 5.1054 2.7432 -3.6576,
		 5.1079 2.7356 -3.6576,
		 5.1842 2.7610 -3.6576,
		 5.1816 2.7686 -3.6576
		]
	} #Coordinate3
	Material {
		ambientColor      0.2500 0.2500 0.2500  #ambientColor
		diffuseColor      1.0000 1.0000 1.0000  #diffuseColor
		transparency      0.0000                #transparency
	} #Material

	IndexedFaceSet {
		coordIndex [ 
		 0, 1, 2, 3,-1,
		 3, 2, 1, 0,-1,
		 0, 3, 7, 4,-1,
		 4, 7, 3, 0,-1,
		 1, 0, 4, 5,-1,
		 5, 4, 0, 1,-1,
		 2, 1, 5, 6,-1,
		 6, 5, 1, 2,-1,
		 3, 2, 6, 7,-1,
		 7, 6, 2, 3,-1,
		 7, 6, 5, 4,-1,
		 4, 5, 6, 7,-1,
		]
	} #IndexedFaceSet
} #Polyhedron
Separator { #Polyhedron
	DEF COORD52 Coordinate3 {
		point [
		 5.1054 2.6416 -5.7912,
		 5.1079 2.6340 -5.7912,
		 5.1842 2.6594 -5.7912,
		 5.1816 2.6670 -5.7912,
		 5.1054 2.6416 -3.6576,
		 5.1079 2.6340 -3.6576,
		 5.1842 2.6594 -3.6576,
		 5.1816 2.6670 -3.6576
		]
	} #Coordinate3
	Material {
		ambientColor      0.2500 0.2500 0.2500  #ambientColor
		diffuseColor      1.0000 1.0000 1.0000  #diffuseColor
		transparency      0.0000                #transparency
	} #Material

	IndexedFaceSet {
		coordIndex [ 
		 0, 1, 2, 3,-1,
		 3, 2, 1, 0,-1,
		 0, 3, 7, 4,-1,
		 4, 7, 3, 0,-1,
		 1, 0, 4, 5,-1,
		 5, 4, 0, 1,-1,
		 2, 1, 5, 6,-1,
		 6, 5, 1, 2,-1,
		 3, 2, 6, 7,-1,
		 7, 6, 2, 3,-1,
		 7, 6, 5, 4,-1,
		 4, 5, 6, 7,-1,
		]
	} #IndexedFaceSet
} #Polyhedron
Separator { #Polyhedron
	DEF COORD53 Coordinate3 {
		point [
		 5.1054 2.5400 -5.7912,
		 5.1079 2.5324 -5.7912,
		 5.1842 2.5578 -5.7912,
		 5.1816 2.5654 -5.7912,
		 5.1054 2.5400 -3.6576,
		 5.1079 2.5324 -3.6576,
		 5.1842 2.5578 -3.6576,
		 5.1816 2.5654 -3.6576
		]
	} #Coordinate3
	Material {
		ambientColor      0.2500 0.2500 0.2500  #ambientColor
		diffuseColor      1.0000 1.0000 1.0000  #diffuseColor
		transparency      0.0000                #transparency
	} #Material

	IndexedFaceSet {
		coordIndex [ 
		 0, 1, 2, 3,-1,
		 3, 2, 1, 0,-1,
		 0, 3, 7, 4,-1,
		 4, 7, 3, 0,-1,
		 1, 0, 4, 5,-1,
		 5, 4, 0, 1,-1,
		 2, 1, 5, 6,-1,
		 6, 5, 1, 2,-1,
		 3, 2, 6, 7,-1,
		 7, 6, 2, 3,-1,
		 7, 6, 5, 4,-1,
		 4, 5, 6, 7,-1,
		]
	} #IndexedFaceSet
} #Polyhedron
Separator { #Polyhedron
	DEF COORD54 Coordinate3 {
		point [
		 5.1054 2.4384 -5.7912,
		 5.1079 2.4308 -5.7912,
		 5.1842 2.4562 -5.7912,
		 5.1816 2.4638 -5.7912,
		 5.1054 2.4384 -3.6576,
		 5.1079 2.4308 -3.6576,
		 5.1842 2.4562 -3.6576,
		 5.1816 2.4638 -3.6576
		]
	} #Coordinate3
	Material {
		ambientColor      0.2500 0.2500 0.2500  #ambientColor
		diffuseColor      1.0000 1.0000 1.0000  #diffuseColor
		transparency      0.0000                #transparency
	} #Material

	IndexedFaceSet {
		coordIndex [ 
		 0, 1, 2, 3,-1,
		 3, 2, 1, 0,-1,
		 0, 3, 7, 4,-1,
		 4, 7, 3, 0,-1,
		 1, 0, 4, 5,-1,
		 5, 4, 0, 1,-1,
		 2, 1, 5, 6,-1,
		 6, 5, 1, 2,-1,
		 3, 2, 6, 7,-1,
		 7, 6, 2, 3,-1,
		 7, 6, 5, 4,-1,
		 4, 5, 6, 7,-1,
		]
	} #IndexedFaceSet
} #Polyhedron
Separator { #Polyhedron
	DEF COORD55 Coordinate3 {
		point [
		 5.1054 2.3368 -5.7912,
		 5.1079 2.3292 -5.7912,
		 5.1842 2.3546 -5.7912,
		 5.1816 2.3622 -5.7912,
		 5.1054 2.3368 -3.6576,
		 5.1079 2.3292 -3.6576,
		 5.1842 2.3546 -3.6576,
		 5.1816 2.3622 -3.6576
		]
	} #Coordinate3
	Material {
		ambientColor      0.2500 0.2500 0.2500  #ambientColor
		diffuseColor      1.0000 1.0000 1.0000  #diffuseColor
		transparency      0.0000                #transparency
	} #Material

	IndexedFaceSet {
		coordIndex [ 
		 0, 1, 2, 3,-1,
		 3, 2, 1, 0,-1,
		 0, 3, 7, 4,-1,
		 4, 7, 3, 0,-1,
		 1, 0, 4, 5,-1,
		 5, 4, 0, 1,-1,
		 2, 1, 5, 6,-1,
		 6, 5, 1, 2,-1,
		 3, 2, 6, 7,-1,
		 7, 6, 2, 3,-1,
		 7, 6, 5, 4,-1,
		 4, 5, 6, 7,-1,
		]
	} #IndexedFaceSet
} #Polyhedron
Separator { #Polyhedron
	DEF COORD56 Coordinate3 {
		point [
		 5.1054 2.2352 -5.7912,
		 5.1079 2.2276 -5.7912,
		 5.1842 2.2530 -5.7912,
		 5.1816 2.2606 -5.7912,
		 5.1054 2.2352 -3.6576,
		 5.1079 2.2276 -3.6576,
		 5.1842 2.2530 -3.6576,
		 5.1816 2.2606 -3.6576
		]
	} #Coordinate3
	Material {
		ambientColor      0.2500 0.2500 0.2500  #ambientColor
		diffuseColor      1.0000 1.0000 1.0000  #diffuseColor
		transparency      0.0000                #transparency
	} #Material

	IndexedFaceSet {
		coordIndex [ 
		 0, 1, 2, 3,-1,
		 3, 2, 1, 0,-1,
		 0, 3, 7, 4,-1,
		 4, 7, 3, 0,-1,
		 1, 0, 4, 5,-1,
		 5, 4, 0, 1,-1,
		 2, 1, 5, 6,-1,
		 6, 5, 1, 2,-1,
		 3, 2, 6, 7,-1,
		 7, 6, 2, 3,-1,
		 7, 6, 5, 4,-1,
		 4, 5, 6, 7,-1,
		]
	} #IndexedFaceSet
} #Polyhedron
Separator { #Polyhedron
	DEF COORD57 Coordinate3 {
		point [
		 5.1054 2.1336 -5.7912,
		 5.1079 2.1260 -5.7912,
		 5.1842 2.1514 -5.7912,
		 5.1816 2.1590 -5.7912,
		 5.1054 2.1336 -3.6576,
		 5.1079 2.1260 -3.6576,
		 5.1842 2.1514 -3.6576,
		 5.1816 2.1590 -3.6576
		]
	} #Coordinate3
	Material {
		ambientColor      0.2500 0.2500 0.2500  #ambientColor
		diffuseColor      1.0000 1.0000 1.0000  #diffuseColor
		transparency      0.0000                #transparency
	} #Material

	IndexedFaceSet {
		coordIndex [ 
		 0, 1, 2, 3,-1,
		 3, 2, 1, 0,-1,
		 0, 3, 7, 4,-1,
		 4, 7, 3, 0,-1,
		 1, 0, 4, 5,-1,
		 5, 4, 0, 1,-1,
		 2, 1, 5, 6,-1,
		 6, 5, 1, 2,-1,
		 3, 2, 6, 7,-1,
		 7, 6, 2, 3,-1,
		 7, 6, 5, 4,-1,
		 4, 5, 6, 7,-1,
		]
	} #IndexedFaceSet
} #Polyhedron
Separator { #Polyhedron
	DEF COORD58 Coordinate3 {
		point [
		 5.1054 2.0320 -5.7912,
		 5.1079 2.0244 -5.7912,
		 5.1842 2.0498 -5.7912,
		 5.1816 2.0574 -5.7912,
		 5.1054 2.0320 -3.6576,
		 5.1079 2.0244 -3.6576,
		 5.1842 2.0498 -3.6576,
		 5.1816 2.0574 -3.6576
		]
	} #Coordinate3
	Material {
		ambientColor      0.2500 0.2500 0.2500  #ambientColor
		diffuseColor      1.0000 1.0000 1.0000  #diffuseColor
		transparency      0.0000                #transparency
	} #Material

	IndexedFaceSet {
		coordIndex [ 
		 0, 1, 2, 3,-1,
		 3, 2, 1, 0,-1,
		 0, 3, 7, 4,-1,
		 4, 7, 3, 0,-1,
		 1, 0, 4, 5,-1,
		 5, 4, 0, 1,-1,
		 2, 1, 5, 6,-1,
		 6, 5, 1, 2,-1,
		 3, 2, 6, 7,-1,
		 7, 6, 2, 3,-1,
		 7, 6, 5, 4,-1,
		 4, 5, 6, 7,-1,
		]
	} #IndexedFaceSet
} #Polyhedron
Separator { #Polyhedron
	DEF COORD59 Coordinate3 {
		point [
		 5.1054 1.9304 -5.7912,
		 5.1079 1.9228 -5.7912,
		 5.1842 1.9482 -5.7912,
		 5.1816 1.9558 -5.7912,
		 5.1054 1.9304 -3.6576,
		 5.1079 1.9228 -3.6576,
		 5.1842 1.9482 -3.6576,
		 5.1816 1.9558 -3.6576
		]
	} #Coordinate3
	Material {
		ambientColor      0.2500 0.2500 0.2500  #ambientColor
		diffuseColor      1.0000 1.0000 1.0000  #diffuseColor
		transparency      0.0000                #transparency
	} #Material

	IndexedFaceSet {
		coordIndex [ 
		 0, 1, 2, 3,-1,
		 3, 2, 1, 0,-1,
		 0, 3, 7, 4,-1,
		 4, 7, 3, 0,-1,
		 1, 0, 4, 5,-1,
		 5, 4, 0, 1,-1,
		 2, 1, 5, 6,-1,
		 6, 5, 1, 2,-1,
		 3, 2, 6, 7,-1,
		 7, 6, 2, 3,-1,
		 7, 6, 5, 4,-1,
		 4, 5, 6, 7,-1,
		]
	} #IndexedFaceSet
} #Polyhedron
Separator { #Polyhedron
	DEF COORD60 Coordinate3 {
		point [
		 5.1054 1.8288 -5.7912,
		 5.1079 1.8212 -5.7912,
		 5.1842 1.8466 -5.7912,
		 5.1816 1.8542 -5.7912,
		 5.1054 1.8288 -3.6576,
		 5.1079 1.8212 -3.6576,
		 5.1842 1.8466 -3.6576,
		 5.1816 1.8542 -3.6576
		]
	} #Coordinate3
	Material {
		ambientColor      0.2500 0.2500 0.2500  #ambientColor
		diffuseColor      1.0000 1.0000 1.0000  #diffuseColor
		transparency      0.0000                #transparency
	} #Material

	IndexedFaceSet {
		coordIndex [ 
		 0, 1, 2, 3,-1,
		 3, 2, 1, 0,-1,
		 0, 3, 7, 4,-1,
		 4, 7, 3, 0,-1,
		 1, 0, 4, 5,-1,
		 5, 4, 0, 1,-1,
		 2, 1, 5, 6,-1,
		 6, 5, 1, 2,-1,
		 3, 2, 6, 7,-1,
		 7, 6, 2, 3,-1,
		 7, 6, 5, 4,-1,
		 4, 5, 6, 7,-1,
		]
	} #IndexedFaceSet
} #Polyhedron
Separator { #Polyhedron
	DEF COORD61 Coordinate3 {
		point [
		 5.1054 1.7272 -5.7912,
		 5.1079 1.7196 -5.7912,
		 5.1842 1.7450 -5.7912,
		 5.1816 1.7526 -5.7912,
		 5.1054 1.7272 -3.6576,
		 5.1079 1.7196 -3.6576,
		 5.1842 1.7450 -3.6576,
		 5.1816 1.7526 -3.6576
		]
	} #Coordinate3
	Material {
		ambientColor      0.2500 0.2500 0.2500  #ambientColor
		diffuseColor      1.0000 1.0000 1.0000  #diffuseColor
		transparency      0.0000                #transparency
	} #Material

	IndexedFaceSet {
		coordIndex [ 
		 0, 1, 2, 3,-1,
		 3, 2, 1, 0,-1,
		 0, 3, 7, 4,-1,
		 4, 7, 3, 0,-1,
		 1, 0, 4, 5,-1,
		 5, 4, 0, 1,-1,
		 2, 1, 5, 6,-1,
		 6, 5, 1, 2,-1,
		 3, 2, 6, 7,-1,
		 7, 6, 2, 3,-1,
		 7, 6, 5, 4,-1,
		 4, 5, 6, 7,-1,
		]
	} #IndexedFaceSet
} #Polyhedron
Separator { #Polyhedron
	DEF COORD62 Coordinate3 {
		point [
		 5.1054 1.6256 -5.7912,
		 5.1079 1.6180 -5.7912,
		 5.1842 1.6434 -5.7912,
		 5.1816 1.6510 -5.7912,
		 5.1054 1.6256 -3.6576,
		 5.1079 1.6180 -3.6576,
		 5.1842 1.6434 -3.6576,
		 5.1816 1.6510 -3.6576
		]
	} #Coordinate3
	Material {
		ambientColor      0.2500 0.2500 0.2500  #ambientColor
		diffuseColor      1.0000 1.0000 1.0000  #diffuseColor
		transparency      0.0000                #transparency
	} #Material

	IndexedFaceSet {
		coordIndex [ 
		 0, 1, 2, 3,-1,
		 3, 2, 1, 0,-1,
		 0, 3, 7, 4,-1,
		 4, 7, 3, 0,-1,
		 1, 0, 4, 5,-1,
		 5, 4, 0, 1,-1,
		 2, 1, 5, 6,-1,
		 6, 5, 1, 2,-1,
		 3, 2, 6, 7,-1,
		 7, 6, 2, 3,-1,
		 7, 6, 5, 4,-1,
		 4, 5, 6, 7,-1,
		]
	} #IndexedFaceSet
} #Polyhedron
Separator { #Polyhedron
	DEF COORD63 Coordinate3 {
		point [
		 5.1054 1.5240 -5.7912,
		 5.1079 1.5164 -5.7912,
		 5.1842 1.5418 -5.7912,
		 5.1816 1.5494 -5.7912,
		 5.1054 1.5240 -3.6576,
		 5.1079 1.5164 -3.6576,
		 5.1842 1.5418 -3.6576,
		 5.1816 1.5494 -3.6576
		]
	} #Coordinate3
	Material {
		ambientColor      0.2500 0.2500 0.2500  #ambientColor
		diffuseColor      1.0000 1.0000 1.0000  #diffuseColor
		transparency      0.0000                #transparency
	} #Material

	IndexedFaceSet {
		coordIndex [ 
		 0, 1, 2, 3,-1,
		 3, 2, 1, 0,-1,
		 0, 3, 7, 4,-1,
		 4, 7, 3, 0,-1,
		 1, 0, 4, 5,-1,
		 5, 4, 0, 1,-1,
		 2, 1, 5, 6,-1,
		 6, 5, 1, 2,-1,
		 3, 2, 6, 7,-1,
		 7, 6, 2, 3,-1,
		 7, 6, 5, 4,-1,
		 4, 5, 6, 7,-1,
		]
	} #IndexedFaceSet
} #Polyhedron
Separator { #Polyhedron
	DEF COORD64 Coordinate3 {
		point [
		 5.1054 1.4224 -5.7912,
		 5.1079 1.4148 -5.7912,
		 5.1842 1.4402 -5.7912,
		 5.1816 1.4478 -5.7912,
		 5.1054 1.4224 -3.6576,
		 5.1079 1.4148 -3.6576,
		 5.1842 1.4402 -3.6576,
		 5.1816 1.4478 -3.6576
		]
	} #Coordinate3
	Material {
		ambientColor      0.2500 0.2500 0.2500  #ambientColor
		diffuseColor      1.0000 1.0000 1.0000  #diffuseColor
		transparency      0.0000                #transparency
	} #Material

	IndexedFaceSet {
		coordIndex [ 
		 0, 1, 2, 3,-1,
		 3, 2, 1, 0,-1,
		 0, 3, 7, 4,-1,
		 4, 7, 3, 0,-1,
		 1, 0, 4, 5,-1,
		 5, 4, 0, 1,-1,
		 2, 1, 5, 6,-1,
		 6, 5, 1, 2,-1,
		 3, 2, 6, 7,-1,
		 7, 6, 2, 3,-1,
		 7, 6, 5, 4,-1,
		 4, 5, 6, 7,-1,
		]
	} #IndexedFaceSet
} #Polyhedron
Separator { #Polyhedron
	DEF COORD65 Coordinate3 {
		point [
		 5.1054 1.3208 -5.7912,
		 5.1079 1.3132 -5.7912,
		 5.1842 1.3386 -5.7912,
		 5.1816 1.3462 -5.7912,
		 5.1054 1.3208 -3.6576,
		 5.1079 1.3132 -3.6576,
		 5.1842 1.3386 -3.6576,
		 5.1816 1.3462 -3.6576
		]
	} #Coordinate3
	Material {
		ambientColor      0.2500 0.2500 0.2500  #ambientColor
		diffuseColor      1.0000 1.0000 1.0000  #diffuseColor
		transparency      0.0000                #transparency
	} #Material

	IndexedFaceSet {
		coordIndex [ 
		 0, 1, 2, 3,-1,
		 3, 2, 1, 0,-1,
		 0, 3, 7, 4,-1,
		 4, 7, 3, 0,-1,
		 1, 0, 4, 5,-1,
		 5, 4, 0, 1,-1,
		 2, 1, 5, 6,-1,
		 6, 5, 1, 2,-1,
		 3, 2, 6, 7,-1,
		 7, 6, 2, 3,-1,
		 7, 6, 5, 4,-1,
		 4, 5, 6, 7,-1,
		]
	} #IndexedFaceSet
} #Polyhedron
Separator { #Polyhedron
	DEF COORD66 Coordinate3 {
		point [
		 5.1054 1.2192 -5.7912,
		 5.1079 1.2116 -5.7912,
		 5.1842 1.2370 -5.7912,
		 5.1816 1.2446 -5.7912,
		 5.1054 1.2192 -3.6576,
		 5.1079 1.2116 -3.6576,
		 5.1842 1.2370 -3.6576,
		 5.1816 1.2446 -3.6576
		]
	} #Coordinate3
	Material {
		ambientColor      0.2500 0.2500 0.2500  #ambientColor
		diffuseColor      1.0000 1.0000 1.0000  #diffuseColor
		transparency      0.0000                #transparency
	} #Material

	IndexedFaceSet {
		coordIndex [ 
		 0, 1, 2, 3,-1,
		 3, 2, 1, 0,-1,
		 0, 3, 7, 4,-1,
		 4, 7, 3, 0,-1,
		 1, 0, 4, 5,-1,
		 5, 4, 0, 1,-1,
		 2, 1, 5, 6,-1,
		 6, 5, 1, 2,-1,
		 3, 2, 6, 7,-1,
		 7, 6, 2, 3,-1,
		 7, 6, 5, 4,-1,
		 4, 5, 6, 7,-1,
		]
	} #IndexedFaceSet
} #Polyhedron
Separator { #Polyhedron
	DEF COORD67 Coordinate3 {
		point [
		 5.1054 1.1176 -5.7912,
		 5.1079 1.1100 -5.7912,
		 5.1842 1.1354 -5.7912,
		 5.1816 1.1430 -5.7912,
		 5.1054 1.1176 -3.6576,
		 5.1079 1.1100 -3.6576,
		 5.1842 1.1354 -3.6576,
		 5.1816 1.1430 -3.6576
		]
	} #Coordinate3
	Material {
		ambientColor      0.2500 0.2500 0.2500  #ambientColor
		diffuseColor      1.0000 1.0000 1.0000  #diffuseColor
		transparency      0.0000                #transparency
	} #Material

	IndexedFaceSet {
		coordIndex [ 
		 0, 1, 2, 3,-1,
		 3, 2, 1, 0,-1,
		 0, 3, 7, 4,-1,
		 4, 7, 3, 0,-1,
		 1, 0, 4, 5,-1,
		 5, 4, 0, 1,-1,
		 2, 1, 5, 6,-1,
		 6, 5, 1, 2,-1,
		 3, 2, 6, 7,-1,
		 7, 6, 2, 3,-1,
		 7, 6, 5, 4,-1,
		 4, 5, 6, 7,-1,
		]
	} #IndexedFaceSet
} #Polyhedron
Separator { #Polyhedron
	DEF COORD68 Coordinate3 {
		point [
		 5.1054 1.0160 -5.7912,
		 5.1079 1.0084 -5.7912,
		 5.1842 1.0338 -5.7912,
		 5.1816 1.0414 -5.7912,
		 5.1054 1.0160 -3.6576,
		 5.1079 1.0084 -3.6576,
		 5.1842 1.0338 -3.6576,
		 5.1816 1.0414 -3.6576
		]
	} #Coordinate3
	Material {
		ambientColor      0.2500 0.2500 0.2500  #ambientColor
		diffuseColor      1.0000 1.0000 1.0000  #diffuseColor
		transparency      0.0000                #transparency
	} #Material

	IndexedFaceSet {
		coordIndex [ 
		 0, 1, 2, 3,-1,
		 3, 2, 1, 0,-1,
		 0, 3, 7, 4,-1,
		 4, 7, 3, 0,-1,
		 1, 0, 4, 5,-1,
		 5, 4, 0, 1,-1,
		 2, 1, 5, 6,-1,
		 6, 5, 1, 2,-1,
		 3, 2, 6, 7,-1,
		 7, 6, 2, 3,-1,
		 7, 6, 5, 4,-1,
		 4, 5, 6, 7,-1,
		]
	} #IndexedFaceSet
} #Polyhedron
Separator { #Polyhedron
	DEF COORD69 Coordinate3 {
		point [
		 5.1054 0.9144 -5.7912,
		 5.1079 0.9068 -5.7912,
		 5.1842 0.9322 -5.7912,
		 5.1816 0.9398 -5.7912,
		 5.1054 0.9144 -3.6576,
		 5.1079 0.9068 -3.6576,
		 5.1842 0.9322 -3.6576,
		 5.1816 0.9398 -3.6576
		]
	} #Coordinate3
	Material {
		ambientColor      0.2500 0.2500 0.2500  #ambientColor
		diffuseColor      1.0000 1.0000 1.0000  #diffuseColor
		transparency      0.0000                #transparency
	} #Material

	IndexedFaceSet {
		coordIndex [ 
		 0, 1, 2, 3,-1,
		 3, 2, 1, 0,-1,
		 0, 3, 7, 4,-1,
		 4, 7, 3, 0,-1,
		 1, 0, 4, 5,-1,
		 5, 4, 0, 1,-1,
		 2, 1, 5, 6,-1,
		 6, 5, 1, 2,-1,
		 3, 2, 6, 7,-1,
		 7, 6, 2, 3,-1,
		 7, 6, 5, 4,-1,
		 4, 5, 6, 7,-1,
		]
	} #IndexedFaceSet
} #Polyhedron
Separator { #Polyhedron
	DEF COORD70 Coordinate3 {
		point [
		 5.1054 0.8128 -5.7912,
		 5.1079 0.8052 -5.7912,
		 5.1842 0.8306 -5.7912,
		 5.1816 0.8382 -5.7912,
		 5.1054 0.8128 -3.6576,
		 5.1079 0.8052 -3.6576,
		 5.1842 0.8306 -3.6576,
		 5.1816 0.8382 -3.6576
		]
	} #Coordinate3
	Material {
		ambientColor      0.2500 0.2500 0.2500  #ambientColor
		diffuseColor      1.0000 1.0000 1.0000  #diffuseColor
		transparency      0.0000                #transparency
	} #Material

	IndexedFaceSet {
		coordIndex [ 
		 0, 1, 2, 3,-1,
		 3, 2, 1, 0,-1,
		 0, 3, 7, 4,-1,
		 4, 7, 3, 0,-1,
		 1, 0, 4, 5,-1,
		 5, 4, 0, 1,-1,
		 2, 1, 5, 6,-1,
		 6, 5, 1, 2,-1,
		 3, 2, 6, 7,-1,
		 7, 6, 2, 3,-1,
		 7, 6, 5, 4,-1,
		 4, 5, 6, 7,-1,
		]
	} #IndexedFaceSet
} #Polyhedron
Separator { #Polyhedron
	DEF COORD71 Coordinate3 {
		point [
		 5.1054 0.7112 -5.7912,
		 5.1079 0.7036 -5.7912,
		 5.1842 0.7290 -5.7912,
		 5.1816 0.7366 -5.7912,
		 5.1054 0.7112 -3.6576,
		 5.1079 0.7036 -3.6576,
		 5.1842 0.7290 -3.6576,
		 5.1816 0.7366 -3.6576
		]
	} #Coordinate3
	Material {
		ambientColor      0.2500 0.2500 0.2500  #ambientColor
		diffuseColor      1.0000 1.0000 1.0000  #diffuseColor
		transparency      0.0000                #transparency
	} #Material

	IndexedFaceSet {
		coordIndex [ 
		 0, 1, 2, 3,-1,
		 3, 2, 1, 0,-1,
		 0, 3, 7, 4,-1,
		 4, 7, 3, 0,-1,
		 1, 0, 4, 5,-1,
		 5, 4, 0, 1,-1,
		 2, 1, 5, 6,-1,
		 6, 5, 1, 2,-1,
		 3, 2, 6, 7,-1,
		 7, 6, 2, 3,-1,
		 7, 6, 5, 4,-1,
		 4, 5, 6, 7,-1,
		]
	} #IndexedFaceSet
} #Polyhedron
Separator { #Polyhedron
	DEF COORD72 Coordinate3 {
		point [
		 5.1054 0.6096 -5.7912,
		 5.1079 0.6020 -5.7912,
		 5.1842 0.6274 -5.7912,
		 5.1816 0.6350 -5.7912,
		 5.1054 0.6096 -3.6576,
		 5.1079 0.6020 -3.6576,
		 5.1842 0.6274 -3.6576,
		 5.1816 0.6350 -3.6576
		]
	} #Coordinate3
	Material {
		ambientColor      0.2500 0.2500 0.2500  #ambientColor
		diffuseColor      1.0000 1.0000 1.0000  #diffuseColor
		transparency      0.0000                #transparency
	} #Material

	IndexedFaceSet {
		coordIndex [ 
		 0, 1, 2, 3,-1,
		 3, 2, 1, 0,-1,
		 0, 3, 7, 4,-1,
		 4, 7, 3, 0,-1,
		 1, 0, 4, 5,-1,
		 5, 4, 0, 1,-1,
		 2, 1, 5, 6,-1,
		 6, 5, 1, 2,-1,
		 3, 2, 6, 7,-1,
		 7, 6, 2, 3,-1,
		 7, 6, 5, 4,-1,
		 4, 5, 6, 7,-1,
		]
	} #IndexedFaceSet
} #Polyhedron
Separator { #Polyhedron
	DEF COORD73 Coordinate3 {
		point [
		 5.1054 0.5080 -5.7912,
		 5.1079 0.5004 -5.7912,
		 5.1842 0.5258 -5.7912,
		 5.1816 0.5334 -5.7912,
		 5.1054 0.5080 -3.6576,
		 5.1079 0.5004 -3.6576,
		 5.1842 0.5258 -3.6576,
		 5.1816 0.5334 -3.6576
		]
	} #Coordinate3
	Material {
		ambientColor      0.2500 0.2500 0.2500  #ambientColor
		diffuseColor      1.0000 1.0000 1.0000  #diffuseColor
		transparency      0.0000                #transparency
	} #Material

	IndexedFaceSet {
		coordIndex [ 
		 0, 1, 2, 3,-1,
		 3, 2, 1, 0,-1,
		 0, 3, 7, 4,-1,
		 4, 7, 3, 0,-1,
		 1, 0, 4, 5,-1,
		 5, 4, 0, 1,-1,
		 2, 1, 5, 6,-1,
		 6, 5, 1, 2,-1,
		 3, 2, 6, 7,-1,
		 7, 6, 2, 3,-1,
		 7, 6, 5, 4,-1,
		 4, 5, 6, 7,-1,
		]
	} #IndexedFaceSet
} #Polyhedron
Separator { #Polyhedron
	DEF COORD74 Coordinate3 {
		point [
		 5.1054 0.4064 -5.7912,
		 5.1079 0.3988 -5.7912,
		 5.1842 0.4242 -5.7912,
		 5.1816 0.4318 -5.7912,
		 5.1054 0.4064 -3.6576,
		 5.1079 0.3988 -3.6576,
		 5.1842 0.4242 -3.6576,
		 5.1816 0.4318 -3.6576
		]
	} #Coordinate3
	Material {
		ambientColor      0.2500 0.2500 0.2500  #ambientColor
		diffuseColor      1.0000 1.0000 1.0000  #diffuseColor
		transparency      0.0000                #transparency
	} #Material

	IndexedFaceSet {
		coordIndex [ 
		 0, 1, 2, 3,-1,
		 3, 2, 1, 0,-1,
		 0, 3, 7, 4,-1,
		 4, 7, 3, 0,-1,
		 1, 0, 4, 5,-1,
		 5, 4, 0, 1,-1,
		 2, 1, 5, 6,-1,
		 6, 5, 1, 2,-1,
		 3, 2, 6, 7,-1,
		 7, 6, 2, 3,-1,
		 7, 6, 5, 4,-1,
		 4, 5, 6, 7,-1,
		]
	} #IndexedFaceSet
} #Polyhedron
Separator { #Polyhedron
	DEF COORD75 Coordinate3 {
		point [
		 5.1054 0.3048 -5.7912,
		 5.1079 0.2972 -5.7912,
		 5.1842 0.3226 -5.7912,
		 5.1816 0.3302 -5.7912,
		 5.1054 0.3048 -3.6576,
		 5.1079 0.2972 -3.6576,
		 5.1842 0.3226 -3.6576,
		 5.1816 0.3302 -3.6576
		]
	} #Coordinate3
	Material {
		ambientColor      0.2500 0.2500 0.2500  #ambientColor
		diffuseColor      1.0000 1.0000 1.0000  #diffuseColor
		transparency      0.0000                #transparency
	} #Material

	IndexedFaceSet {
		coordIndex [ 
		 0, 1, 2, 3,-1,
		 3, 2, 1, 0,-1,
		 0, 3, 7, 4,-1,
		 4, 7, 3, 0,-1,
		 1, 0, 4, 5,-1,
		 5, 4, 0, 1,-1,
		 2, 1, 5, 6,-1,
		 6, 5, 1, 2,-1,
		 3, 2, 6, 7,-1,
		 7, 6, 2, 3,-1,
		 7, 6, 5, 4,-1,
		 4, 5, 6, 7,-1,
		]
	} #IndexedFaceSet
} #Polyhedron
Separator { #Polyhedron
	DEF COORD76 Coordinate3 {
		point [
		 5.1054 0.2032 -5.7912,
		 5.1079 0.1956 -5.7912,
		 5.1842 0.2210 -5.7912,
		 5.1816 0.2286 -5.7912,
		 5.1054 0.2032 -3.6576,
		 5.1079 0.1956 -3.6576,
		 5.1842 0.2210 -3.6576,
		 5.1816 0.2286 -3.6576
		]
	} #Coordinate3
	Material {
		ambientColor      0.2500 0.2500 0.2500  #ambientColor
		diffuseColor      1.0000 1.0000 1.0000  #diffuseColor
		transparency      0.0000                #transparency
	} #Material

	IndexedFaceSet {
		coordIndex [ 
		 0, 1, 2, 3,-1,
		 3, 2, 1, 0,-1,
		 0, 3, 7, 4,-1,
		 4, 7, 3, 0,-1,
		 1, 0, 4, 5,-1,
		 5, 4, 0, 1,-1,
		 2, 1, 5, 6,-1,
		 6, 5, 1, 2,-1,
		 3, 2, 6, 7,-1,
		 7, 6, 2, 3,-1,
		 7, 6, 5, 4,-1,
		 4, 5, 6, 7,-1,
		]
	} #IndexedFaceSet
} #Polyhedron
Separator { #Polyhedron
	DEF COORD77 Coordinate3 {
		point [
		 5.1816 0.2223 -3.0480,
		 5.1816 0.2286 -3.0480,
		 5.1054 0.2286 -3.0480,
		 5.1054 0.2223 -3.0480,
		 5.1816 0.2223 -0.9144,
		 5.1816 0.2286 -0.9144,
		 5.1054 0.2286 -0.9144,
		 5.1054 0.2223 -0.9144
		]
	} #Coordinate3
	Material {
		ambientColor      0.2500 0.2500 0.2500  #ambientColor
		diffuseColor      1.0000 1.0000 1.0000  #diffuseColor
		transparency      0.0000                #transparency
	} #Material

	IndexedFaceSet {
		coordIndex [ 
		 0, 1, 2, 3,-1,
		 3, 2, 1, 0,-1,
		 0, 3, 7, 4,-1,
		 4, 7, 3, 0,-1,
		 1, 0, 4, 5,-1,
		 5, 4, 0, 1,-1,
		 2, 1, 5, 6,-1,
		 6, 5, 1, 2,-1,
		 3, 2, 6, 7,-1,
		 7, 6, 2, 3,-1,
		 7, 6, 5, 4,-1,
		 4, 5, 6, 7,-1,
		]
	} #IndexedFaceSet
} #Polyhedron
Separator { #Polyhedron
	DEF COORD78 Coordinate3 {
		point [
		 5.1816 0.3239 -3.0480,
		 5.1816 0.3302 -3.0480,
		 5.1054 0.3302 -3.0480,
		 5.1054 0.3239 -3.0480,
		 5.1816 0.3239 -0.9144,
		 5.1816 0.3302 -0.9144,
		 5.1054 0.3302 -0.9144,
		 5.1054 0.3239 -0.9144
		]
	} #Coordinate3
	Material {
		ambientColor      0.2500 0.2500 0.2500  #ambientColor
		diffuseColor      1.0000 1.0000 1.0000  #diffuseColor
		transparency      0.0000                #transparency
	} #Material

	IndexedFaceSet {
		coordIndex [ 
		 0, 1, 2, 3,-1,
		 3, 2, 1, 0,-1,
		 0, 3, 7, 4,-1,
		 4, 7, 3, 0,-1,
		 1, 0, 4, 5,-1,
		 5, 4, 0, 1,-1,
		 2, 1, 5, 6,-1,
		 6, 5, 1, 2,-1,
		 3, 2, 6, 7,-1,
		 7, 6, 2, 3,-1,
		 7, 6, 5, 4,-1,
		 4, 5, 6, 7,-1,
		]
	} #IndexedFaceSet
} #Polyhedron
Separator { #Polyhedron
	DEF COORD79 Coordinate3 {
		point [
		 5.1816 0.4255 -3.0480,
		 5.1816 0.4318 -3.0480,
		 5.1054 0.4318 -3.0480,
		 5.1054 0.4255 -3.0480,
		 5.1816 0.4255 -0.9144,
		 5.1816 0.4318 -0.9144,
		 5.1054 0.4318 -0.9144,
		 5.1054 0.4255 -0.9144
		]
	} #Coordinate3
	Material {
		ambientColor      0.2500 0.2500 0.2500  #ambientColor
		diffuseColor      1.0000 1.0000 1.0000  #diffuseColor
		transparency      0.0000                #transparency
	} #Material

	IndexedFaceSet {
		coordIndex [ 
		 0, 1, 2, 3,-1,
		 3, 2, 1, 0,-1,
		 0, 3, 7, 4,-1,
		 4, 7, 3, 0,-1,
		 1, 0, 4, 5,-1,
		 5, 4, 0, 1,-1,
		 2, 1, 5, 6,-1,
		 6, 5, 1, 2,-1,
		 3, 2, 6, 7,-1,
		 7, 6, 2, 3,-1,
		 7, 6, 5, 4,-1,
		 4, 5, 6, 7,-1,
		]
	} #IndexedFaceSet
} #Polyhedron
Separator { #Polyhedron
	DEF COORD80 Coordinate3 {
		point [
		 5.1816 0.5271 -3.0480,
		 5.1816 0.5334 -3.0480,
		 5.1054 0.5334 -3.0480,
		 5.1054 0.5271 -3.0480,
		 5.1816 0.5271 -0.9144,
		 5.1816 0.5334 -0.9144,
		 5.1054 0.5334 -0.9144,
		 5.1054 0.5271 -0.9144
		]
	} #Coordinate3
	Material {
		ambientColor      0.2500 0.2500 0.2500  #ambientColor
		diffuseColor      1.0000 1.0000 1.0000  #diffuseColor
		transparency      0.0000                #transparency
	} #Material

	IndexedFaceSet {
		coordIndex [ 
		 0, 1, 2, 3,-1,
		 3, 2, 1, 0,-1,
		 0, 3, 7, 4,-1,
		 4, 7, 3, 0,-1,
		 1, 0, 4, 5,-1,
		 5, 4, 0, 1,-1,
		 2, 1, 5, 6,-1,
		 6, 5, 1, 2,-1,
		 3, 2, 6, 7,-1,
		 7, 6, 2, 3,-1,
		 7, 6, 5, 4,-1,
		 4, 5, 6, 7,-1,
		]
	} #IndexedFaceSet
} #Polyhedron
Separator { #Polyhedron
	DEF COORD81 Coordinate3 {
		point [
		 5.1816 0.6287 -3.0480,
		 5.1816 0.6350 -3.0480,
		 5.1054 0.6350 -3.0480,
		 5.1054 0.6287 -3.0480,
		 5.1816 0.6287 -0.9144,
		 5.1816 0.6350 -0.9144,
		 5.1054 0.6350 -0.9144,
		 5.1054 0.6287 -0.9144
		]
	} #Coordinate3
	Material {
		ambientColor      0.2500 0.2500 0.2500  #ambientColor
		diffuseColor      1.0000 1.0000 1.0000  #diffuseColor
		transparency      0.0000                #transparency
	} #Material

	IndexedFaceSet {
		coordIndex [ 
		 0, 1, 2, 3,-1,
		 3, 2, 1, 0,-1,
		 0, 3, 7, 4,-1,
		 4, 7, 3, 0,-1,
		 1, 0, 4, 5,-1,
		 5, 4, 0, 1,-1,
		 2, 1, 5, 6,-1,
		 6, 5, 1, 2,-1,
		 3, 2, 6, 7,-1,
		 7, 6, 2, 3,-1,
		 7, 6, 5, 4,-1,
		 4, 5, 6, 7,-1,
		]
	} #IndexedFaceSet
} #Polyhedron
Separator { #Polyhedron
	DEF COORD82 Coordinate3 {
		point [
		 5.1816 0.7303 -3.0480,
		 5.1816 0.7366 -3.0480,
		 5.1054 0.7366 -3.0480,
		 5.1054 0.7303 -3.0480,
		 5.1816 0.7303 -0.9144,
		 5.1816 0.7366 -0.9144,
		 5.1054 0.7366 -0.9144,
		 5.1054 0.7303 -0.9144
		]
	} #Coordinate3
	Material {
		ambientColor      0.2500 0.2500 0.2500  #ambientColor
		diffuseColor      1.0000 1.0000 1.0000  #diffuseColor
		transparency      0.0000                #transparency
	} #Material

	IndexedFaceSet {
		coordIndex [ 
		 0, 1, 2, 3,-1,
		 3, 2, 1, 0,-1,
		 0, 3, 7, 4,-1,
		 4, 7, 3, 0,-1,
		 1, 0, 4, 5,-1,
		 5, 4, 0, 1,-1,
		 2, 1, 5, 6,-1,
		 6, 5, 1, 2,-1,
		 3, 2, 6, 7,-1,
		 7, 6, 2, 3,-1,
		 7, 6, 5, 4,-1,
		 4, 5, 6, 7,-1,
		]
	} #IndexedFaceSet
} #Polyhedron
Separator { #Polyhedron
	DEF COORD83 Coordinate3 {
		point [
		 5.1816 0.8319 -3.0480,
		 5.1816 0.8382 -3.0480,
		 5.1054 0.8382 -3.0480,
		 5.1054 0.8319 -3.0480,
		 5.1816 0.8319 -0.9144,
		 5.1816 0.8382 -0.9144,
		 5.1054 0.8382 -0.9144,
		 5.1054 0.8319 -0.9144
		]
	} #Coordinate3
	Material {
		ambientColor      0.2500 0.2500 0.2500  #ambientColor
		diffuseColor      1.0000 1.0000 1.0000  #diffuseColor
		transparency      0.0000                #transparency
	} #Material

	IndexedFaceSet {
		coordIndex [ 
		 0, 1, 2, 3,-1,
		 3, 2, 1, 0,-1,
		 0, 3, 7, 4,-1,
		 4, 7, 3, 0,-1,
		 1, 0, 4, 5,-1,
		 5, 4, 0, 1,-1,
		 2, 1, 5, 6,-1,
		 6, 5, 1, 2,-1,
		 3, 2, 6, 7,-1,
		 7, 6, 2, 3,-1,
		 7, 6, 5, 4,-1,
		 4, 5, 6, 7,-1,
		]
	} #IndexedFaceSet
} #Polyhedron
Separator { #Polyhedron
	DEF COORD84 Coordinate3 {
		point [
		 5.1816 0.9335 -3.0480,
		 5.1816 0.9398 -3.0480,
		 5.1054 0.9398 -3.0480,
		 5.1054 0.9335 -3.0480,
		 5.1816 0.9335 -0.9144,
		 5.1816 0.9398 -0.9144,
		 5.1054 0.9398 -0.9144,
		 5.1054 0.9335 -0.9144
		]
	} #Coordinate3
	Material {
		ambientColor      0.2500 0.2500 0.2500  #ambientColor
		diffuseColor      1.0000 1.0000 1.0000  #diffuseColor
		transparency      0.0000                #transparency
	} #Material

	IndexedFaceSet {
		coordIndex [ 
		 0, 1, 2, 3,-1,
		 3, 2, 1, 0,-1,
		 0, 3, 7, 4,-1,
		 4, 7, 3, 0,-1,
		 1, 0, 4, 5,-1,
		 5, 4, 0, 1,-1,
		 2, 1, 5, 6,-1,
		 6, 5, 1, 2,-1,
		 3, 2, 6, 7,-1,
		 7, 6, 2, 3,-1,
		 7, 6, 5, 4,-1,
		 4, 5, 6, 7,-1,
		]
	} #IndexedFaceSet
} #Polyhedron
Separator { #Polyhedron
	DEF COORD85 Coordinate3 {
		point [
		 5.1816 1.0351 -3.0480,
		 5.1816 1.0414 -3.0480,
		 5.1054 1.0414 -3.0480,
		 5.1054 1.0351 -3.0480,
		 5.1816 1.0351 -0.9144,
		 5.1816 1.0414 -0.9144,
		 5.1054 1.0414 -0.9144,
		 5.1054 1.0351 -0.9144
		]
	} #Coordinate3
	Material {
		ambientColor      0.2500 0.2500 0.2500  #ambientColor
		diffuseColor      1.0000 1.0000 1.0000  #diffuseColor
		transparency      0.0000                #transparency
	} #Material

	IndexedFaceSet {
		coordIndex [ 
		 0, 1, 2, 3,-1,
		 3, 2, 1, 0,-1,
		 0, 3, 7, 4,-1,
		 4, 7, 3, 0,-1,
		 1, 0, 4, 5,-1,
		 5, 4, 0, 1,-1,
		 2, 1, 5, 6,-1,
		 6, 5, 1, 2,-1,
		 3, 2, 6, 7,-1,
		 7, 6, 2, 3,-1,
		 7, 6, 5, 4,-1,
		 4, 5, 6, 7,-1,
		]
	} #IndexedFaceSet
} #Polyhedron
Separator { #Polyhedron
	DEF COORD86 Coordinate3 {
		point [
		 5.1816 1.1367 -3.0480,
		 5.1816 1.1430 -3.0480,
		 5.1054 1.1430 -3.0480,
		 5.1054 1.1367 -3.0480,
		 5.1816 1.1367 -0.9144,
		 5.1816 1.1430 -0.9144,
		 5.1054 1.1430 -0.9144,
		 5.1054 1.1367 -0.9144
		]
	} #Coordinate3
	Material {
		ambientColor      0.2500 0.2500 0.2500  #ambientColor
		diffuseColor      1.0000 1.0000 1.0000  #diffuseColor
		transparency      0.0000                #transparency
	} #Material

	IndexedFaceSet {
		coordIndex [ 
		 0, 1, 2, 3,-1,
		 3, 2, 1, 0,-1,
		 0, 3, 7, 4,-1,
		 4, 7, 3, 0,-1,
		 1, 0, 4, 5,-1,
		 5, 4, 0, 1,-1,
		 2, 1, 5, 6,-1,
		 6, 5, 1, 2,-1,
		 3, 2, 6, 7,-1,
		 7, 6, 2, 3,-1,
		 7, 6, 5, 4,-1,
		 4, 5, 6, 7,-1,
		]
	} #IndexedFaceSet
} #Polyhedron
Separator { #Polyhedron
	DEF COORD87 Coordinate3 {
		point [
		 5.1816 1.2383 -3.0480,
		 5.1816 1.2446 -3.0480,
		 5.1054 1.2446 -3.0480,
		 5.1054 1.2383 -3.0480,
		 5.1816 1.2383 -0.9144,
		 5.1816 1.2446 -0.9144,
		 5.1054 1.2446 -0.9144,
		 5.1054 1.2383 -0.9144
		]
	} #Coordinate3
	Material {
		ambientColor      0.2500 0.2500 0.2500  #ambientColor
		diffuseColor      1.0000 1.0000 1.0000  #diffuseColor
		transparency      0.0000                #transparency
	} #Material

	IndexedFaceSet {
		coordIndex [ 
		 0, 1, 2, 3,-1,
		 3, 2, 1, 0,-1,
		 0, 3, 7, 4,-1,
		 4, 7, 3, 0,-1,
		 1, 0, 4, 5,-1,
		 5, 4, 0, 1,-1,
		 2, 1, 5, 6,-1,
		 6, 5, 1, 2,-1,
		 3, 2, 6, 7,-1,
		 7, 6, 2, 3,-1,
		 7, 6, 5, 4,-1,
		 4, 5, 6, 7,-1,
		]
	} #IndexedFaceSet
} #Polyhedron
Separator { #Polyhedron
	DEF COORD88 Coordinate3 {
		point [
		 5.1816 1.3399 -3.0480,
		 5.1816 1.3462 -3.0480,
		 5.1054 1.3462 -3.0480,
		 5.1054 1.3399 -3.0480,
		 5.1816 1.3399 -0.9144,
		 5.1816 1.3462 -0.9144,
		 5.1054 1.3462 -0.9144,
		 5.1054 1.3399 -0.9144
		]
	} #Coordinate3
	Material {
		ambientColor      0.2500 0.2500 0.2500  #ambientColor
		diffuseColor      1.0000 1.0000 1.0000  #diffuseColor
		transparency      0.0000                #transparency
	} #Material

	IndexedFaceSet {
		coordIndex [ 
		 0, 1, 2, 3,-1,
		 3, 2, 1, 0,-1,
		 0, 3, 7, 4,-1,
		 4, 7, 3, 0,-1,
		 1, 0, 4, 5,-1,
		 5, 4, 0, 1,-1,
		 2, 1, 5, 6,-1,
		 6, 5, 1, 2,-1,
		 3, 2, 6, 7,-1,
		 7, 6, 2, 3,-1,
		 7, 6, 5, 4,-1,
		 4, 5, 6, 7,-1,
		]
	} #IndexedFaceSet
} #Polyhedron
Separator { #Polyhedron
	DEF COORD89 Coordinate3 {
		point [
		 5.1816 1.4415 -3.0480,
		 5.1816 1.4478 -3.0480,
		 5.1054 1.4478 -3.0480,
		 5.1054 1.4415 -3.0480,
		 5.1816 1.4415 -0.9144,
		 5.1816 1.4478 -0.9144,
		 5.1054 1.4478 -0.9144,
		 5.1054 1.4415 -0.9144
		]
	} #Coordinate3
	Material {
		ambientColor      0.2500 0.2500 0.2500  #ambientColor
		diffuseColor      1.0000 1.0000 1.0000  #diffuseColor
		transparency      0.0000                #transparency
	} #Material

	IndexedFaceSet {
		coordIndex [ 
		 0, 1, 2, 3,-1,
		 3, 2, 1, 0,-1,
		 0, 3, 7, 4,-1,
		 4, 7, 3, 0,-1,
		 1, 0, 4, 5,-1,
		 5, 4, 0, 1,-1,
		 2, 1, 5, 6,-1,
		 6, 5, 1, 2,-1,
		 3, 2, 6, 7,-1,
		 7, 6, 2, 3,-1,
		 7, 6, 5, 4,-1,
		 4, 5, 6, 7,-1,
		]
	} #IndexedFaceSet
} #Polyhedron
Separator { #Polyhedron
	DEF COORD90 Coordinate3 {
		point [
		 5.1816 1.5431 -3.0480,
		 5.1816 1.5494 -3.0480,
		 5.1054 1.5494 -3.0480,
		 5.1054 1.5431 -3.0480,
		 5.1816 1.5431 -0.9144,
		 5.1816 1.5494 -0.9144,
		 5.1054 1.5494 -0.9144,
		 5.1054 1.5431 -0.9144
		]
	} #Coordinate3
	Material {
		ambientColor      0.2500 0.2500 0.2500  #ambientColor
		diffuseColor      1.0000 1.0000 1.0000  #diffuseColor
		transparency      0.0000                #transparency
	} #Material

	IndexedFaceSet {
		coordIndex [ 
		 0, 1, 2, 3,-1,
		 3, 2, 1, 0,-1,
		 0, 3, 7, 4,-1,
		 4, 7, 3, 0,-1,
		 1, 0, 4, 5,-1,
		 5, 4, 0, 1,-1,
		 2, 1, 5, 6,-1,
		 6, 5, 1, 2,-1,
		 3, 2, 6, 7,-1,
		 7, 6, 2, 3,-1,
		 7, 6, 5, 4,-1,
		 4, 5, 6, 7,-1,
		]
	} #IndexedFaceSet
} #Polyhedron
Separator { #Polyhedron
	DEF COORD91 Coordinate3 {
		point [
		 5.1816 1.6447 -3.0480,
		 5.1816 1.6510 -3.0480,
		 5.1054 1.6510 -3.0480,
		 5.1054 1.6447 -3.0480,
		 5.1816 1.6447 -0.9144,
		 5.1816 1.6510 -0.9144,
		 5.1054 1.6510 -0.9144,
		 5.1054 1.6447 -0.9144
		]
	} #Coordinate3
	Material {
		ambientColor      0.2500 0.2500 0.2500  #ambientColor
		diffuseColor      1.0000 1.0000 1.0000  #diffuseColor
		transparency      0.0000                #transparency
	} #Material

	IndexedFaceSet {
		coordIndex [ 
		 0, 1, 2, 3,-1,
		 3, 2, 1, 0,-1,
		 0, 3, 7, 4,-1,
		 4, 7, 3, 0,-1,
		 1, 0, 4, 5,-1,
		 5, 4, 0, 1,-1,
		 2, 1, 5, 6,-1,
		 6, 5, 1, 2,-1,
		 3, 2, 6, 7,-1,
		 7, 6, 2, 3,-1,
		 7, 6, 5, 4,-1,
		 4, 5, 6, 7,-1,
		]
	} #IndexedFaceSet
} #Polyhedron
Separator { #Polyhedron
	DEF COORD92 Coordinate3 {
		point [
		 5.1816 1.7463 -3.0480,
		 5.1816 1.7526 -3.0480,
		 5.1054 1.7526 -3.0480,
		 5.1054 1.7463 -3.0480,
		 5.1816 1.7463 -0.9144,
		 5.1816 1.7526 -0.9144,
		 5.1054 1.7526 -0.9144,
		 5.1054 1.7463 -0.9144
		]
	} #Coordinate3
	Material {
		ambientColor      0.2500 0.2500 0.2500  #ambientColor
		diffuseColor      1.0000 1.0000 1.0000  #diffuseColor
		transparency      0.0000                #transparency
	} #Material

	IndexedFaceSet {
		coordIndex [ 
		 0, 1, 2, 3,-1,
		 3, 2, 1, 0,-1,
		 0, 3, 7, 4,-1,
		 4, 7, 3, 0,-1,
		 1, 0, 4, 5,-1,
		 5, 4, 0, 1,-1,
		 2, 1, 5, 6,-1,
		 6, 5, 1, 2,-1,
		 3, 2, 6, 7,-1,
		 7, 6, 2, 3,-1,
		 7, 6, 5, 4,-1,
		 4, 5, 6, 7,-1,
		]
	} #IndexedFaceSet
} #Polyhedron
Separator { #Polyhedron
	DEF COORD93 Coordinate3 {
		point [
		 5.1816 1.8479 -3.0480,
		 5.1816 1.8542 -3.0480,
		 5.1054 1.8542 -3.0480,
		 5.1054 1.8479 -3.0480,
		 5.1816 1.8479 -0.9144,
		 5.1816 1.8542 -0.9144,
		 5.1054 1.8542 -0.9144,
		 5.1054 1.8479 -0.9144
		]
	} #Coordinate3
	Material {
		ambientColor      0.2500 0.2500 0.2500  #ambientColor
		diffuseColor      1.0000 1.0000 1.0000  #diffuseColor
		transparency      0.0000                #transparency
	} #Material

	IndexedFaceSet {
		coordIndex [ 
		 0, 1, 2, 3,-1,
		 3, 2, 1, 0,-1,
		 0, 3, 7, 4,-1,
		 4, 7, 3, 0,-1,
		 1, 0, 4, 5,-1,
		 5, 4, 0, 1,-1,
		 2, 1, 5, 6,-1,
		 6, 5, 1, 2,-1,
		 3, 2, 6, 7,-1,
		 7, 6, 2, 3,-1,
		 7, 6, 5, 4,-1,
		 4, 5, 6, 7,-1,
		]
	} #IndexedFaceSet
} #Polyhedron
Separator { #Polyhedron
	DEF COORD94 Coordinate3 {
		point [
		 5.1816 1.9495 -3.0480,
		 5.1816 1.9558 -3.0480,
		 5.1054 1.9558 -3.0480,
		 5.1054 1.9495 -3.0480,
		 5.1816 1.9495 -0.9144,
		 5.1816 1.9558 -0.9144,
		 5.1054 1.9558 -0.9144,
		 5.1054 1.9495 -0.9144
		]
	} #Coordinate3
	Material {
		ambientColor      0.2500 0.2500 0.2500  #ambientColor
		diffuseColor      1.0000 1.0000 1.0000  #diffuseColor
		transparency      0.0000                #transparency
	} #Material

	IndexedFaceSet {
		coordIndex [ 
		 0, 1, 2, 3,-1,
		 3, 2, 1, 0,-1,
		 0, 3, 7, 4,-1,
		 4, 7, 3, 0,-1,
		 1, 0, 4, 5,-1,
		 5, 4, 0, 1,-1,
		 2, 1, 5, 6,-1,
		 6, 5, 1, 2,-1,
		 3, 2, 6, 7,-1,
		 7, 6, 2, 3,-1,
		 7, 6, 5, 4,-1,
		 4, 5, 6, 7,-1,
		]
	} #IndexedFaceSet
} #Polyhedron
Separator { #Polyhedron
	DEF COORD95 Coordinate3 {
		point [
		 5.1816 2.0511 -3.0480,
		 5.1816 2.0574 -3.0480,
		 5.1054 2.0574 -3.0480,
		 5.1054 2.0511 -3.0480,
		 5.1816 2.0511 -0.9144,
		 5.1816 2.0574 -0.9144,
		 5.1054 2.0574 -0.9144,
		 5.1054 2.0511 -0.9144
		]
	} #Coordinate3
	Material {
		ambientColor      0.2500 0.2500 0.2500  #ambientColor
		diffuseColor      1.0000 1.0000 1.0000  #diffuseColor
		transparency      0.0000                #transparency
	} #Material

	IndexedFaceSet {
		coordIndex [ 
		 0, 1, 2, 3,-1,
		 3, 2, 1, 0,-1,
		 0, 3, 7, 4,-1,
		 4, 7, 3, 0,-1,
		 1, 0, 4, 5,-1,
		 5, 4, 0, 1,-1,
		 2, 1, 5, 6,-1,
		 6, 5, 1, 2,-1,
		 3, 2, 6, 7,-1,
		 7, 6, 2, 3,-1,
		 7, 6, 5, 4,-1,
		 4, 5, 6, 7,-1,
		]
	} #IndexedFaceSet
} #Polyhedron
Separator { #Polyhedron
	DEF COORD96 Coordinate3 {
		point [
		 5.1816 2.1527 -3.0480,
		 5.1816 2.1590 -3.0480,
		 5.1054 2.1590 -3.0480,
		 5.1054 2.1527 -3.0480,
		 5.1816 2.1527 -0.9144,
		 5.1816 2.1590 -0.9144,
		 5.1054 2.1590 -0.9144,
		 5.1054 2.1527 -0.9144
		]
	} #Coordinate3
	Material {
		ambientColor      0.2500 0.2500 0.2500  #ambientColor
		diffuseColor      1.0000 1.0000 1.0000  #diffuseColor
		transparency      0.0000                #transparency
	} #Material

	IndexedFaceSet {
		coordIndex [ 
		 0, 1, 2, 3,-1,
		 3, 2, 1, 0,-1,
		 0, 3, 7, 4,-1,
		 4, 7, 3, 0,-1,
		 1, 0, 4, 5,-1,
		 5, 4, 0, 1,-1,
		 2, 1, 5, 6,-1,
		 6, 5, 1, 2,-1,
		 3, 2, 6, 7,-1,
		 7, 6, 2, 3,-1,
		 7, 6, 5, 4,-1,
		 4, 5, 6, 7,-1,
		]
	} #IndexedFaceSet
} #Polyhedron
Separator { #Polyhedron
	DEF COORD97 Coordinate3 {
		point [
		 5.1816 2.2543 -3.0480,
		 5.1816 2.2606 -3.0480,
		 5.1054 2.2606 -3.0480,
		 5.1054 2.2543 -3.0480,
		 5.1816 2.2543 -0.9144,
		 5.1816 2.2606 -0.9144,
		 5.1054 2.2606 -0.9144,
		 5.1054 2.2543 -0.9144
		]
	} #Coordinate3
	Material {
		ambientColor      0.2500 0.2500 0.2500  #ambientColor
		diffuseColor      1.0000 1.0000 1.0000  #diffuseColor
		transparency      0.0000                #transparency
	} #Material

	IndexedFaceSet {
		coordIndex [ 
		 0, 1, 2, 3,-1,
		 3, 2, 1, 0,-1,
		 0, 3, 7, 4,-1,
		 4, 7, 3, 0,-1,
		 1, 0, 4, 5,-1,
		 5, 4, 0, 1,-1,
		 2, 1, 5, 6,-1,
		 6, 5, 1, 2,-1,
		 3, 2, 6, 7,-1,
		 7, 6, 2, 3,-1,
		 7, 6, 5, 4,-1,
		 4, 5, 6, 7,-1,
		]
	} #IndexedFaceSet
} #Polyhedron
Separator { #Polyhedron
	DEF COORD98 Coordinate3 {
		point [
		 5.1816 2.3559 -3.0480,
		 5.1816 2.3622 -3.0480,
		 5.1054 2.3622 -3.0480,
		 5.1054 2.3559 -3.0480,
		 5.1816 2.3559 -0.9144,
		 5.1816 2.3622 -0.9144,
		 5.1054 2.3622 -0.9144,
		 5.1054 2.3559 -0.9144
		]
	} #Coordinate3
	Material {
		ambientColor      0.2500 0.2500 0.2500  #ambientColor
		diffuseColor      1.0000 1.0000 1.0000  #diffuseColor
		transparency      0.0000                #transparency
	} #Material

	IndexedFaceSet {
		coordIndex [ 
		 0, 1, 2, 3,-1,
		 3, 2, 1, 0,-1,
		 0, 3, 7, 4,-1,
		 4, 7, 3, 0,-1,
		 1, 0, 4, 5,-1,
		 5, 4, 0, 1,-1,
		 2, 1, 5, 6,-1,
		 6, 5, 1, 2,-1,
		 3, 2, 6, 7,-1,
		 7, 6, 2, 3,-1,
		 7, 6, 5, 4,-1,
		 4, 5, 6, 7,-1,
		]
	} #IndexedFaceSet
} #Polyhedron
Separator { #Polyhedron
	DEF COORD99 Coordinate3 {
		point [
		 5.1816 2.4575 -3.0480,
		 5.1816 2.4638 -3.0480,
		 5.1054 2.4638 -3.0480,
		 5.1054 2.4575 -3.0480,
		 5.1816 2.4575 -0.9144,
		 5.1816 2.4638 -0.9144,
		 5.1054 2.4638 -0.9144,
		 5.1054 2.4575 -0.9144
		]
	} #Coordinate3
	Material {
		ambientColor      0.2500 0.2500 0.2500  #ambientColor
		diffuseColor      1.0000 1.0000 1.0000  #diffuseColor
		transparency      0.0000                #transparency
	} #Material

	IndexedFaceSet {
		coordIndex [ 
		 0, 1, 2, 3,-1,
		 3, 2, 1, 0,-1,
		 0, 3, 7, 4,-1,
		 4, 7, 3, 0,-1,
		 1, 0, 4, 5,-1,
		 5, 4, 0, 1,-1,
		 2, 1, 5, 6,-1,
		 6, 5, 1, 2,-1,
		 3, 2, 6, 7,-1,
		 7, 6, 2, 3,-1,
		 7, 6, 5, 4,-1,
		 4, 5, 6, 7,-1,
		]
	} #IndexedFaceSet
} #Polyhedron
Separator { #Polyhedron
	DEF COORD100 Coordinate3 {
		point [
		 5.1816 2.5591 -3.0480,
		 5.1816 2.5654 -3.0480,
		 5.1054 2.5654 -3.0480,
		 5.1054 2.5591 -3.0480,
		 5.1816 2.5591 -0.9144,
		 5.1816 2.5654 -0.9144,
		 5.1054 2.5654 -0.9144,
		 5.1054 2.5591 -0.9144
		]
	} #Coordinate3
	Material {
		ambientColor      0.2500 0.2500 0.2500  #ambientColor
		diffuseColor      1.0000 1.0000 1.0000  #diffuseColor
		transparency      0.0000                #transparency
	} #Material

	IndexedFaceSet {
		coordIndex [ 
		 0, 1, 2, 3,-1,
		 3, 2, 1, 0,-1,
		 0, 3, 7, 4,-1,
		 4, 7, 3, 0,-1,
		 1, 0, 4, 5,-1,
		 5, 4, 0, 1,-1,
		 2, 1, 5, 6,-1,
		 6, 5, 1, 2,-1,
		 3, 2, 6, 7,-1,
		 7, 6, 2, 3,-1,
		 7, 6, 5, 4,-1,
		 4, 5, 6, 7,-1,
		]
	} #IndexedFaceSet
} #Polyhedron
Separator { #Polyhedron
	DEF COORD101 Coordinate3 {
		point [
		 5.1816 2.6607 -3.0480,
		 5.1816 2.6670 -3.0480,
		 5.1054 2.6670 -3.0480,
		 5.1054 2.6607 -3.0480,
		 5.1816 2.6607 -0.9144,
		 5.1816 2.6670 -0.9144,
		 5.1054 2.6670 -0.9144,
		 5.1054 2.6607 -0.9144
		]
	} #Coordinate3
	Material {
		ambientColor      0.2500 0.2500 0.2500  #ambientColor
		diffuseColor      1.0000 1.0000 1.0000  #diffuseColor
		transparency      0.0000                #transparency
	} #Material

	IndexedFaceSet {
		coordIndex [ 
		 0, 1, 2, 3,-1,
		 3, 2, 1, 0,-1,
		 0, 3, 7, 4,-1,
		 4, 7, 3, 0,-1,
		 1, 0, 4, 5,-1,
		 5, 4, 0, 1,-1,
		 2, 1, 5, 6,-1,
		 6, 5, 1, 2,-1,
		 3, 2, 6, 7,-1,
		 7, 6, 2, 3,-1,
		 7, 6, 5, 4,-1,
		 4, 5, 6, 7,-1,
		]
	} #IndexedFaceSet
} #Polyhedron
Separator { #Polyhedron
	DEF COORD102 Coordinate3 {
		point [
		 5.1816 2.7623 -3.0480,
		 5.1816 2.7686 -3.0480,
		 5.1054 2.7686 -3.0480,
		 5.1054 2.7623 -3.0480,
		 5.1816 2.7623 -0.9144,
		 5.1816 2.7686 -0.9144,
		 5.1054 2.7686 -0.9144,
		 5.1054 2.7623 -0.9144
		]
	} #Coordinate3
	Material {
		ambientColor      0.2500 0.2500 0.2500  #ambientColor
		diffuseColor      1.0000 1.0000 1.0000  #diffuseColor
		transparency      0.0000                #transparency
	} #Material

	IndexedFaceSet {
		coordIndex [ 
		 0, 1, 2, 3,-1,
		 3, 2, 1, 0,-1,
		 0, 3, 7, 4,-1,
		 4, 7, 3, 0,-1,
		 1, 0, 4, 5,-1,
		 5, 4, 0, 1,-1,
		 2, 1, 5, 6,-1,
		 6, 5, 1, 2,-1,
		 3, 2, 6, 7,-1,
		 7, 6, 2, 3,-1,
		 7, 6, 5, 4,-1,
		 4, 5, 6, 7,-1,
		]
	} #IndexedFaceSet
} #Polyhedron
Separator { #Polyhedron
	DEF COORD103 Coordinate3 {
		point [
		 5.1816 2.8639 -3.0480,
		 5.1816 2.8702 -3.0480,
		 5.1054 2.8702 -3.0480,
		 5.1054 2.8639 -3.0480,
		 5.1816 2.8639 -0.9144,
		 5.1816 2.8702 -0.9144,
		 5.1054 2.8702 -0.9144,
		 5.1054 2.8639 -0.9144
		]
	} #Coordinate3
	Material {
		ambientColor      0.2500 0.2500 0.2500  #ambientColor
		diffuseColor      1.0000 1.0000 1.0000  #diffuseColor
		transparency      0.0000                #transparency
	} #Material

	IndexedFaceSet {
		coordIndex [ 
		 0, 1, 2, 3,-1,
		 3, 2, 1, 0,-1,
		 0, 3, 7, 4,-1,
		 4, 7, 3, 0,-1,
		 1, 0, 4, 5,-1,
		 5, 4, 0, 1,-1,
		 2, 1, 5, 6,-1,
		 6, 5, 1, 2,-1,
		 3, 2, 6, 7,-1,
		 7, 6, 2, 3,-1,
		 7, 6, 5, 4,-1,
		 4, 5, 6, 7,-1,
		]
	} #IndexedFaceSet
} #Polyhedron
Separator { #Polyhedron
	DEF COORD104 Coordinate3 {
		point [
		 5.1054 2.8448 -0.3048,
		 5.1079 2.8372 -0.3048,
		 5.1842 2.8626 -0.3048,
		 5.1816 2.8702 -0.3048,
		 5.1054 2.8448 1.8288,
		 5.1079 2.8372 1.8288,
		 5.1842 2.8626 1.8288,
		 5.1816 2.8702 1.8288
		]
	} #Coordinate3
	Material {
		ambientColor      0.2500 0.2500 0.2500  #ambientColor
		diffuseColor      1.0000 1.0000 1.0000  #diffuseColor
		transparency      0.0000                #transparency
	} #Material

	IndexedFaceSet {
		coordIndex [ 
		 0, 1, 2, 3,-1,
		 3, 2, 1, 0,-1,
		 0, 3, 7, 4,-1,
		 4, 7, 3, 0,-1,
		 1, 0, 4, 5,-1,
		 5, 4, 0, 1,-1,
		 2, 1, 5, 6,-1,
		 6, 5, 1, 2,-1,
		 3, 2, 6, 7,-1,
		 7, 6, 2, 3,-1,
		 7, 6, 5, 4,-1,
		 4, 5, 6, 7,-1,
		]
	} #IndexedFaceSet
} #Polyhedron
Separator { #Polyhedron
	DEF COORD105 Coordinate3 {
		point [
		 5.1054 2.7432 -0.3048,
		 5.1079 2.7356 -0.3048,
		 5.1842 2.7610 -0.3048,
		 5.1816 2.7686 -0.3048,
		 5.1054 2.7432 1.8288,
		 5.1079 2.7356 1.8288,
		 5.1842 2.7610 1.8288,
		 5.1816 2.7686 1.8288
		]
	} #Coordinate3
	Material {
		ambientColor      0.2500 0.2500 0.2500  #ambientColor
		diffuseColor      1.0000 1.0000 1.0000  #diffuseColor
		transparency      0.0000                #transparency
	} #Material

	IndexedFaceSet {
		coordIndex [ 
		 0, 1, 2, 3,-1,
		 3, 2, 1, 0,-1,
		 0, 3, 7, 4,-1,
		 4, 7, 3, 0,-1,
		 1, 0, 4, 5,-1,
		 5, 4, 0, 1,-1,
		 2, 1, 5, 6,-1,
		 6, 5, 1, 2,-1,
		 3, 2, 6, 7,-1,
		 7, 6, 2, 3,-1,
		 7, 6, 5, 4,-1,
		 4, 5, 6, 7,-1,
		]
	} #IndexedFaceSet
} #Polyhedron
Separator { #Polyhedron
	DEF COORD106 Coordinate3 {
		point [
		 5.1054 2.6416 -0.3048,
		 5.1079 2.6340 -0.3048,
		 5.1842 2.6594 -0.3048,
		 5.1816 2.6670 -0.3048,
		 5.1054 2.6416 1.8288,
		 5.1079 2.6340 1.8288,
		 5.1842 2.6594 1.8288,
		 5.1816 2.6670 1.8288
		]
	} #Coordinate3
	Material {
		ambientColor      0.2500 0.2500 0.2500  #ambientColor
		diffuseColor      1.0000 1.0000 1.0000  #diffuseColor
		transparency      0.0000                #transparency
	} #Material

	IndexedFaceSet {
		coordIndex [ 
		 0, 1, 2, 3,-1,
		 3, 2, 1, 0,-1,
		 0, 3, 7, 4,-1,
		 4, 7, 3, 0,-1,
		 1, 0, 4, 5,-1,
		 5, 4, 0, 1,-1,
		 2, 1, 5, 6,-1,
		 6, 5, 1, 2,-1,
		 3, 2, 6, 7,-1,
		 7, 6, 2, 3,-1,
		 7, 6, 5, 4,-1,
		 4, 5, 6, 7,-1,
		]
	} #IndexedFaceSet
} #Polyhedron
Separator { #Polyhedron
	DEF COORD107 Coordinate3 {
		point [
		 5.1054 2.5400 -0.3048,
		 5.1079 2.5324 -0.3048,
		 5.1842 2.5578 -0.3048,
		 5.1816 2.5654 -0.3048,
		 5.1054 2.5400 1.8288,
		 5.1079 2.5324 1.8288,
		 5.1842 2.5578 1.8288,
		 5.1816 2.5654 1.8288
		]
	} #Coordinate3
	Material {
		ambientColor      0.2500 0.2500 0.2500  #ambientColor
		diffuseColor      1.0000 1.0000 1.0000  #diffuseColor
		transparency      0.0000                #transparency
	} #Material

	IndexedFaceSet {
		coordIndex [ 
		 0, 1, 2, 3,-1,
		 3, 2, 1, 0,-1,
		 0, 3, 7, 4,-1,
		 4, 7, 3, 0,-1,
		 1, 0, 4, 5,-1,
		 5, 4, 0, 1,-1,
		 2, 1, 5, 6,-1,
		 6, 5, 1, 2,-1,
		 3, 2, 6, 7,-1,
		 7, 6, 2, 3,-1,
		 7, 6, 5, 4,-1,
		 4, 5, 6, 7,-1,
		]
	} #IndexedFaceSet
} #Polyhedron
Separator { #Polyhedron
	DEF COORD108 Coordinate3 {
		point [
		 5.1054 2.4384 -0.3048,
		 5.1079 2.4308 -0.3048,
		 5.1842 2.4562 -0.3048,
		 5.1816 2.4638 -0.3048,
		 5.1054 2.4384 1.8288,
		 5.1079 2.4308 1.8288,
		 5.1842 2.4562 1.8288,
		 5.1816 2.4638 1.8288
		]
	} #Coordinate3
	Material {
		ambientColor      0.2500 0.2500 0.2500  #ambientColor
		diffuseColor      1.0000 1.0000 1.0000  #diffuseColor
		transparency      0.0000                #transparency
	} #Material

	IndexedFaceSet {
		coordIndex [ 
		 0, 1, 2, 3,-1,
		 3, 2, 1, 0,-1,
		 0, 3, 7, 4,-1,
		 4, 7, 3, 0,-1,
		 1, 0, 4, 5,-1,
		 5, 4, 0, 1,-1,
		 2, 1, 5, 6,-1,
		 6, 5, 1, 2,-1,
		 3, 2, 6, 7,-1,
		 7, 6, 2, 3,-1,
		 7, 6, 5, 4,-1,
		 4, 5, 6, 7,-1,
		]
	} #IndexedFaceSet
} #Polyhedron
Separator { #Polyhedron
	DEF COORD109 Coordinate3 {
		point [
		 5.1054 2.3368 -0.3048,
		 5.1079 2.3292 -0.3048,
		 5.1842 2.3546 -0.3048,
		 5.1816 2.3622 -0.3048,
		 5.1054 2.3368 1.8288,
		 5.1079 2.3292 1.8288,
		 5.1842 2.3546 1.8288,
		 5.1816 2.3622 1.8288
		]
	} #Coordinate3
	Material {
		ambientColor      0.2500 0.2500 0.2500  #ambientColor
		diffuseColor      1.0000 1.0000 1.0000  #diffuseColor
		transparency      0.0000                #transparency
	} #Material

	IndexedFaceSet {
		coordIndex [ 
		 0, 1, 2, 3,-1,
		 3, 2, 1, 0,-1,
		 0, 3, 7, 4,-1,
		 4, 7, 3, 0,-1,
		 1, 0, 4, 5,-1,
		 5, 4, 0, 1,-1,
		 2, 1, 5, 6,-1,
		 6, 5, 1, 2,-1,
		 3, 2, 6, 7,-1,
		 7, 6, 2, 3,-1,
		 7, 6, 5, 4,-1,
		 4, 5, 6, 7,-1,
		]
	} #IndexedFaceSet
} #Polyhedron
Separator { #Polyhedron
	DEF COORD110 Coordinate3 {
		point [
		 5.1054 2.2352 -0.3048,
		 5.1079 2.2276 -0.3048,
		 5.1842 2.2530 -0.3048,
		 5.1816 2.2606 -0.3048,
		 5.1054 2.2352 1.8288,
		 5.1079 2.2276 1.8288,
		 5.1842 2.2530 1.8288,
		 5.1816 2.2606 1.8288
		]
	} #Coordinate3
	Material {
		ambientColor      0.2500 0.2500 0.2500  #ambientColor
		diffuseColor      1.0000 1.0000 1.0000  #diffuseColor
		transparency      0.0000                #transparency
	} #Material

	IndexedFaceSet {
		coordIndex [ 
		 0, 1, 2, 3,-1,
		 3, 2, 1, 0,-1,
		 0, 3, 7, 4,-1,
		 4, 7, 3, 0,-1,
		 1, 0, 4, 5,-1,
		 5, 4, 0, 1,-1,
		 2, 1, 5, 6,-1,
		 6, 5, 1, 2,-1,
		 3, 2, 6, 7,-1,
		 7, 6, 2, 3,-1,
		 7, 6, 5, 4,-1,
		 4, 5, 6, 7,-1,
		]
	} #IndexedFaceSet
} #Polyhedron
Separator { #Polyhedron
	DEF COORD111 Coordinate3 {
		point [
		 5.1054 2.1336 -0.3048,
		 5.1079 2.1260 -0.3048,
		 5.1842 2.1514 -0.3048,
		 5.1816 2.1590 -0.3048,
		 5.1054 2.1336 1.8288,
		 5.1079 2.1260 1.8288,
		 5.1842 2.1514 1.8288,
		 5.1816 2.1590 1.8288
		]
	} #Coordinate3
	Material {
		ambientColor      0.2500 0.2500 0.2500  #ambientColor
		diffuseColor      1.0000 1.0000 1.0000  #diffuseColor
		transparency      0.0000                #transparency
	} #Material

	IndexedFaceSet {
		coordIndex [ 
		 0, 1, 2, 3,-1,
		 3, 2, 1, 0,-1,
		 0, 3, 7, 4,-1,
		 4, 7, 3, 0,-1,
		 1, 0, 4, 5,-1,
		 5, 4, 0, 1,-1,
		 2, 1, 5, 6,-1,
		 6, 5, 1, 2,-1,
		 3, 2, 6, 7,-1,
		 7, 6, 2, 3,-1,
		 7, 6, 5, 4,-1,
		 4, 5, 6, 7,-1,
		]
	} #IndexedFaceSet
} #Polyhedron
Separator { #Polyhedron
	DEF COORD112 Coordinate3 {
		point [
		 5.1054 2.0320 -0.3048,
		 5.1079 2.0244 -0.3048,
		 5.1842 2.0498 -0.3048,
		 5.1816 2.0574 -0.3048,
		 5.1054 2.0320 1.8288,
		 5.1079 2.0244 1.8288,
		 5.1842 2.0498 1.8288,
		 5.1816 2.0574 1.8288
		]
	} #Coordinate3
	Material {
		ambientColor      0.2500 0.2500 0.2500  #ambientColor
		diffuseColor      1.0000 1.0000 1.0000  #diffuseColor
		transparency      0.0000                #transparency
	} #Material

	IndexedFaceSet {
		coordIndex [ 
		 0, 1, 2, 3,-1,
		 3, 2, 1, 0,-1,
		 0, 3, 7, 4,-1,
		 4, 7, 3, 0,-1,
		 1, 0, 4, 5,-1,
		 5, 4, 0, 1,-1,
		 2, 1, 5, 6,-1,
		 6, 5, 1, 2,-1,
		 3, 2, 6, 7,-1,
		 7, 6, 2, 3,-1,
		 7, 6, 5, 4,-1,
		 4, 5, 6, 7,-1,
		]
	} #IndexedFaceSet
} #Polyhedron
Separator { #Polyhedron
	DEF COORD113 Coordinate3 {
		point [
		 5.1054 1.9304 -0.3048,
		 5.1079 1.9228 -0.3048,
		 5.1842 1.9482 -0.3048,
		 5.1816 1.9558 -0.3048,
		 5.1054 1.9304 1.8288,
		 5.1079 1.9228 1.8288,
		 5.1842 1.9482 1.8288,
		 5.1816 1.9558 1.8288
		]
	} #Coordinate3
	Material {
		ambientColor      0.2500 0.2500 0.2500  #ambientColor
		diffuseColor      1.0000 1.0000 1.0000  #diffuseColor
		transparency      0.0000                #transparency
	} #Material

	IndexedFaceSet {
		coordIndex [ 
		 0, 1, 2, 3,-1,
		 3, 2, 1, 0,-1,
		 0, 3, 7, 4,-1,
		 4, 7, 3, 0,-1,
		 1, 0, 4, 5,-1,
		 5, 4, 0, 1,-1,
		 2, 1, 5, 6,-1,
		 6, 5, 1, 2,-1,
		 3, 2, 6, 7,-1,
		 7, 6, 2, 3,-1,
		 7, 6, 5, 4,-1,
		 4, 5, 6, 7,-1,
		]
	} #IndexedFaceSet
} #Polyhedron
Separator { #Polyhedron
	DEF COORD114 Coordinate3 {
		point [
		 5.1054 1.8288 -0.3048,
		 5.1079 1.8212 -0.3048,
		 5.1842 1.8466 -0.3048,
		 5.1816 1.8542 -0.3048,
		 5.1054 1.8288 1.8288,
		 5.1079 1.8212 1.8288,
		 5.1842 1.8466 1.8288,
		 5.1816 1.8542 1.8288
		]
	} #Coordinate3
	Material {
		ambientColor      0.2500 0.2500 0.2500  #ambientColor
		diffuseColor      1.0000 1.0000 1.0000  #diffuseColor
		transparency      0.0000                #transparency
	} #Material

	IndexedFaceSet {
		coordIndex [ 
		 0, 1, 2, 3,-1,
		 3, 2, 1, 0,-1,
		 0, 3, 7, 4,-1,
		 4, 7, 3, 0,-1,
		 1, 0, 4, 5,-1,
		 5, 4, 0, 1,-1,
		 2, 1, 5, 6,-1,
		 6, 5, 1, 2,-1,
		 3, 2, 6, 7,-1,
		 7, 6, 2, 3,-1,
		 7, 6, 5, 4,-1,
		 4, 5, 6, 7,-1,
		]
	} #IndexedFaceSet
} #Polyhedron
Separator { #Polyhedron
	DEF COORD115 Coordinate3 {
		point [
		 5.1054 1.7272 -0.3048,
		 5.1079 1.7196 -0.3048,
		 5.1842 1.7450 -0.3048,
		 5.1816 1.7526 -0.3048,
		 5.1054 1.7272 1.8288,
		 5.1079 1.7196 1.8288,
		 5.1842 1.7450 1.8288,
		 5.1816 1.7526 1.8288
		]
	} #Coordinate3
	Material {
		ambientColor      0.2500 0.2500 0.2500  #ambientColor
		diffuseColor      1.0000 1.0000 1.0000  #diffuseColor
		transparency      0.0000                #transparency
	} #Material

	IndexedFaceSet {
		coordIndex [ 
		 0, 1, 2, 3,-1,
		 3, 2, 1, 0,-1,
		 0, 3, 7, 4,-1,
		 4, 7, 3, 0,-1,
		 1, 0, 4, 5,-1,
		 5, 4, 0, 1,-1,
		 2, 1, 5, 6,-1,
		 6, 5, 1, 2,-1,
		 3, 2, 6, 7,-1,
		 7, 6, 2, 3,-1,
		 7, 6, 5, 4,-1,
		 4, 5, 6, 7,-1,
		]
	} #IndexedFaceSet
} #Polyhedron
Separator { #Polyhedron
	DEF COORD116 Coordinate3 {
		point [
		 5.1054 1.6256 -0.3048,
		 5.1079 1.6180 -0.3048,
		 5.1842 1.6434 -0.3048,
		 5.1816 1.6510 -0.3048,
		 5.1054 1.6256 1.8288,
		 5.1079 1.6180 1.8288,
		 5.1842 1.6434 1.8288,
		 5.1816 1.6510 1.8288
		]
	} #Coordinate3
	Material {
		ambientColor      0.2500 0.2500 0.2500  #ambientColor
		diffuseColor      1.0000 1.0000 1.0000  #diffuseColor
		transparency      0.0000                #transparency
	} #Material

	IndexedFaceSet {
		coordIndex [ 
		 0, 1, 2, 3,-1,
		 3, 2, 1, 0,-1,
		 0, 3, 7, 4,-1,
		 4, 7, 3, 0,-1,
		 1, 0, 4, 5,-1,
		 5, 4, 0, 1,-1,
		 2, 1, 5, 6,-1,
		 6, 5, 1, 2,-1,
		 3, 2, 6, 7,-1,
		 7, 6, 2, 3,-1,
		 7, 6, 5, 4,-1,
		 4, 5, 6, 7,-1,
		]
	} #IndexedFaceSet
} #Polyhedron
Separator { #Polyhedron
	DEF COORD117 Coordinate3 {
		point [
		 5.1054 1.5240 -0.3048,
		 5.1079 1.5164 -0.3048,
		 5.1842 1.5418 -0.3048,
		 5.1816 1.5494 -0.3048,
		 5.1054 1.5240 1.8288,
		 5.1079 1.5164 1.8288,
		 5.1842 1.5418 1.8288,
		 5.1816 1.5494 1.8288
		]
	} #Coordinate3
	Material {
		ambientColor      0.2500 0.2500 0.2500  #ambientColor
		diffuseColor      1.0000 1.0000 1.0000  #diffuseColor
		transparency      0.0000                #transparency
	} #Material

	IndexedFaceSet {
		coordIndex [ 
		 0, 1, 2, 3,-1,
		 3, 2, 1, 0,-1,
		 0, 3, 7, 4,-1,
		 4, 7, 3, 0,-1,
		 1, 0, 4, 5,-1,
		 5, 4, 0, 1,-1,
		 2, 1, 5, 6,-1,
		 6, 5, 1, 2,-1,
		 3, 2, 6, 7,-1,
		 7, 6, 2, 3,-1,
		 7, 6, 5, 4,-1,
		 4, 5, 6, 7,-1,
		]
	} #IndexedFaceSet
} #Polyhedron
Separator { #Polyhedron
	DEF COORD118 Coordinate3 {
		point [
		 5.1054 1.4224 -0.3048,
		 5.1079 1.4148 -0.3048,
		 5.1842 1.4402 -0.3048,
		 5.1816 1.4478 -0.3048,
		 5.1054 1.4224 1.8288,
		 5.1079 1.4148 1.8288,
		 5.1842 1.4402 1.8288,
		 5.1816 1.4478 1.8288
		]
	} #Coordinate3
	Material {
		ambientColor      0.2500 0.2500 0.2500  #ambientColor
		diffuseColor      1.0000 1.0000 1.0000  #diffuseColor
		transparency      0.0000                #transparency
	} #Material

	IndexedFaceSet {
		coordIndex [ 
		 0, 1, 2, 3,-1,
		 3, 2, 1, 0,-1,
		 0, 3, 7, 4,-1,
		 4, 7, 3, 0,-1,
		 1, 0, 4, 5,-1,
		 5, 4, 0, 1,-1,
		 2, 1, 5, 6,-1,
		 6, 5, 1, 2,-1,
		 3, 2, 6, 7,-1,
		 7, 6, 2, 3,-1,
		 7, 6, 5, 4,-1,
		 4, 5, 6, 7,-1,
		]
	} #IndexedFaceSet
} #Polyhedron
Separator { #Polyhedron
	DEF COORD119 Coordinate3 {
		point [
		 5.1054 1.3208 -0.3048,
		 5.1079 1.3132 -0.3048,
		 5.1842 1.3386 -0.3048,
		 5.1816 1.3462 -0.3048,
		 5.1054 1.3208 1.8288,
		 5.1079 1.3132 1.8288,
		 5.1842 1.3386 1.8288,
		 5.1816 1.3462 1.8288
		]
	} #Coordinate3
	Material {
		ambientColor      0.2500 0.2500 0.2500  #ambientColor
		diffuseColor      1.0000 1.0000 1.0000  #diffuseColor
		transparency      0.0000                #transparency
	} #Material

	IndexedFaceSet {
		coordIndex [ 
		 0, 1, 2, 3,-1,
		 3, 2, 1, 0,-1,
		 0, 3, 7, 4,-1,
		 4, 7, 3, 0,-1,
		 1, 0, 4, 5,-1,
		 5, 4, 0, 1,-1,
		 2, 1, 5, 6,-1,
		 6, 5, 1, 2,-1,
		 3, 2, 6, 7,-1,
		 7, 6, 2, 3,-1,
		 7, 6, 5, 4,-1,
		 4, 5, 6, 7,-1,
		]
	} #IndexedFaceSet
} #Polyhedron
Separator { #Polyhedron
	DEF COORD120 Coordinate3 {
		point [
		 5.1054 1.2192 -0.3048,
		 5.1079 1.2116 -0.3048,
		 5.1842 1.2370 -0.3048,
		 5.1816 1.2446 -0.3048,
		 5.1054 1.2192 1.8288,
		 5.1079 1.2116 1.8288,
		 5.1842 1.2370 1.8288,
		 5.1816 1.2446 1.8288
		]
	} #Coordinate3
	Material {
		ambientColor      0.2500 0.2500 0.2500  #ambientColor
		diffuseColor      1.0000 1.0000 1.0000  #diffuseColor
		transparency      0.0000                #transparency
	} #Material

	IndexedFaceSet {
		coordIndex [ 
		 0, 1, 2, 3,-1,
		 3, 2, 1, 0,-1,
		 0, 3, 7, 4,-1,
		 4, 7, 3, 0,-1,
		 1, 0, 4, 5,-1,
		 5, 4, 0, 1,-1,
		 2, 1, 5, 6,-1,
		 6, 5, 1, 2,-1,
		 3, 2, 6, 7,-1,
		 7, 6, 2, 3,-1,
		 7, 6, 5, 4,-1,
		 4, 5, 6, 7,-1,
		]
	} #IndexedFaceSet
} #Polyhedron
Separator { #Polyhedron
	DEF COORD121 Coordinate3 {
		point [
		 5.1054 1.1176 -0.3048,
		 5.1079 1.1100 -0.3048,
		 5.1842 1.1354 -0.3048,
		 5.1816 1.1430 -0.3048,
		 5.1054 1.1176 1.8288,
		 5.1079 1.1100 1.8288,
		 5.1842 1.1354 1.8288,
		 5.1816 1.1430 1.8288
		]
	} #Coordinate3
	Material {
		ambientColor      0.2500 0.2500 0.2500  #ambientColor
		diffuseColor      1.0000 1.0000 1.0000  #diffuseColor
		transparency      0.0000                #transparency
	} #Material

	IndexedFaceSet {
		coordIndex [ 
		 0, 1, 2, 3,-1,
		 3, 2, 1, 0,-1,
		 0, 3, 7, 4,-1,
		 4, 7, 3, 0,-1,
		 1, 0, 4, 5,-1,
		 5, 4, 0, 1,-1,
		 2, 1, 5, 6,-1,
		 6, 5, 1, 2,-1,
		 3, 2, 6, 7,-1,
		 7, 6, 2, 3,-1,
		 7, 6, 5, 4,-1,
		 4, 5, 6, 7,-1,
		]
	} #IndexedFaceSet
} #Polyhedron
Separator { #Polyhedron
	DEF COORD122 Coordinate3 {
		point [
		 5.1054 1.0160 -0.3048,
		 5.1079 1.0084 -0.3048,
		 5.1842 1.0338 -0.3048,
		 5.1816 1.0414 -0.3048,
		 5.1054 1.0160 1.8288,
		 5.1079 1.0084 1.8288,
		 5.1842 1.0338 1.8288,
		 5.1816 1.0414 1.8288
		]
	} #Coordinate3
	Material {
		ambientColor      0.2500 0.2500 0.2500  #ambientColor
		diffuseColor      1.0000 1.0000 1.0000  #diffuseColor
		transparency      0.0000                #transparency
	} #Material

	IndexedFaceSet {
		coordIndex [ 
		 0, 1, 2, 3,-1,
		 3, 2, 1, 0,-1,
		 0, 3, 7, 4,-1,
		 4, 7, 3, 0,-1,
		 1, 0, 4, 5,-1,
		 5, 4, 0, 1,-1,
		 2, 1, 5, 6,-1,
		 6, 5, 1, 2,-1,
		 3, 2, 6, 7,-1,
		 7, 6, 2, 3,-1,
		 7, 6, 5, 4,-1,
		 4, 5, 6, 7,-1,
		]
	} #IndexedFaceSet
} #Polyhedron
Separator { #Polyhedron
	DEF COORD123 Coordinate3 {
		point [
		 5.1054 0.9144 -0.3048,
		 5.1079 0.9068 -0.3048,
		 5.1842 0.9322 -0.3048,
		 5.1816 0.9398 -0.3048,
		 5.1054 0.9144 1.8288,
		 5.1079 0.9068 1.8288,
		 5.1842 0.9322 1.8288,
		 5.1816 0.9398 1.8288
		]
	} #Coordinate3
	Material {
		ambientColor      0.2500 0.2500 0.2500  #ambientColor
		diffuseColor      1.0000 1.0000 1.0000  #diffuseColor
		transparency      0.0000                #transparency
	} #Material

	IndexedFaceSet {
		coordIndex [ 
		 0, 1, 2, 3,-1,
		 3, 2, 1, 0,-1,
		 0, 3, 7, 4,-1,
		 4, 7, 3, 0,-1,
		 1, 0, 4, 5,-1,
		 5, 4, 0, 1,-1,
		 2, 1, 5, 6,-1,
		 6, 5, 1, 2,-1,
		 3, 2, 6, 7,-1,
		 7, 6, 2, 3,-1,
		 7, 6, 5, 4,-1,
		 4, 5, 6, 7,-1,
		]
	} #IndexedFaceSet
} #Polyhedron
Separator { #Polyhedron
	DEF COORD124 Coordinate3 {
		point [
		 5.1054 0.8128 -0.3048,
		 5.1079 0.8052 -0.3048,
		 5.1842 0.8306 -0.3048,
		 5.1816 0.8382 -0.3048,
		 5.1054 0.8128 1.8288,
		 5.1079 0.8052 1.8288,
		 5.1842 0.8306 1.8288,
		 5.1816 0.8382 1.8288
		]
	} #Coordinate3
	Material {
		ambientColor      0.2500 0.2500 0.2500  #ambientColor
		diffuseColor      1.0000 1.0000 1.0000  #diffuseColor
		transparency      0.0000                #transparency
	} #Material

	IndexedFaceSet {
		coordIndex [ 
		 0, 1, 2, 3,-1,
		 3, 2, 1, 0,-1,
		 0, 3, 7, 4,-1,
		 4, 7, 3, 0,-1,
		 1, 0, 4, 5,-1,
		 5, 4, 0, 1,-1,
		 2, 1, 5, 6,-1,
		 6, 5, 1, 2,-1,
		 3, 2, 6, 7,-1,
		 7, 6, 2, 3,-1,
		 7, 6, 5, 4,-1,
		 4, 5, 6, 7,-1,
		]
	} #IndexedFaceSet
} #Polyhedron
Separator { #Polyhedron
	DEF COORD125 Coordinate3 {
		point [
		 5.1054 0.7112 -0.3048,
		 5.1079 0.7036 -0.3048,
		 5.1842 0.7290 -0.3048,
		 5.1816 0.7366 -0.3048,
		 5.1054 0.7112 1.8288,
		 5.1079 0.7036 1.8288,
		 5.1842 0.7290 1.8288,
		 5.1816 0.7366 1.8288
		]
	} #Coordinate3
	Material {
		ambientColor      0.2500 0.2500 0.2500  #ambientColor
		diffuseColor      1.0000 1.0000 1.0000  #diffuseColor
		transparency      0.0000                #transparency
	} #Material

	IndexedFaceSet {
		coordIndex [ 
		 0, 1, 2, 3,-1,
		 3, 2, 1, 0,-1,
		 0, 3, 7, 4,-1,
		 4, 7, 3, 0,-1,
		 1, 0, 4, 5,-1,
		 5, 4, 0, 1,-1,
		 2, 1, 5, 6,-1,
		 6, 5, 1, 2,-1,
		 3, 2, 6, 7,-1,
		 7, 6, 2, 3,-1,
		 7, 6, 5, 4,-1,
		 4, 5, 6, 7,-1,
		]
	} #IndexedFaceSet
} #Polyhedron
Separator { #Polyhedron
	DEF COORD126 Coordinate3 {
		point [
		 5.1054 0.6096 -0.3048,
		 5.1079 0.6020 -0.3048,
		 5.1842 0.6274 -0.3048,
		 5.1816 0.6350 -0.3048,
		 5.1054 0.6096 1.8288,
		 5.1079 0.6020 1.8288,
		 5.1842 0.6274 1.8288,
		 5.1816 0.6350 1.8288
		]
	} #Coordinate3
	Material {
		ambientColor      0.2500 0.2500 0.2500  #ambientColor
		diffuseColor      1.0000 1.0000 1.0000  #diffuseColor
		transparency      0.0000                #transparency
	} #Material

	IndexedFaceSet {
		coordIndex [ 
		 0, 1, 2, 3,-1,
		 3, 2, 1, 0,-1,
		 0, 3, 7, 4,-1,
		 4, 7, 3, 0,-1,
		 1, 0, 4, 5,-1,
		 5, 4, 0, 1,-1,
		 2, 1, 5, 6,-1,
		 6, 5, 1, 2,-1,
		 3, 2, 6, 7,-1,
		 7, 6, 2, 3,-1,
		 7, 6, 5, 4,-1,
		 4, 5, 6, 7,-1,
		]
	} #IndexedFaceSet
} #Polyhedron
Separator { #Polyhedron
	DEF COORD127 Coordinate3 {
		point [
		 5.1054 0.5080 -0.3048,
		 5.1079 0.5004 -0.3048,
		 5.1842 0.5258 -0.3048,
		 5.1816 0.5334 -0.3048,
		 5.1054 0.5080 1.8288,
		 5.1079 0.5004 1.8288,
		 5.1842 0.5258 1.8288,
		 5.1816 0.5334 1.8288
		]
	} #Coordinate3
	Material {
		ambientColor      0.2500 0.2500 0.2500  #ambientColor
		diffuseColor      1.0000 1.0000 1.0000  #diffuseColor
		transparency      0.0000                #transparency
	} #Material

	IndexedFaceSet {
		coordIndex [ 
		 0, 1, 2, 3,-1,
		 3, 2, 1, 0,-1,
		 0, 3, 7, 4,-1,
		 4, 7, 3, 0,-1,
		 1, 0, 4, 5,-1,
		 5, 4, 0, 1,-1,
		 2, 1, 5, 6,-1,
		 6, 5, 1, 2,-1,
		 3, 2, 6, 7,-1,
		 7, 6, 2, 3,-1,
		 7, 6, 5, 4,-1,
		 4, 5, 6, 7,-1,
		]
	} #IndexedFaceSet
} #Polyhedron
Separator { #Polyhedron
	DEF COORD128 Coordinate3 {
		point [
		 5.1054 0.4064 -0.3048,
		 5.1079 0.3988 -0.3048,
		 5.1842 0.4242 -0.3048,
		 5.1816 0.4318 -0.3048,
		 5.1054 0.4064 1.8288,
		 5.1079 0.3988 1.8288,
		 5.1842 0.4242 1.8288,
		 5.1816 0.4318 1.8288
		]
	} #Coordinate3
	Material {
		ambientColor      0.2500 0.2500 0.2500  #ambientColor
		diffuseColor      1.0000 1.0000 1.0000  #diffuseColor
		transparency      0.0000                #transparency
	} #Material

	IndexedFaceSet {
		coordIndex [ 
		 0, 1, 2, 3,-1,
		 3, 2, 1, 0,-1,
		 0, 3, 7, 4,-1,
		 4, 7, 3, 0,-1,
		 1, 0, 4, 5,-1,
		 5, 4, 0, 1,-1,
		 2, 1, 5, 6,-1,
		 6, 5, 1, 2,-1,
		 3, 2, 6, 7,-1,
		 7, 6, 2, 3,-1,
		 7, 6, 5, 4,-1,
		 4, 5, 6, 7,-1,
		]
	} #IndexedFaceSet
} #Polyhedron
Separator { #Polyhedron
	DEF COORD129 Coordinate3 {
		point [
		 5.1054 0.3048 -0.3048,
		 5.1079 0.2972 -0.3048,
		 5.1842 0.3226 -0.3048,
		 5.1816 0.3302 -0.3048,
		 5.1054 0.3048 1.8288,
		 5.1079 0.2972 1.8288,
		 5.1842 0.3226 1.8288,
		 5.1816 0.3302 1.8288
		]
	} #Coordinate3
	Material {
		ambientColor      0.2500 0.2500 0.2500  #ambientColor
		diffuseColor      1.0000 1.0000 1.0000  #diffuseColor
		transparency      0.0000                #transparency
	} #Material

	IndexedFaceSet {
		coordIndex [ 
		 0, 1, 2, 3,-1,
		 3, 2, 1, 0,-1,
		 0, 3, 7, 4,-1,
		 4, 7, 3, 0,-1,
		 1, 0, 4, 5,-1,
		 5, 4, 0, 1,-1,
		 2, 1, 5, 6,-1,
		 6, 5, 1, 2,-1,
		 3, 2, 6, 7,-1,
		 7, 6, 2, 3,-1,
		 7, 6, 5, 4,-1,
		 4, 5, 6, 7,-1,
		]
	} #IndexedFaceSet
} #Polyhedron
Separator { #Polyhedron
	DEF COORD130 Coordinate3 {
		point [
		 5.1054 0.2032 -0.3048,
		 5.1079 0.1956 -0.3048,
		 5.1842 0.2210 -0.3048,
		 5.1816 0.2286 -0.3048,
		 5.1054 0.2032 1.8288,
		 5.1079 0.1956 1.8288,
		 5.1842 0.2210 1.8288,
		 5.1816 0.2286 1.8288
		]
	} #Coordinate3
	Material {
		ambientColor      0.2500 0.2500 0.2500  #ambientColor
		diffuseColor      1.0000 1.0000 1.0000  #diffuseColor
		transparency      0.0000                #transparency
	} #Material

	IndexedFaceSet {
		coordIndex [ 
		 0, 1, 2, 3,-1,
		 3, 2, 1, 0,-1,
		 0, 3, 7, 4,-1,
		 4, 7, 3, 0,-1,
		 1, 0, 4, 5,-1,
		 5, 4, 0, 1,-1,
		 2, 1, 5, 6,-1,
		 6, 5, 1, 2,-1,
		 3, 2, 6, 7,-1,
		 7, 6, 2, 3,-1,
		 7, 6, 5, 4,-1,
		 4, 5, 6, 7,-1,
		]
	} #IndexedFaceSet
} #Polyhedron
Separator { #Polyhedron
	DEF COORD131 Coordinate3 {
		point [
		 5.0018 0.4310 -1.8291,
		 4.1931 0.4310 -1.8291,
		 4.1931 0.4310 -4.8765,
		 5.0018 0.4310 -4.8765,
		 5.0018 0.3592 -1.8291,
		 4.1931 0.3592 -1.8291,
		 4.1931 0.3592 -4.8765,
		 5.0018 0.3592 -4.8765
		]
	} #Coordinate3
	Material {
		ambientColor      0.2500 0.2500 0.2500  #ambientColor
		diffuseColor      1.0000 1.0000 1.0000  #diffuseColor
		transparency      0.0000                #transparency
	} #Material

	IndexedFaceSet {
		coordIndex [ 
		 0, 1, 2, 3,-1,
		 3, 2, 1, 0,-1,
		 0, 3, 7, 4,-1,
		 4, 7, 3, 0,-1,
		 1, 0, 4, 5,-1,
		 5, 4, 0, 1,-1,
		 2, 1, 5, 6,-1,
		 6, 5, 1, 2,-1,
		 3, 2, 6, 7,-1,
		 7, 6, 2, 3,-1,
		 7, 6, 5, 4,-1,
		 4, 5, 6, 7,-1,
		]
	} #IndexedFaceSet
} #Polyhedron
Separator { #Polyhedron
	DEF COORD132 Coordinate3 {
		point [
		 4.6423 0.5028 -3.3528,
		 4.8041 0.4884 -2.4385,
		 4.3728 0.4884 -2.4385,
		 4.3728 0.4884 -4.2671,
		 4.8041 0.4884 -4.2671,
		 4.8580 0.4741 -2.1338,
		 4.2829 0.4741 -2.1338,
		 4.2829 0.4741 -4.5718,
		 4.8580 0.4741 -4.5718,
		 4.8894 0.4597 -1.9563,
		 4.2306 0.4597 -1.9563,
		 4.2306 0.4597 -4.7493,
		 4.8894 0.4597 -4.7493,
		 4.9065 0.4454 -1.8599,
		 4.2021 0.4454 -1.8599,
		 4.2021 0.4454 -4.8457,
		 4.9065 0.4454 -4.8457,
		 4.9119 0.4310 -1.8291,
		 4.1930 0.4310 -1.8291,
		 4.1930 0.4310 -4.8765,
		 4.9119 0.4310 -4.8765
		]
	} #Coordinate3
	Material {
		ambientColor      0.1529 0.1529 0.1529  #ambientColor
		diffuseColor      0.6118 0.6118 0.6118  #diffuseColor
		transparency      0.0000                #transparency
	} #Material

	IndexedFaceSet {
		coordIndex [ 
		 0, 4, 1,-1,
		 1, 4, 0,-1,
		 0, 1, 2,-1,
		 2, 1, 0,-1,
		 0, 2, 3,-1,
		 3, 2, 0,-1,
		 0, 3, 4,-1,
		 4, 3, 0,-1,
		 1, 4, 8, 5,-1,
		 5, 8, 4, 1,-1,
		 2, 1, 5, 6,-1,
		 6, 5, 1, 2,-1,
		 3, 2, 6, 7,-1,
		 7, 6, 2, 3,-1,
		 4, 3, 7, 8,-1,
		 8, 7, 3, 4,-1,
		 5, 8, 12, 9,-1,
		 9, 12, 8, 5,-1,
		 6, 5, 9, 10,-1,
		 10, 9, 5, 6,-1,
		 7, 6, 10, 11,-1,
		 11, 10, 6, 7,-1,
		 8, 7, 11, 12,-1,
		 12, 11, 7, 8,-1,
		 9, 12, 16, 13,-1,
		 13, 16, 12, 9,-1,
		 10, 9, 13, 14,-1,
		 14, 13, 9, 10,-1,
		 11, 10, 14, 15,-1,
		 15, 14, 10, 11,-1,
		 12, 11, 15, 16,-1,
		 16, 15, 11, 12,-1,
		 13, 16, 20, 17,-1,
		 17, 20, 16, 13,-1,
		 14, 13, 17, 18,-1,
		 18, 17, 13, 14,-1,
		 15, 14, 18, 19,-1,
		 19, 18, 14, 15,-1,
		 16, 15, 19, 20,-1,
		 20, 19, 15, 16,-1,
		 20, 19, 18, 17,-1,
		 17, 18, 19, 20,-1,
		]
	} #IndexedFaceSet
} #Polyhedron
Separator { #Polyhedron
	DEF COORD133 Coordinate3 {
		point [
		 5.0018 0.4310 -1.8291,
		 5.0018 1.0057 -1.8291,
		 5.0018 1.0057 -4.8765,
		 5.0018 0.4310 -4.8765,
		 4.9119 0.4310 -1.8291,
		 4.9119 1.0057 -1.8291,
		 4.9119 1.0057 -4.8765,
		 4.9119 0.4310 -4.8765
		]
	} #Coordinate3
	Material {
		ambientColor      0.2500 0.2500 0.2500  #ambientColor
		diffuseColor      1.0000 1.0000 1.0000  #diffuseColor
		transparency      0.0000                #transparency
	} #Material

	IndexedFaceSet {
		coordIndex [ 
		 0, 1, 2, 3,-1,
		 3, 2, 1, 0,-1,
		 0, 3, 7, 4,-1,
		 4, 7, 3, 0,-1,
		 1, 0, 4, 5,-1,
		 5, 4, 0, 1,-1,
		 2, 1, 5, 6,-1,
		 6, 5, 1, 2,-1,
		 3, 2, 6, 7,-1,
		 7, 6, 2, 3,-1,
		 7, 6, 5, 4,-1,
		 4, 5, 6, 7,-1,
		]
	} #IndexedFaceSet
} #Polyhedron
Separator { #Polyhedron
	DEF COORD134 Coordinate3 {
		point [
		 4.9119 1.0057 -4.8765,
		 4.9119 0.4310 -4.8765,
		 4.9119 0.4310 -1.8291,
		 4.9119 1.0057 -1.8291,
		 4.8939 0.9999 -4.8457,
		 4.8939 0.4368 -4.8457,
		 4.8939 0.4368 -1.8599,
		 4.8939 0.9999 -1.8599,
		 4.8760 0.9817 -4.7493,
		 4.8760 0.4550 -4.7493,
		 4.8760 0.4550 -1.9563,
		 4.8760 0.9817 -1.9563,
		 4.8580 0.9482 -4.5718,
		 4.8580 0.4885 -4.5718,
		 4.8580 0.4885 -2.1338,
		 4.8580 0.9482 -2.1338,
		 4.8400 0.8908 -4.2670,
		 4.8400 0.5459 -4.2670,
		 4.8400 0.5459 -2.4386,
		 4.8400 0.8908 -2.4386,
		 4.8221 0.7184 -3.3528
		]
	} #Coordinate3
	Material {
		ambientColor      0.1529 0.1529 0.1529  #ambientColor
		diffuseColor      0.6118 0.6118 0.6118  #diffuseColor
		transparency      0.0000                #transparency
	} #Material

	IndexedFaceSet {
		coordIndex [ 
		 0, 1, 2, 3,-1,
		 3, 2, 1, 0,-1,
		 0, 3, 7, 4,-1,
		 4, 7, 3, 0,-1,
		 1, 0, 4, 5,-1,
		 5, 4, 0, 1,-1,
		 2, 1, 5, 6,-1,
		 6, 5, 1, 2,-1,
		 3, 2, 6, 7,-1,
		 7, 6, 2, 3,-1,
		 4, 7, 11, 8,-1,
		 8, 11, 7, 4,-1,
		 5, 4, 8, 9,-1,
		 9, 8, 4, 5,-1,
		 6, 5, 9, 10,-1,
		 10, 9, 5, 6,-1,
		 7, 6, 10, 11,-1,
		 11, 10, 6, 7,-1,
		 8, 11, 15, 12,-1,
		 12, 15, 11, 8,-1,
		 9, 8, 12, 13,-1,
		 13, 12, 8, 9,-1,
		 10, 9, 13, 14,-1,
		 14, 13, 9, 10,-1,
		 11, 10, 14, 15,-1,
		 15, 14, 10, 11,-1,
		 12, 15, 19, 16,-1,
		 16, 19, 15, 12,-1,
		 13, 12, 16, 17,-1,
		 17, 16, 12, 13,-1,
		 14, 13, 17, 18,-1,
		 18, 17, 13, 14,-1,
		 15, 14, 18, 19,-1,
		 19, 18, 14, 15,-1,
		 16, 19, 20,-1,
		 20, 19, 16,-1,
		 17, 16, 20,-1,
		 20, 16, 17,-1,
		 18, 17, 20,-1,
		 20, 17, 18,-1,
		 19, 18, 20,-1,
		 20, 18, 19,-1,
		]
	} #IndexedFaceSet
} #Polyhedron
Separator { #Polyhedron
	DEF COORD135 Coordinate3 {
		point [
		 5.0018 0.4310 -1.7445,
		 5.0018 0.3592 -1.7445,
		 4.1931 0.3592 -1.7445,
		 4.1931 0.4310 -1.7445,
		 5.0018 0.4310 -1.8292,
		 5.0018 0.3592 -1.8292,
		 4.1931 0.3592 -1.8292,
		 4.1931 0.4310 -1.8292
		]
	} #Coordinate3
	Material {
		ambientColor      0.2500 0.2500 0.2500  #ambientColor
		diffuseColor      1.0000 1.0000 1.0000  #diffuseColor
		transparency      0.0000                #transparency
	} #Material

	IndexedFaceSet {
		coordIndex [ 
		 0, 1, 2, 3,-1,
		 3, 2, 1, 0,-1,
		 0, 3, 7, 4,-1,
		 4, 7, 3, 0,-1,
		 1, 0, 4, 5,-1,
		 5, 4, 0, 1,-1,
		 2, 1, 5, 6,-1,
		 6, 5, 1, 2,-1,
		 3, 2, 6, 7,-1,
		 7, 6, 2, 3,-1,
		 7, 6, 5, 4,-1,
		 4, 5, 6, 7,-1,
		]
	} #IndexedFaceSet
} #Polyhedron
Separator { #Polyhedron
	DEF COORD136 Coordinate3 {
		point [
		 4.3728 0.6465 -1.7445,
		 4.3728 0.7184 -1.7445,
		 4.9119 0.7184 -1.7445,
		 4.9119 0.6465 -1.7445,
		 4.3728 0.6465 -1.8292,
		 4.3728 0.7184 -1.8292,
		 4.9119 0.7184 -1.8292,
		 4.9119 0.6465 -1.8292
		]
	} #Coordinate3
	Material {
		ambientColor      0.2500 0.2500 0.2500  #ambientColor
		diffuseColor      1.0000 1.0000 1.0000  #diffuseColor
		transparency      0.0000                #transparency
	} #Material

	IndexedFaceSet {
		coordIndex [ 
		 0, 1, 2, 3,-1,
		 3, 2, 1, 0,-1,
		 0, 3, 7, 4,-1,
		 4, 7, 3, 0,-1,
		 1, 0, 4, 5,-1,
		 5, 4, 0, 1,-1,
		 2, 1, 5, 6,-1,
		 6, 5, 1, 2,-1,
		 3, 2, 6, 7,-1,
		 7, 6, 2, 3,-1,
		 7, 6, 5, 4,-1,
		 4, 5, 6, 7,-1,
		]
	} #IndexedFaceSet
} #Polyhedron
Separator { #Polyhedron
	DEF COORD137 Coordinate3 {
		point [
		 4.5525 0.6465 -1.7445,
		 4.5525 0.4310 -1.7445,
		 4.4626 0.4310 -1.7445,
		 4.4626 0.6465 -1.7445,
		 4.5525 0.6465 -1.8292,
		 4.5525 0.4310 -1.8292,
		 4.4626 0.4310 -1.8292,
		 4.4626 0.6465 -1.8292
		]
	} #Coordinate3
	Material {
		ambientColor      0.2500 0.2500 0.2500  #ambientColor
		diffuseColor      1.0000 1.0000 1.0000  #diffuseColor
		transparency      0.0000                #transparency
	} #Material

	IndexedFaceSet {
		coordIndex [ 
		 0, 1, 2, 3,-1,
		 3, 2, 1, 0,-1,
		 0, 3, 7, 4,-1,
		 4, 7, 3, 0,-1,
		 1, 0, 4, 5,-1,
		 5, 4, 0, 1,-1,
		 2, 1, 5, 6,-1,
		 6, 5, 1, 2,-1,
		 3, 2, 6, 7,-1,
		 7, 6, 2, 3,-1,
		 7, 6, 5, 4,-1,
		 4, 5, 6, 7,-1,
		]
	} #IndexedFaceSet
} #Polyhedron
Separator { #Polyhedron
	DEF COORD138 Coordinate3 {
		point [
		 4.6423 0.7543 -1.7868,
		 4.8041 0.7471 -1.7615,
		 4.4806 0.7471 -1.7615,
		 4.4806 0.7471 -1.8122,
		 4.8041 0.7471 -1.8122,
		 4.8580 0.7399 -1.7530,
		 4.4267 0.7399 -1.7530,
		 4.4267 0.7399 -1.8207,
		 4.8580 0.7399 -1.8207,
		 4.8894 0.7327 -1.7481,
		 4.3953 0.7327 -1.7481,
		 4.3953 0.7327 -1.8256,
		 4.8894 0.7327 -1.8256,
		 4.9065 0.7255 -1.7454,
		 4.3782 0.7255 -1.7454,
		 4.3782 0.7255 -1.8283,
		 4.9065 0.7255 -1.8283,
		 4.9119 0.7184 -1.7445,
		 4.3728 0.7184 -1.7445,
		 4.3728 0.7184 -1.8292,
		 4.9119 0.7184 -1.8292
		]
	} #Coordinate3
	Material {
		ambientColor      0.1529 0.1529 0.1529  #ambientColor
		diffuseColor      0.6118 0.6118 0.6118  #diffuseColor
		transparency      0.0000                #transparency
	} #Material

	IndexedFaceSet {
		coordIndex [ 
		 0, 4, 1,-1,
		 1, 4, 0,-1,
		 0, 1, 2,-1,
		 2, 1, 0,-1,
		 0, 2, 3,-1,
		 3, 2, 0,-1,
		 0, 3, 4,-1,
		 4, 3, 0,-1,
		 1, 4, 8, 5,-1,
		 5, 8, 4, 1,-1,
		 2, 1, 5, 6,-1,
		 6, 5, 1, 2,-1,
		 3, 2, 6, 7,-1,
		 7, 6, 2, 3,-1,
		 4, 3, 7, 8,-1,
		 8, 7, 3, 4,-1,
		 5, 8, 12, 9,-1,
		 9, 12, 8, 5,-1,
		 6, 5, 9, 10,-1,
		 10, 9, 5, 6,-1,
		 7, 6, 10, 11,-1,
		 11, 10, 6, 7,-1,
		 8, 7, 11, 12,-1,
		 12, 11, 7, 8,-1,
		 9, 12, 16, 13,-1,
		 13, 16, 12, 9,-1,
		 10, 9, 13, 14,-1,
		 14, 13, 9, 10,-1,
		 11, 10, 14, 15,-1,
		 15, 14, 10, 11,-1,
		 12, 11, 15, 16,-1,
		 16, 15, 11, 12,-1,
		 13, 16, 20, 17,-1,
		 17, 20, 16, 13,-1,
		 14, 13, 17, 18,-1,
		 18, 17, 13, 14,-1,
		 15, 14, 18, 19,-1,
		 19, 18, 14, 15,-1,
		 16, 15, 19, 20,-1,
		 20, 19, 15, 16,-1,
		 20, 19, 18, 17,-1,
		 17, 18, 19, 20,-1,
		]
	} #IndexedFaceSet
} #Polyhedron
Separator { #Polyhedron
	DEF COORD139 Coordinate3 {
		point [
		 5.0018 0.4310 -4.8764,
		 5.0018 0.3592 -4.8764,
		 4.1931 0.3592 -4.8764,
		 4.1931 0.4310 -4.8764,
		 5.0018 0.4310 -4.9611,
		 5.0018 0.3592 -4.9611,
		 4.1931 0.3592 -4.9611,
		 4.1931 0.4310 -4.9611
		]
	} #Coordinate3
	Material {
		ambientColor      0.2500 0.2500 0.2500  #ambientColor
		diffuseColor      1.0000 1.0000 1.0000  #diffuseColor
		transparency      0.0000                #transparency
	} #Material

	IndexedFaceSet {
		coordIndex [ 
		 0, 1, 2, 3,-1,
		 3, 2, 1, 0,-1,
		 0, 3, 7, 4,-1,
		 4, 7, 3, 0,-1,
		 1, 0, 4, 5,-1,
		 5, 4, 0, 1,-1,
		 2, 1, 5, 6,-1,
		 6, 5, 1, 2,-1,
		 3, 2, 6, 7,-1,
		 7, 6, 2, 3,-1,
		 7, 6, 5, 4,-1,
		 4, 5, 6, 7,-1,
		]
	} #IndexedFaceSet
} #Polyhedron
Separator { #Polyhedron
	DEF COORD140 Coordinate3 {
		point [
		 4.3728 0.6465 -4.8764,
		 4.3728 0.7184 -4.8764,
		 4.9119 0.7184 -4.8764,
		 4.9119 0.6465 -4.8764,
		 4.3728 0.6465 -4.9611,
		 4.3728 0.7184 -4.9611,
		 4.9119 0.7184 -4.9611,
		 4.9119 0.6465 -4.9611
		]
	} #Coordinate3
	Material {
		ambientColor      0.2500 0.2500 0.2500  #ambientColor
		diffuseColor      1.0000 1.0000 1.0000  #diffuseColor
		transparency      0.0000                #transparency
	} #Material

	IndexedFaceSet {
		coordIndex [ 
		 0, 1, 2, 3,-1,
		 3, 2, 1, 0,-1,
		 0, 3, 7, 4,-1,
		 4, 7, 3, 0,-1,
		 1, 0, 4, 5,-1,
		 5, 4, 0, 1,-1,
		 2, 1, 5, 6,-1,
		 6, 5, 1, 2,-1,
		 3, 2, 6, 7,-1,
		 7, 6, 2, 3,-1,
		 7, 6, 5, 4,-1,
		 4, 5, 6, 7,-1,
		]
	} #IndexedFaceSet
} #Polyhedron
Separator { #Polyhedron
	DEF COORD141 Coordinate3 {
		point [
		 4.5525 0.6465 -4.8764,
		 4.5525 0.4310 -4.8764,
		 4.4626 0.4310 -4.8764,
		 4.4626 0.6465 -4.8764,
		 4.5525 0.6465 -4.9611,
		 4.5525 0.4310 -4.9611,
		 4.4626 0.4310 -4.9611,
		 4.4626 0.6465 -4.9611
		]
	} #Coordinate3
	Material {
		ambientColor      0.2500 0.2500 0.2500  #ambientColor
		diffuseColor      1.0000 1.0000 1.0000  #diffuseColor
		transparency      0.0000                #transparency
	} #Material

	IndexedFaceSet {
		coordIndex [ 
		 0, 1, 2, 3,-1,
		 3, 2, 1, 0,-1,
		 0, 3, 7, 4,-1,
		 4, 7, 3, 0,-1,
		 1, 0, 4, 5,-1,
		 5, 4, 0, 1,-1,
		 2, 1, 5, 6,-1,
		 6, 5, 1, 2,-1,
		 3, 2, 6, 7,-1,
		 7, 6, 2, 3,-1,
		 7, 6, 5, 4,-1,
		 4, 5, 6, 7,-1,
		]
	} #IndexedFaceSet
} #Polyhedron
Separator { #Polyhedron
	DEF COORD142 Coordinate3 {
		point [
		 4.6423 0.7543 -4.9188,
		 4.8041 0.7471 -4.8934,
		 4.4806 0.7471 -4.8934,
		 4.4806 0.7471 -4.9442,
		 4.8041 0.7471 -4.9442,
		 4.8580 0.7399 -4.8849,
		 4.4267 0.7399 -4.8849,
		 4.4267 0.7399 -4.9526,
		 4.8580 0.7399 -4.9526,
		 4.8894 0.7327 -4.8800,
		 4.3953 0.7327 -4.8800,
		 4.3953 0.7327 -4.9575,
		 4.8894 0.7327 -4.9575,
		 4.9065 0.7255 -4.8773,
		 4.3782 0.7255 -4.8773,
		 4.3782 0.7255 -4.9602,
		 4.9065 0.7255 -4.9602,
		 4.9119 0.7184 -4.8764,
		 4.3728 0.7184 -4.8764,
		 4.3728 0.7184 -4.9611,
		 4.9119 0.7184 -4.9611
		]
	} #Coordinate3
	Material {
		ambientColor      0.1529 0.1529 0.1529  #ambientColor
		diffuseColor      0.6118 0.6118 0.6118  #diffuseColor
		transparency      0.0000                #transparency
	} #Material

	IndexedFaceSet {
		coordIndex [ 
		 0, 4, 1,-1,
		 1, 4, 0,-1,
		 0, 1, 2,-1,
		 2, 1, 0,-1,
		 0, 2, 3,-1,
		 3, 2, 0,-1,
		 0, 3, 4,-1,
		 4, 3, 0,-1,
		 1, 4, 8, 5,-1,
		 5, 8, 4, 1,-1,
		 2, 1, 5, 6,-1,
		 6, 5, 1, 2,-1,
		 3, 2, 6, 7,-1,
		 7, 6, 2, 3,-1,
		 4, 3, 7, 8,-1,
		 8, 7, 3, 4,-1,
		 5, 8, 12, 9,-1,
		 9, 12, 8, 5,-1,
		 6, 5, 9, 10,-1,
		 10, 9, 5, 6,-1,
		 7, 6, 10, 11,-1,
		 11, 10, 6, 7,-1,
		 8, 7, 11, 12,-1,
		 12, 11, 7, 8,-1,
		 9, 12, 16, 13,-1,
		 13, 16, 12, 9,-1,
		 10, 9, 13, 14,-1,
		 14, 13, 9, 10,-1,
		 11, 10, 14, 15,-1,
		 15, 14, 10, 11,-1,
		 12, 11, 15, 16,-1,
		 16, 15, 11, 12,-1,
		 13, 16, 20, 17,-1,
		 17, 20, 16, 13,-1,
		 14, 13, 17, 18,-1,
		 18, 17, 13, 14,-1,
		 15, 14, 18, 19,-1,
		 19, 18, 14, 15,-1,
		 16, 15, 19, 20,-1,
		 20, 19, 15, 16,-1,
		 20, 19, 18, 17,-1,
		 17, 18, 19, 20,-1,
		]
	} #IndexedFaceSet
} #Polyhedron
Separator { #Polyhedron
	DEF COORD143 Coordinate3 {
		point [
		 4.9119 0.3592 -4.7918,
		 4.8221 0.3592 -4.7918,
		 4.8221 0.3592 -4.8764,
		 4.9119 0.3592 -4.8764,
		 4.9119 0.0000 -4.7918,
		 4.8221 0.0000 -4.7918,
		 4.8221 0.0000 -4.8764,
		 4.9119 0.0000 -4.8764
		]
	} #Coordinate3
	Material {
		ambientColor      0.2500 0.2500 0.2500  #ambientColor
		diffuseColor      1.0000 1.0000 1.0000  #diffuseColor
		transparency      0.0000                #transparency
	} #Material

	IndexedFaceSet {
		coordIndex [ 
		 0, 1, 2, 3,-1,
		 3, 2, 1, 0,-1,
		 0, 3, 7, 4,-1,
		 4, 7, 3, 0,-1,
		 1, 0, 4, 5,-1,
		 5, 4, 0, 1,-1,
		 2, 1, 5, 6,-1,
		 6, 5, 1, 2,-1,
		 3, 2, 6, 7,-1,
		 7, 6, 2, 3,-1,
		 7, 6, 5, 4,-1,
		 4, 5, 6, 7,-1,
		]
	} #IndexedFaceSet
} #Polyhedron
Separator { #Polyhedron
	DEF COORD144 Coordinate3 {
		point [
		 4.2829 0.3592 -4.8764,
		 4.3728 0.3592 -4.8764,
		 4.3728 0.3592 -4.7918,
		 4.2829 0.3592 -4.7918,
		 4.2829 0.0000 -4.8764,
		 4.3728 0.0000 -4.8764,
		 4.3728 0.0000 -4.7918,
		 4.2829 0.0000 -4.7918
		]
	} #Coordinate3
	Material {
		ambientColor      0.2500 0.2500 0.2500  #ambientColor
		diffuseColor      1.0000 1.0000 1.0000  #diffuseColor
		transparency      0.0000                #transparency
	} #Material

	IndexedFaceSet {
		coordIndex [ 
		 0, 1, 2, 3,-1,
		 3, 2, 1, 0,-1,
		 0, 3, 7, 4,-1,
		 4, 7, 3, 0,-1,
		 1, 0, 4, 5,-1,
		 5, 4, 0, 1,-1,
		 2, 1, 5, 6,-1,
		 6, 5, 1, 2,-1,
		 3, 2, 6, 7,-1,
		 7, 6, 2, 3,-1,
		 7, 6, 5, 4,-1,
		 4, 5, 6, 7,-1,
		]
	} #IndexedFaceSet
} #Polyhedron
Separator { #Polyhedron
	DEF COORD145 Coordinate3 {
		point [
		 4.9119 0.3592 -1.8292,
		 4.8221 0.3592 -1.8292,
		 4.8221 0.3592 -1.9138,
		 4.9119 0.3592 -1.9138,
		 4.9119 0.0000 -1.8292,
		 4.8221 0.0000 -1.8292,
		 4.8221 0.0000 -1.9138,
		 4.9119 0.0000 -1.9138
		]
	} #Coordinate3
	Material {
		ambientColor      0.2500 0.2500 0.2500  #ambientColor
		diffuseColor      1.0000 1.0000 1.0000  #diffuseColor
		transparency      0.0000                #transparency
	} #Material

	IndexedFaceSet {
		coordIndex [ 
		 0, 1, 2, 3,-1,
		 3, 2, 1, 0,-1,
		 0, 3, 7, 4,-1,
		 4, 7, 3, 0,-1,
		 1, 0, 4, 5,-1,
		 5, 4, 0, 1,-1,
		 2, 1, 5, 6,-1,
		 6, 5, 1, 2,-1,
		 3, 2, 6, 7,-1,
		 7, 6, 2, 3,-1,
		 7, 6, 5, 4,-1,
		 4, 5, 6, 7,-1,
		]
	} #IndexedFaceSet
} #Polyhedron
Separator { #Polyhedron
	DEF COORD146 Coordinate3 {
		point [
		 4.2829 0.3592 -1.9138,
		 4.3728 0.3592 -1.9138,
		 4.3728 0.3592 -1.8292,
		 4.2829 0.3592 -1.8292,
		 4.2829 0.0000 -1.9138,
		 4.3728 0.0000 -1.9138,
		 4.3728 0.0000 -1.8292,
		 4.2829 0.0000 -1.8292
		]
	} #Coordinate3
	Material {
		ambientColor      0.2500 0.2500 0.2500  #ambientColor
		diffuseColor      1.0000 1.0000 1.0000  #diffuseColor
		transparency      0.0000                #transparency
	} #Material

	IndexedFaceSet {
		coordIndex [ 
		 0, 1, 2, 3,-1,
		 3, 2, 1, 0,-1,
		 0, 3, 7, 4,-1,
		 4, 7, 3, 0,-1,
		 1, 0, 4, 5,-1,
		 5, 4, 0, 1,-1,
		 2, 1, 5, 6,-1,
		 6, 5, 1, 2,-1,
		 3, 2, 6, 7,-1,
		 7, 6, 2, 3,-1,
		 7, 6, 5, 4,-1,
		 4, 5, 6, 7,-1,
		]
	} #IndexedFaceSet
} #Polyhedron
Separator { #Polyhedron
	DEF COORD147 Coordinate3 {
		point [
		 3.9622 0.4310 -5.9162,
		 3.9622 0.4310 -5.1075,
		 2.1338 0.4310 -5.1075,
		 2.1338 0.4310 -5.9162,
		 3.9622 0.3592 -5.9162,
		 3.9622 0.3592 -5.1075,
		 2.1338 0.3592 -5.1075,
		 2.1338 0.3592 -5.9162
		]
	} #Coordinate3
	Material {
		ambientColor      0.2500 0.2500 0.2500  #ambientColor
		diffuseColor      1.0000 1.0000 1.0000  #diffuseColor
		transparency      0.0000                #transparency
	} #Material

	IndexedFaceSet {
		coordIndex [ 
		 0, 1, 2, 3,-1,
		 3, 2, 1, 0,-1,
		 0, 3, 7, 4,-1,
		 4, 7, 3, 0,-1,
		 1, 0, 4, 5,-1,
		 5, 4, 0, 1,-1,
		 2, 1, 5, 6,-1,
		 6, 5, 1, 2,-1,
		 3, 2, 6, 7,-1,
		 7, 6, 2, 3,-1,
		 7, 6, 5, 4,-1,
		 4, 5, 6, 7,-1,
		]
	} #IndexedFaceSet
} #Polyhedron
Separator { #Polyhedron
	DEF COORD148 Coordinate3 {
		point [
		 3.0480 0.5028 -5.5567,
		 3.5965 0.4884 -5.7185,
		 3.5965 0.4884 -5.2872,
		 2.4995 0.4884 -5.2872,
		 2.4995 0.4884 -5.7185,
		 3.7794 0.4741 -5.7724,
		 3.7794 0.4741 -5.1973,
		 2.3167 0.4741 -5.1973,
		 2.3167 0.4741 -5.7724,
		 3.8859 0.4597 -5.8038,
		 3.8859 0.4597 -5.1450,
		 2.2101 0.4597 -5.1450,
		 2.2101 0.4597 -5.8038,
		 3.9437 0.4454 -5.8209,
		 3.9437 0.4454 -5.1165,
		 2.1523 0.4454 -5.1165,
		 2.1523 0.4454 -5.8209,
		 3.9622 0.4310 -5.8263,
		 3.9622 0.4310 -5.1075,
		 2.1338 0.4310 -5.1075,
		 2.1338 0.4310 -5.8263
		]
	} #Coordinate3
	Material {
		ambientColor      0.1529 0.1529 0.1529  #ambientColor
		diffuseColor      0.6118 0.6118 0.6118  #diffuseColor
		transparency      0.0000                #transparency
	} #Material

	IndexedFaceSet {
		coordIndex [ 
		 0, 4, 1,-1,
		 1, 4, 0,-1,
		 0, 1, 2,-1,
		 2, 1, 0,-1,
		 0, 2, 3,-1,
		 3, 2, 0,-1,
		 0, 3, 4,-1,
		 4, 3, 0,-1,
		 1, 4, 8, 5,-1,
		 5, 8, 4, 1,-1,
		 2, 1, 5, 6,-1,
		 6, 5, 1, 2,-1,
		 3, 2, 6, 7,-1,
		 7, 6, 2, 3,-1,
		 4, 3, 7, 8,-1,
		 8, 7, 3, 4,-1,
		 5, 8, 12, 9,-1,
		 9, 12, 8, 5,-1,
		 6, 5, 9, 10,-1,
		 10, 9, 5, 6,-1,
		 7, 6, 10, 11,-1,
		 11, 10, 6, 7,-1,
		 8, 7, 11, 12,-1,
		 12, 11, 7, 8,-1,
		 9, 12, 16, 13,-1,
		 13, 16, 12, 9,-1,
		 10, 9, 13, 14,-1,
		 14, 13, 9, 10,-1,
		 11, 10, 14, 15,-1,
		 15, 14, 10, 11,-1,
		 12, 11, 15, 16,-1,
		 16, 15, 11, 12,-1,
		 13, 16, 20, 17,-1,
		 17, 20, 16, 13,-1,
		 14, 13, 17, 18,-1,
		 18, 17, 13, 14,-1,
		 15, 14, 18, 19,-1,
		 19, 18, 14, 15,-1,
		 16, 15, 19, 20,-1,
		 20, 19, 15, 16,-1,
		 20, 19, 18, 17,-1,
		 17, 18, 19, 20,-1,
		]
	} #IndexedFaceSet
} #Polyhedron
Separator { #Polyhedron
	DEF COORD149 Coordinate3 {
		point [
		 3.9622 0.4310 -5.9162,
		 3.9622 1.0057 -5.9162,
		 2.1338 1.0057 -5.9162,
		 2.1338 0.4310 -5.9162,
		 3.9622 0.4310 -5.8263,
		 3.9622 1.0057 -5.8263,
		 2.1338 1.0057 -5.8263,
		 2.1338 0.4310 -5.8263
		]
	} #Coordinate3
	Material {
		ambientColor      0.2500 0.2500 0.2500  #ambientColor
		diffuseColor      1.0000 1.0000 1.0000  #diffuseColor
		transparency      0.0000                #transparency
	} #Material

	IndexedFaceSet {
		coordIndex [ 
		 0, 1, 2, 3,-1,
		 3, 2, 1, 0,-1,
		 0, 3, 7, 4,-1,
		 4, 7, 3, 0,-1,
		 1, 0, 4, 5,-1,
		 5, 4, 0, 1,-1,
		 2, 1, 5, 6,-1,
		 6, 5, 1, 2,-1,
		 3, 2, 6, 7,-1,
		 7, 6, 2, 3,-1,
		 7, 6, 5, 4,-1,
		 4, 5, 6, 7,-1,
		]
	} #IndexedFaceSet
} #Polyhedron
Separator { #Polyhedron
	DEF COORD150 Coordinate3 {
		point [
		 2.1338 1.0057 -5.8263,
		 2.1338 0.4310 -5.8263,
		 3.9622 0.4310 -5.8263,
		 3.9622 1.0057 -5.8263,
		 2.1523 0.9999 -5.8083,
		 2.1523 0.4368 -5.8083,
		 3.9437 0.4368 -5.8083,
		 3.9437 0.9999 -5.8083,
		 2.2102 0.9817 -5.7904,
		 2.2102 0.4550 -5.7904,
		 3.8859 0.4550 -5.7904,
		 3.8859 0.9817 -5.7904,
		 2.3167 0.9482 -5.7724,
		 2.3167 0.4885 -5.7724,
		 3.7794 0.4885 -5.7724,
		 3.7794 0.9482 -5.7724,
		 2.4995 0.8908 -5.7544,
		 2.4995 0.5459 -5.7544,
		 3.5965 0.5459 -5.7544,
		 3.5965 0.8908 -5.7544,
		 3.0480 0.7184 -5.7364
		]
	} #Coordinate3
	Material {
		ambientColor      0.1529 0.1529 0.1529  #ambientColor
		diffuseColor      0.6118 0.6118 0.6118  #diffuseColor
		transparency      0.0000                #transparency
	} #Material

	IndexedFaceSet {
		coordIndex [ 
		 0, 1, 2, 3,-1,
		 3, 2, 1, 0,-1,
		 0, 3, 7, 4,-1,
		 4, 7, 3, 0,-1,
		 1, 0, 4, 5,-1,
		 5, 4, 0, 1,-1,
		 2, 1, 5, 6,-1,
		 6, 5, 1, 2,-1,
		 3, 2, 6, 7,-1,
		 7, 6, 2, 3,-1,
		 4, 7, 11, 8,-1,
		 8, 11, 7, 4,-1,
		 5, 4, 8, 9,-1,
		 9, 8, 4, 5,-1,
		 6, 5, 9, 10,-1,
		 10, 9, 5, 6,-1,
		 7, 6, 10, 11,-1,
		 11, 10, 6, 7,-1,
		 8, 11, 15, 12,-1,
		 12, 15, 11, 8,-1,
		 9, 8, 12, 13,-1,
		 13, 12, 8, 9,-1,
		 10, 9, 13, 14,-1,
		 14, 13, 9, 10,-1,
		 11, 10, 14, 15,-1,
		 15, 14, 10, 11,-1,
		 12, 15, 19, 16,-1,
		 16, 19, 15, 12,-1,
		 13, 12, 16, 17,-1,
		 17, 16, 12, 13,-1,
		 14, 13, 17, 18,-1,
		 18, 17, 13, 14,-1,
		 15, 14, 18, 19,-1,
		 19, 18, 14, 15,-1,
		 16, 19, 20,-1,
		 20, 19, 16,-1,
		 17, 16, 20,-1,
		 20, 16, 17,-1,
		 18, 17, 20,-1,
		 20, 17, 18,-1,
		 19, 18, 20,-1,
		 20, 18, 19,-1,
		]
	} #IndexedFaceSet
} #Polyhedron
Separator { #Polyhedron
	DEF COORD151 Coordinate3 {
		point [
		 4.0129 0.4310 -5.9162,
		 4.0129 0.3592 -5.9162,
		 4.0129 0.3592 -5.1075,
		 4.0129 0.4310 -5.1075,
		 3.9621 0.4310 -5.9162,
		 3.9621 0.3592 -5.9162,
		 3.9621 0.3592 -5.1075,
		 3.9621 0.4310 -5.1075
		]
	} #Coordinate3
	Material {
		ambientColor      0.2500 0.2500 0.2500  #ambientColor
		diffuseColor      1.0000 1.0000 1.0000  #diffuseColor
		transparency      0.0000                #transparency
	} #Material

	IndexedFaceSet {
		coordIndex [ 
		 0, 1, 2, 3,-1,
		 3, 2, 1, 0,-1,
		 0, 3, 7, 4,-1,
		 4, 7, 3, 0,-1,
		 1, 0, 4, 5,-1,
		 5, 4, 0, 1,-1,
		 2, 1, 5, 6,-1,
		 6, 5, 1, 2,-1,
		 3, 2, 6, 7,-1,
		 7, 6, 2, 3,-1,
		 7, 6, 5, 4,-1,
		 4, 5, 6, 7,-1,
		]
	} #IndexedFaceSet
} #Polyhedron
Separator { #Polyhedron
	DEF COORD152 Coordinate3 {
		point [
		 4.0129 0.6465 -5.2872,
		 4.0129 0.7184 -5.2872,
		 4.0129 0.7184 -5.8263,
		 4.0129 0.6465 -5.8263,
		 3.9621 0.6465 -5.2872,
		 3.9621 0.7184 -5.2872,
		 3.9621 0.7184 -5.8263,
		 3.9621 0.6465 -5.8263
		]
	} #Coordinate3
	Material {
		ambientColor      0.2500 0.2500 0.2500  #ambientColor
		diffuseColor      1.0000 1.0000 1.0000  #diffuseColor
		transparency      0.0000                #transparency
	} #Material

	IndexedFaceSet {
		coordIndex [ 
		 0, 1, 2, 3,-1,
		 3, 2, 1, 0,-1,
		 0, 3, 7, 4,-1,
		 4, 7, 3, 0,-1,
		 1, 0, 4, 5,-1,
		 5, 4, 0, 1,-1,
		 2, 1, 5, 6,-1,
		 6, 5, 1, 2,-1,
		 3, 2, 6, 7,-1,
		 7, 6, 2, 3,-1,
		 7, 6, 5, 4,-1,
		 4, 5, 6, 7,-1,
		]
	} #IndexedFaceSet
} #Polyhedron
Separator { #Polyhedron
	DEF COORD153 Coordinate3 {
		point [
		 4.0129 0.6465 -5.4669,
		 4.0129 0.4310 -5.4669,
		 4.0129 0.4310 -5.3770,
		 4.0129 0.6465 -5.3770,
		 3.9621 0.6465 -5.4669,
		 3.9621 0.4310 -5.4669,
		 3.9621 0.4310 -5.3770,
		 3.9621 0.6465 -5.3770
		]
	} #Coordinate3
	Material {
		ambientColor      0.2500 0.2500 0.2500  #ambientColor
		diffuseColor      1.0000 1.0000 1.0000  #diffuseColor
		transparency      0.0000                #transparency
	} #Material

	IndexedFaceSet {
		coordIndex [ 
		 0, 1, 2, 3,-1,
		 3, 2, 1, 0,-1,
		 0, 3, 7, 4,-1,
		 4, 7, 3, 0,-1,
		 1, 0, 4, 5,-1,
		 5, 4, 0, 1,-1,
		 2, 1, 5, 6,-1,
		 6, 5, 1, 2,-1,
		 3, 2, 6, 7,-1,
		 7, 6, 2, 3,-1,
		 7, 6, 5, 4,-1,
		 4, 5, 6, 7,-1,
		]
	} #IndexedFaceSet
} #Polyhedron
Separator { #Polyhedron
	DEF COORD154 Coordinate3 {
		point [
		 3.9875 0.7543 -5.5567,
		 4.0028 0.7471 -5.7185,
		 4.0028 0.7471 -5.3950,
		 3.9723 0.7471 -5.3950,
		 3.9723 0.7471 -5.7185,
		 4.0078 0.7399 -5.7724,
		 4.0078 0.7399 -5.3411,
		 3.9672 0.7399 -5.3411,
		 3.9672 0.7399 -5.7724,
		 4.0108 0.7327 -5.8038,
		 4.0108 0.7327 -5.3097,
		 3.9643 0.7327 -5.3097,
		 3.9643 0.7327 -5.8038,
		 4.0124 0.7255 -5.8209,
		 4.0124 0.7255 -5.2926,
		 3.9626 0.7255 -5.2926,
		 3.9626 0.7255 -5.8209,
		 4.0129 0.7184 -5.8263,
		 4.0129 0.7184 -5.2872,
		 3.9621 0.7184 -5.2872,
		 3.9621 0.7184 -5.8263
		]
	} #Coordinate3
	Material {
		ambientColor      0.1529 0.1529 0.1529  #ambientColor
		diffuseColor      0.6118 0.6118 0.6118  #diffuseColor
		transparency      0.0000                #transparency
	} #Material

	IndexedFaceSet {
		coordIndex [ 
		 0, 4, 1,-1,
		 1, 4, 0,-1,
		 0, 1, 2,-1,
		 2, 1, 0,-1,
		 0, 2, 3,-1,
		 3, 2, 0,-1,
		 0, 3, 4,-1,
		 4, 3, 0,-1,
		 1, 4, 8, 5,-1,
		 5, 8, 4, 1,-1,
		 2, 1, 5, 6,-1,
		 6, 5, 1, 2,-1,
		 3, 2, 6, 7,-1,
		 7, 6, 2, 3,-1,
		 4, 3, 7, 8,-1,
		 8, 7, 3, 4,-1,
		 5, 8, 12, 9,-1,
		 9, 12, 8, 5,-1,
		 6, 5, 9, 10,-1,
		 10, 9, 5, 6,-1,
		 7, 6, 10, 11,-1,
		 11, 10, 6, 7,-1,
		 8, 7, 11, 12,-1,
		 12, 11, 7, 8,-1,
		 9, 12, 16, 13,-1,
		 13, 16, 12, 9,-1,
		 10, 9, 13, 14,-1,
		 14, 13, 9, 10,-1,
		 11, 10, 14, 15,-1,
		 15, 14, 10, 11,-1,
		 12, 11, 15, 16,-1,
		 16, 15, 11, 12,-1,
		 13, 16, 20, 17,-1,
		 17, 20, 16, 13,-1,
		 14, 13, 17, 18,-1,
		 18, 17, 13, 14,-1,
		 15, 14, 18, 19,-1,
		 19, 18, 14, 15,-1,
		 16, 15, 19, 20,-1,
		 20, 19, 15, 16,-1,
		 20, 19, 18, 17,-1,
		 17, 18, 19, 20,-1,
		]
	} #IndexedFaceSet
} #Polyhedron
Separator { #Polyhedron
	DEF COORD155 Coordinate3 {
		point [
		 2.1339 0.4310 -5.9162,
		 2.1339 0.3592 -5.9162,
		 2.1339 0.3592 -5.1075,
		 2.1339 0.4310 -5.1075,
		 2.0831 0.4310 -5.9162,
		 2.0831 0.3592 -5.9162,
		 2.0831 0.3592 -5.1075,
		 2.0831 0.4310 -5.1075
		]
	} #Coordinate3
	Material {
		ambientColor      0.2500 0.2500 0.2500  #ambientColor
		diffuseColor      1.0000 1.0000 1.0000  #diffuseColor
		transparency      0.0000                #transparency
	} #Material

	IndexedFaceSet {
		coordIndex [ 
		 0, 1, 2, 3,-1,
		 3, 2, 1, 0,-1,
		 0, 3, 7, 4,-1,
		 4, 7, 3, 0,-1,
		 1, 0, 4, 5,-1,
		 5, 4, 0, 1,-1,
		 2, 1, 5, 6,-1,
		 6, 5, 1, 2,-1,
		 3, 2, 6, 7,-1,
		 7, 6, 2, 3,-1,
		 7, 6, 5, 4,-1,
		 4, 5, 6, 7,-1,
		]
	} #IndexedFaceSet
} #Polyhedron
Separator { #Polyhedron
	DEF COORD156 Coordinate3 {
		point [
		 2.1339 0.6465 -5.2872,
		 2.1339 0.7184 -5.2872,
		 2.1339 0.7184 -5.8263,
		 2.1339 0.6465 -5.8263,
		 2.0831 0.6465 -5.2872,
		 2.0831 0.7184 -5.2872,
		 2.0831 0.7184 -5.8263,
		 2.0831 0.6465 -5.8263
		]
	} #Coordinate3
	Material {
		ambientColor      0.2500 0.2500 0.2500  #ambientColor
		diffuseColor      1.0000 1.0000 1.0000  #diffuseColor
		transparency      0.0000                #transparency
	} #Material

	IndexedFaceSet {
		coordIndex [ 
		 0, 1, 2, 3,-1,
		 3, 2, 1, 0,-1,
		 0, 3, 7, 4,-1,
		 4, 7, 3, 0,-1,
		 1, 0, 4, 5,-1,
		 5, 4, 0, 1,-1,
		 2, 1, 5, 6,-1,
		 6, 5, 1, 2,-1,
		 3, 2, 6, 7,-1,
		 7, 6, 2, 3,-1,
		 7, 6, 5, 4,-1,
		 4, 5, 6, 7,-1,
		]
	} #IndexedFaceSet
} #Polyhedron
Separator { #Polyhedron
	DEF COORD157 Coordinate3 {
		point [
		 2.1339 0.6465 -5.4669,
		 2.1339 0.4310 -5.4669,
		 2.1339 0.4310 -5.3770,
		 2.1339 0.6465 -5.3770,
		 2.0831 0.6465 -5.4669,
		 2.0831 0.4310 -5.4669,
		 2.0831 0.4310 -5.3770,
		 2.0831 0.6465 -5.3770
		]
	} #Coordinate3
	Material {
		ambientColor      0.2500 0.2500 0.2500  #ambientColor
		diffuseColor      1.0000 1.0000 1.0000  #diffuseColor
		transparency      0.0000                #transparency
	} #Material

	IndexedFaceSet {
		coordIndex [ 
		 0, 1, 2, 3,-1,
		 3, 2, 1, 0,-1,
		 0, 3, 7, 4,-1,
		 4, 7, 3, 0,-1,
		 1, 0, 4, 5,-1,
		 5, 4, 0, 1,-1,
		 2, 1, 5, 6,-1,
		 6, 5, 1, 2,-1,
		 3, 2, 6, 7,-1,
		 7, 6, 2, 3,-1,
		 7, 6, 5, 4,-1,
		 4, 5, 6, 7,-1,
		]
	} #IndexedFaceSet
} #Polyhedron
Separator { #Polyhedron
	DEF COORD158 Coordinate3 {
		point [
		 2.1085 0.7543 -5.5567,
		 2.1237 0.7471 -5.7185,
		 2.1237 0.7471 -5.3950,
		 2.0933 0.7471 -5.3950,
		 2.0933 0.7471 -5.7185,
		 2.1288 0.7399 -5.7724,
		 2.1288 0.7399 -5.3411,
		 2.0882 0.7399 -5.3411,
		 2.0882 0.7399 -5.7724,
		 2.1318 0.7327 -5.8038,
		 2.1318 0.7327 -5.3097,
		 2.0852 0.7327 -5.3097,
		 2.0852 0.7327 -5.8038,
		 2.1334 0.7255 -5.8209,
		 2.1334 0.7255 -5.2926,
		 2.0836 0.7255 -5.2926,
		 2.0836 0.7255 -5.8209,
		 2.1339 0.7184 -5.8263,
		 2.1339 0.7184 -5.2872,
		 2.0831 0.7184 -5.2872,
		 2.0831 0.7184 -5.8263
		]
	} #Coordinate3
	Material {
		ambientColor      0.1529 0.1529 0.1529  #ambientColor
		diffuseColor      0.6118 0.6118 0.6118  #diffuseColor
		transparency      0.0000                #transparency
	} #Material

	IndexedFaceSet {
		coordIndex [ 
		 0, 4, 1,-1,
		 1, 4, 0,-1,
		 0, 1, 2,-1,
		 2, 1, 0,-1,
		 0, 2, 3,-1,
		 3, 2, 0,-1,
		 0, 3, 4,-1,
		 4, 3, 0,-1,
		 1, 4, 8, 5,-1,
		 5, 8, 4, 1,-1,
		 2, 1, 5, 6,-1,
		 6, 5, 1, 2,-1,
		 3, 2, 6, 7,-1,
		 7, 6, 2, 3,-1,
		 4, 3, 7, 8,-1,
		 8, 7, 3, 4,-1,
		 5, 8, 12, 9,-1,
		 9, 12, 8, 5,-1,
		 6, 5, 9, 10,-1,
		 10, 9, 5, 6,-1,
		 7, 6, 10, 11,-1,
		 11, 10, 6, 7,-1,
		 8, 7, 11, 12,-1,
		 12, 11, 7, 8,-1,
		 9, 12, 16, 13,-1,
		 13, 16, 12, 9,-1,
		 10, 9, 13, 14,-1,
		 14, 13, 9, 10,-1,
		 11, 10, 14, 15,-1,
		 15, 14, 10, 11,-1,
		 12, 11, 15, 16,-1,
		 16, 15, 11, 12,-1,
		 13, 16, 20, 17,-1,
		 17, 20, 16, 13,-1,
		 14, 13, 17, 18,-1,
		 18, 17, 13, 14,-1,
		 15, 14, 18, 19,-1,
		 19, 18, 14, 15,-1,
		 16, 15, 19, 20,-1,
		 20, 19, 15, 16,-1,
		 20, 19, 18, 17,-1,
		 17, 18, 19, 20,-1,
		]
	} #IndexedFaceSet
} #Polyhedron
Separator { #Polyhedron
	DEF COORD159 Coordinate3 {
		point [
		 2.1847 0.3592 -5.8263,
		 2.1847 0.3592 -5.7364,
		 2.1339 0.3592 -5.7364,
		 2.1339 0.3592 -5.8263,
		 2.1847 0.0000 -5.8263,
		 2.1847 0.0000 -5.7364,
		 2.1339 0.0000 -5.7364,
		 2.1339 0.0000 -5.8263
		]
	} #Coordinate3
	Material {
		ambientColor      0.2500 0.2500 0.2500  #ambientColor
		diffuseColor      1.0000 1.0000 1.0000  #diffuseColor
		transparency      0.0000                #transparency
	} #Material

	IndexedFaceSet {
		coordIndex [ 
		 0, 1, 2, 3,-1,
		 3, 2, 1, 0,-1,
		 0, 3, 7, 4,-1,
		 4, 7, 3, 0,-1,
		 1, 0, 4, 5,-1,
		 5, 4, 0, 1,-1,
		 2, 1, 5, 6,-1,
		 6, 5, 1, 2,-1,
		 3, 2, 6, 7,-1,
		 7, 6, 2, 3,-1,
		 7, 6, 5, 4,-1,
		 4, 5, 6, 7,-1,
		]
	} #IndexedFaceSet
} #Polyhedron
Separator { #Polyhedron
	DEF COORD160 Coordinate3 {
		point [
		 2.1339 0.3592 -5.1973,
		 2.1339 0.3592 -5.2872,
		 2.1847 0.3592 -5.2872,
		 2.1847 0.3592 -5.1973,
		 2.1339 0.0000 -5.1973,
		 2.1339 0.0000 -5.2872,
		 2.1847 0.0000 -5.2872,
		 2.1847 0.0000 -5.1973
		]
	} #Coordinate3
	Material {
		ambientColor      0.2500 0.2500 0.2500  #ambientColor
		diffuseColor      1.0000 1.0000 1.0000  #diffuseColor
		transparency      0.0000                #transparency
	} #Material

	IndexedFaceSet {
		coordIndex [ 
		 0, 1, 2, 3,-1,
		 3, 2, 1, 0,-1,
		 0, 3, 7, 4,-1,
		 4, 7, 3, 0,-1,
		 1, 0, 4, 5,-1,
		 5, 4, 0, 1,-1,
		 2, 1, 5, 6,-1,
		 6, 5, 1, 2,-1,
		 3, 2, 6, 7,-1,
		 7, 6, 2, 3,-1,
		 7, 6, 5, 4,-1,
		 4, 5, 6, 7,-1,
		]
	} #IndexedFaceSet
} #Polyhedron
Separator { #Polyhedron
	DEF COORD161 Coordinate3 {
		point [
		 3.9621 0.3592 -5.8263,
		 3.9621 0.3592 -5.7364,
		 3.9113 0.3592 -5.7364,
		 3.9113 0.3592 -5.8263,
		 3.9621 0.0000 -5.8263,
		 3.9621 0.0000 -5.7364,
		 3.9113 0.0000 -5.7364,
		 3.9113 0.0000 -5.8263
		]
	} #Coordinate3
	Material {
		ambientColor      0.2500 0.2500 0.2500  #ambientColor
		diffuseColor      1.0000 1.0000 1.0000  #diffuseColor
		transparency      0.0000                #transparency
	} #Material

	IndexedFaceSet {
		coordIndex [ 
		 0, 1, 2, 3,-1,
		 3, 2, 1, 0,-1,
		 0, 3, 7, 4,-1,
		 4, 7, 3, 0,-1,
		 1, 0, 4, 5,-1,
		 5, 4, 0, 1,-1,
		 2, 1, 5, 6,-1,
		 6, 5, 1, 2,-1,
		 3, 2, 6, 7,-1,
		 7, 6, 2, 3,-1,
		 7, 6, 5, 4,-1,
		 4, 5, 6, 7,-1,
		]
	} #IndexedFaceSet
} #Polyhedron
Separator { #Polyhedron
	DEF COORD162 Coordinate3 {
		point [
		 3.9113 0.3592 -5.1973,
		 3.9113 0.3592 -5.2872,
		 3.9621 0.3592 -5.2872,
		 3.9621 0.3592 -5.1973,
		 3.9113 0.0000 -5.1973,
		 3.9113 0.0000 -5.2872,
		 3.9621 0.0000 -5.2872,
		 3.9621 0.0000 -5.1973
		]
	} #Coordinate3
	Material {
		ambientColor      0.2500 0.2500 0.2500  #ambientColor
		diffuseColor      1.0000 1.0000 1.0000  #diffuseColor
		transparency      0.0000                #transparency
	} #Material

	IndexedFaceSet {
		coordIndex [ 
		 0, 1, 2, 3,-1,
		 3, 2, 1, 0,-1,
		 0, 3, 7, 4,-1,
		 4, 7, 3, 0,-1,
		 1, 0, 4, 5,-1,
		 5, 4, 0, 1,-1,
		 2, 1, 5, 6,-1,
		 6, 5, 1, 2,-1,
		 3, 2, 6, 7,-1,
		 7, 6, 2, 3,-1,
		 7, 6, 5, 4,-1,
		 4, 5, 6, 7,-1,
		]
	} #IndexedFaceSet
} #Polyhedron
Separator { #Polyhedron
	DEF COORD163 Coordinate3 {
		point [
		 3.5052 0.4064 -2.4892,
		 2.7940 0.4064 -2.4892,
		 2.7940 0.4064 -4.5212,
		 3.5052 0.4064 -4.5212,
		 3.5052 0.3810 -2.4892,
		 2.7940 0.3810 -2.4892,
		 2.7940 0.3810 -4.5212,
		 3.5052 0.3810 -4.5212
		]
	} #Coordinate3
	Material {
		ambientColor      0.2500 0.2500 0.2500  #ambientColor
		diffuseColor      1.0000 1.0000 1.0000  #diffuseColor
		transparency      0.0000                #transparency
	} #Material

	IndexedFaceSet {
		coordIndex [ 
		 0, 1, 2, 3,-1,
		 3, 2, 1, 0,-1,
		 0, 3, 7, 4,-1,
		 4, 7, 3, 0,-1,
		 1, 0, 4, 5,-1,
		 5, 4, 0, 1,-1,
		 2, 1, 5, 6,-1,
		 6, 5, 1, 2,-1,
		 3, 2, 6, 7,-1,
		 7, 6, 2, 3,-1,
		 7, 6, 5, 4,-1,
		 4, 5, 6, 7,-1,
		]
	} #IndexedFaceSet
} #Polyhedron
Separator { #Polyhedron
	DEF COORD164 Coordinate3 {
		point [
		 3.4544 0.4191 -2.5400,
		 2.8448 0.4191 -2.5400,
		 2.8448 0.4191 -4.4704,
		 3.4544 0.4191 -4.4704,
		 3.4544 0.4064 -2.5400,
		 2.8448 0.4064 -2.5400,
		 2.8448 0.4064 -4.4704,
		 3.4544 0.4064 -4.4704
		]
	} #Coordinate3
	Material {
		ambientColor      0.1324 0.1324 0.1324  #ambientColor
		diffuseColor      0.5294 0.5294 0.5294  #diffuseColor
		transparency      0.0000                #transparency
	} #Material

	IndexedFaceSet {
		coordIndex [ 
		 0, 1, 2, 3,-1,
		 3, 2, 1, 0,-1,
		 0, 3, 7, 4,-1,
		 4, 7, 3, 0,-1,
		 1, 0, 4, 5,-1,
		 5, 4, 0, 1,-1,
		 2, 1, 5, 6,-1,
		 6, 5, 1, 2,-1,
		 3, 2, 6, 7,-1,
		 7, 6, 2, 3,-1,
		 7, 6, 5, 4,-1,
		 4, 5, 6, 7,-1,
		]
	} #IndexedFaceSet
} #Polyhedron
Separator { #Polyhedron
	DEF COORD165 Coordinate3 {
		point [
		 3.4544 0.3810 -2.5400,
		 3.4036 0.3810 -2.5400,
		 3.4036 0.3810 -2.5908,
		 3.4544 0.3810 -2.5908,
		 3.4544 0.0000 -2.5400,
		 3.4036 0.0000 -2.5400,
		 3.4036 0.0000 -2.5908,
		 3.4544 0.0000 -2.5908
		]
	} #Coordinate3
	Material {
		ambientColor      0.2500 0.2500 0.2500  #ambientColor
		diffuseColor      1.0000 1.0000 1.0000  #diffuseColor
		transparency      0.0000                #transparency
	} #Material

	IndexedFaceSet {
		coordIndex [ 
		 0, 1, 2, 3,-1,
		 3, 2, 1, 0,-1,
		 0, 3, 7, 4,-1,
		 4, 7, 3, 0,-1,
		 1, 0, 4, 5,-1,
		 5, 4, 0, 1,-1,
		 2, 1, 5, 6,-1,
		 6, 5, 1, 2,-1,
		 3, 2, 6, 7,-1,
		 7, 6, 2, 3,-1,
		 7, 6, 5, 4,-1,
		 4, 5, 6, 7,-1,
		]
	} #IndexedFaceSet
} #Polyhedron
Separator { #Polyhedron
	DEF COORD166 Coordinate3 {
		point [
		 2.8448 0.3810 -2.5908,
		 2.8956 0.3810 -2.5908,
		 2.8956 0.3810 -2.5400,
		 2.8448 0.3810 -2.5400,
		 2.8448 0.0000 -2.5908,
		 2.8956 0.0000 -2.5908,
		 2.8956 0.0000 -2.5400,
		 2.8448 0.0000 -2.5400
		]
	} #Coordinate3
	Material {
		ambientColor      0.2500 0.2500 0.2500  #ambientColor
		diffuseColor      1.0000 1.0000 1.0000  #diffuseColor
		transparency      0.0000                #transparency
	} #Material

	IndexedFaceSet {
		coordIndex [ 
		 0, 1, 2, 3,-1,
		 3, 2, 1, 0,-1,
		 0, 3, 7, 4,-1,
		 4, 7, 3, 0,-1,
		 1, 0, 4, 5,-1,
		 5, 4, 0, 1,-1,
		 2, 1, 5, 6,-1,
		 6, 5, 1, 2,-1,
		 3, 2, 6, 7,-1,
		 7, 6, 2, 3,-1,
		 7, 6, 5, 4,-1,
		 4, 5, 6, 7,-1,
		]
	} #IndexedFaceSet
} #Polyhedron
Separator { #Polyhedron
	DEF COORD167 Coordinate3 {
		point [
		 2.8448 0.3810 -4.4704,
		 2.8956 0.3810 -4.4704,
		 2.8956 0.3810 -4.4196,
		 2.8448 0.3810 -4.4196,
		 2.8448 0.0000 -4.4704,
		 2.8956 0.0000 -4.4704,
		 2.8956 0.0000 -4.4196,
		 2.8448 0.0000 -4.4196
		]
	} #Coordinate3
	Material {
		ambientColor      0.2500 0.2500 0.2500  #ambientColor
		diffuseColor      1.0000 1.0000 1.0000  #diffuseColor
		transparency      0.0000                #transparency
	} #Material

	IndexedFaceSet {
		coordIndex [ 
		 0, 1, 2, 3,-1,
		 3, 2, 1, 0,-1,
		 0, 3, 7, 4,-1,
		 4, 7, 3, 0,-1,
		 1, 0, 4, 5,-1,
		 5, 4, 0, 1,-1,
		 2, 1, 5, 6,-1,
		 6, 5, 1, 2,-1,
		 3, 2, 6, 7,-1,
		 7, 6, 2, 3,-1,
		 7, 6, 5, 4,-1,
		 4, 5, 6, 7,-1,
		]
	} #IndexedFaceSet
} #Polyhedron
Separator { #Polyhedron
	DEF COORD168 Coordinate3 {
		point [
		 3.4544 0.3810 -4.4196,
		 3.4036 0.3810 -4.4196,
		 3.4036 0.3810 -4.4704,
		 3.4544 0.3810 -4.4704,
		 3.4544 0.0000 -4.4196,
		 3.4036 0.0000 -4.4196,
		 3.4036 0.0000 -4.4704,
		 3.4544 0.0000 -4.4704
		]
	} #Coordinate3
	Material {
		ambientColor      0.2500 0.2500 0.2500  #ambientColor
		diffuseColor      1.0000 1.0000 1.0000  #diffuseColor
		transparency      0.0000                #transparency
	} #Material

	IndexedFaceSet {
		coordIndex [ 
		 0, 1, 2, 3,-1,
		 3, 2, 1, 0,-1,
		 0, 3, 7, 4,-1,
		 4, 7, 3, 0,-1,
		 1, 0, 4, 5,-1,
		 5, 4, 0, 1,-1,
		 2, 1, 5, 6,-1,
		 6, 5, 1, 2,-1,
		 3, 2, 6, 7,-1,
		 7, 6, 2, 3,-1,
		 7, 6, 5, 4,-1,
		 4, 5, 6, 7,-1,
		]
	} #IndexedFaceSet
} #Polyhedron
Separator { #Polyhedron
	DEF COORD169 Coordinate3 {
		point [
		 1.5748 0.7874 -5.7912,
		 1.5748 0.7874 -6.0452,
		 1.8288 0.7874 -6.0452,
		 1.8288 0.7874 -5.7912,
		 1.5748 0.0000 -5.7912,
		 1.5748 0.0000 -6.0452,
		 1.8288 0.0000 -6.0452,
		 1.8288 0.0000 -5.7912
		]
	} #Coordinate3
	Material {
		ambientColor      0.2500 0.2500 0.2500  #ambientColor
		diffuseColor      1.0000 1.0000 1.0000  #diffuseColor
		transparency      0.0000                #transparency
	} #Material

	IndexedFaceSet {
		coordIndex [ 
		 0, 1, 2, 3,-1,
		 3, 2, 1, 0,-1,
		 0, 3, 7, 4,-1,
		 4, 7, 3, 0,-1,
		 1, 0, 4, 5,-1,
		 5, 4, 0, 1,-1,
		 2, 1, 5, 6,-1,
		 6, 5, 1, 2,-1,
		 3, 2, 6, 7,-1,
		 7, 6, 2, 3,-1,
		 7, 6, 5, 4,-1,
		 4, 5, 6, 7,-1,
		]
	} #IndexedFaceSet
} #Polyhedron
Separator { #Polyhedron
	DEF COORD170 Coordinate3 {
		point [
		 1.7504 1.3208 -6.0355,
		 1.7916 1.3208 -6.0080,
		 1.8191 1.3208 -5.9668,
		 1.8288 1.3208 -5.9182,
		 1.8191 1.3208 -5.8696,
		 1.7916 1.3208 -5.8284,
		 1.7504 1.3208 -5.8009,
		 1.7018 1.3208 -5.7912,
		 1.6532 1.3208 -5.8009,
		 1.6120 1.3208 -5.8284,
		 1.5845 1.3208 -5.8696,
		 1.5748 1.3208 -5.9182,
		 1.5845 1.3208 -5.9668,
		 1.6120 1.3208 -6.0080,
		 1.6532 1.3208 -6.0355,
		 1.7018 1.3208 -6.0452,
		 1.7504 1.2954 -6.0355,
		 1.7916 1.2954 -6.0080,
		 1.8191 1.2954 -5.9668,
		 1.8288 1.2954 -5.9182,
		 1.8191 1.2954 -5.8696,
		 1.7916 1.2954 -5.8284,
		 1.7504 1.2954 -5.8009,
		 1.7018 1.2954 -5.7912,
		 1.6532 1.2954 -5.8009,
		 1.6120 1.2954 -5.8284,
		 1.5845 1.2954 -5.8696,
		 1.5748 1.2954 -5.9182,
		 1.5845 1.2954 -5.9668,
		 1.6120 1.2954 -6.0080,
		 1.6532 1.2954 -6.0355,
		 1.7018 1.2954 -6.0452
		]
	} #Coordinate3
	Material {
		ambientColor      0.1000 0.2000 0.2500  #ambientColor
		diffuseColor      0.4000 0.8000 1.0000  #diffuseColor
		transparency      0.0000                #transparency
	} #Material

	IndexedFaceSet {
		coordIndex [ 
		 0, 1, 2, 3, 4, 5, 6, 7, 8, 9, 10, 11, 12, 13, 14, 15,-1,
		 15, 14, 13, 12, 11, 10, 9, 8, 7, 6, 5, 4, 3, 2, 1, 0,-1,
		 0, 15, 31, 16,-1,
		 16, 31, 15, 0,-1,
		 1, 0, 16, 17,-1,
		 17, 16, 0, 1,-1,
		 2, 1, 17, 18,-1,
		 18, 17, 1, 2,-1,
		 3, 2, 18, 19,-1,
		 19, 18, 2, 3,-1,
		 4, 3, 19, 20,-1,
		 20, 19, 3, 4,-1,
		 5, 4, 20, 21,-1,
		 21, 20, 4, 5,-1,
		 6, 5, 21, 22,-1,
		 22, 21, 5, 6,-1,
		 7, 6, 22, 23,-1,
		 23, 22, 6, 7,-1,
		 8, 7, 23, 24,-1,
		 24, 23, 7, 8,-1,
		 9, 8, 24, 25,-1,
		 25, 24, 8, 9,-1,
		 10, 9, 25, 26,-1,
		 26, 25, 9, 10,-1,
		 11, 10, 26, 27,-1,
		 27, 26, 10, 11,-1,
		 12, 11, 27, 28,-1,
		 28, 27, 11, 12,-1,
		 13, 12, 28, 29,-1,
		 29, 28, 12, 13,-1,
		 14, 13, 29, 30,-1,
		 30, 29, 13, 14,-1,
		 15, 14, 30, 31,-1,
		 31, 30, 14, 15,-1,
		 31, 30, 29, 28, 27, 26, 25, 24, 23, 22, 21, 20, 19, 18, 17, 16,-1,
		 16, 17, 18, 19, 20, 21, 22, 23, 24, 25, 26, 27, 28, 29, 30, 31,-1,
		]
	} #IndexedFaceSet
} #Polyhedron
Separator { #Polyhedron
	DEF COORD171 Coordinate3 {
		point [
		 1.7504 1.1684 -6.0355,
		 1.7916 1.1684 -6.0080,
		 1.8191 1.1684 -5.9668,
		 1.8288 1.1684 -5.9182,
		 1.8191 1.1684 -5.8696,
		 1.7916 1.1684 -5.8284,
		 1.7504 1.1684 -5.8009,
		 1.7018 1.1684 -5.7912,
		 1.6532 1.1684 -5.8009,
		 1.6120 1.1684 -5.8284,
		 1.5845 1.1684 -5.8696,
		 1.5748 1.1684 -5.9182,
		 1.5845 1.1684 -5.9668,
		 1.6120 1.1684 -6.0080,
		 1.6532 1.1684 -6.0355,
		 1.7018 1.1684 -6.0452,
		 1.7504 1.1430 -6.0355,
		 1.7916 1.1430 -6.0080,
		 1.8191 1.1430 -5.9668,
		 1.8288 1.1430 -5.9182,
		 1.8191 1.1430 -5.8696,
		 1.7916 1.1430 -5.8284,
		 1.7504 1.1430 -5.8009,
		 1.7018 1.1430 -5.7912,
		 1.6532 1.1430 -5.8009,
		 1.6120 1.1430 -5.8284,
		 1.5845 1.1430 -5.8696,
		 1.5748 1.1430 -5.9182,
		 1.5845 1.1430 -5.9668,
		 1.6120 1.1430 -6.0080,
		 1.6532 1.1430 -6.0355,
		 1.7018 1.1430 -6.0452
		]
	} #Coordinate3
	Material {
		ambientColor      0.1000 0.2000 0.2500  #ambientColor
		diffuseColor      0.4000 0.8000 1.0000  #diffuseColor
		transparency      0.0000                #transparency
	} #Material

	IndexedFaceSet {
		coordIndex [ 
		 0, 1, 2, 3, 4, 5, 6, 7, 8, 9, 10, 11, 12, 13, 14, 15,-1,
		 15, 14, 13, 12, 11, 10, 9, 8, 7, 6, 5, 4, 3, 2, 1, 0,-1,
		 0, 15, 31, 16,-1,
		 16, 31, 15, 0,-1,
		 1, 0, 16, 17,-1,
		 17, 16, 0, 1,-1,
		 2, 1, 17, 18,-1,
		 18, 17, 1, 2,-1,
		 3, 2, 18, 19,-1,
		 19, 18, 2, 3,-1,
		 4, 3, 19, 20,-1,
		 20, 19, 3, 4,-1,
		 5, 4, 20, 21,-1,
		 21, 20, 4, 5,-1,
		 6, 5, 21, 22,-1,
		 22, 21, 5, 6,-1,
		 7, 6, 22, 23,-1,
		 23, 22, 6, 7,-1,
		 8, 7, 23, 24,-1,
		 24, 23, 7, 8,-1,
		 9, 8, 24, 25,-1,
		 25, 24, 8, 9,-1,
		 10, 9, 25, 26,-1,
		 26, 25, 9, 10,-1,
		 11, 10, 26, 27,-1,
		 27, 26, 10, 11,-1,
		 12, 11, 27, 28,-1,
		 28, 27, 11, 12,-1,
		 13, 12, 28, 29,-1,
		 29, 28, 12, 13,-1,
		 14, 13, 29, 30,-1,
		 30, 29, 13, 14,-1,
		 15, 14, 30, 31,-1,
		 31, 30, 14, 15,-1,
		 31, 30, 29, 28, 27, 26, 25, 24, 23, 22, 21, 20, 19, 18, 17, 16,-1,
		 16, 17, 18, 19, 20, 21, 22, 23, 24, 25, 26, 27, 28, 29, 30, 31,-1,
		]
	} #IndexedFaceSet
} #Polyhedron
Separator { #Polyhedron
	DEF COORD172 Coordinate3 {
		point [
		 1.7455 1.2954 -6.0238,
		 1.7826 1.2954 -5.9990,
		 1.8074 1.2954 -5.9620,
		 1.8161 1.2954 -5.9182,
		 1.8074 1.2954 -5.8745,
		 1.7826 1.2954 -5.8374,
		 1.7455 1.2954 -5.8126,
		 1.7018 1.2954 -5.8039,
		 1.6581 1.2954 -5.8126,
		 1.6210 1.2954 -5.8374,
		 1.5962 1.2954 -5.8745,
		 1.5875 1.2954 -5.9182,
		 1.5962 1.2954 -5.9620,
		 1.6210 1.2954 -5.9990,
		 1.6581 1.2954 -6.0238,
		 1.7018 1.2954 -6.0325,
		 1.7455 1.1684 -6.0238,
		 1.7826 1.1684 -5.9990,
		 1.8074 1.1684 -5.9620,
		 1.8161 1.1684 -5.9182,
		 1.8074 1.1684 -5.8745,
		 1.7826 1.1684 -5.8374,
		 1.7455 1.1684 -5.8126,
		 1.7018 1.1684 -5.8039,
		 1.6581 1.1684 -5.8126,
		 1.6210 1.1684 -5.8374,
		 1.5962 1.1684 -5.8745,
		 1.5875 1.1684 -5.9182,
		 1.5962 1.1684 -5.9620,
		 1.6210 1.1684 -5.9990,
		 1.6581 1.1684 -6.0238,
		 1.7018 1.1684 -6.0325
		]
	} #Coordinate3
	Material {
		ambientColor      0.1000 0.2000 0.2500  #ambientColor
		diffuseColor      0.4000 0.8000 1.0000  #diffuseColor
		transparency      0.0000                #transparency
	} #Material

	IndexedFaceSet {
		coordIndex [ 
		 0, 1, 2, 3, 4, 5, 6, 7, 8, 9, 10, 11, 12, 13, 14, 15,-1,
		 15, 14, 13, 12, 11, 10, 9, 8, 7, 6, 5, 4, 3, 2, 1, 0,-1,
		 0, 15, 31, 16,-1,
		 16, 31, 15, 0,-1,
		 1, 0, 16, 17,-1,
		 17, 16, 0, 1,-1,
		 2, 1, 17, 18,-1,
		 18, 17, 1, 2,-1,
		 3, 2, 18, 19,-1,
		 19, 18, 2, 3,-1,
		 4, 3, 19, 20,-1,
		 20, 19, 3, 4,-1,
		 5, 4, 20, 21,-1,
		 21, 20, 4, 5,-1,
		 6, 5, 21, 22,-1,
		 22, 21, 5, 6,-1,
		 7, 6, 22, 23,-1,
		 23, 22, 6, 7,-1,
		 8, 7, 23, 24,-1,
		 24, 23, 7, 8,-1,
		 9, 8, 24, 25,-1,
		 25, 24, 8, 9,-1,
		 10, 9, 25, 26,-1,
		 26, 25, 9, 10,-1,
		 11, 10, 26, 27,-1,
		 27, 26, 10, 11,-1,
		 12, 11, 27, 28,-1,
		 28, 27, 11, 12,-1,
		 13, 12, 28, 29,-1,
		 29, 28, 12, 13,-1,
		 14, 13, 29, 30,-1,
		 30, 29, 13, 14,-1,
		 15, 14, 30, 31,-1,
		 31, 30, 14, 15,-1,
		 31, 30, 29, 28, 27, 26, 25, 24, 23, 22, 21, 20, 19, 18, 17, 16,-1,
		 16, 17, 18, 19, 20, 21, 22, 23, 24, 25, 26, 27, 28, 29, 30, 31,-1,
		]
	} #IndexedFaceSet
} #Polyhedron
Separator { #Polyhedron
	DEF COORD173 Coordinate3 {
		point [
		 1.7455 1.1430 -6.0238,
		 1.7826 1.1430 -5.9990,
		 1.8074 1.1430 -5.9620,
		 1.8161 1.1430 -5.9182,
		 1.8074 1.1430 -5.8745,
		 1.7826 1.1430 -5.8374,
		 1.7455 1.1430 -5.8126,
		 1.7018 1.1430 -5.8039,
		 1.6581 1.1430 -5.8126,
		 1.6210 1.1430 -5.8374,
		 1.5962 1.1430 -5.8745,
		 1.5875 1.1430 -5.9182,
		 1.5962 1.1430 -5.9620,
		 1.6210 1.1430 -5.9990,
		 1.6581 1.1430 -6.0238,
		 1.7018 1.1430 -6.0325,
		 1.7455 1.0160 -6.0238,
		 1.7826 1.0160 -5.9990,
		 1.8074 1.0160 -5.9620,
		 1.8161 1.0160 -5.9182,
		 1.8074 1.0160 -5.8745,
		 1.7826 1.0160 -5.8374,
		 1.7455 1.0160 -5.8126,
		 1.7018 1.0160 -5.8039,
		 1.6581 1.0160 -5.8126,
		 1.6210 1.0160 -5.8374,
		 1.5962 1.0160 -5.8745,
		 1.5875 1.0160 -5.9182,
		 1.5962 1.0160 -5.9620,
		 1.6210 1.0160 -5.9990,
		 1.6581 1.0160 -6.0238,
		 1.7018 1.0160 -6.0325
		]
	} #Coordinate3
	Material {
		ambientColor      0.1000 0.2000 0.2500  #ambientColor
		diffuseColor      0.4000 0.8000 1.0000  #diffuseColor
		transparency      0.0000                #transparency
	} #Material

	IndexedFaceSet {
		coordIndex [ 
		 0, 1, 2, 3, 4, 5, 6, 7, 8, 9, 10, 11, 12, 13, 14, 15,-1,
		 15, 14, 13, 12, 11, 10, 9, 8, 7, 6, 5, 4, 3, 2, 1, 0,-1,
		 0, 15, 31, 16,-1,
		 16, 31, 15, 0,-1,
		 1, 0, 16, 17,-1,
		 17, 16, 0, 1,-1,
		 2, 1, 17, 18,-1,
		 18, 17, 1, 2,-1,
		 3, 2, 18, 19,-1,
		 19, 18, 2, 3,-1,
		 4, 3, 19, 20,-1,
		 20, 19, 3, 4,-1,
		 5, 4, 20, 21,-1,
		 21, 20, 4, 5,-1,
		 6, 5, 21, 22,-1,
		 22, 21, 5, 6,-1,
		 7, 6, 22, 23,-1,
		 23, 22, 6, 7,-1,
		 8, 7, 23, 24,-1,
		 24, 23, 7, 8,-1,
		 9, 8, 24, 25,-1,
		 25, 24, 8, 9,-1,
		 10, 9, 25, 26,-1,
		 26, 25, 9, 10,-1,
		 11, 10, 26, 27,-1,
		 27, 26, 10, 11,-1,
		 12, 11, 27, 28,-1,
		 28, 27, 11, 12,-1,
		 13, 12, 28, 29,-1,
		 29, 28, 12, 13,-1,
		 14, 13, 29, 30,-1,
		 30, 29, 13, 14,-1,
		 15, 14, 30, 31,-1,
		 31, 30, 14, 15,-1,
		 31, 30, 29, 28, 27, 26, 25, 24, 23, 22, 21, 20, 19, 18, 17, 16,-1,
		 16, 17, 18, 19, 20, 21, 22, 23, 24, 25, 26, 27, 28, 29, 30, 31,-1,
		]
	} #IndexedFaceSet
} #Polyhedron
Separator { #Polyhedron
	DEF COORD174 Coordinate3 {
		point [
		 1.7504 1.0160 -6.0355,
		 1.7916 1.0160 -6.0080,
		 1.8191 1.0160 -5.9668,
		 1.8288 1.0160 -5.9182,
		 1.8191 1.0160 -5.8696,
		 1.7916 1.0160 -5.8284,
		 1.7504 1.0160 -5.8009,
		 1.7018 1.0160 -5.7912,
		 1.6532 1.0160 -5.8009,
		 1.6120 1.0160 -5.8284,
		 1.5845 1.0160 -5.8696,
		 1.5748 1.0160 -5.9182,
		 1.5845 1.0160 -5.9668,
		 1.6120 1.0160 -6.0080,
		 1.6532 1.0160 -6.0355,
		 1.7018 1.0160 -6.0452,
		 1.7504 0.9906 -6.0355,
		 1.7916 0.9906 -6.0080,
		 1.8191 0.9906 -5.9668,
		 1.8288 0.9906 -5.9182,
		 1.8191 0.9906 -5.8696,
		 1.7916 0.9906 -5.8284,
		 1.7504 0.9906 -5.8009,
		 1.7018 0.9906 -5.7912,
		 1.6532 0.9906 -5.8009,
		 1.6120 0.9906 -5.8284,
		 1.5845 0.9906 -5.8696,
		 1.5748 0.9906 -5.9182,
		 1.5845 0.9906 -5.9668,
		 1.6120 0.9906 -6.0080,
		 1.6532 0.9906 -6.0355,
		 1.7018 0.9906 -6.0452
		]
	} #Coordinate3
	Material {
		ambientColor      0.1000 0.2000 0.2500  #ambientColor
		diffuseColor      0.4000 0.8000 1.0000  #diffuseColor
		transparency      0.0000                #transparency
	} #Material

	IndexedFaceSet {
		coordIndex [ 
		 0, 1, 2, 3, 4, 5, 6, 7, 8, 9, 10, 11, 12, 13, 14, 15,-1,
		 15, 14, 13, 12, 11, 10, 9, 8, 7, 6, 5, 4, 3, 2, 1, 0,-1,
		 0, 15, 31, 16,-1,
		 16, 31, 15, 0,-1,
		 1, 0, 16, 17,-1,
		 17, 16, 0, 1,-1,
		 2, 1, 17, 18,-1,
		 18, 17, 1, 2,-1,
		 3, 2, 18, 19,-1,
		 19, 18, 2, 3,-1,
		 4, 3, 19, 20,-1,
		 20, 19, 3, 4,-1,
		 5, 4, 20, 21,-1,
		 21, 20, 4, 5,-1,
		 6, 5, 21, 22,-1,
		 22, 21, 5, 6,-1,
		 7, 6, 22, 23,-1,
		 23, 22, 6, 7,-1,
		 8, 7, 23, 24,-1,
		 24, 23, 7, 8,-1,
		 9, 8, 24, 25,-1,
		 25, 24, 8, 9,-1,
		 10, 9, 25, 26,-1,
		 26, 25, 9, 10,-1,
		 11, 10, 26, 27,-1,
		 27, 26, 10, 11,-1,
		 12, 11, 27, 28,-1,
		 28, 27, 11, 12,-1,
		 13, 12, 28, 29,-1,
		 29, 28, 12, 13,-1,
		 14, 13, 29, 30,-1,
		 30, 29, 13, 14,-1,
		 15, 14, 30, 31,-1,
		 31, 30, 14, 15,-1,
		 31, 30, 29, 28, 27, 26, 25, 24, 23, 22, 21, 20, 19, 18, 17, 16,-1,
		 16, 17, 18, 19, 20, 21, 22, 23, 24, 25, 26, 27, 28, 29, 30, 31,-1,
		]
	} #IndexedFaceSet
} #Polyhedron
Separator { #Polyhedron
	DEF COORD175 Coordinate3 {
		point [
		 1.8288 0.9906 -6.0452,
		 1.8288 0.9906 -5.7912,
		 1.5748 0.9906 -5.7912,
		 1.5748 0.9906 -6.0452,
		 1.8288 0.9144 -6.0452,
		 1.8288 0.9144 -5.7912,
		 1.5748 0.9144 -5.7912,
		 1.5748 0.9144 -6.0452
		]
	} #Coordinate3
	Material {
		ambientColor      0.2500 0.2500 0.2500  #ambientColor
		diffuseColor      1.0000 1.0000 1.0000  #diffuseColor
		transparency      0.0000                #transparency
	} #Material

	IndexedFaceSet {
		coordIndex [ 
		 0, 1, 2, 3,-1,
		 3, 2, 1, 0,-1,
		 0, 3, 7, 4,-1,
		 4, 7, 3, 0,-1,
		 1, 0, 4, 5,-1,
		 5, 4, 0, 1,-1,
		 2, 1, 5, 6,-1,
		 6, 5, 1, 2,-1,
		 3, 2, 6, 7,-1,
		 7, 6, 2, 3,-1,
		 7, 6, 5, 4,-1,
		 4, 5, 6, 7,-1,
		]
	} #IndexedFaceSet
} #Polyhedron
Separator { #Polyhedron
	DEF COORD176 Coordinate3 {
		point [
		 1.8288 0.9144 -6.0452,
		 1.8288 0.9144 -6.0452,
		 1.5748 0.9144 -6.0452,
		 1.5748 0.9144 -6.0452,
		 1.8288 0.7874 -6.0452,
		 1.8288 0.7874 -6.0452,
		 1.5748 0.7874 -6.0452,
		 1.5748 0.7874 -6.0452
		]
	} #Coordinate3
	Material {
		ambientColor      0.2500 0.2500 0.2500  #ambientColor
		diffuseColor      1.0000 1.0000 1.0000  #diffuseColor
		transparency      0.0000                #transparency
	} #Material

	IndexedFaceSet {
		coordIndex [ 
		 0, 3, 7, 4,-1,
		 4, 7, 3, 0,-1,
		 2, 1, 5, 6,-1,
		 6, 5, 1, 2,-1,
		]
	} #IndexedFaceSet
} #Polyhedron
Separator { #Polyhedron
	DEF COORD177 Coordinate3 {
		point [
		 1.7399 0.9144 -5.9436,
		 1.7399 0.9144 -5.8801,
		 1.6637 0.9144 -5.8801,
		 1.6637 0.9144 -5.9436,
		 1.7399 0.8890 -5.9436,
		 1.7399 0.8890 -5.8801,
		 1.6637 0.8890 -5.8801,
		 1.6637 0.8890 -5.9436
		]
	} #Coordinate3
	Material {
		ambientColor      0.2500 0.2500 0.2500  #ambientColor
		diffuseColor      1.0000 1.0000 1.0000  #diffuseColor
		transparency      0.0000                #transparency
	} #Material

	IndexedFaceSet {
		coordIndex [ 
		 0, 1, 2, 3,-1,
		 3, 2, 1, 0,-1,
		 0, 3, 7, 4,-1,
		 4, 7, 3, 0,-1,
		 1, 0, 4, 5,-1,
		 5, 4, 0, 1,-1,
		 2, 1, 5, 6,-1,
		 6, 5, 1, 2,-1,
		 3, 2, 6, 7,-1,
		 7, 6, 2, 3,-1,
		 7, 6, 5, 4,-1,
		 4, 5, 6, 7,-1,
		]
	} #IndexedFaceSet
} #Polyhedron
Separator { #Polyhedron
	DEF COORD178 Coordinate3 {
		point [
		 1.7067 0.8890 -5.9172,
		 1.7108 0.8890 -5.9145,
		 1.7135 0.8890 -5.9104,
		 1.7145 0.8890 -5.9055,
		 1.7135 0.8890 -5.9007,
		 1.7108 0.8890 -5.8965,
		 1.7067 0.8890 -5.8938,
		 1.7018 0.8890 -5.8928,
		 1.6969 0.8890 -5.8938,
		 1.6928 0.8890 -5.8965,
		 1.6901 0.8890 -5.9007,
		 1.6891 0.8890 -5.9055,
		 1.6901 0.8890 -5.9104,
		 1.6928 0.8890 -5.9145,
		 1.6969 0.8890 -5.9172,
		 1.7018 0.8890 -5.9182,
		 1.7067 0.8636 -5.9172,
		 1.7108 0.8636 -5.9145,
		 1.7135 0.8636 -5.9104,
		 1.7145 0.8636 -5.9055,
		 1.7135 0.8636 -5.9007,
		 1.7108 0.8636 -5.8965,
		 1.7067 0.8636 -5.8938,
		 1.7018 0.8636 -5.8928,
		 1.6969 0.8636 -5.8938,
		 1.6928 0.8636 -5.8965,
		 1.6901 0.8636 -5.9007,
		 1.6891 0.8636 -5.9055,
		 1.6901 0.8636 -5.9104,
		 1.6928 0.8636 -5.9145,
		 1.6969 0.8636 -5.9172,
		 1.7018 0.8636 -5.9182
		]
	} #Coordinate3
	Material {
		ambientColor      0.2500 0.2500 0.2500  #ambientColor
		diffuseColor      1.0000 1.0000 1.0000  #diffuseColor
		transparency      0.0000                #transparency
	} #Material

	IndexedFaceSet {
		coordIndex [ 
		 0, 1, 2, 3, 4, 5, 6, 7, 8, 9, 10, 11, 12, 13, 14, 15,-1,
		 15, 14, 13, 12, 11, 10, 9, 8, 7, 6, 5, 4, 3, 2, 1, 0,-1,
		 0, 15, 31, 16,-1,
		 16, 31, 15, 0,-1,
		 1, 0, 16, 17,-1,
		 17, 16, 0, 1,-1,
		 2, 1, 17, 18,-1,
		 18, 17, 1, 2,-1,
		 3, 2, 18, 19,-1,
		 19, 18, 2, 3,-1,
		 4, 3, 19, 20,-1,
		 20, 19, 3, 4,-1,
		 5, 4, 20, 21,-1,
		 21, 20, 4, 5,-1,
		 6, 5, 21, 22,-1,
		 22, 21, 5, 6,-1,
		 7, 6, 22, 23,-1,
		 23, 22, 6, 7,-1,
		 8, 7, 23, 24,-1,
		 24, 23, 7, 8,-1,
		 9, 8, 24, 25,-1,
		 25, 24, 8, 9,-1,
		 10, 9, 25, 26,-1,
		 26, 25, 9, 10,-1,
		 11, 10, 26, 27,-1,
		 27, 26, 10, 11,-1,
		 12, 11, 27, 28,-1,
		 28, 27, 11, 12,-1,
		 13, 12, 28, 29,-1,
		 29, 28, 12, 13,-1,
		 14, 13, 29, 30,-1,
		 30, 29, 13, 14,-1,
		 15, 14, 30, 31,-1,
		 31, 30, 14, 15,-1,
		 31, 30, 29, 28, 27, 26, 25, 24, 23, 22, 21, 20, 19, 18, 17, 16,-1,
		 16, 17, 18, 19, 20, 21, 22, 23, 24, 25, 26, 27, 28, 29, 30, 31,-1,
		]
	} #IndexedFaceSet
} #Polyhedron
Separator { #Polyhedron
	DEF COORD179 Coordinate3 {
		point [
		 1.6764 0.9081 -5.8801,
		 1.6764 0.8954 -5.8801,
		 1.6891 0.8954 -5.8801,
		 1.6891 0.9081 -5.8801,
		 1.6764 0.9081 -5.8674,
		 1.6764 0.8954 -5.8674,
		 1.6891 0.8954 -5.8674,
		 1.6891 0.9081 -5.8674
		]
	} #Coordinate3
	Material {
		ambientColor      0.1735 0.1735 0.1735  #ambientColor
		diffuseColor      0.6941 0.6941 0.6941  #diffuseColor
		transparency      0.0000                #transparency
	} #Material

	IndexedFaceSet {
		coordIndex [ 
		 0, 1, 2, 3,-1,
		 3, 2, 1, 0,-1,
		 0, 3, 7, 4,-1,
		 4, 7, 3, 0,-1,
		 1, 0, 4, 5,-1,
		 5, 4, 0, 1,-1,
		 2, 1, 5, 6,-1,
		 6, 5, 1, 2,-1,
		 3, 2, 6, 7,-1,
		 7, 6, 2, 3,-1,
		 7, 6, 5, 4,-1,
		 4, 5, 6, 7,-1,
		]
	} #IndexedFaceSet
} #Polyhedron
Separator { #Polyhedron
	DEF COORD180 Coordinate3 {
		point [
		 1.7145 0.9081 -5.8801,
		 1.7145 0.8954 -5.8801,
		 1.7272 0.8954 -5.8801,
		 1.7272 0.9081 -5.8801,
		 1.7145 0.9081 -5.8674,
		 1.7145 0.8954 -5.8674,
		 1.7272 0.8954 -5.8674,
		 1.7272 0.9081 -5.8674
		]
	} #Coordinate3
	Material {
		ambientColor      0.1735 0.1735 0.1735  #ambientColor
		diffuseColor      0.6941 0.6941 0.6941  #diffuseColor
		transparency      0.0000                #transparency
	} #Material

	IndexedFaceSet {
		coordIndex [ 
		 0, 1, 2, 3,-1,
		 3, 2, 1, 0,-1,
		 0, 3, 7, 4,-1,
		 4, 7, 3, 0,-1,
		 1, 0, 4, 5,-1,
		 5, 4, 0, 1,-1,
		 2, 1, 5, 6,-1,
		 6, 5, 1, 2,-1,
		 3, 2, 6, 7,-1,
		 7, 6, 2, 3,-1,
		 7, 6, 5, 4,-1,
		 4, 5, 6, 7,-1,
		]
	} #IndexedFaceSet
} #Polyhedron
Separator { #Polyhedron
	DEF COORD181 Coordinate3 {
		point [
		 -0.9144 2.1336 -6.0960,
		 -0.9144 0.0000 -6.0960,
		 0.0000 0.0000 -6.0960,
		 0.0000 2.1336 -6.0960,
		 -0.9144 2.1336 -6.0452,
		 -0.9144 0.0000 -6.0452,
		 0.0000 0.0000 -6.0452,
		 0.0000 2.1336 -6.0452
		]
	} #Coordinate3
	Material {
		ambientColor      0.1735 0.1735 0.1735  #ambientColor
		diffuseColor      0.6941 0.6941 0.6941  #diffuseColor
		transparency      0.0000                #transparency
	} #Material

	IndexedFaceSet {
		coordIndex [ 
		 0, 1, 2, 3,-1,
		 3, 2, 1, 0,-1,
		 0, 3, 7, 4,-1,
		 4, 7, 3, 0,-1,
		 1, 0, 4, 5,-1,
		 5, 4, 0, 1,-1,
		 2, 1, 5, 6,-1,
		 6, 5, 1, 2,-1,
		 3, 2, 6, 7,-1,
		 7, 6, 2, 3,-1,
		 7, 6, 5, 4,-1,
		 4, 5, 6, 7,-1,
		]
	} #IndexedFaceSet
} #Polyhedron
Separator { #Polyhedron
	DEF COORD182 Coordinate3 {
		point [
		 -0.1397 0.9144 -6.0452,
		 -0.1397 0.9449 -6.0363,
		 -0.1514 0.9426 -6.0363,
		 -0.1613 0.9360 -6.0363,
		 -0.1679 0.9261 -6.0363,
		 -0.1702 0.9144 -6.0363,
		 -0.1679 0.9027 -6.0363,
		 -0.1613 0.8928 -6.0363,
		 -0.1514 0.8862 -6.0363,
		 -0.1397 0.8839 -6.0363,
		 -0.1280 0.8862 -6.0363,
		 -0.1181 0.8928 -6.0363,
		 -0.1115 0.9027 -6.0363,
		 -0.1092 0.9144 -6.0363,
		 -0.1115 0.9261 -6.0363,
		 -0.1181 0.9360 -6.0363,
		 -0.1280 0.9426 -6.0363,
		 -0.1397 0.9550 -6.0274,
		 -0.1553 0.9519 -6.0274,
		 -0.1684 0.9431 -6.0274,
		 -0.1772 0.9300 -6.0274,
		 -0.1803 0.9144 -6.0274,
		 -0.1772 0.8988 -6.0274,
		 -0.1684 0.8857 -6.0274,
		 -0.1553 0.8769 -6.0274,
		 -0.1397 0.8738 -6.0274,
		 -0.1241 0.8769 -6.0274,
		 -0.1110 0.8857 -6.0274,
		 -0.1022 0.8988 -6.0274,
		 -0.0991 0.9144 -6.0274,
		 -0.1022 0.9300 -6.0274,
		 -0.1110 0.9431 -6.0274,
		 -0.1241 0.9519 -6.0274,
		 -0.1397 0.9610 -6.0185,
		 -0.1575 0.9574 -6.0185,
		 -0.1726 0.9473 -6.0185,
		 -0.1827 0.9322 -6.0185,
		 -0.1863 0.9144 -6.0185,
		 -0.1827 0.8966 -6.0185,
		 -0.1726 0.8815 -6.0185,
		 -0.1575 0.8714 -6.0185,
		 -0.1397 0.8678 -6.0185,
		 -0.1219 0.8714 -6.0185,
		 -0.1068 0.8815 -6.0185,
		 -0.0967 0.8966 -6.0185,
		 -0.0931 0.9144 -6.0185,
		 -0.0967 0.9322 -6.0185,
		 -0.1068 0.9473 -6.0185,
		 -0.1219 0.9574 -6.0185,
		 -0.1397 0.9642 -6.0097,
		 -0.1587 0.9604 -6.0097,
		 -0.1749 0.9496 -6.0097,
		 -0.1857 0.9334 -6.0097,
		 -0.1895 0.9144 -6.0097,
		 -0.1857 0.8954 -6.0097,
		 -0.1749 0.8792 -6.0097,
		 -0.1587 0.8684 -6.0097,
		 -0.1397 0.8646 -6.0097,
		 -0.1207 0.8684 -6.0097,
		 -0.1045 0.8792 -6.0097,
		 -0.0937 0.8954 -6.0097,
		 -0.0899 0.9144 -6.0097,
		 -0.0937 0.9334 -6.0097,
		 -0.1045 0.9496 -6.0097,
		 -0.1207 0.9604 -6.0097,
		 -0.1397 0.9652 -6.0008,
		 -0.1591 0.9613 -6.0008,
		 -0.1756 0.9503 -6.0008,
		 -0.1866 0.9338 -6.0008,
		 -0.1905 0.9144 -6.0008,
		 -0.1866 0.8950 -6.0008,
		 -0.1756 0.8785 -6.0008,
		 -0.1591 0.8675 -6.0008,
		 -0.1397 0.8636 -6.0008,
		 -0.1203 0.8675 -6.0008,
		 -0.1038 0.8785 -6.0008,
		 -0.0928 0.8950 -6.0008,
		 -0.0889 0.9144 -6.0008,
		 -0.0928 0.9338 -6.0008,
		 -0.1038 0.9503 -6.0008,
		 -0.1203 0.9613 -6.0008,
		 -0.1397 0.9642 -5.9919,
		 -0.1587 0.9604 -5.9919,
		 -0.1749 0.9496 -5.9919,
		 -0.1857 0.9334 -5.9919,
		 -0.1895 0.9144 -5.9919,
		 -0.1857 0.8954 -5.9919,
		 -0.1749 0.8792 -5.9919,
		 -0.1587 0.8684 -5.9919,
		 -0.1397 0.8646 -5.9919,
		 -0.1207 0.8684 -5.9919,
		 -0.1045 0.8792 -5.9919,
		 -0.0937 0.8954 -5.9919,
		 -0.0899 0.9144 -5.9919,
		 -0.0937 0.9334 -5.9919,
		 -0.1045 0.9496 -5.9919,
		 -0.1207 0.9604 -5.9919,
		 -0.1397 0.9610 -5.9830,
		 -0.1575 0.9574 -5.9830,
		 -0.1726 0.9473 -5.9830,
		 -0.1827 0.9322 -5.9830,
		 -0.1863 0.9144 -5.9830,
		 -0.1827 0.8966 -5.9830,
		 -0.1726 0.8815 -5.9830,
		 -0.1575 0.8714 -5.9830,
		 -0.1397 0.8678 -5.9830,
		 -0.1219 0.8714 -5.9830,
		 -0.1068 0.8815 -5.9830,
		 -0.0967 0.8966 -5.9830,
		 -0.0931 0.9144 -5.9830,
		 -0.0967 0.9322 -5.9830,
		 -0.1068 0.9473 -5.9830,
		 -0.1219 0.9574 -5.9830,
		 -0.1397 0.9550 -5.9741,
		 -0.1553 0.9519 -5.9741,
		 -0.1684 0.9431 -5.9741,
		 -0.1772 0.9300 -5.9741,
		 -0.1803 0.9144 -5.9741,
		 -0.1772 0.8988 -5.9741,
		 -0.1684 0.8857 -5.9741,
		 -0.1553 0.8769 -5.9741,
		 -0.1397 0.8738 -5.9741,
		 -0.1241 0.8769 -5.9741,
		 -0.1110 0.8857 -5.9741,
		 -0.1022 0.8988 -5.9741,
		 -0.0991 0.9144 -5.9741,
		 -0.1022 0.9300 -5.9741,
		 -0.1110 0.9431 -5.9741,
		 -0.1241 0.9519 -5.9741,
		 -0.1397 0.9449 -5.9652,
		 -0.1514 0.9426 -5.9652,
		 -0.1613 0.9360 -5.9652,
		 -0.1679 0.9261 -5.9652,
		 -0.1702 0.9144 -5.9652,
		 -0.1679 0.9027 -5.9652,
		 -0.1613 0.8928 -5.9652,
		 -0.1514 0.8862 -5.9652,
		 -0.1397 0.8839 -5.9652,
		 -0.1280 0.8862 -5.9652,
		 -0.1181 0.8928 -5.9652,
		 -0.1115 0.9027 -5.9652,
		 -0.1092 0.9144 -5.9652,
		 -0.1115 0.9261 -5.9652,
		 -0.1181 0.9360 -5.9652,
		 -0.1280 0.9426 -5.9652,
		 -0.1397 0.9144 -5.9563
		]
	} #Coordinate3
	Material {
		ambientColor      0.1804 0.1804 0.1804  #ambientColor
		diffuseColor      0.7216 0.7216 0.7216  #diffuseColor
		transparency      0.0000                #transparency
	} #Material

	IndexedFaceSet {
		coordIndex [ 
		 0, 16, 1,-1,
		 1, 16, 0,-1,
		 0, 1, 2,-1,
		 2, 1, 0,-1,
		 0, 2, 3,-1,
		 3, 2, 0,-1,
		 0, 3, 4,-1,
		 4, 3, 0,-1,
		 0, 4, 5,-1,
		 5, 4, 0,-1,
		 0, 5, 6,-1,
		 6, 5, 0,-1,
		 0, 6, 7,-1,
		 7, 6, 0,-1,
		 0, 7, 8,-1,
		 8, 7, 0,-1,
		 0, 8, 9,-1,
		 9, 8, 0,-1,
		 0, 9, 10,-1,
		 10, 9, 0,-1,
		 0, 10, 11,-1,
		 11, 10, 0,-1,
		 0, 11, 12,-1,
		 12, 11, 0,-1,
		 0, 12, 13,-1,
		 13, 12, 0,-1,
		 0, 13, 14,-1,
		 14, 13, 0,-1,
		 0, 14, 15,-1,
		 15, 14, 0,-1,
		 0, 15, 16,-1,
		 16, 15, 0,-1,
		 1, 16, 32, 17,-1,
		 17, 32, 16, 1,-1,
		 2, 1, 17, 18,-1,
		 18, 17, 1, 2,-1,
		 3, 2, 18, 19,-1,
		 19, 18, 2, 3,-1,
		 4, 3, 19, 20,-1,
		 20, 19, 3, 4,-1,
		 5, 4, 20, 21,-1,
		 21, 20, 4, 5,-1,
		 6, 5, 21, 22,-1,
		 22, 21, 5, 6,-1,
		 7, 6, 22, 23,-1,
		 23, 22, 6, 7,-1,
		 8, 7, 23, 24,-1,
		 24, 23, 7, 8,-1,
		 9, 8, 24, 25,-1,
		 25, 24, 8, 9,-1,
		 10, 9, 25, 26,-1,
		 26, 25, 9, 10,-1,
		 11, 10, 26, 27,-1,
		 27, 26, 10, 11,-1,
		 12, 11, 27, 28,-1,
		 28, 27, 11, 12,-1,
		 13, 12, 28, 29,-1,
		 29, 28, 12, 13,-1,
		 14, 13, 29, 30,-1,
		 30, 29, 13, 14,-1,
		 15, 14, 30, 31,-1,
		 31, 30, 14, 15,-1,
		 16, 15, 31, 32,-1,
		 32, 31, 15, 16,-1,
		 17, 32, 48, 33,-1,
		 33, 48, 32, 17,-1,
		 18, 17, 33, 34,-1,
		 34, 33, 17, 18,-1,
		 19, 18, 34, 35,-1,
		 35, 34, 18, 19,-1,
		 20, 19, 35, 36,-1,
		 36, 35, 19, 20,-1,
		 21, 20, 36, 37,-1,
		 37, 36, 20, 21,-1,
		 22, 21, 37, 38,-1,
		 38, 37, 21, 22,-1,
		 23, 22, 38, 39,-1,
		 39, 38, 22, 23,-1,
		 24, 23, 39, 40,-1,
		 40, 39, 23, 24,-1,
		 25, 24, 40, 41,-1,
		 41, 40, 24, 25,-1,
		 26, 25, 41, 42,-1,
		 42, 41, 25, 26,-1,
		 27, 26, 42, 43,-1,
		 43, 42, 26, 27,-1,
		 28, 27, 43, 44,-1,
		 44, 43, 27, 28,-1,
		 29, 28, 44, 45,-1,
		 45, 44, 28, 29,-1,
		 30, 29, 45, 46,-1,
		 46, 45, 29, 30,-1,
		 31, 30, 46, 47,-1,
		 47, 46, 30, 31,-1,
		 32, 31, 47, 48,-1,
		 48, 47, 31, 32,-1,
		 33, 48, 64, 49,-1,
		 49, 64, 48, 33,-1,
		 34, 33, 49, 50,-1,
		 50, 49, 33, 34,-1,
		 35, 34, 50, 51,-1,
		 51, 50, 34, 35,-1,
		 36, 35, 51, 52,-1,
		 52, 51, 35, 36,-1,
		 37, 36, 52, 53,-1,
		 53, 52, 36, 37,-1,
		 38, 37, 53, 54,-1,
		 54, 53, 37, 38,-1,
		 39, 38, 54, 55,-1,
		 55, 54, 38, 39,-1,
		 40, 39, 55, 56,-1,
		 56, 55, 39, 40,-1,
		 41, 40, 56, 57,-1,
		 57, 56, 40, 41,-1,
		 42, 41, 57, 58,-1,
		 58, 57, 41, 42,-1,
		 43, 42, 58, 59,-1,
		 59, 58, 42, 43,-1,
		 44, 43, 59, 60,-1,
		 60, 59, 43, 44,-1,
		 45, 44, 60, 61,-1,
		 61, 60, 44, 45,-1,
		 46, 45, 61, 62,-1,
		 62, 61, 45, 46,-1,
		 47, 46, 62, 63,-1,
		 63, 62, 46, 47,-1,
		 48, 47, 63, 64,-1,
		 64, 63, 47, 48,-1,
		 49, 64, 80, 65,-1,
		 65, 80, 64, 49,-1,
		 50, 49, 65, 66,-1,
		 66, 65, 49, 50,-1,
		 51, 50, 66, 67,-1,
		 67, 66, 50, 51,-1,
		 52, 51, 67, 68,-1,
		 68, 67, 51, 52,-1,
		 53, 52, 68, 69,-1,
		 69, 68, 52, 53,-1,
		 54, 53, 69, 70,-1,
		 70, 69, 53, 54,-1,
		 55, 54, 70, 71,-1,
		 71, 70, 54, 55,-1,
		 56, 55, 71, 72,-1,
		 72, 71, 55, 56,-1,
		 57, 56, 72, 73,-1,
		 73, 72, 56, 57,-1,
		 58, 57, 73, 74,-1,
		 74, 73, 57, 58,-1,
		 59, 58, 74, 75,-1,
		 75, 74, 58, 59,-1,
		 60, 59, 75, 76,-1,
		 76, 75, 59, 60,-1,
		 61, 60, 76, 77,-1,
		 77, 76, 60, 61,-1,
		 62, 61, 77, 78,-1,
		 78, 77, 61, 62,-1,
		 63, 62, 78, 79,-1,
		 79, 78, 62, 63,-1,
		 64, 63, 79, 80,-1,
		 80, 79, 63, 64,-1,
		 65, 80, 96, 81,-1,
		 81, 96, 80, 65,-1,
		 66, 65, 81, 82,-1,
		 82, 81, 65, 66,-1,
		 67, 66, 82, 83,-1,
		 83, 82, 66, 67,-1,
		 68, 67, 83, 84,-1,
		 84, 83, 67, 68,-1,
		 69, 68, 84, 85,-1,
		 85, 84, 68, 69,-1,
		 70, 69, 85, 86,-1,
		 86, 85, 69, 70,-1,
		 71, 70, 86, 87,-1,
		 87, 86, 70, 71,-1,
		 72, 71, 87, 88,-1,
		 88, 87, 71, 72,-1,
		 73, 72, 88, 89,-1,
		 89, 88, 72, 73,-1,
		 74, 73, 89, 90,-1,
		 90, 89, 73, 74,-1,
		 75, 74, 90, 91,-1,
		 91, 90, 74, 75,-1,
		 76, 75, 91, 92,-1,
		 92, 91, 75, 76,-1,
		 77, 76, 92, 93,-1,
		 93, 92, 76, 77,-1,
		 78, 77, 93, 94,-1,
		 94, 93, 77, 78,-1,
		 79, 78, 94, 95,-1,
		 95, 94, 78, 79,-1,
		 80, 79, 95, 96,-1,
		 96, 95, 79, 80,-1,
		 81, 96, 112, 97,-1,
		 97, 112, 96, 81,-1,
		 82, 81, 97, 98,-1,
		 98, 97, 81, 82,-1,
		 83, 82, 98, 99,-1,
		 99, 98, 82, 83,-1,
		 84, 83, 99, 100,-1,
		 100, 99, 83, 84,-1,
		 85, 84, 100, 101,-1,
		 101, 100, 84, 85,-1,
		 86, 85, 101, 102,-1,
		 102, 101, 85, 86,-1,
		 87, 86, 102, 103,-1,
		 103, 102, 86, 87,-1,
		 88, 87, 103, 104,-1,
		 104, 103, 87, 88,-1,
		 89, 88, 104, 105,-1,
		 105, 104, 88, 89,-1,
		 90, 89, 105, 106,-1,
		 106, 105, 89, 90,-1,
		 91, 90, 106, 107,-1,
		 107, 106, 90, 91,-1,
		 92, 91, 107, 108,-1,
		 108, 107, 91, 92,-1,
		 93, 92, 108, 109,-1,
		 109, 108, 92, 93,-1,
		 94, 93, 109, 110,-1,
		 110, 109, 93, 94,-1,
		 95, 94, 110, 111,-1,
		 111, 110, 94, 95,-1,
		 96, 95, 111, 112,-1,
		 112, 111, 95, 96,-1,
		 97, 112, 128, 113,-1,
		 113, 128, 112, 97,-1,
		 98, 97, 113, 114,-1,
		 114, 113, 97, 98,-1,
		 99, 98, 114, 115,-1,
		 115, 114, 98, 99,-1,
		 100, 99, 115, 116,-1,
		 116, 115, 99, 100,-1,
		 101, 100, 116, 117,-1,
		 117, 116, 100, 101,-1,
		 102, 101, 117, 118,-1,
		 118, 117, 101, 102,-1,
		 103, 102, 118, 119,-1,
		 119, 118, 102, 103,-1,
		 104, 103, 119, 120,-1,
		 120, 119, 103, 104,-1,
		 105, 104, 120, 121,-1,
		 121, 120, 104, 105,-1,
		 106, 105, 121, 122,-1,
		 122, 121, 105, 106,-1,
		 107, 106, 122, 123,-1,
		 123, 122, 106, 107,-1,
		 108, 107, 123, 124,-1,
		 124, 123, 107, 108,-1,
		 109, 108, 124, 125,-1,
		 125, 124, 108, 109,-1,
		 110, 109, 125, 126,-1,
		 126, 125, 109, 110,-1,
		 111, 110, 126, 127,-1,
		 127, 126, 110, 111,-1,
		 112, 111, 127, 128,-1,
		 128, 127, 111, 112,-1,
		 113, 128, 144, 129,-1,
		 129, 144, 128, 113,-1,
		 114, 113, 129, 130,-1,
		 130, 129, 113, 114,-1,
		 115, 114, 130, 131,-1,
		 131, 130, 114, 115,-1,
		 116, 115, 131, 132,-1,
		 132, 131, 115, 116,-1,
		 117, 116, 132, 133,-1,
		 133, 132, 116, 117,-1,
		 118, 117, 133, 134,-1,
		 134, 133, 117, 118,-1,
		 119, 118, 134, 135,-1,
		 135, 134, 118, 119,-1,
		 120, 119, 135, 136,-1,
		 136, 135, 119, 120,-1,
		 121, 120, 136, 137,-1,
		 137, 136, 120, 121,-1,
		 122, 121, 137, 138,-1,
		 138, 137, 121, 122,-1,
		 123, 122, 138, 139,-1,
		 139, 138, 122, 123,-1,
		 124, 123, 139, 140,-1,
		 140, 139, 123, 124,-1,
		 125, 124, 140, 141,-1,
		 141, 140, 124, 125,-1,
		 126, 125, 141, 142,-1,
		 142, 141, 125, 126,-1,
		 127, 126, 142, 143,-1,
		 143, 142, 126, 127,-1,
		 128, 127, 143, 144,-1,
		 144, 143, 127, 128,-1,
		 129, 144, 145,-1,
		 145, 144, 129,-1,
		 130, 129, 145,-1,
		 145, 129, 130,-1,
		 131, 130, 145,-1,
		 145, 130, 131,-1,
		 132, 131, 145,-1,
		 145, 131, 132,-1,
		 133, 132, 145,-1,
		 145, 132, 133,-1,
		 134, 133, 145,-1,
		 145, 133, 134,-1,
		 135, 134, 145,-1,
		 145, 134, 135,-1,
		 136, 135, 145,-1,
		 145, 135, 136,-1,
		 137, 136, 145,-1,
		 145, 136, 137,-1,
		 138, 137, 145,-1,
		 145, 137, 138,-1,
		 139, 138, 145,-1,
		 145, 138, 139,-1,
		 140, 139, 145,-1,
		 145, 139, 140,-1,
		 141, 140, 145,-1,
		 145, 140, 141,-1,
		 142, 141, 145,-1,
		 145, 141, 142,-1,
		 143, 142, 145,-1,
		 145, 142, 143,-1,
		 144, 143, 145,-1,
		 145, 143, 144,-1,
		]
	} #IndexedFaceSet
} #Polyhedron
Separator { #Polyhedron
	DEF COORD183 Coordinate3 {
		point [
		 0.1651 0.9144 -6.0452,
		 0.1651 0.9449 -6.0363,
		 0.1534 0.9426 -6.0363,
		 0.1435 0.9360 -6.0363,
		 0.1369 0.9261 -6.0363,
		 0.1346 0.9144 -6.0363,
		 0.1369 0.9027 -6.0363,
		 0.1435 0.8928 -6.0363,
		 0.1534 0.8862 -6.0363,
		 0.1651 0.8839 -6.0363,
		 0.1768 0.8862 -6.0363,
		 0.1867 0.8928 -6.0363,
		 0.1933 0.9027 -6.0363,
		 0.1956 0.9144 -6.0363,
		 0.1933 0.9261 -6.0363,
		 0.1867 0.9360 -6.0363,
		 0.1768 0.9426 -6.0363,
		 0.1651 0.9550 -6.0274,
		 0.1495 0.9519 -6.0274,
		 0.1364 0.9431 -6.0274,
		 0.1276 0.9300 -6.0274,
		 0.1245 0.9144 -6.0274,
		 0.1276 0.8988 -6.0274,
		 0.1364 0.8857 -6.0274,
		 0.1495 0.8769 -6.0274,
		 0.1651 0.8738 -6.0274,
		 0.1807 0.8769 -6.0274,
		 0.1938 0.8857 -6.0274,
		 0.2026 0.8988 -6.0274,
		 0.2057 0.9144 -6.0274,
		 0.2026 0.9300 -6.0274,
		 0.1938 0.9431 -6.0274,
		 0.1807 0.9519 -6.0274,
		 0.1651 0.9610 -6.0185,
		 0.1473 0.9574 -6.0185,
		 0.1322 0.9473 -6.0185,
		 0.1221 0.9322 -6.0185,
		 0.1185 0.9144 -6.0185,
		 0.1221 0.8966 -6.0185,
		 0.1322 0.8815 -6.0185,
		 0.1473 0.8714 -6.0185,
		 0.1651 0.8678 -6.0185,
		 0.1829 0.8714 -6.0185,
		 0.1980 0.8815 -6.0185,
		 0.2081 0.8966 -6.0185,
		 0.2117 0.9144 -6.0185,
		 0.2081 0.9322 -6.0185,
		 0.1980 0.9473 -6.0185,
		 0.1829 0.9574 -6.0185,
		 0.1651 0.9642 -6.0097,
		 0.1461 0.9604 -6.0097,
		 0.1299 0.9496 -6.0097,
		 0.1191 0.9334 -6.0097,
		 0.1153 0.9144 -6.0097,
		 0.1191 0.8954 -6.0097,
		 0.1299 0.8792 -6.0097,
		 0.1461 0.8684 -6.0097,
		 0.1651 0.8646 -6.0097,
		 0.1841 0.8684 -6.0097,
		 0.2003 0.8792 -6.0097,
		 0.2111 0.8954 -6.0097,
		 0.2149 0.9144 -6.0097,
		 0.2111 0.9334 -6.0097,
		 0.2003 0.9496 -6.0097,
		 0.1841 0.9604 -6.0097,
		 0.1651 0.9652 -6.0008,
		 0.1457 0.9613 -6.0008,
		 0.1292 0.9503 -6.0008,
		 0.1182 0.9338 -6.0008,
		 0.1143 0.9144 -6.0008,
		 0.1182 0.8950 -6.0008,
		 0.1292 0.8785 -6.0008,
		 0.1457 0.8675 -6.0008,
		 0.1651 0.8636 -6.0008,
		 0.1845 0.8675 -6.0008,
		 0.2010 0.8785 -6.0008,
		 0.2120 0.8950 -6.0008,
		 0.2159 0.9144 -6.0008,
		 0.2120 0.9338 -6.0008,
		 0.2010 0.9503 -6.0008,
		 0.1845 0.9613 -6.0008,
		 0.1651 0.9642 -5.9919,
		 0.1461 0.9604 -5.9919,
		 0.1299 0.9496 -5.9919,
		 0.1191 0.9334 -5.9919,
		 0.1153 0.9144 -5.9919,
		 0.1191 0.8954 -5.9919,
		 0.1299 0.8792 -5.9919,
		 0.1461 0.8684 -5.9919,
		 0.1651 0.8646 -5.9919,
		 0.1841 0.8684 -5.9919,
		 0.2003 0.8792 -5.9919,
		 0.2111 0.8954 -5.9919,
		 0.2149 0.9144 -5.9919,
		 0.2111 0.9334 -5.9919,
		 0.2003 0.9496 -5.9919,
		 0.1841 0.9604 -5.9919,
		 0.1651 0.9610 -5.9830,
		 0.1473 0.9574 -5.9830,
		 0.1322 0.9473 -5.9830,
		 0.1221 0.9322 -5.9830,
		 0.1185 0.9144 -5.9830,
		 0.1221 0.8966 -5.9830,
		 0.1322 0.8815 -5.9830,
		 0.1473 0.8714 -5.9830,
		 0.1651 0.8678 -5.9830,
		 0.1829 0.8714 -5.9830,
		 0.1980 0.8815 -5.9830,
		 0.2081 0.8966 -5.9830,
		 0.2117 0.9144 -5.9830,
		 0.2081 0.9322 -5.9830,
		 0.1980 0.9473 -5.9830,
		 0.1829 0.9574 -5.9830,
		 0.1651 0.9550 -5.9741,
		 0.1495 0.9519 -5.9741,
		 0.1364 0.9431 -5.9741,
		 0.1276 0.9300 -5.9741,
		 0.1245 0.9144 -5.9741,
		 0.1276 0.8988 -5.9741,
		 0.1364 0.8857 -5.9741,
		 0.1495 0.8769 -5.9741,
		 0.1651 0.8738 -5.9741,
		 0.1807 0.8769 -5.9741,
		 0.1938 0.8857 -5.9741,
		 0.2026 0.8988 -5.9741,
		 0.2057 0.9144 -5.9741,
		 0.2026 0.9300 -5.9741,
		 0.1938 0.9431 -5.9741,
		 0.1807 0.9519 -5.9741,
		 0.1651 0.9449 -5.9652,
		 0.1534 0.9426 -5.9652,
		 0.1435 0.9360 -5.9652,
		 0.1369 0.9261 -5.9652,
		 0.1346 0.9144 -5.9652,
		 0.1369 0.9027 -5.9652,
		 0.1435 0.8928 -5.9652,
		 0.1534 0.8862 -5.9652,
		 0.1651 0.8839 -5.9652,
		 0.1768 0.8862 -5.9652,
		 0.1867 0.8928 -5.9652,
		 0.1933 0.9027 -5.9652,
		 0.1956 0.9144 -5.9652,
		 0.1933 0.9261 -5.9652,
		 0.1867 0.9360 -5.9652,
		 0.1768 0.9426 -5.9652,
		 0.1651 0.9144 -5.9563
		]
	} #Coordinate3
	Material {
		ambientColor      0.1804 0.1804 0.1804  #ambientColor
		diffuseColor      0.7216 0.7216 0.7216  #diffuseColor
		transparency      0.0000                #transparency
	} #Material

	IndexedFaceSet {
		coordIndex [ 
		 0, 16, 1,-1,
		 1, 16, 0,-1,
		 0, 1, 2,-1,
		 2, 1, 0,-1,
		 0, 2, 3,-1,
		 3, 2, 0,-1,
		 0, 3, 4,-1,
		 4, 3, 0,-1,
		 0, 4, 5,-1,
		 5, 4, 0,-1,
		 0, 5, 6,-1,
		 6, 5, 0,-1,
		 0, 6, 7,-1,
		 7, 6, 0,-1,
		 0, 7, 8,-1,
		 8, 7, 0,-1,
		 0, 8, 9,-1,
		 9, 8, 0,-1,
		 0, 9, 10,-1,
		 10, 9, 0,-1,
		 0, 10, 11,-1,
		 11, 10, 0,-1,
		 0, 11, 12,-1,
		 12, 11, 0,-1,
		 0, 12, 13,-1,
		 13, 12, 0,-1,
		 0, 13, 14,-1,
		 14, 13, 0,-1,
		 0, 14, 15,-1,
		 15, 14, 0,-1,
		 0, 15, 16,-1,
		 16, 15, 0,-1,
		 1, 16, 32, 17,-1,
		 17, 32, 16, 1,-1,
		 2, 1, 17, 18,-1,
		 18, 17, 1, 2,-1,
		 3, 2, 18, 19,-1,
		 19, 18, 2, 3,-1,
		 4, 3, 19, 20,-1,
		 20, 19, 3, 4,-1,
		 5, 4, 20, 21,-1,
		 21, 20, 4, 5,-1,
		 6, 5, 21, 22,-1,
		 22, 21, 5, 6,-1,
		 7, 6, 22, 23,-1,
		 23, 22, 6, 7,-1,
		 8, 7, 23, 24,-1,
		 24, 23, 7, 8,-1,
		 9, 8, 24, 25,-1,
		 25, 24, 8, 9,-1,
		 10, 9, 25, 26,-1,
		 26, 25, 9, 10,-1,
		 11, 10, 26, 27,-1,
		 27, 26, 10, 11,-1,
		 12, 11, 27, 28,-1,
		 28, 27, 11, 12,-1,
		 13, 12, 28, 29,-1,
		 29, 28, 12, 13,-1,
		 14, 13, 29, 30,-1,
		 30, 29, 13, 14,-1,
		 15, 14, 30, 31,-1,
		 31, 30, 14, 15,-1,
		 16, 15, 31, 32,-1,
		 32, 31, 15, 16,-1,
		 17, 32, 48, 33,-1,
		 33, 48, 32, 17,-1,
		 18, 17, 33, 34,-1,
		 34, 33, 17, 18,-1,
		 19, 18, 34, 35,-1,
		 35, 34, 18, 19,-1,
		 20, 19, 35, 36,-1,
		 36, 35, 19, 20,-1,
		 21, 20, 36, 37,-1,
		 37, 36, 20, 21,-1,
		 22, 21, 37, 38,-1,
		 38, 37, 21, 22,-1,
		 23, 22, 38, 39,-1,
		 39, 38, 22, 23,-1,
		 24, 23, 39, 40,-1,
		 40, 39, 23, 24,-1,
		 25, 24, 40, 41,-1,
		 41, 40, 24, 25,-1,
		 26, 25, 41, 42,-1,
		 42, 41, 25, 26,-1,
		 27, 26, 42, 43,-1,
		 43, 42, 26, 27,-1,
		 28, 27, 43, 44,-1,
		 44, 43, 27, 28,-1,
		 29, 28, 44, 45,-1,
		 45, 44, 28, 29,-1,
		 30, 29, 45, 46,-1,
		 46, 45, 29, 30,-1,
		 31, 30, 46, 47,-1,
		 47, 46, 30, 31,-1,
		 32, 31, 47, 48,-1,
		 48, 47, 31, 32,-1,
		 33, 48, 64, 49,-1,
		 49, 64, 48, 33,-1,
		 34, 33, 49, 50,-1,
		 50, 49, 33, 34,-1,
		 35, 34, 50, 51,-1,
		 51, 50, 34, 35,-1,
		 36, 35, 51, 52,-1,
		 52, 51, 35, 36,-1,
		 37, 36, 52, 53,-1,
		 53, 52, 36, 37,-1,
		 38, 37, 53, 54,-1,
		 54, 53, 37, 38,-1,
		 39, 38, 54, 55,-1,
		 55, 54, 38, 39,-1,
		 40, 39, 55, 56,-1,
		 56, 55, 39, 40,-1,
		 41, 40, 56, 57,-1,
		 57, 56, 40, 41,-1,
		 42, 41, 57, 58,-1,
		 58, 57, 41, 42,-1,
		 43, 42, 58, 59,-1,
		 59, 58, 42, 43,-1,
		 44, 43, 59, 60,-1,
		 60, 59, 43, 44,-1,
		 45, 44, 60, 61,-1,
		 61, 60, 44, 45,-1,
		 46, 45, 61, 62,-1,
		 62, 61, 45, 46,-1,
		 47, 46, 62, 63,-1,
		 63, 62, 46, 47,-1,
		 48, 47, 63, 64,-1,
		 64, 63, 47, 48,-1,
		 49, 64, 80, 65,-1,
		 65, 80, 64, 49,-1,
		 50, 49, 65, 66,-1,
		 66, 65, 49, 50,-1,
		 51, 50, 66, 67,-1,
		 67, 66, 50, 51,-1,
		 52, 51, 67, 68,-1,
		 68, 67, 51, 52,-1,
		 53, 52, 68, 69,-1,
		 69, 68, 52, 53,-1,
		 54, 53, 69, 70,-1,
		 70, 69, 53, 54,-1,
		 55, 54, 70, 71,-1,
		 71, 70, 54, 55,-1,
		 56, 55, 71, 72,-1,
		 72, 71, 55, 56,-1,
		 57, 56, 72, 73,-1,
		 73, 72, 56, 57,-1,
		 58, 57, 73, 74,-1,
		 74, 73, 57, 58,-1,
		 59, 58, 74, 75,-1,
		 75, 74, 58, 59,-1,
		 60, 59, 75, 76,-1,
		 76, 75, 59, 60,-1,
		 61, 60, 76, 77,-1,
		 77, 76, 60, 61,-1,
		 62, 61, 77, 78,-1,
		 78, 77, 61, 62,-1,
		 63, 62, 78, 79,-1,
		 79, 78, 62, 63,-1,
		 64, 63, 79, 80,-1,
		 80, 79, 63, 64,-1,
		 65, 80, 96, 81,-1,
		 81, 96, 80, 65,-1,
		 66, 65, 81, 82,-1,
		 82, 81, 65, 66,-1,
		 67, 66, 82, 83,-1,
		 83, 82, 66, 67,-1,
		 68, 67, 83, 84,-1,
		 84, 83, 67, 68,-1,
		 69, 68, 84, 85,-1,
		 85, 84, 68, 69,-1,
		 70, 69, 85, 86,-1,
		 86, 85, 69, 70,-1,
		 71, 70, 86, 87,-1,
		 87, 86, 70, 71,-1,
		 72, 71, 87, 88,-1,
		 88, 87, 71, 72,-1,
		 73, 72, 88, 89,-1,
		 89, 88, 72, 73,-1,
		 74, 73, 89, 90,-1,
		 90, 89, 73, 74,-1,
		 75, 74, 90, 91,-1,
		 91, 90, 74, 75,-1,
		 76, 75, 91, 92,-1,
		 92, 91, 75, 76,-1,
		 77, 76, 92, 93,-1,
		 93, 92, 76, 77,-1,
		 78, 77, 93, 94,-1,
		 94, 93, 77, 78,-1,
		 79, 78, 94, 95,-1,
		 95, 94, 78, 79,-1,
		 80, 79, 95, 96,-1,
		 96, 95, 79, 80,-1,
		 81, 96, 112, 97,-1,
		 97, 112, 96, 81,-1,
		 82, 81, 97, 98,-1,
		 98, 97, 81, 82,-1,
		 83, 82, 98, 99,-1,
		 99, 98, 82, 83,-1,
		 84, 83, 99, 100,-1,
		 100, 99, 83, 84,-1,
		 85, 84, 100, 101,-1,
		 101, 100, 84, 85,-1,
		 86, 85, 101, 102,-1,
		 102, 101, 85, 86,-1,
		 87, 86, 102, 103,-1,
		 103, 102, 86, 87,-1,
		 88, 87, 103, 104,-1,
		 104, 103, 87, 88,-1,
		 89, 88, 104, 105,-1,
		 105, 104, 88, 89,-1,
		 90, 89, 105, 106,-1,
		 106, 105, 89, 90,-1,
		 91, 90, 106, 107,-1,
		 107, 106, 90, 91,-1,
		 92, 91, 107, 108,-1,
		 108, 107, 91, 92,-1,
		 93, 92, 108, 109,-1,
		 109, 108, 92, 93,-1,
		 94, 93, 109, 110,-1,
		 110, 109, 93, 94,-1,
		 95, 94, 110, 111,-1,
		 111, 110, 94, 95,-1,
		 96, 95, 111, 112,-1,
		 112, 111, 95, 96,-1,
		 97, 112, 128, 113,-1,
		 113, 128, 112, 97,-1,
		 98, 97, 113, 114,-1,
		 114, 113, 97, 98,-1,
		 99, 98, 114, 115,-1,
		 115, 114, 98, 99,-1,
		 100, 99, 115, 116,-1,
		 116, 115, 99, 100,-1,
		 101, 100, 116, 117,-1,
		 117, 116, 100, 101,-1,
		 102, 101, 117, 118,-1,
		 118, 117, 101, 102,-1,
		 103, 102, 118, 119,-1,
		 119, 118, 102, 103,-1,
		 104, 103, 119, 120,-1,
		 120, 119, 103, 104,-1,
		 105, 104, 120, 121,-1,
		 121, 120, 104, 105,-1,
		 106, 105, 121, 122,-1,
		 122, 121, 105, 106,-1,
		 107, 106, 122, 123,-1,
		 123, 122, 106, 107,-1,
		 108, 107, 123, 124,-1,
		 124, 123, 107, 108,-1,
		 109, 108, 124, 125,-1,
		 125, 124, 108, 109,-1,
		 110, 109, 125, 126,-1,
		 126, 125, 109, 110,-1,
		 111, 110, 126, 127,-1,
		 127, 126, 110, 111,-1,
		 112, 111, 127, 128,-1,
		 128, 127, 111, 112,-1,
		 113, 128, 144, 129,-1,
		 129, 144, 128, 113,-1,
		 114, 113, 129, 130,-1,
		 130, 129, 113, 114,-1,
		 115, 114, 130, 131,-1,
		 131, 130, 114, 115,-1,
		 116, 115, 131, 132,-1,
		 132, 131, 115, 116,-1,
		 117, 116, 132, 133,-1,
		 133, 132, 116, 117,-1,
		 118, 117, 133, 134,-1,
		 134, 133, 117, 118,-1,
		 119, 118, 134, 135,-1,
		 135, 134, 118, 119,-1,
		 120, 119, 135, 136,-1,
		 136, 135, 119, 120,-1,
		 121, 120, 136, 137,-1,
		 137, 136, 120, 121,-1,
		 122, 121, 137, 138,-1,
		 138, 137, 121, 122,-1,
		 123, 122, 138, 139,-1,
		 139, 138, 122, 123,-1,
		 124, 123, 139, 140,-1,
		 140, 139, 123, 124,-1,
		 125, 124, 140, 141,-1,
		 141, 140, 124, 125,-1,
		 126, 125, 141, 142,-1,
		 142, 141, 125, 126,-1,
		 127, 126, 142, 143,-1,
		 143, 142, 126, 127,-1,
		 128, 127, 143, 144,-1,
		 144, 143, 127, 128,-1,
		 129, 144, 145,-1,
		 145, 144, 129,-1,
		 130, 129, 145,-1,
		 145, 129, 130,-1,
		 131, 130, 145,-1,
		 145, 130, 131,-1,
		 132, 131, 145,-1,
		 145, 131, 132,-1,
		 133, 132, 145,-1,
		 145, 132, 133,-1,
		 134, 133, 145,-1,
		 145, 133, 134,-1,
		 135, 134, 145,-1,
		 145, 134, 135,-1,
		 136, 135, 145,-1,
		 145, 135, 136,-1,
		 137, 136, 145,-1,
		 145, 136, 137,-1,
		 138, 137, 145,-1,
		 145, 137, 138,-1,
		 139, 138, 145,-1,
		 145, 138, 139,-1,
		 140, 139, 145,-1,
		 145, 139, 140,-1,
		 141, 140, 145,-1,
		 145, 140, 141,-1,
		 142, 141, 145,-1,
		 145, 141, 142,-1,
		 143, 142, 145,-1,
		 145, 142, 143,-1,
		 144, 143, 145,-1,
		 145, 143, 144,-1,
		]
	} #IndexedFaceSet
} #Polyhedron
Separator { #Polyhedron
	DEF COORD184 Coordinate3 {
		point [
		 0.0000 2.1336 -6.0960,
		 0.0000 0.0000 -6.0960,
		 0.9144 0.0000 -6.0960,
		 0.9144 2.1336 -6.0960,
		 0.0000 2.1336 -6.0452,
		 0.0000 0.0000 -6.0452,
		 0.9144 0.0000 -6.0452,
		 0.9144 2.1336 -6.0452
		]
	} #Coordinate3
	Material {
		ambientColor      0.1735 0.1735 0.1735  #ambientColor
		diffuseColor      0.6941 0.6941 0.6941  #diffuseColor
		transparency      0.0000                #transparency
	} #Material

	IndexedFaceSet {
		coordIndex [ 
		 0, 1, 2, 3,-1,
		 3, 2, 1, 0,-1,
		 0, 3, 7, 4,-1,
		 4, 7, 3, 0,-1,
		 1, 0, 4, 5,-1,
		 5, 4, 0, 1,-1,
		 2, 1, 5, 6,-1,
		 6, 5, 1, 2,-1,
		 3, 2, 6, 7,-1,
		 7, 6, 2, 3,-1,
		 7, 6, 5, 4,-1,
		 4, 5, 6, 7,-1,
		]
	} #IndexedFaceSet
} #Polyhedron
Separator { #Polyhedron
	DEF COORD185 Coordinate3 {
		point [
		 -4.3476 0.1524 -5.6291,
		 -4.1391 0.1524 -5.0563,
		 -4.1868 0.1524 -5.0389,
		 -4.3953 0.1524 -5.6117,
		 -4.3476 0.1016 -5.6291,
		 -4.1391 0.1016 -5.0563,
		 -4.1868 0.1016 -5.0389,
		 -4.3953 0.1016 -5.6117
		]
	} #Coordinate3
	Material {
		ambientColor      0.1951 0.1951 0.1951  #ambientColor
		diffuseColor      0.7804 0.7804 0.7804  #diffuseColor
		transparency      0.0000                #transparency
	} #Material

	IndexedFaceSet {
		coordIndex [ 
		 0, 1, 2, 3,-1,
		 3, 2, 1, 0,-1,
		 0, 3, 7, 4,-1,
		 4, 7, 3, 0,-1,
		 1, 0, 4, 5,-1,
		 5, 4, 0, 1,-1,
		 2, 1, 5, 6,-1,
		 6, 5, 1, 2,-1,
		 3, 2, 6, 7,-1,
		 7, 6, 2, 3,-1,
		 7, 6, 5, 4,-1,
		 4, 5, 6, 7,-1,
		]
	} #IndexedFaceSet
} #Polyhedron
Separator { #Polyhedron
	DEF COORD186 Coordinate3 {
		point [
		 -4.2998 0.1524 -5.3492,
		 -4.2824 0.1524 -5.3015,
		 -4.5449 0.1524 -5.2059,
		 -4.5623 0.1524 -5.2536,
		 -4.2998 0.1016 -5.3492,
		 -4.2824 0.1016 -5.3015,
		 -4.5449 0.1016 -5.2059,
		 -4.5623 0.1016 -5.2536
		]
	} #Coordinate3
	Material {
		ambientColor      0.1951 0.1951 0.1951  #ambientColor
		diffuseColor      0.7804 0.7804 0.7804  #diffuseColor
		transparency      0.0000                #transparency
	} #Material

	IndexedFaceSet {
		coordIndex [ 
		 0, 1, 2, 3,-1,
		 3, 2, 1, 0,-1,
		 0, 3, 7, 4,-1,
		 4, 7, 3, 0,-1,
		 1, 0, 4, 5,-1,
		 5, 4, 0, 1,-1,
		 2, 1, 5, 6,-1,
		 6, 5, 1, 2,-1,
		 3, 2, 6, 7,-1,
		 7, 6, 2, 3,-1,
		 7, 6, 5, 4,-1,
		 4, 5, 6, 7,-1,
		]
	} #IndexedFaceSet
} #Polyhedron
Separator { #Polyhedron
	DEF COORD187 Coordinate3 {
		point [
		 -3.9895 0.1524 -5.4621,
		 -3.9721 0.1524 -5.4144,
		 -4.2347 0.1524 -5.3188,
		 -4.2520 0.1524 -5.3666,
		 -3.9895 0.1016 -5.4621,
		 -3.9721 0.1016 -5.4144,
		 -4.2347 0.1016 -5.3188,
		 -4.2520 0.1016 -5.3666
		]
	} #Coordinate3
	Material {
		ambientColor      0.1951 0.1951 0.1951  #ambientColor
		diffuseColor      0.7804 0.7804 0.7804  #diffuseColor
		transparency      0.0000                #transparency
	} #Material

	IndexedFaceSet {
		coordIndex [ 
		 0, 1, 2, 3,-1,
		 3, 2, 1, 0,-1,
		 0, 3, 7, 4,-1,
		 4, 7, 3, 0,-1,
		 1, 0, 4, 5,-1,
		 5, 4, 0, 1,-1,
		 2, 1, 5, 6,-1,
		 6, 5, 1, 2,-1,
		 3, 2, 6, 7,-1,
		 7, 6, 2, 3,-1,
		 7, 6, 5, 4,-1,
		 4, 5, 6, 7,-1,
		]
	} #IndexedFaceSet
} #Polyhedron
Separator { #Polyhedron
	DEF COORD188 Coordinate3 {
		point [
		 -4.5292 0.1016 -5.2511,
		 -4.5244 0.1016 -5.2500,
		 -4.5204 0.1016 -5.2470,
		 -4.5178 0.1016 -5.2428,
		 -4.5171 0.1016 -5.2379,
		 -4.5182 0.1016 -5.2331,
		 -4.5212 0.1016 -5.2291,
		 -4.5254 0.1016 -5.2265,
		 -4.5303 0.1016 -5.2258,
		 -4.5351 0.1016 -5.2269,
		 -4.5391 0.1016 -5.2299,
		 -4.5417 0.1016 -5.2341,
		 -4.5424 0.1016 -5.2390,
		 -4.5413 0.1016 -5.2438,
		 -4.5383 0.1016 -5.2478,
		 -4.5341 0.1016 -5.2504,
		 -4.5292 0.0508 -5.2511,
		 -4.5244 0.0508 -5.2500,
		 -4.5204 0.0508 -5.2470,
		 -4.5178 0.0508 -5.2428,
		 -4.5171 0.0508 -5.2379,
		 -4.5182 0.0508 -5.2331,
		 -4.5212 0.0508 -5.2291,
		 -4.5254 0.0508 -5.2265,
		 -4.5303 0.0508 -5.2258,
		 -4.5351 0.0508 -5.2269,
		 -4.5391 0.0508 -5.2299,
		 -4.5417 0.0508 -5.2341,
		 -4.5424 0.0508 -5.2390,
		 -4.5413 0.0508 -5.2438,
		 -4.5383 0.0508 -5.2478,
		 -4.5341 0.0508 -5.2504
		]
	} #Coordinate3
	Material {
		ambientColor      0.1951 0.1951 0.1951  #ambientColor
		diffuseColor      0.7804 0.7804 0.7804  #diffuseColor
		transparency      0.0000                #transparency
	} #Material

	IndexedFaceSet {
		coordIndex [ 
		 0, 1, 2, 3, 4, 5, 6, 7, 8, 9, 10, 11, 12, 13, 14, 15,-1,
		 15, 14, 13, 12, 11, 10, 9, 8, 7, 6, 5, 4, 3, 2, 1, 0,-1,
		 0, 15, 31, 16,-1,
		 16, 31, 15, 0,-1,
		 1, 0, 16, 17,-1,
		 17, 16, 0, 1,-1,
		 2, 1, 17, 18,-1,
		 18, 17, 1, 2,-1,
		 3, 2, 18, 19,-1,
		 19, 18, 2, 3,-1,
		 4, 3, 19, 20,-1,
		 20, 19, 3, 4,-1,
		 5, 4, 20, 21,-1,
		 21, 20, 4, 5,-1,
		 6, 5, 21, 22,-1,
		 22, 21, 5, 6,-1,
		 7, 6, 22, 23,-1,
		 23, 22, 6, 7,-1,
		 8, 7, 23, 24,-1,
		 24, 23, 7, 8,-1,
		 9, 8, 24, 25,-1,
		 25, 24, 8, 9,-1,
		 10, 9, 25, 26,-1,
		 26, 25, 9, 10,-1,
		 11, 10, 26, 27,-1,
		 27, 26, 10, 11,-1,
		 12, 11, 27, 28,-1,
		 28, 27, 11, 12,-1,
		 13, 12, 28, 29,-1,
		 29, 28, 12, 13,-1,
		 14, 13, 29, 30,-1,
		 30, 29, 13, 14,-1,
		 15, 14, 30, 31,-1,
		 31, 30, 14, 15,-1,
		 31, 30, 29, 28, 27, 26, 25, 24, 23, 22, 21, 20, 19, 18, 17, 16,-1,
		 16, 17, 18, 19, 20, 21, 22, 23, 24, 25, 26, 27, 28, 29, 30, 31,-1,
		]
	} #IndexedFaceSet
} #Polyhedron
Separator { #Polyhedron
	DEF COORD189 Coordinate3 {
		point [
		 -4.3622 0.1016 -5.6092,
		 -4.3574 0.1016 -5.6081,
		 -4.3534 0.1016 -5.6051,
		 -4.3508 0.1016 -5.6009,
		 -4.3501 0.1016 -5.5960,
		 -4.3513 0.1016 -5.5912,
		 -4.3542 0.1016 -5.5872,
		 -4.3584 0.1016 -5.5846,
		 -4.3633 0.1016 -5.5839,
		 -4.3681 0.1016 -5.5850,
		 -4.3721 0.1016 -5.5880,
		 -4.3747 0.1016 -5.5922,
		 -4.3755 0.1016 -5.5971,
		 -4.3743 0.1016 -5.6019,
		 -4.3713 0.1016 -5.6059,
		 -4.3671 0.1016 -5.6085,
		 -4.3622 0.0508 -5.6092,
		 -4.3574 0.0508 -5.6081,
		 -4.3534 0.0508 -5.6051,
		 -4.3508 0.0508 -5.6009,
		 -4.3501 0.0508 -5.5960,
		 -4.3513 0.0508 -5.5912,
		 -4.3542 0.0508 -5.5872,
		 -4.3584 0.0508 -5.5846,
		 -4.3633 0.0508 -5.5839,
		 -4.3681 0.0508 -5.5850,
		 -4.3721 0.0508 -5.5880,
		 -4.3747 0.0508 -5.5922,
		 -4.3755 0.0508 -5.5971,
		 -4.3743 0.0508 -5.6019,
		 -4.3713 0.0508 -5.6059,
		 -4.3671 0.0508 -5.6085
		]
	} #Coordinate3
	Material {
		ambientColor      0.1951 0.1951 0.1951  #ambientColor
		diffuseColor      0.7804 0.7804 0.7804  #diffuseColor
		transparency      0.0000                #transparency
	} #Material

	IndexedFaceSet {
		coordIndex [ 
		 0, 1, 2, 3, 4, 5, 6, 7, 8, 9, 10, 11, 12, 13, 14, 15,-1,
		 15, 14, 13, 12, 11, 10, 9, 8, 7, 6, 5, 4, 3, 2, 1, 0,-1,
		 0, 15, 31, 16,-1,
		 16, 31, 15, 0,-1,
		 1, 0, 16, 17,-1,
		 17, 16, 0, 1,-1,
		 2, 1, 17, 18,-1,
		 18, 17, 1, 2,-1,
		 3, 2, 18, 19,-1,
		 19, 18, 2, 3,-1,
		 4, 3, 19, 20,-1,
		 20, 19, 3, 4,-1,
		 5, 4, 20, 21,-1,
		 21, 20, 4, 5,-1,
		 6, 5, 21, 22,-1,
		 22, 21, 5, 6,-1,
		 7, 6, 22, 23,-1,
		 23, 22, 6, 7,-1,
		 8, 7, 23, 24,-1,
		 24, 23, 7, 8,-1,
		 9, 8, 24, 25,-1,
		 25, 24, 8, 9,-1,
		 10, 9, 25, 26,-1,
		 26, 25, 9, 10,-1,
		 11, 10, 26, 27,-1,
		 27, 26, 10, 11,-1,
		 12, 11, 27, 28,-1,
		 28, 27, 11, 12,-1,
		 13, 12, 28, 29,-1,
		 29, 28, 12, 13,-1,
		 14, 13, 29, 30,-1,
		 30, 29, 13, 14,-1,
		 15, 14, 30, 31,-1,
		 31, 30, 14, 15,-1,
		 31, 30, 29, 28, 27, 26, 25, 24, 23, 22, 21, 20, 19, 18, 17, 16,-1,
		 16, 17, 18, 19, 20, 21, 22, 23, 24, 25, 26, 27, 28, 29, 30, 31,-1,
		]
	} #IndexedFaceSet
} #Polyhedron
Separator { #Polyhedron
	DEF COORD190 Coordinate3 {
		point [
		 -4.1711 0.1016 -5.0842,
		 -4.1663 0.1016 -5.0830,
		 -4.1623 0.1016 -5.0800,
		 -4.1597 0.1016 -5.0758,
		 -4.1590 0.1016 -5.0709,
		 -4.1601 0.1016 -5.0661,
		 -4.1631 0.1016 -5.0621,
		 -4.1673 0.1016 -5.0595,
		 -4.1722 0.1016 -5.0588,
		 -4.1770 0.1016 -5.0600,
		 -4.1810 0.1016 -5.0629,
		 -4.1836 0.1016 -5.0671,
		 -4.1843 0.1016 -5.0720,
		 -4.1832 0.1016 -5.0768,
		 -4.1802 0.1016 -5.0808,
		 -4.1760 0.1016 -5.0834,
		 -4.1711 0.0508 -5.0842,
		 -4.1663 0.0508 -5.0830,
		 -4.1623 0.0508 -5.0800,
		 -4.1597 0.0508 -5.0758,
		 -4.1590 0.0508 -5.0709,
		 -4.1601 0.0508 -5.0661,
		 -4.1631 0.0508 -5.0621,
		 -4.1673 0.0508 -5.0595,
		 -4.1722 0.0508 -5.0588,
		 -4.1770 0.0508 -5.0600,
		 -4.1810 0.0508 -5.0629,
		 -4.1836 0.0508 -5.0671,
		 -4.1843 0.0508 -5.0720,
		 -4.1832 0.0508 -5.0768,
		 -4.1802 0.0508 -5.0808,
		 -4.1760 0.0508 -5.0834
		]
	} #Coordinate3
	Material {
		ambientColor      0.1951 0.1951 0.1951  #ambientColor
		diffuseColor      0.7804 0.7804 0.7804  #diffuseColor
		transparency      0.0000                #transparency
	} #Material

	IndexedFaceSet {
		coordIndex [ 
		 0, 1, 2, 3, 4, 5, 6, 7, 8, 9, 10, 11, 12, 13, 14, 15,-1,
		 15, 14, 13, 12, 11, 10, 9, 8, 7, 6, 5, 4, 3, 2, 1, 0,-1,
		 0, 15, 31, 16,-1,
		 16, 31, 15, 0,-1,
		 1, 0, 16, 17,-1,
		 17, 16, 0, 1,-1,
		 2, 1, 17, 18,-1,
		 18, 17, 1, 2,-1,
		 3, 2, 18, 19,-1,
		 19, 18, 2, 3,-1,
		 4, 3, 19, 20,-1,
		 20, 19, 3, 4,-1,
		 5, 4, 20, 21,-1,
		 21, 20, 4, 5,-1,
		 6, 5, 21, 22,-1,
		 22, 21, 5, 6,-1,
		 7, 6, 22, 23,-1,
		 23, 22, 6, 7,-1,
		 8, 7, 23, 24,-1,
		 24, 23, 7, 8,-1,
		 9, 8, 24, 25,-1,
		 25, 24, 8, 9,-1,
		 10, 9, 25, 26,-1,
		 26, 25, 9, 10,-1,
		 11, 10, 26, 27,-1,
		 27, 26, 10, 11,-1,
		 12, 11, 27, 28,-1,
		 28, 27, 11, 12,-1,
		 13, 12, 28, 29,-1,
		 29, 28, 12, 13,-1,
		 14, 13, 29, 30,-1,
		 30, 29, 13, 14,-1,
		 15, 14, 30, 31,-1,
		 31, 30, 14, 15,-1,
		 31, 30, 29, 28, 27, 26, 25, 24, 23, 22, 21, 20, 19, 18, 17, 16,-1,
		 16, 17, 18, 19, 20, 21, 22, 23, 24, 25, 26, 27, 28, 29, 30, 31,-1,
		]
	} #IndexedFaceSet
} #Polyhedron
Separator { #Polyhedron
	DEF COORD191 Coordinate3 {
		point [
		 -4.0041 0.1016 -5.4423,
		 -3.9993 0.1016 -5.4411,
		 -3.9953 0.1016 -5.4381,
		 -3.9927 0.1016 -5.4339,
		 -3.9920 0.1016 -5.4290,
		 -3.9932 0.1016 -5.4242,
		 -3.9961 0.1016 -5.4202,
		 -4.0003 0.1016 -5.4176,
		 -4.0052 0.1016 -5.4169,
		 -4.0100 0.1016 -5.4181,
		 -4.0140 0.1016 -5.4210,
		 -4.0166 0.1016 -5.4252,
		 -4.0173 0.1016 -5.4301,
		 -4.0162 0.1016 -5.4349,
		 -4.0132 0.1016 -5.4389,
		 -4.0090 0.1016 -5.4415,
		 -4.0041 0.0508 -5.4423,
		 -3.9993 0.0508 -5.4411,
		 -3.9953 0.0508 -5.4381,
		 -3.9927 0.0508 -5.4339,
		 -3.9920 0.0508 -5.4290,
		 -3.9932 0.0508 -5.4242,
		 -3.9961 0.0508 -5.4202,
		 -4.0003 0.0508 -5.4176,
		 -4.0052 0.0508 -5.4169,
		 -4.0100 0.0508 -5.4181,
		 -4.0140 0.0508 -5.4210,
		 -4.0166 0.0508 -5.4252,
		 -4.0173 0.0508 -5.4301,
		 -4.0162 0.0508 -5.4349,
		 -4.0132 0.0508 -5.4389,
		 -4.0090 0.0508 -5.4415
		]
	} #Coordinate3
	Material {
		ambientColor      0.1951 0.1951 0.1951  #ambientColor
		diffuseColor      0.7804 0.7804 0.7804  #diffuseColor
		transparency      0.0000                #transparency
	} #Material

	IndexedFaceSet {
		coordIndex [ 
		 0, 1, 2, 3, 4, 5, 6, 7, 8, 9, 10, 11, 12, 13, 14, 15,-1,
		 15, 14, 13, 12, 11, 10, 9, 8, 7, 6, 5, 4, 3, 2, 1, 0,-1,
		 0, 15, 31, 16,-1,
		 16, 31, 15, 0,-1,
		 1, 0, 16, 17,-1,
		 17, 16, 0, 1,-1,
		 2, 1, 17, 18,-1,
		 18, 17, 1, 2,-1,
		 3, 2, 18, 19,-1,
		 19, 18, 2, 3,-1,
		 4, 3, 19, 20,-1,
		 20, 19, 3, 4,-1,
		 5, 4, 20, 21,-1,
		 21, 20, 4, 5,-1,
		 6, 5, 21, 22,-1,
		 22, 21, 5, 6,-1,
		 7, 6, 22, 23,-1,
		 23, 22, 6, 7,-1,
		 8, 7, 23, 24,-1,
		 24, 23, 7, 8,-1,
		 9, 8, 24, 25,-1,
		 25, 24, 8, 9,-1,
		 10, 9, 25, 26,-1,
		 26, 25, 9, 10,-1,
		 11, 10, 26, 27,-1,
		 27, 26, 10, 11,-1,
		 12, 11, 27, 28,-1,
		 28, 27, 11, 12,-1,
		 13, 12, 28, 29,-1,
		 29, 28, 12, 13,-1,
		 14, 13, 29, 30,-1,
		 30, 29, 13, 14,-1,
		 15, 14, 30, 31,-1,
		 31, 30, 14, 15,-1,
		 31, 30, 29, 28, 27, 26, 25, 24, 23, 22, 21, 20, 19, 18, 17, 16,-1,
		 16, 17, 18, 19, 20, 21, 22, 23, 24, 25, 26, 27, 28, 29, 30, 31,-1,
		]
	} #IndexedFaceSet
} #Polyhedron
Separator { #Polyhedron
	DEF COORD192 Coordinate3 {
		point [
		 -4.1717 0.0508 -5.0715,
		 -4.1710 0.0457 -5.0867,
		 -4.1652 0.0457 -5.0853,
		 -4.1604 0.0457 -5.0818,
		 -4.1573 0.0457 -5.0767,
		 -4.1564 0.0457 -5.0708,
		 -4.1578 0.0457 -5.0650,
		 -4.1614 0.0457 -5.0602,
		 -4.1664 0.0457 -5.0571,
		 -4.1723 0.0457 -5.0562,
		 -4.1781 0.0457 -5.0577,
		 -4.1829 0.0457 -5.0612,
		 -4.1860 0.0457 -5.0663,
		 -4.1869 0.0457 -5.0721,
		 -4.1855 0.0457 -5.0779,
		 -4.1819 0.0457 -5.0827,
		 -4.1769 0.0457 -5.0858,
		 -4.1708 0.0406 -5.0918,
		 -4.1631 0.0406 -5.0899,
		 -4.1567 0.0406 -5.0852,
		 -4.1526 0.0406 -5.0784,
		 -4.1514 0.0406 -5.0706,
		 -4.1532 0.0406 -5.0629,
		 -4.1579 0.0406 -5.0565,
		 -4.1647 0.0406 -5.0524,
		 -4.1725 0.0406 -5.0512,
		 -4.1802 0.0406 -5.0530,
		 -4.1866 0.0406 -5.0577,
		 -4.1907 0.0406 -5.0645,
		 -4.1920 0.0406 -5.0723,
		 -4.1901 0.0406 -5.0801,
		 -4.1854 0.0406 -5.0864,
		 -4.1786 0.0406 -5.0906,
		 -4.1706 0.0356 -5.0947,
		 -4.1618 0.0356 -5.0926,
		 -4.1545 0.0356 -5.0872,
		 -4.1498 0.0356 -5.0794,
		 -4.1484 0.0356 -5.0704,
		 -4.1506 0.0356 -5.0616,
		 -4.1559 0.0356 -5.0543,
		 -4.1637 0.0356 -5.0496,
		 -4.1727 0.0356 -5.0482,
		 -4.1815 0.0356 -5.0504,
		 -4.1888 0.0356 -5.0557,
		 -4.1935 0.0356 -5.0635,
		 -4.1949 0.0356 -5.0725,
		 -4.1927 0.0356 -5.0813,
		 -4.1874 0.0356 -5.0886,
		 -4.1796 0.0356 -5.0933,
		 -4.1706 0.0305 -5.0963,
		 -4.1611 0.0305 -5.0940,
		 -4.1533 0.0305 -5.0883,
		 -4.1483 0.0305 -5.0800,
		 -4.1468 0.0305 -5.0704,
		 -4.1491 0.0305 -5.0609,
		 -4.1548 0.0305 -5.0531,
		 -4.1631 0.0305 -5.0481,
		 -4.1727 0.0305 -5.0466,
		 -4.1822 0.0305 -5.0489,
		 -4.1900 0.0305 -5.0547,
		 -4.1950 0.0305 -5.0630,
		 -4.1965 0.0305 -5.0725,
		 -4.1942 0.0305 -5.0820,
		 -4.1885 0.0305 -5.0898,
		 -4.1802 0.0305 -5.0948,
		 -4.1705 0.0254 -5.0968,
		 -4.1609 0.0254 -5.0945,
		 -4.1529 0.0254 -5.0886,
		 -4.1478 0.0254 -5.0802,
		 -4.1463 0.0254 -5.0704,
		 -4.1486 0.0254 -5.0607,
		 -4.1545 0.0254 -5.0527,
		 -4.1630 0.0254 -5.0476,
		 -4.1728 0.0254 -5.0461,
		 -4.1824 0.0254 -5.0484,
		 -4.1904 0.0254 -5.0543,
		 -4.1955 0.0254 -5.0628,
		 -4.1970 0.0254 -5.0726,
		 -4.1947 0.0254 -5.0822,
		 -4.1888 0.0254 -5.0902,
		 -4.1803 0.0254 -5.0953,
		 -4.1706 0.0203 -5.0963,
		 -4.1611 0.0203 -5.0940,
		 -4.1533 0.0203 -5.0883,
		 -4.1483 0.0203 -5.0800,
		 -4.1468 0.0203 -5.0704,
		 -4.1491 0.0203 -5.0609,
		 -4.1548 0.0203 -5.0531,
		 -4.1631 0.0203 -5.0481,
		 -4.1727 0.0203 -5.0466,
		 -4.1822 0.0203 -5.0489,
		 -4.1900 0.0203 -5.0547,
		 -4.1950 0.0203 -5.0630,
		 -4.1965 0.0203 -5.0725,
		 -4.1942 0.0203 -5.0820,
		 -4.1885 0.0203 -5.0898,
		 -4.1802 0.0203 -5.0948,
		 -4.1706 0.0152 -5.0947,
		 -4.1618 0.0152 -5.0926,
		 -4.1545 0.0152 -5.0872,
		 -4.1498 0.0152 -5.0794,
		 -4.1484 0.0152 -5.0704,
		 -4.1506 0.0152 -5.0616,
		 -4.1559 0.0152 -5.0543,
		 -4.1637 0.0152 -5.0496,
		 -4.1727 0.0152 -5.0482,
		 -4.1815 0.0152 -5.0504,
		 -4.1888 0.0152 -5.0557,
		 -4.1935 0.0152 -5.0635,
		 -4.1949 0.0152 -5.0725,
		 -4.1927 0.0152 -5.0813,
		 -4.1874 0.0152 -5.0886,
		 -4.1796 0.0152 -5.0933,
		 -4.1708 0.0102 -5.0918,
		 -4.1631 0.0102 -5.0899,
		 -4.1567 0.0102 -5.0852,
		 -4.1526 0.0102 -5.0784,
		 -4.1514 0.0102 -5.0706,
		 -4.1532 0.0102 -5.0629,
		 -4.1579 0.0102 -5.0565,
		 -4.1647 0.0102 -5.0524,
		 -4.1725 0.0102 -5.0512,
		 -4.1802 0.0102 -5.0530,
		 -4.1866 0.0102 -5.0577,
		 -4.1907 0.0102 -5.0645,
		 -4.1920 0.0102 -5.0723,
		 -4.1901 0.0102 -5.0801,
		 -4.1854 0.0102 -5.0864,
		 -4.1786 0.0102 -5.0906,
		 -4.1710 0.0051 -5.0867,
		 -4.1652 0.0051 -5.0853,
		 -4.1604 0.0051 -5.0818,
		 -4.1573 0.0051 -5.0767,
		 -4.1564 0.0051 -5.0708,
		 -4.1578 0.0051 -5.0650,
		 -4.1614 0.0051 -5.0602,
		 -4.1664 0.0051 -5.0571,
		 -4.1723 0.0051 -5.0562,
		 -4.1781 0.0051 -5.0577,
		 -4.1829 0.0051 -5.0612,
		 -4.1860 0.0051 -5.0663,
		 -4.1869 0.0051 -5.0721,
		 -4.1855 0.0051 -5.0779,
		 -4.1819 0.0051 -5.0827,
		 -4.1769 0.0051 -5.0858,
		 -4.1717 0.0000 -5.0715
		]
	} #Coordinate3
	Material {
		ambientColor      0.1176 0.1176 0.1176  #ambientColor
		diffuseColor      0.4706 0.4706 0.4706  #diffuseColor
		transparency      0.0000                #transparency
	} #Material

	IndexedFaceSet {
		coordIndex [ 
		 0, 16, 1,-1,
		 1, 16, 0,-1,
		 0, 1, 2,-1,
		 2, 1, 0,-1,
		 0, 2, 3,-1,
		 3, 2, 0,-1,
		 0, 3, 4,-1,
		 4, 3, 0,-1,
		 0, 4, 5,-1,
		 5, 4, 0,-1,
		 0, 5, 6,-1,
		 6, 5, 0,-1,
		 0, 6, 7,-1,
		 7, 6, 0,-1,
		 0, 7, 8,-1,
		 8, 7, 0,-1,
		 0, 8, 9,-1,
		 9, 8, 0,-1,
		 0, 9, 10,-1,
		 10, 9, 0,-1,
		 0, 10, 11,-1,
		 11, 10, 0,-1,
		 0, 11, 12,-1,
		 12, 11, 0,-1,
		 0, 12, 13,-1,
		 13, 12, 0,-1,
		 0, 13, 14,-1,
		 14, 13, 0,-1,
		 0, 14, 15,-1,
		 15, 14, 0,-1,
		 0, 15, 16,-1,
		 16, 15, 0,-1,
		 1, 16, 32, 17,-1,
		 17, 32, 16, 1,-1,
		 2, 1, 17, 18,-1,
		 18, 17, 1, 2,-1,
		 3, 2, 18, 19,-1,
		 19, 18, 2, 3,-1,
		 4, 3, 19, 20,-1,
		 20, 19, 3, 4,-1,
		 5, 4, 20, 21,-1,
		 21, 20, 4, 5,-1,
		 6, 5, 21, 22,-1,
		 22, 21, 5, 6,-1,
		 7, 6, 22, 23,-1,
		 23, 22, 6, 7,-1,
		 8, 7, 23, 24,-1,
		 24, 23, 7, 8,-1,
		 9, 8, 24, 25,-1,
		 25, 24, 8, 9,-1,
		 10, 9, 25, 26,-1,
		 26, 25, 9, 10,-1,
		 11, 10, 26, 27,-1,
		 27, 26, 10, 11,-1,
		 12, 11, 27, 28,-1,
		 28, 27, 11, 12,-1,
		 13, 12, 28, 29,-1,
		 29, 28, 12, 13,-1,
		 14, 13, 29, 30,-1,
		 30, 29, 13, 14,-1,
		 15, 14, 30, 31,-1,
		 31, 30, 14, 15,-1,
		 16, 15, 31, 32,-1,
		 32, 31, 15, 16,-1,
		 17, 32, 48, 33,-1,
		 33, 48, 32, 17,-1,
		 18, 17, 33, 34,-1,
		 34, 33, 17, 18,-1,
		 19, 18, 34, 35,-1,
		 35, 34, 18, 19,-1,
		 20, 19, 35, 36,-1,
		 36, 35, 19, 20,-1,
		 21, 20, 36, 37,-1,
		 37, 36, 20, 21,-1,
		 22, 21, 37, 38,-1,
		 38, 37, 21, 22,-1,
		 23, 22, 38, 39,-1,
		 39, 38, 22, 23,-1,
		 24, 23, 39, 40,-1,
		 40, 39, 23, 24,-1,
		 25, 24, 40, 41,-1,
		 41, 40, 24, 25,-1,
		 26, 25, 41, 42,-1,
		 42, 41, 25, 26,-1,
		 27, 26, 42, 43,-1,
		 43, 42, 26, 27,-1,
		 28, 27, 43, 44,-1,
		 44, 43, 27, 28,-1,
		 29, 28, 44, 45,-1,
		 45, 44, 28, 29,-1,
		 30, 29, 45, 46,-1,
		 46, 45, 29, 30,-1,
		 31, 30, 46, 47,-1,
		 47, 46, 30, 31,-1,
		 32, 31, 47, 48,-1,
		 48, 47, 31, 32,-1,
		 33, 48, 64, 49,-1,
		 49, 64, 48, 33,-1,
		 34, 33, 49, 50,-1,
		 50, 49, 33, 34,-1,
		 35, 34, 50, 51,-1,
		 51, 50, 34, 35,-1,
		 36, 35, 51, 52,-1,
		 52, 51, 35, 36,-1,
		 37, 36, 52, 53,-1,
		 53, 52, 36, 37,-1,
		 38, 37, 53, 54,-1,
		 54, 53, 37, 38,-1,
		 39, 38, 54, 55,-1,
		 55, 54, 38, 39,-1,
		 40, 39, 55, 56,-1,
		 56, 55, 39, 40,-1,
		 41, 40, 56, 57,-1,
		 57, 56, 40, 41,-1,
		 42, 41, 57, 58,-1,
		 58, 57, 41, 42,-1,
		 43, 42, 58, 59,-1,
		 59, 58, 42, 43,-1,
		 44, 43, 59, 60,-1,
		 60, 59, 43, 44,-1,
		 45, 44, 60, 61,-1,
		 61, 60, 44, 45,-1,
		 46, 45, 61, 62,-1,
		 62, 61, 45, 46,-1,
		 47, 46, 62, 63,-1,
		 63, 62, 46, 47,-1,
		 48, 47, 63, 64,-1,
		 64, 63, 47, 48,-1,
		 49, 64, 80, 65,-1,
		 65, 80, 64, 49,-1,
		 50, 49, 65, 66,-1,
		 66, 65, 49, 50,-1,
		 51, 50, 66, 67,-1,
		 67, 66, 50, 51,-1,
		 52, 51, 67, 68,-1,
		 68, 67, 51, 52,-1,
		 53, 52, 68, 69,-1,
		 69, 68, 52, 53,-1,
		 54, 53, 69, 70,-1,
		 70, 69, 53, 54,-1,
		 55, 54, 70, 71,-1,
		 71, 70, 54, 55,-1,
		 56, 55, 71, 72,-1,
		 72, 71, 55, 56,-1,
		 57, 56, 72, 73,-1,
		 73, 72, 56, 57,-1,
		 58, 57, 73, 74,-1,
		 74, 73, 57, 58,-1,
		 59, 58, 74, 75,-1,
		 75, 74, 58, 59,-1,
		 60, 59, 75, 76,-1,
		 76, 75, 59, 60,-1,
		 61, 60, 76, 77,-1,
		 77, 76, 60, 61,-1,
		 62, 61, 77, 78,-1,
		 78, 77, 61, 62,-1,
		 63, 62, 78, 79,-1,
		 79, 78, 62, 63,-1,
		 64, 63, 79, 80,-1,
		 80, 79, 63, 64,-1,
		 65, 80, 96, 81,-1,
		 81, 96, 80, 65,-1,
		 66, 65, 81, 82,-1,
		 82, 81, 65, 66,-1,
		 67, 66, 82, 83,-1,
		 83, 82, 66, 67,-1,
		 68, 67, 83, 84,-1,
		 84, 83, 67, 68,-1,
		 69, 68, 84, 85,-1,
		 85, 84, 68, 69,-1,
		 70, 69, 85, 86,-1,
		 86, 85, 69, 70,-1,
		 71, 70, 86, 87,-1,
		 87, 86, 70, 71,-1,
		 72, 71, 87, 88,-1,
		 88, 87, 71, 72,-1,
		 73, 72, 88, 89,-1,
		 89, 88, 72, 73,-1,
		 74, 73, 89, 90,-1,
		 90, 89, 73, 74,-1,
		 75, 74, 90, 91,-1,
		 91, 90, 74, 75,-1,
		 76, 75, 91, 92,-1,
		 92, 91, 75, 76,-1,
		 77, 76, 92, 93,-1,
		 93, 92, 76, 77,-1,
		 78, 77, 93, 94,-1,
		 94, 93, 77, 78,-1,
		 79, 78, 94, 95,-1,
		 95, 94, 78, 79,-1,
		 80, 79, 95, 96,-1,
		 96, 95, 79, 80,-1,
		 81, 96, 112, 97,-1,
		 97, 112, 96, 81,-1,
		 82, 81, 97, 98,-1,
		 98, 97, 81, 82,-1,
		 83, 82, 98, 99,-1,
		 99, 98, 82, 83,-1,
		 84, 83, 99, 100,-1,
		 100, 99, 83, 84,-1,
		 85, 84, 100, 101,-1,
		 101, 100, 84, 85,-1,
		 86, 85, 101, 102,-1,
		 102, 101, 85, 86,-1,
		 87, 86, 102, 103,-1,
		 103, 102, 86, 87,-1,
		 88, 87, 103, 104,-1,
		 104, 103, 87, 88,-1,
		 89, 88, 104, 105,-1,
		 105, 104, 88, 89,-1,
		 90, 89, 105, 106,-1,
		 106, 105, 89, 90,-1,
		 91, 90, 106, 107,-1,
		 107, 106, 90, 91,-1,
		 92, 91, 107, 108,-1,
		 108, 107, 91, 92,-1,
		 93, 92, 108, 109,-1,
		 109, 108, 92, 93,-1,
		 94, 93, 109, 110,-1,
		 110, 109, 93, 94,-1,
		 95, 94, 110, 111,-1,
		 111, 110, 94, 95,-1,
		 96, 95, 111, 112,-1,
		 112, 111, 95, 96,-1,
		 97, 112, 128, 113,-1,
		 113, 128, 112, 97,-1,
		 98, 97, 113, 114,-1,
		 114, 113, 97, 98,-1,
		 99, 98, 114, 115,-1,
		 115, 114, 98, 99,-1,
		 100, 99, 115, 116,-1,
		 116, 115, 99, 100,-1,
		 101, 100, 116, 117,-1,
		 117, 116, 100, 101,-1,
		 102, 101, 117, 118,-1,
		 118, 117, 101, 102,-1,
		 103, 102, 118, 119,-1,
		 119, 118, 102, 103,-1,
		 104, 103, 119, 120,-1,
		 120, 119, 103, 104,-1,
		 105, 104, 120, 121,-1,
		 121, 120, 104, 105,-1,
		 106, 105, 121, 122,-1,
		 122, 121, 105, 106,-1,
		 107, 106, 122, 123,-1,
		 123, 122, 106, 107,-1,
		 108, 107, 123, 124,-1,
		 124, 123, 107, 108,-1,
		 109, 108, 124, 125,-1,
		 125, 124, 108, 109,-1,
		 110, 109, 125, 126,-1,
		 126, 125, 109, 110,-1,
		 111, 110, 126, 127,-1,
		 127, 126, 110, 111,-1,
		 112, 111, 127, 128,-1,
		 128, 127, 111, 112,-1,
		 113, 128, 144, 129,-1,
		 129, 144, 128, 113,-1,
		 114, 113, 129, 130,-1,
		 130, 129, 113, 114,-1,
		 115, 114, 130, 131,-1,
		 131, 130, 114, 115,-1,
		 116, 115, 131, 132,-1,
		 132, 131, 115, 116,-1,
		 117, 116, 132, 133,-1,
		 133, 132, 116, 117,-1,
		 118, 117, 133, 134,-1,
		 134, 133, 117, 118,-1,
		 119, 118, 134, 135,-1,
		 135, 134, 118, 119,-1,
		 120, 119, 135, 136,-1,
		 136, 135, 119, 120,-1,
		 121, 120, 136, 137,-1,
		 137, 136, 120, 121,-1,
		 122, 121, 137, 138,-1,
		 138, 137, 121, 122,-1,
		 123, 122, 138, 139,-1,
		 139, 138, 122, 123,-1,
		 124, 123, 139, 140,-1,
		 140, 139, 123, 124,-1,
		 125, 124, 140, 141,-1,
		 141, 140, 124, 125,-1,
		 126, 125, 141, 142,-1,
		 142, 141, 125, 126,-1,
		 127, 126, 142, 143,-1,
		 143, 142, 126, 127,-1,
		 128, 127, 143, 144,-1,
		 144, 143, 127, 128,-1,
		 129, 144, 145,-1,
		 145, 144, 129,-1,
		 130, 129, 145,-1,
		 145, 129, 130,-1,
		 131, 130, 145,-1,
		 145, 130, 131,-1,
		 132, 131, 145,-1,
		 145, 131, 132,-1,
		 133, 132, 145,-1,
		 145, 132, 133,-1,
		 134, 133, 145,-1,
		 145, 133, 134,-1,
		 135, 134, 145,-1,
		 145, 134, 135,-1,
		 136, 135, 145,-1,
		 145, 135, 136,-1,
		 137, 136, 145,-1,
		 145, 136, 137,-1,
		 138, 137, 145,-1,
		 145, 137, 138,-1,
		 139, 138, 145,-1,
		 145, 138, 139,-1,
		 140, 139, 145,-1,
		 145, 139, 140,-1,
		 141, 140, 145,-1,
		 145, 140, 141,-1,
		 142, 141, 145,-1,
		 145, 141, 142,-1,
		 143, 142, 145,-1,
		 145, 142, 143,-1,
		 144, 143, 145,-1,
		 145, 143, 144,-1,
		]
	} #IndexedFaceSet
} #Polyhedron
Separator { #Polyhedron
	DEF COORD193 Coordinate3 {
		point [
		 -4.0047 0.0508 -5.4296,
		 -4.0040 0.0457 -5.4448,
		 -3.9982 0.0457 -5.4434,
		 -3.9934 0.0457 -5.4399,
		 -3.9903 0.0457 -5.4348,
		 -3.9894 0.0457 -5.4289,
		 -3.9908 0.0457 -5.4231,
		 -3.9944 0.0457 -5.4183,
		 -3.9994 0.0457 -5.4152,
		 -4.0053 0.0457 -5.4143,
		 -4.0111 0.0457 -5.4158,
		 -4.0159 0.0457 -5.4193,
		 -4.0190 0.0457 -5.4244,
		 -4.0199 0.0457 -5.4302,
		 -4.0185 0.0457 -5.4360,
		 -4.0150 0.0457 -5.4408,
		 -4.0099 0.0457 -5.4439,
		 -4.0038 0.0406 -5.4499,
		 -3.9961 0.0406 -5.4480,
		 -3.9897 0.0406 -5.4433,
		 -3.9856 0.0406 -5.4365,
		 -3.9844 0.0406 -5.4287,
		 -3.9862 0.0406 -5.4210,
		 -3.9909 0.0406 -5.4146,
		 -3.9977 0.0406 -5.4105,
		 -4.0055 0.0406 -5.4093,
		 -4.0132 0.0406 -5.4112,
		 -4.0196 0.0406 -5.4158,
		 -4.0238 0.0406 -5.4226,
		 -4.0250 0.0406 -5.4305,
		 -4.0231 0.0406 -5.4382,
		 -4.0184 0.0406 -5.4445,
		 -4.0116 0.0406 -5.4487,
		 -4.0036 0.0356 -5.4528,
		 -3.9948 0.0356 -5.4507,
		 -3.9875 0.0356 -5.4453,
		 -3.9828 0.0356 -5.4375,
		 -3.9814 0.0356 -5.4286,
		 -3.9836 0.0356 -5.4197,
		 -3.9889 0.0356 -5.4124,
		 -3.9967 0.0356 -5.4077,
		 -4.0057 0.0356 -5.4063,
		 -4.0145 0.0356 -5.4085,
		 -4.0218 0.0356 -5.4138,
		 -4.0265 0.0356 -5.4216,
		 -4.0279 0.0356 -5.4306,
		 -4.0258 0.0356 -5.4394,
		 -4.0204 0.0356 -5.4467,
		 -4.0126 0.0356 -5.4514,
		 -4.0036 0.0305 -5.4544,
		 -3.9941 0.0305 -5.4521,
		 -3.9863 0.0305 -5.4464,
		 -3.9813 0.0305 -5.4381,
		 -3.9798 0.0305 -5.4285,
		 -3.9821 0.0305 -5.4191,
		 -3.9878 0.0305 -5.4112,
		 -3.9961 0.0305 -5.4062,
		 -4.0057 0.0305 -5.4047,
		 -4.0152 0.0305 -5.4070,
		 -4.0230 0.0305 -5.4128,
		 -4.0280 0.0305 -5.4211,
		 -4.0295 0.0305 -5.4307,
		 -4.0272 0.0305 -5.4401,
		 -4.0215 0.0305 -5.4479,
		 -4.0132 0.0305 -5.4530,
		 -4.0036 0.0254 -5.4549,
		 -3.9939 0.0254 -5.4526,
		 -3.9859 0.0254 -5.4467,
		 -3.9808 0.0254 -5.4383,
		 -3.9793 0.0254 -5.4285,
		 -3.9816 0.0254 -5.4188,
		 -3.9875 0.0254 -5.4108,
		 -3.9960 0.0254 -5.4057,
		 -4.0058 0.0254 -5.4042,
		 -4.0154 0.0254 -5.4065,
		 -4.0234 0.0254 -5.4124,
		 -4.0285 0.0254 -5.4209,
		 -4.0300 0.0254 -5.4307,
		 -4.0277 0.0254 -5.4403,
		 -4.0218 0.0254 -5.4483,
		 -4.0133 0.0254 -5.4534,
		 -4.0036 0.0203 -5.4544,
		 -3.9941 0.0203 -5.4521,
		 -3.9863 0.0203 -5.4464,
		 -3.9813 0.0203 -5.4381,
		 -3.9798 0.0203 -5.4285,
		 -3.9821 0.0203 -5.4191,
		 -3.9878 0.0203 -5.4112,
		 -3.9961 0.0203 -5.4062,
		 -4.0057 0.0203 -5.4047,
		 -4.0152 0.0203 -5.4070,
		 -4.0230 0.0203 -5.4128,
		 -4.0280 0.0203 -5.4211,
		 -4.0295 0.0203 -5.4307,
		 -4.0272 0.0203 -5.4401,
		 -4.0215 0.0203 -5.4479,
		 -4.0132 0.0203 -5.4530,
		 -4.0036 0.0152 -5.4528,
		 -3.9948 0.0152 -5.4507,
		 -3.9875 0.0152 -5.4453,
		 -3.9828 0.0152 -5.4375,
		 -3.9814 0.0152 -5.4286,
		 -3.9836 0.0152 -5.4197,
		 -3.9889 0.0152 -5.4124,
		 -3.9967 0.0152 -5.4077,
		 -4.0057 0.0152 -5.4063,
		 -4.0145 0.0152 -5.4085,
		 -4.0218 0.0152 -5.4138,
		 -4.0265 0.0152 -5.4216,
		 -4.0279 0.0152 -5.4306,
		 -4.0258 0.0152 -5.4394,
		 -4.0204 0.0152 -5.4467,
		 -4.0126 0.0152 -5.4514,
		 -4.0038 0.0102 -5.4499,
		 -3.9961 0.0102 -5.4480,
		 -3.9897 0.0102 -5.4433,
		 -3.9856 0.0102 -5.4365,
		 -3.9844 0.0102 -5.4287,
		 -3.9862 0.0102 -5.4210,
		 -3.9909 0.0102 -5.4146,
		 -3.9977 0.0102 -5.4105,
		 -4.0055 0.0102 -5.4093,
		 -4.0132 0.0102 -5.4112,
		 -4.0196 0.0102 -5.4158,
		 -4.0238 0.0102 -5.4226,
		 -4.0250 0.0102 -5.4305,
		 -4.0231 0.0102 -5.4382,
		 -4.0184 0.0102 -5.4445,
		 -4.0116 0.0102 -5.4487,
		 -4.0040 0.0051 -5.4448,
		 -3.9982 0.0051 -5.4434,
		 -3.9934 0.0051 -5.4399,
		 -3.9903 0.0051 -5.4348,
		 -3.9894 0.0051 -5.4289,
		 -3.9908 0.0051 -5.4231,
		 -3.9944 0.0051 -5.4183,
		 -3.9994 0.0051 -5.4152,
		 -4.0053 0.0051 -5.4143,
		 -4.0111 0.0051 -5.4158,
		 -4.0159 0.0051 -5.4193,
		 -4.0190 0.0051 -5.4244,
		 -4.0199 0.0051 -5.4302,
		 -4.0185 0.0051 -5.4360,
		 -4.0150 0.0051 -5.4408,
		 -4.0099 0.0051 -5.4439,
		 -4.0047 0.0000 -5.4296
		]
	} #Coordinate3
	Material {
		ambientColor      0.1176 0.1176 0.1176  #ambientColor
		diffuseColor      0.4706 0.4706 0.4706  #diffuseColor
		transparency      0.0000                #transparency
	} #Material

	IndexedFaceSet {
		coordIndex [ 
		 0, 16, 1,-1,
		 1, 16, 0,-1,
		 0, 1, 2,-1,
		 2, 1, 0,-1,
		 0, 2, 3,-1,
		 3, 2, 0,-1,
		 0, 3, 4,-1,
		 4, 3, 0,-1,
		 0, 4, 5,-1,
		 5, 4, 0,-1,
		 0, 5, 6,-1,
		 6, 5, 0,-1,
		 0, 6, 7,-1,
		 7, 6, 0,-1,
		 0, 7, 8,-1,
		 8, 7, 0,-1,
		 0, 8, 9,-1,
		 9, 8, 0,-1,
		 0, 9, 10,-1,
		 10, 9, 0,-1,
		 0, 10, 11,-1,
		 11, 10, 0,-1,
		 0, 11, 12,-1,
		 12, 11, 0,-1,
		 0, 12, 13,-1,
		 13, 12, 0,-1,
		 0, 13, 14,-1,
		 14, 13, 0,-1,
		 0, 14, 15,-1,
		 15, 14, 0,-1,
		 0, 15, 16,-1,
		 16, 15, 0,-1,
		 1, 16, 32, 17,-1,
		 17, 32, 16, 1,-1,
		 2, 1, 17, 18,-1,
		 18, 17, 1, 2,-1,
		 3, 2, 18, 19,-1,
		 19, 18, 2, 3,-1,
		 4, 3, 19, 20,-1,
		 20, 19, 3, 4,-1,
		 5, 4, 20, 21,-1,
		 21, 20, 4, 5,-1,
		 6, 5, 21, 22,-1,
		 22, 21, 5, 6,-1,
		 7, 6, 22, 23,-1,
		 23, 22, 6, 7,-1,
		 8, 7, 23, 24,-1,
		 24, 23, 7, 8,-1,
		 9, 8, 24, 25,-1,
		 25, 24, 8, 9,-1,
		 10, 9, 25, 26,-1,
		 26, 25, 9, 10,-1,
		 11, 10, 26, 27,-1,
		 27, 26, 10, 11,-1,
		 12, 11, 27, 28,-1,
		 28, 27, 11, 12,-1,
		 13, 12, 28, 29,-1,
		 29, 28, 12, 13,-1,
		 14, 13, 29, 30,-1,
		 30, 29, 13, 14,-1,
		 15, 14, 30, 31,-1,
		 31, 30, 14, 15,-1,
		 16, 15, 31, 32,-1,
		 32, 31, 15, 16,-1,
		 17, 32, 48, 33,-1,
		 33, 48, 32, 17,-1,
		 18, 17, 33, 34,-1,
		 34, 33, 17, 18,-1,
		 19, 18, 34, 35,-1,
		 35, 34, 18, 19,-1,
		 20, 19, 35, 36,-1,
		 36, 35, 19, 20,-1,
		 21, 20, 36, 37,-1,
		 37, 36, 20, 21,-1,
		 22, 21, 37, 38,-1,
		 38, 37, 21, 22,-1,
		 23, 22, 38, 39,-1,
		 39, 38, 22, 23,-1,
		 24, 23, 39, 40,-1,
		 40, 39, 23, 24,-1,
		 25, 24, 40, 41,-1,
		 41, 40, 24, 25,-1,
		 26, 25, 41, 42,-1,
		 42, 41, 25, 26,-1,
		 27, 26, 42, 43,-1,
		 43, 42, 26, 27,-1,
		 28, 27, 43, 44,-1,
		 44, 43, 27, 28,-1,
		 29, 28, 44, 45,-1,
		 45, 44, 28, 29,-1,
		 30, 29, 45, 46,-1,
		 46, 45, 29, 30,-1,
		 31, 30, 46, 47,-1,
		 47, 46, 30, 31,-1,
		 32, 31, 47, 48,-1,
		 48, 47, 31, 32,-1,
		 33, 48, 64, 49,-1,
		 49, 64, 48, 33,-1,
		 34, 33, 49, 50,-1,
		 50, 49, 33, 34,-1,
		 35, 34, 50, 51,-1,
		 51, 50, 34, 35,-1,
		 36, 35, 51, 52,-1,
		 52, 51, 35, 36,-1,
		 37, 36, 52, 53,-1,
		 53, 52, 36, 37,-1,
		 38, 37, 53, 54,-1,
		 54, 53, 37, 38,-1,
		 39, 38, 54, 55,-1,
		 55, 54, 38, 39,-1,
		 40, 39, 55, 56,-1,
		 56, 55, 39, 40,-1,
		 41, 40, 56, 57,-1,
		 57, 56, 40, 41,-1,
		 42, 41, 57, 58,-1,
		 58, 57, 41, 42,-1,
		 43, 42, 58, 59,-1,
		 59, 58, 42, 43,-1,
		 44, 43, 59, 60,-1,
		 60, 59, 43, 44,-1,
		 45, 44, 60, 61,-1,
		 61, 60, 44, 45,-1,
		 46, 45, 61, 62,-1,
		 62, 61, 45, 46,-1,
		 47, 46, 62, 63,-1,
		 63, 62, 46, 47,-1,
		 48, 47, 63, 64,-1,
		 64, 63, 47, 48,-1,
		 49, 64, 80, 65,-1,
		 65, 80, 64, 49,-1,
		 50, 49, 65, 66,-1,
		 66, 65, 49, 50,-1,
		 51, 50, 66, 67,-1,
		 67, 66, 50, 51,-1,
		 52, 51, 67, 68,-1,
		 68, 67, 51, 52,-1,
		 53, 52, 68, 69,-1,
		 69, 68, 52, 53,-1,
		 54, 53, 69, 70,-1,
		 70, 69, 53, 54,-1,
		 55, 54, 70, 71,-1,
		 71, 70, 54, 55,-1,
		 56, 55, 71, 72,-1,
		 72, 71, 55, 56,-1,
		 57, 56, 72, 73,-1,
		 73, 72, 56, 57,-1,
		 58, 57, 73, 74,-1,
		 74, 73, 57, 58,-1,
		 59, 58, 74, 75,-1,
		 75, 74, 58, 59,-1,
		 60, 59, 75, 76,-1,
		 76, 75, 59, 60,-1,
		 61, 60, 76, 77,-1,
		 77, 76, 60, 61,-1,
		 62, 61, 77, 78,-1,
		 78, 77, 61, 62,-1,
		 63, 62, 78, 79,-1,
		 79, 78, 62, 63,-1,
		 64, 63, 79, 80,-1,
		 80, 79, 63, 64,-1,
		 65, 80, 96, 81,-1,
		 81, 96, 80, 65,-1,
		 66, 65, 81, 82,-1,
		 82, 81, 65, 66,-1,
		 67, 66, 82, 83,-1,
		 83, 82, 66, 67,-1,
		 68, 67, 83, 84,-1,
		 84, 83, 67, 68,-1,
		 69, 68, 84, 85,-1,
		 85, 84, 68, 69,-1,
		 70, 69, 85, 86,-1,
		 86, 85, 69, 70,-1,
		 71, 70, 86, 87,-1,
		 87, 86, 70, 71,-1,
		 72, 71, 87, 88,-1,
		 88, 87, 71, 72,-1,
		 73, 72, 88, 89,-1,
		 89, 88, 72, 73,-1,
		 74, 73, 89, 90,-1,
		 90, 89, 73, 74,-1,
		 75, 74, 90, 91,-1,
		 91, 90, 74, 75,-1,
		 76, 75, 91, 92,-1,
		 92, 91, 75, 76,-1,
		 77, 76, 92, 93,-1,
		 93, 92, 76, 77,-1,
		 78, 77, 93, 94,-1,
		 94, 93, 77, 78,-1,
		 79, 78, 94, 95,-1,
		 95, 94, 78, 79,-1,
		 80, 79, 95, 96,-1,
		 96, 95, 79, 80,-1,
		 81, 96, 112, 97,-1,
		 97, 112, 96, 81,-1,
		 82, 81, 97, 98,-1,
		 98, 97, 81, 82,-1,
		 83, 82, 98, 99,-1,
		 99, 98, 82, 83,-1,
		 84, 83, 99, 100,-1,
		 100, 99, 83, 84,-1,
		 85, 84, 100, 101,-1,
		 101, 100, 84, 85,-1,
		 86, 85, 101, 102,-1,
		 102, 101, 85, 86,-1,
		 87, 86, 102, 103,-1,
		 103, 102, 86, 87,-1,
		 88, 87, 103, 104,-1,
		 104, 103, 87, 88,-1,
		 89, 88, 104, 105,-1,
		 105, 104, 88, 89,-1,
		 90, 89, 105, 106,-1,
		 106, 105, 89, 90,-1,
		 91, 90, 106, 107,-1,
		 107, 106, 90, 91,-1,
		 92, 91, 107, 108,-1,
		 108, 107, 91, 92,-1,
		 93, 92, 108, 109,-1,
		 109, 108, 92, 93,-1,
		 94, 93, 109, 110,-1,
		 110, 109, 93, 94,-1,
		 95, 94, 110, 111,-1,
		 111, 110, 94, 95,-1,
		 96, 95, 111, 112,-1,
		 112, 111, 95, 96,-1,
		 97, 112, 128, 113,-1,
		 113, 128, 112, 97,-1,
		 98, 97, 113, 114,-1,
		 114, 113, 97, 98,-1,
		 99, 98, 114, 115,-1,
		 115, 114, 98, 99,-1,
		 100, 99, 115, 116,-1,
		 116, 115, 99, 100,-1,
		 101, 100, 116, 117,-1,
		 117, 116, 100, 101,-1,
		 102, 101, 117, 118,-1,
		 118, 117, 101, 102,-1,
		 103, 102, 118, 119,-1,
		 119, 118, 102, 103,-1,
		 104, 103, 119, 120,-1,
		 120, 119, 103, 104,-1,
		 105, 104, 120, 121,-1,
		 121, 120, 104, 105,-1,
		 106, 105, 121, 122,-1,
		 122, 121, 105, 106,-1,
		 107, 106, 122, 123,-1,
		 123, 122, 106, 107,-1,
		 108, 107, 123, 124,-1,
		 124, 123, 107, 108,-1,
		 109, 108, 124, 125,-1,
		 125, 124, 108, 109,-1,
		 110, 109, 125, 126,-1,
		 126, 125, 109, 110,-1,
		 111, 110, 126, 127,-1,
		 127, 126, 110, 111,-1,
		 112, 111, 127, 128,-1,
		 128, 127, 111, 112,-1,
		 113, 128, 144, 129,-1,
		 129, 144, 128, 113,-1,
		 114, 113, 129, 130,-1,
		 130, 129, 113, 114,-1,
		 115, 114, 130, 131,-1,
		 131, 130, 114, 115,-1,
		 116, 115, 131, 132,-1,
		 132, 131, 115, 116,-1,
		 117, 116, 132, 133,-1,
		 133, 132, 116, 117,-1,
		 118, 117, 133, 134,-1,
		 134, 133, 117, 118,-1,
		 119, 118, 134, 135,-1,
		 135, 134, 118, 119,-1,
		 120, 119, 135, 136,-1,
		 136, 135, 119, 120,-1,
		 121, 120, 136, 137,-1,
		 137, 136, 120, 121,-1,
		 122, 121, 137, 138,-1,
		 138, 137, 121, 122,-1,
		 123, 122, 138, 139,-1,
		 139, 138, 122, 123,-1,
		 124, 123, 139, 140,-1,
		 140, 139, 123, 124,-1,
		 125, 124, 140, 141,-1,
		 141, 140, 124, 125,-1,
		 126, 125, 141, 142,-1,
		 142, 141, 125, 126,-1,
		 127, 126, 142, 143,-1,
		 143, 142, 126, 127,-1,
		 128, 127, 143, 144,-1,
		 144, 143, 127, 128,-1,
		 129, 144, 145,-1,
		 145, 144, 129,-1,
		 130, 129, 145,-1,
		 145, 129, 130,-1,
		 131, 130, 145,-1,
		 145, 130, 131,-1,
		 132, 131, 145,-1,
		 145, 131, 132,-1,
		 133, 132, 145,-1,
		 145, 132, 133,-1,
		 134, 133, 145,-1,
		 145, 133, 134,-1,
		 135, 134, 145,-1,
		 145, 134, 135,-1,
		 136, 135, 145,-1,
		 145, 135, 136,-1,
		 137, 136, 145,-1,
		 145, 136, 137,-1,
		 138, 137, 145,-1,
		 145, 137, 138,-1,
		 139, 138, 145,-1,
		 145, 138, 139,-1,
		 140, 139, 145,-1,
		 145, 139, 140,-1,
		 141, 140, 145,-1,
		 145, 140, 141,-1,
		 142, 141, 145,-1,
		 145, 141, 142,-1,
		 143, 142, 145,-1,
		 145, 142, 143,-1,
		 144, 143, 145,-1,
		 145, 143, 144,-1,
		]
	} #IndexedFaceSet
} #Polyhedron
Separator { #Polyhedron
	DEF COORD194 Coordinate3 {
		point [
		 -4.3628 0.0508 -5.5966,
		 -4.3621 0.0457 -5.6118,
		 -4.3563 0.0457 -5.6104,
		 -4.3515 0.0457 -5.6069,
		 -4.3484 0.0457 -5.6018,
		 -4.3475 0.0457 -5.5959,
		 -4.3490 0.0457 -5.5901,
		 -4.3525 0.0457 -5.5853,
		 -4.3576 0.0457 -5.5822,
		 -4.3634 0.0457 -5.5813,
		 -4.3692 0.0457 -5.5827,
		 -4.3740 0.0457 -5.5863,
		 -4.3771 0.0457 -5.5913,
		 -4.3780 0.0457 -5.5972,
		 -4.3766 0.0457 -5.6030,
		 -4.3731 0.0457 -5.6078,
		 -4.3680 0.0457 -5.6109,
		 -4.3619 0.0406 -5.6169,
		 -4.3542 0.0406 -5.6150,
		 -4.3478 0.0406 -5.6103,
		 -4.3437 0.0406 -5.6035,
		 -4.3425 0.0406 -5.5957,
		 -4.3444 0.0406 -5.5880,
		 -4.3490 0.0406 -5.5816,
		 -4.3558 0.0406 -5.5775,
		 -4.3637 0.0406 -5.5763,
		 -4.3714 0.0406 -5.5781,
		 -4.3777 0.0406 -5.5828,
		 -4.3819 0.0406 -5.5896,
		 -4.3831 0.0406 -5.5974,
		 -4.3812 0.0406 -5.6051,
		 -4.3765 0.0406 -5.6115,
		 -4.3697 0.0406 -5.6157,
		 -4.3618 0.0356 -5.6198,
		 -4.3529 0.0356 -5.6177,
		 -4.3456 0.0356 -5.6123,
		 -4.3409 0.0356 -5.6045,
		 -4.3395 0.0356 -5.5955,
		 -4.3417 0.0356 -5.5867,
		 -4.3470 0.0356 -5.5794,
		 -4.3548 0.0356 -5.5747,
		 -4.3638 0.0356 -5.5733,
		 -4.3726 0.0356 -5.5755,
		 -4.3799 0.0356 -5.5808,
		 -4.3846 0.0356 -5.5886,
		 -4.3860 0.0356 -5.5976,
		 -4.3839 0.0356 -5.6064,
		 -4.3785 0.0356 -5.6137,
		 -4.3707 0.0356 -5.6184,
		 -4.3617 0.0305 -5.6214,
		 -4.3522 0.0305 -5.6191,
		 -4.3444 0.0305 -5.6134,
		 -4.3394 0.0305 -5.6051,
		 -4.3379 0.0305 -5.5955,
		 -4.3402 0.0305 -5.5860,
		 -4.3460 0.0305 -5.5782,
		 -4.3543 0.0305 -5.5732,
		 -4.3639 0.0305 -5.5717,
		 -4.3733 0.0305 -5.5740,
		 -4.3811 0.0305 -5.5797,
		 -4.3862 0.0305 -5.5880,
		 -4.3876 0.0305 -5.5976,
		 -4.3853 0.0305 -5.6071,
		 -4.3796 0.0305 -5.6149,
		 -4.3713 0.0305 -5.6199,
		 -4.3617 0.0254 -5.6219,
		 -4.3520 0.0254 -5.6196,
		 -4.3440 0.0254 -5.6137,
		 -4.3389 0.0254 -5.6052,
		 -4.3374 0.0254 -5.5955,
		 -4.3397 0.0254 -5.5858,
		 -4.3456 0.0254 -5.5778,
		 -4.3541 0.0254 -5.5727,
		 -4.3639 0.0254 -5.5712,
		 -4.3735 0.0254 -5.5735,
		 -4.3815 0.0254 -5.5794,
		 -4.3866 0.0254 -5.5879,
		 -4.3881 0.0254 -5.5977,
		 -4.3858 0.0254 -5.6073,
		 -4.3799 0.0254 -5.6153,
		 -4.3715 0.0254 -5.6204,
		 -4.3617 0.0203 -5.6214,
		 -4.3522 0.0203 -5.6191,
		 -4.3444 0.0203 -5.6134,
		 -4.3394 0.0203 -5.6051,
		 -4.3379 0.0203 -5.5955,
		 -4.3402 0.0203 -5.5860,
		 -4.3460 0.0203 -5.5782,
		 -4.3543 0.0203 -5.5732,
		 -4.3639 0.0203 -5.5717,
		 -4.3733 0.0203 -5.5740,
		 -4.3811 0.0203 -5.5797,
		 -4.3862 0.0203 -5.5880,
		 -4.3876 0.0203 -5.5976,
		 -4.3853 0.0203 -5.6071,
		 -4.3796 0.0203 -5.6149,
		 -4.3713 0.0203 -5.6199,
		 -4.3618 0.0152 -5.6198,
		 -4.3529 0.0152 -5.6177,
		 -4.3456 0.0152 -5.6123,
		 -4.3409 0.0152 -5.6045,
		 -4.3395 0.0152 -5.5955,
		 -4.3417 0.0152 -5.5867,
		 -4.3470 0.0152 -5.5794,
		 -4.3548 0.0152 -5.5747,
		 -4.3638 0.0152 -5.5733,
		 -4.3726 0.0152 -5.5755,
		 -4.3799 0.0152 -5.5808,
		 -4.3846 0.0152 -5.5886,
		 -4.3860 0.0152 -5.5976,
		 -4.3839 0.0152 -5.6064,
		 -4.3785 0.0152 -5.6137,
		 -4.3707 0.0152 -5.6184,
		 -4.3619 0.0102 -5.6169,
		 -4.3542 0.0102 -5.6150,
		 -4.3478 0.0102 -5.6103,
		 -4.3437 0.0102 -5.6035,
		 -4.3425 0.0102 -5.5957,
		 -4.3444 0.0102 -5.5880,
		 -4.3490 0.0102 -5.5816,
		 -4.3558 0.0102 -5.5775,
		 -4.3637 0.0102 -5.5763,
		 -4.3714 0.0102 -5.5781,
		 -4.3777 0.0102 -5.5828,
		 -4.3819 0.0102 -5.5896,
		 -4.3831 0.0102 -5.5974,
		 -4.3812 0.0102 -5.6051,
		 -4.3765 0.0102 -5.6115,
		 -4.3697 0.0102 -5.6157,
		 -4.3621 0.0051 -5.6118,
		 -4.3563 0.0051 -5.6104,
		 -4.3515 0.0051 -5.6069,
		 -4.3484 0.0051 -5.6018,
		 -4.3475 0.0051 -5.5959,
		 -4.3490 0.0051 -5.5901,
		 -4.3525 0.0051 -5.5853,
		 -4.3576 0.0051 -5.5822,
		 -4.3634 0.0051 -5.5813,
		 -4.3692 0.0051 -5.5827,
		 -4.3740 0.0051 -5.5863,
		 -4.3771 0.0051 -5.5913,
		 -4.3780 0.0051 -5.5972,
		 -4.3766 0.0051 -5.6030,
		 -4.3731 0.0051 -5.6078,
		 -4.3680 0.0051 -5.6109,
		 -4.3628 0.0000 -5.5966
		]
	} #Coordinate3
	Material {
		ambientColor      0.1176 0.1176 0.1176  #ambientColor
		diffuseColor      0.4706 0.4706 0.4706  #diffuseColor
		transparency      0.0000                #transparency
	} #Material

	IndexedFaceSet {
		coordIndex [ 
		 0, 16, 1,-1,
		 1, 16, 0,-1,
		 0, 1, 2,-1,
		 2, 1, 0,-1,
		 0, 2, 3,-1,
		 3, 2, 0,-1,
		 0, 3, 4,-1,
		 4, 3, 0,-1,
		 0, 4, 5,-1,
		 5, 4, 0,-1,
		 0, 5, 6,-1,
		 6, 5, 0,-1,
		 0, 6, 7,-1,
		 7, 6, 0,-1,
		 0, 7, 8,-1,
		 8, 7, 0,-1,
		 0, 8, 9,-1,
		 9, 8, 0,-1,
		 0, 9, 10,-1,
		 10, 9, 0,-1,
		 0, 10, 11,-1,
		 11, 10, 0,-1,
		 0, 11, 12,-1,
		 12, 11, 0,-1,
		 0, 12, 13,-1,
		 13, 12, 0,-1,
		 0, 13, 14,-1,
		 14, 13, 0,-1,
		 0, 14, 15,-1,
		 15, 14, 0,-1,
		 0, 15, 16,-1,
		 16, 15, 0,-1,
		 1, 16, 32, 17,-1,
		 17, 32, 16, 1,-1,
		 2, 1, 17, 18,-1,
		 18, 17, 1, 2,-1,
		 3, 2, 18, 19,-1,
		 19, 18, 2, 3,-1,
		 4, 3, 19, 20,-1,
		 20, 19, 3, 4,-1,
		 5, 4, 20, 21,-1,
		 21, 20, 4, 5,-1,
		 6, 5, 21, 22,-1,
		 22, 21, 5, 6,-1,
		 7, 6, 22, 23,-1,
		 23, 22, 6, 7,-1,
		 8, 7, 23, 24,-1,
		 24, 23, 7, 8,-1,
		 9, 8, 24, 25,-1,
		 25, 24, 8, 9,-1,
		 10, 9, 25, 26,-1,
		 26, 25, 9, 10,-1,
		 11, 10, 26, 27,-1,
		 27, 26, 10, 11,-1,
		 12, 11, 27, 28,-1,
		 28, 27, 11, 12,-1,
		 13, 12, 28, 29,-1,
		 29, 28, 12, 13,-1,
		 14, 13, 29, 30,-1,
		 30, 29, 13, 14,-1,
		 15, 14, 30, 31,-1,
		 31, 30, 14, 15,-1,
		 16, 15, 31, 32,-1,
		 32, 31, 15, 16,-1,
		 17, 32, 48, 33,-1,
		 33, 48, 32, 17,-1,
		 18, 17, 33, 34,-1,
		 34, 33, 17, 18,-1,
		 19, 18, 34, 35,-1,
		 35, 34, 18, 19,-1,
		 20, 19, 35, 36,-1,
		 36, 35, 19, 20,-1,
		 21, 20, 36, 37,-1,
		 37, 36, 20, 21,-1,
		 22, 21, 37, 38,-1,
		 38, 37, 21, 22,-1,
		 23, 22, 38, 39,-1,
		 39, 38, 22, 23,-1,
		 24, 23, 39, 40,-1,
		 40, 39, 23, 24,-1,
		 25, 24, 40, 41,-1,
		 41, 40, 24, 25,-1,
		 26, 25, 41, 42,-1,
		 42, 41, 25, 26,-1,
		 27, 26, 42, 43,-1,
		 43, 42, 26, 27,-1,
		 28, 27, 43, 44,-1,
		 44, 43, 27, 28,-1,
		 29, 28, 44, 45,-1,
		 45, 44, 28, 29,-1,
		 30, 29, 45, 46,-1,
		 46, 45, 29, 30,-1,
		 31, 30, 46, 47,-1,
		 47, 46, 30, 31,-1,
		 32, 31, 47, 48,-1,
		 48, 47, 31, 32,-1,
		 33, 48, 64, 49,-1,
		 49, 64, 48, 33,-1,
		 34, 33, 49, 50,-1,
		 50, 49, 33, 34,-1,
		 35, 34, 50, 51,-1,
		 51, 50, 34, 35,-1,
		 36, 35, 51, 52,-1,
		 52, 51, 35, 36,-1,
		 37, 36, 52, 53,-1,
		 53, 52, 36, 37,-1,
		 38, 37, 53, 54,-1,
		 54, 53, 37, 38,-1,
		 39, 38, 54, 55,-1,
		 55, 54, 38, 39,-1,
		 40, 39, 55, 56,-1,
		 56, 55, 39, 40,-1,
		 41, 40, 56, 57,-1,
		 57, 56, 40, 41,-1,
		 42, 41, 57, 58,-1,
		 58, 57, 41, 42,-1,
		 43, 42, 58, 59,-1,
		 59, 58, 42, 43,-1,
		 44, 43, 59, 60,-1,
		 60, 59, 43, 44,-1,
		 45, 44, 60, 61,-1,
		 61, 60, 44, 45,-1,
		 46, 45, 61, 62,-1,
		 62, 61, 45, 46,-1,
		 47, 46, 62, 63,-1,
		 63, 62, 46, 47,-1,
		 48, 47, 63, 64,-1,
		 64, 63, 47, 48,-1,
		 49, 64, 80, 65,-1,
		 65, 80, 64, 49,-1,
		 50, 49, 65, 66,-1,
		 66, 65, 49, 50,-1,
		 51, 50, 66, 67,-1,
		 67, 66, 50, 51,-1,
		 52, 51, 67, 68,-1,
		 68, 67, 51, 52,-1,
		 53, 52, 68, 69,-1,
		 69, 68, 52, 53,-1,
		 54, 53, 69, 70,-1,
		 70, 69, 53, 54,-1,
		 55, 54, 70, 71,-1,
		 71, 70, 54, 55,-1,
		 56, 55, 71, 72,-1,
		 72, 71, 55, 56,-1,
		 57, 56, 72, 73,-1,
		 73, 72, 56, 57,-1,
		 58, 57, 73, 74,-1,
		 74, 73, 57, 58,-1,
		 59, 58, 74, 75,-1,
		 75, 74, 58, 59,-1,
		 60, 59, 75, 76,-1,
		 76, 75, 59, 60,-1,
		 61, 60, 76, 77,-1,
		 77, 76, 60, 61,-1,
		 62, 61, 77, 78,-1,
		 78, 77, 61, 62,-1,
		 63, 62, 78, 79,-1,
		 79, 78, 62, 63,-1,
		 64, 63, 79, 80,-1,
		 80, 79, 63, 64,-1,
		 65, 80, 96, 81,-1,
		 81, 96, 80, 65,-1,
		 66, 65, 81, 82,-1,
		 82, 81, 65, 66,-1,
		 67, 66, 82, 83,-1,
		 83, 82, 66, 67,-1,
		 68, 67, 83, 84,-1,
		 84, 83, 67, 68,-1,
		 69, 68, 84, 85,-1,
		 85, 84, 68, 69,-1,
		 70, 69, 85, 86,-1,
		 86, 85, 69, 70,-1,
		 71, 70, 86, 87,-1,
		 87, 86, 70, 71,-1,
		 72, 71, 87, 88,-1,
		 88, 87, 71, 72,-1,
		 73, 72, 88, 89,-1,
		 89, 88, 72, 73,-1,
		 74, 73, 89, 90,-1,
		 90, 89, 73, 74,-1,
		 75, 74, 90, 91,-1,
		 91, 90, 74, 75,-1,
		 76, 75, 91, 92,-1,
		 92, 91, 75, 76,-1,
		 77, 76, 92, 93,-1,
		 93, 92, 76, 77,-1,
		 78, 77, 93, 94,-1,
		 94, 93, 77, 78,-1,
		 79, 78, 94, 95,-1,
		 95, 94, 78, 79,-1,
		 80, 79, 95, 96,-1,
		 96, 95, 79, 80,-1,
		 81, 96, 112, 97,-1,
		 97, 112, 96, 81,-1,
		 82, 81, 97, 98,-1,
		 98, 97, 81, 82,-1,
		 83, 82, 98, 99,-1,
		 99, 98, 82, 83,-1,
		 84, 83, 99, 100,-1,
		 100, 99, 83, 84,-1,
		 85, 84, 100, 101,-1,
		 101, 100, 84, 85,-1,
		 86, 85, 101, 102,-1,
		 102, 101, 85, 86,-1,
		 87, 86, 102, 103,-1,
		 103, 102, 86, 87,-1,
		 88, 87, 103, 104,-1,
		 104, 103, 87, 88,-1,
		 89, 88, 104, 105,-1,
		 105, 104, 88, 89,-1,
		 90, 89, 105, 106,-1,
		 106, 105, 89, 90,-1,
		 91, 90, 106, 107,-1,
		 107, 106, 90, 91,-1,
		 92, 91, 107, 108,-1,
		 108, 107, 91, 92,-1,
		 93, 92, 108, 109,-1,
		 109, 108, 92, 93,-1,
		 94, 93, 109, 110,-1,
		 110, 109, 93, 94,-1,
		 95, 94, 110, 111,-1,
		 111, 110, 94, 95,-1,
		 96, 95, 111, 112,-1,
		 112, 111, 95, 96,-1,
		 97, 112, 128, 113,-1,
		 113, 128, 112, 97,-1,
		 98, 97, 113, 114,-1,
		 114, 113, 97, 98,-1,
		 99, 98, 114, 115,-1,
		 115, 114, 98, 99,-1,
		 100, 99, 115, 116,-1,
		 116, 115, 99, 100,-1,
		 101, 100, 116, 117,-1,
		 117, 116, 100, 101,-1,
		 102, 101, 117, 118,-1,
		 118, 117, 101, 102,-1,
		 103, 102, 118, 119,-1,
		 119, 118, 102, 103,-1,
		 104, 103, 119, 120,-1,
		 120, 119, 103, 104,-1,
		 105, 104, 120, 121,-1,
		 121, 120, 104, 105,-1,
		 106, 105, 121, 122,-1,
		 122, 121, 105, 106,-1,
		 107, 106, 122, 123,-1,
		 123, 122, 106, 107,-1,
		 108, 107, 123, 124,-1,
		 124, 123, 107, 108,-1,
		 109, 108, 124, 125,-1,
		 125, 124, 108, 109,-1,
		 110, 109, 125, 126,-1,
		 126, 125, 109, 110,-1,
		 111, 110, 126, 127,-1,
		 127, 126, 110, 111,-1,
		 112, 111, 127, 128,-1,
		 128, 127, 111, 112,-1,
		 113, 128, 144, 129,-1,
		 129, 144, 128, 113,-1,
		 114, 113, 129, 130,-1,
		 130, 129, 113, 114,-1,
		 115, 114, 130, 131,-1,
		 131, 130, 114, 115,-1,
		 116, 115, 131, 132,-1,
		 132, 131, 115, 116,-1,
		 117, 116, 132, 133,-1,
		 133, 132, 116, 117,-1,
		 118, 117, 133, 134,-1,
		 134, 133, 117, 118,-1,
		 119, 118, 134, 135,-1,
		 135, 134, 118, 119,-1,
		 120, 119, 135, 136,-1,
		 136, 135, 119, 120,-1,
		 121, 120, 136, 137,-1,
		 137, 136, 120, 121,-1,
		 122, 121, 137, 138,-1,
		 138, 137, 121, 122,-1,
		 123, 122, 138, 139,-1,
		 139, 138, 122, 123,-1,
		 124, 123, 139, 140,-1,
		 140, 139, 123, 124,-1,
		 125, 124, 140, 141,-1,
		 141, 140, 124, 125,-1,
		 126, 125, 141, 142,-1,
		 142, 141, 125, 126,-1,
		 127, 126, 142, 143,-1,
		 143, 142, 126, 127,-1,
		 128, 127, 143, 144,-1,
		 144, 143, 127, 128,-1,
		 129, 144, 145,-1,
		 145, 144, 129,-1,
		 130, 129, 145,-1,
		 145, 129, 130,-1,
		 131, 130, 145,-1,
		 145, 130, 131,-1,
		 132, 131, 145,-1,
		 145, 131, 132,-1,
		 133, 132, 145,-1,
		 145, 132, 133,-1,
		 134, 133, 145,-1,
		 145, 133, 134,-1,
		 135, 134, 145,-1,
		 145, 134, 135,-1,
		 136, 135, 145,-1,
		 145, 135, 136,-1,
		 137, 136, 145,-1,
		 145, 136, 137,-1,
		 138, 137, 145,-1,
		 145, 137, 138,-1,
		 139, 138, 145,-1,
		 145, 138, 139,-1,
		 140, 139, 145,-1,
		 145, 139, 140,-1,
		 141, 140, 145,-1,
		 145, 140, 141,-1,
		 142, 141, 145,-1,
		 145, 141, 142,-1,
		 143, 142, 145,-1,
		 145, 142, 143,-1,
		 144, 143, 145,-1,
		 145, 143, 144,-1,
		]
	} #IndexedFaceSet
} #Polyhedron
Separator { #Polyhedron
	DEF COORD195 Coordinate3 {
		point [
		 -4.5298 0.0508 -5.2385,
		 -4.5291 0.0457 -5.2537,
		 -4.5233 0.0457 -5.2523,
		 -4.5185 0.0457 -5.2487,
		 -4.5154 0.0457 -5.2437,
		 -4.5145 0.0457 -5.2378,
		 -4.5159 0.0457 -5.2320,
		 -4.5195 0.0457 -5.2272,
		 -4.5245 0.0457 -5.2241,
		 -4.5304 0.0457 -5.2232,
		 -4.5362 0.0457 -5.2246,
		 -4.5410 0.0457 -5.2282,
		 -4.5441 0.0457 -5.2332,
		 -4.5450 0.0457 -5.2391,
		 -4.5436 0.0457 -5.2449,
		 -4.5401 0.0457 -5.2497,
		 -4.5350 0.0457 -5.2528,
		 -4.5289 0.0406 -5.2588,
		 -4.5212 0.0406 -5.2569,
		 -4.5148 0.0406 -5.2522,
		 -4.5107 0.0406 -5.2454,
		 -4.5095 0.0406 -5.2376,
		 -4.5113 0.0406 -5.2299,
		 -4.5160 0.0406 -5.2235,
		 -4.5228 0.0406 -5.2194,
		 -4.5306 0.0406 -5.2182,
		 -4.5383 0.0406 -5.2200,
		 -4.5447 0.0406 -5.2247,
		 -4.5489 0.0406 -5.2315,
		 -4.5501 0.0406 -5.2393,
		 -4.5482 0.0406 -5.2470,
		 -4.5435 0.0406 -5.2534,
		 -4.5367 0.0406 -5.2575,
		 -4.5287 0.0356 -5.2617,
		 -4.5199 0.0356 -5.2596,
		 -4.5126 0.0356 -5.2542,
		 -4.5079 0.0356 -5.2464,
		 -4.5065 0.0356 -5.2374,
		 -4.5087 0.0356 -5.2286,
		 -4.5140 0.0356 -5.2213,
		 -4.5218 0.0356 -5.2166,
		 -4.5308 0.0356 -5.2152,
		 -4.5396 0.0356 -5.2174,
		 -4.5469 0.0356 -5.2227,
		 -4.5516 0.0356 -5.2305,
		 -4.5530 0.0356 -5.2395,
		 -4.5509 0.0356 -5.2483,
		 -4.5455 0.0356 -5.2556,
		 -4.5377 0.0356 -5.2603,
		 -4.5287 0.0305 -5.2633,
		 -4.5192 0.0305 -5.2610,
		 -4.5114 0.0305 -5.2553,
		 -4.5064 0.0305 -5.2470,
		 -4.5049 0.0305 -5.2374,
		 -4.5072 0.0305 -5.2279,
		 -4.5129 0.0305 -5.2201,
		 -4.5212 0.0305 -5.2151,
		 -4.5308 0.0305 -5.2136,
		 -4.5403 0.0305 -5.2159,
		 -4.5481 0.0305 -5.2216,
		 -4.5531 0.0305 -5.2299,
		 -4.5546 0.0305 -5.2395,
		 -4.5523 0.0305 -5.2490,
		 -4.5466 0.0305 -5.2568,
		 -4.5383 0.0305 -5.2618,
		 -4.5286 0.0254 -5.2638,
		 -4.5190 0.0254 -5.2615,
		 -4.5110 0.0254 -5.2556,
		 -4.5059 0.0254 -5.2471,
		 -4.5044 0.0254 -5.2373,
		 -4.5067 0.0254 -5.2277,
		 -4.5126 0.0254 -5.2197,
		 -4.5211 0.0254 -5.2146,
		 -4.5309 0.0254 -5.2131,
		 -4.5405 0.0254 -5.2154,
		 -4.5485 0.0254 -5.2213,
		 -4.5536 0.0254 -5.2298,
		 -4.5551 0.0254 -5.2396,
		 -4.5528 0.0254 -5.2492,
		 -4.5469 0.0254 -5.2572,
		 -4.5384 0.0254 -5.2623,
		 -4.5287 0.0203 -5.2633,
		 -4.5192 0.0203 -5.2610,
		 -4.5114 0.0203 -5.2553,
		 -4.5064 0.0203 -5.2470,
		 -4.5049 0.0203 -5.2374,
		 -4.5072 0.0203 -5.2279,
		 -4.5129 0.0203 -5.2201,
		 -4.5212 0.0203 -5.2151,
		 -4.5308 0.0203 -5.2136,
		 -4.5403 0.0203 -5.2159,
		 -4.5481 0.0203 -5.2216,
		 -4.5531 0.0203 -5.2299,
		 -4.5546 0.0203 -5.2395,
		 -4.5523 0.0203 -5.2490,
		 -4.5466 0.0203 -5.2568,
		 -4.5383 0.0203 -5.2618,
		 -4.5287 0.0152 -5.2617,
		 -4.5199 0.0152 -5.2596,
		 -4.5126 0.0152 -5.2542,
		 -4.5079 0.0152 -5.2464,
		 -4.5065 0.0152 -5.2374,
		 -4.5087 0.0152 -5.2286,
		 -4.5140 0.0152 -5.2213,
		 -4.5218 0.0152 -5.2166,
		 -4.5308 0.0152 -5.2152,
		 -4.5396 0.0152 -5.2174,
		 -4.5469 0.0152 -5.2227,
		 -4.5516 0.0152 -5.2305,
		 -4.5530 0.0152 -5.2395,
		 -4.5509 0.0152 -5.2483,
		 -4.5455 0.0152 -5.2556,
		 -4.5377 0.0152 -5.2603,
		 -4.5289 0.0102 -5.2588,
		 -4.5212 0.0102 -5.2569,
		 -4.5148 0.0102 -5.2522,
		 -4.5107 0.0102 -5.2454,
		 -4.5095 0.0102 -5.2376,
		 -4.5113 0.0102 -5.2299,
		 -4.5160 0.0102 -5.2235,
		 -4.5228 0.0102 -5.2194,
		 -4.5306 0.0102 -5.2182,
		 -4.5383 0.0102 -5.2200,
		 -4.5447 0.0102 -5.2247,
		 -4.5489 0.0102 -5.2315,
		 -4.5501 0.0102 -5.2393,
		 -4.5482 0.0102 -5.2470,
		 -4.5435 0.0102 -5.2534,
		 -4.5367 0.0102 -5.2575,
		 -4.5291 0.0051 -5.2537,
		 -4.5233 0.0051 -5.2523,
		 -4.5185 0.0051 -5.2487,
		 -4.5154 0.0051 -5.2437,
		 -4.5145 0.0051 -5.2378,
		 -4.5159 0.0051 -5.2320,
		 -4.5195 0.0051 -5.2272,
		 -4.5245 0.0051 -5.2241,
		 -4.5304 0.0051 -5.2232,
		 -4.5362 0.0051 -5.2246,
		 -4.5410 0.0051 -5.2282,
		 -4.5441 0.0051 -5.2332,
		 -4.5450 0.0051 -5.2391,
		 -4.5436 0.0051 -5.2449,
		 -4.5401 0.0051 -5.2497,
		 -4.5350 0.0051 -5.2528,
		 -4.5298 0.0000 -5.2385
		]
	} #Coordinate3
	Material {
		ambientColor      0.1176 0.1176 0.1176  #ambientColor
		diffuseColor      0.4706 0.4706 0.4706  #diffuseColor
		transparency      0.0000                #transparency
	} #Material

	IndexedFaceSet {
		coordIndex [ 
		 0, 16, 1,-1,
		 1, 16, 0,-1,
		 0, 1, 2,-1,
		 2, 1, 0,-1,
		 0, 2, 3,-1,
		 3, 2, 0,-1,
		 0, 3, 4,-1,
		 4, 3, 0,-1,
		 0, 4, 5,-1,
		 5, 4, 0,-1,
		 0, 5, 6,-1,
		 6, 5, 0,-1,
		 0, 6, 7,-1,
		 7, 6, 0,-1,
		 0, 7, 8,-1,
		 8, 7, 0,-1,
		 0, 8, 9,-1,
		 9, 8, 0,-1,
		 0, 9, 10,-1,
		 10, 9, 0,-1,
		 0, 10, 11,-1,
		 11, 10, 0,-1,
		 0, 11, 12,-1,
		 12, 11, 0,-1,
		 0, 12, 13,-1,
		 13, 12, 0,-1,
		 0, 13, 14,-1,
		 14, 13, 0,-1,
		 0, 14, 15,-1,
		 15, 14, 0,-1,
		 0, 15, 16,-1,
		 16, 15, 0,-1,
		 1, 16, 32, 17,-1,
		 17, 32, 16, 1,-1,
		 2, 1, 17, 18,-1,
		 18, 17, 1, 2,-1,
		 3, 2, 18, 19,-1,
		 19, 18, 2, 3,-1,
		 4, 3, 19, 20,-1,
		 20, 19, 3, 4,-1,
		 5, 4, 20, 21,-1,
		 21, 20, 4, 5,-1,
		 6, 5, 21, 22,-1,
		 22, 21, 5, 6,-1,
		 7, 6, 22, 23,-1,
		 23, 22, 6, 7,-1,
		 8, 7, 23, 24,-1,
		 24, 23, 7, 8,-1,
		 9, 8, 24, 25,-1,
		 25, 24, 8, 9,-1,
		 10, 9, 25, 26,-1,
		 26, 25, 9, 10,-1,
		 11, 10, 26, 27,-1,
		 27, 26, 10, 11,-1,
		 12, 11, 27, 28,-1,
		 28, 27, 11, 12,-1,
		 13, 12, 28, 29,-1,
		 29, 28, 12, 13,-1,
		 14, 13, 29, 30,-1,
		 30, 29, 13, 14,-1,
		 15, 14, 30, 31,-1,
		 31, 30, 14, 15,-1,
		 16, 15, 31, 32,-1,
		 32, 31, 15, 16,-1,
		 17, 32, 48, 33,-1,
		 33, 48, 32, 17,-1,
		 18, 17, 33, 34,-1,
		 34, 33, 17, 18,-1,
		 19, 18, 34, 35,-1,
		 35, 34, 18, 19,-1,
		 20, 19, 35, 36,-1,
		 36, 35, 19, 20,-1,
		 21, 20, 36, 37,-1,
		 37, 36, 20, 21,-1,
		 22, 21, 37, 38,-1,
		 38, 37, 21, 22,-1,
		 23, 22, 38, 39,-1,
		 39, 38, 22, 23,-1,
		 24, 23, 39, 40,-1,
		 40, 39, 23, 24,-1,
		 25, 24, 40, 41,-1,
		 41, 40, 24, 25,-1,
		 26, 25, 41, 42,-1,
		 42, 41, 25, 26,-1,
		 27, 26, 42, 43,-1,
		 43, 42, 26, 27,-1,
		 28, 27, 43, 44,-1,
		 44, 43, 27, 28,-1,
		 29, 28, 44, 45,-1,
		 45, 44, 28, 29,-1,
		 30, 29, 45, 46,-1,
		 46, 45, 29, 30,-1,
		 31, 30, 46, 47,-1,
		 47, 46, 30, 31,-1,
		 32, 31, 47, 48,-1,
		 48, 47, 31, 32,-1,
		 33, 48, 64, 49,-1,
		 49, 64, 48, 33,-1,
		 34, 33, 49, 50,-1,
		 50, 49, 33, 34,-1,
		 35, 34, 50, 51,-1,
		 51, 50, 34, 35,-1,
		 36, 35, 51, 52,-1,
		 52, 51, 35, 36,-1,
		 37, 36, 52, 53,-1,
		 53, 52, 36, 37,-1,
		 38, 37, 53, 54,-1,
		 54, 53, 37, 38,-1,
		 39, 38, 54, 55,-1,
		 55, 54, 38, 39,-1,
		 40, 39, 55, 56,-1,
		 56, 55, 39, 40,-1,
		 41, 40, 56, 57,-1,
		 57, 56, 40, 41,-1,
		 42, 41, 57, 58,-1,
		 58, 57, 41, 42,-1,
		 43, 42, 58, 59,-1,
		 59, 58, 42, 43,-1,
		 44, 43, 59, 60,-1,
		 60, 59, 43, 44,-1,
		 45, 44, 60, 61,-1,
		 61, 60, 44, 45,-1,
		 46, 45, 61, 62,-1,
		 62, 61, 45, 46,-1,
		 47, 46, 62, 63,-1,
		 63, 62, 46, 47,-1,
		 48, 47, 63, 64,-1,
		 64, 63, 47, 48,-1,
		 49, 64, 80, 65,-1,
		 65, 80, 64, 49,-1,
		 50, 49, 65, 66,-1,
		 66, 65, 49, 50,-1,
		 51, 50, 66, 67,-1,
		 67, 66, 50, 51,-1,
		 52, 51, 67, 68,-1,
		 68, 67, 51, 52,-1,
		 53, 52, 68, 69,-1,
		 69, 68, 52, 53,-1,
		 54, 53, 69, 70,-1,
		 70, 69, 53, 54,-1,
		 55, 54, 70, 71,-1,
		 71, 70, 54, 55,-1,
		 56, 55, 71, 72,-1,
		 72, 71, 55, 56,-1,
		 57, 56, 72, 73,-1,
		 73, 72, 56, 57,-1,
		 58, 57, 73, 74,-1,
		 74, 73, 57, 58,-1,
		 59, 58, 74, 75,-1,
		 75, 74, 58, 59,-1,
		 60, 59, 75, 76,-1,
		 76, 75, 59, 60,-1,
		 61, 60, 76, 77,-1,
		 77, 76, 60, 61,-1,
		 62, 61, 77, 78,-1,
		 78, 77, 61, 62,-1,
		 63, 62, 78, 79,-1,
		 79, 78, 62, 63,-1,
		 64, 63, 79, 80,-1,
		 80, 79, 63, 64,-1,
		 65, 80, 96, 81,-1,
		 81, 96, 80, 65,-1,
		 66, 65, 81, 82,-1,
		 82, 81, 65, 66,-1,
		 67, 66, 82, 83,-1,
		 83, 82, 66, 67,-1,
		 68, 67, 83, 84,-1,
		 84, 83, 67, 68,-1,
		 69, 68, 84, 85,-1,
		 85, 84, 68, 69,-1,
		 70, 69, 85, 86,-1,
		 86, 85, 69, 70,-1,
		 71, 70, 86, 87,-1,
		 87, 86, 70, 71,-1,
		 72, 71, 87, 88,-1,
		 88, 87, 71, 72,-1,
		 73, 72, 88, 89,-1,
		 89, 88, 72, 73,-1,
		 74, 73, 89, 90,-1,
		 90, 89, 73, 74,-1,
		 75, 74, 90, 91,-1,
		 91, 90, 74, 75,-1,
		 76, 75, 91, 92,-1,
		 92, 91, 75, 76,-1,
		 77, 76, 92, 93,-1,
		 93, 92, 76, 77,-1,
		 78, 77, 93, 94,-1,
		 94, 93, 77, 78,-1,
		 79, 78, 94, 95,-1,
		 95, 94, 78, 79,-1,
		 80, 79, 95, 96,-1,
		 96, 95, 79, 80,-1,
		 81, 96, 112, 97,-1,
		 97, 112, 96, 81,-1,
		 82, 81, 97, 98,-1,
		 98, 97, 81, 82,-1,
		 83, 82, 98, 99,-1,
		 99, 98, 82, 83,-1,
		 84, 83, 99, 100,-1,
		 100, 99, 83, 84,-1,
		 85, 84, 100, 101,-1,
		 101, 100, 84, 85,-1,
		 86, 85, 101, 102,-1,
		 102, 101, 85, 86,-1,
		 87, 86, 102, 103,-1,
		 103, 102, 86, 87,-1,
		 88, 87, 103, 104,-1,
		 104, 103, 87, 88,-1,
		 89, 88, 104, 105,-1,
		 105, 104, 88, 89,-1,
		 90, 89, 105, 106,-1,
		 106, 105, 89, 90,-1,
		 91, 90, 106, 107,-1,
		 107, 106, 90, 91,-1,
		 92, 91, 107, 108,-1,
		 108, 107, 91, 92,-1,
		 93, 92, 108, 109,-1,
		 109, 108, 92, 93,-1,
		 94, 93, 109, 110,-1,
		 110, 109, 93, 94,-1,
		 95, 94, 110, 111,-1,
		 111, 110, 94, 95,-1,
		 96, 95, 111, 112,-1,
		 112, 111, 95, 96,-1,
		 97, 112, 128, 113,-1,
		 113, 128, 112, 97,-1,
		 98, 97, 113, 114,-1,
		 114, 113, 97, 98,-1,
		 99, 98, 114, 115,-1,
		 115, 114, 98, 99,-1,
		 100, 99, 115, 116,-1,
		 116, 115, 99, 100,-1,
		 101, 100, 116, 117,-1,
		 117, 116, 100, 101,-1,
		 102, 101, 117, 118,-1,
		 118, 117, 101, 102,-1,
		 103, 102, 118, 119,-1,
		 119, 118, 102, 103,-1,
		 104, 103, 119, 120,-1,
		 120, 119, 103, 104,-1,
		 105, 104, 120, 121,-1,
		 121, 120, 104, 105,-1,
		 106, 105, 121, 122,-1,
		 122, 121, 105, 106,-1,
		 107, 106, 122, 123,-1,
		 123, 122, 106, 107,-1,
		 108, 107, 123, 124,-1,
		 124, 123, 107, 108,-1,
		 109, 108, 124, 125,-1,
		 125, 124, 108, 109,-1,
		 110, 109, 125, 126,-1,
		 126, 125, 109, 110,-1,
		 111, 110, 126, 127,-1,
		 127, 126, 110, 111,-1,
		 112, 111, 127, 128,-1,
		 128, 127, 111, 112,-1,
		 113, 128, 144, 129,-1,
		 129, 144, 128, 113,-1,
		 114, 113, 129, 130,-1,
		 130, 129, 113, 114,-1,
		 115, 114, 130, 131,-1,
		 131, 130, 114, 115,-1,
		 116, 115, 131, 132,-1,
		 132, 131, 115, 116,-1,
		 117, 116, 132, 133,-1,
		 133, 132, 116, 117,-1,
		 118, 117, 133, 134,-1,
		 134, 133, 117, 118,-1,
		 119, 118, 134, 135,-1,
		 135, 134, 118, 119,-1,
		 120, 119, 135, 136,-1,
		 136, 135, 119, 120,-1,
		 121, 120, 136, 137,-1,
		 137, 136, 120, 121,-1,
		 122, 121, 137, 138,-1,
		 138, 137, 121, 122,-1,
		 123, 122, 138, 139,-1,
		 139, 138, 122, 123,-1,
		 124, 123, 139, 140,-1,
		 140, 139, 123, 124,-1,
		 125, 124, 140, 141,-1,
		 141, 140, 124, 125,-1,
		 126, 125, 141, 142,-1,
		 142, 141, 125, 126,-1,
		 127, 126, 142, 143,-1,
		 143, 142, 126, 127,-1,
		 128, 127, 143, 144,-1,
		 144, 143, 127, 128,-1,
		 129, 144, 145,-1,
		 145, 144, 129,-1,
		 130, 129, 145,-1,
		 145, 129, 130,-1,
		 131, 130, 145,-1,
		 145, 130, 131,-1,
		 132, 131, 145,-1,
		 145, 131, 132,-1,
		 133, 132, 145,-1,
		 145, 132, 133,-1,
		 134, 133, 145,-1,
		 145, 133, 134,-1,
		 135, 134, 145,-1,
		 145, 134, 135,-1,
		 136, 135, 145,-1,
		 145, 135, 136,-1,
		 137, 136, 145,-1,
		 145, 136, 137,-1,
		 138, 137, 145,-1,
		 145, 137, 138,-1,
		 139, 138, 145,-1,
		 145, 138, 139,-1,
		 140, 139, 145,-1,
		 145, 139, 140,-1,
		 141, 140, 145,-1,
		 145, 140, 141,-1,
		 142, 141, 145,-1,
		 145, 141, 142,-1,
		 143, 142, 145,-1,
		 145, 142, 143,-1,
		 144, 143, 145,-1,
		 145, 143, 144,-1,
		]
	} #IndexedFaceSet
} #Polyhedron
Separator { #Polyhedron
	DEF COORD196 Coordinate3 {
		point [
		 -4.2661 0.4318 -5.3594,
		 -4.2565 0.4318 -5.3570,
		 -4.2485 0.4318 -5.3512,
		 -4.2433 0.4318 -5.3427,
		 -4.2418 0.4318 -5.3329,
		 -4.2442 0.4318 -5.3233,
		 -4.2500 0.4318 -5.3153,
		 -4.2585 0.4318 -5.3101,
		 -4.2683 0.4318 -5.3086,
		 -4.2779 0.4318 -5.3110,
		 -4.2859 0.4318 -5.3169,
		 -4.2911 0.4318 -5.3253,
		 -4.2926 0.4318 -5.3351,
		 -4.2902 0.4318 -5.3447,
		 -4.2844 0.4318 -5.3527,
		 -4.2759 0.4318 -5.3579,
		 -4.2661 0.1524 -5.3594,
		 -4.2565 0.1524 -5.3570,
		 -4.2485 0.1524 -5.3512,
		 -4.2433 0.1524 -5.3427,
		 -4.2418 0.1524 -5.3329,
		 -4.2442 0.1524 -5.3233,
		 -4.2500 0.1524 -5.3153,
		 -4.2585 0.1524 -5.3101,
		 -4.2683 0.1524 -5.3086,
		 -4.2779 0.1524 -5.3110,
		 -4.2859 0.1524 -5.3169,
		 -4.2911 0.1524 -5.3253,
		 -4.2926 0.1524 -5.3351,
		 -4.2902 0.1524 -5.3447,
		 -4.2844 0.1524 -5.3527,
		 -4.2759 0.1524 -5.3579
		]
	} #Coordinate3
	Material {
		ambientColor      0.1951 0.1951 0.1951  #ambientColor
		diffuseColor      0.7804 0.7804 0.7804  #diffuseColor
		transparency      0.0000                #transparency
	} #Material

	IndexedFaceSet {
		coordIndex [ 
		 0, 1, 2, 3, 4, 5, 6, 7, 8, 9, 10, 11, 12, 13, 14, 15,-1,
		 15, 14, 13, 12, 11, 10, 9, 8, 7, 6, 5, 4, 3, 2, 1, 0,-1,
		 0, 15, 31, 16,-1,
		 16, 31, 15, 0,-1,
		 1, 0, 16, 17,-1,
		 17, 16, 0, 1,-1,
		 2, 1, 17, 18,-1,
		 18, 17, 1, 2,-1,
		 3, 2, 18, 19,-1,
		 19, 18, 2, 3,-1,
		 4, 3, 19, 20,-1,
		 20, 19, 3, 4,-1,
		 5, 4, 20, 21,-1,
		 21, 20, 4, 5,-1,
		 6, 5, 21, 22,-1,
		 22, 21, 5, 6,-1,
		 7, 6, 22, 23,-1,
		 23, 22, 6, 7,-1,
		 8, 7, 23, 24,-1,
		 24, 23, 7, 8,-1,
		 9, 8, 24, 25,-1,
		 25, 24, 8, 9,-1,
		 10, 9, 25, 26,-1,
		 26, 25, 9, 10,-1,
		 11, 10, 26, 27,-1,
		 27, 26, 10, 11,-1,
		 12, 11, 27, 28,-1,
		 28, 27, 11, 12,-1,
		 13, 12, 28, 29,-1,
		 29, 28, 12, 13,-1,
		 14, 13, 29, 30,-1,
		 30, 29, 13, 14,-1,
		 15, 14, 30, 31,-1,
		 31, 30, 14, 15,-1,
		 31, 30, 29, 28, 27, 26, 25, 24, 23, 22, 21, 20, 19, 18, 17, 16,-1,
		 16, 17, 18, 19, 20, 21, 22, 23, 24, 25, 26, 27, 28, 29, 30, 31,-1,
		]
	} #IndexedFaceSet
} #Polyhedron
Separator { #Polyhedron
	DEF COORD197 Coordinate3 {
		point [
		 -4.2539 0.4826 -5.6385,
		 -4.1384 0.4826 -5.6102,
		 -4.0425 0.4826 -5.5399,
		 -3.9808 0.4826 -5.4383,
		 -3.9627 0.4826 -5.3207,
		 -3.9910 0.4826 -5.2052,
		 -4.0613 0.4826 -5.1093,
		 -4.1630 0.4826 -5.0476,
		 -4.2805 0.4826 -5.0295,
		 -4.3960 0.4826 -5.0578,
		 -4.4919 0.4826 -5.1281,
		 -4.5536 0.4826 -5.2298,
		 -4.5717 0.4826 -5.3473,
		 -4.5434 0.4826 -5.4628,
		 -4.4731 0.4826 -5.5587,
		 -4.3715 0.4826 -5.6204,
		 -4.2539 0.4572 -5.6385,
		 -4.1384 0.4572 -5.6102,
		 -4.0425 0.4572 -5.5399,
		 -3.9808 0.4572 -5.4383,
		 -3.9627 0.4572 -5.3207,
		 -3.9910 0.4572 -5.2052,
		 -4.0613 0.4572 -5.1093,
		 -4.1630 0.4572 -5.0476,
		 -4.2805 0.4572 -5.0295,
		 -4.3960 0.4572 -5.0578,
		 -4.4919 0.4572 -5.1281,
		 -4.5536 0.4572 -5.2298,
		 -4.5717 0.4572 -5.3473,
		 -4.5434 0.4572 -5.4628,
		 -4.4731 0.4572 -5.5587,
		 -4.3715 0.4572 -5.6204
		]
	} #Coordinate3
	Material {
		ambientColor      0.1951 0.1951 0.1951  #ambientColor
		diffuseColor      0.7804 0.7804 0.7804  #diffuseColor
		transparency      0.0000                #transparency
	} #Material

	IndexedFaceSet {
		coordIndex [ 
		 0, 1, 2, 3, 4, 5, 6, 7, 8, 9, 10, 11, 12, 13, 14, 15,-1,
		 15, 14, 13, 12, 11, 10, 9, 8, 7, 6, 5, 4, 3, 2, 1, 0,-1,
		 0, 15, 31, 16,-1,
		 16, 31, 15, 0,-1,
		 1, 0, 16, 17,-1,
		 17, 16, 0, 1,-1,
		 2, 1, 17, 18,-1,
		 18, 17, 1, 2,-1,
		 3, 2, 18, 19,-1,
		 19, 18, 2, 3,-1,
		 4, 3, 19, 20,-1,
		 20, 19, 3, 4,-1,
		 5, 4, 20, 21,-1,
		 21, 20, 4, 5,-1,
		 6, 5, 21, 22,-1,
		 22, 21, 5, 6,-1,
		 7, 6, 22, 23,-1,
		 23, 22, 6, 7,-1,
		 8, 7, 23, 24,-1,
		 24, 23, 7, 8,-1,
		 9, 8, 24, 25,-1,
		 25, 24, 8, 9,-1,
		 10, 9, 25, 26,-1,
		 26, 25, 9, 10,-1,
		 11, 10, 26, 27,-1,
		 27, 26, 10, 11,-1,
		 12, 11, 27, 28,-1,
		 28, 27, 11, 12,-1,
		 13, 12, 28, 29,-1,
		 29, 28, 12, 13,-1,
		 14, 13, 29, 30,-1,
		 30, 29, 13, 14,-1,
		 15, 14, 30, 31,-1,
		 31, 30, 14, 15,-1,
		 31, 30, 29, 28, 27, 26, 25, 24, 23, 22, 21, 20, 19, 18, 17, 16,-1,
		 16, 17, 18, 19, 20, 21, 22, 23, 24, 25, 26, 27, 28, 29, 30, 31,-1,
		]
	} #IndexedFaceSet
} #Polyhedron
Separator { #Polyhedron
	DEF COORD198 Coordinate3 {
		point [
		 -4.2672 0.5334 -5.3340,
		 -4.2599 0.5232 -5.5015,
		 -4.1964 0.5232 -5.4859,
		 -4.1436 0.5232 -5.4473,
		 -4.1097 0.5232 -5.3913,
		 -4.0997 0.5232 -5.3267,
		 -4.1153 0.5232 -5.2632,
		 -4.1540 0.5232 -5.2104,
		 -4.2099 0.5232 -5.1765,
		 -4.2745 0.5232 -5.1665,
		 -4.3381 0.5232 -5.1821,
		 -4.3908 0.5232 -5.2208,
		 -4.4247 0.5232 -5.2767,
		 -4.4347 0.5232 -5.3413,
		 -4.4191 0.5232 -5.4049,
		 -4.3805 0.5232 -5.4576,
		 -4.3245 0.5232 -5.4915,
		 -4.2575 0.5131 -5.5573,
		 -4.1727 0.5131 -5.5366,
		 -4.1024 0.5131 -5.4850,
		 -4.0572 0.5131 -5.4105,
		 -4.0439 0.5131 -5.3243,
		 -4.0646 0.5131 -5.2395,
		 -4.1162 0.5131 -5.1692,
		 -4.1908 0.5131 -5.1240,
		 -4.2770 0.5131 -5.1107,
		 -4.3617 0.5131 -5.1314,
		 -4.4320 0.5131 -5.1830,
		 -4.4772 0.5131 -5.2576,
		 -4.4905 0.5131 -5.3438,
		 -4.4698 0.5131 -5.4285,
		 -4.4182 0.5131 -5.4988,
		 -4.3437 0.5131 -5.5440,
		 -4.2560 0.5029 -5.5898,
		 -4.1590 0.5029 -5.5661,
		 -4.0784 0.5029 -5.5070,
		 -4.0266 0.5029 -5.4216,
		 -4.0114 0.5029 -5.3228,
		 -4.0351 0.5029 -5.2258,
		 -4.0942 0.5029 -5.1452,
		 -4.1796 0.5029 -5.0934,
		 -4.2784 0.5029 -5.0782,
		 -4.3754 0.5029 -5.1019,
		 -4.4560 0.5029 -5.1610,
		 -4.5078 0.5029 -5.2464,
		 -4.5230 0.5029 -5.3452,
		 -4.4993 0.5029 -5.4422,
		 -4.4402 0.5029 -5.5228,
		 -4.3548 0.5029 -5.5746,
		 -4.2553 0.4928 -5.6075,
		 -4.1515 0.4928 -5.5821,
		 -4.0654 0.4928 -5.5190,
		 -4.0100 0.4928 -5.4276,
		 -3.9937 0.4928 -5.3221,
		 -4.0191 0.4928 -5.2183,
		 -4.0823 0.4928 -5.1322,
		 -4.1736 0.4928 -5.0768,
		 -4.2792 0.4928 -5.0605,
		 -4.3829 0.4928 -5.0859,
		 -4.4690 0.4928 -5.1491,
		 -4.5244 0.4928 -5.2404,
		 -4.5407 0.4928 -5.3460,
		 -4.5153 0.4928 -5.4497,
		 -4.4521 0.4928 -5.5358,
		 -4.3608 0.4928 -5.5913,
		 -4.2550 0.4826 -5.6131,
		 -4.1491 0.4826 -5.5872,
		 -4.0612 0.4826 -5.5228,
		 -4.0047 0.4826 -5.4296,
		 -3.9881 0.4826 -5.3218,
		 -4.0140 0.4826 -5.2159,
		 -4.0785 0.4826 -5.1280,
		 -4.1717 0.4826 -5.0715,
		 -4.2794 0.4826 -5.0549,
		 -4.3853 0.4826 -5.0808,
		 -4.4732 0.4826 -5.1453,
		 -4.5298 0.4826 -5.2385,
		 -4.5463 0.4826 -5.3462,
		 -4.5204 0.4826 -5.4521,
		 -4.4560 0.4826 -5.5400,
		 -4.3628 0.4826 -5.5966
		]
	} #Coordinate3
	Material {
		ambientColor      0.1176 0.1176 0.1176  #ambientColor
		diffuseColor      0.4706 0.4706 0.4706  #diffuseColor
		transparency      0.0000                #transparency
	} #Material

	IndexedFaceSet {
		coordIndex [ 
		 0, 16, 1,-1,
		 1, 16, 0,-1,
		 0, 1, 2,-1,
		 2, 1, 0,-1,
		 0, 2, 3,-1,
		 3, 2, 0,-1,
		 0, 3, 4,-1,
		 4, 3, 0,-1,
		 0, 4, 5,-1,
		 5, 4, 0,-1,
		 0, 5, 6,-1,
		 6, 5, 0,-1,
		 0, 6, 7,-1,
		 7, 6, 0,-1,
		 0, 7, 8,-1,
		 8, 7, 0,-1,
		 0, 8, 9,-1,
		 9, 8, 0,-1,
		 0, 9, 10,-1,
		 10, 9, 0,-1,
		 0, 10, 11,-1,
		 11, 10, 0,-1,
		 0, 11, 12,-1,
		 12, 11, 0,-1,
		 0, 12, 13,-1,
		 13, 12, 0,-1,
		 0, 13, 14,-1,
		 14, 13, 0,-1,
		 0, 14, 15,-1,
		 15, 14, 0,-1,
		 0, 15, 16,-1,
		 16, 15, 0,-1,
		 1, 16, 32, 17,-1,
		 17, 32, 16, 1,-1,
		 2, 1, 17, 18,-1,
		 18, 17, 1, 2,-1,
		 3, 2, 18, 19,-1,
		 19, 18, 2, 3,-1,
		 4, 3, 19, 20,-1,
		 20, 19, 3, 4,-1,
		 5, 4, 20, 21,-1,
		 21, 20, 4, 5,-1,
		 6, 5, 21, 22,-1,
		 22, 21, 5, 6,-1,
		 7, 6, 22, 23,-1,
		 23, 22, 6, 7,-1,
		 8, 7, 23, 24,-1,
		 24, 23, 7, 8,-1,
		 9, 8, 24, 25,-1,
		 25, 24, 8, 9,-1,
		 10, 9, 25, 26,-1,
		 26, 25, 9, 10,-1,
		 11, 10, 26, 27,-1,
		 27, 26, 10, 11,-1,
		 12, 11, 27, 28,-1,
		 28, 27, 11, 12,-1,
		 13, 12, 28, 29,-1,
		 29, 28, 12, 13,-1,
		 14, 13, 29, 30,-1,
		 30, 29, 13, 14,-1,
		 15, 14, 30, 31,-1,
		 31, 30, 14, 15,-1,
		 16, 15, 31, 32,-1,
		 32, 31, 15, 16,-1,
		 17, 32, 48, 33,-1,
		 33, 48, 32, 17,-1,
		 18, 17, 33, 34,-1,
		 34, 33, 17, 18,-1,
		 19, 18, 34, 35,-1,
		 35, 34, 18, 19,-1,
		 20, 19, 35, 36,-1,
		 36, 35, 19, 20,-1,
		 21, 20, 36, 37,-1,
		 37, 36, 20, 21,-1,
		 22, 21, 37, 38,-1,
		 38, 37, 21, 22,-1,
		 23, 22, 38, 39,-1,
		 39, 38, 22, 23,-1,
		 24, 23, 39, 40,-1,
		 40, 39, 23, 24,-1,
		 25, 24, 40, 41,-1,
		 41, 40, 24, 25,-1,
		 26, 25, 41, 42,-1,
		 42, 41, 25, 26,-1,
		 27, 26, 42, 43,-1,
		 43, 42, 26, 27,-1,
		 28, 27, 43, 44,-1,
		 44, 43, 27, 28,-1,
		 29, 28, 44, 45,-1,
		 45, 44, 28, 29,-1,
		 30, 29, 45, 46,-1,
		 46, 45, 29, 30,-1,
		 31, 30, 46, 47,-1,
		 47, 46, 30, 31,-1,
		 32, 31, 47, 48,-1,
		 48, 47, 31, 32,-1,
		 33, 48, 64, 49,-1,
		 49, 64, 48, 33,-1,
		 34, 33, 49, 50,-1,
		 50, 49, 33, 34,-1,
		 35, 34, 50, 51,-1,
		 51, 50, 34, 35,-1,
		 36, 35, 51, 52,-1,
		 52, 51, 35, 36,-1,
		 37, 36, 52, 53,-1,
		 53, 52, 36, 37,-1,
		 38, 37, 53, 54,-1,
		 54, 53, 37, 38,-1,
		 39, 38, 54, 55,-1,
		 55, 54, 38, 39,-1,
		 40, 39, 55, 56,-1,
		 56, 55, 39, 40,-1,
		 41, 40, 56, 57,-1,
		 57, 56, 40, 41,-1,
		 42, 41, 57, 58,-1,
		 58, 57, 41, 42,-1,
		 43, 42, 58, 59,-1,
		 59, 58, 42, 43,-1,
		 44, 43, 59, 60,-1,
		 60, 59, 43, 44,-1,
		 45, 44, 60, 61,-1,
		 61, 60, 44, 45,-1,
		 46, 45, 61, 62,-1,
		 62, 61, 45, 46,-1,
		 47, 46, 62, 63,-1,
		 63, 62, 46, 47,-1,
		 48, 47, 63, 64,-1,
		 64, 63, 47, 48,-1,
		 49, 64, 80, 65,-1,
		 65, 80, 64, 49,-1,
		 50, 49, 65, 66,-1,
		 66, 65, 49, 50,-1,
		 51, 50, 66, 67,-1,
		 67, 66, 50, 51,-1,
		 52, 51, 67, 68,-1,
		 68, 67, 51, 52,-1,
		 53, 52, 68, 69,-1,
		 69, 68, 52, 53,-1,
		 54, 53, 69, 70,-1,
		 70, 69, 53, 54,-1,
		 55, 54, 70, 71,-1,
		 71, 70, 54, 55,-1,
		 56, 55, 71, 72,-1,
		 72, 71, 55, 56,-1,
		 57, 56, 72, 73,-1,
		 73, 72, 56, 57,-1,
		 58, 57, 73, 74,-1,
		 74, 73, 57, 58,-1,
		 59, 58, 74, 75,-1,
		 75, 74, 58, 59,-1,
		 60, 59, 75, 76,-1,
		 76, 75, 59, 60,-1,
		 61, 60, 76, 77,-1,
		 77, 76, 60, 61,-1,
		 62, 61, 77, 78,-1,
		 78, 77, 61, 62,-1,
		 63, 62, 78, 79,-1,
		 79, 78, 62, 63,-1,
		 64, 63, 79, 80,-1,
		 80, 79, 63, 64,-1,
		 80, 79, 78, 77, 76, 75, 74, 73, 72, 71, 70, 69, 68, 67, 66, 65,-1,
		 65, 66, 67, 68, 69, 70, 71, 72, 73, 74, 75, 76, 77, 78, 79, 80,-1,
		]
	} #IndexedFaceSet
} #Polyhedron
Separator { #Polyhedron
	DEF COORD199 Coordinate3 {
		point [
		 -4.2390 0.4572 -5.1821,
		 -4.4170 0.4572 -5.6714,
		 -4.3693 0.4572 -5.6888,
		 -4.1912 0.4572 -5.1995,
		 -4.2390 0.4318 -5.1821,
		 -4.4170 0.4318 -5.6714,
		 -4.3693 0.4318 -5.6888,
		 -4.1912 0.4318 -5.1995
		]
	} #Coordinate3
	Material {
		ambientColor      0.1951 0.1951 0.1951  #ambientColor
		diffuseColor      0.7804 0.7804 0.7804  #diffuseColor
		transparency      0.0000                #transparency
	} #Material

	IndexedFaceSet {
		coordIndex [ 
		 0, 1, 2, 3,-1,
		 3, 2, 1, 0,-1,
		 0, 3, 7, 4,-1,
		 4, 7, 3, 0,-1,
		 1, 0, 4, 5,-1,
		 5, 4, 0, 1,-1,
		 2, 1, 5, 6,-1,
		 6, 5, 1, 2,-1,
		 3, 2, 6, 7,-1,
		 7, 6, 2, 3,-1,
		 7, 6, 5, 4,-1,
		 4, 5, 6, 7,-1,
		]
	} #IndexedFaceSet
} #Polyhedron
Separator { #Polyhedron
	DEF COORD200 Coordinate3 {
		point [
		 -4.2347 0.4572 -5.3188,
		 -4.2520 0.4572 -5.3666,
		 -4.1327 0.4572 -5.4100,
		 -4.1153 0.4572 -5.3623,
		 -4.2347 0.4318 -5.3188,
		 -4.2520 0.4318 -5.3666,
		 -4.1327 0.4318 -5.4100,
		 -4.1153 0.4318 -5.3623
		]
	} #Coordinate3
	Material {
		ambientColor      0.1951 0.1951 0.1951  #ambientColor
		diffuseColor      0.7804 0.7804 0.7804  #diffuseColor
		transparency      0.0000                #transparency
	} #Material

	IndexedFaceSet {
		coordIndex [ 
		 0, 1, 2, 3,-1,
		 3, 2, 1, 0,-1,
		 0, 3, 7, 4,-1,
		 4, 7, 3, 0,-1,
		 1, 0, 4, 5,-1,
		 5, 4, 0, 1,-1,
		 2, 1, 5, 6,-1,
		 6, 5, 1, 2,-1,
		 3, 2, 6, 7,-1,
		 7, 6, 2, 3,-1,
		 7, 6, 5, 4,-1,
		 4, 5, 6, 7,-1,
		]
	} #IndexedFaceSet
} #Polyhedron
Separator { #Polyhedron
	DEF COORD201 Coordinate3 {
		point [
		 -4.4017 0.4572 -5.2580,
		 -4.4191 0.4572 -5.3058,
		 -4.2998 0.4572 -5.3492,
		 -4.2824 0.4572 -5.3015,
		 -4.4017 0.4318 -5.2580,
		 -4.4191 0.4318 -5.3058,
		 -4.2998 0.4318 -5.3492,
		 -4.2824 0.4318 -5.3015
		]
	} #Coordinate3
	Material {
		ambientColor      0.1951 0.1951 0.1951  #ambientColor
		diffuseColor      0.7804 0.7804 0.7804  #diffuseColor
		transparency      0.0000                #transparency
	} #Material

	IndexedFaceSet {
		coordIndex [ 
		 0, 1, 2, 3,-1,
		 3, 2, 1, 0,-1,
		 0, 3, 7, 4,-1,
		 4, 7, 3, 0,-1,
		 1, 0, 4, 5,-1,
		 5, 4, 0, 1,-1,
		 2, 1, 5, 6,-1,
		 6, 5, 1, 2,-1,
		 3, 2, 6, 7,-1,
		 7, 6, 2, 3,-1,
		 7, 6, 5, 4,-1,
		 4, 5, 6, 7,-1,
		]
	} #IndexedFaceSet
} #Polyhedron
Separator { #Polyhedron
	DEF COORD202 Coordinate3 {
		point [
		 -4.4105 0.9652 -5.6535,
		 -4.4909 0.9381 -5.6243,
		 -4.5554 0.8803 -5.6008,
		 -4.5943 0.8006 -5.5866,
		 -4.6015 0.7112 -5.5840,
		 -4.5760 0.6257 -5.5933,
		 -4.5217 0.5570 -5.6131,
		 -4.4468 0.5157 -5.6403,
		 -4.3628 0.5080 -5.6709,
		 -4.2824 0.5351 -5.7001,
		 -4.2179 0.5929 -5.7236,
		 -4.1791 0.6726 -5.7378,
		 -4.1718 0.7620 -5.7404,
		 -4.1973 0.8475 -5.7311,
		 -4.2516 0.9162 -5.7113,
		 -4.3265 0.9575 -5.6841,
		 -4.4040 0.9652 -5.6356,
		 -4.4844 0.9381 -5.6063,
		 -4.5489 0.8803 -5.5829,
		 -4.5877 0.8006 -5.5687,
		 -4.5950 0.7112 -5.5661,
		 -4.5695 0.6257 -5.5754,
		 -4.5152 0.5570 -5.5952,
		 -4.4403 0.5157 -5.6224,
		 -4.3563 0.5080 -5.6530,
		 -4.2759 0.5351 -5.6822,
		 -4.2114 0.5929 -5.7057,
		 -4.1725 0.6726 -5.7199,
		 -4.1653 0.7620 -5.7225,
		 -4.1908 0.8475 -5.7132,
		 -4.2451 0.9162 -5.6934,
		 -4.3200 0.9575 -5.6662
		]
	} #Coordinate3
	Material {
		ambientColor      0.1951 0.1951 0.1951  #ambientColor
		diffuseColor      0.7804 0.7804 0.7804  #diffuseColor
		transparency      0.0000                #transparency
	} #Material

	IndexedFaceSet {
		coordIndex [ 
		 0, 1, 2, 3, 4, 5, 6, 7, 8, 9, 10, 11, 12, 13, 14, 15,-1,
		 15, 14, 13, 12, 11, 10, 9, 8, 7, 6, 5, 4, 3, 2, 1, 0,-1,
		 0, 15, 31, 16,-1,
		 16, 31, 15, 0,-1,
		 1, 0, 16, 17,-1,
		 17, 16, 0, 1,-1,
		 2, 1, 17, 18,-1,
		 18, 17, 1, 2,-1,
		 3, 2, 18, 19,-1,
		 19, 18, 2, 3,-1,
		 4, 3, 19, 20,-1,
		 20, 19, 3, 4,-1,
		 5, 4, 20, 21,-1,
		 21, 20, 4, 5,-1,
		 6, 5, 21, 22,-1,
		 22, 21, 5, 6,-1,
		 7, 6, 22, 23,-1,
		 23, 22, 6, 7,-1,
		 8, 7, 23, 24,-1,
		 24, 23, 7, 8,-1,
		 9, 8, 24, 25,-1,
		 25, 24, 8, 9,-1,
		 10, 9, 25, 26,-1,
		 26, 25, 9, 10,-1,
		 11, 10, 26, 27,-1,
		 27, 26, 10, 11,-1,
		 12, 11, 27, 28,-1,
		 28, 27, 11, 12,-1,
		 13, 12, 28, 29,-1,
		 29, 28, 12, 13,-1,
		 14, 13, 29, 30,-1,
		 30, 29, 13, 14,-1,
		 15, 14, 30, 31,-1,
		 31, 30, 14, 15,-1,
		 31, 30, 29, 28, 27, 26, 25, 24, 23, 22, 21, 20, 19, 18, 17, 16,-1,
		 16, 17, 18, 19, 20, 21, 22, 23, 24, 25, 26, 27, 28, 29, 30, 31,-1,
		]
	} #IndexedFaceSet
} #Polyhedron
Separator { #Polyhedron
	DEF COORD203 Coordinate3 {
		point [
		 -4.3801 0.9398 -5.6443,
		 -4.4532 0.9243 -5.6177,
		 -4.5152 0.8803 -5.5952,
		 -4.5565 0.8144 -5.5801,
		 -4.5711 0.7366 -5.5748,
		 -4.5565 0.6588 -5.5801,
		 -4.5152 0.5929 -5.5952,
		 -4.4532 0.5489 -5.6177,
		 -4.3801 0.5334 -5.6443,
		 -4.3071 0.5489 -5.6709,
		 -4.2451 0.5929 -5.6934,
		 -4.2037 0.6588 -5.7085,
		 -4.1892 0.7366 -5.7138,
		 -4.2037 0.8144 -5.7085,
		 -4.2451 0.8803 -5.6934,
		 -4.3071 0.9243 -5.6709,
		 -4.3784 0.9357 -5.6395,
		 -4.4500 0.9205 -5.6135,
		 -4.5107 0.8774 -5.5914,
		 -4.5512 0.8128 -5.5766,
		 -4.5655 0.7366 -5.5714,
		 -4.5512 0.6604 -5.5766,
		 -4.5107 0.5958 -5.5914,
		 -4.4500 0.5527 -5.6135,
		 -4.3784 0.5375 -5.6395,
		 -4.3068 0.5527 -5.6656,
		 -4.2461 0.5958 -5.6877,
		 -4.2056 0.6604 -5.7024,
		 -4.1913 0.7366 -5.7076,
		 -4.2056 0.8128 -5.7024,
		 -4.2461 0.8774 -5.6877,
		 -4.3068 0.9205 -5.6656,
		 -4.3767 0.9228 -5.6347,
		 -4.4436 0.9087 -5.6104,
		 -4.5004 0.8683 -5.5897,
		 -4.5383 0.8079 -5.5759,
		 -4.5517 0.7366 -5.5711,
		 -4.5383 0.6653 -5.5759,
		 -4.5004 0.6049 -5.5897,
		 -4.4436 0.5645 -5.6104,
		 -4.3767 0.5504 -5.6347,
		 -4.3097 0.5645 -5.6591,
		 -4.2529 0.6049 -5.6798,
		 -4.2150 0.6653 -5.6936,
		 -4.2017 0.7366 -5.6984,
		 -4.2150 0.8079 -5.6936,
		 -4.2529 0.8683 -5.6798,
		 -4.3097 0.9087 -5.6591,
		 -4.3749 0.8992 -5.6300,
		 -4.4334 0.8868 -5.6087,
		 -4.4829 0.8515 -5.5907,
		 -4.5161 0.7988 -5.5786,
		 -4.5277 0.7366 -5.5744,
		 -4.5161 0.6744 -5.5786,
		 -4.4829 0.6217 -5.5907,
		 -4.4334 0.5864 -5.6087,
		 -4.3749 0.5740 -5.6300,
		 -4.3165 0.5864 -5.6513,
		 -4.2669 0.6217 -5.6693,
		 -4.2338 0.6744 -5.6813,
		 -4.2222 0.7366 -5.6856,
		 -4.2338 0.7988 -5.6813,
		 -4.2669 0.8515 -5.6693,
		 -4.3165 0.8868 -5.6513,
		 -4.3732 0.8585 -5.6252,
		 -4.4170 0.8492 -5.6092,
		 -4.4542 0.8228 -5.5957,
		 -4.4790 0.7833 -5.5867,
		 -4.4878 0.7366 -5.5835,
		 -4.4790 0.6899 -5.5867,
		 -4.4542 0.6504 -5.5957,
		 -4.4170 0.6240 -5.6092,
		 -4.3732 0.6147 -5.6252,
		 -4.3293 0.6240 -5.6412,
		 -4.2922 0.6504 -5.6547,
		 -4.2673 0.6899 -5.6637,
		 -4.2586 0.7366 -5.6669,
		 -4.2673 0.7833 -5.6637,
		 -4.2922 0.8228 -5.6547,
		 -4.3293 0.8492 -5.6412,
		 -4.3715 0.7366 -5.6204
		]
	} #Coordinate3
	Material {
		ambientColor      0.1176 0.1176 0.1176  #ambientColor
		diffuseColor      0.4706 0.4706 0.4706  #diffuseColor
		transparency      0.0000                #transparency
	} #Material

	IndexedFaceSet {
		coordIndex [ 
		 0, 1, 2, 3, 4, 5, 6, 7, 8, 9, 10, 11, 12, 13, 14, 15,-1,
		 15, 14, 13, 12, 11, 10, 9, 8, 7, 6, 5, 4, 3, 2, 1, 0,-1,
		 0, 15, 31, 16,-1,
		 16, 31, 15, 0,-1,
		 1, 0, 16, 17,-1,
		 17, 16, 0, 1,-1,
		 2, 1, 17, 18,-1,
		 18, 17, 1, 2,-1,
		 3, 2, 18, 19,-1,
		 19, 18, 2, 3,-1,
		 4, 3, 19, 20,-1,
		 20, 19, 3, 4,-1,
		 5, 4, 20, 21,-1,
		 21, 20, 4, 5,-1,
		 6, 5, 21, 22,-1,
		 22, 21, 5, 6,-1,
		 7, 6, 22, 23,-1,
		 23, 22, 6, 7,-1,
		 8, 7, 23, 24,-1,
		 24, 23, 7, 8,-1,
		 9, 8, 24, 25,-1,
		 25, 24, 8, 9,-1,
		 10, 9, 25, 26,-1,
		 26, 25, 9, 10,-1,
		 11, 10, 26, 27,-1,
		 27, 26, 10, 11,-1,
		 12, 11, 27, 28,-1,
		 28, 27, 11, 12,-1,
		 13, 12, 28, 29,-1,
		 29, 28, 12, 13,-1,
		 14, 13, 29, 30,-1,
		 30, 29, 13, 14,-1,
		 15, 14, 30, 31,-1,
		 31, 30, 14, 15,-1,
		 16, 31, 47, 32,-1,
		 32, 47, 31, 16,-1,
		 17, 16, 32, 33,-1,
		 33, 32, 16, 17,-1,
		 18, 17, 33, 34,-1,
		 34, 33, 17, 18,-1,
		 19, 18, 34, 35,-1,
		 35, 34, 18, 19,-1,
		 20, 19, 35, 36,-1,
		 36, 35, 19, 20,-1,
		 21, 20, 36, 37,-1,
		 37, 36, 20, 21,-1,
		 22, 21, 37, 38,-1,
		 38, 37, 21, 22,-1,
		 23, 22, 38, 39,-1,
		 39, 38, 22, 23,-1,
		 24, 23, 39, 40,-1,
		 40, 39, 23, 24,-1,
		 25, 24, 40, 41,-1,
		 41, 40, 24, 25,-1,
		 26, 25, 41, 42,-1,
		 42, 41, 25, 26,-1,
		 27, 26, 42, 43,-1,
		 43, 42, 26, 27,-1,
		 28, 27, 43, 44,-1,
		 44, 43, 27, 28,-1,
		 29, 28, 44, 45,-1,
		 45, 44, 28, 29,-1,
		 30, 29, 45, 46,-1,
		 46, 45, 29, 30,-1,
		 31, 30, 46, 47,-1,
		 47, 46, 30, 31,-1,
		 32, 47, 63, 48,-1,
		 48, 63, 47, 32,-1,
		 33, 32, 48, 49,-1,
		 49, 48, 32, 33,-1,
		 34, 33, 49, 50,-1,
		 50, 49, 33, 34,-1,
		 35, 34, 50, 51,-1,
		 51, 50, 34, 35,-1,
		 36, 35, 51, 52,-1,
		 52, 51, 35, 36,-1,
		 37, 36, 52, 53,-1,
		 53, 52, 36, 37,-1,
		 38, 37, 53, 54,-1,
		 54, 53, 37, 38,-1,
		 39, 38, 54, 55,-1,
		 55, 54, 38, 39,-1,
		 40, 39, 55, 56,-1,
		 56, 55, 39, 40,-1,
		 41, 40, 56, 57,-1,
		 57, 56, 40, 41,-1,
		 42, 41, 57, 58,-1,
		 58, 57, 41, 42,-1,
		 43, 42, 58, 59,-1,
		 59, 58, 42, 43,-1,
		 44, 43, 59, 60,-1,
		 60, 59, 43, 44,-1,
		 45, 44, 60, 61,-1,
		 61, 60, 44, 45,-1,
		 46, 45, 61, 62,-1,
		 62, 61, 45, 46,-1,
		 47, 46, 62, 63,-1,
		 63, 62, 46, 47,-1,
		 48, 63, 79, 64,-1,
		 64, 79, 63, 48,-1,
		 49, 48, 64, 65,-1,
		 65, 64, 48, 49,-1,
		 50, 49, 65, 66,-1,
		 66, 65, 49, 50,-1,
		 51, 50, 66, 67,-1,
		 67, 66, 50, 51,-1,
		 52, 51, 67, 68,-1,
		 68, 67, 51, 52,-1,
		 53, 52, 68, 69,-1,
		 69, 68, 52, 53,-1,
		 54, 53, 69, 70,-1,
		 70, 69, 53, 54,-1,
		 55, 54, 70, 71,-1,
		 71, 70, 54, 55,-1,
		 56, 55, 71, 72,-1,
		 72, 71, 55, 56,-1,
		 57, 56, 72, 73,-1,
		 73, 72, 56, 57,-1,
		 58, 57, 73, 74,-1,
		 74, 73, 57, 58,-1,
		 59, 58, 74, 75,-1,
		 75, 74, 58, 59,-1,
		 60, 59, 75, 76,-1,
		 76, 75, 59, 60,-1,
		 61, 60, 76, 77,-1,
		 77, 76, 60, 61,-1,
		 62, 61, 77, 78,-1,
		 78, 77, 61, 62,-1,
		 63, 62, 78, 79,-1,
		 79, 78, 62, 63,-1,
		 64, 79, 80,-1,
		 80, 79, 64,-1,
		 65, 64, 80,-1,
		 80, 64, 65,-1,
		 66, 65, 80,-1,
		 80, 65, 66,-1,
		 67, 66, 80,-1,
		 80, 66, 67,-1,
		 68, 67, 80,-1,
		 80, 67, 68,-1,
		 69, 68, 80,-1,
		 80, 68, 69,-1,
		 70, 69, 80,-1,
		 80, 69, 70,-1,
		 71, 70, 80,-1,
		 80, 70, 71,-1,
		 72, 71, 80,-1,
		 80, 71, 72,-1,
		 73, 72, 80,-1,
		 80, 72, 73,-1,
		 74, 73, 80,-1,
		 80, 73, 74,-1,
		 75, 74, 80,-1,
		 80, 74, 75,-1,
		 76, 75, 80,-1,
		 80, 75, 76,-1,
		 77, 76, 80,-1,
		 80, 76, 77,-1,
		 78, 77, 80,-1,
		 80, 77, 78,-1,
		 79, 78, 80,-1,
		 80, 78, 79,-1,
		]
	} #IndexedFaceSet
} #Polyhedron
Separator { #Polyhedron
	DEF COORD204 Coordinate3 {
		point [
		 -4.3693 0.6858 -5.6888,
		 -4.3628 0.6858 -5.6709,
		 -4.4105 0.6858 -5.6535,
		 -4.4170 0.6858 -5.6714,
		 -4.3693 0.4572 -5.6888,
		 -4.3628 0.4572 -5.6709,
		 -4.4105 0.4572 -5.6535,
		 -4.4170 0.4572 -5.6714
		]
	} #Coordinate3
	Material {
		ambientColor      0.1951 0.1951 0.1951  #ambientColor
		diffuseColor      0.7804 0.7804 0.7804  #diffuseColor
		transparency      0.0000                #transparency
	} #Material

	IndexedFaceSet {
		coordIndex [ 
		 0, 1, 2, 3,-1,
		 3, 2, 1, 0,-1,
		 0, 3, 7, 4,-1,
		 4, 7, 3, 0,-1,
		 1, 0, 4, 5,-1,
		 5, 4, 0, 1,-1,
		 2, 1, 5, 6,-1,
		 6, 5, 1, 2,-1,
		 3, 2, 6, 7,-1,
		 7, 6, 2, 3,-1,
		 7, 6, 5, 4,-1,
		 4, 5, 6, 7,-1,
		]
	} #IndexedFaceSet
} #Polyhedron
Separator { #Polyhedron
	DEF COORD205 Coordinate3 {
		point [
		 1.5240 3.0480 2.1336,
		 1.5240 3.0480 5.4864,
		 -1.2192 3.0480 5.4864,
		 -1.2192 3.0480 2.1336,
		 1.5240 0.0000 2.1336,
		 1.5240 0.0000 5.4864,
		 -1.2192 0.0000 5.4864,
		 -1.2192 0.0000 2.1336
		]
	} #Coordinate3
	Material {
		ambientColor      0.2500 0.2500 0.2500  #ambientColor
		diffuseColor      1.0000 1.0000 1.0000  #diffuseColor
		transparency      0.0000                #transparency
	} #Material

	Texture2 {
		filename ""  #filename
		wrapS REPEAT 
		wrapT REPEAT 
	} #Texture2

	IndexedFaceSet {
		coordIndex [ 
		 0, 1, 2, 3,-1,
		 3, 2, 1, 0,-1,
		]
	} #IndexedFaceSet
	Material {
		ambientColor      0.2500 0.2500 0.2500  #ambientColor
		diffuseColor      1.0000 1.0000 1.0000  #diffuseColor
		transparency      1.0000                #transparency
	} #Material

	IndexedFaceSet {
		coordIndex [ 
		 4, 7, 3, 0,-1,
		]
	} #IndexedFaceSet
	Material {
		ambientColor      0.2500 0.2500 0.2500  #ambientColor
		diffuseColor      1.0000 1.0000 1.0000  #diffuseColor
		transparency      0.0000                #transparency
	} #Material

	IndexedFaceSet {
		coordIndex [ 
		 1, 0, 4, 5,-1,
		 5, 4, 0, 1,-1,
		 2, 1, 5, 6,-1,
		 6, 5, 1, 2,-1,
		 3, 2, 6, 7,-1,
		 7, 6, 2, 3,-1,
		 7, 6, 5, 4,-1,
		 4, 5, 6, 7,-1,
		]
	} #IndexedFaceSet
} #Polyhedron
Separator { #Polyhedron
	DEF COORD206 Coordinate3 {
		point [
		 0.6096 2.1336 5.4864,
		 0.6096 0.0000 5.4864,
		 -0.3048 0.0000 5.4864,
		 -0.3048 2.1336 5.4864,
		 0.6096 2.1336 5.4356,
		 0.6096 0.0000 5.4356,
		 -0.3048 0.0000 5.4356,
		 -0.3048 2.1336 5.4356
		]
	} #Coordinate3
	Material {
		ambientColor      0.1735 0.1735 0.1735  #ambientColor
		diffuseColor      0.6941 0.6941 0.6941  #diffuseColor
		transparency      0.0000                #transparency
	} #Material

	IndexedFaceSet {
		coordIndex [ 
		 0, 1, 2, 3,-1,
		 3, 2, 1, 0,-1,
		 0, 3, 7, 4,-1,
		 4, 7, 3, 0,-1,
		 1, 0, 4, 5,-1,
		 5, 4, 0, 1,-1,
		 2, 1, 5, 6,-1,
		 6, 5, 1, 2,-1,
		 3, 2, 6, 7,-1,
		 7, 6, 2, 3,-1,
		 7, 6, 5, 4,-1,
		 4, 5, 6, 7,-1,
		]
	} #IndexedFaceSet
} #Polyhedron
Separator { #Polyhedron
	DEF COORD207 Coordinate3 {
		point [
		 -0.1651 0.9144 5.4356,
		 -0.1651 0.9449 5.4267,
		 -0.1534 0.9426 5.4267,
		 -0.1435 0.9360 5.4267,
		 -0.1369 0.9261 5.4267,
		 -0.1346 0.9144 5.4267,
		 -0.1369 0.9027 5.4267,
		 -0.1435 0.8928 5.4267,
		 -0.1534 0.8862 5.4267,
		 -0.1651 0.8839 5.4267,
		 -0.1768 0.8862 5.4267,
		 -0.1866 0.8928 5.4267,
		 -0.1933 0.9027 5.4267,
		 -0.1956 0.9144 5.4267,
		 -0.1933 0.9261 5.4267,
		 -0.1866 0.9360 5.4267,
		 -0.1768 0.9426 5.4267,
		 -0.1651 0.9550 5.4178,
		 -0.1495 0.9519 5.4178,
		 -0.1364 0.9431 5.4178,
		 -0.1275 0.9300 5.4178,
		 -0.1245 0.9144 5.4178,
		 -0.1275 0.8988 5.4178,
		 -0.1364 0.8857 5.4178,
		 -0.1495 0.8769 5.4178,
		 -0.1651 0.8738 5.4178,
		 -0.1806 0.8769 5.4178,
		 -0.1938 0.8857 5.4178,
		 -0.2026 0.8988 5.4178,
		 -0.2057 0.9144 5.4178,
		 -0.2026 0.9300 5.4178,
		 -0.1938 0.9431 5.4178,
		 -0.1806 0.9519 5.4178,
		 -0.1651 0.9610 5.4089,
		 -0.1473 0.9574 5.4089,
		 -0.1322 0.9473 5.4089,
		 -0.1221 0.9322 5.4089,
		 -0.1185 0.9144 5.4089,
		 -0.1221 0.8966 5.4089,
		 -0.1322 0.8815 5.4089,
		 -0.1473 0.8714 5.4089,
		 -0.1651 0.8678 5.4089,
		 -0.1829 0.8714 5.4089,
		 -0.1980 0.8815 5.4089,
		 -0.2081 0.8966 5.4089,
		 -0.2117 0.9144 5.4089,
		 -0.2081 0.9322 5.4089,
		 -0.1980 0.9473 5.4089,
		 -0.1829 0.9574 5.4089,
		 -0.1651 0.9642 5.4001,
		 -0.1460 0.9604 5.4001,
		 -0.1299 0.9496 5.4001,
		 -0.1191 0.9334 5.4001,
		 -0.1153 0.9144 5.4001,
		 -0.1191 0.8954 5.4001,
		 -0.1299 0.8792 5.4001,
		 -0.1460 0.8684 5.4001,
		 -0.1651 0.8646 5.4001,
		 -0.1841 0.8684 5.4001,
		 -0.2003 0.8792 5.4001,
		 -0.2111 0.8954 5.4001,
		 -0.2149 0.9144 5.4001,
		 -0.2111 0.9334 5.4001,
		 -0.2003 0.9496 5.4001,
		 -0.1841 0.9604 5.4001,
		 -0.1651 0.9652 5.3912,
		 -0.1457 0.9613 5.3912,
		 -0.1292 0.9503 5.3912,
		 -0.1182 0.9338 5.3912,
		 -0.1143 0.9144 5.3912,
		 -0.1182 0.8950 5.3912,
		 -0.1292 0.8785 5.3912,
		 -0.1457 0.8675 5.3912,
		 -0.1651 0.8636 5.3912,
		 -0.1845 0.8675 5.3912,
		 -0.2010 0.8785 5.3912,
		 -0.2120 0.8950 5.3912,
		 -0.2159 0.9144 5.3912,
		 -0.2120 0.9338 5.3912,
		 -0.2010 0.9503 5.3912,
		 -0.1845 0.9613 5.3912,
		 -0.1651 0.9642 5.3823,
		 -0.1460 0.9604 5.3823,
		 -0.1299 0.9496 5.3823,
		 -0.1191 0.9334 5.3823,
		 -0.1153 0.9144 5.3823,
		 -0.1191 0.8954 5.3823,
		 -0.1299 0.8792 5.3823,
		 -0.1460 0.8684 5.3823,
		 -0.1651 0.8646 5.3823,
		 -0.1841 0.8684 5.3823,
		 -0.2003 0.8792 5.3823,
		 -0.2111 0.8954 5.3823,
		 -0.2149 0.9144 5.3823,
		 -0.2111 0.9334 5.3823,
		 -0.2003 0.9496 5.3823,
		 -0.1841 0.9604 5.3823,
		 -0.1651 0.9610 5.3734,
		 -0.1473 0.9574 5.3734,
		 -0.1322 0.9473 5.3734,
		 -0.1221 0.9322 5.3734,
		 -0.1185 0.9144 5.3734,
		 -0.1221 0.8966 5.3734,
		 -0.1322 0.8815 5.3734,
		 -0.1473 0.8714 5.3734,
		 -0.1651 0.8678 5.3734,
		 -0.1829 0.8714 5.3734,
		 -0.1980 0.8815 5.3734,
		 -0.2081 0.8966 5.3734,
		 -0.2117 0.9144 5.3734,
		 -0.2081 0.9322 5.3734,
		 -0.1980 0.9473 5.3734,
		 -0.1829 0.9574 5.3734,
		 -0.1651 0.9550 5.3645,
		 -0.1495 0.9519 5.3645,
		 -0.1364 0.9431 5.3645,
		 -0.1275 0.9300 5.3645,
		 -0.1245 0.9144 5.3645,
		 -0.1275 0.8988 5.3645,
		 -0.1364 0.8857 5.3645,
		 -0.1495 0.8769 5.3645,
		 -0.1651 0.8738 5.3645,
		 -0.1806 0.8769 5.3645,
		 -0.1938 0.8857 5.3645,
		 -0.2026 0.8988 5.3645,
		 -0.2057 0.9144 5.3645,
		 -0.2026 0.9300 5.3645,
		 -0.1938 0.9431 5.3645,
		 -0.1806 0.9519 5.3645,
		 -0.1651 0.9449 5.3556,
		 -0.1534 0.9426 5.3556,
		 -0.1435 0.9360 5.3556,
		 -0.1369 0.9261 5.3556,
		 -0.1346 0.9144 5.3556,
		 -0.1369 0.9027 5.3556,
		 -0.1435 0.8928 5.3556,
		 -0.1534 0.8862 5.3556,
		 -0.1651 0.8839 5.3556,
		 -0.1768 0.8862 5.3556,
		 -0.1866 0.8928 5.3556,
		 -0.1933 0.9027 5.3556,
		 -0.1956 0.9144 5.3556,
		 -0.1933 0.9261 5.3556,
		 -0.1866 0.9360 5.3556,
		 -0.1768 0.9426 5.3556,
		 -0.1651 0.9144 5.3467
		]
	} #Coordinate3
	Material {
		ambientColor      0.1804 0.1804 0.1804  #ambientColor
		diffuseColor      0.7216 0.7216 0.7216  #diffuseColor
		transparency      0.0000                #transparency
	} #Material

	IndexedFaceSet {
		coordIndex [ 
		 0, 16, 1,-1,
		 1, 16, 0,-1,
		 0, 1, 2,-1,
		 2, 1, 0,-1,
		 0, 2, 3,-1,
		 3, 2, 0,-1,
		 0, 3, 4,-1,
		 4, 3, 0,-1,
		 0, 4, 5,-1,
		 5, 4, 0,-1,
		 0, 5, 6,-1,
		 6, 5, 0,-1,
		 0, 6, 7,-1,
		 7, 6, 0,-1,
		 0, 7, 8,-1,
		 8, 7, 0,-1,
		 0, 8, 9,-1,
		 9, 8, 0,-1,
		 0, 9, 10,-1,
		 10, 9, 0,-1,
		 0, 10, 11,-1,
		 11, 10, 0,-1,
		 0, 11, 12,-1,
		 12, 11, 0,-1,
		 0, 12, 13,-1,
		 13, 12, 0,-1,
		 0, 13, 14,-1,
		 14, 13, 0,-1,
		 0, 14, 15,-1,
		 15, 14, 0,-1,
		 0, 15, 16,-1,
		 16, 15, 0,-1,
		 1, 16, 32, 17,-1,
		 17, 32, 16, 1,-1,
		 2, 1, 17, 18,-1,
		 18, 17, 1, 2,-1,
		 3, 2, 18, 19,-1,
		 19, 18, 2, 3,-1,
		 4, 3, 19, 20,-1,
		 20, 19, 3, 4,-1,
		 5, 4, 20, 21,-1,
		 21, 20, 4, 5,-1,
		 6, 5, 21, 22,-1,
		 22, 21, 5, 6,-1,
		 7, 6, 22, 23,-1,
		 23, 22, 6, 7,-1,
		 8, 7, 23, 24,-1,
		 24, 23, 7, 8,-1,
		 9, 8, 24, 25,-1,
		 25, 24, 8, 9,-1,
		 10, 9, 25, 26,-1,
		 26, 25, 9, 10,-1,
		 11, 10, 26, 27,-1,
		 27, 26, 10, 11,-1,
		 12, 11, 27, 28,-1,
		 28, 27, 11, 12,-1,
		 13, 12, 28, 29,-1,
		 29, 28, 12, 13,-1,
		 14, 13, 29, 30,-1,
		 30, 29, 13, 14,-1,
		 15, 14, 30, 31,-1,
		 31, 30, 14, 15,-1,
		 16, 15, 31, 32,-1,
		 32, 31, 15, 16,-1,
		 17, 32, 48, 33,-1,
		 33, 48, 32, 17,-1,
		 18, 17, 33, 34,-1,
		 34, 33, 17, 18,-1,
		 19, 18, 34, 35,-1,
		 35, 34, 18, 19,-1,
		 20, 19, 35, 36,-1,
		 36, 35, 19, 20,-1,
		 21, 20, 36, 37,-1,
		 37, 36, 20, 21,-1,
		 22, 21, 37, 38,-1,
		 38, 37, 21, 22,-1,
		 23, 22, 38, 39,-1,
		 39, 38, 22, 23,-1,
		 24, 23, 39, 40,-1,
		 40, 39, 23, 24,-1,
		 25, 24, 40, 41,-1,
		 41, 40, 24, 25,-1,
		 26, 25, 41, 42,-1,
		 42, 41, 25, 26,-1,
		 27, 26, 42, 43,-1,
		 43, 42, 26, 27,-1,
		 28, 27, 43, 44,-1,
		 44, 43, 27, 28,-1,
		 29, 28, 44, 45,-1,
		 45, 44, 28, 29,-1,
		 30, 29, 45, 46,-1,
		 46, 45, 29, 30,-1,
		 31, 30, 46, 47,-1,
		 47, 46, 30, 31,-1,
		 32, 31, 47, 48,-1,
		 48, 47, 31, 32,-1,
		 33, 48, 64, 49,-1,
		 49, 64, 48, 33,-1,
		 34, 33, 49, 50,-1,
		 50, 49, 33, 34,-1,
		 35, 34, 50, 51,-1,
		 51, 50, 34, 35,-1,
		 36, 35, 51, 52,-1,
		 52, 51, 35, 36,-1,
		 37, 36, 52, 53,-1,
		 53, 52, 36, 37,-1,
		 38, 37, 53, 54,-1,
		 54, 53, 37, 38,-1,
		 39, 38, 54, 55,-1,
		 55, 54, 38, 39,-1,
		 40, 39, 55, 56,-1,
		 56, 55, 39, 40,-1,
		 41, 40, 56, 57,-1,
		 57, 56, 40, 41,-1,
		 42, 41, 57, 58,-1,
		 58, 57, 41, 42,-1,
		 43, 42, 58, 59,-1,
		 59, 58, 42, 43,-1,
		 44, 43, 59, 60,-1,
		 60, 59, 43, 44,-1,
		 45, 44, 60, 61,-1,
		 61, 60, 44, 45,-1,
		 46, 45, 61, 62,-1,
		 62, 61, 45, 46,-1,
		 47, 46, 62, 63,-1,
		 63, 62, 46, 47,-1,
		 48, 47, 63, 64,-1,
		 64, 63, 47, 48,-1,
		 49, 64, 80, 65,-1,
		 65, 80, 64, 49,-1,
		 50, 49, 65, 66,-1,
		 66, 65, 49, 50,-1,
		 51, 50, 66, 67,-1,
		 67, 66, 50, 51,-1,
		 52, 51, 67, 68,-1,
		 68, 67, 51, 52,-1,
		 53, 52, 68, 69,-1,
		 69, 68, 52, 53,-1,
		 54, 53, 69, 70,-1,
		 70, 69, 53, 54,-1,
		 55, 54, 70, 71,-1,
		 71, 70, 54, 55,-1,
		 56, 55, 71, 72,-1,
		 72, 71, 55, 56,-1,
		 57, 56, 72, 73,-1,
		 73, 72, 56, 57,-1,
		 58, 57, 73, 74,-1,
		 74, 73, 57, 58,-1,
		 59, 58, 74, 75,-1,
		 75, 74, 58, 59,-1,
		 60, 59, 75, 76,-1,
		 76, 75, 59, 60,-1,
		 61, 60, 76, 77,-1,
		 77, 76, 60, 61,-1,
		 62, 61, 77, 78,-1,
		 78, 77, 61, 62,-1,
		 63, 62, 78, 79,-1,
		 79, 78, 62, 63,-1,
		 64, 63, 79, 80,-1,
		 80, 79, 63, 64,-1,
		 65, 80, 96, 81,-1,
		 81, 96, 80, 65,-1,
		 66, 65, 81, 82,-1,
		 82, 81, 65, 66,-1,
		 67, 66, 82, 83,-1,
		 83, 82, 66, 67,-1,
		 68, 67, 83, 84,-1,
		 84, 83, 67, 68,-1,
		 69, 68, 84, 85,-1,
		 85, 84, 68, 69,-1,
		 70, 69, 85, 86,-1,
		 86, 85, 69, 70,-1,
		 71, 70, 86, 87,-1,
		 87, 86, 70, 71,-1,
		 72, 71, 87, 88,-1,
		 88, 87, 71, 72,-1,
		 73, 72, 88, 89,-1,
		 89, 88, 72, 73,-1,
		 74, 73, 89, 90,-1,
		 90, 89, 73, 74,-1,
		 75, 74, 90, 91,-1,
		 91, 90, 74, 75,-1,
		 76, 75, 91, 92,-1,
		 92, 91, 75, 76,-1,
		 77, 76, 92, 93,-1,
		 93, 92, 76, 77,-1,
		 78, 77, 93, 94,-1,
		 94, 93, 77, 78,-1,
		 79, 78, 94, 95,-1,
		 95, 94, 78, 79,-1,
		 80, 79, 95, 96,-1,
		 96, 95, 79, 80,-1,
		 81, 96, 112, 97,-1,
		 97, 112, 96, 81,-1,
		 82, 81, 97, 98,-1,
		 98, 97, 81, 82,-1,
		 83, 82, 98, 99,-1,
		 99, 98, 82, 83,-1,
		 84, 83, 99, 100,-1,
		 100, 99, 83, 84,-1,
		 85, 84, 100, 101,-1,
		 101, 100, 84, 85,-1,
		 86, 85, 101, 102,-1,
		 102, 101, 85, 86,-1,
		 87, 86, 102, 103,-1,
		 103, 102, 86, 87,-1,
		 88, 87, 103, 104,-1,
		 104, 103, 87, 88,-1,
		 89, 88, 104, 105,-1,
		 105, 104, 88, 89,-1,
		 90, 89, 105, 106,-1,
		 106, 105, 89, 90,-1,
		 91, 90, 106, 107,-1,
		 107, 106, 90, 91,-1,
		 92, 91, 107, 108,-1,
		 108, 107, 91, 92,-1,
		 93, 92, 108, 109,-1,
		 109, 108, 92, 93,-1,
		 94, 93, 109, 110,-1,
		 110, 109, 93, 94,-1,
		 95, 94, 110, 111,-1,
		 111, 110, 94, 95,-1,
		 96, 95, 111, 112,-1,
		 112, 111, 95, 96,-1,
		 97, 112, 128, 113,-1,
		 113, 128, 112, 97,-1,
		 98, 97, 113, 114,-1,
		 114, 113, 97, 98,-1,
		 99, 98, 114, 115,-1,
		 115, 114, 98, 99,-1,
		 100, 99, 115, 116,-1,
		 116, 115, 99, 100,-1,
		 101, 100, 116, 117,-1,
		 117, 116, 100, 101,-1,
		 102, 101, 117, 118,-1,
		 118, 117, 101, 102,-1,
		 103, 102, 118, 119,-1,
		 119, 118, 102, 103,-1,
		 104, 103, 119, 120,-1,
		 120, 119, 103, 104,-1,
		 105, 104, 120, 121,-1,
		 121, 120, 104, 105,-1,
		 106, 105, 121, 122,-1,
		 122, 121, 105, 106,-1,
		 107, 106, 122, 123,-1,
		 123, 122, 106, 107,-1,
		 108, 107, 123, 124,-1,
		 124, 123, 107, 108,-1,
		 109, 108, 124, 125,-1,
		 125, 124, 108, 109,-1,
		 110, 109, 125, 126,-1,
		 126, 125, 109, 110,-1,
		 111, 110, 126, 127,-1,
		 127, 126, 110, 111,-1,
		 112, 111, 127, 128,-1,
		 128, 127, 111, 112,-1,
		 113, 128, 144, 129,-1,
		 129, 144, 128, 113,-1,
		 114, 113, 129, 130,-1,
		 130, 129, 113, 114,-1,
		 115, 114, 130, 131,-1,
		 131, 130, 114, 115,-1,
		 116, 115, 131, 132,-1,
		 132, 131, 115, 116,-1,
		 117, 116, 132, 133,-1,
		 133, 132, 116, 117,-1,
		 118, 117, 133, 134,-1,
		 134, 133, 117, 118,-1,
		 119, 118, 134, 135,-1,
		 135, 134, 118, 119,-1,
		 120, 119, 135, 136,-1,
		 136, 135, 119, 120,-1,
		 121, 120, 136, 137,-1,
		 137, 136, 120, 121,-1,
		 122, 121, 137, 138,-1,
		 138, 137, 121, 122,-1,
		 123, 122, 138, 139,-1,
		 139, 138, 122, 123,-1,
		 124, 123, 139, 140,-1,
		 140, 139, 123, 124,-1,
		 125, 124, 140, 141,-1,
		 141, 140, 124, 125,-1,
		 126, 125, 141, 142,-1,
		 142, 141, 125, 126,-1,
		 127, 126, 142, 143,-1,
		 143, 142, 126, 127,-1,
		 128, 127, 143, 144,-1,
		 144, 143, 127, 128,-1,
		 129, 144, 145,-1,
		 145, 144, 129,-1,
		 130, 129, 145,-1,
		 145, 129, 130,-1,
		 131, 130, 145,-1,
		 145, 130, 131,-1,
		 132, 131, 145,-1,
		 145, 131, 132,-1,
		 133, 132, 145,-1,
		 145, 132, 133,-1,
		 134, 133, 145,-1,
		 145, 133, 134,-1,
		 135, 134, 145,-1,
		 145, 134, 135,-1,
		 136, 135, 145,-1,
		 145, 135, 136,-1,
		 137, 136, 145,-1,
		 145, 136, 137,-1,
		 138, 137, 145,-1,
		 145, 137, 138,-1,
		 139, 138, 145,-1,
		 145, 138, 139,-1,
		 140, 139, 145,-1,
		 145, 139, 140,-1,
		 141, 140, 145,-1,
		 145, 140, 141,-1,
		 142, 141, 145,-1,
		 145, 141, 142,-1,
		 143, 142, 145,-1,
		 145, 142, 143,-1,
		 144, 143, 145,-1,
		 145, 143, 144,-1,
		]
	} #IndexedFaceSet
} #Polyhedron
Separator { #Polyhedron
	DEF COORD208 Coordinate3 {
		point [
		 0.2921 2.2987 5.4864,
		 0.2921 2.2987 5.3594,
		 0.5334 2.2987 5.3594,
		 0.5334 2.2987 5.4864,
		 0.2921 2.2098 5.4864,
		 0.2921 2.2098 5.3594,
		 0.5334 2.2098 5.3594,
		 0.5334 2.2098 5.4864
		]
	} #Coordinate3
	Material {
		ambientColor      0.1176 0.1176 0.1176  #ambientColor
		diffuseColor      0.4706 0.4706 0.4706  #diffuseColor
		transparency      0.0000                #transparency
	} #Material

	IndexedFaceSet {
		coordIndex [ 
		 0, 1, 2, 3,-1,
		 3, 2, 1, 0,-1,
		 0, 3, 7, 4,-1,
		 4, 7, 3, 0,-1,
		 1, 0, 4, 5,-1,
		 5, 4, 0, 1,-1,
		 2, 1, 5, 6,-1,
		 6, 5, 1, 2,-1,
		 3, 2, 6, 7,-1,
		 7, 6, 2, 3,-1,
		 7, 6, 5, 4,-1,
		 4, 5, 6, 7,-1,
		]
	} #IndexedFaceSet
} #Polyhedron
Separator { #Polyhedron
	DEF COORD209 Coordinate3 {
		point [
		 0.0984 2.2352 5.2666,
		 0.1071 2.2352 5.2427,
		 0.5235 2.2352 5.3943,
		 0.5148 2.2352 5.4181,
		 0.0984 2.2098 5.2666,
		 0.1071 2.2098 5.2427,
		 0.5235 2.2098 5.3943,
		 0.5148 2.2098 5.4181
		]
	} #Coordinate3
	Material {
		ambientColor      0.2500 0.2500 0.0000  #ambientColor
		diffuseColor      1.0000 1.0000 0.0000  #diffuseColor
		transparency      0.0000                #transparency
	} #Material

	IndexedFaceSet {
		coordIndex [ 
		 0, 1, 2, 3,-1,
		 3, 2, 1, 0,-1,
		 0, 3, 7, 4,-1,
		 4, 7, 3, 0,-1,
		 1, 0, 4, 5,-1,
		 5, 4, 0, 1,-1,
		 2, 1, 5, 6,-1,
		 6, 5, 1, 2,-1,
		 3, 2, 6, 7,-1,
		 7, 6, 2, 3,-1,
		 7, 6, 5, 4,-1,
		 4, 5, 6, 7,-1,
		]
	} #IndexedFaceSet
} #Polyhedron
Separator { #Polyhedron
	DEF COORD210 Coordinate3 {
		point [
		 0.0750 2.1844 5.2900,
		 0.0794 2.1844 5.2649,
		 0.5314 2.1844 5.3446,
		 0.5269 2.1844 5.3696,
		 0.0750 2.1590 5.2900,
		 0.0794 2.1590 5.2649,
		 0.5314 2.1590 5.3446,
		 0.5269 2.1590 5.3696
		]
	} #Coordinate3
	Material {
		ambientColor      0.2500 0.2500 0.0000  #ambientColor
		diffuseColor      1.0000 1.0000 0.0000  #diffuseColor
		transparency      0.0000                #transparency
	} #Material

	IndexedFaceSet {
		coordIndex [ 
		 0, 1, 2, 3,-1,
		 3, 2, 1, 0,-1,
		 0, 3, 7, 4,-1,
		 4, 7, 3, 0,-1,
		 1, 0, 4, 5,-1,
		 5, 4, 0, 1,-1,
		 2, 1, 5, 6,-1,
		 6, 5, 1, 2,-1,
		 3, 2, 6, 7,-1,
		 7, 6, 2, 3,-1,
		 7, 6, 5, 4,-1,
		 4, 5, 6, 7,-1,
		]
	} #IndexedFaceSet
} #Polyhedron
Separator { #Polyhedron
	DEF COORD211 Coordinate3 {
		point [
		 0.2921 2.1590 5.4356,
		 0.2921 2.1590 5.3594,
		 0.5334 2.1590 5.3594,
		 0.5334 2.1590 5.4356,
		 0.2921 2.1336 5.4356,
		 0.2921 2.1336 5.3594,
		 0.5334 2.1336 5.3594,
		 0.5334 2.1336 5.4356
		]
	} #Coordinate3
	Material {
		ambientColor      0.1176 0.1176 0.1176  #ambientColor
		diffuseColor      0.4706 0.4706 0.4706  #diffuseColor
		transparency      0.0000                #transparency
	} #Material

	IndexedFaceSet {
		coordIndex [ 
		 0, 1, 2, 3,-1,
		 3, 2, 1, 0,-1,
		 0, 3, 7, 4,-1,
		 4, 7, 3, 0,-1,
		 1, 0, 4, 5,-1,
		 5, 4, 0, 1,-1,
		 2, 1, 5, 6,-1,
		 6, 5, 1, 2,-1,
		 3, 2, 6, 7,-1,
		 7, 6, 2, 3,-1,
		 7, 6, 5, 4,-1,
		 4, 5, 6, 7,-1,
		]
	} #IndexedFaceSet
} #Polyhedron
}
